match_id,sezon,kolejka,gospodarz,gosc,faule_gosp_rzecz,faule_gosc_rzecz,suma_rzecz,lambda_home,lambda_away,lambda_suma,alpha,fit_success,fit_fun,coef_b_home,coef_b_away,coef_w_for,coef_w_against,coef_w_total,p_sum_0,p_sum_1,p_sum_2,p_sum_3,p_sum_4,p_sum_5,p_sum_6,p_sum_7,p_sum_8,p_sum_9,p_sum_10,p_sum_11,p_sum_12,p_sum_13,p_sum_14,p_sum_15,p_sum_16,p_sum_17,p_sum_18,p_sum_19,p_sum_20,p_sum_21,p_sum_22,p_sum_23,p_sum_24,p_sum_25,p_sum_26,p_sum_27,p_sum_28,p_sum_29,p_sum_30,p_sum_31,p_sum_32,p_sum_33,p_sum_34,p_sum_35,p_sum_36,p_sum_37,p_sum_38,p_sum_39,p_sum_40,p_sum_41,p_sum_42,p_sum_43,p_sum_44,p_sum_45,p_sum_46_plus,p_over_15_5,p_under_15_5,over_15_5_rzecz,ll_over_15_5,p_over_16_5,p_under_16_5,over_16_5_rzecz,ll_over_16_5,p_over_17_5,p_under_17_5,over_17_5_rzecz,ll_over_17_5,p_over_18_5,p_under_18_5,over_18_5_rzecz,ll_over_18_5,p_over_19_5,p_under_19_5,over_19_5_rzecz,ll_over_19_5,p_over_20_5,p_under_20_5,over_20_5_rzecz,ll_over_20_5,p_over_21_5,p_under_21_5,over_21_5_rzecz,ll_over_21_5,p_over_22_5,p_under_22_5,over_22_5_rzecz,ll_over_22_5,p_over_23_5,p_under_23_5,over_23_5_rzecz,ll_over_23_5,p_over_24_5,p_under_24_5,over_24_5_rzecz,ll_over_24_5,p_over_25_5,p_under_25_5,over_25_5_rzecz,ll_over_25_5,p_over_26_5,p_under_26_5,over_26_5_rzecz,ll_over_26_5,p_over_27_5,p_under_27_5,over_27_5_rzecz,ll_over_27_5,p_over_28_5,p_under_28_5,over_28_5_rzecz,ll_over_28_5,p_over_29_5,p_under_29_5,over_29_5_rzecz,ll_over_29_5,p_over_30_5,p_under_30_5,over_30_5_rzecz,ll_over_30_5,p_over_31_5,p_under_31_5,over_31_5_rzecz,ll_over_31_5,p_over_32_5,p_under_32_5,over_32_5_rzecz,ll_over_32_5,p_over_33_5,p_under_33_5,over_33_5_rzecz,ll_over_33_5,p_home_0,p_home_1,p_home_2,p_home_3,p_home_4,p_home_5,p_home_6,p_home_7,p_home_8,p_home_9,p_home_10,p_home_11,p_home_12,p_home_13,p_home_14,p_home_15,p_home_16,p_home_17,p_home_18,p_home_19,p_home_20,p_home_21,p_home_22,p_home_23_plus,p_away_0,p_away_1,p_away_2,p_away_3,p_away_4,p_away_5,p_away_6,p_away_7,p_away_8,p_away_9,p_away_10,p_away_11,p_away_12,p_away_13,p_away_14,p_away_15,p_away_16,p_away_17,p_away_18,p_away_19,p_away_20,p_away_21,p_away_22,p_away_23_plus,home_p_over_4_5,home_p_under_4_5,home_p_over_5_5,home_p_under_5_5,home_p_over_6_5,home_p_under_6_5,home_p_over_7_5,home_p_under_7_5,home_p_over_8_5,home_p_under_8_5,home_p_over_9_5,home_p_under_9_5,home_p_over_10_5,home_p_under_10_5,home_p_over_11_5,home_p_under_11_5,home_p_over_12_5,home_p_under_12_5,home_p_over_13_5,home_p_under_13_5,home_p_over_14_5,home_p_under_14_5,home_p_over_15_5,home_p_under_15_5,home_p_over_16_5,home_p_under_16_5,home_p_over_17_5,home_p_under_17_5,home_p_over_18_5,home_p_under_18_5,away_p_over_4_5,away_p_under_4_5,away_p_over_5_5,away_p_under_5_5,away_p_over_6_5,away_p_under_6_5,away_p_over_7_5,away_p_under_7_5,away_p_over_8_5,away_p_under_8_5,away_p_over_9_5,away_p_under_9_5,away_p_over_10_5,away_p_under_10_5,away_p_over_11_5,away_p_under_11_5,away_p_over_12_5,away_p_under_12_5,away_p_over_13_5,away_p_under_13_5,away_p_over_14_5,away_p_under_14_5,away_p_over_15_5,away_p_under_15_5,away_p_over_16_5,away_p_under_16_5,away_p_over_17_5,away_p_under_17_5,away_p_over_18_5,away_p_under_18_5,home_over_4_5_rzecz,home_ll_over_4_5,away_over_4_5_rzecz,away_ll_over_4_5,home_over_5_5_rzecz,home_ll_over_5_5,away_over_5_5_rzecz,away_ll_over_5_5,home_over_6_5_rzecz,home_ll_over_6_5,away_over_6_5_rzecz,away_ll_over_6_5,home_over_7_5_rzecz,home_ll_over_7_5,away_over_7_5_rzecz,away_ll_over_7_5,home_over_8_5_rzecz,home_ll_over_8_5,away_over_8_5_rzecz,away_ll_over_8_5,home_over_9_5_rzecz,home_ll_over_9_5,away_over_9_5_rzecz,away_ll_over_9_5,home_over_10_5_rzecz,home_ll_over_10_5,away_over_10_5_rzecz,away_ll_over_10_5,home_over_11_5_rzecz,home_ll_over_11_5,away_over_11_5_rzecz,away_ll_over_11_5,home_over_12_5_rzecz,home_ll_over_12_5,away_over_12_5_rzecz,away_ll_over_12_5,home_over_13_5_rzecz,home_ll_over_13_5,away_over_13_5_rzecz,away_ll_over_13_5,home_over_14_5_rzecz,home_ll_over_14_5,away_over_14_5_rzecz,away_ll_over_14_5,home_over_15_5_rzecz,home_ll_over_15_5,away_over_15_5_rzecz,away_ll_over_15_5,home_over_16_5_rzecz,home_ll_over_16_5,away_over_16_5_rzecz,away_ll_over_16_5,home_over_17_5_rzecz,home_ll_over_17_5,away_over_17_5_rzecz,away_ll_over_17_5,home_over_18_5_rzecz,home_ll_over_18_5,away_over_18_5_rzecz,away_ll_over_18_5
2344,2025/26,1,Jagiellonia Białystok,Bruk-Bet Termalica Nieciecza,7.0,10.0,17.0,12.3011,12.744,25.0451,0.009849,1,3336.6869,0.3164,0.3165,0.1966,0.3587,0.3028,0.0,0.0,0.0,0.0,1e-06,3e-06,1e-05,3.3e-05,9.6e-05,0.000247,0.000576,0.001225,0.002399,0.004358,0.007385,0.011733,0.017557,0.02484,0.033343,0.042594,0.051925,0.060557,0.067716,0.072753,0.07524,0.075031,0.072261,0.06731,0.060722,0.053121,0.045116,0.037242,0.029909,0.023391,0.017832,0.013261,0.009628,0.00683,0.004738,0.003215,0.002136,0.001391,0.000887,0.000555,0.000341,0.000206,0.000283,0.971932,0.028068,1,0.028469,0.954375,0.045625,1,0.046699,0.929535,0.070465,0,2.652636,0.896191,0.103809,0,2.265206,0.853597,0.146403,0,1.921393,0.801672,0.198328,0,1.617834,0.741115,0.258885,0,1.351371,0.673399,0.326601,0,1.119015,0.600646,0.399354,0,0.917907,0.525406,0.474594,0,0.745295,0.450375,0.549625,0,0.598519,0.378114,0.621886,0,0.474999,0.310805,0.689195,0,0.372231,0.250083,0.749917,0,0.287792,0.196962,0.803038,0,0.219353,0.151845,0.848155,0,0.164692,0.114604,0.885396,0,0.12172,0.084695,0.915305,0,0.088498,0.061303,0.938697,0,0.063263,9e-06,9.9e-05,0.000551,0.002055,0.005803,0.013235,0.025393,0.042154,0.061799,0.081274,0.097077,0.106365,0.107788,0.101723,0.089928,0.074848,0.058909,0.044011,0.031318,0.021292,0.013866,0.008672,0.005219,0.006591,6e-06,6.9e-05,0.000396,0.001522,0.004437,0.010444,0.02068,0.035427,0.053598,0.072745,0.089668,0.10139,0.106033,0.103269,0.094214,0.080924,0.065729,0.050677,0.037216,0.02611,0.017548,0.011325,0.007034,0.009496,0.99146,0.00854,0.978226,0.021774,0.952832,0.047168,0.910679,0.089321,0.84888,0.15112,0.767606,0.232394,0.670529,0.329471,0.564164,0.435836,0.456376,0.543624,0.354654,0.645346,0.264726,0.735274,0.189878,0.810122,0.130969,0.869031,0.086958,0.913042,0.05564,0.94436,0.993528,0.006472,0.983084,0.016916,0.962404,0.037596,0.926977,0.073023,0.873379,0.126621,0.800635,0.199365,0.710966,0.289034,0.609576,0.390424,0.503543,0.496457,0.400274,0.599726,0.30606,0.69394,0.225135,0.774865,0.159407,0.840593,0.108729,0.891271,0.071514,0.928486,1,0.008577,1,0.006493,1,0.022015,1,0.017061,1,0.048317,1,0.038321,0,2.415519,1,0.075827,0,1.889681,1,0.135386,0,1.459321,1,0.22235,0,1.110267,0,1.241211,0,0.830489,0,0.940522,0,0.609497,0,0.700258,0,0.437969,0,0.511282,0,0.307512,0,0.36537,0,0.21057,0,0.255066,0,0.140376,0,0.173648,0,0.090973,0,0.115107,0,0.057248,0,0.0742
2345,2025/26,1,Lech Poznań,Cracovia,10.0,12.0,22.0,10.8192,9.7701,20.5892,0.009849,1,3336.6869,0.3164,0.3165,0.1966,0.3587,0.3028,0.0,0.0,1e-06,3e-06,1.6e-05,6.1e-05,0.000194,0.000534,0.00129,0.002785,0.005436,0.009692,0.015914,0.024234,0.034428,0.045861,0.057537,0.068252,0.076814,0.082273,0.084094,0.082231,0.077099,0.069454,0.060227,0.05036,0.040668,0.031764,0.024028,0.017626,0.012553,0.008689,0.005851,0.003837,0.002453,0.00153,0.000931,0.000554,0.000322,0.000183,0.000102,5.6e-05,3e-05,1.6e-05,8e-06,4e-06,4e-06,0.859551,0.140449,1,0.151346,0.802013,0.197987,1,0.22063,0.733761,0.266239,1,0.309572,0.656947,0.343053,1,0.420152,0.574674,0.425326,1,0.553952,0.49058,0.50942,1,0.712166,0.40835,0.59165,1,0.895632,0.33125,0.66875,0,0.402345,0.261796,0.738204,0,0.303535,0.201569,0.798431,0,0.225106,0.151209,0.848791,0,0.163942,0.110541,0.889459,0,0.117142,0.078778,0.921222,0,0.082054,0.05475,0.94525,0,0.056305,0.037124,0.962876,0,0.037831,0.024571,0.975429,0,0.024878,0.015883,0.984117,0,0.01601,0.010031,0.989969,0,0.010082,0.006194,0.993806,0,0.006213,3.4e-05,0.000335,0.001655,0.0055,0.013842,0.028134,0.048103,0.071159,0.092965,0.108952,0.115968,0.113231,0.102253,0.085994,0.067746,0.050247,0.035242,0.023463,0.014879,0.009014,0.005231,0.002915,0.001564,0.001571,8.9e-05,0.000792,0.003565,0.010799,0.024774,0.045898,0.071536,0.096462,0.114874,0.12272,0.119069,0.105975,0.087235,0.066875,0.048024,0.032469,0.020758,0.012598,0.007282,0.004021,0.002127,0.001081,0.000528,0.000448,0.978631,0.021369,0.950497,0.049503,0.902394,0.097606,0.831234,0.168766,0.738269,0.261731,0.629318,0.370682,0.513349,0.486651,0.400119,0.599881,0.297866,0.702134,0.211871,0.788129,0.144125,0.855875,0.093878,0.906122,0.058636,0.941364,0.035174,0.964826,0.020295,0.979705,0.959981,0.040019,0.914082,0.085918,0.842547,0.157453,0.746084,0.253916,0.63121,0.36879,0.50849,0.49151,0.389421,0.610579,0.283446,0.716554,0.196211,0.803789,0.129336,0.870664,0.081312,0.918688,0.048843,0.951157,0.028086,0.971914,0.015488,0.984512,0.008206,0.991794,1,0.021601,1,0.040842,1,0.05077,1,0.089835,1,0.102704,1,0.171326,1,0.184844,1,0.292917,1,0.303447,1,0.460117,1,0.463119,1,0.67631,0,0.720208,1,0.943094,0,0.511024,1,1.260734,0,0.353631,0,0.218418,0,0.238093,0,0.138499,0,0.155631,0,0.084809,0,0.098581,0,0.050076,0,0.060425,0,0.028488,0,0.035808,0,0.015609,0,0.020504,0,0.00824
2346,2025/26,1,Widzew Łódź,Zagłębie Lubin,8.0,20.0,28.0,12.2032,11.5471,23.7503,0.009849,1,3336.6869,0.3164,0.3165,0.1966,0.3587,0.3028,0.0,0.0,0.0,0.0,2e-06,7e-06,2.4e-05,7.6e-05,0.000209,0.000513,0.00114,0.002311,0.004317,0.007478,0.012085,0.018312,0.026132,0.035261,0.04514,0.054994,0.063937,0.071114,0.075841,0.07771,0.076647,0.072896,0.066955,0.059481,0.051177,0.042698,0.034586,0.027228,0.020855,0.015556,0.01131,0.008022,0.005555,0.003758,0.002486,0.001609,0.00102,0.000633,0.000385,0.00023,0.000135,7.7e-05,9.6e-05,0.953526,0.046474,1,0.047589,0.927393,0.072607,1,0.075378,0.892132,0.107868,1,0.114141,0.846993,0.153007,1,0.166063,0.791999,0.208001,1,0.233195,0.728062,0.271938,1,0.317369,0.656947,0.343053,1,0.420152,0.581107,0.418893,1,0.542821,0.503397,0.496603,1,0.686377,0.42675,0.57325,1,0.851558,0.353854,0.646146,1,1.038871,0.286899,0.713101,1,1.248626,0.227417,0.772583,1,1.480968,0.176241,0.823759,0,0.193877,0.133542,0.866458,0,0.143342,0.098956,0.901044,0,0.104201,0.071728,0.928272,0,0.07443,0.050872,0.949128,0,0.052212,0.035317,0.964683,0,0.035955,1e-05,0.000108,0.000593,0.002195,0.006154,0.013937,0.026551,0.043762,0.063701,0.083181,0.098648,0.107319,0.107981,0.101182,0.088814,0.073396,0.057355,0.042546,0.030061,0.020291,0.013121,0.008147,0.004869,0.006058,1.8e-05,0.000185,0.000966,0.003404,0.009085,0.019581,0.035502,0.055691,0.077151,0.095881,0.108221,0.112049,0.107299,0.095689,0.079937,0.062871,0.046759,0.033011,0.022198,0.014261,0.008776,0.005186,0.00295,0.00332,0.990921,0.009079,0.976983,0.023017,0.950433,0.049567,0.90667,0.09333,0.84297,0.15703,0.759789,0.240211,0.661141,0.338859,0.553822,0.446178,0.44584,0.55416,0.344658,0.655342,0.255845,0.744155,0.182449,0.817551,0.125094,0.874906,0.082547,0.917453,0.052487,0.947513,0.986335,0.013665,0.966754,0.033246,0.931251,0.068749,0.87556,0.12444,0.798409,0.201591,0.702528,0.297472,0.594307,0.405693,0.482258,0.517742,0.374959,0.625041,0.27927,0.72073,0.199333,0.800667,0.136462,0.863538,0.089703,0.910297,0.056691,0.943309,0.034493,0.965507,1,0.00912,1,0.013759,1,0.023286,1,0.033811,1,0.050838,1,0.071226,1,0.097977,1,0.132892,0,1.851318,1,0.225134,0,1.426238,1,0.35307,0,1.082171,1,0.520359,0,0.807037,1,0.729276,0,0.590302,1,0.980939,0,0.422598,1,1.275576,0,0.295506,1,1.612778,0,0.201442,1,1.991709,0,0.133639,1,2.411251,0,0.086154,1,2.87014,0,0.053915,1,3.366999
2347,2025/26,1,Wisła Płock,Korona Kielce,12.0,13.0,25.0,12.9825,12.1368,25.1193,0.009849,1,3336.6869,0.3164,0.3165,0.1966,0.3587,0.3028,0.0,0.0,0.0,0.0,1e-06,3e-06,1e-05,3.2e-05,9.2e-05,0.000237,0.000554,0.001181,0.002319,0.004223,0.007174,0.011428,0.017145,0.024319,0.032729,0.041919,0.051236,0.05991,0.067168,0.072353,0.075023,0.075011,0.072432,0.067647,0.061188,0.05367,0.045703,0.037826,0.030459,0.023885,0.018256,0.013613,0.00991,0.007049,0.004903,0.003336,0.002223,0.001451,0.000928,0.000582,0.000358,0.000217,0.0003,0.972748,0.027252,1,0.02763,0.955603,0.044397,1,0.045412,0.931284,0.068716,1,0.071191,0.898555,0.101445,1,0.106968,0.856635,0.143365,1,0.154743,0.8054,0.1946,1,0.216416,0.74549,0.25451,1,0.293713,0.678323,0.321677,1,0.388132,0.60597,0.39403,1,0.500925,0.530946,0.469054,1,0.633094,0.455935,0.544065,0,0.608687,0.383503,0.616497,0,0.483702,0.315856,0.684144,0,0.379587,0.254668,0.745332,0,0.293926,0.200998,0.799002,0,0.224392,0.155295,0.844705,0,0.168768,0.117469,0.882531,0,0.124961,0.08701,0.91299,0,0.091031,0.063126,0.936874,0,0.065206,5e-06,5.7e-05,0.000331,0.001294,0.003835,0.009176,0.018471,0.032168,0.049476,0.068264,0.085542,0.098329,0.104538,0.103502,0.095994,0.083821,0.069211,0.054248,0.040499,0.028885,0.019735,0.012948,0.008176,0.011436,1e-05,0.000114,0.000623,0.002295,0.006404,0.014433,0.027361,0.044878,0.065008,0.084475,0.099697,0.107932,0.108071,0.100774,0.088025,0.072391,0.056295,0.041557,0.029219,0.019627,0.01263,0.007804,0.004641,0.005717,0.994421,0.005579,0.985245,0.014755,0.966774,0.033226,0.934605,0.065395,0.885129,0.114871,0.816865,0.183135,0.731323,0.268677,0.632994,0.367006,0.528456,0.471544,0.424954,0.575046,0.32896,0.67104,0.245138,0.754862,0.175927,0.824073,0.121679,0.878321,0.081181,0.918819,0.990535,0.009465,0.976103,0.023897,0.948742,0.051258,0.903863,0.096137,0.838855,0.161145,0.75438,0.24562,0.654683,0.345317,0.546751,0.453249,0.43868,0.56132,0.337906,0.662094,0.249881,0.750119,0.17749,0.82251,0.121195,0.878805,0.079638,0.920362,0.050419,0.949581,1,0.005595,1,0.00951,1,0.014865,1,0.024187,1,0.033791,1,0.052618,1,0.067631,1,0.101077,1,0.122022,1,0.175717,1,0.202281,1,0.281859,1,0.3129,1,0.423604,1,0.457294,1,0.603762,0,0.751743,1,0.823985,0,0.553305,0,0.412348,0,0.398927,0,0.287523,0,0.28122,0,0.195395,0,0.193496,0,0.129192,0,0.129743,0,0.082988,0,0.084666,0,0.051734
2348,2025/26,1,GKS Katowice,Raków Częstochowa,7.0,14.0,21.0,10.98,10.7138,21.6938,0.009849,1,3336.6869,0.3164,0.3165,0.1966,0.3587,0.3028,0.0,0.0,0.0,1e-06,7e-06,2.8e-05,9.5e-05,0.000273,0.000692,0.001567,0.003207,0.005996,0.010324,0.016485,0.024557,0.034299,0.04512,0.056118,0.066222,0.074368,0.079699,0.081712,0.080325,0.075867,0.068975,0.060467,0.051195,0.041922,0.033247,0.025569,0.019091,0.013853,0.00978,0.006724,0.004506,0.002946,0.00188,0.001173,0.000715,0.000427,0.000249,0.000143,8e-05,4.4e-05,2.4e-05,1.3e-05,1.3e-05,0.902468,0.097532,1,0.102622,0.857348,0.142652,1,0.153911,0.80123,0.19877,1,0.221608,0.735008,0.264992,1,0.307874,0.66064,0.33936,1,0.414547,0.580941,0.419059,1,0.543107,0.499229,0.500771,0,0.691606,0.418904,0.581096,0,0.542839,0.343037,0.656963,0,0.420127,0.274062,0.725938,0,0.32029,0.213594,0.786406,0,0.240282,0.162399,0.837601,0,0.177214,0.120477,0.879523,0,0.128376,0.08723,0.91277,0,0.091272,0.061662,0.938338,0,0.063645,0.042571,0.957429,0,0.043504,0.028718,0.971282,0,0.029138,0.018937,0.981063,0,0.019119,0.012213,0.987787,0,0.012288,3e-05,0.000294,0.00147,0.004951,0.012626,0.026007,0.045064,0.067557,0.089442,0.106229,0.114587,0.113383,0.103763,0.088435,0.070603,0.053069,0.03772,0.025449,0.016355,0.010041,0.005905,0.003335,0.001813,0.001868,3.8e-05,0.000366,0.001789,0.005892,0.014696,0.029607,0.050176,0.073572,0.095269,0.110669,0.116758,0.112997,0.101143,0.084311,0.065835,0.048399,0.033646,0.022203,0.013956,0.00838,0.004821,0.002663,0.001416,0.001399,0.980626,0.019374,0.954619,0.045381,0.909555,0.090445,0.841998,0.158002,0.752556,0.247444,0.646327,0.353673,0.53174,0.46826,0.418357,0.581643,0.314594,0.685406,0.226159,0.773841,0.155556,0.844444,0.102487,0.897513,0.064767,0.935233,0.039318,0.960682,0.022963,0.977037,0.977218,0.022782,0.947611,0.052389,0.897435,0.102565,0.823863,0.176137,0.728594,0.271406,0.617926,0.382074,0.501168,0.498832,0.388171,0.611829,0.287028,0.712972,0.202718,0.797282,0.136883,0.863117,0.088484,0.911516,0.054837,0.945163,0.032634,0.967366,0.018678,0.981322,1,0.019564,1,0.023046,1,0.046443,1,0.053811,1,0.0948,1,0.108215,0,1.845148,1,0.193751,0,1.396571,1,0.316639,0,1.039383,1,0.481387,0,0.758732,1,0.690814,0,0.541898,1,0.946309,0,0.377744,1,1.248176,0,0.256389,1,1.595939,0,0.169077,0,0.147205,0,0.108128,0,0.092646,0,0.06696,0,0.056398,0,0.040112,0,0.033178,0,0.023231,0,0.018855
2349,2025/26,1,Górnik Zabrze,Lechia Gdańsk,8.0,10.0,18.0,10.7373,11.2822,22.0195,0.009849,1,3336.6869,0.3164,0.3165,0.1966,0.3587,0.3028,0.0,0.0,0.0,1e-06,6e-06,2.3e-05,7.7e-05,0.000224,0.000575,0.001318,0.002735,0.005182,0.009043,0.014634,0.022094,0.031277,0.041701,0.052569,0.062873,0.071563,0.077732,0.080774,0.080479,0.077042,0.070992,0.063079,0.05413,0.044926,0.036112,0.028149,0.021302,0.015668,0.011211,0.007813,0.005307,0.003516,0.002275,0.001438,0.000889,0.000537,0.000318,0.000185,0.000105,5.8e-05,3.2e-05,1.7e-05,1.9e-05,0.912813,0.087187,1,0.091224,0.871111,0.128889,1,0.137985,0.818542,0.181458,1,0.20023,0.755669,0.244331,0,1.409232,0.684106,0.315894,0,1.152348,0.606374,0.393626,0,0.932354,0.5256,0.4744,0,0.745704,0.445121,0.554879,0,0.589005,0.368079,0.631921,0,0.458991,0.297087,0.702913,0,0.352522,0.234007,0.765993,0,0.266583,0.179878,0.820122,0,0.198302,0.134952,0.865048,0,0.14497,0.098839,0.901161,0,0.104072,0.07069,0.92931,0,0.073313,0.049388,0.950612,0,0.05065,0.033721,0.966279,0,0.034302,0.022509,0.977491,0,0.022766,0.014696,0.985304,0,0.014806,3.7e-05,0.000359,0.001758,0.005802,0.014502,0.029273,0.049708,0.073031,0.094756,0.110291,0.11659,0.113058,0.101398,0.084692,0.066263,0.048811,0.034,0.022481,0.014158,0.008519,0.00491,0.002718,0.001448,0.001436,2.3e-05,0.000229,0.001176,0.004058,0.010605,0.022385,0.039747,0.061063,0.082847,0.100834,0.111461,0.113022,0.105995,0.092574,0.075739,0.058339,0.042493,0.02938,0.019348,0.012173,0.007337,0.004246,0.002365,0.002555,0.977541,0.022459,0.948268,0.051732,0.898559,0.101441,0.825529,0.174471,0.730773,0.269227,0.620482,0.379518,0.503892,0.496108,0.390834,0.609166,0.289435,0.710565,0.204744,0.795256,0.13848,0.86152,0.089669,0.910331,0.055669,0.944331,0.033188,0.966812,0.01903,0.98097,0.983905,0.016095,0.96152,0.03848,0.921773,0.078227,0.86071,0.13929,0.777862,0.222138,0.677029,0.322971,0.565567,0.434433,0.452546,0.547454,0.346551,0.653449,0.253976,0.746024,0.178237,0.821763,0.119898,0.880102,0.077405,0.922595,0.048025,0.951975,0.028677,0.971323,1,0.022715,1,0.016226,1,0.053118,1,0.03924,1,0.106963,1,0.081456,1,0.191731,1,0.149998,0,1.3122,1,0.251206,0,0.968853,1,0.390041,0,0.700962,0,0.833714,0,0.495664,0,0.602477,0,0.341695,0,0.425491,0,0.229091,0,0.292998,0,0.149057,0,0.196303,0,0.093947,0,0.127717,0,0.057279,0,0.080565,0,0.033751,0,0.049217,0,0.019213,0,0.029096
2350,2025/26,1,Motor Lublin,Arka Gdynia,14.0,11.0,25.0,12.8256,11.8871,24.7127,0.009849,1,3336.6869,0.3164,0.3165,0.1966,0.3587,0.3028,0.0,0.0,0.0,0.0,1e-06,3e-06,1.3e-05,4.1e-05,0.000118,0.000299,0.000688,0.001446,0.002798,0.005022,0.008408,0.013199,0.019517,0.027285,0.03619,0.045682,0.055029,0.063417,0.070074,0.074394,0.076027,0.074918,0.071298,0.065628,0.058505,0.050576,0.042448,0.034625,0.027479,0.021238,0.015999,0.011758,0.008436,0.005914,0.004054,0.002719,0.001785,0.001148,0.000724,0.000448,0.000272,0.000162,0.000217,0.967965,0.032035,1,0.03256,0.948448,0.051552,1,0.052928,0.921163,0.078837,1,0.082118,0.884973,0.115027,1,0.122198,0.839291,0.160709,1,0.175198,0.784261,0.215739,1,0.243013,0.720844,0.279156,1,0.327332,0.650771,0.349229,1,0.429598,0.576376,0.423624,1,0.550994,0.50035,0.49965,1,0.692448,0.425432,0.574568,0,0.554137,0.354134,0.645866,0,0.437163,0.288506,0.711494,0,0.340389,0.230001,0.769999,0,0.261367,0.179425,0.820575,0,0.19775,0.136977,0.863023,0,0.147314,0.102352,0.897648,0,0.107977,0.074873,0.925127,0,0.077824,0.053636,0.946364,0,0.055128,6e-06,6.5e-05,0.000372,0.00144,0.004222,0.009993,0.019899,0.034284,0.052164,0.0712,0.088264,0.10037,0.105563,0.103395,0.094866,0.081947,0.066938,0.051903,0.038332,0.027046,0.018281,0.011865,0.007412,0.010128,1.3e-05,0.00014,0.00075,0.002714,0.007433,0.016442,0.030596,0.04926,0.070041,0.089339,0.103495,0.109981,0.108094,0.098939,0.084831,0.068479,0.052272,0.037876,0.026141,0.017236,0.010887,0.006603,0.003855,0.004571,0.993849,0.006151,0.983856,0.016144,0.963957,0.036043,0.929673,0.070327,0.877509,0.122491,0.806308,0.193692,0.718044,0.281956,0.617675,0.382325,0.512112,0.487888,0.408717,0.591283,0.313852,0.686148,0.231905,0.768095,0.164967,0.835033,0.113064,0.886936,0.074732,0.925268,0.988938,0.011062,0.972496,0.027504,0.9419,0.0581,0.89264,0.10736,0.822599,0.177401,0.733259,0.266741,0.629764,0.370236,0.519783,0.480217,0.41169,0.58831,0.312751,0.687249,0.22792,0.77208,0.159441,0.840559,0.107169,0.892831,0.069293,0.930707,0.043152,0.956848,1,0.00617,1,0.011124,1,0.016276,1,0.027889,1,0.036709,1,0.059856,1,0.072922,1,0.113572,1,0.130668,1,0.195286,1,0.215289,1,0.310256,1,0.331224,1,0.46241,1,0.481793,0,0.733517,1,0.669212,0,0.530501,1,0.894732,0,0.375059,0,0.376662,0,0.258667,0,0.263842,0,0.173688,0,0.180284,0,0.113358,0,0.119982,0,0.071811,0,0.077672,0,0.044111
2351,2025/26,1,Legia Warszawa,Piast Gliwice,14.0,14.0,28.0,13.2551,11.6539,24.909,0.009849,1,3336.6869,0.3164,0.3165,0.1966,0.3587,0.3028,0.0,0.0,0.0,0.0,1e-06,3e-06,1.1e-05,3.6e-05,0.000105,0.000268,0.000621,0.001313,0.002558,0.004624,0.007795,0.012323,0.018348,0.02583,0.034499,0.043853,0.053196,0.061734,0.068694,0.073443,0.075583,0.075007,0.071888,0.066639,0.059828,0.052087,0.044027,0.036169,0.028909,0.022502,0.017073,0.012637,0.009132,0.006448,0.004452,0.003007,0.001989,0.001289,0.000818,0.00051,0.000312,0.000187,0.000255,0.970342,0.029658,1,0.030106,0.951994,0.048006,1,0.049196,0.926165,0.073835,1,0.076703,0.891665,0.108335,1,0.114664,0.847812,0.152188,1,0.165096,0.794616,0.205384,1,0.229896,0.732882,0.267118,1,0.31077,0.664188,0.335812,1,0.409189,0.590746,0.409254,1,0.526369,0.515162,0.484838,1,0.663273,0.440156,0.559844,1,0.820626,0.368268,0.631732,1,0.998944,0.30163,0.69837,1,1.198556,0.241802,0.758198,0,0.27681,0.189715,0.810285,0,0.210369,0.145688,0.854312,0,0.157459,0.109519,0.890481,0,0.115993,0.08061,0.91939,0,0.084045,0.058108,0.941892,0,0.059864,4e-06,4.6e-05,0.00027,0.001074,0.003242,0.007903,0.016203,0.028743,0.045029,0.063282,0.080771,0.09457,0.102409,0.103277,0.097564,0.086775,0.072981,0.058265,0.044306,0.032187,0.0224,0.014969,0.009628,0.014024,1.6e-05,0.000169,0.000892,0.003171,0.008532,0.018542,0.033897,0.053614,0.07489,0.093843,0.106799,0.111495,0.107654,0.096802,0.081538,0.064662,0.04849,0.034518,0.023404,0.01516,0.009407,0.005605,0.003214,0.003678,0.995283,0.004717,0.987381,0.012619,0.971177,0.028823,0.942434,0.057566,0.897406,0.102594,0.834124,0.165876,0.753353,0.246647,0.658783,0.341217,0.556374,0.443626,0.453097,0.546903,0.355532,0.644468,0.268758,0.731242,0.195777,0.804223,0.137512,0.862488,0.093207,0.906793,0.987211,0.012789,0.968669,0.031331,0.934772,0.065228,0.881158,0.118842,0.806268,0.193732,0.712425,0.287575,0.605626,0.394374,0.494131,0.505869,0.386477,0.613523,0.289676,0.710324,0.208138,0.791862,0.143476,0.856524,0.094985,0.905015,0.060468,0.939532,0.037064,0.962936,1,0.004728,1,0.012871,1,0.012699,1,0.031832,1,0.029247,1,0.067453,1,0.059289,1,0.126518,1,0.108247,1,0.215339,1,0.181373,1,0.339081,1,0.283221,1,0.501493,1,0.417361,1,0.704955,1,0.586315,1,0.950683,1,0.791649,1,1.238992,0,0.43933,0,0.233368,0,0.313011,0,0.154873,0,0.217879,0,0.099804,0,0.147934,0,0.062373,0,0.097841,0,0.037768
2352,2025/26,1,Radomiak Radom,Pogoń Szczecin,8.0,9.0,17.0,12.2902,11.9978,24.288,0.009849,1,3336.6869,0.3164,0.3165,0.1966,0.3587,0.3028,0.0,0.0,0.0,0.0,1e-06,5e-06,1.7e-05,5.4e-05,0.000152,0.00038,0.000861,0.001781,0.003394,0.005997,0.009888,0.015286,0.022256,0.030638,0.040016,0.049738,0.058996,0.066946,0.07284,0.076145,0.076622,0.074345,0.069667,0.063142,0.055424,0.047177,0.038986,0.031312,0.024468,0.018619,0.01381,0.009993,0.00706,0.004873,0.003289,0.002172,0.001404,0.000889,0.000552,0.000336,0.000201,0.000118,0.000153,0.962185,0.037815,1,0.038548,0.939929,0.060071,1,0.061951,0.909291,0.090709,0,2.400101,0.869276,0.130724,0,2.034663,0.819538,0.180462,0,1.712234,0.760541,0.239459,0,1.429375,0.693595,0.306405,0,1.182847,0.620755,0.379245,0,0.969573,0.54461,0.45539,0,0.786602,0.467989,0.532011,0,0.631091,0.393644,0.606356,0,0.500287,0.323976,0.676024,0,0.391527,0.260835,0.739165,0,0.302234,0.20541,0.79459,0,0.22993,0.158234,0.841766,0,0.172253,0.119248,0.880752,0,0.126979,0.087936,0.912064,0,0.092045,0.063468,0.936532,0,0.065572,0.044849,0.955151,0,0.045886,9e-06,0.0001,0.000555,0.00207,0.005841,0.013311,0.02552,0.042331,0.062009,0.081486,0.097253,0.106474,0.107813,0.101666,0.089807,0.074688,0.058736,0.043848,0.031178,0.021179,0.013782,0.008612,0.005179,0.00653,1.2e-05,0.000128,0.000691,0.00252,0.006959,0.015522,0.029125,0.047282,0.067788,0.087185,0.101841,0.109125,0.108146,0.09981,0.086291,0.070237,0.054061,0.039499,0.027488,0.018275,0.011639,0.007118,0.00419,0.005053,0.991402,0.008598,0.978091,0.021909,0.95257,0.04743,0.91024,0.08976,0.848231,0.151769,0.766745,0.233255,0.669492,0.330508,0.563018,0.436982,0.455205,0.544795,0.353539,0.646461,0.263732,0.736268,0.189044,0.810956,0.130308,0.869692,0.08646,0.91354,0.055282,0.944718,0.989676,0.010324,0.974155,0.025845,0.94503,0.05497,0.897748,0.102252,0.82996,0.17004,0.742775,0.257225,0.640933,0.359067,0.531809,0.468191,0.423663,0.576337,0.323853,0.676147,0.237562,0.762438,0.167324,0.832676,0.113263,0.886737,0.073764,0.926236,0.046276,0.953724,1,0.008635,1,0.010378,1,0.022153,1,0.026185,1,0.048592,1,0.056539,1,0.094047,1,0.107866,0,1.885396,1,0.186378,0,1.455623,0,1.357804,0,1.107124,0,1.024246,0,0.827863,0,0.758879,0,0.607346,0,0.551063,0,0.436242,0,0.391345,0,0.306161,0,0.271234,0,0.209541,0,0.183111,0,0.139616,0,0.120207,0,0.090428,0,0.076626,0,0.056869,0,0.047381
2353,2025/26,2,Arka Gdynia,Radomiak Radom,16.0,12.0,28.0,11.2553,13.1361,24.3914,0.009734,1,3383.4504,0.3165,0.3205,0.1983,0.3611,0.2976,0.0,0.0,0.0,0.0,1e-06,4e-06,1.6e-05,5e-05,0.000142,0.000357,0.000813,0.001689,0.003233,0.005737,0.009497,0.014741,0.021549,0.029784,0.039055,0.048736,0.058035,0.066113,0.072213,0.07578,0.076547,0.074556,0.070129,0.063799,0.056211,0.048024,0.039833,0.03211,0.025183,0.019233,0.014317,0.010397,0.007371,0.005106,0.003458,0.002292,0.001487,0.000945,0.000589,0.00036,0.000216,0.000127,0.000166,0.96372,0.03628,1,0.036955,0.942171,0.057829,1,0.059569,0.912387,0.087613,1,0.091692,0.873331,0.126669,1,0.13544,0.824596,0.175404,1,0.192862,0.76656,0.23344,1,0.265842,0.700447,0.299553,1,0.356037,0.628234,0.371766,1,0.464842,0.552454,0.447546,1,0.593385,0.475907,0.524093,1,0.742533,0.401351,0.598649,1,0.912918,0.331222,0.668778,1,1.104965,0.267423,0.732577,1,1.318923,0.211212,0.788788,0,0.237258,0.163188,0.836812,0,0.178156,0.123355,0.876645,0,0.131653,0.091245,0.908755,0,0.09568,0.066062,0.933938,0,0.068345,0.046829,0.953171,0,0.047961,2.3e-05,0.000233,0.001194,0.004117,0.010747,0.022651,0.04016,0.061596,0.083425,0.10135,0.111816,0.113151,0.105892,0.092279,0.075323,0.05788,0.042054,0.029002,0.019049,0.011952,0.007183,0.004145,0.002302,0.002472,4e-06,5e-05,0.000293,0.00116,0.003476,0.008413,0.017125,0.030158,0.046898,0.065416,0.082864,0.096277,0.103449,0.103507,0.097006,0.085585,0.071396,0.056532,0.042632,0.030712,0.021193,0.014042,0.008953,0.01279,0.983681,0.016319,0.961029,0.038971,0.92087,0.07913,0.859274,0.140726,0.775849,0.224151,0.674499,0.325501,0.562683,0.437317,0.449531,0.550469,0.34364,0.65636,0.251361,0.748639,0.176038,0.823962,0.118158,0.881842,0.076104,0.923896,0.047102,0.952898,0.028054,0.971946,0.994948,0.005052,0.986535,0.013465,0.969409,0.030591,0.939251,0.060749,0.892354,0.107646,0.826938,0.173062,0.744074,0.255926,0.647797,0.352203,0.544349,0.455651,0.440842,0.559158,0.343836,0.656164,0.258251,0.741749,0.186855,0.813145,0.130322,0.869678,0.08769,0.91231,1,0.016454,1,0.005065,1,0.039751,1,0.013556,1,0.082436,1,0.031069,1,0.151667,1,0.062673,1,0.253797,1,0.113892,1,0.393785,1,0.190026,1,0.575039,1,0.295615,1,0.79955,1,0.434178,1,1.068161,0,0.786028,1,1.380865,0,0.581323,1,1.737055,0,0.421345,1,2.135733,0,0.298744,0,0.079156,0,0.206846,0,0.048247,0,0.139632,0,0.028455,0,0.091775
2354,2025/26,2,Lechia Gdańsk,Lech Poznań,13.0,11.0,24.0,11.0841,10.987,22.0711,0.009734,1,3383.4504,0.3165,0.3205,0.1983,0.3611,0.2976,0.0,0.0,0.0,1e-06,5e-06,2.2e-05,7.4e-05,0.000215,0.000555,0.001277,0.002657,0.005048,0.008833,0.014333,0.021695,0.03079,0.041153,0.052003,0.062344,0.071125,0.077431,0.08064,0.08052,0.077244,0.071326,0.063504,0.054601,0.045405,0.036566,0.028554,0.021647,0.015949,0.011432,0.00798,0.005429,0.003603,0.002334,0.001478,0.000915,0.000554,0.000328,0.000191,0.000109,6.1e-05,3.3e-05,1.8e-05,1.9e-05,0.914495,0.085505,1,0.089383,0.873343,0.126657,1,0.135427,0.82134,0.17866,1,0.196819,0.758996,0.241004,1,0.275759,0.687871,0.312129,1,0.374154,0.61044,0.38956,1,0.493576,0.5298,0.4702,1,0.635256,0.44928,0.55072,1,0.800109,0.372036,0.627964,1,0.988764,0.30071,0.69929,0,0.35769,0.237207,0.762793,0,0.270768,0.182605,0.817395,0,0.201633,0.137201,0.862799,0,0.147573,0.100635,0.899365,0,0.106066,0.07208,0.92792,0,0.07481,0.050433,0.949567,0,0.051749,0.034484,0.965516,0,0.035092,0.023051,0.976949,0,0.023321,0.015071,0.984929,0,0.015186,2.7e-05,0.000268,0.001356,0.00461,0.011866,0.024668,0.043135,0.06525,0.087161,0.104436,0.113638,0.113417,0.104683,0.089973,0.072433,0.054895,0.039337,0.026756,0.017332,0.010725,0.006358,0.003618,0.001982,0.002072,2.9e-05,0.000291,0.001457,0.004914,0.012549,0.02588,0.044896,0.067377,0.089289,0.106139,0.114577,0.113449,0.103884,0.08858,0.070747,0.053192,0.037816,0.025517,0.016399,0.010068,0.00592,0.003343,0.001817,0.00187,0.981869,0.018131,0.957201,0.042799,0.914067,0.085933,0.848816,0.151184,0.761655,0.238345,0.657219,0.342781,0.54358,0.45642,0.430163,0.569837,0.325481,0.674519,0.235508,0.764492,0.163075,0.836925,0.10818,0.89182,0.068843,0.931157,0.042087,0.957913,0.024755,0.975245,0.980758,0.019242,0.954878,0.045122,0.909983,0.090017,0.842606,0.157394,0.753317,0.246683,0.647178,0.352822,0.532601,0.467399,0.419152,0.580848,0.315269,0.684731,0.226689,0.773311,0.155943,0.844057,0.10275,0.89725,0.064935,0.935065,0.039417,0.960583,0.023018,0.976982,1,0.018297,1,0.01943,1,0.043742,1,0.046172,1,0.089851,1,0.094329,1,0.163913,1,0.171256,1,0.272262,1,0.283269,1,0.419738,1,0.435134,1,0.609578,1,0.629983,1,0.843591,0,0.543266,1,1.122451,0,0.378729,0,0.268544,0,0.257074,0,0.178021,0,0.169535,0,0.114491,0,0.108421,0,0.071327,0,0.067139,0,0.042998,0,0.040215,0,0.025067,0,0.023287
2355,2025/26,2,Pogoń Szczecin,Motor Lublin,11.0,8.0,19.0,11.1088,12.0337,23.1425,0.009734,1,3383.4504,0.3165,0.3205,0.1983,0.3611,0.2976,0.0,0.0,0.0,0.0,2e-06,1e-05,3.6e-05,0.000111,0.000298,0.000715,0.001552,0.003077,0.005619,0.009514,0.015029,0.022258,0.031046,0.040941,0.051222,0.060984,0.069286,0.075303,0.07847,0.078561,0.075707,0.070345,0.063123,0.054782,0.046043,0.037525,0.02969,0.022831,0.017079,0.012442,0.008835,0.00612,0.004138,0.002734,0.001766,0.001116,0.000691,0.000419,0.000249,0.000145,8.3e-05,4.7e-05,5.5e-05,0.941778,0.058222,1,0.059986,0.910732,0.089268,1,0.093507,0.86979,0.13021,1,0.139503,0.818568,0.181432,1,0.200198,0.757584,0.242416,0,1.417101,0.688299,0.311701,0,1.16571,0.612996,0.387004,0,0.949319,0.534525,0.465475,0,0.764698,0.455964,0.544036,0,0.60874,0.380258,0.619742,0,0.478451,0.309913,0.690087,0,0.370937,0.24679,0.75321,0,0.283411,0.192008,0.807992,0,0.213203,0.145964,0.854036,0,0.157782,0.108439,0.891561,0,0.114782,0.078749,0.921251,0,0.082023,0.055918,0.944082,0,0.057543,0.038839,0.961161,0,0.039613,0.026396,0.973604,0,0.026751,2.6e-05,0.000263,0.001331,0.004535,0.011698,0.024368,0.042695,0.064716,0.086621,0.103997,0.113388,0.113395,0.104873,0.090318,0.072856,0.055327,0.039726,0.027075,0.017574,0.010897,0.006472,0.003691,0.002026,0.002126,1.1e-05,0.000123,0.000669,0.00245,0.006792,0.015202,0.02862,0.046614,0.067042,0.08649,0.101328,0.108886,0.108208,0.100135,0.086796,0.070825,0.054645,0.040018,0.027911,0.018597,0.011868,0.007273,0.004289,0.005192,0.982142,0.017858,0.957774,0.042226,0.915079,0.084921,0.850363,0.149637,0.763742,0.236258,0.659745,0.340255,0.546357,0.453643,0.432962,0.567038,0.328089,0.671911,0.237771,0.762229,0.164915,0.835085,0.109588,0.890412,0.069862,0.930138,0.042787,0.957213,0.025212,0.974788,0.989939,0.010061,0.974737,0.025263,0.946117,0.053883,0.899503,0.100497,0.832461,0.167539,0.745971,0.254029,0.644643,0.355357,0.535757,0.464243,0.427549,0.572451,0.327414,0.672586,0.240618,0.759382,0.169793,0.830207,0.115148,0.884852,0.07513,0.92487,0.047219,0.952781,1,0.018019,1,0.010112,1,0.043143,1,0.025588,1,0.088745,1,0.055389,1,0.162092,1,0.105913,1,0.269525,0,1.786539,1,0.415902,0,1.370307,1,0.604483,0,1.034632,0,0.567329,0,0.767347,0,0.397629,0,0.557828,0,0.271508,0,0.396625,0,0.180222,0,0.27525,0,0.116071,0,0.18608,0,0.072422,0,0.122335,0,0.043729,0,0.078102,0,0.025535,0,0.04837
2356,2025/26,2,Korona Kielce,Legia Warszawa,8.0,15.0,23.0,12.1105,13.2927,25.4033,0.009734,1,3383.4504,0.3165,0.3205,0.1983,0.3611,0.2976,0.0,0.0,0.0,0.0,0.0,2e-06,8e-06,2.6e-05,7.7e-05,0.000201,0.000473,0.00102,0.002024,0.003725,0.006394,0.010294,0.015605,0.022367,0.030416,0.03936,0.048604,0.057417,0.065032,0.070766,0.074122,0.074859,0.073013,0.068873,0.062918,0.055736,0.047933,0.040062,0.032576,0.025795,0.019908,0.014989,0.011017,0.007912,0.005555,0.003816,0.002567,0.001691,0.001092,0.000692,0.00043,0.000262,0.000371,0.975757,0.024243,1,0.024542,0.960151,0.039849,1,0.040664,0.937784,0.062216,1,0.064236,0.907368,0.092632,1,0.097207,0.868008,0.131992,1,0.141554,0.819404,0.180596,1,0.199178,0.761987,0.238013,1,0.271825,0.696956,0.303044,1,0.361033,0.62619,0.37381,0,0.984007,0.552067,0.447933,0,0.803113,0.477208,0.522792,0,0.648572,0.404195,0.595805,0,0.517842,0.335322,0.664678,0,0.408453,0.272404,0.727596,0,0.318009,0.216668,0.783332,0,0.244199,0.168736,0.831264,0,0.184807,0.128673,0.871327,0,0.137738,0.096097,0.903903,0,0.101033,0.070302,0.929698,0,0.072896,1.1e-05,0.000116,0.000632,0.002327,0.006487,0.014602,0.027648,0.045287,0.065506,0.08499,0.10014,0.108223,0.108164,0.100666,0.087754,0.072015,0.05588,0.041156,0.028869,0.019345,0.012416,0.007652,0.004539,0.005558,4e-06,4.4e-05,0.000261,0.001042,0.003156,0.007718,0.015876,0.028253,0.044399,0.062584,0.080114,0.094064,0.102138,0.103274,0.097809,0.087205,0.073516,0.058825,0.044829,0.032636,0.022758,0.015238,0.009819,0.014356,0.990411,0.009589,0.975809,0.024191,0.948161,0.051839,0.902874,0.097126,0.837368,0.162632,0.752378,0.247622,0.652238,0.347762,0.544015,0.455985,0.435851,0.564149,0.335185,0.664815,0.247431,0.752569,0.175416,0.824584,0.119536,0.880464,0.078379,0.921621,0.04951,0.95049,0.995411,0.004589,0.987693,0.012307,0.971817,0.028183,0.943564,0.056436,0.899165,0.100835,0.83658,0.16342,0.756467,0.243533,0.662403,0.337597,0.560264,0.439736,0.45699,0.54301,0.359181,0.640819,0.271976,0.728024,0.19846,0.80154,0.139635,0.860365,0.094806,0.905194,1,0.009635,1,0.0046,1,0.024488,1,0.012383,1,0.053231,1,0.028588,1,0.102172,1,0.058091,0,1.816265,1,0.106289,0,1.395852,1,0.178433,0,1.056237,1,0.279096,0,0.785295,1,0.411881,0,0.572437,1,0.579347,0,0.408246,1,0.783094,0,0.284263,1,1.023929,0,0.192876,0,0.317421,0,0.127306,0,0.22122,0,0.081621,0,0.150399,0,0.050778,0,0.099606
2357,2025/26,2,Cracovia,Bruk-Bet Termalica Nieciecza,16.0,16.0,32.0,9.0654,11.4312,20.4966,0.009734,1,3383.4504,0.3165,0.3205,0.1983,0.3611,0.2976,0.0,0.0,1e-06,4e-06,1.7e-05,6.5e-05,0.000206,0.000564,0.001357,0.002919,0.005674,0.010076,0.016478,0.024992,0.035361,0.046913,0.058618,0.069252,0.077621,0.082799,0.084285,0.082081,0.076644,0.068761,0.059382,0.049449,0.039768,0.030933,0.023304,0.017024,0.012074,0.008323,0.005582,0.003646,0.002321,0.001441,0.000874,0.000518,0.0003,0.00017,9.4e-05,5.1e-05,2.7e-05,1.4e-05,7e-06,4e-06,3e-06,0.855373,0.144627,1,0.156218,0.796754,0.203246,1,0.227209,0.727503,0.272497,1,0.318138,0.649881,0.350119,1,0.430966,0.567083,0.432917,1,0.56725,0.482797,0.517203,1,0.728158,0.400716,0.599284,1,0.914502,0.324072,0.675928,1,1.126789,0.255311,0.744689,1,1.365273,0.195929,0.804071,1,1.630002,0.14648,0.85352,1,1.920863,0.106712,0.893288,1,2.237618,0.075779,0.924221,1,2.579935,0.052475,0.947525,1,2.947411,0.035451,0.964549,1,3.339595,0.023377,0.976623,1,3.756002,0.015054,0.984946,1,4.196123,0.009472,0.990528,0,0.009517,0.005826,0.994174,0,0.005843,0.000169,0.001405,0.00591,0.016729,0.035858,0.062067,0.090367,0.113822,0.126597,0.126302,0.114431,0.095094,0.073082,0.052301,0.035058,0.022123,0.0132,0.007476,0.004032,0.002078,0.001025,0.000486,0.000222,0.000167,2e-05,0.000202,0.001048,0.003665,0.009699,0.020731,0.037272,0.057971,0.079619,0.098088,0.109738,0.112611,0.106868,0.094439,0.078171,0.060913,0.04488,0.031386,0.020904,0.013301,0.008106,0.004744,0.002671,0.002948,0.939929,0.060071,0.877862,0.122138,0.787495,0.212505,0.673673,0.326327,0.547075,0.452925,0.420773,0.579227,0.306342,0.693658,0.211248,0.788752,0.138166,0.861834,0.085866,0.914134,0.050808,0.949192,0.028685,0.971315,0.015485,0.984515,0.008009,0.991991,0.003977,0.996023,0.98536,0.01464,0.964629,0.035371,0.927357,0.072643,0.869386,0.130614,0.789767,0.210233,0.691679,0.308321,0.58194,0.41806,0.46933,0.53067,0.362462,0.637538,0.268023,0.731977,0.189852,0.810148,0.128939,0.871061,0.08406,0.91594,0.052674,0.947326,0.03177,0.96823,1,0.061951,1,0.014748,1,0.130266,1,0.036012,1,0.238898,1,0.075417,1,0.39501,1,0.139968,1,0.603169,1,0.236017,1,0.865662,1,0.368633,1,1.183053,1,0.541388,1,1.554722,1,0.756449,1,1.979299,1,1.014836,1,2.454967,1,1.316682,1,2.979701,1,1.66151,1,3.551381,1,2.048416,0,0.015606,0,0.087804,0,0.008041,0,0.054112,0,0.003985,0,0.032286
2358,2025/26,2,GKS Katowice,Zagłębie Lubin,9.0,16.0,25.0,10.521,11.4041,21.9251,0.009734,1,3383.4504,0.3165,0.3205,0.1983,0.3611,0.2976,0.0,0.0,0.0,1e-06,6e-06,2.4e-05,8.1e-05,0.000236,0.000604,0.001381,0.002856,0.005394,0.009382,0.015131,0.022764,0.032113,0.042663,0.053587,0.063856,0.072413,0.07836,0.081118,0.080513,0.076775,0.070469,0.062367,0.053304,0.044062,0.035273,0.027381,0.020635,0.015113,0.010769,0.007472,0.005054,0.003334,0.002147,0.001351,0.000832,0.000501,0.000295,0.00017,9.6e-05,5.3e-05,2.9e-05,1.6e-05,1.7e-05,0.910026,0.089974,1,0.094282,0.867363,0.132637,1,0.142297,0.813777,0.186223,1,0.206069,0.749921,0.250079,1,0.287788,0.677508,0.322492,1,0.389334,0.599148,0.400852,1,0.512247,0.518029,0.481971,1,0.657723,0.437517,0.562483,1,0.82664,0.360742,0.639258,1,1.019593,0.290272,0.709728,1,1.236936,0.227906,0.772094,0,0.258649,0.174601,0.825399,0,0.191889,0.130539,0.869461,0,0.139882,0.095266,0.904734,0,0.100114,0.067885,0.932115,0,0.070299,0.04725,0.95275,0,0.048402,0.032136,0.967864,0,0.032664,0.021367,0.978633,0,0.021599,0.013895,0.986105,0,0.013993,4.5e-05,0.000426,0.002054,0.00666,0.016355,0.032432,0.054097,0.078062,0.09947,0.113692,0.118009,0.112351,0.09892,0.081102,0.062283,0.045027,0.030779,0.01997,0.01234,0.007285,0.004119,0.002236,0.001168,0.001118,2e-05,0.000206,0.00107,0.003731,0.009854,0.021017,0.037706,0.058521,0.080203,0.098596,0.110071,0.112711,0.106735,0.094121,0.077741,0.060448,0.044442,0.031014,0.020612,0.013087,0.007959,0.004648,0.002612,0.00287,0.974459,0.025541,0.942027,0.057973,0.88793,0.11207,0.809868,0.190132,0.710398,0.289602,0.596706,0.403294,0.478698,0.521302,0.366347,0.633653,0.267427,0.732573,0.186324,0.813676,0.124042,0.875958,0.079015,0.920985,0.048236,0.951764,0.028266,0.971734,0.015926,0.984074,0.985113,0.014887,0.964095,0.035905,0.926389,0.073611,0.867869,0.132131,0.787666,0.212334,0.68907,0.31093,0.578999,0.421001,0.466288,0.533712,0.359553,0.640447,0.265433,0.734567,0.187692,0.812308,0.127244,0.872756,0.082801,0.917199,0.051787,0.948213,0.031175,0.968825,1,0.025873,1,0.014999,1,0.059721,1,0.036565,1,0.118862,1,0.076461,1,0.210884,1,0.141714,1,0.34193,1,0.238681,0,0.908089,1,0.372412,0,0.651426,1,0.546455,0,0.456254,1,0.762952,0,0.311192,1,1.022894,0,0.206193,1,1.326393,0,0.132437,1,1.672953,0,0.082312,1,2.061649,0,0.049438,0,0.086431,0,0.028673,0,0.053176,0,0.016054,0,0.031671
2359,2025/26,2,Raków Częstochowa,Wisła Płock,17.0,21.0,38.0,11.5216,12.2164,23.738,0.009734,1,3383.4504,0.3165,0.3205,0.1983,0.3611,0.2976,0.0,0.0,0.0,0.0,2e-06,7e-06,2.4e-05,7.6e-05,0.000209,0.000514,0.001142,0.002317,0.004328,0.007498,0.012117,0.018361,0.026201,0.03535,0.045247,0.055114,0.064061,0.071232,0.07594,0.077782,0.076685,0.072897,0.066922,0.059417,0.051091,0.042599,0.034481,0.027126,0.02076,0.015472,0.011239,0.007964,0.00551,0.003724,0.002461,0.001591,0.001007,0.000625,0.00038,0.000226,0.000132,7.6e-05,9.4e-05,0.953405,0.046595,1,0.047716,0.927204,0.072796,1,0.075582,0.891854,0.108146,1,0.114453,0.846607,0.153393,1,0.166518,0.791494,0.208506,1,0.233834,0.727432,0.272568,1,0.318234,0.656201,0.343799,1,0.421288,0.580261,0.419739,1,0.544277,0.502479,0.497521,1,0.688201,0.425795,0.574205,1,0.853798,0.352898,0.647102,1,1.041577,0.285976,0.714024,1,1.251847,0.226559,0.773441,1,1.484751,0.175468,0.824532,1,1.740298,0.132869,0.867131,1,2.018388,0.098388,0.901612,1,2.318835,0.071263,0.928737,1,2.641385,0.050502,0.949498,1,2.985736,0.03503,0.96497,1,3.351548,1.8e-05,0.000187,0.00098,0.003451,0.009199,0.019801,0.035854,0.056161,0.077682,0.096382,0.108596,0.112231,0.107265,0.095464,0.079581,0.062453,0.046341,0.032639,0.021893,0.014029,0.008611,0.005075,0.002878,0.003221,1e-05,0.000106,0.000584,0.002167,0.006087,0.01381,0.026352,0.043503,0.063417,0.082923,0.098467,0.107248,0.108026,0.101324,0.089018,0.073623,0.057575,0.042736,0.030211,0.020402,0.013197,0.008197,0.0049,0.006098,0.986158,0.013842,0.966356,0.033644,0.930502,0.069498,0.874341,0.125659,0.796659,0.203341,0.700277,0.299723,0.591681,0.408319,0.47945,0.52055,0.372185,0.627815,0.276721,0.723279,0.197139,0.802861,0.134687,0.865313,0.088345,0.911655,0.055707,0.944293,0.033814,0.966186,0.991026,0.008974,0.977216,0.022784,0.950864,0.049136,0.907361,0.092639,0.843944,0.156056,0.761021,0.238979,0.662554,0.337446,0.555306,0.444694,0.44728,0.55272,0.345957,0.654043,0.256939,0.743061,0.183315,0.816685,0.125741,0.874259,0.083005,0.916995,0.052794,0.947206,1,0.013939,1,0.009015,1,0.034223,1,0.023048,1,0.072031,1,0.050384,1,0.134285,1,0.097215,1,0.227329,1,0.169669,1,0.356279,1,0.273094,1,0.524788,1,0.411653,1,0.735116,1,0.588236,1,0.988364,1,0.80457,1,1.284746,1,1.061441,1,1.623846,1,1.358917,1,2.004802,1,1.696549,1,2.426506,1,2.073531,0,0.057319,1,2.488854,0,0.034399,1,2.941358
2360,2025/26,2,Jagiellonia Białystok,Widzew Łódź,12.0,18.0,30.0,11.7732,11.906,23.6791,0.009734,1,3383.4504,0.3165,0.3205,0.1983,0.3611,0.2976,0.0,0.0,0.0,0.0,2e-06,7e-06,2.5e-05,7.9e-05,0.000217,0.000531,0.001177,0.002383,0.004441,0.007677,0.01238,0.018718,0.026652,0.03588,0.045824,0.055694,0.064593,0.071664,0.076232,0.077908,0.076638,0.072691,0.066584,0.058986,0.050606,0.0421,0.034002,0.026688,0.02038,0.015154,0.010984,0.007766,0.00536,0.003615,0.002384,0.001538,0.000971,0.000601,0.000364,0.000217,0.000126,7.2e-05,8.9e-05,0.952362,0.047638,1,0.04881,0.92571,0.07429,1,0.077195,0.88983,0.11017,1,0.116725,0.844006,0.155994,1,0.169596,0.788312,0.211688,1,0.237862,0.723719,0.276281,1,0.323352,0.652055,0.347945,1,0.427626,0.575823,0.424177,1,0.551955,0.497916,0.502084,1,0.697325,0.421277,0.578723,1,0.864464,0.348587,0.651413,1,1.053869,0.282003,0.717997,1,1.265838,0.223017,0.776983,1,1.500507,0.172411,0.827589,1,1.757875,0.13031,0.86969,1,2.037835,0.096309,0.903691,0,0.101268,0.06962,0.93038,0,0.072163,0.049241,0.950759,0,0.050494,0.034086,0.965914,0,0.034681,1.4e-05,0.000152,0.000813,0.002918,0.00793,0.017406,0.032133,0.051319,0.072375,0.091557,0.105181,0.110831,0.108002,0.098004,0.083299,0.066651,0.050425,0.036211,0.024765,0.01618,0.010126,0.006085,0.003519,0.004093,1.3e-05,0.000137,0.000736,0.00267,0.007329,0.016248,0.0303,0.048881,0.069634,0.088979,0.103253,0.109899,0.108177,0.099155,0.085129,0.068804,0.05258,0.03814,0.026348,0.017388,0.010992,0.006672,0.003897,0.004626,0.988162,0.011838,0.970756,0.029244,0.938623,0.061377,0.887304,0.112696,0.814929,0.185071,0.723372,0.276628,0.61819,0.38181,0.507359,0.492641,0.399357,0.600643,0.301353,0.698647,0.218054,0.781946,0.151403,0.848597,0.100978,0.899022,0.064767,0.935233,0.040002,0.959998,0.989103,0.010897,0.972854,0.027146,0.942554,0.057446,0.893673,0.106327,0.824039,0.175961,0.73506,0.26494,0.631807,0.368193,0.521907,0.478093,0.413731,0.586269,0.314576,0.685424,0.229448,0.770552,0.160644,0.839356,0.108064,0.891936,0.069924,0.930076,0.043576,0.956424,1,0.011909,1,0.010957,1,0.02968,1,0.027521,1,0.063341,1,0.059162,1,0.119568,1,0.112415,1,0.204654,1,0.193537,1,0.323832,1,0.307803,1,0.480959,1,0.459171,1,0.678536,1,0.650266,0,0.509755,1,0.882539,0,0.35861,1,1.15653,0,0.24597,1,1.472079,0,0.164171,1,1.828565,0,0.106448,1,2.225032,0,0.06696,1,2.660346,0,0.040824,0,0.044554
2361,2025/26,2,Piast Gliwice,Górnik Zabrze,13.0,8.0,21.0,12.6368,11.1761,23.8129,0.009734,1,3383.4504,0.3165,0.3205,0.1983,0.3611,0.2976,0.0,0.0,0.0,0.0,1e-06,6e-06,2.3e-05,7.3e-05,0.0002,0.000494,0.0011,0.002237,0.00419,0.007278,0.011793,0.017918,0.025638,0.034685,0.044519,0.054376,0.063379,0.070669,0.075551,0.077601,0.076722,0.073138,0.067334,0.059954,0.0517,0.04323,0.035093,0.027687,0.021252,0.015885,0.011573,0.008225,0.005707,0.003869,0.002564,0.001663,0.001056,0.000657,0.0004,0.000239,0.00014,8.1e-05,0.000101,0.954688,0.045312,1,0.046371,0.92905,0.07095,1,0.073593,0.894364,0.105636,1,0.111642,0.849846,0.150154,1,0.1627,0.79547,0.20453,1,0.228823,0.73209,0.26791,1,0.311851,0.661421,0.338579,0,1.082998,0.58587,0.41413,0,0.881575,0.508269,0.491731,0,0.709824,0.431547,0.568453,0,0.564838,0.358409,0.641591,0,0.443804,0.291075,0.708925,0,0.344006,0.231121,0.768879,0,0.262822,0.179422,0.820578,0,0.197746,0.136191,0.863809,0,0.146404,0.101098,0.898902,0,0.106581,0.073411,0.926589,0,0.076245,0.052159,0.947841,0,0.053568,0.036274,0.963726,0,0.036948,7e-06,7.5e-05,0.000426,0.00163,0.00472,0.011037,0.021707,0.036932,0.055487,0.074778,0.091517,0.102732,0.106648,0.103097,0.093351,0.079573,0.064134,0.049063,0.035747,0.024881,0.016588,0.010619,0.006542,0.008674,2.5e-05,0.000249,0.001267,0.004338,0.011252,0.023566,0.041516,0.063271,0.08515,0.10279,0.112685,0.113307,0.105364,0.091237,0.074,0.056502,0.040792,0.027953,0.018243,0.011374,0.006792,0.003895,0.002149,0.00228,0.993105,0.006895,0.982068,0.017932,0.960362,0.039638,0.92343,0.07657,0.867942,0.132058,0.793164,0.206836,0.701647,0.298353,0.598916,0.401084,0.492267,0.507733,0.389171,0.610829,0.29582,0.70418,0.216247,0.783753,0.152112,0.847888,0.103049,0.896951,0.067302,0.932698,0.982865,0.017135,0.9593,0.0407,0.917784,0.082216,0.854513,0.145487,0.769363,0.230637,0.666572,0.333428,0.553888,0.446112,0.440581,0.559419,0.335217,0.664783,0.24398,0.75602,0.16998,0.83002,0.113478,0.886522,0.072686,0.927314,0.044733,0.955267,0.02649,0.97351,1,0.006919,1,0.017284,1,0.018095,1,0.041551,1,0.040445,1,0.085793,1,0.07966,1,0.157224,1,0.14163,0,1.46691,1,0.231725,0,1.098328,1,0.354325,0,0.807185,1,0.512634,0,0.580857,1,0.708734,0,0.408295,0,0.492938,0,0.279687,0,0.350721,0,0.186305,0,0.243661,0,0.120449,0,0.165007,0,0.075463,0,0.108754,0,0.045764,0,0.069674,0,0.026847
2362,2025/26,3,Wisła Płock,Piast Gliwice,10.0,11.0,21.0,13.8143,12.1432,25.9575,0.009937,1,3434.9771,0.3749,0.3793,0.2024,0.3502,0.2824,0.0,0.0,0.0,0.0,0.0,1e-06,6e-06,1.9e-05,5.6e-05,0.000147,0.000354,0.000777,0.00157,0.002941,0.00514,0.008426,0.013008,0.018989,0.0263,0.034668,0.043612,0.052489,0.060576,0.06717,0.071699,0.073802,0.073369,0.070549,0.065704,0.059341,0.052035,0.044349,0.036776,0.0297,0.02338,0.017955,0.013464,0.009865,0.007067,0.004954,0.0034,0.002286,0.001507,0.000974,0.000618,0.000385,0.000571,0.980563,0.019437,1,0.019628,0.967555,0.032445,1,0.032983,0.948566,0.051434,1,0.052804,0.922266,0.077734,1,0.080922,0.887598,0.112402,1,0.119237,0.843985,0.156015,1,0.16962,0.791496,0.208504,0,1.567797,0.73092,0.26908,0,1.312748,0.663751,0.336249,0,1.089902,0.592051,0.407949,0,0.896614,0.51825,0.48175,0,0.73033,0.444881,0.555119,0,0.588572,0.374331,0.625669,0,0.468934,0.308627,0.691373,0,0.369076,0.249286,0.750714,0,0.28673,0.197251,0.802749,0,0.219713,0.152902,0.847098,0,0.165938,0.116126,0.883874,0,0.12344,0.086426,0.913574,0,0.090391,2e-06,2.9e-05,0.000178,0.000735,0.002298,0.005805,0.012336,0.022682,0.036835,0.053666,0.071017,0.086214,0.096808,0.101242,0.099188,0.091496,0.079815,0.066097,0.052139,0.039295,0.028371,0.019672,0.013128,0.020794,1e-05,0.000114,0.000622,0.002292,0.006394,0.014408,0.027313,0.0448,0.0649,0.08435,0.099573,0.107832,0.108013,0.100766,0.088065,0.072467,0.056392,0.041659,0.029314,0.019708,0.012693,0.007851,0.004674,0.005772,0.996599,0.003401,0.990794,0.009206,0.978458,0.021542,0.955777,0.044223,0.918942,0.081058,0.865276,0.134724,0.794259,0.205741,0.708045,0.291955,0.611236,0.388764,0.509995,0.490005,0.410807,0.589193,0.319311,0.680689,0.239496,0.760504,0.173399,0.826601,0.12126,0.87874,0.990549,0.009451,0.976141,0.023859,0.948828,0.051172,0.904028,0.095972,0.839128,0.160872,0.754778,0.245222,0.655205,0.344795,0.547373,0.452627,0.439361,0.560639,0.338595,0.661405,0.25053,0.74947,0.178063,0.821937,0.121671,0.878329,0.080012,0.919988,0.050698,0.949302,1,0.003407,1,0.009496,1,0.009249,1,0.024148,1,0.021777,1,0.052528,1,0.045231,1,0.100895,1,0.084532,1,0.175392,1,0.144707,1,0.281332,0,1.581137,1,0.422807,0,1.231156,0,0.792687,0,0.944783,0,0.578678,0,0.71334,0,0.413389,0,0.529001,0,0.288389,0,0.38465,0,0.196092,0,0.273774,0,0.129734,0,0.190433,0,0.083395,0,0.129266,0,0.052028
2363,2025/26,3,Bruk-Bet Termalica Nieciecza,Pogoń Szczecin,8.0,14.0,22.0,11.8412,12.1981,24.0393,0.009937,1,3434.9771,0.3749,0.3793,0.2024,0.3502,0.2824,0.0,0.0,0.0,0.0,1e-06,5e-06,2e-05,6.4e-05,0.000177,0.000438,0.000984,0.002016,0.003804,0.006659,0.010874,0.01665,0.024012,0.032743,0.042362,0.05216,0.061292,0.068905,0.074276,0.07693,0.0767,0.07374,0.06847,0.061493,0.053488,0.045118,0.03695,0.029411,0.022777,0.017179,0.012629,0.009058,0.006343,0.00434,0.002903,0.0019,0.001218,0.000765,0.000471,0.000284,0.000168,9.8e-05,0.000124,0.958308,0.041692,1,0.042586,0.934296,0.065704,1,0.067962,0.901554,0.098446,1,0.103636,0.859192,0.140808,1,0.151763,0.807031,0.192969,1,0.214393,0.745739,0.254261,1,0.29338,0.676834,0.323166,1,0.390329,0.602558,0.397442,0,0.922705,0.525628,0.474372,0,0.745763,0.448927,0.551073,0,0.595888,0.375187,0.624813,0,0.470303,0.306717,0.693283,0,0.366317,0.245224,0.754776,0,0.281335,0.191736,0.808264,0,0.212867,0.146618,0.853382,0,0.158548,0.109669,0.890331,0,0.116162,0.080257,0.919743,0,0.083661,0.05748,0.94252,0,0.059198,0.040301,0.959699,0,0.041136,1.4e-05,0.000146,0.000779,0.002806,0.007654,0.016863,0.031255,0.050125,0.071,0.090223,0.104136,0.110265,0.107992,0.098505,0.084174,0.067723,0.051528,0.037218,0.025607,0.016833,0.0106,0.006411,0.003731,0.004401,1e-05,0.000109,0.000597,0.002209,0.006187,0.013998,0.026643,0.043877,0.06382,0.08328,0.098707,0.107325,0.107939,0.101103,0.088716,0.073297,0.057268,0.042476,0.03001,0.020257,0.0131,0.008135,0.004863,0.006055,0.98859,0.01141,0.971727,0.028273,0.940472,0.059528,0.890346,0.109654,0.819347,0.180653,0.729123,0.270877,0.624987,0.375013,0.514722,0.485278,0.40673,0.59327,0.308225,0.691775,0.224052,0.775948,0.156328,0.843672,0.104801,0.895199,0.067582,0.932418,0.041975,0.958025,0.990868,0.009132,0.976869,0.023131,0.950227,0.049773,0.906349,0.093651,0.842529,0.157471,0.759249,0.240751,0.660542,0.339458,0.553217,0.446783,0.445278,0.554722,0.344176,0.655824,0.25546,0.74454,0.182163,0.817837,0.124895,0.875105,0.082419,0.917581,0.052409,0.947591,1,0.011476,1,0.009174,1,0.02868,1,0.023403,1,0.061373,1,0.051054,1,0.116145,1,0.098331,0,1.711177,1,0.171347,0,1.30609,1,0.275425,0,0.980795,1,0.414695,0,0.723033,1,0.592005,0,0.522106,1,0.809056,0,0.368495,1,1.066602,0,0.25367,0,0.294989,0,0.169991,0,0.201092,0,0.110709,0,0.133411,0,0.069974,0,0.086014,0,0.042881,0,0.053832
2364,2025/26,3,Legia Warszawa,Arka Gdynia,19.0,13.0,32.0,13.1161,12.0951,25.2112,0.009937,1,3434.9771,0.3749,0.3793,0.2024,0.3502,0.2824,0.0,0.0,0.0,0.0,1e-06,2e-06,9e-06,3e-05,8.7e-05,0.000226,0.000529,0.001132,0.002229,0.00407,0.006933,0.011075,0.016662,0.023704,0.031995,0.041101,0.050387,0.059098,0.066463,0.071818,0.074704,0.074932,0.072591,0.068018,0.061728,0.054325,0.046418,0.038549,0.031148,0.024511,0.018801,0.014069,0.010279,0.007338,0.005122,0.003499,0.00234,0.001533,0.000984,0.00062,0.000383,0.000232,0.000325,0.973677,0.026323,1,0.026676,0.957015,0.042985,1,0.043937,0.93331,0.06669,1,0.069018,0.901315,0.098685,1,0.1039,0.860214,0.139786,1,0.150574,0.809827,0.190173,1,0.210935,0.750729,0.249271,1,0.28671,0.684267,0.315733,1,0.379407,0.612449,0.387551,1,0.49029,0.537745,0.462255,1,0.620372,0.462813,0.537187,1,0.770433,0.390222,0.609778,1,0.94104,0.322204,0.677796,1,1.13257,0.260477,0.739523,1,1.345242,0.206152,0.793848,1,1.579142,0.159734,0.840266,1,1.834245,0.121185,0.878815,1,2.110438,0.090036,0.909964,0,0.094351,0.065525,0.934475,0,0.067771,4e-06,5.1e-05,0.000301,0.001186,0.003543,0.008549,0.017354,0.030483,0.047289,0.065817,0.083203,0.096491,0.103503,0.103403,0.096776,0.085279,0.071066,0.05622,0.042365,0.030501,0.021037,0.013935,0.008883,0.012693,1.1e-05,0.000118,0.000645,0.002367,0.006581,0.014776,0.027911,0.04562,0.065854,0.085287,0.100323,0.10826,0.108058,0.100452,0.087481,0.071731,0.055622,0.040945,0.02871,0.019234,0.012344,0.007608,0.004513,0.005532,0.994847,0.005153,0.986298,0.013702,0.968944,0.031056,0.938461,0.061539,0.891172,0.108828,0.825355,0.174645,0.742152,0.257848,0.645661,0.354339,0.542158,0.457842,0.438754,0.561246,0.341978,0.658022,0.256699,0.743301,0.185634,0.814366,0.129414,0.870586,0.087049,0.912951,0.99026,0.00974,0.975485,0.024515,0.947573,0.052427,0.901954,0.098046,0.836099,0.163901,0.750812,0.249188,0.65049,0.34951,0.542229,0.457771,0.434171,0.565829,0.333719,0.666281,0.246239,0.753761,0.174508,0.825492,0.118886,0.881114,0.077941,0.922059,0.049231,0.950769,1,0.005166,1,0.009788,1,0.013797,1,0.02482,1,0.031548,1,0.053851,1,0.063514,1,0.103192,1,0.115218,1,0.179008,1,0.191942,1,0.2866,1,0.298201,1,0.430029,1,0.437481,1,0.612067,1,0.612198,1,0.834317,1,0.823816,0,0.406044,1,1.073009,0,0.28268,1,1.359851,0,0.191776,1,1.683978,0,0.126568,1,2.044739,0,0.081146,1,2.441284,0,0.050484
2365,2025/26,3,Motor Lublin,Jagiellonia Białystok,14.0,8.0,22.0,12.8485,11.9748,24.8233,0.009937,1,3434.9771,0.3749,0.3793,0.2024,0.3502,0.2824,0.0,0.0,0.0,0.0,1e-06,3e-06,1.2e-05,3.9e-05,0.000111,0.000282,0.000651,0.001373,0.002666,0.004802,0.008069,0.012714,0.018867,0.026474,0.035244,0.044655,0.053996,0.062463,0.069286,0.073844,0.07576,0.074951,0.071615,0.066184,0.059241,0.051422,0.043336,0.035497,0.028289,0.021956,0.01661,0.012259,0.008834,0.00622,0.004282,0.002885,0.001903,0.001229,0.000779,0.000484,0.000295,0.000176,0.000239,0.969277,0.030723,1,0.031205,0.950409,0.049591,1,0.050862,0.923936,0.076064,1,0.079112,0.888692,0.111308,1,0.118005,0.844036,0.155964,1,0.16956,0.790041,0.209959,1,0.235671,0.727578,0.272422,1,0.318034,0.658292,0.341708,0,1.073798,0.584448,0.415552,0,0.878147,0.508687,0.491313,0,0.710675,0.433737,0.566263,0,0.568696,0.362122,0.637878,0,0.449608,0.295937,0.704063,0,0.350888,0.236696,0.763304,0,0.270099,0.185274,0.814726,0,0.204903,0.141938,0.858062,0,0.153079,0.106441,0.893559,0,0.112543,0.078152,0.921848,0,0.081375,0.056196,0.943804,0,0.057837,6e-06,6.4e-05,0.000367,0.001423,0.004174,0.00989,0.019713,0.034,0.051792,0.07078,0.087858,0.100046,0.105376,0.103369,0.094993,0.082194,0.067256,0.052243,0.038656,0.027327,0.018507,0.012037,0.007535,0.010346,1.2e-05,0.000131,0.000705,0.002566,0.00707,0.015734,0.029456,0.047717,0.06827,0.087629,0.102162,0.109265,0.108092,0.09959,0.085959,0.069857,0.053687,0.039169,0.027221,0.018074,0.011497,0.007023,0.004129,0.00497,0.993918,0.006082,0.984028,0.015972,0.964314,0.035686,0.930314,0.069686,0.878522,0.121478,0.807741,0.192259,0.719883,0.280117,0.619837,0.380163,0.514461,0.485539,0.411093,0.588907,0.316099,0.683901,0.233905,0.766095,0.16665,0.83335,0.114407,0.885593,0.075751,0.924249,0.989501,0.010499,0.973767,0.026233,0.944311,0.055689,0.896594,0.103406,0.828324,0.171676,0.740694,0.259306,0.638532,0.361468,0.529267,0.470733,0.421175,0.578825,0.321585,0.678415,0.235626,0.764374,0.165769,0.834231,0.112082,0.887918,0.072913,0.927087,0.045692,0.954308,1,0.006101,1,0.010555,1,0.016101,1,0.026583,1,0.036338,1,0.0573,1,0.072233,1,0.109152,1,0.129514,0,1.762146,1,0.213514,0,1.349746,1,0.328667,0,1.017582,1,0.478299,0,0.753464,1,0.664636,0,0.546755,1,0.888936,0,0.387996,0,0.379942,0,0.268698,0,0.266449,0,0.181245,0,0.182302,0,0.118876,0,0.121498,0,0.075708,0,0.078774,0,0.046769
2366,2025/26,3,Zagłębie Lubin,Korona Kielce,15.0,19.0,34.0,12.625,10.9758,23.6008,0.009937,1,3434.9771,0.3749,0.3793,0.2024,0.3502,0.2824,0.0,0.0,0.0,0.0,2e-06,8e-06,2.7e-05,8.4e-05,0.00023,0.000561,0.001237,0.002493,0.004627,0.007964,0.01279,0.019261,0.02732,0.036641,0.046626,0.056467,0.065264,0.072167,0.076519,0.077956,0.076454,0.072303,0.066041,0.058345,0.049925,0.041428,0.033377,0.026137,0.019914,0.014776,0.010687,0.007541,0.005196,0.003498,0.002302,0.001483,0.000935,0.000578,0.00035,0.000208,0.000121,6.9e-05,8.5e-05,0.950716,0.049284,1,0.05054,0.923396,0.076604,1,0.079697,0.886755,0.113245,1,0.120187,0.840129,0.159871,1,0.174199,0.783662,0.216338,1,0.243777,0.718398,0.281602,1,0.330732,0.646231,0.353769,1,0.436599,0.569712,0.430288,1,0.562625,0.491755,0.508245,1,0.709774,0.415301,0.584699,1,0.878751,0.342998,0.657002,1,1.07003,0.276957,0.723043,1,1.283894,0.218611,0.781389,1,1.52046,0.168686,0.831314,1,1.779715,0.127258,0.872742,1,2.061541,0.09388,0.90612,1,2.365734,0.067743,0.932257,1,2.692028,0.04783,0.95217,1,3.04011,0.033053,0.966947,1,3.409629,7e-06,7.7e-05,0.000434,0.001656,0.004783,0.011156,0.021894,0.037178,0.055758,0.075022,0.091684,0.102789,0.106591,0.102945,0.093142,0.079346,0.063922,0.048886,0.035613,0.024787,0.016527,0.010583,0.006522,0.008661,3e-05,0.000296,0.001479,0.004976,0.012678,0.02609,0.045171,0.06767,0.089534,0.106278,0.114584,0.113332,0.103682,0.088341,0.070514,0.052995,0.037664,0.025412,0.016332,0.010028,0.005899,0.003332,0.001812,0.001869,0.993008,0.006992,0.981851,0.018149,0.959957,0.040043,0.922779,0.077221,0.867021,0.132979,0.791999,0.208001,0.700315,0.299685,0.597526,0.402474,0.490934,0.509066,0.387989,0.612011,0.294847,0.705153,0.215501,0.784499,0.151579,0.848421,0.102693,0.897307,0.06708,0.93292,0.980539,0.019461,0.954449,0.045551,0.909277,0.090723,0.841608,0.158392,0.752074,0.247926,0.645796,0.354204,0.531212,0.468788,0.41788,0.58212,0.314199,0.685801,0.225858,0.774142,0.155344,0.844656,0.102349,0.897651,0.064684,0.935316,0.039272,0.960728,0.02294,0.97706,1,0.007017,1,0.019653,1,0.018316,1,0.046621,1,0.040867,1,0.095106,1,0.080366,1,0.172441,1,0.142692,1,0.284921,1,0.233195,1,0.437272,1,0.356225,1,0.632594,1,0.514957,1,0.872561,1,0.711446,1,1.157729,1,0.946778,1,1.487849,1,1.221299,1,1.862113,0,0.24271,1,2.279367,0,0.164378,1,2.738241,0,0.108357,1,3.237243,0,0.069436,1,3.774873
2367,2025/26,3,Radomiak Radom,Raków Częstochowa,20.0,14.0,34.0,11.9754,11.7137,23.6891,0.009937,1,3434.9771,0.3749,0.3793,0.2024,0.3502,0.2824,0.0,0.0,0.0,0.0,2e-06,7e-06,2.5e-05,7.9e-05,0.000218,0.000533,0.00118,0.002386,0.004445,0.007679,0.012376,0.018703,0.026621,0.035828,0.045749,0.055597,0.06448,0.071543,0.076115,0.077807,0.076564,0.072649,0.066578,0.059014,0.050663,0.042178,0.034091,0.026782,0.020471,0.015238,0.011056,0.007826,0.005409,0.003653,0.002412,0.001558,0.000986,0.000611,0.000371,0.000221,0.000129,7.4e-05,9.2e-05,0.952367,0.047633,1,0.048805,0.925746,0.074254,1,0.077155,0.889918,0.110082,1,0.116626,0.844169,0.155831,1,0.169403,0.788571,0.211429,1,0.237532,0.724092,0.275908,1,0.322837,0.652548,0.347452,1,0.42687,0.576433,0.423567,1,0.550896,0.498626,0.501374,1,0.695899,0.422062,0.577938,1,0.862603,0.349413,0.650587,1,1.051501,0.282835,0.717165,1,1.262892,0.223821,0.776179,1,1.496908,0.173158,0.826842,1,1.753549,0.13098,0.86902,1,2.032707,0.096889,0.903111,1,2.33419,0.070107,0.929893,1,2.657739,0.049636,0.950364,1,3.003047,0.034398,0.965602,1,3.369771,1.2e-05,0.00013,0.000705,0.002565,0.007068,0.015729,0.029449,0.047707,0.068258,0.087618,0.102153,0.10926,0.108092,0.099594,0.085967,0.069866,0.053697,0.039178,0.027228,0.01808,0.011501,0.007026,0.004131,0.004972,1.5e-05,0.000162,0.000857,0.003055,0.008253,0.018008,0.033055,0.052501,0.073647,0.092685,0.105946,0.111099,0.107759,0.097344,0.08238,0.065641,0.049462,0.035381,0.024108,0.015695,0.009788,0.005863,0.003379,0.003908,0.989505,0.010495,0.973776,0.026224,0.944328,0.055672,0.896621,0.103379,0.828363,0.171637,0.740746,0.259254,0.638592,0.361408,0.529332,0.470668,0.42124,0.57876,0.321645,0.678355,0.235679,0.764321,0.165812,0.834188,0.112115,0.887885,0.072937,0.927063,0.045709,0.954291,0.987648,0.012352,0.969641,0.030359,0.936585,0.063415,0.884085,0.115915,0.810438,0.189562,0.717753,0.282247,0.611807,0.388193,0.500708,0.499292,0.392949,0.607051,0.295605,0.704395,0.213225,0.786775,0.147584,0.852416,0.098123,0.901877,0.062741,0.937259,0.038633,0.961367,1,0.01055,1,0.012429,1,0.026574,1,0.030829,1,0.057282,1,0.065515,1,0.109122,1,0.123202,1,0.188304,1,0.21018,1,0.300097,1,0.33163,1,0.44849,1,0.491338,1,0.636139,1,0.691732,1,0.864553,1,0.934075,1,1.134307,1,1.218731,1,1.445285,0,0.239813,1,1.796901,0,0.159681,1,2.18823,0,0.103277,1,2.618159,0,0.064796,1,3.08546,0,0.039399
2368,2025/26,3,Cracovia,Lechia Gdańsk,13.0,13.0,26.0,10.7408,11.7658,22.5066,0.009937,1,3434.9771,0.3749,0.3793,0.2024,0.3502,0.2824,0.0,0.0,0.0,1e-06,4e-06,1.6e-05,5.6e-05,0.000166,0.000436,0.001019,0.002154,0.004161,0.007401,0.012211,0.018795,0.027127,0.036877,0.0474,0.057806,0.067093,0.074316,0.078754,0.080024,0.07813,0.07343,0.066548,0.05825,0.049315,0.040437,0.032155,0.024825,0.018628,0.0136,0.009669,0.006702,0.004531,0.002991,0.001929,0.001217,0.000751,0.000454,0.000269,0.000156,8.9e-05,5e-05,2.7e-05,3e-05,0.926452,0.073548,1,0.076393,0.889576,0.110424,1,0.117011,0.842176,0.157824,1,0.171766,0.78437,0.21563,1,0.242874,0.717277,0.282723,1,0.332293,0.642961,0.357039,1,0.441671,0.564207,0.435793,1,0.572335,0.484183,0.515817,1,0.725293,0.406053,0.593947,1,0.901272,0.332623,0.667377,1,1.100746,0.266074,0.733926,1,1.32398,0.207824,0.792176,0,0.232972,0.158509,0.841491,0,0.17258,0.118072,0.881928,0,0.125645,0.085917,0.914083,0,0.089834,0.061092,0.938908,0,0.063038,0.042465,0.957535,0,0.043393,0.028865,0.971135,0,0.02929,0.019196,0.980804,0,0.019382,3.7e-05,0.000359,0.001758,0.005801,0.014495,0.029253,0.049668,0.072967,0.094675,0.110206,0.11652,0.113018,0.101394,0.08472,0.066316,0.048875,0.034065,0.022539,0.014205,0.008554,0.004934,0.002734,0.001457,0.001449,1.5e-05,0.000155,0.000824,0.002951,0.008003,0.017532,0.03231,0.051521,0.072561,0.091681,0.105216,0.110773,0.107871,0.097833,0.083123,0.066497,0.050306,0.036129,0.024716,0.016154,0.010115,0.006082,0.00352,0.004104,0.977547,0.022453,0.948294,0.051706,0.898626,0.101374,0.82566,0.17434,0.730985,0.269015,0.620779,0.379221,0.504259,0.495741,0.391241,0.608759,0.289847,0.710153,0.205127,0.794873,0.138811,0.861189,0.089936,0.910064,0.055871,0.944129,0.033332,0.966668,0.019127,0.980873,0.988042,0.011958,0.97051,0.02949,0.9382,0.0618,0.886679,0.113321,0.814119,0.185881,0.722438,0.277562,0.617222,0.382778,0.506449,0.493551,0.398579,0.601421,0.300745,0.699255,0.217622,0.782378,0.151126,0.848874,0.100819,0.899181,0.064691,0.935309,0.039975,0.960025,1,0.022709,1,0.01203,1,0.053091,1,0.029934,1,0.106888,1,0.063792,1,0.191572,1,0.120272,1,0.313362,1,0.205649,1,0.47678,1,0.325124,1,0.684665,1,0.482527,1,0.938432,1,0.680332,1,1.238402,1,0.91985,0,0.229573,0,0.35774,0,0.149441,0,0.245417,0,0.09424,0,0.163845,0,0.057492,0,0.106271,0,0.0339,0,0.066878,0,0.019312,0,0.040796
2369,2025/26,3,Lech Poznań,Górnik Zabrze,9.0,5.0,14.0,11.5534,10.3894,21.9428,0.009937,1,3434.9771,0.3749,0.3793,0.2024,0.3502,0.2824,0.0,0.0,0.0,1e-06,6e-06,2.4e-05,8.1e-05,0.000236,0.000603,0.001378,0.002848,0.005377,0.009349,0.015076,0.022681,0.031995,0.042511,0.053407,0.06366,0.072218,0.078186,0.080983,0.080431,0.076753,0.070508,0.062457,0.053435,0.044218,0.035439,0.027545,0.020785,0.015245,0.010879,0.007561,0.005122,0.003385,0.002184,0.001377,0.000849,0.000512,0.000302,0.000175,9.9e-05,5.5e-05,3e-05,1.6e-05,1.7e-05,0.910344,0.089656,0,2.411771,0.867833,0.132167,0,2.023687,0.814426,0.185574,0,1.684303,0.750767,0.249233,0,1.389365,0.678549,0.321451,0,1.13491,0.600363,0.399637,0,0.917199,0.51938,0.48062,0,0.732678,0.438949,0.561051,0,0.577944,0.362196,0.637804,0,0.449724,0.291688,0.708312,0,0.344871,0.229231,0.770769,0,0.260367,0.175797,0.824203,0,0.193338,0.131579,0.868421,0,0.141079,0.09614,0.90386,0,0.10108,0.068595,0.931405,0,0.071061,0.04781,0.95219,0,0.04899,0.032565,0.967435,0,0.033107,0.021686,0.978314,0,0.021924,0.014125,0.985875,0,0.014226,1.8e-05,0.000184,0.000965,0.003399,0.009069,0.019545,0.035437,0.055593,0.077027,0.095749,0.108105,0.111971,0.107272,0.095715,0.080007,0.062967,0.046865,0.033112,0.022285,0.01433,0.008827,0.005222,0.002973,0.003355,5.1e-05,0.000479,0.002275,0.007285,0.017662,0.034587,0.056983,0.081231,0.102271,0.115519,0.118515,0.111544,0.097104,0.07873,0.059799,0.042766,0.028923,0.018569,0.011356,0.006635,0.003714,0.001997,0.001033,0.000971,0.986357,0.013643,0.966812,0.033188,0.931375,0.068625,0.875782,0.124218,0.798755,0.201245,0.703006,0.296994,0.594901,0.405099,0.48293,0.51707,0.375657,0.624343,0.279942,0.720058,0.199936,0.800064,0.136969,0.863031,0.090104,0.909896,0.056992,0.943008,0.034707,0.965293,0.972247,0.027753,0.93766,0.06234,0.880677,0.119323,0.799446,0.200554,0.697175,0.302825,0.581656,0.418344,0.46314,0.53686,0.351596,0.648404,0.254492,0.745508,0.175762,0.824238,0.115963,0.884037,0.073197,0.926803,0.044275,0.955725,0.025706,0.974294,0.01435,0.98565,1,0.013737,1,0.028145,1,0.033751,0,2.775152,1,0.071093,0,2.125921,1,0.132638,0,1.606672,1,0.224701,0,1.1946,0,1.214043,0,0.871451,0,0.903624,0,0.622018,0,0.659577,0,0.433241,0,0.471055,0,0.293689,0,0.328424,0,0.193296,0,0.223064,0,0.123256,0,0.147305,0,0.076014,0,0.094425,0,0.045285,0,0.058681,0,0.026042,0,0.035324,0,0.014454
2370,2025/26,3,Widzew Łódź,GKS Katowice,6.0,7.0,13.0,11.2506,12.0531,23.3036,0.009937,1,3434.9771,0.3749,0.3793,0.2024,0.3502,0.2824,0.0,0.0,0.0,0.0,2e-06,9e-06,3.3e-05,0.000101,0.000273,0.00066,0.001439,0.002868,0.005264,0.008961,0.01423,0.021191,0.029722,0.039417,0.049597,0.059393,0.067876,0.074212,0.077803,0.078372,0.075995,0.071058,0.06417,0.056051,0.047418,0.038902,0.030986,0.023988,0.018068,0.013254,0.009477,0.006611,0.004502,0.002996,0.00195,0.001241,0.000774,0.000473,0.000283,0.000166,9.6e-05,5.4e-05,6.5e-05,0.944968,0.055032,0,2.899836,0.915246,0.084754,0,2.467998,0.875829,0.124171,0,2.086095,0.826232,0.173768,0,1.750035,0.766839,0.233161,0,1.456028,0.698964,0.301036,0,1.200525,0.624751,0.375249,0,0.980167,0.546949,0.453051,0,0.79175,0.468577,0.531423,0,0.632198,0.392583,0.607417,0,0.498539,0.321525,0.678475,0,0.387908,0.257355,0.742645,0,0.297537,0.201304,0.798696,0,0.224775,0.153886,0.846114,0,0.167101,0.114984,0.885016,0,0.122149,0.083998,0.916002,0,0.087737,0.06001,0.93999,0,0.061886,0.041941,0.958059,0,0.042846,0.028687,0.971313,0,0.029107,2.3e-05,0.000236,0.001207,0.004153,0.010821,0.02277,0.04031,0.061747,0.083538,0.101394,0.11178,0.113048,0.105751,0.092133,0.075197,0.057787,0.041995,0.028972,0.019039,0.011954,0.00719,0.004153,0.002309,0.002486,1.1e-05,0.000122,0.000665,0.002435,0.006748,0.015104,0.028443,0.046344,0.066693,0.086105,0.100971,0.108622,0.108083,0.100163,0.086959,0.071082,0.054948,0.040323,0.028186,0.018824,0.012044,0.0074,0.004376,0.00533,0.983554,0.016446,0.960785,0.039215,0.920474,0.079526,0.858727,0.141273,0.775189,0.224811,0.673795,0.326205,0.562016,0.437984,0.448967,0.551033,0.343216,0.656784,0.251083,0.748917,0.175886,0.824114,0.118099,0.881901,0.076104,0.923896,0.047132,0.952868,0.028092,0.971908,0.990002,0.009998,0.974898,0.025102,0.946455,0.053545,0.90011,0.09989,0.833417,0.166583,0.747312,0.252688,0.646341,0.353659,0.537719,0.462281,0.429636,0.570364,0.329473,0.670527,0.242514,0.757486,0.171432,0.828568,0.116484,0.883516,0.076161,0.923839,0.047975,0.952025,1,0.016583,1,0.010048,1,0.040005,1,0.025422,0,2.531671,1,0.055032,0,1.957061,0,2.303686,0,1.492495,0,1.792262,0,1.120229,0,1.3756,0,0.825573,0,1.039422,0,0.595961,0,0.771582,0,0.4204,0,0.561481,0,0.289127,0,0.399691,0,0.193446,0,0.27775,0,0.125675,0,0.188056,0,0.079156,0,0.123846,0,0.048279,0,0.079217,0,0.028494,0,0.049164
2371,2025/26,4,Arka Gdynia,Pogoń Szczecin,13.0,14.0,27.0,12.5979,12.1045,24.7024,0.010336,1,3486.6165,0.3721,0.3759,0.2069,0.3484,0.281,0.0,0.0,0.0,0.0,1e-06,4e-06,1.3e-05,4.3e-05,0.000121,0.000308,0.000706,0.001478,0.002852,0.005104,0.008523,0.013347,0.01969,0.027469,0.036366,0.045828,0.055123,0.063444,0.070028,0.074279,0.075856,0.074712,0.07108,0.065418,0.058321,0.050429,0.042342,0.03456,0.027449,0.021234,0.016015,0.011785,0.008468,0.005946,0.004083,0.002744,0.001806,0.001164,0.000736,0.000456,0.000278,0.000166,0.000224,0.967499,0.032501,1,0.03304,0.94781,0.05219,1,0.053601,0.92034,0.07966,1,0.083012,0.883974,0.116026,1,0.123328,0.838146,0.161854,1,0.176563,0.783023,0.216977,1,0.244594,0.719579,0.280421,1,0.329089,0.649551,0.350449,1,0.431474,0.575272,0.424728,1,0.552912,0.499416,0.500584,1,0.694316,0.424704,0.575296,1,0.856362,0.353625,0.646375,1,1.039519,0.288207,0.711793,0,0.339968,0.229886,0.770114,0,0.261216,0.179456,0.820544,0,0.197788,0.137114,0.862886,0,0.147473,0.102554,0.897446,0,0.108202,0.075105,0.924895,0,0.078075,0.053871,0.946129,0,0.055376,7e-06,8e-05,0.000451,0.001712,0.004918,0.011417,0.022306,0.037721,0.05636,0.075573,0.092074,0.102944,0.106493,0.102635,0.092696,0.07885,0.063448,0.048481,0.035297,0.02456,0.016376,0.010489,0.006468,0.008608,1.1e-05,0.00012,0.000651,0.002384,0.006611,0.014812,0.027933,0.045593,0.06575,0.085095,0.100066,0.107985,0.10782,0.100296,0.08743,0.071782,0.05575,0.041116,0.028893,0.019404,0.012488,0.00772,0.004595,0.005677,0.992795,0.007205,0.981378,0.018622,0.959073,0.040927,0.921352,0.078648,0.864992,0.135008,0.789419,0.210581,0.697345,0.302655,0.594401,0.405599,0.487908,0.512092,0.385273,0.614727,0.292577,0.707423,0.213727,0.786273,0.150279,0.849721,0.101798,0.898202,0.066501,0.933499,0.990205,0.009795,0.975392,0.024608,0.94746,0.05254,0.901867,0.098133,0.836117,0.163883,0.751022,0.248978,0.650956,0.349044,0.542971,0.457029,0.435151,0.564849,0.334855,0.665145,0.247424,0.752576,0.175642,0.824358,0.119892,0.880108,0.078776,0.921224,0.049883,0.950117,1,0.007231,1,0.009843,1,0.018798,1,0.024916,1,0.041788,1,0.053971,1,0.081913,1,0.103288,1,0.145035,1,0.178987,1,0.236458,1,0.28632,1,0.360475,1,0.429313,1,0.520201,1,0.610699,1,0.717628,1,0.832062,0,0.486577,1,1.094058,0,0.346126,0,0.284253,0,0.240451,0,0.19315,0,0.162847,0,0.127711,0,0.10736,0,0.082052,0,0.068815,0,0.05117
2372,2025/26,4,Legia Warszawa,GKS Katowice,11.0,13.0,24.0,11.9164,11.1147,23.031,0.010336,1,3486.6165,0.3721,0.3759,0.2069,0.3484,0.281,0.0,0.0,0.0,1e-06,3e-06,1.1e-05,4e-05,0.000123,0.000327,0.000778,0.001676,0.003297,0.005975,0.010046,0.015761,0.023189,0.032139,0.042126,0.052397,0.062036,0.070107,0.07581,0.078617,0.078348,0.075174,0.069564,0.062181,0.053768,0.045038,0.03659,0.028865,0.022136,0.016519,0.012007,0.008508,0.005882,0.003972,0.00262,0.001691,0.001068,0.00066,0.0004,0.000237,0.000138,7.9e-05,4.4e-05,5.2e-05,0.938774,0.061226,1,0.063181,0.906635,0.093365,1,0.098016,0.864509,0.135491,1,0.145594,0.812112,0.187888,1,0.208118,0.750075,0.249925,1,0.287582,0.679968,0.320032,1,0.385709,0.604159,0.395841,1,0.503919,0.525541,0.474459,1,0.643327,0.447193,0.552807,1,0.804765,0.372019,0.627981,0,0.465246,0.302456,0.697544,0,0.360189,0.240275,0.759725,0,0.274798,0.186506,0.813494,0,0.206417,0.141468,0.858532,0,0.152531,0.104878,0.895122,0,0.110796,0.076013,0.923987,0,0.079058,0.053877,0.946123,0,0.055383,0.037359,0.962641,0,0.038074,0.025352,0.974648,0,0.025679,1.3e-05,0.00014,0.000749,0.002703,0.007391,0.016332,0.030372,0.048889,0.069528,0.08874,0.102908,0.109515,0.107835,0.098923,0.08504,0.068853,0.052735,0.038355,0.02658,0.017603,0.011172,0.006811,0.003998,0.0048,2.7e-05,0.000269,0.001353,0.004591,0.011796,0.024492,0.042799,0.064734,0.086507,0.103748,0.113052,0.11305,0.104599,0.090163,0.072833,0.055411,0.039879,0.027254,0.017747,0.011044,0.006586,0.003773,0.002081,0.002208,0.98899,0.01101,0.972658,0.027342,0.942286,0.057714,0.893397,0.106603,0.823869,0.176131,0.735129,0.264871,0.632221,0.367779,0.522706,0.477294,0.41487,0.58513,0.315948,0.684052,0.230908,0.769092,0.162055,0.837945,0.109319,0.890681,0.070964,0.929036,0.044385,0.955615,0.98196,0.01804,0.957468,0.042532,0.914669,0.085331,0.849935,0.150065,0.763429,0.236571,0.659681,0.340319,0.546629,0.453371,0.433578,0.566422,0.32898,0.67102,0.238816,0.761184,0.165984,0.834016,0.110573,0.889427,0.070694,0.929306,0.04344,0.95656,0.025693,0.974307,1,0.011071,1,0.018205,1,0.027723,1,0.043463,1,0.059446,1,0.089193,1,0.112724,1,0.162595,1,0.193744,1,0.269935,1,0.307709,1,0.415999,1,0.458516,1,0.603985,0,0.739623,1,0.835684,0,0.535921,1,1.111758,0,0.379721,0,0.27288,0,0.262545,0,0.181503,0,0.176803,0,0.117178,0,0.115769,0,0.073317,0,0.073608,0,0.044412,0,0.0454,0,0.026029
2373,2025/26,4,Lechia Gdańsk,Motor Lublin,11.0,12.0,23.0,10.8067,12.0359,22.8426,0.010336,1,3486.6165,0.3721,0.3759,0.2069,0.3484,0.281,0.0,0.0,0.0,1e-06,3e-06,1.3e-05,4.6e-05,0.000138,0.000365,0.000862,0.001844,0.0036,0.006478,0.01081,0.016833,0.024584,0.033822,0.044005,0.054332,0.063855,0.071632,0.07689,0.079153,0.078305,0.074583,0.068512,0.060794,0.052185,0.043393,0.034997,0.027408,0.020865,0.015458,0.011154,0.007846,0.005386,0.00361,0.002365,0.001515,0.000949,0.000583,0.000351,0.000207,0.00012,6.8e-05,3.8e-05,4.4e-05,0.934423,0.065577,1,0.067826,0.9006,0.0994,1,0.104694,0.856595,0.143405,1,0.15479,0.802263,0.197737,1,0.220319,0.738408,0.261592,1,0.303259,0.666776,0.333224,1,0.405301,0.589886,0.410114,1,0.527826,0.510733,0.489267,1,0.671909,0.432428,0.567572,0,0.566387,0.357845,0.642155,0,0.442926,0.289333,0.710667,0,0.341552,0.22854,0.77146,0,0.25947,0.176354,0.823646,0,0.194015,0.132961,0.867039,0,0.142671,0.097964,0.902036,0,0.103101,0.070556,0.929444,0,0.073169,0.049691,0.950309,0,0.050968,0.034234,0.965766,0,0.034833,0.02308,0.97692,0,0.02335,3.6e-05,0.000346,0.001697,0.005612,0.014062,0.028469,0.048507,0.071539,0.093218,0.10901,0.115825,0.112936,0.101888,0.085638,0.067452,0.050039,0.035115,0.0234,0.014858,0.009016,0.005243,0.002928,0.001575,0.001592,1.2e-05,0.000127,0.000685,0.002496,0.006886,0.015351,0.028803,0.046776,0.067116,0.086426,0.101118,0.10857,0.107858,0.099826,0.086582,0.070727,0.054654,0.040104,0.02804,0.018736,0.011997,0.007379,0.00437,0.005343,0.978246,0.021754,0.949777,0.050223,0.90127,0.09873,0.829731,0.170269,0.736513,0.263487,0.627503,0.372497,0.511679,0.488321,0.398743,0.601257,0.296855,0.703145,0.211217,0.788783,0.143765,0.856235,0.093726,0.906274,0.058611,0.941389,0.035211,0.964789,0.020354,0.979646,0.989778,0.010222,0.974427,0.025573,0.945624,0.054376,0.898848,0.101152,0.831732,0.168268,0.745306,0.254694,0.644188,0.355812,0.535618,0.464382,0.427759,0.572241,0.327933,0.672067,0.241351,0.758649,0.170624,0.829376,0.115971,0.884029,0.075866,0.924134,0.047826,0.952174,1,0.021994,1,0.010275,1,0.051528,1,0.025906,1,0.10395,1,0.05591,1,0.186654,1,0.106641,1,0.305828,1,0.184245,1,0.466007,1,0.29396,1,0.670058,1,0.439765,0,0.508733,1,0.624334,0,0.352192,0,0.558195,0,0.237264,0,0.397397,0,0.15521,0,0.276216,0,0.098414,0,0.187082,0,0.060399,0,0.123265,0,0.035846,0,0.078898,0,0.020564,0,0.049007
2374,2025/26,4,Górnik Zabrze,Bruk-Bet Termalica Nieciecza,12.0,15.0,27.0,10.5178,12.0451,22.5629,0.010336,1,3486.6165,0.3721,0.3759,0.2069,0.3484,0.281,0.0,0.0,0.0,1e-06,4e-06,1.6e-05,5.5e-05,0.000164,0.000429,0.001004,0.002122,0.004098,0.007291,0.012034,0.018532,0.026767,0.036419,0.046863,0.057224,0.066513,0.073794,0.078341,0.079762,0.078041,0.073517,0.066793,0.05862,0.049769,0.040931,0.03265,0.025291,0.019044,0.013954,0.009959,0.00693,0.004705,0.003119,0.002021,0.00128,0.000794,0.000482,0.000287,0.000167,9.6e-05,5.4e-05,3e-05,3.4e-05,0.927483,0.072517,1,0.075281,0.891064,0.108936,1,0.115339,0.844201,0.155799,1,0.169365,0.786977,0.213023,1,0.239556,0.720464,0.279536,1,0.32786,0.64667,0.35333,1,0.435919,0.568329,0.431671,1,0.565055,0.488567,0.511433,1,0.716279,0.410526,0.589474,1,0.890317,0.337009,0.662991,1,1.087647,0.270216,0.729784,1,1.308535,0.211596,0.788404,1,1.553077,0.161827,0.838173,0,0.176531,0.120896,0.879104,0,0.128852,0.088246,0.911754,0,0.092385,0.062955,0.937045,0,0.065024,0.043911,0.956089,0,0.044904,0.029957,0.970043,0,0.030415,0.019998,0.980002,0,0.0202,4.6e-05,0.000437,0.002096,0.006766,0.016544,0.032687,0.054352,0.078227,0.099474,0.113521,0.11771,0.112007,0.098613,0.080887,0.062174,0.045011,0.030825,0.020046,0.012421,0.007356,0.004174,0.002275,0.001194,0.001153,1.2e-05,0.000126,0.000681,0.00248,0.006848,0.015278,0.028685,0.046616,0.066932,0.086247,0.100978,0.108494,0.107855,0.099891,0.086697,0.070869,0.054801,0.04024,0.028154,0.018825,0.012062,0.007425,0.0044,0.005387,0.974108,0.025892,0.941421,0.058579,0.887069,0.112931,0.808841,0.191159,0.709367,0.290633,0.595846,0.404154,0.478136,0.521864,0.366129,0.633871,0.267516,0.732484,0.186629,0.813371,0.124455,0.875545,0.079444,0.920556,0.048619,0.951381,0.028573,0.971427,0.016152,0.983848,0.989836,0.010164,0.974558,0.025442,0.945873,0.054127,0.899257,0.100743,0.832325,0.167675,0.746078,0.253922,0.6451,0.3549,0.536606,0.463394,0.428751,0.571249,0.32886,0.67114,0.242162,0.757838,0.171293,0.828707,0.116492,0.883508,0.076252,0.923748,0.048098,0.951902,1,0.026233,1,0.010216,1,0.060365,1,0.025771,1,0.119833,1,0.055647,1,0.212153,1,0.106186,1,0.343382,1,0.183532,1,0.517773,1,0.292925,1,0.73786,1,0.43835,1,1.00477,1,0.622491,0,0.311314,1,0.846879,0,0.206568,1,1.112123,0,0.132909,1,1.418148,0,0.082777,0,0.187889,0,0.049841,0,0.123855,0,0.028989,0,0.079316,0,0.016284,0,0.049293
2375,2025/26,4,Korona Kielce,Radomiak Radom,15.0,16.0,31.0,11.3024,13.6915,24.9939,0.010336,1,3486.6165,0.3721,0.3759,0.2069,0.3484,0.281,0.0,0.0,0.0,0.0,1e-06,3e-06,1.1e-05,3.6e-05,0.000102,0.000262,0.000607,0.001284,0.002503,0.004523,0.007628,0.012066,0.01798,0.025338,0.033885,0.043137,0.052417,0.060948,0.067966,0.072838,0.075156,0.074793,0.0719,0.066866,0.06024,0.052638,0.044665,0.036843,0.029574,0.023123,0.017626,0.01311,0.009522,0.006759,0.004692,0.003187,0.00212,0.001382,0.000883,0.000554,0.000341,0.000206,0.000285,0.970973,0.029027,1,0.029456,0.952994,0.047006,1,0.048147,0.927656,0.072344,1,0.075094,0.893771,0.106229,1,0.112306,0.850634,0.149366,1,0.161773,0.798217,0.201783,1,0.225374,0.737269,0.262731,1,0.304802,0.669303,0.330697,1,0.401519,0.596465,0.403535,1,0.516735,0.521309,0.478691,1,0.651413,0.446516,0.553484,1,0.80628,0.374616,0.625384,1,0.981854,0.307749,0.692251,1,1.17847,0.24751,0.75249,1,1.396306,0.194872,0.805128,1,1.635414,0.150207,0.849793,1,1.895741,0.113364,0.886636,0,0.120321,0.083791,0.916209,0,0.08751,0.060668,0.939332,0,0.062586,2.3e-05,0.000231,0.001179,0.004058,0.010587,0.022313,0.039581,0.060772,0.08244,0.100366,0.11102,0.112697,0.105849,0.092621,0.075949,0.058656,0.042852,0.029729,0.019651,0.012414,0.007515,0.00437,0.002447,0.002673,3e-06,3.3e-05,0.0002,0.000814,0.002517,0.006289,0.013221,0.024058,0.038679,0.05581,0.073166,0.088024,0.097984,0.101616,0.098754,0.090391,0.078266,0.064352,0.050415,0.037746,0.027082,0.018666,0.012385,0.019385,0.983918,0.016082,0.961604,0.038396,0.922023,0.077977,0.861251,0.138749,0.778811,0.221189,0.678445,0.321555,0.567425,0.432575,0.454727,0.545273,0.348878,0.651122,0.256258,0.743742,0.180309,0.819691,0.121653,0.878347,0.078801,0.921199,0.049072,0.950928,0.029421,0.970579,0.996289,0.003711,0.990001,0.009999,0.97678,0.02322,0.952722,0.047278,0.914042,0.085958,0.858233,0.141767,0.785067,0.214933,0.697043,0.302957,0.599059,0.400941,0.497443,0.502557,0.398688,0.601312,0.308297,0.691703,0.230031,0.769969,0.165679,0.834321,0.115264,0.884736,1,0.016213,1,0.003718,1,0.039153,1,0.010049,1,0.081185,1,0.023494,1,0.149369,1,0.048432,1,0.249987,1,0.089879,1,0.387952,1,0.15288,1,0.566647,1,0.241986,1,0.788058,1,0.360908,1,1.053033,1,0.512395,1,1.361571,1,0.698274,1,1.713083,1,0.919576,0,0.129714,1,1.176692,0,0.082079,0,0.261405,0,0.050317,0,0.181137,0,0.029862,0,0.122466
2376,2025/26,4,Raków Częstochowa,Zagłębie Lubin,11.0,21.0,32.0,11.0682,12.8619,23.9301,0.010336,1,3486.6165,0.3721,0.3759,0.2069,0.3484,0.281,0.0,0.0,0.0,0.0,1e-06,6e-06,2.2e-05,7e-05,0.000193,0.000475,0.001059,0.002156,0.004043,0.007032,0.011412,0.01737,0.024907,0.033776,0.043465,0.053243,0.062254,0.069651,0.074736,0.077064,0.076509,0.073258,0.067759,0.060629,0.052552,0.04418,0.036067,0.028623,0.022104,0.016627,0.012193,0.008725,0.006096,0.004163,0.00278,0.001817,0.001163,0.000729,0.000448,0.00027,0.00016,9.3e-05,0.000118,0.956159,0.043841,1,0.044831,0.931252,0.068748,1,0.071226,0.897476,0.102524,1,0.108169,0.85401,0.14599,1,0.157812,0.800767,0.199233,1,0.222185,0.738513,0.261487,1,0.303116,0.668862,0.331138,1,0.402178,0.594126,0.405874,1,0.520664,0.517062,0.482938,1,0.659593,0.440553,0.559447,1,0.819725,0.367294,0.632706,1,1.001592,0.299535,0.700465,1,1.205524,0.238906,0.761094,1,1.431686,0.186354,0.813646,1,1.680107,0.142174,0.857826,1,1.950705,0.106107,0.893893,1,2.243308,0.077484,0.922516,1,2.557679,0.05538,0.94462,0,0.056973,0.038754,0.961246,0,0.039525,2.8e-05,0.000279,0.0014,0.004732,0.012115,0.02506,0.043626,0.065738,0.087518,0.104567,0.113517,0.113089,0.104242,0.089518,0.07204,0.054602,0.039149,0.026655,0.017292,0.010721,0.006369,0.003635,0.001997,0.002104,6e-06,6.5e-05,0.000371,0.001432,0.004191,0.009909,0.019717,0.033961,0.05168,0.07058,0.087581,0.099732,0.105079,0.103146,0.09488,0.082201,0.067367,0.052428,0.038877,0.027551,0.01871,0.012206,0.007666,0.010613,0.981441,0.018559,0.956381,0.043619,0.912755,0.087245,0.847017,0.152983,0.759499,0.240501,0.654932,0.345068,0.541415,0.458585,0.428325,0.571675,0.324084,0.675916,0.234565,0.765435,0.162525,0.837475,0.107923,0.892077,0.068773,0.931227,0.042118,0.957882,0.024827,0.975173,0.993884,0.006116,0.983975,0.016025,0.964258,0.035742,0.930297,0.069703,0.878617,0.121383,0.808037,0.191963,0.720455,0.279545,0.620723,0.379277,0.515644,0.484356,0.412499,0.587501,0.317619,0.682381,0.235418,0.764582,0.168051,0.831949,0.115623,0.884377,0.076746,0.923254,1,0.018733,1,0.006135,1,0.044599,1,0.016155,1,0.091288,1,0.036396,1,0.166035,1,0.072251,1,0.275096,1,0.129406,1,0.423224,1,0.213147,1,0.613569,1,0.327872,0,0.559185,1,0.47687,0,0.391686,1,0.662339,0,0.267311,1,0.885521,0,0.177364,1,1.146903,0,0.114203,1,1.446393,0,0.071252,1,1.783488,0,0.043031,1,2.15742,0,0.02514,1,2.567254
2377,2025/26,4,Jagiellonia Białystok,Cracovia,14.0,17.0,31.0,11.2343,11.2436,22.4779,0.010336,1,3486.6165,0.3721,0.3759,0.2069,0.3484,0.281,0.0,0.0,0.0,1e-06,4e-06,1.7e-05,5.8e-05,0.000173,0.00045,0.001049,0.00221,0.004256,0.007548,0.012418,0.019063,0.027446,0.037222,0.04774,0.058104,0.067315,0.074436,0.078761,0.079921,0.077934,0.073167,0.066249,0.057944,0.049025,0.040181,0.03194,0.024654,0.018499,0.013507,0.009606,0.00666,0.004505,0.002976,0.001921,0.001213,0.000749,0.000453,0.000269,0.000156,8.9e-05,5e-05,2.7e-05,3.1e-05,0.925307,0.074693,1,0.07763,0.888084,0.111916,1,0.118688,0.840344,0.159656,1,0.173944,0.78224,0.21776,1,0.245594,0.714925,0.285075,1,0.335577,0.640489,0.359511,1,0.445524,0.561728,0.438272,1,0.576737,0.481808,0.518192,1,0.730211,0.403874,0.596126,1,0.906652,0.330707,0.669293,1,1.106523,0.264457,0.735543,1,1.330075,0.206514,0.793486,1,1.577388,0.157488,0.842512,1,1.848404,0.117308,0.882692,1,2.142955,0.085367,0.914633,1,2.460792,0.060713,0.939287,1,2.801598,0.042214,0.957786,0,0.043131,0.028706,0.971294,0,0.029127,0.0191,0.9809,0,0.019285,2.4e-05,0.000244,0.001239,0.004244,0.011011,0.023083,0.040726,0.062193,0.083912,0.101606,0.111785,0.112861,0.105431,0.091757,0.074834,0.057483,0.041769,0.028821,0.018948,0.011906,0.007169,0.004146,0.002309,0.002496,2.4e-05,0.000242,0.001231,0.004218,0.010952,0.022977,0.040568,0.061997,0.08371,0.101437,0.111683,0.112841,0.10549,0.091877,0.074987,0.057643,0.041916,0.028944,0.019043,0.011974,0.007215,0.004176,0.002327,0.002519,0.983232,0.016768,0.960149,0.039851,0.919423,0.080577,0.85723,0.14277,0.773319,0.226681,0.671713,0.328287,0.559928,0.440072,0.447067,0.552933,0.341636,0.658364,0.249879,0.750121,0.175045,0.824955,0.117562,0.882438,0.075794,0.924206,0.046973,0.953027,0.028025,0.971975,0.983327,0.016673,0.96035,0.03965,0.919783,0.080217,0.857785,0.142215,0.774075,0.225925,0.672638,0.327362,0.560955,0.439045,0.448114,0.551886,0.342624,0.657376,0.250747,0.749253,0.17576,0.82424,0.118116,0.881884,0.0762,0.9238,0.047256,0.952744,0.028213,0.971787,1,0.01691,1,0.016814,1,0.040667,1,0.040457,1,0.084009,1,0.083618,1,0.154049,1,0.153402,1,0.257064,1,0.256087,1,0.397924,1,0.396548,1,0.579947,1,0.578115,1,0.805047,1,0.802708,1,1.074009,1,1.071122,1,1.386778,1,1.383311,0,0.192426,1,1.738636,0,0.125067,1,2.136088,0,0.07882,1,2.574394,0,0.048112,0,0.048409,0,0.028425,0,0.028619
2378,2025/26,4,Piast Gliwice,Lech Poznań,10.0,9.0,19.0,12.3477,11.5092,23.8569,0.010336,1,3486.6165,0.3721,0.3759,0.2069,0.3484,0.281,0.0,0.0,0.0,0.0,1e-06,6e-06,2.3e-05,7.3e-05,0.000201,0.000494,0.001098,0.00223,0.004171,0.007237,0.011715,0.017786,0.025439,0.034408,0.044163,0.053956,0.062922,0.070212,0.075137,0.077269,0.076505,0.073055,0.067386,0.06013,0.051974,0.043572,0.035471,0.02807,0.021615,0.016213,0.011855,0.008458,0.005893,0.004012,0.002671,0.001741,0.001111,0.000694,0.000425,0.000256,0.000151,8.7e-05,0.00011,0.954962,0.045038,1,0.046084,0.929523,0.070477,1,0.073083,0.895116,0.104884,1,0.110802,0.850953,0.149047,1,0.161399,0.796996,0.203004,0,1.59453,0.734074,0.265926,0,1.324537,0.663862,0.336138,0,1.090233,0.588725,0.411275,0,0.888494,0.511456,0.488544,0,0.716326,0.434951,0.565049,0,0.570843,0.361896,0.638104,0,0.449253,0.294509,0.705491,0,0.348862,0.23438,0.76562,0,0.267069,0.182406,0.817594,0,0.201389,0.138834,0.861166,0,0.149467,0.103363,0.896637,0,0.109104,0.075293,0.924707,0,0.078278,0.053677,0.946323,0,0.055172,0.037465,0.962535,0,0.038185,9e-06,9.8e-05,0.000544,0.002026,0.005717,0.013038,0.025024,0.041573,0.061022,0.080383,0.096209,0.105672,0.107391,0.101677,0.090213,0.075387,0.059593,0.044733,0.031995,0.02187,0.014326,0.009014,0.00546,0.006999,1.9e-05,0.000195,0.001012,0.003541,0.009388,0.020112,0.036258,0.056581,0.07801,0.096525,0.108518,0.111959,0.106875,0.095048,0.079213,0.062177,0.046168,0.032553,0.02187,0.014042,0.00864,0.005106,0.002906,0.003278,0.991581,0.008419,0.978543,0.021457,0.953519,0.046481,0.911945,0.088055,0.850924,0.149076,0.77054,0.22946,0.674331,0.325669,0.568659,0.431341,0.461268,0.538732,0.35959,0.64041,0.269377,0.730623,0.19399,0.80601,0.134398,0.865602,0.089664,0.910336,0.057669,0.942331,0.985837,0.014163,0.965726,0.034274,0.929467,0.070533,0.872886,0.127114,0.794876,0.205124,0.698351,0.301649,0.589833,0.410167,0.477874,0.522126,0.370999,0.629001,0.275952,0.724048,0.196738,0.803262,0.134561,0.865439,0.088394,0.911606,0.055841,0.944159,0.033971,0.966029,1,0.008455,1,0.014264,1,0.021691,1,0.034875,1,0.047596,1,0.073144,1,0.092176,1,0.13595,1,0.161432,1,0.229569,1,0.260664,0,1.198491,0,1.121874,0,0.891191,0,0.840856,0,0.649846,0,0.618537,0,0.463622,0,0.445647,0,0.322898,0,0.313858,0,0.219074,0,0.215659,0,0.144518,0,0.14433,0,0.092547,0,0.093942,0,0.057461,0,0.059399,0,0.034561
2379,2025/26,4,Widzew Łódź,Wisła Płock,7.0,12.0,19.0,13.1575,14.5625,27.72,0.010336,1,3486.6165,0.3721,0.3759,0.2069,0.3484,0.281,0.0,0.0,0.0,0.0,0.0,0.0,2e-06,6e-06,1.9e-05,5.4e-05,0.000137,0.000317,0.000677,0.001341,0.002477,0.004293,0.00701,0.010823,0.015858,0.022118,0.029444,0.037507,0.04582,0.053792,0.060801,0.06628,0.069794,0.071096,0.070156,0.067144,0.062401,0.056375,0.04956,0.042438,0.035427,0.028856,0.022952,0.017841,0.013562,0.010088,0.007348,0.005245,0.00367,0.002519,0.001697,0.001122,0.001933,0.990677,0.009323,1,0.009367,0.983667,0.016333,1,0.016468,0.972843,0.027157,1,0.027532,0.956985,0.043015,1,0.043967,0.934867,0.065133,0,2.731329,0.905423,0.094577,0,2.358343,0.867916,0.132084,0,2.024319,0.822096,0.177904,0,1.726512,0.768304,0.231696,0,1.46233,0.707503,0.292497,0,1.229301,0.641223,0.358777,0,1.025055,0.571429,0.428571,0,0.8473,0.500333,0.499667,0,0.693814,0.430177,0.569823,0,0.56243,0.363033,0.636967,0,0.451038,0.300632,0.699368,0,0.357579,0.244258,0.755742,0,0.280055,0.194697,0.805303,0,0.216537,0.15226,0.84774,0,0.165181,4e-06,5.1e-05,0.000297,0.001172,0.003499,0.00844,0.017135,0.03011,0.046747,0.065134,0.082459,0.095798,0.102977,0.103127,0.096782,0.085545,0.071526,0.056791,0.042964,0.031064,0.021522,0.014324,0.009178,0.013278,1e-06,1.6e-05,0.000104,0.000448,0.00146,0.003849,0.008539,0.016398,0.027822,0.042364,0.058609,0.07441,0.08741,0.095662,0.098108,0.094765,0.08659,0.075133,0.062116,0.049079,0.03716,0.027027,0.018925,0.03363,0.994901,0.005099,0.986461,0.013539,0.969326,0.030674,0.939216,0.060784,0.892469,0.107531,0.827335,0.172665,0.744876,0.255124,0.649078,0.350922,0.546101,0.453899,0.442974,0.557026,0.346192,0.653808,0.260648,0.739352,0.189121,0.810879,0.13233,0.86767,0.089366,0.910634,0.997596,0.002404,0.993747,0.006253,0.985208,0.014792,0.968809,0.031191,0.940987,0.059013,0.898624,0.101376,0.840015,0.159985,0.765605,0.234395,0.678195,0.321805,0.582533,0.417467,0.484425,0.515575,0.38966,0.61034,0.303069,0.696931,0.227936,0.772064,0.165821,0.834179,1,0.005112,1,0.002407,1,0.013631,1,0.006273,1,0.031154,1,0.014902,0,2.800429,1,0.031688,0,2.229976,1,0.060826,0,1.756402,1,0.106891,0,1.366006,1,0.174336,0,1.047191,1,0.267089,0,0.789881,0,1.13381,0,0.585143,0,0.87355,0,0.424942,0,0.662472,0,0.301981,0,0.493739,0,0.209636,0,0.361069,0,0.141944,0,0.258688,0,0.093614,0,0.181307
2380,2025/26,5,Wisła Płock,Legia Warszawa,5.0,9.0,14.0,12.2957,13.1399,25.4356,0.010018,1,3534.0029,0.4011,0.4072,0.1965,0.3434,0.2851,0.0,0.0,0.0,0.0,0.0,2e-06,8e-06,2.6e-05,7.7e-05,0.0002,0.000471,0.001014,0.002012,0.003701,0.006353,0.010225,0.0155,0.022219,0.030219,0.039117,0.048325,0.057117,0.064734,0.070495,0.073903,0.07471,0.072947,0.068893,0.063019,0.055903,0.048149,0.040309,0.032833,0.026046,0.02014,0.015194,0.011192,0.008055,0.005669,0.003904,0.002632,0.001739,0.001126,0.000715,0.000446,0.000273,0.000389,0.975911,0.024089,0,3.725982,0.96041,0.03959,0,3.229186,0.938192,0.061808,0,2.783718,0.907973,0.092027,0,2.38567,0.868856,0.131144,0,2.031457,0.820531,0.179469,0,1.717753,0.763414,0.236586,0,1.441445,0.698681,0.301319,0,1.199585,0.628186,0.371814,0,0.989361,0.554283,0.445717,0,0.808071,0.479573,0.520427,0,0.653105,0.406626,0.593374,0,0.52193,0.337733,0.662267,0,0.412086,0.274714,0.725286,0,0.32119,0.218811,0.781189,0,0.246938,0.170661,0.829339,0,0.187127,0.130353,0.869647,0,0.139668,0.09752,0.90248,0,0.102609,0.071474,0.928526,0,0.074157,9e-06,0.000101,0.000557,0.002074,0.005848,0.013317,0.025514,0.0423,0.061942,0.081383,0.097124,0.106342,0.107703,0.101599,0.089791,0.074722,0.058808,0.043939,0.031274,0.021269,0.013858,0.008671,0.005223,0.006608,4e-06,5.1e-05,0.000297,0.001171,0.0035,0.008455,0.017182,0.030214,0.046928,0.065397,0.082782,0.096138,0.103276,0.103334,0.096865,0.085499,0.071372,0.056563,0.042701,0.030802,0.021286,0.014128,0.009025,0.012958,0.991387,0.008613,0.97807,0.02193,0.952556,0.047444,0.910256,0.089744,0.848314,0.151686,0.766931,0.233069,0.669807,0.330193,0.563465,0.436535,0.455762,0.544238,0.354163,0.645837,0.264372,0.735628,0.189649,0.810351,0.130842,0.869158,0.086902,0.913098,0.055628,0.944372,0.994906,0.005094,0.986451,0.013549,0.96927,0.03073,0.939056,0.060944,0.892127,0.107873,0.82673,0.17327,0.743948,0.256052,0.64781,0.35219,0.544534,0.455466,0.441201,0.558799,0.344335,0.655665,0.258836,0.741164,0.187464,0.812536,0.130901,0.869099,0.0882,0.9118,1,0.00865,1,0.005107,0,3.8199,1,0.013642,0,3.048205,1,0.031212,0,2.410794,1,0.06288,0,1.885943,1,0.114147,0,1.456421,0,1.752904,0,1.108078,0,1.362375,0,0.828887,0,1.043584,0,0.608369,0,0.786434,0,0.437208,0,0.581965,0,0.307031,0,0.422105,0,0.210288,0,0.299533,0,0.14023,0,0.207595,0,0.090912,0,0.140298,0,0.057235,0,0.092335
2381,2025/26,5,Bruk-Bet Termalica Nieciecza,Raków Częstochowa,17.0,14.0,31.0,11.2631,12.6301,23.8932,0.010018,1,3534.0029,0.4011,0.4072,0.1965,0.3434,0.2851,0.0,0.0,0.0,0.0,1e-06,6e-06,2.2e-05,7e-05,0.000194,0.000478,0.001066,0.002171,0.004073,0.007086,0.011502,0.017508,0.025102,0.034031,0.043776,0.053594,0.062621,0.070004,0.075041,0.077293,0.07664,0.073282,0.067678,0.060457,0.052309,0.043891,0.035758,0.028315,0.021816,0.01637,0.011974,0.008545,0.005954,0.004054,0.002699,0.001758,0.001121,0.000701,0.000429,0.000258,0.000152,8.8e-05,0.000111,0.955822,0.044178,1,0.045183,0.93072,0.06928,1,0.071796,0.896689,0.103311,1,0.109046,0.852913,0.147087,1,0.159098,0.799319,0.200681,1,0.223995,0.736698,0.263302,1,0.305578,0.666694,0.333306,1,0.405425,0.591652,0.408348,1,0.524836,0.514359,0.485641,1,0.664833,0.437719,0.562281,1,0.826178,0.364437,0.635563,1,1.009402,0.296758,0.703242,1,1.214837,0.236301,0.763699,1,1.442647,0.183993,0.816007,1,1.692858,0.140102,0.859898,1,1.965386,0.104344,0.895656,1,2.26006,0.076029,0.923971,0,0.079075,0.054213,0.945787,0,0.055738,0.037843,0.962157,0,0.038578,2.3e-05,0.000235,0.0012,0.004128,0.01076,0.022654,0.040128,0.061507,0.083271,0.101149,0.111604,0.112974,0.105785,0.09226,0.075384,0.057999,0.042201,0.029152,0.019183,0.012061,0.007266,0.004203,0.002341,0.002528,7e-06,7.7e-05,0.000434,0.001655,0.004779,0.011145,0.021869,0.037132,0.055688,0.074932,0.091584,0.102697,0.106522,0.102911,0.093147,0.079386,0.063986,0.048963,0.035691,0.024858,0.016587,0.01063,0.006557,0.008725,0.983649,0.016351,0.960995,0.039005,0.920868,0.079132,0.859361,0.140639,0.77609,0.22391,0.674941,0.325059,0.563337,0.436663,0.450363,0.549637,0.344578,0.655422,0.252318,0.747682,0.176934,0.823066,0.118935,0.881065,0.076734,0.923266,0.047582,0.952418,0.028399,0.971601,0.993011,0.006989,0.981866,0.018134,0.959997,0.040003,0.922864,0.077136,0.867176,0.132824,0.792245,0.207755,0.700661,0.299339,0.597964,0.402036,0.491442,0.508558,0.388531,0.611469,0.295384,0.704616,0.215998,0.784002,0.152012,0.847988,0.103049,0.896951,0.067358,0.932642,1,0.016486,1,0.007014,1,0.039786,1,0.0183,1,0.082439,1,0.040825,1,0.151566,1,0.080273,1,0.253487,1,0.142513,1,0.39313,1,0.232885,1,0.573877,1,0.355731,1,0.797701,1,0.514225,1,1.065435,1,0.710411,1,1.377065,1,0.945382,1,1.731978,0,0.350102,1,2.129178,0,0.243344,1,2.56741,0,0.164889,0,0.048751,0,0.108754,0,0.02881,0,0.069734
2382,2025/26,5,Motor Lublin,Piast Gliwice,17.0,16.0,33.0,13.1921,11.143,24.3351,0.010018,1,3534.0029,0.4011,0.4072,0.1965,0.3434,0.2851,0.0,0.0,0.0,0.0,1e-06,5e-06,1.7e-05,5.3e-05,0.000149,0.000374,0.000848,0.001754,0.003345,0.005914,0.009756,0.015093,0.021993,0.030304,0.039619,0.0493,0.058548,0.066525,0.072483,0.075885,0.076483,0.074337,0.069784,0.063367,0.055732,0.047537,0.039369,0.031691,0.024822,0.018935,0.01408,0.010215,0.007236,0.005009,0.00339,0.002245,0.001456,0.000925,0.000576,0.000352,0.000211,0.000124,0.000162,0.962692,0.037308,1,0.038022,0.940699,0.059301,1,0.061132,0.910395,0.089605,1,0.093877,0.870776,0.129224,1,0.138371,0.821476,0.178524,1,0.196652,0.762928,0.237072,1,0.270591,0.696404,0.303596,1,0.361825,0.623921,0.376079,1,0.471731,0.548036,0.451964,1,0.601415,0.471553,0.528447,1,0.751724,0.397216,0.602784,1,0.923275,0.327432,0.672568,1,1.116475,0.264065,0.735935,1,1.331558,0.208334,0.791666,1,1.568615,0.160797,0.839203,1,1.827614,0.121428,0.878572,1,2.108433,0.089737,0.910263,1,2.410871,0.064915,0.935085,1,2.734672,0.045981,0.954019,0,0.047071,4e-06,4.8e-05,0.000285,0.00113,0.00339,0.008216,0.016756,0.029568,0.046087,0.06445,0.081869,0.095411,0.102855,0.103274,0.097149,0.08605,0.072084,0.057328,0.043431,0.031438,0.021802,0.014521,0.009309,0.013469,2.6e-05,0.000259,0.001311,0.004468,0.011534,0.024049,0.042191,0.064049,0.085882,0.10332,0.112906,0.113195,0.104976,0.090675,0.073379,0.055914,0.040294,0.027568,0.017967,0.011188,0.006675,0.003825,0.002109,0.002236,0.995067,0.004933,0.98685,0.01315,0.970094,0.029906,0.940526,0.059474,0.894439,0.105561,0.829989,0.170011,0.74812,0.25188,0.652709,0.347291,0.549854,0.450146,0.446581,0.553419,0.349432,0.650568,0.263381,0.736619,0.191297,0.808703,0.13397,0.86603,0.090539,0.909461,0.982398,0.017602,0.958349,0.041651,0.916158,0.083842,0.852108,0.147892,0.766226,0.233774,0.662907,0.337093,0.550001,0.449999,0.436806,0.563194,0.33183,0.66817,0.241155,0.758845,0.167776,0.832224,0.111862,0.888138,0.071567,0.928433,0.044,0.956,0.026033,0.973967,1,0.004945,1,0.017759,1,0.013237,1,0.042543,1,0.030362,1,0.087566,1,0.061316,1,0.160042,1,0.111559,1,0.266278,1,0.186343,1,0.411121,1,0.290192,1,0.597835,1,0.426624,1,0.828266,1,0.598102,1,1.103132,1,0.806134,1,1.422315,1,1.051446,1,1.785126,1,1.334154,1,2.190489,1,1.653928,0,0.074257,0,0.143836,0,0.044997,0,0.094903,0,0.026378
2383,2025/26,5,Zagłębie Lubin,Lechia Gdańsk,6.0,9.0,15.0,12.3486,11.0646,23.4132,0.010018,1,3534.0029,0.4011,0.4072,0.1965,0.3434,0.2851,0.0,0.0,0.0,0.0,2e-06,9e-06,3.1e-05,9.5e-05,0.000258,0.000623,0.001365,0.002731,0.005031,0.008595,0.013702,0.020482,0.028839,0.038394,0.048501,0.058313,0.06691,0.073454,0.077325,0.078214,0.07616,0.071514,0.064858,0.056896,0.048343,0.039834,0.031869,0.024782,0.018751,0.013817,0.009925,0.006955,0.004759,0.003182,0.00208,0.001331,0.000834,0.000511,0.000308,0.000182,0.000105,6e-05,7.2e-05,0.947076,0.052924,0,2.9389,0.918237,0.081763,0,2.503935,0.879843,0.120157,0,2.118955,0.831342,0.168658,0,1.77988,0.773029,0.226971,0,1.482933,0.706119,0.293881,0,1.22458,0.632665,0.367335,0,1.00148,0.55534,0.44466,0,0.810445,0.477126,0.522874,0,0.648415,0.400966,0.599034,0,0.512438,0.329453,0.670547,0,0.399661,0.264595,0.735405,0,0.307334,0.207699,0.792301,0,0.232814,0.159356,0.840644,0,0.173587,0.119522,0.880478,0,0.12729,0.087653,0.912347,0,0.091735,0.062871,0.937129,0,0.064934,0.04412,0.95588,0,0.045123,0.030303,0.969697,0,0.030772,9e-06,9.7e-05,0.000536,0.002002,0.005665,0.012949,0.024905,0.041448,0.060928,0.080356,0.096266,0.105806,0.10757,0.101863,0.090369,0.075491,0.05964,0.044732,0.03196,0.021818,0.01427,0.008964,0.005419,0.006912,2.8e-05,0.000276,0.001389,0.004704,0.012066,0.025,0.043582,0.065741,0.087592,0.10471,0.1137,0.11327,0.10438,0.089589,0.072041,0.054547,0.03906,0.026554,0.017197,0.010641,0.006308,0.003591,0.001968,0.002061,0.991667,0.008333,0.978718,0.021282,0.953813,0.046187,0.912364,0.087636,0.851437,0.148563,0.77108,0.22892,0.674814,0.325186,0.569008,0.430992,0.461438,0.538562,0.359575,0.640425,0.269206,0.730794,0.193716,0.806284,0.134076,0.865924,0.089344,0.910656,0.057384,0.942616,0.981533,0.018467,0.956533,0.043467,0.912951,0.087049,0.847209,0.152791,0.759617,0.240383,0.654907,0.345093,0.541207,0.458793,0.427937,0.572063,0.323557,0.676443,0.233968,0.766032,0.161927,0.838073,0.10738,0.89262,0.06832,0.93168,0.041766,0.958234,0.024569,0.975431,1,0.008368,1,0.01864,1,0.021512,1,0.04444,0,3.075057,1,0.091073,0,2.434563,1,0.165808,0,1.906746,1,0.274941,0,1.474383,0,1.063941,0,1.123358,0,0.779156,0,0.841666,0,0.558506,0,0.618853,0,0.390907,0,0.445623,0,0.266531,0,0.313624,0,0.17665,0,0.215319,0,0.113594,0,0.143958,0,0.070766,0,0.09359,0,0.042663,0,0.059096,0,0.024876
2384,2025/26,5,Radomiak Radom,Jagiellonia Białystok,20.0,12.0,32.0,13.3147,12.2132,25.528,0.010018,1,3534.0029,0.4011,0.4072,0.1965,0.3434,0.2851,0.0,0.0,0.0,0.0,0.0,2e-06,7e-06,2.5e-05,7.2e-05,0.00019,0.000448,0.000968,0.001927,0.003557,0.006124,0.009888,0.015037,0.021623,0.029503,0.038312,0.047481,0.0563,0.064012,0.069933,0.073549,0.074592,0.073065,0.069227,0.063528,0.056537,0.048852,0.041029,0.033528,0.026683,0.0207,0.015667,0.011578,0.00836,0.005903,0.004078,0.002759,0.001828,0.001188,0.000757,0.000473,0.000291,0.000417,0.976791,0.023209,1,0.023482,0.961754,0.038246,1,0.038996,0.940131,0.059869,1,0.061736,0.910628,0.089372,1,0.09362,0.872316,0.127684,1,0.136603,0.824835,0.175165,1,0.192572,0.768535,0.231465,1,0.263269,0.704522,0.295478,1,0.350235,0.634589,0.365411,1,0.454777,0.56104,0.43896,1,0.577963,0.486449,0.513551,1,0.720624,0.413383,0.586617,1,0.88338,0.344156,0.655844,1,1.066659,0.280628,0.719372,1,1.270724,0.224091,0.775909,1,1.495703,0.175239,0.824761,1,1.741606,0.134209,0.865791,1,2.008354,0.100682,0.899318,0,0.106118,0.073999,0.926001,0,0.076879,4e-06,4.4e-05,0.00026,0.001039,0.003143,0.007681,0.015792,0.028096,0.044152,0.06225,0.079723,0.093671,0.101807,0.10306,0.097743,0.087287,0.073719,0.059109,0.045147,0.032948,0.023037,0.015469,0.009998,0.014731,1e-05,0.000108,0.000593,0.002193,0.006145,0.013909,0.026489,0.043654,0.063543,0.082986,0.098446,0.107145,0.107867,0.101146,0.088857,0.073502,0.057502,0.042707,0.030215,0.020425,0.013229,0.008228,0.004926,0.006156,0.995422,0.004578,0.987741,0.012259,0.971949,0.028051,0.943852,0.056148,0.899701,0.100299,0.837451,0.162549,0.757728,0.242272,0.664057,0.335943,0.562249,0.437751,0.459189,0.540811,0.361446,0.638554,0.27416,0.72584,0.20044,0.79956,0.141332,0.858668,0.096184,0.903816,0.990932,0.009068,0.977023,0.022977,0.950533,0.049467,0.90688,0.09312,0.843337,0.156663,0.76035,0.23965,0.661904,0.338096,0.55476,0.44524,0.446892,0.553108,0.345746,0.654254,0.25689,0.74311,0.183388,0.816612,0.125886,0.874114,0.083179,0.916821,0.052964,0.947036,1,0.004589,1,0.009109,1,0.012335,1,0.023245,1,0.028452,1,0.050732,1,0.057786,1,0.097745,1,0.105693,1,0.170389,1,0.177393,1,0.273976,1,0.277431,1,0.412635,1,0.409387,1,0.58922,1,0.57581,0,0.592202,1,0.778293,0,0.42426,1,1.017643,0,0.296911,1,1.294043,0,0.202591,1,1.60724,0,0.134544,1,1.956644,0,0.086843,1,2.341492,0,0.054418
2385,2025/26,5,Pogoń Szczecin,Górnik Zabrze,11.0,16.0,27.0,11.7659,10.1036,21.8695,0.010018,1,3534.0029,0.4011,0.4072,0.1965,0.3434,0.2851,0.0,0.0,0.0,1e-06,6e-06,2.5e-05,8.5e-05,0.000248,0.000632,0.001438,0.002962,0.005571,0.009652,0.01551,0.023253,0.032692,0.043292,0.05421,0.064408,0.072833,0.078604,0.081164,0.080364,0.076459,0.070028,0.061852,0.052764,0.043539,0.034798,0.026972,0.020298,0.014848,0.010568,0.007326,0.00495,0.003263,0.002101,0.001321,0.000813,0.000489,0.000288,0.000166,9.4e-05,5.2e-05,2.8e-05,1.5e-05,1.6e-05,0.907924,0.092076,1,0.096595,0.864632,0.135368,1,0.145452,0.810422,0.189578,1,0.2102,0.746014,0.253986,1,0.29301,0.673181,0.326819,1,0.39574,0.594578,0.405422,1,0.519904,0.513414,0.486586,1,0.666673,0.43305,0.56695,1,0.836902,0.356592,0.643408,1,1.031164,0.286563,0.713437,1,1.249796,0.224712,0.775288,1,1.492938,0.171947,0.828053,1,1.760568,0.128408,0.871592,0,0.137434,0.09361,0.90639,0,0.098285,0.066638,0.933362,0,0.068962,0.046339,0.953661,0,0.047448,0.031491,0.968509,0,0.031998,0.020923,0.979077,0,0.021145,0.013598,0.986402,0,0.013691,1.5e-05,0.000156,0.000827,0.002958,0.008018,0.017555,0.032337,0.051545,0.072571,0.091671,0.105186,0.11073,0.107824,0.097793,0.083096,0.066485,0.050308,0.03614,0.024731,0.016171,0.01013,0.006094,0.003529,0.00412,6.6e-05,0.000606,0.00281,0.008766,0.020711,0.039528,0.063471,0.088193,0.108238,0.119185,0.119211,0.109393,0.092857,0.073413,0.054377,0.037925,0.025016,0.015665,0.009345,0.005326,0.002908,0.001525,0.00077,0.000692,0.988016,0.011984,0.970462,0.029538,0.938125,0.061875,0.88658,0.11342,0.81401,0.18599,0.722338,0.277662,0.617152,0.382848,0.506422,0.493578,0.398598,0.601402,0.300805,0.699195,0.217709,0.782291,0.151224,0.848776,0.100915,0.899085,0.064775,0.935225,0.040044,0.959956,0.96704,0.03296,0.927512,0.072488,0.864041,0.135959,0.775848,0.224152,0.66761,0.33239,0.548424,0.451576,0.429213,0.570787,0.31982,0.68018,0.226963,0.773037,0.15355,0.84645,0.099172,0.900828,0.061247,0.938753,0.036231,0.963769,0.020566,0.979434,0.011222,0.988778,1,0.012056,1,0.033515,1,0.029983,1,0.07525,1,0.063872,1,0.146135,1,0.120384,1,0.253799,1,0.205783,1,0.404051,1,0.325262,1,0.600707,1,0.48264,1,0.845802,0,0.706074,1,1.139997,0,0.508492,1,1.482968,0,0.357826,1,1.873729,0,0.245528,1,2.3109,0,0.16396,1,2.79284,0,0.106378,0,0.036904,0,0.066968,0,0.02078,0,0.040868,0,0.011285
2386,2025/26,5,Cracovia,Widzew Łódź,16.0,11.0,27.0,11.2205,12.535,23.7555,0.010018,1,3534.0029,0.4011,0.4072,0.1965,0.3434,0.2851,0.0,0.0,0.0,0.0,2e-06,7e-06,2.5e-05,7.7e-05,0.00021,0.000516,0.001145,0.002319,0.004329,0.007492,0.0121,0.018323,0.026136,0.035251,0.045111,0.054945,0.06387,0.071032,0.075752,0.077623,0.076572,0.07284,0.066923,0.059475,0.051194,0.042735,0.034636,0.027286,0.020914,0.015613,0.011361,0.008066,0.005591,0.003787,0.002508,0.001625,0.001031,0.000641,0.000391,0.000234,0.000137,7.9e-05,9.8e-05,0.953456,0.046544,1,0.047662,0.92732,0.07268,1,0.075457,0.892069,0.107931,1,0.114211,0.846958,0.153042,1,0.166104,0.792013,0.207987,1,0.233178,0.728143,0.271857,1,0.317257,0.657111,0.342889,1,0.419902,0.58136,0.41864,1,0.542386,0.503736,0.496264,1,0.685702,0.427165,0.572835,1,0.850586,0.354325,0.645675,1,1.037542,0.287401,0.712599,1,1.246876,0.227927,0.772073,0,0.258676,0.176733,0.823267,0,0.194475,0.133998,0.866002,0,0.143868,0.099362,0.900638,0,0.104652,0.072077,0.927923,0,0.074806,0.051162,0.948838,0,0.052517,0.03555,0.96445,0,0.036197,2.4e-05,0.000243,0.001238,0.004246,0.011029,0.02314,0.04085,0.062402,0.084196,0.101924,0.112077,0.113067,0.105513,0.091709,0.074679,0.057261,0.041523,0.028586,0.018747,0.011747,0.007052,0.004066,0.002256,0.002421,7e-06,8.3e-05,0.000466,0.001765,0.005062,0.011727,0.022857,0.03855,0.057427,0.076755,0.093186,0.103793,0.106939,0.102623,0.092265,0.078108,0.062535,0.047533,0.034417,0.02381,0.015782,0.010046,0.006155,0.008074,0.983215,0.016785,0.960075,0.039925,0.919225,0.080775,0.856823,0.143177,0.772627,0.227373,0.670703,0.329297,0.558626,0.441374,0.445559,0.554441,0.340047,0.659953,0.248338,0.751662,0.173659,0.826341,0.116398,0.883602,0.074875,0.925125,0.046289,0.953711,0.027542,0.972458,0.992584,0.007416,0.980856,0.019144,0.957999,0.042001,0.919449,0.080551,0.862022,0.137978,0.785267,0.214733,0.692081,0.307919,0.588288,0.411712,0.481348,0.518652,0.378725,0.621275,0.28646,0.71354,0.208352,0.791648,0.145817,0.854183,0.098284,0.901716,0.063868,0.936132,1,0.016927,1,0.007444,1,0.040744,1,0.01933,1,0.084224,1,0.042909,1,0.154524,1,0.083981,1,0.257959,1,0.148474,1,0.399429,1,0.241731,1,0.582275,1,0.368052,1,0.808426,0,0.887431,1,1.078671,0,0.656522,1,1.392965,0,0.475981,1,1.750662,0,0.337517,1,2.15074,0,0.233638,0,0.077826,0,0.15761,0,0.047395,0,0.103456,0,0.027928,0,0.065999
2387,2025/26,5,GKS Katowice,Arka Gdynia,19.0,12.0,31.0,12.1742,12.1879,24.3621,0.010018,1,3534.0029,0.4011,0.4072,0.1965,0.3434,0.2851,0.0,0.0,0.0,0.0,1e-06,4e-06,1.6e-05,5.2e-05,0.000146,0.000367,0.000833,0.001727,0.003297,0.005838,0.009644,0.014939,0.021796,0.030069,0.039359,0.049034,0.058299,0.066315,0.072334,0.075809,0.076485,0.074413,0.069924,0.063554,0.055948,0.047764,0.039591,0.031897,0.025003,0.019088,0.014204,0.010313,0.00731,0.005063,0.003429,0.002273,0.001475,0.000937,0.000584,0.000357,0.000214,0.000126,0.000165,0.963133,0.036867,1,0.037564,0.941337,0.058663,1,0.060454,0.911268,0.088732,1,0.092918,0.871909,0.128091,1,0.13707,0.822875,0.177125,1,0.194951,0.764576,0.235424,1,0.268433,0.698261,0.301739,1,0.359162,0.625927,0.374073,1,0.468521,0.550118,0.449882,1,0.597623,0.473632,0.526368,1,0.747324,0.399219,0.600781,1,0.918245,0.329295,0.670705,1,1.110803,0.26574,0.73426,1,1.325236,0.209792,0.790208,1,1.561638,0.162028,0.837972,1,1.819985,0.122437,0.877563,1,2.100155,0.090541,0.909459,0,0.094905,0.065538,0.934462,0,0.067784,0.04645,0.95355,0,0.047564,1e-05,0.000111,0.00061,0.002251,0.00629,0.014197,0.026961,0.044305,0.064307,0.083745,0.099064,0.10751,0.107927,0.100914,0.0884,0.072916,0.056881,0.042126,0.029719,0.020033,0.012938,0.008024,0.00479,0.005951,1e-05,0.00011,0.000604,0.00223,0.006239,0.014095,0.026794,0.044075,0.064038,0.083479,0.098847,0.107382,0.107907,0.100997,0.088562,0.073123,0.057099,0.04233,0.029893,0.02017,0.013039,0.008096,0.004838,0.006022,0.990708,0.009292,0.976511,0.023489,0.94955,0.05045,0.905245,0.094755,0.840938,0.159062,0.757193,0.242807,0.658129,0.341871,0.550619,0.449381,0.442693,0.557307,0.341779,0.658221,0.253379,0.746621,0.180462,0.819538,0.123581,0.876419,0.081455,0.918545,0.051736,0.948264,0.990787,0.009213,0.976692,0.023308,0.949897,0.050103,0.905822,0.094178,0.841784,0.158216,0.758305,0.241695,0.659458,0.340542,0.552076,0.447924,0.444168,0.555832,0.343172,0.656828,0.25461,0.74539,0.181487,0.818513,0.124388,0.875612,0.082058,0.917942,0.052165,0.947835,1,0.009335,1,0.009256,1,0.023769,1,0.023584,1,0.051767,1,0.051402,1,0.09955,1,0.098912,1,0.173237,1,0.172232,1,0.278137,1,0.27667,1,0.418354,1,0.416337,1,0.596712,1,0.59407,1,0.814879,0,0.587289,1,1.073591,0,0.420333,1,1.372869,0,0.293848,1,1.712235,0,0.200266,1,2.090858,0,0.132832,1,2.507705,0,0.085621,1,2.961601,0,0.053575
2388,2025/26,5,Lech Poznań,Korona Kielce,12.0,10.0,22.0,11.6783,11.3518,23.0301,0.010018,1,3534.0029,0.4011,0.4072,0.1965,0.3434,0.2851,0.0,0.0,0.0,1e-06,3e-06,1.1e-05,4e-05,0.000121,0.000322,0.000768,0.001658,0.003269,0.005934,0.009992,0.015696,0.023121,0.032079,0.042086,0.052389,0.062066,0.070176,0.075913,0.078743,0.078481,0.075299,0.069668,0.062256,0.053811,0.045049,0.036574,0.02883,0.022088,0.016466,0.011954,0.00846,0.005841,0.003938,0.002594,0.001671,0.001053,0.00065,0.000393,0.000233,0.000135,7.7e-05,4.3e-05,5.1e-05,0.939066,0.060934,1,0.06287,0.906986,0.093014,1,0.097628,0.8649,0.1351,1,0.145141,0.812512,0.187488,1,0.207625,0.750445,0.249555,1,0.287088,0.680269,0.319731,1,0.385266,0.604357,0.395643,1,0.503591,0.525614,0.474386,0,0.745734,0.447133,0.552867,0,0.592638,0.371834,0.628166,0,0.464951,0.302166,0.697834,0,0.359774,0.239909,0.760091,0,0.274317,0.186098,0.813902,0,0.205916,0.141049,0.858951,0,0.152043,0.104475,0.895525,0,0.110345,0.075645,0.924355,0,0.078659,0.053557,0.946443,0,0.055044,0.037091,0.962909,0,0.037796,0.025137,0.974863,0,0.025458,1.6e-05,0.000167,0.000882,0.003136,0.008443,0.018362,0.033598,0.053198,0.0744,0.093356,0.106405,0.111266,0.107624,0.096961,0.08184,0.065044,0.048889,0.034887,0.023715,0.015403,0.009584,0.005728,0.003295,0.003795,2.1e-05,0.000218,0.001124,0.003894,0.01022,0.021669,0.038655,0.059668,0.081353,0.099518,0.110581,0.11273,0.106303,0.093367,0.076828,0.059527,0.04362,0.030345,0.02011,0.012733,0.007724,0.0045,0.002524,0.002764,0.987347,0.012653,0.968985,0.031015,0.935387,0.064613,0.882188,0.117812,0.807789,0.192211,0.714433,0.285567,0.608028,0.391972,0.496763,0.503237,0.389139,0.610861,0.292178,0.707822,0.210338,0.789662,0.145294,0.854706,0.096405,0.903595,0.061519,0.938481,0.037804,0.962196,0.984517,0.015483,0.962848,0.037152,0.924194,0.075806,0.864526,0.135474,0.783173,0.216827,0.683655,0.316345,0.573075,0.426925,0.460345,0.539655,0.354042,0.645958,0.260676,0.739324,0.183848,0.816152,0.12432,0.87568,0.0807,0.9193,0.050355,0.949645,0.030246,0.969754,1,0.012734,1,0.015604,1,0.031506,1,0.03786,1,0.066795,1,0.078833,1,0.12535,1,0.145574,1,0.213454,1,0.244402,1,0.336266,1,0.380302,1,0.497534,0,0.851147,1,0.699642,0,0.616825,0,0.492886,0,0.437021,0,0.345563,0,0.302019,0,0.23615,0,0.203155,0,0.156998,0,0.132755,0,0.101374,0,0.084143,0,0.063493,0,0.051667,0,0.038537,0,0.030713
2389,2025/26,6,Wisła Płock,Zagłębie Lubin,15.0,9.0,24.0,10.626,12.3944,23.0204,0.010427,1,3586.8216,0.431,0.4356,0.1843,0.347,0.2826,0.0,0.0,0.0,1e-06,3e-06,1.2e-05,4.1e-05,0.000124,0.000331,0.000787,0.001692,0.003326,0.006021,0.010113,0.015849,0.023297,0.032261,0.042251,0.052513,0.062131,0.070168,0.075832,0.078599,0.078293,0.07509,0.069461,0.06207,0.053659,0.044938,0.036503,0.028794,0.022081,0.016478,0.011978,0.008489,0.00587,0.003964,0.002616,0.001689,0.001067,0.00066,0.0004,0.000238,0.000139,7.9e-05,4.5e-05,5.3e-05,0.938404,0.061596,1,0.063574,0.906143,0.093857,1,0.098558,0.863892,0.136108,1,0.146308,0.811378,0.188622,1,0.209021,0.749248,0.250752,1,0.288685,0.67908,0.32092,1,0.387017,0.603248,0.396752,1,0.505427,0.524649,0.475351,1,0.645026,0.446356,0.553644,1,0.806638,0.371267,0.628733,0,0.464048,0.301806,0.698194,0,0.359259,0.239736,0.760264,0,0.27409,0.186077,0.813923,0,0.20589,0.14114,0.85886,0,0.152149,0.104637,0.895363,0,0.110526,0.075843,0.924157,0,0.078873,0.053762,0.946238,0,0.055261,0.037284,0.962716,0,0.037997,0.025306,0.974694,0,0.025632,4.2e-05,0.000402,0.001942,0.006323,0.015595,0.03108,0.052136,0.075706,0.097134,0.111856,0.117044,0.1124,0.09988,0.082693,0.064163,0.046892,0.032421,0.021287,0.013319,0.007964,0.004564,0.002513,0.001332,0.00131,9e-06,9.5e-05,0.000527,0.001969,0.005573,0.012743,0.024527,0.040864,0.060158,0.079485,0.095429,0.105149,0.107206,0.10184,0.090664,0.076026,0.06031,0.045435,0.032616,0.022378,0.014714,0.009294,0.005652,0.007307,0.975694,0.024306,0.944614,0.055386,0.892478,0.107522,0.816772,0.183228,0.719638,0.280362,0.607782,0.392218,0.490738,0.509262,0.378338,0.621662,0.278458,0.721542,0.195765,0.804235,0.131602,0.868398,0.08471,0.91529,0.052289,0.947711,0.031001,0.968999,0.017683,0.982317,0.991799,0.008201,0.979056,0.020944,0.954528,0.045472,0.913664,0.086336,0.853506,0.146494,0.774021,0.225979,0.678592,0.321408,0.573444,0.426556,0.466238,0.533762,0.364398,0.635602,0.273733,0.726267,0.197707,0.802293,0.137397,0.862603,0.091962,0.908038,0.059345,0.940655,1,0.024606,1,0.008235,1,0.056979,1,0.021166,1,0.113753,1,0.046538,1,0.202395,1,0.090292,1,0.329007,1,0.158403,1,0.497939,0,1.487313,1,0.711845,0,1.135044,1,0.971967,0,0.852012,1,1.278488,0,0.627805,1,1.63084,0,0.453183,1,2.027973,0,0.319838,0,0.088514,0,0.220281,0,0.053706,0,0.147801,0,0.031492,0,0.096469,0,0.017841,0,0.061179
2390,2025/26,6,Legia Warszawa,Jagiellonia Białystok,20.0,15.0,35.0,13.3194,12.0278,25.3471,0.010427,1,3586.8216,0.431,0.4356,0.1843,0.347,0.2826,0.0,0.0,0.0,0.0,0.0,2e-06,9e-06,2.9e-05,8.3e-05,0.000215,0.000504,0.001078,0.002127,0.003892,0.006645,0.01064,0.016052,0.022901,0.031006,0.039961,0.049161,0.057873,0.06534,0.070896,0.074064,0.074625,0.072635,0.068394,0.062386,0.055195,0.047421,0.039606,0.032191,0.025485,0.01967,0.014814,0.010895,0.007831,0.005504,0.003786,0.002551,0.001683,0.001089,0.000692,0.000431,0.000264,0.000376,0.974776,0.025224,1,0.025548,0.958724,0.041276,1,0.042152,0.935823,0.064177,1,0.066329,0.904818,0.095182,1,0.100022,0.864857,0.135143,1,0.145192,0.815696,0.184304,1,0.203714,0.757822,0.242178,1,0.277306,0.692482,0.307518,1,0.367473,0.621586,0.378414,1,0.475481,0.547522,0.452478,1,0.602352,0.472897,0.527103,1,0.748878,0.400262,0.599738,1,0.915636,0.331868,0.668132,1,1.103017,0.269483,0.730517,1,1.311251,0.214287,0.785713,1,1.540437,0.166867,0.833133,1,1.790561,0.12726,0.87274,1,2.06152,0.09507,0.90493,1,2.353144,0.069585,0.930415,1,2.665203,4e-06,4.5e-05,0.000265,0.001054,0.003178,0.007742,0.015878,0.028188,0.044216,0.06225,0.079634,0.093495,0.101571,0.102809,0.097525,0.087138,0.073655,0.059125,0.045225,0.033062,0.023164,0.01559,0.010102,0.014991,1.2e-05,0.000128,0.000692,0.002517,0.006935,0.015441,0.028939,0.046947,0.067296,0.086579,0.101215,0.108593,0.107808,0.09972,0.086444,0.070582,0.05452,0.039993,0.027955,0.018676,0.011957,0.007354,0.004355,0.005326,0.995362,0.004638,0.98762,0.01238,0.971741,0.028259,0.943553,0.056447,0.899337,0.100663,0.837087,0.162913,0.757453,0.242547,0.663958,0.336042,0.562387,0.437613,0.459578,0.540422,0.362052,0.637948,0.274914,0.725086,0.201259,0.798741,0.142134,0.857866,0.096909,0.903091,0.9897,0.0103,0.974258,0.025742,0.94532,0.05468,0.898373,0.101627,0.831077,0.168923,0.744497,0.255503,0.643283,0.356717,0.53469,0.46531,0.426882,0.573118,0.327163,0.672837,0.240719,0.759281,0.170137,0.829863,0.115617,0.884383,0.075624,0.924376,0.047669,0.952331,1,0.004649,1,0.010353,1,0.012457,1,0.026079,1,0.028666,1,0.056232,1,0.058103,1,0.10717,1,0.106097,1,0.185033,1,0.177827,1,0.295046,1,0.277794,1,0.441171,1,0.409536,1,0.626068,1,0.575565,1,0.851248,1,0.777447,1,1.117297,1,1.015967,1,1.424125,1,1.291297,0,0.186495,1,1.603163,0,0.122865,1,1.950985,0,0.078636,1,2.333983,0,0.048843
2391,2025/26,6,Lechia Gdańsk,Arka Gdynia,10.0,12.0,22.0,12.4657,11.5734,24.0391,0.010427,1,3586.8216,0.431,0.4356,0.1843,0.347,0.2826,0.0,0.0,0.0,0.0,1e-06,6e-06,2.1e-05,6.6e-05,0.000181,0.000448,0.001003,0.002049,0.003857,0.006733,0.01097,0.016761,0.024127,0.032845,0.042433,0.052183,0.061255,0.068806,0.074124,0.07674,0.076494,0.073541,0.068298,0.061361,0.053404,0.045082,0.036956,0.02945,0.022838,0.017251,0.012704,0.009128,0.006406,0.004393,0.002946,0.001933,0.001243,0.000782,0.000483,0.000293,0.000174,0.000102,0.00013,0.957904,0.042096,1,0.043008,0.933776,0.066224,1,0.068518,0.900931,0.099069,1,0.104326,0.858498,0.141502,1,0.15257,0.806316,0.193684,1,0.21528,0.74506,0.25494,1,0.29429,0.676254,0.323746,1,0.391187,0.60213,0.39787,0,0.92163,0.52539,0.47461,0,0.745262,0.448896,0.551104,0,0.595831,0.375355,0.624645,0,0.470571,0.307057,0.692943,0,0.366808,0.245696,0.754304,0,0.28196,0.192292,0.807708,0,0.213554,0.14721,0.85279,0,0.159242,0.110254,0.889746,0,0.116819,0.080804,0.919196,0,0.084256,0.057966,0.942034,0,0.059714,0.040716,0.959284,0,0.041568,8e-06,9e-05,0.0005,0.001877,0.005339,0.012272,0.023739,0.039753,0.05882,0.078112,0.094259,0.104388,0.106972,0.102135,0.09139,0.077025,0.061414,0.046502,0.033552,0.023137,0.015291,0.009708,0.005934,0.007754,1.8e-05,0.000186,0.000968,0.003403,0.009061,0.019496,0.035306,0.055345,0.07666,0.095302,0.107655,0.111609,0.107067,0.095696,0.080159,0.063244,0.047205,0.03346,0.0226,0.014589,0.009026,0.005364,0.003069,0.003502,0.992155,0.007845,0.979883,0.020117,0.956144,0.043856,0.916391,0.083609,0.857571,0.142429,0.779459,0.220541,0.6852,0.3148,0.580812,0.419188,0.47384,0.52616,0.371705,0.628295,0.280315,0.719685,0.20329,0.79671,0.141877,0.858123,0.095375,0.904625,0.061823,0.938177,0.986355,0.013645,0.966859,0.033141,0.931554,0.068446,0.876209,0.123791,0.799549,0.200451,0.704248,0.295752,0.596592,0.403408,0.484983,0.515017,0.377916,0.622084,0.28222,0.71778,0.202061,0.797939,0.138817,0.861183,0.091612,0.908388,0.058151,0.941849,0.035551,0.964449,1,0.007876,1,0.013739,1,0.020322,1,0.033703,1,0.044847,1,0.070901,1,0.087312,1,0.132151,1,0.153651,1,0.223707,1,0.249155,1,0.350625,0,1.155818,1,0.516522,0,0.869436,1,0.723641,0,0.64215,0,0.47468,0,0.464745,0,0.331592,0,0.328942,0,0.225723,0,0.227265,0,0.149448,0,0.153008,0,0.096084,0,0.100235,0,0.05991,0,0.063817,0,0.036198
2392,2025/26,6,Górnik Zabrze,GKS Katowice,9.0,11.0,20.0,10.3162,11.5268,21.843,0.010427,1,3586.8216,0.431,0.4356,0.1843,0.347,0.2826,0.0,0.0,0.0,1e-06,7e-06,2.6e-05,8.9e-05,0.000256,0.000651,0.001477,0.003031,0.005685,0.009822,0.01574,0.023539,0.033016,0.043625,0.054516,0.064652,0.072985,0.078647,0.081096,0.080199,0.076221,0.069747,0.061556,0.05248,0.043285,0.034584,0.026802,0.02017,0.014756,0.010505,0.007285,0.004925,0.003249,0.002093,0.001318,0.000811,0.000489,0.000288,0.000167,9.5e-05,5.3e-05,2.9e-05,1.5e-05,1.6e-05,0.90666,0.09334,1,0.097987,0.863035,0.136965,1,0.1473,0.808519,0.191481,1,0.212551,0.743868,0.256132,1,0.295892,0.670883,0.329117,1,0.399161,0.592236,0.407764,0,0.897067,0.51114,0.48886,0,0.715678,0.430941,0.569059,0,0.563771,0.35472,0.64528,0,0.438071,0.284973,0.715027,0,0.335435,0.223417,0.776583,0,0.252852,0.170937,0.829063,0,0.187459,0.127652,0.872348,0,0.136567,0.093067,0.906933,0,0.097687,0.066266,0.933734,0,0.068563,0.046096,0.953904,0,0.047192,0.03134,0.96866,0,0.031841,0.020834,0.979166,0,0.021054,0.013549,0.986451,0,0.013642,5.6e-05,0.000517,0.002435,0.007717,0.018532,0.035963,0.058739,0.083049,0.10375,0.11633,0.118521,0.110823,0.095886,0.077297,0.058397,0.041555,0.027975,0.017884,0.010895,0.006343,0.003539,0.001897,0.000979,0.000917,1.9e-05,0.000193,0.001002,0.00351,0.009311,0.019961,0.036018,0.056259,0.077646,0.096181,0.108258,0.11183,0.106894,0.095198,0.079455,0.062463,0.046455,0.03281,0.022081,0.014203,0.008755,0.005185,0.002956,0.003349,0.970741,0.029259,0.934778,0.065222,0.876039,0.123961,0.79299,0.20701,0.689239,0.310761,0.572909,0.427091,0.454388,0.545612,0.343565,0.656435,0.247679,0.752321,0.170382,0.829618,0.111985,0.888015,0.07043,0.92957,0.042455,0.957545,0.024571,0.975429,0.013676,0.986324,0.985958,0.014042,0.965997,0.034003,0.929979,0.070021,0.873719,0.126281,0.796073,0.203927,0.699893,0.300107,0.591635,0.408365,0.479804,0.520196,0.372911,0.627089,0.277713,0.722287,0.198258,0.801742,0.135794,0.864206,0.08934,0.91066,0.056529,0.943471,0.034448,0.965552,1,0.029696,1,0.014142,1,0.067446,1,0.034595,1,0.132345,1,0.072593,1,0.231945,1,0.134996,1,0.372167,1,0.228064,0,0.850758,1,0.356828,0,0.605847,1,0.524865,0,0.420932,0,0.65355,0,0.284592,0,0.466667,0,0.18679,0,0.325333,0,0.118767,0,0.220968,0,0.073033,0,0.145944,0,0.043383,0,0.093586,0,0.024878,0,0.05819,0,0.01377,0,0.035055
2393,2025/26,6,Radomiak Radom,Bruk-Bet Termalica Nieciecza,12.0,11.0,23.0,13.1573,12.8181,25.9754,0.010427,1,3586.8216,0.431,0.4356,0.1843,0.347,0.2826,0.0,0.0,0.0,0.0,0.0,1e-06,6e-06,1.9e-05,5.7e-05,0.00015,0.000359,0.000785,0.001582,0.002959,0.005163,0.008449,0.013025,0.01899,0.026274,0.034604,0.043503,0.052334,0.060379,0.066945,0.071465,0.07358,0.073181,0.070412,0.065628,0.05933,0.052084,0.044449,0.036913,0.029859,0.023548,0.01812,0.013616,0.009999,0.007181,0.005047,0.003474,0.002342,0.001549,0.001004,0.000639,0.0004,0.000599,0.980471,0.019529,1,0.019722,0.967446,0.032554,1,0.033096,0.948456,0.051544,1,0.052919,0.922183,0.077817,1,0.081012,0.887578,0.112422,1,0.119259,0.844075,0.155925,1,0.169514,0.791741,0.208259,1,0.233521,0.731363,0.268637,1,0.312846,0.664418,0.335582,0,1.091888,0.592953,0.407047,0,0.898826,0.519373,0.480627,0,0.732664,0.446193,0.553807,0,0.590938,0.375781,0.624219,0,0.471254,0.310153,0.689847,0,0.371285,0.250823,0.749177,0,0.28878,0.198739,0.801261,0,0.221569,0.154291,0.845709,0,0.16758,0.117378,0.882622,0,0.124858,0.087518,0.912482,0,0.091587,4e-06,5.1e-05,0.000299,0.001177,0.00351,0.00846,0.017164,0.030145,0.04678,0.065154,0.082458,0.095774,0.102933,0.103073,0.096729,0.085502,0.071499,0.05678,0.042966,0.031075,0.021538,0.014341,0.009194,0.013319,6e-06,6.7e-05,0.000385,0.00148,0.004316,0.010166,0.020157,0.034596,0.052466,0.071412,0.088322,0.100253,0.105297,0.103042,0.094501,0.081633,0.066711,0.051773,0.038286,0.02706,0.018329,0.011927,0.007472,0.010293,0.994883,0.005117,0.986423,0.013577,0.969259,0.030741,0.939114,0.060886,0.892334,0.107666,0.82718,0.17282,0.744722,0.255278,0.648948,0.351052,0.546015,0.453985,0.442942,0.557058,0.346213,0.653787,0.260711,0.739289,0.189212,0.810788,0.132432,0.867568,0.089466,0.910534,0.993697,0.006303,0.98353,0.01647,0.963373,0.036627,0.928777,0.071223,0.876311,0.123689,0.804899,0.195101,0.716576,0.283424,0.616324,0.383676,0.511027,0.488973,0.407985,0.592015,0.313484,0.686516,0.231851,0.768149,0.16514,0.83486,0.113367,0.886633,0.075081,0.924919,1,0.00513,1,0.006323,1,0.01367,1,0.016607,1,0.031223,1,0.037315,1,0.062818,1,0.073887,1,0.113915,1,0.132034,1,0.189733,1,0.217038,1,0.294744,1,0.333271,1,0.432403,0,0.957957,0,0.789691,0,0.715448,0,0.585086,0,0.524223,0,0.424974,0,0.376126,0,0.302066,0,0.263772,0,0.209749,0,0.180491,0,0.142061,0,0.120324,0,0.093724,0,0.078049
2394,2025/26,6,Korona Kielce,Motor Lublin,15.0,14.0,29.0,11.3727,13.4284,24.8011,0.010427,1,3586.8216,0.431,0.4356,0.1843,0.347,0.2826,0.0,0.0,0.0,0.0,1e-06,3e-06,1.3e-05,4.1e-05,0.000116,0.000294,0.000675,0.001416,0.00274,0.004916,0.008231,0.012927,0.019126,0.026762,0.035538,0.044923,0.054206,0.06259,0.069313,0.073768,0.075593,0.074712,0.071332,0.065888,0.058956,0.051169,0.043126,0.035335,0.028175,0.021883,0.01657,0.012243,0.008834,0.00623,0.004296,0.0029,0.001916,0.001241,0.000788,0.000491,0.0003,0.00018,0.000246,0.968629,0.031371,1,0.031873,0.949503,0.050497,1,0.051816,0.922741,0.077259,1,0.080406,0.887204,0.112796,1,0.119681,0.842281,0.157719,1,0.171642,0.788075,0.211925,1,0.238162,0.725485,0.274515,1,0.320915,0.656172,0.343828,1,0.421333,0.582404,0.417596,1,0.540592,0.506811,0.493189,1,0.679617,0.432099,0.567901,1,0.839101,0.360767,0.639233,1,1.019524,0.294879,0.705121,1,1.22119,0.235923,0.764077,1,1.444249,0.184755,0.815245,0,0.204266,0.141629,0.858371,0,0.152718,0.106293,0.893707,0,0.112377,0.078118,0.921882,0,0.081339,0.056236,0.943764,0,0.057879,2.2e-05,0.000219,0.001123,0.003885,0.010183,0.021571,0.038457,0.059351,0.080934,0.099056,0.110161,0.112436,0.106189,0.093439,0.077056,0.059853,0.043981,0.030692,0.020409,0.012971,0.0079,0.004622,0.002604,0.00288,3e-06,4.1e-05,0.000244,0.000978,0.002972,0.007292,0.015063,0.026932,0.042549,0.060332,0.077735,0.091921,0.100578,0.102535,0.097963,0.088158,0.075052,0.060679,0.046746,0.03442,0.024288,0.016464,0.010745,0.016203,0.984563,0.015437,0.962992,0.037008,0.924535,0.075465,0.865183,0.134817,0.784249,0.215751,0.685194,0.314806,0.575033,0.424967,0.462596,0.537404,0.356407,0.643593,0.262968,0.737032,0.185912,0.814088,0.12606,0.87394,0.082078,0.917922,0.051386,0.948614,0.030977,0.969023,0.995655,0.004345,0.988363,0.011637,0.9733,0.0267,0.946368,0.053632,0.90382,0.09618,0.843487,0.156513,0.765752,0.234248,0.673831,0.326169,0.573253,0.426747,0.470718,0.529282,0.372755,0.627245,0.284597,0.715403,0.209545,0.790455,0.148867,0.851133,0.10212,0.89788,1,0.015557,1,0.004354,1,0.03771,1,0.011705,1,0.078464,1,0.027063,1,0.144814,1,0.055124,1,0.243029,1,0.101125,1,0.378053,1,0.170211,1,0.553328,1,0.266897,1,0.770901,1,0.394776,1,1.031682,1,0.556428,1,1.335723,1,0.753496,1,1.682482,0,0.466418,0,0.134744,0,0.334909,0,0.085643,0,0.235147,0,0.052753,0,0.161187,0,0.031467,0,0.107719
2395,2025/26,6,Raków Częstochowa,Lech Poznań,10.0,15.0,25.0,12.2587,12.4473,24.706,0.010427,1,3586.8216,0.431,0.4356,0.1843,0.347,0.2826,0.0,0.0,0.0,0.0,1e-06,4e-06,1.3e-05,4.3e-05,0.000122,0.000309,0.000707,0.00148,0.002855,0.005107,0.008526,0.013348,0.019687,0.027461,0.03635,0.045803,0.055089,0.063402,0.069982,0.074233,0.075814,0.074678,0.071058,0.065409,0.058326,0.050446,0.042367,0.034591,0.027483,0.021269,0.016047,0.011813,0.008493,0.005967,0.0041,0.002756,0.001815,0.001171,0.000741,0.00046,0.00028,0.000167,0.000226,0.967484,0.032516,1,0.033056,0.947797,0.052203,1,0.053615,0.920336,0.079664,1,0.083017,0.883986,0.116014,1,0.123315,0.838183,0.161817,1,0.176519,0.783094,0.216906,1,0.244503,0.719692,0.280308,1,0.328932,0.64971,0.35029,1,0.431229,0.575477,0.424523,1,0.552556,0.499663,0.500337,1,0.693822,0.424984,0.575016,0,0.553358,0.353926,0.646074,0,0.436842,0.288517,0.711483,0,0.340404,0.230191,0.769809,0,0.261613,0.179746,0.820254,0,0.198141,0.137378,0.862622,0,0.147779,0.102787,0.897213,0,0.108462,0.075304,0.924696,0,0.07829,0.054035,0.945965,0,0.05555,1e-05,0.000106,0.000583,0.002157,0.006044,0.013688,0.026089,0.043044,0.062751,0.082106,0.097619,0.106518,0.107548,0.101173,0.089196,0.074069,0.058187,0.04341,0.03086,0.020968,0.013653,0.00854,0.005143,0.006514,8e-06,9.1e-05,0.000507,0.001901,0.005399,0.012392,0.023941,0.040038,0.059163,0.078466,0.094562,0.104587,0.107036,0.102062,0.091206,0.076769,0.06113,0.046227,0.03331,0.02294,0.015141,0.0096,0.00586,0.007636,0.991077,0.008923,0.977389,0.022611,0.9513,0.0487,0.908257,0.091743,0.845506,0.154494,0.763399,0.236601,0.66578,0.33422,0.559262,0.440738,0.451714,0.548286,0.350541,0.649459,0.261345,0.738655,0.187276,0.812724,0.129088,0.870912,0.085678,0.914322,0.054818,0.945182,0.992065,0.007935,0.979673,0.020327,0.955732,0.044268,0.915695,0.084305,0.856531,0.143469,0.778065,0.221935,0.683503,0.316497,0.578916,0.421084,0.47188,0.52812,0.369818,0.630182,0.278612,0.721388,0.201843,0.798157,0.140713,0.859287,0.094486,0.905514,0.061177,0.938823,1,0.008963,1,0.007967,1,0.022871,1,0.020536,1,0.049926,1,0.045278,1,0.096228,1,0.088072,1,0.16782,1,0.154865,1,0.269974,1,0.250945,0,1.095956,1,0.380524,0,0.819305,1,0.546598,0,0.600958,1,0.751031,0,0.431616,1,0.994744,0,0.302924,1,1.277935,0,0.207364,0,0.22545,0,0.138214,0,0.151652,0,0.089572,0,0.099253,0,0.056378,0,0.063128
2396,2025/26,6,Piast Gliwice,Cracovia,20.0,17.0,37.0,11.8952,11.6005,23.4957,0.010427,1,3586.8216,0.431,0.4356,0.1843,0.347,0.2826,0.0,0.0,0.0,0.0,2e-06,8e-06,3e-05,9.2e-05,0.00025,0.000605,0.001326,0.002656,0.004898,0.00838,0.013378,0.02003,0.028253,0.037689,0.047712,0.057495,0.066134,0.072792,0.07684,0.07795,0.076137,0.071723,0.065268,0.057457,0.048999,0.04053,0.032554,0.025419,0.019314,0.014295,0.010315,0.007262,0.004993,0.003355,0.002204,0.001418,0.000893,0.000551,0.000333,0.000198,0.000115,6.6e-05,8.1e-05,0.948344,0.051656,1,0.053037,0.920091,0.079909,1,0.083282,0.882402,0.117598,1,0.125107,0.83469,0.16531,1,0.180695,0.777195,0.222805,1,0.252064,0.711061,0.288939,1,0.340997,0.638269,0.361731,1,0.448995,0.561429,0.438571,1,0.577269,0.483479,0.516521,1,0.726747,0.407342,0.592658,1,0.898101,0.335619,0.664381,1,1.091778,0.270351,0.729649,1,1.308032,0.212894,0.787106,1,1.546961,0.163895,0.836105,1,1.808531,0.123365,0.876635,1,2.092608,0.090811,0.909189,1,2.398977,0.065392,0.934608,1,2.727359,0.046077,0.953923,1,3.077433,0.031782,0.968218,1,3.448839,1.3e-05,0.000143,0.000763,0.002749,0.007501,0.016538,0.03069,0.0493,0.069975,0.089144,0.10319,0.109626,0.107767,0.098704,0.084724,0.068499,0.052392,0.038056,0.02634,0.017424,0.011046,0.006727,0.003945,0.004728,1.8e-05,0.000182,0.000949,0.003343,0.008919,0.01923,0.034896,0.054818,0.076088,0.094788,0.107299,0.111472,0.107159,0.095979,0.080564,0.063696,0.047642,0.03384,0.022905,0.014817,0.009186,0.005471,0.003137,0.003594,0.988817,0.011183,0.972279,0.027721,0.941589,0.058411,0.892289,0.107711,0.822313,0.177687,0.73317,0.26683,0.629979,0.370021,0.520353,0.479647,0.412586,0.587414,0.313882,0.686118,0.229158,0.770842,0.160659,0.839341,0.108267,0.891733,0.070211,0.929789,0.043871,0.956129,0.986581,0.013419,0.967352,0.032648,0.932455,0.067545,0.877637,0.122363,0.801549,0.198451,0.706761,0.293239,0.599462,0.400538,0.487989,0.512011,0.38083,0.61917,0.284851,0.715149,0.204287,0.795713,0.140591,0.859409,0.092949,0.907051,0.059109,0.940891,0.036204,0.963796,1,0.011246,1,0.01351,1,0.028112,1,0.033193,1,0.060186,1,0.069934,1,0.113965,1,0.130522,1,0.195634,1,0.221209,1,0.310378,1,0.347063,1,0.462069,1,0.511723,1,0.653248,1,0.717462,1,0.885311,1,0.965402,1,1.158738,1,1.255789,1,1.473344,1,1.588229,1,1.828471,1,1.9619,1,2.223155,1,2.375704,1,2.65625,0,0.060928,1,3.126502,0,0.036876
2397,2025/26,6,Widzew Łódź,Pogoń Szczecin,5.0,16.0,21.0,11.3913,12.4403,23.8315,0.010427,1,3586.8216,0.431,0.4356,0.1843,0.347,0.2826,0.0,0.0,0.0,0.0,2e-06,7e-06,2.4e-05,7.5e-05,0.000205,0.000503,0.001117,0.002264,0.004229,0.007326,0.011844,0.017958,0.02565,0.03465,0.04442,0.054206,0.063142,0.07038,0.075236,0.077293,0.076454,0.072938,0.067217,0.059927,0.051756,0.043355,0.035268,0.027889,0.021462,0.016087,0.011756,0.008383,0.005837,0.003972,0.002644,0.001722,0.001098,0.000686,0.00042,0.000253,0.000149,8.6e-05,0.000109,0.954446,0.045554,1,0.046624,0.928796,0.071204,1,0.073867,0.894145,0.105855,1,0.111887,0.849725,0.150275,1,0.162842,0.795519,0.204481,1,0.228761,0.732377,0.267623,1,0.311459,0.661998,0.338002,0,1.084702,0.586761,0.413239,0,0.88373,0.509468,0.490532,0,0.712265,0.433014,0.566986,0,0.567421,0.360077,0.639923,0,0.446407,0.29286,0.70714,0,0.346526,0.232933,0.767067,0,0.265181,0.181177,0.818823,0,0.199888,0.137822,0.862178,0,0.148293,0.102554,0.897446,0,0.108202,0.074665,0.925335,0,0.077599,0.053203,0.946797,0,0.054671,0.037116,0.962884,0,0.037822,2.1e-05,0.000215,0.001108,0.003838,0.010074,0.02137,0.038156,0.058973,0.080535,0.098711,0.109939,0.112374,0.106285,0.093661,0.077351,0.06017,0.044279,0.030945,0.020607,0.013116,0.008,0.004688,0.002645,0.002934,8e-06,9.2e-05,0.00051,0.00191,0.005421,0.012438,0.024017,0.040146,0.059294,0.078601,0.094677,0.104662,0.10706,0.102034,0.091135,0.076671,0.061022,0.046122,0.033218,0.022865,0.015084,0.009559,0.005832,0.007592,0.984738,0.015262,0.963367,0.036633,0.925211,0.074789,0.866239,0.133761,0.785704,0.214296,0.686992,0.313008,0.577053,0.422947,0.464679,0.535321,0.358395,0.641605,0.264734,0.735266,0.187383,0.812617,0.127213,0.872787,0.082934,0.917066,0.051989,0.948011,0.031382,0.968618,0.99203,0.00797,0.979592,0.020408,0.955575,0.044425,0.915428,0.084572,0.856134,0.143866,0.777533,0.222467,0.682856,0.317144,0.578194,0.421806,0.471134,0.528866,0.3691,0.6309,0.277965,0.722035,0.201294,0.798706,0.140272,0.859728,0.09415,0.90585,0.060932,0.939068,1,0.01538,1,0.008002,0,3.306806,1,0.020619,0,2.593084,1,0.045442,0,2.011701,1,0.088364,0,1.540397,1,0.155328,0,1.161527,1,0.251629,0,0.860508,1,0.381471,0,0.624889,1,0.547846,0,0.443782,1,0.752613,0,0.307523,1,0.996688,0,0.207495,1,1.28026,0,0.136064,1,1.602989,0,0.086576,0,0.151139,0,0.053389,0,0.098882,0,0.031885,0,0.062867
2398,2025/26,7,Arka Gdynia,Wisła Płock,12.0,10.0,22.0,12.6735,13.27,25.9436,0.010445,1,3636.8912,0.4441,0.4487,0.178,0.3428,0.2886,0.0,0.0,0.0,0.0,0.0,1e-06,6e-06,2e-05,5.8e-05,0.000153,0.000365,0.000799,0.001608,0.003003,0.005233,0.008553,0.01317,0.019179,0.026506,0.03487,0.043787,0.052615,0.060635,0.067154,0.071609,0.073648,0.073169,0.070324,0.065476,0.059129,0.051853,0.044205,0.036673,0.029634,0.023347,0.017947,0.013473,0.009884,0.007091,0.004979,0.003423,0.002306,0.001523,0.000987,0.000628,0.000392,0.000586,0.980202,0.019798,1,0.019996,0.967032,0.032968,1,0.033524,0.947853,0.052147,1,0.053556,0.921347,0.078653,1,0.081919,0.886477,0.113523,1,0.1205,0.84269,0.15731,1,0.171156,0.790075,0.209925,1,0.235627,0.72944,0.27056,0,1.30726,0.662285,0.337715,0,1.085553,0.590676,0.409324,0,0.893247,0.517028,0.482972,0,0.727797,0.443859,0.556141,0,0.586734,0.373535,0.626465,0,0.467663,0.30806,0.69194,0,0.368256,0.248931,0.751069,0,0.286257,0.197077,0.802923,0,0.219497,0.152872,0.847128,0,0.165904,0.116199,0.883801,0,0.123524,0.086565,0.913435,0,0.090543,7e-06,7.6e-05,0.000429,0.001633,0.004713,0.010991,0.021572,0.036652,0.055024,0.074143,0.090782,0.102014,0.106076,0.102769,0.093312,0.079804,0.064569,0.049613,0.036326,0.025421,0.017048,0.010984,0.006814,0.009188,4e-06,4.7e-05,0.000275,0.001091,0.003277,0.007959,0.016266,0.02878,0.044993,0.063132,0.080494,0.094193,0.101992,0.102898,0.097291,0.086646,0.073003,0.058412,0.044536,0.032455,0.022666,0.015207,0.009823,0.014474,0.993101,0.006899,0.982111,0.017889,0.960539,0.039461,0.923887,0.076113,0.868863,0.131137,0.794719,0.205281,0.703938,0.296062,0.601924,0.398076,0.495848,0.504152,0.393079,0.606921,0.299766,0.700234,0.219962,0.780038,0.155393,0.844607,0.10578,0.89422,0.069455,0.930545,0.995219,0.004781,0.98726,0.01274,0.970994,0.029006,0.942214,0.057786,0.897221,0.102779,0.834089,0.165911,0.753595,0.246405,0.659402,0.340598,0.55741,0.44259,0.454512,0.545488,0.357221,0.642779,0.270575,0.729425,0.197572,0.802428,0.13916,0.86084,0.094624,0.905376,1,0.006923,1,0.004792,1,0.018051,1,0.012822,1,0.040261,1,0.029435,1,0.079166,1,0.059523,1,0.14057,1,0.108453,1,0.229767,1,0.181415,1,0.351065,0,1.400779,1,0.507624,0,1.077052,0,0.684877,0,0.815111,0,0.499357,0,0.606074,0,0.356341,0,0.441954,0,0.248413,0,0.315499,0,0.168884,0,0.220113,0,0.111803,0,0.149847,0,0.071985,0,0.099405
2399,2025/26,7,Bruk-Bet Termalica Nieciecza,Korona Kielce,13.0,12.0,25.0,12.7251,12.9508,25.6759,0.010445,1,3636.8912,0.4441,0.4487,0.178,0.3428,0.2886,0.0,0.0,0.0,0.0,0.0,2e-06,7e-06,2.3e-05,6.8e-05,0.000178,0.000422,0.000914,0.001824,0.003375,0.005828,0.00944,0.014404,0.020786,0.028465,0.037107,0.046174,0.054979,0.062784,0.068902,0.072805,0.074196,0.073043,0.069565,0.06418,0.057432,0.049906,0.042158,0.034656,0.02775,0.021663,0.016501,0.012274,0.008922,0.006343,0.004413,0.003007,0.002007,0.001314,0.000843,0.000531,0.000329,0.000481,0.977919,0.022081,1,0.022329,0.963514,0.036486,1,0.037168,0.942728,0.057272,1,0.058977,0.914263,0.085737,1,0.089637,0.877156,0.122844,1,0.13107,0.830982,0.169018,1,0.185147,0.776003,0.223997,1,0.253598,0.71322,0.28678,1,0.337966,0.644318,0.355682,1,0.439563,0.571513,0.428487,1,0.559468,0.497317,0.502683,0,0.687795,0.424274,0.575726,0,0.552123,0.354709,0.645291,0,0.438053,0.290529,0.709471,0,0.343235,0.233097,0.766903,0,0.265395,0.183191,0.816809,0,0.20235,0.141033,0.858967,0,0.152025,0.106377,0.893623,0,0.112472,0.078628,0.921372,0,0.081891,6e-06,7.3e-05,0.000413,0.001577,0.004568,0.010691,0.02106,0.03591,0.054105,0.073166,0.089907,0.101394,0.10581,0.10288,0.093749,0.080466,0.065338,0.050384,0.037023,0.026002,0.017501,0.011316,0.007045,0.009573,5e-06,6.1e-05,0.000349,0.001354,0.003983,0.009468,0.018941,0.032803,0.050195,0.06894,0.086038,0.098546,0.104445,0.10314,0.095453,0.083209,0.068621,0.053743,0.040108,0.028608,0.019556,0.012843,0.00812,0.011412,0.993319,0.006681,0.982627,0.017373,0.961568,0.038432,0.925658,0.074342,0.871553,0.128447,0.798387,0.201613,0.708481,0.291519,0.607087,0.392913,0.501277,0.498723,0.398396,0.601604,0.304648,0.695352,0.224182,0.775818,0.158844,0.841156,0.10846,0.89154,0.071437,0.928563,0.994189,0.005811,0.984721,0.015279,0.965779,0.034221,0.932977,0.067023,0.882781,0.117219,0.813841,0.186159,0.727803,0.272197,0.629257,0.370743,0.524812,0.475188,0.421672,0.578328,0.326219,0.673781,0.24301,0.75699,0.174389,0.825611,0.120646,0.879354,0.080538,0.919462,1,0.006703,1,0.005828,1,0.017526,1,0.015397,1,0.03919,1,0.03482,1,0.07725,1,0.069375,1,0.137479,1,0.124678,1,0.225162,1,0.20599,1,0.344632,1,0.317725,1,0.499083,1,0.463216,1,0.690596,0,0.744045,0,0.508156,0,0.547614,0,0.363337,0,0.39485,0,0.253837,0,0.278405,0,0.172978,0,0.191632,0,0.114805,0,0.128568,0,0.074117,0,0.083967
2400,2025/26,7,Zagłębie Lubin,Piast Gliwice,15.0,9.0,24.0,13.1162,11.8029,24.9192,0.010445,1,3636.8912,0.4441,0.4487,0.178,0.3428,0.2886,0.0,0.0,0.0,0.0,1e-06,3e-06,1.2e-05,3.8e-05,0.000107,0.000274,0.000633,0.001335,0.002594,0.004674,0.00786,0.012397,0.018421,0.025887,0.034523,0.043827,0.053109,0.061585,0.06849,0.073202,0.07533,0.074766,0.071685,0.066491,0.059746,0.052071,0.04407,0.036259,0.029031,0.022641,0.017215,0.012772,0.009254,0.006552,0.004537,0.003075,0.002041,0.001327,0.000846,0.000529,0.000325,0.000196,0.00027,0.970072,0.029928,1,0.030385,0.951651,0.048349,1,0.049557,0.925764,0.074236,1,0.077136,0.891241,0.108759,1,0.11514,0.847414,0.152586,1,0.165566,0.794305,0.205695,1,0.230288,0.73272,0.26728,1,0.310992,0.664229,0.335771,1,0.409128,0.591027,0.408973,1,0.525893,0.515698,0.484302,0,0.725046,0.440932,0.559068,0,0.581484,0.369247,0.630753,0,0.460841,0.302756,0.697244,0,0.360619,0.24301,0.75699,0,0.278405,0.190939,0.809061,0,0.211881,0.146869,0.853131,0,0.158843,0.110611,0.889389,0,0.11722,0.08158,0.91842,0,0.0851,0.058938,0.941062,0,0.060747,5e-06,5.3e-05,0.000308,0.001211,0.003601,0.008655,0.01751,0.030665,0.047451,0.065903,0.083171,0.096333,0.103247,0.103101,0.09649,0.085057,0.070933,0.056178,0.042396,0.03058,0.021139,0.014038,0.008975,0.012927,1.5e-05,0.000154,0.000818,0.002925,0.007924,0.017347,0.031966,0.050991,0.071871,0.090921,0.104516,0.110264,0.107644,0.09791,0.083464,0.067016,0.050906,0.036723,0.025243,0.016585,0.010443,0.006317,0.003679,0.004349,0.99475,0.00525,0.986094,0.013906,0.968584,0.031416,0.937919,0.062081,0.890468,0.109532,0.824564,0.175436,0.741393,0.258607,0.64506,0.35494,0.541813,0.458187,0.438712,0.561288,0.342222,0.657778,0.257166,0.742834,0.186233,0.813767,0.130055,0.869945,0.087659,0.912341,0.988153,0.011847,0.970805,0.029195,0.938839,0.061161,0.887848,0.112152,0.815977,0.184023,0.725057,0.274943,0.620541,0.379459,0.510277,0.489723,0.402633,0.597367,0.304723,0.695277,0.221259,0.778741,0.154244,0.845756,0.103338,0.896662,0.066615,0.933385,0.041371,0.958629,1,0.005264,1,0.011918,1,0.014004,1,0.02963,1,0.03192,1,0.063111,1,0.064092,1,0.118955,1,0.116008,1,0.203369,1,0.192901,0,1.291191,1,0.299224,0,0.969009,1,0.438412,0,0.713915,1,0.612834,0,0.515224,1,0.823912,0,0.363445,1,1.072296,0,0.250077,0,0.297283,0,0.167524,0,0.206081,0,0.109076,0,0.139325,0,0.068938,0,0.091741,0,0.042251
2401,2025/26,7,Górnik Zabrze,Motor Lublin,9.0,14.0,23.0,10.7257,12.5323,23.2581,0.010445,1,3636.8912,0.4441,0.4487,0.178,0.3428,0.2886,0.0,0.0,0.0,0.0,2e-06,1e-05,3.5e-05,0.000107,0.000288,0.000692,0.001501,0.002977,0.00544,0.009219,0.01458,0.021628,0.030223,0.039944,0.0501,0.059819,0.068177,0.074355,0.077776,0.078185,0.075677,0.070648,0.063713,0.055587,0.046982,0.038516,0.030663,0.023731,0.017874,0.013113,0.009379,0.006546,0.004462,0.002972,0.001936,0.001234,0.000771,0.000471,0.000283,0.000166,9.6e-05,5.4e-05,6.6e-05,0.943519,0.056481,1,0.058138,0.913296,0.086704,1,0.090695,0.873352,0.126648,1,0.135417,0.823252,0.176748,1,0.194493,0.763433,0.236567,1,0.26993,0.695256,0.304744,1,0.363475,0.620901,0.379099,1,0.476584,0.543125,0.456875,1,0.610416,0.464939,0.535061,0,0.625375,0.389263,0.610737,0,0.493088,0.318615,0.681385,0,0.383627,0.254902,0.745098,0,0.294239,0.199315,0.800685,0,0.222287,0.152333,0.847667,0,0.165267,0.113817,0.886183,0,0.120831,0.083154,0.916846,0,0.086815,0.059422,0.940578,0,0.061261,0.041549,0.958451,0,0.042437,0.028436,0.971564,0,0.028848,3.8e-05,0.000371,0.001807,0.005931,0.014748,0.029639,0.050133,0.073407,0.094973,0.110286,0.116372,0.112697,0.100989,0.084319,0.065978,0.048628,0.033907,0.022453,0.014167,0.008544,0.004938,0.002742,0.001466,0.001466,8e-06,8.5e-05,0.000476,0.001796,0.005132,0.01185,0.023029,0.038742,0.05759,0.076836,0.093151,0.103645,0.106711,0.102366,0.09203,0.077932,0.062433,0.047499,0.034436,0.023861,0.015845,0.010108,0.006208,0.008196,0.977103,0.022897,0.947464,0.052536,0.897331,0.102669,0.823924,0.176076,0.728951,0.271049,0.618665,0.381335,0.502293,0.497707,0.389596,0.610404,0.288607,0.711393,0.204289,0.795711,0.138311,0.861689,0.089682,0.910318,0.055775,0.944225,0.033323,0.966677,0.019155,0.980845,0.992469,0.007531,0.980619,0.019381,0.95759,0.04241,0.918848,0.081152,0.861258,0.138742,0.784422,0.215578,0.691271,0.308729,0.587625,0.412375,0.480914,0.519086,0.378548,0.621452,0.286518,0.713482,0.208586,0.791414,0.146152,0.853848,0.098653,0.901347,0.064217,0.935783,1,0.023163,1,0.00756,1,0.053966,1,0.019571,1,0.10833,1,0.043336,1,0.193677,1,0.084635,1,0.316149,1,0.149361,0,0.964077,1,0.242808,0,0.697744,1,0.369223,0,0.493634,1,0.531666,0,0.34053,1,0.732067,0,0.228519,1,0.971412,0,0.148861,0,0.337598,0,0.093961,0,0.233934,0,0.057391,0,0.158002,0,0.033891,0,0.103865,0,0.019341,0,0.066372
2402,2025/26,7,Pogoń Szczecin,Raków Częstochowa,16.0,10.0,26.0,11.7813,11.6735,23.4548,0.010445,1,3636.8912,0.4441,0.4487,0.178,0.3428,0.2886,0.0,0.0,0.0,0.0,2e-06,9e-06,3.1e-05,9.5e-05,0.000256,0.000619,0.001355,0.002709,0.004988,0.00852,0.013579,0.020299,0.028587,0.038073,0.048121,0.057896,0.066489,0.073068,0.07701,0.078001,0.076068,0.071548,0.065008,0.057141,0.048655,0.040183,0.032227,0.025126,0.019063,0.014087,0.01015,0.007135,0.004899,0.003287,0.002156,0.001385,0.000871,0.000536,0.000324,0.000192,0.000112,6.4e-05,7.8e-05,0.947538,0.052462,1,0.053888,0.918951,0.081049,1,0.084522,0.880879,0.119121,1,0.126836,0.832758,0.167242,1,0.183012,0.774862,0.225138,1,0.25507,0.708373,0.291627,1,0.344785,0.635305,0.364695,1,0.45365,0.558295,0.441705,1,0.582868,0.480293,0.519707,1,0.733359,0.404225,0.595775,1,0.905784,0.332677,0.667323,1,1.100583,0.267669,0.732331,0,0.311523,0.210529,0.789471,0,0.236392,0.161874,0.838126,0,0.176587,0.121691,0.878309,0,0.129756,0.089464,0.910536,0,0.093721,0.064338,0.935662,0,0.066501,0.045275,0.954725,0,0.046332,0.031188,0.968812,0,0.031684,1.5e-05,0.000157,0.000831,0.002967,0.008025,0.017541,0.03227,0.051391,0.072316,0.091335,0.104822,0.110407,0.107607,0.097718,0.083164,0.066666,0.050558,0.036412,0.024989,0.016391,0.010304,0.006222,0.003618,0.004263,1.6e-05,0.000171,0.0009,0.003187,0.008549,0.018534,0.033819,0.05342,0.074558,0.093398,0.106315,0.111066,0.107367,0.096704,0.08163,0.064903,0.048819,0.034873,0.023738,0.015443,0.009629,0.005767,0.003326,0.003855,0.987994,0.012006,0.970453,0.029547,0.938183,0.061817,0.886792,0.113208,0.814475,0.185525,0.72314,0.27686,0.618318,0.381682,0.507911,0.492089,0.400304,0.599696,0.302587,0.697413,0.219423,0.780577,0.152757,0.847243,0.102199,0.897801,0.065787,0.934213,0.040798,0.959202,0.987166,0.012834,0.968632,0.031368,0.934813,0.065187,0.881393,0.118607,0.806835,0.193165,0.713437,0.286563,0.607122,0.392878,0.496056,0.503944,0.388689,0.611311,0.291984,0.708016,0.210354,0.789646,0.145451,0.854549,0.096632,0.903368,0.061758,0.938242,0.03802,0.96198,1,0.012079,1,0.012917,1,0.029992,1,0.031871,1,0.06381,1,0.067409,1,0.120145,1,0.126252,1,0.205212,1,0.214636,1,0.324152,1,0.337661,1,0.480752,0,0.934256,1,0.677449,0,0.68529,1,0.915531,0,0.492149,1,1.195386,0,0.345289,1,1.516754,0,0.236171,1,1.878907,0,0.157181,0,0.107807,0,0.101625,0,0.068051,0,0.063747,0,0.041654,0,0.038762
2403,2025/26,7,Cracovia,Legia Warszawa,13.0,17.0,30.0,11.8442,13.7126,25.5569,0.010445,1,3636.8912,0.4441,0.4487,0.178,0.3428,0.2886,0.0,0.0,0.0,0.0,0.0,2e-06,8e-06,2.5e-05,7.3e-05,0.000191,0.000451,0.000973,0.001932,0.00356,0.00612,0.00987,0.014995,0.021546,0.02938,0.038136,0.047253,0.056028,0.063713,0.06963,0.07327,0.074362,0.072906,0.06915,0.063538,0.056628,0.04901,0.041235,0.033762,0.026927,0.020938,0.015886,0.011771,0.008524,0.006036,0.004183,0.002839,0.001888,0.001231,0.000787,0.000494,0.000305,0.000442,0.976795,0.023205,1,0.023478,0.9618,0.0382,1,0.038949,0.940254,0.059746,1,0.061605,0.910875,0.089125,1,0.09335,0.872738,0.127262,1,0.13612,0.825485,0.174515,1,0.191784,0.769457,0.230543,1,0.26207,0.705744,0.294256,1,0.348503,0.636114,0.363886,1,0.452378,0.562844,0.437156,1,0.574753,0.488482,0.511518,1,0.716452,0.415577,0.584423,1,0.878088,0.346426,0.653574,1,1.060086,0.282888,0.717112,1,1.262705,0.22626,0.77374,1,1.486069,0.177251,0.822749,0,0.195104,0.136015,0.863985,0,0.1462,0.102253,0.897747,0,0.107867,0.075326,0.924674,0,0.078314,1.4e-05,0.000149,0.000793,0.002846,0.007733,0.016983,0.031393,0.050232,0.071021,0.090126,0.103925,0.109982,0.107703,0.098269,0.08403,0.067681,0.051571,0.037319,0.025733,0.016959,0.010711,0.006499,0.003797,0.004517,3e-06,3.3e-05,0.000198,0.000807,0.002495,0.006234,0.013114,0.02388,0.038422,0.055485,0.072808,0.087684,0.097715,0.101458,0.098728,0.090492,0.078467,0.064616,0.050704,0.038027,0.027332,0.018873,0.012546,0.019731,0.988452,0.011548,0.971469,0.028531,0.940076,0.059924,0.889844,0.110156,0.818822,0.181178,0.728696,0.271304,0.624772,0.375228,0.514789,0.485211,0.407087,0.592913,0.308818,0.691182,0.224787,0.775213,0.157107,0.842893,0.105535,0.894465,0.068217,0.931783,0.042484,0.957516,0.996317,0.003683,0.990082,0.009918,0.976968,0.023032,0.953088,0.046912,0.914667,0.085333,0.859182,0.140818,0.786374,0.213626,0.69869,0.30131,0.600975,0.399025,0.499517,0.500483,0.400788,0.599212,0.310297,0.689703,0.231829,0.768171,0.167213,0.832787,0.116509,0.883491,1,0.011615,1,0.00369,1,0.028946,1,0.009968,1,0.061795,1,0.023301,1,0.116709,1,0.048048,1,0.199889,1,0.089195,1,0.316499,1,0.151775,1,0.470368,1,0.240323,1,0.663998,1,0.358548,1,0.898728,1,0.509202,0,0.369352,1,0.694114,0,0.254617,1,0.914323,0,0.170915,1,1.170225,0,0.11153,1,1.461755,0,0.070655,0,0.182977,0,0.043413,0,0.123874
2404,2025/26,7,GKS Katowice,Radomiak Radom,16.0,21.0,37.0,11.4042,13.2812,24.6854,0.010445,1,3636.8912,0.4441,0.4487,0.178,0.3428,0.2886,0.0,0.0,0.0,0.0,1e-06,4e-06,1.4e-05,4.4e-05,0.000124,0.000313,0.000717,0.0015,0.002888,0.005161,0.008606,0.01346,0.019832,0.027635,0.036544,0.046004,0.05528,0.063566,0.070103,0.0743,0.075823,0.07463,0.07096,0.065273,0.058165,0.050275,0.042198,0.034433,0.027342,0.021149,0.015948,0.011736,0.008433,0.005922,0.004068,0.002734,0.0018,0.001161,0.000734,0.000455,0.000277,0.000166,0.000224,0.967168,0.032832,1,0.033383,0.947336,0.052664,1,0.054101,0.919701,0.080299,1,0.083706,0.883157,0.116843,1,0.124252,0.837154,0.162846,1,0.177748,0.781874,0.218126,1,0.246062,0.718308,0.281692,1,0.330857,0.648205,0.351795,1,0.433548,0.573905,0.426095,1,0.555291,0.498082,0.501918,1,0.69699,0.423452,0.576548,1,0.859314,0.352492,0.647508,1,1.042726,0.287219,0.712781,1,1.24751,0.229054,0.770946,1,1.473798,0.178779,0.821221,1,1.721603,0.136581,0.863419,1,1.990836,0.102148,0.897852,1,2.281328,0.074806,0.925194,1,2.592851,0.053658,0.946342,1,2.925127,2.1e-05,0.000213,0.001098,0.003807,0.010003,0.021238,0.037955,0.058716,0.08026,0.098469,0.109776,0.112319,0.106339,0.093805,0.07755,0.060388,0.044487,0.031123,0.020749,0.01322,0.008073,0.004736,0.002675,0.002974,4e-06,4.6e-05,0.000273,0.001082,0.003255,0.00791,0.016179,0.028646,0.044817,0.062932,0.080299,0.094034,0.101896,0.102877,0.097343,0.086757,0.07315,0.058574,0.044692,0.032593,0.022779,0.015294,0.009887,0.014592,0.984852,0.015148,0.963613,0.036387,0.925659,0.074341,0.866943,0.133057,0.786683,0.213317,0.688213,0.311787,0.578437,0.421563,0.466118,0.533882,0.359779,0.640221,0.265975,0.734025,0.188425,0.811575,0.128037,0.871963,0.08355,0.91645,0.052426,0.947574,0.031678,0.968322,0.995251,0.004749,0.987341,0.012659,0.971162,0.028838,0.942516,0.057484,0.897699,0.102301,0.834767,0.165233,0.754467,0.245533,0.660433,0.339567,0.558537,0.441463,0.45566,0.54434,0.358317,0.641683,0.27156,0.72844,0.19841,0.80159,0.139836,0.860164,0.095144,0.904856,1,0.015264,1,0.00476,1,0.037066,1,0.01274,1,0.077249,1,0.029262,1,0.142782,1,0.059202,1,0.23993,1,0.10792,1,0.373657,1,0.180603,1,0.547426,1,0.281744,1,0.763316,1,0.41486,1,1.022265,1,0.582434,1,1.324353,1,0.786008,1,1.669055,1,1.026337,1,2.055436,1,1.303572,0,0.087248,1,1.61742,0,0.05385,1,1.967285,0,0.032191,1,2.352364
2405,2025/26,7,Lech Poznań,Widzew Łódź,11.0,8.0,19.0,11.3719,10.6307,22.0026,0.010445,1,3636.8912,0.4441,0.4487,0.178,0.3428,0.2886,0.0,0.0,0.0,1e-06,6e-06,2.4e-05,8e-05,0.000232,0.000594,0.001357,0.002804,0.005293,0.009205,0.014848,0.022351,0.031555,0.041969,0.05279,0.063016,0.071605,0.077666,0.08061,0.08024,0.07676,0.070701,0.062807,0.053898,0.044745,0.035985,0.02807,0.021263,0.015657,0.01122,0.007831,0.005329,0.003539,0.002295,0.001454,0.000901,0.000547,0.000325,0.000189,0.000108,6e-05,3.3e-05,1.8e-05,1.9e-05,0.911649,0.088351,1,0.0925,0.86968,0.13032,1,0.13963,0.81689,0.18311,1,0.202251,0.753874,0.246126,1,0.28253,0.682269,0.317731,0,1.14655,0.604603,0.395397,0,0.927866,0.523994,0.476006,0,0.742324,0.443753,0.556247,0,0.586543,0.366993,0.633007,0,0.457274,0.296292,0.703708,0,0.351392,0.233486,0.766514,0,0.265902,0.179588,0.820412,0,0.197949,0.134843,0.865157,0,0.144844,0.098858,0.901142,0,0.104092,0.070788,0.929212,0,0.073418,0.049525,0.950475,0,0.050794,0.033868,0.966132,0,0.034455,0.022648,0.977352,0,0.022909,0.014817,0.985183,0,0.014928,2.2e-05,0.000219,0.001124,0.003889,0.010192,0.021585,0.038477,0.059373,0.080952,0.099067,0.110163,0.112429,0.106175,0.093422,0.077038,0.059838,0.04397,0.030684,0.020404,0.012968,0.007899,0.004622,0.002604,0.002881,4.2e-05,0.000401,0.001937,0.006306,0.015558,0.031017,0.052046,0.0756,0.097031,0.111777,0.117005,0.112407,0.099926,0.082766,0.064247,0.046975,0.032493,0.021345,0.013361,0.007993,0.004583,0.002524,0.001339,0.001319,0.984548,0.015452,0.962963,0.037037,0.924487,0.075513,0.865114,0.134886,0.784162,0.215838,0.685095,0.314905,0.574931,0.425069,0.462502,0.537498,0.356328,0.643672,0.262906,0.737094,0.185868,0.814132,0.12603,0.87397,0.08206,0.91794,0.051376,0.948624,0.030972,0.969028,0.975754,0.024246,0.944737,0.055263,0.892691,0.107309,0.817092,0.182908,0.720061,0.279939,0.608283,0.391717,0.491278,0.508722,0.378871,0.621129,0.278945,0.721055,0.196179,0.803821,0.131932,0.868068,0.084957,0.915043,0.052464,0.947536,0.031119,0.968881,0.017758,0.982242,1,0.015573,1,0.024545,1,0.03774,1,0.056849,1,0.078516,1,0.113515,1,0.144894,1,0.202004,1,0.24314,0,1.273184,1,0.378198,0,0.937216,1,0.553505,0,0.675854,0,0.62083,0,0.476216,0,0.440566,0,0.32704,0,0.30504,0,0.218379,0,0.205633,0,0.141485,0,0.134709,0,0.088784,0,0.085623,0,0.05389,0,0.052743,0,0.031613,0,0.031462,0,0.017918
2406,2025/26,7,Jagiellonia Białystok,Lechia Gdańsk,13.0,20.0,33.0,11.3105,11.6321,22.9426,0.010445,1,3636.8912,0.4441,0.4487,0.178,0.3428,0.2886,0.0,0.0,0.0,1e-06,3e-06,1.2e-05,4.3e-05,0.00013,0.000346,0.000819,0.001758,0.003445,0.006219,0.010415,0.016276,0.023856,0.032941,0.043016,0.053308,0.062885,0.070811,0.0763,0.078848,0.078305,0.074875,0.069052,0.061517,0.053018,0.044264,0.035844,0.028186,0.021547,0.016029,0.011614,0.008205,0.005656,0.003807,0.002504,0.001611,0.001014,0.000625,0.000378,0.000224,0.00013,7.4e-05,4.2e-05,4.9e-05,0.936677,0.063323,1,0.065417,0.903736,0.096264,1,0.101218,0.86072,0.13928,1,0.149985,0.807413,0.192587,1,0.21392,0.744527,0.255473,1,0.295006,0.673716,0.326284,1,0.394946,0.597417,0.402583,1,0.51514,0.518569,0.481431,1,0.656682,0.440264,0.559736,1,0.82038,0.365389,0.634611,1,1.006792,0.296337,0.703663,1,1.216257,0.234821,0.765179,1,1.448933,0.181803,0.818197,1,1.704831,0.137539,0.862461,1,1.983845,0.101695,0.898305,1,2.285773,0.073509,0.926491,1,2.610347,0.051962,0.948038,1,2.95724,0.035933,0.964067,1,3.326089,0.024319,0.975681,0,0.024619,2.3e-05,0.00023,0.001176,0.004049,0.010561,0.022258,0.039484,0.060633,0.082272,0.100196,0.110881,0.112615,0.105836,0.092675,0.076053,0.058787,0.042989,0.029855,0.019757,0.012496,0.007574,0.004411,0.002473,0.00271,1.7e-05,0.000177,0.000928,0.003275,0.008759,0.018929,0.03443,0.054213,0.075425,0.094186,0.106873,0.111296,0.107249,0.096293,0.081025,0.064219,0.048152,0.034288,0.023265,0.015088,0.009378,0.005599,0.003219,0.003707,0.983956,0.016044,0.961698,0.038302,0.922213,0.077787,0.86158,0.13842,0.779308,0.220692,0.679112,0.320888,0.568231,0.431769,0.455616,0.544384,0.349779,0.650221,0.257104,0.742896,0.181051,0.818949,0.122264,0.877736,0.079275,0.920725,0.04942,0.95058,0.029663,0.970337,0.986834,0.013166,0.967905,0.032095,0.933475,0.066525,0.879262,0.120738,0.803837,0.196163,0.709651,0.290349,0.602778,0.397222,0.491481,0.508519,0.384232,0.615768,0.28794,0.71206,0.206914,0.793086,0.142696,0.857304,0.094544,0.905456,0.060256,0.939744,0.03699,0.96301,1,0.016174,1,0.013253,1,0.039055,1,0.032621,1,0.080979,1,0.068841,1,0.148987,1,0.128672,1,0.249349,1,0.218359,1,0.386969,1,0.342982,1,0.565227,1,0.506206,1,0.786105,1,0.710332,1,1.050454,1,0.956509,0,0.297199,1,1.245003,0,0.199733,1,1.575452,0,0.130409,1,1.947039,0,0.082594,1,2.35869,0,0.050683,1,2.809153,0,0.030112,1,3.297108
2407,2025/26,8,Wisła Płock,Cracovia,8.0,16.0,24.0,12.0393,11.9177,23.9571,0.010199,1,3684.7639,0.4437,0.448,0.1705,0.3453,0.2943,0.0,0.0,0.0,0.0,1e-06,6e-06,2.2e-05,6.8e-05,0.000188,0.000464,0.001037,0.002115,0.003974,0.006926,0.011262,0.017173,0.024666,0.033503,0.043181,0.052973,0.062025,0.069486,0.074651,0.077066,0.076593,0.073412,0.067964,0.060865,0.052796,0.044417,0.036283,0.02881,0.022259,0.01675,0.012287,0.008794,0.006146,0.004197,0.002803,0.001832,0.001172,0.000735,0.000452,0.000272,0.000161,9.4e-05,0.000119,0.956764,0.043236,1,0.044199,0.932098,0.067902,1,0.070318,0.898594,0.101406,1,0.106924,0.855413,0.144587,1,0.156171,0.802439,0.197561,1,0.220099,0.740414,0.259586,1,0.300545,0.670928,0.329072,1,0.399093,0.596277,0.403723,1,0.517049,0.519212,0.480788,1,0.655443,0.442619,0.557381,0,0.584506,0.369207,0.630793,0,0.460777,0.301242,0.698758,0,0.358451,0.240378,0.759622,0,0.274934,0.187582,0.812418,0,0.20774,0.143165,0.856835,0,0.15451,0.106882,0.893118,0,0.113037,0.078073,0.921927,0,0.081289,0.055814,0.944186,0,0.057432,0.039064,0.960936,0,0.039847,1.2e-05,0.000125,0.00068,0.002479,0.006849,0.015286,0.028711,0.046671,0.067021,0.086365,0.101106,0.108609,0.107936,0.099924,0.08668,0.07081,0.054714,0.040142,0.028059,0.018742,0.011996,0.007374,0.004364,0.005327,1.3e-05,0.000139,0.000744,0.002689,0.007361,0.016282,0.030307,0.048821,0.069477,0.088723,0.102932,0.109575,0.107915,0.099005,0.085109,0.068901,0.052759,0.03836,0.026571,0.017589,0.011156,0.006796,0.003986,0.004776,0.989839,0.010161,0.974553,0.025447,0.945842,0.054158,0.899171,0.100829,0.832149,0.167851,0.745785,0.254215,0.644678,0.355322,0.536069,0.463931,0.428133,0.571867,0.328208,0.671792,0.241529,0.758471,0.170719,0.829281,0.116005,0.883995,0.075862,0.924138,0.047803,0.952197,0.989041,0.010959,0.972759,0.027241,0.942452,0.057548,0.893631,0.106369,0.824153,0.175847,0.73543,0.26457,0.632498,0.367502,0.522923,0.477077,0.415008,0.584992,0.316003,0.683997,0.230894,0.769106,0.161993,0.838007,0.109234,0.890766,0.070874,0.929126,0.044303,0.955697,1,0.010213,1,0.011019,1,0.025776,1,0.027619,1,0.05568,1,0.05927,1,0.106282,1,0.112462,0,1.784679,1,0.193399,0,1.369575,1,0.3073,0,1.034731,1,0.458078,0,0.768019,1,0.648321,0,0.558849,1,0.879457,0,0.397807,1,1.152004,0,0.276451,1,1.465797,0,0.187196,1,1.820202,0,0.123304,0,0.115674,0,0.078894,0,0.073511,0,0.048983,0,0.045314
2408,2025/26,8,Legia Warszawa,Radomiak Radom,17.0,15.0,32.0,13.2349,13.6215,26.8565,0.010199,1,3684.7639,0.4437,0.448,0.1705,0.3453,0.2943,0.0,0.0,0.0,0.0,0.0,1e-06,3e-06,1.1e-05,3.2e-05,8.9e-05,0.000219,0.000494,0.001027,0.001981,0.003563,0.006012,0.009555,0.014359,0.020477,0.027795,0.036008,0.044633,0.053055,0.060601,0.06664,0.070672,0.072392,0.07173,0.068845,0.064083,0.05792,0.050886,0.043501,0.036219,0.029398,0.023281,0.018002,0.013603,0.010051,0.007268,0.005145,0.003569,0.002427,0.001619,0.00106,0.000681,0.001091,0.986568,0.013432,1,0.013523,0.977013,0.022987,1,0.023255,0.962653,0.037347,1,0.038062,0.942176,0.057824,1,0.059563,0.914381,0.085619,1,0.089508,0.878373,0.121627,1,0.129684,0.83374,0.16626,1,0.181834,0.780685,0.219315,1,0.247583,0.720084,0.279916,1,0.328387,0.653444,0.346556,1,0.425499,0.582772,0.417228,1,0.539959,0.51038,0.48962,1,0.672599,0.43865,0.56135,1,0.824053,0.369805,0.630195,1,0.994779,0.305722,0.694278,1,1.185081,0.247801,0.752199,1,1.395128,0.196915,0.803085,1,1.624982,0.153415,0.846585,0,0.166544,0.117195,0.882805,0,0.124651,4e-06,4.7e-05,0.000279,0.001106,0.003322,0.008063,0.016469,0.029113,0.045465,0.063713,0.081114,0.094757,0.10241,0.103103,0.097263,0.086408,0.072609,0.057932,0.044037,0.031988,0.022265,0.014885,0.009579,0.013988,3e-06,3.5e-05,0.000209,0.000849,0.002616,0.006513,0.013645,0.02474,0.039626,0.056955,0.074371,0.089108,0.098775,0.101994,0.098684,0.089919,0.077497,0.063418,0.049444,0.036837,0.026297,0.018032,0.011902,0.0184,0.995161,0.004839,0.987098,0.012902,0.97063,0.02937,0.941517,0.058483,0.896052,0.103948,0.83234,0.16766,0.751226,0.248774,0.656468,0.343532,0.554058,0.445942,0.450955,0.549045,0.353692,0.646308,0.267284,0.732716,0.194675,0.805325,0.136743,0.863257,0.092706,0.907294,0.996158,0.003842,0.989645,0.010355,0.976,0.024,0.95126,0.04874,0.911634,0.088366,0.854679,0.145321,0.780307,0.219693,0.691199,0.308801,0.592424,0.407576,0.49043,0.50957,0.391746,0.608254,0.301827,0.698173,0.22433,0.77567,0.160912,0.839088,0.111468,0.888532,1,0.004851,1,0.003849,1,0.012986,1,0.010409,1,0.02981,1,0.024293,1,0.060263,1,0.049968,1,0.109757,1,0.092517,1,0.183514,1,0.157029,1,0.286049,1,0.248068,1,0.420881,1,0.369328,1,0.590486,1,0.523533,1,0.796388,1,0.712473,1,1.039329,1,0.937142,1,1.319444,0,0.359288,1,1.636424,0,0.254028,0,0.147043,0,0.17544,0,0.097289,0,0.118185
2409,2025/26,8,Lechia Gdańsk,GKS Katowice,8.0,10.0,18.0,10.514,11.0227,21.5368,0.010199,1,3684.7639,0.4437,0.448,0.1705,0.3453,0.2943,0.0,0.0,0.0,2e-06,8e-06,3.2e-05,0.000107,0.000305,0.000767,0.001721,0.003493,0.006476,0.01106,0.01752,0.025894,0.03589,0.046857,0.057851,0.067775,0.075575,0.080433,0.081906,0.079983,0.075054,0.067804,0.059073,0.049711,0.040466,0.031907,0.0244,0.018118,0.013077,0.009184,0.006282,0.004189,0.002725,0.001731,0.001075,0.000652,0.000388,0.000225,0.000128,7.2e-05,3.9e-05,2.1e-05,1.1e-05,1.2e-05,0.896725,0.103275,1,0.109006,0.849868,0.150132,1,0.162674,0.792017,0.207983,1,0.233173,0.724242,0.275758,0,1.288232,0.648668,0.351332,0,1.046022,0.568235,0.431765,0,0.839874,0.486329,0.513671,0,0.666173,0.406346,0.593654,0,0.521458,0.331291,0.668709,0,0.402407,0.263487,0.736513,0,0.305828,0.204414,0.795586,0,0.228676,0.154703,0.845297,0,0.168067,0.114236,0.885764,0,0.121305,0.082329,0.917671,0,0.085916,0.057929,0.942071,0,0.059675,0.039811,0.960189,0,0.040626,0.026735,0.973265,0,0.027099,0.017551,0.982449,0,0.017707,0.011269,0.988731,0,0.011333,4.6e-05,0.000436,0.002094,0.006762,0.016543,0.032699,0.05439,0.078297,0.099571,0.113627,0.117801,0.112064,0.098626,0.080858,0.062115,0.044936,0.030749,0.019978,0.012367,0.007315,0.004146,0.002257,0.001183,0.001139,2.9e-05,0.000288,0.001441,0.004858,0.012403,0.025581,0.044401,0.066697,0.088509,0.105397,0.114021,0.113185,0.103945,0.088925,0.071283,0.053812,0.038424,0.026051,0.016827,0.010387,0.006143,0.00349,0.001908,0.001992,0.974118,0.025882,0.941419,0.058581,0.887029,0.112971,0.808732,0.191268,0.709161,0.290839,0.595534,0.404466,0.477733,0.522267,0.365669,0.634331,0.267043,0.732957,0.186185,0.813815,0.124071,0.875929,0.079135,0.920865,0.048386,0.951614,0.028407,0.971593,0.016041,0.983959,0.980978,0.019022,0.955396,0.044604,0.910995,0.089005,0.844298,0.155702,0.755789,0.244211,0.650392,0.349608,0.536371,0.463629,0.423186,0.576814,0.319241,0.680759,0.230316,0.769684,0.159033,0.840967,0.105221,0.894779,0.066797,0.933203,0.040746,0.959254,0.023919,0.976081,1,0.026223,1,0.019205,1,0.060367,1,0.045629,1,0.119878,1,0.093218,1,0.212288,1,0.16925,0,1.234985,1,0.279993,0,0.905188,1,0.43018,0,0.649576,0,0.768671,0,0.455184,0,0.550235,0,0.310668,0,0.384547,0,0.206022,0,0.261775,0,0.13247,0,0.173203,0,0.082442,0,0.111179,0,0.049596,0,0.069133,0,0.028818,0,0.041599,0,0.016171,0,0.02421
2410,2025/26,8,Motor Lublin,Bruk-Bet Termalica Nieciecza,16.0,13.0,29.0,12.7018,12.1125,24.8142,0.010199,1,3684.7639,0.4437,0.448,0.1705,0.3453,0.2943,0.0,0.0,0.0,0.0,1e-06,3e-06,1.2e-05,4e-05,0.000113,0.000287,0.000662,0.001392,0.002699,0.004853,0.008141,0.012807,0.01898,0.026598,0.03537,0.044768,0.054082,0.062511,0.06929,0.073803,0.075679,0.07484,0.071487,0.066053,0.059117,0.051314,0.043248,0.035432,0.028245,0.02193,0.016599,0.012258,0.008839,0.006228,0.004291,0.002894,0.00191,0.001236,0.000784,0.000487,0.000298,0.000178,0.000242,0.968991,0.031009,1,0.0315,0.950011,0.049989,1,0.051282,0.923413,0.076587,1,0.079679,0.888042,0.111958,1,0.118736,0.843274,0.156726,1,0.170463,0.789192,0.210808,1,0.236745,0.726681,0.273319,1,0.319268,0.657391,0.342609,1,0.419476,0.583588,0.416412,1,0.538559,0.507909,0.492091,1,0.677453,0.433069,0.566931,1,0.836859,0.361582,0.638418,1,1.017267,0.295529,0.704471,1,1.218988,0.236412,0.763588,1,1.442178,0.185098,0.814902,0,0.204688,0.14185,0.85815,0,0.152976,0.106418,0.893582,0,0.112517,0.078173,0.921827,0,0.081398,0.056243,0.943757,0,0.057887,6e-06,7.3e-05,0.000415,0.001588,0.0046,0.010767,0.021209,0.036155,0.054449,0.073582,0.090339,0.10177,0.106067,0.102977,0.09368,0.080257,0.065035,0.050039,0.036681,0.025695,0.017246,0.011119,0.006901,0.009308,1.1e-05,0.000118,0.000644,0.00236,0.006556,0.014713,0.027785,0.04541,0.065563,0.084943,0.09998,0.107981,0.107892,0.100424,0.087584,0.071936,0.055885,0.041224,0.028971,0.019456,0.01252,0.007738,0.004604,0.005683,0.993277,0.006723,0.982509,0.017491,0.961301,0.038699,0.925145,0.074855,0.870696,0.129304,0.797114,0.202886,0.706775,0.293225,0.605004,0.394996,0.498937,0.501063,0.39596,0.60404,0.30228,0.69772,0.222023,0.777977,0.156988,0.843012,0.106949,0.893051,0.070269,0.929731,0.990292,0.009708,0.975579,0.024421,0.947794,0.052206,0.902384,0.097616,0.83682,0.16318,0.751878,0.248122,0.651898,0.348102,0.543917,0.456083,0.436025,0.563975,0.335601,0.664399,0.248017,0.751983,0.17608,0.82392,0.120195,0.879805,0.078972,0.921028,0.050001,0.949999,1,0.006746,1,0.009755,1,0.017646,1,0.024724,1,0.039468,1,0.053618,1,0.077805,1,0.102715,1,0.138462,1,0.178146,1,0.226758,1,0.285181,1,0.347043,1,0.427867,1,0.50252,1,0.608959,1,0.695275,1,0.830056,1,0.926442,0,0.408872,1,1.196402,0,0.285042,1,1.504974,0,0.193682,0,0.170774,0,0.128055,0,0.113112,0,0.082265,0,0.07286,0,0.051294
2411,2025/26,8,Korona Kielce,Pogoń Szczecin,9.0,11.0,20.0,11.9227,13.2633,25.186,0.010199,1,3684.7639,0.4437,0.448,0.1705,0.3453,0.2943,0.0,0.0,0.0,0.0,1e-06,2e-06,1e-05,3.1e-05,9e-05,0.000233,0.000543,0.001159,0.002275,0.004145,0.007045,0.01123,0.016861,0.023941,0.032256,0.041366,0.050632,0.059298,0.066598,0.071875,0.07468,0.074831,0.072427,0.06781,0.061496,0.054089,0.046194,0.038349,0.030978,0.024373,0.018694,0.013989,0.010222,0.007299,0.005097,0.003483,0.00233,0.001527,0.000982,0.000619,0.000383,0.000232,0.000326,0.973236,0.026764,1,0.027128,0.956375,0.043625,1,0.044605,0.932435,0.067565,1,0.069956,0.900179,0.099821,1,0.105162,0.858813,0.141187,1,0.152204,0.80818,0.19182,0,1.6512,0.748882,0.251118,0,1.381833,0.682284,0.317716,0,1.146598,0.610409,0.389591,0,0.942658,0.535729,0.464271,0,0.767287,0.460898,0.539102,0,0.617851,0.388471,0.611529,0,0.491793,0.320661,0.679339,0,0.386635,0.259165,0.740835,0,0.299977,0.205076,0.794924,0,0.229509,0.158882,0.841118,0,0.173023,0.120533,0.879467,0,0.128439,0.089555,0.910445,0,0.093821,0.065182,0.934818,0,0.067403,1.3e-05,0.000138,0.000741,0.00268,0.007339,0.01624,0.03024,0.048732,0.069375,0.088626,0.102858,0.109537,0.107918,0.099045,0.085175,0.06898,0.05284,0.038433,0.026632,0.017635,0.01119,0.00682,0.004001,0.004798,4e-06,4.6e-05,0.000273,0.001084,0.003264,0.007938,0.016245,0.028771,0.045016,0.063204,0.080618,0.094356,0.102169,0.103055,0.097401,0.086694,0.072987,0.058344,0.044434,0.032338,0.022551,0.015105,0.009739,0.014281,0.989075,0.010925,0.972835,0.027165,0.942595,0.057405,0.893864,0.106136,0.824488,0.175512,0.735862,0.264138,0.633003,0.366997,0.523466,0.476534,0.415548,0.584452,0.316503,0.683497,0.231328,0.768672,0.162348,0.837652,0.109508,0.890492,0.071075,0.928925,0.044443,0.955557,0.995244,0.004756,0.987306,0.012694,0.971061,0.028939,0.94229,0.05771,0.897274,0.102726,0.83407,0.16593,0.753452,0.246548,0.659096,0.340904,0.556928,0.443072,0.453873,0.546127,0.356472,0.643528,0.269778,0.730222,0.196791,0.803209,0.138447,0.861553,0.094013,0.905987,1,0.010985,1,0.004767,1,0.027541,1,0.012775,1,0.059119,1,0.029366,1,0.112202,1,0.059442,1,0.192993,1,0.108394,0,1.331284,1,0.181438,0,1.002402,1,0.28309,0,0.741216,0,1.076154,0,0.537081,0,0.814023,0,0.380533,0,0.604904,0,0.263091,0,0.44079,0,0.177153,0,0.314407,0,0.115981,0,0.21914,0,0.073727,0,0.149019,0,0.045461,0,0.09873
2412,2025/26,8,Lech Poznań,Zagłębie Lubin,11.0,8.0,19.0,11.1871,11.8504,23.0376,0.010199,1,3684.7639,0.4437,0.448,0.1705,0.3453,0.2943,0.0,0.0,0.0,1e-06,3e-06,1.1e-05,4e-05,0.000121,0.000323,0.000771,0.001662,0.003274,0.00594,0.009996,0.015695,0.02311,0.032053,0.042041,0.052323,0.061982,0.070079,0.075812,0.078649,0.078404,0.075247,0.069645,0.062263,0.053844,0.045103,0.036642,0.028904,0.022163,0.016536,0.012016,0.008512,0.005883,0.003971,0.002619,0.001689,0.001066,0.000659,0.000399,0.000237,0.000138,7.9e-05,4.4e-05,5.2e-05,0.939053,0.060947,1,0.062883,0.907,0.093,1,0.097613,0.864959,0.135041,1,0.145073,0.812636,0.187364,1,0.207472,0.750654,0.249346,0,1.388914,0.680575,0.319425,0,1.141232,0.604762,0.395238,0,0.928268,0.526113,0.473887,0,0.746786,0.447709,0.552291,0,0.59368,0.372462,0.627538,0,0.46595,0.302816,0.697184,0,0.360706,0.240554,0.759446,0,0.275165,0.18671,0.81329,0,0.206667,0.141607,0.858393,0,0.152693,0.104965,0.895035,0,0.110893,0.076061,0.923939,0,0.079109,0.053898,0.946102,0,0.055405,0.037362,0.962638,0,0.038078,0.025346,0.974654,0,0.025673,2.5e-05,0.000252,0.001277,0.004362,0.011284,0.023587,0.041487,0.063154,0.084929,0.102488,0.112358,0.113028,0.10519,0.091195,0.074081,0.056673,0.041009,0.028175,0.018443,0.011536,0.006914,0.003981,0.002206,0.002362,1.4e-05,0.000146,0.000782,0.002812,0.00766,0.016858,0.031221,0.050041,0.070854,0.090025,0.103916,0.110065,0.107852,0.098448,0.084204,0.067825,0.051674,0.037381,0.025763,0.016968,0.010708,0.006491,0.003787,0.004492,0.982796,0.017204,0.959209,0.040791,0.917722,0.082278,0.854568,0.145432,0.769639,0.230361,0.667151,0.332849,0.554793,0.445207,0.441766,0.558234,0.336575,0.663425,0.24538,0.75462,0.171299,0.828701,0.114626,0.885374,0.073618,0.926382,0.045442,0.954558,0.026999,0.973001,0.988573,0.011427,0.971715,0.028285,0.940494,0.059506,0.890453,0.109547,0.8196,0.1804,0.729574,0.270426,0.625658,0.374342,0.515593,0.484407,0.407741,0.592259,0.309292,0.690708,0.225088,0.774912,0.157264,0.842736,0.10559,0.89441,0.068208,0.931792,0.042445,0.957555,1,0.017354,1,0.011493,1,0.041646,1,0.028693,1,0.085861,1,0.06135,1,0.157159,1,0.116025,1,0.261834,0,1.712579,1,0.404739,0,1.307757,1,0.58916,0,0.982585,0,0.582977,0,0.72483,0,0.410339,0,0.523811,0,0.281541,0,0.370038,0,0.187896,0,0.255006,0,0.121745,0,0.171102,0,0.076469,0,0.111591,0,0.046507,0,0.070646,0,0.02737,0,0.043372
2413,2025/26,8,Raków Częstochowa,Górnik Zabrze,7.0,16.0,23.0,12.3891,11.9722,24.3613,0.010199,1,3684.7639,0.4437,0.448,0.1705,0.3453,0.2943,0.0,0.0,0.0,0.0,1e-06,4e-06,1.7e-05,5.3e-05,0.000148,0.000371,0.00084,0.001739,0.003316,0.005866,0.00968,0.014983,0.021844,0.030115,0.039396,0.049055,0.058299,0.066292,0.072288,0.075746,0.076411,0.074337,0.069854,0.063495,0.055905,0.047738,0.039582,0.031901,0.025017,0.019108,0.014228,0.010336,0.007332,0.005083,0.003445,0.002285,0.001484,0.000944,0.000589,0.000361,0.000216,0.000128,0.000167,0.962983,0.037017,1,0.03772,0.941139,0.058861,1,0.060664,0.911024,0.088976,1,0.093186,0.871628,0.128372,1,0.137392,0.822573,0.177427,1,0.195318,0.764274,0.235726,1,0.268828,0.697982,0.302018,1,0.359561,0.625695,0.374305,1,0.468892,0.549949,0.450051,0,0.798394,0.473538,0.526462,0,0.641576,0.399201,0.600799,0,0.509495,0.329347,0.670653,0,0.399504,0.265852,0.734148,0,0.309044,0.209946,0.790054,0,0.235654,0.162208,0.837792,0,0.176985,0.122626,0.877374,0,0.130822,0.090725,0.909275,0,0.095108,0.065708,0.934292,0,0.067966,0.0466,0.9534,0,0.04772,9e-06,9.4e-05,0.000524,0.00196,0.005556,0.012721,0.024509,0.040868,0.060202,0.079578,0.095565,0.105305,0.107352,0.101946,0.090715,0.076018,0.060254,0.045347,0.032515,0.022279,0.014627,0.009224,0.005599,0.007206,1.2e-05,0.000133,0.000714,0.002593,0.007127,0.015829,0.029583,0.047849,0.068371,0.087667,0.102121,0.109155,0.107939,0.099431,0.085823,0.069762,0.053637,0.039156,0.027234,0.018101,0.011527,0.007051,0.004152,0.005017,0.99183,0.00817,0.979109,0.020891,0.9546,0.0454,0.913732,0.086268,0.85353,0.14647,0.773951,0.226049,0.678386,0.321614,0.573082,0.426918,0.46573,0.53427,0.363784,0.636216,0.273069,0.726931,0.19705,0.80295,0.136797,0.863203,0.09145,0.90855,0.058935,0.941065,0.989406,0.010594,0.973577,0.026423,0.943995,0.056005,0.896145,0.103855,0.827774,0.172226,0.740107,0.259893,0.637986,0.362014,0.528831,0.471169,0.420892,0.579108,0.321461,0.678539,0.235638,0.764362,0.165876,0.834124,0.112239,0.887761,0.073083,0.926917,0.045849,0.954151,1,0.008204,1,0.010651,1,0.021112,1,0.026778,1,0.046463,1,0.057634,0,2.450297,1,0.109653,0,1.920935,1,0.189015,0,1.487003,1,0.300961,0,1.134403,1,0.449439,0,0.851163,1,0.637086,0,0.626854,1,0.865379,0,0.452217,1,1.134879,0,0.318924,1,1.445459,0,0.219463,1,1.796515,0,0.147105,0,0.119053,0,0.095905,0,0.075891,0,0.060743,0,0.046933
2414,2025/26,8,Piast Gliwice,Jagiellonia Białystok,11.0,13.0,24.0,13.3979,11.9193,25.3172,0.010199,1,3684.7639,0.4437,0.448,0.1705,0.3453,0.2943,0.0,0.0,0.0,0.0,0.0,2e-06,9e-06,2.9e-05,8.3e-05,0.000216,0.000507,0.001085,0.002141,0.003918,0.00669,0.010713,0.01616,0.02305,0.031199,0.040194,0.049424,0.058149,0.065608,0.071133,0.074249,0.074742,0.072674,0.068356,0.062277,0.055029,0.047214,0.039377,0.031955,0.025258,0.019462,0.014632,0.010741,0.007705,0.005405,0.003711,0.002494,0.001643,0.00106,0.000672,0.000417,0.000255,0.000361,0.974605,0.025395,1,0.025723,0.958445,0.041555,1,0.042443,0.935395,0.064605,1,0.066786,0.904197,0.095803,1,0.100708,0.864003,0.135997,1,0.146179,0.814579,0.185421,1,0.205084,0.75643,0.24357,1,0.279146,0.690821,0.309179,1,0.369874,0.619689,0.380311,1,0.478538,0.54544,0.45456,0,0.788425,0.470698,0.529302,0,0.636196,0.398023,0.601977,0,0.507537,0.329668,0.670332,0,0.399982,0.267391,0.732609,0,0.311143,0.212362,0.787638,0,0.238717,0.165148,0.834852,0,0.180501,0.125771,0.874229,0,0.134413,0.093816,0.906184,0,0.098513,0.068558,0.931442,0,0.071021,4e-06,4.1e-05,0.000247,0.000989,0.003004,0.007371,0.01522,0.027197,0.042933,0.060817,0.078266,0.092421,0.100967,0.102753,0.097982,0.08799,0.074739,0.060278,0.046317,0.034009,0.023928,0.01617,0.010519,0.015735,1.3e-05,0.000138,0.000743,0.002686,0.007354,0.016269,0.030285,0.048793,0.069445,0.088692,0.102909,0.109563,0.107916,0.099018,0.08513,0.068926,0.052785,0.038383,0.026591,0.017604,0.011167,0.006804,0.003991,0.004783,0.995615,0.004385,0.988244,0.011756,0.973024,0.026976,0.945827,0.054173,0.902894,0.097106,0.842077,0.157923,0.76381,0.23619,0.671389,0.328611,0.570421,0.429579,0.467669,0.532331,0.369686,0.630314,0.281696,0.718304,0.206957,0.793043,0.146679,0.853321,0.100362,0.899638,0.989052,0.010948,0.972783,0.027217,0.942498,0.057502,0.893705,0.106295,0.824261,0.175739,0.735568,0.264432,0.63266,0.36734,0.523097,0.476903,0.41518,0.58482,0.316163,0.683837,0.231033,0.768967,0.162107,0.837893,0.109322,0.890678,0.070939,0.929061,0.044348,0.955652,1,0.004395,1,0.011008,1,0.011826,1,0.027594,1,0.027347,1,0.059221,1,0.055696,1,0.11238,1,0.10215,1,0.193268,1,0.171884,1,0.307112,1,0.269436,1,0.457822,0,1.112881,1,0.647988,0,0.84495,1,0.879043,0,0.63049,0,0.380036,0,0.461537,0,0.262707,0,0.330862,0,0.176865,0,0.231878,0,0.115772,0,0.158619,0,0.073581,0,0.105763,0,0.045361
2415,2025/26,8,Widzew Łódź,Arka Gdynia,4.0,16.0,20.0,11.8928,12.842,24.7347,0.010199,1,3684.7639,0.4437,0.448,0.1705,0.3453,0.2943,0.0,0.0,0.0,0.0,1e-06,3e-06,1.3e-05,4.2e-05,0.000118,0.000301,0.00069,0.001448,0.0028,0.005019,0.008396,0.013171,0.019463,0.027196,0.036061,0.045512,0.054823,0.063186,0.069838,0.074174,0.075843,0.074788,0.071234,0.065632,0.058574,0.050698,0.042609,0.034809,0.02767,0.021423,0.016169,0.011907,0.008562,0.006016,0.004134,0.002779,0.00183,0.00118,0.000746,0.000463,0.000282,0.000168,0.000228,0.967998,0.032002,1,0.032526,0.948535,0.051465,1,0.052837,0.921338,0.078662,1,0.081928,0.885277,0.114723,1,0.121855,0.839765,0.160235,1,0.174633,0.784942,0.215058,0,1.536849,0.721756,0.278244,0,1.279257,0.651918,0.348082,0,1.055318,0.577745,0.422255,0,0.862145,0.501901,0.498099,0,0.696957,0.427113,0.572887,0,0.557067,0.355879,0.644121,0,0.439869,0.290247,0.709753,0,0.342838,0.231673,0.768327,0,0.26354,0.180975,0.819025,0,0.199641,0.138366,0.861634,0,0.148925,0.103558,0.896442,0,0.109321,0.075887,0.924113,0,0.078921,0.054464,0.945536,0,0.056004,1.3e-05,0.000141,0.000758,0.002734,0.00747,0.016493,0.030642,0.04927,0.069985,0.089205,0.103299,0.10976,0.107896,0.098803,0.084777,0.068504,0.052358,0.037997,0.026271,0.017358,0.010989,0.006682,0.003911,0.004669,6e-06,6.5e-05,0.000374,0.001444,0.004224,0.009984,0.019859,0.034184,0.051983,0.070936,0.08794,0.100034,0.105275,0.103206,0.094804,0.082013,0.067106,0.052137,0.038591,0.027297,0.018501,0.012044,0.007548,0.010396,0.98887,0.01113,0.972377,0.027623,0.941734,0.058266,0.892464,0.107536,0.822479,0.177521,0.733274,0.266726,0.629975,0.370025,0.520215,0.479785,0.412319,0.587681,0.313516,0.686484,0.228739,0.771261,0.160235,0.839765,0.107877,0.892123,0.06988,0.93012,0.043609,0.956391,0.993838,0.006162,0.983853,0.016147,0.963994,0.036006,0.92981,0.07019,0.877827,0.122173,0.806891,0.193109,0.718951,0.281049,0.618917,0.381083,0.513642,0.486358,0.410436,0.589564,0.315632,0.684368,0.23362,0.76638,0.166513,0.833487,0.114377,0.885623,0.075785,0.924215,0,4.498111,1,0.006181,0,3.589107,1,0.016279,0,2.842737,1,0.03667,0,2.22993,1,0.072775,0,1.728666,1,0.130306,0,1.321533,1,0.214567,0,0.994185,1,0.329962,0,0.734417,1,0.479784,0,0.531571,1,0.666229,0,0.376172,1,0.890535,0,0.259728,1,1.153178,0,0.174633,1,1.454059,0,0.114151,0,0.182137,0,0.072442,0,0.121464,0,0.044588,0,0.078811
2416,2025/26,9,Arka Gdynia,Korona Kielce,12.0,15.0,27.0,12.8706,12.4833,25.3539,0.010162,1,3733.1722,0.4238,0.4312,0.1765,0.3455,0.2949,0.0,0.0,0.0,0.0,0.0,2e-06,8e-06,2.8e-05,8.1e-05,0.000211,0.000495,0.001063,0.0021,0.003849,0.006583,0.010559,0.015952,0.022789,0.030892,0.039858,0.049083,0.057831,0.06534,0.07094,0.074148,0.074739,0.072765,0.068528,0.062511,0.055303,0.047505,0.039665,0.032226,0.0255,0.01967,0.014803,0.010878,0.007812,0.005485,0.003769,0.002536,0.001671,0.00108,0.000685,0.000426,0.00026,0.000369,0.975019,0.024981,1,0.025298,0.959067,0.040933,1,0.041794,0.936278,0.063722,1,0.065843,0.905386,0.094614,1,0.099394,0.865528,0.134472,1,0.144416,0.816445,0.183555,1,0.202796,0.758614,0.241386,1,0.276262,0.693274,0.306726,1,0.36633,0.622334,0.377666,1,0.474279,0.548186,0.451814,1,0.60114,0.473448,0.526552,1,0.747714,0.400683,0.599317,1,0.914586,0.332155,0.667845,0,0.403699,0.269644,0.730356,0,0.314223,0.214341,0.785659,0,0.241233,0.166836,0.833164,0,0.182525,0.127171,0.872829,0,0.136015,0.094944,0.905056,0,0.099759,0.069444,0.930556,0,0.071973,6e-06,6.4e-05,0.000365,0.001414,0.004147,0.009823,0.019581,0.033779,0.051478,0.070395,0.087451,0.099683,0.105118,0.103257,0.095038,0.082374,0.06753,0.052565,0.03898,0.027622,0.018755,0.012231,0.007678,0.010615,8e-06,8.7e-05,0.000488,0.001838,0.005244,0.012091,0.023459,0.039389,0.058424,0.077759,0.09402,0.104309,0.107058,0.102355,0.091692,0.077351,0.06172,0.046759,0.033749,0.023277,0.015382,0.009764,0.005966,0.007783,0.993954,0.006046,0.984131,0.015869,0.96455,0.03545,0.93077,0.06923,0.879292,0.120708,0.808897,0.191103,0.721446,0.278554,0.621763,0.378237,0.516646,0.483354,0.413389,0.586611,0.318351,0.681649,0.235978,0.764022,0.168447,0.831553,0.115882,0.884118,0.076902,0.923098,0.992305,0.007695,0.980214,0.019786,0.956755,0.043245,0.917366,0.082634,0.858942,0.141058,0.781183,0.218817,0.687163,0.312837,0.582855,0.417145,0.475796,0.524204,0.373441,0.626559,0.28175,0.71825,0.204398,0.795602,0.142679,0.857321,0.09592,0.90408,0.062171,0.937829,1,0.006064,1,0.007725,1,0.015996,1,0.019984,1,0.036094,1,0.044208,1,0.071743,1,0.086249,1,0.128638,1,0.152054,1,0.212084,1,0.246946,1,0.326498,1,0.375184,1,0.475196,1,0.539817,0,0.727006,1,0.742766,0,0.533393,1,0.984995,0,0.38324,1,1.266735,0,0.269159,0,0.228656,0,0.18446,0,0.153943,0,0.123165,0,0.100837,0,0.08002,0,0.064188
2417,2025/26,9,Bruk-Bet Termalica Nieciecza,Lech Poznań,7.0,7.0,14.0,12.2546,12.044,24.2986,0.010162,1,3733.1722,0.4238,0.4312,0.1765,0.3455,0.2949,0.0,0.0,0.0,0.0,1e-06,5e-06,1.7e-05,5.5e-05,0.000153,0.000383,0.000867,0.00179,0.003407,0.006014,0.009905,0.015298,0.022256,0.030617,0.039966,0.049656,0.058882,0.066807,0.072686,0.075992,0.076485,0.074239,0.069601,0.063119,0.055444,0.047234,0.039071,0.031414,0.024577,0.018727,0.01391,0.010081,0.007133,0.004933,0.003335,0.002207,0.00143,0.000907,0.000565,0.000345,0.000206,0.000121,0.000158,0.962104,0.037896,0,3.272897,0.939848,0.060152,0,2.810875,0.909231,0.090769,0,2.399434,0.869264,0.130736,0,2.034578,0.819609,0.180391,0,1.712627,0.760726,0.239274,0,1.430147,0.693919,0.306081,0,1.183907,0.621233,0.378767,0,0.970835,0.545242,0.454758,0,0.787989,0.468756,0.531244,0,0.632534,0.394517,0.605483,0,0.501729,0.324916,0.675084,0,0.392919,0.261797,0.738203,0,0.303537,0.206353,0.793647,0,0.231116,0.159119,0.840881,0,0.173305,0.120048,0.879952,0,0.127888,0.088634,0.911366,0,0.092811,0.064058,0.935942,0,0.066201,0.045331,0.954669,0,0.046391,1e-05,0.000105,0.000578,0.002143,0.006017,0.013647,0.026046,0.04302,0.06277,0.082183,0.09775,0.10668,0.107708,0.101299,0.089267,0.074079,0.058146,0.043334,0.030767,0.020874,0.01357,0.008473,0.005093,0.006419,1.2e-05,0.000125,0.000676,0.002468,0.006823,0.015239,0.028638,0.046577,0.06692,0.086275,0.101045,0.108588,0.107956,0.099977,0.086754,0.070891,0.054791,0.040208,0.028111,0.01878,0.012022,0.007391,0.004375,0.005341,0.991125,0.008875,0.977478,0.022522,0.951432,0.048568,0.908412,0.091588,0.845642,0.154358,0.763459,0.236541,0.665709,0.334291,0.559029,0.440971,0.451321,0.548679,0.350022,0.649978,0.260755,0.739245,0.186675,0.813325,0.12853,0.87147,0.085196,0.914804,0.054429,0.945571,0.98988,0.01012,0.974641,0.025359,0.946003,0.053997,0.899426,0.100574,0.832506,0.167494,0.746231,0.253769,0.645186,0.354814,0.536598,0.463402,0.428641,0.571359,0.328664,0.671336,0.24191,0.75809,0.17102,0.82898,0.116228,0.883772,0.07602,0.92398,0.047909,0.952091,1,0.008915,1,0.010172,1,0.022779,1,0.025686,1,0.049787,1,0.05551,0,2.390455,0,2.296862,0,1.868481,0,1.786808,0,1.441634,0,1.371331,0,1.095743,0,1.036162,0,0.818776,0,0.76916,0,0.600242,0,0.559738,0,0.430817,0,0.398486,0,0.302126,0,0.276953,0,0.206624,0,0.187559,0,0.137574,0,0.123556,0,0.089045,0,0.079065,0,0.055966,0,0.049095
2418,2025/26,9,Zagłębie Lubin,Motor Lublin,14.0,15.0,29.0,11.9247,12.2728,24.1975,0.010162,1,3733.1722,0.4238,0.4312,0.1765,0.3455,0.2949,0.0,0.0,0.0,0.0,1e-06,5e-06,1.8e-05,5.8e-05,0.000163,0.000405,0.000914,0.001881,0.003566,0.006271,0.010289,0.015833,0.022948,0.031452,0.040904,0.050632,0.059818,0.067617,0.073295,0.076344,0.076555,0.074032,0.069149,0.062478,0.054678,0.046408,0.038246,0.030637,0.02388,0.018129,0.013416,0.009687,0.006829,0.004705,0.003169,0.002089,0.001349,0.000853,0.000529,0.000321,0.000192,0.000112,0.000145,0.960595,0.039405,1,0.040202,0.937648,0.062352,1,0.064381,0.906196,0.093804,1,0.0985,0.865292,0.134708,1,0.144688,0.81466,0.18534,1,0.204984,0.754842,0.245158,1,0.281247,0.687225,0.312775,1,0.375093,0.613931,0.386069,1,0.487873,0.537587,0.462413,1,0.620665,0.461032,0.538968,1,0.774288,0.387,0.613,1,0.94933,0.317851,0.682149,1,1.146173,0.255373,0.744627,1,1.365029,0.200695,0.799305,1,1.605967,0.154287,0.845713,0,0.167576,0.116042,0.883958,0,0.123346,0.085405,0.914595,0,0.089274,0.061525,0.938475,0,0.063499,0.043396,0.956604,0,0.044366,1.3e-05,0.000138,0.000739,0.002673,0.007324,0.016213,0.0302,0.048684,0.069328,0.08859,0.10284,0.109541,0.107941,0.09908,0.085216,0.069019,0.052873,0.038458,0.02665,0.017647,0.011196,0.006823,0.004003,0.004798,9e-06,0.000104,0.00057,0.002117,0.005952,0.013517,0.025831,0.042722,0.062418,0.08183,0.097458,0.106502,0.107671,0.101397,0.089472,0.074347,0.058433,0.043605,0.031001,0.021061,0.013709,0.008571,0.005159,0.00652,0.9891,0.0109,0.972887,0.027113,0.942687,0.057313,0.894003,0.105997,0.824675,0.175325,0.736085,0.263915,0.633245,0.366755,0.523704,0.476296,0.415763,0.584237,0.316683,0.683317,0.231467,0.768533,0.162448,0.837552,0.109575,0.890425,0.071117,0.928883,0.044467,0.955533,0.991225,0.008775,0.977708,0.022292,0.951877,0.048123,0.909154,0.090846,0.846737,0.153263,0.764907,0.235093,0.667448,0.332552,0.560946,0.439054,0.453275,0.546725,0.351878,0.648122,0.262406,0.737594,0.188059,0.811941,0.129626,0.870374,0.086021,0.913979,0.05502,0.94498,1,0.01096,1,0.008814,1,0.027487,1,0.022544,1,0.059021,1,0.049319,1,0.112046,1,0.095241,1,0.192766,1,0.166365,1,0.30641,1,0.268001,1,0.456898,1,0.404294,1,0.646829,1,0.578131,1,0.87764,1,0.791256,1,1.149854,1,1.044471,0,0.263272,1,1.337862,0,0.177272,0,0.208328,0,0.116056,0,0.138832,0,0.073772,0,0.089948,0,0.045486,0,0.056592
2419,2025/26,9,Górnik Zabrze,Widzew Łódź,16.0,11.0,27.0,10.963,11.1043,22.0672,0.010162,1,3733.1722,0.4238,0.4312,0.1765,0.3455,0.2949,0.0,0.0,0.0,1e-06,5e-06,2.2e-05,7.5e-05,0.00022,0.000566,0.001299,0.002694,0.005107,0.008917,0.01444,0.021818,0.030915,0.041261,0.052076,0.062365,0.071086,0.077335,0.080498,0.08035,0.077068,0.071163,0.06337,0.054505,0.045348,0.036545,0.028562,0.021675,0.015988,0.011476,0.008022,0.005467,0.003635,0.00236,0.001497,0.000929,0.000564,0.000335,0.000195,0.000111,6.2e-05,3.4e-05,1.8e-05,2e-05,0.913918,0.086082,1,0.090014,0.872657,0.127343,1,0.136213,0.820581,0.179419,1,0.197743,0.758216,0.241784,1,0.276786,0.68713,0.31287,1,0.375232,0.609795,0.390205,1,0.494632,0.529298,0.470702,1,0.636205,0.448948,0.551052,1,0.800849,0.37188,0.62812,1,0.989184,0.300717,0.699283,1,1.201587,0.237347,0.762653,1,1.438232,0.182842,0.817158,1,1.699133,0.137494,0.862506,0,0.147913,0.10095,0.89905,0,0.106416,0.072388,0.927612,0,0.075141,0.050713,0.949287,0,0.052044,0.034724,0.965276,0,0.035341,0.023249,0.976751,0,0.023523,0.015227,0.984773,0,0.015344,3.1e-05,0.000302,0.001504,0.005047,0.012825,0.026329,0.045484,0.068002,0.089812,0.106437,0.114593,0.113202,0.103454,0.088071,0.07025,0.052769,0.037492,0.025291,0.016254,0.009982,0.005874,0.00332,0.001806,0.001866,2.7e-05,0.000269,0.001356,0.004601,0.011827,0.024562,0.042923,0.064916,0.086729,0.103974,0.113237,0.113158,0.104612,0.090088,0.072692,0.055236,0.039698,0.02709,0.017612,0.010941,0.006513,0.003723,0.002049,0.002165,0.980289,0.019711,0.95396,0.04604,0.908476,0.091524,0.840473,0.159527,0.750661,0.249339,0.644224,0.355776,0.529631,0.470369,0.416429,0.583571,0.312975,0.687025,0.224904,0.775096,0.154654,0.845346,0.101884,0.898116,0.064393,0.935607,0.039101,0.960899,0.022847,0.977153,0.981917,0.018083,0.957355,0.042645,0.914432,0.085568,0.849516,0.150484,0.762787,0.237213,0.658813,0.341187,0.545576,0.454424,0.432418,0.567582,0.327806,0.672194,0.237718,0.762282,0.165026,0.834974,0.109791,0.890209,0.070092,0.929908,0.043002,0.956998,0.025391,0.974609,1,0.019908,1,0.018248,1,0.047134,1,0.043581,1,0.095987,1,0.089452,1,0.17379,1,0.163089,1,0.286801,1,0.270776,1,0.439709,1,0.417316,1,0.635575,1,0.605913,1,0.876039,0,0.56637,1,1.161632,0,0.397208,1,1.492082,0,0.271439,1,1.866565,0,0.180355,1,2.28392,0,0.116299,0,0.06656,0,0.07267,0,0.039886,0,0.043954,0,0.023112,0,0.025719
2420,2025/26,9,Radomiak Radom,Piast Gliwice,21.0,13.0,34.0,13.895,12.1114,26.0064,0.010162,1,3733.1722,0.4238,0.4312,0.1765,0.3455,0.2949,0.0,0.0,0.0,0.0,0.0,1e-06,5e-06,1.8e-05,5.5e-05,0.000145,0.000349,0.000765,0.001547,0.002899,0.005069,0.008313,0.012842,0.018761,0.026005,0.034311,0.043206,0.052058,0.06015,0.066785,0.071388,0.07359,0.073274,0.070575,0.065843,0.059577,0.052343,0.044701,0.037146,0.030065,0.023721,0.018261,0.013726,0.010082,0.007242,0.00509,0.003503,0.002362,0.001562,0.001013,0.000644,0.000403,0.000603,0.980832,0.019168,1,0.019354,0.96799,0.03201,1,0.032534,0.949229,0.050771,1,0.052105,0.923224,0.076776,1,0.079884,0.888913,0.111087,1,0.117756,0.845707,0.154293,1,0.167583,0.793648,0.206352,1,0.231115,0.733498,0.266502,1,0.309931,0.666713,0.333287,1,0.405396,0.595325,0.404675,1,0.518647,0.521736,0.478264,1,0.650594,0.448462,0.551538,1,0.801931,0.377887,0.622113,1,0.97316,0.312043,0.687957,1,1.164613,0.252466,0.747534,1,1.376477,0.200124,0.799876,1,1.608819,0.155422,0.844578,1,1.861609,0.118276,0.881724,1,2.134733,0.088212,0.911788,1,2.428017,2e-06,2.8e-05,0.00017,0.000703,0.002204,0.005585,0.011909,0.021978,0.035829,0.052412,0.069652,0.084931,0.095808,0.100676,0.099125,0.091908,0.080602,0.067115,0.053242,0.04036,0.029315,0.020451,0.013734,0.022088,1.1e-05,0.000118,0.000643,0.002359,0.006555,0.014712,0.027786,0.045416,0.065577,0.084965,0.100007,0.108008,0.107915,0.100437,0.087586,0.071928,0.05587,0.041204,0.028951,0.019438,0.012505,0.007727,0.004596,0.005668,0.996716,0.003284,0.991131,0.008869,0.979222,0.020778,0.957244,0.042756,0.921416,0.078584,0.869004,0.130996,0.799353,0.200647,0.714422,0.285578,0.618614,0.381386,0.517938,0.482062,0.418813,0.581187,0.326905,0.673095,0.246303,0.753697,0.179188,0.820812,0.125947,0.874053,0.990296,0.009704,0.975584,0.024416,0.947798,0.052202,0.902382,0.097618,0.836805,0.163195,0.75184,0.24816,0.651832,0.348168,0.543824,0.456176,0.43591,0.56409,0.335473,0.664527,0.247886,0.752114,0.175958,0.824042,0.120088,0.879912,0.078884,0.921116,0.049933,0.950067,1,0.003289,1,0.009751,1,0.008909,1,0.024719,1,0.020997,1,0.053614,1,0.043697,1,0.102717,1,0.081844,1,0.178164,1,0.140408,1,0.285232,1,0.223953,1,0.427968,1,0.336281,1,0.60913,1,0.480274,1,0.830319,1,0.6579,0,0.40868,1,0.870331,0,0.284867,1,1.118086,0,0.193534,1,1.401193,0,0.127933,1,1.71932,0,0.082169,1,2.071894,0,0.051223
2421,2025/26,9,Pogoń Szczecin,Lechia Gdańsk,9.0,11.0,20.0,11.3106,11.3111,22.6217,0.010162,1,3733.1722,0.4238,0.4312,0.1765,0.3455,0.2949,0.0,0.0,0.0,1e-06,4e-06,1.5e-05,5.2e-05,0.000157,0.000411,0.000964,0.002046,0.003966,0.007081,0.011726,0.018116,0.026248,0.035822,0.046229,0.056611,0.065982,0.0734,0.078124,0.079738,0.078204,0.07384,0.067235,0.059133,0.050307,0.041455,0.03313,0.025708,0.019391,0.014231,0.010173,0.007088,0.004819,0.003199,0.002075,0.001316,0.000817,0.000497,0.000296,0.000173,9.9e-05,5.6e-05,3.1e-05,3.5e-05,0.929212,0.070788,1,0.073418,0.893391,0.106609,1,0.112731,0.847161,0.152839,1,0.165864,0.790551,0.209449,1,0.235026,0.724568,0.275432,1,0.322179,0.651169,0.348831,0,1.053166,0.573045,0.426955,0,0.851076,0.493307,0.506693,0,0.67985,0.415103,0.584897,0,0.536319,0.341263,0.658737,0,0.41743,0.274027,0.725973,0,0.320243,0.214894,0.785106,0,0.241937,0.164587,0.835413,0,0.179829,0.123132,0.876868,0,0.131399,0.090002,0.909998,0,0.094313,0.064294,0.935706,0,0.066454,0.044903,0.955097,0,0.045943,0.030672,0.969328,0,0.031152,0.020499,0.979501,0,0.020712,2.2e-05,0.000227,0.001164,0.004017,0.010499,0.022167,0.039384,0.060556,0.082252,0.10025,0.111001,0.112772,0.105992,0.092797,0.076125,0.058809,0.04297,0.029811,0.019704,0.012445,0.007531,0.004378,0.002449,0.002672,2.2e-05,0.000227,0.001164,0.004016,0.010496,0.022162,0.039376,0.060546,0.082241,0.100241,0.110995,0.11277,0.105995,0.092804,0.076133,0.058817,0.042978,0.029818,0.019709,0.012449,0.007534,0.004379,0.00245,0.002673,0.984065,0.015935,0.961898,0.038102,0.922514,0.077486,0.861958,0.138042,0.779706,0.220294,0.679456,0.320544,0.568455,0.431545,0.455683,0.544317,0.349692,0.650308,0.256894,0.743106,0.180769,0.819231,0.12196,0.87804,0.07899,0.92101,0.049178,0.950822,0.029474,0.970526,0.98407,0.01593,0.961908,0.038092,0.922532,0.077468,0.861987,0.138013,0.779745,0.220255,0.679505,0.320495,0.56851,0.43149,0.45574,0.54426,0.349745,0.650255,0.256941,0.743059,0.180808,0.819192,0.121991,0.878009,0.079012,0.920988,0.049194,0.950806,0.029485,0.970515,1,0.016063,1,0.016058,1,0.038847,1,0.038836,1,0.080653,1,0.080633,1,0.148549,1,0.148515,1,0.248838,1,0.248788,0,1.137736,1,0.386391,0,0.840383,1,0.564736,0,0.608223,0,0.608328,0,0.430309,0,0.430391,0,0.296917,0,0.29698,0,0.199389,0,0.199437,0,0.130063,0,0.130098,0,0.082284,0,0.082308,0,0.050428,0,0.050445,0,0.029917,0,0.029928
2422,2025/26,9,GKS Katowice,Cracovia,6.0,13.0,19.0,11.9555,13.2374,25.1929,0.010162,1,3733.1722,0.4238,0.4312,0.1765,0.3455,0.2949,0.0,0.0,0.0,0.0,1e-06,2e-06,9e-06,3.1e-05,9e-05,0.000231,0.00054,0.001153,0.002265,0.004128,0.007019,0.011194,0.016814,0.023883,0.032191,0.041298,0.050566,0.05924,0.066554,0.071849,0.074673,0.074844,0.072458,0.067854,0.06155,0.054147,0.046253,0.038404,0.031027,0.024415,0.018728,0.014017,0.010243,0.007315,0.005108,0.00349,0.002335,0.001531,0.000984,0.00062,0.000384,0.000233,0.000327,0.973336,0.026664,1,0.027026,0.956522,0.043478,1,0.044452,0.932638,0.067362,1,0.069738,0.900447,0.099553,1,0.104864,0.85915,0.14085,0,1.960057,0.808583,0.191417,0,1.653303,0.749343,0.250657,0,1.38367,0.682789,0.317211,0,1.148189,0.610941,0.389059,0,0.944023,0.536267,0.463733,0,0.768447,0.461423,0.538577,0,0.618825,0.388966,0.611034,0,0.492602,0.321111,0.678889,0,0.387298,0.259561,0.740439,0,0.300512,0.205414,0.794586,0,0.229934,0.159161,0.840839,0,0.173355,0.120757,0.879243,0,0.128694,0.08973,0.91027,0,0.094014,0.065315,0.934685,0,0.067546,1.3e-05,0.000134,0.000722,0.002619,0.007192,0.015956,0.02979,0.048134,0.068703,0.087993,0.102383,0.109304,0.107956,0.099322,0.08562,0.069506,0.053369,0.038908,0.027024,0.017936,0.011406,0.006967,0.004096,0.004934,4e-06,4.7e-05,0.000278,0.001102,0.003312,0.008044,0.016438,0.029069,0.045413,0.063661,0.081072,0.094733,0.102407,0.103121,0.097297,0.08645,0.072653,0.057972,0.04407,0.032014,0.022283,0.014897,0.009587,0.013996,0.989307,0.010693,0.97335,0.02665,0.94356,0.05644,0.895427,0.104573,0.826724,0.173276,0.738731,0.261269,0.636349,0.363651,0.527045,0.472955,0.419089,0.580911,0.319767,0.680233,0.234146,0.765854,0.16464,0.83536,0.111271,0.888729,0.072362,0.927638,0.045339,0.954661,0.995175,0.004825,0.987131,0.012869,0.970694,0.029306,0.941624,0.058376,0.896212,0.103788,0.832551,0.167449,0.751479,0.248521,0.656747,0.343253,0.55434,0.44566,0.451218,0.548782,0.353922,0.646078,0.267471,0.732529,0.194819,0.805181,0.136846,0.863154,0.092776,0.907224,1,0.010751,1,0.004837,1,0.027012,1,0.012953,0,2.874577,1,0.029744,0,2.25787,1,0.060149,0,1.75287,1,0.109578,0,1.342205,1,0.183261,0,1.011561,1,0.285712,0,0.748755,1,0.420456,0,0.543158,1,0.589977,0,0.38532,0,0.600054,0,0.266764,0,0.436835,0,0.179893,0,0.311252,0,0.117963,0,0.216688,0,0.075114,0,0.147162,0,0.046399,0,0.097366
2423,2025/26,9,Raków Częstochowa,Legia Warszawa,15.0,18.0,33.0,11.4599,14.6816,26.1415,0.010162,1,3733.1722,0.4238,0.4312,0.1765,0.3455,0.2949,0.0,0.0,0.0,0.0,0.0,1e-06,5e-06,1.7e-05,5.1e-05,0.000135,0.000326,0.000718,0.001456,0.00274,0.00481,0.00792,0.012286,0.018022,0.025087,0.033239,0.042036,0.050868,0.059031,0.065831,0.070681,0.073189,0.073205,0.070831,0.066387,0.060349,0.05327,0.045709,0.038165,0.031038,0.024608,0.019036,0.01438,0.010615,0.007663,0.005414,0.003745,0.002538,0.001687,0.001099,0.000703,0.000442,0.00067,0.981821,0.018179,1,0.018346,0.969535,0.030465,1,0.030939,0.951513,0.048487,1,0.049702,0.926426,0.073574,1,0.076421,0.893187,0.106813,1,0.112959,0.851151,0.148849,1,0.161165,0.800284,0.199716,1,0.222789,0.741252,0.258748,1,0.299414,0.675422,0.324578,1,0.392418,0.604741,0.395259,1,0.502956,0.531552,0.468448,1,0.631954,0.458347,0.541653,1,0.780128,0.387516,0.612484,1,0.947997,0.321129,0.678871,1,1.135911,0.260781,0.739219,1,1.344075,0.207511,0.792489,1,1.57257,0.161803,0.838197,1,1.821378,0.123638,0.876362,1,2.090398,0.0926,0.9074,0,0.097172,2e-05,0.000201,0.001043,0.00364,0.009626,0.020564,0.036968,0.057514,0.079044,0.097479,0.109208,0.112262,0.106761,0.094576,0.078501,0.061361,0.045366,0.031845,0.021297,0.01361,0.008334,0.004901,0.002775,0.003097,1e-06,1.5e-05,9.4e-05,0.000408,0.001344,0.003574,0.007996,0.015483,0.026485,0.040651,0.056684,0.072524,0.085842,0.094647,0.097779,0.095127,0.087534,0.076478,0.063657,0.050632,0.038588,0.028246,0.019903,0.035891,0.985464,0.014536,0.964899,0.035101,0.927931,0.072069,0.870417,0.129583,0.791373,0.208627,0.693895,0.306105,0.584686,0.415314,0.472424,0.527576,0.365663,0.634337,0.271088,0.728912,0.192586,0.807414,0.131225,0.868775,0.08586,0.91414,0.054014,0.945986,0.032717,0.967283,0.997721,0.002279,0.994147,0.005853,0.986151,0.013849,0.970668,0.029332,0.944183,0.055817,0.903532,0.096468,0.846848,0.153152,0.774324,0.225676,0.688482,0.311518,0.593835,0.406165,0.496056,0.503944,0.40093,0.59907,0.313396,0.686604,0.236918,0.763082,0.173261,0.826739,1,0.014643,1,0.002282,1,0.035732,1,0.00587,1,0.074798,1,0.013946,1,0.138783,1,0.029771,1,0.233986,1,0.057435,1,0.365435,1,0.101444,1,0.53668,1,0.166234,1,0.749878,1,0.255765,1,1.006043,1,0.373266,1,1.305312,1,0.521154,1,1.647212,1,0.701066,0,0.140671,1,0.913968,0,0.089772,1,1.160288,0,0.055528,1,1.440041,0,0.033264,0,0.190266
2424,2025/26,9,Wisła Płock,Jagiellonia Białystok,13.0,8.0,21.0,12.382,12.1146,24.4967,0.010162,1,3733.1722,0.4238,0.4312,0.1765,0.3455,0.2949,0.0,0.0,0.0,0.0,1e-06,4e-06,1.5e-05,4.8e-05,0.000136,0.000343,0.000781,0.001625,0.003115,0.005539,0.009189,0.014294,0.020946,0.029024,0.038161,0.047757,0.057041,0.065187,0.071438,0.075228,0.076266,0.074563,0.070411,0.064317,0.056906,0.04883,0.040684,0.032949,0.025964,0.019927,0.014909,0.010883,0.007757,0.005403,0.00368,0.002452,0.0016,0.001023,0.000641,0.000394,0.000238,0.000141,0.000187,0.964909,0.035091,1,0.035722,0.943963,0.056037,1,0.057668,0.914939,0.085061,1,0.088898,0.876778,0.123222,1,0.131502,0.829021,0.170979,1,0.18751,0.77198,0.22802,1,0.258797,0.706792,0.293208,0,1.226875,0.635354,0.364646,0,1.00883,0.560126,0.439874,0,0.821267,0.48386,0.51614,0,0.661378,0.409298,0.590702,0,0.526443,0.338887,0.661113,0,0.41383,0.27457,0.72543,0,0.32099,0.217663,0.782337,0,0.24547,0.168833,0.831167,0,0.184924,0.128149,0.871851,0,0.137136,0.0952,0.9048,0,0.100041,0.069236,0.930764,0,0.071749,0.049308,0.950692,0,0.050565,9e-06,9.5e-05,0.000526,0.001967,0.005574,0.012759,0.024576,0.040968,0.060327,0.079714,0.095689,0.105395,0.107394,0.101936,0.090658,0.075928,0.060147,0.045239,0.032417,0.022197,0.014563,0.009177,0.005567,0.007153,1.1e-05,0.000118,0.000642,0.002354,0.006542,0.014687,0.027746,0.045362,0.065514,0.084903,0.099958,0.10798,0.107912,0.100458,0.087625,0.071977,0.055921,0.041252,0.028991,0.019469,0.012528,0.007743,0.004606,0.005684,0.991803,0.008197,0.979044,0.020956,0.954468,0.045532,0.9135,0.0865,0.853173,0.146827,0.773458,0.226542,0.677769,0.322231,0.572374,0.427626,0.46498,0.53502,0.363044,0.636956,0.272387,0.727613,0.196459,0.803541,0.136311,0.863689,0.091072,0.908928,0.058656,0.941344,0.990315,0.009685,0.975628,0.024372,0.947882,0.052118,0.90252,0.09748,0.837006,0.162994,0.752104,0.247896,0.652146,0.347854,0.544166,0.455834,0.436255,0.563745,0.335797,0.664203,0.248171,0.751829,0.176194,0.823806,0.120273,0.879727,0.079022,0.920978,0.050031,0.949969,1,0.008231,1,0.009732,1,0.021179,1,0.024674,1,0.046601,1,0.053525,1,0.090472,1,0.102564,1,0.158793,0,1.814042,1,0.256884,0,1.394746,1,0.388949,0,1.055972,1,0.557963,0,0.785627,1,0.765761,0,0.573153,0,0.451055,0,0.409167,0,0.317986,0,0.285246,0,0.218727,0,0.19382,0,0.146543,0,0.128144,0,0.095489,0,0.082319,0,0.060447,0,0.051326
2425,2025/26,10,Wisła Płock,GKS Katowice,14.0,11.0,25.0,10.3913,11.3376,21.7289,0.010051,1,3781.7195,0.4105,0.4174,0.1713,0.3461,0.3049,0.0,0.0,0.0,1e-06,7e-06,2.8e-05,9.4e-05,0.00027,0.000684,0.001549,0.003171,0.005931,0.010216,0.016322,0.02433,0.034008,0.044775,0.055742,0.065845,0.074028,0.079431,0.081544,0.080272,0.075929,0.069141,0.060714,0.051493,0.042244,0.033567,0.025866,0.019353,0.014075,0.009959,0.006863,0.004611,0.003022,0.001934,0.001209,0.000739,0.000442,0.000259,0.000149,8.4e-05,4.6e-05,2.5e-05,1.3e-05,1.4e-05,0.903388,0.096612,1,0.101603,0.858613,0.141387,1,0.152437,0.802871,0.197129,1,0.219561,0.737026,0.262974,1,0.305132,0.662998,0.337002,1,0.410983,0.583567,0.416433,1,0.538596,0.502023,0.497977,1,0.689108,0.421751,0.578249,1,0.86334,0.345822,0.654178,1,1.061832,0.276681,0.723319,1,1.28489,0.215968,0.784032,0,0.243305,0.164474,0.835526,0,0.179694,0.122231,0.877769,0,0.130371,0.088664,0.911336,0,0.092843,0.062797,0.937203,0,0.064856,0.043444,0.956556,0,0.044416,0.02937,0.97063,0,0.02981,0.01941,0.98059,0,0.019601,0.012547,0.987453,0,0.012627,5.1e-05,0.00048,0.00228,0.007294,0.017674,0.034596,0.056976,0.081199,0.102215,0.115449,0.118447,0.111494,0.097082,0.078737,0.059829,0.042808,0.028968,0.01861,0.01139,0.006661,0.003732,0.002008,0.00104,0.00098,2.2e-05,0.000221,0.001137,0.003934,0.010312,0.021834,0.038899,0.059969,0.081662,0.099774,0.110734,0.112755,0.106206,0.093179,0.076591,0.059281,0.043395,0.030158,0.019966,0.01263,0.007655,0.004456,0.002496,0.002729,0.972219,0.027781,0.937624,0.062376,0.880648,0.119352,0.799449,0.200551,0.697233,0.302767,0.581785,0.418215,0.463338,0.536662,0.351844,0.648156,0.254761,0.745239,0.176024,0.823976,0.116196,0.883804,0.073388,0.926612,0.04442,0.95558,0.02581,0.97419,0.01442,0.98558,0.984369,0.015631,0.962534,0.037466,0.923635,0.076365,0.863667,0.136333,0.782005,0.217995,0.682231,0.317769,0.571497,0.428503,0.458742,0.541258,0.352536,0.647464,0.259357,0.740643,0.182766,0.817234,0.123485,0.876515,0.080091,0.919909,0.049933,0.950067,0.029967,0.970033,1,0.028174,1,0.015754,1,0.064406,1,0.038186,1,0.127097,1,0.079438,1,0.223833,1,0.146568,1,0.360636,1,0.245894,1,0.541654,1,0.382387,1,0.769298,1,0.559496,1,1.044567,0,0.613859,1,1.367429,0,0.434692,1,1.737135,0,0.300237,0,0.12352,0,0.20183,0,0.07622,0,0.131801,0,0.045437,0,0.083481,0,0.026149,0,0.051223,0,0.014525,0,0.030425
2426,2025/26,10,Legia Warszawa,Pogoń Szczecin,17.0,15.0,32.0,12.8976,12.5598,25.4575,0.010051,1,3781.7195,0.4105,0.4174,0.1713,0.3461,0.3049,0.0,0.0,0.0,0.0,0.0,2e-06,8e-06,2.6e-05,7.6e-05,0.000198,0.000466,0.001004,0.001993,0.003669,0.006301,0.010148,0.015395,0.022082,0.030053,0.038929,0.048126,0.056923,0.06456,0.070357,0.073813,0.074675,0.072968,0.068965,0.063134,0.05605,0.048314,0.040479,0.032998,0.026198,0.020275,0.015308,0.011286,0.00813,0.005727,0.003947,0.002664,0.001761,0.001141,0.000726,0.000453,0.000277,0.000396,0.976108,0.023892,1,0.024182,0.960714,0.039286,1,0.040079,0.938632,0.061368,1,0.063332,0.908579,0.091421,1,0.095874,0.869649,0.130351,1,0.139665,0.821523,0.178477,1,0.196595,0.7646,0.2354,1,0.268402,0.70004,0.29996,1,0.356618,0.629683,0.370317,1,0.46254,0.55587,0.44413,1,0.587221,0.481195,0.518805,1,0.731484,0.408227,0.591773,1,0.895933,0.339261,0.660739,1,1.080985,0.276127,0.723873,1,1.286894,0.220077,0.779923,1,1.513776,0.171764,0.828236,1,1.761635,0.131285,0.868715,1,2.030382,0.098287,0.901713,0,0.103459,0.07209,0.92791,0,0.07482,5e-06,6.2e-05,0.000356,0.001382,0.004065,0.009656,0.019297,0.033373,0.050981,0.069875,0.086997,0.099375,0.105004,0.103345,0.095294,0.082742,0.067946,0.052972,0.039342,0.027918,0.018982,0.012395,0.00779,0.010795,7e-06,8.1e-05,0.000458,0.001738,0.004992,0.011581,0.022607,0.038188,0.05698,0.076281,0.092764,0.103498,0.106818,0.102686,0.092484,0.078434,0.062911,0.047906,0.034752,0.024088,0.015996,0.010202,0.006263,0.008251,0.994077,0.005923,0.984421,0.015579,0.965124,0.034876,0.931751,0.068249,0.880771,0.119229,0.810896,0.189104,0.723899,0.276101,0.624525,0.375475,0.51952,0.48048,0.416175,0.583825,0.320881,0.679119,0.238139,0.761861,0.170193,0.829807,0.117221,0.882779,0.07788,0.92212,0.99269,0.00731,0.981109,0.018891,0.958502,0.041498,0.920314,0.079686,0.863334,0.136666,0.787053,0.212947,0.694289,0.305711,0.590791,0.409209,0.483973,0.516027,0.381288,0.618712,0.288804,0.711196,0.210369,0.789631,0.147459,0.852541,0.099553,0.900447,0.064801,0.935199,1,0.005941,1,0.007337,1,0.015702,1,0.019072,1,0.035499,1,0.042384,1,0.07069,1,0.08304,1,0.126958,1,0.146954,1,0.209615,1,0.23946,1,0.323103,1,0.364867,1,0.470764,1,0.526293,1,0.65485,1,0.725726,1,0.876649,1,0.9642,1,1.136685,1,1.242007,1,1.434901,0,0.23619,1,1.770822,0,0.159534,0,0.12468,0,0.104864,0,0.08108,0,0.066996
2427,2025/26,10,Motor Lublin,Radomiak Radom,10.0,14.0,24.0,13.2306,13.7563,26.9869,0.010051,1,3781.7195,0.4105,0.4174,0.1713,0.3461,0.3049,0.0,0.0,0.0,0.0,0.0,1e-06,3e-06,1e-05,3e-05,8.1e-05,0.000202,0.000458,0.000958,0.001857,0.003357,0.005693,0.009093,0.013733,0.019679,0.02684,0.034936,0.043507,0.051955,0.059615,0.065851,0.070145,0.072167,0.071817,0.069222,0.064706,0.058726,0.051805,0.044466,0.03717,0.030288,0.024079,0.018691,0.014177,0.010514,0.00763,0.005422,0.003774,0.002576,0.001724,0.001132,0.00073,0.001179,0.98735,0.01265,1,0.012731,0.978257,0.021743,1,0.021983,0.964524,0.035476,1,0.036121,0.944844,0.055156,1,0.056735,0.918004,0.081996,1,0.085553,0.883069,0.116931,1,0.124352,0.839561,0.160439,1,0.174876,0.787607,0.212393,1,0.238756,0.727992,0.272008,1,0.317466,0.66214,0.33786,0,1.085125,0.591995,0.408005,0,0.896477,0.519828,0.480172,0,0.733612,0.448011,0.551989,0,0.594228,0.378789,0.621211,0,0.476085,0.314083,0.685917,0,0.376999,0.255357,0.744643,0,0.294851,0.203552,0.796448,0,0.227593,0.159086,0.840914,0,0.173266,0.121916,0.878084,0,0.130013,4e-06,4.7e-05,0.000278,0.001102,0.003314,0.008051,0.016458,0.029111,0.045484,0.063762,0.081194,0.09486,0.102518,0.103198,0.097327,0.086432,0.072594,0.057886,0.043971,0.031914,0.022193,0.014822,0.009528,0.013872,3e-06,3.1e-05,0.000187,0.000769,0.002393,0.006016,0.012727,0.023299,0.037673,0.054655,0.072027,0.087088,0.097404,0.101472,0.09904,0.091024,0.079119,0.065291,0.051327,0.038554,0.027746,0.019177,0.012758,0.020072,0.995175,0.004825,0.987124,0.012876,0.970666,0.029334,0.941555,0.058445,0.896071,0.103929,0.832309,0.167691,0.751115,0.248885,0.656255,0.343745,0.553737,0.446263,0.450539,0.549461,0.353212,0.646788,0.266779,0.733221,0.194186,0.805814,0.1363,0.8637,0.092329,0.907671,0.996468,0.003532,0.990451,0.009549,0.977724,0.022276,0.954425,0.045575,0.916753,0.083247,0.862098,0.137902,0.790071,0.209929,0.702983,0.297017,0.605579,0.394421,0.504107,0.495893,0.405067,0.594933,0.314044,0.685956,0.234925,0.765075,0.169634,0.830366,0.118307,0.881693,1,0.004837,1,0.003538,1,0.01296,1,0.009595,1,0.029773,1,0.022528,1,0.060223,1,0.046646,1,0.109736,1,0.086917,1,0.183552,1,0.148386,0,1.390764,1,0.235632,0,1.067855,1,0.352423,0,0.806847,1,0.50157,0,0.598817,1,0.684967,0,0.435737,0,0.519306,0,0.310308,0,0.376942,0,0.215902,0,0.267781,0,0.14653,0,0.185889,0,0.096873,0,0.125911
2428,2025/26,10,Zagłębie Lubin,Arka Gdynia,15.0,16.0,31.0,12.6263,12.3847,25.011,0.010051,1,3781.7195,0.4105,0.4174,0.1713,0.3461,0.3049,0.0,0.0,0.0,0.0,1e-06,3e-06,1.1e-05,3.5e-05,9.9e-05,0.000255,0.000592,0.001256,0.002453,0.004446,0.007517,0.011917,0.017796,0.025129,0.033668,0.042932,0.052248,0.060835,0.067923,0.072869,0.075256,0.07495,0.072095,0.067079,0.060451,0.052831,0.04483,0.036975,0.029672,0.02319,0.017668,0.013132,0.00953,0.006758,0.004686,0.00318,0.002112,0.001375,0.000877,0.000549,0.000337,0.000203,0.00028,0.971417,0.028583,1,0.028999,0.953621,0.046379,1,0.047489,0.928492,0.071508,1,0.074193,0.894825,0.105175,1,0.111128,0.851893,0.148107,1,0.160295,0.799645,0.200355,1,0.223587,0.73881,0.26119,1,0.302715,0.670887,0.329113,1,0.399154,0.598019,0.401981,1,0.514133,0.522762,0.477238,1,0.648629,0.447812,0.552188,1,0.803381,0.375717,0.624283,1,0.978919,0.308638,0.691362,1,1.175587,0.248187,0.751813,1,1.393573,0.195355,0.804645,1,1.632934,0.150525,0.849475,1,1.893623,0.113551,0.886449,0,0.120531,0.083879,0.916121,0,0.087606,0.060688,0.939312,0,0.062608,7e-06,7.7e-05,0.000436,0.001662,0.004795,0.011176,0.021919,0.0372,0.055766,0.075007,0.091643,0.102728,0.106522,0.102882,0.093096,0.079324,0.063923,0.048906,0.035644,0.024822,0.016561,0.010612,0.006546,0.008709,9e-06,9.4e-05,0.000522,0.001956,0.005548,0.012712,0.024508,0.040886,0.060249,0.079658,0.095669,0.105416,0.107449,0.102011,0.090738,0.075999,0.060202,0.045275,0.032436,0.022204,0.014562,0.009173,0.005561,0.007136,0.992987,0.007013,0.981811,0.018189,0.959892,0.040108,0.922692,0.077308,0.866926,0.133074,0.791919,0.208081,0.700276,0.299724,0.597548,0.402452,0.491026,0.508974,0.388145,0.611855,0.295049,0.704951,0.215724,0.784276,0.151801,0.848199,0.102895,0.897105,0.067251,0.932749,0.991845,0.008155,0.979132,0.020868,0.954624,0.045376,0.913738,0.086262,0.853489,0.146511,0.773832,0.226168,0.678163,0.321837,0.572746,0.427254,0.465297,0.534703,0.363286,0.636714,0.272548,0.727452,0.196549,0.803451,0.136347,0.863653,0.091072,0.908928,0.058636,0.941364,1,0.007038,1,0.008188,1,0.018356,1,0.021089,1,0.040935,1,0.046438,1,0.08046,1,0.090211,1,0.142802,1,0.158423,1,0.233296,1,0.2564,1,0.356281,1,0.388368,1,0.514921,1,0.557313,1,0.711258,1,0.765079,1,0.946376,1,1.012565,1,1.220614,1,1.299941,0,0.242994,1,1.626844,0,0.16464,0,0.146584,0,0.108582,0,0.095489,0,0.069619,0,0.060425
2429,2025/26,10,Korona Kielce,Lechia Gdańsk,12.0,13.0,25.0,11.0015,12.307,23.3085,0.010051,1,3781.7195,0.4105,0.4174,0.1713,0.3461,0.3049,0.0,0.0,0.0,0.0,2e-06,9e-06,3.3e-05,0.000102,0.000274,0.000661,0.001442,0.002872,0.005269,0.008966,0.014233,0.021188,0.02971,0.039392,0.049558,0.05934,0.067813,0.074144,0.077736,0.078313,0.075951,0.071033,0.064166,0.056065,0.047448,0.038943,0.031034,0.024038,0.018117,0.013298,0.009515,0.006642,0.004527,0.003015,0.001964,0.001251,0.000781,0.000477,0.000286,0.000168,9.7e-05,5.5e-05,6.6e-05,0.944946,0.055054,1,0.056627,0.915236,0.084764,1,0.088573,0.875844,0.124156,1,0.132568,0.826285,0.173715,1,0.190815,0.766945,0.233055,1,0.26534,0.699132,0.300868,1,0.357916,0.624988,0.375012,1,0.470023,0.547252,0.452748,1,0.602845,0.468939,0.531061,1,0.757283,0.392988,0.607012,1,0.933976,0.321955,0.678045,0,0.388542,0.257789,0.742211,0,0.298122,0.201724,0.798276,0,0.225301,0.154276,0.845724,0,0.167562,0.115333,0.884667,0,0.122543,0.084299,0.915701,0,0.088065,0.06026,0.93974,0,0.062152,0.042143,0.957857,0,0.043057,0.028845,0.971155,0,0.02927,2.9e-05,0.000291,0.001457,0.004907,0.012519,0.0258,0.044737,0.067129,0.088971,0.105803,0.114291,0.113271,0.103844,0.088674,0.070942,0.053444,0.038077,0.025756,0.016597,0.010219,0.006028,0.003415,0.001862,0.001932,9e-06,0.0001,0.000553,0.002061,0.005814,0.013246,0.025394,0.042128,0.061733,0.081164,0.096934,0.106214,0.107657,0.101639,0.089901,0.074878,0.058983,0.04411,0.031425,0.021392,0.013951,0.008739,0.005269,0.006682,0.980793,0.019207,0.954993,0.045007,0.910256,0.089744,0.843127,0.156873,0.754155,0.245845,0.648352,0.351648,0.534061,0.465939,0.420791,0.579209,0.316946,0.683054,0.228272,0.771728,0.15733,0.84267,0.103886,0.896114,0.065809,0.934191,0.040053,0.959947,0.023456,0.976544,0.991439,0.008561,0.978193,0.021807,0.952799,0.047201,0.91067,0.08933,0.848937,0.151063,0.767773,0.232227,0.670839,0.329161,0.564626,0.435374,0.456969,0.543031,0.35533,0.64467,0.265429,0.734571,0.190551,0.809449,0.131568,0.868432,0.087458,0.912542,0.056032,0.943968,1,0.019394,1,0.008598,1,0.046051,1,0.022048,1,0.094029,1,0.048351,1,0.170638,1,0.093575,1,0.282157,1,0.16377,1,0.433322,1,0.264261,1,0.627245,1,0.399226,1,0.865619,1,0.571592,0,0.381181,1,0.78314,0,0.259123,0,0.439017,0,0.17118,0,0.308469,0,0.109688,0,0.211402,0,0.068074,0,0.141066,0,0.040877,0,0.091521,0,0.023735,0,0.057663
2430,2025/26,10,Cracovia,Górnik Zabrze,4.0,10.0,14.0,12.7902,12.4179,25.2081,0.010051,1,3781.7195,0.4105,0.4174,0.1713,0.3461,0.3049,0.0,0.0,0.0,0.0,1e-06,2e-06,9e-06,3e-05,8.8e-05,0.000228,0.000533,0.001138,0.002239,0.004086,0.006957,0.011107,0.016702,0.023749,0.032041,0.041143,0.050421,0.059118,0.066467,0.071805,0.074677,0.074892,0.072544,0.067968,0.06168,0.054283,0.046384,0.038524,0.031131,0.024501,0.018797,0.014069,0.010282,0.007342,0.005127,0.003503,0.002343,0.001536,0.000987,0.000622,0.000385,0.000233,0.000327,0.973581,0.026419,0,3.63368,0.956879,0.043121,0,3.143753,0.933131,0.066869,0,2.705015,0.90109,0.09891,0,2.313542,0.859947,0.140053,0,1.965733,0.809526,0.190474,0,1.658241,0.750408,0.249592,0,1.387929,0.683942,0.316058,0,1.151828,0.612136,0.387864,0,0.947102,0.53746,0.46254,0,0.771022,0.462568,0.537432,0,0.620952,0.390024,0.609976,0,0.494336,0.322056,0.677944,0,0.38869,0.260376,0.739624,0,0.301613,0.206093,0.793907,0,0.230789,0.159709,0.840291,0,0.174007,0.121185,0.878815,0,0.129181,0.090054,0.909946,0,0.09437,0.065553,0.934447,0,0.0678,6e-06,6.7e-05,0.000386,0.001487,0.00434,0.010233,0.0203,0.034849,0.052843,0.071893,0.088848,0.100741,0.105663,0.103226,0.094482,0.081431,0.066376,0.051366,0.037868,0.026674,0.018002,0.011668,0.00728,0.009927,8e-06,9.1e-05,0.00051,0.001913,0.005438,0.01249,0.024137,0.040364,0.059621,0.079015,0.095124,0.105065,0.107347,0.102157,0.091084,0.076471,0.06072,0.045773,0.032871,0.022555,0.014828,0.009362,0.00569,0.007337,0.993668,0.006332,0.983435,0.016565,0.963135,0.036865,0.928286,0.071714,0.875443,0.124557,0.80355,0.19645,0.714702,0.285298,0.613961,0.386039,0.508299,0.491701,0.405073,0.594927,0.310591,0.689409,0.22916,0.77084,0.162784,0.837216,0.111418,0.888582,0.07355,0.92645,0.992012,0.007988,0.979522,0.020478,0.955384,0.044616,0.915021,0.084979,0.8554,0.1446,0.776384,0.223616,0.68126,0.31874,0.576195,0.423805,0.468849,0.531151,0.366692,0.633308,0.275608,0.724392,0.199137,0.800863,0.138418,0.861582,0.092644,0.907356,0.059773,0.940227,0,5.062139,1,0.00802,0,4.100463,1,0.020691,0,3.300493,1,0.045642,0,2.635069,1,0.088808,0,2.082992,1,0.156186,0,1.627347,1,0.253108,0,1.254221,0,1.14338,0,0.951817,0,0.858482,0,0.709884,0,0.632709,0,0.519317,0,0.456798,0,0.371921,0,0.322423,0,0.260274,0,0.222065,0,0.177673,0,0.148985,0,0.118128,0,0.09722,0,0.076395,0,0.061634
2431,2025/26,10,Lech Poznań,Jagiellonia Białystok,10.0,13.0,23.0,12.1241,10.8872,23.0114,0.010051,1,3781.7195,0.4105,0.4174,0.1713,0.3461,0.3049,0.0,0.0,0.0,1e-06,3e-06,1.1e-05,4e-05,0.000122,0.000326,0.000778,0.001677,0.003303,0.00599,0.010075,0.015812,0.02327,0.032257,0.04228,0.052584,0.062245,0.07032,0.076007,0.078779,0.078458,0.075222,0.069548,0.062106,0.053646,0.044882,0.036416,0.028688,0.021968,0.016367,0.011876,0.008401,0.005797,0.003906,0.002572,0.001656,0.001043,0.000643,0.000389,0.00023,0.000134,7.6e-05,4.3e-05,5e-05,0.93859,0.06141,1,0.063376,0.906334,0.093666,1,0.098348,0.864053,0.135947,1,0.146121,0.811469,0.188531,1,0.208909,0.749224,0.250776,1,0.288717,0.678904,0.321096,1,0.387275,0.602897,0.397103,1,0.506009,0.524118,0.475882,1,0.646038,0.44566,0.55434,0,0.589977,0.370438,0.629562,0,0.462731,0.30089,0.69911,0,0.357947,0.238784,0.761216,0,0.272838,0.185138,0.814862,0,0.204736,0.140256,0.859744,0,0.15112,0.10384,0.89616,0,0.109636,0.075151,0.924849,0,0.078125,0.053184,0.946816,0,0.05465,0.036817,0.963183,0,0.037512,0.024941,0.975059,0,0.025257,1.1e-05,0.000116,0.000634,0.002331,0.006487,0.014584,0.027589,0.045163,0.065302,0.08472,0.09984,0.107949,0.107967,0.10058,0.087787,0.072148,0.05608,0.041384,0.029092,0.019541,0.012576,0.007773,0.004624,0.005704,3.3e-05,0.00032,0.001585,0.005288,0.013364,0.027284,0.046868,0.069667,0.091471,0.107757,0.115311,0.113211,0.102818,0.086976,0.068932,0.051443,0.036308,0.02433,0.015531,0.009473,0.005536,0.003107,0.001678,0.00171,0.990403,0.009597,0.975819,0.024181,0.94823,0.05177,0.903068,0.096932,0.837765,0.162235,0.753045,0.246955,0.653205,0.346795,0.545256,0.454744,0.437289,0.562711,0.336709,0.663291,0.248922,0.751078,0.176774,0.823226,0.120694,0.879306,0.07931,0.92069,0.050218,0.949782,0.979408,0.020592,0.952124,0.047876,0.905256,0.094744,0.835589,0.164411,0.744119,0.255881,0.636362,0.363638,0.521051,0.478949,0.40784,0.59216,0.305022,0.694978,0.218047,0.781953,0.149115,0.850885,0.097672,0.902328,0.061364,0.938636,0.037034,0.962966,0.021504,0.978496,1,0.009643,1,0.020807,1,0.024478,1,0.04906,1,0.053158,1,0.099538,1,0.101957,1,0.179618,1,0.177018,1,0.295554,1,0.28363,1,0.451988,0,1.059021,1,0.651907,0,0.788021,1,0.89688,0,0.574989,1,1.187371,0,0.410541,0,0.245961,0,0.286246,0,0.161478,0,0.194525,0,0.102777,0,0.128622,0,0.063328,0,0.082632,0,0.037737,0,0.051523,0,0.021739
2432,2025/26,10,Piast Gliwice,Bruk-Bet Termalica Nieciecza,7.0,15.0,22.0,12.7481,12.4245,25.1726,0.010051,1,3781.7195,0.4105,0.4174,0.1713,0.3461,0.3049,0.0,0.0,0.0,0.0,1e-06,2e-06,9e-06,3.1e-05,9e-05,0.000232,0.000543,0.001158,0.002276,0.004149,0.007055,0.011249,0.016894,0.023993,0.03233,0.041462,0.050748,0.059428,0.066732,0.072002,0.074788,0.07491,0.072471,0.067815,0.061464,0.054025,0.046106,0.038245,0.030868,0.024263,0.018591,0.013898,0.010144,0.007235,0.005045,0.003443,0.0023,0.001506,0.000966,0.000608,0.000376,0.000228,0.000318,0.973204,0.026796,1,0.027162,0.956309,0.043691,1,0.044674,0.932316,0.067684,1,0.070083,0.899987,0.100013,1,0.105375,0.858525,0.141475,1,0.15254,0.807776,0.192224,1,0.21347,0.748348,0.251652,1,0.289887,0.681616,0.318384,0,1.144498,0.609614,0.390386,0,0.94062,0.534827,0.465173,0,0.765345,0.459916,0.540084,0,0.616031,0.387446,0.612554,0,0.490118,0.319631,0.680369,0,0.385119,0.258166,0.741834,0,0.29863,0.204141,0.795859,0,0.228333,0.158035,0.841965,0,0.172017,0.119789,0.880211,0,0.127594,0.088921,0.911079,0,0.093126,0.064658,0.935342,0,0.066843,6e-06,7e-05,0.000398,0.00153,0.004453,0.010468,0.020706,0.035442,0.053584,0.072689,0.08957,0.101263,0.1059,0.103156,0.094143,0.080902,0.065752,0.050735,0.037293,0.026193,0.017625,0.011391,0.007086,0.009602,8e-06,9.1e-05,0.000507,0.001904,0.005417,0.012447,0.024064,0.040261,0.059497,0.078888,0.095015,0.104995,0.107325,0.102185,0.091152,0.076564,0.060822,0.045872,0.032958,0.022626,0.014881,0.0094,0.005716,0.007378,0.9935,0.0065,0.983032,0.016968,0.962326,0.037674,0.926885,0.073115,0.8733,0.1267,0.800612,0.199388,0.711041,0.288959,0.609778,0.390222,0.503878,0.496122,0.400722,0.599278,0.306579,0.693421,0.225678,0.774322,0.159925,0.840075,0.10919,0.89081,0.071897,0.928103,0.992045,0.007955,0.979598,0.020402,0.955534,0.044466,0.915274,0.084726,0.855777,0.144223,0.776889,0.223111,0.681874,0.318126,0.576879,0.423121,0.469554,0.530446,0.367369,0.632631,0.276218,0.723782,0.199654,0.800346,0.138831,0.861169,0.092959,0.907041,0.060001,0.939999,1,0.006521,1,0.007987,1,0.017114,1,0.020613,1,0.038402,1,0.045485,0,2.615722,1,0.088532,0,2.065933,1,0.155745,0,1.612503,1,0.252458,0,1.24147,1,0.38291,0,0.941039,1,0.550123,0,0.700933,1,0.755972,0,0.51203,1,1.001388,0,0.366118,1,1.286565,0,0.255767,0,0.222711,0,0.174264,0,0.149465,0,0.115624,0,0.097568,0,0.074613,0,0.061876
2433,2025/26,10,Widzew Łódź,Raków Częstochowa,11.0,17.0,28.0,10.4499,12.7425,23.1924,0.010051,1,3781.7195,0.4105,0.4174,0.1713,0.3461,0.3049,0.0,0.0,0.0,0.0,2e-06,1e-05,3.6e-05,0.00011,0.000295,0.000707,0.001533,0.00304,0.005549,0.009397,0.014848,0.021999,0.030703,0.040519,0.05074,0.060476,0.068794,0.074875,0.078147,0.078374,0.075671,0.070457,0.063364,0.055122,0.046447,0.037956,0.030117,0.023228,0.017432,0.012741,0.009078,0.006311,0.004284,0.002841,0.001843,0.00117,0.000727,0.000443,0.000264,0.000155,8.9e-05,5e-05,6e-05,0.942473,0.057527,1,0.059247,0.911771,0.088229,1,0.092367,0.871252,0.128748,1,0.137824,0.820512,0.179488,1,0.197826,0.760037,0.239963,1,0.274389,0.691242,0.308758,1,0.369265,0.616368,0.383632,1,0.483912,0.53822,0.46178,1,0.619488,0.459846,0.540154,1,0.776864,0.384175,0.615825,1,0.956657,0.313719,0.686281,1,1.159259,0.250355,0.749645,1,1.384876,0.195233,0.804767,1,1.633562,0.148786,0.851214,0,0.161092,0.11083,0.88917,0,0.117467,0.080714,0.919286,0,0.084158,0.057486,0.942514,0,0.059204,0.040054,0.959946,0,0.040878,0.027313,0.972687,0,0.027693,4.8e-05,0.000457,0.002184,0.007024,0.017106,0.033654,0.055708,0.079798,0.100964,0.114617,0.118194,0.111824,0.097866,0.079778,0.060929,0.043817,0.029802,0.019244,0.011838,0.006958,0.003918,0.002119,0.001103,0.001049,6e-06,7e-05,0.0004,0.001536,0.004468,0.0105,0.02076,0.035521,0.053683,0.072795,0.089666,0.101332,0.105931,0.103146,0.094097,0.080831,0.065669,0.050651,0.037217,0.026129,0.017576,0.011354,0.00706,0.009559,0.973179,0.026821,0.939525,0.060475,0.883817,0.116183,0.804019,0.195981,0.703055,0.296945,0.588439,0.411561,0.470245,0.529755,0.358421,0.641579,0.260555,0.739445,0.180778,0.819222,0.119849,0.880151,0.076032,0.923968,0.046229,0.953771,0.026985,0.973015,0.015147,0.984853,0.993477,0.006523,0.982978,0.017022,0.962217,0.037783,0.926696,0.073304,0.873013,0.126987,0.800218,0.199782,0.710552,0.289448,0.60922,0.39078,0.503289,0.496711,0.400143,0.599857,0.306047,0.693953,0.225216,0.774784,0.159547,0.840453,0.108896,0.891104,0.071679,0.928321,1,0.027187,1,0.006544,1,0.062381,1,0.017169,1,0.123505,1,0.038515,1,0.218132,1,0.07613,1,0.35232,1,0.135805,1,0.530282,1,0.222871,1,0.754501,1,0.341713,0,0.443823,1,0.495576,0,0.301855,1,0.686591,0,0.1994,1,0.915933,0,0.127662,1,1.184017,0,0.079078,1,1.490695,0,0.047332,1,1.835417,0,0.027356,0,0.115294,0,0.015263,0,0.074378
2434,2025/26,11,Arka Gdynia,Cracovia,20.0,17.0,37.0,12.5835,12.9133,25.4968,0.009914,1,3830.5171,0.4319,0.4412,0.1726,0.3383,0.3028,0.0,0.0,0.0,0.0,0.0,2e-06,8e-06,2.5e-05,7.3e-05,0.000192,0.000453,0.000979,0.001947,0.003593,0.006183,0.009978,0.015166,0.021795,0.029718,0.038564,0.047757,0.056581,0.064276,0.070157,0.073713,0.074683,0.073077,0.069162,0.063395,0.056351,0.048631,0.040791,0.033288,0.026456,0.020494,0.015489,0.011429,0.00824,0.005808,0.004006,0.002705,0.00179,0.001161,0.000738,0.000461,0.000282,0.000404,0.976566,0.023434,1,0.023713,0.9614,0.0386,1,0.039364,0.939605,0.060395,1,0.062295,0.909887,0.090113,1,0.094435,0.871323,0.128677,1,0.137742,0.823566,0.176434,1,0.194111,0.766986,0.233014,1,0.265287,0.70271,0.29729,1,0.352811,0.632553,0.367447,1,0.457991,0.55884,0.44116,1,0.581892,0.484157,0.515843,1,0.725345,0.41108,0.58892,1,0.888967,0.341919,0.658081,1,1.073182,0.278523,0.721477,1,1.278253,0.222172,0.777828,1,1.504302,0.173541,0.826459,1,1.751339,0.132751,0.867249,1,2.019282,0.099462,0.900538,1,2.307975,0.073007,0.926993,1,2.617203,7e-06,7.9e-05,0.000447,0.001702,0.004901,0.011402,0.022314,0.037785,0.056508,0.075816,0.092389,0.103282,0.106793,0.10284,0.092774,0.0788,0.063293,0.048261,0.035052,0.024323,0.016169,0.010322,0.006342,0.008366,5e-06,6e-05,0.00035,0.00136,0.004009,0.009543,0.01911,0.033112,0.05067,0.069563,0.086739,0.099219,0.104975,0.103437,0.095481,0.082984,0.068203,0.053213,0.039546,0.028079,0.0191,0.012476,0.007844,0.01087,0.992829,0.007171,0.981428,0.018572,0.959114,0.040886,0.921329,0.078671,0.864821,0.135179,0.789005,0.210995,0.696616,0.303384,0.593334,0.406666,0.486541,0.513459,0.383701,0.616299,0.290928,0.709072,0.212128,0.787872,0.148835,0.851165,0.100574,0.899426,0.065522,0.934478,0.994163,0.005837,0.984619,0.015381,0.965509,0.034491,0.932397,0.067603,0.881727,0.118273,0.812165,0.187835,0.725426,0.274574,0.626207,0.373793,0.521233,0.478767,0.417795,0.582205,0.322314,0.677686,0.23933,0.76067,0.171128,0.828872,0.117915,0.882085,0.078369,0.921631,1,0.007197,1,0.005854,1,0.018747,1,0.015501,1,0.041745,1,0.0351,1,0.081938,1,0.069997,1,0.145233,1,0.125873,1,0.236983,1,0.208052,1,0.361521,1,0.320996,1,0.521998,1,0.468074,1,0.720434,1,0.651558,1,0.957892,1,0.872764,1,1.234679,1,1.132229,1,1.550565,1,1.429912,1,1.904917,1,1.765343,1,2.296862,0,0.125467,1,2.725369,0,0.08161
2435,2025/26,11,Bruk-Bet Termalica Nieciecza,Widzew Łódź,15.0,16.0,31.0,11.8823,10.752,22.6342,0.009914,1,3830.5171,0.4319,0.4412,0.1726,0.3383,0.3028,0.0,0.0,0.0,1e-06,4e-06,1.5e-05,5.1e-05,0.000154,0.000404,0.00095,0.00202,0.003921,0.007011,0.011628,0.01799,0.026099,0.035662,0.046074,0.056478,0.065888,0.073356,0.078134,0.0798,0.078308,0.073972,0.067381,0.059278,0.05044,0.041569,0.033222,0.025778,0.019441,0.014265,0.010193,0.0071,0.004825,0.003201,0.002075,0.001315,0.000816,0.000495,0.000295,0.000172,9.8e-05,5.5e-05,3e-05,3.4e-05,0.929753,0.070247,1,0.072837,0.894091,0.105909,1,0.111948,0.848017,0.151983,1,0.164855,0.791538,0.208462,1,0.233777,0.72565,0.27435,1,0.320687,0.652294,0.347706,1,0.42726,0.57416,0.42584,1,0.554847,0.49436,0.50564,1,0.704491,0.416052,0.583948,1,0.876945,0.34208,0.65792,1,1.072712,0.274699,0.725301,1,1.29208,0.215421,0.784579,1,1.535163,0.16498,0.83502,1,1.801929,0.123411,0.876589,1,2.092235,0.090189,0.909811,1,2.405849,0.064411,0.935589,1,2.742472,0.04497,0.95503,0,0.046013,0.030705,0.969295,0,0.031187,0.020512,0.979488,0,0.020725,1.3e-05,0.000141,0.000755,0.002728,0.007466,0.016501,0.030684,0.049368,0.070151,0.089428,0.103545,0.109983,0.108052,0.098865,0.084742,0.068389,0.052193,0.037813,0.026095,0.017205,0.010867,0.006591,0.003848,0.004565,3.7e-05,0.000355,0.001743,0.005756,0.014398,0.029088,0.049439,0.072705,0.094431,0.110032,0.11645,0.113058,0.101525,0.084908,0.066522,0.049071,0.034231,0.022668,0.014298,0.008617,0.004975,0.002758,0.001472,0.001465,0.988885,0.011115,0.972384,0.027616,0.941699,0.058301,0.892331,0.107669,0.82218,0.17782,0.732752,0.267248,0.629207,0.370793,0.519225,0.480775,0.411173,0.588827,0.312308,0.687692,0.227566,0.772434,0.159177,0.840823,0.106983,0.893017,0.06917,0.93083,0.043076,0.956924,0.97771,0.02229,0.948622,0.051378,0.899183,0.100817,0.826478,0.173522,0.732047,0.267953,0.622015,0.377985,0.505565,0.494435,0.392507,0.607493,0.290982,0.709018,0.206075,0.793925,0.139553,0.860447,0.090482,0.909518,0.056251,0.943749,0.033584,0.966416,0.019286,0.980714,1,0.011177,1,0.022542,1,0.028004,1,0.052745,1,0.06007,1,0.106269,1,0.113918,1,0.190582,1,0.195796,1,0.311911,1,0.310948,1,0.474791,1,0.463295,1,0.682079,1,0.655418,1,0.935201,1,0.888741,1,1.234494,1,1.163765,1,1.579515,1,1.480315,1,1.969311,0,0.173374,1,2.402604,0,0.11315,0,0.057895,0,0.071679,0,0.034161,0,0.044031,0,0.019474
2436,2025/26,11,Lechia Gdańsk,Wisła Płock,7.0,11.0,18.0,11.6342,11.5917,23.2259,0.009914,1,3830.5171,0.4319,0.4412,0.1726,0.3383,0.3028,0.0,0.0,0.0,0.0,2e-06,1e-05,3.5e-05,0.000106,0.000286,0.000687,0.001496,0.002972,0.00544,0.009235,0.014624,0.021714,0.030368,0.040158,0.050382,0.060157,0.068548,0.074727,0.07811,0.078448,0.075841,0.070702,0.063656,0.055433,0.046753,0.038239,0.030364,0.023435,0.017597,0.012868,0.009172,0.006378,0.00433,0.002873,0.001863,0.001183,0.000735,0.000447,0.000267,0.000156,9e-05,5.1e-05,6e-05,0.943393,0.056607,1,0.058272,0.913024,0.086976,1,0.090993,0.872867,0.127133,1,0.135972,0.822485,0.177515,0,1.728697,0.762327,0.237673,0,1.43686,0.693779,0.306221,0,1.183447,0.619052,0.380948,0,0.965092,0.540942,0.459058,0,0.778578,0.462494,0.537506,0,0.620815,0.386653,0.613347,0,0.488824,0.315951,0.684049,0,0.379726,0.252295,0.747705,0,0.290747,0.196862,0.803138,0,0.219228,0.150108,0.849892,0,0.162646,0.111869,0.888131,0,0.118636,0.081505,0.918495,0,0.085019,0.05807,0.94193,0,0.059824,0.040473,0.959527,0,0.041315,0.027605,0.972395,0,0.027993,1.7e-05,0.000172,0.000908,0.003219,0.008644,0.018749,0.034211,0.054013,0.075314,0.094212,0.107042,0.111569,0.107558,0.096571,0.081226,0.064325,0.048172,0.034247,0.023191,0.015004,0.009299,0.005535,0.003171,0.003621,1.7e-05,0.000178,0.000937,0.003311,0.008863,0.019161,0.034847,0.054837,0.076212,0.095024,0.10761,0.111794,0.107422,0.096132,0.080592,0.063614,0.047484,0.033647,0.02271,0.014645,0.009047,0.005367,0.003065,0.003477,0.987031,0.012969,0.968282,0.031718,0.934071,0.065929,0.880058,0.119942,0.804744,0.195256,0.710532,0.289468,0.60349,0.39651,0.491921,0.508079,0.384363,0.615637,0.287792,0.712208,0.206565,0.793435,0.142241,0.857759,0.094068,0.905932,0.059821,0.940179,0.03663,0.96337,0.986685,0.013315,0.967524,0.032476,0.932677,0.067323,0.87784,0.12216,0.801628,0.198372,0.706604,0.293396,0.598994,0.401006,0.487201,0.512799,0.379779,0.620221,0.283647,0.716353,0.203054,0.796946,0.139441,0.860559,0.091957,0.908043,0.05831,0.94169,0.0356,0.9644,1,0.013054,1,0.013404,1,0.032232,1,0.033015,1,0.068203,1,0.069696,0,2.120747,1,0.130291,0,1.633444,1,0.221111,0,1.239711,1,0.347285,0,0.925054,1,0.512504,0,0.677118,0,0.667871,0,0.485098,0,0.477679,0,0.339385,0,0.333582,0,0.231384,0,0.226968,0,0.153432,0,0.150173,0,0.098791,0,0.096464,0,0.061685,0,0.060079,0,0.037318,0,0.036249
2437,2025/26,11,Górnik Zabrze,Legia Warszawa,10.0,10.0,20.0,11.2866,13.7109,24.9975,0.009914,1,3830.5171,0.4319,0.4412,0.1726,0.3383,0.3028,0.0,0.0,0.0,0.0,1e-06,3e-06,1.1e-05,3.5e-05,0.0001,0.000256,0.000595,0.001262,0.002465,0.004466,0.007549,0.011965,0.017863,0.025216,0.033773,0.043051,0.052373,0.060957,0.068031,0.072954,0.075311,0.074969,0.072078,0.06703,0.060375,0.052737,0.044725,0.036867,0.029568,0.023096,0.017585,0.013062,0.009474,0.006714,0.004652,0.003154,0.002094,0.001362,0.000868,0.000543,0.000333,0.000201,0.000276,0.971293,0.028707,1,0.029127,0.95343,0.04657,1,0.04769,0.928214,0.071786,1,0.074493,0.894441,0.105559,1,0.111557,0.851389,0.148611,1,0.160886,0.799016,0.200984,0,1.60453,0.738058,0.261942,0,1.339634,0.670027,0.329973,0,1.108745,0.597073,0.402927,0,0.909,0.521763,0.478237,0,0.737648,0.446794,0.553206,0,0.592025,0.374716,0.625284,0,0.469549,0.307686,0.692314,0,0.367715,0.247311,0.752689,0,0.284103,0.194574,0.805426,0,0.216384,0.14985,0.85015,0,0.162342,0.112982,0.887018,0,0.119891,0.083414,0.916586,0,0.0871,0.060319,0.939681,0,0.062214,2.3e-05,0.000229,0.001175,0.004053,0.010592,0.022356,0.039697,0.060989,0.082756,0.10074,0.111383,0.112974,0.105986,0.092602,0.075795,0.058411,0.042568,0.02945,0.019407,0.012218,0.007369,0.004268,0.002379,0.002575,3e-06,3.2e-05,0.000192,0.000788,0.002449,0.006147,0.012979,0.02371,0.038256,0.055376,0.072804,0.087807,0.097952,0.101766,0.099046,0.090763,0.078652,0.064702,0.0507,0.037956,0.027222,0.018748,0.012428,0.019381,0.983923,0.016077,0.961567,0.038433,0.921871,0.078129,0.860882,0.139118,0.778127,0.221873,0.677387,0.322613,0.566004,0.433996,0.45303,0.54697,0.347044,0.652956,0.254441,0.745559,0.178646,0.821354,0.120235,0.879765,0.077667,0.922333,0.048217,0.951783,0.02881,0.97119,0.996396,0.003604,0.990249,0.009751,0.97727,0.02273,0.95356,0.04644,0.915304,0.084696,0.859928,0.140072,0.787124,0.212876,0.699317,0.300683,0.601365,0.398635,0.499598,0.500402,0.400552,0.599448,0.309789,0.690211,0.231137,0.768863,0.166434,0.833566,0.115735,0.884265,1,0.016208,1,0.003611,1,0.039191,1,0.009799,1,0.08135,1,0.022992,1,0.149798,1,0.047553,1,0.250866,1,0.088499,1,0.389513,1,0.150907,0,0.83472,0,1.547045,0,0.603361,0,1.201699,0,0.426246,0,0.919709,0,0.293621,0,0.692344,0,0.196801,0,0.511746,0,0.1281,0,0.370758,0,0.080849,0,0.262842,0,0.049418,0,0.182042,0,0.029233,0,0.122998
2438,2025/26,11,Radomiak Radom,Zagłębie Lubin,11.0,13.0,24.0,13.0567,12.576,25.6327,0.009914,1,3830.5171,0.4319,0.4412,0.1726,0.3383,0.3028,0.0,0.0,0.0,0.0,0.0,2e-06,7e-06,2.3e-05,6.7e-05,0.000177,0.000421,0.000914,0.001827,0.003386,0.005855,0.009493,0.014497,0.020932,0.028677,0.037388,0.04652,0.055375,0.063204,0.069312,0.07317,0.074483,0.073227,0.069631,0.064127,0.057271,0.049659,0.04185,0.034314,0.0274,0.021327,0.016194,0.012006,0.008697,0.00616,0.004269,0.002896,0.001925,0.001254,0.000802,0.000503,0.000309,0.000447,0.977827,0.022173,1,0.022423,0.96333,0.03667,1,0.03736,0.942397,0.057603,1,0.059328,0.913721,0.086279,1,0.09023,0.876333,0.123667,1,0.13201,0.829813,0.170187,1,0.186555,0.774438,0.225562,1,0.255618,0.711234,0.288766,1,0.340753,0.641922,0.358078,1,0.443289,0.568752,0.431248,0,0.841071,0.494268,0.505732,0,0.681749,0.421042,0.578958,0,0.546525,0.351411,0.648589,0,0.432956,0.287284,0.712716,0,0.338672,0.230012,0.769988,0,0.261381,0.180353,0.819647,0,0.198882,0.138503,0.861497,0,0.149084,0.104189,0.895811,0,0.110025,0.076788,0.923212,0,0.079897,5e-06,5.4e-05,0.000314,0.001234,0.003672,0.008826,0.017848,0.031229,0.048258,0.066903,0.084242,0.09731,0.103968,0.103453,0.096434,0.084636,0.070245,0.055345,0.041535,0.029781,0.020456,0.013494,0.008567,0.012129,7e-06,8e-05,0.00045,0.00171,0.004924,0.011448,0.022392,0.037897,0.056645,0.07596,0.092516,0.103369,0.106826,0.102817,0.092704,0.078699,0.063179,0.048148,0.034951,0.02424,0.016105,0.010276,0.00631,0.008315,0.994659,0.005341,0.985833,0.014167,0.967985,0.032015,0.936756,0.063244,0.888498,0.111502,0.821596,0.178404,0.737353,0.262647,0.640043,0.359957,0.536075,0.463925,0.432622,0.567378,0.336188,0.663812,0.251552,0.748448,0.181307,0.818693,0.125962,0.874038,0.084427,0.915573,0.992796,0.007204,0.981348,0.018652,0.958956,0.041044,0.921059,0.078941,0.864414,0.135586,0.788454,0.211546,0.695939,0.304061,0.59257,0.40743,0.485744,0.514256,0.382928,0.617072,0.290224,0.709776,0.211525,0.788475,0.148346,0.851654,0.100198,0.899802,0.065247,0.934753,1,0.005355,1,0.00723,1,0.014268,1,0.018828,1,0.032539,1,0.04191,1,0.065332,1,0.082231,1,0.118223,1,0.145703,1,0.196506,1,0.237681,1,0.304689,1,0.362493,0,1.021771,1,0.523286,0,0.768032,1,0.722074,0,0.56673,0,0.48277,0,0.409756,0,0.342806,0,0.289754,0,0.237655,0,0.200046,0,0.160575,0,0.134631,0,0.105581,0,0.088205,0,0.067473
2439,2025/26,11,Pogoń Szczecin,Piast Gliwice,11.0,16.0,27.0,13.1628,11.4472,24.61,0.009914,1,3830.5171,0.4319,0.4412,0.1726,0.3383,0.3028,0.0,0.0,0.0,0.0,1e-06,4e-06,1.4e-05,4.4e-05,0.000126,0.000318,0.00073,0.001526,0.002941,0.005257,0.008764,0.013703,0.020178,0.028094,0.037114,0.046663,0.055989,0.064272,0.070745,0.07482,0.076174,0.074782,0.070907,0.065029,0.057761,0.049755,0.04161,0.033823,0.02675,0.020603,0.015468,0.01133,0.008102,0.005661,0.003868,0.002586,0.001693,0.001085,0.000682,0.000421,0.000254,0.000151,0.000201,0.966572,0.033428,1,0.033999,0.946395,0.053605,1,0.055096,0.9183,0.0817,1,0.085231,0.881186,0.118814,1,0.126486,0.834523,0.165477,1,0.180894,0.778534,0.221466,1,0.250342,0.714262,0.285738,1,0.336505,0.643517,0.356483,1,0.440806,0.568697,0.431303,1,0.564408,0.492523,0.507477,1,0.708214,0.417741,0.582259,1,0.872894,0.346834,0.653166,1,1.058908,0.281806,0.718194,0,0.331015,0.224044,0.775956,0,0.25366,0.17429,0.82571,0,0.191511,0.132679,0.867321,0,0.142346,0.098856,0.901144,0,0.10409,0.072106,0.927894,0,0.074838,0.051503,0.948497,0,0.052877,4e-06,4.9e-05,0.00029,0.001148,0.00344,0.008328,0.016962,0.029892,0.046524,0.064962,0.082387,0.095851,0.103145,0.103372,0.097051,0.08579,0.071714,0.056909,0.043016,0.031065,0.021491,0.014278,0.00913,0.013132,2e-05,0.000201,0.001043,0.003645,0.009646,0.02062,0.037082,0.057699,0.079292,0.097757,0.109467,0.112449,0.106842,0.094543,0.078373,0.061169,0.045148,0.031633,0.021112,0.013462,0.008223,0.004824,0.002723,0.003022,0.994997,0.005003,0.986669,0.013331,0.969707,0.030293,0.939816,0.060184,0.893292,0.106708,0.82833,0.17167,0.745943,0.254057,0.650092,0.349908,0.546947,0.453053,0.443575,0.556425,0.346524,0.653476,0.260734,0.739266,0.18902,0.81098,0.132112,0.867888,0.089096,0.910904,0.985439,0.014561,0.96482,0.03518,0.927738,0.072262,0.870039,0.129961,0.790747,0.209253,0.692989,0.307011,0.583523,0.416477,0.471074,0.528926,0.364232,0.635768,0.269689,0.730311,0.191316,0.808684,0.130147,0.869853,0.084999,0.915001,0.053366,0.946634,0.032254,0.967746,1,0.005016,1,0.014668,1,0.013421,1,0.035814,1,0.030761,1,0.075006,1,0.062071,1,0.139217,1,0.112842,1,0.234777,1,0.188344,1,0.366741,1,0.293106,1,0.538671,0,1.050085,1,0.75274,0,0.791746,1,1.009964,0,0.586223,1,1.310486,0,0.425449,1,1.653829,0,0.302097,1,2.039091,0,0.209512,0,0.08883,0,0.141693,0,0.054843,0,0.093318,0,0.032786
2440,2025/26,11,GKS Katowice,Lech Poznań,15.0,17.0,32.0,11.5439,11.5813,23.1252,0.009914,1,3830.5171,0.4319,0.4412,0.1726,0.3383,0.3028,0.0,0.0,0.0,0.0,2e-06,1e-05,3.7e-05,0.000113,0.000303,0.000726,0.001574,0.003117,0.005682,0.009608,0.015156,0.022418,0.03123,0.041136,0.051409,0.061145,0.069402,0.075363,0.078469,0.078501,0.075598,0.0702,0.062959,0.054613,0.045882,0.03738,0.029567,0.022731,0.017002,0.012385,0.008793,0.006091,0.004119,0.002722,0.001759,0.001112,0.000688,0.000417,0.000248,0.000145,8.3e-05,4.6e-05,5.5e-05,0.941251,0.058749,1,0.060545,0.910021,0.089979,1,0.094288,0.868885,0.131115,1,0.140545,0.817476,0.182524,1,0.201534,0.756331,0.243669,1,0.279277,0.686928,0.313072,1,0.375525,0.611565,0.388435,1,0.491734,0.533096,0.466904,1,0.629054,0.454595,0.545405,1,0.788349,0.378997,0.621003,1,0.970227,0.308796,0.691204,1,1.175073,0.245837,0.754163,1,1.403085,0.191224,0.808776,1,1.654307,0.145342,0.854658,1,1.928663,0.107962,0.892038,1,2.225977,0.078395,0.921605,1,2.545999,0.055664,0.944336,1,2.888422,0.038662,0.961338,0,0.039429,0.026278,0.973722,0,0.026629,1.8e-05,0.000186,0.000971,0.003418,0.009115,0.019633,0.035574,0.055773,0.077227,0.095933,0.108237,0.112029,0.10725,0.095623,0.079869,0.06281,0.04671,0.032976,0.022175,0.014247,0.008769,0.005183,0.002948,0.00332,1.7e-05,0.00018,0.000944,0.003334,0.008917,0.019262,0.035005,0.05504,0.076432,0.095222,0.107748,0.111846,0.107386,0.096023,0.080436,0.063439,0.047315,0.0335,0.022593,0.014557,0.008986,0.005327,0.003039,0.003442,0.986285,0.013715,0.966652,0.033348,0.931078,0.068922,0.875305,0.124695,0.798078,0.201922,0.702145,0.297855,0.593908,0.406092,0.481879,0.518121,0.374629,0.625371,0.279006,0.720994,0.199137,0.800863,0.136327,0.863673,0.089617,0.910383,0.056641,0.943359,0.034467,0.965533,0.986599,0.013401,0.967336,0.032664,0.932332,0.067668,0.877292,0.122708,0.80086,0.19914,0.705638,0.294362,0.59789,0.40211,0.486044,0.513956,0.378658,0.621342,0.282635,0.717365,0.202199,0.797801,0.13876,0.86124,0.091445,0.908555,0.057944,0.942056,0.035351,0.964649,1,0.01381,1,0.013492,1,0.033917,1,0.033209,1,0.071412,1,0.070066,1,0.133183,1,0.130915,1,0.225549,1,0.222069,1,0.353615,1,0.348653,1,0.521031,1,0.514348,1,0.730062,1,0.721456,1,0.981819,1,0.971122,1,1.276522,1,1.263599,1,1.613762,1,1.598503,0,0.146561,1,1.975009,0,0.09389,1,2.392018,0,0.058308,0,0.059691,0,0.035075,0,0.035991
2441,2025/26,11,Raków Częstochowa,Motor Lublin,12.0,15.0,27.0,11.8254,14.2191,26.0444,0.009914,1,3830.5171,0.4319,0.4412,0.1726,0.3383,0.3028,0.0,0.0,0.0,0.0,0.0,1e-06,5e-06,1.8e-05,5.3e-05,0.00014,0.000338,0.000744,0.001507,0.002831,0.004964,0.008159,0.012633,0.018494,0.02569,0.033961,0.042847,0.051719,0.059861,0.066572,0.07127,0.073576,0.073361,0.07075,0.066087,0.059864,0.05265,0.045008,0.037434,0.030322,0.023942,0.018443,0.013871,0.010194,0.007325,0.005151,0.003546,0.002392,0.001581,0.001025,0.000652,0.000408,0.00061,0.981239,0.018761,1,0.018939,0.968606,0.031394,1,0.031897,0.950112,0.049888,1,0.051176,0.924422,0.075578,1,0.078586,0.890461,0.109539,1,0.116016,0.847613,0.152387,1,0.165331,0.795894,0.204106,1,0.228289,0.736033,0.263967,1,0.306481,0.669461,0.330539,1,0.401283,0.598191,0.401809,1,0.513846,0.524615,0.475385,1,0.645091,0.451254,0.548746,1,0.795724,0.380504,0.619496,0,0.478849,0.314417,0.685583,0,0.377486,0.254553,0.745447,0,0.293771,0.201903,0.798097,0,0.225525,0.156895,0.843105,0,0.170664,0.119461,0.880539,0,0.127221,0.089139,0.910861,0,0.093365,1.4e-05,0.000147,0.000788,0.002834,0.007722,0.016994,0.031466,0.050408,0.071322,0.090531,0.104372,0.110387,0.107984,0.098379,0.083964,0.067471,0.051272,0.036987,0.025415,0.016685,0.010493,0.006337,0.003684,0.004332,2e-06,2.1e-05,0.000131,0.000555,0.001781,0.004615,0.010062,0.018978,0.031616,0.047251,0.06414,0.079871,0.091993,0.09868,0.099163,0.093821,0.083944,0.071299,0.057684,0.044587,0.033016,0.023478,0.016069,0.026994,0.988484,0.011516,0.97149,0.02851,0.940024,0.059976,0.889616,0.110384,0.818294,0.181706,0.727763,0.272237,0.62339,0.37661,0.513004,0.486996,0.40502,0.59498,0.30664,0.69336,0.222676,0.777324,0.155205,0.844795,0.103933,0.896067,0.066946,0.933054,0.041531,0.958469,0.99726,0.00274,0.992645,0.007355,0.982584,0.017416,0.963605,0.036395,0.931989,0.068011,0.884738,0.115262,0.820598,0.179402,0.740728,0.259272,0.648734,0.351266,0.550054,0.449946,0.450892,0.549108,0.35707,0.64293,0.273126,0.726874,0.201827,0.798173,0.144144,0.855856,1,0.011583,1,0.002744,1,0.028924,1,0.007382,1,0.06185,1,0.017569,1,0.116965,1,0.037074,1,0.200534,1,0.070434,1,0.31778,1,0.122464,1,0.472583,1,0.197722,1,0.667472,1,0.300122,0,0.519227,1,0.432733,0,0.366206,1,0.597739,0,0.251898,1,0.796527,0,0.168661,0,0.441719,0,0.10974,0,0.319002,0,0.069292,0,0.22543,0,0.042418,0,0.155653
2442,2025/26,11,Jagiellonia Białystok,Korona Kielce,9.0,10.0,19.0,12.0675,13.4912,25.5587,0.009914,1,3830.5171,0.4319,0.4412,0.1726,0.3383,0.3028,0.0,0.0,0.0,0.0,0.0,2e-06,7e-06,2.4e-05,7.1e-05,0.000185,0.000439,0.00095,0.001893,0.0035,0.006036,0.00976,0.014864,0.021405,0.029247,0.03803,0.047194,0.056031,0.063785,0.069768,0.073461,0.074586,0.073139,0.06937,0.063724,0.056767,0.049097,0.041273,0.033756,0.026887,0.020876,0.015812,0.011694,0.00845,0.00597,0.004127,0.002794,0.001853,0.001204,0.000768,0.00048,0.000295,0.000424,0.977133,0.022867,1,0.023133,0.962268,0.037732,1,0.038462,0.940863,0.059137,1,0.060958,0.911617,0.088383,1,0.092536,0.873586,0.126414,0,2.068194,0.826392,0.173608,0,1.750954,0.770361,0.229639,0,1.471247,0.706576,0.293424,0,1.226136,0.636807,0.363193,0,1.012822,0.563347,0.436653,0,0.828616,0.488761,0.511239,0,0.670917,0.415621,0.584379,0,0.537206,0.346251,0.653749,0,0.425032,0.282527,0.717473,0,0.33202,0.22576,0.77424,0,0.255873,0.176663,0.823337,0,0.194389,0.13539,0.86461,0,0.145477,0.101634,0.898366,0,0.107177,0.074746,0.925254,0,0.077687,1.1e-05,0.000121,0.000658,0.00241,0.006686,0.014985,0.028252,0.046087,0.0664,0.085825,0.100756,0.108511,0.10809,0.100276,0.087148,0.07131,0.05518,0.040534,0.028361,0.018959,0.012142,0.007467,0.00442,0.005393,3e-06,3.8e-05,0.000227,0.000917,0.002808,0.006947,0.014462,0.026046,0.041431,0.059124,0.076633,0.091118,0.10021,0.10264,0.098485,0.088973,0.076012,0.061646,0.047622,0.035148,0.024852,0.016874,0.011027,0.01665,0.990098,0.009902,0.975113,0.024887,0.946862,0.053138,0.900774,0.099226,0.834374,0.165626,0.748549,0.251451,0.647793,0.352207,0.539282,0.460718,0.431193,0.568807,0.330916,0.669084,0.243768,0.756232,0.172458,0.827542,0.117277,0.882723,0.076743,0.923257,0.048382,0.951618,0.9959,0.0041,0.988952,0.011048,0.974491,0.025509,0.948445,0.051555,0.907014,0.092986,0.84789,0.15211,0.771257,0.228743,0.680139,0.319861,0.579929,0.420071,0.477289,0.522711,0.378804,0.621196,0.289831,0.710169,0.213819,0.786181,0.152173,0.847827,0.104551,0.895449,1,0.009951,1,0.004108,1,0.025202,1,0.011109,1,0.054602,1,0.02584,1,0.104501,1,0.052931,1,0.181074,1,0.097597,0,1.380507,1,0.165004,0,1.043536,0,1.475156,0,0.774969,0,1.139869,0,0.564214,0,0.867332,0,0.401846,0,0.648727,0,0.279407,0,0.476109,0,0.189295,0,0.342252,0,0.124744,0,0.240568,0,0.079848,0,0.165079,0,0.049592,0,0.11043
2443,2025/26,12,Wisła Płock,Bruk-Bet Termalica Nieciecza,6.0,9.0,15.0,11.4666,12.3799,23.8465,0.009791,1,3879.3479,0.4587,0.4694,0.1811,0.3348,0.2874,0.0,0.0,0.0,0.0,1e-06,6e-06,2.3e-05,7.1e-05,0.000197,0.000485,0.001082,0.002203,0.004131,0.007184,0.011654,0.017726,0.025394,0.034394,0.044196,0.054046,0.06307,0.070409,0.075365,0.077506,0.076724,0.073233,0.067508,0.060187,0.051968,0.043512,0.035369,0.027943,0.021477,0.016075,0.011727,0.008346,0.005799,0.003937,0.002613,0.001697,0.001079,0.000672,0.00041,0.000246,0.000144,8.3e-05,0.000104,0.955235,0.044765,0,3.106337,0.929842,0.070158,0,2.657001,0.895448,0.104552,0,2.258069,0.851252,0.148748,0,1.905501,0.797206,0.202794,0,1.595564,0.734136,0.265864,0,1.324771,0.663727,0.336273,0,1.089832,0.588361,0.411639,0,0.88761,0.510856,0.489144,0,0.715097,0.434131,0.565869,0,0.569393,0.360898,0.639102,0,0.447691,0.29339,0.70661,0,0.347277,0.233204,0.766796,0,0.265534,0.181236,0.818764,0,0.199959,0.137723,0.862277,0,0.148179,0.102354,0.897646,0,0.10798,0.074411,0.925589,0,0.077325,0.052935,0.947065,0,0.054387,0.03686,0.96314,0,0.037556,1.9e-05,0.000197,0.001023,0.003585,0.009512,0.02038,0.036732,0.057274,0.078865,0.097413,0.109274,0.112439,0.106999,0.094822,0.078711,0.061512,0.045454,0.031883,0.0213,0.013594,0.008311,0.004879,0.002756,0.003061,8e-06,9.3e-05,0.000518,0.001944,0.005525,0.012678,0.024473,0.040871,0.060276,0.079741,0.095805,0.105582,0.107612,0.102139,0.090808,0.076007,0.060155,0.045192,0.032336,0.022103,0.014473,0.0091,0.005506,0.00703,0.985657,0.014343,0.965277,0.034723,0.928545,0.071455,0.871271,0.128729,0.792406,0.207594,0.694994,0.305006,0.58572,0.41428,0.473281,0.526719,0.366282,0.633718,0.27146,0.72854,0.192749,0.807251,0.131237,0.868763,0.085783,0.914217,0.0539,0.9461,0.0326,0.9674,0.991886,0.008114,0.979208,0.020792,0.954735,0.045265,0.913864,0.086136,0.853588,0.146412,0.773848,0.226152,0.678043,0.321957,0.572461,0.427539,0.464849,0.535151,0.36271,0.63729,0.271901,0.728099,0.195894,0.804106,0.135739,0.864261,0.090547,0.909453,0.058212,0.941788,1,0.014447,1,0.008147,1,0.03534,1,0.021011,0,2.638687,1,0.046321,0,2.050046,1,0.090074,0,1.572171,1,0.158307,0,1.187424,0,1.486548,0,0.881213,0,1.133337,0,0.641088,0,0.84971,0,0.456151,0,0.625206,0,0.316713,0,0.45053,0,0.214121,0,0.317318,0,0.140685,0,0.218024,0,0.089687,0,0.14588,0,0.055407,0,0.094912,0,0.033143,0,0.059975
2444,2025/26,12,Motor Lublin,GKS Katowice,10.0,14.0,24.0,11.9671,11.9772,23.9443,0.009791,1,3879.3479,0.4587,0.4694,0.1811,0.3348,0.2874,0.0,0.0,0.0,0.0,1e-06,6e-06,2.1e-05,6.7e-05,0.000186,0.000459,0.001028,0.002101,0.003954,0.006901,0.011237,0.017155,0.024667,0.033533,0.04325,0.053085,0.062177,0.06967,0.074849,0.077258,0.076759,0.073536,0.068035,0.060879,0.052757,0.044334,0.036169,0.028678,0.022122,0.016618,0.012167,0.008691,0.00606,0.004129,0.002751,0.001793,0.001144,0.000715,0.000438,0.000263,0.000155,9e-05,0.000113,0.956885,0.043115,1,0.044072,0.932218,0.067782,1,0.070188,0.898685,0.101315,1,0.106823,0.855435,0.144565,1,0.156145,0.80235,0.19765,1,0.220211,0.740172,0.259828,1,0.300872,0.670503,0.329497,1,0.399728,0.595654,0.404346,1,0.518095,0.518396,0.481604,1,0.657015,0.441637,0.558363,0,0.582746,0.368101,0.631899,0,0.459026,0.300066,0.699934,0,0.356769,0.239188,0.760812,0,0.273369,0.18643,0.81357,0,0.206324,0.142096,0.857904,0,0.153263,0.105927,0.894073,0,0.111968,0.077249,0.922751,0,0.080396,0.055128,0.944872,0,0.056705,0.03851,0.96149,0,0.039271,1.2e-05,0.00013,0.000705,0.002567,0.007077,0.015756,0.029506,0.047806,0.068399,0.087786,0.102323,0.1094,0.108175,0.099609,0.085916,0.069765,0.053568,0.039042,0.027101,0.017972,0.011417,0.006964,0.004088,0.004903,1.2e-05,0.000129,0.0007,0.00255,0.007035,0.015673,0.029374,0.047626,0.068194,0.087589,0.102171,0.109319,0.108177,0.099686,0.086047,0.069925,0.053731,0.03919,0.027225,0.018068,0.011486,0.007012,0.004119,0.004948,0.989494,0.010506,0.973738,0.026262,0.944232,0.055768,0.896426,0.103574,0.828027,0.171973,0.740241,0.259759,0.637918,0.362082,0.528519,0.471481,0.420344,0.579656,0.320735,0.679265,0.234819,0.765181,0.165054,0.834946,0.111486,0.888514,0.072445,0.927555,0.045343,0.954657,0.98956,0.01044,0.973887,0.026113,0.944513,0.055487,0.896887,0.103113,0.828693,0.171307,0.741104,0.258896,0.638933,0.361067,0.529614,0.470386,0.421436,0.578564,0.32175,0.67825,0.235703,0.764297,0.165778,0.834222,0.112047,0.887953,0.072857,0.927143,0.045632,0.954368,1,0.010562,1,0.010495,1,0.026613,1,0.02646,1,0.057383,1,0.057086,1,0.10934,1,0.108825,1,0.18871,1,0.187906,1,0.300779,1,0.299614,0,1.015885,1,0.447956,0,0.751876,1,0.635607,0,0.54532,1,0.864087,0,0.386744,1,1.13398,0,0.267643,0,0.268799,0,0.180388,0,0.181256,0,0.118205,0,0.118836,0,0.075203,0,0.075647,0,0.046403,0,0.046706
2445,2025/26,12,Zagłębie Lubin,Legia Warszawa,17.0,13.0,30.0,11.5583,13.3878,24.9461,0.009791,1,3879.3479,0.4587,0.4694,0.1811,0.3348,0.2874,0.0,0.0,0.0,0.0,1e-06,3e-06,1.1e-05,3.5e-05,0.000102,0.000262,0.000607,0.001287,0.002511,0.004545,0.007675,0.012152,0.018121,0.025549,0.034175,0.043504,0.052848,0.061418,0.068438,0.07327,0.075509,0.075033,0.072009,0.066838,0.060084,0.052377,0.044327,0.036461,0.029178,0.022739,0.017273,0.0128,0.009261,0.006546,0.004525,0.00306,0.002026,0.001314,0.000835,0.000521,0.000319,0.000191,0.000261,0.970809,0.029191,1,0.029626,0.952687,0.047313,1,0.048468,0.927139,0.072861,1,0.075652,0.892964,0.107036,1,0.113209,0.849461,0.150539,1,0.163154,0.796613,0.203387,1,0.227387,0.735195,0.264805,1,0.30762,0.666757,0.333243,1,0.405329,0.593487,0.406513,1,0.52174,0.517979,0.482021,1,0.657821,0.442946,0.557054,1,0.814309,0.370937,0.629063,1,0.991723,0.304099,0.695901,1,1.190403,0.244014,0.755986,1,1.410529,0.191637,0.808363,1,1.652152,0.14731,0.85269,0,0.159359,0.110849,0.889151,0,0.117488,0.08167,0.91833,0,0.085199,0.058931,0.941069,0,0.060739,1.8e-05,0.000182,0.000956,0.003373,0.009014,0.019452,0.03531,0.055454,0.076907,0.095676,0.108097,0.112027,0.107374,0.095837,0.080125,0.063067,0.046938,0.03316,0.022312,0.014342,0.008831,0.005222,0.002971,0.003347,3e-06,4.1e-05,0.000243,0.000979,0.002981,0.007333,0.015174,0.027166,0.042947,0.060906,0.078443,0.092671,0.101251,0.103019,0.098184,0.088095,0.074741,0.060191,0.046168,0.03383,0.023745,0.016004,0.010381,0.015407,0.986449,0.013551,0.966997,0.033003,0.931687,0.068313,0.876233,0.123767,0.799327,0.200673,0.70365,0.29635,0.595553,0.404447,0.483526,0.516474,0.376152,0.623848,0.280316,0.719684,0.20019,0.79981,0.137123,0.862877,0.090185,0.909815,0.057025,0.942975,0.034713,0.965287,0.995659,0.004341,0.988325,0.011675,0.973151,0.026849,0.945985,0.054015,0.903038,0.096962,0.842131,0.157869,0.763688,0.236312,0.671017,0.328983,0.569766,0.430234,0.466747,0.533253,0.368563,0.631437,0.280468,0.719532,0.205726,0.794274,0.145535,0.854465,0.099367,0.900633,1,0.013644,1,0.00435,1,0.03356,1,0.011744,1,0.070758,1,0.027216,1,0.132123,1,0.055529,1,0.223985,1,0.101991,1,0.351474,1,0.17182,1,0.518265,1,0.269596,1,0.72665,1,0.398961,1,0.977762,1,0.56253,1,1.271838,0,0.628759,1,1.608488,0,0.459757,1,1.986877,0,0.329154,1,2.405892,0,0.230327,0,0.058716,0,0.15728,0,0.03533,0,0.104657
2446,2025/26,12,Korona Kielce,Górnik Zabrze,7.0,12.0,19.0,11.5729,12.1582,23.7311,0.009791,1,3879.3479,0.4587,0.4694,0.1811,0.3348,0.2874,0.0,0.0,0.0,0.0,2e-06,7e-06,2.5e-05,7.7e-05,0.000211,0.000517,0.001148,0.002328,0.004347,0.007527,0.012159,0.018414,0.026266,0.035422,0.04532,0.055182,0.064117,0.071269,0.075956,0.077775,0.076657,0.072852,0.066865,0.059355,0.051027,0.042539,0.034428,0.02708,0.020723,0.015443,0.011217,0.007948,0.005499,0.003717,0.002456,0.001588,0.001005,0.000623,0.000379,0.000226,0.000132,7.6e-05,9.4e-05,0.953238,0.046762,1,0.047891,0.926972,0.073028,1,0.075832,0.89155,0.10845,1,0.114793,0.84623,0.15377,1,0.166964,0.791048,0.208952,0,1.56565,0.726931,0.273069,0,1.29803,0.655661,0.344339,0,1.06613,0.579705,0.420295,0,0.866799,0.50193,0.49807,0,0.697015,0.425273,0.574727,0,0.55386,0.352421,0.647579,0,0.434514,0.285556,0.714444,0,0.33625,0.226201,0.773799,0,0.256443,0.175174,0.824826,0,0.192582,0.132635,0.867365,0,0.142295,0.098207,0.901793,0,0.103371,0.071127,0.928873,0,0.073784,0.050404,0.949596,0,0.051719,0.034961,0.965039,0,0.035587,1.7e-05,0.00018,0.000946,0.003341,0.008937,0.019308,0.035088,0.055167,0.076596,0.095399,0.107906,0.111955,0.107426,0.095993,0.080347,0.063313,0.047175,0.033365,0.022476,0.014464,0.008916,0.005278,0.003006,0.003394,1e-05,0.000111,0.000611,0.002258,0.006313,0.014255,0.027078,0.044497,0.064573,0.084059,0.099376,0.107765,0.10808,0.100941,0.088307,0.072731,0.056641,0.041871,0.02948,0.019829,0.012776,0.007904,0.004706,0.005811,0.986571,0.013429,0.967264,0.032736,0.932175,0.067825,0.877008,0.122992,0.800412,0.199588,0.705013,0.294987,0.597108,0.402892,0.485153,0.514847,0.377726,0.622274,0.281734,0.718266,0.201387,0.798613,0.138074,0.861926,0.090899,0.909101,0.057534,0.942466,0.035058,0.964942,0.990677,0.009323,0.976422,0.023578,0.949344,0.050656,0.904848,0.095152,0.840275,0.159725,0.756216,0.243784,0.65684,0.34316,0.549075,0.450925,0.440996,0.559004,0.340054,0.659946,0.251747,0.748253,0.179017,0.820983,0.122376,0.877624,0.080505,0.919495,0.051025,0.948975,1,0.01352,1,0.009367,1,0.033284,1,0.02386,1,0.070235,1,0.051984,0,2.095636,1,0.099988,0,1.6115,1,0.174026,0,1.220824,1,0.279428,0,0.909087,1,0.420315,0,0.663886,1,0.59952,0,0.474375,0,0.581599,0,0.330915,0,0.415597,0,0.224879,0,0.290014,0,0.148586,0,0.197253,0,0.095299,0,0.130537,0,0.059255,0,0.083931,0,0.035687,0,0.052373
2447,2025/26,12,Cracovia,Raków Częstochowa,16.0,13.0,29.0,12.4467,12.677,25.1237,0.009791,1,3879.3479,0.4587,0.4694,0.1811,0.3348,0.2874,0.0,0.0,0.0,0.0,1e-06,3e-06,1e-05,3.2e-05,9.1e-05,0.000236,0.000551,0.001175,0.002309,0.004207,0.007151,0.011396,0.017104,0.024273,0.032679,0.04187,0.051192,0.059876,0.067149,0.07235,0.075036,0.075038,0.07247,0.067692,0.061235,0.053715,0.045744,0.037861,0.030487,0.023906,0.018272,0.013623,0.009917,0.007053,0.004905,0.003337,0.002223,0.00145,0.000928,0.000582,0.000358,0.000216,0.000299,0.97284,0.02716,1,0.027536,0.955735,0.044265,1,0.045274,0.931463,0.068537,1,0.070999,0.898784,0.101216,1,0.106713,0.856914,0.143086,1,0.154418,0.805722,0.194278,1,0.216016,0.745846,0.254154,1,0.293236,0.678697,0.321303,1,0.38758,0.606347,0.393653,1,0.500302,0.531311,0.468689,1,0.632408,0.456273,0.543727,1,0.784664,0.383803,0.616197,1,0.957627,0.316111,0.683889,1,1.151662,0.254876,0.745124,1,1.366977,0.201161,0.798839,0,0.224596,0.155417,0.844583,0,0.168912,0.117556,0.882444,0,0.125059,0.087069,0.912931,0,0.091095,0.063162,0.936838,0,0.065245,8e-06,8.8e-05,0.000493,0.001858,0.005306,0.012235,0.023732,0.039823,0.059013,0.078445,0.094702,0.104869,0.107399,0.102427,0.091502,0.076956,0.0612,0.046197,0.033214,0.022813,0.015009,0.009482,0.005765,0.007436,6e-06,7.3e-05,0.000415,0.00159,0.004614,0.010814,0.021321,0.036366,0.054778,0.074014,0.090823,0.102229,0.106419,0.103163,0.093677,0.080082,0.064734,0.049669,0.036298,0.025341,0.016947,0.010883,0.006726,0.00898,0.992219,0.007781,0.979984,0.020016,0.956252,0.043748,0.916429,0.083571,0.857416,0.142584,0.778971,0.221029,0.684269,0.315731,0.579401,0.420599,0.472002,0.527998,0.369575,0.630425,0.278073,0.721927,0.201116,0.798884,0.139917,0.860083,0.093719,0.906281,0.060505,0.939495,0.993264,0.006736,0.98245,0.01755,0.961129,0.038871,0.924763,0.075237,0.869985,0.130015,0.79597,0.20403,0.705147,0.294853,0.602918,0.397082,0.496499,0.503501,0.393337,0.606663,0.29966,0.70034,0.219578,0.780422,0.154845,0.845155,0.105175,0.894825,0.068877,0.931123,1,0.007811,1,0.006759,1,0.020219,1,0.017706,1,0.044734,1,0.039647,1,0.087271,1,0.078218,1,0.153832,1,0.139279,1,0.249781,1,0.228194,1,0.379404,1,0.349349,1,0.54576,1,0.505974,1,0.750772,1,0.700174,1,0.995402,0,0.499782,1,1.279872,0,0.356189,1,1.603873,0,0.24792,0,0.150726,0,0.168235,0,0.098406,0,0.111127,0,0.062413,0,0.071364
2448,2025/26,12,Lech Poznań,Pogoń Szczecin,6.0,12.0,18.0,11.2994,11.5777,22.8771,0.009791,1,3879.3479,0.4587,0.4694,0.1811,0.3348,0.2874,0.0,0.0,0.0,1e-06,3e-06,1.2e-05,4.3e-05,0.000131,0.000349,0.000828,0.001779,0.003489,0.006304,0.010563,0.01651,0.024196,0.033395,0.04358,0.053955,0.06357,0.071473,0.076875,0.07928,0.078552,0.074917,0.068894,0.061186,0.052556,0.043719,0.035267,0.027618,0.021021,0.015565,0.011224,0.007889,0.005409,0.003621,0.002368,0.001514,0.000947,0.00058,0.000348,0.000205,0.000118,6.7e-05,3.7e-05,4.3e-05,0.935793,0.064207,1,0.066361,0.902397,0.097603,1,0.1027,0.858818,0.141182,1,0.152199,0.804863,0.195137,0,1.634053,0.741293,0.258707,0,1.35206,0.66982,0.33018,0,1.108118,0.592945,0.407055,0,0.898806,0.513665,0.486335,0,0.720858,0.435113,0.564887,0,0.57113,0.360197,0.639803,0,0.446594,0.291302,0.708698,0,0.344326,0.230117,0.769883,0,0.261516,0.177561,0.822439,0,0.195481,0.133841,0.866159,0,0.143687,0.098575,0.901425,0,0.103778,0.070956,0.929044,0,0.0736,0.049936,0.950064,0,0.051226,0.03437,0.96563,0,0.034975,0.023146,0.976854,0,0.023418,2.2e-05,0.000226,0.001158,0.004005,0.010487,0.022174,0.03944,0.06069,0.08247,0.100529,0.111289,0.113009,0.10613,0.092816,0.076035,0.05864,0.042764,0.029602,0.019516,0.012292,0.007416,0.004296,0.002395,0.002592,1.7e-05,0.000179,0.000942,0.00333,0.008912,0.01926,0.035015,0.055073,0.076494,0.095307,0.107842,0.111931,0.107443,0.096044,0.08042,0.063394,0.047253,0.033433,0.022529,0.014504,0.008944,0.005296,0.003018,0.00341,0.984097,0.015903,0.961923,0.038077,0.922483,0.077517,0.861793,0.138207,0.779323,0.220677,0.678794,0.321206,0.567504,0.432496,0.454496,0.545504,0.348365,0.651635,0.255549,0.744451,0.179514,0.820486,0.120873,0.879127,0.07811,0.92189,0.048508,0.951492,0.028992,0.971008,0.986611,0.013389,0.967351,0.032649,0.932335,0.067665,0.877262,0.122738,0.800768,0.199232,0.705461,0.294539,0.597618,0.402382,0.485687,0.514313,0.378244,0.621756,0.2822,0.7178,0.201781,0.798219,0.138387,0.861613,0.091134,0.908866,0.057702,0.942298,0.035172,0.964828,1,0.016031,1,0.013479,1,0.038821,1,0.033194,0,2.557258,1,0.070063,0,1.979003,1,0.13095,0,1.511055,1,0.222184,0,1.135673,1,0.348904,0,0.838182,1,0.514804,0,0.606045,1,0.722191,0,0.428271,0,0.475208,0,0.295108,0,0.331564,0,0.197858,0,0.225372,0,0.128826,0,0.148949,0,0.081329,0,0.095558,0,0.049724,0,0.059434,0,0.029421,0,0.035805
2449,2025/26,12,Jagiellonia Białystok,Arka Gdynia,8.0,10.0,18.0,12.345,13.6184,25.9634,0.009791,1,3879.3479,0.4587,0.4694,0.1811,0.3348,0.2874,0.0,0.0,0.0,0.0,0.0,1e-06,5e-06,1.8e-05,5.5e-05,0.000146,0.00035,0.000769,0.001556,0.002918,0.005107,0.008379,0.012948,0.018917,0.026221,0.034589,0.043542,0.052436,0.060546,0.067167,0.071725,0.073852,0.073439,0.070631,0.065789,0.059422,0.052106,0.044407,0.03682,0.02973,0.023398,0.017964,0.013465,0.009862,0.007062,0.004947,0.003394,0.00228,0.001502,0.00097,0.000615,0.000383,0.000567,0.980696,0.019304,1,0.019493,0.967748,0.032252,1,0.032784,0.948831,0.051169,1,0.052524,0.92261,0.07739,0,2.558898,0.888021,0.111979,0,2.189441,0.844479,0.155521,0,1.860973,0.792043,0.207957,0,1.570423,0.731497,0.268503,0,1.314894,0.66433,0.33567,0,1.091626,0.592605,0.407395,0,0.897971,0.518752,0.481248,0,0.731373,0.445313,0.554687,0,0.589352,0.374682,0.625318,0,0.469496,0.308894,0.691106,0,0.369461,0.249472,0.750528,0,0.286978,0.197365,0.802635,0,0.219856,0.152958,0.847042,0,0.166005,0.116138,0.883862,0,0.123455,0.086408,0.913592,0,0.090371,9e-06,9.6e-05,0.000532,0.001991,0.005642,0.012915,0.024868,0.041426,0.060942,0.080419,0.096376,0.105945,0.10771,0.101975,0.090435,0.075504,0.059607,0.044667,0.03188,0.021737,0.014197,0.008904,0.005374,0.006826,3e-06,3.4e-05,0.000205,0.000835,0.002583,0.00645,0.013551,0.024628,0.039527,0.056907,0.074406,0.089238,0.098982,0.102241,0.098923,0.090107,0.07761,0.063452,0.049408,0.036754,0.02619,0.017921,0.011801,0.01812,0.991707,0.008293,0.978791,0.021209,0.953923,0.046077,0.912496,0.087504,0.851555,0.148445,0.771136,0.228864,0.67476,0.32524,0.568815,0.431185,0.461104,0.538896,0.359129,0.640871,0.268695,0.731305,0.193191,0.806809,0.133584,0.866416,0.088917,0.911083,0.057037,0.942963,0.996216,0.003784,0.989766,0.010234,0.976215,0.023785,0.951587,0.048413,0.912061,0.087939,0.855154,0.144846,0.780748,0.219252,0.69151,0.30849,0.592528,0.407472,0.490287,0.509713,0.391364,0.608636,0.301256,0.698744,0.223646,0.776354,0.160194,0.839806,0.110786,0.889214,1,0.008328,1,0.003791,1,0.021437,1,0.010287,1,0.047172,1,0.024072,1,0.091572,1,0.049624,0,1.907541,1,0.092048,0,1.474627,1,0.156474,0,1.123192,0,1.517534,0,0.841218,0,1.176066,0,0.618233,0,0.897783,0,0.444927,0,0.673907,0,0.312925,0,0.496535,0,0.214668,0,0.358471,0,0.14339,0,0.253147,0,0.093121,0,0.174584,0,0.058728,0,0.117417
2450,2025/26,12,Piast Gliwice,Lechia Gdańsk,9.0,4.0,13.0,11.5134,12.0781,23.5915,0.009791,1,3879.3479,0.4587,0.4694,0.1811,0.3348,0.2874,0.0,0.0,0.0,0.0,2e-06,7e-06,2.7e-05,8.4e-05,0.000229,0.000559,0.001234,0.00249,0.004624,0.007964,0.012796,0.019277,0.027352,0.036692,0.046698,0.056559,0.065371,0.07228,0.076626,0.078048,0.07652,0.072338,0.066043,0.058316,0.04987,0.041354,0.033293,0.026049,0.019829,0.014699,0.010621,0.007486,0.005151,0.003464,0.002277,0.001464,0.000922,0.000569,0.000344,0.000204,0.000119,6.8e-05,8.3e-05,0.950707,0.049293,0,3.009976,0.923356,0.076644,0,2.568579,0.886664,0.113336,0,2.177399,0.839966,0.160034,0,1.832372,0.783408,0.216592,0,1.529738,0.718037,0.281963,0,1.265979,0.645757,0.354243,0,1.037773,0.569131,0.430869,0,0.841951,0.491083,0.508917,0,0.675471,0.414563,0.585437,0,0.535397,0.342225,0.657775,0,0.418892,0.276181,0.723819,0,0.323214,0.217865,0.782135,0,0.245728,0.167995,0.832005,0,0.183917,0.126641,0.873359,0,0.135408,0.093348,0.906652,0,0.097997,0.067299,0.932701,0,0.069671,0.04747,0.95253,0,0.048633,0.032771,0.967229,0,0.03332,1.8e-05,0.000189,0.000988,0.003476,0.009255,0.019902,0.036001,0.05634,0.077863,0.096529,0.108679,0.112237,0.107199,0.095347,0.079438,0.062307,0.046211,0.032532,0.021813,0.013973,0.008574,0.005052,0.002864,0.003204,1.1e-05,0.000119,0.000649,0.002383,0.006623,0.014868,0.028074,0.045863,0.066163,0.085622,0.100628,0.10848,0.108155,0.100416,0.087331,0.071503,0.055357,0.04068,0.028473,0.019038,0.012194,0.0075,0.004439,0.005415,0.986067,0.013933,0.966165,0.033835,0.930164,0.069836,0.873824,0.126176,0.795961,0.204039,0.699432,0.300568,0.590753,0.409247,0.478515,0.521485,0.371316,0.628684,0.275969,0.724031,0.196531,0.803469,0.134223,0.865777,0.088012,0.911988,0.05548,0.94452,0.033666,0.966334,0.990198,0.009802,0.97533,0.02467,0.947256,0.052744,0.901393,0.098607,0.83523,0.16477,0.749608,0.250392,0.64898,0.35102,0.540501,0.459499,0.432346,0.567654,0.33193,0.66807,0.244599,0.755401,0.173096,0.826904,0.11774,0.88226,0.077059,0.922941,0.048586,0.951414,1,0.014031,0,4.625169,1,0.034421,0,3.702167,1,0.072394,0,2.942305,1,0.134876,0,2.316613,1,0.228205,0,1.803205,0,1.202081,0,1.384728,0,0.893436,0,1.046912,0,0.651075,0,0.777619,0,0.464127,0,0.566243,0,0.322921,0,0.403362,0,0.218817,0,0.280507,0,0.144128,0,0.190067,0,0.092128,0,0.125268,0,0.057078,0,0.08019,0,0.034246,0,0.049806
2451,2025/26,12,Widzew Łódź,Radomiak Radom,13.0,15.0,28.0,10.7083,14.6213,25.3296,0.009791,1,3879.3479,0.4587,0.4694,0.1811,0.3348,0.2874,0.0,0.0,0.0,0.0,0.0,2e-06,8e-06,2.8e-05,8.2e-05,0.000212,0.000498,0.001069,0.002113,0.003874,0.006625,0.010624,0.016047,0.022919,0.031057,0.040054,0.0493,0.058055,0.065554,0.071124,0.074286,0.074819,0.072782,0.068482,0.06241,0.055158,0.047331,0.039476,0.032036,0.025319,0.019506,0.014661,0.010759,0.007715,0.00541,0.003712,0.002493,0.001641,0.001059,0.00067,0.000416,0.000254,0.000358,0.974862,0.025138,1,0.025459,0.958815,0.041185,1,0.042057,0.935896,0.064104,1,0.066251,0.904839,0.095161,1,0.099998,0.864785,0.135215,1,0.145274,0.815486,0.184514,1,0.203971,0.757431,0.242569,1,0.277823,0.691877,0.308123,1,0.368346,0.620754,0.379246,1,0.476821,0.546468,0.453532,1,0.604279,0.471649,0.528351,1,0.75152,0.398867,0.601133,1,0.919128,0.330385,0.669615,1,1.107497,0.267974,0.732026,0,0.31194,0.212816,0.787184,0,0.239294,0.165485,0.834515,0,0.180905,0.126009,0.873991,0,0.134685,0.093973,0.906027,0,0.098687,0.068655,0.931345,0,0.071125,3.8e-05,0.000366,0.001793,0.005905,0.014727,0.029666,0.050267,0.073688,0.095393,0.110775,0.116826,0.113014,0.10111,0.084239,0.065741,0.048301,0.033556,0.022128,0.013898,0.008339,0.004793,0.002645,0.001405,0.001386,1e-06,1.5e-05,9.6e-05,0.000417,0.001374,0.003652,0.008166,0.015797,0.026986,0.041355,0.057555,0.073475,0.086748,0.095377,0.098226,0.095237,0.087313,0.075982,0.062978,0.049866,0.037823,0.027547,0.019308,0.034327,0.977169,0.022831,0.947503,0.052497,0.897236,0.102764,0.823548,0.176452,0.728155,0.271845,0.61738,0.38262,0.500554,0.499446,0.38754,0.61246,0.28643,0.71357,0.202191,0.797809,0.13645,0.86355,0.088149,0.911851,0.054594,0.945406,0.032466,0.967534,0.018568,0.981432,0.997718,0.002282,0.994066,0.005934,0.985901,0.014099,0.970104,0.029896,0.943118,0.056882,0.901763,0.098237,0.844207,0.155793,0.770732,0.229268,0.683984,0.316016,0.588607,0.411393,0.490381,0.509619,0.395144,0.604856,0.307831,0.692169,0.231849,0.768151,0.168871,0.831129,1,0.023096,1,0.002285,1,0.053925,1,0.005952,1,0.108436,1,0.014199,1,0.194133,1,0.030352,1,0.317241,1,0.058564,1,0.482271,1,0.103404,1,0.69204,1,0.169358,1,0.947936,1,0.260415,1,1.250261,1,0.379821,0,0.225886,1,0.529997,0,0.146703,1,0.712573,0,0.092279,0,0.502765,0,0.056141,0,0.367925,0,0.033005,0,0.263769,0,0.018743,0,0.18497
2452,2025/26,13,Arka Gdynia,Piast Gliwice,17.0,13.0,30.0,13.8533,12.8233,26.6766,0.009512,1,3928.8296,0.4814,0.4922,0.1751,0.3304,0.2884,0.0,0.0,0.0,0.0,0.0,1e-06,3e-06,1.1e-05,3.5e-05,9.4e-05,0.000233,0.000525,0.00109,0.002099,0.003768,0.006342,0.010051,0.015061,0.021408,0.028956,0.037369,0.046131,0.054595,0.062071,0.067921,0.071656,0.073,0.071919,0.068614,0.063469,0.056992,0.049733,0.042217,0.034895,0.02811,0.022089,0.016944,0.012698,0.009303,0.006668,0.004678,0.003215,0.002166,0.001431,0.000927,0.00059,0.000921,0.985799,0.014201,1,0.014302,0.975748,0.024252,1,0.024551,0.960687,0.039313,1,0.040107,0.939279,0.060721,1,0.062643,0.910323,0.089677,1,0.093956,0.872954,0.127046,1,0.135873,0.826823,0.173177,1,0.190165,0.772228,0.227772,1,0.258476,0.710157,0.289843,1,0.34227,0.642235,0.357765,1,0.4428,0.570579,0.429421,1,0.561103,0.497579,0.502421,1,0.698001,0.42566,0.57434,1,0.854115,0.357046,0.642954,1,1.02989,0.293577,0.706423,1,1.225616,0.236584,0.763416,0,0.269953,0.186852,0.813148,0,0.206842,0.144635,0.855365,0,0.156227,0.10974,0.89026,0,0.116242,2e-06,2.7e-05,0.000169,0.000701,0.002207,0.005608,0.011985,0.022153,0.036151,0.052908,0.070306,0.085675,0.096535,0.101269,0.099489,0.091997,0.080422,0.066718,0.052706,0.039768,0.028738,0.019937,0.013308,0.021061,6e-06,6.4e-05,0.000367,0.001424,0.004184,0.009928,0.019812,0.034193,0.052103,0.071201,0.088344,0.100523,0.105759,0.103593,0.095028,0.082049,0.066972,0.051878,0.038267,0.02696,0.018191,0.011784,0.007345,0.009979,0.996735,0.003265,0.991127,0.008873,0.979142,0.020858,0.95699,0.04301,0.920839,0.079161,0.86793,0.13207,0.797624,0.202376,0.711949,0.288051,0.615414,0.384586,0.514145,0.485855,0.414655,0.585345,0.322658,0.677342,0.242237,0.757763,0.175519,0.824481,0.122813,0.877187,0.993912,0.006088,0.983983,0.016017,0.964172,0.035828,0.929978,0.070022,0.877875,0.122125,0.806674,0.193326,0.718329,0.281671,0.617807,0.382193,0.512048,0.487952,0.408454,0.591546,0.313426,0.686574,0.231377,0.768623,0.164405,0.835595,0.112526,0.887474,0.074259,0.925741,1,0.00327,1,0.006107,1,0.008913,1,0.016147,1,0.021079,1,0.036486,1,0.043962,1,0.072594,1,0.08247,1,0.130251,1,0.141644,1,0.214836,1,0.226118,1,0.330828,1,0.339749,1,0.481579,1,0.48546,1,0.669337,1,0.66525,0,0.525016,1,0.880308,0,0.376041,1,1.131162,0,0.263155,1,1.417839,0,0.179611,0,0.193001,0,0.119376,0,0.131035,0,0.077161
2453,2025/26,13,Bruk-Bet Termalica Nieciecza,Zagłębie Lubin,9.0,12.0,21.0,11.654,12.5843,24.2383,0.009512,1,3928.8296,0.4814,0.4922,0.1751,0.3304,0.2884,0.0,0.0,0.0,0.0,1e-06,5e-06,1.7e-05,5.5e-05,0.000154,0.000385,0.000872,0.001804,0.003439,0.006076,0.010015,0.015476,0.02252,0.030979,0.040427,0.050199,0.059476,0.067405,0.073236,0.076441,0.076792,0.074377,0.069563,0.062917,0.055107,0.046799,0.038579,0.030907,0.024086,0.018277,0.013517,0.009751,0.006867,0.004725,0.003178,0.002091,0.001347,0.00085,0.000526,0.000319,0.00019,0.000111,0.000142,0.961701,0.038299,1,0.039052,0.939181,0.060819,1,0.062747,0.908201,0.091799,1,0.096289,0.867775,0.132225,1,0.141823,0.817576,0.182424,1,0.201411,0.7581,0.2419,1,0.27694,0.690695,0.309305,0,1.173428,0.617459,0.382541,0,0.960919,0.541018,0.458982,0,0.778743,0.464225,0.535775,0,0.624041,0.389848,0.610152,0,0.494048,0.320285,0.679715,0,0.386082,0.257368,0.742632,0,0.297555,0.202261,0.797739,0,0.225974,0.155462,0.844538,0,0.168966,0.116883,0.883117,0,0.124298,0.085976,0.914024,0,0.089899,0.06189,0.93811,0,0.063888,0.043613,0.956387,0,0.044592,1.6e-05,0.000166,0.000881,0.003138,0.008466,0.01844,0.033776,0.053509,0.074843,0.093881,0.106923,0.111675,0.107848,0.096968,0.081649,0.06471,0.048484,0.034474,0.023342,0.015095,0.009349,0.005559,0.00318,0.003619,7e-06,7.7e-05,0.000439,0.001676,0.004842,0.011299,0.022171,0.037629,0.056383,0.075768,0.092446,0.103438,0.107015,0.103079,0.092983,0.078946,0.063367,0.048269,0.035012,0.024256,0.016094,0.010252,0.006284,0.008237,0.987324,0.012676,0.968884,0.031116,0.935109,0.064891,0.8816,0.1184,0.806757,0.193243,0.712876,0.287124,0.605953,0.394047,0.494278,0.505722,0.38643,0.61357,0.289462,0.710538,0.207813,0.792187,0.143102,0.856898,0.094619,0.905381,0.060145,0.939855,0.036803,0.963197,0.992926,0.007074,0.981628,0.018372,0.959457,0.040543,0.921828,0.078172,0.865445,0.134555,0.789676,0.210324,0.697231,0.302769,0.593793,0.406207,0.486778,0.513222,0.383699,0.616301,0.290716,0.709284,0.21177,0.78823,0.148403,0.851597,0.100135,0.899865,0.065123,0.934877,1,0.012757,1,0.007099,1,0.03161,1,0.018543,1,0.067092,1,0.041388,1,0.126017,1,0.081397,1,0.214733,1,0.144511,0,1.247841,1,0.236133,0,0.931285,1,0.360639,0,0.681768,1,0.521225,0,0.488461,0,0.667047,0,0.341733,0,0.48402,0,0.232958,0,0.343499,0,0.154436,0,0.237965,0,0.099399,0,0.160642,0,0.06203,0,0.105511,0,0.037497,0,0.06734
2454,2025/26,13,Legia Warszawa,Lech Poznań,16.0,13.0,29.0,13.2241,12.0057,25.2297,0.009512,1,3928.8296,0.4814,0.4922,0.1751,0.3304,0.2884,0.0,0.0,0.0,0.0,0.0,2e-06,9e-06,2.9e-05,8.4e-05,0.000219,0.000514,0.001103,0.002179,0.003991,0.006817,0.010919,0.016468,0.02348,0.031759,0.040875,0.050196,0.058964,0.066403,0.07184,0.074804,0.075096,0.0728,0.06825,0.061961,0.054541,0.046604,0.038699,0.031261,0.024589,0.018849,0.014095,0.010289,0.007337,0.005115,0.003489,0.00233,0.001524,0.000977,0.000614,0.000379,0.000229,0.000319,0.974133,0.025867,1,0.026207,0.957665,0.042335,1,0.043257,0.934185,0.065815,1,0.068081,0.902426,0.097574,1,0.102669,0.861551,0.138449,1,0.149021,0.811356,0.188644,1,0.209049,0.752392,0.247608,1,0.284498,0.685988,0.314012,1,0.376895,0.614149,0.385851,1,0.487518,0.539345,0.460655,1,0.6174,0.464249,0.535751,1,0.767335,0.391448,0.608552,1,0.937902,0.323198,0.676802,1,1.129489,0.261238,0.738762,1,1.342324,0.206697,0.793303,0,0.23155,0.160093,0.839907,0,0.174464,0.121394,0.878606,0,0.129419,0.090133,0.909867,0,0.094457,0.065545,0.934455,0,0.067792,4e-06,4.6e-05,0.000271,0.001082,0.003268,0.00797,0.016346,0.028994,0.045408,0.063775,0.081326,0.095106,0.102838,0.103529,0.097606,0.086615,0.072662,0.057848,0.043855,0.031755,0.022021,0.014661,0.009392,0.013545,1.2e-05,0.000125,0.000677,0.002479,0.006868,0.015364,0.028903,0.047031,0.067563,0.087045,0.101822,0.109229,0.108342,0.100051,0.086527,0.070433,0.054201,0.039583,0.027527,0.018284,0.011631,0.007103,0.004174,0.005012,0.995254,0.004746,0.987284,0.012716,0.970939,0.029061,0.941944,0.058056,0.896536,0.103464,0.832762,0.167238,0.751435,0.248565,0.656329,0.343671,0.553491,0.446509,0.449961,0.550039,0.352355,0.647645,0.26574,0.73426,0.193079,0.806921,0.13523,0.86477,0.091375,0.908625,0.989826,0.010174,0.974462,0.025538,0.945559,0.054441,0.898528,0.101472,0.830965,0.169035,0.74392,0.25608,0.642097,0.357903,0.532869,0.467131,0.424527,0.575473,0.324476,0.675524,0.237949,0.762051,0.167515,0.832485,0.113314,0.886686,0.073731,0.926269,0.046204,0.953796,1,0.004757,1,0.010226,1,0.012798,1,0.02587,1,0.029492,1,0.055979,1,0.059809,1,0.106997,1,0.109217,1,0.185168,1,0.183007,1,0.295822,1,0.285771,1,0.443016,1,0.421093,1,0.62948,1,0.59151,1,0.85678,1,0.798594,0,0.392267,1,1.043116,0,0.271742,1,1.325237,0,0.18334,0,0.21453,0,0.120264,0,0.145292,0,0.076591,0,0.095823,0,0.047305
2455,2025/26,13,Motor Lublin,Widzew Łódź,8.0,12.0,20.0,12.8273,11.5352,24.3625,0.009512,1,3928.8296,0.4814,0.4922,0.1751,0.3304,0.2884,0.0,0.0,0.0,0.0,1e-06,4e-06,1.6e-05,5.1e-05,0.000143,0.000359,0.000817,0.001699,0.003252,0.005772,0.009556,0.014834,0.021683,0.029964,0.039279,0.048996,0.058316,0.066392,0.072465,0.075983,0.076682,0.07461,0.070102,0.063696,0.056046,0.047815,0.039599,0.03187,0.024952,0.019022,0.014133,0.010243,0.007247,0.005009,0.003385,0.002238,0.001448,0.000918,0.00057,0.000347,0.000208,0.000122,0.000158,0.963498,0.036502,1,0.037185,0.941815,0.058185,1,0.059947,0.911851,0.088149,1,0.092279,0.872572,0.127428,1,0.13631,0.823576,0.176424,1,0.1941,0.76526,0.23474,0,1.449277,0.698868,0.301132,0,1.200206,0.626403,0.373597,0,0.984577,0.55042,0.44958,0,0.799441,0.473738,0.526262,0,0.641956,0.399128,0.600872,0,0.509373,0.329026,0.670974,0,0.399025,0.26533,0.73467,0,0.308334,0.209284,0.790716,0,0.234816,0.161469,0.838531,0,0.176103,0.12187,0.87813,0,0.12996,0.089999,0.910001,0,0.09431,0.065048,0.934952,0,0.06726,0.046025,0.953975,0,0.047118,6e-06,6.3e-05,0.000366,0.00142,0.004174,0.009907,0.019774,0.034138,0.052033,0.071126,0.088275,0.100472,0.105735,0.103598,0.095059,0.082099,0.067031,0.051939,0.038322,0.027007,0.018228,0.011811,0.007364,0.01001,1.8e-05,0.000183,0.000962,0.003397,0.009081,0.019597,0.035565,0.055827,0.077367,0.096156,0.108508,0.11229,0.107445,0.095718,0.079857,0.062708,0.046552,0.032796,0.022002,0.014098,0.008651,0.005097,0.002889,0.003228,0.993927,0.006073,0.98402,0.01598,0.964246,0.035754,0.930108,0.069892,0.878075,0.121925,0.806949,0.193051,0.718674,0.281326,0.618202,0.381798,0.512467,0.487533,0.408869,0.591131,0.31381,0.68619,0.231711,0.768289,0.16468,0.83532,0.112741,0.887259,0.074419,0.925581,0.986351,0.013649,0.966755,0.033245,0.931189,0.068811,0.875363,0.124637,0.797996,0.202004,0.70184,0.29816,0.593332,0.406668,0.481042,0.518958,0.373597,0.626403,0.277879,0.722121,0.198022,0.801978,0.135314,0.864686,0.088762,0.911238,0.055966,0.944034,0.033964,0.966036,1,0.006092,1,0.013743,1,0.016109,1,0.03381,1,0.036409,1,0.071293,1,0.072455,1,0.133117,0,2.104349,1,0.225652,0,1.644801,1,0.35405,0,1.268241,1,0.522001,0,0.962864,1,0.731801,0,0.718397,0,0.467761,0,0.525718,0,0.325563,0,0.376601,0,0.220674,0,0.263589,0,0.145389,0,0.17994,0,0.092951,0,0.119618,0,0.057593,0,0.077334,0,0.034554
2456,2025/26,13,Górnik Zabrze,Jagiellonia Białystok,8.0,6.0,14.0,12.3798,12.072,24.4518,0.009512,1,3928.8296,0.4814,0.4922,0.1751,0.3304,0.2884,0.0,0.0,0.0,0.0,1e-06,4e-06,1.5e-05,4.8e-05,0.000135,0.000341,0.000779,0.001624,0.00312,0.005557,0.009231,0.014378,0.021088,0.029239,0.038458,0.048133,0.05748,0.065658,0.071902,0.075642,0.07659,0.074766,0.070478,0.064248,0.056716,0.048544,0.040333,0.032565,0.025578,0.019562,0.014581,0.010601,0.007524,0.005217,0.003537,0.002345,0.001523,0.000968,0.000603,0.000369,0.000221,0.00013,0.00017,0.964769,0.035231,0,3.345824,0.943681,0.056319,0,2.876725,0.914442,0.085558,0,2.458561,0.875984,0.124016,0,2.087343,0.827851,0.172149,0,1.759395,0.770372,0.229628,0,1.471293,0.704713,0.295287,0,1.219809,0.632811,0.367189,0,1.001879,0.557169,0.442831,0,0.814567,0.48058,0.51942,0,0.655042,0.405814,0.594186,0,0.520562,0.335335,0.664665,0,0.408473,0.271087,0.728913,0,0.316201,0.214372,0.785628,0,0.241272,0.165828,0.834172,0,0.181316,0.125495,0.874505,0,0.134097,0.09293,0.90707,0,0.097535,0.067351,0.932649,0,0.069727,0.047789,0.952211,0,0.048969,8e-06,9.2e-05,0.000512,0.001925,0.005483,0.012607,0.024379,0.040774,0.060208,0.079732,0.095867,0.105708,0.107773,0.102299,0.090938,0.076088,0.060185,0.045178,0.032294,0.022048,0.014416,0.00905,0.005466,0.006947,1.1e-05,0.000118,0.000644,0.002371,0.0066,0.014839,0.028054,0.045874,0.066228,0.085748,0.100802,0.108669,0.108321,0.100527,0.087369,0.071472,0.055273,0.040565,0.02835,0.018924,0.012098,0.007425,0.004385,0.005319,0.991956,0.008044,0.979349,0.020651,0.95497,0.04503,0.914196,0.085804,0.853988,0.146012,0.774256,0.225744,0.678389,0.321611,0.572681,0.427319,0.464908,0.535092,0.362609,0.637391,0.271671,0.728329,0.195583,0.804417,0.135399,0.864601,0.090221,0.909779,0.057927,0.942073,0.99024,0.00976,0.975402,0.024598,0.947348,0.052652,0.901474,0.098526,0.835245,0.164755,0.749498,0.250502,0.648696,0.351304,0.540027,0.459973,0.431705,0.568295,0.331178,0.668822,0.243809,0.756191,0.172337,0.827663,0.117065,0.882935,0.076499,0.923501,0.048149,0.951851,1,0.008077,1,0.009808,1,0.020867,1,0.024906,1,0.046075,0,2.944051,1,0.08971,0,2.317435,0,1.924066,0,1.803296,0,1.488354,0,1.384288,0,1.134413,0,1.046103,0,0.850224,0,0.776587,0,0.625317,0,0.565115,0,0.450372,0,0.402237,0,0.317002,0,0.279461,0,0.217637,0,0.189149,0,0.145487,0,0.124504,0,0.094554,0,0.079583,0,0.059673,0,0.049347
2457,2025/26,13,Radomiak Radom,Wisła Płock,16.0,13.0,29.0,13.0693,11.9833,25.0527,0.009512,1,3928.8296,0.4814,0.4922,0.1751,0.3304,0.2884,0.0,0.0,0.0,0.0,1e-06,3e-06,1e-05,3.2e-05,9.4e-05,0.000242,0.000566,0.001206,0.002366,0.004307,0.007312,0.011637,0.017442,0.024713,0.033217,0.042484,0.051845,0.06052,0.067729,0.072815,0.075344,0.075165,0.07241,0.067458,0.060858,0.053233,0.045202,0.037299,0.02994,0.023402,0.017827,0.013246,0.009609,0.006809,0.004718,0.003197,0.002122,0.001379,0.000878,0.000549,0.000336,0.000202,0.000277,0.972225,0.027775,1,0.028168,0.954784,0.045216,1,0.04627,0.930071,0.069929,1,0.072495,0.896854,0.103146,1,0.108862,0.85437,0.14563,1,0.157391,0.802525,0.197475,1,0.219993,0.742004,0.257996,1,0.2984,0.674275,0.325725,1,0.394117,0.60146,0.39854,1,0.508394,0.526116,0.473884,1,0.642233,0.450951,0.549049,1,0.796396,0.378542,0.621458,1,0.971429,0.311084,0.688916,1,1.167693,0.250226,0.749774,1,1.38539,0.196993,0.803007,0,0.219391,0.151791,0.848209,0,0.164628,0.114492,0.885508,0,0.121594,0.084551,0.915449,0,0.088341,0.061149,0.938851,0,0.063099,4e-06,5.2e-05,0.000305,0.001203,0.003596,0.008679,0.017615,0.030921,0.047921,0.066603,0.084049,0.097267,0.10408,0.103688,0.096738,0.084951,0.070524,0.055562,0.041683,0.029868,0.020497,0.013504,0.008561,0.012066,1.2e-05,0.000127,0.000689,0.002516,0.006961,0.015545,0.029195,0.047426,0.068017,0.087483,0.102163,0.109411,0.108341,0.099882,0.086236,0.07008,0.053838,0.039252,0.027251,0.01807,0.011476,0.006997,0.004105,0.004912,0.994778,0.005222,0.986098,0.013902,0.968483,0.031517,0.937562,0.062438,0.889641,0.110359,0.823038,0.176962,0.738989,0.261011,0.641722,0.358278,0.537642,0.462358,0.433954,0.566046,0.337215,0.662785,0.252265,0.747735,0.181741,0.818259,0.126179,0.873821,0.084496,0.915504,0.989682,0.010318,0.974137,0.025863,0.944942,0.055058,0.897516,0.102484,0.829498,0.170502,0.742015,0.257985,0.639852,0.360148,0.530441,0.469559,0.4221,0.5779,0.322218,0.677782,0.235981,0.764019,0.165902,0.834098,0.112063,0.887937,0.072811,0.927189,0.04556,0.95444,1,0.005236,1,0.010372,1,0.014,1,0.026203,1,0.032024,1,0.056632,1,0.064472,1,0.108124,1,0.116937,1,0.186935,1,0.194753,1,0.298386,1,0.302472,1,0.446518,1,0.4436,1,0.634047,1,0.620562,1,0.862513,1,0.834817,0,0.38893,1,1.087035,0,0.269163,1,1.377275,0,0.181404,0,0.200576,0,0.118854,0,0.13488,0,0.075598,0,0.088281,0,0.04663
2458,2025/26,13,Pogoń Szczecin,Cracovia,10.0,13.0,23.0,12.2703,12.5701,24.8404,0.009512,1,3928.8296,0.4814,0.4922,0.1751,0.3304,0.2884,0.0,0.0,0.0,0.0,1e-06,3e-06,1.1e-05,3.7e-05,0.000107,0.000273,0.000633,0.00134,0.00261,0.004714,0.007943,0.012548,0.018666,0.026248,0.035015,0.044447,0.053832,0.062366,0.069267,0.073906,0.075895,0.075141,0.071838,0.066419,0.059465,0.05162,0.043499,0.035621,0.028376,0.02201,0.016639,0.012269,0.008832,0.006211,0.00427,0.002872,0.001891,0.00122,0.000771,0.000478,0.000291,0.000173,0.000234,0.969779,0.030221,1,0.030687,0.951114,0.048886,1,0.050122,0.924865,0.075135,1,0.078107,0.88985,0.11015,1,0.116703,0.845403,0.154597,1,0.167942,0.791571,0.208429,1,0.233736,0.729206,0.270794,1,0.3158,0.659938,0.340062,1,0.415609,0.586033,0.413967,0,0.881968,0.510138,0.489862,0,0.713631,0.434997,0.565003,0,0.570924,0.363158,0.636842,0,0.451234,0.29674,0.70326,0,0.352028,0.237275,0.762725,0,0.270857,0.185654,0.814346,0,0.20537,0.142155,0.857845,0,0.153332,0.106535,0.893465,0,0.112648,0.078159,0.921841,0,0.081383,0.056149,0.943851,0,0.057787,9e-06,0.0001,0.000556,0.002073,0.005858,0.013363,0.025636,0.042538,0.062315,0.081868,0.097656,0.106827,0.108052,0.101752,0.089735,0.074486,0.058451,0.043529,0.030869,0.020908,0.013563,0.008446,0.005061,0.006327,7e-06,7.8e-05,0.000444,0.001692,0.004884,0.011385,0.022319,0.037841,0.056644,0.076042,0.092686,0.103603,0.107077,0.103035,0.092849,0.078754,0.063149,0.048054,0.034821,0.0241,0.015974,0.010165,0.006224,0.008141,0.991383,0.008617,0.978019,0.021981,0.952383,0.047617,0.909845,0.090155,0.84753,0.15247,0.765662,0.234338,0.668006,0.331994,0.561179,0.438821,0.453127,0.546873,0.351376,0.648624,0.261641,0.738359,0.187155,0.812845,0.128704,0.871296,0.085174,0.914826,0.054306,0.945694,0.992863,0.007137,0.981478,0.018522,0.959159,0.040841,0.921318,0.078682,0.864674,0.135326,0.788632,0.211368,0.695946,0.304054,0.592343,0.407657,0.485266,0.514734,0.382231,0.617769,0.289382,0.710618,0.210628,0.789372,0.147479,0.852521,0.099426,0.900574,0.064605,0.935395,1,0.008654,1,0.007163,1,0.022226,1,0.018696,1,0.048788,1,0.041698,1,0.094481,1,0.08195,1,0.165429,1,0.145403,1,0.267014,1,0.237455,0,1.102638,1,0.362483,0,0.823664,1,0.523669,0,0.603539,1,0.723058,0,0.432902,0,0.481641,0,0.303325,0,0.34162,0,0.207215,0,0.236518,0,0.137774,0,0.159557,0,0.089021,0,0.104723,0,0.055836,0,0.066786
2459,2025/26,13,GKS Katowice,Korona Kielce,16.0,8.0,24.0,12.1434,12.5019,24.6453,0.009512,1,3928.8296,0.4814,0.4922,0.1751,0.3304,0.2884,0.0,0.0,0.0,0.0,1e-06,3e-06,1.3e-05,4.2e-05,0.00012,0.000305,0.000703,0.001476,0.002855,0.005122,0.008569,0.013441,0.019854,0.027723,0.036722,0.046285,0.055664,0.064035,0.070621,0.07482,0.076294,0.075004,0.071204,0.065369,0.058114,0.050093,0.041915,0.034082,0.026959,0.020764,0.015587,0.011413,0.008157,0.005696,0.003889,0.002597,0.001698,0.001087,0.000683,0.00042,0.000254,0.00015,0.000199,0.967349,0.032651,1,0.033196,0.947495,0.052505,1,0.053933,0.919773,0.080227,1,0.083629,0.883051,0.116949,1,0.124372,0.836766,0.163234,1,0.178211,0.781102,0.218898,1,0.247049,0.717068,0.282932,1,0.332585,0.646447,0.353553,1,0.436264,0.571627,0.428373,1,0.559269,0.495333,0.504667,0,0.683857,0.420329,0.579671,0,0.545294,0.349125,0.650875,0,0.429438,0.283756,0.716244,0,0.333735,0.225643,0.774357,0,0.255722,0.17555,0.82445,0,0.193039,0.133636,0.866364,0,0.14345,0.099553,0.900447,0,0.104864,0.072594,0.927406,0,0.075364,0.05183,0.94817,0,0.053221,1e-05,0.000111,0.000611,0.002259,0.006323,0.014291,0.027162,0.044652,0.064805,0.08435,0.099684,0.108035,0.10826,0.101003,0.088248,0.072573,0.056422,0.041629,0.029247,0.019626,0.012613,0.007782,0.00462,0.005666,7e-06,8.3e-05,0.000467,0.001772,0.005091,0.01181,0.023039,0.038873,0.057907,0.07736,0.093836,0.104379,0.107357,0.102803,0.092191,0.077816,0.062094,0.047022,0.033908,0.023354,0.015405,0.009756,0.005944,0.007696,0.990668,0.009332,0.976377,0.023623,0.949214,0.050786,0.904563,0.095437,0.839758,0.160242,0.755408,0.244592,0.655723,0.344277,0.547689,0.452311,0.439429,0.560571,0.338426,0.661574,0.250178,0.749822,0.177605,0.822395,0.121183,0.878817,0.079554,0.920446,0.050307,0.949693,0.99255,0.00745,0.98074,0.01926,0.957701,0.042299,0.918828,0.081172,0.860921,0.139079,0.783561,0.216439,0.689725,0.310275,0.585346,0.414654,0.477989,0.522011,0.375187,0.624813,0.282996,0.717004,0.20518,0.79482,0.143086,0.856914,0.096063,0.903937,0.062155,0.937845,1,0.009376,1,0.007478,1,0.023906,1,0.019448,1,0.052121,1,0.04322,1,0.100303,1,0.084656,1,0.174642,0,1.972713,1,0.280497,0,1.530447,1,0.422017,0,1.170296,1,0.602048,0,0.880311,1,0.822279,0,0.650067,1,1.08345,0,0.470303,1,1.385583,0,0.332674,1,1.728193,0,0.22964,0,0.129179,0,0.154418,0,0.082897,0,0.100996,0,0.051617,0,0.064171
2460,2025/26,13,Raków Częstochowa,Lechia Gdańsk,3.0,17.0,20.0,11.2817,12.6533,23.935,0.009512,1,3928.8296,0.4814,0.4922,0.1751,0.3304,0.2884,0.0,0.0,0.0,0.0,1e-06,6e-06,2.1e-05,6.6e-05,0.000184,0.000457,0.001023,0.002093,0.003944,0.00689,0.011227,0.017153,0.024678,0.033565,0.043306,0.053168,0.062284,0.069793,0.074977,0.077379,0.07686,0.073606,0.068069,0.060876,0.052721,0.044271,0.036087,0.028586,0.022028,0.016529,0.012088,0.008623,0.006005,0.004085,0.002717,0.001768,0.001126,0.000703,0.00043,0.000258,0.000152,8.8e-05,0.00011,0.956935,0.043065,1,0.04402,0.932257,0.067743,1,0.070147,0.898692,0.101308,1,0.106815,0.855385,0.144615,1,0.156203,0.802217,0.197783,1,0.220376,0.739933,0.260067,0,1.346816,0.67014,0.32986,0,1.109086,0.595163,0.404837,0,0.90427,0.517784,0.482216,0,0.729363,0.440924,0.559076,0,0.581469,0.367317,0.632683,0,0.457786,0.299248,0.700752,0,0.355601,0.238372,0.761628,0,0.272297,0.185651,0.814349,0,0.205366,0.141381,0.858619,0,0.15243,0.105294,0.894706,0,0.11126,0.076708,0.923292,0,0.07981,0.054679,0.945321,0,0.056231,0.03815,0.96185,0,0.038897,2.2e-05,0.000226,0.001162,0.004021,0.010535,0.022283,0.039637,0.060984,0.082837,0.100911,0.111614,0.113212,0.106177,0.092712,0.075813,0.058352,0.042458,0.029319,0.019278,0.012108,0.007283,0.004205,0.002337,0.00251,6e-06,7.3e-05,0.000417,0.001599,0.004643,0.010886,0.021466,0.036611,0.055126,0.074441,0.091271,0.102624,0.106692,0.103271,0.093612,0.079869,0.064422,0.049312,0.035944,0.025024,0.016685,0.01068,0.006578,0.008712,0.984029,0.015971,0.961746,0.038254,0.922109,0.077891,0.861125,0.138875,0.778288,0.221712,0.677376,0.322624,0.565763,0.434237,0.452551,0.547449,0.346374,0.653626,0.253662,0.746338,0.177849,0.822151,0.119497,0.880503,0.077039,0.922961,0.04772,0.95228,0.028442,0.971558,0.993227,0.006773,0.98234,0.01766,0.960874,0.039126,0.924264,0.075736,0.869137,0.130863,0.794696,0.205304,0.703425,0.296575,0.600801,0.399199,0.494109,0.505891,0.390838,0.609162,0.297226,0.702774,0.217357,0.782643,0.152935,0.847065,0.103623,0.896377,0.067679,0.932321,0,4.136981,1,0.006796,0,3.263507,1,0.017818,0,2.552445,1,0.039912,0,1.974181,1,0.078758,0,1.506376,1,0.140255,0,1.131268,1,0.229796,0,0.834165,1,0.351794,0,0.602486,1,0.509492,0,0.42522,1,0.704999,0,0.292577,1,0.939462,0,0.195831,1,1.213262,0,0.127262,1,1.526214,0,0.080168,1,1.877742,0,0.048896,0,0.109394,0,0.028854,0,0.070078
2461,2025/26,14,Wisła Płock,Pogoń Szczecin,5.0,7.0,12.0,10.8138,12.0433,22.8572,0.010025,1,3978.6244,0.419,0.4305,0.1843,0.344,0.2894,0.0,0.0,0.0,1e-06,3e-06,1.3e-05,4.5e-05,0.000134,0.000357,0.000846,0.001812,0.003547,0.006394,0.010693,0.016681,0.024404,0.033628,0.043817,0.054171,0.063741,0.07158,0.076906,0.079234,0.078437,0.07475,0.068695,0.060975,0.05235,0.043533,0.035108,0.02749,0.020922,0.015493,0.011173,0.007855,0.005388,0.003608,0.002361,0.001511,0.000946,0.00058,0.000348,0.000205,0.000118,6.7e-05,3.7e-05,4.3e-05,0.935071,0.064929,0,2.734458,0.901442,0.098558,0,2.317115,0.857626,0.142374,0,1.949296,0.803455,0.196545,0,1.626862,0.739714,0.260286,0,1.345973,0.668134,0.331866,0,1.103023,0.591227,0.408773,0,0.894596,0.511994,0.488006,0,0.717427,0.433556,0.566444,0,0.568378,0.358806,0.641194,0,0.444423,0.290111,0.709889,0,0.342647,0.229136,0.770864,0,0.260243,0.176786,0.823214,0,0.194539,0.133252,0.866748,0,0.143007,0.098145,0.901855,0,0.103301,0.070655,0.929345,0,0.073275,0.049733,0.950267,0,0.051013,0.034241,0.965759,0,0.034841,0.023067,0.976933,0,0.023337,3.5e-05,0.000339,0.001671,0.005544,0.013928,0.028267,0.048266,0.071317,0.093076,0.108988,0.115924,0.113123,0.102112,0.085851,0.067624,0.050156,0.035182,0.023429,0.014863,0.009009,0.005232,0.002918,0.001566,0.001577,1.2e-05,0.000124,0.000673,0.002458,0.006803,0.015206,0.028599,0.046544,0.066907,0.086293,0.101096,0.108661,0.108036,0.100046,0.0868,0.07091,0.054786,0.040186,0.028079,0.018747,0.011991,0.007366,0.004355,0.005305,0.978481,0.021519,0.950214,0.049786,0.901947,0.098053,0.83063,0.16937,0.737554,0.262446,0.628567,0.371433,0.512643,0.487357,0.399521,0.600479,0.297409,0.702591,0.211557,0.788443,0.143934,0.856066,0.093777,0.906223,0.058595,0.941405,0.035166,0.964834,0.020302,0.979698,0.989915,0.010085,0.974709,0.025291,0.94611,0.05389,0.899566,0.100434,0.832659,0.167341,0.746366,0.253634,0.64527,0.35473,0.536609,0.463391,0.428573,0.571427,0.328526,0.671474,0.241726,0.758274,0.170816,0.829184,0.11603,0.88397,0.075844,0.924156,0.047764,0.952236,1,0.021754,1,0.010136,0,3.000021,1,0.025616,0,2.322247,1,0.055396,0,1.77567,0,2.298254,0,1.33771,0,1.787722,0,0.990387,0,1.371863,0,0.718758,0,1.036398,0,0.510028,0,0.769184,0,0.35298,0,0.559619,0,0.237695,0,0.39828,0,0.155408,0,0.27671,0,0.09847,0,0.187313,0,0.060382,0,0.123332,0,0.035799,0,0.078874,0,0.020511,0,0.048942
2462,2025/26,14,Bruk-Bet Termalica Nieciecza,GKS Katowice,13.0,18.0,31.0,10.8003,12.1135,22.9138,0.010025,1,3978.6244,0.419,0.4305,0.1843,0.344,0.2894,0.0,0.0,0.0,1e-06,3e-06,1.2e-05,4.3e-05,0.00013,0.000345,0.00082,0.001761,0.003455,0.006242,0.010461,0.016357,0.023982,0.03312,0.043249,0.053587,0.063194,0.071123,0.076584,0.079077,0.078456,0.074934,0.069017,0.061397,0.05283,0.04403,0.035587,0.027927,0.021302,0.01581,0.011427,0.008052,0.005535,0.003715,0.002436,0.001562,0.00098,0.000602,0.000363,0.000214,0.000124,7e-05,3.9e-05,4.6e-05,0.936388,0.063612,1,0.065726,0.903268,0.096732,1,0.101736,0.860019,0.139981,1,0.150801,0.806432,0.193568,1,0.215136,0.743238,0.256762,1,0.296739,0.672115,0.327885,1,0.397326,0.595531,0.404469,1,0.518302,0.516454,0.483546,1,0.660769,0.437998,0.562002,1,0.82554,0.363065,0.636935,1,1.013175,0.294048,0.705952,1,1.224013,0.232651,0.767349,1,1.458215,0.179821,0.820179,1,1.715791,0.135792,0.864208,1,1.996633,0.100205,0.899795,1,2.300541,0.072277,0.927723,1,2.627243,0.050975,0.949025,0,0.052321,0.035166,0.964834,0,0.035799,0.023738,0.976262,0,0.024025,3.5e-05,0.000343,0.001688,0.005593,0.014035,0.028452,0.048529,0.071624,0.093371,0.10921,0.116029,0.113098,0.101975,0.085639,0.067381,0.04992,0.034977,0.023266,0.014743,0.008926,0.005178,0.002885,0.001547,0.001554,1.1e-05,0.000117,0.000639,0.002345,0.006524,0.014658,0.027712,0.045334,0.065507,0.084927,0.100013,0.108056,0.107992,0.100526,0.087669,0.071993,0.055912,0.041224,0.028955,0.019432,0.012494,0.007715,0.004585,0.005645,0.978304,0.021696,0.949851,0.050149,0.901322,0.098678,0.829699,0.170301,0.736328,0.263672,0.627118,0.372882,0.511089,0.488911,0.397991,0.602009,0.296016,0.703984,0.210377,0.789623,0.142996,0.857004,0.093076,0.906924,0.058099,0.941901,0.034833,0.965167,0.02009,0.97991,0.990347,0.009653,0.975689,0.024311,0.947977,0.052023,0.902643,0.097357,0.837136,0.162864,0.752209,0.247791,0.652196,0.347804,0.544141,0.455859,0.436149,0.563851,0.335623,0.664377,0.247954,0.752046,0.175961,0.824039,0.12005,0.87995,0.078825,0.921175,0.04987,0.95013,1,0.021935,1,0.0097,1,0.05145,1,0.024611,1,0.103893,1,0.053425,1,0.186692,1,0.102428,1,0.30608,1,0.177769,1,0.466621,1,0.284741,1,0.671212,1,0.42741,1,0.921326,1,0.608547,1,1.217342,1,0.829771,0,0.2362,1,1.091767,0,0.154313,1,1.394512,0,0.097697,1,1.737493,0,0.059855,1,2.119847,0,0.035454,1,2.540525,0,0.020295,0,0.051156
2463,2025/26,14,Lechia Gdańsk,Radomiak Radom,11.0,12.0,23.0,11.6266,13.2377,24.8642,0.010025,1,3978.6244,0.419,0.4305,0.1843,0.344,0.2894,0.0,0.0,0.0,0.0,1e-06,3e-06,1.2e-05,3.8e-05,0.000109,0.000277,0.00064,0.001351,0.002626,0.004734,0.007962,0.012556,0.018651,0.026198,0.034915,0.044288,0.053615,0.0621,0.068971,0.073606,0.075621,0.074919,0.07169,0.066354,0.059486,0.051718,0.043657,0.035821,0.028597,0.022235,0.016852,0.012461,0.008997,0.006347,0.004379,0.002956,0.001953,0.001265,0.000803,0.0005,0.000305,0.000183,0.000249,0.969691,0.030309,1,0.030778,0.95104,0.04896,1,0.050199,0.924842,0.075158,1,0.078132,0.889927,0.110073,1,0.116616,0.845639,0.154361,1,0.167663,0.792024,0.207976,1,0.233164,0.729924,0.270076,1,0.314815,0.660953,0.339047,1,0.414073,0.587347,0.412653,0,0.885148,0.511726,0.488274,0,0.716879,0.436807,0.563193,0,0.574133,0.365118,0.634882,0,0.454315,0.298763,0.701237,0,0.35491,0.239278,0.760722,0,0.273487,0.18756,0.81244,0,0.207713,0.143903,0.856097,0,0.155371,0.108082,0.891918,0,0.114381,0.079485,0.920515,0,0.082822,0.05725,0.94275,0,0.058955,1.7e-05,0.000174,0.000917,0.003246,0.008705,0.018856,0.034364,0.054193,0.075488,0.094344,0.107103,0.111551,0.107471,0.09644,0.081078,0.064183,0.048052,0.034154,0.023125,0.014961,0.009273,0.00552,0.003163,0.003614,4e-06,4.7e-05,0.000276,0.001095,0.003297,0.008015,0.016394,0.029016,0.045363,0.063629,0.081071,0.094767,0.102471,0.103202,0.097377,0.086517,0.072696,0.057992,0.044069,0.031998,0.022259,0.014871,0.009563,0.013932,0.986932,0.013068,0.968077,0.031923,0.933713,0.066287,0.87952,0.12048,0.804032,0.195968,0.709688,0.290312,0.602585,0.397415,0.491035,0.508965,0.383563,0.616437,0.287123,0.712877,0.206045,0.793955,0.141862,0.858138,0.09381,0.90619,0.059656,0.940344,0.03653,0.96347,0.995201,0.004799,0.987186,0.012814,0.970793,0.029207,0.941776,0.058224,0.896414,0.103586,0.832785,0.167215,0.751714,0.248286,0.656947,0.343053,0.554476,0.445524,0.451274,0.548726,0.353896,0.646104,0.26738,0.73262,0.194683,0.805317,0.136692,0.863308,0.092623,0.907377,1,0.013154,1,0.004811,1,0.032444,1,0.012897,1,0.068586,1,0.029642,1,0.128379,1,0.059988,1,0.218116,1,0.109353,1,0.34293,1,0.18298,1,0.506527,1,0.285399,0,0.675376,1,0.420152,0,0.483799,0,0.808504,0,0.338446,0,0.600156,0,0.230728,0,0.436795,0,0.15299,0,0.311128,0,0.098506,0,0.216519,0,0.06151,0,0.146984,0,0.037214,0,0.097197
2464,2025/26,14,Górnik Zabrze,Arka Gdynia,9.0,10.0,19.0,11.6537,12.5968,24.2505,0.010025,1,3978.6244,0.419,0.4305,0.1843,0.344,0.2894,0.0,0.0,0.0,0.0,1e-06,5e-06,1.8e-05,5.6e-05,0.000157,0.000391,0.000884,0.001825,0.00347,0.006118,0.010064,0.015524,0.022555,0.030986,0.040392,0.050112,0.059334,0.067215,0.073013,0.076208,0.076572,0.074193,0.069433,0.062851,0.055104,0.046853,0.038679,0.031036,0.02423,0.018424,0.013655,0.009874,0.006971,0.00481,0.003244,0.002142,0.001384,0.000876,0.000544,0.000331,0.000198,0.000116,0.00015,0.961488,0.038512,1,0.039274,0.938933,0.061067,1,0.063011,0.907946,0.092054,1,0.09657,0.867554,0.132446,1,0.142077,0.817442,0.182558,0,1.70069,0.758108,0.241892,0,1.419264,0.690893,0.309107,0,1.174067,0.617879,0.382121,0,0.962019,0.541672,0.458328,0,0.78017,0.465099,0.534901,0,0.625674,0.390906,0.609094,0,0.495782,0.321473,0.678527,0,0.38783,0.258622,0.741378,0,0.299244,0.203517,0.796483,0,0.22755,0.156664,0.843336,0,0.17039,0.117986,0.882014,0,0.125547,0.08695,0.91305,0,0.090964,0.062719,0.937281,0,0.064773,0.044296,0.955704,0,0.045307,1.6e-05,0.000171,0.000899,0.003188,0.008567,0.018596,0.033962,0.053671,0.074918,0.093826,0.106737,0.111402,0.107552,0.096714,0.081478,0.064634,0.048491,0.034538,0.023434,0.015192,0.009436,0.005629,0.003232,0.003709,7e-06,7.9e-05,0.000445,0.001693,0.004877,0.011348,0.022213,0.037627,0.056295,0.075569,0.092146,0.103083,0.106672,0.102814,0.092841,0.078941,0.063479,0.048462,0.035244,0.02449,0.016304,0.010424,0.006415,0.008495,0.98715,0.01285,0.968554,0.031446,0.934591,0.065409,0.88092,0.11908,0.806003,0.193997,0.712177,0.287823,0.60544,0.39456,0.494038,0.505962,0.386486,0.613514,0.289772,0.710228,0.208294,0.791706,0.14366,0.85634,0.095169,0.904831,0.060631,0.939369,0.037197,0.962803,0.992863,0.007137,0.981515,0.018485,0.959302,0.040698,0.921675,0.078325,0.86538,0.13462,0.789811,0.210189,0.697665,0.302335,0.594582,0.405418,0.48791,0.51209,0.385096,0.614904,0.292255,0.707745,0.213315,0.786685,0.149835,0.850165,0.101373,0.898627,0.066129,0.933871,1,0.012933,1,0.007163,1,0.031951,1,0.018658,1,0.067646,1,0.041549,1,0.126788,1,0.081563,1,0.215668,1,0.144587,0,1.24541,1,0.235962,0,0.929984,0,1.19622,0,0.681294,0,0.902837,0,0.488552,0,0.669255,0,0.342169,0,0.486289,0,0.233565,0,0.345671,0,0.155088,0,0.239927,0,0.100007,0,0.162325,0,0.062547,0,0.106887,0,0.037906,0,0.068417
2465,2025/26,14,Cracovia,Zagłębie Lubin,11.0,11.0,22.0,11.9162,13.2396,25.1558,0.010025,1,3978.6244,0.419,0.4305,0.1843,0.344,0.2894,0.0,0.0,0.0,0.0,1e-06,3e-06,1e-05,3.1e-05,9.1e-05,0.000235,0.000548,0.001168,0.002294,0.004179,0.007102,0.011317,0.016987,0.024109,0.032468,0.041614,0.050904,0.059575,0.066858,0.072095,0.07484,0.074917,0.072434,0.067741,0.061361,0.053902,0.045974,0.038113,0.030743,0.024151,0.018494,0.013817,0.010079,0.007184,0.005007,0.003415,0.00228,0.001492,0.000957,0.000602,0.000371,0.000225,0.000314,0.973022,0.026978,1,0.027348,0.956035,0.043965,1,0.04496,0.931926,0.068074,1,0.070502,0.899458,0.100542,1,0.105963,0.857844,0.142156,1,0.153333,0.806939,0.193061,1,0.214507,0.747364,0.252636,1,0.291203,0.680506,0.319494,0,1.141018,0.608412,0.391588,0,0.937544,0.533572,0.466428,0,0.762652,0.458655,0.541345,0,0.613698,0.38622,0.61378,0,0.488119,0.31848,0.68152,0,0.383429,0.257119,0.742881,0,0.297219,0.203217,0.796783,0,0.227173,0.157243,0.842757,0,0.171077,0.11913,0.88087,0,0.126845,0.088388,0.911612,0,0.09254,0.064237,0.935763,0,0.066393,1.3e-05,0.000138,0.000739,0.002676,0.007337,0.016245,0.030266,0.048792,0.069477,0.088763,0.10301,0.109674,0.108015,0.099084,0.085155,0.06891,0.052739,0.03832,0.026523,0.017541,0.011114,0.006763,0.003961,0.004732,4e-06,4.7e-05,0.000275,0.001094,0.003293,0.008006,0.016379,0.028993,0.045333,0.063595,0.081038,0.09474,0.102455,0.103199,0.097387,0.086536,0.072722,0.058019,0.044095,0.032021,0.022278,0.014886,0.009574,0.013951,0.989084,0.010916,0.972838,0.027162,0.942573,0.057427,0.893781,0.106219,0.824304,0.175696,0.735541,0.264459,0.632531,0.367469,0.522857,0.477143,0.414842,0.585158,0.315758,0.684242,0.230603,0.769397,0.161692,0.838308,0.108953,0.891047,0.070634,0.929366,0.044111,0.955889,0.995206,0.004794,0.9872,0.0128,0.970822,0.029178,0.941828,0.058172,0.896496,0.103504,0.832901,0.167099,0.751864,0.248136,0.657123,0.342877,0.554668,0.445332,0.451469,0.548531,0.354082,0.645918,0.267547,0.732453,0.194825,0.805175,0.136805,0.863195,0.09271,0.90729,1,0.010976,1,0.004806,1,0.027538,1,0.012883,1,0.059142,1,0.029612,1,0.112295,1,0.059933,1,0.193216,1,0.109261,1,0.307149,1,0.18284,1,0.458026,1,0.2852,0,0.739939,0,1.070383,0,0.535873,0,0.808935,0,0.379444,0,0.600511,0,0.262148,0,0.437083,0,0.17637,0,0.311356,0,0.115358,0,0.216696,0,0.073253,0,0.147115,0,0.045113,0,0.097293
2466,2025/26,14,Lech Poznań,Motor Lublin,10.0,15.0,25.0,11.4906,11.6195,23.1101,0.010025,1,3978.6244,0.419,0.4305,0.1843,0.344,0.2894,0.0,0.0,0.0,0.0,3e-06,1.1e-05,3.8e-05,0.000115,0.000307,0.000736,0.001593,0.003149,0.005734,0.009685,0.015261,0.022549,0.031383,0.0413,0.05157,0.061286,0.069508,0.075424,0.078479,0.078462,0.075515,0.070086,0.062825,0.054472,0.045744,0.037255,0.029458,0.02264,0.01693,0.01233,0.008753,0.006062,0.0041,0.002709,0.00175,0.001106,0.000685,0.000415,0.000247,0.000144,8.2e-05,4.6e-05,5.5e-05,0.940821,0.059179,1,0.061002,0.909438,0.090562,1,0.094928,0.868138,0.131862,1,0.141405,0.816568,0.183432,1,0.202645,0.755282,0.244718,1,0.280664,0.685774,0.314226,1,0.377208,0.61035,0.38965,1,0.493723,0.53187,0.46813,1,0.631355,0.453409,0.546591,1,0.790961,0.377894,0.622106,1,0.973142,0.307808,0.692192,0,0.367892,0.244983,0.755017,0,0.281016,0.190512,0.809488,0,0.211353,0.144767,0.855233,0,0.156382,0.107513,0.892487,0,0.113743,0.078055,0.921945,0,0.08127,0.055415,0.944585,0,0.057009,0.038484,0.961516,0,0.039245,0.026155,0.973845,0,0.026503,1.9e-05,0.000195,0.001014,0.003553,0.009427,0.020206,0.036438,0.056861,0.078375,0.096924,0.108877,0.112209,0.106972,0.094985,0.079017,0.061896,0.045854,0.03225,0.021607,0.013832,0.008483,0.004997,0.002833,0.00317,1.7e-05,0.000175,0.000922,0.003262,0.008741,0.018924,0.03447,0.05433,0.075638,0.094479,0.107198,0.111589,0.107449,0.096367,0.080973,0.064065,0.047937,0.034054,0.023045,0.0149,0.00923,0.005492,0.003145,0.00359,0.985785,0.014215,0.96558,0.03442,0.929141,0.070859,0.87228,0.12772,0.793906,0.206094,0.696982,0.303018,0.588105,0.411895,0.475895,0.524105,0.368923,0.631077,0.273938,0.726062,0.194921,0.805079,0.133025,0.866975,0.087171,0.912829,0.054922,0.945078,0.033315,0.966685,0.986875,0.013125,0.967951,0.032049,0.933481,0.066519,0.879151,0.120849,0.803513,0.196487,0.709034,0.290966,0.601836,0.398164,0.490247,0.509753,0.382798,0.617202,0.286431,0.713569,0.205458,0.794542,0.141393,0.858607,0.093456,0.906544,0.059402,0.940598,0.036357,0.963643,1,0.014317,1,0.013212,1,0.035026,1,0.032574,1,0.073495,1,0.068835,1,0.136645,1,0.128799,1,0.23079,1,0.218762,1,0.360996,1,0.343852,0,0.886987,1,0.50777,0,0.646063,1,0.712846,0,0.460327,1,0.960248,0,0.32012,1,1.250258,0,0.216815,1,1.582514,0,0.142745,0,0.152444,0,0.091207,0,0.098116,0,0.056488,0,0.061239,0,0.033883,0,0.037034
2467,2025/26,14,Jagiellonia Białystok,Raków Częstochowa,19.0,17.0,36.0,11.5587,12.3945,23.9532,0.010025,1,3978.6244,0.419,0.4305,0.1843,0.344,0.2894,0.0,0.0,0.0,0.0,1e-06,6e-06,2.1e-05,6.8e-05,0.000187,0.000462,0.001033,0.002108,0.003964,0.006913,0.011247,0.017159,0.024658,0.033505,0.043197,0.053006,0.062075,0.06955,0.074723,0.077138,0.076659,0.073465,0.067998,0.060878,0.05279,0.044394,0.036247,0.028766,0.022212,0.016704,0.012245,0.008758,0.006115,0.004173,0.002784,0.001817,0.001162,0.000728,0.000447,0.000269,0.000159,9.2e-05,0.000117,0.956832,0.043168,1,0.044128,0.932174,0.067826,1,0.070236,0.898669,0.101331,1,0.106841,0.855472,0.144528,1,0.156102,0.802465,0.197535,1,0.220066,0.740391,0.259609,1,0.300577,0.670841,0.329159,1,0.399223,0.596118,0.403882,1,0.517316,0.51898,0.48102,1,0.65589,0.442321,0.557679,1,0.81572,0.368856,0.631144,1,0.997349,0.300858,0.699142,1,1.201118,0.239979,0.760021,1,1.427202,0.187189,0.812811,1,1.675637,0.142795,0.857205,1,1.946345,0.106548,0.893452,1,2.239163,0.077781,0.922219,1,2.553854,0.055569,0.944431,1,2.890133,0.038865,0.961135,1,3.247673,1.8e-05,0.000184,0.000964,0.003396,0.009059,0.019519,0.035387,0.055515,0.076925,0.095636,0.108002,0.111898,0.107242,0.09573,0.08006,0.063046,0.046954,0.033199,0.022361,0.01439,0.008873,0.005254,0.002995,0.003387,8e-06,9.3e-05,0.000518,0.001941,0.005512,0.01264,0.024389,0.040722,0.060057,0.079467,0.095514,0.105325,0.107435,0.10207,0.090853,0.076146,0.060358,0.045421,0.032561,0.022302,0.014635,0.009224,0.005595,0.007187,0.986371,0.013629,0.966852,0.033148,0.931465,0.068535,0.87595,0.12405,0.799025,0.200975,0.703389,0.296611,0.595388,0.404612,0.48349,0.51651,0.376248,0.623752,0.280518,0.719482,0.200457,0.799543,0.137411,0.862589,0.090458,0.909542,0.057259,0.942741,0.034898,0.965102,0.991901,0.008099,0.979261,0.020739,0.954872,0.045128,0.91415,0.08585,0.854093,0.145907,0.774626,0.225374,0.679112,0.320888,0.573787,0.426213,0.466353,0.533647,0.364283,0.635717,0.27343,0.72657,0.197283,0.802717,0.136925,0.863075,0.091505,0.908495,0.058944,0.941056,1,0.013723,1,0.008132,1,0.03371,1,0.020957,1,0.070997,1,0.046178,1,0.132446,1,0.089761,1,0.224363,1,0.157715,1,0.351845,1,0.255375,1,0.518542,1,0.386969,1,0.726725,1,0.555497,1,0.977507,1,0.762812,1,1.271117,1,1.009824,1,1.607156,1,1.29671,1,1.984779,1,1.623116,1,2.40287,1,1.988322,1,2.86017,0,0.095966,1,3.355326,0,0.060753
2468,2025/26,14,Piast Gliwice,Korona Kielce,13.0,8.0,21.0,12.1225,11.7412,23.8637,0.010025,1,3978.6244,0.419,0.4305,0.1843,0.344,0.2894,0.0,0.0,0.0,0.0,1e-06,6e-06,2.3e-05,7.1e-05,0.000197,0.000485,0.001081,0.0022,0.004124,0.007168,0.011623,0.017675,0.025316,0.034285,0.044057,0.053882,0.062891,0.070231,0.075204,0.077377,0.07664,0.073201,0.067528,0.060255,0.052075,0.043646,0.035517,0.028092,0.021619,0.016203,0.011838,0.008438,0.005872,0.003993,0.002655,0.001728,0.0011,0.000687,0.00042,0.000252,0.000148,8.6e-05,0.000108,0.955344,0.044656,1,0.045684,0.930028,0.069972,1,0.07254,0.895743,0.104257,1,0.110102,0.851686,0.148314,1,0.160538,0.797804,0.202196,1,0.225893,0.734913,0.265087,1,0.308004,0.664682,0.335318,0,1.092675,0.589478,0.410522,0,0.890326,0.512102,0.487898,0,0.717648,0.435462,0.564538,0,0.571747,0.362261,0.637739,0,0.449826,0.294733,0.705267,0,0.349178,0.234478,0.765522,0,0.267197,0.182402,0.817598,0,0.201385,0.138756,0.861244,0,0.149378,0.103239,0.896761,0,0.108966,0.075147,0.924853,0,0.078121,0.053528,0.946472,0,0.055014,0.037325,0.962675,0,0.03804,1.1e-05,0.000116,0.000634,0.002331,0.006489,0.014589,0.0276,0.045181,0.065329,0.084751,0.099872,0.107976,0.107984,0.100584,0.087778,0.07213,0.056056,0.041358,0.029068,0.01952,0.012559,0.00776,0.004615,0.00569,1.5e-05,0.000159,0.000842,0.003008,0.008137,0.017781,0.032691,0.052009,0.073086,0.092147,0.105531,0.110883,0.10777,0.097561,0.082744,0.06608,0.049908,0.035786,0.024444,0.015953,0.009975,0.00599,0.003463,0.004027,0.990401,0.009599,0.975812,0.024188,0.948212,0.051788,0.903031,0.096969,0.837702,0.162298,0.752951,0.247049,0.653079,0.346921,0.545103,0.454897,0.437119,0.562881,0.336535,0.663465,0.248756,0.751244,0.176626,0.823374,0.120571,0.879429,0.079213,0.920787,0.050145,0.949855,0.987829,0.012171,0.970048,0.029952,0.937357,0.062643,0.885347,0.114653,0.812262,0.187738,0.720115,0.279885,0.614584,0.385416,0.503701,0.496299,0.395931,0.604069,0.29837,0.70163,0.215627,0.784373,0.149547,0.850453,0.099639,0.900361,0.063853,0.936147,0.039409,0.960591,1,0.009645,1,0.012246,1,0.024485,1,0.03041,1,0.053177,1,0.064691,1,0.101998,1,0.121776,1,0.177093,0,1.672708,1,0.283755,0,1.273376,1,0.426057,0,0.953432,1,0.606781,0,0.700577,1,0.82755,0,0.504067,0,0.410279,0,0.354349,0,0.286025,0,0.242871,0,0.194345,0,0.161986,0,0.128482,0,0.104959,0,0.082527,0,0.065983,0,0.051446,0,0.040207
2469,2025/26,14,Widzew Łódź,Legia Warszawa,10.0,13.0,23.0,10.3759,14.2863,24.6623,0.010025,1,3978.6244,0.419,0.4305,0.1843,0.344,0.2894,0.0,0.0,0.0,0.0,1e-06,4e-06,1.4e-05,4.4e-05,0.000124,0.000314,0.000719,0.001504,0.002899,0.005182,0.008643,0.01352,0.019923,0.027761,0.036708,0.0462,0.055499,0.063792,0.070317,0.074483,0.075957,0.074704,0.070969,0.065219,0.058056,0.050123,0.04202,0.034243,0.027154,0.020973,0.015791,0.011601,0.008323,0.005834,0.004,0.002683,0.001763,0.001135,0.000716,0.000443,0.000269,0.000161,0.000216,0.967033,0.032967,1,0.033522,0.947111,0.052889,1,0.054339,0.91935,0.08065,1,0.084088,0.882642,0.117358,1,0.124835,0.836442,0.163558,1,0.178598,0.780943,0.219057,1,0.247253,0.717152,0.282848,1,0.332468,0.646835,0.353165,1,0.435664,0.572352,0.427648,0,0.849456,0.496395,0.503605,0,0.685964,0.421691,0.578309,0,0.547648,0.350723,0.649277,0,0.431896,0.285504,0.714496,0,0.336178,0.227448,0.772552,0,0.258056,0.177324,0.822676,0,0.195193,0.135304,0.864696,0,0.145378,0.101061,0.898939,0,0.10654,0.073907,0.926093,0,0.076781,0.052935,0.947065,0,0.054387,5.2e-05,0.000485,0.002304,0.007363,0.017819,0.034838,0.057305,0.081566,0.102547,0.115673,0.118522,0.111416,0.096883,0.078467,0.05954,0.042541,0.028746,0.018441,0.01127,0.00658,0.003681,0.001978,0.001023,0.00096,2e-06,2e-05,0.000125,0.000533,0.001715,0.004458,0.009751,0.018455,0.030851,0.046272,0.063041,0.078798,0.091107,0.098115,0.098992,0.094045,0.084498,0.072077,0.058567,0.045472,0.033824,0.024163,0.016615,0.028233,0.971976,0.028024,0.937138,0.062862,0.879833,0.120167,0.798268,0.201732,0.695721,0.304279,0.580048,0.419952,0.461526,0.538474,0.35011,0.64989,0.253227,0.746773,0.17476,0.82524,0.11522,0.88478,0.072679,0.927321,0.043933,0.956067,0.025492,0.974508,0.014223,0.985777,0.997334,0.002666,0.992875,0.007125,0.983124,0.016876,0.964669,0.035331,0.933818,0.066182,0.887546,0.112454,0.824505,0.175495,0.745707,0.254293,0.654599,0.345401,0.556485,0.443515,0.457493,0.542507,0.363448,0.636552,0.27895,0.72105,0.206873,0.793127,0.148306,0.851694,1,0.028424,1,0.00267,1,0.064925,1,0.007151,1,0.128023,1,0.01702,1,0.225311,1,0.03597,1,0.362807,1,0.068474,1,0.544644,1,0.119295,0,0.619016,1,0.192972,0,0.430952,1,0.293423,0,0.291994,1,0.423732,0,0.192081,0,0.813024,0,0.122416,0,0.611554,0,0.075455,0,0.451689,0,0.044927,0,0.327047,0,0.025823,0,0.231772,0,0.014325,0,0.160528
2470,2025/26,15,Arka Gdynia,Lech Poznań,19.0,16.0,35.0,13.185,12.0639,25.2489,0.00997,1,4026.7071,0.4175,0.4289,0.1849,0.3477,0.2856,0.0,0.0,0.0,0.0,1e-06,2e-06,9e-06,3e-05,8.6e-05,0.000222,0.00052,0.001112,0.002192,0.004008,0.006836,0.010932,0.016468,0.023455,0.031697,0.040768,0.05004,0.058764,0.066171,0.071595,0.074569,0.074894,0.07265,0.068164,0.061944,0.05459,0.046709,0.038845,0.031432,0.024769,0.019026,0.014258,0.010433,0.007459,0.005214,0.003567,0.002389,0.001567,0.001008,0.000636,0.000394,0.000239,0.000336,0.97405,0.02595,1,0.026292,0.957582,0.042418,1,0.043343,0.934127,0.065873,1,0.068142,0.90243,0.09757,1,0.102664,0.861663,0.138337,1,0.148891,0.811622,0.188378,1,0.20872,0.752858,0.247142,1,0.283879,0.686687,0.313313,1,0.375877,0.615092,0.384908,1,0.485983,0.540524,0.459476,1,0.615217,0.46563,0.53437,1,0.764364,0.39298,0.60702,1,0.933997,0.324816,0.675184,1,1.124498,0.262871,0.737129,1,1.336091,0.208281,0.791719,1,1.568866,0.161572,0.838428,1,1.822803,0.122727,0.877273,1,2.097793,0.091295,0.908705,1,2.393657,0.066526,0.933474,1,2.710163,4e-06,4.9e-05,0.000286,0.001133,0.003399,0.008239,0.016799,0.029638,0.046185,0.06457,0.081996,0.095524,0.102937,0.103311,0.097139,0.085998,0.072001,0.057228,0.043329,0.031344,0.021722,0.014457,0.009261,0.013376,1.1e-05,0.000122,0.000661,0.00242,0.00671,0.015028,0.028317,0.046168,0.066483,0.085894,0.100796,0.108514,0.108059,0.100221,0.08708,0.071242,0.05512,0.040485,0.028326,0.018935,0.012127,0.007459,0.004415,0.00539,0.995054,0.004946,0.986815,0.013185,0.970017,0.029983,0.940379,0.059621,0.894194,0.105806,0.829624,0.170376,0.747629,0.252371,0.652104,0.347896,0.549168,0.450832,0.445856,0.554144,0.348717,0.651283,0.262719,0.737281,0.190718,0.809282,0.13349,0.86651,0.090161,0.909839,0.990059,0.009941,0.975031,0.024969,0.946714,0.053286,0.900546,0.099454,0.834062,0.165938,0.748169,0.251831,0.647373,0.352627,0.538859,0.461141,0.4308,0.5692,0.330579,0.669421,0.243499,0.756501,0.172257,0.827743,0.117137,0.882863,0.076652,0.923348,0.048326,0.951674,1,0.004958,1,0.009991,1,0.013273,1,0.025286,1,0.030442,1,0.054758,1,0.061472,1,0.104754,1,0.111833,1,0.181448,1,0.186783,1,0.290126,1,0.290848,1,0.434833,1,0.427551,1,0.618301,1,0.599351,1,0.842111,1,0.807759,1,1.10691,1,1.053495,1,1.412642,1,1.33667,1,1.758768,1,1.656959,0,0.124585,1,2.013729,0,0.079749,1,2.406158,0,0.049533
2471,2025/26,15,Legia Warszawa,Bruk-Bet Termalica Nieciecza,13.0,17.0,30.0,12.9759,12.5935,25.5695,0.00997,1,4026.7071,0.4175,0.4289,0.1849,0.3477,0.2856,0.0,0.0,0.0,0.0,0.0,2e-06,7e-06,2.4e-05,7e-05,0.000184,0.000437,0.000946,0.001886,0.003486,0.006014,0.009727,0.014818,0.021344,0.02917,0.037942,0.047099,0.055935,0.063696,0.069694,0.073408,0.074559,0.07314,0.069396,0.063773,0.056834,0.049175,0.041355,0.033838,0.026965,0.020945,0.015872,0.011743,0.00849,0.006001,0.004151,0.002811,0.001865,0.001213,0.000774,0.000484,0.000298,0.000428,0.977216,0.022784,1,0.023048,0.962398,0.037602,1,0.038327,0.941055,0.058945,1,0.060754,0.911884,0.088116,1,0.092242,0.873942,0.126058,1,0.134741,0.826844,0.173156,1,0.19014,0.770909,0.229091,1,0.260185,0.707213,0.292787,1,0.346423,0.637519,0.362481,1,0.450171,0.564111,0.435889,1,0.572504,0.489552,0.510448,1,0.714265,0.416412,0.583588,1,0.876079,0.347016,0.652984,1,1.058384,0.283243,0.716757,1,1.261451,0.226409,0.773591,1,1.485412,0.177234,0.822766,0,0.195083,0.135879,0.864121,0,0.146042,0.10204,0.89796,0,0.10763,0.075075,0.924925,0,0.078043,5e-06,5.8e-05,0.000334,0.001307,0.003865,0.009236,0.018568,0.032299,0.049625,0.068405,0.085646,0.098376,0.104521,0.103429,0.095883,0.083695,0.069089,0.054142,0.040417,0.028827,0.019697,0.012926,0.008164,0.01143,7e-06,7.9e-05,0.000445,0.001694,0.004879,0.011354,0.022229,0.037656,0.05634,0.075628,0.092211,0.103144,0.106717,0.102837,0.092838,0.078915,0.063438,0.048412,0.035193,0.024444,0.016265,0.010394,0.006393,0.008453,0.994374,0.005626,0.985138,0.014862,0.96657,0.03343,0.934271,0.065729,0.884646,0.115354,0.816241,0.183759,0.730595,0.269405,0.632219,0.367781,0.527698,0.472302,0.424269,0.575731,0.328386,0.671614,0.244691,0.755309,0.175602,0.824398,0.12146,0.87854,0.081043,0.918957,0.992861,0.007139,0.981507,0.018493,0.959278,0.040722,0.921622,0.078378,0.865281,0.134719,0.789653,0.210347,0.697442,0.302558,0.594298,0.405702,0.487581,0.512419,0.384745,0.615255,0.291907,0.708093,0.212992,0.787008,0.149554,0.850446,0.101142,0.898858,0.065949,0.934051,1,0.005642,1,0.007165,1,0.014974,1,0.018666,1,0.034002,1,0.041574,1,0.067989,1,0.08162,1,0.122568,1,0.144701,1,0.203046,1,0.236162,1,0.313896,1,0.360336,1,0.458519,1,0.520374,1,0.639231,1,0.718299,0,0.552115,1,0.955175,0,0.398072,1,1.23132,0,0.280628,1,1.546501,0,0.193102,1,1.900098,0,0.129494,0,0.10663,0,0.084516,0,0.068224
2472,2025/26,15,Lechia Gdańsk,Widzew Łódź,14.0,11.0,25.0,11.4047,11.4789,22.8836,0.00997,1,4026.7071,0.4175,0.4289,0.1849,0.3477,0.2856,0.0,0.0,0.0,1e-06,3e-06,1.2e-05,4.4e-05,0.000132,0.00035,0.000831,0.001783,0.003495,0.006311,0.010568,0.016511,0.024187,0.033373,0.043539,0.053894,0.063492,0.071384,0.076783,0.079194,0.078482,0.07487,0.068874,0.061193,0.052587,0.043769,0.035329,0.027686,0.021088,0.015628,0.011279,0.007935,0.005446,0.00365,0.00239,0.00153,0.000958,0.000588,0.000353,0.000208,0.00012,6.8e-05,3.8e-05,4.4e-05,0.935772,0.064228,1,0.066383,0.902399,0.097601,1,0.102698,0.858861,0.141139,1,0.152149,0.804966,0.195034,1,0.216955,0.741474,0.258526,1,0.299115,0.67009,0.32991,1,0.400343,0.593307,0.406693,1,0.522042,0.514114,0.485886,1,0.665311,0.435632,0.564368,1,0.830957,0.360762,0.639238,1,1.019537,0.291888,0.708112,0,0.345153,0.230695,0.769305,0,0.262267,0.178108,0.821892,0,0.196146,0.134338,0.865662,0,0.144261,0.09901,0.90099,0,0.104261,0.071324,0.928676,0,0.073995,0.050236,0.949764,0,0.051541,0.034608,0.965392,0,0.035221,0.023328,0.976672,0,0.023605,2e-05,0.000209,0.001079,0.003755,0.0099,0.021085,0.03778,0.058574,0.08021,0.098543,0.109966,0.112578,0.106606,0.094022,0.077686,0.060438,0.044467,0.031058,0.020664,0.013136,0.008,0.004679,0.002634,0.002906,1.9e-05,0.000196,0.001021,0.003575,0.00948,0.020309,0.036602,0.057079,0.078619,0.097152,0.109047,0.112289,0.106953,0.094879,0.078852,0.061703,0.045662,0.032079,0.021468,0.013727,0.008408,0.004947,0.002801,0.003126,0.985032,0.014968,0.963947,0.036053,0.926167,0.073833,0.867593,0.132407,0.787383,0.212617,0.68884,0.31116,0.578874,0.421126,0.466295,0.533705,0.359689,0.640311,0.265667,0.734333,0.187981,0.812019,0.127543,0.872457,0.083076,0.916924,0.052018,0.947982,0.031354,0.968646,0.985702,0.014298,0.965393,0.034607,0.928791,0.071209,0.871712,0.128288,0.793093,0.206907,0.695941,0.304059,0.586894,0.413106,0.474604,0.525396,0.367652,0.632348,0.272773,0.727227,0.193921,0.806079,0.132218,0.867782,0.086556,0.913444,0.054476,0.945524,0.033008,0.966992,1,0.015081,1,0.014401,1,0.036719,1,0.03522,1,0.076701,1,0.073872,1,0.142033,1,0.137296,1,0.23904,1,0.231815,1,0.372746,1,0.36249,1,0.54667,1,0.532911,1,0.762937,0,0.643603,1,1.022516,0,0.458315,1,1.325512,0,0.318517,0,0.208232,0,0.215574,0,0.136442,0,0.141815,0,0.086731,0,0.090533,0,0.05342,0,0.056016,0,0.031856,0,0.033565
2473,2025/26,15,Motor Lublin,Wisła Płock,18.0,14.0,32.0,12.2671,11.9294,24.1965,0.00997,1,4026.7071,0.4175,0.4289,0.1849,0.3477,0.2856,0.0,0.0,0.0,0.0,1e-06,5e-06,1.8e-05,5.8e-05,0.000161,0.000402,0.000907,0.00187,0.003549,0.006246,0.010258,0.015797,0.022911,0.031421,0.040885,0.050632,0.059839,0.06766,0.073357,0.076419,0.076634,0.074106,0.069212,0.062524,0.054704,0.046416,0.038237,0.030615,0.02385,0.018095,0.013382,0.009655,0.006801,0.004681,0.003151,0.002075,0.001338,0.000845,0.000523,0.000318,0.000189,0.000111,0.000143,0.960728,0.039272,1,0.040064,0.937817,0.062183,1,0.064201,0.906396,0.093604,1,0.098279,0.865511,0.134489,1,0.144436,0.814879,0.185121,1,0.204716,0.75504,0.24496,1,0.280985,0.68738,0.31262,1,0.374868,0.614023,0.385977,1,0.487723,0.537604,0.462396,1,0.620632,0.46097,0.53903,1,0.774422,0.386864,0.613136,1,0.949683,0.317651,0.682349,1,1.146801,0.255128,0.744872,1,1.36599,0.200424,0.799576,1,1.607322,0.154008,0.845992,1,1.870751,0.115771,0.884229,1,2.156137,0.085156,0.914844,1,2.46327,0.061306,0.938694,0,0.063265,0.043211,0.956789,0,0.044172,9e-06,0.000103,0.000568,0.002111,0.005942,0.013507,0.025832,0.042749,0.062484,0.081938,0.097597,0.106647,0.107793,0.101475,0.089493,0.074315,0.05836,0.043509,0.030898,0.020965,0.013628,0.008508,0.005112,0.006435,1.3e-05,0.000136,0.000731,0.002648,0.00727,0.016119,0.030069,0.048537,0.069198,0.08851,0.102831,0.109602,0.108055,0.099219,0.085351,0.069131,0.052954,0.038507,0.026673,0.017653,0.011193,0.006816,0.003994,0.004777,0.991245,0.008755,0.977738,0.022262,0.951906,0.048094,0.909156,0.090844,0.846673,0.153327,0.764735,0.235265,0.667139,0.332861,0.560492,0.439508,0.452698,0.547302,0.351223,0.648777,0.26173,0.73827,0.187415,0.812585,0.129055,0.870945,0.085546,0.914454,0.054648,0.945352,0.98919,0.01081,0.973071,0.026929,0.943001,0.056999,0.894464,0.105536,0.825266,0.174734,0.736756,0.263244,0.633925,0.366075,0.524323,0.475677,0.416267,0.583733,0.317049,0.682951,0.231698,0.768302,0.162567,0.837433,0.109613,0.890387,0.071106,0.928894,0.044433,0.955567,1,0.008794,1,0.010869,1,0.022514,1,0.027298,1,0.049289,1,0.058688,1,0.095239,1,0.111531,1,0.166441,1,0.19205,1,0.268226,1,0.305499,1,0.404757,1,0.455825,1,0.57894,1,0.645647,1,0.79253,1,0.876428,1,1.046334,1,1.148699,1,1.340442,0,0.263572,1,1.67443,0,0.177414,1,2.047517,0,0.116099,1,2.458701,0,0.073761,0,0.056198,0,0.04545
2474,2025/26,15,Zagłębie Lubin,Górnik Zabrze,12.0,12.0,24.0,11.505,11.9252,23.4303,0.00997,1,4026.7071,0.4175,0.4289,0.1849,0.3477,0.2856,0.0,0.0,0.0,0.0,2e-06,8e-06,3e-05,9.4e-05,0.000254,0.000616,0.00135,0.002703,0.004984,0.008525,0.013603,0.020353,0.028683,0.038221,0.048323,0.058146,0.066772,0.073358,0.077279,0.078222,0.076218,0.071614,0.064989,0.057043,0.048495,0.03998,0.032001,0.024897,0.018845,0.013892,0.009983,0.006998,0.00479,0.003203,0.002095,0.00134,0.00084,0.000515,0.00031,0.000183,0.000106,6e-05,7.3e-05,0.947477,0.052523,1,0.053952,0.918794,0.081206,1,0.084693,0.880573,0.119427,1,0.127183,0.832249,0.167751,1,0.183623,0.774103,0.225897,1,0.25605,0.707331,0.292669,1,0.346256,0.633974,0.366026,1,0.455748,0.556694,0.443306,1,0.585739,0.478472,0.521528,1,0.737157,0.402254,0.597746,0,0.514589,0.330639,0.669361,0,0.401432,0.265651,0.734349,0,0.30877,0.208607,0.791393,0,0.233961,0.160113,0.839887,0,0.174487,0.120133,0.879867,0,0.127984,0.088131,0.911869,0,0.092259,0.063235,0.936765,0,0.065322,0.044389,0.955611,0,0.045405,0.030497,0.969503,0,0.030972,1.9e-05,0.000192,0.001001,0.003513,0.009337,0.020042,0.036194,0.056559,0.078062,0.09666,0.108716,0.112177,0.107064,0.095171,0.079256,0.062146,0.046084,0.032442,0.021755,0.013938,0.008555,0.005043,0.002861,0.003206,1.3e-05,0.000136,0.000733,0.002656,0.007288,0.016154,0.030126,0.048612,0.069284,0.088592,0.102894,0.109634,0.108053,0.099185,0.085295,0.069064,0.052886,0.038445,0.026622,0.017614,0.011164,0.006796,0.003982,0.004759,0.985931,0.014069,0.965889,0.034111,0.929694,0.070306,0.873135,0.126865,0.795074,0.204926,0.698413,0.301587,0.589697,0.410303,0.477521,0.522479,0.370457,0.629543,0.275286,0.724714,0.19603,0.80397,0.133885,0.866115,0.087801,0.912199,0.05536,0.94464,0.033605,0.966395,0.989161,0.010839,0.973007,0.026993,0.942882,0.057118,0.894269,0.105731,0.824986,0.175014,0.736394,0.263606,0.6335,0.3665,0.523866,0.476134,0.415813,0.584187,0.316628,0.683372,0.231333,0.768667,0.162268,0.837732,0.109383,0.890617,0.070937,0.929063,0.044315,0.955685,1,0.014169,1,0.010898,1,0.034706,1,0.027364,1,0.0729,1,0.058814,1,0.135665,1,0.111749,1,0.22932,1,0.192389,1,0.358945,1,0.30599,1,0.528146,1,0.456495,1,0.739147,1,0.646519,0,0.462761,0,0.537534,0,0.321978,0,0.380716,0,0.218193,0,0.263097,0,0.143738,0,0.177057,0,0.091897,0,0.115841,0,0.056951,0,0.073579,0,0.034183,0,0.045327
2475,2025/26,15,Radomiak Radom,Cracovia,12.0,17.0,29.0,13.5781,12.8197,26.3978,0.00997,1,4026.7071,0.4175,0.4289,0.1849,0.3477,0.2856,0.0,0.0,0.0,0.0,0.0,1e-06,4e-06,1.4e-05,4.2e-05,0.000114,0.000278,0.00062,0.001271,0.002417,0.004289,0.007135,0.011181,0.016566,0.023288,0.031157,0.039783,0.048598,0.056926,0.064069,0.069414,0.07252,0.073176,0.071418,0.067511,0.061887,0.055081,0.047648,0.040104,0.032873,0.026266,0.020474,0.015582,0.011588,0.008426,0.005995,0.004176,0.00285,0.001907,0.001251,0.000806,0.000509,0.000783,0.983813,0.016187,1,0.01632,0.972632,0.027368,1,0.027749,0.956066,0.043934,1,0.044928,0.932778,0.067222,1,0.069588,0.901621,0.098379,1,0.103561,0.861838,0.138162,1,0.148688,0.813239,0.186761,1,0.20673,0.756314,0.243686,1,0.279299,0.692245,0.307755,1,0.367815,0.622831,0.377169,1,0.473479,0.550311,0.449689,1,0.597271,0.477135,0.522865,1,0.739955,0.405717,0.594283,1,0.9021,0.338206,0.661794,1,1.084099,0.276319,0.723681,0,0.323405,0.221239,0.778761,0,0.250051,0.173591,0.826409,0,0.190665,0.133487,0.866513,0,0.143278,0.100614,0.899386,0,0.106043,3e-06,3.5e-05,0.000213,0.000866,0.002666,0.00663,0.013874,0.02512,0.040173,0.057639,0.075117,0.089809,0.099319,0.102298,0.098711,0.089685,0.07706,0.062858,0.048841,0.036259,0.025788,0.017614,0.01158,0.017725,6e-06,6.5e-05,0.000376,0.001453,0.004252,0.010053,0.019994,0.034409,0.052303,0.071327,0.088351,0.1004,0.105533,0.103315,0.094756,0.081828,0.066826,0.051811,0.038263,0.026999,0.018252,0.011849,0.007404,0.010128,0.996097,0.003903,0.989467,0.010533,0.975593,0.024407,0.950473,0.049527,0.9103,0.0897,0.852661,0.147339,0.777545,0.222455,0.687736,0.312264,0.588417,0.411583,0.48612,0.51388,0.387409,0.612591,0.297724,0.702276,0.220664,0.779336,0.157806,0.842194,0.108966,0.891034,0.993801,0.006199,0.983748,0.016252,0.963754,0.036246,0.929344,0.070656,0.877042,0.122958,0.805715,0.194285,0.717364,0.282636,0.616964,0.383036,0.511431,0.488569,0.408116,0.591884,0.31336,0.68664,0.231533,0.768467,0.164706,0.835294,0.112896,0.887104,0.074632,0.925368,1,0.003911,1,0.006218,1,0.010589,1,0.016386,1,0.02471,1,0.036919,1,0.050796,1,0.073276,1,0.093981,1,0.1312,1,0.159393,1,0.216025,1,0.251614,1,0.332172,1,0.37435,1,0.482945,0,0.887745,1,0.670543,0,0.665766,1,0.896204,0,0.490058,1,1.160403,0,0.353429,1,1.463033,0,0.249313,1,1.803593,0,0.171745,0,0.119793,0,0.115373,0,0.077564
2476,2025/26,15,Pogoń Szczecin,Jagiellonia Białystok,8.0,9.0,17.0,12.092,11.3832,23.4752,0.00997,1,4026.7071,0.4175,0.4289,0.1849,0.3477,0.2856,0.0,0.0,0.0,0.0,2e-06,8e-06,2.9e-05,9.1e-05,0.000247,0.000601,0.001319,0.002646,0.004888,0.008375,0.013385,0.020062,0.02832,0.037802,0.047874,0.057704,0.066377,0.073049,0.077085,0.078159,0.076288,0.071803,0.065271,0.05739,0.048873,0.040362,0.032363,0.025222,0.019124,0.014122,0.010166,0.007139,0.004895,0.003279,0.002148,0.001377,0.000864,0.000531,0.00032,0.000189,0.00011,6.3e-05,7.6e-05,0.948345,0.051655,1,0.053037,0.920025,0.079975,1,0.083354,0.882223,0.117777,0,2.138964,0.834349,0.165651,0,1.797871,0.776645,0.223355,0,1.498992,0.710268,0.289732,0,1.2388,0.63722,0.36278,0,1.013958,0.560135,0.439865,0,0.821287,0.481976,0.518024,0,0.657733,0.405688,0.594312,0,0.520351,0.333886,0.666114,0,0.406294,0.268614,0.731386,0,0.312814,0.211224,0.788776,0,0.237273,0.16235,0.83765,0,0.177155,0.121988,0.878012,0,0.130095,0.089625,0.910375,0,0.093899,0.064404,0.935596,0,0.066571,0.04528,0.95472,0,0.046337,0.031157,0.968843,0,0.031653,1.1e-05,0.000119,0.000647,0.002375,0.006599,0.014809,0.027962,0.045684,0.065923,0.085346,0.100362,0.108271,0.108041,0.100413,0.087429,0.071676,0.05557,0.040901,0.028676,0.01921,0.012328,0.007598,0.004507,0.005525,2.1e-05,0.000212,0.001096,0.003809,0.010025,0.021314,0.038127,0.059012,0.080673,0.098944,0.110226,0.112653,0.106496,0.093767,0.077344,0.06007,0.044121,0.030765,0.020434,0.012968,0.007884,0.004603,0.002587,0.002845,0.990232,0.009768,0.975423,0.024577,0.947461,0.052539,0.901778,0.098222,0.835855,0.164145,0.750508,0.249492,0.650147,0.349853,0.541875,0.458125,0.433834,0.566166,0.333421,0.666579,0.245992,0.754008,0.174316,0.825684,0.118746,0.881254,0.077845,0.922155,0.049168,0.950832,0.984832,0.015168,0.963517,0.036483,0.925391,0.074609,0.866379,0.133621,0.785706,0.214294,0.686763,0.313237,0.576536,0.423464,0.463883,0.536117,0.357386,0.642614,0.26362,0.73638,0.186276,0.813724,0.126206,0.873794,0.082085,0.917915,0.05132,0.94868,0.030887,0.969113,1,0.009816,1,0.015284,1,0.024884,1,0.037165,1,0.05397,1,0.077539,1,0.103387,1,0.143433,0,1.807005,1,0.241173,0,1.388328,0,1.160795,0,1.050242,0,0.859287,0,0.780613,0,0.623403,0,0.568868,0,0.442211,0,0.405597,0,0.306009,0,0.282352,0,0.206134,0,0.191543,0,0.134911,0,0.126409,0,0.08565,0,0.081042,0,0.052684,0,0.050418,0,0.031374
2477,2025/26,15,Korona Kielce,Raków Częstochowa,15.0,9.0,24.0,11.7823,12.2946,24.0769,0.00997,1,4026.7071,0.4175,0.4289,0.1849,0.3477,0.2856,0.0,0.0,0.0,0.0,1e-06,5e-06,2e-05,6.2e-05,0.000173,0.00043,0.000966,0.001982,0.003744,0.006562,0.010729,0.016448,0.023751,0.032429,0.04201,0.051795,0.060943,0.068604,0.074052,0.076803,0.076679,0.073823,0.068644,0.061736,0.053777,0.045428,0.037258,0.029701,0.023036,0.0174,0.012811,0.009202,0.006454,0.004423,0.002964,0.001943,0.001247,0.000784,0.000484,0.000292,0.000173,0.000101,0.000129,0.958877,0.041123,1,0.041992,0.935126,0.064874,1,0.067074,0.902698,0.097302,1,0.102368,0.860688,0.139312,1,0.150023,0.808893,0.191107,1,0.212088,0.74795,0.25205,1,0.290419,0.679346,0.320654,1,0.386625,0.605293,0.394707,1,0.502042,0.52849,0.47151,1,0.637731,0.451811,0.548189,0,0.601135,0.377988,0.622012,0,0.474796,0.309344,0.690656,0,0.370114,0.247608,0.752392,0,0.284498,0.19383,0.80617,0,0.215461,0.148402,0.851598,0,0.160641,0.111144,0.888856,0,0.11782,0.081444,0.918556,0,0.084952,0.058408,0.941592,0,0.060183,0.041008,0.958992,0,0.041872,1.5e-05,0.000153,0.000815,0.002922,0.007932,0.017393,0.032088,0.051224,0.072223,0.09136,0.10497,0.110648,0.107882,0.097967,0.083344,0.066761,0.050574,0.03637,0.024915,0.016308,0.010226,0.006158,0.003569,0.004174,9e-06,0.000101,0.000557,0.002073,0.005844,0.013312,0.025511,0.042301,0.061952,0.081403,0.097153,0.106375,0.107733,0.101621,0.089801,0.074719,0.058795,0.04392,0.031253,0.021248,0.01384,0.008657,0.005212,0.006589,0.988153,0.011847,0.97076,0.02924,0.938672,0.061328,0.887448,0.112552,0.815225,0.184775,0.723866,0.276134,0.618895,0.381105,0.508248,0.491752,0.400365,0.599635,0.302398,0.697602,0.219054,0.780946,0.152293,0.847707,0.10172,0.89828,0.065349,0.934651,0.040434,0.959566,0.991394,0.008606,0.978082,0.021918,0.952571,0.047429,0.91027,0.08973,0.848318,0.151682,0.766915,0.233085,0.669761,0.330239,0.563387,0.436613,0.455654,0.544346,0.354033,0.645967,0.264232,0.735768,0.189513,0.810487,0.130718,0.869282,0.086798,0.913202,0.055545,0.944455,1,0.011918,1,0.008643,1,0.029676,1,0.022162,1,0.063289,1,0.048591,1,0.119405,1,0.094014,1,0.204291,1,0.1645,1,0.323149,0,1.456352,1,0.47982,0,1.107939,1,0.676786,0,0.828708,1,0.915379,0,0.60817,1,1.196011,0,0.437007,1,1.518437,0,0.30684,0,0.16522,0,0.21012,0,0.107273,0,0.140088,0,0.067582,0,0.090798,0,0.041274,0,0.057147
2478,2025/26,15,GKS Katowice,Piast Gliwice,10.0,16.0,26.0,13.437,12.5449,25.9819,0.00997,1,4026.7071,0.4175,0.4289,0.1849,0.3477,0.2856,0.0,0.0,0.0,0.0,0.0,1e-06,5e-06,1.8e-05,5.5e-05,0.000145,0.00035,0.000767,0.001552,0.00291,0.00509,0.00835,0.012902,0.018849,0.026127,0.034469,0.043397,0.052273,0.060375,0.067003,0.07158,0.07374,0.073369,0.070608,0.065814,0.05949,0.052209,0.044535,0.036961,0.029874,0.023537,0.018091,0.013577,0.009956,0.007139,0.005008,0.00344,0.002315,0.001527,0.000988,0.000627,0.000391,0.000582,0.980755,0.019245,1,0.019432,0.967854,0.032146,1,0.032674,0.949005,0.050995,1,0.052341,0.922877,0.077123,1,0.080259,0.888409,0.111591,1,0.118323,0.845012,0.154988,1,0.168404,0.792739,0.207261,1,0.232261,0.732364,0.267636,1,0.311478,0.665361,0.334639,1,0.407426,0.593781,0.406219,1,0.521245,0.52004,0.47996,1,0.653849,0.446671,0.553329,0,0.591803,0.376063,0.623937,0,0.471705,0.310249,0.689751,0,0.371424,0.250759,0.749241,0,0.288694,0.198549,0.801451,0,0.221332,0.154015,0.845985,0,0.167253,0.117054,0.882946,0,0.124491,0.087179,0.912821,0,0.091216,3e-06,4e-05,0.000237,0.000954,0.002909,0.00717,0.014866,0.026671,0.042262,0.060081,0.077582,0.091906,0.100706,0.102777,0.098265,0.088461,0.075312,0.060869,0.046862,0.034471,0.024292,0.01644,0.010709,0.016054,7e-06,8.2e-05,0.000462,0.00175,0.005025,0.011654,0.022736,0.038383,0.057232,0.076561,0.093028,0.103701,0.106926,0.102684,0.092383,0.078259,0.062694,0.047681,0.034542,0.023909,0.015855,0.010097,0.006189,0.008124,0.995755,0.004245,0.988585,0.011415,0.973719,0.026281,0.947048,0.052952,0.904785,0.095215,0.844704,0.155296,0.767123,0.232877,0.675217,0.324783,0.57451,0.42549,0.471734,0.528266,0.373469,0.626531,0.285008,0.714992,0.209697,0.790303,0.148828,0.851172,0.101966,0.898034,0.992641,0.007359,0.980987,0.019013,0.958251,0.041749,0.919867,0.080133,0.862635,0.137365,0.786074,0.213926,0.693045,0.306955,0.589344,0.410656,0.482418,0.517582,0.379734,0.620266,0.287351,0.712649,0.209092,0.790908,0.146398,0.853602,0.098717,0.901283,0.064175,0.935825,1,0.004254,1,0.007386,1,0.011481,1,0.019196,1,0.026633,1,0.042646,1,0.054406,1,0.083526,1,0.100058,1,0.147764,1,0.168769,1,0.240704,0,1.457245,1,0.36666,0,1.124598,1,0.528745,0,0.854514,1,0.728944,0,0.638155,1,0.968284,0,0.467557,1,1.247051,0,0.335484,1,1.564981,0,0.235339,0,0.15829,0,0.161141,0,0.103936,0,0.107547,0,0.066327
2479,2025/26,16,Bruk-Bet Termalica Nieciecza,Arka Gdynia,12.0,20.0,32.0,12.0996,13.4424,25.542,0.009671,1,4074.3283,0.4216,0.4333,0.1901,0.3475,0.2794,0.0,0.0,0.0,0.0,0.0,2e-06,7e-06,2.4e-05,7e-05,0.000185,0.000438,0.000948,0.001892,0.0035,0.006041,0.009774,0.014893,0.021455,0.029322,0.038136,0.047328,0.056188,0.063956,0.069939,0.073616,0.074712,0.073224,0.069406,0.063712,0.05671,0.049003,0.041152,0.03362,0.026747,0.02074,0.015688,0.011585,0.008358,0.005896,0.004069,0.002749,0.001819,0.00118,0.000751,0.000469,0.000287,0.00041,0.977119,0.022881,1,0.023147,0.962226,0.037774,1,0.038506,0.940771,0.059229,1,0.061055,0.911449,0.088551,1,0.092719,0.873314,0.126686,1,0.135461,0.825985,0.174015,1,0.191178,0.769797,0.230203,1,0.261628,0.705841,0.294159,1,0.348365,0.635902,0.364098,1,0.452711,0.562286,0.437714,1,0.575745,0.487574,0.512426,1,0.718313,0.41435,0.58565,1,0.881044,0.344944,0.655056,1,1.064373,0.281232,0.718768,1,1.268574,0.224523,0.775477,1,1.493778,0.17552,0.82448,1,1.740003,0.134368,0.865632,1,2.007171,0.100748,0.899252,0,0.106192,0.074001,0.925999,0,0.076882,1.1e-05,0.000116,0.000636,0.002339,0.006519,0.014668,0.027762,0.045453,0.06571,0.085204,0.100327,0.10835,0.10821,0.100628,0.087646,0.071862,0.055709,0.040989,0.028722,0.019225,0.012326,0.007587,0.004495,0.005489,3e-06,3.9e-05,0.000232,0.000938,0.00287,0.007092,0.01474,0.026503,0.042077,0.059919,0.077484,0.091898,0.100793,0.102936,0.098462,0.088659,0.07548,0.06099,0.046934,0.034501,0.024292,0.016422,0.010683,0.015954,0.990363,0.009637,0.975695,0.024305,0.947933,0.052067,0.90248,0.09752,0.836771,0.163229,0.751566,0.248434,0.651239,0.348761,0.542888,0.457112,0.434679,0.565321,0.334051,0.665949,0.246404,0.753596,0.174542,0.825458,0.118833,0.881167,0.077844,0.922156,0.049122,0.950878,0.995819,0.004181,0.988728,0.011272,0.973988,0.026012,0.947485,0.052515,0.905408,0.094592,0.845488,0.154512,0.768004,0.231996,0.676106,0.323894,0.575314,0.424686,0.472378,0.527622,0.373916,0.626084,0.285257,0.714743,0.209777,0.790223,0.148787,0.851213,0.101852,0.898148,1,0.009684,1,0.00419,1,0.024605,1,0.011336,1,0.053471,1,0.026356,1,0.102609,1,0.053944,1,0.178205,1,0.09937,1,0.285596,1,0.167841,1,0.428879,1,0.26396,1,0.610852,1,0.391405,0,0.570362,1,0.552839,0,0.406542,1,0.749976,0,0.282899,1,0.983724,0,0.191817,1,1.254365,0,0.126508,1,1.56171,0,0.081041,1,1.90524,0,0.05037,1,2.284234
2480,2025/26,16,Legia Warszawa,Lechia Gdańsk,12.0,2.0,14.0,12.1695,12.5109,24.6803,0.009671,1,4074.3283,0.4216,0.4333,0.1901,0.3475,0.2794,0.0,0.0,0.0,0.0,1e-06,3e-06,1.3e-05,4.2e-05,0.000119,0.000302,0.000694,0.001459,0.002823,0.005067,0.008481,0.01331,0.019673,0.027489,0.03644,0.045969,0.055334,0.063716,0.070342,0.074607,0.076165,0.07497,0.071263,0.065512,0.058324,0.050348,0.042193,0.034364,0.027227,0.021007,0.015797,0.011588,0.008298,0.005806,0.003972,0.002658,0.001742,0.001118,0.000703,0.000434,0.000263,0.000156,0.000208,0.967686,0.032314,0,3.432263,0.948014,0.051986,0,2.956774,0.920524,0.079476,0,2.532306,0.884084,0.115916,0,2.15489,0.838115,0.161885,0,1.820872,0.782782,0.217218,0,1.526852,0.719066,0.280934,0,1.269634,0.648723,0.351277,0,1.046181,0.574116,0.425884,0,0.853589,0.497951,0.502049,0,0.689058,0.422981,0.577019,0,0.54988,0.351718,0.648282,0,0.433429,0.286206,0.713794,0,0.33716,0.227882,0.772118,0,0.258618,0.177534,0.822466,0,0.195448,0.13534,0.86466,0,0.145419,0.100976,0.899024,0,0.106446,0.073749,0.926251,0,0.07661,0.052742,0.947258,0,0.054184,1e-05,0.00011,0.000603,0.002232,0.006251,0.014139,0.026898,0.044265,0.064324,0.083839,0.099229,0.107718,0.108135,0.101078,0.088493,0.072932,0.05683,0.04203,0.029604,0.019918,0.012836,0.007942,0.004729,0.005838,7e-06,8.3e-05,0.000467,0.001772,0.005087,0.011793,0.022997,0.038792,0.057782,0.077196,0.093654,0.104211,0.107231,0.102742,0.092201,0.077889,0.062212,0.047162,0.03405,0.023482,0.015512,0.009838,0.006005,0.007804,0.990776,0.009224,0.976637,0.023363,0.94974,0.05026,0.905474,0.094526,0.841151,0.158849,0.757312,0.242688,0.658083,0.341917,0.550364,0.449636,0.44223,0.55777,0.341152,0.658848,0.252658,0.747342,0.179726,0.820274,0.122896,0.877104,0.080866,0.919134,0.051262,0.948738,0.992554,0.007446,0.980762,0.019238,0.957765,0.042235,0.918973,0.081027,0.861191,0.138809,0.783995,0.216005,0.69034,0.30966,0.586129,0.413871,0.478898,0.521102,0.376156,0.623844,0.283954,0.716046,0.206065,0.793935,0.143853,0.856147,0.096691,0.903309,0.062641,0.937359,1,0.009267,0,4.900078,1,0.02364,0,3.950868,1,0.051567,0,3.164506,1,0.099297,0,2.512973,1,0.172984,0,1.974656,1,0.27798,0,1.532454,1,0.418424,0,1.17228,1,0.597175,0,0.882201,0,0.583809,0,0.651809,0,0.417262,0,0.471855,0,0.291232,0,0.334011,0,0.198117,0,0.230754,0,0.13113,0,0.155313,0,0.084323,0,0.101691,0,0.052623,0,0.064689
2481,2025/26,16,Górnik Zabrze,Wisła Płock,12.0,10.0,22.0,11.8008,11.5869,23.3877,0.009671,1,4074.3283,0.4216,0.4333,0.1901,0.3475,0.2794,0.0,0.0,0.0,0.0,2e-06,9e-06,3.1e-05,9.5e-05,0.000257,0.000623,0.001365,0.002734,0.005041,0.00862,0.013751,0.020565,0.028965,0.03857,0.048724,0.058572,0.067188,0.073726,0.077564,0.078396,0.076267,0.071538,0.064801,0.056769,0.048162,0.03962,0.03164,0.024557,0.018541,0.013632,0.009769,0.006829,0.00466,0.003107,0.002025,0.001292,0.000806,0.000493,0.000296,0.000174,0.0001,5.7e-05,6.8e-05,0.946909,0.053091,1,0.054552,0.917943,0.082057,1,0.08562,0.879373,0.120627,1,0.128546,0.830649,0.169351,1,0.185548,0.772077,0.227923,1,0.258671,0.704889,0.295111,1,0.349715,0.631163,0.368837,1,0.460192,0.553599,0.446401,0,0.806538,0.475203,0.524797,0,0.644745,0.398937,0.601063,0,0.509055,0.327398,0.672602,0,0.396602,0.262597,0.737403,0,0.30462,0.205828,0.794172,0,0.230455,0.157666,0.842334,0,0.171579,0.118046,0.881954,0,0.125616,0.086406,0.913594,0,0.090369,0.06185,0.93815,0,0.063845,0.043308,0.956692,0,0.044274,0.029676,0.970324,0,0.030126,1.4e-05,0.000149,0.000794,0.002859,0.00779,0.017141,0.031722,0.050786,0.071792,0.091028,0.104809,0.110681,0.108087,0.098286,0.083709,0.067113,0.050874,0.036602,0.025079,0.016415,0.010291,0.006194,0.003588,0.004187,1.7e-05,0.000177,0.000932,0.003298,0.00884,0.019134,0.034834,0.054858,0.076285,0.095148,0.107766,0.11195,0.107544,0.096198,0.080596,0.063563,0.047398,0.033545,0.02261,0.014558,0.008978,0.005316,0.003029,0.00342,0.988383,0.011617,0.971243,0.028757,0.93952,0.06048,0.888735,0.111265,0.816943,0.183057,0.725915,0.274085,0.621106,0.378894,0.510425,0.489575,0.402338,0.597662,0.304052,0.695948,0.220342,0.779658,0.15323,0.84677,0.102356,0.897644,0.065754,0.934246,0.040675,0.959325,0.986729,0.013271,0.967595,0.032405,0.932761,0.067239,0.877903,0.122097,0.801619,0.198381,0.706471,0.293529,0.598705,0.401295,0.486755,0.513245,0.379211,0.620789,0.283012,0.716988,0.202417,0.797583,0.138853,0.861147,0.091456,0.908544,0.05791,0.94209,0.0353,0.9647,1,0.011685,1,0.01336,1,0.029179,1,0.032942,1,0.062386,1,0.069606,1,0.117956,1,0.130219,1,0.202186,1,0.221122,1,0.320322,1,0.347473,1,0.476254,0,0.913058,1,0.672512,0,0.667002,0,0.51473,0,0.476764,0,0.36248,0,0.332696,0,0.2489,0,0.226169,0,0.166326,0,0.14949,0,0.107982,0,0.095912,0,0.068015,0,0.059654,0,0.041525,0,0.035938
2482,2025/26,16,Pogoń Szczecin,Zagłębie Lubin,13.0,9.0,22.0,10.8205,12.2466,23.067,0.009671,1,4074.3283,0.4216,0.4333,0.1901,0.3475,0.2794,0.0,0.0,0.0,0.0,3e-06,1.1e-05,3.8e-05,0.000116,0.000311,0.000744,0.001611,0.003185,0.005799,0.009793,0.015427,0.022785,0.031692,0.041675,0.051993,0.061726,0.069928,0.075782,0.078741,0.078602,0.075524,0.069969,0.0626,0.054166,0.045389,0.036881,0.029092,0.022302,0.016633,0.01208,0.008551,0.005905,0.003981,0.002622,0.001688,0.001064,0.000656,0.000396,0.000235,0.000136,7.8e-05,4.3e-05,5.1e-05,0.940179,0.059821,1,0.061685,0.908487,0.091513,1,0.095975,0.866812,0.133188,1,0.142933,0.814819,0.185181,1,0.204789,0.753093,0.246907,1,0.283566,0.683166,0.316834,1,0.381018,0.607384,0.392616,1,0.498594,0.528643,0.471357,0,0.75214,0.450041,0.549959,0,0.597912,0.374517,0.625483,0,0.469231,0.304548,0.695452,0,0.363193,0.241948,0.758052,0,0.277004,0.187783,0.812217,0,0.207988,0.142394,0.857606,0,0.15361,0.105513,0.894487,0,0.111505,0.076421,0.923579,0,0.079499,0.054119,0.945881,0,0.055639,0.037486,0.962514,0,0.038206,0.025406,0.974594,0,0.025734,3.4e-05,0.000332,0.001644,0.005472,0.013788,0.028056,0.048019,0.071094,0.092943,0.108984,0.116047,0.113333,0.102354,0.086074,0.067795,0.050266,0.035238,0.023446,0.014857,0.008993,0.005214,0.002902,0.001555,0.001558,9e-06,0.000103,0.000569,0.002119,0.005968,0.013574,0.025971,0.042982,0.062813,0.082333,0.097999,0.106986,0.108008,0.101531,0.089394,0.074091,0.05806,0.043184,0.030588,0.020697,0.013413,0.008347,0.004998,0.006242,0.978728,0.021272,0.950672,0.049328,0.902653,0.097347,0.831559,0.168441,0.738616,0.261384,0.629632,0.370368,0.513585,0.486415,0.400252,0.599748,0.297898,0.702102,0.211824,0.788176,0.144029,0.855971,0.093763,0.906237,0.058524,0.941476,0.035078,0.964922,0.020221,0.979779,0.991211,0.008789,0.977637,0.022363,0.951666,0.048334,0.908684,0.091316,0.845871,0.154129,0.763538,0.236462,0.665539,0.334461,0.558553,0.441447,0.450545,0.549455,0.349014,0.650986,0.25962,0.74038,0.185529,0.814471,0.127469,0.872531,0.084285,0.915715,0.053697,0.946303,1,0.021502,1,0.008828,1,0.050586,1,0.022617,1,0.102417,1,0.049541,1,0.184453,1,0.095758,1,0.302977,1,0.167388,1,0.46262,0,1.441968,1,0.66634,0,1.095235,1,0.915661,0,0.817697,1,1.211004,0,0.598828,0,0.238034,0,0.429267,0,0.155519,0,0.300592,0,0.098454,0,0.205216,0,0.060306,0,0.136357,0,0.035708,0,0.08805,0,0.020428,0,0.055192
2483,2025/26,16,Cracovia,Motor Lublin,16.0,15.0,31.0,12.3384,13.2247,25.5631,0.009671,1,4074.3283,0.4216,0.4333,0.1901,0.3475,0.2794,0.0,0.0,0.0,0.0,0.0,2e-06,7e-06,2.4e-05,6.9e-05,0.000182,0.000433,0.000938,0.001872,0.003467,0.005987,0.009695,0.014785,0.021317,0.029156,0.03795,0.047134,0.056001,0.063791,0.069812,0.073537,0.074687,0.073254,0.069486,0.063831,0.056857,0.049166,0.041318,0.03378,0.026893,0.020867,0.015795,0.011672,0.008427,0.005948,0.004108,0.002777,0.001839,0.001194,0.00076,0.000475,0.000291,0.000417,0.977324,0.022676,1,0.022937,0.962539,0.037461,1,0.038181,0.941222,0.058778,1,0.060576,0.912066,0.087934,1,0.092043,0.874116,0.125884,1,0.134542,0.826982,0.173018,1,0.189972,0.770982,0.229018,1,0.260091,0.70719,0.29281,1,0.346455,0.637379,0.362621,1,0.450391,0.563841,0.436159,1,0.572982,0.489154,0.510846,1,0.715078,0.4159,0.5841,1,0.877311,0.346413,0.653587,1,1.060122,0.282582,0.717418,1,1.263787,0.225725,0.774275,1,1.488439,0.176559,0.823441,1,1.7341,0.135241,0.864759,0,0.145305,0.101462,0.898538,0,0.106986,0.074569,0.925431,0,0.077495,9e-06,9.6e-05,0.000532,0.001991,0.005646,0.01293,0.024903,0.04149,0.061039,0.080544,0.096511,0.106067,0.107797,0.102012,0.090418,0.075442,0.059515,0.044562,0.031776,0.021644,0.014121,0.008846,0.005333,0.006753,4e-06,4.6e-05,0.000273,0.001089,0.003284,0.008,0.016389,0.029045,0.045451,0.063795,0.08131,0.095052,0.102755,0.103433,0.097517,0.086547,0.072624,0.05784,0.043871,0.031786,0.022059,0.014699,0.009425,0.013628,0.991703,0.008297,0.978774,0.021226,0.953871,0.046129,0.912381,0.087619,0.851342,0.148658,0.770798,0.229202,0.674287,0.325713,0.56822,0.43178,0.460423,0.539577,0.358411,0.641589,0.267993,0.732007,0.192551,0.807449,0.133035,0.866965,0.088473,0.911527,0.056697,0.943303,0.995227,0.004773,0.987227,0.012773,0.970838,0.029162,0.941793,0.058207,0.896342,0.103658,0.832547,0.167453,0.751237,0.248763,0.656184,0.343816,0.55343,0.44657,0.449996,0.550004,0.352479,0.647521,0.265932,0.734068,0.193308,0.806692,0.135468,0.864532,0.091597,0.908403,1,0.008332,1,0.004784,1,0.021455,1,0.012855,1,0.047227,1,0.029596,1,0.091698,1,0.05997,1,0.160941,1,0.109433,1,0.260329,1,0.183266,1,0.394099,1,0.286034,1,0.565247,1,0.421314,1,0.77561,1,0.59162,1,1.026075,1,0.798517,1,1.316794,1,1.042764,1,1.647394,0,0.309154,0,0.142757,0,0.214813,0,0.092634,0,0.145567,0,0.058368,0,0.096067
2484,2025/26,16,Lech Poznań,Radomiak Radom,8.0,14.0,22.0,11.5813,12.8163,24.3976,0.009671,1,4074.3283,0.4216,0.4333,0.1901,0.3475,0.2794,0.0,0.0,0.0,0.0,1e-06,4e-06,1.6e-05,5e-05,0.000141,0.000355,0.000807,0.001679,0.003215,0.005709,0.009457,0.014689,0.021486,0.029714,0.038983,0.048669,0.057981,0.066078,0.0722,0.075791,0.076579,0.074605,0.07019,0.063865,0.056276,0.048084,0.039885,0.032153,0.025216,0.019257,0.014334,0.010408,0.007378,0.005109,0.00346,0.002292,0.001486,0.000944,0.000588,0.000359,0.000215,0.000127,0.000165,0.963877,0.036123,1,0.036791,0.942391,0.057609,1,0.059335,0.912677,0.087323,1,0.091373,0.873694,0.126306,1,0.135025,0.825025,0.174975,1,0.192342,0.767043,0.232957,1,0.265212,0.700966,0.299034,1,0.355297,0.628766,0.371234,0,0.990922,0.552975,0.447025,0,0.805141,0.476395,0.523605,0,0.647019,0.40179,0.59821,0,0.513814,0.3316,0.6684,0,0.402869,0.267735,0.732265,0,0.311613,0.211459,0.788541,0,0.237571,0.163374,0.836626,0,0.178379,0.12349,0.87651,0,0.131807,0.091337,0.908663,0,0.095781,0.066121,0.933879,0,0.068409,0.046865,0.953135,0,0.047998,1.7e-05,0.000178,0.000935,0.00331,0.008869,0.019189,0.034918,0.054967,0.076403,0.095255,0.107841,0.111978,0.107525,0.096139,0.080511,0.063469,0.047307,0.033466,0.022547,0.014511,0.008945,0.005294,0.003015,0.003402,6e-06,6.5e-05,0.000372,0.001439,0.004223,0.010003,0.019929,0.034348,0.052273,0.071354,0.088446,0.100553,0.105715,0.103489,0.094889,0.081901,0.066837,0.051768,0.038187,0.026908,0.01816,0.011768,0.007338,0.009985,0.986682,0.013318,0.967494,0.032506,0.932575,0.067425,0.877608,0.122392,0.801205,0.198795,0.70595,0.29405,0.598109,0.401891,0.486131,0.513869,0.378607,0.621393,0.282467,0.717533,0.201956,0.798044,0.138487,0.861513,0.09118,0.90882,0.057714,0.942286,0.035167,0.964833,0.993851,0.006149,0.983848,0.016152,0.963919,0.036081,0.929571,0.070429,0.877298,0.122702,0.805944,0.194056,0.717498,0.282502,0.616945,0.383055,0.51123,0.48877,0.407741,0.592259,0.312852,0.687148,0.230952,0.769048,0.164115,0.835885,0.112347,0.887653,0.07416,0.92584,1,0.013407,1,0.006168,1,0.033046,1,0.016284,1,0.069806,1,0.036748,1,0.130555,1,0.073032,0,1.615481,1,0.130909,0,1.224005,1,0.215741,0,0.911574,1,0.331985,0,0.665787,1,0.482975,0,0.475792,1,0.670936,0,0.331936,1,0.897123,0,0.225592,0,0.375206,0,0.149065,0,0.262602,0,0.095608,0,0.179264,0,0.059446,0,0.119174,0,0.0358,0,0.077054
2485,2025/26,16,Raków Częstochowa,Piast Gliwice,5.0,11.0,16.0,12.4181,13.9898,26.4079,0.009671,1,4074.3283,0.4216,0.4333,0.1901,0.3475,0.2794,0.0,0.0,0.0,0.0,0.0,1e-06,4e-06,1.4e-05,4.1e-05,0.000112,0.000273,0.000609,0.001251,0.002384,0.004238,0.007064,0.011086,0.016451,0.023158,0.031023,0.039658,0.048496,0.056858,0.064045,0.069438,0.072589,0.073281,0.071548,0.067652,0.062026,0.055208,0.047757,0.04019,0.032935,0.026306,0.020496,0.015591,0.011587,0.008419,0.005985,0.004165,0.00284,0.001898,0.001244,0.0008,0.000505,0.000774,0.984009,0.015991,1,0.016121,0.972922,0.027078,0,3.609044,0.956472,0.043528,0,3.134344,0.933314,0.066686,0,2.707753,0.90229,0.09771,0,2.325753,0.862632,0.137368,0,1.985095,0.814136,0.185864,0,1.682742,0.757278,0.242722,0,1.415838,0.693233,0.306767,0,1.181666,0.623795,0.376205,0,0.97762,0.551206,0.448794,0,0.801192,0.477925,0.522075,0,0.649945,0.406377,0.593623,0,0.521511,0.338726,0.661274,0,0.413587,0.276699,0.723301,0,0.32393,0.221491,0.778509,0,0.250375,0.173734,0.826266,0,0.190839,0.133544,0.866456,0,0.143344,0.100609,0.899391,0,0.106038,8e-06,8.9e-05,0.000501,0.001887,0.005381,0.012392,0.024006,0.040227,0.059521,0.078994,0.095201,0.10523,0.107563,0.102377,0.091266,0.076588,0.060768,0.045762,0.03282,0.022484,0.014754,0.009296,0.005636,0.007224,2e-06,2.5e-05,0.000154,0.000643,0.002038,0.005216,0.011231,0.020919,0.034403,0.050748,0.067978,0.083516,0.094884,0.100378,0.099459,0.092769,0.081812,0.068478,0.054587,0.041566,0.030316,0.02123,0.014306,0.023155,0.992108,0.007892,0.979715,0.020285,0.95571,0.04429,0.915483,0.084517,0.855962,0.144038,0.776968,0.223032,0.681767,0.318233,0.576537,0.423463,0.468975,0.531025,0.366597,0.633403,0.275332,0.724668,0.198744,0.801256,0.137976,0.862024,0.092214,0.907786,0.059394,0.940606,0.99695,0.00305,0.991734,0.008266,0.980502,0.019498,0.959584,0.040416,0.925181,0.074819,0.874433,0.125567,0.806455,0.193545,0.722939,0.277061,0.628055,0.371945,0.527677,0.472323,0.428217,0.571783,0.335448,0.664552,0.253637,0.746363,0.185158,0.814842,0.130572,0.869428,1,0.007923,1,0.003055,0,3.897874,1,0.0083,0,3.116996,1,0.019691,0,2.470803,1,0.041255,0,1.937678,1,0.077766,0,1.50044,1,0.13418,0,1.144971,1,0.215107,0,0.859289,0,1.283518,0,0.632946,0,0.989009,0,0.456648,0,0.750092,0,0.322042,0,0.558996,0,0.221575,0,0.408642,0,0.148472,0,0.292543,0,0.096747,0,0.204761,0,0.061231,0,0.13992
2486,2025/26,16,Jagiellonia Białystok,GKS Katowice,15.0,16.0,31.0,10.798,13.0171,23.8151,0.009671,1,4074.3283,0.4216,0.4333,0.1901,0.3475,0.2794,0.0,0.0,0.0,0.0,1e-06,6e-06,2.3e-05,7.3e-05,0.0002,0.000493,0.001098,0.002233,0.004184,0.007268,0.01178,0.017901,0.025618,0.034663,0.044495,0.054354,0.063361,0.070657,0.075545,0.077602,0.076729,0.073152,0.067351,0.059973,0.05172,0.043249,0.035111,0.027702,0.021264,0.015895,0.01158,0.00823,0.005711,0.003872,0.002566,0.001664,0.001057,0.000657,0.000401,0.00024,0.000141,8.1e-05,0.000101,0.95474,0.04526,1,0.046316,0.929122,0.070878,1,0.073515,0.894459,0.105541,1,0.111536,0.849964,0.150036,1,0.162561,0.79561,0.20439,1,0.228647,0.732249,0.267751,1,0.311635,0.661592,0.338408,1,0.413106,0.586047,0.413953,1,0.534356,0.508445,0.491555,1,0.676398,0.431716,0.568284,1,0.839988,0.358564,0.641436,1,1.025648,0.291213,0.708787,1,1.2337,0.23124,0.76876,1,1.4643,0.17952,0.82048,1,1.717468,0.136271,0.863729,1,1.993111,0.10116,0.89884,1,2.291052,0.073458,0.926542,0,0.076296,0.052194,0.947806,0,0.053605,0.036299,0.963701,0,0.036974,3.5e-05,0.000339,0.001671,0.005553,0.013966,0.028365,0.048456,0.071606,0.093436,0.109356,0.116224,0.113292,0.102125,0.085719,0.067389,0.049871,0.034895,0.023174,0.014657,0.008855,0.005124,0.002847,0.001522,0.00152,5e-06,5.5e-05,0.00032,0.001255,0.003733,0.008966,0.018112,0.031651,0.048839,0.067595,0.084952,0.097925,0.104384,0.103609,0.09632,0.084293,0.069746,0.054774,0.040966,0.029268,0.020028,0.013159,0.00832,0.011665,0.978435,0.021565,0.95007,0.04993,0.901614,0.098386,0.830007,0.169993,0.736571,0.263429,0.627214,0.372786,0.510991,0.489009,0.397698,0.602302,0.295574,0.704426,0.209855,0.790145,0.142466,0.857534,0.092595,0.907405,0.0577,0.9423,0.034526,0.965474,0.019869,0.980131,0.994574,0.005426,0.985608,0.014392,0.967496,0.032504,0.935844,0.064156,0.887005,0.112995,0.81941,0.18059,0.734458,0.265542,0.636533,0.363467,0.532149,0.467851,0.42854,0.57146,0.33222,0.66778,0.247926,0.752074,0.17818,0.82182,0.123406,0.876594,0.08244,0.91756,1,0.021801,1,0.005441,1,0.05122,1,0.014497,1,0.103569,1,0.033044,1,0.186321,1,0.066306,1,0.30575,1,0.119905,1,0.466467,1,0.199171,1,0.671403,1,0.308622,1,0.922062,1,0.451719,1,1.218836,1,0.630832,1,1.561338,1,0.847371,1,1.948652,1,1.101958,0,0.097166,1,1.394625,0,0.059432,0,0.196234,0,0.035136,0,0.131711,0,0.020069,0,0.086037
2487,2025/26,16,Widzew Łódź,Korona Kielce,9.0,9.0,18.0,11.1204,12.4603,23.5807,0.009671,1,4074.3283,0.4216,0.4333,0.1901,0.3475,0.2794,0.0,0.0,0.0,0.0,2e-06,7e-06,2.7e-05,8.4e-05,0.000229,0.00056,0.001237,0.002495,0.004635,0.007983,0.012827,0.019324,0.027416,0.036774,0.046795,0.056666,0.065479,0.07238,0.076709,0.078104,0.076545,0.072332,0.066006,0.058254,0.04979,0.041265,0.0332,0.02596,0.019748,0.014628,0.010562,0.007438,0.005115,0.003436,0.002257,0.00145,0.000912,0.000562,0.00034,0.000201,0.000117,6.7e-05,8.1e-05,0.950588,0.049412,1,0.050674,0.923172,0.076828,1,0.079939,0.886399,0.113601,1,0.120588,0.839604,0.160396,0,1.830107,0.782938,0.217062,0,1.52757,0.717458,0.282542,0,1.26393,0.645079,0.354921,0,1.03586,0.56837,0.43163,0,0.840187,0.490266,0.509734,0,0.673867,0.413721,0.586279,0,0.533959,0.341389,0.658611,0,0.417623,0.275383,0.724617,0,0.322112,0.217129,0.782871,0,0.244787,0.167338,0.832662,0,0.183128,0.126074,0.873926,0,0.134759,0.092874,0.907126,0,0.097473,0.066913,0.933087,0,0.069257,0.047166,0.952834,0,0.048314,0.032537,0.967463,0,0.033078,2.6e-05,0.00026,0.001317,0.004493,0.011606,0.024207,0.042468,0.06445,0.086365,0.103805,0.113298,0.113418,0.104994,0.090503,0.073068,0.055532,0.039903,0.027215,0.017676,0.010967,0.006518,0.003719,0.002042,0.002145,8e-06,8.6e-05,0.000485,0.001833,0.005245,0.012116,0.023542,0.03957,0.058727,0.078176,0.0945,0.104772,0.10742,0.102551,0.091698,0.077185,0.061426,0.046399,0.033377,0.022936,0.015096,0.00954,0.005801,0.007483,0.982295,0.017705,0.958087,0.041913,0.915619,0.084381,0.851169,0.148831,0.764803,0.235197,0.660998,0.339002,0.5477,0.4523,0.434282,0.565718,0.329288,0.670712,0.238784,0.761216,0.165717,0.834283,0.110185,0.889815,0.070281,0.929719,0.043067,0.956933,0.02539,0.97461,0.992314,0.007686,0.980198,0.019802,0.956656,0.043344,0.917086,0.082914,0.85836,0.14164,0.780184,0.219816,0.685684,0.314316,0.580912,0.419088,0.473492,0.526508,0.370941,0.629059,0.279243,0.720757,0.202058,0.797942,0.140632,0.859368,0.094233,0.905767,0.060856,0.939144,1,0.017864,1,0.007716,1,0.042817,1,0.020001,1,0.088155,1,0.044311,1,0.161145,1,0.086554,1,0.268137,1,0.152732,0,1.081749,0,1.514964,0,0.79341,0,1.157356,0,0.56966,0,0.869674,0,0.399415,0,0.641489,0,0.272838,0,0.46353,0,0.181183,0,0.327453,0,0.116742,0,0.225719,0,0.072873,0,0.151558,0,0.044022,0,0.098973,0,0.025718,0,0.062786
2488,2025/26,17,Arka Gdynia,Raków Częstochowa,12.0,14.0,26.0,14.5744,12.7942,27.3685,0.010018,1,4127.0628,0.4231,0.4342,0.1862,0.3384,0.2917,0.0,0.0,0.0,0.0,0.0,1e-06,2e-06,8e-06,2.3e-05,6.5e-05,0.000163,0.000375,0.000794,0.001559,0.002853,0.004899,0.007921,0.012112,0.017571,0.024262,0.031973,0.040311,0.048736,0.056616,0.063316,0.068282,0.071123,0.071658,0.069927,0.066177,0.060808,0.054309,0.047195,0.039942,0.032952,0.026523,0.020844,0.016007,0.012019,0.008831,0.006353,0.004478,0.003094,0.002097,0.001394,0.00091,0.001517,0.989257,0.010743,1,0.010801,0.981336,0.018664,1,0.01884,0.969225,0.030775,1,0.031259,0.951653,0.048347,1,0.049554,0.927391,0.072609,1,0.07538,0.895419,0.104581,1,0.110464,0.855108,0.144892,1,0.156528,0.806372,0.193628,1,0.215211,0.749755,0.250245,1,0.288009,0.686439,0.313561,1,0.376237,0.618158,0.381842,1,0.481012,0.547034,0.452966,0,0.791939,0.475377,0.524623,0,0.645075,0.40545,0.59455,0,0.51995,0.339272,0.660728,0,0.414414,0.278464,0.721536,0,0.326374,0.224155,0.775845,0,0.253803,0.176961,0.823039,0,0.194751,0.137018,0.862982,0,0.147362,1e-06,1.6e-05,0.000101,0.000436,0.001429,0.003781,0.008416,0.01621,0.027575,0.042089,0.058352,0.074222,0.087328,0.095701,0.098257,0.094989,0.086848,0.075384,0.062332,0.049245,0.037274,0.027096,0.018959,0.033589,6e-06,6.7e-05,0.000384,0.001481,0.004325,0.010203,0.020251,0.034781,0.052763,0.071813,0.088784,0.100703,0.105657,0.103251,0.094531,0.081493,0.066441,0.051427,0.037919,0.026714,0.018031,0.011688,0.007293,0.009945,0.997648,0.002352,0.993866,0.006134,0.98545,0.01455,0.969241,0.030759,0.941665,0.058335,0.899577,0.100423,0.841224,0.158776,0.767002,0.232998,0.679674,0.320326,0.583972,0.416028,0.485716,0.514284,0.390726,0.609274,0.303879,0.696121,0.228495,0.771505,0.166163,0.833837,0.993691,0.006309,0.983488,0.016512,0.963236,0.036764,0.928455,0.071545,0.875692,0.124308,0.803879,0.196121,0.715095,0.284905,0.614392,0.385608,0.508735,0.491265,0.405483,0.594517,0.310952,0.689048,0.229459,0.770541,0.163018,0.836982,0.111591,0.888409,0.073672,0.926328,1,0.002355,1,0.006329,1,0.006153,1,0.01665,1,0.014657,1,0.037457,1,0.031242,1,0.074233,1,0.060106,1,0.132741,1,0.105831,1,0.218307,1,0.172897,1,0.33534,1,0.265266,1,0.487122,0,1.138416,1,0.675828,0,0.877003,1,0.902676,0,0.66498,0,0.372444,0,0.495487,0,0.260662,0,0.362232,0,0.177953,0,0.259412,0,0.118323,0,0.181717,0,0.076527
2489,2025/26,17,Wisła Płock,Lech Poznań,8.0,13.0,21.0,11.4221,11.1072,22.5293,0.010018,1,4127.0628,0.4231,0.4342,0.1862,0.3384,0.2917,0.0,0.0,0.0,1e-06,4e-06,1.6e-05,5.5e-05,0.000165,0.000431,0.001009,0.002134,0.004124,0.007341,0.012118,0.018665,0.026957,0.036671,0.04717,0.05757,0.066872,0.074132,0.078625,0.079962,0.078139,0.073506,0.06668,0.058422,0.04951,0.040638,0.032348,0.025,0.01878,0.013726,0.00977,0.006779,0.004589,0.003033,0.001959,0.001237,0.000764,0.000462,0.000274,0.000159,9.1e-05,5.1e-05,2.8e-05,3.1e-05,0.926981,0.073019,1,0.075822,0.89031,0.10969,1,0.116186,0.84314,0.15686,1,0.170622,0.78557,0.21443,1,0.241346,0.718698,0.281302,1,0.330314,0.644566,0.355434,1,0.439177,0.565942,0.434058,0,0.834576,0.485979,0.514021,0,0.665492,0.40784,0.59216,0,0.523979,0.334334,0.665666,0,0.406968,0.267654,0.732346,0,0.311502,0.209232,0.790768,0,0.234751,0.159722,0.840278,0,0.174023,0.119084,0.880916,0,0.126793,0.086736,0.913264,0,0.09073,0.061735,0.938265,0,0.063723,0.042955,0.957045,0,0.043905,0.029229,0.970771,0,0.029665,0.019459,0.980541,0,0.01965,2e-05,0.000206,0.001067,0.003717,0.00981,0.020915,0.037518,0.058235,0.07984,0.09821,0.109734,0.112488,0.106665,0.094205,0.077949,0.060731,0.044749,0.031304,0.02086,0.013282,0.008102,0.004747,0.002677,0.002963,2.7e-05,0.000267,0.001346,0.004575,0.011774,0.02448,0.042822,0.064819,0.086663,0.103957,0.113274,0.113236,0.10471,0.090184,0.072771,0.05529,0.03973,0.027103,0.017613,0.010936,0.006506,0.003717,0.002044,0.002155,0.985174,0.014826,0.964258,0.035742,0.926741,0.073259,0.868506,0.131494,0.788666,0.211334,0.690456,0.309544,0.580722,0.419278,0.468233,0.531767,0.361569,0.638431,0.267364,0.732636,0.189415,0.810585,0.128684,0.871316,0.083935,0.916065,0.052631,0.947369,0.031771,0.968229,0.982008,0.017992,0.957528,0.042472,0.914707,0.085293,0.849888,0.150112,0.763225,0.236775,0.659268,0.340732,0.545994,0.454006,0.432758,0.567242,0.328047,0.671953,0.237863,0.762137,0.165092,0.834908,0.109802,0.890198,0.070072,0.929928,0.04297,0.95703,0.025357,0.974643,1,0.014937,1,0.018156,1,0.036396,1,0.0434,1,0.076081,1,0.089151,1,0.140981,1,0.162651,0,1.554315,1,0.270202,0,1.172655,1,0.416625,0,0.869221,1,0.605147,0,0.63155,1,0.837577,0,0.448742,1,1.114598,0,0.311106,0,0.271629,0,0.209999,0,0.180434,0,0.137751,0,0.116311,0,0.087668,0,0.072648,0,0.054067,0,0.043921,0,0.032287,0,0.025684
2490,2025/26,17,Lechia Gdańsk,Bruk-Bet Termalica Nieciecza,14.0,9.0,23.0,10.7356,11.9977,22.7332,0.010018,1,4127.0628,0.4231,0.4342,0.1862,0.3384,0.2917,0.0,0.0,0.0,1e-06,3e-06,1.4e-05,4.8e-05,0.000145,0.000383,0.000904,0.001928,0.003756,0.006739,0.011215,0.017412,0.025349,0.034761,0.045072,0.055453,0.064932,0.072564,0.077585,0.079544,0.078361,0.074314,0.067962,0.06003,0.051288,0.042442,0.034061,0.02654,0.0201,0.014812,0.01063,0.007437,0.005076,0.003382,0.002203,0.001402,0.000874,0.000533,0.000319,0.000187,0.000107,6e-05,3.3e-05,3.8e-05,0.932102,0.067898,1,0.070313,0.897341,0.102659,1,0.108319,0.852269,0.147731,1,0.159853,0.796816,0.203184,1,0.227132,0.731883,0.268117,1,0.312134,0.65932,0.34068,1,0.416547,0.581735,0.418265,1,0.54174,0.502191,0.497809,1,0.688774,0.42383,0.57617,0,0.551353,0.349516,0.650484,0,0.430039,0.281554,0.718446,0,0.330665,0.221524,0.778476,0,0.250417,0.170236,0.829764,0,0.186614,0.127794,0.872206,0,0.136729,0.093733,0.906267,0,0.098421,0.067193,0.932807,0,0.069557,0.047093,0.952907,0,0.048238,0.032281,0.967719,0,0.032814,0.021651,0.978349,0,0.021889,3.7e-05,0.000362,0.00177,0.005832,0.014558,0.029354,0.049798,0.073101,0.094783,0.110264,0.116517,0.11296,0.101299,0.084611,0.066211,0.048787,0.033997,0.022492,0.014175,0.008535,0.004924,0.002728,0.001455,0.001447,1.2e-05,0.000129,0.000696,0.002534,0.006989,0.01557,0.029185,0.047339,0.067822,0.08718,0.101792,0.109041,0.108047,0.099719,0.086223,0.0702,0.054053,0.039513,0.027515,0.018308,0.01167,0.007145,0.00421,0.005092,0.977439,0.022561,0.948085,0.051915,0.898287,0.101713,0.825186,0.174814,0.730403,0.269597,0.620138,0.379862,0.503622,0.496378,0.390662,0.609338,0.289363,0.710637,0.204752,0.795248,0.138541,0.861459,0.089754,0.910246,0.055756,0.944244,0.033264,0.966736,0.01909,0.98091,0.989626,0.010374,0.974056,0.025944,0.944871,0.055129,0.897531,0.102469,0.829709,0.170291,0.742529,0.257471,0.640737,0.359263,0.531696,0.468304,0.423648,0.576352,0.323929,0.676071,0.237706,0.762294,0.167506,0.832494,0.113453,0.886547,0.073939,0.926061,0.046424,0.953576,1,0.022819,1,0.010428,1,0.053311,1,0.026286,1,0.107266,1,0.056707,1,0.192146,1,0.108108,1,0.314159,1,0.18668,1,0.477813,0,1.356848,1,0.685929,0,1.023701,1,0.939913,0,0.758638,1,1.240073,0,0.551037,1,1.585956,0,0.391457,0,0.149128,0,0.271423,0,0.09404,0,0.183329,0,0.057371,0,0.120421,0,0.03383,0,0.076815,0,0.019275,0,0.047536
2491,2025/26,17,Motor Lublin,Legia Warszawa,9.0,22.0,31.0,12.1402,13.2635,25.4038,0.010018,1,4127.0628,0.4231,0.4342,0.1862,0.3384,0.2917,0.0,0.0,0.0,0.0,0.0,2e-06,8e-06,2.7e-05,7.8e-05,0.000204,0.000479,0.001031,0.002043,0.003754,0.006435,0.010346,0.015665,0.02243,0.030471,0.039399,0.048617,0.057398,0.064979,0.070683,0.074016,0.074742,0.072896,0.068769,0.062835,0.055679,0.047904,0.040059,0.032594,0.025828,0.01995,0.015034,0.011062,0.007953,0.005592,0.003846,0.002591,0.00171,0.001106,0.000702,0.000437,0.000267,0.00038,0.975593,0.024407,1,0.02471,0.959928,0.040072,1,0.040898,0.937498,0.062502,1,0.064541,0.907027,0.092973,1,0.097584,0.867628,0.132372,1,0.141992,0.81901,0.18099,1,0.199658,0.761613,0.238387,1,0.272317,0.696633,0.303367,1,0.361496,0.625951,0.374049,1,0.468484,0.551934,0.448066,1,0.594326,0.477193,0.522807,1,0.739835,0.404296,0.595704,1,0.905607,0.335528,0.664472,1,1.092051,0.272692,0.727308,1,1.299412,0.217013,0.782987,1,1.527799,0.169109,0.830891,1,1.777211,0.12905,0.87095,0,0.138171,0.096457,0.903543,0,0.101431,0.070629,0.929371,0,0.073247,1.1e-05,0.000114,0.000626,0.002303,0.006419,0.014453,0.027378,0.044878,0.064977,0.084407,0.099598,0.10782,0.107969,0.100702,0.087995,0.072402,0.056339,0.04162,0.029289,0.019694,0.012687,0.007849,0.004674,0.005777,4e-06,4.6e-05,0.00027,0.001076,0.003244,0.0079,0.016188,0.028703,0.044953,0.063164,0.080619,0.094403,0.102255,0.103162,0.097507,0.08678,0.073043,0.058368,0.04443,0.032315,0.022517,0.015069,0.009706,0.014194,0.990509,0.009491,0.976056,0.023944,0.948678,0.051322,0.9038,0.0962,0.838823,0.161177,0.754416,0.245584,0.654818,0.345182,0.546998,0.453002,0.439028,0.560972,0.338327,0.661673,0.250331,0.749669,0.17793,0.82207,0.121591,0.878409,0.079971,0.920029,0.050682,0.949318,0.995277,0.004723,0.987377,0.012623,0.971188,0.028812,0.942485,0.057515,0.897532,0.102468,0.834368,0.165632,0.753748,0.246252,0.659345,0.340655,0.55709,0.44291,0.453929,0.546071,0.356422,0.643578,0.269641,0.730359,0.196599,0.803401,0.138231,0.861769,0.093801,0.906199,1,0.009536,1,0.004734,1,0.024235,1,0.012703,1,0.052686,1,0.029235,1,0.101147,1,0.059235,1,0.175756,1,0.108107,0,1.404116,1,0.181081,0,1.063683,1,0.282697,0,0.791859,1,0.416508,0,0.578084,1,0.585028,0,0.412984,1,0.789814,0,0.288124,1,1.03164,0,0.19593,1,1.310664,0,0.129643,1,1.626589,0,0.08335,1,1.978829,0,0.052011,1,2.36658
2492,2025/26,17,Zagłębie Lubin,Jagiellonia Białystok,17.0,18.0,35.0,12.7658,11.6425,24.4083,0.010018,1,4127.0628,0.4231,0.4342,0.1862,0.3384,0.2917,0.0,0.0,0.0,0.0,1e-06,4e-06,1.6e-05,5.1e-05,0.000143,0.000358,0.000814,0.00169,0.003231,0.00573,0.00948,0.014709,0.021494,0.029701,0.038941,0.048592,0.057868,0.065935,0.072037,0.075625,0.076427,0.074482,0.070107,0.063829,0.056286,0.048135,0.039967,0.032256,0.025328,0.01937,0.01444,0.010502,0.007458,0.005175,0.003511,0.002331,0.001515,0.000965,0.000602,0.000369,0.000222,0.000131,0.000172,0.963773,0.036227,1,0.036899,0.942279,0.057721,1,0.059454,0.912578,0.087422,1,0.091482,0.873637,0.126363,1,0.135091,0.825045,0.174955,1,0.192318,0.767176,0.232824,1,0.265039,0.701242,0.298758,1,0.354903,0.629204,0.370796,1,0.463299,0.553579,0.446421,1,0.59135,0.477152,0.522848,1,0.73992,0.40267,0.59733,1,0.909638,0.332563,0.667437,1,1.100927,0.268734,0.731266,1,1.314034,0.212448,0.787552,1,1.549059,0.164313,0.835687,1,1.805983,0.124346,0.875654,1,2.084689,0.09209,0.90791,1,2.384987,0.066762,0.933238,1,2.706626,0.047392,0.952608,1,3.04931,6e-06,6.9e-05,0.000392,0.00151,0.004401,0.010361,0.020524,0.03518,0.053262,0.07235,0.089271,0.101057,0.10582,0.103207,0.094304,0.081137,0.066021,0.051001,0.037531,0.026389,0.017776,0.011501,0.007161,0.009725,1.7e-05,0.000172,0.000906,0.003211,0.008623,0.018701,0.034125,0.053884,0.075152,0.094041,0.106891,0.111468,0.107524,0.096604,0.081315,0.064449,0.048309,0.034378,0.023305,0.015095,0.009367,0.005583,0.003202,0.003668,0.993578,0.006422,0.983218,0.016782,0.962694,0.037306,0.927514,0.072486,0.874252,0.125748,0.801902,0.198098,0.712631,0.287369,0.611574,0.388426,0.505754,0.494246,0.402547,0.597453,0.308244,0.691756,0.227106,0.772894,0.161085,0.838915,0.110083,0.889917,0.072552,0.927448,0.987063,0.012937,0.968362,0.031638,0.934237,0.065763,0.880352,0.119648,0.8052,0.1948,0.711159,0.288841,0.604268,0.395732,0.4928,0.5072,0.385277,0.614723,0.288672,0.711328,0.207357,0.792643,0.142908,0.857092,0.094598,0.905402,0.06022,0.93978,0.036915,0.963085,1,0.006443,1,0.013021,1,0.016924,1,0.032149,1,0.03802,1,0.068025,1,0.075247,1,0.127433,1,0.134387,1,0.216665,1,0.220769,1,0.340859,1,0.338792,1,0.503737,1,0.491719,1,0.707652,1,0.681705,1,0.953793,1,0.909943,1,1.242464,1,1.176864,1,1.573313,1,1.482338,1,1.945554,1,1.825823,1,2.358119,0,0.116627,1,2.809751,0,0.075319,0,0.037614
2493,2025/26,17,Radomiak Radom,Górnik Zabrze,19.0,11.0,30.0,12.2366,12.0475,24.2841,0.010018,1,4127.0628,0.4231,0.4342,0.1862,0.3384,0.2917,0.0,0.0,0.0,0.0,1e-06,5e-06,1.7e-05,5.5e-05,0.000153,0.000384,0.000868,0.001794,0.003416,0.006031,0.009933,0.015343,0.022321,0.030705,0.040078,0.049786,0.059024,0.066949,0.072816,0.076097,0.076556,0.074269,0.06959,0.063069,0.055363,0.047129,0.038953,0.031293,0.02446,0.01862,0.013817,0.010002,0.00707,0.004883,0.003298,0.002179,0.00141,0.000894,0.000555,0.000338,0.000202,0.000119,0.000154,0.962,0.038,1,0.03874,0.939679,0.060321,1,0.062217,0.908974,0.091026,1,0.095439,0.868896,0.131104,1,0.140532,0.81911,0.18089,1,0.199537,0.760086,0.239914,1,0.274324,0.693137,0.306863,1,0.366527,0.620322,0.379678,1,0.477517,0.544225,0.455775,1,0.608393,0.467669,0.532331,1,0.759995,0.3934,0.6066,1,0.93293,0.32381,0.67619,1,1.127599,0.260741,0.739259,1,1.344229,0.205378,0.794622,1,1.582904,0.158249,0.841751,1,1.843588,0.119295,0.880705,0,0.127033,0.088002,0.911998,0,0.092118,0.063542,0.936458,0,0.065651,0.044922,0.955078,0,0.045963,1e-05,0.000106,0.000582,0.002159,0.006059,0.013739,0.02621,0.043267,0.063087,0.082531,0.098073,0.106921,0.107826,0.10128,0.089126,0.073851,0.057873,0.043056,0.030514,0.020663,0.013405,0.008352,0.005009,0.006282,1.1e-05,0.000124,0.00067,0.002451,0.006784,0.015171,0.028543,0.046469,0.066821,0.086211,0.101034,0.10863,0.108038,0.10008,0.086856,0.070977,0.054854,0.040247,0.02813,0.018786,0.012019,0.007386,0.004368,0.005323,0.991063,0.008937,0.977325,0.022675,0.951115,0.048885,0.907848,0.092152,0.844762,0.155238,0.76223,0.23777,0.664157,0.335843,0.557236,0.442764,0.44941,0.55059,0.34813,0.65187,0.259005,0.740995,0.185154,0.814846,0.127281,0.872719,0.084225,0.915775,0.053711,0.946289,0.989943,0.010057,0.974772,0.025228,0.94623,0.05377,0.899761,0.100239,0.83294,0.16706,0.746728,0.253272,0.645695,0.354305,0.537065,0.462935,0.429027,0.570973,0.328947,0.671053,0.242091,0.757909,0.171114,0.828886,0.11626,0.88374,0.076013,0.923987,0.047882,0.952118,1,0.008977,1,0.010108,1,0.022936,1,0.025552,1,0.05012,1,0.05527,1,0.096678,1,0.105626,1,0.1687,1,0.182794,1,0.271507,1,0.292054,1,0.409237,1,0.437428,1,0.584766,0,0.770169,1,0.79982,0,0.560413,1,1.055179,0,0.398907,1,1.350908,0,0.277192,1,1.686567,0,0.187673,1,2.061358,0,0.123592,1,2.474263,0,0.079057,1,2.924137,0,0.049066
2494,2025/26,17,Korona Kielce,Cracovia,16.0,15.0,31.0,11.5351,13.0587,24.5938,0.010018,1,4127.0628,0.4231,0.4342,0.1862,0.3384,0.2917,0.0,0.0,0.0,0.0,1e-06,4e-06,1.4e-05,4.5e-05,0.000128,0.000323,0.000739,0.001544,0.002971,0.005305,0.008835,0.0138,0.020301,0.02824,0.037274,0.046825,0.056138,0.064394,0.070829,0.074858,0.076163,0.074726,0.070813,0.064908,0.057626,0.049615,0.041476,0.033701,0.026644,0.020515,0.015398,0.011275,0.008061,0.005632,0.003847,0.002572,0.001683,0.001079,0.000678,0.000418,0.000253,0.00015,0.0002,0.966292,0.033708,1,0.034289,0.945991,0.054009,1,0.055522,0.917751,0.082249,1,0.085829,0.880477,0.119523,1,0.127291,0.833653,0.166347,1,0.181939,0.777514,0.222486,1,0.251654,0.71312,0.28688,1,0.338106,0.642291,0.357709,1,0.442714,0.567433,0.432567,1,0.566632,0.491271,0.508729,1,0.71076,0.416545,0.583455,1,0.875762,0.345732,0.654268,1,1.062092,0.280824,0.719176,1,1.270028,0.223198,0.776802,1,1.499696,0.173583,0.826417,1,1.7511,0.132107,0.867893,1,2.024144,0.098406,0.901594,0,0.103591,0.071762,0.928238,0,0.074467,0.051247,0.948753,0,0.052607,1.8e-05,0.000188,0.000981,0.003449,0.009183,0.019753,0.035746,0.055977,0.077425,0.096084,0.108311,0.112014,0.107157,0.095479,0.079703,0.062649,0.046572,0.032868,0.022097,0.014194,0.008735,0.005163,0.002937,0.003309,5e-06,5.4e-05,0.000315,0.001237,0.003679,0.008839,0.017863,0.031241,0.048258,0.066883,0.0842,0.09725,0.1039,0.10339,0.096388,0.084613,0.070247,0.055367,0.04157,0.029822,0.020497,0.013529,0.008596,0.012193,0.986173,0.013827,0.966421,0.033579,0.930675,0.069325,0.874698,0.125302,0.797272,0.202728,0.701188,0.298812,0.592877,0.407123,0.480863,0.519137,0.373706,0.626294,0.278227,0.721773,0.198524,0.801476,0.135875,0.864125,0.089303,0.910697,0.056435,0.943565,0.034338,0.965662,0.994645,0.005355,0.985807,0.014193,0.967943,0.032057,0.936703,0.063297,0.888444,0.111556,0.821561,0.178439,0.737361,0.262639,0.640111,0.359889,0.536212,0.463788,0.432822,0.567178,0.336433,0.663567,0.25182,0.74818,0.181573,0.818427,0.126207,0.873793,0.084637,0.915363,1,0.013923,1,0.005369,1,0.034156,1,0.014295,1,0.071845,1,0.032582,1,0.133877,1,0.065389,1,0.226559,1,0.118284,1,0.354979,1,0.196549,1,0.522768,1,0.304678,1,0.732173,1,0.446114,1,0.984286,1,0.623226,1,1.279318,1,0.837429,1,1.616845,1,1.089356,1,1.99602,0,0.290112,0,0.093545,0,0.200371,0,0.05809,0,0.134912,0,0.034941,0,0.088435
2495,2025/26,17,GKS Katowice,Pogoń Szczecin,17.0,10.0,27.0,11.2355,12.5557,23.7912,0.010018,1,4127.0628,0.4231,0.4342,0.1862,0.3384,0.2917,0.0,0.0,0.0,0.0,2e-06,7e-06,2.4e-05,7.5e-05,0.000206,0.000506,0.001124,0.00228,0.004261,0.007385,0.011942,0.018109,0.025865,0.034931,0.044763,0.054594,0.063547,0.070768,0.075571,0.077543,0.076595,0.07296,0.067124,0.059733,0.051485,0.043035,0.034927,0.027552,0.021147,0.015807,0.011518,0.008188,0.005684,0.003855,0.002557,0.001659,0.001054,0.000656,0.0004,0.00024,0.000141,8.1e-05,0.000101,0.954081,0.045919,1,0.047007,0.928217,0.071783,1,0.07449,0.893285,0.106715,1,0.112849,0.848522,0.151478,1,0.164259,0.793928,0.206072,1,0.230763,0.730381,0.269619,1,0.314189,0.659613,0.340387,1,0.416102,0.584042,0.415958,1,0.537783,0.506499,0.493501,1,0.680233,0.429904,0.570096,1,0.844194,0.356944,0.643056,1,1.030176,0.28982,0.71018,1,1.238495,0.230087,0.769913,0,0.261478,0.178602,0.821398,0,0.196748,0.135567,0.864433,0,0.145681,0.10064,0.89936,0,0.106072,0.073088,0.926912,0,0.075897,0.051942,0.948058,0,0.053339,0.036134,0.963866,0,0.036803,2.4e-05,0.00024,0.001224,0.004204,0.010934,0.022968,0.040595,0.062086,0.08387,0.101652,0.111912,0.113036,0.10561,0.091904,0.074928,0.057521,0.041761,0.028785,0.0189,0.011857,0.007127,0.004114,0.002286,0.002458,7e-06,8.2e-05,0.000459,0.001741,0.004999,0.011598,0.022639,0.038238,0.057046,0.076357,0.092839,0.103558,0.106854,0.102692,0.092462,0.07839,0.062853,0.047844,0.034693,0.024037,0.015955,0.010171,0.006241,0.008212,0.983369,0.016631,0.960401,0.039599,0.919807,0.080193,0.857721,0.142279,0.773851,0.226149,0.672199,0.327801,0.560287,0.439713,0.447251,0.552749,0.341641,0.658359,0.249737,0.750263,0.174808,0.825192,0.117288,0.882712,0.075526,0.924474,0.046742,0.953258,0.027842,0.972158,0.992679,0.007321,0.981081,0.018919,0.958442,0.041558,0.920204,0.079796,0.863158,0.136842,0.7868,0.2132,0.693962,0.306038,0.590403,0.409597,0.483549,0.516451,0.380858,0.619142,0.288396,0.711604,0.210006,0.789994,0.147154,0.852846,0.09931,0.90069,0.064617,0.935383,1,0.016771,1,0.007348,1,0.040404,1,0.0191,1,0.083591,1,0.042446,1,0.153476,1,0.08316,1,0.256376,1,0.147158,1,0.397201,1,0.239781,1,0.579306,0,1.184046,1,0.804635,0,0.892582,1,1.073995,0,0.660775,1,1.387347,0,0.479421,1,1.744067,0,0.340234,1,2.143123,0,0.23573,1,2.583278,0,0.159176,0,0.04787,0,0.104594,0,0.028237,0,0.066799
2496,2025/26,17,Piast Gliwice,Widzew Łódź,8.0,12.0,20.0,12.4114,11.7562,24.1676,0.010018,1,4127.0628,0.4231,0.4342,0.1862,0.3384,0.2917,0.0,0.0,0.0,0.0,1e-06,5e-06,1.9e-05,5.9e-05,0.000164,0.00041,0.000923,0.001899,0.0036,0.006329,0.01038,0.015964,0.023124,0.031673,0.041163,0.050915,0.060103,0.06788,0.073512,0.076495,0.076627,0.07402,0.06906,0.062321,0.054472,0.046173,0.038,0.030397,0.023659,0.017933,0.01325,0.009552,0.006723,0.004623,0.003109,0.002046,0.001318,0.000832,0.000515,0.000312,0.000186,0.000109,0.00014,0.960247,0.039753,1,0.040565,0.937122,0.062878,1,0.064941,0.905449,0.094551,1,0.099324,0.864286,0.135714,1,0.145852,0.81337,0.18663,1,0.206569,0.753267,0.246733,0,1.399449,0.685387,0.314613,0,1.156411,0.611875,0.388125,0,0.946427,0.535379,0.464621,0,0.766534,0.458752,0.541248,0,0.613877,0.384731,0.615269,0,0.485696,0.315672,0.684328,0,0.379318,0.25335,0.74665,0,0.292159,0.198878,0.801122,0,0.221742,0.152705,0.847295,0,0.165706,0.114704,0.885296,0,0.121834,0.084307,0.915693,0,0.088074,0.060648,0.939352,0,0.062565,0.042715,0.957285,0,0.043654,8e-06,9.2e-05,0.000511,0.001919,0.005455,0.012525,0.024198,0.040454,0.059735,0.07914,0.095238,0.105149,0.107386,0.102148,0.091032,0.076389,0.060622,0.045674,0.032781,0.02248,0.014769,0.009319,0.00566,0.007288,1.5e-05,0.000157,0.000833,0.002977,0.008064,0.017642,0.032475,0.051726,0.072772,0.091858,0.105323,0.110792,0.107805,0.097704,0.082959,0.066327,0.050151,0.036001,0.024618,0.016085,0.010069,0.006053,0.003503,0.004083,0.991988,0.008012,0.979463,0.020537,0.955264,0.044736,0.91481,0.08519,0.855075,0.144925,0.775935,0.224065,0.680698,0.319302,0.575549,0.424451,0.468163,0.531837,0.366015,0.633985,0.274982,0.725018,0.198594,0.801406,0.137972,0.862028,0.092297,0.907703,0.059516,0.940484,0.987944,0.012056,0.970302,0.029698,0.937827,0.062173,0.886101,0.113899,0.813329,0.186671,0.72147,0.27853,0.616147,0.383853,0.505356,0.494644,0.39755,0.60245,0.299847,0.700153,0.216887,0.783113,0.150561,0.849439,0.10041,0.89959,0.064409,0.935591,0.039791,0.960209,1,0.008044,1,0.012129,1,0.020751,1,0.030148,1,0.045768,1,0.06419,1,0.089039,1,0.120924,0,1.931539,1,0.20662,0,1.495819,1,0.326464,0,1.141618,1,0.48427,0,0.856959,1,0.682492,0,0.631418,0,0.506751,0,0.45573,0,0.356456,0,0.321559,0,0.244478,0,0.221388,0,0.163179,0,0.148468,0,0.105816,0,0.096838,0,0.066577,0,0.061361,0,0.040604
2497,2025/26,18,Arka Gdynia,Motor Lublin,12.0,18.0,30.0,13.5573,13.1493,26.7065,0.010187,1,4178.3587,0.4462,0.4575,0.187,0.3282,0.2926,0.0,0.0,0.0,0.0,0.0,1e-06,3e-06,1.2e-05,3.6e-05,9.7e-05,0.000238,0.000534,0.001104,0.002119,0.003794,0.006369,0.010074,0.015066,0.02138,0.028878,0.037229,0.045922,0.054319,0.061742,0.067563,0.071299,0.072676,0.071658,0.068438,0.063391,0.057012,0.049842,0.042398,0.035126,0.02837,0.022356,0.017201,0.012933,0.009509,0.006842,0.00482,0.003327,0.002251,0.001494,0.000973,0.000622,0.000985,0.985694,0.014306,1,0.014409,0.97562,0.02438,1,0.024682,0.960555,0.039445,1,0.040244,0.939175,0.060825,1,0.062753,0.910297,0.089703,1,0.093984,0.873068,0.126932,1,0.135742,0.827146,0.172854,1,0.189774,0.772827,0.227173,1,0.2577,0.711085,0.288915,1,0.340964,0.643522,0.356478,1,0.440799,0.572223,0.427777,1,0.558226,0.499547,0.500453,1,0.694053,0.427889,0.572111,1,0.848891,0.359451,0.640549,1,1.023177,0.29606,0.70394,1,1.217192,0.239048,0.760952,0,0.273185,0.189206,0.810794,0,0.209742,0.146809,0.853191,0,0.158771,0.111682,0.888318,0,0.118426,3e-06,3.6e-05,0.000219,0.000887,0.002721,0.006747,0.014078,0.025421,0.040552,0.058048,0.075487,0.090074,0.099434,0.102251,0.098523,0.0894,0.07673,0.062529,0.048547,0.036018,0.025605,0.017483,0.011492,0.017595,4e-06,5.1e-05,0.000297,0.001171,0.0035,0.008447,0.017156,0.030158,0.046831,0.065257,0.082609,0.095956,0.103116,0.103224,0.096821,0.085524,0.071455,0.056685,0.042842,0.030942,0.021412,0.014233,0.009107,0.013128,0.996013,0.003987,0.989266,0.010734,0.975188,0.024812,0.949767,0.050233,0.909215,0.090785,0.851167,0.148833,0.77568,0.22432,0.685607,0.314393,0.586173,0.413827,0.483923,0.516077,0.385399,0.614601,0.295999,0.704001,0.219269,0.780731,0.15674,0.84326,0.108193,0.891807,0.994904,0.005096,0.986457,0.013543,0.9693,0.0307,0.939143,0.060857,0.892312,0.107688,0.827055,0.172945,0.744446,0.255554,0.648489,0.351511,0.545373,0.454627,0.442149,0.557851,0.345328,0.654672,0.259803,0.740197,0.188348,0.811652,0.131663,0.868337,0.088821,0.911179,1,0.003995,1,0.005109,1,0.010792,1,0.013636,1,0.025125,1,0.031181,1,0.051539,1,0.062788,1,0.095174,1,0.113939,1,0.161147,1,0.189884,1,0.254015,1,0.295115,1,0.377451,1,0.43311,0,0.882307,1,0.606285,0,0.661499,1,0.816108,0,0.486782,1,1.063261,0,0.350976,1,1.347832,0,0.247525,1,1.669464,0,0.17048,1,2.02751,0,0.114506,0,0.093016
2498,2025/26,18,Bruk-Bet Termalica Nieciecza,Jagiellonia Białystok,18.0,10.0,28.0,12.4982,12.7878,25.286,0.010187,1,4178.3587,0.4462,0.4575,0.187,0.3282,0.2926,0.0,0.0,0.0,0.0,1e-06,2e-06,9e-06,2.9e-05,8.5e-05,0.000219,0.000514,0.0011,0.002169,0.003966,0.006766,0.010825,0.016314,0.023249,0.031439,0.040464,0.049708,0.058425,0.065853,0.071324,0.074371,0.074785,0.072638,0.068246,0.062108,0.054817,0.046978,0.039134,0.031721,0.025042,0.019272,0.014471,0.01061,0.007601,0.005326,0.003651,0.002451,0.001612,0.001039,0.000657,0.000408,0.000249,0.000351,0.974313,0.025687,1,0.026023,0.957999,0.042001,1,0.042909,0.93475,0.06525,1,0.067476,0.903311,0.096689,1,0.101688,0.862847,0.137153,1,0.147518,0.81314,0.18686,1,0.206852,0.754715,0.245285,1,0.281415,0.688862,0.311138,1,0.372714,0.617538,0.382462,1,0.482015,0.543167,0.456833,1,0.610339,0.468381,0.531619,1,0.758473,0.395743,0.604257,1,0.926989,0.327497,0.672503,1,1.116275,0.26539,0.73461,0,0.308415,0.210572,0.789428,0,0.236447,0.163595,0.836405,0,0.178642,0.124461,0.875539,0,0.132915,0.09274,0.90726,0,0.097326,0.067698,0.932302,0,0.070098,8e-06,8.6e-05,0.000483,0.001821,0.005201,0.012002,0.023307,0.039169,0.058153,0.077474,0.093768,0.104134,0.106989,0.102396,0.091826,0.077549,0.061946,0.046983,0.03395,0.023442,0.01551,0.009857,0.00603,0.007887,6e-06,6.8e-05,0.000389,0.001497,0.004364,0.010278,0.020368,0.034932,0.052925,0.071954,0.088872,0.10072,0.105603,0.103142,0.094391,0.08135,0.066314,0.051327,0.037849,0.026671,0.018008,0.011678,0.007291,0.00996,0.99237,0.00763,0.980368,0.019632,0.957062,0.042938,0.917892,0.082108,0.859739,0.140261,0.782265,0.217735,0.688498,0.311502,0.584364,0.415636,0.477375,0.522625,0.37498,0.62502,0.283154,0.716846,0.205604,0.794396,0.143658,0.856342,0.096675,0.903325,0.062726,0.937274,0.993629,0.006371,0.983351,0.016649,0.962984,0.037016,0.928052,0.071948,0.875128,0.124872,0.803174,0.196826,0.714302,0.285698,0.613582,0.386418,0.507979,0.492021,0.404837,0.595163,0.310446,0.689554,0.229097,0.770903,0.162783,0.837217,0.111456,0.888544,0.073607,0.926393,1,0.007659,1,0.006391,1,0.019827,1,0.016789,1,0.043887,1,0.037718,1,0.085676,1,0.074668,1,0.151126,1,0.133385,1,0.245562,1,0.219184,1,0.373243,0,1.25282,1,0.537231,0,0.950836,1,0.739453,0,0.709234,1,0.980883,0,0.51892,1,1.261764,0,0.37171,1,1.581803,0,0.260193,1,1.94032,0,0.177672,1,2.3364,0,0.118171,0,0.06478,0,0.076457
2499,2025/26,18,Lechia Gdańsk,Górnik Zabrze,14.0,4.0,18.0,10.7751,11.2626,22.0377,0.010187,1,4178.3587,0.4462,0.4575,0.187,0.3282,0.2926,0.0,0.0,0.0,1e-06,6e-06,2.3e-05,7.7e-05,0.000225,0.000576,0.00132,0.002736,0.005179,0.00903,0.014604,0.022037,0.031185,0.041568,0.052395,0.062668,0.071343,0.077517,0.080589,0.080343,0.076968,0.070987,0.063138,0.054243,0.045077,0.036285,0.028327,0.021473,0.015822,0.011343,0.007921,0.005392,0.003581,0.002322,0.001472,0.000912,0.000553,0.000328,0.000191,0.000109,6.1e-05,3.3e-05,1.8e-05,2e-05,0.913,0.087,1,0.091019,0.871432,0.128568,1,0.137617,0.819037,0.180963,1,0.199626,0.756369,0.243631,0,1.412102,0.685027,0.314973,0,1.155268,0.607509,0.392491,0,0.935243,0.526921,0.473079,0,0.748492,0.446578,0.553422,0,0.591634,0.369609,0.630391,0,0.461415,0.298622,0.701378,0,0.354708,0.235484,0.764516,0,0.268512,0.181241,0.818759,0,0.199965,0.136164,0.863836,0,0.146372,0.099879,0.900121,0,0.105226,0.071551,0.928449,0,0.07424,0.050079,0.949921,0,0.051376,0.034257,0.965743,0,0.034858,0.022914,0.977086,0,0.02318,0.014993,0.985007,0,0.015106,3.6e-05,0.000352,0.001728,0.005708,0.014278,0.028856,0.049074,0.072229,0.093913,0.109572,0.116141,0.112957,0.101636,0.085189,0.066905,0.049483,0.034616,0.022993,0.014551,0.008799,0.005098,0.002838,0.00152,0.001525,2.3e-05,0.000237,0.001207,0.004149,0.0108,0.022713,0.040195,0.061561,0.083291,0.101123,0.111536,0.112881,0.10569,0.092182,0.075335,0.05798,0.042207,0.029173,0.01921,0.012088,0.007289,0.004221,0.002353,0.002549,0.977895,0.022105,0.949038,0.050962,0.899964,0.100036,0.827735,0.172265,0.733822,0.266178,0.624251,0.375749,0.50811,0.49189,0.395153,0.604847,0.293517,0.706483,0.208328,0.791672,0.141424,0.858576,0.091941,0.908059,0.057324,0.942676,0.034331,0.965669,0.019781,0.980219,0.983578,0.016422,0.960865,0.039135,0.92067,0.07933,0.859109,0.140891,0.775818,0.224182,0.674695,0.325305,0.563159,0.436841,0.450278,0.549722,0.344587,0.655413,0.252405,0.747595,0.17707,0.82293,0.11909,0.88091,0.076884,0.923116,0.047711,0.952289,0.0285,0.9715,1,0.022353,0,4.109133,1,0.052306,0,3.240738,1,0.105401,0,2.534139,1,0.189062,0,1.959769,1,0.309489,0,1.495297,1,0.471203,0,1.122992,1,0.677057,0,0.828186,1,0.928482,0,0.598343,1,1.22582,0,0.42249,1,1.568642,0,0.290894,0,0.15248,0,0.194884,0,0.096446,0,0.1268,0,0.059033,0,0.08,0,0.034934,0,0.048887,0,0.019979,0,0.028914
2500,2025/26,18,Pogoń Szczecin,Radomiak Radom,17.0,15.0,32.0,11.8621,13.0538,24.9159,0.010187,1,4178.3587,0.4462,0.4575,0.187,0.3282,0.2926,0.0,0.0,0.0,0.0,1e-06,3e-06,1.1e-05,3.7e-05,0.000106,0.000271,0.000627,0.001324,0.002576,0.004649,0.007827,0.012358,0.01838,0.025851,0.034501,0.043826,0.053136,0.06164,0.068572,0.073303,0.07544,0.074875,0.07178,0.066564,0.059792,0.052089,0.044061,0.036229,0.028986,0.022588,0.017159,0.012718,0.009204,0.006509,0.004502,0.003046,0.002019,0.001311,0.000834,0.000521,0.000319,0.000192,0.000263,0.97021,0.02979,1,0.030243,0.951829,0.048171,1,0.049369,0.925978,0.074022,1,0.076905,0.891477,0.108523,1,0.114875,0.847651,0.152349,1,0.165286,0.794515,0.205485,1,0.230023,0.732875,0.267125,1,0.31078,0.664303,0.335697,1,0.409017,0.591,0.409,1,0.52594,0.515559,0.484441,1,0.662503,0.440685,0.559315,1,0.819426,0.368905,0.631095,1,0.997217,0.30234,0.69766,1,1.196202,0.242548,0.757452,1,1.416554,0.19046,0.80954,1,1.658314,0.146398,0.853602,1,1.921424,0.110169,0.889831,1,2.20574,0.081183,0.918817,0,0.084668,0.058595,0.941405,0,0.060382,1.4e-05,0.000145,0.000775,0.002789,0.007605,0.016753,0.031056,0.049823,0.070612,0.0898,0.103751,0.109988,0.107873,0.098554,0.084368,0.068015,0.051863,0.037549,0.025901,0.017073,0.010783,0.006541,0.00382,0.004538,5e-06,5.5e-05,0.000319,0.00125,0.00371,0.008899,0.017958,0.031365,0.048393,0.067001,0.084273,0.097262,0.10385,0.103291,0.096264,0.084486,0.070136,0.055282,0.041513,0.02979,0.020483,0.013528,0.0086,0.012223,0.98866,0.01134,0.971906,0.028094,0.94085,0.05915,0.891027,0.108973,0.820415,0.179585,0.730615,0.269385,0.626864,0.373136,0.516876,0.483124,0.409003,0.590997,0.31045,0.68955,0.226082,0.773918,0.158067,0.841933,0.106204,0.893796,0.068655,0.931345,0.042754,0.957246,0.994596,0.005404,0.985697,0.014303,0.967739,0.032261,0.936375,0.063625,0.887982,0.112018,0.820981,0.179019,0.736708,0.263292,0.639445,0.360555,0.535596,0.464404,0.432305,0.567695,0.336041,0.663959,0.251555,0.748445,0.181419,0.818581,0.126137,0.873863,0.084624,0.915376,1,0.011405,1,0.005419,1,0.028496,1,0.014406,1,0.060972,1,0.032793,1,0.115381,1,0.065739,1,0.197945,1,0.118804,1,0.313869,1,0.197255,1,0.467026,1,0.305564,1,0.659952,1,0.447155,1,0.894033,1,0.624375,1,1.169732,1,0.838624,1,1.486858,1,1.090522,1,1.844736,0,0.289758,1,2.242394,0,0.200183,0,0.071126,0,0.134832,0,0.043695,0,0.08842
2501,2025/26,18,Korona Kielce,Wisła Płock,13.0,9.0,22.0,11.8517,12.097,23.9486,0.010187,1,4178.3587,0.4462,0.4575,0.187,0.3282,0.2926,0.0,0.0,0.0,0.0,1e-06,6e-06,2.2e-05,6.8e-05,0.000189,0.000466,0.001041,0.002123,0.003988,0.006948,0.011295,0.017218,0.024725,0.033574,0.04326,0.053055,0.062103,0.069553,0.0747,0.077093,0.076597,0.073392,0.067925,0.060809,0.052731,0.044347,0.036214,0.028745,0.022201,0.016701,0.012247,0.008762,0.006122,0.004179,0.00279,0.001822,0.001166,0.000731,0.000449,0.00027,0.00016,9.3e-05,0.000118,0.956634,0.043366,1,0.044334,0.931909,0.068091,1,0.07052,0.898335,0.101665,1,0.107212,0.855075,0.144925,1,0.156566,0.80202,0.19798,1,0.220622,0.739917,0.260083,1,0.301217,0.670364,0.329636,1,0.399934,0.595664,0.404336,0,0.905509,0.518571,0.481429,0,0.730997,0.441975,0.558025,0,0.583351,0.368582,0.631418,0,0.459787,0.300657,0.699343,0,0.357615,0.239848,0.760152,0,0.274237,0.187117,0.812883,0,0.207168,0.142769,0.857231,0,0.154048,0.106556,0.893444,0,0.112671,0.077811,0.922189,0,0.081005,0.055609,0.944391,0,0.057215,0.038908,0.961092,0,0.039685,1.4e-05,0.000146,0.000781,0.002809,0.007652,0.016844,0.031199,0.050013,0.070825,0.090001,0.103902,0.110062,0.107861,0.098466,0.084226,0.067848,0.051695,0.037399,0.025777,0.016977,0.010714,0.006495,0.00379,0.004495,1.1e-05,0.00012,0.000651,0.002384,0.006615,0.01483,0.027975,0.045671,0.065868,0.085244,0.100224,0.108122,0.107912,0.100328,0.0874,0.071702,0.055639,0.040993,0.028775,0.019301,0.012405,0.007658,0.004551,0.005603,0.988586,0.011414,0.971742,0.028258,0.940544,0.059456,0.890531,0.109469,0.819706,0.180294,0.729705,0.270295,0.625803,0.374197,0.515741,0.484259,0.40788,0.59212,0.309415,0.690585,0.225188,0.774812,0.157341,0.842659,0.105646,0.894354,0.068247,0.931753,0.04247,0.95753,0.990201,0.009799,0.975371,0.024629,0.947397,0.052603,0.901726,0.098274,0.835858,0.164142,0.750613,0.249387,0.65039,0.34961,0.542267,0.457733,0.434355,0.565645,0.334028,0.665972,0.246627,0.753373,0.174925,0.825075,0.119287,0.880713,0.078293,0.921707,0.049519,0.950481,1,0.01148,1,0.009847,1,0.028665,1,0.024937,1,0.061297,1,0.054037,1,0.115937,1,0.103445,1,0.19881,1,0.179297,1,0.315115,0,1.388749,1,0.46872,0,1.050937,1,0.662151,0,0.781469,1,0.896782,0,0.569789,0,0.370216,0,0.406508,0,0.255135,0,0.283195,0,0.171193,0,0.192281,0,0.111654,0,0.127023,0,0.070688,0,0.081528,0,0.043398,0,0.050787
2502,2025/26,18,Cracovia,Lech Poznań,20.0,9.0,29.0,12.7412,12.545,25.2862,0.010187,1,4178.3587,0.4462,0.4575,0.187,0.3282,0.2926,0.0,0.0,0.0,0.0,1e-06,2e-06,9e-06,2.9e-05,8.5e-05,0.000219,0.000514,0.0011,0.002169,0.003966,0.006766,0.010825,0.016313,0.023248,0.031437,0.040463,0.049706,0.058424,0.065852,0.071324,0.074371,0.074786,0.072638,0.068247,0.062109,0.054818,0.046979,0.039135,0.031722,0.025043,0.019273,0.014472,0.01061,0.007602,0.005326,0.003651,0.002451,0.001612,0.001039,0.000657,0.000408,0.000249,0.000351,0.974315,0.025685,1,0.026021,0.958002,0.041998,1,0.042906,0.934754,0.065246,1,0.067472,0.903317,0.096683,1,0.101682,0.862854,0.137146,1,0.14751,0.813148,0.186852,1,0.206842,0.754724,0.245276,1,0.281403,0.688873,0.311127,1,0.372699,0.617549,0.382451,1,0.481997,0.543178,0.456822,1,0.610318,0.468392,0.531608,1,0.758449,0.395754,0.604246,1,0.926963,0.327507,0.672493,1,1.116246,0.265398,0.734602,1,1.326524,0.21058,0.78942,0,0.236457,0.163601,0.836399,0,0.178649,0.124466,0.875534,0,0.132921,0.092744,0.907256,0,0.09733,0.067701,0.932299,0,0.070101,6e-06,7.1e-05,0.000403,0.001545,0.00449,0.010539,0.020818,0.035588,0.053746,0.072834,0.089669,0.101296,0.105864,0.103063,0.094015,0.080764,0.065624,0.05063,0.037214,0.026139,0.017592,0.011372,0.007076,0.0096,7e-06,8.3e-05,0.000466,0.001764,0.005056,0.011706,0.022808,0.038459,0.057288,0.076575,0.092987,0.10361,0.106804,0.102558,0.092277,0.078189,0.062664,0.047686,0.034572,0.023951,0.015899,0.010138,0.006222,0.008196,0.993442,0.006558,0.982903,0.017097,0.962086,0.037914,0.926497,0.073503,0.872752,0.127248,0.799918,0.200082,0.710248,0.289752,0.608952,0.391048,0.503088,0.496912,0.400025,0.599975,0.30601,0.69399,0.225246,0.774754,0.159622,0.840378,0.108992,0.891008,0.071778,0.928222,0.99259,0.00741,0.980883,0.019117,0.958075,0.041925,0.919616,0.080384,0.862328,0.137672,0.785753,0.214247,0.692766,0.307234,0.589156,0.410844,0.482353,0.517647,0.379794,0.620206,0.287517,0.712483,0.209328,0.790672,0.146664,0.853336,0.098978,0.901022,0.064407,0.935593,1,0.00658,1,0.007438,1,0.017245,1,0.019302,1,0.038651,1,0.042829,1,0.076344,1,0.083799,1,0.136104,1,0.14812,1,0.223246,0,1.540626,1,0.342141,0,1.180146,1,0.496016,0,0.889542,1,0.68699,0,0.658462,1,0.916228,0,0.477704,1,1.184137,0,0.338999,1,1.490562,0,0.234872,1,1.834947,0,0.158602,1,2.216481,0,0.104226,1,2.634177,0,0.066575
2503,2025/26,18,Raków Częstochowa,GKS Katowice,9.0,12.0,21.0,11.0361,14.3916,25.4278,0.010187,1,4178.3587,0.4462,0.4575,0.187,0.3282,0.2926,0.0,0.0,0.0,0.0,0.0,2e-06,8e-06,2.7e-05,7.9e-05,0.000204,0.00048,0.001032,0.002042,0.003749,0.006422,0.010317,0.015614,0.022347,0.030352,0.039238,0.048419,0.057171,0.064739,0.070449,0.07381,0.074582,0.072797,0.068737,0.062871,0.055775,0.048048,0.040236,0.032788,0.026025,0.020138,0.015205,0.011211,0.008077,0.005692,0.003925,0.00265,0.001753,0.001137,0.000724,0.000452,0.000277,0.000397,0.975637,0.024363,1,0.024665,0.960022,0.039978,1,0.040799,0.937675,0.062325,1,0.064352,0.907323,0.092677,1,0.097256,0.868085,0.131915,1,0.141466,0.819665,0.180335,1,0.198859,0.762494,0.237506,0,1.437562,0.697755,0.302245,0,1.196516,0.627305,0.372695,0,0.986995,0.553495,0.446505,0,0.806305,0.478913,0.521087,0,0.651839,0.406116,0.593884,0,0.521072,0.33738,0.66262,0,0.411553,0.274509,0.725491,0,0.320906,0.218733,0.781267,0,0.246839,0.170686,0.829314,0,0.187156,0.130449,0.869551,0,0.139779,0.097662,0.902338,0,0.102766,0.071637,0.928363,0,0.074332,2.9e-05,0.000285,0.001427,0.004814,0.012305,0.02541,0.044154,0.066402,0.088216,0.105166,0.113899,0.113188,0.104062,0.089121,0.071517,0.054046,0.038632,0.026219,0.016953,0.010475,0.006202,0.003527,0.001931,0.002018,1e-06,1.8e-05,0.000117,0.0005,0.001616,0.004222,0.009281,0.017658,0.02968,0.044766,0.061339,0.07712,0.089704,0.097196,0.098679,0.094347,0.085322,0.073263,0.059933,0.046852,0.035094,0.025249,0.017487,0.030246,0.981137,0.018863,0.955728,0.044272,0.911574,0.088426,0.845172,0.154828,0.756956,0.243044,0.65179,0.34821,0.537891,0.462109,0.424703,0.575297,0.320641,0.679359,0.23152,0.76848,0.160003,0.839997,0.105957,0.894043,0.067325,0.932675,0.041106,0.958894,0.024153,0.975847,0.997439,0.002561,0.993217,0.006783,0.983936,0.016064,0.966278,0.033722,0.936598,0.063402,0.891832,0.108168,0.830493,0.169507,0.753372,0.246628,0.663669,0.336331,0.566473,0.433527,0.467794,0.532206,0.373446,0.626554,0.288124,0.711876,0.214862,0.785138,0.154928,0.845072,1,0.019043,1,0.002564,1,0.045282,1,0.006806,1,0.092583,1,0.016194,1,0.168215,1,0.034304,1,0.27845,1,0.065501,0,1.05495,1,0.114478,0,0.771954,1,0.185736,0,0.552869,1,0.283196,0,0.386606,0,1.089659,0,0.263341,0,0.835801,0,0.174357,0,0.630725,0,0.112001,0,0.46752,0,0.069698,0,0.339852,0,0.041975,0,0.241896,0,0.024449,0,0.168333
2504,2025/26,18,Piast Gliwice,Legia Warszawa,13.0,19.0,32.0,11.4388,12.8358,24.2746,0.010187,1,4178.3587,0.4462,0.4575,0.187,0.3282,0.2926,0.0,0.0,0.0,0.0,1e-06,5e-06,1.8e-05,5.6e-05,0.000156,0.000389,0.00088,0.001815,0.00345,0.006083,0.010006,0.015436,0.022432,0.030826,0.040197,0.049891,0.059102,0.066991,0.072816,0.076057,0.076481,0.074169,0.069475,0.062952,0.055252,0.047032,0.038874,0.031233,0.024417,0.018592,0.0138,0.009995,0.007068,0.004884,0.003301,0.002183,0.001413,0.000897,0.000558,0.00034,0.000204,0.00012,0.000156,0.961706,0.038294,1,0.039046,0.939274,0.060726,1,0.062648,0.908448,0.091552,1,0.096018,0.868251,0.131749,1,0.141275,0.818359,0.181641,1,0.200454,0.759257,0.240743,1,0.275415,0.692266,0.307734,1,0.367785,0.61945,0.38055,1,0.478923,0.543393,0.456607,1,0.609922,0.466912,0.533088,1,0.761613,0.392744,0.607256,1,0.934598,0.323269,0.676731,1,1.129272,0.260317,0.739683,1,1.345856,0.205064,0.794936,1,1.584431,0.158032,0.841968,1,1.844958,0.119158,0.880842,1,2.127304,0.087925,0.912075,1,2.431266,0.063509,0.936491,0,0.065615,0.044917,0.955083,0,0.045957,2e-05,0.000205,0.00106,0.003694,0.00975,0.020792,0.037311,0.057945,0.079497,0.097869,0.10946,0.112332,0.10665,0.094322,0.078165,0.061,0.045028,0.031559,0.021073,0.013446,0.008221,0.004828,0.002729,0.003038,6e-06,6.5e-05,0.000375,0.001449,0.004239,0.010015,0.019913,0.034265,0.052087,0.071051,0.088048,0.100117,0.105319,0.103206,0.094764,0.081942,0.067018,0.052044,0.038505,0.027223,0.018442,0.012,0.007516,0.010341,0.985264,0.014736,0.964472,0.035528,0.927161,0.072839,0.869216,0.130784,0.789718,0.210282,0.691849,0.308151,0.582389,0.417611,0.470058,0.529942,0.363408,0.636592,0.269085,0.730915,0.190921,0.809079,0.129921,0.870079,0.084893,0.915107,0.053334,0.946666,0.032262,0.967738,0.993816,0.006184,0.983801,0.016199,0.963888,0.036112,0.929623,0.070377,0.877536,0.122464,0.806485,0.193515,0.718437,0.281563,0.61832,0.38168,0.513001,0.486999,0.409795,0.590205,0.315032,0.684968,0.23309,0.76691,0.166072,0.833928,0.114027,0.885973,0.075522,0.924478,1,0.014846,1,0.006203,1,0.036174,1,0.016332,1,0.075628,1,0.03678,1,0.140164,1,0.072976,1,0.236079,1,0.130637,1,0.368388,1,0.21507,1,0.540617,1,0.330677,1,0.754899,1,0.480749,1,1.012229,1,0.667477,0,0.313458,1,0.892098,0,0.211859,1,1.155081,0,0.139171,1,1.456331,0,0.088714,1,1.795334,0,0.054809,1,2.17132,0,0.032794,1,2.583331
2505,2025/26,18,Zagłębie Lubin,Widzew Łódź,6.0,17.0,23.0,12.8502,12.7218,25.572,0.010187,1,4178.3587,0.4462,0.4575,0.187,0.3282,0.2926,0.0,0.0,0.0,0.0,0.0,2e-06,7e-06,2.4e-05,7.1e-05,0.000186,0.000441,0.000953,0.001898,0.003504,0.006039,0.009758,0.014852,0.021377,0.029197,0.037955,0.047092,0.055905,0.063643,0.069621,0.073321,0.074467,0.073053,0.069322,0.063719,0.056801,0.049166,0.041366,0.033865,0.027003,0.020989,0.015918,0.011787,0.008529,0.006035,0.004179,0.002833,0.001882,0.001226,0.000783,0.000491,0.000302,0.000436,0.977116,0.022884,1,0.02315,0.962264,0.037736,1,0.038466,0.940887,0.059113,1,0.060933,0.91169,0.08831,1,0.092455,0.873735,0.126265,1,0.134978,0.826643,0.173357,1,0.190383,0.770738,0.229262,1,0.260407,0.707095,0.292905,1,0.34659,0.637475,0.362525,0,1.014661,0.564154,0.435846,0,0.830466,0.489686,0.510314,0,0.67273,0.416634,0.583366,0,0.53894,0.347311,0.652689,0,0.426655,0.283593,0.716407,0,0.333506,0.226791,0.773209,0,0.257206,0.177625,0.822375,0,0.195559,0.136259,0.863741,0,0.146483,0.102394,0.897606,0,0.108024,0.075391,0.924609,0,0.078384,6e-06,6.5e-05,0.000371,0.001435,0.004202,0.009938,0.019778,0.034067,0.051838,0.07078,0.0878,0.099934,0.105231,0.103222,0.094872,0.082117,0.067228,0.052259,0.038703,0.02739,0.018573,0.012097,0.007585,0.010458,6e-06,7.2e-05,0.000409,0.001566,0.004543,0.010649,0.021007,0.035864,0.05409,0.073202,0.09,0.101533,0.105969,0.103026,0.093854,0.080517,0.065336,0.050339,0.03695,0.025919,0.01742,0.011246,0.006988,0.009453,0.993871,0.006129,0.983934,0.016066,0.964156,0.035844,0.930088,0.069912,0.87825,0.12175,0.80747,0.19253,0.71967,0.28033,0.619736,0.380264,0.514505,0.485495,0.411283,0.588717,0.31641,0.68359,0.234293,0.765707,0.167065,0.832935,0.114805,0.885195,0.076103,0.923897,0.993362,0.006638,0.982713,0.017287,0.961706,0.038294,0.925841,0.074159,0.871752,0.128248,0.79855,0.20145,0.70855,0.29145,0.607017,0.392983,0.501048,0.498952,0.398022,0.601978,0.304168,0.695832,0.223651,0.776349,0.158315,0.841685,0.107976,0.892024,0.071026,0.928974,1,0.006148,1,0.00666,1,0.016196,1,0.017438,0,3.328579,1,0.039046,0,2.660518,1,0.077053,0,2.105786,1,0.13725,0,1.647503,1,0.224958,0,1.271788,1,0.344535,0,0.96689,1,0.499198,0,0.722586,1,0.691053,0,0.52981,1,0.921248,0,0.380397,1,1.190175,0,0.266956,1,1.497668,0,0.1828,1,1.843169,0,0.121947,0,0.114262,0,0.079155,0,0.073675
2506,2025/26,19,Wisła Płock,Raków Częstochowa,10.0,9.0,19.0,11.7204,11.301,23.0214,0.01055,1,4231.5204,0.4451,0.4548,0.1865,0.3268,0.2955,0.0,0.0,0.0,1e-06,3e-06,1.2e-05,4.1e-05,0.000125,0.000332,0.000788,0.001695,0.00333,0.006028,0.010121,0.015858,0.023304,0.032266,0.042251,0.052506,0.062116,0.070147,0.075806,0.078571,0.078266,0.075067,0.069444,0.062061,0.053658,0.044943,0.036513,0.028808,0.022096,0.016493,0.011992,0.008501,0.00588,0.003972,0.002623,0.001693,0.00107,0.000662,0.000401,0.000239,0.000139,8e-05,4.5e-05,5.3e-05,0.938363,0.061637,1,0.063618,0.906097,0.093903,1,0.098608,0.863847,0.136153,1,0.14636,0.811341,0.188659,1,0.209067,0.749224,0.250776,0,1.383197,0.679077,0.320923,0,1.136555,0.603271,0.396729,0,0.924502,0.5247,0.4753,0,0.74381,0.446434,0.553566,0,0.591374,0.371367,0.628633,0,0.464207,0.301922,0.698078,0,0.359425,0.239861,0.760139,0,0.274254,0.186204,0.813796,0,0.206045,0.141261,0.858739,0,0.15229,0.104747,0.895253,0,0.110649,0.075939,0.924061,0,0.078978,0.053843,0.946157,0,0.055347,0.03735,0.96265,0,0.038066,0.025359,0.974641,0,0.025686,1.6e-05,0.000166,0.000873,0.003099,0.008337,0.018127,0.033175,0.052563,0.073594,0.092492,0.105635,0.110735,0.107423,0.097104,0.082269,0.065658,0.049577,0.035553,0.024298,0.015872,0.009937,0.005977,0.003462,0.004048,2.3e-05,0.000233,0.001189,0.004086,0.010642,0.022397,0.039679,0.060857,0.082483,0.100349,0.110945,0.112583,0.105724,0.092512,0.075873,0.058617,0.042846,0.029744,0.019677,0.012443,0.007541,0.004391,0.002462,0.002698,0.987498,0.012502,0.969371,0.030629,0.936196,0.063804,0.883634,0.116366,0.810039,0.189961,0.717548,0.282452,0.611913,0.388087,0.501178,0.498822,0.393755,0.606245,0.296651,0.703349,0.214381,0.785619,0.148724,0.851276,0.099147,0.900853,0.063593,0.936407,0.039296,0.960704,0.983822,0.016178,0.961425,0.038575,0.921746,0.078254,0.860889,0.139111,0.778405,0.221595,0.678056,0.321944,0.567111,0.432889,0.454529,0.545471,0.348805,0.651195,0.256292,0.743708,0.180419,0.819581,0.121802,0.878198,0.078956,0.921044,0.049213,0.950787,0.029535,0.970465,1,0.012581,1,0.01631,1,0.031108,1,0.039339,1,0.06593,1,0.081486,1,0.123712,1,0.14979,1,0.210673,1,0.250508,1,0.331915,0,1.133378,0,0.946526,0,0.837274,0,0.695506,0,0.606106,0,0.500471,0,0.428946,0,0.351902,0,0.296107,0,0.241283,0,0.198962,0,0.161019,0,0.129883,0,0.104413,0,0.082247,0,0.065705,0,0.050465,0,0.040089,0,0.02998
2507,2025/26,19,Bruk-Bet Termalica Nieciecza,Cracovia,17.0,12.0,29.0,12.8145,14.3004,27.1149,0.01055,1,4231.5204,0.4451,0.4548,0.1865,0.3268,0.2955,0.0,0.0,0.0,0.0,0.0,1e-06,3e-06,9e-06,2.8e-05,7.8e-05,0.000194,0.00044,0.00092,0.001786,0.003233,0.005489,0.00878,0.013284,0.019075,0.026074,0.034022,0.042483,0.050878,0.058561,0.064901,0.069377,0.071644,0.071577,0.069278,0.06504,0.059297,0.052558,0.045335,0.038092,0.031206,0.024946,0.019474,0.014858,0.011087,0.008097,0.00579,0.004058,0.002788,0.001879,0.001243,0.000808,0.00133,0.987819,0.012181,1,0.012256,0.979039,0.020961,1,0.021184,0.965755,0.034245,1,0.034846,0.94668,0.05332,1,0.054795,0.920606,0.079394,1,0.082723,0.886584,0.113416,1,0.120379,0.844101,0.155899,1,0.169483,0.793223,0.206777,1,0.23165,0.734663,0.265337,1,0.308344,0.669761,0.330239,1,0.400834,0.600384,0.399616,1,0.510186,0.52874,0.47126,1,0.637258,0.457163,0.542837,1,0.782716,0.387885,0.612115,1,0.947046,0.322846,0.677154,0,0.389856,0.263548,0.736452,0,0.305912,0.21099,0.78901,0,0.236976,0.165655,0.834345,0,0.181108,0.127563,0.872437,0,0.136465,6e-06,6.8e-05,0.000388,0.001491,0.004341,0.010214,0.020231,0.03469,0.052565,0.071494,0.088369,0.100253,0.105252,0.102965,0.094408,0.081542,0.066634,0.051715,0.038249,0.02704,0.018321,0.011926,0.007475,0.010312,2e-06,2e-05,0.000128,0.000542,0.001737,0.004499,0.009808,0.018512,0.030877,0.046228,0.062896,0.078544,0.090769,0.097743,0.09865,0.09379,0.084365,0.072073,0.058677,0.045661,0.034055,0.024402,0.016836,0.028894,0.993656,0.006344,0.983442,0.016558,0.963211,0.036789,0.92852,0.07148,0.875956,0.124044,0.804461,0.195539,0.716093,0.283907,0.61584,0.38416,0.510588,0.489412,0.407623,0.592377,0.313214,0.686786,0.231673,0.768327,0.165039,0.834961,0.113324,0.886676,0.075075,0.924925,0.997281,0.002719,0.992782,0.007218,0.982974,0.017026,0.964462,0.035538,0.933584,0.066416,0.887356,0.112644,0.82446,0.17554,0.745916,0.254084,0.655147,0.344853,0.557404,0.442596,0.458754,0.541246,0.364964,0.635036,0.280599,0.719401,0.208525,0.791475,0.149848,0.850152,1,0.006364,1,0.002723,1,0.016697,1,0.007244,1,0.037483,1,0.017173,1,0.074163,1,0.036185,1,0.132439,1,0.068724,1,0.217583,1,0.119509,1,0.333945,1,0.193027,1,0.484768,1,0.293142,1,0.672192,0,1.064637,1,0.897413,0,0.815098,1,1.160869,0,0.613881,1,1.462428,0,0.454074,1,1.801573,0,0.329336,0,0.120276,0,0.233857,0,0.078043,0,0.16234
2508,2025/26,19,Legia Warszawa,Korona Kielce,12.0,9.0,21.0,13.5145,11.9297,25.4441,0.01055,1,4231.5204,0.4451,0.4548,0.1865,0.3268,0.2955,0.0,0.0,0.0,0.0,0.0,2e-06,8e-06,2.7e-05,7.9e-05,0.000205,0.000481,0.001033,0.002043,0.003747,0.006415,0.0103,0.015581,0.022293,0.030271,0.039129,0.048283,0.057015,0.064573,0.070287,0.073666,0.07447,0.072726,0.068713,0.062894,0.055841,0.048146,0.040358,0.032922,0.02616,0.020268,0.015322,0.011313,0.008163,0.00576,0.003978,0.002691,0.001783,0.001159,0.000739,0.000462,0.000284,0.000409,0.97566,0.02434,1,0.024641,0.960079,0.039921,1,0.04074,0.937786,0.062214,1,0.064233,0.907516,0.092484,1,0.097045,0.868386,0.131614,1,0.141119,0.820103,0.179897,1,0.198325,0.763088,0.236912,0,1.440066,0.698515,0.301485,0,1.199033,0.628227,0.371773,0,0.989473,0.554561,0.445439,0,0.808695,0.480091,0.519909,0,0.654102,0.407365,0.592635,0,0.523177,0.338652,0.661348,0,0.413475,0.275758,0.724242,0,0.322629,0.219917,0.780083,0,0.248355,0.171771,0.828229,0,0.188465,0.131413,0.868587,0,0.140887,0.098491,0.901509,0,0.103686,0.072331,0.927669,0,0.07508,3e-06,3.9e-05,0.00023,0.000928,0.00283,0.006977,0.01448,0.026016,0.041306,0.058868,0.076241,0.090629,0.099697,0.102194,0.098181,0.088854,0.076081,0.06187,0.047947,0.035517,0.025215,0.017199,0.011296,0.017282,1.3e-05,0.00014,0.000748,0.002697,0.007371,0.016281,0.030269,0.04872,0.069295,0.08847,0.102645,0.109307,0.10772,0.098917,0.085134,0.069022,0.052944,0.03857,0.026777,0.017769,0.011301,0.006906,0.004063,0.004905,0.995851,0.004149,0.988873,0.011127,0.974393,0.025607,0.948377,0.051623,0.90707,0.09293,0.848203,0.151797,0.771962,0.228038,0.681333,0.318667,0.581636,0.418364,0.479443,0.520557,0.381262,0.618738,0.292407,0.707593,0.216327,0.783673,0.154456,0.845544,0.106509,0.893491,0.989016,0.010984,0.972735,0.027265,0.942466,0.057534,0.893746,0.106254,0.824451,0.175549,0.735981,0.264019,0.633336,0.366664,0.524029,0.475971,0.416309,0.583691,0.317392,0.682608,0.232258,0.767742,0.163236,0.836764,0.110292,0.889708,0.071722,0.928278,0.044944,0.955056,1,0.004158,1,0.011045,1,0.011189,1,0.027644,1,0.025941,1,0.059255,1,0.053003,1,0.112334,1,0.097536,1,0.193038,1,0.164635,0,1.331734,1,0.25882,0,1.003309,1,0.383704,0,0.742398,0,0.871403,0,0.538384,0,0.652856,0,0.381835,0,0.480073,0,0.264302,0,0.345886,0,0.178213,0,0.243763,0,0.116862,0,0.167775,0,0.074424,0,0.112619,0,0.045985
2509,2025/26,19,Motor Lublin,Pogoń Szczecin,16.0,8.0,24.0,11.8844,12.551,24.4354,0.01055,1,4231.5204,0.4451,0.4548,0.1865,0.3268,0.2955,0.0,0.0,0.0,0.0,1e-06,4e-06,1.6e-05,5.1e-05,0.000144,0.000361,0.00082,0.001698,0.00324,0.005736,0.009476,0.014683,0.021435,0.029595,0.038779,0.048372,0.057598,0.06563,0.071725,0.075333,0.076185,0.074313,0.070025,0.063838,0.056379,0.048296,0.040178,0.032494,0.025574,0.019607,0.014655,0.010689,0.007614,0.0053,0.003609,0.002404,0.001569,0.001003,0.000629,0.000387,0.000233,0.000138,0.000184,0.963769,0.036231,1,0.036904,0.942334,0.057666,1,0.059396,0.912739,0.087261,1,0.091306,0.873959,0.126041,1,0.134721,0.825587,0.174413,1,0.19166,0.767989,0.232011,1,0.263979,0.702359,0.297641,1,0.35331,0.630635,0.369365,1,0.461029,0.555301,0.444699,1,0.588244,0.479117,0.520883,0,0.652229,0.404804,0.595196,0,0.518864,0.334779,0.665221,0,0.407635,0.270941,0.729059,0,0.316001,0.214562,0.785438,0,0.241514,0.166266,0.833734,0,0.181841,0.126088,0.873912,0,0.134776,0.093595,0.906405,0,0.098269,0.068021,0.931979,0,0.070445,0.048414,0.951586,0,0.049625,1.4e-05,0.000145,0.000773,0.00278,0.007571,0.016666,0.03088,0.049534,0.070216,0.089344,0.103308,0.109643,0.107686,0.098552,0.084534,0.068304,0.052216,0.037912,0.026232,0.017348,0.010996,0.006697,0.003927,0.004708,8e-06,8.4e-05,0.000472,0.001781,0.00509,0.011758,0.022866,0.038497,0.057274,0.076485,0.092821,0.103391,0.106576,0.102367,0.092156,0.078151,0.062703,0.047781,0.034698,0.024084,0.016022,0.01024,0.006302,0.008357,0.988703,0.011297,0.972038,0.027962,0.941158,0.058842,0.891624,0.108376,0.821407,0.178593,0.732064,0.267936,0.628755,0.371245,0.519112,0.480888,0.411426,0.588574,0.312874,0.687126,0.22834,0.77166,0.160036,0.839964,0.10782,0.89218,0.069908,0.930092,0.043676,0.956324,0.992531,0.007469,0.980772,0.019228,0.957906,0.042094,0.919409,0.080591,0.862135,0.137865,0.78565,0.21435,0.692829,0.307171,0.589437,0.410563,0.482861,0.517139,0.380494,0.619506,0.288338,0.711662,0.210187,0.789813,0.147484,0.852516,0.099703,0.900297,0.065006,0.934994,1,0.011361,1,0.007497,1,0.02836,1,0.019415,1,0.060644,1,0.043006,1,0.114711,1,0.084024,1,0.196737,0,1.98148,1,0.311887,0,1.540145,1,0.464014,0,1.180351,1,0.655636,0,0.890226,1,0.888126,0,0.659444,1,1.161955,0,0.478833,1,1.47692,0,0.340152,1,1.832356,0,0.235959,0,0.114087,0,0.159563,0,0.072472,0,0.105031,0,0.044659,0,0.067215
2510,2025/26,19,Zagłębie Lubin,GKS Katowice,12.0,15.0,27.0,11.9168,13.6315,25.5483,0.01055,1,4231.5204,0.4451,0.4548,0.1865,0.3268,0.2955,0.0,0.0,0.0,0.0,0.0,2e-06,8e-06,2.5e-05,7.4e-05,0.000193,0.000455,0.000981,0.001946,0.003583,0.006156,0.009919,0.015059,0.021623,0.029466,0.038226,0.047338,0.0561,0.063765,0.069657,0.073269,0.074334,0.072856,0.069084,0.063461,0.056548,0.048932,0.041165,0.033701,0.026877,0.020898,0.015856,0.011749,0.008509,0.006026,0.004177,0.002836,0.001886,0.00123,0.000787,0.000494,0.000305,0.000443,0.976657,0.023343,1,0.023619,0.961598,0.038402,1,0.039159,0.939975,0.060025,1,0.061902,0.910509,0.089491,1,0.093752,0.872282,0.127718,1,0.136642,0.824944,0.175056,1,0.19244,0.768844,0.231156,1,0.262867,0.705079,0.294921,1,0.349445,0.635422,0.364578,1,0.453466,0.562154,0.437846,1,0.57598,0.487819,0.512181,1,0.71781,0.414964,0.585036,1,0.879564,0.34588,0.65412,0,0.424465,0.282419,0.717581,0,0.331869,0.225871,0.774129,0,0.256017,0.176939,0.823061,0,0.194725,0.135775,0.864225,0,0.145922,0.102073,0.897927,0,0.107667,0.075196,0.924804,0,0.078174,1.3e-05,0.000141,0.000755,0.002721,0.007428,0.01639,0.030442,0.048951,0.069557,0.088719,0.102835,0.109404,0.107712,0.098814,0.084965,0.068818,0.052737,0.038383,0.026621,0.017649,0.011214,0.006846,0.004024,0.004848,3e-06,3.5e-05,0.000211,0.000857,0.002633,0.006541,0.013677,0.024758,0.039607,0.056873,0.074214,0.088887,0.098522,0.101753,0.098498,0.089816,0.077486,0.06349,0.049575,0.037001,0.026467,0.01819,0.012037,0.018735,0.988928,0.011072,0.972538,0.027462,0.942096,0.057904,0.893145,0.106855,0.823588,0.176412,0.734869,0.265131,0.632035,0.367965,0.52263,0.47737,0.414918,0.585082,0.316104,0.683896,0.23114,0.76886,0.162321,0.837679,0.109585,0.890415,0.071202,0.928798,0.044581,0.955419,0.996124,0.003876,0.989584,0.010416,0.975907,0.024093,0.951149,0.048851,0.911542,0.088458,0.85467,0.14533,0.780456,0.219544,0.691568,0.308432,0.593046,0.406954,0.491293,0.508707,0.392796,0.607204,0.30298,0.69702,0.225494,0.774506,0.162005,0.837995,0.11243,0.88757,1,0.011134,1,0.003884,1,0.027846,1,0.010471,1,0.059648,1,0.024388,1,0.113006,1,0.050085,1,0.194085,1,0.092618,1,0.308063,1,0.15704,1,0.458811,1,0.247877,1,0.648882,1,0.368794,0,0.536003,1,0.522483,0,0.379949,1,0.710715,0,0.262846,1,0.934465,0,0.17712,0,0.360941,0,0.116068,0,0.25553,0,0.073864,0,0.176743,0,0.045605,0,0.119268
2511,2025/26,19,Górnik Zabrze,Piast Gliwice,9.0,20.0,29.0,11.4574,12.0806,23.5379,0.01055,1,4231.5204,0.4451,0.4548,0.1865,0.3268,0.2955,0.0,0.0,0.0,0.0,2e-06,8e-06,2.9e-05,9e-05,0.000245,0.000595,0.001304,0.002613,0.004824,0.008261,0.013202,0.019788,0.027944,0.037321,0.047306,0.05708,0.065746,0.072467,0.076609,0.077835,0.076143,0.071846,0.065489,0.057752,0.049338,0.040884,0.0329,0.025739,0.019596,0.014532,0.010508,0.007414,0.005108,0.00344,0.002265,0.00146,0.000922,0.00057,0.000346,0.000206,0.00012,6.9e-05,8.5e-05,0.949038,0.050962,1,0.052306,0.921094,0.078906,1,0.082193,0.883773,0.116227,1,0.123555,0.836467,0.163533,1,0.178568,0.779387,0.220613,1,0.249247,0.713641,0.286359,1,0.337375,0.641174,0.358826,1,0.444454,0.564565,0.435435,1,0.5717,0.48673,0.51327,1,0.720046,0.410586,0.589414,1,0.890169,0.33874,0.66126,1,1.082521,0.273252,0.726748,1,1.297363,0.2155,0.7845,1,1.534795,0.166162,0.833838,1,1.794791,0.125278,0.874722,0,0.133849,0.092378,0.907622,0,0.096927,0.066639,0.933361,0,0.068964,0.047044,0.952956,0,0.048186,0.032511,0.967489,0,0.033051,2e-05,0.000205,0.00106,0.003687,0.00972,0.02071,0.037144,0.057674,0.079133,0.097462,0.109083,0.11206,0.106533,0.094371,0.078353,0.061281,0.045345,0.031868,0.021343,0.013663,0.008383,0.004941,0.002804,0.003149,1.2e-05,0.000124,0.000669,0.00244,0.006742,0.015057,0.028308,0.046074,0.066267,0.085553,0.100374,0.108088,0.107714,0.100021,0.08705,0.071367,0.055357,0.040781,0.02863,0.019212,0.012356,0.007635,0.004542,0.005611,0.985301,0.014699,0.96459,0.03541,0.927446,0.072554,0.869773,0.130227,0.790639,0.209361,0.693178,0.306822,0.584094,0.415906,0.472034,0.527966,0.365501,0.634499,0.27113,0.72887,0.192777,0.807223,0.131497,0.868503,0.086151,0.913849,0.054283,0.945717,0.03294,0.96706,0.989997,0.010003,0.97494,0.02506,0.946632,0.053368,0.900558,0.099442,0.834291,0.165709,0.748738,0.251262,0.648364,0.351636,0.540275,0.459725,0.432561,0.567439,0.33254,0.66746,0.24549,0.75451,0.174123,0.825877,0.118766,0.881234,0.077985,0.922015,0.049355,0.950645,1,0.014808,1,0.010053,1,0.036052,1,0.025379,1,0.075321,1,0.054845,1,0.139523,1,0.104741,1,0.234914,1,0.181173,0,1.181488,1,0.289366,0,0.877296,1,0.433303,0,0.638723,1,0.615677,0,0.45492,1,0.838032,0,0.31626,1,1.100995,0,0.214155,1,1.404499,0,0.140984,1,1.747993,0,0.09009,1,2.1306,0,0.055812,1,2.551239,0,0.033495,1,3.008716
2512,2025/26,19,Radomiak Radom,Arka Gdynia,23.0,18.0,41.0,13.3662,13.5871,26.9533,0.01055,1,4231.5204,0.4451,0.4548,0.1865,0.3268,0.2955,0.0,0.0,0.0,0.0,0.0,1e-06,3e-06,1e-05,3.1e-05,8.6e-05,0.000212,0.000478,0.000995,0.00192,0.003457,0.005841,0.009296,0.013993,0.01999,0.027185,0.035291,0.043841,0.052235,0.059813,0.065946,0.070129,0.072044,0.071603,0.068941,0.064385,0.058394,0.051485,0.044176,0.036923,0.030088,0.023925,0.018578,0.014099,0.010464,0.007601,0.005407,0.003769,0.002575,0.001727,0.001136,0.000734,0.001192,0.986967,0.013033,1,0.013119,0.977671,0.022329,1,0.022582,0.963678,0.036322,1,0.036998,0.943687,0.056313,1,0.05796,0.916502,0.083498,1,0.087191,0.881211,0.118789,1,0.126458,0.83737,0.16263,1,0.177489,0.785135,0.214865,1,0.2419,0.725322,0.274678,1,0.321139,0.659376,0.340624,1,0.416461,0.589247,0.410753,1,0.52891,0.517203,0.482797,1,0.659321,0.445599,0.554401,1,0.808335,0.376658,0.623342,1,0.976417,0.312273,0.687727,1,1.163878,0.253879,0.746121,1,1.370897,0.202394,0.797606,1,1.59754,0.158218,0.841782,1,1.843784,0.121295,0.878705,1,2.109531,4e-06,4.3e-05,0.000257,0.001026,0.0031,0.00757,0.01556,0.027687,0.043536,0.061449,0.078818,0.092791,0.101094,0.102629,0.097651,0.087525,0.074222,0.059778,0.04588,0.033659,0.023666,0.015987,0.010399,0.015567,3e-06,3.6e-05,0.000218,0.000883,0.002706,0.006703,0.013977,0.02523,0.040245,0.057625,0.074982,0.089552,0.098975,0.10193,0.098388,0.08946,0.076959,0.062878,0.048958,0.036436,0.025989,0.01781,0.011752,0.018173,0.995469,0.004531,0.987899,0.012101,0.972339,0.027661,0.944652,0.055348,0.901116,0.098884,0.839667,0.160333,0.760849,0.239151,0.668058,0.331942,0.566964,0.433036,0.464334,0.535666,0.366683,0.633317,0.279158,0.720842,0.204936,0.795064,0.145159,0.854841,0.099278,0.900722,0.996023,0.003977,0.98932,0.01068,0.975343,0.024657,0.950114,0.049886,0.909868,0.090132,0.852243,0.147757,0.777261,0.222739,0.687709,0.312291,0.588734,0.411266,0.486804,0.513196,0.388416,0.611584,0.298956,0.701044,0.221997,0.778003,0.159118,0.840882,0.110161,0.889839,1,0.004541,1,0.003985,1,0.012175,1,0.010737,1,0.028051,1,0.024966,1,0.056939,1,0.051173,1,0.104121,1,0.094456,1,0.17475,1,0.159884,1,0.27332,1,0.251979,1,0.40338,1,0.374389,1,0.567459,1,0.529781,1,0.767151,1,0.719894,1,1.003258,1,0.945678,1,1.275977,1,1.207459,1,1.585058,1,1.505091,1,1.929926,1,1.838109,1,2.309831,0,0.116715
2513,2025/26,19,Lech Poznań,Lechia Gdańsk,14.0,14.0,28.0,10.6721,11.0767,21.7488,0.01055,1,4231.5204,0.4451,0.4548,0.1865,0.3268,0.2955,0.0,0.0,0.0,1e-06,7e-06,2.8e-05,9.5e-05,0.000272,0.000689,0.001557,0.003181,0.00594,0.010219,0.016307,0.024283,0.033917,0.04463,0.055544,0.065603,0.073761,0.079167,0.081311,0.080098,0.07583,0.069124,0.060776,0.051621,0.042418,0.033767,0.026073,0.019551,0.014252,0.010111,0.006987,0.004707,0.003095,0.001987,0.001247,0.000765,0.000459,0.00027,0.000156,8.8e-05,4.9e-05,2.7e-05,1.4e-05,1.5e-05,0.903502,0.096498,1,0.101477,0.858872,0.141128,1,0.152136,0.803328,0.196672,1,0.218992,0.737725,0.262275,1,0.304184,0.663964,0.336036,1,0.409528,0.584797,0.415203,1,0.536491,0.503485,0.496515,1,0.686201,0.423388,0.576612,1,0.859467,0.347557,0.652443,1,1.056826,0.278433,0.721567,1,1.278579,0.217657,0.782343,1,1.524835,0.166036,0.833964,1,1.79555,0.123618,0.876382,1,2.090557,0.089852,0.910148,0,0.094148,0.063779,0.936221,0,0.065903,0.044228,0.955772,0,0.045236,0.029976,0.970024,0,0.030434,0.019865,0.980135,0,0.020065,0.012879,0.987121,0,0.012962,4.1e-05,0.000389,0.001885,0.006155,0.015227,0.030445,0.05124,0.074659,0.096128,0.111099,0.116686,0.112486,0.10035,0.083417,0.064992,0.047699,0.033121,0.021843,0.013728,0.008247,0.004748,0.002626,0.001399,0.001389,2.8e-05,0.00028,0.001402,0.004733,0.012105,0.025025,0.043547,0.065604,0.087337,0.104365,0.113334,0.112964,0.104197,0.089555,0.072143,0.054745,0.039304,0.0268,0.017415,0.010817,0.006439,0.003683,0.002028,0.002147,0.976301,0.023699,0.945856,0.054144,0.894616,0.105384,0.819957,0.180043,0.72383,0.27617,0.612731,0.387269,0.496045,0.503955,0.383559,0.616441,0.28321,0.71679,0.199792,0.800208,0.1348,0.8652,0.087101,0.912899,0.05398,0.94602,0.032136,0.967864,0.018409,0.981591,0.981448,0.018552,0.956423,0.043577,0.912876,0.087124,0.847272,0.152728,0.759935,0.240065,0.65557,0.34443,0.542236,0.457764,0.429272,0.570728,0.325075,0.674925,0.23552,0.76448,0.163377,0.836623,0.108632,0.891368,0.069328,0.930672,0.042528,0.957472,0.025113,0.974887,1,0.023984,1,0.018726,1,0.055665,1,0.044555,1,0.111361,1,0.091155,1,0.198503,1,0.165734,1,0.323199,1,0.274522,1,0.489829,1,0.42225,1,0.701089,1,0.612054,1,0.958262,1,0.845665,1,1.261567,1,1.123699,1,1.610478,1,1.445959,0,0.144795,0,0.178382,0,0.09113,0,0.114998,0,0.055492,0,0.071848,0,0.032664,0,0.043459,0,0.018581,0,0.025434
2514,2025/26,19,Widzew Łódź,Jagiellonia Białystok,16.0,16.0,32.0,11.6862,12.332,24.0182,0.01055,1,4231.5204,0.4451,0.4548,0.1865,0.3268,0.2955,0.0,0.0,0.0,0.0,1e-06,6e-06,2.1e-05,6.7e-05,0.000185,0.000456,0.001018,0.002078,0.003905,0.006808,0.011077,0.016905,0.024304,0.033048,0.042647,0.052391,0.061437,0.068944,0.074205,0.076757,0.076449,0.07344,0.068154,0.06119,0.053222,0.044901,0.036787,0.029301,0.022711,0.017148,0.012623,0.009068,0.006361,0.004361,0.002924,0.001919,0.001233,0.000776,0.000479,0.00029,0.000173,0.000101,0.000129,0.957472,0.042528,1,0.043459,0.933168,0.066832,1,0.06917,0.90012,0.09988,1,0.105227,0.857473,0.142527,1,0.153766,0.805082,0.194918,1,0.216811,0.743645,0.256355,1,0.296192,0.6747,0.3253,1,0.393486,0.600496,0.399504,1,0.51,0.523739,0.476261,1,0.646762,0.44729,0.55271,1,0.804547,0.373851,0.626149,1,0.983899,0.305697,0.694303,1,1.185162,0.244507,0.755493,1,1.408513,0.191285,0.808715,1,1.65399,0.146384,0.853616,1,1.921521,0.109597,0.890403,1,2.210944,0.080297,0.919703,1,2.522028,0.057585,0.942415,0,0.05931,0.040437,0.959563,0,0.041277,1.6e-05,0.00017,0.000895,0.00317,0.008506,0.018446,0.033671,0.05321,0.074307,0.093144,0.106104,0.110938,0.10734,0.096777,0.081779,0.065097,0.049026,0.035067,0.023903,0.015574,0.009725,0.005834,0.00337,0.00392,9e-06,0.000101,0.000555,0.002062,0.005804,0.013202,0.025277,0.041899,0.061372,0.080692,0.096414,0.105736,0.10731,0.101481,0.089947,0.0751,0.059325,0.044509,0.031822,0.021747,0.014244,0.008963,0.005431,0.006969,0.987232,0.012768,0.968786,0.031214,0.935115,0.064885,0.881905,0.118095,0.807599,0.192401,0.714455,0.285545,0.608351,0.391649,0.497413,0.502587,0.390072,0.609928,0.293295,0.706705,0.211516,0.788484,0.146419,0.853581,0.097393,0.902607,0.062326,0.937674,0.038423,0.961577,0.991442,0.008558,0.97824,0.02176,0.952963,0.047037,0.911065,0.088935,0.849693,0.150307,0.769001,0.230999,0.672586,0.327414,0.56685,0.43315,0.45954,0.54046,0.358059,0.641941,0.268112,0.731888,0.193011,0.806989,0.133686,0.866314,0.089177,0.910823,0.057355,0.942645,1,0.01285,1,0.008595,1,0.031712,1,0.022,1,0.067086,1,0.048179,1,0.125671,1,0.093141,1,0.21369,1,0.16288,1,0.336235,1,0.262663,1,0.497003,1,0.396625,1,0.698335,1,0.567661,1,0.941424,1,0.777529,1,1.226576,1,1.027058,1,1.553455,1,1.31635,1,1.921283,1,1.645008,0,0.102468,0,0.143508,0,0.064353,0,0.093407,0,0.039181,0,0.059066
2515,2025/26,20,Arka Gdynia,Legia Warszawa,11.0,15.0,26.0,13.1001,14.3783,27.4783,0.010653,1,4282.5299,0.4545,0.4631,0.1793,0.3181,0.3085,0.0,0.0,0.0,0.0,0.0,1e-06,2e-06,7e-06,2.3e-05,6.3e-05,0.000159,0.000366,0.000774,0.001518,0.002778,0.004769,0.007715,0.011804,0.017141,0.023696,0.031272,0.039494,0.047841,0.055699,0.062442,0.06752,0.070536,0.071292,0.069808,0.066305,0.061162,0.05485,0.047872,0.040701,0.033739,0.027293,0.021562,0.016648,0.012572,0.009292,0.006726,0.00477,0.003317,0.002263,0.001516,0.000997,0.001693,0.98954,0.01046,1,0.010516,0.981824,0.018176,1,0.018343,0.97002,0.02998,1,0.030439,0.952879,0.047121,1,0.048268,0.929182,0.070818,1,0.07345,0.897911,0.102089,1,0.107685,0.858416,0.141584,1,0.152666,0.810575,0.189425,1,0.210012,0.754876,0.245124,1,0.281202,0.692434,0.307566,1,0.367542,0.624914,0.375086,1,0.470142,0.554377,0.445623,0,0.808283,0.483086,0.516914,0,0.659878,0.413278,0.586722,0,0.533205,0.346973,0.653027,0,0.426137,0.285811,0.714189,0,0.336608,0.230961,0.769039,0,0.262613,0.183089,0.816911,0,0.202225,0.142388,0.857612,0,0.153604,5e-06,5.4e-05,0.000315,0.001234,0.003661,0.008776,0.01771,0.030943,0.04778,0.066231,0.083438,0.096488,0.103266,0.102991,0.09628,0.084793,0.070658,0.055924,0.042185,0.030418,0.021023,0.01396,0.008927,0.012868,2e-06,1.9e-05,0.000122,0.000516,0.001661,0.004319,0.009454,0.017916,0.030005,0.045111,0.06164,0.077312,0.089743,0.097077,0.098431,0.094022,0.084977,0.072949,0.059682,0.046676,0.034989,0.0252,0.017477,0.030381,0.994658,0.005342,0.985882,0.014118,0.968172,0.031828,0.937229,0.062771,0.889449,0.110551,0.823218,0.176782,0.73978,0.26022,0.643292,0.356708,0.540026,0.459974,0.437035,0.562965,0.340755,0.659245,0.255962,0.744038,0.185305,0.814695,0.12938,0.87062,0.087195,0.912805,0.997362,0.002638,0.993042,0.006958,0.983588,0.016412,0.965672,0.034328,0.935667,0.064333,0.890556,0.109444,0.828916,0.171084,0.751605,0.248395,0.661862,0.338138,0.564784,0.435216,0.466354,0.533646,0.372332,0.627668,0.287355,0.712645,0.214406,0.785594,0.154724,0.845276,1,0.005356,1,0.002641,1,0.014219,1,0.006982,1,0.032346,1,0.016548,1,0.064828,1,0.034931,1,0.117153,1,0.066496,1,0.194534,1,0.115909,1,0.301402,1,0.187636,0,1.030838,1,0.285544,0,0.776585,1,0.412698,0,0.574538,1,0.571312,0,0.41666,1,0.76281,0,0.295663,0,0.465744,0,0.204941,0,0.338772,0,0.13855,0,0.241315,0,0.091233,0,0.168092
2516,2025/26,20,Lechia Gdańsk,Cracovia,18.0,13.0,31.0,12.1444,12.8318,24.9762,0.010653,1,4282.5299,0.4545,0.4631,0.1793,0.3181,0.3085,0.0,0.0,0.0,0.0,1e-06,3e-06,1.1e-05,3.7e-05,0.000105,0.000268,0.000619,0.001307,0.002542,0.004585,0.007719,0.012188,0.018133,0.025516,0.034077,0.043326,0.052584,0.061077,0.068042,0.072854,0.075112,0.074696,0.071763,0.066704,0.060067,0.052468,0.044509,0.036708,0.029462,0.023036,0.017561,0.013063,0.00949,0.006739,0.00468,0.003181,0.002117,0.001381,0.000883,0.000554,0.000341,0.000206,0.000286,0.970615,0.029385,1,0.029825,0.952482,0.047518,1,0.048684,0.926966,0.073034,1,0.075839,0.892889,0.107111,1,0.113293,0.849563,0.150437,1,0.163033,0.796979,0.203021,1,0.226927,0.735902,0.264098,1,0.306658,0.66786,0.33214,1,0.403676,0.595006,0.404994,1,0.519183,0.519894,0.480106,1,0.654131,0.445198,0.554802,1,0.809237,0.373435,0.626565,1,0.985013,0.306731,0.693269,1,1.181785,0.246664,0.753336,1,1.399728,0.194196,0.805804,1,1.638888,0.149687,0.850313,1,1.899208,0.11298,0.88702,0,0.119887,0.083517,0.916483,0,0.087212,0.060482,0.939518,0,0.062388,1.1e-05,0.000118,0.000641,0.002346,0.006508,0.014593,0.027547,0.045021,0.065028,0.084317,0.099361,0.107479,0.107598,0.10038,0.087778,0.072311,0.056365,0.04173,0.029444,0.01986,0.012839,0.007975,0.00477,0.00596,6e-06,6.7e-05,0.000385,0.00148,0.004309,0.010143,0.020101,0.034488,0.052294,0.071183,0.08806,0.099998,0.105094,0.102926,0.094486,0.081713,0.066865,0.051969,0.038495,0.027257,0.018499,0.012063,0.007574,0.010492,0.990356,0.009644,0.975763,0.024237,0.948216,0.051784,0.903195,0.096805,0.838167,0.161833,0.75385,0.24615,0.654489,0.345511,0.54701,0.45299,0.439411,0.560589,0.339031,0.660969,0.251253,0.748747,0.178942,0.821058,0.122577,0.877423,0.080848,0.919152,0.051403,0.948597,0.993701,0.006299,0.983558,0.016442,0.963457,0.036543,0.928969,0.071031,0.876675,0.123325,0.805492,0.194508,0.717431,0.282569,0.617433,0.382567,0.512339,0.487661,0.409413,0.590587,0.314927,0.685073,0.233213,0.766787,0.166348,0.833652,0.11438,0.88562,0.075885,0.924115,1,0.009691,1,0.006319,1,0.024536,1,0.016579,1,0.053173,1,0.037227,1,0.101817,1,0.07368,1,0.176538,1,0.131619,1,0.282562,1,0.216302,1,0.423901,1,0.332079,1,0.603288,1,0.482185,1,0.82232,1,0.668769,1,1.081664,0,0.526638,1,1.381295,0,0.37823,1,1.720694,0,0.265546,1,2.099016,0,0.181939,1,2.515184,0,0.121467,0,0.052771,0,0.078919
2517,2025/26,20,Górnik Zabrze,Lech Poznań,12.0,21.0,33.0,11.3073,11.8062,23.1135,0.010653,1,4282.5299,0.4545,0.4631,0.1793,0.3181,0.3085,0.0,0.0,0.0,1e-06,3e-06,1.1e-05,3.9e-05,0.000118,0.000316,0.000753,0.001624,0.003199,0.005808,0.009783,0.015376,0.022668,0.031486,0.041364,0.051574,0.061217,0.069366,0.07522,0.078235,0.078205,0.075276,0.069889,0.062686,0.054398,0.045732,0.037295,0.029536,0.022742,0.017041,0.012439,0.008853,0.006148,0.00417,0.002764,0.001792,0.001137,0.000707,0.00043,0.000257,0.00015,8.6e-05,4.9e-05,5.8e-05,0.940301,0.059699,1,0.061555,0.908816,0.091184,1,0.095613,0.867452,0.132548,1,0.142195,0.815879,0.184121,1,0.20349,0.754661,0.245339,1,0.281486,0.685295,0.314705,1,0.377906,0.610075,0.389925,1,0.494173,0.531841,0.468159,1,0.631412,0.453635,0.546365,1,0.790462,0.378359,0.621641,1,0.971912,0.30847,0.69153,1,1.176129,0.245785,0.754215,1,1.4033,0.191387,0.808613,1,1.653458,0.145655,0.854345,1,1.926516,0.10836,0.89164,1,2.222295,0.078824,0.921176,1,2.540538,0.056082,0.943918,1,2.880935,0.039041,0.960959,1,3.243133,0.026602,0.973398,0,0.026963,2.3e-05,0.000233,0.001188,0.004081,0.010625,0.022359,0.03961,0.060754,0.082354,0.100214,0.110829,0.112509,0.105705,0.092547,0.07595,0.058718,0.042953,0.029844,0.019762,0.012509,0.00759,0.004424,0.002484,0.00273,1.5e-05,0.000155,0.000823,0.002937,0.007947,0.017379,0.031993,0.050995,0.071835,0.090839,0.104398,0.110135,0.107529,0.097834,0.083435,0.067034,0.050958,0.036794,0.025319,0.016655,0.010501,0.006361,0.003711,0.004404,0.983844,0.016156,0.961485,0.038515,0.921875,0.078125,0.861121,0.138879,0.778767,0.221233,0.678553,0.321447,0.567724,0.432276,0.455215,0.544785,0.349511,0.650489,0.256964,0.743036,0.181015,0.818985,0.122297,0.877703,0.079343,0.920657,0.049499,0.950501,0.029737,0.970263,0.988111,0.011889,0.970732,0.029268,0.938739,0.061261,0.887743,0.112257,0.815908,0.184092,0.725069,0.274931,0.620671,0.379329,0.510536,0.489464,0.403007,0.596993,0.305173,0.694827,0.221737,0.778263,0.154703,0.845297,0.103745,0.896255,0.066951,0.933049,0.041632,0.958368,1,0.016288,1,0.01196,1,0.039276,1,0.029705,1,0.081346,1,0.063218,1,0.14952,1,0.119073,1,0.250043,1,0.203454,1,0.387793,1,0.321488,1,0.56612,1,0.476954,1,0.786985,1,0.672294,0,0.430031,1,0.908801,0,0.297011,1,1.186876,0,0.19969,1,1.506263,0,0.130447,1,1.866248,0,0.082668,1,2.265819,0,0.050766,1,2.703794,0,0.030188,1,3.178886
2518,2025/26,20,Pogoń Szczecin,Bruk-Bet Termalica Nieciecza,11.0,13.0,24.0,11.6153,12.7726,24.3879,0.010653,1,4282.5299,0.4545,0.4631,0.1793,0.3181,0.3085,0.0,0.0,0.0,0.0,1e-06,5e-06,1.7e-05,5.3e-05,0.000149,0.000373,0.000844,0.001744,0.003321,0.005866,0.009669,0.014949,0.021775,0.030001,0.039229,0.048834,0.058032,0.065998,0.071991,0.075474,0.076191,0.074189,0.06979,0.063519,0.056007,0.047904,0.039791,0.032133,0.025255,0.019335,0.014433,0.010514,0.007479,0.0052,0.003536,0.002354,0.001534,0.00098,0.000614,0.000377,0.000227,0.000135,0.000178,0.963008,0.036992,1,0.037693,0.941233,0.058767,1,0.060564,0.911232,0.088768,1,0.092957,0.872004,0.127996,1,0.136962,0.823169,0.176831,1,0.194593,0.765137,0.234863,1,0.2677,0.699139,0.300861,1,0.357906,0.627148,0.372852,1,0.466572,0.551675,0.448325,1,0.594797,0.475484,0.524516,0,0.645279,0.401294,0.598706,0,0.512985,0.331504,0.668496,0,0.402725,0.267985,0.732015,0,0.311955,0.211978,0.788022,0,0.238229,0.164075,0.835925,0,0.179216,0.124284,0.875716,0,0.132713,0.09215,0.90785,0,0.096677,0.066896,0.933104,0,0.069238,0.047561,0.952439,0,0.048729,1.8e-05,0.000181,0.000947,0.003332,0.008887,0.019154,0.034754,0.054598,0.075804,0.094479,0.107019,0.111275,0.107079,0.096023,0.080712,0.063913,0.047887,0.034079,0.023113,0.014985,0.009312,0.00556,0.003197,0.003684,6e-06,7.1e-05,0.000402,0.00154,0.004466,0.010471,0.020665,0.035312,0.053326,0.072293,0.08907,0.100734,0.105438,0.102843,0.094027,0.080986,0.066,0.051089,0.037689,0.026578,0.017965,0.011667,0.007296,0.010018,0.986626,0.013374,0.967472,0.032528,0.932718,0.067282,0.87812,0.12188,0.802316,0.197684,0.707837,0.292163,0.600818,0.399182,0.489544,0.510456,0.382464,0.617536,0.286442,0.713558,0.20573,0.79427,0.141817,0.858183,0.09393,0.90607,0.059852,0.940148,0.036738,0.963262,0.993467,0.006533,0.982996,0.017004,0.962331,0.037669,0.927019,0.072981,0.873693,0.126307,0.8014,0.1986,0.71233,0.28767,0.611595,0.388405,0.506158,0.493842,0.403314,0.596686,0.309288,0.690712,0.228302,0.771698,0.162302,0.837698,0.111213,0.888787,0.073524,0.926476,1,0.013464,1,0.006554,1,0.033069,1,0.01715,1,0.069652,1,0.038397,1,0.129972,1,0.075781,1,0.220253,1,0.135026,1,0.345541,1,0.221395,1,0.509463,1,0.339214,0,0.672451,1,0.491685,0,0.482018,1,0.680906,0,0.337492,0,0.516364,0,0.230332,0,0.370032,0,0.152938,0,0.259162,0,0.098639,0,0.177098,0,0.061718,0,0.117898,0,0.03743,0,0.076367
2519,2025/26,20,Korona Kielce,Zagłębie Lubin,12.0,16.0,28.0,11.5293,12.3469,23.8762,0.010653,1,4282.5299,0.4545,0.4631,0.1793,0.3181,0.3085,0.0,0.0,0.0,0.0,2e-06,7e-06,2.4e-05,7.4e-05,0.000202,0.000496,0.0011,0.002232,0.00417,0.007229,0.011694,0.017744,0.025366,0.034299,0.044016,0.053775,0.062717,0.069999,0.074935,0.077099,0.076383,0.072992,0.067386,0.060189,0.052083,0.043717,0.035636,0.028242,0.021783,0.016366,0.011989,0.00857,0.005983,0.004082,0.002724,0.001779,0.001138,0.000713,0.000438,0.000264,0.000156,9.1e-05,0.000115,0.955029,0.044971,1,0.046014,0.929662,0.070338,1,0.072934,0.895363,0.104637,1,0.110526,0.851347,0.148653,1,0.160936,0.797572,0.202428,1,0.226184,0.734855,0.265145,1,0.308082,0.664856,0.335144,1,0.408185,0.589921,0.410079,1,0.527766,0.512822,0.487178,1,0.667826,0.436439,0.563561,1,0.829107,0.363447,0.636553,1,1.012123,0.29606,0.70394,1,1.217192,0.235872,0.764128,1,1.444468,0.183789,0.816211,0,0.203082,0.140072,0.859928,0,0.150907,0.104436,0.895564,0,0.110301,0.076193,0.923807,0,0.079252,0.054411,0.945589,0,0.055947,0.038045,0.961955,0,0.038787,1.9e-05,0.000194,0.001009,0.003527,0.009343,0.020005,0.036059,0.056275,0.077617,0.0961,0.108138,0.111697,0.106777,0.09512,0.079426,0.06248,0.046504,0.032877,0.022151,0.014267,0.008807,0.005224,0.002984,0.003394,9e-06,0.0001,0.000552,0.002049,0.005769,0.013125,0.025142,0.041696,0.061112,0.080408,0.09615,0.105539,0.107213,0.101494,0.09006,0.075285,0.059547,0.044736,0.03203,0.021922,0.014381,0.009065,0.005502,0.007087,0.9859,0.0141,0.965895,0.034105,0.929835,0.070165,0.87356,0.12644,0.795943,0.204057,0.699843,0.300157,0.591705,0.408295,0.480009,0.519991,0.373232,0.626768,0.278112,0.721888,0.198686,0.801314,0.136206,0.863794,0.089702,0.910298,0.056826,0.943174,0.034675,0.965325,0.991495,0.008505,0.978369,0.021631,0.953228,0.046772,0.911532,0.088468,0.850419,0.149581,0.770011,0.229989,0.673861,0.326139,0.568322,0.431678,0.461109,0.538891,0.359615,0.640385,0.269555,0.730445,0.19427,0.80573,0.134723,0.865277,0.089987,0.910013,0.057957,0.942043,1,0.0142,1,0.008541,1,0.0347,1,0.021868,1,0.072748,1,0.047901,1,0.135178,1,0.092629,1,0.228228,1,0.162026,1,0.356899,1,0.26135,1,0.524747,1,0.394731,1,0.73395,1,0.565067,0,0.467179,1,0.774121,0,0.325885,1,1.022721,0,0.221502,1,1.310983,0,0.146421,1,1.638506,0,0.093983,0,0.144706,0,0.058504,0,0.094296,0,0.03529,0,0.059704
2520,2025/26,20,GKS Katowice,Widzew Łódź,17.0,11.0,28.0,13.0048,12.9916,25.9965,0.010653,1,4282.5299,0.4545,0.4631,0.1793,0.3181,0.3085,0.0,0.0,0.0,0.0,0.0,1e-06,6e-06,1.9e-05,5.7e-05,0.00015,0.000359,0.000784,0.00158,0.002952,0.005148,0.008422,0.01298,0.01892,0.026175,0.034474,0.043343,0.05215,0.060183,0.066752,0.071291,0.07344,0.073087,0.070372,0.065643,0.059396,0.052193,0.044589,0.037071,0.030024,0.023709,0.018269,0.013748,0.010112,0.007274,0.005121,0.003531,0.002385,0.00158,0.001027,0.000655,0.00041,0.000618,0.980522,0.019478,1,0.01967,0.967542,0.032458,1,0.032996,0.948622,0.051378,1,0.052745,0.922447,0.077553,1,0.080725,0.887973,0.112027,1,0.118813,0.844631,0.155369,1,0.168856,0.792481,0.207519,1,0.232587,0.732298,0.267702,1,0.311568,0.665546,0.334454,1,0.407147,0.594256,0.405744,1,0.520446,0.520816,0.479184,1,0.652359,0.447729,0.552271,1,0.803568,0.377356,0.622644,1,0.974565,0.311713,0.688287,0,0.37355,0.252317,0.747683,0,0.290776,0.200124,0.799876,0,0.223298,0.155535,0.844465,0,0.169052,0.118463,0.881537,0,0.126089,0.088439,0.911561,0,0.092597,5e-06,5.9e-05,0.000339,0.001317,0.00388,0.009241,0.018529,0.032167,0.049353,0.067974,0.085087,0.097766,0.103965,0.103025,0.095697,0.083741,0.069335,0.054527,0.040868,0.02928,0.020107,0.013267,0.008429,0.01198,5e-06,5.9e-05,0.000342,0.001328,0.003911,0.009307,0.018645,0.03234,0.049573,0.068217,0.085314,0.09794,0.104057,0.103025,0.095612,0.083591,0.06915,0.054333,0.040686,0.029124,0.019982,0.013172,0.008362,0.011861,0.994337,0.005663,0.985096,0.014904,0.966568,0.033432,0.934401,0.065599,0.885048,0.114952,0.817074,0.182926,0.731987,0.268013,0.634221,0.365779,0.530257,0.469743,0.427231,0.572769,0.331534,0.668466,0.247793,0.752207,0.178458,0.821542,0.123931,0.876069,0.083063,0.916937,0.994291,0.005709,0.984984,0.015016,0.966339,0.033661,0.934,0.066,0.884426,0.115574,0.816209,0.183791,0.730895,0.269105,0.632955,0.367045,0.528898,0.471102,0.425873,0.574127,0.330261,0.669739,0.246669,0.753331,0.17752,0.82248,0.123187,0.876813,0.082501,0.917499,1,0.005679,1,0.005725,1,0.015016,1,0.01513,1,0.034004,1,0.034241,1,0.06785,1,0.068279,1,0.122113,1,0.122816,1,0.202026,1,0.203085,1,0.311993,1,0.313485,1,0.455358,0,1.002271,1,0.634393,0,0.752681,1,0.85043,0,0.554905,1,1.104025,0,0.400867,1,1.395162,0,0.283251,1,1.723402,0,0.195431,0,0.13231,0,0.131462,0,0.086717,0,0.086104
2521,2025/26,20,Raków Częstochowa,Radomiak Radom,12.0,13.0,25.0,11.2077,14.9109,26.1186,0.010653,1,4282.5299,0.4545,0.4631,0.1793,0.3181,0.3085,0.0,0.0,0.0,0.0,0.0,1e-06,5e-06,1.8e-05,5.3e-05,0.000141,0.000339,0.000744,0.001502,0.002816,0.004926,0.008083,0.012497,0.018276,0.02537,0.033528,0.042302,0.051082,0.059168,0.065873,0.070624,0.07304,0.072981,0.070558,0.066093,0.060058,0.053004,0.045482,0.037985,0.030906,0.024519,0.018984,0.014355,0.01061,0.00767,0.005428,0.003761,0.002555,0.001701,0.001112,0.000713,0.000449,0.000686,0.98137,0.01863,1,0.018805,0.968873,0.031127,1,0.031621,0.950597,0.049403,1,0.050665,0.925228,0.074772,1,0.077716,0.8917,0.1083,1,0.114626,0.849397,0.150603,1,0.163228,0.798315,0.201685,1,0.225251,0.739148,0.260852,1,0.302257,0.673274,0.326726,1,0.395602,0.60265,0.39735,1,0.506418,0.529611,0.470389,0,0.754195,0.456629,0.543371,0,0.609963,0.386071,0.613929,0,0.487876,0.319978,0.680022,0,0.38563,0.25992,0.74008,0,0.300997,0.206916,0.793084,0,0.231826,0.161433,0.838567,0,0.176061,0.123448,0.876552,0,0.131759,0.092542,0.907458,0,0.097108,2.5e-05,0.000253,0.001278,0.004356,0.011252,0.023492,0.04129,0.062832,0.084501,0.102017,0.111935,0.112738,0.105086,0.091281,0.074322,0.057007,0.041374,0.028521,0.018737,0.011767,0.007083,0.004097,0.002281,0.002469,1e-06,1.3e-05,8.2e-05,0.000358,0.001189,0.003189,0.007203,0.014086,0.024346,0.037773,0.053262,0.068939,0.082583,0.092187,0.09646,0.095084,0.088685,0.078565,0.066332,0.053534,0.041413,0.03078,0.02203,0.041357,0.982831,0.017169,0.959339,0.040661,0.918049,0.081951,0.855217,0.144783,0.770716,0.229284,0.668699,0.331301,0.556764,0.443236,0.444026,0.555974,0.338939,0.661061,0.247658,0.752342,0.173337,0.826663,0.116329,0.883671,0.074956,0.925044,0.046435,0.953565,0.027697,0.972303,0.997808,0.002192,0.994619,0.005381,0.987416,0.012584,0.97333,0.02667,0.948984,0.051016,0.911212,0.088788,0.857949,0.142051,0.78901,0.21099,0.706428,0.293572,0.614241,0.385759,0.51778,0.48222,0.422696,0.577304,0.334012,0.665988,0.255446,0.744554,0.189115,0.810885,1,0.017318,1,0.002194,1,0.041511,1,0.005396,1,0.085505,1,0.012664,1,0.1564,1,0.027032,1,0.260435,1,0.052363,1,0.402421,1,0.09298,1,0.585614,1,0.153211,1,0.811872,1,0.236976,0,0.413909,1,0.347534,0,0.284564,0,0.952542,0,0.190358,0,0.729355,0,0.12367,0,0.549386,0,0.077914,0,0.406484,0,0.047548,0,0.29497,0,0.028088,0,0.209629
2522,2025/26,20,Jagiellonia Białystok,Motor Lublin,11.0,16.0,27.0,12.383,13.9478,26.3308,0.010653,1,4282.5299,0.4545,0.4631,0.1793,0.3181,0.3085,0.0,0.0,0.0,0.0,0.0,1e-06,5e-06,1.5e-05,4.6e-05,0.000124,0.0003,0.000663,0.00135,0.00255,0.004496,0.007437,0.011589,0.017081,0.023894,0.03182,0.040454,0.049218,0.057435,0.064418,0.069571,0.072474,0.072938,0.07102,0.066995,0.061305,0.05448,0.047069,0.039578,0.032418,0.02589,0.020178,0.015358,0.011424,0.008312,0.005919,0.004127,0.00282,0.00189,0.001242,0.000801,0.000508,0.000787,0.983013,0.016987,1,0.017133,0.971424,0.028576,1,0.028992,0.954343,0.045657,1,0.046732,0.93045,0.06955,1,0.072087,0.898629,0.101371,1,0.106885,0.858176,0.141824,1,0.152946,0.808958,0.191042,1,0.212008,0.751523,0.248477,1,0.285654,0.687105,0.312895,1,0.375269,0.617533,0.382467,1,0.482022,0.545059,0.454941,1,0.606861,0.472121,0.527879,1,0.75052,0.401101,0.598899,0,0.512663,0.334106,0.665894,0,0.406624,0.272801,0.727199,0,0.318555,0.218322,0.781678,0,0.246312,0.171252,0.828748,0,0.187839,0.131674,0.868326,0,0.141188,0.099256,0.900744,0,0.104534,9e-06,9.7e-05,0.000537,0.002,0.005645,0.012878,0.024732,0.041123,0.060428,0.079713,0.095566,0.105168,0.107112,0.101661,0.090441,0.075798,0.060108,0.045274,0.032499,0.022301,0.014667,0.009269,0.00564,0.007305,2e-06,2.7e-05,0.000168,0.000694,0.002173,0.005502,0.011728,0.021647,0.035308,0.051701,0.068802,0.084046,0.095017,0.100102,0.098852,0.091963,0.08095,0.06768,0.053928,0.041076,0.029989,0.021036,0.014209,0.023201,0.991683,0.008317,0.978805,0.021195,0.954072,0.045928,0.91295,0.08705,0.852521,0.147479,0.772809,0.227191,0.677243,0.322757,0.572075,0.427925,0.464963,0.535037,0.363302,0.636698,0.272861,0.727139,0.197063,0.802937,0.136955,0.863045,0.091681,0.908319,0.059182,0.940818,0.996737,0.003263,0.991236,0.008764,0.979507,0.020493,0.957861,0.042139,0.922552,0.077448,0.870851,0.129149,0.802049,0.197951,0.718004,0.281996,0.622987,0.377013,0.522885,0.477115,0.424032,0.575968,0.332069,0.667931,0.251119,0.748881,0.183439,0.816561,0.129511,0.870489,1,0.008352,1,0.003268,1,0.021423,1,0.008803,1,0.047016,1,0.020706,1,0.091074,1,0.043053,1,0.159557,1,0.080612,1,0.257723,1,0.138284,1,0.389725,1,0.220586,0,0.848807,1,0.33128,0,0.625419,1,0.47323,0,0.45146,1,0.648394,0,0.318638,1,0.857946,0,0.219479,1,1.102413,0,0.147288,0,0.289175,0,0.09616,0,0.202654,0,0.061006,0,0.1387
2523,2025/26,20,Piast Gliwice,Wisła Płock,7.0,8.0,15.0,12.4323,11.4292,23.8616,0.010653,1,4282.5299,0.4545,0.4631,0.1793,0.3181,0.3085,0.0,0.0,0.0,0.0,2e-06,7e-06,2.4e-05,7.4e-05,0.000204,0.0005,0.001109,0.002248,0.004198,0.007272,0.011758,0.017831,0.025477,0.034429,0.044158,0.053918,0.062848,0.070107,0.075009,0.077133,0.076375,0.072945,0.067306,0.060085,0.051965,0.043595,0.035518,0.028134,0.021687,0.016286,0.011924,0.008519,0.005945,0.004054,0.002704,0.001765,0.001128,0.000707,0.000434,0.000262,0.000155,9e-05,0.000114,0.954774,0.045226,0,3.09609,0.929298,0.070702,0,2.649278,0.894869,0.105131,0,2.252548,0.850711,0.149289,0,1.901871,0.796793,0.203207,0,1.59353,0.733945,0.266055,0,1.324051,0.663838,0.336162,0,1.090162,0.588829,0.411171,0,0.888746,0.511696,0.488304,0,0.716817,0.43532,0.56468,0,0.571497,0.362375,0.637625,0,0.450006,0.295069,0.704931,0,0.349656,0.234985,0.765015,0,0.267859,0.18302,0.81698,0,0.202141,0.139425,0.860575,0,0.150155,0.103907,0.896093,0,0.109711,0.075774,0.924226,0,0.078798,0.054086,0.945914,0,0.055604,0.037801,0.962199,0,0.038534,9e-06,9.3e-05,0.000518,0.001935,0.005481,0.012548,0.024182,0.04035,0.059501,0.078765,0.094762,0.10465,0.106959,0.101872,0.090948,0.076491,0.060871,0.046009,0.033143,0.022823,0.015063,0.009553,0.005833,0.007612,2.1e-05,0.000211,0.001086,0.003767,0.009902,0.021038,0.037627,0.058268,0.079744,0.097969,0.109388,0.112113,0.106345,0.094002,0.077886,0.060794,0.044899,0.031496,0.021057,0.013457,0.008243,0.004851,0.002749,0.003079,0.991934,0.008066,0.979386,0.020614,0.955203,0.044797,0.914854,0.085146,0.855353,0.144647,0.776588,0.223412,0.681826,0.318174,0.577177,0.422823,0.470218,0.529782,0.368345,0.631655,0.277398,0.722602,0.200907,0.799093,0.140036,0.859964,0.094027,0.905973,0.060883,0.939117,0.985006,0.014994,0.963968,0.036032,0.926341,0.073659,0.868073,0.131927,0.788329,0.211671,0.69036,0.30964,0.580972,0.419028,0.468858,0.531142,0.362513,0.637487,0.268511,0.731489,0.190625,0.809375,0.129831,0.870169,0.084932,0.915068,0.053436,0.946564,0.03238,0.96762,1,0.008099,1,0.015108,1,0.020829,1,0.036697,1,0.045831,1,0.076513,0,2.463388,1,0.141479,0,1.933459,0,1.552722,0,1.498738,0,1.172345,0,1.145157,0,0.869818,0,0.860802,0,0.632726,0,0.63529,0,0.450221,0,0.459412,0,0.312673,0,0.324897,0,0.211493,0,0.224278,0,0.139068,0,0.150865,0,0.088757,0,0.098746,0,0.054917,0,0.062815,0,0.032916
2524,2025/26,21,Wisła Płock,Widzew Łódź,16.0,12.0,28.0,10.9055,11.7223,22.6278,0.010399,1,4330.2312,0.4628,0.4721,0.1803,0.3169,0.3055,0.0,0.0,0.0,1e-06,4e-06,1.5e-05,5.3e-05,0.000158,0.000414,0.00097,0.002056,0.003981,0.0071,0.011746,0.018133,0.026255,0.035812,0.046196,0.056551,0.065897,0.073296,0.07801,0.079628,0.078111,0.073772,0.067199,0.059129,0.050333,0.041504,0.033195,0.025781,0.019464,0.0143,0.010234,0.00714,0.00486,0.003231,0.002099,0.001334,0.000829,0.000505,0.000301,0.000176,0.000101,5.7e-05,3.1e-05,3.6e-05,0.929114,0.070886,1,0.073524,0.893301,0.106699,1,0.112831,0.847105,0.152895,1,0.16593,0.790554,0.209446,1,0.235021,0.724657,0.275343,1,0.322057,0.651361,0.348639,1,0.428691,0.573351,0.426649,1,0.556258,0.493722,0.506278,1,0.705782,0.415612,0.584388,1,0.878003,0.34184,0.65816,1,1.073414,0.274641,0.725359,1,1.292292,0.215511,0.784489,1,1.534743,0.165178,0.834822,1,1.80073,0.123674,0.876326,0,0.132017,0.090479,0.909521,0,0.094838,0.064699,0.935301,0,0.066887,0.045235,0.954765,0,0.04629,0.030934,0.969066,0,0.031423,0.020701,0.979299,0,0.020918,3.3e-05,0.00032,0.001582,0.005271,0.01331,0.027158,0.046639,0.069331,0.091063,0.107349,0.114986,0.113034,0.102815,0.087131,0.0692,0.051765,0.036632,0.024617,0.015764,0.009647,0.005658,0.003188,0.001729,0.001778,1.6e-05,0.000164,0.000867,0.003081,0.008299,0.018065,0.033094,0.052481,0.073533,0.092471,0.105662,0.110803,0.107514,0.097197,0.082347,0.065712,0.049606,0.035562,0.024292,0.01586,0.009923,0.005964,0.003451,0.004027,0.979483,0.020517,0.952325,0.047675,0.905687,0.094313,0.836356,0.163644,0.745293,0.254707,0.637944,0.362056,0.522958,0.477042,0.409925,0.590075,0.30711,0.69289,0.219978,0.780022,0.150778,0.849222,0.099014,0.900986,0.062382,0.937618,0.037764,0.962236,0.022001,0.977999,0.987563,0.012437,0.969498,0.030502,0.936403,0.063597,0.883923,0.116077,0.810389,0.189611,0.717918,0.282082,0.612256,0.387744,0.501453,0.498547,0.393939,0.606061,0.296743,0.703257,0.214396,0.785604,0.148684,0.851316,0.099078,0.900922,0.063516,0.936484,0.039223,0.960777,1,0.02073,1,0.012515,1,0.048849,1,0.030977,1,0.099062,1,0.065709,1,0.178701,1,0.123385,1,0.293978,1,0.210241,1,0.449505,1,0.3314,1,0.648254,1,0.490605,1,0.891781,1,0.690245,1,1.180549,0,0.500775,1,1.514228,0,0.352033,1,1.891947,0,0.241302,1,2.312494,0,0.160972,0,0.064413,0,0.104337,0,0.038496,0,0.065623,0,0.022247,0,0.040013
2525,2025/26,21,Bruk-Bet Termalica Nieciecza,Górnik Zabrze,12.0,9.0,21.0,12.1193,11.5811,23.7003,0.010399,1,4330.2312,0.4628,0.4721,0.1803,0.3169,0.3055,0.0,0.0,0.0,0.0,2e-06,7e-06,2.6e-05,8.1e-05,0.000221,0.00054,0.001193,0.002408,0.004476,0.007718,0.012417,0.018738,0.026638,0.035813,0.045691,0.05549,0.064325,0.071352,0.075905,0.077601,0.076383,0.072513,0.066497,0.058992,0.050696,0.042257,0.034203,0.026912,0.020606,0.015368,0.011174,0.007927,0.005492,0.003718,0.002462,0.001595,0.001012,0.000629,0.000384,0.000229,0.000135,7.8e-05,9.7e-05,0.952172,0.047828,1,0.049009,0.925534,0.074466,1,0.077384,0.889721,0.110279,1,0.116847,0.84403,0.15597,1,0.169567,0.788541,0.211459,1,0.237571,0.724216,0.275784,1,0.322666,0.652864,0.347136,0,1.058038,0.576959,0.423041,0,0.860285,0.499358,0.500642,0,0.691864,0.422975,0.577025,0,0.549869,0.350462,0.649538,0,0.431494,0.283965,0.716035,0,0.334026,0.224973,0.775027,0,0.254857,0.174276,0.825724,0,0.191495,0.13202,0.86798,0,0.141586,0.097817,0.902183,0,0.102938,0.070905,0.929095,0,0.073544,0.050299,0.949701,0,0.051608,0.034931,0.965069,0,0.035556,1.1e-05,0.000119,0.000646,0.002365,0.006563,0.014716,0.02777,0.045362,0.06547,0.084807,0.09982,0.107824,0.10777,0.100359,0.087584,0.071993,0.055982,0.04134,0.029088,0.019562,0.012607,0.007805,0.004652,0.005767,1.8e-05,0.000184,0.000962,0.003383,0.009015,0.019411,0.035179,0.055187,0.076494,0.09516,0.107565,0.111586,0.10711,0.09579,0.080283,0.063376,0.047328,0.033564,0.022681,0.014649,0.009066,0.005391,0.003086,0.003523,0.990277,0.009723,0.975561,0.024439,0.947791,0.052209,0.90243,0.09757,0.83696,0.16304,0.752153,0.247847,0.652333,0.347667,0.544509,0.455491,0.436738,0.563262,0.33638,0.66362,0.248796,0.751204,0.176804,0.823196,0.120822,0.879178,0.079482,0.920518,0.050394,0.949606,0.98643,0.01357,0.967018,0.032982,0.931839,0.068161,0.876652,0.123348,0.800159,0.199841,0.704999,0.295001,0.597434,0.402566,0.485848,0.514152,0.378738,0.621262,0.282948,0.717052,0.202665,0.797335,0.139289,0.860711,0.09196,0.90804,0.058396,0.941604,0.035715,0.964285,1,0.009771,1,0.013663,1,0.024743,1,0.033538,1,0.053621,1,0.070595,1,0.102664,1,0.131645,1,0.177979,1,0.222945,1,0.284816,0,1.220777,1,0.4272,0,0.909896,1,0.607871,0,0.665236,0,0.57401,0,0.476002,0,0.410046,0,0.332607,0,0.286078,0,0.22648,0,0.194561,0,0.149996,0,0.128768,0,0.096467,0,0.082819,0,0.06017,0,0.051708,0,0.036368
2526,2025/26,21,Motor Lublin,Lechia Gdańsk,9.0,11.0,20.0,12.1164,12.959,25.0754,0.010399,1,4330.2312,0.4628,0.4721,0.1803,0.3169,0.3055,0.0,0.0,0.0,0.0,1e-06,3e-06,1e-05,3.4e-05,9.7e-05,0.00025,0.000581,0.001233,0.002409,0.004367,0.007387,0.011719,0.017514,0.024753,0.033201,0.04239,0.051661,0.060245,0.067378,0.072417,0.074939,0.074793,0.072108,0.067253,0.060762,0.053247,0.04531,0.037482,0.030172,0.023658,0.018085,0.013489,0.009825,0.006993,0.004868,0.003316,0.002212,0.001446,0.000927,0.000582,0.000359,0.000218,0.000303,0.971909,0.028091,1,0.028493,0.954396,0.045604,1,0.046677,0.929642,0.070358,1,0.072955,0.896441,0.103559,1,0.109323,0.854051,0.145949,1,0.157765,0.80239,0.19761,0,1.62146,0.742145,0.257855,0,1.355359,0.674767,0.325233,0,1.123215,0.60235,0.39765,0,0.922183,0.527411,0.472589,0,0.749529,0.452618,0.547382,0,0.602608,0.380509,0.619491,0,0.478858,0.313256,0.686744,0,0.375794,0.252494,0.747506,0,0.291013,0.199247,0.800753,0,0.222203,0.153936,0.846064,0,0.167161,0.116455,0.883545,0,0.123813,0.086282,0.913718,0,0.090233,0.062624,0.937376,0,0.064671,1.1e-05,0.000119,0.000647,0.00237,0.006575,0.014738,0.027806,0.045411,0.065527,0.084863,0.099864,0.10785,0.107773,0.10034,0.087549,0.071948,0.055936,0.041297,0.029052,0.019533,0.012586,0.00779,0.004643,0.005752,5e-06,6e-05,0.000346,0.001344,0.003958,0.009416,0.018854,0.032678,0.050043,0.068782,0.0859,0.098454,0.104414,0.10317,0.095534,0.083322,0.068748,0.053867,0.040217,0.028697,0.019624,0.012891,0.008153,0.011464,0.990259,0.009741,0.975521,0.024479,0.947715,0.052285,0.902304,0.097696,0.836777,0.163223,0.751914,0.248086,0.652049,0.347951,0.5442,0.4558,0.436426,0.563574,0.336086,0.663914,0.248538,0.751462,0.176589,0.823411,0.120654,0.879346,0.079357,0.920643,0.050305,0.949695,0.994228,0.005772,0.984812,0.015188,0.965958,0.034042,0.93328,0.06672,0.883238,0.116762,0.814456,0.185544,0.728556,0.271444,0.630101,0.369899,0.525688,0.474312,0.422518,0.577482,0.326984,0.673016,0.243662,0.756338,0.174913,0.825087,0.121047,0.878953,0.080829,0.919171,1,0.009789,1,0.005789,1,0.024784,1,0.015305,1,0.053701,1,0.034635,1,0.102804,1,0.06905,1,0.178198,1,0.124161,0,1.39398,1,0.205235,0,1.055694,1,0.316691,0,0.785701,0,0.994525,0,0.573457,0,0.74589,0,0.409603,0,0.549078,0,0.285735,0,0.395986,0,0.1943,0,0.279267,0,0.128577,0,0.192266,0,0.082683,0,0.129024,0,0.051614,0,0.084283
2527,2025/26,21,Zagłębie Lubin,Raków Częstochowa,17.0,16.0,33.0,13.0082,12.2604,25.2687,0.010399,1,4330.2312,0.4628,0.4721,0.1803,0.3169,0.3055,0.0,0.0,0.0,0.0,1e-06,2e-06,9e-06,3e-05,8.7e-05,0.000224,0.000524,0.00112,0.002203,0.00402,0.006847,0.010936,0.016456,0.023417,0.031623,0.04065,0.049878,0.058563,0.065943,0.071358,0.074346,0.074707,0.072516,0.068094,0.061941,0.054649,0.04682,0.038995,0.031604,0.024949,0.019201,0.014419,0.010574,0.007578,0.005311,0.003643,0.002446,0.00161,0.001039,0.000657,0.000408,0.000249,0.000352,0.973997,0.026003,1,0.026347,0.957541,0.042459,1,0.043386,0.934124,0.065876,1,0.068146,0.902501,0.097499,1,0.102585,0.861851,0.138149,1,0.148673,0.811973,0.188027,1,0.208288,0.75341,0.24659,1,0.283146,0.687467,0.312533,1,0.374741,0.616109,0.383891,1,0.484332,0.541762,0.458238,1,0.612928,0.467056,0.532944,1,0.761307,0.39454,0.60546,1,0.930035,0.326446,0.673554,1,1.119492,0.264505,0.735495,1,1.329897,0.209855,0.790145,1,1.561337,0.163035,0.836965,1,1.813792,0.12404,0.87596,1,2.087151,0.092436,0.907564,1,2.381235,0.067488,0.932512,0,0.069873,5e-06,5.8e-05,0.000334,0.0013,0.003841,0.009168,0.018419,0.032031,0.049217,0.067873,0.085049,0.097804,0.104071,0.103175,0.095859,0.083885,0.069444,0.054594,0.040896,0.02928,0.020089,0.013241,0.008402,0.011901,1e-05,0.000106,0.000582,0.002152,0.006034,0.013668,0.026059,0.043006,0.062712,0.082073,0.097599,0.106514,0.107561,0.101198,0.089228,0.074101,0.058217,0.043434,0.030878,0.02098,0.01366,0.008545,0.005146,0.006516,0.9944,0.0056,0.985231,0.014769,0.966812,0.033188,0.934781,0.065219,0.885564,0.114436,0.817691,0.182309,0.732642,0.267358,0.634838,0.365162,0.530766,0.469234,0.427591,0.572409,0.331732,0.668268,0.247847,0.752153,0.178403,0.821597,0.123809,0.876191,0.082913,0.917087,0.991094,0.008906,0.977426,0.022574,0.951367,0.048633,0.90836,0.09164,0.845649,0.154351,0.763575,0.236425,0.665976,0.334024,0.559462,0.440538,0.451901,0.548099,0.350703,0.649297,0.261476,0.738524,0.187375,0.812625,0.129158,0.870842,0.085724,0.914276,0.054846,0.945154,1,0.005616,1,0.008946,1,0.014879,1,0.022833,1,0.033751,1,0.049855,1,0.067443,1,0.096115,1,0.121531,1,0.167651,1,0.201271,1,0.269744,1,0.311098,1,0.406502,1,0.454385,1,0.58078,1,0.633434,1,0.794292,1,0.849588,1,1.047816,1,1.103428,1,1.341413,1,1.394944,1,1.674643,1,1.72371,0,0.138295,0,0.132171,0,0.089623,0,0.086553,0,0.056407
2528,2025/26,21,Radomiak Radom,Korona Kielce,10.0,19.0,29.0,13.7898,12.0298,25.8196,0.010399,1,4330.2312,0.4628,0.4721,0.1803,0.3169,0.3055,0.0,0.0,0.0,0.0,0.0,2e-06,6e-06,2.1e-05,6.2e-05,0.000164,0.000391,0.00085,0.001704,0.00317,0.005501,0.008954,0.01373,0.019911,0.027402,0.035897,0.044887,0.053711,0.061637,0.067977,0.072181,0.073923,0.073133,0.069994,0.064894,0.058357,0.05096,0.043261,0.035738,0.028757,0.02256,0.017269,0.012909,0.009431,0.006738,0.004711,0.003225,0.002164,0.001423,0.000918,0.000581,0.000362,0.000535,0.979174,0.020826,1,0.021046,0.965443,0.034557,1,0.035168,0.945532,0.054468,1,0.056007,0.918131,0.081869,1,0.085416,0.882234,0.117766,1,0.125298,0.837347,0.162653,1,0.177517,0.783636,0.216364,1,0.24381,0.721999,0.278001,1,0.325731,0.654023,0.345977,1,0.424614,0.581841,0.418159,1,0.541558,0.507918,0.492082,1,0.677435,0.434785,0.565215,1,0.832904,0.364791,0.635209,1,1.00843,0.299898,0.700102,1,1.204314,0.241541,0.758459,0,0.276466,0.190581,0.809419,0,0.211439,0.14732,0.85268,0,0.159371,0.111582,0.888418,0,0.118313,0.082825,0.917175,0,0.086457,3e-06,3.1e-05,0.000186,0.000764,0.002374,0.005964,0.012612,0.023085,0.037336,0.054193,0.071476,0.086515,0.096897,0.10111,0.098877,0.091073,0.079357,0.065665,0.051775,0.039016,0.028176,0.019547,0.013056,0.020751,1.2e-05,0.000128,0.00069,0.002511,0.006922,0.015418,0.028903,0.046903,0.06725,0.086542,0.101193,0.10859,0.107823,0.099749,0.08648,0.070619,0.054553,0.04002,0.027975,0.01869,0.011966,0.00736,0.004358,0.005329,0.996481,0.003519,0.990517,0.009483,0.977905,0.022095,0.954819,0.045181,0.917484,0.082516,0.86329,0.13671,0.791814,0.208186,0.705299,0.294701,0.608402,0.391598,0.507292,0.492708,0.408415,0.591585,0.317342,0.682658,0.237985,0.762015,0.17232,0.82768,0.120545,0.879455,0.989721,0.010279,0.974303,0.025697,0.9454,0.0546,0.898497,0.101503,0.831247,0.168753,0.744705,0.255295,0.643512,0.356488,0.534922,0.465078,0.427099,0.572901,0.32735,0.67265,0.24087,0.75913,0.170251,0.829749,0.115698,0.884302,0.075678,0.924322,0.047703,0.952297,1,0.003525,1,0.010332,1,0.009528,1,0.026033,1,0.022343,1,0.056147,1,0.046233,1,0.107032,1,0.08612,1,0.184828,1,0.147005,1,0.294767,0,1.569323,1,0.440815,0,1.221794,1,0.625634,0,0.937519,1,0.850739,0,0.707839,1,1.116725,0,0.52495,1,1.423498,0,0.381761,1,1.770481,0,0.271789,1,2.156772,0,0.189129,1,2.581268,0,0.128453,1,3.042761
2529,2025/26,21,Pogoń Szczecin,Arka Gdynia,15.0,15.0,30.0,11.7282,13.3667,25.0949,0.010399,1,4330.2312,0.4628,0.4721,0.1803,0.3169,0.3055,0.0,0.0,0.0,0.0,1e-06,3e-06,1e-05,3.4e-05,9.7e-05,0.000248,0.000576,0.001222,0.00239,0.004334,0.007336,0.011644,0.017412,0.024624,0.033046,0.042218,0.051482,0.060073,0.067229,0.072304,0.074871,0.074775,0.07214,0.06733,0.060875,0.053384,0.045461,0.037635,0.030318,0.023791,0.0182,0.013586,0.009904,0.007055,0.004915,0.003351,0.002238,0.001464,0.000939,0.000591,0.000365,0.000221,0.000309,0.972106,0.027894,1,0.02829,0.954694,0.045306,1,0.046364,0.930071,0.069929,1,0.072494,0.897025,0.102975,1,0.108672,0.854807,0.145193,1,0.15688,0.803325,0.196675,1,0.218995,0.743252,0.256748,1,0.29672,0.676023,0.323977,1,0.391528,0.60372,0.39628,1,0.504646,0.528848,0.471152,1,0.637053,0.454073,0.545927,1,0.789497,0.381933,0.618067,1,0.962511,0.314602,0.685398,1,1.156446,0.253727,0.746273,1,1.371496,0.200343,0.799657,1,1.607726,0.154882,0.845118,0,0.168279,0.117247,0.882753,0,0.12471,0.086929,0.913071,0,0.090942,0.063138,0.936862,0,0.06522,1.6e-05,0.000163,0.000863,0.003069,0.008271,0.01801,0.033009,0.05237,0.073411,0.092358,0.10558,0.110767,0.107527,0.097252,0.082431,0.065808,0.049701,0.035646,0.024361,0.015911,0.009959,0.005989,0.003467,0.004049,4e-06,4.3e-05,0.000255,0.001019,0.003084,0.007539,0.015511,0.027627,0.043477,0.061408,0.07881,0.092823,0.10116,0.102716,0.097741,0.087602,0.074276,0.059805,0.045884,0.033646,0.023643,0.01596,0.010373,0.015493,0.987608,0.012392,0.969597,0.030403,0.936588,0.063412,0.884218,0.115782,0.810808,0.189192,0.71845,0.28155,0.612869,0.387131,0.502102,0.497898,0.394575,0.605425,0.297323,0.702677,0.214892,0.785108,0.149083,0.850917,0.099382,0.900618,0.063736,0.936264,0.039375,0.960625,0.995497,0.004503,0.987958,0.012042,0.972447,0.027553,0.94482,0.05518,0.901343,0.098657,0.839934,0.160066,0.761124,0.238876,0.668301,0.331699,0.567141,0.432859,0.464425,0.535575,0.366683,0.633317,0.279081,0.720919,0.204805,0.795195,0.145,0.855,0.099115,0.900885,1,0.012469,1,0.004513,1,0.030875,1,0.012115,1,0.065512,1,0.02794,1,0.123052,1,0.056761,1,0.209724,1,0.103869,1,0.330659,1,0.174432,1,0.489604,1,0.272959,1,0.688952,1,0.403017,1,0.929946,1,0.567147,1,1.212936,1,0.766955,1,1.53762,1,1.003258,0,0.161441,0,0.327228,0,0.104674,0,0.229168,0,0.065858,0,0.156654,0,0.040171,0,0.104378
2530,2025/26,21,Cracovia,Jagiellonia Białystok,11.0,19.0,30.0,13.2788,12.5167,25.7956,0.010399,1,4330.2312,0.4628,0.4721,0.1803,0.3169,0.3055,0.0,0.0,0.0,0.0,0.0,2e-06,6e-06,2.1e-05,6.3e-05,0.000166,0.000395,0.000859,0.001722,0.0032,0.00555,0.009027,0.013833,0.020047,0.027569,0.036091,0.045098,0.053923,0.061835,0.068143,0.072302,0.073988,0.073138,0.069941,0.06479,0.058214,0.050791,0.04308,0.035556,0.028585,0.022404,0.017134,0.012796,0.009338,0.006665,0.004655,0.003184,0.002134,0.001402,0.000904,0.000572,0.000355,0.000524,0.978989,0.021011,1,0.021235,0.965156,0.034844,1,0.035466,0.945109,0.054891,1,0.056455,0.91754,0.08246,1,0.086059,0.88145,0.11855,1,0.126187,0.836352,0.163648,1,0.178706,0.782429,0.217571,1,0.245352,0.720594,0.279406,1,0.327679,0.652451,0.347549,1,0.427019,0.58015,0.41985,1,0.544469,0.506162,0.493838,1,0.680898,0.433024,0.566976,1,0.836962,0.363083,0.636917,1,1.013123,0.298293,0.701707,1,1.209679,0.240079,0.759921,1,1.426788,0.189288,0.810712,0,0.209842,0.146208,0.853792,0,0.158068,0.110652,0.889348,0,0.117266,0.082067,0.917933,0,0.085631,4e-06,4.6e-05,0.000273,0.001082,0.003255,0.007911,0.016184,0.028658,0.044839,0.062966,0.080342,0.094081,0.101939,0.102908,0.097358,0.086755,0.073132,0.058544,0.044657,0.032557,0.022746,0.015266,0.009864,0.014543,8e-06,8.6e-05,0.000481,0.001812,0.005174,0.011937,0.02318,0.038962,0.057866,0.077132,0.09342,0.103839,0.106798,0.102339,0.091903,0.077735,0.062201,0.047265,0.034223,0.023682,0.015705,0.010006,0.006137,0.008077,0.995252,0.004748,0.987341,0.012659,0.971157,0.028843,0.942499,0.057501,0.89766,0.10234,0.834694,0.165306,0.754352,0.245648,0.660271,0.339729,0.558332,0.441668,0.455424,0.544576,0.358065,0.641935,0.27131,0.72869,0.198178,0.801822,0.139633,0.860367,0.094976,0.905024,0.992407,0.007593,0.98047,0.01953,0.95729,0.04271,0.918327,0.081673,0.860462,0.139538,0.78333,0.21667,0.68991,0.31009,0.586072,0.413928,0.479273,0.520727,0.376934,0.623066,0.285031,0.714969,0.207296,0.792704,0.145095,0.854905,0.09783,0.90217,0.063608,0.936392,1,0.004759,1,0.007622,1,0.01274,1,0.019723,1,0.029267,1,0.043649,1,0.05922,1,0.085202,1,0.107964,1,0.150286,1,0.18069,1,0.244201,1,0.281896,1,0.371194,0,1.079607,1,0.534313,0,0.817197,1,0.735485,0,0.607748,1,0.975685,0,0.443268,1,1.255157,0,0.316507,1,1.573608,0,0.220869,1,1.930367,0,0.150396,1,2.324524,0,0.099794,1,2.755016
2531,2025/26,21,GKS Katowice,Legia Warszawa,15.0,11.0,26.0,13.4336,14.2235,27.6571,0.010399,1,4330.2312,0.4628,0.4721,0.1803,0.3169,0.3055,0.0,0.0,0.0,0.0,0.0,0.0,2e-06,6e-06,2e-05,5.6e-05,0.000142,0.000329,0.0007,0.001383,0.00255,0.004409,0.007182,0.011065,0.016177,0.022513,0.029907,0.038015,0.046343,0.054293,0.06124,0.066622,0.070011,0.071175,0.070093,0.066951,0.0621,0.055994,0.04913,0.041989,0.034986,0.028444,0.022582,0.017521,0.013294,0.009871,0.007177,0.005113,0.003572,0.002447,0.001646,0.001087,0.001864,0.990404,0.009596,1,0.009643,0.983221,0.016779,1,0.016921,0.972157,0.027843,1,0.028238,0.95598,0.04402,1,0.045019,0.933466,0.066534,1,0.06885,0.90356,0.09644,1,0.101413,0.865545,0.134455,1,0.144396,0.819201,0.180799,1,0.199425,0.764909,0.235091,1,0.267999,0.703668,0.296332,1,0.351448,0.637046,0.362954,1,0.450913,0.567035,0.432965,0,0.837098,0.49586,0.50414,0,0.684902,0.425767,0.574233,0,0.554721,0.358816,0.641184,0,0.444439,0.296716,0.703284,0,0.351995,0.240723,0.759277,0,0.275388,0.191592,0.808408,0,0.212689,0.149603,0.850397,0,0.162052,3e-06,4.1e-05,0.000243,0.000974,0.002959,0.007266,0.015016,0.026863,0.042461,0.060236,0.077645,0.091852,0.100542,0.102536,0.097999,0.088219,0.075127,0.060756,0.046819,0.034481,0.024337,0.016501,0.010771,0.016248,2e-06,2.1e-05,0.000135,0.000567,0.001811,0.004676,0.010158,0.019103,0.031741,0.047336,0.064142,0.079765,0.091784,0.0984,0.098862,0.093555,0.083752,0.071201,0.057678,0.044655,0.033132,0.023615,0.016205,0.027439,0.995673,0.004327,0.988407,0.011593,0.973391,0.026609,0.946528,0.053472,0.904067,0.095933,0.843831,0.156169,0.766187,0.233813,0.674335,0.325665,0.573793,0.426207,0.471257,0.528743,0.373258,0.626742,0.28504,0.71496,0.209913,0.790087,0.149157,0.850843,0.102338,0.897662,0.997201,0.002799,0.992525,0.007475,0.982367,0.017633,0.963264,0.036736,0.931522,0.068478,0.884186,0.115814,0.820044,0.179956,0.740279,0.259721,0.648495,0.351505,0.550096,0.449904,0.451233,0.548767,0.357678,0.642322,0.273926,0.726074,0.202724,0.797276,0.145046,0.854954,1,0.004336,1,0.002803,1,0.011661,1,0.007503,1,0.026969,1,0.01779,1,0.054955,1,0.037428,1,0.100852,1,0.070935,1,0.169803,1,0.123088,1,0.266329,1,0.198397,1,0.394028,0,1.348147,1,0.555487,0,1.045531,1,0.752352,0,0.798721,1,0.985485,0,0.600081,0,0.335529,0,0.442666,0,0.235612,0,0.320103,0,0.161528,0,0.226554,0,0.107962,0,0.156708
2532,2025/26,21,Lech Poznań,Piast Gliwice,16.0,6.0,22.0,12.355,12.6547,25.0097,0.010399,1,4330.2312,0.4628,0.4721,0.1803,0.3169,0.3055,0.0,0.0,0.0,0.0,1e-06,3e-06,1.1e-05,3.5e-05,0.000101,0.00026,0.000602,0.001273,0.002482,0.00449,0.007577,0.011993,0.017883,0.025218,0.033747,0.042988,0.052269,0.060814,0.067858,0.072765,0.075125,0.074805,0.071952,0.066952,0.060349,0.052762,0.044793,0.036967,0.029688,0.023223,0.017711,0.013179,0.009577,0.006801,0.004723,0.00321,0.002136,0.001393,0.00089,0.000558,0.000344,0.000208,0.000288,0.971172,0.028828,1,0.029251,0.953289,0.046711,1,0.047837,0.928072,0.071928,1,0.074646,0.894325,0.105675,1,0.111686,0.851337,0.148663,1,0.160947,0.799068,0.200932,1,0.224309,0.738254,0.261746,1,0.303468,0.670396,0.329604,0,1.109864,0.597631,0.402369,0,0.910386,0.522506,0.477494,0,0.739204,0.447702,0.552298,0,0.593667,0.37575,0.62425,0,0.471204,0.308798,0.691202,0,0.369323,0.248449,0.751551,0,0.285616,0.195687,0.804313,0,0.217767,0.150894,0.849106,0,0.163572,0.113928,0.886072,0,0.120957,0.084239,0.915761,0,0.088,0.061016,0.938984,0,0.062957,9e-06,9.8e-05,0.000542,0.00202,0.005702,0.013004,0.024963,0.041479,0.060898,0.080244,0.096076,0.10557,0.107335,0.101676,0.090263,0.075473,0.0597,0.044845,0.032099,0.021958,0.014395,0.009066,0.005497,0.007061,7e-06,7.7e-05,0.000434,0.001651,0.004761,0.011091,0.021746,0.036908,0.055349,0.074496,0.091107,0.102255,0.106194,0.102751,0.093172,0.079576,0.064295,0.049332,0.036067,0.025202,0.016876,0.010856,0.006723,0.009034,0.991603,0.008397,0.978599,0.021401,0.953636,0.046364,0.912157,0.087843,0.85126,0.14874,0.771015,0.228985,0.674939,0.325061,0.56937,0.43063,0.462034,0.537966,0.360358,0.639642,0.270095,0.729905,0.194622,0.805378,0.134922,0.865078,0.090077,0.909923,0.057978,0.942022,0.993031,0.006969,0.98194,0.01806,0.960194,0.039806,0.923286,0.076714,0.867937,0.132063,0.79344,0.20656,0.702334,0.297666,0.600079,0.399921,0.493885,0.506115,0.391134,0.608866,0.297962,0.702038,0.218386,0.781614,0.154091,0.845909,0.104759,0.895241,0.068692,0.931308,1,0.008432,1,0.006993,1,0.021633,1,0.018225,1,0.047473,0,3.223738,1,0.091943,0,2.567671,1,0.161038,0,2.024476,1,0.260047,0,1.577164,1,0.393133,0,1.211783,1,0.563225,0,0.916488,1,0.772117,0,0.680991,1,1.020657,0,0.496157,1,1.308982,0,0.353768,1,1.636696,0,0.246394,0,0.144936,0,0.167343,0,0.094395,0,0.110662,0,0.059727,0,0.071165
2533,2025/26,22,Arka Gdynia,GKS Katowice,10.0,15.0,25.0,12.9242,14.1168,27.041,0.010408,1,4380.3334,0.4813,0.4902,0.1717,0.3218,0.3024,0.0,0.0,0.0,0.0,0.0,1e-06,3e-06,1e-05,2.9e-05,8.1e-05,0.0002,0.000454,0.000948,0.001836,0.003319,0.005627,0.008987,0.013574,0.019456,0.026546,0.034573,0.043087,0.051498,0.059151,0.065415,0.069773,0.071889,0.071656,0.069189,0.064798,0.058929,0.052099,0.044822,0.03756,0.030686,0.024462,0.019043,0.014487,0.010778,0.007847,0.005595,0.003909,0.002677,0.001799,0.001186,0.000768,0.001254,0.987492,0.012508,1,0.012587,0.978505,0.021495,1,0.021729,0.964931,0.035069,1,0.035699,0.945475,0.054525,1,0.056068,0.918928,0.081072,1,0.084547,0.884355,0.115645,1,0.122897,0.841268,0.158732,1,0.172845,0.789771,0.210229,1,0.236013,0.73062,0.26938,1,0.313862,0.665204,0.334796,1,0.407661,0.595432,0.404568,0,0.904935,0.523543,0.476457,0,0.741377,0.451887,0.548113,0,0.601273,0.382698,0.617302,0,0.482396,0.3179,0.6821,0,0.382579,0.25897,0.74103,0,0.299715,0.206872,0.793128,0,0.23177,0.16205,0.83795,0,0.176797,0.12449,0.87551,0,0.132949,5e-06,6.2e-05,0.000355,0.001377,0.004044,0.009597,0.019169,0.033144,0.050635,0.069428,0.0865,0.098905,0.104642,0.10315,0.09529,0.082913,0.06825,0.053351,0.039739,0.02829,0.0193,0.012649,0.007981,0.011166,2e-06,2.3e-05,0.000146,0.00061,0.001937,0.004967,0.01072,0.020027,0.033056,0.048972,0.065923,0.081441,0.093098,0.099153,0.098967,0.093041,0.082748,0.069889,0.056245,0.043262,0.031889,0.022581,0.015395,0.02567,0.9941,0.0059,0.984504,0.015496,0.965334,0.034666,0.93219,0.06781,0.881555,0.118445,0.812127,0.187873,0.725626,0.274374,0.626721,0.373279,0.522079,0.477921,0.418929,0.581071,0.323639,0.676361,0.240726,0.759274,0.172476,0.827524,0.119125,0.880875,0.079387,0.920613,0.997047,0.002953,0.99208,0.00792,0.98136,0.01864,0.961333,0.038667,0.928277,0.071723,0.879305,0.120695,0.813382,0.186618,0.731941,0.268059,0.638843,0.361157,0.539689,0.460311,0.440722,0.559278,0.347681,0.652319,0.264932,0.735068,0.195044,0.804956,0.138798,0.861202,1,0.005917,1,0.002957,1,0.015617,1,0.007952,1,0.035281,1,0.018816,1,0.070219,1,0.039434,1,0.126068,1,0.074425,1,0.208099,1,0.128623,0,1.293263,1,0.206554,0,0.985429,1,0.312055,0,0.73831,1,0.448097,0,0.542882,1,0.616762,0,0.391028,1,0.819341,0,0.275393,0,0.427222,0,0.189317,0,0.307792,0,0.12684,0,0.216968,0,0.082716,0,0.149426
2534,2025/26,22,Legia Warszawa,Wisła Płock,11.0,8.0,19.0,13.0678,11.4845,24.5523,0.010408,1,4380.3334,0.4813,0.4902,0.1717,0.3218,0.3024,0.0,0.0,0.0,0.0,1e-06,4e-06,1.5e-05,4.7e-05,0.000134,0.000337,0.000767,0.001598,0.003064,0.00545,0.009046,0.014083,0.020655,0.028649,0.037711,0.047253,0.056517,0.064684,0.071001,0.074897,0.076069,0.074516,0.070513,0.06455,0.057243,0.049238,0.041127,0.033395,0.026387,0.02031,0.01524,0.011159,0.007979,0.005575,0.00381,0.002548,0.001669,0.001071,0.000674,0.000416,0.000252,0.00015,0.0002,0.965455,0.034545,1,0.035156,0.9448,0.0552,1,0.056782,0.916151,0.083849,1,0.087574,0.878439,0.121561,1,0.129608,0.831186,0.168814,0,1.77896,0.774669,0.225331,0,1.490187,0.709985,0.290015,0,1.237823,0.638984,0.361016,0,1.018834,0.564088,0.435912,0,0.830314,0.488018,0.511982,0,0.669466,0.413502,0.586498,0,0.533587,0.34299,0.65701,0,0.420056,0.27844,0.72156,0,0.32634,0.221197,0.778803,0,0.249997,0.171959,0.828041,0,0.188692,0.130832,0.869168,0,0.140219,0.097437,0.902563,0,0.102517,0.07105,0.92895,0,0.0737,0.05074,0.94926,0,0.052073,5e-06,5.5e-05,0.000319,0.001249,0.003705,0.008878,0.017907,0.031265,0.048232,0.06678,0.084015,0.097002,0.103633,0.103154,0.096226,0.084547,0.070275,0.055471,0.041722,0.029992,0.020662,0.013674,0.008712,0.012452,1.9e-05,0.000199,0.001033,0.003607,0.009539,0.020386,0.036668,0.057092,0.078543,0.096978,0.108802,0.112026,0.106731,0.094741,0.078813,0.061753,0.045774,0.032221,0.021612,0.013855,0.008512,0.005023,0.002854,0.003211,0.994599,0.005401,0.985721,0.014279,0.967814,0.032186,0.936548,0.063452,0.888316,0.111684,0.821536,0.178464,0.737522,0.262478,0.640519,0.359481,0.536887,0.463113,0.433732,0.566268,0.337507,0.662493,0.25296,0.74704,0.182685,0.817315,0.127214,0.872786,0.085492,0.914508,0.985594,0.014406,0.965208,0.034792,0.92854,0.07146,0.871447,0.128553,0.792905,0.207095,0.695927,0.304073,0.587125,0.412875,0.475098,0.524902,0.368367,0.631633,0.273627,0.726373,0.194814,0.805186,0.133061,0.866939,0.087288,0.912712,0.055067,0.944933,0.033455,0.966545,1,0.005416,1,0.014511,1,0.014382,1,0.035412,1,0.032715,1,0.074142,1,0.065555,1,0.1376,1,0.118428,0,1.574578,1,0.19658,0,1.190487,1,0.304459,0,0.88461,0,1.023094,0,0.644544,0,0.769784,0,0.459447,0,0.568688,0,0.319692,0,0.411745,0,0.216682,0,0.291637,0,0.142787,0,0.201731,0,0.091335,0,0.136065,0,0.056641,0,0.089369,0,0.034027
2535,2025/26,22,Lechia Gdańsk,Zagłębie Lubin,11.0,15.0,26.0,12.0333,11.8085,23.8418,0.010408,1,4380.3334,0.4813,0.4902,0.1717,0.3218,0.3024,0.0,0.0,0.0,0.0,2e-06,7e-06,2.4e-05,7.4e-05,0.000204,0.0005,0.001109,0.002251,0.004206,0.00729,0.011792,0.017888,0.025565,0.034552,0.044316,0.054105,0.063052,0.070311,0.075195,0.077283,0.076474,0.072985,0.067286,0.060009,0.051844,0.043444,0.03535,0.027963,0.021524,0.016138,0.011797,0.008414,0.00586,0.003989,0.002655,0.001729,0.001103,0.000689,0.000422,0.000254,0.00015,8.7e-05,0.000109,0.954655,0.045345,1,0.046405,0.92909,0.07091,1,0.073549,0.894538,0.105462,1,0.111447,0.850223,0.149777,1,0.162257,0.796118,0.203882,1,0.228008,0.733066,0.266934,1,0.31052,0.662754,0.337246,1,0.411351,0.587559,0.412441,1,0.531778,0.510276,0.489724,1,0.672803,0.433802,0.566198,1,0.835167,0.360817,0.639183,1,1.019385,0.293531,0.706469,0,0.347476,0.233522,0.766478,0,0.265949,0.181678,0.818322,0,0.200499,0.138234,0.861766,0,0.148772,0.102884,0.897116,0,0.10857,0.074921,0.925079,0,0.077876,0.053397,0.946603,0,0.054875,0.037258,0.962742,0,0.03797,1.2e-05,0.000127,0.000689,0.002506,0.006909,0.015392,0.028861,0.046845,0.067182,0.086474,0.101137,0.108556,0.107817,0.099769,0.08652,0.070671,0.054609,0.040073,0.02802,0.018725,0.011992,0.007378,0.00437,0.005348,1.5e-05,0.000153,0.000813,0.002911,0.007891,0.017287,0.031875,0.050876,0.071749,0.090816,0.104448,0.110246,0.107674,0.097978,0.083554,0.067113,0.050996,0.036799,0.025303,0.016628,0.010472,0.006336,0.00369,0.004364,0.98974,0.01026,0.974348,0.025652,0.945487,0.054513,0.898642,0.101358,0.83146,0.16854,0.744986,0.255014,0.64385,0.35615,0.535293,0.464707,0.427476,0.572524,0.327707,0.672293,0.241186,0.758814,0.170515,0.829485,0.115906,0.884094,0.075834,0.924166,0.047814,0.952186,0.988206,0.011794,0.970919,0.029081,0.939044,0.060956,0.888167,0.111833,0.816418,0.183582,0.725602,0.274398,0.621154,0.378846,0.510908,0.489092,0.403234,0.596766,0.305256,0.694744,0.221701,0.778299,0.154589,0.845411,0.103592,0.896408,0.066793,0.933207,0.04149,0.95851,1,0.010313,1,0.011864,1,0.025987,1,0.029512,1,0.056055,1,0.062893,1,0.106871,1,0.118595,1,0.184572,1,0.202829,1,0.29439,1,0.320754,1,0.440289,1,0.476176,0,0.766348,1,0.671566,0,0.557701,1,0.908238,0,0.397061,1,1.186605,0,0.275999,1,1.506426,0,0.18695,0,0.167932,0,0.123192,0,0.10936,0,0.078864,0,0.069128,0,0.048995,0,0.042375
2536,2025/26,22,Górnik Zabrze,Pogoń Szczecin,12.0,18.0,30.0,10.8551,12.0852,22.9403,0.010408,1,4380.3334,0.4813,0.4902,0.1717,0.3218,0.3024,0.0,0.0,0.0,1e-06,3e-06,1.2e-05,4.3e-05,0.00013,0.000346,0.00082,0.001759,0.003447,0.006224,0.010423,0.016287,0.023871,0.032959,0.043037,0.053331,0.062908,0.070831,0.076316,0.078858,0.078308,0.074871,0.069042,0.061502,0.053,0.044244,0.035824,0.028168,0.02153,0.016015,0.011603,0.008196,0.005649,0.003802,0.002501,0.001609,0.001013,0.000624,0.000377,0.000223,0.00013,7.4e-05,4.1e-05,4.9e-05,0.936634,0.063366,1,0.065463,0.903675,0.096325,1,0.101286,0.860638,0.139362,1,0.150082,0.807307,0.192693,1,0.214051,0.744399,0.255601,1,0.295178,0.673567,0.326433,1,0.395167,0.597252,0.402748,1,0.515417,0.518394,0.481606,1,0.65702,0.440086,0.559914,1,0.820786,0.365214,0.634786,1,1.007271,0.296172,0.703828,1,1.216814,0.23467,0.76533,1,1.449574,0.18167,0.81833,1,1.705561,0.137426,0.862574,1,1.984667,0.101602,0.898398,1,2.286693,0.073434,0.926566,0,0.07627,0.051904,0.948096,0,0.053299,0.035889,0.964111,0,0.036549,0.024286,0.975714,0,0.024586,3.4e-05,0.000333,0.001642,0.005448,0.013699,0.027833,0.047598,0.070461,0.092161,0.108189,0.115403,0.112972,0.102332,0.086363,0.068306,0.050885,0.035861,0.024,0.015305,0.009328,0.005449,0.003057,0.001652,0.001685,1.1e-05,0.000122,0.000663,0.002421,0.006699,0.014982,0.0282,0.045947,0.066147,0.085468,0.100344,0.108118,0.107793,0.100129,0.087165,0.07147,0.055438,0.040837,0.028664,0.019229,0.012362,0.007635,0.00454,0.005599,0.978842,0.021158,0.951009,0.048991,0.90341,0.09659,0.832949,0.167051,0.740789,0.259211,0.632599,0.367401,0.517196,0.482804,0.404223,0.595777,0.301891,0.698109,0.215528,0.784472,0.147222,0.852778,0.096337,0.903663,0.060476,0.939524,0.036476,0.963524,0.021171,0.978829,0.990066,0.009934,0.975084,0.024916,0.946884,0.053116,0.900936,0.099064,0.834789,0.165211,0.749321,0.250679,0.648977,0.351023,0.54086,0.45914,0.433067,0.566933,0.332938,0.667062,0.245773,0.754227,0.174303,0.825697,0.118865,0.881135,0.078028,0.921972,0.049364,0.950636,1,0.021385,1,0.009984,1,0.050232,1,0.025232,1,0.101579,1,0.054579,1,0.182783,1,0.104321,1,0.300039,1,0.180576,1,0.457919,1,0.288588,1,0.659333,1,0.432358,1,0.905789,1,0.614595,0,0.35938,1,0.836863,0,0.242744,1,1.099799,0,0.159256,1,1.403347,0,0.101299,1,1.74696,0,0.062382,1,2.129767,0,0.037158,1,2.550688,0,0.021398,0,0.050624
2537,2025/26,22,Korona Kielce,Lech Poznań,12.0,16.0,28.0,12.742,13.0069,25.7489,0.010408,1,4380.3334,0.4813,0.4902,0.1717,0.3218,0.3024,0.0,0.0,0.0,0.0,0.0,2e-06,7e-06,2.2e-05,6.5e-05,0.00017,0.000405,0.00088,0.00176,0.003266,0.005655,0.009184,0.01405,0.020329,0.027913,0.036483,0.045515,0.054335,0.062208,0.068445,0.072506,0.074079,0.073111,0.069804,0.06456,0.057915,0.05045,0.042722,0.035205,0.028257,0.022112,0.016883,0.012588,0.009173,0.006536,0.004558,0.003113,0.002083,0.001366,0.000879,0.000555,0.000344,0.000506,0.978585,0.021415,1,0.021648,0.964534,0.035466,1,0.03611,0.944205,0.055795,1,0.057412,0.916292,0.083708,1,0.08742,0.879809,0.120191,1,0.12805,0.834294,0.165706,1,0.181169,0.779959,0.220041,1,0.248514,0.717751,0.282249,1,0.331633,0.649306,0.350694,1,0.431851,0.5768,0.4232,1,0.55026,0.502721,0.497279,1,0.68772,0.42961,0.57039,1,0.844878,0.359806,0.640194,1,1.02219,0.295246,0.704754,0,0.349906,0.237331,0.762669,0,0.270931,0.186881,0.813119,0,0.206877,0.144159,0.855841,0,0.155671,0.108954,0.891046,0,0.11536,0.080697,0.919303,0,0.08414,6e-06,7.2e-05,0.000407,0.001557,0.004517,0.010586,0.020882,0.035656,0.053795,0.072843,0.089625,0.101202,0.105739,0.102934,0.093907,0.080693,0.065595,0.050638,0.037248,0.026187,0.017643,0.011419,0.007116,0.009688,5e-06,5.8e-05,0.000334,0.001302,0.003845,0.009177,0.018433,0.032051,0.049242,0.067898,0.085071,0.097819,0.104076,0.10317,0.095845,0.083867,0.069424,0.054574,0.040879,0.029266,0.020078,0.013233,0.008397,0.011893,0.993396,0.006604,0.98281,0.01719,0.961928,0.038072,0.926272,0.073728,0.872477,0.127523,0.799634,0.200366,0.71001,0.28999,0.608808,0.391192,0.503068,0.496932,0.400134,0.599866,0.306227,0.693773,0.225534,0.774466,0.159939,0.840061,0.109301,0.890699,0.072053,0.927947,0.994393,0.005607,0.985217,0.014783,0.966783,0.033217,0.934732,0.065268,0.88549,0.11451,0.817592,0.182408,0.732521,0.267479,0.634703,0.365297,0.530627,0.469373,0.427457,0.572543,0.331611,0.668389,0.247745,0.752255,0.178321,0.821679,0.123747,0.876253,0.082868,0.917132,1,0.006626,1,0.005623,1,0.017339,1,0.014893,1,0.038816,1,0.033781,1,0.076587,1,0.067495,1,0.136419,1,0.121614,1,0.223601,1,0.201392,1,0.342476,1,0.311263,1,0.496252,1,0.454598,0,0.699302,1,0.633696,0,0.511049,1,0.849902,0,0.36561,1,1.103793,0,0.255582,1,1.395355,0,0.174281,0,0.196405,0,0.115749,0,0.1321,0,0.074781,0,0.086504
2538,2025/26,22,Raków Częstochowa,Bruk-Bet Termalica Nieciecza,10.0,15.0,25.0,11.1853,13.6538,24.839,0.010408,1,4380.3334,0.4813,0.4902,0.1717,0.3218,0.3024,0.0,0.0,0.0,0.0,1e-06,3e-06,1.2e-05,4e-05,0.000113,0.000287,0.000661,0.001391,0.002693,0.004839,0.008113,0.012759,0.018901,0.026483,0.035213,0.044572,0.053854,0.062266,0.069047,0.073583,0.075504,0.074725,0.071442,0.066078,0.059207,0.051457,0.043429,0.035632,0.028451,0.022128,0.016779,0.012415,0.008971,0.006335,0.004375,0.002957,0.001957,0.001269,0.000807,0.000503,0.000308,0.000185,0.000254,0.969087,0.030913,1,0.031401,0.950185,0.049815,1,0.051098,0.923703,0.076297,1,0.079365,0.888489,0.111511,1,0.118233,0.843917,0.156083,1,0.169701,0.790063,0.209937,1,0.235642,0.727797,0.272203,1,0.317733,0.658751,0.341249,1,0.41741,0.585167,0.414833,1,0.535857,0.509663,0.490337,1,0.674006,0.434938,0.565062,0,0.570819,0.363496,0.636504,0,0.451765,0.297418,0.702582,0,0.352993,0.238211,0.761789,0,0.272086,0.186754,0.813246,0,0.206722,0.143326,0.856674,0,0.154697,0.107693,0.892307,0,0.113945,0.079243,0.920757,0,0.082559,0.057115,0.942885,0,0.058811,2.5e-05,0.000254,0.001288,0.004391,0.011343,0.023675,0.04159,0.063245,0.084976,0.102473,0.112284,0.112914,0.105066,0.091086,0.074005,0.056632,0.040999,0.028186,0.018465,0.011561,0.006937,0.003998,0.002219,0.002383,3e-06,3.4e-05,0.000206,0.000838,0.002584,0.006435,0.013488,0.024475,0.039238,0.056461,0.073822,0.08858,0.098351,0.10174,0.098633,0.090064,0.0778,0.063823,0.049889,0.037271,0.026684,0.018353,0.012153,0.018937,0.982693,0.017307,0.959018,0.040982,0.917428,0.082572,0.854183,0.145817,0.769207,0.230793,0.666734,0.333266,0.55445,0.44555,0.441536,0.558464,0.33647,0.66353,0.245383,0.754617,0.171379,0.828621,0.114747,0.885253,0.073748,0.926252,0.045562,0.954438,0.027097,0.972903,0.996197,0.003803,0.989762,0.010238,0.976273,0.023727,0.951799,0.048201,0.91256,0.08744,0.856099,0.143901,0.782278,0.217722,0.693697,0.306303,0.595347,0.404653,0.493607,0.506393,0.394974,0.605026,0.304909,0.695091,0.227109,0.772891,0.163286,0.836714,0.113398,0.886602,1,0.017459,1,0.00381,1,0.041845,1,0.010291,1,0.086181,1,0.024013,1,0.15761,1,0.049401,1,0.262395,1,0.091501,1,0.405364,1,0.155369,0,0.808446,1,0.245545,0,0.582565,1,0.36572,0,0.410181,1,0.518611,0,0.281545,1,0.706016,0,0.187992,1,0.928935,0,0.121882,0,0.363713,0,0.076609,0,0.257617,0,0.046633,0,0.178273,0,0.027471,0,0.120359
2539,2025/26,22,Jagiellonia Białystok,Radomiak Radom,18.0,16.0,34.0,13.2273,14.52,27.7472,0.010408,1,4380.3334,0.4813,0.4902,0.1717,0.3218,0.3024,0.0,0.0,0.0,0.0,0.0,0.0,2e-06,6e-06,1.9e-05,5.3e-05,0.000135,0.000314,0.00067,0.001327,0.002454,0.004255,0.006951,0.010738,0.015742,0.021968,0.029263,0.037301,0.045599,0.053571,0.060595,0.066106,0.069666,0.071024,0.070143,0.06719,0.062499,0.056515,0.049731,0.042625,0.035618,0.029042,0.023124,0.017993,0.013692,0.010197,0.007436,0.005313,0.003722,0.002558,0.001725,0.001142,0.001975,0.990764,0.009236,1,0.009279,0.983814,0.016186,1,0.016319,0.973076,0.026924,1,0.027293,0.957334,0.042666,1,0.043603,0.935366,0.064634,1,0.066817,0.906103,0.093897,1,0.098603,0.868802,0.131198,1,0.14064,0.823203,0.176797,1,0.194553,0.769632,0.230368,1,0.261843,0.709036,0.290964,1,0.343848,0.64293,0.35707,1,0.441719,0.573265,0.426735,1,0.556408,0.502241,0.497759,1,0.688675,0.432098,0.567902,1,0.839102,0.364908,0.635092,1,1.008109,0.302409,0.697591,1,1.195974,0.245894,0.754106,1,1.402855,0.196163,0.803837,1,1.628808,0.153538,0.846462,1,1.873805,4e-06,4.8e-05,0.000283,0.001121,0.00336,0.008139,0.016592,0.02928,0.045654,0.063889,0.08124,0.094805,0.102372,0.102992,0.097105,0.086235,0.072447,0.057799,0.04394,0.031925,0.022229,0.014869,0.009576,0.014013,1e-06,1.7e-05,0.000108,0.000463,0.001504,0.003953,0.008743,0.016739,0.028315,0.042988,0.059304,0.075082,0.087957,0.096003,0.098201,0.094611,0.086232,0.074638,0.061558,0.048524,0.036655,0.0266,0.018585,0.032858,0.9951,0.0049,0.986961,0.013039,0.970369,0.029631,0.941089,0.058911,0.895435,0.104565,0.831546,0.168454,0.750306,0.249694,0.655501,0.344499,0.55313,0.44687,0.450138,0.549862,0.353032,0.646968,0.266798,0.733202,0.194351,0.805649,0.136552,0.863448,0.092612,0.907388,0.997546,0.002454,0.993593,0.006407,0.98485,0.01515,0.968111,0.031889,0.939796,0.060204,0.896808,0.103192,0.837504,0.162496,0.762423,0.237577,0.674465,0.325535,0.578462,0.421538,0.480261,0.519739,0.38565,0.61435,0.299418,0.700582,0.224779,0.775221,0.163221,0.836779,1,0.004912,1,0.002457,1,0.013125,1,0.006428,1,0.030079,1,0.015266,1,0.060718,1,0.032409,1,0.110446,1,0.062092,1,0.184469,1,0.108913,1,0.287274,1,0.177329,1,0.422355,1,0.271254,1,0.592162,1,0.393835,1,0.798201,1,0.547382,1,1.041197,1,0.733426,1,1.321263,1,0.952825,1,1.638089,0,0.355844,1,1.99105,0,0.254607,0,0.097185,0,0.178195
2540,2025/26,22,Piast Gliwice,Motor Lublin,11.0,16.0,27.0,11.9481,13.3997,25.3479,0.010408,1,4380.3334,0.4813,0.4902,0.1717,0.3218,0.3024,0.0,0.0,0.0,0.0,0.0,2e-06,9e-06,2.9e-05,8.3e-05,0.000215,0.000503,0.001077,0.002125,0.003889,0.006641,0.010635,0.016045,0.022893,0.030997,0.039952,0.049154,0.057867,0.065337,0.070895,0.074066,0.07463,0.072641,0.068401,0.062394,0.055203,0.047428,0.039612,0.032196,0.025488,0.019673,0.014816,0.010896,0.007831,0.005505,0.003786,0.002551,0.001683,0.001089,0.000691,0.000431,0.000264,0.000376,0.974791,0.025209,1,0.025532,0.958746,0.041254,1,0.042129,0.935853,0.064147,1,0.066297,0.904856,0.095144,1,0.09998,0.864904,0.135096,1,0.145137,0.81575,0.18425,1,0.203647,0.757883,0.242117,1,0.277227,0.692546,0.307454,1,0.367381,0.621651,0.378349,1,0.475377,0.547585,0.452415,1,0.602238,0.472955,0.527045,1,0.748755,0.400314,0.599686,1,0.915506,0.331913,0.668087,0,0.403337,0.269519,0.730481,0,0.314052,0.214316,0.785684,0,0.241201,0.166888,0.833112,0,0.182588,0.127276,0.872724,0,0.136136,0.09508,0.90492,0,0.099909,0.069592,0.930408,0,0.072132,1.3e-05,0.000137,0.000734,0.002652,0.007267,0.016087,0.029974,0.048345,0.068897,0.088123,0.102417,0.109238,0.107811,0.099135,0.085429,0.06934,0.053243,0.038824,0.026976,0.017914,0.011401,0.00697,0.004103,0.004956,4e-06,4.2e-05,0.000249,0.000997,0.003023,0.007405,0.015268,0.027251,0.042977,0.06083,0.078235,0.092343,0.100854,0.102626,0.097867,0.087905,0.074695,0.060274,0.046345,0.034058,0.023986,0.016228,0.01057,0.015867,0.989183,0.010817,0.973096,0.026904,0.943122,0.056878,0.894776,0.105224,0.825879,0.174121,0.737756,0.262244,0.63534,0.36466,0.526102,0.473898,0.418291,0.581709,0.319156,0.680844,0.233727,0.766273,0.164387,0.835613,0.111143,0.888857,0.072319,0.927681,0.045343,0.954657,0.995584,0.004416,0.988179,0.011821,0.972911,0.027089,0.945659,0.054341,0.902683,0.097317,0.841852,0.158148,0.763617,0.236383,0.671274,0.328726,0.57042,0.42958,0.467794,0.532206,0.369928,0.630072,0.282023,0.717977,0.207328,0.792672,0.147054,0.852946,0.100708,0.899292,1,0.010876,1,0.004426,1,0.027273,1,0.011891,1,0.05856,1,0.027463,1,0.111182,1,0.055873,1,0.191307,1,0.102384,1,0.304142,1,0.172151,1,0.453595,1,0.269689,0,0.746763,1,0.398578,0,0.541785,1,0.561382,0,0.384422,1,0.759727,0,0.266217,1,0.994447,0,0.17959,1,1.265767,0,0.117819,0,0.232346,0,0.075067,0,0.159059,0,0.046403,0,0.106147
2541,2025/26,22,Widzew Łódź,Cracovia,21.0,13.0,34.0,12.0683,13.9793,26.0477,0.010408,1,4380.3334,0.4813,0.4902,0.1717,0.3218,0.3024,0.0,0.0,0.0,0.0,0.0,1e-06,5e-06,1.8e-05,5.4e-05,0.000144,0.000346,0.000758,0.001531,0.002869,0.005018,0.00823,0.012717,0.018584,0.025772,0.034023,0.042873,0.051697,0.059786,0.066446,0.071104,0.073385,0.073164,0.070568,0.065935,0.059755,0.052588,0.044991,0.037457,0.030376,0.024016,0.018528,0.013958,0.010277,0.0074,0.005214,0.003598,0.002433,0.001613,0.001049,0.000669,0.000419,0.000633,0.981025,0.018975,1,0.019157,0.968308,0.031692,1,0.032205,0.949725,0.050275,1,0.051583,0.923953,0.076047,1,0.079095,0.88993,0.11007,1,0.116613,0.847057,0.152943,1,0.165987,0.795359,0.204641,1,0.228961,0.735573,0.264427,1,0.307105,0.669127,0.330873,1,0.401782,0.598023,0.401977,1,0.514126,0.524639,0.475361,1,0.645045,0.451474,0.548526,1,0.795236,0.380907,0.619093,1,0.965201,0.314972,0.685028,1,1.155273,0.255217,0.744783,1,1.365642,0.202629,0.797371,1,1.596377,0.157639,0.842361,1,1.847449,0.120182,0.879818,1,2.118749,0.089806,0.910194,1,2.410103,1.2e-05,0.000124,0.000671,0.002448,0.006767,0.015114,0.028414,0.046238,0.066483,0.085795,0.100603,0.108262,0.107803,0.100014,0.086957,0.071211,0.055168,0.040588,0.028453,0.019064,0.012241,0.007551,0.004484,0.005516,2e-06,2.6e-05,0.000162,0.000671,0.002111,0.005366,0.011483,0.021269,0.034809,0.051129,0.068241,0.083589,0.09474,0.100045,0.099008,0.092288,0.081381,0.068149,0.054379,0.041471,0.030309,0.02128,0.014384,0.023508,0.989961,0.010039,0.974846,0.025154,0.946432,0.053568,0.900194,0.099806,0.833711,0.166289,0.747915,0.252085,0.647312,0.352688,0.53905,0.46095,0.431247,0.568753,0.331233,0.668767,0.244276,0.755724,0.173065,0.826935,0.117897,0.882103,0.077309,0.922691,0.048856,0.951144,0.996827,0.003173,0.991461,0.008539,0.979979,0.020021,0.95871,0.04129,0.923901,0.076099,0.872772,0.127228,0.80453,0.19547,0.720942,0.279058,0.626202,0.373798,0.526157,0.473843,0.427149,0.572851,0.334861,0.665139,0.25348,0.74652,0.185332,0.814668,0.130953,0.869047,1,0.01009,1,0.003178,1,0.025476,1,0.008576,1,0.055056,1,0.020224,1,0.105145,1,0.042167,1,0.181868,1,0.07915,1,0.290466,1,0.136081,1,0.434927,1,0.217497,1,0.617947,1,0.327197,1,0.841074,1,0.468082,1,1.104933,0,0.746879,1,1.409457,0,0.55713,1,1.754088,0,0.407759,1,2.137944,0,0.292333,1,2.559945,0,0.204975,1,3.018878,0,0.140358
2542,2025/26,23,Arka Gdynia,Lechia Gdańsk,9.0,13.0,22.0,12.4806,13.1798,25.6604,0.010068,1,4427.8406,0.4786,0.4883,0.1629,0.3239,0.3104,0.0,0.0,0.0,0.0,0.0,2e-06,7e-06,2.3e-05,6.7e-05,0.000176,0.000418,0.000907,0.001813,0.003361,0.005812,0.009426,0.014398,0.020797,0.028502,0.037178,0.046282,0.055125,0.062961,0.069096,0.073,0.074373,0.073185,0.069659,0.06422,0.057418,0.049844,0.042057,0.034528,0.027608,0.021519,0.016363,0.01215,0.008815,0.006253,0.004341,0.002951,0.001965,0.001283,0.000821,0.000516,0.000318,0.000462,0.977987,0.022013,1,0.022259,0.963589,0.036411,1,0.03709,0.942792,0.057208,1,0.058909,0.914291,0.085709,1,0.089607,0.877113,0.122887,1,0.131119,0.830831,0.169169,1,0.185329,0.775705,0.224295,1,0.253983,0.712745,0.287255,0,1.247384,0.643649,0.356351,0,1.031838,0.570649,0.429351,0,0.845481,0.496276,0.503724,0,0.685727,0.423091,0.576909,0,0.550071,0.353432,0.646568,0,0.436076,0.289211,0.710789,0,0.34138,0.231794,0.768206,0,0.263697,0.18195,0.81805,0,0.200832,0.139893,0.860107,0,0.150698,0.105364,0.894636,0,0.111339,0.077756,0.922244,0,0.080946,8e-06,8.7e-05,0.000487,0.001835,0.005239,0.012085,0.023456,0.039397,0.05845,0.077806,0.094083,0.104379,0.107121,0.102399,0.09171,0.077343,0.06169,0.046716,0.0337,0.02323,0.015341,0.009731,0.005941,0.007736,4e-06,4.9e-05,0.000289,0.001142,0.003421,0.008282,0.016871,0.029737,0.046301,0.064682,0.082082,0.095568,0.10293,0.10326,0.097055,0.085899,0.071903,0.057143,0.043261,0.031295,0.02169,0.014438,0.009251,0.013371,0.992315,0.007685,0.98023,0.01977,0.956774,0.043226,0.917377,0.082623,0.858927,0.141073,0.781121,0.218879,0.687038,0.312962,0.582659,0.417341,0.475538,0.524462,0.373139,0.626861,0.281429,0.718571,0.204085,0.795915,0.142395,0.857605,0.095679,0.904321,0.061979,0.938021,0.99502,0.00498,0.986738,0.013262,0.969867,0.030133,0.94013,0.05987,0.893829,0.106171,0.829147,0.170853,0.747065,0.252935,0.651497,0.348503,0.548566,0.451434,0.445306,0.554694,0.348251,0.651749,0.262352,0.737648,0.190449,0.809551,0.133306,0.866694,0.090045,0.909955,1,0.007715,1,0.004992,1,0.019968,1,0.013351,1,0.044188,1,0.030596,1,0.086237,1,0.061737,1,0.152071,1,0.112241,0,1.519236,1,0.187358,0,1.161674,1,0.291603,0,0.873852,1,0.428482,0,0.645382,1,0.600448,0,0.46703,0,0.589339,0,0.330491,0,0.428096,0,0.228263,0,0.304289,0,0.153612,0,0.211276,0,0.100571,0,0.143069,0,0.063983,0,0.09436
2543,2025/26,23,Bruk-Bet Termalica Nieciecza,Radomiak Radom,18.0,8.0,26.0,13.2327,13.8101,27.0429,0.010068,1,4427.8406,0.4786,0.4883,0.1629,0.3239,0.3104,0.0,0.0,0.0,0.0,0.0,1e-06,3e-06,9e-06,2.9e-05,7.9e-05,0.000196,0.000446,0.000933,0.001811,0.003281,0.005572,0.008916,0.013488,0.019363,0.026454,0.034495,0.043034,0.051482,0.059178,0.065486,0.069882,0.072026,0.071807,0.069339,0.064934,0.059041,0.05218,0.04487,0.037578,0.030678,0.024434,0.019002,0.01444,0.01073,0.007801,0.005554,0.003874,0.002648,0.001776,0.001169,0.000755,0.001226,0.987641,0.012359,1,0.012436,0.978726,0.021274,1,0.021504,0.965237,0.034763,1,0.035381,0.945875,0.054125,1,0.055645,0.91942,0.08058,1,0.084012,0.884925,0.115075,1,0.122252,0.841891,0.158109,1,0.172105,0.790409,0.209591,1,0.235204,0.731231,0.268769,1,0.313025,0.665745,0.334255,1,0.406848,0.595864,0.404136,1,0.517743,0.523837,0.476163,0,0.741996,0.45203,0.54797,0,0.601535,0.382691,0.617309,0,0.482385,0.317757,0.682243,0,0.382369,0.258715,0.741285,0,0.299371,0.206536,0.793464,0,0.231347,0.161666,0.838334,0,0.176338,0.124088,0.875912,0,0.132489,4e-06,4.7e-05,0.000277,0.001101,0.003312,0.008046,0.016446,0.029092,0.045456,0.063727,0.081157,0.094826,0.102492,0.103185,0.097328,0.086446,0.072617,0.057914,0.044001,0.031943,0.022217,0.014841,0.009543,0.013902,2e-06,2.9e-05,0.00018,0.000742,0.002315,0.005841,0.012397,0.022769,0.036939,0.053771,0.0711,0.086258,0.096803,0.10119,0.099103,0.091395,0.079715,0.066011,0.052073,0.039251,0.028346,0.019661,0.013126,0.02082,0.995178,0.004822,0.987133,0.012867,0.970687,0.029313,0.941595,0.058405,0.896138,0.103862,0.832411,0.167589,0.751254,0.248746,0.656429,0.343571,0.553936,0.446064,0.450752,0.549248,0.353424,0.646576,0.266978,0.733022,0.194361,0.805639,0.136447,0.863553,0.092446,0.907554,0.996571,0.003429,0.99073,0.00927,0.978334,0.021666,0.955565,0.044435,0.918625,0.081375,0.864855,0.135145,0.793754,0.206246,0.707497,0.292503,0.610693,0.389307,0.509503,0.490497,0.4104,0.5896,0.319005,0.680995,0.239289,0.760711,0.173278,0.826722,0.121205,0.878795,1,0.004834,1,0.003435,1,0.01295,1,0.009313,1,0.029751,1,0.021904,1,0.06018,1,0.045452,1,0.109661,0,2.508687,1,0.183429,0,2.001407,1,0.286011,0,1.578686,1,0.420941,0,1.22928,1,0.590706,0,0.943387,1,0.796838,0,0.712336,1,1.040087,0,0.528311,1,1.320589,0,0.3842,1,1.638038,0,0.273502,1,1.991819,0,0.190287,0,0.097002,0,0.129204
2544,2025/26,23,Motor Lublin,Korona Kielce,14.0,15.0,29.0,12.7393,12.8732,25.6126,0.010068,1,4427.8406,0.4786,0.4883,0.1629,0.3239,0.3104,0.0,0.0,0.0,0.0,0.0,2e-06,7e-06,2.3e-05,6.9e-05,0.000181,0.000429,0.000929,0.001854,0.003431,0.005924,0.009592,0.014628,0.021094,0.028862,0.037586,0.046714,0.055549,0.063341,0.069399,0.0732,0.074454,0.073144,0.069506,0.063973,0.057102,0.049487,0.041687,0.034167,0.027274,0.021223,0.016111,0.011942,0.00865,0.006126,0.004245,0.002881,0.001915,0.001248,0.000798,0.0005,0.000308,0.000446,0.977558,0.022442,1,0.022697,0.962931,0.037069,1,0.037774,0.941837,0.058163,1,0.059923,0.912975,0.087025,1,0.091047,0.875389,0.124611,1,0.133087,0.828675,0.171325,1,0.187928,0.773125,0.226875,1,0.257314,0.709785,0.290215,1,0.342794,0.640385,0.359615,1,0.445685,0.567186,0.432814,1,0.567069,0.492732,0.507268,1,0.707791,0.419587,0.580413,1,0.868483,0.350082,0.649918,1,1.049588,0.286109,0.713891,1,1.251381,0.229008,0.770992,0,0.260077,0.179521,0.820479,0,0.197867,0.137834,0.862166,0,0.148308,0.103667,0.896333,0,0.109443,0.076393,0.923607,0,0.079469,6e-06,7e-05,0.000401,0.00154,0.004479,0.010522,0.020797,0.035572,0.053745,0.072857,0.089718,0.101365,0.105939,0.10313,0.094061,0.080784,0.065618,0.050603,0.037175,0.026096,0.017551,0.011337,0.007049,0.009541,6e-06,6.3e-05,0.000363,0.001406,0.004128,0.009788,0.019527,0.03371,0.051405,0.070334,0.087417,0.099683,0.105151,0.103315,0.095107,0.082442,0.067588,0.052607,0.039007,0.027637,0.01876,0.012231,0.007675,0.010599,0.993461,0.006539,0.982939,0.017061,0.962142,0.037858,0.926569,0.073431,0.872824,0.127176,0.799967,0.200033,0.710249,0.289751,0.608884,0.391116,0.502945,0.497055,0.399815,0.600185,0.305753,0.694247,0.22497,0.77503,0.159351,0.840649,0.108748,0.891252,0.071573,0.928427,0.993983,0.006017,0.984195,0.015805,0.964669,0.035331,0.930959,0.069041,0.879553,0.120447,0.80922,0.19078,0.721803,0.278197,0.62212,0.37788,0.516969,0.483031,0.413653,0.586347,0.318546,0.681454,0.236104,0.763896,0.168516,0.831484,0.115909,0.884091,0.076901,0.923099,1,0.00656,1,0.006035,1,0.017208,1,0.015931,1,0.038593,1,0.03597,1,0.076267,1,0.07154,1,0.136021,1,0.128341,1,0.223185,1,0.211684,1,0.34214,1,0.326003,1,0.496128,1,0.474622,1,0.687274,1,0.659772,1,0.916753,1,0.882728,0,0.364927,1,1.143988,0,0.254854,0,0.269324,0,0.173581,0,0.184543,0,0.115128,0,0.123195,0,0.074264,0,0.080019
2545,2025/26,23,Zagłębie Lubin,Wisła Płock,10.0,5.0,15.0,12.6455,12.3137,24.9591,0.010068,1,4427.8406,0.4786,0.4883,0.1629,0.3239,0.3104,0.0,0.0,0.0,0.0,1e-06,3e-06,1.1e-05,3.6e-05,0.000103,0.000263,0.000609,0.001289,0.002514,0.004547,0.007673,0.012142,0.018098,0.025506,0.034108,0.043411,0.052731,0.061282,0.068294,0.07313,0.075386,0.07494,0.071953,0.066824,0.060111,0.052439,0.044416,0.036567,0.029292,0.022852,0.017379,0.012894,0.009341,0.006613,0.004577,0.0031,0.002056,0.001336,0.000851,0.000531,0.000326,0.000196,0.000269,0.970809,0.029191,0,3.533887,0.952711,0.047289,0,3.051482,0.927205,0.072795,0,2.620113,0.893098,0.106902,0,2.235838,0.849687,0.150313,0,1.895034,0.796956,0.203044,0,1.594332,0.735674,0.264326,0,1.330571,0.66738,0.33262,0,1.100755,0.59425,0.40575,0,0.902018,0.518864,0.481136,0,0.731604,0.443923,0.556077,0,0.586849,0.37197,0.62803,0,0.465168,0.305146,0.694854,0,0.364053,0.245035,0.754965,0,0.281084,0.192597,0.807403,0,0.213932,0.148181,0.851819,0,0.160381,0.111614,0.888386,0,0.118349,0.082322,0.917678,0,0.085909,0.05947,0.94053,0,0.061311,7e-06,7.6e-05,0.00043,0.001641,0.004741,0.011066,0.021729,0.036924,0.055423,0.074642,0.091315,0.102495,0.106421,0.102922,0.093259,0.079571,0.064211,0.049195,0.035905,0.025039,0.01673,0.010736,0.006631,0.008852,9e-06,0.0001,0.000551,0.002053,0.005793,0.013204,0.025323,0.042026,0.061608,0.081034,0.096822,0.106138,0.107631,0.101663,0.089967,0.074971,0.059086,0.044212,0.031515,0.021465,0.014007,0.008779,0.005296,0.006725,0.993067,0.006933,0.982001,0.017999,0.960272,0.039728,0.923347,0.076653,0.867924,0.132076,0.793282,0.206718,0.701967,0.298033,0.599472,0.400528,0.493051,0.506949,0.390129,0.609871,0.29687,0.70313,0.217299,0.782701,0.153087,0.846913,0.103893,0.896107,0.067988,0.932012,0.99147,0.00853,0.978267,0.021733,0.952944,0.047056,0.910918,0.089082,0.84931,0.15069,0.768275,0.231725,0.671454,0.328546,0.565315,0.434685,0.457684,0.542316,0.356021,0.643979,0.266054,0.733946,0.191083,0.808917,0.131997,0.868003,0.087785,0.912215,0.056271,0.943729,1,0.006957,1,0.008567,1,0.018163,0,3.828923,1,0.040539,0,3.056417,1,0.07975,0,2.418198,1,0.141651,0,1.892531,1,0.231577,0,1.462204,0,1.210551,0,1.113078,0,0.914972,0,0.833134,0,0.679345,0,0.611906,0,0.494508,0,0.440089,0,0.352213,0,0.30932,0,0.245005,0,0.212059,0,0.166157,0,0.14156,0,0.109695,0,0.09188,0,0.07041,0,0.057916
2546,2025/26,23,Pogoń Szczecin,Widzew Łódź,9.0,13.0,22.0,12.35,13.0007,25.3507,0.010068,1,4427.8406,0.4786,0.4883,0.1629,0.3239,0.3104,0.0,0.0,0.0,0.0,0.0,2e-06,8e-06,2.8e-05,8.1e-05,0.00021,0.000494,0.00106,0.002097,0.003845,0.006578,0.010554,0.015949,0.022789,0.030899,0.039873,0.049107,0.057864,0.065381,0.070984,0.074192,0.074779,0.072797,0.068548,0.06252,0.055299,0.047491,0.039643,0.032198,0.025469,0.019639,0.014774,0.010852,0.007789,0.005467,0.003754,0.002524,0.001663,0.001074,0.00068,0.000423,0.000258,0.000365,0.975042,0.024958,1,0.025275,0.959093,0.040907,1,0.041767,0.936304,0.063696,1,0.065815,0.905405,0.094595,1,0.099373,0.865532,0.134468,1,0.144411,0.816425,0.183575,1,0.20282,0.758562,0.241438,1,0.276331,0.693181,0.306819,0,1.181498,0.622197,0.377803,0,0.973382,0.548005,0.451995,0,0.794084,0.473227,0.526773,0,0.640985,0.40043,0.59957,0,0.511542,0.331881,0.668119,0,0.40329,0.269362,0.730638,0,0.313837,0.214063,0.785937,0,0.240879,0.166572,0.833428,0,0.182208,0.12693,0.87307,0,0.135739,0.094732,0.905268,0,0.099524,0.069263,0.930737,0,0.071778,9e-06,9.7e-05,0.000536,0.002003,0.005668,0.012953,0.024906,0.041443,0.060913,0.080331,0.096232,0.105769,0.107538,0.101841,0.090361,0.075497,0.059657,0.044755,0.031986,0.021843,0.014291,0.00898,0.005432,0.006935,5e-06,5.7e-05,0.00033,0.00129,0.003819,0.009133,0.01838,0.032009,0.049239,0.06796,0.085206,0.098014,0.104296,0.103372,0.095993,0.083939,0.069418,0.054505,0.040768,0.029137,0.019952,0.013121,0.008306,0.011691,0.991662,0.008338,0.978709,0.021291,0.953803,0.046197,0.912359,0.087641,0.851446,0.148554,0.771116,0.228884,0.674883,0.325117,0.569114,0.430886,0.461577,0.538423,0.359736,0.640264,0.269375,0.730625,0.193878,0.806122,0.134221,0.865779,0.089466,0.910534,0.05748,0.94252,0.99444,0.00556,0.985307,0.014693,0.966926,0.033074,0.934917,0.065083,0.885678,0.114322,0.817717,0.182283,0.732511,0.267489,0.634497,0.365503,0.530201,0.469799,0.426829,0.573171,0.330836,0.669164,0.246898,0.753102,0.17748,0.82252,0.122975,0.877025,0.082207,0.917793,1,0.008373,1,0.005576,1,0.021521,1,0.014802,1,0.047298,1,0.033633,1,0.091722,1,0.067298,1,0.160819,1,0.121402,0,1.47454,1,0.201239,0,1.12357,1,0.311277,0,0.841912,1,0.454923,0,0.619111,1,0.634499,0,0.445875,0,0.556571,0,0.313855,0,0.401726,0,0.21552,0,0.283555,0,0.144126,0,0.195382,0,0.093724,0,0.13122,0,0.059198,0,0.085783
2547,2025/26,23,Cracovia,Piast Gliwice,15.0,11.0,26.0,13.372,12.5478,25.9198,0.010068,1,4427.8406,0.4786,0.4883,0.1629,0.3239,0.3104,0.0,0.0,0.0,0.0,0.0,1e-06,6e-06,1.9e-05,5.7e-05,0.000152,0.000363,0.000795,0.001604,0.002999,0.005234,0.008563,0.013197,0.019232,0.026593,0.034997,0.043957,0.052824,0.060871,0.0674,0.071845,0.073851,0.073321,0.070413,0.065496,0.059082,0.051747,0.044054,0.036491,0.029439,0.023151,0.017762,0.013306,0.00974,0.006972,0.004883,0.003349,0.00225,0.001482,0.000957,0.000607,0.000378,0.00056,0.980206,0.019794,1,0.019993,0.967009,0.032991,1,0.033548,0.947777,0.052223,1,0.053636,0.921185,0.078815,1,0.082095,0.886187,0.113813,1,0.120827,0.84223,0.15777,1,0.171702,0.789406,0.210594,1,0.236474,0.728535,0.271465,1,0.316719,0.661135,0.338865,1,0.413797,0.58929,0.41071,1,0.528836,0.51544,0.48456,1,0.662735,0.442119,0.557881,0,0.583609,0.371706,0.628294,0,0.464747,0.30621,0.69379,0,0.365586,0.247128,0.752872,0,0.28386,0.195381,0.804619,0,0.217387,0.151327,0.848673,0,0.164082,0.114836,0.885164,0,0.121982,0.085397,0.914603,0,0.089265,4e-06,4.2e-05,0.00025,0.001001,0.003039,0.007452,0.015374,0.027447,0.043284,0.061245,0.078719,0.092831,0.101267,0.102897,0.097957,0.087812,0.074449,0.059926,0.045952,0.033668,0.023635,0.015935,0.010341,0.015378,7e-06,8.2e-05,0.000463,0.001753,0.00503,0.01166,0.022739,0.038375,0.057205,0.076513,0.092962,0.103628,0.106859,0.102637,0.092362,0.078266,0.062724,0.047726,0.034594,0.02396,0.015899,0.010133,0.006216,0.008176,0.995569,0.004431,0.988117,0.011883,0.972743,0.027257,0.945296,0.054704,0.902012,0.097988,0.840768,0.159232,0.762048,0.237952,0.669217,0.330783,0.56795,0.43205,0.465053,0.534947,0.367096,0.632904,0.279284,0.720716,0.204836,0.795164,0.144909,0.855091,0.098958,0.901042,0.992631,0.007369,0.980971,0.019029,0.958232,0.041768,0.919858,0.080142,0.862653,0.137347,0.78614,0.21386,0.693178,0.306822,0.589551,0.410449,0.482692,0.517308,0.380055,0.619945,0.287693,0.712307,0.209427,0.790573,0.146703,0.853297,0.098977,0.901023,0.064383,0.935617,1,0.004441,1,0.007396,1,0.011954,1,0.019212,1,0.027635,1,0.042665,1,0.056257,1,0.083536,1,0.103127,1,0.147743,1,0.17344,1,0.24062,1,0.271746,1,0.366468,1,0.401647,0,0.890504,1,0.565722,0,0.659117,1,0.765604,0,0.478125,1,1.002132,0,0.339246,0,0.32751,0,0.234997,0,0.229207,0,0.158648,0,0.156547,0,0.104224,0,0.104203,0,0.066549
2548,2025/26,23,GKS Katowice,Górnik Zabrze,11.0,11.0,22.0,12.696,11.8822,24.5783,0.010068,1,4427.8406,0.4786,0.4883,0.1629,0.3239,0.3104,0.0,0.0,0.0,0.0,1e-06,4e-06,1.4e-05,4.6e-05,0.000129,0.000326,0.000745,0.001557,0.002995,0.005342,0.008892,0.013879,0.020405,0.028366,0.037416,0.046974,0.056283,0.064521,0.070926,0.074916,0.076179,0.074699,0.070748,0.064813,0.05751,0.049489,0.041349,0.033581,0.026535,0.020421,0.01532,0.011213,0.008013,0.005595,0.003821,0.002553,0.00167,0.00107,0.000672,0.000414,0.000251,0.000149,0.000198,0.96607,0.03393,1,0.034519,0.945665,0.054335,1,0.055867,0.917299,0.082701,1,0.086321,0.879883,0.120117,1,0.127966,0.832909,0.167091,1,0.182831,0.776626,0.223374,1,0.252796,0.712106,0.287894,1,0.339529,0.64118,0.35882,0,1.024934,0.566264,0.433736,0,0.835318,0.490085,0.509915,0,0.673511,0.415386,0.584614,0,0.536803,0.344638,0.655362,0,0.422567,0.279825,0.720175,0,0.328261,0.222314,0.777686,0,0.251433,0.172825,0.827175,0,0.189739,0.131476,0.868524,0,0.14096,0.097895,0.902105,0,0.103024,0.07136,0.92864,0,0.074034,0.050939,0.949061,0,0.052282,6e-06,7.3e-05,0.000414,0.001586,0.004598,0.01077,0.021223,0.036192,0.054516,0.07368,0.090457,0.101891,0.106169,0.103042,0.093698,0.080229,0.064971,0.049953,0.036587,0.025606,0.017169,0.011057,0.006854,0.009218,1.3e-05,0.000142,0.00076,0.002742,0.007494,0.016546,0.03074,0.04942,0.070179,0.089419,0.103496,0.109904,0.107962,0.098784,0.084683,0.068359,0.052189,0.037829,0.026121,0.017234,0.010894,0.006614,0.003865,0.004597,0.993282,0.006718,0.982512,0.017488,0.961289,0.038711,0.925097,0.074903,0.870582,0.129418,0.796902,0.203098,0.706445,0.293555,0.604553,0.395447,0.498384,0.501616,0.395342,0.604658,0.301644,0.698356,0.221415,0.778585,0.156444,0.843556,0.106491,0.893509,0.069903,0.930097,0.988837,0.011163,0.972291,0.027709,0.941551,0.058449,0.892131,0.107869,0.821951,0.178049,0.732532,0.267468,0.629036,0.370964,0.519131,0.480869,0.411169,0.588831,0.312385,0.687615,0.227702,0.772298,0.159343,0.840657,0.107153,0.892847,0.069325,0.930675,0.043204,0.956796,1,0.006741,1,0.011226,1,0.017643,1,0.0281,1,0.03948,1,0.060227,1,0.077857,1,0.114142,1,0.138593,1,0.196074,1,0.227024,1,0.311248,1,0.34751,1,0.463567,0,0.927739,0,0.73216,0,0.68992,0,0.529616,0,0.503092,0,0.374526,0,0.359026,0,0.258385,0,0.250277,0,0.173572,0,0.170129,0,0.11334,0,0.112599,0,0.071845,0,0.072466,0,0.044165
2549,2025/26,23,Lech Poznań,Raków Częstochowa,18.0,12.0,30.0,13.2327,11.6591,24.8918,0.010068,1,4427.8406,0.4786,0.4883,0.1629,0.3239,0.3104,0.0,0.0,0.0,0.0,1e-06,3e-06,1.1e-05,3.7e-05,0.000107,0.000273,0.000632,0.001335,0.002596,0.004684,0.007884,0.012443,0.018498,0.026004,0.034687,0.044037,0.053359,0.061858,0.068767,0.073457,0.075539,0.074911,0.071753,0.066479,0.059659,0.051922,0.043875,0.036038,0.028802,0.022418,0.01701,0.012592,0.009102,0.006429,0.00444,0.003001,0.001986,0.001287,0.000818,0.00051,0.000312,0.000187,0.000256,0.969993,0.030007,1,0.030467,0.951495,0.048505,1,0.049721,0.92549,0.07451,1,0.077432,0.890803,0.109197,1,0.115631,0.846766,0.153234,1,0.166331,0.793407,0.206593,1,0.231418,0.731549,0.268451,1,0.312591,0.662782,0.337218,1,0.411309,0.589326,0.410674,1,0.528776,0.513787,0.486213,1,0.665947,0.438876,0.561124,1,0.823539,0.367123,0.632877,1,1.002058,0.300644,0.699356,1,1.201829,0.240985,0.759015,1,1.42302,0.189063,0.810937,1,1.665673,0.145188,0.854812,0,0.156874,0.10915,0.89085,0,0.115579,0.080348,0.919652,0,0.08376,0.05793,0.94207,0,0.059676,4e-06,4.7e-05,0.000277,0.001101,0.003312,0.008046,0.016446,0.029092,0.045456,0.063727,0.081157,0.094826,0.102492,0.103185,0.097328,0.086446,0.072617,0.057914,0.044001,0.031943,0.022217,0.014841,0.009543,0.013902,1.6e-05,0.00017,0.000897,0.003181,0.008548,0.018558,0.033898,0.053581,0.07481,0.093717,0.106648,0.111348,0.107543,0.096746,0.081543,0.064718,0.048579,0.03462,0.023504,0.015247,0.009476,0.005656,0.00325,0.003735,0.995178,0.004822,0.987133,0.012867,0.970687,0.029313,0.941595,0.058405,0.896138,0.103862,0.832411,0.167589,0.751254,0.248746,0.656429,0.343571,0.553936,0.446064,0.450752,0.549248,0.353424,0.646576,0.266978,0.733022,0.194361,0.805639,0.136447,0.863553,0.092446,0.907554,0.987178,0.012822,0.968621,0.031379,0.934723,0.065277,0.881142,0.118858,0.806332,0.193668,0.712615,0.287385,0.605967,0.394033,0.494618,0.505382,0.387076,0.612924,0.290329,0.709671,0.208786,0.791214,0.144068,0.855932,0.095488,0.904512,0.060868,0.939132,0.037364,0.962636,1,0.004834,1,0.012905,1,0.01295,1,0.031882,1,0.029751,1,0.067505,1,0.06018,1,0.126536,1,0.109661,1,0.21526,1,0.183429,1,0.338814,1,0.286011,1,0.50093,1,0.420941,1,0.70397,1,0.590706,0,0.489514,1,0.796838,0,0.342954,1,1.040087,0,0.234187,1,1.320589,0,0.155564,1,1.638038,0,0.10036,1,1.991819,0,0.062799,0,0.097002,0,0.03808
2550,2025/26,23,Jagiellonia Białystok,Legia Warszawa,14.0,14.0,28.0,13.1756,14.3963,27.5719,0.010068,1,4427.8406,0.4786,0.4883,0.1629,0.3239,0.3104,0.0,0.0,0.0,0.0,0.0,0.0,2e-06,7e-06,2.1e-05,5.8e-05,0.000146,0.000338,0.000719,0.00142,0.002617,0.004521,0.007356,0.01132,0.016528,0.022968,0.030462,0.038654,0.047034,0.054992,0.061898,0.067186,0.070436,0.071427,0.070157,0.066828,0.061808,0.055564,0.048602,0.041403,0.034383,0.027856,0.022037,0.017034,0.012876,0.009523,0.006896,0.004893,0.003403,0.002322,0.001554,0.001022,0.001731,0.990152,0.009848,1,0.009897,0.982795,0.017205,1,0.017354,0.971475,0.028525,1,0.028939,0.954948,0.045052,1,0.046099,0.931979,0.068021,1,0.070445,0.901518,0.098482,1,0.103676,0.862864,0.137136,1,0.147499,0.81583,0.18417,1,0.20355,0.760837,0.239163,1,0.273336,0.69894,0.30106,1,0.358191,0.631754,0.368246,1,0.459255,0.561318,0.438682,1,0.577467,0.489891,0.510109,1,0.713572,0.419734,0.580266,0,0.544269,0.352906,0.647094,0,0.435263,0.291098,0.708902,0,0.344038,0.235534,0.764466,0,0.268578,0.186933,0.813067,0,0.206941,0.145529,0.854471,0,0.157273,4e-06,4.9e-05,0.000289,0.001145,0.00343,0.008302,0.016905,0.029789,0.046368,0.064758,0.082156,0.095627,0.102965,0.103265,0.097032,0.085855,0.071846,0.057081,0.043203,0.031244,0.021648,0.014406,0.009228,0.01333,1e-06,1.8e-05,0.000116,0.000495,0.001603,0.004194,0.009231,0.017582,0.029582,0.044658,0.06124,0.07705,0.089676,0.097215,0.09874,0.094436,0.085421,0.073358,0.060015,0.046914,0.035137,0.025274,0.017499,0.030235,0.995007,0.004993,0.986706,0.013294,0.969801,0.030199,0.940012,0.059988,0.893644,0.106356,0.828886,0.171114,0.74673,0.25327,0.651103,0.348897,0.548139,0.451861,0.444874,0.555126,0.347841,0.652159,0.261986,0.738014,0.19014,0.80986,0.133059,0.866941,0.089856,0.910144,0.99746,0.00254,0.993266,0.006734,0.984035,0.015965,0.966453,0.033547,0.93687,0.06313,0.892212,0.107788,0.830972,0.169028,0.753921,0.246079,0.664245,0.335755,0.56703,0.43297,0.46829,0.53171,0.373855,0.626145,0.288434,0.711566,0.215075,0.784925,0.15506,0.84494,1,0.005006,1,0.002543,1,0.013383,1,0.006757,1,0.030664,1,0.016094,1,0.061863,1,0.034123,1,0.112448,1,0.065211,1,0.187673,1,0.114052,1,0.292052,1,0.185159,1,0.429087,1,0.282468,1,0.601226,1,0.409104,1,0.809964,1,0.567343,0,0.427467,0,0.631657,0,0.303792,0,0.468173,0,0.210894,0,0.340287,0,0.142784,0,0.242167,0,0.094152,0,0.16849
2551,2025/26,24,Wisła Płock,Arka Gdynia,9.0,11.0,20.0,10.8832,12.5021,23.3853,0.009567,1,4474.6441,0.4964,0.5047,0.1545,0.3204,0.3155,0.0,0.0,0.0,0.0,2e-06,9e-06,3.1e-05,9.4e-05,0.000256,0.000622,0.001364,0.002732,0.005039,0.008619,0.013751,0.020568,0.028973,0.038583,0.048744,0.058598,0.067219,0.073759,0.077595,0.078422,0.076286,0.071549,0.064802,0.05676,0.048146,0.039599,0.031616,0.024532,0.018518,0.013611,0.009751,0.006814,0.004648,0.003098,0.002019,0.001287,0.000803,0.000491,0.000294,0.000173,0.0001,5.6e-05,6.8e-05,0.946914,0.053086,1,0.054547,0.917941,0.082059,1,0.085622,0.879357,0.120643,1,0.128564,0.830613,0.169387,1,0.185591,0.772015,0.227985,1,0.258751,0.704796,0.295204,0,1.220089,0.631037,0.368963,0,0.99706,0.553442,0.446558,0,0.806187,0.47502,0.52498,0,0.644395,0.398734,0.601266,0,0.508717,0.327185,0.672815,0,0.396285,0.262383,0.737617,0,0.304331,0.205623,0.794377,0,0.230197,0.157476,0.842524,0,0.171354,0.117878,0.882122,0,0.125425,0.086262,0.913738,0,0.090211,0.06173,0.93827,0,0.063717,0.043212,0.956788,0,0.044173,0.029601,0.970399,0,0.030048,3.2e-05,0.000314,0.001564,0.005238,0.013277,0.027176,0.046781,0.069655,0.09157,0.107964,0.115582,0.11348,0.103023,0.087082,0.068937,0.051368,0.036187,0.024193,0.015403,0.009367,0.005456,0.003051,0.001641,0.001658,7e-06,8.3e-05,0.000468,0.001775,0.005099,0.011823,0.023055,0.03889,0.057918,0.07736,0.093822,0.104354,0.107325,0.102771,0.092166,0.077801,0.06209,0.047027,0.033918,0.023367,0.015418,0.009767,0.005953,0.007715,0.979572,0.020428,0.952396,0.047604,0.905616,0.094384,0.835961,0.164039,0.744391,0.255609,0.636427,0.363573,0.520845,0.479155,0.407365,0.592635,0.304342,0.695658,0.21726,0.78274,0.148324,0.851676,0.096956,0.903044,0.060769,0.939231,0.036576,0.963424,0.021173,0.978827,0.992538,0.007462,0.980716,0.019284,0.95766,0.04234,0.91877,0.08123,0.860853,0.139147,0.783493,0.216507,0.689671,0.310329,0.585317,0.414683,0.477993,0.522007,0.375222,0.624778,0.283056,0.716944,0.205255,0.794745,0.143165,0.856835,0.096138,0.903862,0.06222,0.93778,1,0.02064,1,0.00749,1,0.048774,1,0.019472,1,0.09914,1,0.043262,1,0.179173,1,0.084719,1,0.295189,1,0.149832,0,1.011775,1,0.243993,0,0.735731,1,0.371541,0,0.523177,0,0.880241,0,0.362897,0,0.650074,0,0.244955,0,0.470359,0,0.160549,0,0.332758,0,0.101984,0,0.229734,0,0.062694,0,0.15451,0,0.037262,0,0.101079,0,0.0214,0,0.06424
2552,2025/26,24,Legia Warszawa,Cracovia,19.0,15.0,34.0,14.1497,13.1119,27.2616,0.009567,1,4474.6441,0.4964,0.5047,0.1545,0.3204,0.3155,0.0,0.0,0.0,0.0,0.0,1e-06,2e-06,8e-06,2.4e-05,6.7e-05,0.000169,0.000387,0.00082,0.001608,0.002941,0.005046,0.00815,0.012446,0.018031,0.024856,0.032695,0.041137,0.049624,0.057507,0.064143,0.068979,0.071633,0.07194,0.069965,0.065977,0.060396,0.053729,0.046498,0.039184,0.032182,0.025782,0.020164,0.015407,0.011509,0.008411,0.006018,0.004217,0.002897,0.001951,0.00129,0.000837,0.001371,0.988928,0.011072,1,0.011134,0.980777,0.019223,1,0.01941,0.968331,0.031669,1,0.032182,0.9503,0.0497,1,0.050978,0.925444,0.074556,1,0.077482,0.892749,0.107251,1,0.11345,0.851612,0.148388,1,0.160625,0.801988,0.198012,1,0.220662,0.744481,0.255519,1,0.295068,0.680338,0.319662,1,0.385165,0.61136,0.38864,1,0.49207,0.539727,0.460273,1,0.616692,0.467787,0.532213,1,0.759742,0.397822,0.602178,1,0.921751,0.331845,0.668155,1,1.103088,0.271448,0.728552,1,1.303983,0.217719,0.782281,1,1.524549,0.171221,0.828779,1,1.7648,0.132037,0.867963,1,2.024672,2e-06,2.1e-05,0.000135,0.000572,0.001835,0.004748,0.010334,0.019455,0.032338,0.048206,0.065251,0.080999,0.092975,0.099364,0.099454,0.093698,0.083456,0.070546,0.056788,0.043663,0.032154,0.022733,0.015465,0.025583,4e-06,5e-05,0.000296,0.001171,0.003509,0.00849,0.017274,0.030401,0.047238,0.065829,0.083298,0.096663,0.103724,0.103628,0.096962,0.085397,0.071105,0.056189,0.042283,0.030392,0.020922,0.013828,0.008794,0.012484,0.997211,0.002789,0.992463,0.007537,0.982128,0.017872,0.962673,0.037327,0.930335,0.069665,0.882129,0.117871,0.816878,0.183122,0.735879,0.264121,0.642904,0.357096,0.54354,0.45646,0.444086,0.555914,0.350388,0.649612,0.266932,0.733068,0.196386,0.803614,0.139598,0.860402,0.994903,0.005097,0.986413,0.013587,0.969139,0.030861,0.938738,0.061262,0.8915,0.1085,0.825671,0.174329,0.742373,0.257627,0.64571,0.35429,0.541986,0.458014,0.438358,0.561642,0.341396,0.658604,0.255999,0.744001,0.184894,0.815106,0.128704,0.871296,0.086421,0.913579,1,0.002793,1,0.00511,1,0.007566,1,0.01368,1,0.018034,1,0.031347,1,0.038041,1,0.063219,1,0.072211,1,0.11485,1,0.125417,1,0.191559,1,0.202266,1,0.297903,1,0.30669,1,0.437405,1,0.44176,1,0.612515,1,0.609652,1,0.824719,1,0.811737,1,1.074712,1,1.048714,0,0.295713,1,1.320761,0,0.204437,1,1.627673,0,0.137774,1,1.968988,0,0.090385
2553,2025/26,24,Lechia Gdańsk,Jagiellonia Białystok,10.0,8.0,18.0,12.34,12.6605,25.0006,0.009567,1,4474.6441,0.4964,0.5047,0.1545,0.3204,0.3155,0.0,0.0,0.0,0.0,1e-06,3e-06,1e-05,3.4e-05,9.7e-05,0.00025,0.000583,0.001239,0.002427,0.004409,0.007469,0.011864,0.017746,0.025094,0.033662,0.042967,0.052333,0.060971,0.068103,0.073077,0.075473,0.075152,0.072263,0.067197,0.060512,0.052835,0.044783,0.036887,0.029558,0.023063,0.017538,0.013009,0.00942,0.006664,0.004609,0.003119,0.002066,0.001341,0.000853,0.000532,0.000325,0.000195,0.000267,0.971614,0.028386,1,0.028797,0.953868,0.046132,1,0.04723,0.928774,0.071226,1,0.07389,0.895113,0.104887,0,2.254867,0.852145,0.147855,0,1.911524,0.799812,0.200188,0,1.608498,0.73884,0.26116,0,1.342624,0.670738,0.329262,0,1.1109,0.59766,0.40234,0,0.910459,0.522187,0.477813,0,0.738537,0.447035,0.552965,0,0.592461,0.374773,0.625227,0,0.46964,0.307575,0.692425,0,0.367556,0.247064,0.752936,0,0.283774,0.194229,0.805771,0,0.215955,0.149446,0.850554,0,0.161867,0.112559,0.887441,0,0.119413,0.083001,0.916999,0,0.086649,0.059938,0.940062,0,0.06181,9e-06,9.5e-05,0.000529,0.001982,0.005625,0.012892,0.024849,0.041428,0.060983,0.080509,0.096509,0.106098,0.107853,0.102079,0.090484,0.075495,0.059551,0.044581,0.031781,0.021641,0.014113,0.008837,0.005324,0.006732,6e-06,7.3e-05,0.000416,0.001594,0.00463,0.010857,0.021412,0.036525,0.055012,0.074308,0.091139,0.102516,0.106626,0.103256,0.093647,0.079945,0.064522,0.049421,0.036048,0.025115,0.016758,0.010736,0.006618,0.008783,0.991738,0.008262,0.978846,0.021154,0.953998,0.046002,0.91257,0.08743,0.851587,0.148413,0.771078,0.228922,0.674569,0.325431,0.568471,0.431529,0.460619,0.539381,0.358539,0.641461,0.268056,0.731944,0.19256,0.80744,0.133009,0.866991,0.088429,0.911571,0.056647,0.943353,0.993245,0.006755,0.982388,0.017612,0.960976,0.039024,0.92445,0.07555,0.869439,0.130561,0.79513,0.20487,0.703991,0.296009,0.601475,0.398525,0.494849,0.505151,0.391593,0.608407,0.297945,0.702055,0.218001,0.781999,0.153479,0.846521,0.104058,0.895942,0.06801,0.93199,1,0.008296,1,0.006778,1,0.021381,1,0.017769,1,0.047094,1,0.039806,1,0.09149,1,0.078556,1,0.160654,0,2.035915,1,0.259966,0,1.58538,0,1.122605,0,1.217365,0,0.840421,0,0.919985,0,0.617333,0,0.682898,0,0.444007,0,0.496911,0,0.312051,0,0.353744,0,0.213887,0,0.245902,0,0.142727,0,0.16662,0,0.092586,0,0.10988,0,0.058315,0,0.070433
2554,2025/26,24,Motor Lublin,Górnik Zabrze,12.0,10.0,22.0,12.246,11.8204,24.0664,0.009567,1,4474.6441,0.4964,0.5047,0.1545,0.3204,0.3155,0.0,0.0,0.0,0.0,1e-06,5e-06,1.9e-05,6.1e-05,0.000171,0.000425,0.000956,0.001965,0.003721,0.006531,0.010695,0.016417,0.023734,0.032436,0.042053,0.051879,0.06107,0.068767,0.074236,0.076989,0.076849,0.073958,0.068732,0.061772,0.053762,0.045369,0.037166,0.029588,0.022914,0.01728,0.0127,0.009105,0.006372,0.004357,0.002913,0.001905,0.001219,0.000765,0.00047,0.000283,0.000168,9.7e-05,0.000123,0.959032,0.040968,1,0.041831,0.935298,0.064702,1,0.06689,0.902862,0.097138,1,0.102185,0.86081,0.13919,1,0.149882,0.80893,0.19107,1,0.212043,0.74786,0.25214,1,0.29054,0.679093,0.320907,1,0.386997,0.604857,0.395143,0,0.928508,0.527868,0.472132,0,0.750497,0.45102,0.54898,0,0.599693,0.377062,0.622938,0,0.473309,0.30833,0.69167,0,0.368647,0.246558,0.753442,0,0.283104,0.192796,0.807204,0,0.214179,0.147427,0.852573,0,0.159496,0.110261,0.889739,0,0.116827,0.080673,0.919327,0,0.084113,0.057758,0.942242,0,0.059493,0.040478,0.959522,0,0.04132,9e-06,0.000102,0.000567,0.002112,0.005953,0.013551,0.025942,0.042956,0.062801,0.082344,0.098035,0.10704,0.108069,0.101587,0.089433,0.07411,0.05806,0.043168,0.030564,0.02067,0.013388,0.008326,0.004982,0.006211,1.4e-05,0.000145,0.00078,0.002812,0.007681,0.016938,0.031412,0.05039,0.071369,0.090656,0.104561,0.110602,0.108178,0.098514,0.08402,0.067451,0.051193,0.036874,0.025293,0.016571,0.010398,0.006264,0.003631,0.004243,0.991236,0.008764,0.977684,0.022316,0.951743,0.048257,0.908787,0.091213,0.845986,0.154014,0.763643,0.236357,0.665608,0.334392,0.558567,0.441433,0.450498,0.549502,0.348912,0.651088,0.259479,0.740521,0.185369,0.814631,0.127309,0.872691,0.084141,0.915859,0.053577,0.946423,0.988557,0.011443,0.97162,0.02838,0.940208,0.059792,0.889818,0.110182,0.818449,0.181551,0.727793,0.272207,0.623232,0.376768,0.51263,0.48737,0.404452,0.595548,0.305937,0.694063,0.221917,0.778083,0.154467,0.845533,0.103274,0.896726,0.0664,0.9336,0.041108,0.958892,1,0.008803,1,0.011509,1,0.022569,1,0.02879,1,0.04946,1,0.061654,1,0.095645,1,0.116738,1,0.167252,1,0.200344,1,0.269655,1,0.317739,1,0.407054,0,0.976126,1,0.582381,0,0.718732,0,0.598743,0,0.518273,0,0.42911,0,0.365193,0,0.300401,0,0.250922,0,0.20502,0,0.167788,0,0.136174,0,0.109005,0,0.087893,0,0.068707,0,0.055066,0,0.041977
2555,2025/26,24,Radomiak Radom,GKS Katowice,11.0,25.0,36.0,13.1573,14.026,27.1833,0.009567,1,4474.6441,0.4964,0.5047,0.1545,0.3204,0.3155,0.0,0.0,0.0,0.0,0.0,1e-06,2e-06,8e-06,2.5e-05,7e-05,0.000176,0.000404,0.000852,0.001667,0.003042,0.005204,0.008386,0.012774,0.018458,0.025381,0.0333,0.041793,0.050287,0.058128,0.064672,0.069371,0.071857,0.071983,0.069829,0.065681,0.059972,0.053216,0.045937,0.038612,0.031632,0.025277,0.019718,0.015028,0.011197,0.008162,0.005825,0.004072,0.00279,0.001874,0.001235,0.000799,0.001301,0.988549,0.011451,1,0.011518,0.980163,0.019837,1,0.020037,0.967389,0.032611,1,0.033154,0.948931,0.051069,1,0.052419,0.923551,0.076449,1,0.07953,0.89025,0.10975,1,0.116252,0.848457,0.151543,1,0.164336,0.79817,0.20183,1,0.225434,0.740041,0.259959,1,0.301049,0.67537,0.32463,1,0.392495,0.605998,0.394002,1,0.500878,0.534141,0.465859,1,0.627095,0.462159,0.537841,1,0.771847,0.39233,0.60767,1,0.935652,0.326649,0.673351,1,1.118869,0.266677,0.733323,1,1.321718,0.213461,0.786539,1,1.544302,0.167524,0.832476,1,1.78663,0.128911,0.871089,1,2.048629,4e-06,4.8e-05,0.000286,0.001135,0.003412,0.008281,0.0169,0.029834,0.046499,0.064999,0.0825,0.096032,0.103363,0.103585,0.09722,0.085887,0.071734,0.05686,0.04292,0.030944,0.021368,0.014166,0.009037,0.012916,2e-06,2.4e-05,0.000148,0.000624,0.001984,0.005094,0.011002,0.020552,0.033897,0.050142,0.067348,0.082958,0.094489,0.100204,0.099521,0.093039,0.08223,0.068974,0.055095,0.042035,0.030716,0.021549,0.014547,0.023632,0.995044,0.004956,0.986764,0.013236,0.969864,0.030136,0.94003,0.05997,0.893531,0.106469,0.828533,0.171467,0.746033,0.253967,0.650001,0.349999,0.546638,0.453362,0.443053,0.556947,0.345833,0.654167,0.259945,0.740055,0.188211,0.811789,0.131351,0.868649,0.088431,0.911569,0.997024,0.002976,0.991929,0.008071,0.980928,0.019072,0.960376,0.039624,0.926478,0.073522,0.876336,0.123664,0.808989,0.191011,0.726031,0.273969,0.631542,0.368458,0.531338,0.468662,0.431816,0.568184,0.338778,0.661222,0.256547,0.743453,0.187573,0.812427,0.132478,0.867522,1,0.004968,1,0.00298,1,0.013324,1,0.008104,1,0.030599,1,0.019256,1,0.061843,1,0.04043,1,0.112574,1,0.076365,1,0.188099,1,0.132006,1,0.292985,1,0.21197,0,1.049825,1,0.320163,0,0.791064,1,0.459591,0,0.585285,1,0.632357,0,0.424393,1,0.839756,0,0.301031,1,1.08241,0,0.208515,1,1.360443,0,0.140816,1,1.673587,0,0.092588,1,2.021339
2556,2025/26,24,Korona Kielce,Bruk-Bet Termalica Nieciecza,19.0,12.0,31.0,12.1397,13.1669,25.3066,0.009567,1,4474.6441,0.4964,0.5047,0.1545,0.3204,0.3155,0.0,0.0,0.0,0.0,0.0,2e-06,8e-06,2.8e-05,8.1e-05,0.00021,0.000495,0.001063,0.002105,0.003865,0.006619,0.010628,0.01607,0.022971,0.031148,0.040192,0.049486,0.058282,0.065808,0.071384,0.074528,0.075021,0.072925,0.068553,0.062407,0.055086,0.047201,0.039305,0.03184,0.025116,0.019308,0.01448,0.0106,0.007581,0.005301,0.003627,0.002429,0.001593,0.001024,0.000646,0.0004,0.000243,0.00034,0.974895,0.025105,1,0.025426,0.958825,0.041175,1,0.042047,0.935854,0.064146,1,0.066295,0.904706,0.095294,1,0.100145,0.864514,0.135486,1,0.145588,0.815028,0.184972,1,0.204533,0.756746,0.243254,1,0.278727,0.690939,0.309061,1,0.369704,0.619555,0.380445,1,0.478754,0.545026,0.454974,1,0.606921,0.470005,0.529995,1,0.755011,0.397081,0.602919,1,0.923616,0.328527,0.671473,1,1.113136,0.26612,0.73388,1,1.323808,0.211034,0.788966,1,1.555737,0.163832,0.836168,1,1.808912,0.124527,0.875473,0,0.132991,0.092687,0.907313,0,0.097268,0.067571,0.932429,0,0.069963,1e-05,0.000112,0.000614,0.002269,0.006347,0.014334,0.027227,0.044733,0.06489,0.084422,0.099728,0.108042,0.108232,0.100948,0.08818,0.072503,0.056359,0.041578,0.029209,0.0196,0.012597,0.007772,0.004615,0.005661,4e-06,4.8e-05,0.000284,0.001128,0.003392,0.008237,0.016822,0.029715,0.046344,0.064824,0.082331,0.095898,0.103285,0.103574,0.097273,0.08599,0.071866,0.057002,0.043054,0.031062,0.021463,0.014238,0.009089,0.013009,0.990631,0.009369,0.976297,0.023703,0.94907,0.05093,0.904337,0.095663,0.839446,0.160554,0.755024,0.244976,0.655297,0.344703,0.547255,0.452745,0.439023,0.560977,0.338074,0.661926,0.249894,0.750106,0.177391,0.822609,0.121032,0.878968,0.079454,0.920546,0.050245,0.949755,0.995074,0.004926,0.986837,0.013163,0.970015,0.029985,0.9403,0.0597,0.893957,0.106043,0.829133,0.170867,0.746802,0.253198,0.650904,0.349096,0.547619,0.452381,0.444045,0.555955,0.346772,0.653228,0.260782,0.739218,0.188916,0.811084,0.131915,0.868085,0.08886,0.91114,1,0.009413,1,0.004938,1,0.023988,1,0.01325,1,0.052273,1,0.030444,1,0.100553,1,0.061556,1,0.175013,1,0.112098,1,0.281006,1,0.187375,1,0.422667,1,0.291955,1,0.60284,1,0.429393,1,0.823203,0,0.793231,1,1.08449,0,0.587068,1,1.386718,0,0.425829,1,1.729399,0,0.302162,1,2.1117,0,0.209384,1,2.532577,0,0.141466,1,2.990844,0,0.093059
2557,2025/26,24,Raków Częstochowa,Pogoń Szczecin,10.0,13.0,23.0,10.9375,13.1821,24.1196,0.009567,1,4474.6441,0.4964,0.5047,0.1545,0.3204,0.3155,0.0,0.0,0.0,0.0,1e-06,5e-06,1.9e-05,5.9e-05,0.000166,0.000414,0.000933,0.00192,0.003641,0.006401,0.010498,0.016142,0.023375,0.032001,0.041561,0.051364,0.060573,0.068332,0.073906,0.076793,0.076802,0.074058,0.068963,0.062106,0.054165,0.045805,0.037603,0.030001,0.023285,0.017599,0.012964,0.009315,0.006535,0.004479,0.003001,0.001967,0.001263,0.000794,0.000489,0.000296,0.000175,0.000102,0.00013,0.959802,0.040198,1,0.041029,0.936427,0.063573,1,0.065684,0.904426,0.095574,1,0.100454,0.862866,0.137134,1,0.147496,0.811502,0.188498,1,0.208869,0.750929,0.249071,1,0.286445,0.682596,0.317404,1,0.381852,0.608691,0.391309,1,0.496445,0.531898,0.468102,0,0.759068,0.455096,0.544904,0,0.607146,0.381038,0.618962,0,0.479711,0.312074,0.687926,0,0.374075,0.249968,0.750032,0,0.287639,0.195803,0.804197,0,0.217911,0.149998,0.850002,0,0.162516,0.112394,0.887606,0,0.119228,0.082393,0.917607,0,0.085987,0.059108,0.940892,0,0.060927,0.041509,0.958491,0,0.042395,3e-05,0.000301,0.001503,0.005054,0.01287,0.026462,0.045757,0.068438,0.090377,0.107039,0.115109,0.113526,0.10353,0.087906,0.069903,0.052323,0.037026,0.024866,0.015903,0.009715,0.005684,0.003193,0.001726,0.001758,4e-06,4.8e-05,0.000281,0.001116,0.00336,0.008168,0.016699,0.029527,0.046099,0.064547,0.082064,0.095684,0.103161,0.103556,0.097355,0.086151,0.072074,0.057226,0.043268,0.031248,0.021613,0.014353,0.009171,0.013156,0.980239,0.019761,0.953778,0.046222,0.908021,0.091979,0.839583,0.160417,0.749206,0.250794,0.642167,0.357833,0.527059,0.472941,0.413533,0.586467,0.310003,0.689997,0.222097,0.777903,0.152194,0.847806,0.099871,0.900129,0.062844,0.937156,0.037978,0.962022,0.022075,0.977925,0.99512,0.00488,0.986951,0.013049,0.970253,0.029747,0.940726,0.059274,0.894627,0.105373,0.83008,0.16992,0.748016,0.251984,0.652332,0.347668,0.549171,0.450829,0.445615,0.554385,0.34826,0.65174,0.262109,0.737891,0.190035,0.809965,0.13281,0.86719,0.089542,0.910458,1,0.019959,1,0.004892,1,0.047324,1,0.013135,1,0.096488,1,0.030198,1,0.17485,1,0.061103,1,0.288741,1,0.111348,1,0.442907,1,0.186233,0,0.748785,1,0.290331,0,0.533639,1,0.427202,0,0.371068,1,0.599345,0,0.251153,0,0.589896,0,0.165103,0,0.42811,0,0.105217,0,0.303959,0,0.064906,0,0.210764,0,0.038718,0,0.142497,0,0.022322,0,0.093808
2558,2025/26,24,Piast Gliwice,Zagłębie Lubin,7.0,15.0,22.0,11.2937,12.3211,23.6148,0.009567,1,4474.6441,0.4964,0.5047,0.1545,0.3204,0.3155,0.0,0.0,0.0,0.0,2e-06,7e-06,2.6e-05,8.2e-05,0.000223,0.000547,0.00121,0.002446,0.004552,0.007856,0.012645,0.019083,0.027121,0.036439,0.046444,0.056329,0.065189,0.072165,0.07659,0.07809,0.076633,0.072507,0.066248,0.058537,0.050089,0.041558,0.033471,0.026198,0.019948,0.01479,0.010688,0.007534,0.005184,0.003485,0.002291,0.001473,0.000927,0.000572,0.000345,0.000205,0.000119,6.8e-05,8.3e-05,0.95132,0.04868,1,0.049905,0.924199,0.075801,1,0.078828,0.88776,0.11224,1,0.119054,0.841316,0.158684,1,0.172788,0.784987,0.215013,1,0.242088,0.719798,0.280202,1,0.328784,0.647634,0.352366,1,0.43443,0.571044,0.428956,0,0.846401,0.492954,0.507046,0,0.679153,0.41632,0.58368,0,0.538403,0.343813,0.656187,0,0.42131,0.277565,0.722435,0,0.325127,0.219027,0.780973,0,0.247215,0.168938,0.831062,0,0.185051,0.12738,0.87262,0,0.136256,0.093909,0.906091,0,0.098616,0.067711,0.932289,0,0.070113,0.047763,0.952237,0,0.048941,0.032973,0.967027,0,0.033529,2.2e-05,0.000224,0.001154,0.003995,0.010473,0.022166,0.039456,0.060748,0.08258,0.100679,0.111452,0.113149,0.10622,0.092841,0.075997,0.058556,0.042655,0.029489,0.019414,0.012208,0.007352,0.004251,0.002365,0.002548,9e-06,9.6e-05,0.000536,0.002007,0.00569,0.013022,0.025065,0.041732,0.061346,0.080878,0.096818,0.106291,0.107902,0.101986,0.090277,0.075219,0.059252,0.044296,0.031535,0.021444,0.013966,0.008732,0.005254,0.006625,0.984126,0.015874,0.96196,0.03804,0.922504,0.077496,0.861756,0.138244,0.779176,0.220824,0.678497,0.321503,0.567045,0.432955,0.453896,0.546104,0.347676,0.652324,0.254835,0.745165,0.178838,0.821162,0.120282,0.879718,0.077627,0.922373,0.048138,0.951862,0.028724,0.971276,0.991639,0.008361,0.978618,0.021382,0.953552,0.046448,0.91182,0.08818,0.850474,0.149526,0.769597,0.230403,0.672779,0.327221,0.566488,0.433512,0.458586,0.541414,0.356601,0.643399,0.266324,0.733676,0.191104,0.808896,0.131852,0.868148,0.087556,0.912444,0.05602,0.94398,1,0.016001,1,0.008396,1,0.038782,1,0.021614,1,0.080664,1,0.047561,0,1.978735,1,0.092313,0,1.510389,1,0.161961,0,1.134748,1,0.261888,0,0.837121,1,0.396338,0,0.604946,1,0.568299,0,0.427214,1,0.779607,0,0.29415,1,1.031138,0,0.197035,1,1.323042,0,0.128154,0,0.212085,0,0.080806,0,0.141393,0,0.049335,0,0.091629,0,0.029145,0,0.05765
2559,2025/26,24,Widzew Łódź,Lech Poznań,21.0,11.0,32.0,12.9952,13.9349,26.9301,0.009567,1,4474.6441,0.4964,0.5047,0.1545,0.3204,0.3155,0.0,0.0,0.0,0.0,0.0,1e-06,3e-06,1e-05,3e-05,8.2e-05,0.000203,0.000461,0.000965,0.001873,0.00339,0.005752,0.009191,0.013884,0.019897,0.027133,0.035306,0.043945,0.052439,0.060115,0.06633,0.070563,0.072488,0.072015,0.069284,0.064631,0.058526,0.051505,0.044093,0.036757,0.029863,0.023667,0.01831,0.01384,0.010227,0.007394,0.005233,0.003628,0.002465,0.001642,0.001074,0.000689,0.001099,0.987232,0.012768,1,0.01285,0.978042,0.021958,1,0.022203,0.964158,0.035842,1,0.0365,0.94426,0.05574,1,0.057353,0.917127,0.082873,1,0.086509,0.881821,0.118179,1,0.125766,0.837876,0.162124,1,0.176885,0.785437,0.214563,1,0.241515,0.725322,0.274678,1,0.32114,0.658992,0.341008,1,0.417044,0.588429,0.411571,1,0.530299,0.51594,0.48406,1,0.661764,0.443925,0.556075,1,0.8121,0.374641,0.625359,1,0.981787,0.31001,0.68999,1,1.17115,0.251484,0.748516,1,1.380377,0.199979,0.800021,1,1.609544,0.155886,0.844114,0,0.169468,0.119129,0.880871,0,0.126844,5e-06,5.5e-05,0.000323,0.001269,0.003771,0.009051,0.01827,0.031899,0.049174,0.067984,0.085344,0.098254,0.104596,0.103672,0.096235,0.084086,0.06946,0.054454,0.040653,0.028989,0.019798,0.012982,0.008191,0.011427,2e-06,2.6e-05,0.000159,0.000664,0.002101,0.005364,0.011518,0.021393,0.035083,0.051598,0.068906,0.084391,0.095571,0.10077,0.09951,0.092495,0.081281,0.067788,0.053836,0.040839,0.029671,0.020697,0.013891,0.022268,0.994521,0.005479,0.985469,0.014531,0.967199,0.032801,0.9353,0.0647,0.886126,0.113874,0.818141,0.181859,0.732798,0.267202,0.634544,0.365456,0.529948,0.470052,0.426276,0.573724,0.33004,0.66996,0.245954,0.754046,0.176495,0.823505,0.122041,0.877959,0.081387,0.918613,0.996872,0.003128,0.991508,0.008492,0.97999,0.02001,0.958597,0.041403,0.923514,0.076486,0.871916,0.128084,0.80301,0.19699,0.718619,0.281381,0.623048,0.376952,0.522278,0.477722,0.422768,0.577232,0.330272,0.669728,0.248991,0.751009,0.181204,0.818796,0.127367,0.872633,1,0.005494,1,0.003133,1,0.014638,1,0.008528,1,0.033351,1,0.020213,1,0.066888,1,0.042285,1,0.120896,1,0.079569,1,0.200721,1,0.137062,1,0.310885,1,0.219388,1,0.454849,0,1.268046,1,0.634976,0,0.975637,1,0.852668,0,0.738726,1,1.108541,0,0.549511,1,1.402611,0,0.400884,1,1.734463,0,0.286338,1,2.103398,0,0.19992,1,2.50854,0,0.13624
2560,2025/26,25,Arka Gdynia,Widzew Łódź,20.0,21.0,41.0,12.293,14.3517,26.6448,0.010042,1,4525.1813,0.4448,0.4526,0.1537,0.3301,0.3268,0.0,0.0,0.0,0.0,0.0,1e-06,3e-06,1.2e-05,3.7e-05,0.0001,0.000245,0.000549,0.001134,0.002172,0.003883,0.006509,0.010278,0.015346,0.021741,0.029315,0.037726,0.04645,0.054844,0.062221,0.067957,0.071575,0.072812,0.071648,0.068288,0.06312,0.056648,0.049417,0.041945,0.034674,0.027942,0.021968,0.016864,0.01265,0.009279,0.00666,0.00468,0.003223,0.002175,0.00144,0.000935,0.000597,0.000939,0.985356,0.014644,1,0.014753,0.975078,0.024922,1,0.025238,0.959732,0.040268,1,0.041101,0.937991,0.062009,1,0.064015,0.908676,0.091324,1,0.095766,0.870951,0.129049,1,0.13817,0.8245,0.1755,1,0.192978,0.769657,0.230343,1,0.261811,0.707436,0.292564,1,0.346108,0.639479,0.360521,1,0.447101,0.567905,0.432095,1,0.565802,0.495092,0.504908,1,0.703011,0.423444,0.576556,1,0.859334,0.355156,0.644844,1,1.035197,0.292036,0.707964,1,1.230877,0.235388,0.764612,1,1.44652,0.185971,0.814029,1,1.682165,0.144026,0.855974,1,1.937759,0.109352,0.890648,1,2.213183,9e-06,0.000101,0.000559,0.00208,0.005861,0.013342,0.025554,0.042352,0.062,0.081436,0.097162,0.106358,0.107695,0.101572,0.089751,0.074676,0.058763,0.0439,0.031243,0.021245,0.013841,0.008661,0.005216,0.0066,2e-06,1.9e-05,0.00012,0.00051,0.001647,0.004298,0.009436,0.017929,0.030088,0.045305,0.061966,0.077759,0.090262,0.097591,0.098856,0.094291,0.085059,0.072847,0.059432,0.04633,0.034602,0.02482,0.017136,0.029405,0.991366,0.008634,0.978024,0.021976,0.95247,0.04753,0.910118,0.089882,0.848118,0.151882,0.766682,0.233318,0.66952,0.33048,0.563163,0.436837,0.455467,0.544533,0.353896,0.646104,0.264145,0.735855,0.189469,0.810531,0.130706,0.869294,0.086806,0.913194,0.055563,0.944437,0.997411,0.002589,0.993114,0.006886,0.983677,0.016323,0.965748,0.034252,0.93566,0.06434,0.890355,0.109645,0.828389,0.171611,0.750629,0.249371,0.660367,0.339633,0.562776,0.437224,0.46392,0.53608,0.369629,0.630371,0.284571,0.715429,0.211724,0.788276,0.152292,0.847708,1,0.008671,1,0.002592,1,0.022221,1,0.00691,1,0.048697,1,0.016458,1,0.094181,1,0.034852,1,0.164736,1,0.066503,1,0.265683,1,0.116135,1,0.401194,1,0.188272,1,0.574186,1,0.286844,1,0.786432,1,0.41496,1,1.038752,1,0.574874,1,1.331257,1,0.768043,1,1.66353,1,0.995255,1,2.034805,1,1.256772,1,2.44408,1,1.552472,1,2.890238,1,1.881956
2561,2025/26,25,Bruk-Bet Termalica Nieciecza,Motor Lublin,19.0,13.0,32.0,13.0488,13.5919,26.6407,0.010042,1,4525.1813,0.4448,0.4526,0.1537,0.3301,0.3268,0.0,0.0,0.0,0.0,0.0,1e-06,3e-06,1.2e-05,3.7e-05,0.0001,0.000245,0.000549,0.001133,0.002172,0.003883,0.006511,0.010282,0.015353,0.021753,0.029333,0.03775,0.046481,0.054879,0.062259,0.067995,0.07161,0.072841,0.071668,0.068298,0.063119,0.056637,0.049397,0.041918,0.034644,0.02791,0.021937,0.016835,0.012624,0.009257,0.006641,0.004665,0.003211,0.002166,0.001433,0.000931,0.000593,0.000932,0.985354,0.014646,1,0.014754,0.975073,0.024927,1,0.025243,0.95972,0.04028,1,0.041114,0.937967,0.062033,1,0.064041,0.908634,0.091366,1,0.095813,0.870884,0.129116,1,0.138247,0.824403,0.175597,1,0.193096,0.769524,0.230476,1,0.261983,0.707264,0.292736,1,0.346351,0.639269,0.360731,1,0.44743,0.567659,0.432341,1,0.566234,0.494818,0.505182,1,0.703566,0.42315,0.57685,1,0.860029,0.354852,0.645148,1,1.036054,0.291733,0.708267,1,1.231916,0.235096,0.764904,1,1.447762,0.185699,0.814301,1,1.68363,0.14378,0.85622,0,0.155228,0.109136,0.890864,0,0.115564,5e-06,5.5e-05,0.000318,0.001247,0.003705,0.008892,0.017956,0.031376,0.04843,0.067069,0.084371,0.097376,0.103961,0.103379,0.096314,0.084493,0.070102,0.055218,0.041434,0.029707,0.020406,0.013462,0.008549,0.012113,3e-06,3.5e-05,0.000212,0.00086,0.00265,0.006592,0.0138,0.024998,0.039998,0.057421,0.074879,0.089586,0.099146,0.102203,0.098704,0.089761,0.0772,0.063037,0.049033,0.036443,0.02595,0.017746,0.011682,0.017937,0.994608,0.005392,0.985716,0.014284,0.967761,0.032239,0.936384,0.063616,0.887954,0.112046,0.820885,0.179115,0.736514,0.263486,0.639138,0.360862,0.535177,0.464823,0.431798,0.568202,0.335484,0.664516,0.250991,0.749009,0.18089,0.81911,0.125671,0.874329,0.084237,0.915763,0.996117,0.003883,0.989524,0.010476,0.975724,0.024276,0.950726,0.049274,0.910728,0.089272,0.853307,0.146693,0.778428,0.221572,0.688842,0.311158,0.589696,0.410304,0.487493,0.512507,0.388789,0.611211,0.299027,0.700973,0.221827,0.778173,0.15879,0.84121,0.109757,0.890243,1,0.005407,1,0.003891,1,0.014387,1,0.010531,1,0.03277,1,0.024576,1,0.06573,1,0.050529,1,0.118835,1,0.093511,1,0.197372,1,0.158636,1,0.305827,1,0.250479,1,0.447635,1,0.372743,1,0.625158,1,0.528148,1,0.839797,0,0.668441,1,1.092181,0,0.492313,1,1.382338,0,0.355286,1,1.709866,0,0.250806,1,2.074088,0,0.172914,1,2.474121,0,0.116261
2562,2025/26,25,Zagłębie Lubin,Lech Poznań,12.0,14.0,26.0,13.778,14.0451,27.8231,0.010042,1,4525.1813,0.4448,0.4526,0.1537,0.3301,0.3268,0.0,0.0,0.0,0.0,0.0,0.0,2e-06,6e-06,1.8e-05,5e-05,0.000127,0.000295,0.000633,0.001261,0.002343,0.004081,0.006695,0.010387,0.01529,0.021422,0.028642,0.03664,0.044946,0.052976,0.06011,0.065771,0.069507,0.07105,0.070345,0.067543,0.062967,0.057056,0.050303,0.043192,0.036151,0.02952,0.023537,0.018337,0.013969,0.010412,0.007599,0.005434,0.003808,0.002618,0.001766,0.00117,0.002021,0.991185,0.008815,1,0.008854,0.98449,0.01551,1,0.015632,0.974103,0.025897,1,0.026239,0.958812,0.041188,1,0.04206,0.937391,0.062609,1,0.064655,0.908749,0.091251,1,0.095687,0.872108,0.127892,1,0.136842,0.827162,0.172838,1,0.189754,0.774187,0.225813,1,0.255942,0.714077,0.285923,1,0.336764,0.648306,0.351694,1,0.433392,0.5788,0.4212,0,0.864647,0.507749,0.492251,0,0.708767,0.437404,0.562596,0,0.575193,0.369861,0.630139,0,0.461814,0.306894,0.693106,0,0.366572,0.249838,0.750162,0,0.287466,0.199535,0.800465,0,0.222562,0.156343,0.843657,0,0.170009,2e-06,3e-05,0.000184,0.000757,0.00236,0.005942,0.012589,0.023078,0.03737,0.054293,0.071652,0.086756,0.097169,0.101369,0.099077,0.091184,0.079367,0.065586,0.051629,0.038834,0.027985,0.019369,0.012903,0.020361,2e-06,2.4e-05,0.000151,0.00063,0.001997,0.005114,0.011018,0.020542,0.033828,0.049982,0.067083,0.082604,0.094091,0.099825,0.099226,0.092872,0.08221,0.069089,0.055311,0.04231,0.031008,0.021825,0.014787,0.024264,0.996512,0.003488,0.99057,0.00943,0.977981,0.022019,0.954903,0.045097,0.917534,0.082466,0.863241,0.136759,0.791589,0.208411,0.704833,0.295167,0.607663,0.392337,0.506294,0.493706,0.407217,0.592783,0.316033,0.683967,0.236665,0.763335,0.17108,0.82892,0.119451,0.880549,0.996988,0.003012,0.991874,0.008126,0.980856,0.019144,0.960314,0.039686,0.926487,0.073513,0.876505,0.123495,0.809422,0.190578,0.726818,0.273182,0.632727,0.367273,0.532902,0.467098,0.433676,0.566324,0.340804,0.659196,0.258594,0.741406,0.189505,0.810495,0.134194,0.865806,1,0.003494,1,0.003017,1,0.009475,1,0.008159,1,0.022265,1,0.01933,1,0.046146,1,0.040495,1,0.086066,1,0.076355,1,0.147061,1,0.131813,1,0.233713,1,0.211435,1,0.349794,1,0.319079,0,0.935634,1,0.457716,0,0.705815,1,0.629418,0,0.522927,0,0.568589,0,0.379846,0,0.416734,0,0.270058,0,0.299207,0,0.187632,0,0.21011,0,0.12721,0,0.144094
2563,2025/26,25,Górnik Zabrze,Raków Częstochowa,12.0,10.0,22.0,11.9465,12.6091,24.5556,0.010042,1,4525.1813,0.4448,0.4526,0.1537,0.3301,0.3268,0.0,0.0,0.0,0.0,1e-06,4e-06,1.4e-05,4.6e-05,0.000131,0.00033,0.000754,0.001573,0.003023,0.005389,0.008964,0.013982,0.020542,0.028536,0.037613,0.047186,0.056495,0.064714,0.071083,0.075023,0.076226,0.074685,0.070676,0.064693,0.057355,0.049313,0.041166,0.033403,0.026371,0.020276,0.015197,0.011112,0.007934,0.005535,0.003776,0.00252,0.001647,0.001055,0.000662,0.000408,0.000246,0.000146,0.000194,0.965789,0.034211,1,0.03481,0.945247,0.054753,1,0.056309,0.916711,0.083289,1,0.086963,0.879098,0.120902,1,0.128859,0.831911,0.168089,1,0.184029,0.775417,0.224583,1,0.254355,0.710702,0.289298,1,0.341501,0.639619,0.360381,0,1.020595,0.564596,0.435404,0,0.831481,0.48837,0.51163,0,0.670154,0.413685,0.586315,0,0.533898,0.343009,0.656991,0,0.420085,0.278316,0.721684,0,0.326168,0.220961,0.779039,0,0.249694,0.171648,0.828352,0,0.188317,0.130481,0.869519,0,0.139815,0.097079,0.902921,0,0.10212,0.070708,0.929292,0,0.073332,0.050432,0.949568,0,0.051748,1.3e-05,0.000134,0.000724,0.002624,0.007209,0.015997,0.029867,0.048255,0.068863,0.088174,0.102554,0.109434,0.108022,0.099316,0.085549,0.069388,0.053228,0.038764,0.026894,0.017827,0.011322,0.006906,0.004055,0.004867,7e-06,7.8e-05,0.000442,0.00168,0.004844,0.011277,0.022092,0.03745,0.056076,0.075335,0.091935,0.102933,0.106606,0.102839,0.092945,0.079099,0.063664,0.048647,0.035411,0.02463,0.016412,0.010504,0.00647,0.008586,0.989283,0.010717,0.973286,0.026714,0.943419,0.056581,0.895164,0.104836,0.826301,0.173699,0.738127,0.261873,0.635573,0.364427,0.526138,0.473862,0.418116,0.581884,0.318801,0.681199,0.233252,0.766748,0.163864,0.836136,0.110636,0.889364,0.071871,0.928129,0.044978,0.955022,0.992914,0.007086,0.981636,0.018364,0.959544,0.040456,0.922094,0.077906,0.866018,0.133982,0.790682,0.209318,0.698747,0.301253,0.595814,0.404186,0.489208,0.510792,0.386368,0.613632,0.293423,0.706577,0.214325,0.785675,0.150661,0.849339,0.102013,0.897987,0.066602,0.933398,1,0.010775,1,0.007111,1,0.027077,1,0.018535,1,0.058245,1,0.041297,1,0.110748,1,0.081108,1,0.190796,1,0.14385,1,0.303639,1,0.234859,1,0.453228,0,1.199805,1,0.642192,0,0.90588,0,0.541484,0,0.671793,0,0.383901,0,0.48836,0,0.265597,0,0.347323,0,0.178964,0,0.241212,0,0.117249,0,0.163297,0,0.074585,0,0.1076,0,0.046021,0,0.068924
2564,2025/26,25,Radomiak Radom,Legia Warszawa,14.0,19.0,33.0,13.4077,14.9069,28.3146,0.010042,1,4525.1813,0.4448,0.4526,0.1537,0.3301,0.3268,0.0,0.0,0.0,0.0,0.0,0.0,1e-06,4e-06,1.3e-05,3.7e-05,9.6e-05,0.000227,0.000496,0.001002,0.00189,0.003342,0.005567,0.008769,0.013107,0.018645,0.025312,0.032879,0.040952,0.049012,0.056469,0.06274,0.067327,0.069885,0.07026,0.068505,0.064851,0.059673,0.053426,0.046585,0.039596,0.032835,0.026586,0.021034,0.016273,0.012319,0.009131,0.00663,0.00472,0.003295,0.002258,0.001519,0.002732,0.992892,0.007108,1,0.007134,0.987325,0.012675,1,0.012756,0.978555,0.021445,1,0.021678,0.965448,0.034552,1,0.035163,0.946804,0.053196,1,0.054663,0.921491,0.078509,1,0.081762,0.888613,0.111387,1,0.118094,0.847661,0.152339,1,0.165275,0.798649,0.201351,1,0.224834,0.74218,0.25782,1,0.298163,0.679441,0.320559,1,0.386485,0.612114,0.387886,1,0.490837,0.542229,0.457771,1,0.612066,0.471969,0.528031,1,0.750842,0.403464,0.596536,1,0.907668,0.338613,0.661387,1,1.082898,0.278939,0.721061,1,1.276761,0.225514,0.774486,1,1.489375,0.178929,0.821071,0,0.197146,3e-06,4.1e-05,0.000243,0.000976,0.00297,0.007301,0.015101,0.027029,0.04273,0.060611,0.078095,0.092318,0.100949,0.102818,0.098113,0.088157,0.074915,0.06044,0.046452,0.034112,0.024,0.016217,0.010547,0.015762,1e-06,1.2e-05,7.9e-05,0.000347,0.001159,0.003125,0.007093,0.013929,0.024163,0.037607,0.053168,0.068963,0.082746,0.092474,0.096824,0.095461,0.089012,0.078798,0.06645,0.053544,0.041335,0.030647,0.021871,0.040674,0.995668,0.004332,0.988366,0.011634,0.973265,0.026735,0.946236,0.053764,0.903506,0.096494,0.842895,0.157105,0.7648,0.2352,0.672483,0.327517,0.571533,0.428467,0.468715,0.531285,0.370603,0.629397,0.282445,0.717555,0.20753,0.79247,0.147089,0.852911,0.100638,0.899362,0.997884,0.002116,0.994759,0.005241,0.987666,0.012334,0.973737,0.026263,0.949574,0.050426,0.911967,0.088033,0.8588,0.1412,0.789836,0.210164,0.707091,0.292909,0.614617,0.385383,0.517792,0.482208,0.422331,0.577669,0.333319,0.666681,0.254522,0.745478,0.188072,0.811928,1,0.004341,1,0.002118,1,0.011702,1,0.005255,1,0.027099,1,0.012411,1,0.055263,1,0.026614,1,0.101473,1,0.051742,1,0.170913,1,0.092151,1,0.268141,1,0.152219,1,0.396778,1,0.23593,1,0.559433,1,0.346596,1,0.75776,1,0.486756,0,0.462993,1,0.658182,0,0.331906,1,0.861966,0,0.232601,1,1.098655,0,0.1591,1,1.368368,0,0.10607,1,1.67093
2565,2025/26,25,Pogoń Szczecin,Korona Kielce,12.0,7.0,19.0,12.2068,13.1282,25.335,0.010042,1,4525.1813,0.4448,0.4526,0.1537,0.3301,0.3268,0.0,0.0,0.0,0.0,0.0,2e-06,8e-06,2.8e-05,8.2e-05,0.000212,0.000498,0.001068,0.002111,0.003869,0.006616,0.01061,0.016026,0.022889,0.031019,0.040009,0.04925,0.058003,0.065504,0.071081,0.074254,0.074801,0.072779,0.068493,0.062434,0.055192,0.047372,0.03952,0.032079,0.02536,0.019543,0.014693,0.010786,0.007737,0.005427,0.003724,0.002503,0.001648,0.001063,0.000673,0.000418,0.000255,0.000361,0.974895,0.025105,1,0.025425,0.958869,0.041131,1,0.042001,0.93598,0.06402,1,0.066161,0.90496,0.09504,1,0.099864,0.864951,0.135049,0,2.002121,0.815702,0.184298,0,1.6912,0.757699,0.242301,0,1.417575,0.692195,0.307805,0,1.178289,0.621114,0.378886,0,0.97052,0.54686,0.45314,0,0.791555,0.472059,0.527941,0,0.638772,0.399281,0.600719,0,0.509628,0.330788,0.669212,0,0.401654,0.268353,0.731647,0,0.312458,0.213161,0.786839,0,0.239732,0.16579,0.83421,0,0.18127,0.126269,0.873731,0,0.134983,0.09419,0.90581,0,0.098926,0.06883,0.93117,0,0.071313,1e-05,0.000109,0.000596,0.002204,0.006172,0.013962,0.026574,0.043768,0.063673,0.083111,0.098542,0.107194,0.107864,0.101095,0.088772,0.0734,0.057398,0.042613,0.030137,0.020366,0.013185,0.008199,0.004907,0.006128,4e-06,5.1e-05,0.0003,0.001181,0.003528,0.008514,0.017286,0.030369,0.047126,0.065615,0.082985,0.096292,0.103356,0.10333,0.096786,0.085363,0.071205,0.056389,0.04254,0.030664,0.021176,0.014046,0.008967,0.012857,0.990889,0.009111,0.976926,0.023074,0.950352,0.049648,0.906584,0.093416,0.84291,0.15709,0.759799,0.240201,0.661258,0.338742,0.554064,0.445936,0.4462,0.5538,0.345105,0.654895,0.256333,0.743667,0.182933,0.817067,0.125535,0.874465,0.082922,0.917078,0.052784,0.947216,0.994865,0.005135,0.986351,0.013649,0.969065,0.030935,0.938696,0.061304,0.89157,0.10843,0.825955,0.174045,0.74297,0.25703,0.646678,0.353322,0.543322,0.456678,0.439991,0.560009,0.343206,0.656794,0.257843,0.742157,0.186638,0.813362,0.130249,0.869751,0.087709,0.912291,1,0.009153,1,0.005148,1,0.023344,1,0.013743,1,0.050923,1,0.031424,1,0.098072,0,2.79191,1,0.170895,0,2.22165,1,0.274701,0,1.748441,1,0.413611,0,1.358562,1,0.590475,0,1.040375,0,0.590952,0,0.783777,0,0.42328,0,0.579802,0,0.296162,0,0.420385,0,0.202034,0,0.298194,0,0.134143,0,0.206579,0,0.086563,0,0.139548,0,0.054228,0,0.091796
2566,2025/26,25,Cracovia,Wisła Płock,6.0,8.0,14.0,12.8656,11.1648,24.0304,0.010042,1,4525.1813,0.4448,0.4526,0.1537,0.3301,0.3268,0.0,0.0,0.0,0.0,1e-06,6e-06,2e-05,6.5e-05,0.000179,0.000444,0.000994,0.002034,0.003835,0.006706,0.010939,0.016733,0.024111,0.03285,0.042468,0.052254,0.061363,0.068944,0.07428,0.076898,0.076638,0.073656,0.068373,0.061392,0.053393,0.045033,0.036879,0.029356,0.022736,0.01715,0.012611,0.009047,0.006337,0.004337,0.002903,0.001901,0.001219,0.000766,0.000472,0.000285,0.000169,9.8e-05,0.000125,0.958044,0.041956,0,3.171124,0.933933,0.066067,0,2.717087,0.901083,0.098917,0,2.313476,0.858615,0.141385,0,1.95627,0.806361,0.193639,0,1.641761,0.744998,0.255002,0,1.366485,0.676054,0.323946,0,1.127179,0.601774,0.398226,0,0.920736,0.524876,0.475124,0,0.744179,0.448238,0.551762,0,0.594638,0.374582,0.625418,0,0.469335,0.306209,0.693791,0,0.365584,0.244816,0.755184,0,0.280794,0.191424,0.808576,0,0.21248,0.146391,0.853609,0,0.158282,0.109512,0.890488,0,0.115985,0.080156,0.919844,0,0.083551,0.05742,0.94258,0,0.059135,0.04027,0.95973,0,0.041103,6e-06,6.3e-05,0.000365,0.001412,0.004144,0.009822,0.019588,0.033804,0.051528,0.070473,0.087551,0.09979,0.105213,0.103324,0.095065,0.08236,0.067483,0.052495,0.038901,0.027544,0.018685,0.012174,0.007634,0.010526,2.5e-05,0.000255,0.001291,0.004407,0.011395,0.023798,0.041819,0.063589,0.085408,0.102924,0.112666,0.113151,0.105119,0.09096,0.073742,0.056293,0.040641,0.027857,0.018189,0.011348,0.006783,0.003894,0.002152,0.00229,0.99396,0.00604,0.984138,0.015862,0.964549,0.035451,0.930745,0.069255,0.879217,0.120783,0.808744,0.191256,0.721193,0.278807,0.621403,0.378597,0.51619,0.48381,0.412867,0.587133,0.317801,0.682199,0.235441,0.764559,0.167958,0.832042,0.115463,0.884537,0.076563,0.923437,0.982622,0.017378,0.958824,0.041176,0.917005,0.082995,0.853416,0.146584,0.768008,0.231992,0.665084,0.334916,0.552418,0.447582,0.439267,0.560733,0.334148,0.665852,0.243187,0.756813,0.169446,0.830554,0.113153,0.886847,0.072512,0.927488,0.044655,0.955345,0.026466,0.973534,1,0.006058,1,0.017531,1,0.015989,1,0.042048,0,3.339604,1,0.086642,0,2.66996,1,0.158508,0,2.11376,0,1.461052,0,1.654142,0,1.093876,0,1.277235,0,0.803896,0,0.971283,0,0.57851,0,0.726063,0,0.406688,0,0.532504,0,0.278639,0,0.382434,0,0.185662,0,0.268456,0,0.120083,0,0.183872,0,0.075275,0,0.122691,0,0.045683,0,0.079653,0,0.026823
2567,2025/26,25,GKS Katowice,Lechia Gdańsk,9.0,8.0,17.0,12.5185,12.3516,24.8701,0.010042,1,4525.1813,0.4448,0.4526,0.1537,0.3301,0.3268,0.0,0.0,0.0,0.0,1e-06,3e-06,1.2e-05,3.8e-05,0.000108,0.000276,0.000638,0.001346,0.002617,0.004719,0.007939,0.012525,0.018611,0.026149,0.03486,0.044231,0.05356,0.062051,0.068935,0.073585,0.075616,0.074931,0.071717,0.066392,0.059532,0.051767,0.043706,0.035867,0.028638,0.02227,0.016881,0.012484,0.009014,0.00636,0.004388,0.002962,0.001958,0.001268,0.000805,0.000501,0.000306,0.000184,0.00025,0.969778,0.030222,1,0.030688,0.951167,0.048833,1,0.050066,0.925018,0.074982,0,2.590511,0.890158,0.109842,0,2.208717,0.845928,0.154072,0,1.870335,0.792368,0.207632,0,1.571989,0.730317,0.269683,0,1.310507,0.661382,0.338618,0,1.082882,0.587797,0.412203,0,0.886239,0.512181,0.487819,0,0.71781,0.437249,0.562751,0,0.574918,0.365533,0.634467,0,0.45497,0.29914,0.70086,0,0.355447,0.239609,0.760391,0,0.273922,0.187842,0.812158,0,0.20806,0.144135,0.855865,0,0.155643,0.108269,0.891731,0,0.11459,0.079631,0.920369,0,0.08298,0.057361,0.942639,0,0.059072,8e-06,8.4e-05,0.000472,0.001787,0.005117,0.011837,0.023041,0.038809,0.057739,0.077074,0.093457,0.103969,0.106992,0.102553,0.092094,0.077874,0.062278,0.047285,0.0342,0.023635,0.015649,0.009951,0.006091,0.007973,9e-06,9.6e-05,0.000535,0.001999,0.005658,0.012935,0.024879,0.041409,0.060876,0.080299,0.096212,0.105764,0.107548,0.101863,0.09039,0.075527,0.059685,0.044778,0.032003,0.021854,0.014298,0.008985,0.005434,0.006937,0.992501,0.007499,0.980664,0.019336,0.957624,0.042376,0.918815,0.081185,0.861076,0.138924,0.784002,0.215998,0.690545,0.309455,0.586576,0.413424,0.479584,0.520416,0.377032,0.622968,0.284938,0.715062,0.207063,0.792937,0.144785,0.855215,0.0975,0.9025,0.0633,0.9367,0.991677,0.008323,0.978742,0.021258,0.953862,0.046138,0.912454,0.087546,0.851577,0.148423,0.771279,0.228721,0.675067,0.324933,0.569303,0.430697,0.461754,0.538246,0.359891,0.640109,0.269501,0.730499,0.193974,0.806026,0.134289,0.865711,0.089511,0.910489,0.057508,0.942492,1,0.007527,1,0.008358,1,0.019525,1,0.021487,1,0.0433,1,0.047236,1,0.08467,1,0.091618,1,0.149573,0,1.907689,0,1.532486,0,1.475252,0,1.172943,0,1.124136,0,0.883282,0,0.84235,0,0.653127,0,0.61944,0,0.47326,0,0.446117,0,0.335386,0,0.314027,0,0.232012,0,0.215639,0,0.156402,0,0.144204,0,0.102587,0,0.093773,0,0.065392,0,0.059228
2568,2025/26,25,Jagiellonia Białystok,Piast Gliwice,6.0,15.0,21.0,13.3034,12.6509,25.9543,0.010042,1,4525.1813,0.4448,0.4526,0.1537,0.3301,0.3268,0.0,0.0,0.0,0.0,0.0,1e-06,6e-06,1.9e-05,5.6e-05,0.000148,0.000356,0.000781,0.001576,0.002951,0.005157,0.008448,0.013037,0.019024,0.026339,0.034707,0.043648,0.052518,0.060593,0.067175,0.071691,0.073781,0.073339,0.070513,0.065665,0.059303,0.052,0.044319,0.036752,0.029682,0.023368,0.017948,0.01346,0.009863,0.007068,0.004955,0.003402,0.002288,0.001508,0.000975,0.000619,0.000386,0.000573,0.980501,0.019499,1,0.019692,0.967463,0.032537,1,0.033078,0.94844,0.05156,1,0.052937,0.922101,0.077899,1,0.081101,0.887394,0.112606,1,0.119467,0.843746,0.156254,1,0.169904,0.791228,0.208772,0,1.566512,0.730635,0.269365,0,1.311687,0.66346,0.33654,0,1.089038,0.591769,0.408231,0,0.895922,0.517988,0.482012,0,0.729786,0.444649,0.555351,0,0.588155,0.374136,0.625864,0,0.468622,0.30847,0.69153,0,0.368849,0.249167,0.750833,0,0.286572,0.197167,0.802833,0,0.219609,0.152848,0.847152,0,0.165875,0.116095,0.883905,0,0.123406,0.086413,0.913587,0,0.090377,4e-06,4.4e-05,0.000263,0.001048,0.003168,0.007734,0.015886,0.028238,0.044336,0.062456,0.07992,0.093827,0.101896,0.10307,0.097678,0.087165,0.073563,0.058942,0.04499,0.032811,0.022927,0.015385,0.009938,0.014624,7e-06,7.6e-05,0.000428,0.001634,0.004722,0.011027,0.021666,0.036836,0.055318,0.074536,0.091228,0.102441,0.106409,0.102951,0.09332,0.079651,0.064297,0.049276,0.035974,0.025095,0.016772,0.010765,0.006651,0.008881,0.995386,0.004614,0.987652,0.012348,0.971766,0.028234,0.943528,0.056472,0.899193,0.100807,0.836737,0.163263,0.756816,0.243184,0.662989,0.337011,0.561093,0.438907,0.458023,0.541977,0.360345,0.639655,0.27318,0.72682,0.199617,0.800383,0.140674,0.859326,0.095685,0.904315,0.993096,0.006904,0.982069,0.017931,0.960402,0.039598,0.923566,0.076434,0.868248,0.131752,0.793711,0.206289,0.702483,0.297517,0.600042,0.399958,0.493633,0.506367,0.390682,0.609318,0.297362,0.702638,0.21771,0.78229,0.153413,0.846587,0.104138,0.895862,0.068163,0.931837,1,0.004625,1,0.006928,1,0.012425,1,0.018094,0,3.567228,1,0.040403,0,2.87401,1,0.079513,0,2.294547,1,0.141278,0,1.812393,1,0.231036,0,1.413937,1,0.353134,0,1.08764,1,0.510756,0,0.823468,1,0.705963,0,0.612532,1,0.939861,0,0.446826,1,1.212805,0,0.319076,0,0.24553,0,0.222665,0,0.166542,0,0.151607,0,0.109969,0,0.100578,0,0.070597
2569,2025/26,26,Jagiellonia Białystok,Wisła Płock,6.0,10.0,16.0,12.262,11.392,23.654,0.010415,1,4577.5767,0.4271,0.4349,0.1652,0.3346,0.3177,0.0,0.0,0.0,0.0,2e-06,7e-06,2.7e-05,8.3e-05,0.000228,0.000555,0.001223,0.002463,0.00457,0.007866,0.012633,0.019029,0.027002,0.036237,0.046148,0.055944,0.064736,0.07168,0.07612,0.077683,0.07633,0.072337,0.066221,0.058646,0.050313,0.041866,0.033829,0.026573,0.020312,0.015124,0.010978,0.007776,0.005378,0.003635,0.002403,0.001555,0.000985,0.000611,0.000372,0.000222,0.00013,7.5e-05,9.3e-05,0.951312,0.048688,1,0.049913,0.924309,0.075691,0,2.581101,0.888073,0.111927,0,2.189907,0.841925,0.158075,0,1.844684,0.785981,0.214019,0,1.541689,0.721245,0.278755,0,1.277422,0.649565,0.350435,0,1.04858,0.573445,0.426555,0,0.852015,0.495762,0.504238,0,0.684707,0.419432,0.580568,0,0.543748,0.347095,0.652905,0,0.426324,0.280874,0.719126,0,0.329719,0.222228,0.777772,0,0.251322,0.171915,0.828085,0,0.18864,0.13005,0.86995,0,0.139319,0.096221,0.903779,0,0.10117,0.069648,0.930352,0,0.072192,0.049336,0.950664,0,0.050594,0.034212,0.965788,0,0.034811,1e-05,0.000106,0.000581,0.002151,0.00603,0.013661,0.026046,0.042986,0.062684,0.082042,0.09757,0.106491,0.107548,0.101197,0.089239,0.07412,0.05824,0.043459,0.030901,0.020999,0.013676,0.008556,0.005154,0.006529,2.1e-05,0.000215,0.001107,0.003835,0.010068,0.021359,0.038141,0.058955,0.080519,0.098701,0.109936,0.112378,0.106295,0.093674,0.077365,0.060183,0.04429,0.030953,0.020612,0.013119,0.008002,0.004689,0.002645,0.002934,0.991098,0.008902,0.977437,0.022563,0.951392,0.048608,0.908406,0.091594,0.845722,0.154278,0.763679,0.236321,0.66611,0.33389,0.559618,0.440382,0.45207,0.54793,0.350872,0.649128,0.261634,0.738366,0.187513,0.812487,0.129273,0.870727,0.085814,0.914186,0.054914,0.945086,0.984749,0.015251,0.96339,0.03661,0.925249,0.074751,0.866294,0.133706,0.785775,0.214225,0.687074,0.312926,0.577138,0.422862,0.464761,0.535239,0.358466,0.641534,0.264792,0.735208,0.187426,0.812574,0.127244,0.872756,0.082954,0.917046,0.052001,0.947999,0.031389,0.968611,1,0.008942,1,0.015368,1,0.022821,1,0.037297,0,3.023967,1,0.077692,0,2.39039,1,0.143531,0,1.868999,1,0.241085,0,1.442564,1,0.375313,0,1.096944,0,0.860709,0,0.820113,0,0.625042,0,0.601608,0,0.443893,0,0.432125,0,0.307602,0,0.303316,0,0.207548,0,0.207655,0,0.136099,0,0.138427,0,0.086598,0,0.089721,0,0.053402,0,0.056479,0,0.031892
2570,2025/26,26,Legia Warszawa,Raków Częstochowa,18.0,11.0,29.0,14.3077,11.8547,26.1623,0.010415,1,4577.5767,0.4271,0.4349,0.1652,0.3346,0.3177,0.0,0.0,0.0,0.0,0.0,1e-06,5e-06,1.7e-05,5.1e-05,0.000135,0.000325,0.000716,0.001452,0.002731,0.004794,0.007891,0.012238,0.017951,0.024987,0.033109,0.041879,0.050689,0.058842,0.065645,0.070514,0.073056,0.073117,0.070795,0.066404,0.060415,0.053377,0.045845,0.038319,0.031198,0.024765,0.019182,0.014509,0.010725,0.007754,0.005486,0.003801,0.00258,0.001718,0.001122,0.000719,0.000452,0.000689,0.981881,0.018119,1,0.018285,0.969643,0.030357,1,0.030828,0.951692,0.048308,1,0.049514,0.926705,0.073295,1,0.07612,0.893596,0.106404,1,0.112502,0.851717,0.148283,1,0.160501,0.801029,0.198971,1,0.221859,0.742187,0.257813,1,0.298154,0.676542,0.323458,1,0.390761,0.606027,0.393973,1,0.50083,0.532972,0.467028,1,0.629287,0.459855,0.540145,1,0.776844,0.38906,0.61094,1,0.944022,0.322656,0.677344,1,1.13117,0.262241,0.737759,0,0.304138,0.208864,0.791136,0,0.234286,0.163019,0.836981,0,0.177954,0.1247,0.8753,0,0.133188,0.093501,0.906499,0,0.098166,2e-06,2e-05,0.000126,0.000536,0.001719,0.004461,0.00974,0.018408,0.030741,0.046077,0.062754,0.078437,0.090717,0.097754,0.098718,0.093899,0.084495,0.072204,0.058793,0.045755,0.034125,0.02445,0.016865,0.028916,1.4e-05,0.000147,0.000786,0.002823,0.00768,0.016883,0.031238,0.050031,0.070801,0.089926,0.103783,0.109924,0.107733,0.098374,0.084184,0.067855,0.051741,0.037467,0.025853,0.017049,0.010775,0.006542,0.003824,0.004554,0.997308,0.002692,0.992848,0.007152,0.983108,0.016892,0.9647,0.0353,0.933959,0.066041,0.887882,0.112118,0.825128,0.174872,0.746691,0.253309,0.655975,0.344025,0.558221,0.441779,0.459503,0.540497,0.365604,0.634396,0.281109,0.718891,0.208905,0.791095,0.150112,0.849888,0.988536,0.011464,0.971653,0.028347,0.940415,0.059585,0.890384,0.109616,0.819583,0.180417,0.729657,0.270343,0.625874,0.374126,0.51595,0.48405,0.408217,0.591783,0.309844,0.690156,0.22566,0.77434,0.157805,0.842195,0.106064,0.893936,0.068597,0.931403,0.042745,0.957255,1,0.002696,1,0.01153,1,0.007178,1,0.028757,1,0.017036,1,0.061434,1,0.035938,1,0.116102,1,0.068323,1,0.19896,1,0.118916,1,0.315181,1,0.192217,1,0.468606,1,0.292104,0,0.725567,1,0.421633,0,0.524615,1,0.583,0,0.370838,1,0.77761,0,0.255744,1,1.006204,0,0.171744,1,1.269013,0,0.112121,1,1.565876,0,0.071063,0,0.162651,0,0.043685
2571,2025/26,26,Lechia Gdańsk,Pogoń Szczecin,10.0,6.0,16.0,12.0893,11.835,23.9243,0.010415,1,4577.5767,0.4271,0.4349,0.1652,0.3346,0.3177,0.0,0.0,0.0,0.0,1e-06,6e-06,2.2e-05,7e-05,0.000194,0.000478,0.001063,0.002164,0.004056,0.007052,0.011441,0.017409,0.024955,0.033831,0.043523,0.0533,0.062304,0.06969,0.07476,0.077071,0.076499,0.073233,0.067722,0.060584,0.052503,0.044131,0.036021,0.028581,0.022068,0.016597,0.01217,0.008707,0.006083,0.004153,0.002773,0.001812,0.001159,0.000727,0.000447,0.000269,0.000159,9.3e-05,0.000118,0.956044,0.043956,1,0.044952,0.931089,0.068911,0,2.674935,0.897258,0.102742,0,2.275534,0.853734,0.146266,0,1.922331,0.800434,0.199566,0,1.611612,0.73813,0.26187,0,1.339908,0.66844,0.33156,0,1.103946,0.59368,0.40632,0,0.900615,0.516609,0.483391,0,0.72693,0.440111,0.559889,0,0.580016,0.366878,0.633122,0,0.457092,0.299156,0.700844,0,0.35547,0.238572,0.761428,0,0.272559,0.186069,0.813931,0,0.205879,0.141938,0.858062,0,0.153079,0.105917,0.894083,0,0.111957,0.077336,0.922664,0,0.08049,0.055268,0.944732,0,0.056854,0.03867,0.96133,0,0.039438,1.1e-05,0.000122,0.000661,0.002415,0.006684,0.014952,0.028151,0.045879,0.066067,0.085388,0.100279,0.108079,0.107786,0.100152,0.087212,0.071531,0.055503,0.040898,0.028716,0.01927,0.012393,0.007656,0.004554,0.005621,1.4e-05,0.00015,0.000798,0.00286,0.00777,0.017055,0.031509,0.050391,0.071205,0.090305,0.104067,0.110062,0.107708,0.098206,0.083916,0.067538,0.051423,0.037182,0.025618,0.01687,0.010646,0.006454,0.003767,0.004473,0.990089,0.009911,0.975137,0.024863,0.946986,0.053014,0.901107,0.098893,0.835039,0.164961,0.749651,0.250349,0.649373,0.350627,0.541294,0.458706,0.433508,0.566492,0.333355,0.666645,0.246143,0.753857,0.174612,0.825388,0.119109,0.880891,0.078211,0.921789,0.049495,0.950505,0.988395,0.011605,0.97134,0.02866,0.939831,0.060169,0.88944,0.11056,0.818235,0.181765,0.727929,0.272071,0.623862,0.376138,0.5138,0.4862,0.406093,0.593907,0.307887,0.692113,0.223971,0.776029,0.156433,0.843567,0.105009,0.894991,0.067827,0.932173,0.042209,0.957791,1,0.00996,1,0.011673,1,0.025177,1,0.029079,1,0.054471,0,2.810598,1,0.104131,0,2.202197,1,0.180277,0,1.705041,1,0.288148,0,1.301692,0,1.048032,0,0.977799,0,0.779346,0,0.721135,0,0.568292,0,0.521033,0,0.405498,0,0.368006,0,0.282553,0,0.253565,0,0.191902,0,0.170116,0,0.126821,0,0.110942,0,0.081439,0,0.070237,0,0.050762,0,0.043126
2572,2025/26,26,Motor Lublin,Zagłębie Lubin,13.0,14.0,27.0,12.2472,12.9069,25.1541,0.010415,1,4577.5767,0.4271,0.4349,0.1652,0.3346,0.3177,0.0,0.0,0.0,0.0,1e-06,3e-06,1e-05,3.2e-05,9.3e-05,0.000239,0.000558,0.001186,0.002324,0.004224,0.007164,0.011397,0.017079,0.024205,0.032555,0.041679,0.050934,0.059561,0.066796,0.071991,0.074704,0.074765,0.072281,0.067602,0.061247,0.053822,0.045927,0.038098,0.030755,0.024182,0.018537,0.013865,0.010128,0.007229,0.005047,0.003448,0.002306,0.001512,0.000971,0.000612,0.000379,0.00023,0.000323,0.97277,0.02723,1,0.027608,0.955691,0.044309,1,0.045321,0.931486,0.068514,1,0.070974,0.898931,0.101069,1,0.106549,0.857252,0.142748,1,0.154024,0.806318,0.193682,1,0.215277,0.746757,0.253243,1,0.292015,0.679961,0.320039,1,0.38572,0.60797,0.39203,1,0.49763,0.533266,0.466734,1,0.628735,0.458501,0.541499,1,0.779792,0.38622,0.61378,1,0.951348,0.318618,0.681382,0,0.383632,0.257371,0.742629,0,0.297558,0.203549,0.796451,0,0.22759,0.157622,0.842378,0,0.171526,0.119523,0.880477,0,0.127292,0.088769,0.911231,0,0.092959,0.064587,0.935413,0,0.066767,1e-05,0.000107,0.000588,0.002173,0.006084,0.013767,0.026221,0.043228,0.062971,0.082329,0.097806,0.106635,0.107578,0.101117,0.089072,0.073903,0.058007,0.043238,0.030711,0.020848,0.013563,0.008476,0.0051,0.006447,6e-06,6.3e-05,0.00036,0.001394,0.004087,0.009689,0.019329,0.033379,0.050932,0.069751,0.086798,0.099127,0.104752,0.103136,0.095164,0.082707,0.068,0.053094,0.039501,0.028088,0.019141,0.01253,0.007897,0.011021,0.991016,0.008984,0.977249,0.022751,0.951028,0.048972,0.9078,0.0922,0.844829,0.155171,0.7625,0.2375,0.664694,0.335306,0.55806,0.44194,0.450482,0.549518,0.349366,0.650634,0.260294,0.739706,0.186391,0.813609,0.128383,0.871617,0.085145,0.914855,0.054434,0.945566,0.994036,0.005964,0.984347,0.015653,0.965018,0.034982,0.931639,0.068361,0.880707,0.119293,0.810956,0.189044,0.724158,0.275842,0.625032,0.374968,0.52028,0.47972,0.417144,0.582856,0.32198,0.67802,0.239274,0.760726,0.171274,0.828726,0.11818,0.88182,0.078678,0.921322,1,0.009025,1,0.005982,1,0.023014,1,0.015777,1,0.050212,1,0.035609,1,0.096731,1,0.07081,1,0.168621,1,0.12703,1,0.271153,1,0.209541,1,0.408428,1,0.322746,1,0.583289,1,0.469952,1,0.797437,1,0.653388,0,0.429808,1,0.874324,0,0.301502,0,0.388578,0,0.206275,0,0.273482,0,0.137405,0,0.187866,0,0.08899,0,0.125767,0,0.055972,0,0.081946
2573,2025/26,26,Korona Kielce,Arka Gdynia,14.0,16.0,30.0,12.6084,13.189,25.7974,0.010415,1,4577.5767,0.4271,0.4349,0.1652,0.3346,0.3177,0.0,0.0,0.0,0.0,0.0,2e-06,6e-06,2.1e-05,6.3e-05,0.000166,0.000395,0.000859,0.001721,0.003198,0.005547,0.009023,0.013827,0.020038,0.027558,0.036077,0.045082,0.053906,0.061818,0.068128,0.072289,0.073979,0.073134,0.069942,0.064796,0.058223,0.050803,0.043093,0.035571,0.028599,0.022417,0.017146,0.012806,0.009347,0.006672,0.004661,0.003188,0.002137,0.001404,0.000905,0.000573,0.000356,0.000525,0.978999,0.021001,1,0.021225,0.965172,0.034828,1,0.035449,0.945134,0.054866,1,0.056429,0.917576,0.082424,1,0.08602,0.881499,0.118501,1,0.126131,0.836417,0.163583,1,0.178628,0.782511,0.217489,1,0.245248,0.720692,0.279308,1,0.327543,0.652565,0.347435,1,0.426845,0.580275,0.419725,1,0.544253,0.506296,0.493704,1,0.680634,0.433162,0.566838,1,0.836643,0.36322,0.63678,1,1.012746,0.298425,0.701575,1,1.209238,0.240202,0.759798,1,1.426277,0.189398,0.810602,0,0.209978,0.146305,0.853695,0,0.158181,0.110734,0.889266,0,0.117359,0.082135,0.917865,0,0.085705,7e-06,8e-05,0.000449,0.001705,0.004898,0.011372,0.022223,0.037594,0.05619,0.075379,0.091884,0.10279,0.106402,0.102619,0.092752,0.078962,0.063594,0.048639,0.035447,0.02469,0.016481,0.010569,0.006525,0.008709,4e-06,5e-05,0.000292,0.001151,0.003441,0.008313,0.016902,0.02975,0.046266,0.064579,0.081906,0.095338,0.102684,0.103043,0.096905,0.085839,0.071931,0.057242,0.043406,0.031458,0.021849,0.014578,0.009365,0.013628,0.992824,0.007176,0.981452,0.018548,0.959228,0.040772,0.921634,0.078366,0.865444,0.134556,0.790065,0.209935,0.698181,0.301819,0.595391,0.404609,0.488988,0.511012,0.386369,0.613631,0.293617,0.706383,0.214655,0.785345,0.15106,0.84894,0.102421,0.897579,0.066974,0.933026,0.994983,0.005017,0.986671,0.013329,0.969769,0.030231,0.940019,0.059981,0.893752,0.106248,0.829173,0.170827,0.747267,0.252733,0.651929,0.348071,0.549245,0.450755,0.446202,0.553798,0.349297,0.650703,0.263458,0.736542,0.191527,0.808473,0.134285,0.865715,0.090878,0.909122,1,0.007202,1,0.00503,1,0.018722,1,0.013419,1,0.041626,1,0.030697,1,0.081607,1,0.061855,1,0.144513,1,0.112327,1,0.23564,1,0.187326,1,0.359277,1,0.291333,1,0.518537,1,0.42782,1,0.715417,1,0.599211,1,0.950962,1,0.806984,0,0.347598,1,1.051833,0,0.241632,1,1.333861,0,0.163767,0,0.212608,0,0.108054,0,0.1442,0,0.069322,0,0.095276
2574,2025/26,26,Cracovia,GKS Katowice,11.0,14.0,25.0,12.394,13.5799,25.9739,0.010415,1,4577.5767,0.4271,0.4349,0.1652,0.3346,0.3177,0.0,0.0,0.0,0.0,0.0,1e-06,6e-06,1.9e-05,5.7e-05,0.00015,0.000359,0.000786,0.001584,0.002962,0.005167,0.008455,0.013033,0.019,0.026287,0.034618,0.043518,0.052348,0.060391,0.066954,0.07147,0.07358,0.073177,0.070405,0.065618,0.059318,0.052072,0.044436,0.036901,0.029849,0.023539,0.018113,0.01361,0.009995,0.007178,0.005045,0.003472,0.002341,0.001548,0.001004,0.000639,0.000399,0.000598,0.980455,0.019545,1,0.019739,0.967422,0.032578,1,0.033121,0.948421,0.051579,1,0.052956,0.922135,0.077865,1,0.081064,0.887517,0.112483,1,0.119328,0.843999,0.156001,1,0.169604,0.791651,0.208349,1,0.233635,0.731261,0.268739,1,0.312985,0.664307,0.335693,1,0.409011,0.592837,0.407163,1,0.522836,0.519257,0.480743,0,0.732422,0.446079,0.553921,0,0.590734,0.375674,0.624326,0,0.471083,0.310056,0.689944,0,0.371145,0.250738,0.749262,0,0.288667,0.198667,0.801333,0,0.221478,0.15423,0.84577,0,0.167508,0.117329,0.882671,0,0.124803,0.08748,0.91252,0,0.091546,9e-06,9.5e-05,0.000527,0.001969,0.005572,0.012743,0.024528,0.040867,0.060162,0.079492,0.095438,0.105158,0.107214,0.101845,0.090666,0.076024,0.060306,0.045429,0.032609,0.022372,0.014708,0.00929,0.005649,0.007301,3e-06,3.6e-05,0.000218,0.000882,0.002705,0.006705,0.013988,0.025259,0.040303,0.057716,0.075102,0.089687,0.099106,0.102035,0.098449,0.08947,0.076921,0.062803,0.04886,0.03633,0.025888,0.017721,0.011679,0.018005,0.9918,0.0082,0.979057,0.020943,0.954529,0.045471,0.913663,0.086337,0.8535,0.1465,0.774008,0.225992,0.67857,0.32143,0.573412,0.426588,0.466198,0.533802,0.364353,0.635647,0.273687,0.726313,0.197663,0.802337,0.137358,0.862642,0.091929,0.908071,0.05932,0.94068,0.996029,0.003971,0.989324,0.010676,0.975336,0.024664,0.950077,0.049923,0.909774,0.090226,0.852059,0.147941,0.776957,0.223043,0.687269,0.312731,0.588163,0.411837,0.486128,0.513872,0.387679,0.612321,0.298208,0.701792,0.221287,0.778713,0.158484,0.841516,0.109624,0.890376,1,0.008234,1,0.003979,1,0.021165,1,0.010733,1,0.046537,1,0.024973,1,0.090293,1,0.051212,1,0.15841,1,0.094559,1,0.256173,1,0.1601,1,0.387768,1,0.25237,0,0.851937,1,0.37503,0,0.62773,1,0.530751,0,0.453112,1,0.721283,0,0.319774,0,0.490499,0,0.220227,0,0.354118,0,0.147756,0,0.250113,0,0.096433,0,0.17255,0,0.061152,0,0.116111
2575,2025/26,26,Lech Poznań,Bruk-Bet Termalica Nieciecza,7.0,17.0,24.0,12.8385,13.228,26.0665,0.010415,1,4577.5767,0.4271,0.4349,0.1652,0.3346,0.3177,0.0,0.0,0.0,0.0,0.0,1e-06,5e-06,1.8e-05,5.3e-05,0.000142,0.000341,0.000749,0.001515,0.002842,0.004974,0.008165,0.012626,0.018467,0.02563,0.033862,0.042703,0.05153,0.059637,0.066327,0.071025,0.073353,0.073181,0.070629,0.066033,0.05988,0.052728,0.045137,0.037599,0.030507,0.024133,0.018627,0.01404,0.010341,0.007449,0.005251,0.003625,0.002452,0.001626,0.001058,0.000675,0.000423,0.000639,0.981195,0.018805,1,0.018985,0.968568,0.031432,1,0.031936,0.950102,0.049898,1,0.051186,0.924472,0.075528,1,0.078533,0.89061,0.10939,1,0.115849,0.847907,0.152093,1,0.164984,0.796377,0.203623,1,0.227683,0.73674,0.26326,1,0.30552,0.670413,0.329587,1,0.399862,0.599388,0.400612,0,0.914761,0.526035,0.473965,0,0.746621,0.452854,0.547146,0,0.603039,0.382224,0.617776,0,0.48163,0.316191,0.683809,0,0.380077,0.256311,0.743689,0,0.296133,0.203583,0.796417,0,0.227632,0.158446,0.841554,0,0.172505,0.120847,0.879153,0,0.128796,0.09034,0.90966,0,0.094684,6e-06,6.6e-05,0.000379,0.001459,0.004261,0.010053,0.019961,0.03431,0.052108,0.071028,0.087974,0.1,0.105181,0.103074,0.094663,0.081886,0.067011,0.052077,0.038564,0.027294,0.018512,0.012062,0.007567,0.010453,4e-06,4.8e-05,0.000283,0.001121,0.00336,0.008137,0.016589,0.029274,0.045645,0.063878,0.081227,0.094793,0.102362,0.102987,0.097105,0.086239,0.072454,0.057808,0.04395,0.031935,0.022238,0.014876,0.009581,0.014023,0.993778,0.006222,0.983726,0.016274,0.963764,0.036236,0.929454,0.070546,0.877346,0.122654,0.806318,0.193682,0.718344,0.281656,0.618343,0.381657,0.513162,0.486838,0.410088,0.589912,0.315426,0.684574,0.233539,0.766461,0.166528,0.833472,0.114451,0.885549,0.075888,0.924112,0.995101,0.004899,0.986964,0.013036,0.970375,0.029625,0.941101,0.058899,0.895455,0.104545,0.831578,0.168422,0.750351,0.249649,0.655558,0.344442,0.553195,0.446805,0.450208,0.549792,0.353104,0.646896,0.266865,0.733135,0.194411,0.805589,0.136602,0.863398,0.092653,0.907347,1,0.006241,1,0.004911,1,0.016408,1,0.013122,1,0.036909,1,0.030073,0,2.65149,1,0.060705,0,2.098388,1,0.110423,0,1.641538,1,0.18443,0,1.267069,1,0.287214,0,0.963233,1,0.422268,0,0.719824,1,0.592045,0,0.527782,1,0.798046,0,0.378959,1,1.040993,0,0.265971,1,1.321012,0,0.182155,1,1.637781,0,0.121547,0,0.14688,0,0.078922,0,0.09723
2576,2025/26,26,Piast Gliwice,Radomiak Radom,7.0,8.0,15.0,11.7993,12.9577,24.7569,0.010415,1,4577.5767,0.4271,0.4349,0.1652,0.3346,0.3177,0.0,0.0,0.0,0.0,1e-06,3e-06,1.3e-05,4.2e-05,0.000118,0.0003,0.000689,0.001444,0.00279,0.005,0.008362,0.013115,0.019379,0.027079,0.035908,0.045327,0.054616,0.062971,0.069632,0.073996,0.075709,0.074711,0.071219,0.065677,0.058672,0.050838,0.042776,0.034989,0.027851,0.021593,0.016322,0.012038,0.008671,0.006103,0.004201,0.00283,0.001867,0.001207,0.000765,0.000475,0.00029,0.000174,0.000236,0.968122,0.031878,0,3.445825,0.948743,0.051257,0,2.970904,0.921664,0.078336,0,2.546753,0.885756,0.114244,0,2.169418,0.840428,0.159572,0,1.835263,0.785813,0.214187,0,1.540905,0.722842,0.277158,0,1.283167,0.65321,0.34679,0,1.059037,0.579215,0.420785,0,0.865632,0.503505,0.496495,0,0.700182,0.428794,0.571206,0,0.560006,0.357575,0.642425,0,0.442506,0.291898,0.708102,0,0.345167,0.233226,0.766774,0,0.265563,0.182388,0.817612,0,0.201367,0.139612,0.860388,0,0.150371,0.104623,0.895377,0,0.11051,0.076772,0.923228,0,0.079879,0.055179,0.944821,0,0.05676,1.5e-05,0.000154,0.000819,0.002929,0.007935,0.017371,0.032006,0.051048,0.07194,0.090992,0.104577,0.110304,0.107655,0.097894,0.083424,0.066963,0.050848,0.036668,0.025196,0.016547,0.010414,0.006296,0.003665,0.004328,5e-06,6e-05,0.000347,0.001346,0.003963,0.009426,0.01887,0.032701,0.05007,0.068808,0.085921,0.098466,0.104414,0.10316,0.095517,0.083301,0.068726,0.053847,0.040201,0.028685,0.019615,0.012885,0.008149,0.011459,0.988136,0.011864,0.970765,0.029235,0.938759,0.061241,0.887711,0.112289,0.815771,0.184229,0.724778,0.275222,0.620201,0.379799,0.509897,0.490103,0.402242,0.597758,0.304349,0.695651,0.220925,0.779075,0.153962,0.846038,0.103114,0.896886,0.066446,0.933554,0.041251,0.958749,0.99422,0.00578,0.984793,0.015207,0.965923,0.034077,0.933223,0.066777,0.883153,0.116847,0.814345,0.185655,0.728424,0.271576,0.629958,0.370042,0.525544,0.474456,0.422384,0.577616,0.326867,0.673133,0.243567,0.756433,0.174841,0.825159,0.120994,0.879006,0.080793,0.919207,1,0.011935,1,0.005797,1,0.029671,1,0.015324,1,0.063196,1,0.034671,0,2.186679,1,0.069111,0,1.691576,0,2.14689,0,1.290177,0,1.683865,0,0.968113,0,1.303513,0,0.71314,0,0.994139,0,0.514569,0,0.745586,0,0.362907,0,0.548846,0,0.249648,0,0.395812,0,0.167191,0,0.279141,0,0.108827,0,0.192179,0,0.068756,0,0.128964,0,0.042126,0,0.084244
2577,2025/26,26,Widzew Łódź,Górnik Zabrze,17.0,9.0,26.0,13.2827,11.6274,24.9102,0.010415,1,4577.5767,0.4271,0.4349,0.1652,0.3346,0.3177,0.0,0.0,0.0,0.0,1e-06,3e-06,1.2e-05,3.8e-05,0.000108,0.000275,0.000636,0.00134,0.002603,0.00469,0.007885,0.012434,0.018471,0.02595,0.034597,0.043909,0.053193,0.061664,0.068557,0.073251,0.075357,0.074769,0.071665,0.066451,0.05969,0.052005,0.043999,0.036188,0.028964,0.022581,0.017163,0.012729,0.009219,0.006525,0.004517,0.00306,0.00203,0.001319,0.000841,0.000526,0.000322,0.000194,0.000267,0.969974,0.030026,1,0.030486,0.951503,0.048497,1,0.049712,0.925554,0.074446,1,0.077363,0.890957,0.109043,1,0.11546,0.847048,0.152952,1,0.165998,0.793855,0.206145,1,0.230855,0.732191,0.267809,1,0.311714,0.663634,0.336366,1,0.410025,0.590383,0.409617,1,0.526984,0.515026,0.484974,1,0.663537,0.440257,0.559743,1,0.820397,0.368592,0.631408,0,0.459803,0.302141,0.697859,0,0.359738,0.242451,0.757549,0,0.277667,0.190446,0.809554,0,0.211272,0.146447,0.853553,0,0.158348,0.110259,0.889741,0,0.116825,0.081295,0.918705,0,0.08479,0.058714,0.941286,0,0.060509,4e-06,4.6e-05,0.000272,0.00108,0.003249,0.007897,0.016158,0.028618,0.044784,0.0629,0.080274,0.094021,0.101897,0.102892,0.097367,0.086786,0.073179,0.058599,0.044712,0.032607,0.022788,0.0153,0.00989,0.014593,1.7e-05,0.000178,0.00093,0.003283,0.008777,0.018965,0.03449,0.054294,0.07552,0.094279,0.106947,0.111338,0.107252,0.09626,0.080966,0.064145,0.048075,0.034218,0.023207,0.015042,0.009344,0.005576,0.003204,0.003685,0.995261,0.004739,0.987363,0.012637,0.971205,0.028795,0.942587,0.057413,0.897804,0.102196,0.834904,0.165096,0.75463,0.24537,0.660609,0.339391,0.558712,0.441288,0.45582,0.54418,0.358453,0.641547,0.271667,0.728333,0.198488,0.801512,0.139889,0.860111,0.095177,0.904823,0.986806,0.013194,0.967841,0.032159,0.933351,0.066649,0.879057,0.120943,0.803537,0.196463,0.709257,0.290743,0.602311,0.397689,0.490973,0.509027,0.383721,0.616279,0.287462,0.712538,0.206496,0.793504,0.142351,0.857649,0.094276,0.905724,0.060058,0.939942,0.036852,0.963148,1,0.00475,1,0.013282,1,0.012718,1,0.032687,1,0.029218,1,0.068974,1,0.059127,1,0.128906,1,0.107803,1,0.218732,1,0.180439,0,1.235316,1,0.281528,0,0.922085,1,0.414593,0,0.675254,1,0.582121,0,0.484055,1,0.785657,0,0.338922,1,1.025958,0,0.231297,1,1.303178,0,0.15356,1,1.617027,0,0.099021,0,0.150694,0,0.061937,0,0.100016,0,0.037548
2578,2025/26,27,Arka Gdynia,Zagłębie Lubin,13.0,15.0,28.0,12.4623,14.0617,26.524,0.010383,1,4625.8229,0.4,0.408,0.1731,0.3374,0.3171,0.0,0.0,0.0,0.0,0.0,1e-06,4e-06,1.3e-05,4e-05,0.000109,0.000266,0.000593,0.001217,0.002319,0.004121,0.006869,0.010787,0.016019,0.022576,0.030286,0.038782,0.04752,0.055843,0.063066,0.068574,0.071913,0.07285,0.071394,0.067778,0.06241,0.055804,0.048506,0.041029,0.033804,0.027153,0.021282,0.016288,0.012183,0.008912,0.006379,0.004472,0.003071,0.002068,0.001366,0.000886,0.000564,0.000883,0.984447,0.015553,1,0.015675,0.973661,0.026339,1,0.026693,0.957642,0.042358,1,0.043282,0.935066,0.064934,1,0.067138,0.90478,0.09522,1,0.100064,0.865998,0.134002,1,0.143873,0.818478,0.181522,1,0.200309,0.762634,0.237366,1,0.270977,0.699568,0.300432,1,0.357292,0.630995,0.369005,1,0.460458,0.559082,0.440918,1,0.58146,0.486231,0.513769,1,0.721071,0.414837,0.585163,1,0.879869,0.347059,0.652941,0,0.426269,0.28465,0.71535,0,0.334983,0.228846,0.771154,0,0.259867,0.18034,0.81966,0,0.198866,0.139311,0.860689,0,0.150022,0.105507,0.894493,0,0.111498,8e-06,9e-05,0.0005,0.001879,0.005344,0.012283,0.023762,0.03979,0.058872,0.078176,0.094324,0.104444,0.107009,0.102147,0.091377,0.076991,0.061367,0.04645,0.033501,0.023092,0.015254,0.00968,0.005914,0.007718,2e-06,2.4e-05,0.000152,0.000633,0.002003,0.00512,0.011014,0.020508,0.033741,0.049822,0.066846,0.082307,0.093772,0.099536,0.099013,0.092767,0.082222,0.069205,0.055503,0.042543,0.031249,0.022051,0.01498,0.024769,0.992149,0.007851,0.979866,0.020134,0.956105,0.043895,0.916315,0.083685,0.857443,0.142557,0.779268,0.220732,0.684944,0.315056,0.5805,0.4195,0.473491,0.526509,0.371344,0.628656,0.279967,0.720033,0.202976,0.797024,0.141609,0.858391,0.095159,0.904841,0.061658,0.938342,0.996966,0.003034,0.991846,0.008154,0.980833,0.019167,0.960324,0.039676,0.926583,0.073417,0.876761,0.123239,0.809916,0.190084,0.727609,0.272391,0.633837,0.366163,0.534301,0.465699,0.435289,0.564711,0.342521,0.657479,0.260299,0.739701,0.191094,0.808906,0.135591,0.864409,1,0.007882,1,0.003039,1,0.020339,1,0.008187,1,0.044888,1,0.019353,1,0.087395,1,0.040485,1,0.153801,1,0.076252,1,0.2494,1,0.131521,1,0.378418,1,0.210825,1,0.543865,1,0.317991,1,0.747622,1,0.455963,0,0.464171,1,0.626796,0,0.328458,1,0.831745,0,0.22687,0,0.419342,0,0.152696,0,0.301509,0,0.099996,0,0.212073,0,0.063641,0,0.145709
2579,2025/26,27,Bruk-Bet Termalica Nieciecza,Piast Gliwice,10.0,9.0,19.0,13.1448,12.1466,25.2914,0.010383,1,4625.8229,0.4,0.408,0.1731,0.3374,0.3171,0.0,0.0,0.0,0.0,1e-06,2e-06,9e-06,3e-05,8.6e-05,0.000221,0.000518,0.001107,0.002179,0.00398,0.006784,0.010846,0.016333,0.023261,0.031439,0.040447,0.049669,0.058364,0.065773,0.071232,0.074274,0.074694,0.072561,0.06819,0.062078,0.054813,0.046997,0.039172,0.031772,0.025101,0.019333,0.01453,0.010663,0.007647,0.005364,0.003682,0.002474,0.00163,0.001052,0.000666,0.000414,0.000253,0.000358,0.974239,0.025761,1,0.026099,0.957906,0.042094,1,0.043006,0.934644,0.065356,1,0.067589,0.903205,0.096795,1,0.101805,0.862759,0.137241,0,1.986014,0.81309,0.18691,0,1.677126,0.754725,0.245275,0,1.405376,0.688952,0.311048,0,1.167808,0.61772,0.38228,0,0.961602,0.543446,0.456554,0,0.784048,0.468752,0.531248,0,0.632526,0.396191,0.603809,0,0.504497,0.328,0.672,0,0.397498,0.265923,0.734077,0,0.309141,0.21111,0.78889,0,0.237129,0.164113,0.835887,0,0.179262,0.12494,0.87506,0,0.133463,0.093168,0.906832,0,0.097798,0.068067,0.931933,0,0.070494,4e-06,5.2e-05,0.000301,0.001184,0.003532,0.008509,0.017254,0.030285,0.046967,0.065373,0.082677,0.095959,0.103054,0.103112,0.096686,0.085389,0.071341,0.056601,0.04279,0.030916,0.021407,0.014238,0.009118,0.013176,1.1e-05,0.000116,0.000633,0.002321,0.006455,0.014503,0.027426,0.044893,0.064928,0.084278,0.099399,0.107588,0.107751,0.100542,0.087918,0.07241,0.056417,0.041743,0.029429,0.019829,0.012804,0.007942,0.004743,0.005902,0.994852,0.005148,0.986344,0.013656,0.96909,0.03091,0.938805,0.061195,0.891838,0.108162,0.826465,0.173535,0.743788,0.256212,0.647828,0.352172,0.544774,0.455226,0.441662,0.558338,0.344976,0.655024,0.259587,0.740413,0.188246,0.811754,0.131645,0.868355,0.088855,0.911145,0.990445,0.009555,0.975942,0.024058,0.948516,0.051484,0.903622,0.096378,0.838694,0.161306,0.754416,0.245584,0.655017,0.344983,0.547429,0.452571,0.439678,0.560322,0.339136,0.660864,0.251218,0.748782,0.178808,0.821192,0.122391,0.877609,0.080649,0.919351,0.05122,0.94878,1,0.005161,1,0.009601,1,0.01375,1,0.024352,1,0.031398,1,0.052857,1,0.063147,1,0.101344,1,0.114471,1,0.175909,1,0.190598,0,1.404116,0,1.36175,0,1.06426,0,1.043636,0,0.792811,0,0.786961,0,0.579244,0,0.582791,0,0.414207,0,0.423083,0,0.289307,0,0.300547,0,0.196998,0,0.208558,0,0.130554,0,0.141155,0,0.084087,0,0.093053,0,0.052578
2580,2025/26,27,Lechia Gdańsk,Korona Kielce,14.0,6.0,20.0,12.1072,11.5222,23.6294,0.010383,1,4625.8229,0.4,0.408,0.1731,0.3374,0.3171,0.0,0.0,0.0,0.0,2e-06,8e-06,2.7e-05,8.5e-05,0.000231,0.000561,0.001237,0.002489,0.004615,0.007938,0.012739,0.019173,0.027185,0.036453,0.046385,0.056185,0.064959,0.071865,0.076248,0.077744,0.076321,0.072261,0.066089,0.058473,0.050115,0.04166,0.033629,0.026389,0.020151,0.014987,0.010868,0.007689,0.005312,0.003587,0.002368,0.00153,0.000968,0.0006,0.000365,0.000218,0.000127,7.3e-05,9.1e-05,0.950895,0.049105,1,0.050352,0.92371,0.07629,1,0.079358,0.887257,0.112743,1,0.119621,0.840872,0.159128,1,0.173316,0.784687,0.215313,1,0.24247,0.719728,0.280272,0,1.271995,0.647863,0.352137,0,1.043736,0.571615,0.428385,0,0.847733,0.493871,0.506129,0,0.680963,0.41755,0.58245,0,0.540511,0.345289,0.654711,0,0.423562,0.279201,0.720799,0,0.327394,0.220728,0.779272,0,0.249395,0.170613,0.829387,0,0.187068,0.128953,0.871047,0,0.138059,0.095324,0.904676,0,0.100178,0.068935,0.931065,0,0.071426,0.048785,0.951215,0,0.050015,0.033797,0.966203,0,0.034382,1.1e-05,0.00012,0.000651,0.002383,0.006608,0.014804,0.027915,0.045562,0.065706,0.085042,0.100011,0.107938,0.107791,0.100289,0.087444,0.071812,0.05579,0.04116,0.028934,0.01944,0.012516,0.007741,0.00461,0.005702,1.9e-05,0.000193,0.001004,0.003516,0.009327,0.019994,0.036074,0.056338,0.077739,0.096274,0.108334,0.111875,0.1069,0.095168,0.079398,0.062391,0.046379,0.03274,0.022022,0.014157,0.008722,0.005162,0.002941,0.003327,0.990208,0.009792,0.975403,0.024597,0.947488,0.052512,0.901926,0.098074,0.83622,0.16378,0.751178,0.248822,0.651166,0.348834,0.543228,0.456772,0.435438,0.564562,0.335149,0.664851,0.247705,0.752295,0.175893,0.824107,0.120103,0.879897,0.078943,0.921057,0.050009,0.949991,0.985934,0.014066,0.96594,0.03406,0.929866,0.070134,0.873528,0.126472,0.795789,0.204211,0.699516,0.300484,0.591182,0.408818,0.479307,0.520693,0.372406,0.627594,0.277238,0.722762,0.19784,0.80216,0.135449,0.864551,0.08907,0.91093,0.05633,0.94367,0.034308,0.965692,1,0.00984,1,0.014166,1,0.024905,1,0.034654,1,0.053941,0,2.657348,1,0.103223,0,2.067734,1,0.178864,0,1.588602,1,0.286113,0,1.202361,1,0.428991,0,0.894485,1,0.610226,0,0.652595,1,0.831403,0,0.465862,1,1.09318,0,0.324675,0,0.284627,0,0.220447,0,0.193455,0,0.145545,0,0.12795,0,0.093289,0,0.082233,0,0.057979,0,0.051303,0,0.03491
2581,2025/26,27,Górnik Zabrze,Cracovia,10.0,11.0,21.0,12.6016,12.9035,25.505,0.010383,1,4625.8229,0.4,0.408,0.1731,0.3374,0.3171,0.0,0.0,0.0,0.0,0.0,2e-06,8e-06,2.6e-05,7.5e-05,0.000196,0.000461,0.000994,0.001972,0.003628,0.006231,0.010036,0.015228,0.021851,0.029754,0.038567,0.047715,0.056488,0.064135,0.069978,0.073512,0.074479,0.072892,0.069013,0.063294,0.056303,0.048634,0.040838,0.033369,0.026559,0.020608,0.015602,0.011535,0.008334,0.005888,0.004071,0.002757,0.001829,0.00119,0.000759,0.000475,0.000292,0.000421,0.97637,0.02363,1,0.023913,0.961142,0.038858,1,0.039633,0.939291,0.060709,1,0.062629,0.909537,0.090463,1,0.094819,0.870971,0.129029,1,0.138147,0.823256,0.176744,1,0.194488,0.766767,0.233233,0,1.455718,0.702632,0.297368,0,1.212784,0.632654,0.367346,0,1.001451,0.559142,0.440858,0,0.819033,0.484663,0.515337,0,0.662934,0.41177,0.58823,0,0.530638,0.342758,0.657242,0,0.419703,0.279464,0.720536,0,0.32776,0.223161,0.776839,0,0.252522,0.174527,0.825473,0,0.191798,0.133689,0.866311,0,0.143511,0.100319,0.899681,0,0.105715,0.073761,0.926239,0,0.076623,7e-06,8e-05,0.000451,0.00171,0.004914,0.011406,0.022283,0.037683,0.056305,0.075506,0.092004,0.102882,0.106451,0.102619,0.092706,0.078883,0.063497,0.048537,0.035352,0.024609,0.016417,0.010521,0.006491,0.00865,6e-06,6.3e-05,0.00036,0.001395,0.004092,0.009699,0.019349,0.033413,0.05098,0.06981,0.08686,0.099182,0.104791,0.103152,0.095157,0.082679,0.067958,0.053045,0.039452,0.028043,0.019103,0.0125,0.007875,0.01098,0.992801,0.007199,0.981395,0.018605,0.959112,0.040888,0.921429,0.078571,0.865124,0.134876,0.789618,0.210382,0.697614,0.302386,0.594732,0.405268,0.488281,0.511719,0.385663,0.614337,0.292957,0.707043,0.214073,0.785927,0.150577,0.849423,0.10204,0.89796,0.066688,0.933312,0.99403,0.00597,0.984331,0.015669,0.964981,0.035019,0.931568,0.068432,0.880587,0.119413,0.810777,0.189223,0.723918,0.276082,0.624736,0.375264,0.519945,0.480055,0.416793,0.583207,0.321636,0.678364,0.238957,0.761043,0.170998,0.829002,0.117954,0.882046,0.078502,0.921498,1,0.007225,1,0.005988,1,0.01878,1,0.015793,1,0.041747,1,0.035647,1,0.08183,1,0.070886,1,0.144882,1,0.127167,1,0.236206,1,0.209762,0,1.196051,1,0.323077,0,0.903207,0,0.980126,0,0.66998,0,0.733855,0,0.487212,0,0.539213,0,0.346664,0,0.388071,0,0.240891,0,0.273065,0,0.163198,0,0.187533,0,0.10763,0,0.125511,0,0.069016,0,0.081755
2582,2025/26,27,Radomiak Radom,Motor Lublin,15.0,14.0,29.0,13.097,14.7248,27.8218,0.010383,1,4625.8229,0.4,0.408,0.1731,0.3374,0.3171,0.0,0.0,0.0,0.0,0.0,0.0,2e-06,6e-06,1.8e-05,5.1e-05,0.00013,0.000301,0.000645,0.001281,0.002375,0.004128,0.006759,0.010467,0.015382,0.021518,0.028732,0.036711,0.044984,0.052974,0.060062,0.065679,0.069379,0.070898,0.070183,0.067386,0.062828,0.056946,0.050226,0.04315,0.036141,0.029537,0.023572,0.018384,0.014022,0.010467,0.00765,0.005479,0.003847,0.00265,0.001791,0.001189,0.002067,0.991062,0.008938,1,0.008978,0.984303,0.015697,1,0.015821,0.973836,0.026164,1,0.026513,0.958453,0.041547,1,0.042434,0.936936,0.063064,1,0.065141,0.908204,0.091796,1,0.096287,0.871493,0.128507,1,0.137547,0.826509,0.173491,1,0.190545,0.773535,0.226465,1,0.256785,0.713473,0.286527,1,0.337611,0.647793,0.352207,1,0.434183,0.578415,0.421585,1,0.547464,0.507517,0.492483,1,0.678225,0.437334,0.562666,1,0.827058,0.369948,0.630052,0,0.461952,0.307119,0.692881,0,0.366897,0.250173,0.749827,0,0.287913,0.199947,0.800053,0,0.223077,0.156797,0.843203,0,0.170547,5e-06,5.4e-05,0.000312,0.001224,0.003636,0.008733,0.017652,0.030885,0.047745,0.066242,0.083509,0.096614,0.103425,0.103152,0.096413,0.084877,0.070685,0.055902,0.042126,0.030339,0.02094,0.013883,0.008862,0.012715,1e-06,1.4e-05,9.2e-05,0.000401,0.001321,0.003514,0.007868,0.01525,0.026116,0.04014,0.056058,0.071847,0.085203,0.09414,0.097475,0.095062,0.087703,0.076837,0.064144,0.051178,0.03913,0.02874,0.020323,0.036998,0.9947,0.0053,0.985967,0.014033,0.968314,0.031686,0.93743,0.06257,0.889685,0.110315,0.823442,0.176558,0.739933,0.260067,0.643319,0.356681,0.539894,0.460106,0.436742,0.563258,0.340328,0.659672,0.255452,0.744548,0.184767,0.815233,0.128865,0.871135,0.086739,0.913261,0.997725,0.002275,0.994212,0.005788,0.986344,0.013656,0.971094,0.028906,0.944979,0.055021,0.904839,0.095161,0.848781,0.151219,0.776935,0.223065,0.691731,0.308269,0.597592,0.402408,0.500116,0.499884,0.405054,0.594946,0.317351,0.682649,0.240514,0.759486,0.17637,0.82363,1,0.005314,1,0.002278,1,0.014132,1,0.005805,1,0.032199,1,0.01375,1,0.064613,1,0.029332,1,0.116888,1,0.056593,1,0.194262,1,0.099998,1,0.301196,1,0.163954,1,0.441115,1,0.252399,1,0.616382,1,0.368558,1,0.828413,1,0.514847,1,1.077845,0,0.693379,0,0.294978,0,0.519285,0,0.204281,0,0.381774,0,0.137958,0,0.275113,0,0.090734,0,0.194034
2583,2025/26,27,Pogoń Szczecin,Legia Warszawa,9.0,11.0,20.0,12.1634,13.4983,25.6616,0.010383,1,4625.8229,0.4,0.408,0.1731,0.3374,0.3171,0.0,0.0,0.0,0.0,0.0,2e-06,7e-06,2.3e-05,6.8e-05,0.000179,0.000425,0.000919,0.001834,0.003393,0.005857,0.009483,0.014465,0.020867,0.028565,0.037223,0.0463,0.055106,0.062902,0.069001,0.072877,0.074234,0.073046,0.069533,0.064117,0.057345,0.049805,0.042049,0.034547,0.027647,0.02157,0.01642,0.012207,0.008868,0.0063,0.004381,0.002982,0.00199,0.001301,0.000835,0.000526,0.000325,0.000475,0.977809,0.022191,1,0.022441,0.963344,0.036656,1,0.037345,0.942477,0.057523,1,0.059244,0.913912,0.086088,1,0.090021,0.876688,0.123312,1,0.131604,0.830389,0.169611,0,1.774245,0.775282,0.224718,0,1.49291,0.71238,0.28762,0,1.246115,0.643379,0.356621,0,1.031081,0.570502,0.429498,0,0.845139,0.496268,0.503732,0,0.685711,0.423222,0.576778,0,0.550298,0.35369,0.64631,0,0.436476,0.289573,0.710427,0,0.341888,0.232227,0.767773,0,0.264261,0.182423,0.817577,0,0.20141,0.140373,0.859627,0,0.151257,0.105826,0.894174,0,0.111855,0.078179,0.921821,0,0.081405,1.1e-05,0.000115,0.000625,0.002295,0.006391,0.014376,0.02722,0.04461,0.064598,0.083952,0.099137,0.107436,0.107731,0.100646,0.088117,0.072663,0.056684,0.041992,0.029641,0.019996,0.012928,0.008029,0.004801,0.005989,3e-06,3.9e-05,0.000231,0.000931,0.002842,0.007008,0.014547,0.026135,0.041488,0.059109,0.076518,0.090906,0.09993,0.102344,0.098229,0.088799,0.075939,0.061671,0.047722,0.035293,0.025013,0.01703,0.011163,0.016995,0.990544,0.009456,0.976168,0.023832,0.948948,0.051052,0.904338,0.095662,0.83974,0.16026,0.755788,0.244212,0.656651,0.343349,0.549215,0.450785,0.441485,0.558515,0.340839,0.659161,0.252722,0.747278,0.180059,0.819941,0.123375,0.876625,0.081383,0.918617,0.051742,0.948258,0.995839,0.004161,0.988831,0.011169,0.974284,0.025716,0.948149,0.051851,0.90666,0.09334,0.847552,0.152448,0.771033,0.228967,0.680127,0.319873,0.580198,0.419802,0.477853,0.522147,0.379625,0.620375,0.290826,0.709174,0.214887,0.785113,0.153216,0.846784,0.105494,0.894506,1,0.009501,1,0.00417,1,0.024121,1,0.011232,1,0.052401,1,0.026052,1,0.100552,1,0.053244,1,0.174663,1,0.097988,0,1.409719,1,0.165403,0,1.069008,1,0.260024,0,0.796765,0,1.139831,0,0.582474,0,0.867972,0,0.416787,0,0.649806,0,0.291318,0,0.477431,0,0.198523,0,0.343654,0,0.131676,0,0.241928,0,0.084886,0,0.16631,0,0.053129,0,0.111484
2584,2025/26,27,GKS Katowice,Wisła Płock,9.0,9.0,18.0,12.6386,10.5723,23.2109,0.010383,1,4625.8229,0.4,0.408,0.1731,0.3374,0.3171,0.0,0.0,0.0,0.0,2e-06,1e-05,3.6e-05,0.00011,0.000296,0.000709,0.001536,0.00304,0.005546,0.009384,0.014817,0.021943,0.030613,0.040391,0.050575,0.060281,0.068584,0.074669,0.077966,0.078235,0.075588,0.070437,0.063405,0.055216,0.046581,0.038116,0.030286,0.023395,0.017586,0.012877,0.009192,0.006403,0.004355,0.002895,0.001882,0.001198,0.000746,0.000456,0.000273,0.00016,9.2e-05,5.2e-05,6.3e-05,0.942569,0.057431,1,0.059146,0.911956,0.088044,1,0.092163,0.871565,0.128435,1,0.137464,0.820991,0.179009,0,1.720317,0.76071,0.23929,0,1.430077,0.692125,0.307875,0,1.178063,0.617457,0.382543,0,0.960913,0.539491,0.460509,0,0.775423,0.461256,0.538744,0,0.618514,0.385667,0.614333,0,0.487219,0.31523,0.68477,0,0.378673,0.251825,0.748175,0,0.290118,0.196609,0.803391,0,0.218913,0.150027,0.849973,0,0.162551,0.111912,0.888088,0,0.118684,0.081625,0.918375,0,0.08515,0.05823,0.94177,0,0.059994,0.040644,0.959356,0,0.041493,0.027767,0.972233,0,0.02816,7e-06,7.8e-05,0.000439,0.001668,0.004805,0.011183,0.021904,0.037138,0.055635,0.074801,0.091381,0.102451,0.10628,0.10272,0.093038,0.079371,0.064055,0.049091,0.035849,0.02502,0.016734,0.010752,0.006651,0.008912,4.4e-05,0.000419,0.002017,0.006539,0.01606,0.031869,0.053228,0.076953,0.098297,0.11269,0.117387,0.112219,0.099263,0.081804,0.063179,0.045958,0.031625,0.020667,0.012869,0.007658,0.004367,0.002393,0.001262,0.00123,0.992964,0.007036,0.981782,0.018218,0.959878,0.040122,0.92274,0.07726,0.867105,0.132895,0.792304,0.207696,0.700923,0.299077,0.598472,0.401528,0.492193,0.507807,0.389473,0.610527,0.296434,0.703566,0.217063,0.782937,0.153008,0.846992,0.103917,0.896083,0.068068,0.931932,0.974919,0.025081,0.943049,0.056951,0.889821,0.110179,0.812869,0.187131,0.714572,0.285428,0.601881,0.398119,0.484494,0.515506,0.372276,0.627724,0.273012,0.726988,0.191208,0.808792,0.128029,0.871971,0.082071,0.917929,0.050446,0.949554,0.029779,0.970221,0.016911,0.983089,1,0.007061,1,0.025401,1,0.018386,1,0.058637,1,0.040949,1,0.116735,1,0.080408,1,0.207185,1,0.142595,1,0.336072,0,1.57168,0,0.921004,0,1.207054,0,0.662606,0,0.912478,0,0.465655,0,0.677654,0,0.318845,0,0.493433,0,0.212214,0,0.351594,0,0.136999,0,0.244703,0,0.085635,0,0.166064,0,0.051763,0,0.109722,0,0.030231,0,0.070495,0,0.017056
2585,2025/26,27,Raków Częstochowa,Widzew Łódź,10.0,20.0,30.0,11.4583,14.4806,25.939,0.010383,1,4625.8229,0.4,0.408,0.1731,0.3374,0.3171,0.0,0.0,0.0,0.0,0.0,1e-06,6e-06,2e-05,5.8e-05,0.000154,0.000368,0.000803,0.001615,0.003015,0.005252,0.00858,0.013206,0.019223,0.026555,0.034921,0.043836,0.052657,0.060666,0.067169,0.071608,0.07363,0.073137,0.070282,0.065428,0.05908,0.051806,0.044163,0.036637,0.029606,0.023325,0.017932,0.013463,0.009878,0.007088,0.004978,0.003423,0.002307,0.001524,0.000988,0.000628,0.000393,0.000588,0.980128,0.019872,1,0.020072,0.966922,0.033078,1,0.033638,0.947699,0.052301,1,0.053719,0.921143,0.078857,1,0.08214,0.886222,0.113778,1,0.120788,0.842386,0.157614,1,0.171517,0.789728,0.210272,1,0.236066,0.729063,0.270937,1,0.315996,0.661893,0.338107,1,0.412651,0.590285,0.409715,1,0.527149,0.516656,0.483344,1,0.660379,0.443518,0.556482,1,0.813016,0.373236,0.626764,1,0.985544,0.307808,0.692192,1,1.17828,0.248728,0.751272,1,1.391397,0.196921,0.803079,0,0.219302,0.152758,0.847242,0,0.165769,0.11612,0.88388,0,0.123434,0.086514,0.913486,0,0.090488,2e-05,0.000203,0.001053,0.003667,0.009681,0.020649,0.037071,0.057609,0.079099,0.097472,0.109139,0.112148,0.10663,0.094457,0.078414,0.061312,0.045351,0.031856,0.021321,0.013639,0.008361,0.004923,0.002791,0.003126,1e-06,1.7e-05,0.000111,0.000475,0.00154,0.004039,0.008915,0.01703,0.028743,0.043542,0.059932,0.075705,0.088485,0.096356,0.098332,0.094515,0.085941,0.074208,0.061056,0.048011,0.03618,0.026191,0.018253,0.032076,0.985369,0.014631,0.96472,0.03528,0.927649,0.072351,0.87004,0.12996,0.790942,0.209058,0.693469,0.306531,0.58433,0.41567,0.472182,0.527818,0.365552,0.634448,0.271095,0.728905,0.192681,0.807319,0.131369,0.868631,0.086018,0.913982,0.054162,0.945838,0.03284,0.96716,0.997509,0.002491,0.99347,0.00653,0.984556,0.015444,0.967526,0.032474,0.938782,0.061218,0.895241,0.104759,0.835308,0.164692,0.759603,0.240397,0.671118,0.328882,0.574763,0.425237,0.476431,0.523569,0.381916,0.618084,0.295976,0.704024,0.221768,0.778232,0.160711,0.839289,1,0.014739,1,0.002494,1,0.035917,1,0.006551,1,0.075102,1,0.015565,1,0.139216,1,0.033013,1,0.234531,1,0.063172,1,0.366049,1,0.110662,0,0.877864,1,0.179955,0,0.639004,1,0.274959,0,0.455,1,0.39881,0,0.316212,1,0.553797,0,0.214036,1,0.741432,0,0.140837,1,0.962555,0,0.089944,1,1.217477,0,0.055684,1,1.506123,0,0.033391,1,1.828148
2586,2025/26,27,Jagiellonia Białystok,Lech Poznań,15.0,12.0,27.0,13.0771,14.0381,27.1152,0.010383,1,4625.8229,0.4,0.408,0.1731,0.3374,0.3171,0.0,0.0,0.0,0.0,0.0,1e-06,3e-06,9e-06,2.8e-05,7.7e-05,0.000192,0.000436,0.000913,0.001773,0.003214,0.005462,0.008746,0.013243,0.01903,0.02603,0.033986,0.04246,0.050874,0.058579,0.064941,0.069436,0.071716,0.071656,0.069355,0.065109,0.059353,0.052597,0.045357,0.038098,0.031198,0.024928,0.01945,0.014831,0.011059,0.00807,0.005767,0.004038,0.002772,0.001866,0.001233,0.0008,0.001314,0.987892,0.012108,1,0.012182,0.979147,0.020853,1,0.021074,0.965904,0.034096,1,0.034691,0.946874,0.053126,1,0.05459,0.920844,0.079156,1,0.082465,0.886858,0.113142,1,0.12007,0.844398,0.155602,1,0.169131,0.793524,0.206476,1,0.231271,0.734946,0.265054,1,0.307959,0.670005,0.329995,1,0.400471,0.600569,0.399431,1,0.509878,0.528853,0.471147,1,0.637045,0.457197,0.542803,0,0.611009,0.387842,0.612158,0,0.490765,0.322733,0.677267,0,0.38969,0.26338,0.73662,0,0.305683,0.210783,0.789217,0,0.236714,0.165426,0.834574,0,0.180833,0.127327,0.872673,0,0.136195,5e-06,5.4e-05,0.000317,0.00124,0.003681,0.008828,0.01782,0.031138,0.048071,0.066606,0.083855,0.096885,0.103576,0.103164,0.096296,0.084659,0.07041,0.05561,0.04185,0.0301,0.020747,0.013737,0.008757,0.012528,2e-06,2.5e-05,0.000154,0.000644,0.002033,0.005188,0.011144,0.020721,0.034042,0.050192,0.067244,0.082675,0.094054,0.099689,0.09902,0.092638,0.081987,0.068907,0.055182,0.042235,0.030978,0.021827,0.014806,0.024398,0.994635,0.005365,0.985807,0.014193,0.967986,0.032014,0.936848,0.063152,0.888777,0.111223,0.822172,0.177828,0.738317,0.261683,0.641432,0.358568,0.537857,0.462143,0.434692,0.565308,0.338397,0.661603,0.253737,0.746263,0.183327,0.816673,0.127718,0.872282,0.085868,0.914132,0.996928,0.003072,0.99174,0.00826,0.980596,0.019404,0.959875,0.040125,0.925833,0.074167,0.875641,0.124359,0.808397,0.191603,0.725722,0.274278,0.631667,0.368333,0.531978,0.468022,0.432958,0.567042,0.34032,0.65968,0.258333,0.741667,0.189426,0.810574,0.134244,0.865756,1,0.005379,1,0.003077,1,0.014295,1,0.008294,1,0.032538,1,0.019595,1,0.065234,1,0.040952,1,0.117909,1,0.077061,1,0.195806,1,0.132799,1,0.303382,1,0.212702,1,0.444052,1,0.320588,1,0.620163,0,0.998768,1,0.833118,0,0.75924,1,1.083536,0,0.567322,0,0.292677,0,0.416,0,0.202517,0,0.298855,0,0.136643,0,0.210013,0,0.08978,0,0.144152
2587,2025/26,28,Wisła Płock,Lechia Gdańsk,10.0,9.0,19.0,10.0312,11.1099,21.1411,0.010011,1,4670.6967,0.3816,0.3893,0.1739,0.3423,0.3182,0.0,0.0,0.0,2e-06,1.1e-05,4.2e-05,0.000137,0.000385,0.000953,0.002105,0.004205,0.007674,0.012898,0.020105,0.029238,0.039874,0.051218,0.062209,0.071691,0.078633,0.082312,0.082436,0.079167,0.073052,0.064892,0.055588,0.045991,0.036805,0.028528,0.021444,0.015651,0.011102,0.007663,0.005151,0.003375,0.002158,0.001347,0.000821,0.00049,0.000286,0.000163,9.1e-05,5e-05,2.7e-05,1.4e-05,7e-06,7e-06,0.88237,0.11763,1,0.125144,0.831152,0.168848,1,0.184943,0.768943,0.231057,1,0.262738,0.697252,0.302748,1,0.360608,0.618619,0.381381,0,0.963956,0.536307,0.463693,0,0.768532,0.453871,0.546129,0,0.6049,0.374704,0.625296,0,0.46953,0.301652,0.698348,0,0.359038,0.23676,0.76324,0,0.270183,0.181172,0.818828,0,0.199882,0.135182,0.864818,0,0.145236,0.098377,0.901623,0,0.103559,0.069849,0.930151,0,0.072408,0.048405,0.951595,0,0.049616,0.032754,0.967246,0,0.033303,0.021652,0.978348,0,0.02189,0.013989,0.986011,0,0.014088,0.008838,0.991162,0,0.008877,7.1e-05,0.000643,0.002961,0.009179,0.021546,0.040856,0.065179,0.089977,0.109712,0.120022,0.119267,0.108732,0.091694,0.072021,0.052998,0.036722,0.024064,0.01497,0.008872,0.005023,0.002725,0.00142,0.000712,0.000632,2.7e-05,0.000266,0.001343,0.004566,0.011754,0.024445,0.042772,0.064759,0.086603,0.103911,0.11325,0.113237,0.104734,0.090224,0.072818,0.055338,0.039771,0.027137,0.017638,0.010954,0.006517,0.003724,0.002048,0.00216,0.965599,0.034401,0.924743,0.075257,0.859564,0.140436,0.769587,0.230413,0.659875,0.340125,0.539853,0.460147,0.420586,0.579414,0.311853,0.688147,0.220159,0.779841,0.148138,0.851862,0.09514,0.90486,0.058418,0.941582,0.034354,0.965646,0.019384,0.980616,0.010512,0.989488,0.982041,0.017959,0.957596,0.042404,0.914824,0.085176,0.850065,0.149935,0.763462,0.236538,0.659551,0.340449,0.546301,0.453699,0.433064,0.566936,0.328329,0.671671,0.238105,0.761895,0.165287,0.834713,0.109949,0.890051,0.070178,0.929822,0.043041,0.956959,0.025403,0.974597,1,0.035007,1,0.018122,1,0.078239,1,0.043329,1,0.15133,1,0.089024,1,0.261901,1,0.162442,1,0.415705,1,0.269892,1,0.616458,0,1.07749,0,0.545738,0,0.790321,0,0.373753,0,0.567509,0,0.248665,0,0.397987,0,0.160331,0,0.271947,0,0.099975,0,0.180667,0,0.060194,0,0.116477,0,0.034958,0,0.072762,0,0.019574,0,0.043995,0,0.010568,0,0.025731
2588,2025/26,28,Legia Warszawa,Górnik Zabrze,14.0,10.0,24.0,13.6466,11.0692,24.7158,0.010011,1,4670.6967,0.3816,0.3893,0.1739,0.3423,0.3182,0.0,0.0,0.0,0.0,1e-06,3e-06,1.3e-05,4.2e-05,0.000119,0.000302,0.000694,0.001457,0.002816,0.005047,0.008441,0.013239,0.019557,0.027319,0.03621,0.04568,0.055,0.063359,0.069991,0.074293,0.075918,0.074813,0.071209,0.06556,0.058465,0.050564,0.04246,0.034657,0.027525,0.02129,0.016053,0.01181,0.008483,0.005954,0.004087,0.002745,0.001805,0.001163,0.000735,0.000455,0.000277,0.000165,0.000222,0.967826,0.032174,1,0.032703,0.948269,0.051731,1,0.053117,0.92095,0.07905,1,0.08235,0.88474,0.11526,1,0.122461,0.83906,0.16094,1,0.175474,0.784059,0.215941,1,0.243271,0.7207,0.2793,1,0.327532,0.650709,0.349291,1,0.429693,0.576416,0.423584,1,0.550926,0.500497,0.499503,0,0.694142,0.425684,0.574316,0,0.554575,0.354475,0.645525,0,0.437692,0.288915,0.711085,0,0.340963,0.23045,0.76955,0,0.261949,0.179886,0.820114,0,0.198312,0.137427,0.862573,0,0.147835,0.102769,0.897231,0,0.108442,0.075245,0.924755,0,0.078226,0.053954,0.946046,0,0.055465,3e-06,3.3e-05,0.000203,0.000827,0.002558,0.006389,0.013425,0.024409,0.039201,0.056483,0.073926,0.088767,0.098594,0.101997,0.098856,0.090217,0.077864,0.0638,0.049798,0.037139,0.026536,0.018209,0.012027,0.018607,2.8e-05,0.000275,0.001384,0.004689,0.012033,0.024941,0.043497,0.06564,0.087492,0.104631,0.113658,0.113271,0.10442,0.089657,0.072121,0.054627,0.039131,0.026612,0.01724,0.010671,0.006328,0.003604,0.001976,0.00207,0.996244,0.003756,0.989855,0.010145,0.97643,0.02357,0.95202,0.04798,0.91282,0.08718,0.856336,0.143664,0.78241,0.21759,0.693643,0.306357,0.595049,0.404951,0.493052,0.506948,0.394196,0.605804,0.30398,0.69602,0.226116,0.773884,0.162315,0.837685,0.112517,0.887483,0.981588,0.018412,0.956646,0.043354,0.91315,0.08685,0.84751,0.15249,0.760018,0.239982,0.655387,0.344613,0.541729,0.458271,0.428458,0.571542,0.324038,0.675962,0.234381,0.765619,0.16226,0.83774,0.107633,0.892367,0.068501,0.931499,0.041889,0.958111,0.024649,0.975351,1,0.003763,1,0.018584,1,0.010197,1,0.044322,1,0.023852,1,0.090855,1,0.049169,1,0.165453,1,0.091217,1,0.274413,1,0.155092,1,0.422529,1,0.245376,0,0.780295,1,0.365798,0,0.559417,1,0.519112,0,0.391618,1,0.707141,0,0.267071,0,0.501199,0,0.177047,0,0.362377,0,0.113878,0,0.256333,0,0.07096,0,0.177113,0,0.042792,0,0.119366,0,0.024958
2589,2025/26,28,Motor Lublin,Raków Częstochowa,13.0,7.0,20.0,13.5179,12.3876,25.9055,0.010011,1,4670.6967,0.3816,0.3893,0.1739,0.3423,0.3182,0.0,0.0,0.0,0.0,0.0,1e-06,6e-06,1.9e-05,5.8e-05,0.000152,0.000365,0.0008,0.001612,0.003014,0.005258,0.0086,0.013251,0.019305,0.026685,0.035107,0.04408,0.052951,0.060994,0.067508,0.071928,0.073903,0.073338,0.070395,0.065445,0.059005,0.051652,0.043948,0.036382,0.029333,0.023054,0.017676,0.013233,0.00968,0.006924,0.004846,0.003321,0.00223,0.001467,0.000947,0.0006,0.000373,0.000552,0.980114,0.019886,1,0.020086,0.966863,0.033137,1,0.033699,0.947558,0.052442,1,0.053867,0.920873,0.079127,1,0.082433,0.885766,0.114234,1,0.121303,0.841686,0.158314,0,1.843177,0.788735,0.211265,0,1.554642,0.727741,0.272259,0,1.301003,0.660234,0.339766,0,1.079497,0.588306,0.411694,0,0.887474,0.514403,0.485597,0,0.722376,0.441065,0.558935,0,0.581722,0.37067,0.62933,0,0.4631,0.305225,0.694775,0,0.364168,0.24622,0.75378,0,0.282655,0.194568,0.805432,0,0.216377,0.150621,0.849379,0,0.163249,0.114238,0.885762,0,0.121307,0.084905,0.915095,0,0.088728,3e-06,3.7e-05,0.000223,0.000904,0.002771,0.006863,0.014301,0.025787,0.041069,0.058684,0.076168,0.0907,0.099904,0.102493,0.098512,0.089156,0.076309,0.062007,0.047997,0.035498,0.025153,0.017116,0.011211,0.01702,8e-06,9.3e-05,0.00052,0.001949,0.005532,0.012683,0.024462,0.040826,0.060184,0.0796,0.09563,0.105403,0.107463,0.102047,0.090787,0.076052,0.060252,0.045317,0.032468,0.022227,0.014578,0.009182,0.005567,0.007141,0.995948,0.004052,0.989085,0.010915,0.974784,0.025216,0.948997,0.051003,0.907928,0.092072,0.849244,0.150756,0.773075,0.226925,0.682376,0.317624,0.582472,0.417528,0.479978,0.520022,0.381466,0.618534,0.29231,0.70769,0.216001,0.783999,0.153994,0.846006,0.105997,0.894003,0.99187,0.00813,0.979187,0.020813,0.954725,0.045275,0.913899,0.086101,0.853715,0.146285,0.774115,0.225885,0.678485,0.321515,0.573081,0.426919,0.465618,0.534382,0.36357,0.63643,0.272783,0.727217,0.196731,0.803269,0.13648,0.86352,0.091163,0.908837,0.058695,0.941305,1,0.00406,1,0.008163,1,0.010975,1,0.021033,1,0.025539,1,0.046332,1,0.05235,0,2.452234,1,0.09659,0,1.922199,1,0.163409,0,1.487729,1,0.257379,0,1.134711,1,0.382174,0,0.851161,1,0.540474,0,0.626644,0,0.653884,0,0.451881,0,0.480403,0,0.31853,0,0.345749,0,0.219066,0,0.243348,0,0.146738,0,0.167229,0,0.09559,0,0.112046,0,0.060488
2590,2025/26,28,Zagłębie Lubin,Radomiak Radom,24.0,14.0,38.0,13.198,12.7699,25.9678,0.010011,1,4670.6967,0.3816,0.3893,0.1739,0.3423,0.3182,0.0,0.0,0.0,0.0,0.0,1e-06,6e-06,1.9e-05,5.5e-05,0.000147,0.000353,0.000774,0.001564,0.002931,0.005124,0.0084,0.01297,0.018937,0.026235,0.03459,0.043525,0.052398,0.060487,0.067091,0.071637,0.073762,0.073355,0.070561,0.065739,0.059395,0.052103,0.044425,0.036855,0.029776,0.02345,0.018018,0.013517,0.009908,0.007102,0.004981,0.00342,0.002301,0.001517,0.000981,0.000623,0.000388,0.000577,0.980627,0.019373,1,0.019564,0.967656,0.032344,1,0.032878,0.948719,0.051281,1,0.052643,0.922484,0.077516,1,0.080685,0.887894,0.112106,1,0.118903,0.84437,0.15563,1,0.169165,0.791972,0.208028,1,0.23323,0.731485,0.268515,1,0.312678,0.664394,0.335606,1,0.40888,0.592757,0.407243,1,0.522971,0.518995,0.481005,1,0.655862,0.44564,0.55436,1,0.808244,0.375079,0.624921,1,0.980618,0.30934,0.69066,1,1.173313,0.249945,0.750055,1,1.386515,0.197842,0.802158,1,1.620287,0.153417,0.846583,1,1.874597,0.116562,0.883438,1,2.149331,0.086786,0.913214,1,2.444311,4e-06,4.8e-05,0.000284,0.001125,0.003377,0.008188,0.016706,0.029493,0.04599,0.064342,0.081766,0.09533,0.10281,0.10327,0.097184,0.086115,0.072166,0.057414,0.043513,0.031509,0.021859,0.014564,0.00934,0.013525,6e-06,6.8e-05,0.000391,0.001505,0.004389,0.010336,0.020482,0.035119,0.053188,0.072272,0.089202,0.101009,0.1058,0.103218,0.094341,0.081192,0.066083,0.051063,0.037586,0.026435,0.017812,0.011526,0.007179,0.009754,0.995086,0.004914,0.986897,0.013103,0.970191,0.029809,0.940698,0.059302,0.894708,0.105292,0.830366,0.169634,0.748599,0.251401,0.653269,0.346731,0.550459,0.449541,0.447189,0.552811,0.350006,0.649994,0.263891,0.736109,0.191725,0.808275,0.13431,0.86569,0.090798,0.909202,0.993596,0.006404,0.98326,0.01674,0.962778,0.037222,0.927659,0.072341,0.874471,0.125529,0.802199,0.197801,0.712997,0.287003,0.611989,0.388011,0.506188,0.493812,0.402971,0.597029,0.30863,0.69137,0.227438,0.772562,0.161355,0.838645,0.110292,0.889708,0.072705,0.927295,1,0.004926,1,0.006425,1,0.01319,1,0.016882,1,0.030262,1,0.037932,1,0.061133,1,0.075091,1,0.111258,1,0.134136,1,0.185889,1,0.220399,1,0.289552,1,0.338278,1,0.425766,1,0.491041,1,0.597003,1,0.680847,1,0.804774,1,0.908891,1,1.049805,0,0.36908,1,1.332219,0,0.258043,1,1.651693,0,0.175968,1,2.007605,0,0.116862,1,2.399118,0,0.075484
2591,2025/26,28,Korona Kielce,Jagiellonia Białystok,9.0,11.0,20.0,12.683,12.6134,25.2963,0.010011,1,4670.6967,0.3816,0.3893,0.1739,0.3423,0.3182,0.0,0.0,0.0,0.0,0.0,2e-06,9e-06,2.9e-05,8.3e-05,0.000216,0.000507,0.001087,0.002146,0.003929,0.006712,0.010751,0.01622,0.023139,0.03132,0.040347,0.049604,0.058346,0.065807,0.071317,0.074403,0.074851,0.072729,0.068353,0.06222,0.054926,0.047076,0.039218,0.031788,0.025093,0.019308,0.014495,0.010624,0.007609,0.005329,0.003651,0.00245,0.00161,0.001037,0.000656,0.000407,0.000248,0.000349,0.974527,0.025473,1,0.025803,0.958307,0.041693,1,0.042587,0.935168,0.064832,1,0.067029,0.903849,0.096151,1,0.101093,0.863502,0.136498,1,0.146759,0.813898,0.186102,0,1.681461,0.755552,0.244448,0,1.408754,0.689745,0.310255,0,1.170361,0.618428,0.381572,0,0.963455,0.544025,0.455975,0,0.785318,0.469174,0.530826,0,0.633322,0.396445,0.603555,0,0.504918,0.328092,0.671908,0,0.397634,0.265872,0.734128,0,0.309072,0.210946,0.789054,0,0.236921,0.16387,0.83613,0,0.178971,0.124652,0.875348,0,0.133134,0.092865,0.907135,0,0.097464,0.067772,0.932228,0,0.070178,7e-06,7.3e-05,0.000417,0.001597,0.004627,0.010832,0.021334,0.036359,0.054732,0.073921,0.090687,0.10207,0.106267,0.103047,0.093616,0.080081,0.064786,0.049758,0.036405,0.025449,0.017044,0.010963,0.006787,0.009102,7e-06,7.8e-05,0.00044,0.001674,0.004827,0.011244,0.022038,0.037376,0.055989,0.07525,0.091868,0.102895,0.106604,0.10287,0.093,0.079167,0.063734,0.048712,0.035465,0.024672,0.016443,0.010525,0.006484,0.008605,0.99324,0.00676,0.982408,0.017592,0.961075,0.038925,0.924716,0.075284,0.869984,0.130016,0.796062,0.203938,0.705375,0.294625,0.603305,0.396695,0.497038,0.502962,0.393991,0.606009,0.300375,0.699625,0.220294,0.779706,0.155508,0.844492,0.10575,0.89425,0.069345,0.930655,0.99294,0.00706,0.981696,0.018304,0.959658,0.040342,0.922282,0.077718,0.866293,0.133707,0.791043,0.208957,0.699175,0.300825,0.59628,0.40372,0.489676,0.510324,0.386806,0.613194,0.293806,0.706194,0.21464,0.78536,0.150906,0.849094,0.102194,0.897806,0.066728,0.933272,1,0.006783,1,0.007085,1,0.017749,1,0.018474,1,0.039703,1,0.041178,1,0.078269,1,0.080904,1,0.13928,1,0.143532,0,1.589939,1,0.234403,0,1.222052,1,0.357854,0,0.924588,0,0.907034,0,0.687241,0,0.672709,0,0.50086,0,0.489074,0,0.357211,0,0.347865,0,0.248838,0,0.241613,0,0.16902,0,0.163585,0,0.11177,0,0.107801,0,0.071867,0,0.069059
2592,2025/26,28,Cracovia,Arka Gdynia,20.0,10.0,30.0,12.5806,13.0594,25.64,0.010011,1,4670.6967,0.3816,0.3893,0.1739,0.3423,0.3182,0.0,0.0,0.0,0.0,0.0,2e-06,7e-06,2.3e-05,6.8e-05,0.000178,0.000422,0.000914,0.001827,0.003385,0.005852,0.009486,0.014483,0.020909,0.028642,0.037342,0.046461,0.055307,0.063131,0.069241,0.073106,0.074431,0.073193,0.069617,0.064134,0.057297,0.0497,0.041902,0.034373,0.027461,0.021385,0.016247,0.012052,0.008736,0.006192,0.004294,0.002916,0.001939,0.001265,0.000809,0.000508,0.000313,0.000453,0.977838,0.022162,1,0.022411,0.963355,0.036645,1,0.037333,0.942446,0.057554,1,0.059277,0.913804,0.086196,1,0.09014,0.876462,0.123538,1,0.131862,0.830001,0.169999,1,0.186329,0.774694,0.225306,1,0.255288,0.711563,0.288437,1,0.340292,0.642322,0.357678,1,0.442666,0.569216,0.430784,1,0.563495,0.494785,0.505215,1,0.703632,0.421592,0.578408,1,0.863717,0.351975,0.648025,1,1.044194,0.287841,0.712159,1,1.245346,0.230544,0.769456,1,1.467313,0.180844,0.819156,0,0.19948,0.138941,0.861059,0,0.149593,0.104568,0.895432,0,0.110449,0.077108,0.922892,0,0.080243,7e-06,8e-05,0.00045,0.001711,0.004924,0.011443,0.022376,0.037863,0.056587,0.075879,0.092421,0.103276,0.106751,0.102774,0.092698,0.078728,0.063234,0.048218,0.035025,0.024309,0.016164,0.010322,0.006345,0.008379,5e-06,5.4e-05,0.000315,0.001236,0.003677,0.008834,0.017855,0.031229,0.048244,0.066869,0.084188,0.097243,0.103898,0.103394,0.096397,0.084624,0.070258,0.055377,0.041579,0.029829,0.020502,0.013533,0.008598,0.012197,0.992794,0.007206,0.98135,0.01865,0.958974,0.041026,0.921111,0.078889,0.864524,0.135476,0.788645,0.211355,0.696224,0.303776,0.592948,0.407052,0.486197,0.513803,0.383423,0.616577,0.290724,0.709276,0.211996,0.788004,0.148762,0.851238,0.100543,0.899457,0.065518,0.934482,0.994649,0.005351,0.985815,0.014185,0.96796,0.03204,0.936731,0.063269,0.888486,0.111514,0.821617,0.178383,0.737429,0.262571,0.640186,0.359814,0.536288,0.463712,0.432895,0.567105,0.336498,0.663502,0.251874,0.748126,0.181616,0.818384,0.126238,0.873762,0.084659,0.915341,1,0.007232,1,0.005365,1,0.018826,1,0.014287,1,0.041891,1,0.032565,1,0.082175,1,0.065359,1,0.145576,1,0.118236,1,0.237439,1,0.196481,1,0.362084,0,1.337234,1,0.522649,0,1.022168,1,0.721141,0,0.768492,1,0.958616,0,0.567211,1,1.235381,0,0.410223,1,1.551188,0,0.290184,1,1.905408,0,0.200424,1,2.29717,0,0.134947,1,2.72543,0,0.088459
2593,2025/26,28,Lech Poznań,GKS Katowice,10.0,8.0,18.0,12.3599,13.8055,26.1654,0.010011,1,4670.6967,0.3816,0.3893,0.1739,0.3423,0.3182,0.0,0.0,0.0,0.0,0.0,1e-06,5e-06,1.6e-05,4.9e-05,0.000131,0.000317,0.000701,0.001425,0.002687,0.004729,0.007804,0.01213,0.017827,0.02486,0.032995,0.041794,0.050649,0.058858,0.06572,0.070643,0.073226,0.07331,0.070992,0.066586,0.060567,0.05349,0.045916,0.038349,0.031194,0.024734,0.019134,0.014452,0.010666,0.007698,0.005436,0.003758,0.002546,0.00169,0.001101,0.000704,0.000441,0.000667,0.982134,0.017866,1,0.018027,0.970004,0.029996,1,0.030455,0.952177,0.047823,1,0.049004,0.927317,0.072683,0,2.62165,0.894322,0.105678,0,2.24736,0.852528,0.147472,0,1.91412,0.801879,0.198121,0,1.618879,0.743022,0.256978,0,1.358763,0.677301,0.322699,0,1.131036,0.606658,0.393342,0,0.933075,0.533432,0.466568,0,0.762351,0.460121,0.539879,0,0.616411,0.389129,0.610871,0,0.49287,0.322543,0.677457,0,0.389409,0.261976,0.738024,0,0.303779,0.208487,0.791513,0,0.233809,0.162571,0.837429,0,0.177419,0.124221,0.875779,0,0.132642,0.093027,0.906973,0,0.097643,9e-06,9.6e-05,0.000531,0.001986,0.005625,0.01287,0.024774,0.041266,0.060711,0.080137,0.096084,0.105692,0.107543,0.10192,0.090493,0.075655,0.059818,0.044901,0.032106,0.021935,0.014358,0.009026,0.005461,0.006977,2e-06,2.9e-05,0.00018,0.000742,0.002317,0.005846,0.01241,0.022794,0.036981,0.053831,0.071175,0.086338,0.096877,0.101246,0.099132,0.091394,0.079687,0.065962,0.052013,0.039187,0.028286,0.019608,0.013083,0.020719,0.991728,0.008272,0.978857,0.021143,0.954083,0.045917,0.912817,0.087183,0.852107,0.147893,0.77197,0.22803,0.675887,0.324113,0.570194,0.429806,0.462651,0.537349,0.360731,0.639269,0.270237,0.729763,0.194582,0.805418,0.134764,0.865236,0.089863,0.910137,0.057756,0.942244,0.996571,0.003429,0.990725,0.009275,0.978315,0.021685,0.955521,0.044479,0.918539,0.081461,0.864708,0.135292,0.793533,0.206467,0.707195,0.292805,0.610318,0.389682,0.509072,0.490928,0.40994,0.59006,0.318546,0.681454,0.238858,0.761142,0.172896,0.827104,0.120883,0.879117,1,0.008306,1,0.003435,1,0.02137,1,0.009318,1,0.047005,1,0.021924,1,0.09122,1,0.045499,1,0.160043,0,2.507631,1,0.25881,0,2.00032,0,1.126663,0,1.577615,0,0.844421,0,1.228248,0,0.621107,0,0.942424,0,0.44743,0,0.711458,0,0.315035,0,0.527531,0,0.216394,0,0.383527,0,0.144753,0,0.272935,0,0.09416,0,0.189825,0,0.059491,0,0.128837
2594,2025/26,28,Piast Gliwice,Pogoń Szczecin,13.0,14.0,27.0,10.5347,11.6284,22.1631,0.010011,1,4670.6967,0.3816,0.3893,0.1739,0.3423,0.3182,0.0,0.0,0.0,1e-06,5e-06,2.1e-05,7e-05,0.000206,0.000533,0.001228,0.002561,0.004876,0.008552,0.013911,0.021111,0.030042,0.040269,0.051038,0.061377,0.070249,0.076735,0.080194,0.080364,0.077383,0.07173,0.064118,0.055356,0.046227,0.03739,0.029328,0.022336,0.016534,0.011908,0.008353,0.005711,0.00381,0.002482,0.001579,0.000983,0.000598,0.000357,0.000208,0.000119,6.7e-05,3.7e-05,2e-05,2.2e-05,0.916882,0.083118,1,0.086777,0.876613,0.123387,1,0.131689,0.825575,0.174425,1,0.191675,0.764199,0.235801,1,0.268928,0.69395,0.30605,1,0.365356,0.617215,0.382785,1,0.482538,0.537021,0.462979,1,0.621718,0.456657,0.543343,1,0.783823,0.379274,0.620726,1,0.969497,0.307543,0.692457,1,1.179139,0.243425,0.756575,1,1.412945,0.188069,0.811931,1,1.670946,0.141842,0.858158,0,0.152967,0.104453,0.895547,0,0.11032,0.075125,0.924875,0,0.078096,0.052789,0.947211,0,0.054233,0.036255,0.963745,0,0.036929,0.024347,0.975653,0,0.024648,0.015994,0.984006,0,0.016123,4.5e-05,0.000426,0.00205,0.006643,0.016303,0.032316,0.053896,0.07778,0.099145,0.113387,0.11779,0.112261,0.098969,0.081265,0.062515,0.045283,0.031021,0.020175,0.012499,0.007399,0.004196,0.002285,0.001198,0.001154,1.7e-05,0.000174,0.000915,0.003241,0.008693,0.018834,0.034332,0.054154,0.075449,0.094311,0.107084,0.111548,0.107485,0.096465,0.081109,0.064215,0.048081,0.034178,0.023143,0.014973,0.009281,0.005525,0.003166,0.003618,0.974532,0.025468,0.942216,0.057784,0.88832,0.11168,0.81054,0.18946,0.711395,0.288605,0.598008,0.401992,0.480218,0.519782,0.367957,0.632043,0.268988,0.731012,0.187724,0.812276,0.125208,0.874792,0.079926,0.920074,0.048905,0.951095,0.02873,0.97127,0.016231,0.983769,0.986952,0.013048,0.968118,0.031882,0.933786,0.066214,0.879632,0.120368,0.804183,0.195817,0.709872,0.290128,0.602788,0.397212,0.49124,0.50876,0.383755,0.616245,0.28729,0.71271,0.206181,0.793819,0.141965,0.858035,0.093884,0.906116,0.059707,0.940293,0.036564,0.963436,1,0.025798,1,0.013134,1,0.059521,1,0.032401,1,0.118423,1,0.068508,1,0.210055,1,0.128252,1,0.340527,1,0.217928,1,0.514151,1,0.342671,1,0.733515,1,0.50619,1,0.999789,1,0.710822,1,1.313089,1,0.957751,0,0.207915,1,1.247263,0,0.133769,0,0.2309,0,0.083301,0,0.15311,0,0.050141,0,0.098588,0,0.029151,0,0.061564,0,0.016364,0,0.037249
2595,2025/26,28,Widzew Łódź,Bruk-Bet Termalica Nieciecza,14.0,19.0,33.0,13.4457,13.4138,26.8594,0.010011,1,4670.6967,0.3816,0.3893,0.1739,0.3423,0.3182,0.0,0.0,0.0,0.0,0.0,1e-06,3e-06,1e-05,3.2e-05,8.7e-05,0.000216,0.000489,0.001018,0.001965,0.003539,0.005977,0.009509,0.014304,0.020415,0.027732,0.035952,0.044591,0.053033,0.060604,0.066669,0.070724,0.072463,0.071812,0.06893,0.064163,0.057989,0.05094,0.043538,0.03624,0.029405,0.023277,0.01799,0.013587,0.010033,0.007249,0.005129,0.003555,0.002415,0.001609,0.001052,0.000676,0.001079,0.986663,0.013337,1,0.013427,0.977154,0.022846,1,0.023111,0.962851,0.037149,1,0.037857,0.942435,0.057565,1,0.059288,0.914704,0.085296,1,0.089155,0.878752,0.121248,1,0.129252,0.834161,0.165839,1,0.181329,0.781128,0.218872,1,0.247016,0.720524,0.279476,1,0.327776,0.653855,0.346145,1,0.42487,0.58313,0.41687,1,0.539344,0.510668,0.489332,1,0.672036,0.438855,0.561145,1,0.823585,0.369926,0.630074,1,0.994453,0.305763,0.694237,1,1.184947,0.247774,0.752226,1,1.395239,0.196834,0.803166,1,1.625395,0.153296,0.846704,1,1.875383,0.117056,0.882944,0,0.124494,3e-06,3.9e-05,0.000236,0.00095,0.002898,0.007144,0.014815,0.026588,0.042145,0.059938,0.07743,0.091768,0.100605,0.102727,0.098272,0.088519,0.075408,0.060986,0.046984,0.034585,0.024391,0.01652,0.010769,0.016176,3e-06,4e-05,0.000241,0.000971,0.002956,0.007271,0.015048,0.026948,0.042627,0.060497,0.077988,0.092236,0.100906,0.102819,0.098154,0.088229,0.075003,0.060532,0.046537,0.034184,0.024057,0.01626,0.010578,0.015814,0.99577,0.00423,0.988627,0.011373,0.973812,0.026188,0.947224,0.052776,0.905078,0.094922,0.84514,0.15486,0.76771,0.23229,0.675942,0.324058,0.575337,0.424663,0.472611,0.527389,0.374339,0.625661,0.28582,0.71418,0.210412,0.789588,0.149425,0.850575,0.102441,0.897559,0.995689,0.004311,0.988418,0.011582,0.97337,0.02663,0.946422,0.053578,0.903795,0.096205,0.843298,0.156702,0.76531,0.23469,0.673074,0.326926,0.572168,0.427832,0.469348,0.530652,0.371194,0.628806,0.282965,0.717035,0.207962,0.792038,0.14743,0.85257,0.100893,0.899107,1,0.004239,1,0.00432,1,0.011438,1,0.01165,1,0.026537,1,0.026991,1,0.05422,1,0.055067,1,0.099734,1,0.101153,1,0.168253,1,0.170435,1,0.264343,1,0.267474,1,0.391648,1,0.3959,1,0.552799,1,0.558323,1,0.749483,1,0.756411,0,0.468947,1,0.99103,0,0.33662,1,1.262432,0,0.236244,1,1.5704,0,0.161843,1,1.914402,0,0.108076,1,2.293695
2596,2025/26,29,Arka Gdynia,Jagiellonia Białystok,12.0,16.0,28.0,12.6167,13.3801,25.9968,0.010204,1,4720.9007,0.3793,0.3847,0.1704,0.344,0.3215,0.0,0.0,0.0,0.0,0.0,1e-06,5e-06,1.9e-05,5.5e-05,0.000146,0.000351,0.000769,0.001554,0.002911,0.00509,0.008344,0.012885,0.018816,0.026074,0.034389,0.043291,0.052143,0.060228,0.066849,0.071432,0.073612,0.073272,0.070551,0.0658,0.059518,0.052274,0.044629,0.037074,0.029997,0.02366,0.018208,0.013682,0.010047,0.007214,0.005069,0.003488,0.002351,0.001554,0.001007,0.000641,0.0004,0.000598,0.980754,0.019246,1,0.019434,0.967869,0.032131,1,0.032659,0.949052,0.050948,1,0.052291,0.922978,0.077022,1,0.080149,0.888589,0.111411,1,0.11812,0.845298,0.154702,1,0.168066,0.793155,0.206845,1,0.231736,0.732927,0.267073,1,0.310709,0.666078,0.333922,1,0.406348,0.594646,0.405354,1,0.519789,0.521034,0.478966,1,0.65194,0.447762,0.552238,1,0.803494,0.377211,0.622789,1,0.974951,0.311411,0.688589,0,0.373111,0.251893,0.748107,0,0.290209,0.199619,0.800381,0,0.222667,0.15499,0.84501,0,0.168407,0.117916,0.882084,0,0.125468,0.087919,0.912081,0,0.092026,7e-06,7.8e-05,0.000442,0.001682,0.004844,0.011271,0.022068,0.037396,0.055982,0.075204,0.09178,0.102779,0.106481,0.102766,0.092933,0.079144,0.063753,0.048762,0.035533,0.024744,0.01651,0.010581,0.006528,0.008695,4e-06,4.2e-05,0.00025,0.001002,0.003038,0.007445,0.015354,0.027403,0.043206,0.061131,0.078577,0.092679,0.101129,0.102796,0.09791,0.087822,0.07451,0.060023,0.046068,0.033787,0.023744,0.016028,0.010415,0.015539,0.99291,0.00709,0.981639,0.018361,0.959571,0.040429,0.922175,0.077825,0.866193,0.133807,0.790989,0.209011,0.699209,0.300791,0.596431,0.403569,0.489949,0.510051,0.387183,0.612817,0.294251,0.705749,0.215106,0.784894,0.151353,0.848647,0.102591,0.897409,0.067057,0.932943,0.995567,0.004433,0.988122,0.011878,0.972768,0.027232,0.945366,0.054634,0.902159,0.097841,0.841028,0.158972,0.762451,0.237549,0.669772,0.330228,0.568643,0.431357,0.465847,0.534153,0.367937,0.632063,0.280115,0.719885,0.205605,0.794395,0.145582,0.854418,0.099514,0.900486,1,0.007115,1,0.004443,1,0.018532,1,0.011949,1,0.041269,1,0.02761,1,0.08102,1,0.056183,1,0.143648,1,0.102964,1,0.234471,1,0.17313,1,0.357806,1,0.271217,1,0.516792,1,0.400818,0,0.673245,1,0.564502,0,0.489689,1,0.763898,0,0.348496,1,0.999844,0,0.242207,1,1.272555,0,0.164112,0,0.230174,0,0.108244,0,0.157335,0,0.069411,0,0.104821
2597,2025/26,29,Bruk-Bet Termalica Nieciecza,Wisła Płock,9.0,13.0,22.0,12.3632,10.7188,23.082,0.010204,1,4720.9007,0.3793,0.3847,0.1704,0.344,0.3215,0.0,0.0,0.0,0.0,3e-06,1.1e-05,3.9e-05,0.000118,0.000316,0.000754,0.001628,0.003211,0.005834,0.009832,0.015461,0.022802,0.031675,0.041611,0.051871,0.061547,0.069702,0.07553,0.078488,0.078377,0.07535,0.069862,0.062567,0.054203,0.045486,0.03702,0.029256,0.022474,0.0168,0.012231,0.008681,0.006012,0.004065,0.002686,0.001736,0.001098,0.00068,0.000412,0.000245,0.000143,8.2e-05,4.6e-05,5.4e-05,0.939991,0.060009,1,0.061885,0.908316,0.091684,1,0.096163,0.866705,0.133295,1,0.143057,0.814833,0.185167,1,0.204772,0.753286,0.246714,1,0.28331,0.683584,0.316416,1,0.380406,0.608054,0.391946,1,0.497491,0.529566,0.470434,0,0.7541,0.451189,0.548811,0,0.600002,0.375839,0.624161,0,0.471347,0.305977,0.694023,0,0.36525,0.24341,0.75659,0,0.278934,0.189207,0.810793,0,0.209742,0.143721,0.856279,0,0.155159,0.106702,0.893298,0,0.112835,0.077446,0.922554,0,0.080609,0.054971,0.945029,0,0.05654,0.038172,0.961828,0,0.038919,0.025941,0.974059,0,0.026283,9e-06,9.6e-05,0.000534,0.001995,0.005644,0.012898,0.024803,0.04128,0.060695,0.080079,0.095987,0.105572,0.107424,0.101826,0.09044,0.075647,0.059849,0.044959,0.032177,0.022007,0.014422,0.009078,0.005501,0.007053,3.8e-05,0.000369,0.001802,0.005923,0.014745,0.029656,0.050192,0.073521,0.095138,0.110474,0.116542,0.112812,0.101028,0.084282,0.065883,0.0485,0.033771,0.022327,0.014064,0.008465,0.004883,0.002705,0.001442,0.001435,0.991695,0.008305,0.978798,0.021202,0.953995,0.046005,0.912714,0.087286,0.85202,0.14798,0.77194,0.22806,0.675954,0.324046,0.570382,0.429618,0.462958,0.537042,0.361132,0.638868,0.270693,0.729307,0.195046,0.804954,0.135197,0.864803,0.090238,0.909762,0.05806,0.94194,0.977121,0.022879,0.947465,0.052535,0.897273,0.102727,0.823751,0.176249,0.728613,0.271387,0.61814,0.38186,0.501597,0.498403,0.388785,0.611215,0.287756,0.712244,0.203474,0.796526,0.137592,0.862408,0.089092,0.910908,0.055322,0.944678,0.032994,0.967006,0.01893,0.98107,1,0.00834,1,0.023145,1,0.02143,1,0.053965,1,0.047097,1,0.108395,1,0.091333,1,0.193887,1,0.160145,1,0.316613,0,1.478147,1,0.48104,0,1.12687,1,0.689958,0,0.844859,1,0.944729,0,0.621679,1,1.245642,0,0.448057,0,0.227496,0,0.315661,0,0.148027,0,0.21697,0,0.093313,0,0.145254,0,0.056911,0,0.094572,0,0.033551,0,0.059814,0,0.019111
2598,2025/26,29,Legia Warszawa,Zagłębie Lubin,13.0,17.0,30.0,12.8916,12.7813,25.673,0.010204,1,4720.9007,0.3793,0.3847,0.1704,0.344,0.3215,0.0,0.0,0.0,0.0,0.0,2e-06,7e-06,2.3e-05,6.7e-05,0.000176,0.000418,0.000906,0.001811,0.003355,0.005801,0.009406,0.014366,0.020748,0.028435,0.037092,0.04618,0.055011,0.062842,0.068983,0.072902,0.074299,0.073142,0.069649,0.064243,0.05747,0.049919,0.042148,0.034627,0.027708,0.021613,0.016449,0.012224,0.008877,0.006304,0.00438,0.00298,0.001987,0.001299,0.000832,0.000524,0.000323,0.000471,0.978027,0.021973,1,0.022218,0.963661,0.036339,1,0.037015,0.942913,0.057087,1,0.058781,0.914478,0.085522,1,0.089402,0.877386,0.122614,1,0.130809,0.831206,0.168794,1,0.184878,0.776195,0.223805,1,0.253351,0.713353,0.286647,1,0.337779,0.64437,0.35563,1,0.439481,0.571469,0.428531,1,0.559545,0.49717,0.50283,1,0.698823,0.424028,0.575972,1,0.857955,0.354379,0.645621,1,1.037388,0.290136,0.709864,1,1.237407,0.232666,0.767334,1,1.458152,0.182747,0.817253,0,0.201806,0.140599,0.859401,0,0.15152,0.105972,0.894028,0,0.112018,0.078264,0.921736,0,0.081497,5e-06,6.3e-05,0.00036,0.001396,0.004099,0.009721,0.019401,0.033509,0.05113,0.070008,0.087084,0.099398,0.104962,0.10325,0.095168,0.082609,0.067826,0.052876,0.039273,0.027874,0.018957,0.012383,0.007787,0.010807,6e-06,6.9e-05,0.000391,0.001505,0.004384,0.010318,0.020435,0.035029,0.053044,0.072078,0.088981,0.100795,0.105631,0.103121,0.094331,0.081262,0.066215,0.051229,0.037762,0.026599,0.017953,0.011639,0.007263,0.009915,0.994023,0.005977,0.984302,0.015698,0.964901,0.035099,0.931391,0.068609,0.880261,0.119739,0.810253,0.189747,0.723169,0.276831,0.623771,0.376229,0.518809,0.481191,0.41556,0.58444,0.320391,0.679609,0.237782,0.762218,0.169957,0.830043,0.117081,0.882919,0.077808,0.922192,0.9936,0.0064,0.983282,0.016718,0.962847,0.037153,0.927818,0.072182,0.874774,0.125226,0.802696,0.197304,0.713715,0.286285,0.61292,0.38708,0.507289,0.492711,0.404168,0.595832,0.309837,0.690163,0.228575,0.771425,0.16236,0.83764,0.111131,0.888869,0.073369,0.926631,1,0.005995,1,0.006421,1,0.015823,1,0.016859,1,0.03573,1,0.037861,1,0.071076,1,0.07492,1,0.127537,1,0.13379,1,0.210409,1,0.219779,1,0.324112,1,0.337272,1,0.471972,1,0.489521,1,0.656219,1,0.678674,0,0.537101,1,0.905925,0,0.386238,1,1.171709,0,0.271523,1,1.475891,0,0.186278,1,1.817939,0,0.124522,0,0.117805,0,0.081002,0,0.0762
2599,2025/26,29,Lechia Gdańsk,Piast Gliwice,13.0,9.0,22.0,11.5045,10.4855,21.99,0.010204,1,4720.9007,0.3793,0.3847,0.1704,0.344,0.3215,0.0,0.0,0.0,1e-06,6e-06,2.4e-05,8e-05,0.000232,0.000593,0.001356,0.002803,0.005296,0.009214,0.01487,0.022392,0.031621,0.042063,0.052912,0.063158,0.071757,0.077813,0.080736,0.080332,0.076808,0.070702,0.062764,0.053818,0.04464,0.035865,0.027947,0.021145,0.015552,0.01113,0.007758,0.005271,0.003495,0.002262,0.001431,0.000885,0.000536,0.000318,0.000184,0.000105,5.9e-05,3.2e-05,1.7e-05,1.9e-05,0.911513,0.088487,1,0.09265,0.86945,0.13055,1,0.139895,0.816538,0.183462,1,0.202682,0.75338,0.24662,1,0.283186,0.681623,0.318377,1,0.383279,0.60381,0.39619,1,0.504495,0.523075,0.476925,1,0.648031,0.442743,0.557257,0,0.584728,0.365935,0.634065,0,0.455604,0.295233,0.704767,0,0.349889,0.23247,0.76753,0,0.264577,0.178652,0.821348,0,0.196808,0.134012,0.865988,0,0.143884,0.098146,0.901854,0,0.103303,0.070199,0.929801,0,0.072785,0.049054,0.950946,0,0.050298,0.033502,0.966498,0,0.034076,0.022372,0.977628,0,0.022626,0.014615,0.985385,0,0.014723,1.9e-05,0.000194,0.00101,0.003539,0.009387,0.020119,0.036285,0.056636,0.078096,0.096634,0.10863,0.112051,0.10693,0.095057,0.07918,0.062112,0.046086,0.032468,0.021793,0.013979,0.008591,0.005072,0.002882,0.003242,4.7e-05,0.000447,0.002138,0.006888,0.01681,0.033145,0.054995,0.078972,0.100182,0.114044,0.117943,0.111924,0.098262,0.080362,0.061583,0.044443,0.030338,0.019663,0.012142,0.007165,0.004051,0.0022,0.00115,0.001103,0.985843,0.014157,0.965724,0.034276,0.92944,0.07056,0.872803,0.127197,0.794707,0.205293,0.698073,0.301927,0.589443,0.410557,0.477391,0.522609,0.370462,0.629538,0.275405,0.724595,0.196225,0.803775,0.134113,0.865887,0.088027,0.911973,0.055559,0.944441,0.033765,0.966235,0.973669,0.026331,0.940524,0.059476,0.885529,0.114471,0.806557,0.193443,0.706374,0.293626,0.592331,0.407669,0.474387,0.525613,0.362464,0.637536,0.264202,0.735798,0.18384,0.81616,0.122256,0.877744,0.077813,0.922187,0.047475,0.952525,0.027812,0.972188,0.01567,0.98433,1,0.014258,1,0.026684,1,0.034877,1,0.061318,1,0.073173,1,0.12157,1,0.136045,1,0.214981,1,0.229782,1,0.34761,1,0.359432,0,0.8973,1,0.528577,0,0.64319,1,0.739419,0,0.450145,1,0.993004,0,0.3068,0,0.322142,0,0.203145,0,0.218436,0,0.1304,0,0.144001,0,0.081007,0,0.092145,0,0.048639,0,0.057162,0,0.028206,0,0.034348,0,0.015794
2600,2025/26,29,Górnik Zabrze,Korona Kielce,5.0,15.0,20.0,11.4449,12.3884,23.8333,0.010204,1,4720.9007,0.3793,0.3847,0.1704,0.344,0.3215,0.0,0.0,0.0,0.0,1e-06,6e-06,2.4e-05,7.4e-05,0.000203,0.000498,0.001107,0.002246,0.004201,0.007286,0.011792,0.017897,0.025586,0.034591,0.044375,0.054185,0.063148,0.070417,0.0753,0.077377,0.076547,0.073031,0.0673,0.059993,0.051802,0.043381,0.035275,0.027882,0.021444,0.016064,0.01173,0.008358,0.005815,0.003953,0.002628,0.00171,0.001089,0.00068,0.000416,0.00025,0.000147,8.5e-05,0.000107,0.954665,0.045335,1,0.046395,0.929079,0.070921,1,0.073562,0.894488,0.105512,1,0.111504,0.850113,0.149887,1,0.162386,0.795928,0.204072,1,0.228246,0.73278,0.26722,0,1.319683,0.662363,0.337637,0,1.085785,0.587063,0.412937,0,0.884461,0.509687,0.490313,0,0.71271,0.433139,0.566861,0,0.567641,0.360108,0.639892,0,0.446457,0.292808,0.707192,0,0.346453,0.232815,0.767185,0,0.265027,0.181012,0.818988,0,0.199686,0.137631,0.862369,0,0.148072,0.102356,0.897644,0,0.107982,0.074474,0.925526,0,0.077393,0.05303,0.94697,0,0.054488,0.036967,0.963033,0,0.037667,2e-05,0.000204,0.001056,0.003681,0.009719,0.020734,0.03722,0.057827,0.079368,0.097752,0.109377,0.112299,0.106669,0.094385,0.078255,0.061102,0.045127,0.031645,0.021142,0.013498,0.008257,0.004852,0.002744,0.003059,9e-06,9.4e-05,0.000524,0.001962,0.005559,0.012727,0.024519,0.040881,0.060216,0.079592,0.095575,0.10531,0.107351,0.10194,0.090705,0.076007,0.060242,0.045337,0.032506,0.022272,0.014622,0.009221,0.005597,0.007204,0.985313,0.014687,0.96458,0.03542,0.927359,0.072641,0.869532,0.130468,0.790164,0.209836,0.692412,0.307588,0.583034,0.416966,0.470735,0.529265,0.364066,0.635934,0.269682,0.730318,0.191426,0.808574,0.130324,0.869676,0.085197,0.914803,0.053552,0.946448,0.03241,0.96759,0.991825,0.008175,0.979098,0.020902,0.95458,0.04542,0.913698,0.086302,0.853482,0.146518,0.77389,0.22611,0.678315,0.321685,0.573005,0.426995,0.465654,0.534346,0.363713,0.636287,0.273008,0.726992,0.197001,0.802999,0.136759,0.863241,0.091422,0.908578,0.058916,0.941084,1,0.014796,1,0.008209,0,3.340479,1,0.021124,0,2.622226,1,0.046484,0,2.036627,1,0.090255,0,1.561429,1,0.158431,0,1.178994,1,0.256326,0,0.874751,1,0.388143,0,0.636266,1,0.556861,0,0.45266,1,0.764312,0,0.314275,1,1.01139,0,0.212483,1,1.298254,0,0.139635,0,0.219402,0,0.089047,0,0.147061,0,0.055039,0,0.095875,0,0.032947,0,0.060723
2601,2025/26,29,Radomiak Radom,Widzew Łódź,12.0,15.0,27.0,12.6894,15.7874,28.4768,0.010204,1,4720.9007,0.3793,0.3847,0.1704,0.344,0.3215,0.0,0.0,0.0,0.0,0.0,0.0,1e-06,4e-06,1.2e-05,3.4e-05,8.9e-05,0.000212,0.000463,0.000938,0.001776,0.003151,0.005269,0.008331,0.012499,0.01785,0.024332,0.031736,0.039697,0.047717,0.055222,0.061635,0.066449,0.069302,0.070013,0.068602,0.065272,0.06037,0.054333,0.047629,0.040703,0.03394,0.027636,0.02199,0.017111,0.01303,0.009716,0.007098,0.005084,0.003572,0.002463,0.001668,0.003052,0.99332,0.00668,1,0.006702,0.988051,0.011949,1,0.012021,0.979721,0.020279,1,0.020488,0.967222,0.032778,1,0.033327,0.949372,0.050628,1,0.051955,0.92504,0.07496,1,0.077918,0.893304,0.106696,1,0.112828,0.853607,0.146393,1,0.158284,0.80589,0.19411,1,0.215808,0.750667,0.249333,1,0.286793,0.689033,0.310967,1,0.372466,0.622583,0.377417,1,0.473878,0.553281,0.446719,0,0.805826,0.483268,0.516732,0,0.66023,0.414666,0.585334,0,0.535572,0.349394,0.650606,0,0.429851,0.289024,0.710976,0,0.341117,0.234691,0.765309,0,0.267476,0.187063,0.812937,0,0.207101,7e-06,7.4e-05,0.000419,0.001601,0.004635,0.01084,0.021333,0.036336,0.054672,0.073818,0.090549,0.101918,0.106128,0.102947,0.093572,0.080095,0.064849,0.049853,0.036513,0.025556,0.017139,0.01104,0.006846,0.009218,0.0,6e-06,4.1e-05,0.00019,0.000665,0.001882,0.004482,0.00924,0.016826,0.027495,0.040819,0.055604,0.070076,0.082269,0.0905,0.093754,0.091868,0.085475,0.075767,0.06418,0.052092,0.040612,0.030478,0.064471,0.993223,0.006777,0.982383,0.017617,0.96105,0.03895,0.924714,0.075286,0.870042,0.129958,0.796223,0.203777,0.705674,0.294326,0.603756,0.396244,0.497628,0.502372,0.394681,0.605319,0.301109,0.698891,0.221014,0.778986,0.156165,0.843835,0.106312,0.893688,0.069799,0.930201,0.99789,0.00211,0.996008,0.003992,0.991525,0.008475,0.982285,0.017715,0.965459,0.034541,0.937964,0.062036,0.897145,0.102855,0.841541,0.158459,0.771465,0.228535,0.689196,0.310804,0.598697,0.401303,0.504943,0.495057,0.413075,0.586925,0.3276,0.6724,0.251833,0.748167,1,0.0068,1,0.002112,1,0.017774,1,0.004,1,0.039729,1,0.008511,1,0.078271,1,0.017874,1,0.139214,1,0.035152,1,0.227876,1,0.064044,1,0.348602,1,0.108538,1,0.504585,1,0.172521,0,0.688414,1,0.259464,0,0.502,1,0.37223,0,0.35826,1,0.513,0,0.249762,0,0.703082,0,0.169798,0,0.532858,0,0.112399,0,0.396902,0,0.072355,0,0.290129
2602,2025/26,29,Pogoń Szczecin,Lech Poznań,13.0,12.0,25.0,12.9149,12.5784,25.4933,0.010204,1,4720.9007,0.3793,0.3847,0.1704,0.344,0.3215,0.0,0.0,0.0,0.0,0.0,2e-06,8e-06,2.6e-05,7.5e-05,0.000195,0.00046,0.000992,0.00197,0.003628,0.006234,0.010046,0.015248,0.021885,0.029807,0.03864,0.04781,0.056599,0.064256,0.070098,0.073621,0.074568,0.072952,0.069038,0.063285,0.056263,0.048568,0.040753,0.033274,0.02646,0.020512,0.015515,0.011458,0.008269,0.005836,0.00403,0.002725,0.001806,0.001173,0.000747,0.000467,0.000287,0.000412,0.976363,0.023637,1,0.023921,0.961115,0.038885,1,0.039661,0.93923,0.06077,1,0.062695,0.909423,0.090577,1,0.094945,0.870783,0.129217,1,0.138363,0.822973,0.177027,1,0.194832,0.766374,0.233626,1,0.266085,0.702118,0.297882,1,0.353654,0.63202,0.36798,1,0.458835,0.558398,0.441602,1,0.582683,0.48383,0.51617,0,0.66132,0.410879,0.589121,0,0.529123,0.34184,0.65816,0,0.418308,0.278555,0.721445,0,0.326499,0.222292,0.777708,0,0.251404,0.173725,0.826275,0,0.190827,0.132971,0.867029,0,0.142683,0.099698,0.900302,0,0.105025,0.073237,0.926763,0,0.076058,5e-06,6.1e-05,0.000354,0.001375,0.004041,0.0096,0.019188,0.033195,0.050731,0.069573,0.086682,0.099097,0.104811,0.103266,0.095335,0.082886,0.068162,0.053223,0.039593,0.028147,0.019173,0.012544,0.007901,0.011003,7e-06,8.1e-05,0.000455,0.001726,0.004957,0.011504,0.022464,0.037964,0.05668,0.075936,0.092424,0.103222,0.106653,0.102654,0.092582,0.078634,0.063172,0.048187,0.03502,0.024321,0.016184,0.010344,0.006365,0.008429,0.994109,0.005891,0.984509,0.015491,0.965321,0.034679,0.932125,0.067875,0.881394,0.118606,0.811821,0.188179,0.725139,0.274861,0.626042,0.373958,0.521232,0.478768,0.417966,0.582034,0.322631,0.677369,0.239745,0.760255,0.171584,0.828416,0.118361,0.881639,0.078768,0.921232,0.992738,0.007262,0.981235,0.018765,0.958771,0.041229,0.920807,0.079193,0.864127,0.135873,0.788191,0.211809,0.695766,0.304234,0.592544,0.407456,0.485891,0.514109,0.383237,0.616763,0.290655,0.709345,0.212021,0.787979,0.148849,0.851151,0.100662,0.899338,0.065642,0.934358,1,0.005908,1,0.007288,1,0.015612,1,0.018943,1,0.035295,1,0.042103,1,0.070288,1,0.082505,1,0.126251,1,0.146036,1,0.208475,1,0.238015,1,0.321392,1,0.362742,1,0.468338,1,0.52333,1,0.65156,0,0.66532,0,0.541226,0,0.48327,0,0.389539,0,0.343413,0,0.274101,0,0.238284,0,0.18824,0,0.161166,0,0.125973,0,0.106096,0,0.082043,0,0.067896
2603,2025/26,29,GKS Katowice,Motor Lublin,12.0,14.0,26.0,13.0287,12.3808,25.4095,0.010204,1,4720.9007,0.3793,0.3847,0.1704,0.344,0.3215,0.0,0.0,0.0,0.0,0.0,2e-06,8e-06,2.7e-05,7.9e-05,0.000205,0.000482,0.001035,0.002049,0.003763,0.006447,0.010357,0.015675,0.022432,0.030463,0.039375,0.048576,0.057339,0.064905,0.0706,0.073932,0.074664,0.072833,0.068726,0.062815,0.055682,0.047927,0.040099,0.032645,0.025885,0.020008,0.01509,0.011112,0.007996,0.005627,0.003875,0.002613,0.001726,0.001118,0.00071,0.000443,0.000271,0.000386,0.975545,0.024455,1,0.024758,0.959871,0.040129,1,0.040956,0.937439,0.062561,1,0.064604,0.906976,0.093024,1,0.097639,0.867601,0.132399,1,0.142023,0.819026,0.180974,1,0.19964,0.761687,0.238313,1,0.272219,0.696782,0.303218,1,0.361282,0.626183,0.373817,1,0.468113,0.552251,0.447749,1,0.593753,0.477587,0.522413,1,0.739009,0.404754,0.595246,0,0.51878,0.336028,0.663972,0,0.409516,0.273213,0.726787,0,0.319121,0.21753,0.78247,0,0.2453,0.169603,0.830397,0,0.185851,0.129504,0.870496,0,0.138692,0.096859,0.903141,0,0.101876,0.070974,0.929026,0,0.073619,5e-06,5.6e-05,0.000325,0.001272,0.00377,0.009025,0.01818,0.031694,0.048815,0.067465,0.084709,0.097594,0.104025,0.103288,0.096098,0.084199,0.06978,0.05491,0.041166,0.029493,0.020246,0.013349,0.008473,0.012001,9e-06,9.5e-05,0.000527,0.001972,0.005584,0.012778,0.024604,0.041001,0.06036,0.079739,0.0957,0.105389,0.107373,0.101906,0.090626,0.075898,0.060124,0.045223,0.032407,0.022192,0.014562,0.009178,0.005568,0.007158,0.994508,0.005492,0.985484,0.014516,0.967304,0.032696,0.93561,0.06439,0.886795,0.113205,0.81933,0.18067,0.734622,0.265378,0.637027,0.362973,0.533003,0.466997,0.429714,0.570286,0.333617,0.666383,0.249418,0.750582,0.179638,0.820362,0.124729,0.875271,0.083562,0.916438,0.991786,0.008214,0.979008,0.020992,0.954404,0.045596,0.913403,0.086597,0.853042,0.146958,0.773303,0.226697,0.677604,0.322396,0.572215,0.427785,0.464841,0.535159,0.362935,0.637065,0.272309,0.727691,0.196411,0.803589,0.136287,0.863713,0.091064,0.908936,0.058657,0.941343,1,0.005507,1,0.008248,1,0.014622,1,0.021215,1,0.033242,1,0.046668,1,0.066557,1,0.090578,1,0.120141,1,0.158946,1,0.199268,1,0.257084,1,0.308399,1,0.389192,1,0.450943,1,0.55824,0,0.761432,1,0.76606,0,0.561617,1,1.013532,0,0.405891,0,0.317879,0,0.286906,0,0.218667,0,0.19801,0,0.146515,0,0.133222,0,0.095481,0,0.087261,0,0.060448
2604,2025/26,29,Raków Częstochowa,Cracovia,10.0,17.0,27.0,12.0604,13.4404,25.5009,0.010204,1,4720.9007,0.3793,0.3847,0.1704,0.344,0.3215,0.0,0.0,0.0,0.0,0.0,2e-06,8e-06,2.6e-05,7.5e-05,0.000195,0.000459,0.00099,0.001965,0.003619,0.006219,0.010023,0.015216,0.021843,0.029754,0.038579,0.047743,0.056532,0.064193,0.070045,0.073582,0.074547,0.07295,0.069055,0.063318,0.056308,0.048621,0.040811,0.033332,0.026515,0.020562,0.015558,0.011494,0.008299,0.005859,0.004048,0.002738,0.001815,0.001179,0.000752,0.00047,0.000289,0.000415,0.976419,0.023581,1,0.023863,0.961204,0.038796,1,0.039569,0.939361,0.060639,1,0.062555,0.909607,0.090393,1,0.094743,0.871028,0.128972,1,0.138082,0.823285,0.176715,1,0.194453,0.766753,0.233247,1,0.26559,0.702561,0.297439,1,0.353024,0.632516,0.367484,1,0.45805,0.558934,0.441066,1,0.581725,0.484387,0.515613,1,0.724872,0.411437,0.588563,1,0.888099,0.342382,0.657618,0,0.419131,0.279064,0.720936,0,0.327205,0.222756,0.777244,0,0.252001,0.174135,0.825865,0,0.191323,0.133324,0.866676,0,0.14309,0.099992,0.900008,0,0.105351,0.073477,0.926523,0,0.076316,1.1e-05,0.000123,0.000669,0.002445,0.006764,0.01512,0.028443,0.046307,0.0666,0.085955,0.100782,0.108429,0.107925,0.10007,0.086942,0.071135,0.055052,0.040454,0.028322,0.018947,0.012146,0.007479,0.004433,0.005429,3e-06,4e-05,0.000239,0.000961,0.002927,0.007201,0.01491,0.026717,0.042291,0.060074,0.077525,0.091799,0.100567,0.10263,0.098138,0.088376,0.075277,0.060882,0.046912,0.034543,0.024371,0.016516,0.010775,0.01622,0.98997,0.01003,0.97485,0.02515,0.946407,0.053593,0.9001,0.0999,0.8335,0.1665,0.747545,0.252455,0.646762,0.353238,0.538333,0.461667,0.430408,0.569592,0.330339,0.669661,0.243397,0.756603,0.172262,0.827738,0.11721,0.88279,0.076756,0.923244,0.048434,0.951566,0.995724,0.004276,0.988523,0.011477,0.973613,0.026387,0.946896,0.053104,0.904604,0.095396,0.844531,0.155469,0.767006,0.232994,0.675207,0.324793,0.57464,0.42536,0.47201,0.52799,0.373872,0.626128,0.285496,0.714504,0.210219,0.789781,0.149337,0.850663,0.102425,0.897575,1,0.010081,1,0.004285,1,0.025472,1,0.011543,1,0.055083,1,0.026741,1,0.105249,1,0.054566,1,0.182122,1,0.100258,1,0.290961,1,0.168974,0,1.040613,1,0.265261,0,0.772911,1,0.392736,0,0.562835,1,0.554012,0,0.400984,1,0.750755,0,0.278917,1,0.983842,0,0.189059,1,1.253527,0,0.124668,1,1.559605,0,0.079862,0,0.161739,0,0.049646,0,0.108059
2605,2025/26,30,Wisła Płock,Radomiak Radom,14.0,11.0,25.0,11.3243,11.6353,22.9596,0.009698,1,4765.8018,0.3711,0.379,0.1688,0.3456,0.3243,0.0,0.0,0.0,1e-06,3e-06,1.2e-05,4.1e-05,0.000124,0.000331,0.000789,0.001701,0.003349,0.006073,0.010212,0.01602,0.023562,0.032637,0.04274,0.053098,0.062775,0.070819,0.076428,0.07908,0.07861,0.075216,0.06939,0.061822,0.053268,0.044449,0.035965,0.02825,0.021566,0.016016,0.011583,0.008164,0.005614,0.003768,0.002471,0.001585,0.000994,0.000611,0.000367,0.000217,0.000125,7.1e-05,4e-05,4.6e-05,0.937784,0.062216,1,0.064236,0.905147,0.094853,1,0.099658,0.862407,0.137593,1,0.148028,0.809309,0.190691,1,0.211574,0.746534,0.253466,1,0.292314,0.675715,0.324285,1,0.391985,0.599287,0.400713,1,0.512015,0.520207,0.479793,1,0.653528,0.441597,0.558403,1,0.817358,0.366381,0.633619,1,1.00408,0.296991,0.703009,0,0.352386,0.235169,0.764831,0,0.268101,0.181902,0.818098,0,0.200773,0.137453,0.862547,0,0.147865,0.101488,0.898512,0,0.107015,0.073238,0.926762,0,0.076058,0.051672,0.948328,0,0.053055,0.035656,0.964344,0,0.036307,0.024073,0.975927,0,0.024368,2.2e-05,0.00022,0.001133,0.00393,0.010316,0.021869,0.038994,0.060148,0.081925,0.100088,0.11104,0.112991,0.106326,0.093168,0.076465,0.059077,0.043156,0.029922,0.019759,0.012463,0.00753,0.004369,0.002439,0.002645,1.6e-05,0.00017,0.0009,0.003196,0.008597,0.018674,0.034118,0.053926,0.075263,0.094218,0.107108,0.111679,0.107685,0.096687,0.081312,0.064372,0.048185,0.034233,0.023163,0.014972,0.009269,0.00551,0.003152,0.003587,0.984374,0.015626,0.962505,0.037495,0.923511,0.076489,0.863363,0.136637,0.781439,0.218561,0.681351,0.318649,0.570311,0.429689,0.45732,0.54268,0.350994,0.649006,0.257826,0.742174,0.181361,0.818639,0.122284,0.877716,0.079128,0.920872,0.049205,0.950795,0.029447,0.970553,0.987113,0.012887,0.968439,0.031561,0.934321,0.065679,0.880395,0.119605,0.805132,0.194868,0.710914,0.289086,0.603806,0.396194,0.492127,0.507873,0.384442,0.615558,0.287755,0.712245,0.206443,0.793557,0.142071,0.857929,0.093886,0.906114,0.059653,0.940347,0.03649,0.96351,1,0.015749,1,0.012971,1,0.038216,1,0.03207,1,0.079573,1,0.067935,1,0.14692,1,0.127385,1,0.246618,1,0.216749,1,0.383678,1,0.341204,1,0.561573,1,0.504502,1,0.782372,0,0.677524,1,1.046986,0,0.485226,1,1.35547,0,0.339333,0,0.200112,0,0.23123,0,0.130432,0,0.153234,0,0.082434,0,0.09859,0,0.050457,0,0.061506,0,0.029889,0,0.037172
2606,2025/26,30,Lechia Gdańsk,Raków Częstochowa,13.0,13.0,26.0,12.6215,10.2011,22.8226,0.009698,1,4765.8018,0.3711,0.379,0.1688,0.3456,0.3243,0.0,0.0,0.0,1e-06,3e-06,1.3e-05,4.5e-05,0.000136,0.00036,0.000853,0.001829,0.00358,0.006454,0.010791,0.016829,0.02461,0.033893,0.044133,0.05452,0.064097,0.071909,0.077177,0.079419,0.078521,0.074726,0.068572,0.06077,0.052087,0.043238,0.034804,0.027199,0.020658,0.015265,0.010984,0.007704,0.005271,0.003521,0.002298,0.001467,0.000916,0.00056,0.000335,0.000197,0.000113,6.4e-05,3.5e-05,4.1e-05,0.934496,0.065504,1,0.067748,0.900603,0.099397,1,0.104691,0.85647,0.14353,1,0.154936,0.80195,0.19805,1,0.220709,0.737853,0.262147,1,0.30401,0.665944,0.334056,1,0.40655,0.588766,0.411234,1,0.529726,0.509347,0.490653,1,0.674626,0.430827,0.569173,1,0.84205,0.3561,0.6439,1,1.032544,0.287528,0.712472,1,1.246435,0.226758,0.773242,0,0.257164,0.174672,0.825328,0,0.191974,0.131434,0.868566,0,0.140911,0.096629,0.903371,0,0.101622,0.069431,0.930569,0,0.071959,0.048773,0.951227,0,0.050002,0.033508,0.966492,0,0.034082,0.022524,0.977476,0,0.022781,7e-06,7.6e-05,0.000431,0.001645,0.00476,0.01112,0.021851,0.037144,0.055755,0.075068,0.091783,0.102927,0.106741,0.103077,0.093231,0.079382,0.063907,0.048832,0.035536,0.024703,0.016449,0.010516,0.00647,0.008554,6e-05,0.000553,0.002594,0.008181,0.019538,0.037681,0.061124,0.085774,0.106284,0.118128,0.119226,0.110371,0.094487,0.075321,0.056238,0.039528,0.026269,0.01657,0.009954,0.005712,0.00314,0.001657,0.000842,0.000764,0.993047,0.006953,0.981928,0.018072,0.960077,0.039923,0.922933,0.077067,0.867178,0.132822,0.79211,0.20789,0.700327,0.299673,0.5974,0.4026,0.490659,0.509341,0.387582,0.612418,0.294351,0.705649,0.214969,0.785031,0.151062,0.848938,0.10223,0.89777,0.066693,0.933307,0.969073,0.030927,0.931392,0.068608,0.870267,0.129733,0.784493,0.215507,0.678209,0.321791,0.560081,0.439919,0.440854,0.559146,0.330483,0.669517,0.235996,0.764004,0.160675,0.839325,0.104437,0.895563,0.064908,0.935092,0.038639,0.961361,0.022069,0.977931,0.012115,0.987885,1,0.006977,1,0.031415,1,0.018237,1,0.071075,1,0.040742,1,0.138955,1,0.080199,1,0.242718,1,0.142511,1,0.3883,1,0.233055,1,0.579674,1,0.356208,1,0.819042,1,0.515168,1,1.1072,1,0.712006,1,1.44394,0,0.49034,0,0.175157,0,0.348637,0,0.110303,0,0.242032,0,0.06711,0,0.163769,0,0.039405,0,0.107841,0,0.022316,0,0.069021,0,0.012189
2607,2025/26,30,Zagłębie Lubin,Bruk-Bet Termalica Nieciecza,11.0,16.0,27.0,13.1895,13.9598,27.1493,0.009698,1,4765.8018,0.3711,0.379,0.1688,0.3456,0.3243,0.0,0.0,0.0,0.0,0.0,1e-06,2e-06,8e-06,2.6e-05,7.2e-05,0.000181,0.000414,0.000871,0.001701,0.003099,0.005293,0.008513,0.012946,0.018677,0.025641,0.03359,0.042095,0.050578,0.058384,0.06487,0.069496,0.071899,0.071941,0.06971,0.065499,0.059746,0.052964,0.045677,0.038361,0.0314,0.025072,0.019545,0.014885,0.011084,0.008075,0.005759,0.004024,0.002756,0.001851,0.001219,0.000789,0.001283,0.988331,0.011669,1,0.011738,0.979817,0.020183,1,0.020389,0.966871,0.033129,1,0.03369,0.948194,0.051806,1,0.053196,0.922553,0.077447,1,0.08061,0.888963,0.111037,1,0.117699,0.846868,0.153132,1,0.16621,0.79629,0.20371,1,0.227792,0.737906,0.262094,1,0.303939,0.673035,0.326965,1,0.395957,0.603539,0.396461,1,0.504944,0.53164,0.46836,1,0.631789,0.459699,0.540301,0,0.615629,0.389989,0.610011,0,0.494278,0.32449,0.67551,0,0.392287,0.264744,0.735256,0,0.307536,0.21178,0.78822,0,0.237978,0.166102,0.833898,0,0.181645,0.127742,0.872258,0,0.13667,4e-06,4.8e-05,0.000281,0.001117,0.00336,0.008162,0.016679,0.029484,0.046023,0.064437,0.081928,0.095541,0.103035,0.103468,0.097319,0.086169,0.072139,0.057321,0.043378,0.031358,0.021713,0.014436,0.009236,0.013291,2e-06,2.5e-05,0.000157,0.000657,0.002079,0.00531,0.011409,0.021206,0.034804,0.051236,0.068494,0.083984,0.095229,0.100549,0.099438,0.092574,0.081487,0.068081,0.054171,0.041174,0.029976,0.020955,0.014096,0.022725,0.995118,0.004882,0.986956,0.013044,0.970277,0.029723,0.940793,0.059207,0.89477,0.10523,0.830332,0.169668,0.748404,0.251596,0.652863,0.347137,0.549828,0.450172,0.44636,0.55364,0.349041,0.650959,0.262872,0.737128,0.190734,0.809266,0.133412,0.866588,0.090034,0.909966,0.996896,0.003104,0.991586,0.008414,0.980177,0.019823,0.958971,0.041029,0.924168,0.075832,0.872932,0.127068,0.804438,0.195562,0.720455,0.279545,0.625225,0.374775,0.524677,0.475323,0.425239,0.574761,0.332665,0.667335,0.251178,0.748822,0.183097,0.816903,0.128926,0.871074,1,0.004894,1,0.003109,1,0.01313,1,0.00845,1,0.030174,1,0.020022,1,0.061032,1,0.041894,1,0.111189,1,0.078861,1,0.18593,1,0.135898,1,0.289812,1,0.217611,0,1.058036,1,0.327872,0,0.798126,1,0.469644,0,0.591241,1,0.644972,0,0.429309,1,0.855104,0,0.304994,1,1.100619,0,0.211628,0,0.289254,0,0.143192,0,0.202235,0,0.094348,0,0.138028
2608,2025/26,30,Korona Kielce,GKS Katowice,9.0,8.0,17.0,12.1455,13.2771,25.4226,0.009698,1,4765.8018,0.3711,0.379,0.1688,0.3456,0.3243,0.0,0.0,0.0,0.0,0.0,2e-06,8e-06,2.6e-05,7.6e-05,0.000198,0.000467,0.001008,0.002003,0.003689,0.006339,0.010214,0.015497,0.022231,0.030255,0.039183,0.048423,0.057247,0.064888,0.070661,0.074065,0.074854,0.073058,0.068962,0.063041,0.05588,0.048087,0.040216,0.03272,0.025924,0.020019,0.015081,0.011091,0.007969,0.005598,0.003848,0.002589,0.001707,0.001103,0.000699,0.000434,0.000265,0.000375,0.975969,0.024031,1,0.024324,0.960472,0.039528,1,0.04033,0.938241,0.061759,0,2.784515,0.907986,0.092014,0,2.385814,0.868803,0.131197,0,2.031056,0.82038,0.17962,0,1.71691,0.763133,0.236867,0,1.440256,0.698245,0.301755,0,1.19814,0.627584,0.372416,0,0.987744,0.553519,0.446481,0,0.806358,0.478665,0.521335,0,0.651362,0.405606,0.594394,0,0.520214,0.336645,0.663355,0,0.410445,0.273604,0.726396,0,0.31966,0.217724,0.782276,0,0.245547,0.169637,0.830363,0,0.185893,0.129422,0.870578,0,0.138598,0.096701,0.903299,0,0.101702,0.070777,0.929223,0,0.073407,1e-05,0.000112,0.000615,0.00227,0.006346,0.014326,0.027201,0.04468,0.064804,0.084307,0.099601,0.107926,0.108149,0.100913,0.088194,0.07256,0.056444,0.041674,0.029304,0.019684,0.012664,0.007824,0.004651,0.005723,4e-06,4.4e-05,0.000263,0.001052,0.003182,0.007777,0.015986,0.028425,0.044631,0.062857,0.080389,0.094298,0.102292,0.103326,0.097758,0.087067,0.073319,0.058602,0.044609,0.032437,0.022592,0.015109,0.009723,0.014175,0.990629,0.009371,0.976303,0.023697,0.949102,0.050898,0.904422,0.095578,0.839618,0.160382,0.755311,0.244689,0.65571,0.34429,0.547784,0.452216,0.439635,0.560365,0.338723,0.661277,0.250528,0.749472,0.177968,0.822032,0.121524,0.878476,0.07985,0.92015,0.050546,0.949454,0.995373,0.004627,0.987596,0.012404,0.97161,0.02839,0.943185,0.056815,0.898553,0.101447,0.835697,0.164303,0.755308,0.244692,0.66101,0.33899,0.558718,0.441282,0.455392,0.544608,0.357634,0.642366,0.270567,0.729433,0.197248,0.802752,0.138646,0.861354,0.094037,0.905963,1,0.009415,1,0.004638,1,0.023982,1,0.012482,1,0.052239,1,0.028801,1,0.100459,1,0.058493,1,0.174808,0,2.288219,0,1.407767,0,1.806043,0,1.066271,0,1.407755,0,0.793595,0,1.081785,0,0.579167,0,0.818071,0,0.413582,0,0.607689,0,0.288386,0,0.442597,0,0.195976,0,0.315488,0,0.129567,0,0.219709,0,0.083219,0,0.14925,0,0.051868,0,0.098757
2609,2025/26,30,Cracovia,Pogoń Szczecin,14.0,20.0,34.0,12.4676,11.9409,24.4085,0.009698,1,4765.8018,0.3711,0.379,0.1688,0.3456,0.3243,0.0,0.0,0.0,0.0,1e-06,4e-06,1.5e-05,5e-05,0.00014,0.000352,0.000803,0.00167,0.003199,0.005684,0.009419,0.014636,0.021416,0.029627,0.038884,0.048565,0.057879,0.065987,0.072129,0.075746,0.076565,0.074621,0.070233,0.06393,0.056356,0.048172,0.039974,0.032238,0.025293,0.019324,0.01439,0.010453,0.007413,0.005136,0.003479,0.002306,0.001496,0.000951,0.000592,0.000362,0.000217,0.000128,0.000167,0.964026,0.035974,1,0.036637,0.94261,0.05739,1,0.059102,0.912983,0.087017,1,0.091038,0.874099,0.125901,1,0.134562,0.825534,0.174466,1,0.191725,0.767655,0.232345,1,0.264415,0.701668,0.298332,1,0.354295,0.62954,0.37046,1,0.462767,0.553794,0.446206,1,0.590963,0.477229,0.522771,1,0.739759,0.402608,0.597392,1,0.909791,0.332376,0.667624,1,1.101489,0.268446,0.731554,1,1.315106,0.21209,0.78791,1,1.550746,0.163917,0.836083,1,1.808392,0.123943,0.876057,1,2.087932,0.091705,0.908295,1,2.389176,0.066412,0.933588,1,2.711875,0.047088,0.952912,1,3.055735,8e-06,8.6e-05,0.000483,0.001826,0.005226,0.012076,0.023472,0.039466,0.058597,0.078036,0.094373,0.10468,0.107378,0.102564,0.091759,0.077278,0.061537,0.04651,0.033478,0.023019,0.015161,0.009587,0.005834,0.007537,1.2e-05,0.000133,0.000716,0.002605,0.007172,0.015946,0.02982,0.048242,0.068914,0.088302,0.102745,0.109652,0.10822,0.099454,0.085607,0.069368,0.053146,0.038647,0.026765,0.017707,0.011221,0.006827,0.003997,0.004768,0.992343,0.007657,0.980267,0.019733,0.956795,0.043205,0.917328,0.082672,0.858732,0.141268,0.780696,0.219304,0.686323,0.313677,0.581643,0.418357,0.474264,0.525736,0.3717,0.6283,0.279942,0.720058,0.202663,0.797337,0.141127,0.858873,0.094617,0.905383,0.061139,0.938861,0.989348,0.010652,0.973403,0.026597,0.943582,0.056418,0.89534,0.10466,0.826426,0.173574,0.738124,0.261876,0.635379,0.364621,0.525727,0.474273,0.417508,0.582492,0.318054,0.681946,0.232447,0.767553,0.163078,0.836922,0.109932,0.890068,0.071285,0.928715,0.044519,0.955481,1,0.007686,1,0.010709,1,0.01993,1,0.026957,1,0.044166,1,0.058072,1,0.08629,1,0.110552,1,0.152298,1,0.190645,1,0.247569,1,0.303643,1,0.376407,1,0.453534,1,0.541898,1,0.642973,1,0.745991,1,0.873452,1,0.989668,1,1.145534,0,0.328424,1,1.459093,0,0.226478,1,1.813527,0,0.152134,1,2.207893,0,0.099397,1,2.641069,0,0.063088,1,3.111839
2610,2025/26,30,Lech Poznań,Legia Warszawa,11.0,14.0,25.0,12.0171,13.6373,25.6544,0.009698,1,4765.8018,0.3711,0.379,0.1688,0.3456,0.3243,0.0,0.0,0.0,0.0,0.0,2e-06,7e-06,2.2e-05,6.6e-05,0.000173,0.000413,0.000897,0.001797,0.003336,0.005778,0.009384,0.014353,0.020755,0.028473,0.037172,0.046308,0.055187,0.063058,0.069223,0.073144,0.074522,0.073323,0.069773,0.0643,0.057459,0.049847,0.042028,0.034473,0.027535,0.021437,0.016281,0.012071,0.008744,0.006193,0.004292,0.002912,0.001935,0.00126,0.000805,0.000505,0.000311,0.000448,0.978125,0.021875,1,0.022118,0.963772,0.036228,1,0.0369,0.943017,0.056983,1,0.058671,0.914544,0.085456,1,0.089329,0.877373,0.122627,1,0.130823,0.831065,0.168935,1,0.185047,0.775878,0.224122,1,0.25376,0.712821,0.287179,1,0.338525,0.643598,0.356402,1,0.440681,0.570453,0.429547,1,0.561324,0.495932,0.504068,0,0.685044,0.422609,0.577391,0,0.549236,0.352836,0.647164,0,0.435156,0.288537,0.711463,0,0.340431,0.231077,0.768923,0,0.262765,0.18123,0.81877,0,0.199952,0.139203,0.860797,0,0.149896,0.10473,0.89527,0,0.11063,0.077194,0.922806,0,0.080336,1.2e-05,0.000125,0.000677,0.002475,0.006853,0.015324,0.028821,0.046892,0.067369,0.086815,0.101593,0.109042,0.108232,0.100034,0.086599,0.070573,0.054378,0.039769,0.0277,0.01843,0.011745,0.007187,0.004232,0.005107,3e-06,3.3e-05,0.000201,0.000821,0.002544,0.006366,0.013399,0.024396,0.039222,0.056562,0.074072,0.08897,0.098825,0.102216,0.099024,0.090308,0.077871,0.063732,0.049676,0.036987,0.026379,0.018064,0.011903,0.018302,0.989844,0.010156,0.97452,0.02548,0.945699,0.054301,0.898806,0.101194,0.831437,0.168563,0.744622,0.255378,0.643029,0.356971,0.533987,0.466013,0.425755,0.574245,0.325721,0.674279,0.239122,0.760878,0.168549,0.831451,0.11417,0.88583,0.074401,0.925599,0.046701,0.953299,0.996273,0.003727,0.989907,0.010093,0.976508,0.023492,0.952112,0.047888,0.91289,0.08711,0.856328,0.143672,0.782256,0.217744,0.693286,0.306714,0.594461,0.405539,0.492245,0.507755,0.393221,0.606779,0.302913,0.697087,0.225042,0.774958,0.16131,0.83869,0.111635,0.888365,1,0.010208,1,0.003734,1,0.02581,1,0.010144,1,0.055831,1,0.023772,1,0.106688,1,0.049073,1,0.1846,1,0.09114,1,0.294879,1,0.155102,1,0.441565,1,0.245573,0,0.763542,1,0.366313,0,0.554699,1,0.5201,0,0.394111,1,0.708779,0,0.273282,0,0.499591,0,0.184583,0,0.360845,0,0.12123,0,0.254946,0,0.077314,0,0.175914,0,0.047827,0,0.118373
2611,2025/26,30,Jagiellonia Białystok,Górnik Zabrze,13.0,14.0,27.0,12.7314,11.729,24.4605,0.009698,1,4765.8018,0.3711,0.379,0.1688,0.3456,0.3243,0.0,0.0,0.0,0.0,1e-06,4e-06,1.5e-05,4.8e-05,0.000136,0.000342,0.000781,0.001629,0.003126,0.005563,0.009236,0.014378,0.021078,0.029214,0.038413,0.048066,0.057393,0.065556,0.071792,0.075536,0.076497,0.074696,0.070438,0.064239,0.056737,0.048591,0.040399,0.032644,0.025661,0.019643,0.014656,0.010667,0.007579,0.005261,0.003571,0.002371,0.001542,0.000982,0.000613,0.000375,0.000225,0.000133,0.000174,0.964741,0.035259,1,0.035896,0.943663,0.056337,1,0.057986,0.914449,0.085551,1,0.089434,0.876036,0.123964,1,0.132349,0.827969,0.172031,1,0.188779,0.770577,0.229423,1,0.260616,0.705021,0.294979,1,0.349528,0.633229,0.366771,1,0.456924,0.557693,0.442307,1,0.583947,0.481196,0.518804,1,0.73148,0.4065,0.5935,1,0.90017,0.336063,0.663937,1,1.090457,0.271824,0.728176,0,0.317212,0.215087,0.784913,0,0.242182,0.166496,0.833504,0,0.182117,0.126097,0.873903,0,0.134785,0.093453,0.906547,0,0.098113,0.067792,0.932208,0,0.0702,0.048149,0.951851,0,0.049347,6e-06,6.9e-05,0.000396,0.001527,0.004451,0.01048,0.020753,0.035551,0.053778,0.072968,0.089906,0.101603,0.106185,0.103335,0.094189,0.080819,0.065568,0.05049,0.037027,0.025939,0.017406,0.011214,0.006953,0.009345,1.5e-05,0.000158,0.000839,0.003002,0.008134,0.017796,0.03275,0.052137,0.073292,0.092415,0.105818,0.111132,0.107932,0.09761,0.082681,0.06593,0.049707,0.03557,0.024242,0.015782,0.009841,0.005892,0.003395,0.00392,0.99351,0.00649,0.98303,0.01697,0.962277,0.037723,0.926726,0.073274,0.872948,0.127052,0.79998,0.20002,0.710074,0.289926,0.608471,0.391529,0.502286,0.497714,0.398952,0.601048,0.304763,0.695237,0.223944,0.776056,0.158375,0.841625,0.107886,0.892114,0.070858,0.929142,0.987843,0.012157,0.970047,0.029953,0.937297,0.062703,0.885159,0.114841,0.811867,0.188133,0.719452,0.280548,0.613635,0.386365,0.502503,0.497497,0.394571,0.605429,0.296961,0.703039,0.21428,0.78572,0.14835,0.85165,0.098643,0.901357,0.063073,0.936927,0.038831,0.961169,1,0.006511,1,0.012232,1,0.017116,1,0.030411,1,0.038453,1,0.064755,1,0.076097,1,0.121988,1,0.135879,1,0.208419,1,0.223169,1,0.329265,1,0.342386,1,0.488355,1,0.496806,1,0.688154,1,0.688586,1,0.929956,0,0.50908,1,1.214154,0,0.363502,0,0.241155,0,0.253531,0,0.16058,0,0.172421,0,0.103854,0,0.114161,0,0.06515,0,0.073494,0,0.039605
2612,2025/26,30,Piast Gliwice,Arka Gdynia,11.0,7.0,18.0,11.6377,12.7899,24.4276,0.009698,1,4765.8018,0.3711,0.379,0.1688,0.3456,0.3243,0.0,0.0,0.0,0.0,1e-06,4e-06,1.5e-05,4.9e-05,0.000138,0.000349,0.000795,0.001655,0.003173,0.005641,0.009354,0.014543,0.021294,0.029478,0.038713,0.048382,0.0577,0.065827,0.072002,0.075665,0.076535,0.074644,0.070304,0.06404,0.056494,0.048325,0.04013,0.032387,0.025429,0.019443,0.014489,0.010533,0.007475,0.005183,0.003514,0.002331,0.001513,0.000963,0.0006,0.000367,0.00022,0.00013,0.000169,0.964281,0.035719,1,0.036373,0.942987,0.057013,1,0.058703,0.913509,0.086491,1,0.090462,0.874796,0.125204,0,2.077809,0.826413,0.173587,0,1.751078,0.768713,0.231287,0,1.464097,0.702886,0.297114,0,1.213641,0.630884,0.369116,0,0.996645,0.555219,0.444781,0,0.810174,0.478684,0.521316,0,0.651399,0.40404,0.59596,0,0.517582,0.333736,0.666264,0,0.406069,0.269696,0.730304,0,0.314294,0.213202,0.786798,0,0.239784,0.164877,0.835123,0,0.180177,0.124747,0.875253,0,0.133242,0.09236,0.90764,0,0.096907,0.06693,0.93307,0,0.069275,0.047488,0.952512,0,0.048652,1.6e-05,0.00017,0.000898,0.003191,0.008584,0.018651,0.034083,0.05388,0.075212,0.094172,0.107075,0.111666,0.107693,0.096712,0.081347,0.064412,0.048224,0.034267,0.02319,0.014992,0.009283,0.005519,0.003158,0.003596,6e-06,6.6e-05,0.000379,0.001467,0.004295,0.010153,0.020188,0.034726,0.052744,0.071857,0.088899,0.100876,0.105856,0.103435,0.094666,0.081561,0.06644,0.051371,0.037827,0.026608,0.017928,0.011598,0.00722,0.00979,0.987132,0.012868,0.968481,0.031519,0.934399,0.065601,0.880519,0.119481,0.805307,0.194693,0.711135,0.288865,0.60406,0.39594,0.492394,0.507606,0.384701,0.615299,0.287989,0.712011,0.206642,0.793358,0.14223,0.85777,0.094006,0.905994,0.059739,0.940261,0.036548,0.963452,0.993743,0.006257,0.98359,0.01641,0.963402,0.036598,0.928676,0.071324,0.875932,0.124068,0.804075,0.195925,0.715177,0.284823,0.6143,0.3857,0.508444,0.491556,0.405009,0.594991,0.310343,0.689657,0.228782,0.771218,0.162341,0.837659,0.110971,0.889029,0.073143,0.926857,1,0.012952,1,0.006277,1,0.032026,1,0.016546,1,0.067852,1,0.037285,1,0.127244,0,2.640522,1,0.216532,0,2.086925,1,0.340893,0,1.630023,1,0.504082,0,1.255887,0,0.67805,0,0.952695,0,0.485647,0,0.710179,0,0.339662,0,0.519209,0,0.231481,0,0.371561,0,0.153419,0,0.259784,0,0.098723,0,0.177144,0,0.061598,0,0.117625,0,0.037233,0,0.075956
2613,2025/26,30,Widzew Łódź,Motor Lublin,17.0,18.0,35.0,14.624,13.521,28.145,0.009698,1,4765.8018,0.3711,0.379,0.1688,0.3456,0.3243,0.0,0.0,0.0,0.0,0.0,0.0,1e-06,4e-06,1.4e-05,4e-05,0.000103,0.000244,0.00053,0.001069,0.00201,0.003543,0.005883,0.009234,0.013751,0.019487,0.026352,0.034089,0.04228,0.050379,0.057781,0.063898,0.06824,0.070482,0.0705,0.068379,0.064385,0.058919,0.052453,0.045473,0.038423,0.03167,0.025485,0.020036,0.015401,0.011583,0.008528,0.006151,0.004348,0.003014,0.002051,0.001369,0.002415,0.99244,0.00756,1,0.007588,0.986557,0.013443,1,0.013534,0.977323,0.022677,1,0.022938,0.963571,0.036429,1,0.037109,0.944084,0.055916,1,0.05754,0.917732,0.082268,1,0.08585,0.883643,0.116357,1,0.123703,0.841363,0.158637,1,0.172732,0.790984,0.209016,1,0.234478,0.733203,0.266797,1,0.310333,0.669304,0.330696,1,0.401516,0.601064,0.398936,1,0.509053,0.530582,0.469418,1,0.63378,0.460082,0.539918,1,0.77635,0.391703,0.608297,1,0.937252,0.327318,0.672682,1,1.116824,0.268399,0.731601,1,1.315281,0.215946,0.784054,1,1.532726,0.170474,0.829526,1,1.769175,1e-06,1.5e-05,9.5e-05,0.000414,0.001366,0.003634,0.008134,0.015748,0.026923,0.041285,0.057492,0.073431,0.086734,0.095394,0.098271,0.0953,0.087383,0.076048,0.063032,0.049906,0.037847,0.02756,0.019312,0.034299,3e-06,3.6e-05,0.000219,0.000889,0.002735,0.006793,0.01419,0.025641,0.040914,0.058557,0.076105,0.090723,0.100013,0.102665,0.098709,0.089342,0.076457,0.062103,0.048041,0.0355,0.025127,0.017077,0.011168,0.01688,0.997732,0.002268,0.994098,0.005902,0.985964,0.014036,0.970216,0.029784,0.943293,0.056707,0.902008,0.097992,0.844516,0.155484,0.771085,0.228915,0.684351,0.315649,0.588957,0.411043,0.490686,0.509314,0.395385,0.604615,0.308003,0.691997,0.231955,0.768045,0.168923,0.831077,0.996007,0.003993,0.989214,0.010786,0.975024,0.024976,0.949383,0.050617,0.908469,0.091531,0.849913,0.150087,0.773807,0.226193,0.683084,0.316916,0.583071,0.416929,0.480406,0.519594,0.381696,0.618304,0.292354,0.707646,0.215897,0.784103,0.153795,0.846205,0.105754,0.894246,1,0.002271,1,0.004001,1,0.005919,1,0.010845,1,0.014135,1,0.025293,1,0.030237,1,0.051943,1,0.058378,1,0.095995,1,0.103132,1,0.162621,1,0.168992,1,0.256433,1,0.259957,1,0.381137,1,0.379284,1,0.539446,1,0.529402,1,0.733124,1,0.711951,1,0.963131,1,0.927895,1,1.22979,1,1.177646,1,1.532954,0,0.263907,1,1.872135,0,0.185033,0,0.111774
2614,2025/26,31,Arka Gdynia,Górnik Zabrze,14.0,12.0,26.0,12.8374,12.2615,25.0989,0.009509,1,4813.185,0.3742,0.3828,0.1655,0.3481,0.3238,0.0,0.0,0.0,0.0,1e-06,2e-06,1e-05,3.1e-05,9.1e-05,0.000236,0.000551,0.001177,0.002315,0.00422,0.007177,0.011443,0.017179,0.024383,0.032829,0.042059,0.051413,0.060117,0.06739,0.072571,0.075217,0.075162,0.072526,0.067678,0.061156,0.053581,0.045571,0.037665,0.030283,0.023708,0.018089,0.013462,0.009781,0.006942,0.004817,0.00327,0.002173,0.001415,0.000902,0.000565,0.000347,0.000209,0.000287,0.972746,0.027254,1,0.027633,0.955566,0.044434,1,0.045451,0.931183,0.068817,1,0.071299,0.898354,0.101646,1,0.107191,0.856295,0.143705,1,0.15514,0.804882,0.195118,1,0.21706,0.744765,0.255235,1,0.294687,0.677375,0.322625,1,0.389531,0.604804,0.395196,1,0.502852,0.529586,0.470414,1,0.635659,0.454425,0.545575,1,0.788723,0.381898,0.618102,0,0.481102,0.314221,0.685779,0,0.377199,0.253065,0.746935,0,0.291777,0.199484,0.800516,0,0.222498,0.153913,0.846087,0,0.167133,0.116248,0.883752,0,0.123579,0.085965,0.914035,0,0.089887,0.062258,0.937742,0,0.06428,5e-06,6.3e-05,0.000363,0.00141,0.004148,0.009852,0.019679,0.033998,0.051856,0.070934,0.0881,0.100344,0.105675,0.103612,0.095139,0.082225,0.067181,0.052091,0.038461,0.027123,0.018319,0.011878,0.007411,0.010089,9e-06,0.000101,0.000559,0.002086,0.005889,0.013425,0.025739,0.042681,0.062485,0.08204,0.097799,0.106915,0.108072,0.101705,0.089636,0.074356,0.058311,0.043397,0.030755,0.020817,0.013495,0.008399,0.005029,0.006279,0.993966,0.006034,0.984114,0.015886,0.964435,0.035565,0.930438,0.069562,0.878581,0.121419,0.807647,0.192353,0.719547,0.280453,0.619203,0.380797,0.513529,0.486471,0.409916,0.590084,0.314777,0.685223,0.232553,0.767447,0.165372,0.834628,0.113281,0.886719,0.07482,0.92518,0.991336,0.008664,0.977911,0.022089,0.952172,0.047828,0.909491,0.090509,0.847006,0.152994,0.764966,0.235034,0.667167,0.332833,0.560251,0.439749,0.452179,0.547821,0.350474,0.649526,0.260838,0.739162,0.186482,0.813518,0.12817,0.87183,0.084773,0.915227,0.054019,0.945981,1,0.006052,1,0.008702,1,0.016014,1,0.022337,1,0.036213,1,0.04901,1,0.0721,1,0.09487,1,0.129447,1,0.166048,1,0.21363,1,0.267924,1,0.329133,1,0.404715,1,0.479322,1,0.57937,1,0.666449,0,0.601807,1,0.891803,0,0.431512,0,0.378011,0,0.302238,0,0.264686,0,0.206387,0,0.180769,0,0.137161,0,0.120227,0,0.088583,0,0.077767,0,0.055533
2615,2025/26,31,Legia Warszawa,Widzew Łódź,15.0,15.0,30.0,13.4058,13.779,27.1848,0.009509,1,4813.185,0.3742,0.3828,0.1655,0.3481,0.3238,0.0,0.0,0.0,0.0,0.0,1e-06,2e-06,8e-06,2.5e-05,7e-05,0.000175,0.000402,0.000849,0.001661,0.003033,0.005192,0.008369,0.012753,0.018434,0.025355,0.033276,0.041773,0.050273,0.058123,0.064676,0.069385,0.071879,0.07201,0.069859,0.065712,0.06,0.05324,0.045955,0.038625,0.031639,0.025279,0.019718,0.015025,0.011193,0.008157,0.00582,0.004067,0.002786,0.001871,0.001233,0.000798,0.001297,0.988581,0.011419,1,0.011485,0.980211,0.019789,1,0.019987,0.967458,0.032542,1,0.033083,0.949024,0.050976,1,0.052321,0.923669,0.076331,1,0.079402,0.890393,0.109607,1,0.116093,0.84862,0.15138,1,0.164144,0.798346,0.201654,1,0.225213,0.740223,0.259777,1,0.300804,0.675547,0.324453,1,0.392232,0.606162,0.393838,1,0.500608,0.534283,0.465717,1,0.62683,0.462272,0.537728,1,0.771601,0.392413,0.607587,1,0.935441,0.326701,0.673299,1,1.118709,0.266701,0.733299,0,0.310202,0.213461,0.786539,0,0.240113,0.167506,0.832494,0,0.183329,0.128881,0.871119,0,0.137977,3e-06,3.9e-05,0.000236,0.000955,0.002919,0.007206,0.014959,0.026858,0.042576,0.060527,0.078126,0.092478,0.101215,0.103137,0.098422,0.088402,0.075065,0.060489,0.046416,0.034019,0.023878,0.016091,0.010433,0.015457,2e-06,2.9e-05,0.000178,0.000738,0.002312,0.005847,0.012437,0.022881,0.037163,0.054133,0.071593,0.08683,0.097373,0.101665,0.099404,0.091482,0.079592,0.065717,0.051668,0.0388,0.027905,0.019267,0.0128,0.020036,0.995753,0.004247,0.988547,0.011453,0.973589,0.026411,0.94673,0.05327,0.904155,0.095845,0.843628,0.156372,0.765502,0.234498,0.673025,0.326975,0.571809,0.428191,0.468672,0.531328,0.37025,0.62975,0.281848,0.718152,0.206783,0.793217,0.146294,0.853706,0.099878,0.900122,0.996594,0.003406,0.990747,0.009253,0.97831,0.02169,0.955429,0.044571,0.918265,0.081735,0.864133,0.135867,0.79254,0.20746,0.70571,0.29429,0.608337,0.391663,0.506672,0.493328,0.407268,0.592732,0.315785,0.684215,0.236193,0.763807,0.170476,0.829524,0.118808,0.881192,1,0.004256,1,0.003412,1,0.011519,1,0.009296,1,0.026766,1,0.021929,1,0.054741,1,0.045595,1,0.100754,1,0.085269,1,0.170044,1,0.146029,1,0.267223,1,0.232512,1,0.395973,1,0.348551,1,0.55895,1,0.497026,1,0.757852,1,0.679891,1,0.993577,1,0.898284,0,0.331074,0,0.379483,0,0.231658,0,0.26944,0,0.158168,0,0.186903,0,0.105225,0,0.12648
2616,2025/26,31,Motor Lublin,Lech Poznań,10.0,8.0,18.0,13.4913,12.5587,26.05,0.009509,1,4813.185,0.3742,0.3828,0.1655,0.3481,0.3238,0.0,0.0,0.0,0.0,0.0,1e-06,5e-06,1.7e-05,5.1e-05,0.000136,0.000329,0.000726,0.001476,0.002782,0.004891,0.00806,0.012509,0.018352,0.025542,0.033825,0.042742,0.051662,0.059864,0.066639,0.071396,0.073749,0.073562,0.070959,0.066282,0.060031,0.052779,0.045093,0.037478,0.03033,0.023923,0.018405,0.013823,0.010142,0.007275,0.005105,0.003507,0.00236,0.001556,0.001007,0.000639,0.000398,0.000591,0.981524,0.018476,1,0.018649,0.969015,0.030985,1,0.031475,0.950663,0.049337,1,0.050596,0.925121,0.074879,0,2.59188,0.891296,0.108704,0,2.219123,0.848554,0.151446,0,1.887525,0.796892,0.203108,0,1.594018,0.737029,0.262971,0,1.33571,0.67039,0.32961,0,1.109845,0.598994,0.401006,0,0.913778,0.525245,0.474755,0,0.744955,0.451683,0.548317,0,0.600901,0.380724,0.619276,0,0.479204,0.314442,0.685558,0,0.377521,0.25441,0.74559,0,0.293579,0.201631,0.798369,0,0.225185,0.156539,0.843461,0,0.170241,0.11906,0.88094,0,0.126766,0.08873,0.91127,0,0.092916,3e-06,3.7e-05,0.000222,0.0009,0.002768,0.006871,0.014344,0.0259,0.041288,0.059028,0.076622,0.09121,0.100392,0.102877,0.098728,0.089179,0.076152,0.061713,0.047622,0.0351,0.024777,0.016791,0.010948,0.016426,7e-06,7.9e-05,0.000447,0.001705,0.004918,0.011455,0.022437,0.038011,0.056853,0.076262,0.092879,0.103736,0.107128,0.103,0.092743,0.078599,0.062973,0.047881,0.034667,0.023974,0.015878,0.010096,0.006176,0.008064,0.995967,0.004033,0.989096,0.010904,0.974752,0.025248,0.948853,0.051147,0.907565,0.092435,0.848537,0.151463,0.771915,0.228085,0.680705,0.319295,0.580313,0.419687,0.477436,0.522564,0.378708,0.621292,0.289529,0.710471,0.213377,0.786623,0.151664,0.848336,0.104042,0.895958,0.992812,0.007188,0.981358,0.018642,0.958921,0.041079,0.92091,0.07909,0.864057,0.135943,0.787795,0.212205,0.694916,0.305084,0.59118,0.40882,0.484052,0.515948,0.381052,0.618948,0.288309,0.711691,0.20971,0.79029,0.146736,0.853264,0.098855,0.901145,0.064188,0.935812,1,0.004041,1,0.007214,1,0.010964,1,0.018818,1,0.025572,1,0.041947,1,0.052501,1,0.082393,1,0.09699,0,1.99552,1,0.164242,0,1.550202,0,1.478037,0,1.187168,0,1.14164,0,0.89448,0,0.868246,0,0.661749,0,0.649008,0,0.479734,0,0.475954,0,0.340111,0,0.341827,0,0.235355,0,0.240006,0,0.158686,0,0.164478,0,0.104089,0,0.109862,0,0.066341
2617,2025/26,31,Zagłębie Lubin,Cracovia,6.0,14.0,20.0,14.2566,13.7914,28.048,0.009509,1,4813.185,0.3742,0.3828,0.1655,0.3481,0.3238,0.0,0.0,0.0,0.0,0.0,0.0,1e-06,5e-06,1.5e-05,4.2e-05,0.000108,0.000254,0.000551,0.00111,0.002082,0.003664,0.006072,0.009512,0.014134,0.019985,0.026963,0.034797,0.04305,0.051167,0.05853,0.064551,0.068744,0.070799,0.070608,0.068277,0.064089,0.058461,0.051876,0.044822,0.037744,0.031002,0.024859,0.019473,0.014913,0.011173,0.008195,0.005887,0.004145,0.002862,0.001939,0.001289,0.002248,0.992168,0.007832,1,0.007863,0.986096,0.013904,1,0.014002,0.976584,0.023416,1,0.023695,0.96245,0.03755,1,0.038274,0.942464,0.057536,1,0.059257,0.915501,0.084499,0,2.471015,0.880704,0.119296,0,2.126151,0.837654,0.162346,0,1.818026,0.786487,0.213513,0,1.544059,0.727957,0.272043,0,1.301797,0.663407,0.336593,0,1.08888,0.594662,0.405338,0,0.903035,0.523863,0.476137,0,0.742051,0.453255,0.546745,0,0.603773,0.384979,0.615021,0,0.486098,0.320889,0.679111,0,0.386971,0.262428,0.737572,0,0.304392,0.210553,0.789447,0,0.236422,0.16573,0.83427,0,0.181199,2e-06,2e-05,0.000124,0.00053,0.001711,0.004459,0.009774,0.018529,0.031014,0.046554,0.063449,0.079302,0.091646,0.098605,0.099356,0.094229,0.084484,0.071885,0.058243,0.045072,0.033405,0.023769,0.016273,0.027318,2e-06,2.9e-05,0.000177,0.000732,0.002294,0.005807,0.012361,0.022758,0.036993,0.053927,0.071377,0.086638,0.097235,0.101601,0.099421,0.091571,0.079733,0.065885,0.051842,0.038961,0.028043,0.019378,0.012884,0.020204,0.997364,0.002636,0.992905,0.007095,0.983131,0.016869,0.964602,0.035398,0.933588,0.066412,0.887034,0.112966,0.823586,0.176414,0.744284,0.255716,0.652638,0.347362,0.554033,0.445967,0.454677,0.545323,0.360449,0.639551,0.275965,0.724035,0.20408,0.79592,0.145837,0.854163,0.996619,0.003381,0.990812,0.009188,0.978451,0.021549,0.955693,0.044307,0.918701,0.081299,0.864774,0.135226,0.793396,0.206604,0.706758,0.293242,0.609523,0.390477,0.507922,0.492078,0.408501,0.591499,0.31693,0.68307,0.237197,0.762803,0.171312,0.828688,0.11947,0.88053,1,0.002639,1,0.003387,1,0.00712,1,0.00923,0,4.082278,1,0.021785,0,3.3411,1,0.045319,0,2.711878,1,0.084795,0,2.180668,1,0.145287,0,1.734922,1,0.231433,0,1.363688,1,0.347067,0,1.057388,1,0.495079,0,0.80751,1,0.677427,0,0.606377,0,0.525095,0,0.446989,0,0.381158,0,0.322916,0,0.270755,0,0.228257,0,0.187912,0,0.157633,0,0.127231
2618,2025/26,31,Radomiak Radom,Lechia Gdańsk,10.0,9.0,19.0,11.3321,13.0283,24.3604,0.009509,1,4813.185,0.3742,0.3828,0.1655,0.3481,0.3238,0.0,0.0,0.0,0.0,1e-06,4e-06,1.6e-05,5.1e-05,0.000143,0.00036,0.000819,0.001701,0.003256,0.005779,0.009567,0.014848,0.021701,0.029984,0.039301,0.049018,0.058335,0.066407,0.072474,0.075985,0.076677,0.0746,0.070087,0.063678,0.056027,0.047796,0.039582,0.031855,0.024939,0.019012,0.014125,0.010237,0.007242,0.005006,0.003383,0.002236,0.001447,0.000917,0.00057,0.000347,0.000208,0.000122,0.000158,0.963456,0.036544,1,0.037229,0.941754,0.058246,1,0.060011,0.91177,0.08823,1,0.092368,0.872468,0.127532,1,0.136429,0.823451,0.176549,0,1.734154,0.765116,0.234884,0,1.448661,0.698709,0.301291,0,1.199677,0.626234,0.373766,0,0.984126,0.550249,0.449751,0,0.799062,0.473572,0.526428,0,0.641641,0.398972,0.601028,0,0.509114,0.328886,0.671114,0,0.398816,0.265208,0.734792,0,0.308167,0.209181,0.790819,0,0.234686,0.161385,0.838615,0,0.176004,0.121804,0.878196,0,0.129885,0.089949,0.910051,0,0.094255,0.06501,0.93499,0,0.06722,0.045999,0.954001,0,0.04709,2.1e-05,0.000217,0.001119,0.003889,0.010229,0.021724,0.038799,0.059935,0.081742,0.099979,0.111029,0.113074,0.106476,0.093347,0.07664,0.059226,0.043268,0.029998,0.019804,0.012488,0.007541,0.004372,0.002439,0.002641,5e-06,5.4e-05,0.000314,0.001237,0.003688,0.008876,0.017965,0.031447,0.048601,0.067361,0.084769,0.097827,0.104387,0.103704,0.096483,0.08449,0.069945,0.054952,0.04111,0.029375,0.020102,0.013207,0.008349,0.011695,0.984521,0.015479,0.962797,0.037203,0.923998,0.076002,0.864063,0.135937,0.782321,0.217679,0.682342,0.317658,0.571312,0.428688,0.458239,0.541761,0.351763,0.648237,0.258416,0.741584,0.181776,0.818224,0.12255,0.87745,0.079283,0.920717,0.049285,0.950715,0.029481,0.970519,0.994643,0.005357,0.985767,0.014233,0.967803,0.032197,0.936356,0.063644,0.887755,0.112245,0.820394,0.179606,0.735625,0.264375,0.637798,0.362202,0.533411,0.466589,0.429707,0.570293,0.333224,0.666776,0.248734,0.751266,0.178789,0.821211,0.123837,0.876163,0.082727,0.917273,1,0.0156,1,0.005371,1,0.037913,1,0.014335,1,0.079045,1,0.032727,1,0.14611,1,0.06576,1,0.24549,1,0.119059,1,0.382224,0,1.71699,0,0.847026,0,1.330387,0,0.61293,0,1.015553,0,0.433499,0,0.762306,0,0.298967,0,0.561605,0,0.200619,0,0.405301,0,0.130735,0,0.285995,0,0.082603,0,0.196975,0,0.050541,0,0.132203,0,0.029924,0,0.08635
2619,2025/26,31,Pogoń Szczecin,Wisła Płock,10.0,8.0,18.0,10.9587,10.8085,21.7672,0.009509,1,4813.185,0.3742,0.3828,0.1655,0.3481,0.3238,0.0,0.0,0.0,1e-06,7e-06,2.6e-05,8.9e-05,0.000257,0.000655,0.001491,0.003066,0.00576,0.009963,0.01598,0.023907,0.033532,0.044288,0.055299,0.065499,0.07382,0.079385,0.081659,0.080528,0.076288,0.069558,0.061146,0.051905,0.042609,0.033871,0.026106,0.019532,0.014201,0.010045,0.006918,0.004643,0.00304,0.001943,0.001213,0.00074,0.000442,0.000259,0.000148,8.3e-05,4.6e-05,2.5e-05,1.3e-05,1.4e-05,0.905266,0.094734,1,0.099527,0.860977,0.139023,1,0.149687,0.805678,0.194322,1,0.216071,0.74018,0.25982,0,1.347765,0.66636,0.33364,0,1.097691,0.586974,0.413026,0,0.884246,0.505316,0.494684,0,0.703835,0.424788,0.575212,0,0.553016,0.3485,0.6515,0,0.428477,0.278941,0.721059,0,0.327035,0.217795,0.782205,0,0.245638,0.16589,0.83411,0,0.18139,0.123281,0.876719,0,0.131569,0.08941,0.91059,0,0.093663,0.063304,0.936696,0,0.065397,0.043772,0.956228,0,0.044759,0.029571,0.970429,0,0.030017,0.019526,0.980474,0,0.019719,0.012608,0.987392,0,0.012689,3e-05,0.000295,0.001476,0.004977,0.0127,0.026168,0.045342,0.067953,0.089911,0.10669,0.114946,0.113569,0.103751,0.088244,0.070288,0.052696,0.037349,0.025121,0.01609,0.009843,0.005767,0.003244,0.001755,0.001793,3.4e-05,0.000333,0.00165,0.005493,0.013842,0.028166,0.048198,0.071335,0.093213,0.109232,0.116223,0.113403,0.102312,0.085939,0.067601,0.050052,0.035034,0.023271,0.01472,0.008893,0.005145,0.002858,0.001528,0.001524,0.980519,0.019481,0.954351,0.045649,0.909009,0.090991,0.841056,0.158944,0.751145,0.248855,0.644455,0.355545,0.529509,0.470491,0.415941,0.584059,0.31219,0.68781,0.223946,0.776054,0.153658,0.846342,0.100962,0.899038,0.063613,0.936387,0.038492,0.961508,0.022402,0.977598,0.978646,0.021354,0.95048,0.04952,0.902282,0.097718,0.830947,0.169053,0.737734,0.262266,0.628502,0.371498,0.512279,0.487721,0.398876,0.601124,0.296564,0.703436,0.210625,0.789375,0.143024,0.856976,0.092972,0.907028,0.057939,0.942061,0.034667,0.965333,0.019948,0.980052,1,0.019673,1,0.021585,1,0.046724,1,0.050788,1,0.0954,1,0.102828,1,0.173097,1,0.185189,1,0.286157,0,1.338396,1,0.43935,0,0.990212,0,0.753978,0,0.718012,0,0.537753,0,0.508954,0,0.374243,0,0.351778,0,0.253533,0,0.236514,0,0.166832,0,0.154345,0,0.10643,0,0.097582,0,0.065726,0,0.059685,0,0.039252,0,0.035282,0,0.022657,0,0.02015
2620,2025/26,31,Korona Kielce,Piast Gliwice,15.0,12.0,27.0,11.6009,11.8733,23.4742,0.009509,1,4813.185,0.3742,0.3828,0.1655,0.3481,0.3238,0.0,0.0,0.0,0.0,2e-06,8e-06,2.9e-05,8.9e-05,0.000242,0.00059,0.001298,0.002611,0.004834,0.008301,0.013295,0.019962,0.028226,0.037729,0.04784,0.057721,0.066451,0.073176,0.077253,0.078349,0.076477,0.071971,0.065403,0.057477,0.048913,0.040359,0.032327,0.025162,0.019052,0.014047,0.010093,0.007074,0.00484,0.003235,0.002114,0.001352,0.000846,0.000519,0.000312,0.000184,0.000106,6e-05,7.3e-05,0.94874,0.05126,1,0.05262,0.920515,0.079485,1,0.082822,0.882786,0.117214,1,0.124672,0.834946,0.165054,1,0.180388,0.777225,0.222775,1,0.252025,0.710774,0.289226,1,0.341401,0.637597,0.362403,1,0.450049,0.560344,0.439656,1,0.579205,0.481995,0.518005,1,0.729822,0.405518,0.594482,1,0.90259,0.333548,0.666452,1,1.09797,0.268145,0.731855,1,1.316229,0.210668,0.789332,0,0.236568,0.161755,0.838245,0,0.176445,0.121396,0.878604,0,0.129421,0.089069,0.910931,0,0.093288,0.063907,0.936093,0,0.066041,0.044855,0.955145,0,0.045892,0.030808,0.969192,0,0.031293,1.7e-05,0.000174,0.000916,0.003251,0.008735,0.018948,0.034565,0.054536,0.075967,0.094901,0.107642,0.111965,0.107685,0.096424,0.080857,0.063819,0.04762,0.03372,0.022737,0.014644,0.009032,0.005349,0.003047,0.003439,1.3e-05,0.000139,0.000748,0.002709,0.007432,0.016462,0.030663,0.049401,0.070266,0.089631,0.103809,0.110257,0.108279,0.099001,0.084771,0.06832,0.052053,0.037637,0.025914,0.017042,0.010733,0.00649,0.003776,0.004443,0.986899,0.013101,0.967951,0.032049,0.933385,0.066615,0.878849,0.121151,0.802882,0.197118,0.707981,0.292019,0.600339,0.399661,0.488374,0.511626,0.380689,0.619311,0.284266,0.715734,0.203408,0.796592,0.139589,0.860411,0.091969,0.908031,0.058249,0.941751,0.035511,0.964489,0.988947,0.011053,0.972485,0.027515,0.941822,0.058178,0.892421,0.107579,0.822155,0.177845,0.732524,0.267476,0.628715,0.371285,0.518458,0.481542,0.41018,0.58982,0.311179,0.688821,0.226408,0.773592,0.158088,0.841912,0.106035,0.893965,0.068398,0.931602,0.042484,0.957516,1,0.013188,1,0.011115,1,0.032574,1,0.027901,1,0.068938,1,0.059939,1,0.129142,1,0.113817,1,0.219548,1,0.195826,1,0.345338,1,0.311259,1,0.510261,1,0.464077,1,0.716674,1,0.656896,1,0.965773,0,0.527938,1,1.257845,0,0.372774,1,1.592541,0,0.256711,0,0.150345,0,0.17208,0,0.096477,0,0.112089,0,0.060014,0,0.07085,0,0.036157,0,0.043413
2621,2025/26,31,GKS Katowice,Bruk-Bet Termalica Nieciecza,10.0,9.0,19.0,12.2579,13.1834,25.4413,0.009509,1,4813.185,0.3742,0.3828,0.1655,0.3481,0.3238,0.0,0.0,0.0,0.0,0.0,2e-06,8e-06,2.5e-05,7.4e-05,0.000194,0.000458,0.000991,0.001972,0.003639,0.006264,0.010107,0.015359,0.022064,0.030067,0.038988,0.048239,0.057091,0.064776,0.070604,0.074068,0.074914,0.073167,0.069106,0.063207,0.056053,0.048254,0.040368,0.032851,0.026032,0.020104,0.015145,0.011137,0.008002,0.00562,0.003862,0.002598,0.001712,0.001105,0.0007,0.000435,0.000265,0.000375,0.976266,0.023734,1,0.02402,0.960907,0.039093,1,0.039878,0.938843,0.061157,1,0.063107,0.908776,0.091224,1,0.095657,0.869788,0.130212,0,2.03859,0.821549,0.178451,0,1.723441,0.764458,0.235542,0,1.445868,0.699683,0.300317,0,1.202916,0.629079,0.370921,0,0.991766,0.555011,0.444989,0,0.809706,0.480097,0.519903,0,0.654113,0.40693,0.59307,0,0.522443,0.337824,0.662176,0,0.412224,0.274617,0.725383,0,0.321056,0.218564,0.781436,0,0.246622,0.170311,0.829689,0,0.186704,0.129943,0.870057,0,0.139197,0.097091,0.902909,0,0.102134,0.071059,0.928941,0,0.07371,9e-06,0.000101,0.000561,0.002091,0.005902,0.013451,0.025781,0.04274,0.062555,0.08211,0.097857,0.106951,0.108079,0.101686,0.089595,0.074303,0.058254,0.043343,0.030708,0.02078,0.013467,0.008379,0.005016,0.006259,4e-06,4.7e-05,0.00028,0.001113,0.003351,0.008151,0.01667,0.02949,0.046058,0.064513,0.082043,0.095683,0.10318,0.103589,0.097396,0.086191,0.072108,0.05725,0.043283,0.031255,0.021615,0.014351,0.009168,0.013142,0.991316,0.008684,0.977865,0.022135,0.952084,0.047916,0.909344,0.090656,0.846789,0.153211,0.764679,0.235321,0.666821,0.333179,0.55987,0.44013,0.451791,0.548209,0.350106,0.649894,0.260511,0.739489,0.186208,0.813792,0.127954,0.872046,0.084611,0.915389,0.053903,0.946097,0.995134,0.004866,0.986984,0.013016,0.970313,0.029687,0.940823,0.059177,0.894765,0.105235,0.830252,0.169748,0.748209,0.251791,0.652526,0.347474,0.549347,0.450653,0.445758,0.554242,0.348362,0.651638,0.262171,0.737829,0.190063,0.809937,0.132813,0.867187,0.08953,0.91047,1,0.008722,1,0.004878,1,0.022384,1,0.013101,1,0.049102,1,0.030137,1,0.095032,1,0.061,1,0.166304,1,0.111194,1,0.268299,0,1.77344,0,1.099075,0,1.379156,0,0.820685,0,1.057065,0,0.601099,0,0.797058,0,0.430946,0,0.590154,0,0.301796,0,0.428266,0,0.20605,0,0.304043,0,0.136913,0,0.210799,0,0.088406,0,0.142501,0,0.05541,0,0.093794
2622,2025/26,31,Raków Częstochowa,Jagiellonia Białystok,8.0,9.0,17.0,11.125,12.9478,24.0728,0.009509,1,4813.185,0.3742,0.3828,0.1655,0.3481,0.3238,0.0,0.0,0.0,0.0,1e-06,5e-06,1.9e-05,6.1e-05,0.00017,0.000423,0.000953,0.001959,0.003709,0.006513,0.010667,0.01638,0.023686,0.03238,0.041991,0.051817,0.061012,0.068718,0.074202,0.076972,0.07685,0.073977,0.068765,0.061817,0.053813,0.045423,0.037218,0.029636,0.022957,0.017316,0.012729,0.009128,0.00639,0.00437,0.002922,0.001911,0.001224,0.000768,0.000472,0.000285,0.000168,9.8e-05,0.000124,0.959139,0.040861,1,0.041719,0.935452,0.064548,1,0.066725,0.903072,0.096928,0,2.33379,0.861081,0.138919,0,1.973866,0.809264,0.190736,0,1.656867,0.748252,0.251748,0,1.379328,0.679534,0.320466,0,1.13798,0.605333,0.394667,0,0.929712,0.52836,0.47164,0,0.75154,0.45151,0.54849,0,0.600587,0.377534,0.622466,0,0.474066,0.308768,0.691232,0,0.36928,0.246951,0.753049,0,0.283626,0.193138,0.806862,0,0.214603,0.147715,0.852285,0,0.159835,0.110497,0.889503,0,0.117092,0.080861,0.919139,0,0.084318,0.057904,0.942096,0,0.059648,0.040588,0.959412,0,0.041435,2.6e-05,0.000257,0.001305,0.00446,0.011538,0.024099,0.042331,0.064311,0.08626,0.103762,0.113325,0.113504,0.105115,0.090631,0.07318,0.055617,0.03996,0.027247,0.017691,0.010971,0.006516,0.003715,0.002038,0.002137,5e-06,5.7e-05,0.000334,0.001307,0.003876,0.009276,0.018671,0.032503,0.049957,0.068859,0.086178,0.098906,0.104958,0.103697,0.095946,0.083557,0.068792,0.053749,0.039989,0.028417,0.019339,0.012636,0.007944,0.010995,0.98241,0.01759,0.958311,0.041689,0.91598,0.08402,0.851669,0.148331,0.765409,0.234591,0.661647,0.338353,0.548322,0.451678,0.434818,0.565182,0.329703,0.670297,0.239072,0.760928,0.165891,0.834109,0.110274,0.889726,0.070314,0.929686,0.043067,0.956933,0.025377,0.974623,0.994368,0.005632,0.985092,0.014908,0.966421,0.033579,0.933918,0.066082,0.883961,0.116039,0.815102,0.184898,0.728924,0.271076,0.630019,0.369981,0.525061,0.474939,0.421364,0.578636,0.325418,0.674582,0.241861,0.758139,0.173068,0.826932,0.119319,0.880681,0.07933,0.92067,1,0.017747,1,0.005648,1,0.042583,1,0.01502,1,0.087761,1,0.034156,1,0.160557,1,0.068367,0,1.449912,1,0.123342,0,1.083666,0,1.687951,0,0.794786,0,1.305356,0,0.570607,0,0.994304,0,0.400034,0,0.744569,0,0.273217,0,0.547082,0,0.181391,0,0.393662,0,0.116842,0,0.276889,0,0.072908,0,0.190033,0,0.044022,0,0.12706,0,0.025705,0,0.082654
2623,2025/26,32,Wisła Płock,Motor Lublin,12.0,12.0,24.0,11.6577,12.3834,24.0412,0.00936,1,4859.5128,0.389,0.3973,0.1657,0.3397,0.3258,0.0,0.0,0.0,0.0,1e-06,5e-06,1.9e-05,6.1e-05,0.000171,0.000427,0.000961,0.001977,0.003742,0.00657,0.010758,0.016513,0.023868,0.032611,0.042264,0.052118,0.061319,0.069005,0.074442,0.077143,0.076936,0.073972,0.068675,0.061654,0.053596,0.045172,0.036955,0.029379,0.022719,0.017105,0.012551,0.008983,0.006276,0.004283,0.002858,0.001865,0.001192,0.000746,0.000457,0.000275,0.000162,9.4e-05,0.000118,0.958793,0.041207,1,0.04208,0.934925,0.065075,1,0.067289,0.902314,0.097686,1,0.102792,0.86005,0.13995,1,0.150765,0.807932,0.192068,1,0.213277,0.746613,0.253387,1,0.292208,0.677608,0.322392,1,0.389186,0.603167,0.396833,1,0.505562,0.526024,0.473976,1,0.642409,0.449088,0.550912,0,0.59618,0.375115,0.624885,0,0.470188,0.30644,0.69356,0,0.365917,0.244786,0.755214,0,0.280754,0.19119,0.80881,0,0.212191,0.146018,0.853982,0,0.157845,0.109062,0.890938,0,0.115481,0.079683,0.920317,0,0.083038,0.056965,0.943035,0,0.058652,0.039859,0.960141,0,0.040676,1.6e-05,0.000165,0.000873,0.003116,0.008418,0.018359,0.033667,0.053391,0.074744,0.093828,0.106928,0.111736,0.107946,0.09708,0.081754,0.064793,0.04854,0.034506,0.023355,0.015097,0.009345,0.005553,0.003174,0.003605,8e-06,9.1e-05,0.000507,0.00191,0.005448,0.012544,0.024286,0.040663,0.060102,0.079655,0.095841,0.105737,0.10785,0.102404,0.091048,0.076184,0.060258,0.045226,0.032319,0.022056,0.014414,0.009043,0.005458,0.006924,0.987404,0.012596,0.969045,0.030955,0.935378,0.064622,0.881987,0.118013,0.807242,0.192758,0.713415,0.286585,0.606487,0.393513,0.49475,0.50525,0.386804,0.613196,0.289724,0.710276,0.20797,0.79203,0.143177,0.856823,0.094637,0.905363,0.06013,0.93987,0.036775,0.963225,0.992012,0.007988,0.979468,0.020532,0.955182,0.044818,0.914519,0.085481,0.854417,0.145583,0.774762,0.225238,0.678921,0.321079,0.573183,0.426817,0.465334,0.534666,0.36293,0.63707,0.271882,0.728118,0.195698,0.804302,0.13544,0.86456,0.090214,0.909786,0.057896,0.942104,1,0.012676,1,0.00802,1,0.031444,1,0.020746,1,0.066805,1,0.045853,1,0.125578,1,0.089357,1,0.214132,1,0.157336,1,0.337692,1,0.255199,1,0.500072,1,0.387251,1,0.703703,1,0.55655,0,0.489071,0,0.626113,0,0.342102,0,0.450876,0,0.233156,0,0.317292,0,0.154524,0,0.21778,0,0.099419,0,0.145535,0,0.062014,0,0.094546,0,0.037468,0,0.05964
2624,2025/26,32,Bruk-Bet Termalica Nieciecza,Legia Warszawa,14.0,17.0,31.0,12.9723,13.5972,26.5695,0.00936,1,4859.5128,0.389,0.3973,0.1657,0.3397,0.3258,0.0,0.0,0.0,0.0,0.0,1e-06,3e-06,1.2e-05,3.7e-05,0.0001,0.000245,0.000551,0.001141,0.002191,0.003923,0.006585,0.010408,0.015551,0.022039,0.02972,0.038238,0.047055,0.055511,0.062905,0.068605,0.072132,0.07323,0.071891,0.068341,0.062986,0.056348,0.048985,0.041423,0.034105,0.027365,0.021417,0.016361,0.01221,0.008908,0.006358,0.004442,0.003039,0.002038,0.00134,0.000865,0.000548,0.000845,0.985211,0.014789,1,0.014899,0.974803,0.025197,1,0.025519,0.959253,0.040747,1,0.041601,0.937213,0.062787,1,0.064844,0.907493,0.092507,1,0.097069,0.869256,0.130744,1,0.140118,0.822201,0.177799,1,0.195771,0.76669,0.23331,1,0.265673,0.703785,0.296215,1,0.351283,0.63518,0.36482,1,0.453847,0.563048,0.436952,1,0.57439,0.489818,0.510182,1,0.713721,0.417927,0.582073,1,0.872449,0.349586,0.650414,1,1.051006,0.2866,0.7134,1,1.249669,0.230251,0.769749,1,1.468584,0.181266,0.818734,0,0.199996,0.139843,0.860157,0,0.150641,0.105738,0.894262,0,0.111757,5e-06,5.6e-05,0.000325,0.001278,0.0038,0.00912,0.018406,0.032125,0.049494,0.068379,0.085762,0.09863,0.104867,0.103794,0.096197,0.083907,0.06918,0.054124,0.040317,0.028682,0.01954,0.012778,0.008039,0.011141,3e-06,3.3e-05,0.000203,0.000831,0.002577,0.006449,0.013571,0.024699,0.039679,0.057162,0.074757,0.089648,0.099389,0.102576,0.099131,0.090161,0.077513,0.063235,0.049117,0.036435,0.025882,0.017649,0.011579,0.017605,0.994483,0.005517,0.985363,0.014637,0.966957,0.033043,0.934833,0.065167,0.885338,0.114662,0.816959,0.183041,0.731197,0.268803,0.632567,0.367433,0.5277,0.4723,0.423906,0.576094,0.327709,0.672291,0.243802,0.756198,0.174622,0.825378,0.120498,0.879502,0.08018,0.91982,0.996237,0.003763,0.989788,0.010212,0.976217,0.023783,0.951518,0.048482,0.911839,0.088161,0.854677,0.145323,0.779921,0.220079,0.690273,0.309727,0.590884,0.409116,0.488308,0.511692,0.389177,0.610823,0.299016,0.700984,0.221502,0.778498,0.158267,0.841733,0.10915,0.89085,1,0.005532,1,0.00377,1,0.014745,1,0.010265,1,0.033601,1,0.02407,1,0.067387,1,0.049697,1,0.121786,1,0.092292,1,0.202166,1,0.157032,1,0.313072,1,0.248563,1,0.457969,1,0.370668,1,0.639227,1,0.526136,1,0.858244,1,0.716809,0,0.397064,1,0.943721,0,0.279452,1,1.207258,0,0.191914,1,1.507324,0,0.128399,0,0.172292,0,0.083577,0,0.115579
2625,2025/26,32,Górnik Zabrze,Zagłębie Lubin,10.0,7.0,17.0,11.0457,13.9333,24.979,0.00936,1,4859.5128,0.389,0.3973,0.1657,0.3397,0.3258,0.0,0.0,0.0,0.0,1e-06,3e-06,1e-05,3.4e-05,9.8e-05,0.000252,0.000587,0.001249,0.002445,0.004439,0.007519,0.011938,0.01785,0.025229,0.033827,0.043156,0.052533,0.061168,0.068279,0.073217,0.075564,0.075187,0.07224,0.067122,0.060393,0.052685,0.044616,0.036715,0.029392,0.02291,0.017404,0.012896,0.009329,0.006592,0.004554,0.003078,0.002037,0.00132,0.000838,0.000522,0.000319,0.000191,0.00026,0.971425,0.028575,1,0.028991,0.953576,0.046424,1,0.047537,0.928346,0.071654,0,2.635912,0.894519,0.105481,0,2.249229,0.851364,0.148636,0,1.906252,0.79883,0.20117,0,1.603606,0.737662,0.262338,0,1.338122,0.669383,0.330617,0,1.106795,0.596166,0.403834,0,0.906752,0.520602,0.479398,0,0.735224,0.445415,0.554585,0,0.589536,0.373175,0.626825,0,0.467088,0.306053,0.693947,0,0.365359,0.24566,0.75434,0,0.281912,0.192974,0.807026,0,0.2144,0.148359,0.851641,0,0.16059,0.111643,0.888357,0,0.118382,0.082252,0.917748,0,0.085832,0.059342,0.940658,0,0.061175,2.7e-05,0.000273,0.001377,0.004681,0.012045,0.025018,0.043696,0.065999,0.087998,0.105209,0.114194,0.113652,0.104573,0.089572,0.071842,0.054229,0.038693,0.026197,0.016888,0.010397,0.00613,0.003469,0.001889,0.001951,2e-06,2.5e-05,0.000157,0.000659,0.002086,0.005335,0.011473,0.021337,0.035028,0.051564,0.068911,0.084444,0.095667,0.100894,0.099637,0.092603,0.081354,0.067819,0.05383,0.040804,0.02962,0.02064,0.013837,0.022104,0.981594,0.018406,0.956575,0.043425,0.91288,0.08712,0.846881,0.153119,0.758883,0.241117,0.653674,0.346326,0.539479,0.460521,0.425828,0.574172,0.321255,0.678745,0.231683,0.768317,0.159841,0.840159,0.105613,0.894387,0.06692,0.93308,0.040723,0.959277,0.023835,0.976165,0.996899,0.003101,0.991564,0.008436,0.980091,0.019909,0.958754,0.041246,0.923727,0.076273,0.872163,0.127837,0.803252,0.196748,0.718808,0.281192,0.623141,0.376859,0.522247,0.477753,0.422609,0.577391,0.330007,0.669993,0.248653,0.751347,0.180834,0.819166,0.127004,0.872996,1,0.018577,1,0.003106,1,0.044396,1,0.008472,1,0.091151,1,0.02011,1,0.166195,0,3.188201,1,0.275908,0,2.573436,1,0.425147,0,2.056999,0,0.775397,0,1.625832,0,0.554826,0,1.268718,0,0.38751,0,0.975884,0,0.263553,0,0.738661,0,0.174164,0,0.549236,0,0.111617,0,0.400488,0,0.069264,0,0.285888,0,0.041575,0,0.199469,0,0.024124,0,0.135824
2626,2025/26,32,Cracovia,Radomiak Radom,12.0,7.0,19.0,13.7213,12.562,26.2833,0.00936,1,4859.5128,0.389,0.3973,0.1657,0.3397,0.3258,0.0,0.0,0.0,0.0,0.0,1e-06,4e-06,1.4e-05,4.4e-05,0.000118,0.000287,0.00064,0.001312,0.002495,0.004424,0.007354,0.011511,0.017033,0.023907,0.031928,0.040683,0.049582,0.057929,0.065015,0.070224,0.073125,0.073526,0.071489,0.067307,0.061439,0.054437,0.046871,0.039255,0.032012,0.02544,0.01972,0.014921,0.011029,0.00797,0.005634,0.003898,0.002642,0.001755,0.001143,0.000731,0.000458,0.000691,0.983307,0.016693,1,0.016834,0.971796,0.028204,1,0.028609,0.954763,0.045237,1,0.046292,0.930856,0.069144,1,0.071651,0.898928,0.101072,0,2.291923,0.858245,0.141755,0,1.953657,0.808663,0.191337,0,1.653718,0.750733,0.249267,0,1.389232,0.685718,0.314282,0,1.157466,0.615494,0.384506,0,0.955796,0.542369,0.457631,0,0.781691,0.468843,0.531157,0,0.632697,0.397354,0.602646,0,0.506425,0.330047,0.669953,0,0.400547,0.268608,0.731392,0,0.312806,0.214171,0.785829,0,0.241016,0.1673,0.8327,0,0.183082,0.128044,0.871956,0,0.137017,0.096033,0.903967,0,0.100962,2e-06,3e-05,0.000185,0.000763,0.002384,0.006014,0.012759,0.023409,0.037911,0.055056,0.072585,0.087748,0.09807,0.102033,0.099404,0.09114,0.078989,0.06496,0.050865,0.038037,0.027239,0.018724,0.012383,0.019176,7e-06,7.8e-05,0.000443,0.001692,0.004887,0.011398,0.022352,0.037908,0.056752,0.076186,0.09285,0.10376,0.107198,0.103099,0.092848,0.078694,0.063046,0.047929,0.034692,0.023982,0.015875,0.010088,0.006167,0.008037,0.996502,0.003498,0.990487,0.009513,0.977728,0.022272,0.95432,0.04568,0.916409,0.083591,0.861353,0.138647,0.788767,0.211233,0.701019,0.298981,0.60295,0.39705,0.500917,0.499083,0.401513,0.598487,0.310373,0.689627,0.231384,0.768616,0.166425,0.833575,0.115559,0.884441,0.992862,0.007138,0.981464,0.018536,0.959112,0.040888,0.921204,0.078796,0.864453,0.135547,0.788266,0.211734,0.695416,0.304584,0.591656,0.408344,0.484458,0.515542,0.381359,0.618641,0.288511,0.711489,0.209817,0.790183,0.14677,0.85323,0.098842,0.901158,0.064149,0.935851,1,0.003504,1,0.007164,1,0.009559,1,0.01871,1,0.022524,1,0.041747,1,0.046756,0,2.540893,1,0.087293,0,1.998437,1,0.149251,0,1.552425,1,0.237284,0,1.188808,1,0.35522,0,0.895645,0,0.923693,0,0.662537,0,0.694983,0,0.48023,0,0.51335,0,0.340395,0,0.371604,0,0.235491,0,0.263164,0,0.158726,0,0.182032,0,0.104075,0,0.122799,0,0.066299
2627,2025/26,32,Lech Poznań,Arka Gdynia,7.0,13.0,20.0,12.1884,12.7985,24.9869,0.00936,1,4859.5128,0.389,0.3973,0.1657,0.3397,0.3258,0.0,0.0,0.0,0.0,1e-06,3e-06,1e-05,3.4e-05,9.7e-05,0.000249,0.000582,0.001238,0.002427,0.004411,0.007477,0.011881,0.017777,0.025145,0.033737,0.043068,0.052456,0.06111,0.068247,0.073214,0.075589,0.075237,0.07231,0.067202,0.060477,0.052766,0.044688,0.036777,0.029441,0.022947,0.017431,0.012914,0.00934,0.006599,0.004557,0.003079,0.002037,0.001319,0.000838,0.000521,0.000318,0.000191,0.000259,0.971592,0.028408,1,0.02882,0.953814,0.046186,1,0.047286,0.928669,0.071331,1,0.074003,0.894932,0.105068,1,0.111007,0.851865,0.148135,1,0.160328,0.799409,0.200591,0,1.606486,0.738299,0.261701,0,1.340552,0.670052,0.329948,0,1.108822,0.596839,0.403161,0,0.908419,0.521249,0.478751,0,0.736575,0.446012,0.553988,0,0.590612,0.373703,0.626297,0,0.46793,0.3065,0.6935,0,0.366004,0.246023,0.753977,0,0.282394,0.193257,0.806743,0,0.21475,0.148569,0.851431,0,0.160837,0.111792,0.888208,0,0.118549,0.082351,0.917649,0,0.08594,0.059404,0.940596,0,0.061241,1e-05,0.000106,0.000587,0.00218,0.00613,0.013915,0.026559,0.043841,0.063882,0.083469,0.099011,0.10769,0.108289,0.101368,0.088852,0.073297,0.057155,0.04229,0.029794,0.020046,0.012915,0.007988,0.004753,0.005854,6e-06,6.4e-05,0.000371,0.00144,0.004229,0.010028,0.019996,0.034483,0.052492,0.071653,0.088793,0.100894,0.10599,0.103651,0.094915,0.081798,0.066635,0.051509,0.03791,0.026647,0.017936,0.011589,0.007204,0.009728,0.990969,0.009031,0.977054,0.022946,0.950495,0.049505,0.906654,0.093346,0.842771,0.157229,0.759302,0.240698,0.660291,0.339709,0.552601,0.447399,0.444312,0.555688,0.342944,0.657056,0.254092,0.745908,0.180795,0.819205,0.12364,0.87636,0.08135,0.91865,0.051556,0.948444,0.993849,0.006151,0.983821,0.016179,0.963824,0.036176,0.929342,0.070658,0.87685,0.12315,0.805197,0.194803,0.716404,0.283596,0.61551,0.38449,0.50952,0.49048,0.405869,0.594131,0.310954,0.689046,0.229157,0.770843,0.162522,0.837478,0.111014,0.888986,0.073103,0.926897,1,0.009072,1,0.00617,1,0.023213,1,0.016311,1,0.050772,1,0.036847,0,2.371442,1,0.073278,0,1.850052,1,0.131419,0,1.424212,1,0.216668,0,1.079666,1,0.333511,0,0.804304,1,0.485304,0,0.587548,1,0.674286,0,0.419986,0,0.520655,0,0.293153,0,0.372447,0,0.199421,0,0.260271,0,0.131978,0,0.17736,0,0.08485,0,0.117674,0,0.052933,0,0.075913
2628,2025/26,32,Raków Częstochowa,Korona Kielce,9.0,16.0,25.0,10.6114,12.4384,23.0498,0.00936,1,4859.5128,0.389,0.3973,0.1657,0.3397,0.3258,0.0,0.0,0.0,0.0,3e-06,1.1e-05,3.8e-05,0.000115,0.00031,0.000742,0.001609,0.003185,0.005804,0.009808,0.015459,0.022843,0.031782,0.041802,0.052154,0.061913,0.070126,0.075973,0.078905,0.078723,0.07559,0.069975,0.062549,0.054067,0.045255,0.036726,0.028931,0.022146,0.016491,0.011957,0.008449,0.005823,0.003917,0.002575,0.001654,0.00104,0.00064,0.000386,0.000228,0.000132,7.5e-05,4.2e-05,4.9e-05,0.940072,0.059928,1,0.061798,0.90829,0.09171,1,0.096191,0.866488,0.133512,1,0.143307,0.814335,0.185665,1,0.205384,0.752422,0.247578,1,0.284458,0.682296,0.317704,1,0.382292,0.606323,0.393677,1,0.500343,0.527417,0.472583,1,0.639763,0.448694,0.551306,1,0.801414,0.373104,0.626896,1,0.985899,0.303129,0.696871,0,0.361155,0.24058,0.75942,0,0.275201,0.186514,0.813486,0,0.206426,0.141259,0.858741,0,0.152288,0.104533,0.895467,0,0.11041,0.075602,0.924398,0,0.078613,0.053456,0.946544,0,0.054938,0.036965,0.963035,0,0.037666,0.025008,0.974992,0,0.025326,4e-05,0.00039,0.001899,0.006226,0.015445,0.030934,0.052094,0.07587,0.097541,0.112448,0.117686,0.112938,0.100199,0.082756,0.064001,0.046582,0.032048,0.020922,0.013005,0.00772,0.004389,0.002395,0.001257,0.001212,8e-06,8.6e-05,0.000486,0.00184,0.005269,0.01218,0.023676,0.039799,0.059058,0.078584,0.094928,0.105147,0.107674,0.102644,0.091624,0.076972,0.061123,0.046057,0.033044,0.022641,0.014855,0.009357,0.00567,0.007253,0.975998,0.024002,0.945065,0.054935,0.892971,0.107029,0.817101,0.182899,0.71956,0.28044,0.607112,0.392888,0.489426,0.510574,0.376488,0.623512,0.276289,0.723711,0.193533,0.806467,0.129532,0.870468,0.082949,0.917051,0.050901,0.949099,0.029979,0.970021,0.016973,0.983027,0.992284,0.007716,0.980104,0.019896,0.956428,0.043572,0.916629,0.083371,0.857571,0.142429,0.778987,0.221013,0.684059,0.315941,0.578912,0.421088,0.471238,0.528762,0.368595,0.631405,0.276971,0.723029,0.199999,0.800001,0.138876,0.861124,0.092819,0.907181,0.059775,0.940225,1,0.024295,1,0.007746,1,0.056502,1,0.020097,1,0.113201,1,0.04455,1,0.201993,1,0.087052,1,0.329115,1,0.153651,0,0.934231,1,0.249761,0,0.67222,1,0.379711,0,0.472387,1,0.546605,0,0.323363,1,0.752392,0,0.215092,1,0.998057,0,0.138724,1,1.283842,0,0.086592,1,1.609443,0,0.052242,0,0.149517,0,0.030438,0,0.097413,0,0.017119,0,0.061636
2629,2025/26,32,Jagiellonia Białystok,Pogoń Szczecin,17.0,19.0,36.0,11.6287,12.8488,24.4775,0.00936,1,4859.5128,0.389,0.3973,0.1657,0.3397,0.3258,0.0,0.0,0.0,0.0,1e-06,4e-06,1.4e-05,4.7e-05,0.000132,0.000334,0.000764,0.001596,0.003072,0.00548,0.009118,0.014223,0.020891,0.029007,0.038204,0.047876,0.057243,0.065465,0.071771,0.075585,0.07661,0.074857,0.070629,0.06444,0.056931,0.048765,0.040546,0.032759,0.025746,0.019701,0.014692,0.010687,0.007588,0.005263,0.003569,0.002368,0.001537,0.000978,0.000609,0.000373,0.000223,0.000131,0.000172,0.965216,0.034784,1,0.035403,0.944326,0.055674,1,0.057284,0.915319,0.084681,1,0.088483,0.877115,0.122885,1,0.131117,0.82924,0.17076,1,0.187246,0.771996,0.228004,1,0.258775,0.706531,0.293469,1,0.347388,0.63476,0.36524,1,0.454508,0.559175,0.440825,1,0.581293,0.482566,0.517434,1,0.728638,0.407708,0.592292,1,0.897204,0.337079,0.662921,1,1.087437,0.272639,0.727361,1,1.299607,0.215707,0.784293,1,1.533832,0.166942,0.833058,1,1.790109,0.126396,0.873604,1,2.068333,0.093638,0.906362,1,2.368324,0.067892,0.932108,1,2.689839,0.048191,0.951809,1,3.032591,1.6e-05,0.000169,0.000892,0.003177,0.008564,0.018635,0.034096,0.053951,0.075358,0.094386,0.107324,0.111898,0.10786,0.096785,0.081322,0.064307,0.048068,0.034094,0.023024,0.01485,0.009171,0.005437,0.003101,0.003507,5e-06,6.2e-05,0.000357,0.001391,0.0041,0.009757,0.019524,0.033787,0.051613,0.0707,0.087919,0.100252,0.105685,0.103715,0.095307,0.082424,0.06738,0.052267,0.038604,0.027229,0.018392,0.011926,0.007439,0.010121,0.987174,0.012826,0.968539,0.031461,0.934442,0.065558,0.880492,0.119508,0.805133,0.194867,0.710747,0.289253,0.603423,0.396577,0.491526,0.508474,0.383666,0.616334,0.286881,0.713119,0.205559,0.794441,0.141252,0.858748,0.093185,0.906815,0.059091,0.940909,0.036067,0.963933,0.99404,0.00596,0.984283,0.015717,0.964759,0.035241,0.930972,0.069028,0.879359,0.120641,0.80866,0.19134,0.72074,0.27926,0.620489,0.379511,0.514804,0.485196,0.411089,0.588911,0.315783,0.684217,0.233359,0.766641,0.165979,0.834021,0.113712,0.886288,0.075108,0.924892,1,0.012909,1,0.005978,1,0.031967,1,0.015842,1,0.067806,1,0.035877,1,0.127274,1,0.071526,1,0.216748,1,0.128562,1,0.341439,1,0.212377,1,0.505137,1,0.327477,1,0.71024,1,0.477247,1,0.957983,1,0.663969,1,1.248688,1,0.888946,1,1.582022,1,1.1527,1,1.95721,1,1.455177,1,2.373169,1,1.795894,0,0.060909,1,2.174086,0,0.036733,1,2.588828
2630,2025/26,32,Piast Gliwice,GKS Katowice,14.0,13.0,27.0,10.7632,12.5466,23.3098,0.00936,1,4859.5128,0.389,0.3973,0.1657,0.3397,0.3258,0.0,0.0,0.0,0.0,2e-06,9e-06,3.2e-05,9.8e-05,0.000266,0.000643,0.001408,0.002815,0.005183,0.008848,0.014088,0.021028,0.029555,0.039268,0.049491,0.05935,0.067907,0.074318,0.077971,0.078582,0.076222,0.071277,0.06436,0.056198,0.047516,0.038953,0.030997,0.023969,0.018029,0.013205,0.009425,0.006562,0.004459,0.002961,0.001922,0.00122,0.000758,0.000462,0.000275,0.000161,9.3e-05,5.2e-05,6.2e-05,0.94558,0.05442,1,0.055957,0.916025,0.083975,1,0.087712,0.876756,0.123244,1,0.131526,0.827265,0.172735,1,0.18963,0.767915,0.232085,1,0.264076,0.700008,0.299992,1,0.356663,0.62569,0.37431,1,0.4689,0.547719,0.452281,1,0.601992,0.469137,0.530863,1,0.75686,0.392915,0.607085,1,0.934161,0.321639,0.678361,1,1.134327,0.257279,0.742721,1,1.357595,0.201081,0.798919,0,0.224496,0.153565,0.846435,0,0.166722,0.114612,0.885388,0,0.121729,0.083615,0.916385,0,0.087319,0.059646,0.940354,0,0.061499,0.041617,0.958383,0,0.042507,0.028412,0.971588,0,0.028823,3.5e-05,0.000344,0.001698,0.005637,0.014167,0.028743,0.049035,0.072342,0.094215,0.110025,0.116647,0.113395,0.101912,0.085265,0.066798,0.04925,0.034324,0.022699,0.014293,0.008595,0.004949,0.002736,0.001455,0.001437,7e-06,7.9e-05,0.000448,0.001709,0.004933,0.011493,0.022513,0.03814,0.057036,0.076484,0.093111,0.103937,0.107263,0.103048,0.092701,0.078483,0.062808,0.047696,0.034486,0.023813,0.015746,0.009995,0.006104,0.007936,0.978117,0.021883,0.949373,0.050627,0.900338,0.099662,0.827996,0.172004,0.733781,0.266219,0.623756,0.376244,0.50711,0.49289,0.393715,0.606285,0.291802,0.708198,0.206538,0.793462,0.139739,0.860261,0.090489,0.909511,0.056165,0.943835,0.033466,0.966534,0.019173,0.980827,0.992793,0.007207,0.9813,0.0187,0.958786,0.041214,0.920647,0.079353,0.863611,0.136389,0.787126,0.212874,0.694015,0.305985,0.590078,0.409922,0.482815,0.517185,0.379767,0.620233,0.287065,0.712935,0.208582,0.791418,0.145774,0.854226,0.098078,0.901922,0.063593,0.936407,1,0.022126,1,0.007233,1,0.051954,1,0.018877,1,0.104985,1,0.042087,1,0.188747,1,0.082679,1,0.309545,1,0.146633,1,0.471996,1,0.239367,1,0.679027,1,0.365262,1,0.932128,1,0.527501,1,1.23168,1,0.728122,1,1.577271,0,0.47766,0,0.150519,0,0.338365,0,0.094848,0,0.233929,0,0.057804,0,0.157559,0,0.034039,0,0.103227,0,0.019359,0,0.065705
2631,2025/26,32,Widzew Łódź,Lechia Gdańsk,11.0,15.0,26.0,13.1134,11.9147,25.0281,0.00936,1,4859.5128,0.389,0.3973,0.1657,0.3397,0.3258,0.0,0.0,0.0,0.0,1e-06,3e-06,1e-05,3.3e-05,9.4e-05,0.000244,0.000569,0.001214,0.002382,0.004335,0.007359,0.01171,0.017546,0.024854,0.033393,0.04269,0.052071,0.060748,0.067941,0.072992,0.075471,0.07523,0.072409,0.067394,0.06074,0.053075,0.045017,0.037103,0.029747,0.023221,0.017666,0.013108,0.009495,0.006718,0.004647,0.003145,0.002083,0.001352,0.000859,0.000536,0.000328,0.000197,0.000268,0.972047,0.027953,1,0.028351,0.9545,0.0455,1,0.046567,0.929647,0.070353,1,0.07295,0.896254,0.103746,1,0.109532,0.853564,0.146436,1,0.158335,0.801493,0.198507,1,0.221279,0.740745,0.259255,1,0.300099,0.672804,0.327196,1,0.396302,0.599811,0.400189,1,0.51114,0.52434,0.47566,1,0.645615,0.44911,0.55089,1,0.800487,0.376701,0.623299,0,0.47273,0.309307,0.690693,0,0.37006,0.248567,0.751433,0,0.285773,0.195492,0.804508,0,0.217525,0.150475,0.849525,0,0.163078,0.113372,0.886628,0,0.120329,0.083625,0.916375,0,0.087329,0.060403,0.939597,0,0.062304,4e-06,5e-05,0.000292,0.00116,0.003482,0.00844,0.017198,0.030306,0.047146,0.065765,0.083283,0.096707,0.103818,0.103751,0.097089,0.085505,0.071181,0.056229,0.042291,0.030378,0.020895,0.013797,0.008765,0.012404,1.2e-05,0.000133,0.00072,0.002622,0.007225,0.016069,0.030051,0.048602,0.069389,0.088832,0.103243,0.110025,0.108402,0.099423,0.085387,0.069015,0.052729,0.038227,0.026387,0.017395,0.010981,0.006655,0.00388,0.004583,0.994947,0.005053,0.986508,0.013492,0.96931,0.03069,0.939004,0.060996,0.891858,0.108142,0.826093,0.173907,0.74281,0.25719,0.646103,0.353897,0.542285,0.457715,0.438534,0.561466,0.341445,0.658555,0.25594,0.74406,0.184759,0.815241,0.12853,0.87147,0.086239,0.913761,0.989275,0.010725,0.973206,0.026794,0.943156,0.056844,0.894554,0.105446,0.825165,0.174835,0.736333,0.263667,0.63309,0.36691,0.523065,0.476935,0.414663,0.585337,0.31524,0.68476,0.229852,0.770148,0.160837,0.839163,0.108108,0.891892,0.069881,0.930119,0.043494,0.956506,1,0.005066,1,0.010783,1,0.013584,1,0.02716,1,0.031171,1,0.058524,1,0.062936,1,0.11143,1,0.114448,1,0.192172,1,0.191048,1,0.306073,1,0.297315,1,0.457143,0,1.038749,1,0.64805,0,0.781509,1,0.880289,0,0.577204,1,1.154421,0,0.417707,1,1.47032,0,0.295634,0,0.17535,0,0.204272,0,0.11441,0,0.137574,0,0.072443,0,0.090186,0,0.044468
2632,2025/26,33,Arka Gdynia,Bruk-Bet Termalica Nieciecza,19.0,11.0,30.0,12.4833,14.2355,26.7188,0.009287,1,4908.0201,0.4016,0.4103,0.164,0.3385,0.3238,0.0,0.0,0.0,0.0,0.0,1e-06,3e-06,1.1e-05,3.3e-05,9.1e-05,0.000225,0.000509,0.001059,0.002044,0.003679,0.006208,0.009863,0.014813,0.021101,0.028601,0.036986,0.045748,0.054243,0.06178,0.067718,0.071557,0.073011,0.072035,0.068819,0.063743,0.057308,0.050065,0.042545,0.035201,0.028383,0.022322,0.017136,0.012851,0.009421,0.006756,0.004743,0.003261,0.002197,0.001452,0.000941,0.000599,0.000935,0.986137,0.013863,1,0.01396,0.976274,0.023726,1,0.024012,0.961461,0.038539,1,0.039301,0.94036,0.05964,1,0.061493,0.911759,0.088241,1,0.09238,0.874772,0.125228,1,0.133792,0.829024,0.170976,1,0.187506,0.774782,0.225218,1,0.255174,0.713002,0.286998,1,0.338271,0.645284,0.354716,1,0.438064,0.573727,0.426273,1,0.555602,0.500716,0.499284,1,0.691717,0.42868,0.57132,1,0.847044,0.359861,0.640139,1,1.022038,0.296118,0.703882,1,1.216997,0.23881,0.76119,0,0.272873,0.188745,0.811255,0,0.209173,0.1462,0.8538,0,0.158058,0.110999,0.889001,0,0.117656,7e-06,8.3e-05,0.000469,0.00178,0.005116,0.011872,0.023163,0.039078,0.058195,0.077707,0.094192,0.104684,0.107556,0.102865,0.092116,0.077628,0.061834,0.046735,0.03363,0.02311,0.015206,0.009605,0.005836,0.007507,2e-06,2e-05,0.000125,0.000532,0.001718,0.00448,0.009825,0.018631,0.031185,0.046803,0.063765,0.079654,0.091985,0.09888,0.099524,0.094269,0.084399,0.071697,0.057988,0.044789,0.033125,0.023517,0.016061,0.026789,0.992517,0.007483,0.980645,0.019355,0.957482,0.042518,0.918404,0.081596,0.860209,0.139791,0.782503,0.217497,0.688311,0.311689,0.583628,0.416372,0.476072,0.523928,0.373207,0.626793,0.281091,0.718909,0.203463,0.796537,0.141629,0.858371,0.094894,0.905106,0.061264,0.938736,0.997366,0.002634,0.992885,0.007115,0.98306,0.01694,0.964429,0.035571,0.933245,0.066755,0.886442,0.113558,0.822677,0.177323,0.743023,0.256977,0.651038,0.348962,0.552159,0.447841,0.452635,0.547365,0.358365,0.641635,0.273966,0.726034,0.202269,0.797731,0.144281,0.855719,1,0.007511,1,0.002637,1,0.019545,1,0.00714,1,0.043448,1,0.017085,1,0.085118,1,0.036219,1,0.15058,1,0.069088,1,0.245258,1,0.12054,1,0.373515,1,0.195192,1,0.538491,0,1.358769,1,0.742186,0,1.052792,1,0.985622,0,0.803317,1,1.269077,0,0.602639,1,1.592271,0,0.443736,1,1.954544,0,0.320158,1,2.354995,0,0.225984,1,2.792563,0,0.155813
2633,2025/26,33,Wisła Płock,Górnik Zabrze,12.0,11.0,23.0,11.7218,10.7464,22.4682,0.009287,1,4908.0201,0.4016,0.4103,0.164,0.3385,0.3238,0.0,0.0,0.0,1e-06,4e-06,1.6e-05,5.5e-05,0.000165,0.000433,0.001016,0.002153,0.004166,0.007423,0.012264,0.018898,0.027297,0.037126,0.047731,0.058207,0.067536,0.074763,0.079158,0.080342,0.07833,0.073495,0.066478,0.05806,0.049034,0.040097,0.03179,0.024464,0.018293,0.013306,0.009423,0.006503,0.004378,0.002876,0.001846,0.001158,0.000711,0.000427,0.000251,0.000145,8.2e-05,4.5e-05,2.5e-05,2.7e-05,0.92611,0.07389,1,0.076762,0.888984,0.111016,1,0.117676,0.841253,0.158747,1,0.172863,0.783046,0.216954,1,0.244564,0.71551,0.28449,1,0.33476,0.640747,0.359253,1,0.445121,0.561589,0.438411,1,0.576985,0.481247,0.518753,1,0.731375,0.402917,0.597083,0,0.515699,0.329422,0.670578,0,0.399615,0.262944,0.737056,0,0.305092,0.204884,0.795116,0,0.229267,0.15585,0.84415,0,0.169425,0.115753,0.884247,0,0.123019,0.083963,0.916037,0,0.087698,0.059499,0.940501,0,0.061343,0.041206,0.958794,0,0.042079,0.0279,0.9721,0,0.028296,0.018476,0.981524,0,0.018649,1.5e-05,0.000156,0.00083,0.002978,0.008091,0.01774,0.032707,0.052145,0.073383,0.092596,0.106065,0.111395,0.108155,0.097748,0.082717,0.065873,0.049585,0.035414,0.024082,0.015638,0.009724,0.005804,0.003333,0.003818,3.6e-05,0.000348,0.001715,0.005689,0.014285,0.028954,0.049343,0.072715,0.094588,0.110323,0.116809,0.113397,0.101768,0.085017,0.066501,0.048952,0.034059,0.022485,0.014133,0.008483,0.004876,0.00269,0.001428,0.001405,0.987922,0.012078,0.970181,0.029819,0.937474,0.062526,0.885329,0.114671,0.811947,0.188053,0.719351,0.280649,0.613286,0.386714,0.501891,0.498109,0.393736,0.606264,0.295989,0.704011,0.213271,0.786729,0.147398,0.852602,0.097813,0.902187,0.062399,0.937601,0.038317,0.961683,0.977925,0.022075,0.948971,0.051029,0.899628,0.100372,0.826913,0.173087,0.732325,0.267675,0.622003,0.377997,0.505194,0.494806,0.391797,0.608203,0.290029,0.709971,0.205013,0.794987,0.138512,0.861488,0.08956,0.91044,0.055501,0.944499,0.033016,0.966984,0.018882,0.981118,1,0.012152,1,0.022322,1,0.030273,1,0.052377,1,0.064566,1,0.105774,1,0.121796,1,0.190056,1,0.20832,1,0.311531,1,0.329406,1,0.47481,1,0.488924,1,0.682813,1,0.689372,0,0.497247,0,0.50044,0,0.342531,0,0.350961,0,0.22943,0,0.239871,0,0.149094,0,0.159462,0,0.093827,0,0.102933,0,0.057101,0,0.064431,0,0.033573,0,0.03907,0,0.019063
2634,2025/26,33,Lechia Gdańsk,Legia Warszawa,17.0,12.0,29.0,12.1762,12.4368,24.613,0.009287,1,4908.0201,0.4016,0.4103,0.164,0.3385,0.3238,0.0,0.0,0.0,0.0,1e-06,3e-06,1.3e-05,4.2e-05,0.000121,0.000308,0.000708,0.001488,0.002878,0.005163,0.008638,0.013546,0.020004,0.027922,0.036969,0.04657,0.055971,0.064339,0.070897,0.075042,0.076442,0.075066,0.071176,0.065259,0.057935,0.049865,0.041659,0.033819,0.026704,0.02053,0.015382,0.01124,0.008017,0.005586,0.003805,0.002535,0.001654,0.001056,0.000661,0.000406,0.000245,0.000145,0.00019,0.967091,0.032909,1,0.033463,0.947087,0.052913,1,0.054364,0.919165,0.080835,1,0.08429,0.882196,0.117804,1,0.125341,0.835626,0.164374,1,0.179574,0.779656,0.220344,1,0.248903,0.715317,0.284683,1,0.33503,0.64442,0.35558,1,0.439404,0.569378,0.430622,1,0.563211,0.492936,0.507064,1,0.707376,0.41787,0.58213,1,0.872584,0.346694,0.653306,1,1.059312,0.281436,0.718564,1,1.267852,0.2235,0.7765,1,1.498342,0.173635,0.826365,0,0.190719,0.131976,0.868024,0,0.141536,0.098158,0.901842,0,0.103316,0.071454,0.928546,0,0.074135,0.050923,0.949077,0,0.052265,1e-05,0.000107,0.00059,0.002193,0.006163,0.013985,0.026682,0.044021,0.064107,0.083709,0.099224,0.10784,0.108349,0.101334,0.088739,0.07313,0.056964,0.042102,0.029626,0.019909,0.012811,0.007913,0.004702,0.005773,8e-06,8.6e-05,0.000485,0.001837,0.005263,0.012172,0.023669,0.039798,0.05907,0.078611,0.09497,0.105196,0.107721,0.10268,0.091642,0.076971,0.061107,0.04603,0.033012,0.02261,0.014828,0.009334,0.005653,0.007221,0.990919,0.009081,0.976934,0.023066,0.950252,0.049748,0.906231,0.093769,0.842125,0.157875,0.758416,0.241584,0.659192,0.340808,0.551352,0.448648,0.443002,0.556998,0.341668,0.658332,0.252929,0.747071,0.179799,0.820201,0.122835,0.877165,0.080734,0.919266,0.051107,0.948893,0.992294,0.007706,0.980122,0.019878,0.956454,0.043546,0.916656,0.083344,0.857586,0.142414,0.778975,0.221025,0.684005,0.315995,0.578809,0.421191,0.471088,0.528912,0.368408,0.631592,0.276766,0.723234,0.199794,0.800206,0.138688,0.861312,0.092657,0.907343,0.059645,0.940355,1,0.009122,1,0.007736,1,0.023336,1,0.020078,1,0.051028,1,0.044523,1,0.098461,1,0.087023,1,0.171827,1,0.153634,1,0.276523,1,0.249776,1,0.41674,1,0.37979,1,0.595382,1,0.546783,1,0.814181,0,0.636933,1,1.073916,0,0.459512,1,1.374646,0,0.324022,1,1.715916,0,0.222886,1,2.096913,0,0.149298,0,0.08418,0,0.097235,0,0.052459,0,0.061498
2635,2025/26,33,Motor Lublin,Cracovia,14.0,12.0,26.0,13.2872,12.7205,26.0077,0.009287,1,4908.0201,0.4016,0.4103,0.164,0.3385,0.3238,0.0,0.0,0.0,0.0,0.0,1e-06,5e-06,1.7e-05,5.1e-05,0.000138,0.000333,0.000735,0.001494,0.002815,0.004947,0.00815,0.012643,0.01854,0.025788,0.034127,0.043089,0.052035,0.060238,0.066983,0.071682,0.07395,0.073663,0.070953,0.066176,0.059838,0.052518,0.044789,0.037155,0.03001,0.023621,0.018134,0.013589,0.009947,0.007118,0.004983,0.003414,0.002291,0.001507,0.000972,0.000615,0.000382,0.000563,0.981314,0.018686,1,0.018863,0.968671,0.031329,1,0.03183,0.950131,0.049869,1,0.051155,0.924343,0.075657,1,0.078672,0.890216,0.109784,1,0.116291,0.847127,0.152873,1,0.165905,0.795092,0.204908,1,0.229298,0.734854,0.265146,1,0.308084,0.667871,0.332129,1,0.403661,0.596189,0.403811,1,0.517198,0.522239,0.477761,1,0.649631,0.448575,0.551425,0,0.59525,0.377622,0.622378,0,0.474208,0.311446,0.688554,0,0.373162,0.251609,0.748391,0,0.289829,0.199091,0.800909,0,0.222007,0.154301,0.845699,0,0.167592,0.117146,0.882854,0,0.124595,0.087136,0.912864,0,0.091168,4e-06,4.3e-05,0.000256,0.001026,0.003119,0.007652,0.015784,0.028156,0.044334,0.062591,0.080219,0.094265,0.102403,0.103552,0.098046,0.087363,0.073578,0.058798,0.044735,0.032504,0.022614,0.015102,0.009703,0.014075,6e-06,6.8e-05,0.000392,0.001514,0.004426,0.010445,0.020724,0.035558,0.053853,0.073131,0.090152,0.101896,0.106471,0.103558,0.094312,0.08083,0.065479,0.05033,0.036832,0.025741,0.017226,0.011065,0.006838,0.009115,0.995474,0.004526,0.987823,0.012177,0.972038,0.027962,0.943882,0.056118,0.899549,0.100451,0.836957,0.163043,0.756738,0.243262,0.662473,0.337527,0.560069,0.439931,0.456517,0.543483,0.358471,0.641529,0.271109,0.728891,0.197531,0.802469,0.138733,0.861267,0.093998,0.906002,0.993556,0.006444,0.983111,0.016889,0.962387,0.037613,0.926829,0.073171,0.872976,0.127024,0.799845,0.200155,0.709693,0.290307,0.607797,0.392203,0.501326,0.498674,0.397768,0.602232,0.303455,0.696545,0.222625,0.777375,0.157146,0.842854,0.106816,0.893184,0.069984,0.930016,1,0.004536,1,0.006465,1,0.012252,1,0.017033,1,0.02836,1,0.038339,1,0.057754,1,0.075986,1,0.105862,1,0.135847,1,0.177983,1,0.223337,1,0.278738,1,0.342923,1,0.411775,1,0.497914,1,0.579695,0,0.695803,1,0.784129,0,0.507113,0,0.443901,0,0.361623,0,0.316231,0,0.251832,0,0.220062,0,0.170962,0,0.149351,0,0.112963,0,0.098714,0,0.072553
2636,2025/26,33,Zagłębie Lubin,Pogoń Szczecin,8.0,12.0,20.0,12.9872,13.2636,26.2508,0.009287,1,4908.0201,0.4016,0.4103,0.164,0.3385,0.3238,0.0,0.0,0.0,0.0,0.0,1e-06,4e-06,1.5e-05,4.4e-05,0.000119,0.000291,0.000648,0.001328,0.002524,0.004473,0.007431,0.011623,0.017187,0.024105,0.032166,0.040952,0.049867,0.058209,0.065267,0.070428,0.073262,0.073586,0.071469,0.067212,0.061281,0.054233,0.046637,0.03901,0.03177,0.025215,0.019518,0.014748,0.010886,0.007854,0.005544,0.00383,0.002592,0.001719,0.001118,0.000713,0.000447,0.000671,0.983121,0.016879,1,0.017023,0.971498,0.028502,1,0.028916,0.954311,0.045689,1,0.046766,0.930206,0.069794,1,0.072349,0.89804,0.10196,1,0.107541,0.857087,0.142913,0,1.94552,0.80722,0.19278,0,1.646203,0.74901,0.25099,0,1.382343,0.683743,0.316257,0,1.1512,0.613315,0.386685,0,0.950145,0.540053,0.459947,0,0.776644,0.466467,0.533533,0,0.628235,0.394998,0.605002,0,0.502523,0.327785,0.672215,0,0.397178,0.266504,0.733496,0,0.309934,0.212272,0.787728,0,0.238602,0.165635,0.834365,0,0.181084,0.126624,0.873376,0,0.13539,0.094854,0.905146,0,0.099659,5e-06,5.5e-05,0.000321,0.001261,0.003756,0.00903,0.018252,0.031902,0.04922,0.06809,0.085507,0.098455,0.1048,0.10384,0.096338,0.084111,0.069412,0.054351,0.040519,0.028847,0.019666,0.012869,0.008101,0.011239,4e-06,4.4e-05,0.00026,0.001043,0.003165,0.007753,0.015967,0.028437,0.044705,0.063016,0.080636,0.094606,0.10261,0.103597,0.097934,0.087124,0.073261,0.058452,0.044402,0.03221,0.022374,0.014919,0.00957,0.013833,0.994549,0.005451,0.985519,0.014481,0.967267,0.032733,0.935365,0.064635,0.886145,0.113855,0.818056,0.181944,0.732549,0.267451,0.634093,0.365907,0.529294,0.470706,0.425453,0.574547,0.329115,0.670885,0.245004,0.754996,0.175592,0.824408,0.12124,0.87876,0.080721,0.919279,0.995408,0.004592,0.987655,0.012345,0.971689,0.028311,0.943252,0.056748,0.898546,0.101454,0.83553,0.16447,0.754894,0.245106,0.660288,0.339712,0.557678,0.442322,0.454081,0.545919,0.356147,0.643853,0.269022,0.730978,0.195762,0.804238,0.137309,0.862691,0.092907,0.907093,1,0.005466,1,0.004603,1,0.014587,1,0.012422,1,0.033281,1,0.028719,1,0.066818,1,0.058422,0,2.17283,1,0.106977,0,1.704056,1,0.179689,0,1.318819,1,0.281178,0,1.005376,1,0.415079,0,0.753522,0,0.815717,0,0.554173,0,0.605285,0,0.399158,0,0.440285,0,0.281043,0,0.313372,0,0.19309,0,0.21786,0,0.129243,0,0.147699,0,0.084166,0,0.09751
2637,2025/26,33,Radomiak Radom,Lech Poznań,17.0,15.0,32.0,12.9086,12.8681,25.7766,0.009287,1,4908.0201,0.4016,0.4103,0.164,0.3385,0.3238,0.0,0.0,0.0,0.0,0.0,2e-06,6e-06,2e-05,5.9e-05,0.000158,0.000378,0.000827,0.001668,0.003119,0.005438,0.008888,0.013679,0.0199,0.02746,0.036052,0.045159,0.054103,0.062135,0.068545,0.072772,0.074479,0.073602,0.070332,0.065076,0.058376,0.050828,0.043004,0.035391,0.028358,0.022143,0.016864,0.012537,0.009104,0.006463,0.004488,0.003051,0.002031,0.001325,0.000848,0.000532,0.000328,0.000474,0.979438,0.020562,1,0.020776,0.96576,0.03424,1,0.03484,0.94586,0.05414,1,0.055661,0.9184,0.0816,1,0.085122,0.882348,0.117652,1,0.125168,0.837189,0.162811,1,0.177705,0.783086,0.216914,1,0.244512,0.720951,0.279049,1,0.327183,0.652406,0.347594,1,0.427088,0.579635,0.420365,1,0.545357,0.505156,0.494844,1,0.682889,0.431554,0.568446,1,0.840363,0.361222,0.638778,1,1.018262,0.296147,0.703853,1,1.216901,0.237771,0.762229,1,1.436447,0.186943,0.813057,1,1.676953,0.143939,0.856061,1,1.938368,0.108548,0.891452,0,0.114903,0.08019,0.91981,0,0.083588,5e-06,5.8e-05,0.00034,0.001331,0.003943,0.009427,0.018952,0.032947,0.050557,0.069562,0.086884,0.0995,0.10534,0.103811,0.095791,0.083181,0.068273,0.053171,0.039425,0.027916,0.018928,0.012319,0.007713,0.010576,5e-06,6e-05,0.000351,0.001369,0.004042,0.009638,0.019322,0.033496,0.051256,0.070325,0.087591,0.100029,0.105603,0.103778,0.095492,0.082689,0.06768,0.052561,0.038863,0.027442,0.018554,0.012042,0.007519,0.010247,0.994274,0.005726,0.984846,0.015154,0.965894,0.034106,0.932948,0.067052,0.88239,0.11761,0.812829,0.187171,0.725945,0.274055,0.626445,0.373555,0.521105,0.478895,0.417294,0.582706,0.321503,0.678497,0.238322,0.761678,0.170049,0.829951,0.116878,0.883122,0.077453,0.922547,0.994126,0.005874,0.984488,0.015512,0.965166,0.034834,0.93167,0.06833,0.880415,0.119585,0.81009,0.18991,0.722499,0.277501,0.62247,0.37753,0.516867,0.483133,0.413089,0.586911,0.317597,0.682403,0.234907,0.765093,0.167227,0.832773,0.114667,0.885333,0.075803,0.924197,1,0.005742,1,0.005891,1,0.01527,1,0.015634,1,0.034701,1,0.035455,1,0.069406,1,0.070777,1,0.125121,1,0.127362,1,0.207235,1,0.21061,1,0.320281,1,0.325039,1,0.467694,1,0.47406,1,0.651804,1,0.65997,1,0.873964,1,0.884092,1,1.134748,1,1.146972,1,1.434133,0,0.267758,1,1.771669,0,0.182994,0,0.124292,0,0.121791,0,0.080617,0,0.07883
2638,2025/26,33,Korona Kielce,Widzew Łódź,23.0,16.0,39.0,12.3313,14.094,26.4253,0.009287,1,4908.0201,0.4016,0.4103,0.164,0.3385,0.3238,0.0,0.0,0.0,0.0,0.0,1e-06,4e-06,1.3e-05,4e-05,0.000108,0.000265,0.000593,0.001222,0.002336,0.004163,0.006956,0.010943,0.016274,0.022957,0.030811,0.039455,0.048323,0.056736,0.063987,0.069451,0.072671,0.073422,0.071732,0.067859,0.062239,0.055409,0.047933,0.040334,0.033046,0.026385,0.020548,0.01562,0.011599,0.00842,0.00598,0.004157,0.00283,0.001888,0.001236,0.000793,0.0005,0.000762,0.984299,0.015701,1,0.015826,0.973355,0.026645,1,0.027006,0.957081,0.042919,1,0.043867,0.934124,0.065876,1,0.068146,0.903313,0.096687,1,0.101686,0.863859,0.136141,1,0.146346,0.815535,0.184465,1,0.20391,0.7588,0.2412,1,0.276017,0.694813,0.305187,1,0.364113,0.625362,0.374638,1,0.469424,0.552691,0.447309,1,0.592956,0.479269,0.520731,1,0.735493,0.407537,0.592463,1,0.897624,0.339678,0.660322,1,1.079759,0.277439,0.722561,1,1.282155,0.22203,0.77797,1,1.504942,0.174097,0.825903,1,1.748141,0.133763,0.866237,1,2.011687,0.100717,0.899283,1,2.295443,9e-06,9.4e-05,0.000525,0.001974,0.005612,0.012879,0.024852,0.041469,0.061082,0.08067,0.096715,0.106314,0.108038,0.102197,0.090518,0.075448,0.059441,0.044435,0.031626,0.021495,0.01399,0.00874,0.005253,0.006603,2e-06,2.2e-05,0.000139,0.000587,0.001879,0.004858,0.010559,0.019847,0.032929,0.048986,0.066153,0.08191,0.093759,0.099902,0.099669,0.093577,0.083043,0.069925,0.056058,0.042917,0.031462,0.02214,0.014988,0.024486,0.991765,0.008235,0.978886,0.021114,0.954034,0.045966,0.912565,0.087435,0.851483,0.148517,0.770813,0.229187,0.674098,0.325902,0.567783,0.432217,0.459746,0.540254,0.357548,0.642452,0.26703,0.73297,0.191582,0.808418,0.132141,0.867859,0.087705,0.912295,0.05608,0.94392,0.997167,0.002833,0.992309,0.007691,0.98175,0.01825,0.961903,0.038097,0.928973,0.071027,0.879987,0.120013,0.813834,0.186166,0.731924,0.268076,0.638164,0.361836,0.538263,0.461737,0.438594,0.561406,0.345017,0.654983,0.261975,0.738025,0.19205,0.80795,0.135993,0.864007,1,0.008269,1,0.002837,1,0.02134,1,0.007721,1,0.047056,1,0.018419,1,0.091496,1,0.038842,1,0.160776,1,0.073676,1,0.260309,1,0.127848,1,0.39438,1,0.205999,1,0.566016,1,0.312079,1,0.777081,1,0.44916,1,1.028486,1,0.619408,1,1.320394,1,0.824181,1,1.652439,1,1.064162,1,2.023886,0,0.303778,1,2.433776,0,0.213255,1,2.880976,0,0.146174
2639,2025/26,33,GKS Katowice,Jagiellonia Białystok,15.0,10.0,25.0,11.7792,11.6737,23.4529,0.009287,1,4908.0201,0.4016,0.4103,0.164,0.3385,0.3238,0.0,0.0,0.0,0.0,2e-06,8e-06,2.9e-05,8.9e-05,0.000242,0.000591,0.001302,0.00262,0.004853,0.008335,0.013352,0.02005,0.028349,0.037889,0.048033,0.057936,0.066671,0.073382,0.077424,0.078469,0.076534,0.071962,0.065333,0.057355,0.048754,0.040179,0.03214,0.024982,0.018888,0.013904,0.009974,0.006979,0.004766,0.00318,0.002074,0.001323,0.000826,0.000505,0.000303,0.000178,0.000103,5.8e-05,7e-05,0.948527,0.051473,1,0.052845,0.920178,0.079822,1,0.083188,0.882289,0.117711,1,0.125236,0.834256,0.165744,1,0.181215,0.77632,0.22368,1,0.25319,0.709649,0.290351,1,0.342985,0.636267,0.363733,1,0.452137,0.558842,0.441158,1,0.581888,0.480374,0.519626,1,0.733191,0.40384,0.59616,1,0.906738,0.331877,0.668123,0,0.403283,0.266544,0.733456,0,0.309988,0.209189,0.790811,0,0.234696,0.160435,0.839565,0,0.174871,0.120255,0.879745,0,0.128123,0.088115,0.911885,0,0.092241,0.063133,0.936867,0,0.065213,0.044244,0.955756,0,0.045253,0.03034,0.96966,0,0.03081,1.4e-05,0.000148,0.000795,0.002866,0.007819,0.017221,0.031889,0.051065,0.07218,0.091481,0.10525,0.111027,0.108273,0.098287,0.083541,0.066823,0.050521,0.036243,0.024754,0.016146,0.010084,0.006045,0.003487,0.00403,1.5e-05,0.000162,0.00086,0.003076,0.008325,0.018187,0.033406,0.053062,0.074396,0.093527,0.106735,0.111684,0.108033,0.097277,0.082014,0.065071,0.0488,0.034725,0.023525,0.01522,0.009429,0.005607,0.003208,0.003648,0.988348,0.011652,0.971127,0.028873,0.939238,0.060762,0.888173,0.111827,0.815992,0.184008,0.724511,0.275489,0.619261,0.380739,0.508233,0.491767,0.39996,0.60004,0.301673,0.698327,0.218132,0.781868,0.151309,0.848691,0.100788,0.899212,0.064545,0.935455,0.039791,0.960209,0.987553,0.012447,0.969367,0.030633,0.935961,0.064039,0.882899,0.117101,0.808503,0.191497,0.714976,0.285024,0.608241,0.391759,0.496558,0.503442,0.388524,0.611476,0.291248,0.708752,0.209233,0.790767,0.144162,0.855838,0.095363,0.904637,0.060638,0.939362,0.037112,0.962888,1,0.01172,1,0.012525,1,0.029298,1,0.031112,1,0.062686,1,0.066181,1,0.118589,1,0.124544,1,0.203351,1,0.212571,1,0.322258,1,0.335506,1,0.479228,0,0.937108,1,0.676815,0,0.686287,1,0.916391,0,0.49188,1,1.198412,0,0.34425,1,1.522655,0,0.234752,0,0.16406,0,0.155674,0,0.106236,0,0.100222,0,0.066722,0,0.062554,0,0.040604,0,0.037818
2640,2025/26,33,Piast Gliwice,Raków Częstochowa,16.0,7.0,23.0,12.1674,11.4678,23.6351,0.009287,1,4908.0201,0.4016,0.4103,0.164,0.3385,0.3238,0.0,0.0,0.0,0.0,2e-06,7e-06,2.5e-05,7.9e-05,0.000218,0.000534,0.001185,0.002401,0.004478,0.007745,0.012493,0.018891,0.026897,0.036199,0.046211,0.056127,0.065041,0.072089,0.076592,0.078168,0.076775,0.072694,0.06646,0.058754,0.050294,0.041739,0.033622,0.026318,0.020038,0.014854,0.010731,0.007561,0.0052,0.003494,0.002295,0.001474,0.000927,0.000571,0.000345,0.000204,0.000119,6.8e-05,8.2e-05,0.951942,0.048058,1,0.049252,0.925045,0.074955,1,0.077913,0.888846,0.111154,1,0.117831,0.842635,0.157365,1,0.171221,0.786508,0.213492,1,0.240152,0.721467,0.278533,1,0.326469,0.649378,0.350622,1,0.43174,0.572786,0.427214,1,0.557243,0.494618,0.505382,0,0.68244,0.417843,0.582157,0,0.541015,0.345148,0.654852,0,0.423346,0.278688,0.721312,0,0.326684,0.219934,0.780066,0,0.248377,0.169641,0.830359,0,0.185897,0.127902,0.872098,0,0.136853,0.09428,0.90572,0,0.099025,0.067962,0.932038,0,0.070382,0.047924,0.952076,0,0.049111,0.03307,0.96693,0,0.03363,1e-05,0.000108,0.000594,0.002206,0.006196,0.014051,0.026789,0.044169,0.064281,0.083881,0.099364,0.107922,0.108362,0.10128,0.088634,0.072996,0.056822,0.04197,0.029514,0.019821,0.012746,0.007867,0.004672,0.005729,1.9e-05,0.000192,0.001003,0.00353,0.009402,0.020212,0.036534,0.057105,0.078789,0.097471,0.109463,0.112712,0.10729,0.095068,0.078874,0.061582,0.045447,0.031824,0.021216,0.013508,0.008235,0.004819,0.002713,0.002988,0.990869,0.009131,0.976818,0.023182,0.950029,0.049971,0.90586,0.09414,0.84158,0.15842,0.757698,0.242302,0.658334,0.341666,0.550412,0.449588,0.44205,0.55795,0.340771,0.659229,0.252137,0.747863,0.179141,0.820859,0.122319,0.877681,0.080349,0.919651,0.050835,0.949165,0.985848,0.014152,0.965637,0.034363,0.929103,0.070897,0.871998,0.128002,0.793209,0.206791,0.695738,0.304262,0.586275,0.413725,0.473563,0.526437,0.366273,0.633727,0.271205,0.728795,0.192331,0.807669,0.130749,0.869251,0.085302,0.914698,0.053479,0.946521,0.032262,0.967738,1,0.009173,1,0.014253,1,0.023455,1,0.034967,1,0.051263,1,0.073536,1,0.098871,0,2.055709,1,0.172474,0,1.576047,1,0.27747,0,1.189866,1,0.418043,0,0.882554,1,0.597088,0,0.641624,1,0.816332,0,0.456137,1,1.076545,0,0.316363,1,1.377783,0,0.213603,1,1.719582,0,0.140123,0,0.130472,0,0.089161,0,0.083761,0,0.054962,0,0.052173,0,0.032794
2641,2025/26,34,Bruk-Bet Termalica Nieciecza,Lechia Gdańsk,14.0,16.0,30.0,12.2707,11.7467,24.0174,0.009323,1,4958.3016,0.4028,0.4081,0.1708,0.341,0.315,0.0,0.0,0.0,0.0,1e-06,5e-06,2e-05,6.2e-05,0.000173,0.000432,0.000972,0.001997,0.003778,0.006629,0.010846,0.016637,0.024029,0.032807,0.042486,0.05235,0.061543,0.069199,0.074589,0.077229,0.076955,0.073925,0.068569,0.061502,0.053414,0.044976,0.036759,0.029194,0.022553,0.016963,0.012434,0.00889,0.006204,0.004229,0.002819,0.001838,0.001173,0.000733,0.000449,0.00027,0.000159,9.2e-05,0.000115,0.958447,0.041553,1,0.042441,0.934418,0.065582,1,0.067832,0.901611,0.098389,1,0.103572,0.859125,0.140875,1,0.151841,0.806775,0.193225,1,0.214711,0.745232,0.254768,1,0.294059,0.676033,0.323967,1,0.391513,0.601444,0.398556,1,0.508421,0.524215,0.475785,1,0.645853,0.44726,0.55274,1,0.804616,0.373334,0.626666,1,0.985281,0.304765,0.695235,1,1.188214,0.243263,0.756737,1,1.413612,0.189849,0.810151,1,1.661526,0.144874,0.855126,1,1.931894,0.108115,0.891885,0,0.114418,0.078921,0.921079,0,0.082209,0.056368,0.943632,0,0.058019,0.039405,0.960595,0,0.040202,9e-06,9.9e-05,0.000551,0.002059,0.005827,0.013311,0.025566,0.042465,0.062263,0.081857,0.097696,0.106911,0.108161,0.101862,0.089824,0.074543,0.058474,0.043524,0.030844,0.020875,0.013528,0.008416,0.005037,0.006278,1.4e-05,0.000153,0.000816,0.002932,0.007978,0.017524,0.032363,0.051686,0.072866,0.092109,0.105701,0.111219,0.108189,0.097966,0.083064,0.06628,0.049991,0.035778,0.024379,0.015864,0.009885,0.005913,0.003403,0.003915,0.991435,0.008565,0.978124,0.021876,0.952558,0.047442,0.910092,0.089908,0.84783,0.15217,0.765973,0.234027,0.668277,0.331723,0.561366,0.438634,0.453206,0.546794,0.351344,0.648656,0.26152,0.73848,0.186976,0.813024,0.128502,0.871498,0.084979,0.915021,0.054134,0.945866,0.988097,0.011903,0.970573,0.029427,0.93821,0.06179,0.886524,0.113476,0.813658,0.186342,0.721549,0.278451,0.615848,0.384152,0.504629,0.495371,0.39644,0.60356,0.298474,0.701526,0.215409,0.784591,0.149129,0.850871,0.099137,0.900863,0.06336,0.93664,0.038981,0.961019,1,0.008602,1,0.011974,1,0.022119,1,0.029869,1,0.048604,1,0.063781,1,0.09421,1,0.120447,1,0.165075,1,0.206215,1,0.266608,1,0.326355,1,0.403053,1,0.484755,1,0.577382,1,0.683932,1,0.791409,1,0.925231,1,1.045989,1,1.209072,0,0.303161,1,1.535217,0,0.206995,1,1.902944,0,0.137542,0,0.104402,0,0.088808,0,0.065456,0,0.055654,0,0.039761
2642,2025/26,34,Legia Warszawa,Motor Lublin,11.0,14.0,25.0,13.6423,12.6561,26.2984,0.009323,1,4958.3016,0.4028,0.4081,0.1708,0.341,0.315,0.0,0.0,0.0,0.0,0.0,1e-06,4e-06,1.4e-05,4.3e-05,0.000116,0.000284,0.000634,0.0013,0.002474,0.004391,0.007304,0.011442,0.016942,0.023796,0.031801,0.040546,0.049447,0.057805,0.064914,0.070155,0.073093,0.073533,0.071533,0.067382,0.061537,0.05455,0.046989,0.039371,0.03212,0.025536,0.019802,0.014989,0.011083,0.008012,0.005665,0.003921,0.002659,0.001766,0.001151,0.000736,0.000462,0.000697,0.983433,0.016567,1,0.016706,0.971991,0.028009,1,0.028409,0.955049,0.044951,1,0.045993,0.931253,0.068747,1,0.071225,0.899452,0.100548,1,0.105969,0.858906,0.141094,1,0.152096,0.809459,0.190541,1,0.211389,0.751654,0.248346,1,0.285479,0.68674,0.31326,1,0.3758,0.616585,0.383415,1,0.483559,0.543492,0.456508,0,0.784148,0.469959,0.530041,0,0.6348,0.398425,0.601575,0,0.508205,0.331044,0.668956,0,0.402036,0.269507,0.730493,0,0.314035,0.214957,0.785043,0,0.242017,0.167968,0.832032,0,0.183885,0.128597,0.871403,0,0.137651,0.096477,0.903523,0,0.101454,3e-06,3.2e-05,0.000196,0.000804,0.002502,0.006281,0.013261,0.02421,0.039017,0.056382,0.073964,0.088968,0.098933,0.102411,0.099264,0.090547,0.078071,0.063873,0.049754,0.037012,0.026365,0.018028,0.01186,0.018142,6e-06,7.2e-05,0.000412,0.001584,0.004609,0.010825,0.021375,0.036501,0.055022,0.074369,0.091253,0.102666,0.106784,0.10339,0.093734,0.079973,0.064496,0.049354,0.035959,0.02502,0.01667,0.010662,0.00656,0.008666,0.996342,0.003658,0.990061,0.009939,0.9768,0.0232,0.952591,0.047409,0.913574,0.086426,0.857192,0.142808,0.783228,0.216772,0.69426,0.30574,0.595327,0.404673,0.492915,0.507085,0.393651,0.606349,0.303104,0.696896,0.225033,0.774967,0.16116,0.83884,0.111406,0.888594,0.993281,0.006719,0.982456,0.017544,0.961081,0.038919,0.92458,0.07542,0.869558,0.130442,0.795189,0.204811,0.703936,0.296064,0.601269,0.398731,0.494485,0.505515,0.391095,0.608905,0.297361,0.702639,0.217388,0.782612,0.152893,0.847107,0.103538,0.896462,0.067579,0.932421,1,0.003665,1,0.006742,1,0.009989,1,0.0177,1,0.023473,1,0.039697,1,0.04857,1,0.078416,1,0.090391,1,0.13977,1,0.154093,1,0.229175,1,0.244331,1,0.351068,0,1.18502,1,0.508713,0,0.904676,1,0.704238,0,0.679077,1,0.938805,0,0.5003,0,0.352912,0,0.361119,0,0.245118,0,0.254935,0,0.165928,0,0.175735,0,0.109299,0,0.118115,0,0.069971
2643,2025/26,34,Górnik Zabrze,Radomiak Radom,9.0,9.0,18.0,12.0965,12.6005,24.697,0.009323,1,4958.3016,0.4028,0.4081,0.1708,0.341,0.315,0.0,0.0,0.0,0.0,1e-06,3e-06,1.2e-05,4e-05,0.000115,0.000294,0.000678,0.001429,0.002772,0.004987,0.008367,0.01316,0.01949,0.027284,0.036231,0.045776,0.055179,0.063619,0.070314,0.07465,0.076273,0.075129,0.071454,0.065716,0.058522,0.050527,0.042344,0.034483,0.027314,0.021066,0.015834,0.011607,0.008306,0.005806,0.003968,0.002652,0.001736,0.001112,0.000699,0.00043,0.00026,0.000154,0.000205,0.96814,0.03186,1,0.032378,0.948651,0.051349,1,0.052715,0.921366,0.078634,1,0.081898,0.885135,0.114865,0,2.164,0.83936,0.16064,0,1.828588,0.78418,0.21582,0,1.533313,0.720562,0.279438,0,1.274973,0.650248,0.349752,0,1.05053,0.575597,0.424403,0,0.857073,0.499324,0.500676,0,0.691797,0.424195,0.575805,0,0.551986,0.352741,0.647259,0,0.435008,0.287025,0.712975,0,0.338309,0.228503,0.771497,0,0.259422,0.177976,0.822024,0,0.195986,0.135632,0.864368,0,0.145757,0.101149,0.898851,0,0.106639,0.073835,0.926165,0,0.076703,0.052769,0.947231,0,0.054212,1.1e-05,0.000114,0.000628,0.002317,0.006473,0.014597,0.027679,0.045388,0.065699,0.085272,0.100473,0.108548,0.108416,0.100799,0.087753,0.071896,0.055678,0.040914,0.028625,0.019125,0.012237,0.007515,0.00444,0.00539,7e-06,7.6e-05,0.00043,0.001646,0.004768,0.011155,0.021941,0.03732,0.056034,0.07544,0.092203,0.103327,0.107049,0.103239,0.093229,0.07923,0.063645,0.048512,0.035206,0.0244,0.016193,0.010316,0.006323,0.008283,0.990442,0.009558,0.975845,0.024155,0.948167,0.051833,0.902779,0.097221,0.83708,0.16292,0.751808,0.248192,0.651335,0.348665,0.542787,0.457213,0.434372,0.565628,0.333573,0.666427,0.24582,0.75418,0.173924,0.826076,0.118246,0.881754,0.077333,0.922667,0.048708,0.951292,0.993042,0.006958,0.981887,0.018113,0.959946,0.040054,0.922627,0.077373,0.866592,0.133408,0.791153,0.208847,0.69895,0.30105,0.595623,0.404377,0.488575,0.511425,0.385335,0.614665,0.292107,0.707893,0.212877,0.787123,0.149233,0.850767,0.100721,0.899279,0.065515,0.934485,1,0.009604,1,0.006982,1,0.024452,1,0.018279,1,0.053225,1,0.040878,1,0.102277,1,0.08053,1,0.177836,1,0.143187,0,1.393553,0,1.566153,0,1.053644,0,1.200479,0,0.782606,0,0.905408,0,0.569819,0,0.670554,0,0.405825,0,0.486678,0,0.282124,0,0.345462,0,0.191069,0,0.239371,0,0.125842,0,0.161617,0,0.080487,0,0.106162,0,0.049934,0,0.06776
2644,2025/26,34,Pogoń Szczecin,GKS Katowice,12.0,6.0,18.0,11.8993,12.0505,23.9497,0.009323,1,4958.3016,0.4028,0.4081,0.1708,0.341,0.315,0.0,0.0,0.0,0.0,1e-06,6e-06,2.1e-05,6.5e-05,0.000181,0.000448,0.001007,0.002063,0.003895,0.006815,0.011124,0.01702,0.02452,0.033392,0.043135,0.053016,0.062168,0.069726,0.074966,0.077424,0.076954,0.073736,0.068221,0.061034,0.052873,0.044407,0.036202,0.028678,0.022098,0.016579,0.012122,0.008644,0.006017,0.004092,0.00272,0.001769,0.001126,0.000702,0.000429,0.000257,0.000151,8.7e-05,0.000109,0.957355,0.042645,1,0.043581,0.932835,0.067165,1,0.069527,0.899443,0.100557,1,0.10598,0.856308,0.143692,0,1.94008,0.803292,0.196708,0,1.626035,0.741124,0.258876,0,1.351407,0.671398,0.328602,0,1.112909,0.596432,0.403568,0,0.90741,0.519008,0.480992,0,0.731905,0.442055,0.557945,0,0.583494,0.368318,0.631682,0,0.459369,0.300097,0.699903,0,0.356814,0.239063,0.760937,0,0.273204,0.18619,0.81381,0,0.206028,0.141782,0.858218,0,0.152897,0.10558,0.89442,0,0.11158,0.076902,0.923098,0,0.08002,0.054803,0.945197,0,0.056362,0.038224,0.961776,0,0.038974,1.3e-05,0.000135,0.000728,0.002646,0.007285,0.016188,0.030245,0.048868,0.069698,0.089136,0.103484,0.11016,0.108412,0.099316,0.085194,0.068774,0.052479,0.037997,0.026194,0.017245,0.010871,0.006579,0.00383,0.004511,1.1e-05,0.000119,0.00065,0.00239,0.006654,0.014955,0.02826,0.046183,0.066621,0.086174,0.101189,0.108948,0.108443,0.10048,0.087176,0.071179,0.054934,0.040229,0.02805,0.018677,0.011909,0.007289,0.004292,0.005174,0.989182,0.010818,0.972994,0.027006,0.942749,0.057251,0.893882,0.106118,0.824183,0.175817,0.735048,0.264952,0.631563,0.368437,0.521403,0.478597,0.412991,0.587009,0.313675,0.686325,0.228481,0.771519,0.159707,0.840293,0.107228,0.892772,0.069231,0.930769,0.043036,0.956964,0.990162,0.009838,0.975207,0.024793,0.946947,0.053053,0.900763,0.099237,0.834142,0.165858,0.747968,0.252032,0.646779,0.353221,0.537831,0.462169,0.429388,0.570612,0.328908,0.671092,0.241732,0.758268,0.170553,0.829447,0.115619,0.884381,0.07539,0.92461,0.047341,0.952659,1,0.010877,1,0.009887,1,0.027377,1,0.025106,1,0.058955,0,2.936464,1,0.112182,0,2.310244,1,0.193363,0,1.796623,1,0.307819,0,1.378199,1,0.459558,0,1.040661,1,0.651232,0,0.771825,0,0.532715,0,0.561046,0,0.376404,0,0.398849,0,0.259394,0,0.276718,0,0.174005,0,0.186996,0,0.113424,0,0.122867,0,0.071744,0,0.078383,0,0.04399,0,0.048498
2645,2025/26,34,Cracovia,Korona Kielce,15.0,11.0,26.0,12.3822,12.6303,25.0125,0.009323,1,4958.3016,0.4028,0.4081,0.1708,0.341,0.315,0.0,0.0,0.0,0.0,1e-06,3e-06,1e-05,3.3e-05,9.5e-05,0.000245,0.000573,0.00122,0.002395,0.004358,0.007395,0.011764,0.017622,0.024952,0.033513,0.042826,0.052215,0.06089,0.068068,0.073093,0.075537,0.075255,0.072393,0.06734,0.060655,0.052967,0.044896,0.036979,0.029627,0.023111,0.017569,0.013027,0.009428,0.006666,0.004607,0.003115,0.002062,0.001336,0.000849,0.000529,0.000323,0.000194,0.000264,0.971909,0.028091,1,0.028493,0.954287,0.045713,1,0.046791,0.929335,0.070665,1,0.073286,0.895822,0.104178,1,0.110013,0.852996,0.147004,1,0.159,0.800781,0.199219,1,0.222168,0.739891,0.260109,1,0.301253,0.671823,0.328177,1,0.397761,0.598729,0.401271,1,0.512945,0.523193,0.476807,1,0.647805,0.447938,0.552062,1,0.803101,0.375545,0.624455,0,0.470876,0.308205,0.691795,0,0.368465,0.24755,0.75245,0,0.284421,0.194583,0.805417,0,0.216395,0.149686,0.850314,0,0.16215,0.112707,0.887293,0,0.11958,0.08308,0.91692,0,0.086735,0.059969,0.940031,0,0.061842,8e-06,9e-05,0.000506,0.001909,0.005446,0.012543,0.024287,0.040669,0.060115,0.079677,0.095869,0.105767,0.107875,0.10242,0.091052,0.076178,0.060243,0.045206,0.032297,0.022036,0.014398,0.00903,0.005448,0.006906,7e-06,7.4e-05,0.00042,0.001612,0.004682,0.010977,0.021636,0.036879,0.05549,0.074866,0.091694,0.102975,0.106909,0.103323,0.093502,0.07963,0.064102,0.048964,0.035609,0.024731,0.016448,0.010501,0.006449,0.008486,0.992016,0.007984,0.979473,0.020527,0.955186,0.044814,0.914517,0.085483,0.854401,0.145599,0.774724,0.225276,0.678855,0.321145,0.573089,0.426911,0.465214,0.534786,0.362794,0.637206,0.271742,0.728258,0.195564,0.804436,0.135321,0.864679,0.090115,0.909885,0.057818,0.942182,0.993171,0.006829,0.982194,0.017806,0.960558,0.039442,0.923679,0.076321,0.868189,0.131811,0.793323,0.206677,0.701629,0.298371,0.598654,0.401346,0.491745,0.508255,0.388422,0.611578,0.29492,0.70508,0.21529,0.78471,0.151188,0.848812,0.102225,0.897775,0.066616,0.933384,1,0.008016,1,0.006852,1,0.020741,1,0.017966,1,0.045849,1,0.040241,1,0.089359,1,0.079391,1,0.157355,1,0.141346,1,0.255248,1,0.231525,1,0.387348,1,0.354351,1,0.556714,0,0.912931,1,0.765258,0,0.676772,1,1.01392,0,0.491713,1,1.302902,0,0.349444,0,0.217614,0,0.242441,0,0.145397,0,0.163918,0,0.094437,0,0.107836,0,0.059557,0,0.068939
2646,2025/26,34,Lech Poznań,Wisła Płock,7.0,11.0,18.0,10.2043,11.2817,21.486,0.009323,1,4958.3016,0.4028,0.4081,0.1708,0.341,0.315,0.0,0.0,0.0,2e-06,8e-06,3.2e-05,0.000106,0.000303,0.000765,0.001721,0.003502,0.006506,0.011131,0.017656,0.026121,0.036226,0.047307,0.058397,0.068379,0.076181,0.080977,0.082328,0.080238,0.07512,0.067684,0.058791,0.049309,0.039991,0.031406,0.023912,0.017673,0.012692,0.008866,0.00603,0.003997,0.002584,0.001631,0.001005,0.000606,0.000357,0.000206,0.000117,6.5e-05,3.5e-05,1.9e-05,1e-05,1e-05,0.895922,0.104078,1,0.109902,0.848615,0.151385,1,0.164149,0.790218,0.209782,1,0.235446,0.72184,0.27816,0,1.279557,0.645659,0.354341,0,1.037495,0.564682,0.435318,0,0.831679,0.482354,0.517646,0,0.658464,0.402116,0.597884,0,0.514358,0.326996,0.673004,0,0.396004,0.259312,0.740688,0,0.300176,0.200521,0.799479,0,0.223795,0.151212,0.848788,0,0.163946,0.111221,0.888779,0,0.117907,0.079815,0.920185,0,0.08318,0.055902,0.944098,0,0.057526,0.03823,0.96177,0,0.03898,0.025538,0.974462,0,0.02587,0.016672,0.983328,0,0.016813,0.010642,0.989358,0,0.010699,5.8e-05,0.000544,0.00256,0.0081,0.019397,0.037496,0.060944,0.085662,0.106284,0.118245,0.119424,0.110592,0.09468,0.075455,0.056306,0.039542,0.026248,0.016533,0.009915,0.005678,0.003114,0.001639,0.00083,0.000749,2.2e-05,0.000224,0.001154,0.004,0.010494,0.022223,0.039571,0.060934,0.082826,0.100949,0.111696,0.113318,0.106282,0.092793,0.075859,0.058363,0.042443,0.029288,0.019242,0.012073,0.007253,0.004183,0.002321,0.002486,0.969339,0.030661,0.931843,0.068157,0.870899,0.129101,0.785237,0.214763,0.678953,0.321047,0.560708,0.439292,0.441284,0.558716,0.330692,0.669308,0.236012,0.763988,0.160557,0.839443,0.10425,0.89575,0.064708,0.935292,0.03846,0.96154,0.021927,0.978073,0.012012,0.987988,0.984102,0.015898,0.961879,0.038121,0.922308,0.077692,0.861375,0.138625,0.778549,0.221451,0.6776,0.3224,0.565904,0.434096,0.452586,0.547414,0.346304,0.653696,0.253511,0.746489,0.177652,0.822348,0.119289,0.880711,0.076846,0.923154,0.047558,0.952442,0.028316,0.971684,1,0.031141,1,0.016026,1,0.070591,1,0.038867,1,0.138229,1,0.080876,0,1.53822,1,0.149225,0,1.136168,1,0.250323,0,0.822591,1,0.389198,0,0.582114,1,0.569331,0,0.401511,0,0.60255,0,0.269203,0,0.425113,0,0.175017,0,0.292374,0,0.110094,0,0.195592,0,0.066896,0,0.127026,0,0.039219,0,0.079959,0,0.022171,0,0.048726,0,0.012085,0,0.028725
2647,2025/26,34,Raków Częstochowa,Arka Gdynia,14.0,10.0,24.0,11.3654,13.4962,24.8616,0.009323,1,4958.3016,0.4028,0.4081,0.1708,0.341,0.315,0.0,0.0,0.0,0.0,1e-06,3e-06,1.1e-05,3.6e-05,0.000105,0.000268,0.000623,0.001319,0.002574,0.004657,0.007858,0.012429,0.018512,0.026064,0.03481,0.044235,0.053632,0.062197,0.069145,0.073843,0.075895,0.075201,0.07195,0.066569,0.059638,0.051803,0.043677,0.035785,0.02852,0.022131,0.016737,0.012346,0.008889,0.006253,0.0043,0.002893,0.001905,0.001229,0.000777,0.000481,0.000293,0.000175,0.000235,0.970116,0.029884,1,0.030339,0.951605,0.048395,1,0.049606,0.925541,0.074459,1,0.077377,0.890731,0.109269,1,0.115713,0.846496,0.153504,1,0.16665,0.792864,0.207136,1,0.232104,0.730667,0.269333,1,0.313797,0.661522,0.338478,1,0.413212,0.587679,0.412321,1,0.531574,0.511785,0.488215,0,0.716999,0.436584,0.563416,0,0.573736,0.364634,0.635366,0,0.453554,0.298065,0.701935,0,0.353915,0.238427,0.761573,0,0.272369,0.186624,0.813376,0,0.206562,0.142947,0.857053,0,0.154256,0.107162,0.892838,0,0.113351,0.078642,0.921358,0,0.081907,0.056511,0.943489,0,0.058171,2e-05,0.000209,0.001084,0.003784,0.009992,0.021303,0.038187,0.059197,0.081005,0.099393,0.110712,0.113073,0.106764,0.093839,0.077229,0.059816,0.043791,0.03042,0.02012,0.012709,0.007687,0.004463,0.002493,0.002704,3e-06,3.6e-05,0.000219,0.00089,0.002741,0.006817,0.014255,0.025779,0.04115,0.058899,0.076531,0.091179,0.100428,0.10297,0.098856,0.089317,0.076278,0.061812,0.047691,0.03514,0.024793,0.016792,0.010942,0.01638,0.984905,0.015095,0.963603,0.036397,0.925416,0.074584,0.866218,0.133782,0.785213,0.214787,0.685819,0.314181,0.575107,0.424893,0.462034,0.537966,0.355271,0.644729,0.261432,0.738568,0.184203,0.815797,0.124387,0.875613,0.080596,0.919404,0.050176,0.949824,0.030055,0.969945,0.996009,0.003991,0.989192,0.010808,0.974937,0.025063,0.949158,0.050842,0.908008,0.091992,0.84911,0.15089,0.772579,0.227421,0.681399,0.318601,0.580971,0.419029,0.478001,0.521999,0.379145,0.620855,0.289828,0.710172,0.21355,0.78645,0.151737,0.848263,0.104047,0.895953,1,0.01521,1,0.003999,1,0.037076,1,0.010867,1,0.077512,1,0.025382,1,0.143619,1,0.05218,1,0.2418,1,0.096502,1,0.377142,1,0.163567,1,0.553199,0,1.480952,1,0.772117,0,1.143816,1,1.034874,0,0.869815,1,1.341581,0,0.65009,0,0.20359,0,0.476658,0,0.132831,0,0.342248,0,0.08403,0,0.240226,0,0.051479,0,0.164565,0,0.030516,0,0.109867
2648,2025/26,34,Jagiellonia Białystok,Zagłębie Lubin,15.0,16.0,31.0,12.0252,13.4147,25.4399,0.009323,1,4958.3016,0.4028,0.4081,0.1708,0.341,0.315,0.0,0.0,0.0,0.0,0.0,2e-06,7e-06,2.5e-05,7.3e-05,0.000192,0.000455,0.000985,0.001962,0.003623,0.006242,0.01008,0.015328,0.022033,0.030042,0.038974,0.04824,0.057111,0.064816,0.070661,0.074137,0.074987,0.073237,0.069166,0.063252,0.05608,0.048263,0.040361,0.032832,0.026004,0.020072,0.015111,0.011105,0.007972,0.005595,0.003841,0.002581,0.001699,0.001096,0.000693,0.00043,0.000262,0.000369,0.976353,0.023647,1,0.023931,0.961025,0.038975,1,0.039754,0.938992,0.061008,1,0.062948,0.908951,0.091049,1,0.095465,0.869977,0.130023,1,0.139289,0.821736,0.178264,1,0.196336,0.764625,0.235375,1,0.268369,0.699809,0.300191,1,0.356947,0.629148,0.370852,1,0.463388,0.555012,0.444988,1,0.588766,0.480025,0.519975,1,0.733917,0.406788,0.593212,1,0.899462,0.337622,0.662378,1,1.085828,0.274371,0.725629,1,1.293275,0.218291,0.781709,1,1.521928,0.170028,0.829972,1,1.771795,0.129666,0.870334,0,0.138879,0.096834,0.903166,0,0.101849,0.070829,0.929171,0,0.073463,1.1e-05,0.000121,0.000662,0.002431,0.006756,0.015155,0.028585,0.046625,0.067132,0.08667,0.10158,0.109161,0.108451,0.100297,0.086854,0.070782,0.054524,0.039854,0.027735,0.018433,0.011731,0.007167,0.004212,0.005058,3e-06,3.9e-05,0.000232,0.000941,0.002884,0.007135,0.014839,0.02669,0.042376,0.060328,0.077968,0.092392,0.101218,0.103222,0.098567,0.088577,0.075241,0.060644,0.046539,0.034106,0.023935,0.016124,0.01045,0.015456,0.990004,0.009996,0.974849,0.025151,0.946264,0.053736,0.899639,0.100361,0.832508,0.167492,0.745837,0.254163,0.644258,0.355742,0.535096,0.464904,0.426646,0.573354,0.326349,0.673651,0.239495,0.760505,0.168714,0.831286,0.114189,0.885811,0.074336,0.925664,0.0466,0.9534,0.995808,0.004192,0.988673,0.011327,0.973834,0.026166,0.947144,0.052856,0.904768,0.095232,0.84444,0.15556,0.766473,0.233527,0.67408,0.32592,0.572862,0.427138,0.46964,0.53036,0.371073,0.628927,0.282495,0.717505,0.207255,0.792745,0.14661,0.85339,0.100072,0.899928,1,0.010046,1,0.004201,1,0.025473,1,0.011392,1,0.055234,1,0.026514,1,0.105762,1,0.054304,1,0.183312,1,0.100077,1,0.293248,1,0.169082,1,0.439656,1,0.265956,1,0.625309,1,0.394406,1,0.851801,1,0.55711,1,1.119788,1,0.755789,1,1.429223,1,0.991356,0,0.184781,1,1.264094,0,0.121252,0,0.232254,0,0.077244,0,0.158539,0,0.047721,0,0.105441
2649,2025/26,34,Widzew Łódź,Piast Gliwice,14.0,16.0,30.0,13.3482,12.4259,25.7741,0.009323,1,4958.3016,0.4028,0.4081,0.1708,0.341,0.315,0.0,0.0,0.0,0.0,0.0,2e-06,6e-06,2e-05,6e-05,0.000158,0.000379,0.00083,0.001673,0.003127,0.00545,0.008905,0.013701,0.019926,0.027489,0.036082,0.045187,0.054125,0.062149,0.06855,0.072766,0.074465,0.07358,0.070305,0.065047,0.058347,0.050802,0.042982,0.035373,0.028344,0.022133,0.016858,0.012533,0.009103,0.006463,0.004489,0.003052,0.002032,0.001326,0.000849,0.000533,0.000328,0.000475,0.979391,0.020609,1,0.020824,0.965691,0.034309,1,0.034912,0.945765,0.054235,1,0.055761,0.918276,0.081724,1,0.085257,0.882194,0.117806,1,0.125343,0.837008,0.162992,1,0.177922,0.782882,0.217118,1,0.244773,0.720733,0.279267,1,0.327486,0.652183,0.347817,1,0.427429,0.579417,0.420583,1,0.545733,0.504952,0.495048,1,0.683292,0.431372,0.568628,1,0.840784,0.361067,0.638933,1,1.018692,0.29602,0.70398,1,1.217328,0.237673,0.762327,1,1.43686,0.186871,0.813129,0,0.206865,0.143889,0.856111,0,0.155356,0.108516,0.891484,0,0.114868,0.080172,0.919828,0,0.083569,3e-06,4.1e-05,0.000244,0.000985,0.003006,0.007404,0.015331,0.027453,0.043395,0.061507,0.079141,0.09337,0.101838,0.103397,0.098298,0.087946,0.074375,0.059682,0.045599,0.03327,0.023245,0.01559,0.010059,0.014733,8e-06,8.7e-05,0.00049,0.001853,0.005304,0.012253,0.023801,0.039981,0.059285,0.078825,0.095144,0.105299,0.107737,0.102613,0.091512,0.076805,0.060931,0.045867,0.032873,0.0225,0.014747,0.009278,0.005616,0.007166,0.995634,0.004366,0.98823,0.01177,0.9729,0.0271,0.945446,0.054554,0.902051,0.097949,0.840544,0.159456,0.761402,0.238598,0.668033,0.331967,0.566195,0.433805,0.462798,0.537202,0.3645,0.6355,0.276554,0.723446,0.202179,0.797821,0.142497,0.857503,0.096898,0.903102,0.992232,0.007768,0.97998,0.02002,0.956179,0.043821,0.916198,0.083802,0.856913,0.143087,0.778087,0.221913,0.682944,0.317056,0.577645,0.422355,0.469908,0.530092,0.367295,0.632705,0.275783,0.724217,0.198978,0.801022,0.138047,0.861953,0.09218,0.90782,0.059307,0.940693,1,0.004376,1,0.007798,1,0.01184,1,0.020223,1,0.027474,1,0.04481,1,0.056099,1,0.087523,1,0.103084,1,0.154419,1,0.173706,1,0.250917,1,0.272594,1,0.381342,1,0.403418,1,0.548796,1,0.568817,1,0.755218,1,0.770465,1,1.00159,0,0.453343,1,1.288141,0,0.323729,1,1.614561,0,0.225871,0,0.148555,0,0.153731,0,0.096709,0,0.10192,0,0.061138
