match_id,sezon,kolejka,gospodarz,gosc,strzaly_gosp_rzecz,strzaly_gosc_rzecz,suma_rzecz,lambda_home,lambda_away,lambda_suma,alpha,fit_success,fit_fun,coef_b_home,coef_b_away,coef_w_for,coef_w_against,coef_w_total,p_sum_0,p_sum_1,p_sum_2,p_sum_3,p_sum_4,p_sum_5,p_sum_6,p_sum_7,p_sum_8,p_sum_9,p_sum_10,p_sum_11,p_sum_12,p_sum_13,p_sum_14,p_sum_15,p_sum_16,p_sum_17,p_sum_18,p_sum_19,p_sum_20,p_sum_21,p_sum_22,p_sum_23,p_sum_24,p_sum_25,p_sum_26,p_sum_27,p_sum_28,p_sum_29,p_sum_30,p_sum_31,p_sum_32,p_sum_33,p_sum_34,p_sum_35,p_sum_36,p_sum_37,p_sum_38,p_sum_39,p_sum_40,p_sum_41,p_sum_42,p_sum_43,p_sum_44,p_sum_45,p_sum_46,p_sum_47,p_sum_48,p_sum_49,p_sum_50,p_sum_51_plus,p_over_12_5,p_under_12_5,over_12_5_rzecz,ll_over_12_5,p_over_13_5,p_under_13_5,over_13_5_rzecz,ll_over_13_5,p_over_14_5,p_under_14_5,over_14_5_rzecz,ll_over_14_5,p_over_15_5,p_under_15_5,over_15_5_rzecz,ll_over_15_5,p_over_16_5,p_under_16_5,over_16_5_rzecz,ll_over_16_5,p_over_17_5,p_under_17_5,over_17_5_rzecz,ll_over_17_5,p_over_18_5,p_under_18_5,over_18_5_rzecz,ll_over_18_5,p_over_19_5,p_under_19_5,over_19_5_rzecz,ll_over_19_5,p_over_20_5,p_under_20_5,over_20_5_rzecz,ll_over_20_5,p_over_21_5,p_under_21_5,over_21_5_rzecz,ll_over_21_5,p_over_22_5,p_under_22_5,over_22_5_rzecz,ll_over_22_5,p_over_23_5,p_under_23_5,over_23_5_rzecz,ll_over_23_5,p_over_24_5,p_under_24_5,over_24_5_rzecz,ll_over_24_5,p_over_25_5,p_under_25_5,over_25_5_rzecz,ll_over_25_5,p_over_26_5,p_under_26_5,over_26_5_rzecz,ll_over_26_5,p_over_27_5,p_under_27_5,over_27_5_rzecz,ll_over_27_5,p_over_28_5,p_under_28_5,over_28_5_rzecz,ll_over_28_5,p_over_29_5,p_under_29_5,over_29_5_rzecz,ll_over_29_5,p_over_30_5,p_under_30_5,over_30_5_rzecz,ll_over_30_5,p_over_31_5,p_under_31_5,over_31_5_rzecz,ll_over_31_5,p_over_32_5,p_under_32_5,over_32_5_rzecz,ll_over_32_5,p_over_33_5,p_under_33_5,over_33_5_rzecz,ll_over_33_5,p_over_34_5,p_under_34_5,over_34_5_rzecz,ll_over_34_5,p_over_35_5,p_under_35_5,over_35_5_rzecz,ll_over_35_5,p_home_0,p_home_1,p_home_2,p_home_3,p_home_4,p_home_5,p_home_6,p_home_7,p_home_8,p_home_9,p_home_10,p_home_11,p_home_12,p_home_13,p_home_14,p_home_15,p_home_16,p_home_17,p_home_18,p_home_19,p_home_20,p_home_21,p_home_22,p_home_23,p_home_24,p_home_25,p_home_26_plus,p_away_0,p_away_1,p_away_2,p_away_3,p_away_4,p_away_5,p_away_6,p_away_7,p_away_8,p_away_9,p_away_10,p_away_11,p_away_12,p_away_13,p_away_14,p_away_15,p_away_16,p_away_17,p_away_18,p_away_19,p_away_20,p_away_21,p_away_22,p_away_23,p_away_24,p_away_25,p_away_26_plus,home_p_over_2_5,home_p_under_2_5,home_p_over_3_5,home_p_under_3_5,home_p_over_4_5,home_p_under_4_5,home_p_over_5_5,home_p_under_5_5,home_p_over_6_5,home_p_under_6_5,home_p_over_7_5,home_p_under_7_5,home_p_over_8_5,home_p_under_8_5,home_p_over_9_5,home_p_under_9_5,home_p_over_10_5,home_p_under_10_5,home_p_over_11_5,home_p_under_11_5,home_p_over_12_5,home_p_under_12_5,home_p_over_13_5,home_p_under_13_5,home_p_over_14_5,home_p_under_14_5,home_p_over_15_5,home_p_under_15_5,home_p_over_16_5,home_p_under_16_5,home_p_over_17_5,home_p_under_17_5,home_p_over_18_5,home_p_under_18_5,home_p_over_19_5,home_p_under_19_5,home_p_over_20_5,home_p_under_20_5,home_p_over_21_5,home_p_under_21_5,home_p_over_22_5,home_p_under_22_5,away_p_over_2_5,away_p_under_2_5,away_p_over_3_5,away_p_under_3_5,away_p_over_4_5,away_p_under_4_5,away_p_over_5_5,away_p_under_5_5,away_p_over_6_5,away_p_under_6_5,away_p_over_7_5,away_p_under_7_5,away_p_over_8_5,away_p_under_8_5,away_p_over_9_5,away_p_under_9_5,away_p_over_10_5,away_p_under_10_5,away_p_over_11_5,away_p_under_11_5,away_p_over_12_5,away_p_under_12_5,away_p_over_13_5,away_p_under_13_5,away_p_over_14_5,away_p_under_14_5,away_p_over_15_5,away_p_under_15_5,away_p_over_16_5,away_p_under_16_5,away_p_over_17_5,away_p_under_17_5,away_p_over_18_5,away_p_under_18_5,away_p_over_19_5,away_p_under_19_5,away_p_over_20_5,away_p_under_20_5,away_p_over_21_5,away_p_under_21_5,away_p_over_22_5,away_p_under_22_5,home_over_2_5_rzecz,home_ll_over_2_5,away_over_2_5_rzecz,away_ll_over_2_5,home_over_3_5_rzecz,home_ll_over_3_5,away_over_3_5_rzecz,away_ll_over_3_5,home_over_4_5_rzecz,home_ll_over_4_5,away_over_4_5_rzecz,away_ll_over_4_5,home_over_5_5_rzecz,home_ll_over_5_5,away_over_5_5_rzecz,away_ll_over_5_5,home_over_6_5_rzecz,home_ll_over_6_5,away_over_6_5_rzecz,away_ll_over_6_5,home_over_7_5_rzecz,home_ll_over_7_5,away_over_7_5_rzecz,away_ll_over_7_5,home_over_8_5_rzecz,home_ll_over_8_5,away_over_8_5_rzecz,away_ll_over_8_5,home_over_9_5_rzecz,home_ll_over_9_5,away_over_9_5_rzecz,away_ll_over_9_5,home_over_10_5_rzecz,home_ll_over_10_5,away_over_10_5_rzecz,away_ll_over_10_5,home_over_11_5_rzecz,home_ll_over_11_5,away_over_11_5_rzecz,away_ll_over_11_5,home_over_12_5_rzecz,home_ll_over_12_5,away_over_12_5_rzecz,away_ll_over_12_5,home_over_13_5_rzecz,home_ll_over_13_5,away_over_13_5_rzecz,away_ll_over_13_5,home_over_14_5_rzecz,home_ll_over_14_5,away_over_14_5_rzecz,away_ll_over_14_5,home_over_15_5_rzecz,home_ll_over_15_5,away_over_15_5_rzecz,away_ll_over_15_5,home_over_16_5_rzecz,home_ll_over_16_5,away_over_16_5_rzecz,away_ll_over_16_5,home_over_17_5_rzecz,home_ll_over_17_5,away_over_17_5_rzecz,away_ll_over_17_5,home_over_18_5_rzecz,home_ll_over_18_5,away_over_18_5_rzecz,away_ll_over_18_5,home_over_19_5_rzecz,home_ll_over_19_5,away_over_19_5_rzecz,away_ll_over_19_5,home_over_20_5_rzecz,home_ll_over_20_5,away_over_20_5_rzecz,away_ll_over_20_5,home_over_21_5_rzecz,home_ll_over_21_5,away_over_21_5_rzecz,away_ll_over_21_5,home_over_22_5_rzecz,home_ll_over_22_5,away_over_22_5_rzecz,away_ll_over_22_5
2344,2025/26,1,Jagiellonia Białystok,Bruk-Bet Termalica Nieciecza,13.0,18.0,31.0,15.837,11.8176,27.6546,0.05329,1,3622.1274,0.6477,0.5705,0.1541,0.4277,0.1801,0.0,0.0,0.0,1e-06,3e-06,1.2e-05,3.5e-05,9.1e-05,0.000215,0.000459,0.000903,0.001649,0.002821,0.004546,0.006941,0.01009,0.01402,0.018687,0.023968,0.029663,0.03551,0.041208,0.04645,0.050947,0.05446,0.05682,0.057939,0.057813,0.056512,0.054172,0.050974,0.047123,0.042834,0.038314,0.033747,0.02929,0.025065,0.021161,0.017635,0.014515,0.011804,0.00949,0.007545,0.005934,0.00462,0.003561,0.002719,0.002056,0.001541,0.001145,0.000844,0.00215,0.993812,0.006188,1,0.006207,0.989266,0.010734,1,0.010792,0.982325,0.017675,1,0.017833,0.972235,0.027765,1,0.028158,0.958215,0.041785,1,0.042683,0.939528,0.060472,1,0.062378,0.915559,0.084441,1,0.08822,0.885896,0.114104,1,0.121155,0.850387,0.149613,1,0.162064,0.809178,0.190822,1,0.211736,0.762728,0.237272,1,0.270854,0.711782,0.288218,1,0.339984,0.657322,0.342678,1,0.419581,0.600502,0.399498,1,0.509989,0.542563,0.457437,1,0.611451,0.48475,0.51525,1,0.724122,0.428238,0.571762,1,0.848076,0.374066,0.625934,1,0.983324,0.323092,0.676908,1,1.129819,0.275969,0.724031,0,0.322921,0.233135,0.766865,0,0.265445,0.194822,0.805178,0,0.216691,0.161075,0.838925,0,0.175634,0.131785,0.868215,0,0.141316,1e-05,8.9e-05,0.0004,0.001268,0.003159,0.006583,0.011934,0.019324,0.028485,0.038771,0.04927,0.058969,0.066945,0.072511,0.075301,0.075282,0.072712,0.068057,0.061892,0.054813,0.047371,0.040023,0.03311,0.026859,0.021392,0.016749,0.047316,0.000105,0.000758,0.002896,0.007745,0.016285,0.028652,0.043853,0.05995,0.074608,0.085737,0.091986,0.092949,0.08909,0.081469,0.071428,0.06029,0.049164,0.03885,0.029829,0.022303,0.016274,0.011608,0.008108,0.005553,0.003734,0.002468,0.004284,0.998097,0.001903,0.996828,0.003172,0.993669,0.006331,0.987086,0.012914,0.975152,0.024848,0.955828,0.044172,0.927343,0.072657,0.888572,0.111428,0.839302,0.160698,0.780333,0.219667,0.713388,0.286612,0.640877,0.359123,0.565576,0.434424,0.490294,0.509706,0.417581,0.582419,0.349524,0.650476,0.287633,0.712367,0.23282,0.76718,0.185448,0.814552,0.145426,0.854574,0.112316,0.887684,0.996217,0.003783,0.988471,0.011529,0.972186,0.027814,0.943534,0.056466,0.899681,0.100319,0.839731,0.160269,0.765123,0.234877,0.679386,0.320614,0.5874,0.4126,0.494451,0.505549,0.405361,0.594639,0.323892,0.676108,0.252463,0.747537,0.192174,0.807826,0.14301,0.85699,0.10416,0.89584,0.074331,0.925669,0.052028,0.947972,0.035754,0.964246,0.024146,0.975854,0.016039,0.983961,1,0.001905,1,0.00379,1,0.003177,1,0.011596,1,0.006351,1,0.028208,1,0.012998,1,0.058123,1,0.025162,1,0.105715,1,0.045177,1,0.174674,1,0.075432,1,0.267719,1,0.11814,1,0.386566,1,0.175185,1,0.532049,1,0.248035,1,0.704307,1,0.33773,1,0.902977,0,1.02409,1,1.127345,0,0.833734,1,1.376491,0,0.673921,1,1.649354,0,0.540565,1,1.944841,0,0.430051,1,2.261827,0,0.339162,0,0.077239,0,0.265034,0,0.05343,0,0.205117,0,0.036409,0,0.157152,0,0.024442,0,0.119139,0,0.016169
2345,2025/26,1,Lech Poznań,Cracovia,10.0,7.0,17.0,15.0545,13.9225,28.977,0.05329,1,3622.1274,0.6477,0.5705,0.1541,0.4277,0.1801,0.0,0.0,0.0,0.0,2e-06,6e-06,1.8e-05,5e-05,0.000121,0.000267,0.00054,0.001017,0.001792,0.002974,0.004675,0.006996,0.010006,0.013725,0.018113,0.023062,0.028397,0.033891,0.03928,0.044292,0.048667,0.052184,0.054678,0.056052,0.056281,0.055409,0.053538,0.050814,0.047414,0.043527,0.039342,0.035034,0.030755,0.026632,0.02276,0.019207,0.016013,0.013195,0.01075,0.008664,0.00691,0.005456,0.004266,0.003304,0.002535,0.001929,0.001455,0.004005,0.996187,0.003813,1,0.00382,0.993213,0.006787,1,0.00681,0.988538,0.011462,1,0.011528,0.981542,0.018458,1,0.018631,0.971536,0.028464,1,0.028877,0.957811,0.042189,0,3.165588,0.939697,0.060303,0,2.808379,0.916635,0.083365,0,2.484532,0.888239,0.111761,0,2.191389,0.854348,0.145652,0,1.926535,0.815068,0.184932,0,1.687767,0.770776,0.229224,0,1.473056,0.722109,0.277891,0,1.280527,0.669926,0.330074,0,1.108437,0.615248,0.384752,0,0.955156,0.559196,0.440804,0,0.819155,0.502915,0.497085,0,0.698994,0.447506,0.552494,0,0.593312,0.393968,0.606032,0,0.500822,0.343154,0.656846,0,0.420305,0.29574,0.70426,0,0.350608,0.252213,0.747787,0,0.290637,0.21287,0.78713,0,0.239362,0.177836,0.822164,0,0.195816,1.6e-05,0.000132,0.000582,0.001793,0.004342,0.0088,0.015515,0.024435,0.03503,0.046373,0.057315,0.066717,0.073665,0.077602,0.078378,0.07621,0.071591,0.065171,0.057642,0.04965,0.041733,0.034292,0.027591,0.021769,0.016863,0.01284,0.0332,3e-05,0.00024,0.001009,0.002975,0.006894,0.013369,0.022554,0.033987,0.046621,0.059054,0.069836,0.077784,0.082177,0.082832,0.080049,0.074475,0.066941,0.058307,0.049345,0.040668,0.032708,0.025716,0.019798,0.014946,0.011078,0.008071,0.018268,0.998517,0.001483,0.996725,0.003275,0.992383,0.007617,0.983583,0.016417,0.968068,0.031932,0.943633,0.056367,0.908603,0.091397,0.862229,0.137771,0.804914,0.195086,0.738197,0.261803,0.664532,0.335468,0.586929,0.413071,0.508551,0.491449,0.432341,0.567659,0.36075,0.63925,0.295579,0.704421,0.237937,0.762063,0.188288,0.811712,0.146555,0.853445,0.112263,0.887737,0.084672,0.915328,0.998451,0.001549,0.995476,0.004524,0.988582,0.011418,0.975213,0.024787,0.952659,0.047341,0.918672,0.081328,0.87205,0.12795,0.812997,0.187003,0.743161,0.256839,0.665377,0.334623,0.5832,0.4168,0.500368,0.499632,0.42032,0.57968,0.345845,0.654155,0.278904,0.721096,0.220597,0.779403,0.171253,0.828747,0.130584,0.869416,0.097877,0.902123,0.07216,0.92784,0.052362,0.947638,1,0.001484,1,0.00155,1,0.00328,1,0.004534,1,0.007646,1,0.011484,1,0.016553,1,0.025099,1,0.032453,1,0.048498,1,0.058018,0,2.509265,1,0.095847,0,2.056116,1,0.148234,0,1.676631,0,1.634315,0,1.359306,0,1.340163,0,1.094751,0,1.092229,0,0.875149,0,0.884136,0,0.693883,0,0.710397,0,0.545279,0,0.566234,0,0.424411,0,0.44746,0,0.326983,0,0.350379,0,0.249227,0,0.271726,0,0.18784,0,0.20861,0,0.139934,0,0.158474,0,0.103004,0,0.11908,0,0.074896,0,0.088473,0,0.053783
2346,2025/26,1,Widzew Łódź,Zagłębie Lubin,15.0,11.0,26.0,14.437,12.9604,27.3974,0.05329,1,3622.1274,0.6477,0.5705,0.1541,0.4277,0.1801,0.0,0.0,0.0,1e-06,4e-06,1.3e-05,3.8e-05,9.9e-05,0.000231,0.000493,0.000968,0.001765,0.003011,0.004838,0.007366,0.010674,0.014783,0.019636,0.025095,0.030941,0.036894,0.042641,0.047862,0.052265,0.055615,0.057753,0.058606,0.058185,0.056583,0.053952,0.050489,0.046412,0.041944,0.037295,0.03265,0.028161,0.023945,0.020084,0.016625,0.01359,0.010975,0.00876,0.006913,0.005397,0.00417,0.003189,0.002416,0.001812,0.001347,0.000993,0.000725,0.001793,0.993378,0.006622,1,0.006644,0.988539,0.011461,1,0.011527,0.981173,0.018827,1,0.019006,0.970499,0.029501,1,0.029945,0.955716,0.044284,1,0.045295,0.936079,0.063921,1,0.066055,0.910984,0.089016,1,0.09323,0.880044,0.119956,1,0.127784,0.843149,0.156851,1,0.170611,0.800508,0.199492,1,0.222509,0.752646,0.247354,1,0.28416,0.700381,0.299619,1,0.35613,0.644766,0.355234,1,0.438868,0.587013,0.412987,1,0.532709,0.528407,0.471593,0,0.751639,0.470222,0.529778,0,0.635296,0.413639,0.586361,0,0.533819,0.359687,0.640313,0,0.445798,0.309198,0.690802,0,0.369902,0.262786,0.737214,0,0.304877,0.220842,0.779158,0,0.249541,0.183546,0.816454,0,0.202785,0.150896,0.849104,0,0.163574,0.122735,0.877265,0,0.130947,2.2e-05,0.000183,0.000784,0.002361,0.005586,0.011059,0.019047,0.0293,0.041033,0.05306,0.064059,0.072839,0.07856,0.08084,0.079755,0.075752,0.069511,0.06181,0.053402,0.044931,0.036891,0.029611,0.023273,0.017936,0.013572,0.010095,0.024291,5.3e-05,0.000403,0.001626,0.004598,0.01022,0.019009,0.030758,0.044454,0.058487,0.071055,0.080595,0.086097,0.087242,0.084343,0.078178,0.069761,0.060141,0.050243,0.040782,0.032238,0.024868,0.018753,0.013847,0.010026,0.007127,0.004981,0.010017,0.998572,0.001428,0.996211,0.003789,0.990625,0.009375,0.979565,0.020435,0.960519,0.039481,0.931218,0.068782,0.890186,0.109814,0.837126,0.162874,0.773067,0.226933,0.700228,0.299772,0.621668,0.378332,0.540828,0.459172,0.461073,0.538927,0.385321,0.614679,0.315811,0.684189,0.254001,0.745999,0.200599,0.799401,0.155668,0.844332,0.118777,0.881223,0.089166,0.910834,0.065893,0.934107,0.99782,0.00218,0.993222,0.006778,0.983002,0.016998,0.963993,0.036007,0.933236,0.066764,0.888782,0.111218,0.830295,0.169705,0.759239,0.240761,0.678644,0.321356,0.592547,0.407453,0.505305,0.494695,0.420961,0.579039,0.342784,0.657216,0.273022,0.726978,0.212881,0.787119,0.162638,0.837362,0.121856,0.878144,0.089618,0.910382,0.064751,0.935249,0.045998,0.954002,0.032151,0.967849,1,0.001429,1,0.002182,1,0.003796,1,0.006801,1,0.009419,1,0.017144,1,0.020647,1,0.036671,1,0.040282,1,0.069097,1,0.071262,1,0.117903,1,0.116325,1,0.185974,1,0.177781,1,0.275439,1,0.25739,1,0.387659,1,0.356349,0,0.89783,1,0.475349,0,0.703814,1,0.614654,0,0.546385,1,0.774199,0,0.419743,0,0.486655,0,0.318859,0,0.379521,0,0.239376,0,0.293031,0,0.177499,0,0.223893,0,0.129945,0,0.169209,0,0.093891,0,0.126445,0,0.066942,0,0.093395,0,0.04709,0,0.068164,0,0.032679
2347,2025/26,1,Wisła Płock,Korona Kielce,22.0,5.0,27.0,14.972,12.7456,27.7176,0.05329,1,3622.1274,0.6477,0.5705,0.1541,0.4277,0.1801,0.0,0.0,0.0,1e-06,3e-06,1.1e-05,3.3e-05,8.6e-05,0.000204,0.000438,0.000865,0.001586,0.002723,0.004403,0.006745,0.009835,0.013707,0.018323,0.023565,0.02924,0.035091,0.040818,0.046113,0.050684,0.054286,0.056744,0.057962,0.057929,0.056709,0.054435,0.051283,0.047461,0.043184,0.03866,0.034076,0.029594,0.025337,0.021399,0.017838,0.014683,0.011941,0.009598,0.007629,0.005998,0.004667,0.003595,0.002743,0.002073,0.001552,0.001152,0.000848,0.002148,0.994049,0.005951,1,0.005968,0.989647,0.010353,1,0.010407,0.982902,0.017098,1,0.017246,0.973066,0.026934,1,0.027303,0.959359,0.040641,1,0.04149,0.941037,0.058963,1,0.060773,0.917472,0.082528,1,0.086133,0.888232,0.111768,1,0.118522,0.853141,0.146859,1,0.15883,0.812323,0.187677,1,0.207858,0.76621,0.23379,1,0.2663,0.715526,0.284474,1,0.334738,0.661239,0.338761,1,0.413639,0.604495,0.395505,1,0.503362,0.546533,0.453467,1,0.604161,0.488604,0.511396,0,0.670612,0.431895,0.568105,0,0.565449,0.377461,0.622539,0,0.473948,0.326177,0.673823,0,0.394788,0.278716,0.721284,0,0.326722,0.235532,0.764468,0,0.268575,0.196872,0.803128,0,0.219241,0.162796,0.837204,0,0.177687,0.133202,0.866798,0,0.142949,1.7e-05,0.000138,0.000605,0.00186,0.00449,0.009073,0.015948,0.02504,0.035788,0.047233,0.058199,0.06754,0.074346,0.078081,0.078621,0.076213,0.071376,0.064777,0.057119,0.049049,0.041102,0.033671,0.027009,0.021244,0.016406,0.012455,0.031899,6e-05,0.000453,0.001811,0.00507,0.011158,0.020549,0.032921,0.047111,0.061371,0.073823,0.082908,0.087694,0.087983,0.08422,0.077293,0.068291,0.058293,0.048218,0.038752,0.030331,0.023166,0.017297,0.012646,0.009066,0.006381,0.004415,0.008642,0.998538,0.001462,0.996678,0.003322,0.992188,0.007812,0.983115,0.016885,0.967167,0.032833,0.942127,0.057873,0.906339,0.093661,0.859106,0.140894,0.800907,0.199093,0.733368,0.266632,0.659022,0.340978,0.580941,0.419059,0.50232,0.49768,0.426106,0.573894,0.35473,0.64527,0.289954,0.710046,0.232835,0.767165,0.183786,0.816214,0.142684,0.857316,0.109013,0.890987,0.082004,0.917996,0.997599,0.002401,0.992529,0.007471,0.981372,0.018628,0.960823,0.039177,0.927902,0.072098,0.880791,0.119209,0.81942,0.18058,0.745597,0.254403,0.662689,0.337311,0.574995,0.425005,0.487012,0.512988,0.402791,0.597209,0.325498,0.674502,0.257207,0.742793,0.198915,0.801085,0.150697,0.849303,0.111944,0.888056,0.081614,0.918386,0.058448,0.941552,0.041151,0.958849,0.028505,0.971495,1,0.001463,1,0.002404,1,0.003328,1,0.007499,1,0.007843,1,0.018804,1,0.017029,0,3.239665,1,0.033384,0,2.629729,1,0.059615,0,2.126877,1,0.098342,0,1.711581,1,0.151863,0,1.368836,1,0.22201,0,1.08675,1,0.310108,0,0.855654,1,0.416998,0,0.667503,1,0.543106,0,0.515488,1,0.688518,0,0.393781,1,0.853067,0,0.297338,1,1.036398,0,0.221788,1,1.238033,0,0.163339,1,1.457425,0,0.11872,1,1.693983,0,0.085137,1,1.947123,0,0.060226,1,2.216288,0,0.042022,0,0.085562,0,0.028919
2348,2025/26,1,GKS Katowice,Raków Częstochowa,3.0,18.0,21.0,13.5933,15.2649,28.8582,0.05329,1,3622.1274,0.6477,0.5705,0.1541,0.4277,0.1801,0.0,0.0,0.0,0.0,2e-06,6e-06,2e-05,5.3e-05,0.000127,0.00028,0.000566,0.001063,0.001867,0.003091,0.004847,0.007235,0.010322,0.014122,0.018591,0.023611,0.029001,0.034526,0.039919,0.044903,0.049219,0.052649,0.055034,0.056283,0.05638,0.055377,0.053382,0.050549,0.047059,0.043103,0.03887,0.034536,0.03025,0.026136,0.022288,0.018767,0.015612,0.012837,0.010436,0.008393,0.00668,0.005263,0.004106,0.003174,0.002431,0.001845,0.001389,0.003798,0.996016,0.003984,1,0.003992,0.992925,0.007075,1,0.007101,0.988077,0.011923,1,0.011994,0.980842,0.019158,1,0.019344,0.97052,0.02948,1,0.029923,0.956398,0.043602,1,0.044581,0.937807,0.062193,1,0.064211,0.914196,0.085804,1,0.08971,0.885195,0.114805,1,0.121947,0.850669,0.149331,0,1.90159,0.81075,0.18925,0,1.664686,0.765847,0.234153,0,1.451781,0.716628,0.283372,0,1.260995,0.663979,0.336021,0,1.090582,0.608945,0.391055,0,0.938908,0.552662,0.447338,0,0.804441,0.496282,0.503718,0,0.685738,0.440905,0.559095,0,0.581435,0.387522,0.612478,0,0.490243,0.336973,0.663027,0,0.41094,0.289914,0.710086,0,0.34237,0.246812,0.753188,0,0.28344,0.207941,0.792059,0,0.233119,0.173405,0.826595,0,0.190441,3.6e-05,0.000286,0.001187,0.003451,0.007888,0.015088,0.025104,0.03731,0.050478,0.063062,0.073554,0.080802,0.084195,0.083702,0.079781,0.073207,0.064899,0.055754,0.046537,0.037828,0.030007,0.023269,0.017668,0.013155,0.009617,0.006911,0.01503,1.4e-05,0.000119,0.000526,0.001633,0.003985,0.00814,0.014462,0.022951,0.033157,0.044232,0.055089,0.06462,0.0719,0.076327,0.077684,0.076117,0.072055,0.066098,0.058913,0.051135,0.043313,0.035865,0.029079,0.023119,0.018047,0.013848,0.036678,0.998296,0.001704,0.994846,0.005154,0.986957,0.013043,0.97187,0.02813,0.946766,0.053234,0.909455,0.090545,0.858977,0.141023,0.795915,0.204085,0.72236,0.27764,0.641559,0.358441,0.557364,0.442636,0.473662,0.526338,0.393881,0.606119,0.320674,0.679326,0.255774,0.744226,0.200021,0.799979,0.153484,0.846516,0.115656,0.884344,0.085649,0.914351,0.06238,0.93762,0.044712,0.955288,0.998446,0.001554,0.996813,0.003187,0.992827,0.007173,0.984688,0.015312,0.970226,0.029774,0.947275,0.052725,0.914118,0.085882,0.869886,0.130114,0.814797,0.185203,0.750177,0.249823,0.678277,0.321723,0.60195,0.39805,0.524267,0.475733,0.44815,0.55185,0.376095,0.623905,0.309997,0.690003,0.251084,0.748916,0.199949,0.800051,0.156636,0.843364,0.120771,0.879229,0.091692,0.908308,1,0.001705,1,0.001555,0,5.267982,1,0.003192,0,4.339504,1,0.007199,0,3.570919,1,0.01543,0,2.933058,1,0.030226,0,2.401908,1,0.054166,0,1.958832,1,0.089796,0,1.589219,1,0.139393,0,1.28143,1,0.204816,0,1.025991,1,0.287446,0,0.815008,1,0.3882,0,0.641812,1,0.507581,0,0.500679,1,0.645754,0,0.386654,1,0.802627,0,0.295411,1,0.977914,0,0.22317,1,1.171193,0,0.166626,0,0.289128,0,0.122909,0,0.22308,0,0.089541,0,0.170357,0,0.064411,0,0.12871,0,0.045742,0,0.096172
2349,2025/26,1,Górnik Zabrze,Lechia Gdańsk,21.0,15.0,36.0,14.1661,12.0536,26.2198,0.05329,1,3622.1274,0.6477,0.5705,0.1541,0.4277,0.1801,0.0,0.0,0.0,2e-06,6e-06,2.2e-05,6.4e-05,0.000165,0.000376,0.000782,0.001495,0.002655,0.004412,0.006907,0.010246,0.014465,0.01952,0.025263,0.03146,0.037797,0.043919,0.049466,0.054108,0.057583,0.059718,0.06044,0.059778,0.057848,0.054833,0.050964,0.04649,0.041661,0.036704,0.031816,0.027155,0.022835,0.018931,0.015481,0.012496,0.00996,0.007843,0.006104,0.004698,0.003577,0.002695,0.00201,0.001485,0.001087,0.000788,0.000566,0.000404,0.000921,0.99002,0.00998,1,0.01003,0.983112,0.016888,1,0.017032,0.972867,0.027133,1,0.027508,0.958401,0.041599,1,0.042489,0.938882,0.061118,1,0.063066,0.913618,0.086382,1,0.090342,0.882159,0.117841,1,0.125383,0.844362,0.155638,1,0.169174,0.800443,0.199557,1,0.22259,0.750978,0.249022,1,0.28638,0.69687,0.30313,1,0.361157,0.639287,0.360713,1,0.447402,0.579569,0.420431,1,0.54547,0.519129,0.480871,1,0.655604,0.45935,0.54065,1,0.777942,0.401502,0.598498,1,0.912542,0.346669,0.653331,1,1.059384,0.295705,0.704295,1,1.218391,0.249215,0.750785,1,1.389439,0.207555,0.792445,1,1.572361,0.170851,0.829149,1,1.766963,0.139035,0.860965,1,1.97303,0.11188,0.88812,1,2.190326,0.089046,0.910954,1,2.418606,2.6e-05,0.000211,0.000895,0.002666,0.00624,0.012222,0.020825,0.031693,0.043908,0.056171,0.06709,0.07547,0.080527,0.081979,0.080014,0.075185,0.068253,0.060042,0.05132,0.042718,0.034699,0.027554,0.021424,0.016334,0.012228,0.008998,0.020968,9.1e-05,0.000664,0.002568,0.006953,0.014796,0.026348,0.040817,0.056479,0.071143,0.082749,0.089859,0.091905,0.089159,0.082525,0.073233,0.062565,0.05164,0.041303,0.032097,0.024291,0.01794,0.012952,0.009156,0.006347,0.00432,0.00289,0.005175,0.998526,0.001474,0.99586,0.00414,0.98962,0.01038,0.977398,0.022602,0.956574,0.043426,0.924881,0.075119,0.880973,0.119027,0.824801,0.175199,0.757711,0.242289,0.682242,0.317758,0.601714,0.398286,0.519736,0.480264,0.439722,0.560278,0.364537,0.635463,0.296285,0.703715,0.236242,0.763758,0.184923,0.815077,0.142205,0.857795,0.107506,0.892494,0.079952,0.920048,0.058528,0.941472,0.996643,0.003357,0.989691,0.010309,0.974895,0.025105,0.948546,0.051454,0.907729,0.092271,0.85125,0.14875,0.780107,0.219893,0.697359,0.302641,0.607499,0.392501,0.515594,0.484406,0.426435,0.573565,0.34391,0.65609,0.270677,0.729323,0.208112,0.791888,0.156472,0.843528,0.115169,0.884831,0.083072,0.916928,0.058781,0.941219,0.040841,0.959159,0.027889,0.972111,0.018733,0.981267,1,0.001475,1,0.003363,1,0.004149,1,0.010363,1,0.010434,1,0.025426,1,0.022861,1,0.052825,1,0.044397,1,0.096809,1,0.07809,1,0.161049,1,0.126728,1,0.248324,1,0.192613,1,0.360455,1,0.277453,1,0.498405,1,0.382371,1,0.662436,1,0.507973,1,0.852295,1,0.654434,1,1.067375,1,0.821613,1,1.306829,1,1.009127,0,0.233335,1,1.216433,0,0.170162,1,1.442899,0,0.122359,1,1.687816,0,0.086726,1,1.950486,0,0.060579,1,2.230209,0,0.041698,0,0.083329,0,0.028285,0,0.060311,0,0.018911
2350,2025/26,1,Motor Lublin,Arka Gdynia,17.0,9.0,26.0,14.5762,14.5813,29.1575,0.05329,1,3622.1274,0.6477,0.5705,0.1541,0.4277,0.1801,0.0,0.0,0.0,0.0,2e-06,5e-06,1.7e-05,4.6e-05,0.000112,0.000248,0.000504,0.000953,0.001685,0.002807,0.004429,0.006653,0.00955,0.013147,0.017415,0.022253,0.027501,0.03294,0.038317,0.043362,0.047816,0.051454,0.054106,0.055663,0.056088,0.055414,0.053731,0.051176,0.047918,0.044143,0.040037,0.035776,0.031515,0.027383,0.023482,0.019883,0.016633,0.013752,0.011242,0.009091,0.007275,0.005763,0.004521,0.003513,0.002705,0.002064,0.001562,0.00435,0.996428,0.003572,1,0.003579,0.993621,0.006379,1,0.0064,0.989192,0.010808,1,0.010867,0.982539,0.017461,1,0.017615,0.972989,0.027011,1,0.027382,0.959842,0.040158,1,0.040987,0.942427,0.057573,1,0.059296,0.920174,0.079826,1,0.083192,0.892673,0.107327,1,0.113535,0.859733,0.140267,1,0.151133,0.821416,0.178584,1,0.196725,0.778055,0.221945,1,0.250959,0.730239,0.269761,1,0.314383,0.678785,0.321215,1,0.387452,0.624679,0.375321,0,0.979973,0.569016,0.430984,0,0.841684,0.512928,0.487072,0,0.719342,0.457513,0.542487,0,0.611592,0.403782,0.596218,0,0.51715,0.352607,0.647393,0,0.434801,0.304689,0.695311,0,0.363395,0.260545,0.739455,0,0.301842,0.220508,0.779492,0,0.249113,0.184732,0.815268,0,0.204239,2.1e-05,0.00017,0.000733,0.002218,0.005277,0.010505,0.01819,0.028134,0.039613,0.051502,0.062515,0.07147,0.077501,0.080184,0.079537,0.075954,0.070075,0.06265,0.054421,0.046037,0.038004,0.03067,0.024236,0.018779,0.014287,0.010684,0.026135,2.1e-05,0.000169,0.000731,0.002213,0.005266,0.010485,0.018159,0.028092,0.039562,0.051446,0.062459,0.071419,0.077462,0.080159,0.079528,0.075961,0.070094,0.062679,0.054458,0.046077,0.038045,0.030709,0.024271,0.01881,0.014314,0.010706,0.026204,0.998579,0.001421,0.99636,0.00364,0.991083,0.008917,0.980578,0.019422,0.962389,0.037611,0.934255,0.065745,0.894642,0.105358,0.84314,0.15686,0.780625,0.219375,0.709155,0.290845,0.631654,0.368346,0.55147,0.44853,0.471933,0.528067,0.395979,0.604021,0.325904,0.674096,0.263254,0.736746,0.208833,0.791167,0.162796,0.837204,0.124791,0.875209,0.094121,0.905879,0.069885,0.930115,0.998579,0.001421,0.996365,0.003635,0.991099,0.008901,0.980614,0.019386,0.962455,0.037545,0.934363,0.065637,0.894802,0.105198,0.843356,0.156644,0.780897,0.219103,0.709478,0.290522,0.632016,0.367984,0.551857,0.448143,0.472329,0.527671,0.396369,0.603631,0.326274,0.673726,0.263595,0.736405,0.209137,0.790863,0.163059,0.836941,0.125014,0.874986,0.094306,0.905694,0.070034,0.929966,1,0.001422,1,0.001422,1,0.003647,1,0.003642,1,0.008957,1,0.008941,1,0.019613,1,0.019576,1,0.038337,1,0.038268,1,0.068006,1,0.06789,1,0.111332,1,0.111153,1,0.170622,0,1.85378,1,0.24766,0,1.518213,1,0.343681,0,1.236076,1,0.459414,0,0.999716,1,0.595168,0,0.802643,1,0.750918,0,0.639282,1,0.926394,0,0.504792,1,1.121152,0,0.394932,0,0.305512,0,0.305975,0,0.234246,0,0.234631,0,0.177688,0,0.178002,0,0.133293,0,0.133547,0,0.09885,0,0.099054,0,0.072447,0,0.072607
2351,2025/26,1,Legia Warszawa,Piast Gliwice,9.0,10.0,19.0,13.8937,12.2114,26.1051,0.05329,1,3622.1274,0.6477,0.5705,0.1541,0.4277,0.1801,0.0,0.0,0.0,2e-06,7e-06,2.3e-05,6.8e-05,0.000172,0.000393,0.000815,0.001555,0.002754,0.004567,0.007134,0.010557,0.014871,0.02002,0.02585,0.032114,0.038491,0.044618,0.050131,0.054701,0.05807,0.060073,0.060647,0.059831,0.057751,0.0546,0.050615,0.046051,0.041158,0.036165,0.031265,0.026612,0.022318,0.018451,0.015048,0.012112,0.009627,0.007559,0.005867,0.004502,0.003418,0.002568,0.00191,0.001407,0.001026,0.000742,0.000532,0.000378,0.000854,0.989644,0.010356,1,0.01041,0.98251,0.01749,1,0.017644,0.971953,0.028047,1,0.028448,0.957082,0.042918,1,0.043866,0.937062,0.062938,1,0.065006,0.911212,0.088788,1,0.09298,0.879098,0.120902,1,0.128859,0.840607,0.159393,0,1.836379,0.795988,0.204012,0,1.589579,0.745858,0.254142,0,1.369861,0.691157,0.308843,0,1.174922,0.633087,0.366913,0,1.002629,0.573013,0.426987,0,0.851003,0.512366,0.487634,0,0.718191,0.452535,0.547465,0,0.602457,0.394785,0.605215,0,0.502171,0.340185,0.659815,0,0.415795,0.289569,0.710431,0,0.341884,0.243518,0.756482,0,0.279076,0.202359,0.797641,0,0.226097,0.166194,0.833806,0,0.181755,0.134929,0.865071,0,0.144944,0.108317,0.891683,0,0.114645,0.086,0.914,0,0.089924,3e-05,0.000243,0.001023,0.003014,0.006976,0.013512,0.022768,0.034267,0.04695,0.059399,0.070162,0.078053,0.082363,0.082921,0.08004,0.074378,0.066774,0.058093,0.049105,0.040423,0.032472,0.0255,0.019608,0.014785,0.010946,0.007965,0.017966,8.2e-05,0.000609,0.002371,0.006469,0.013876,0.024905,0.038887,0.054235,0.068858,0.080726,0.088358,0.091087,0.089066,0.083092,0.074322,0.063999,0.053242,0.042922,0.03362,0.025646,0.01909,0.013892,0.009899,0.006916,0.004745,0.0032,0.005848,0.99844,0.00156,0.995426,0.004574,0.988451,0.011549,0.974939,0.025061,0.952171,0.047829,0.917904,0.082096,0.870954,0.129046,0.811555,0.188445,0.741393,0.258607,0.66334,0.33666,0.580977,0.419023,0.498055,0.501945,0.418015,0.581985,0.343637,0.656363,0.276863,0.723137,0.21877,0.78123,0.169665,0.830335,0.129242,0.870758,0.09677,0.90323,0.07127,0.92873,0.051662,0.948338,0.996898,0.003102,0.990429,0.009571,0.976554,0.023446,0.951649,0.048351,0.912762,0.087238,0.858527,0.141473,0.789669,0.210331,0.708942,0.291058,0.620584,0.379416,0.529497,0.470503,0.440431,0.559569,0.357338,0.642662,0.283016,0.716984,0.219018,0.780982,0.165776,0.834224,0.122854,0.877146,0.089234,0.910766,0.063589,0.936411,0.044499,0.955501,0.030607,0.969393,0.020708,0.979292,1,0.001561,1,0.003107,1,0.004584,1,0.009617,1,0.011616,1,0.023725,1,0.02538,1,0.049559,1,0.049011,1,0.09128,1,0.085662,1,0.152537,1,0.138166,1,0.236141,0,1.668949,1,0.343982,0,1.352446,0,0.969122,0,1.088682,0,0.753953,0,0.869829,0,0.580588,0,0.689265,0,0.442136,0,0.541311,0,0.332702,0,0.421041,0,0.247203,0,0.324157,0,0.181253,0,0.246886,0,0.131082,0,0.185926,0,0.093469,0,0.138391,0,0.065701,0,0.101778,0,0.045519,0,0.073937,0,0.031085,0,0.053044,0,0.020925
2352,2025/26,1,Radomiak Radom,Pogoń Szczecin,15.0,6.0,21.0,14.4635,12.0595,26.5229,0.05329,1,3622.1274,0.6477,0.5705,0.1541,0.4277,0.1801,0.0,0.0,0.0,1e-06,6e-06,1.9e-05,5.6e-05,0.000145,0.000333,0.000697,0.001342,0.002398,0.004011,0.006321,0.009437,0.013411,0.018215,0.02373,0.029746,0.035974,0.042079,0.047708,0.052533,0.05628,0.058758,0.059868,0.05961,0.058074,0.055419,0.051857,0.047626,0.042968,0.038114,0.033264,0.028585,0.024202,0.020202,0.016635,0.013519,0.01085,0.008603,0.006743,0.005226,0.004006,0.00304,0.002283,0.001698,0.001252,0.000914,0.000662,0.000475,0.001108,0.990991,0.009009,1,0.00905,0.98467,0.01533,1,0.015449,0.975233,0.024767,1,0.025078,0.961823,0.038177,1,0.038925,0.943608,0.056392,1,0.058045,0.919877,0.080123,1,0.083515,0.890131,0.109869,1,0.116386,0.854157,0.145843,1,0.15764,0.812078,0.187922,1,0.208158,0.764371,0.235629,0,1.445495,0.711838,0.288162,0,1.244231,0.655557,0.344443,0,1.065827,0.5968,0.4032,0,0.908321,0.536932,0.463068,0,0.769881,0.477322,0.522678,0,0.648789,0.419248,0.580752,0,0.543432,0.36383,0.63617,0,0.452289,0.311973,0.688027,0,0.373927,0.264347,0.735653,0,0.306997,0.221379,0.778621,0,0.250231,0.183265,0.816735,0,0.202441,0.150001,0.849999,0,0.162521,0.121417,0.878583,0,0.129445,0.097215,0.902785,0,0.102271,2.2e-05,0.00018,0.000774,0.002333,0.005526,0.010951,0.018881,0.029075,0.040759,0.052761,0.063764,0.072579,0.078361,0.080719,0.079718,0.075795,0.069622,0.061973,0.053599,0.045144,0.037104,0.029813,0.023455,0.018095,0.013706,0.010206,0.024635,9e-05,0.000662,0.002561,0.006934,0.014761,0.026293,0.040744,0.056394,0.071057,0.082673,0.089804,0.091876,0.089158,0.082548,0.073276,0.06262,0.0517,0.041364,0.032154,0.024342,0.017982,0.012987,0.009183,0.006368,0.004335,0.002901,0.005199,0.998574,0.001426,0.996241,0.003759,0.990715,0.009285,0.979763,0.020237,0.960883,0.039117,0.931807,0.068193,0.891048,0.108952,0.838287,0.161713,0.774523,0.225477,0.701944,0.298056,0.623584,0.376416,0.542865,0.457135,0.463147,0.536853,0.387352,0.612648,0.317729,0.682271,0.255756,0.744244,0.202157,0.797843,0.157014,0.842986,0.11991,0.88009,0.090097,0.909903,0.066642,0.933358,0.996653,0.003347,0.989719,0.010281,0.974959,0.025041,0.948666,0.051334,0.907922,0.092078,0.851528,0.148472,0.780471,0.219529,0.697798,0.302202,0.607994,0.392006,0.516118,0.483882,0.42696,0.57304,0.344412,0.655588,0.271136,0.728864,0.208516,0.791484,0.156816,0.843184,0.115452,0.884548,0.083298,0.916702,0.058956,0.941044,0.040974,0.959026,0.027987,0.972013,0.018804,0.981196,1,0.001427,1,0.003353,1,0.003766,1,0.010334,1,0.009328,1,0.02536,1,0.020445,1,0.052698,1,0.039903,0,2.385119,1,0.07063,0,1.907359,1,0.115357,0,1.516271,1,0.176395,0,1.19666,1,0.255508,0,0.936478,1,0.353902,0,0.725914,1,0.472272,0,0.5568,1,0.610895,0,0.422223,1,0.769711,0,0.316268,0,0.489965,0,0.233846,0,0.382328,0,0.17057,0,0.295386,0,0.122678,0,0.225843,0,0.086973,0,0.170805,0,0.060765,0,0.127731,0,0.041837,0,0.094417,0,0.028386,0,0.068966,0,0.018983
2353,2025/26,2,Arka Gdynia,Radomiak Radom,10.0,15.0,25.0,13.3237,12.092,25.4156,0.054094,1,3678.6247,0.6703,0.5908,0.149,0.429,0.175,0.0,0.0,0.0,2e-06,1e-05,3.3e-05,9.5e-05,0.000238,0.000533,0.001084,0.00203,0.00353,0.005747,0.008816,0.012816,0.017738,0.023466,0.029782,0.036372,0.042863,0.04886,0.053994,0.057955,0.060531,0.061615,0.061215,0.059439,0.056475,0.052566,0.047979,0.042985,0.037835,0.032743,0.027883,0.02338,0.019317,0.015736,0.012646,0.010031,0.007857,0.006081,0.004652,0.00352,0.002634,0.001951,0.001431,0.001039,0.000748,0.000533,0.000377,0.000264,0.000573,0.986697,0.013303,1,0.013392,0.977881,0.022119,1,0.022368,0.965064,0.034936,1,0.03556,0.947327,0.052673,1,0.054111,0.92386,0.07614,1,0.079194,0.894079,0.105921,1,0.111962,0.857707,0.142293,1,0.153493,0.814844,0.185156,1,0.204758,0.765984,0.234016,1,0.266594,0.71199,0.28801,1,0.339691,0.654035,0.345965,1,0.424594,0.593504,0.406496,1,0.521711,0.531889,0.468111,1,0.63132,0.470674,0.529326,0,0.636151,0.411235,0.588765,0,0.529728,0.354759,0.645241,0,0.438132,0.302194,0.697806,0,0.359814,0.254215,0.745785,0,0.293318,0.21123,0.78877,0,0.23728,0.173395,0.826605,0,0.190428,0.140652,0.859348,0,0.151581,0.112769,0.887231,0,0.11965,0.089389,0.910611,0,0.09364,0.070072,0.929928,0,0.072648,4.4e-05,0.00034,0.001387,0.003968,0.008928,0.016818,0.027574,0.0404,0.053909,0.066451,0.076503,0.082982,0.085405,0.083889,0.079025,0.071686,0.062841,0.053395,0.044091,0.035464,0.027841,0.021372,0.016067,0.011846,0.008577,0.006105,0.012938,9.1e-05,0.000666,0.002566,0.00693,0.01472,0.026178,0.040522,0.056053,0.070615,0.082179,0.089323,0.091472,0.088882,0.082425,0.073306,0.062782,0.051959,0.041682,0.032495,0.024676,0.01829,0.013255,0.009408,0.006549,0.004476,0.003008,0.005454,0.998074,0.001926,0.994106,0.005894,0.985178,0.014822,0.96836,0.03164,0.940786,0.059214,0.900386,0.099614,0.846477,0.153523,0.780026,0.219974,0.703522,0.296478,0.62054,0.37946,0.535135,0.464865,0.451246,0.548754,0.372221,0.627779,0.300535,0.699465,0.237695,0.762305,0.1843,0.8157,0.140209,0.859791,0.104745,0.895255,0.076904,0.923096,0.055532,0.944468,0.039466,0.960534,0.996639,0.003361,0.98971,0.01029,0.97499,0.02501,0.948812,0.051188,0.90829,0.09171,0.852238,0.147762,0.781623,0.218377,0.699443,0.300557,0.610121,0.389879,0.518648,0.481352,0.429766,0.570234,0.347341,0.652659,0.274035,0.725965,0.211253,0.788747,0.159294,0.840706,0.117612,0.882388,0.085117,0.914883,0.06044,0.93956,0.042151,0.957849,0.028896,0.971104,0.019488,0.980512,1,0.001928,1,0.003367,1,0.005911,1,0.010343,1,0.014933,1,0.025328,1,0.032151,1,0.052545,1,0.06104,1,0.096192,1,0.104932,1,0.159889,1,0.166672,1,0.246383,1,0.248428,1,0.357471,0,1.215782,1,0.494098,0,0.969006,1,0.65653,0,0.766008,1,0.844514,0,0.600105,1,1.057448,0,0.465567,1,1.294499,0,0.35744,0,0.23731,0,0.271409,0,0.173513,0,0.203709,0,0.125123,0,0.151066,0,0.088959,0,0.110647,0,0.062344,0,0.080022,0,0.043065,0,0.057133,0,0.029322,0,0.040266,0,0.01968
2354,2025/26,2,Lechia Gdańsk,Lech Poznań,16.0,21.0,37.0,15.5161,12.5317,28.0479,0.054094,1,3678.6247,0.6703,0.5908,0.149,0.429,0.175,0.0,0.0,0.0,1e-06,3e-06,1e-05,3e-05,7.8e-05,0.000186,0.0004,0.000791,0.001454,0.002503,0.004061,0.006243,0.009139,0.012789,0.017169,0.022182,0.027656,0.033356,0.039003,0.044302,0.048968,0.052755,0.055476,0.057019,0.057351,0.056514,0.054614,0.051809,0.048288,0.044255,0.039913,0.035447,0.031022,0.02677,0.02279,0.019153,0.015896,0.013037,0.010569,0.008474,0.006722,0.005277,0.004102,0.003158,0.002409,0.001821,0.001365,0.001014,0.002658,0.994545,0.005455,1,0.00547,0.990484,0.009516,1,0.009561,0.984241,0.015759,1,0.015884,0.975102,0.024898,1,0.025213,0.962314,0.037686,1,0.038415,0.945145,0.054855,1,0.056417,0.922963,0.077037,1,0.080166,0.895308,0.104692,1,0.110588,0.861952,0.138048,1,0.148556,0.822949,0.177051,1,0.194861,0.778647,0.221353,1,0.250197,0.729679,0.270321,1,0.31515,0.676925,0.323075,1,0.390195,0.621449,0.378551,1,0.475702,0.564429,0.435571,1,0.57194,0.507078,0.492922,1,0.67909,0.450564,0.549436,1,0.797254,0.395951,0.604049,1,0.926466,0.344142,0.655858,1,1.066701,0.295854,0.704146,1,1.21789,0.251599,0.748401,1,1.37992,0.211686,0.788314,1,1.552651,0.176239,0.823761,1,1.735915,0.145217,0.854783,1,1.929529,1.3e-05,0.000108,0.00048,0.001497,0.003669,0.007529,0.013448,0.021467,0.031207,0.041909,0.052565,0.062117,0.06965,0.074535,0.076494,0.075597,0.072198,0.066834,0.060126,0.052688,0.045063,0.037686,0.030866,0.024793,0.019557,0.015166,0.041601,7e-05,0.000523,0.002057,0.005676,0.012318,0.022381,0.035394,0.050021,0.064382,0.076549,0.085007,0.088939,0.088293,0.083654,0.076011,0.066509,0.056237,0.046091,0.036711,0.028482,0.021568,0.01597,0.01158,0.008236,0.005752,0.003949,0.007578,0.998262,0.001738,0.996765,0.003235,0.993096,0.006904,0.985567,0.014433,0.972119,0.027881,0.950652,0.049348,0.919445,0.080555,0.877536,0.122464,0.824972,0.175028,0.762854,0.237146,0.693204,0.306796,0.618669,0.381331,0.542176,0.457824,0.466578,0.533422,0.39438,0.60562,0.327546,0.672454,0.267421,0.732579,0.214733,0.785267,0.16967,0.83033,0.131983,0.868017,0.101117,0.898883,0.997286,0.002714,0.991611,0.008389,0.979293,0.020707,0.956912,0.043088,0.921518,0.078482,0.871497,0.128503,0.807115,0.192885,0.730566,0.269434,0.64556,0.35444,0.556621,0.443379,0.468327,0.531673,0.384674,0.615326,0.308663,0.691337,0.242154,0.757846,0.185917,0.814083,0.139826,0.860174,0.103114,0.896886,0.074632,0.925368,0.053064,0.946936,0.037094,0.962906,0.025514,0.974486,1,0.00174,1,0.002718,1,0.00324,1,0.008424,1,0.006928,1,0.020924,1,0.014538,1,0.044044,1,0.028277,1,0.081733,1,0.050607,1,0.137543,1,0.083985,1,0.214289,1,0.130637,1,0.313936,1,0.192406,1,0.437637,1,0.270689,1,0.585871,1,0.366431,1,0.758589,1,0.480185,1,0.955359,1,0.612165,1,1.175505,1,0.76233,1,1.418181,0,0.501503,1,1.682455,0,0.396822,1,1.967356,0,0.311184,1,2.27192,0,0.241731,1,2.595186,0,0.185932,1,2.936257,0,0.141544,0,0.037799,0,0.106602,0,0.025845
2355,2025/26,2,Pogoń Szczecin,Motor Lublin,19.0,20.0,39.0,15.0837,12.0225,27.1062,0.054094,1,3678.6247,0.6703,0.5908,0.149,0.429,0.175,0.0,0.0,0.0,1e-06,4e-06,1.5e-05,4.5e-05,0.000118,0.000273,0.000575,0.001116,0.002011,0.003395,0.005401,0.008141,0.011685,0.016033,0.021105,0.026738,0.032689,0.038661,0.044329,0.049376,0.053519,0.056542,0.058309,0.058773,0.057974,0.056025,0.053098,0.049401,0.045157,0.04059,0.035904,0.031275,0.026845,0.022721,0.018973,0.015639,0.012732,0.010242,0.008145,0.006406,0.004984,0.003839,0.002927,0.002211,0.001654,0.001227,0.000902,0.000658,0.001616,0.992446,0.007554,1,0.007583,0.987045,0.012955,1,0.013039,0.978904,0.021096,1,0.021322,0.967219,0.032781,1,0.03333,0.951186,0.048814,1,0.050046,0.93008,0.06992,1,0.072484,0.903343,0.096657,1,0.101653,0.870654,0.129346,1,0.138511,0.831993,0.168007,1,0.183931,0.787664,0.212336,1,0.238683,0.738288,0.261712,1,0.303421,0.684769,0.315231,1,0.378673,0.628227,0.371773,1,0.464853,0.569918,0.430082,1,0.562262,0.511145,0.488855,1,0.671102,0.453171,0.546829,1,0.791486,0.397146,0.602854,1,0.923452,0.344048,0.655952,1,1.066975,0.294647,0.705353,1,1.221977,0.24949,0.75051,1,1.388338,0.2089,0.7911,1,1.565902,0.172996,0.827004,1,1.754487,0.141721,0.858279,1,1.953892,0.114876,0.885124,1,2.1639,1.6e-05,0.000135,0.00059,0.00181,0.004369,0.008829,0.015528,0.024406,0.034936,0.046196,0.057053,0.066387,0.073296,0.077232,0.078045,0.075947,0.071419,0.065098,0.057665,0.049756,0.041903,0.034506,0.027827,0.022009,0.017094,0.013053,0.03409,9.5e-05,0.000692,0.002658,0.007152,0.01514,0.026831,0.041387,0.05705,0.071622,0.08306,0.089966,0.09181,0.0889,0.082155,0.072811,0.06214,0.05125,0.040969,0.031828,0.024086,0.01779,0.012848,0.009087,0.006303,0.004294,0.002876,0.005166,0.998457,0.001543,0.996646,0.003354,0.992277,0.007723,0.983449,0.016551,0.96792,0.03208,0.943514,0.056486,0.908578,0.091422,0.862382,0.137618,0.805328,0.194672,0.738941,0.261059,0.665646,0.334354,0.588414,0.411586,0.510369,0.489631,0.434422,0.565578,0.363003,0.636997,0.297905,0.702095,0.240239,0.759761,0.190483,0.809517,0.14858,0.85142,0.114075,0.885925,0.086248,0.913752,0.996521,0.003479,0.989369,0.010631,0.974229,0.025771,0.947398,0.052602,0.906012,0.093988,0.848961,0.151039,0.77734,0.22266,0.694279,0.305721,0.604313,0.395687,0.512503,0.487497,0.423603,0.576397,0.341448,0.658552,0.268637,0.731363,0.206497,0.793503,0.155247,0.844753,0.114278,0.885722,0.08245,0.91755,0.058364,0.941636,0.040574,0.959426,0.027726,0.972274,0.018639,0.981361,1,0.001544,1,0.003485,1,0.00336,1,0.010688,1,0.007753,1,0.026109,1,0.016689,1,0.054036,1,0.032606,1,0.098703,1,0.058144,1,0.163742,1,0.095875,1,0.251877,1,0.148057,1,0.364881,1,0.216506,1,0.503663,1,0.302537,1,0.668449,1,0.406997,1,0.858959,1,0.530324,1,1.07456,1,0.672621,1,1.314394,1,0.833739,1,1.577469,1,1.013344,1,1.862738,1,1.210981,1,2.169121,1,1.426121,1,2.495563,0,0.211318,1,2.841056,0,0.16085,0,0.04142,0,0.121123,0,0.028118,0,0.090196,0,0.018815
2356,2025/26,2,Korona Kielce,Legia Warszawa,18.0,17.0,35.0,15.27,13.4627,28.7327,0.054094,1,3678.6247,0.6703,0.5908,0.149,0.429,0.175,0.0,0.0,0.0,0.0,2e-06,7e-06,2.2e-05,5.8e-05,0.000139,0.000303,0.000609,0.001137,0.001987,0.003271,0.005102,0.007578,0.01076,0.014655,0.019208,0.024293,0.02972,0.035249,0.040607,0.045518,0.049729,0.053028,0.055264,0.056358,0.056303,0.055159,0.053043,0.050113,0.046551,0.042551,0.038298,0.033966,0.029701,0.025621,0.021815,0.018344,0.015241,0.012517,0.010165,0.008167,0.006494,0.005113,0.003986,0.003079,0.002357,0.001788,0.001346,0.003678,0.995736,0.004264,1,0.004273,0.992465,0.007535,1,0.007563,0.987363,0.012637,1,0.012717,0.979785,0.020215,1,0.020422,0.969025,0.030975,1,0.031465,0.95437,0.04563,1,0.046703,0.935163,0.064837,1,0.067035,0.910869,0.089131,1,0.093356,0.881149,0.118851,1,0.126528,0.845901,0.154099,1,0.167354,0.805294,0.194706,1,0.216548,0.759776,0.240224,1,0.274732,0.710046,0.289954,1,0.342425,0.657018,0.342982,1,0.420043,0.601754,0.398246,1,0.507906,0.545396,0.454604,1,0.606243,0.489093,0.510907,1,0.715202,0.433934,0.566066,1,0.834863,0.38089,0.61911,1,0.965244,0.330777,0.669223,1,1.10631,0.284226,0.715774,1,1.257985,0.241675,0.758325,1,1.420159,0.203377,0.796623,1,1.592694,0.169411,0.830589,0,0.18562,1.5e-05,0.000122,0.00054,0.001668,0.004052,0.008243,0.014597,0.023097,0.033286,0.044312,0.055097,0.064544,0.071743,0.076107,0.077429,0.075857,0.071817,0.065903,0.058773,0.051055,0.043288,0.035887,0.029137,0.023201,0.018142,0.013947,0.037206,4.1e-05,0.000316,0.001295,0.003728,0.008437,0.01599,0.026374,0.038875,0.052187,0.064717,0.074957,0.081796,0.084692,0.083691,0.079314,0.072382,0.063834,0.054567,0.04533,0.036681,0.028971,0.022373,0.016921,0.012551,0.009142,0.006547,0.014113,0.998388,0.001612,0.996721,0.003279,0.992669,0.007331,0.984425,0.015575,0.969829,0.030171,0.946731,0.053269,0.913445,0.086555,0.869133,0.130867,0.814036,0.185964,0.749492,0.250508,0.677749,0.322251,0.601643,0.398357,0.524214,0.475786,0.448357,0.551643,0.376541,0.623459,0.310637,0.689363,0.251864,0.748136,0.200809,0.799191,0.157521,0.842479,0.121634,0.878366,0.092497,0.907503,0.99817,0.00183,0.994442,0.005558,0.986005,0.013995,0.970015,0.029985,0.943642,0.056358,0.904766,0.095234,0.852579,0.147421,0.787861,0.212139,0.712905,0.287095,0.631109,0.368891,0.546417,0.453583,0.462726,0.537274,0.383412,0.616588,0.311029,0.688971,0.247195,0.752805,0.192629,0.807371,0.147298,0.852702,0.110617,0.889383,0.081646,0.918354,0.059274,0.940726,0.042353,0.957647,1,0.001613,1,0.001832,1,0.003284,1,0.005574,1,0.007358,1,0.014094,1,0.015698,1,0.030444,1,0.030636,1,0.058008,1,0.05474,1,0.100079,1,0.090532,1,0.159489,1,0.140259,1,0.238434,1,0.205751,1,0.338407,1,0.28836,1,0.460277,1,0.388978,1,0.604373,1,0.508091,1,0.77062,1,0.645855,1,0.958645,1,0.802165,1,1.167869,1,0.976728,1,1.397578,1,1.16913,0,0.213972,0,0.29017,0,0.159345,0,0.224155,0,0.117227,0,0.171407,0,0.085172,0,0.129692,0,0.061103,0,0.097058,0,0.043276
2357,2025/26,2,Cracovia,Bruk-Bet Termalica Nieciecza,14.0,7.0,21.0,13.9382,14.0816,28.0198,0.054094,1,3678.6247,0.6703,0.5908,0.149,0.429,0.175,0.0,0.0,0.0,1e-06,3e-06,1e-05,2.9e-05,7.8e-05,0.000184,0.000397,0.000787,0.001448,0.002496,0.004054,0.006238,0.009139,0.012799,0.017194,0.022227,0.027725,0.033451,0.039126,0.044449,0.049135,0.052934,0.055658,0.057195,0.057511,0.056648,0.054717,0.051876,0.048318,0.044248,0.039871,0.035376,0.030927,0.026657,0.022666,0.019022,0.015765,0.012909,0.010449,0.008363,0.006622,0.005189,0.004025,0.003092,0.002354,0.001775,0.001327,0.000984,0.002554,0.994568,0.005432,1,0.005447,0.990514,0.009486,1,0.009531,0.984276,0.015724,1,0.015849,0.975136,0.024864,1,0.025178,0.962338,0.037662,1,0.03839,0.945144,0.054856,1,0.056418,0.922917,0.077083,1,0.080216,0.895193,0.104807,1,0.110716,0.861741,0.138259,1,0.1488,0.822615,0.177385,0,1.729435,0.778166,0.221834,0,1.505826,0.729031,0.270969,0,1.305751,0.676097,0.323903,0,1.127312,0.620439,0.379561,0,0.96874,0.563244,0.436756,0,0.82838,0.505733,0.494267,0,0.704679,0.449084,0.550916,0,0.596174,0.394367,0.605633,0,0.501482,0.342491,0.657509,0,0.419297,0.294173,0.705827,0,0.348386,0.249925,0.750075,0,0.287583,0.210054,0.789946,0,0.235791,0.174678,0.825322,0,0.191982,0.143751,0.856249,0,0.155194,3.1e-05,0.000245,0.001026,0.003012,0.006954,0.013444,0.022621,0.034015,0.046583,0.05893,0.069629,0.077511,0.081872,0.082534,0.079792,0.074285,0.066832,0.058279,0.04939,0.04077,0.032849,0.025879,0.019966,0.015108,0.011226,0.008201,0.018729,2.8e-05,0.000227,0.000957,0.002825,0.00656,0.012757,0.02159,0.032655,0.044981,0.057236,0.068022,0.076165,0.08092,0.08205,0.079787,0.074715,0.067611,0.059303,0.050551,0.041972,0.034015,0.026954,0.020917,0.01592,0.011899,0.008743,0.020312,0.998411,0.001589,0.995399,0.004601,0.988445,0.011555,0.975002,0.024998,0.95238,0.04762,0.918365,0.081635,0.871782,0.128218,0.812852,0.187148,0.743223,0.256777,0.665712,0.334288,0.58384,0.41616,0.501306,0.498694,0.421514,0.578486,0.347229,0.652771,0.280397,0.719603,0.222118,0.777882,0.172728,0.827272,0.131958,0.868042,0.099109,0.900891,0.073231,0.926769,0.053264,0.946736,0.998458,0.001542,0.995634,0.004366,0.989073,0.010927,0.976317,0.023683,0.954726,0.045274,0.922071,0.077929,0.87709,0.12291,0.819854,0.180146,0.751833,0.248167,0.675668,0.324332,0.594748,0.405252,0.512698,0.487302,0.432911,0.567089,0.358196,0.641804,0.290585,0.709415,0.231283,0.768717,0.180732,0.819268,0.13876,0.86124,0.104745,0.895255,0.077791,0.922209,0.056874,0.943126,1,0.00159,1,0.001543,1,0.004612,1,0.004376,1,0.011622,1,0.010987,1,0.025316,1,0.023968,1,0.048791,1,0.046331,1,0.08516,0,2.551957,1,0.137216,0,2.096303,1,0.207206,0,1.713988,1,0.296759,0,1.393653,1,0.406898,0,1.125988,1,0.538128,0,0.903246,1,0.690539,0,0.718871,0,0.547341,0,0.567239,0,0.426529,0,0.443472,0,0.329056,0,0.343315,0,0.25118,0,0.263032,0,0.189622,0,0.199344,0,0.141515,0,0.149382,0,0.104371,0,0.110647,0,0.076051,0,0.080983,0,0.054735,0,0.058555
2358,2025/26,2,GKS Katowice,Zagłębie Lubin,18.0,20.0,38.0,14.1075,15.6242,29.7318,0.054094,1,3678.6247,0.6703,0.5908,0.149,0.429,0.175,0.0,0.0,0.0,0.0,1e-06,4e-06,1.4e-05,3.8e-05,9.2e-05,0.000206,0.000421,0.000802,0.001428,0.002397,0.003812,0.005772,0.008354,0.011599,0.015498,0.019981,0.024918,0.030125,0.035376,0.040423,0.045016,0.048929,0.051977,0.054028,0.055016,0.054937,0.053847,0.051851,0.049092,0.045736,0.041956,0.037924,0.033797,0.029714,0.025785,0.022098,0.01871,0.01566,0.012961,0.010613,0.0086,0.006899,0.005482,0.004315,0.003366,0.002602,0.001995,0.005834,0.996993,0.003007,1,0.003011,0.994596,0.005404,1,0.005418,0.990784,0.009216,1,0.009258,0.985013,0.014987,1,0.015101,0.976659,0.023341,1,0.023618,0.96506,0.03494,1,0.035565,0.949562,0.050438,1,0.051754,0.929581,0.070419,1,0.073021,0.904663,0.095337,1,0.100193,0.874538,0.125462,1,0.13406,0.839161,0.160839,1,0.175352,0.798739,0.201261,1,0.224721,0.753723,0.246277,1,0.28273,0.704794,0.295206,1,0.349849,0.652818,0.347182,1,0.426457,0.59879,0.40121,1,0.512845,0.543773,0.456227,1,0.609223,0.488836,0.511164,1,0.715728,0.434989,0.565011,1,0.832433,0.383138,0.616862,1,0.959359,0.334046,0.665954,1,1.096476,0.288311,0.711689,1,1.243716,0.246355,0.753645,1,1.400982,0.208431,0.791569,1,1.568147,2.8e-05,0.000224,0.000945,0.002792,0.006492,0.012636,0.021409,0.032414,0.044696,0.056933,0.067732,0.075919,0.080743,0.081956,0.07978,0.074785,0.067745,0.059483,0.050757,0.042188,0.034225,0.027148,0.02109,0.016069,0.012022,0.008843,0.020608,1.2e-05,0.000102,0.000456,0.001427,0.003512,0.007235,0.012972,0.020784,0.030329,0.040884,0.051473,0.061056,0.06872,0.073816,0.076042,0.075435,0.072315,0.067195,0.060679,0.053373,0.045822,0.038465,0.031623,0.025497,0.020188,0.015715,0.043632,0.998466,0.001534,0.995673,0.004327,0.989182,0.010818,0.976546,0.023454,0.955137,0.044863,0.922722,0.077278,0.878026,0.121974,0.821094,0.178906,0.753362,0.246638,0.677442,0.322558,0.596699,0.403301,0.514742,0.485258,0.434963,0.565037,0.360178,0.639822,0.292433,0.707567,0.23295,0.76705,0.182193,0.817807,0.140005,0.859995,0.10578,0.89422,0.078632,0.921368,0.057542,0.942458,0.998192,0.001808,0.996765,0.003235,0.993253,0.006747,0.986018,0.013982,0.973046,0.026954,0.952261,0.047739,0.921932,0.078068,0.881048,0.118952,0.829575,0.170425,0.768519,0.231481,0.699799,0.300201,0.625983,0.374017,0.549941,0.450059,0.474506,0.525494,0.40219,0.59781,0.334995,0.665005,0.274316,0.725684,0.220943,0.779057,0.175121,0.824879,0.136656,0.863344,0.105033,0.894967,1,0.001535,1,0.00181,1,0.004336,1,0.00324,1,0.010877,1,0.00677,1,0.023733,1,0.014081,1,0.0459,1,0.027324,1,0.080427,1,0.048916,1,0.130079,1,0.081284,1,0.197118,1,0.126643,1,0.283209,1,0.186842,1,0.389431,1,0.26329,1,0.516342,1,0.356962,1,0.664089,1,0.468432,1,0.832494,1,0.597944,1,1.021157,1,0.745481,1,1.22952,1,0.910831,1,1.456931,1,1.09364,0,0.201129,1,1.293475,0,0.150829,1,1.509851,0,0.111803,0,0.192519,0,0.081896,0,0.146942,0,0.059264,0,0.110968
2359,2025/26,2,Raków Częstochowa,Wisła Płock,11.0,11.0,22.0,15.1543,13.6168,28.771,0.054094,1,3678.6247,0.6703,0.5908,0.149,0.429,0.175,0.0,0.0,0.0,0.0,2e-06,7e-06,2.1e-05,5.7e-05,0.000136,0.000298,0.0006,0.00112,0.001959,0.003229,0.005042,0.007495,0.01065,0.014519,0.019046,0.024109,0.02952,0.03504,0.0404,0.045324,0.049557,0.052886,0.05516,0.056296,0.056284,0.055183,0.053106,0.050209,0.046675,0.042695,0.038456,0.03413,0.029864,0.02578,0.021966,0.018483,0.015366,0.012628,0.010262,0.00825,0.006565,0.005171,0.004034,0.003118,0.002388,0.001813,0.001365,0.003738,0.995798,0.004202,1,0.004211,0.99257,0.00743,1,0.007458,0.987528,0.012472,1,0.012551,0.980033,0.019967,1,0.020169,0.969383,0.030617,1,0.031096,0.954864,0.045136,1,0.046186,0.935818,0.064182,1,0.066334,0.911709,0.088291,1,0.092434,0.882189,0.117811,1,0.125349,0.847149,0.152851,1,0.165879,0.806749,0.193251,0,1.643766,0.761425,0.238575,0,1.433073,0.711869,0.288131,0,1.244339,0.658983,0.341017,0,1.075822,0.603823,0.396177,0,0.925894,0.547527,0.452473,0,0.793028,0.491243,0.508757,0,0.675786,0.436061,0.563939,0,0.572808,0.382955,0.617045,0,0.482813,0.332746,0.667254,0,0.404584,0.286071,0.713929,0,0.336971,0.243376,0.756624,0,0.278889,0.20492,0.79508,0,0.229313,0.170791,0.829209,0,0.187283,1.6e-05,0.00013,0.00057,0.001755,0.004246,0.008602,0.015169,0.023902,0.034303,0.045476,0.056308,0.065688,0.072711,0.076812,0.077821,0.075924,0.071581,0.065414,0.058094,0.050255,0.042432,0.035031,0.028323,0.022459,0.017489,0.013389,0.03525,3.7e-05,0.000291,0.001201,0.003478,0.007925,0.015117,0.025099,0.037241,0.050322,0.062816,0.073234,0.080442,0.08384,0.083395,0.079554,0.07308,0.064875,0.055821,0.046678,0.038021,0.030227,0.023497,0.017888,0.013356,0.009792,0.007059,0.015506,0.998433,0.001567,0.996679,0.003321,0.992433,0.007567,0.98383,0.01617,0.968662,0.031338,0.944759,0.055241,0.910456,0.089544,0.86498,0.13502,0.808672,0.191328,0.742984,0.257016,0.670273,0.329727,0.593461,0.406539,0.51564,0.48436,0.439716,0.560284,0.368135,0.631865,0.302721,0.697279,0.244628,0.755372,0.194373,0.805627,0.151942,0.848058,0.116911,0.883089,0.088587,0.911413,0.998263,0.001737,0.994784,0.005216,0.986859,0.013141,0.971742,0.028258,0.946643,0.053357,0.909402,0.090598,0.85908,0.14092,0.796264,0.203736,0.72303,0.27697,0.642588,0.357412,0.558748,0.441252,0.475353,0.524647,0.395799,0.604201,0.322719,0.677281,0.257844,0.742156,0.202023,0.797977,0.155345,0.844655,0.117324,0.882676,0.087097,0.912903,0.0636,0.9364,0.045713,0.954287,1,0.001568,1,0.001739,1,0.003327,1,0.00523,1,0.007596,1,0.013228,1,0.016302,1,0.028665,1,0.03184,1,0.054833,1,0.056825,1,0.094968,1,0.09381,1,0.151893,1,0.145049,1,0.227824,1,0.212362,1,0.324305,0,1.358617,0,1.028866,0,1.10949,0,0.818139,0,0.900075,0,0.64503,0,0.724927,0,0.503848,0,0.579311,0,0.389669,0,0.45908,0,0.298196,0,0.36057,0,0.225676,0,0.280545,0,0.168827,0,0.216134,0,0.124797,0,0.164806,0,0.091126,0,0.124329,0,0.065713,0,0.092759,0,0.046791
2360,2025/26,2,Jagiellonia Białystok,Widzew Łódź,12.0,18.0,30.0,16.3271,12.3129,28.64,0.054094,1,3678.6247,0.6703,0.5908,0.149,0.429,0.175,0.0,0.0,0.0,0.0,2e-06,8e-06,2.3e-05,6.2e-05,0.000148,0.000322,0.000645,0.001198,0.002084,0.003417,0.00531,0.007856,0.011112,0.015081,0.019699,0.024832,0.030283,0.035806,0.041129,0.045976,0.050096,0.053285,0.055399,0.056368,0.056194,0.054942,0.052736,0.049736,0.046127,0.042101,0.037842,0.033521,0.029279,0.025233,0.021467,0.018039,0.014978,0.012296,0.009983,0.008019,0.006376,0.00502,0.003915,0.003025,0.002316,0.001759,0.001324,0.003633,0.995507,0.004493,1,0.004503,0.99209,0.00791,1,0.007941,0.986781,0.013219,1,0.013307,0.978925,0.021075,1,0.0213,0.967813,0.032187,1,0.032717,0.952732,0.047268,1,0.048422,0.933033,0.066967,1,0.069315,0.908202,0.091798,1,0.096289,0.877919,0.122081,1,0.130201,0.842113,0.157887,1,0.171842,0.800984,0.199016,1,0.221915,0.755008,0.244992,1,0.281027,0.704912,0.295088,1,0.349683,0.651627,0.348373,1,0.428283,0.596228,0.403772,1,0.517132,0.53986,0.46014,1,0.616445,0.483666,0.516334,1,0.72636,0.428724,0.571276,1,0.846941,0.375988,0.624012,0,0.471586,0.326252,0.673748,0,0.394899,0.280125,0.719875,0,0.328678,0.238025,0.761975,0,0.271841,0.200182,0.799818,0,0.223371,0.166662,0.833338,0,0.182315,8e-06,7.2e-05,0.000328,0.001051,0.002647,0.005584,0.010251,0.016817,0.025126,0.034679,0.044704,0.054294,0.062569,0.068815,0.072583,0.073724,0.072363,0.068846,0.063655,0.057328,0.050393,0.043314,0.036459,0.030099,0.024401,0.019448,0.05836,8e-05,0.000589,0.002296,0.006268,0.01346,0.024201,0.037871,0.052961,0.067452,0.079359,0.087203,0.090281,0.088687,0.083146,0.074757,0.064727,0.054157,0.043921,0.034616,0.026575,0.019913,0.01459,0.010469,0.007367,0.005091,0.003459,0.006454,0.997512,0.002488,0.996461,0.003539,0.993814,0.006186,0.98823,0.01177,0.977979,0.022021,0.961162,0.038838,0.936036,0.063964,0.901357,0.098643,0.856652,0.143348,0.802358,0.197642,0.739789,0.260211,0.670974,0.329026,0.598391,0.401609,0.524667,0.475333,0.452303,0.547697,0.383457,0.616543,0.319803,0.680197,0.262474,0.737526,0.212081,0.787919,0.168767,0.831233,0.132308,0.867692,0.996986,0.003014,0.990718,0.009282,0.977257,0.022743,0.953057,0.046943,0.915185,0.084815,0.862224,0.137776,0.794772,0.205228,0.715413,0.284587,0.628209,0.371791,0.537928,0.462072,0.449241,0.550759,0.366096,0.633904,0.291338,0.708662,0.226611,0.773389,0.172455,0.827545,0.128534,0.871466,0.093917,0.906083,0.067342,0.932658,0.047429,0.952571,0.032839,0.967161,0.022371,0.977629,1,0.002491,1,0.003019,1,0.003545,1,0.009325,1,0.006205,1,0.023006,1,0.01184,1,0.048081,1,0.022267,1,0.088629,1,0.039612,1,0.14824,1,0.066101,1,0.2297,1,0.103854,1,0.334895,1,0.154724,1,0.464882,1,0.2202,1,0.620031,0,1.346262,1,0.800196,0,1.111619,1,1.00486,0,0.912276,1,1.233271,0,0.74374,1,1.48452,0,0.602033,1,1.757619,0,0.483627,1,2.051562,0,0.385373,0,0.098624,0,0.304454,0,0.069717,0,0.23836,0,0.048591,0,0.184845,0,0.03339,0,0.141918,0,0.022625
2361,2025/26,2,Piast Gliwice,Górnik Zabrze,10.0,8.0,18.0,15.3562,11.4201,26.7763,0.054094,1,3678.6247,0.6703,0.5908,0.149,0.429,0.175,0.0,0.0,0.0,1e-06,5e-06,1.8e-05,5.3e-05,0.000137,0.000316,0.000661,0.001271,0.002272,0.003803,0.006,0.008971,0.012772,0.017384,0.022702,0.028535,0.034615,0.040624,0.046226,0.051101,0.054976,0.057653,0.059021,0.059062,0.057843,0.055504,0.052237,0.048264,0.043817,0.03912,0.034372,0.029743,0.025364,0.02133,0.017698,0.014497,0.011729,0.009377,0.007412,0.005794,0.004482,0.003432,0.002602,0.001954,0.001454,0.001072,0.000784,0.000568,0.001374,0.991461,0.008539,1,0.008576,0.985461,0.014539,1,0.014646,0.97649,0.02351,1,0.023791,0.963718,0.036282,1,0.036956,0.946335,0.053665,1,0.055159,0.923632,0.076368,1,0.079441,0.895098,0.104902,0,2.254725,0.860483,0.139517,0,1.96957,0.819859,0.180141,0,1.714018,0.773634,0.226366,0,1.485601,0.722533,0.277467,0,1.282054,0.667557,0.332443,0,1.101288,0.609904,0.390096,0,0.941363,0.550883,0.449117,0,0.800472,0.491822,0.508178,0,0.676923,0.433979,0.566021,0,0.569123,0.378475,0.621525,0,0.475579,0.326238,0.673762,0,0.394878,0.277974,0.722026,0,0.325694,0.234156,0.765844,0,0.266777,0.195037,0.804963,0,0.216959,0.160664,0.839336,0,0.175145,0.130921,0.869079,0,0.140321,0.105557,0.894443,0,0.111554,1.4e-05,0.000117,0.000518,0.001606,0.003913,0.007986,0.014184,0.022514,0.032545,0.043459,0.054203,0.063692,0.071015,0.075567,0.077116,0.075784,0.071969,0.066247,0.059262,0.051638,0.043917,0.036521,0.029743,0.023757,0.018634,0.014369,0.038709,0.000137,0.00097,0.003608,0.009409,0.0193,0.033145,0.049544,0.066179,0.080509,0.090475,0.094962,0.093907,0.088114,0.078906,0.067766,0.056043,0.04479,0.034696,0.02612,0.019154,0.013709,0.009594,0.006575,0.00442,0.002918,0.001893,0.00314,0.998349,0.001651,0.996743,0.003257,0.99283,0.00717,0.984844,0.015156,0.97066,0.02934,0.948146,0.051854,0.915601,0.084399,0.872142,0.127858,0.817939,0.182061,0.754247,0.245753,0.683232,0.316768,0.607665,0.392335,0.530549,0.469451,0.454766,0.545234,0.382797,0.617203,0.31655,0.68345,0.257289,0.742711,0.205651,0.794349,0.161733,0.838267,0.125213,0.874787,0.095469,0.904531,0.995269,0.004731,0.98586,0.01414,0.966559,0.033441,0.933414,0.066586,0.88387,0.11613,0.817691,0.182309,0.737183,0.262817,0.646708,0.353292,0.551746,0.448254,0.457838,0.542162,0.369725,0.630275,0.290818,0.709182,0.223053,0.776947,0.167009,0.832991,0.122219,0.877781,0.087523,0.912477,0.061403,0.938597,0.042249,0.957751,0.02854,0.97146,0.018946,0.981054,0.012371,0.987629,1,0.001652,1,0.004742,1,0.003262,1,0.014241,1,0.007196,1,0.034013,1,0.015272,1,0.068906,1,0.029779,1,0.123445,1,0.053247,1,0.201271,1,0.088175,0,1.336297,1,0.136803,0,1.04046,0,1.703413,0,0.802395,0,1.403428,0,0.61219,0,1.149586,0,0.461599,0,0.935639,0,0.343643,0,0.756191,0,0.252383,0,0.60654,0,0.182732,0,0.482557,0,0.130358,0,0.380602,0,0.091592,0,0.297448,0,0.063369,0,0.230232,0,0.043167,0,0.176419,0,0.028955,0,0.133775,0,0.019128,0,0.100339,0,0.012448
2362,2025/26,3,Wisła Płock,Piast Gliwice,9.0,6.0,15.0,14.5451,8.8689,23.414,0.053821,1,3732.3023,0.6723,0.5974,0.1544,0.4308,0.1667,0.0,0.0,2e-06,8e-06,3e-05,9.5e-05,0.000255,0.000601,0.001269,0.002438,0.004312,0.007088,0.010912,0.01584,0.021798,0.028571,0.035816,0.043092,0.049917,0.055823,0.060416,0.063419,0.064695,0.064249,0.062216,0.058833,0.0544,0.049244,0.043691,0.038032,0.032511,0.027317,0.022579,0.018373,0.014729,0.01164,0.009074,0.006982,0.005305,0.003982,0.002955,0.002169,0.001575,0.001132,0.000805,0.000568,0.000396,0.000274,0.000188,0.000128,8.6e-05,0.000169,0.972991,0.027009,1,0.02738,0.957151,0.042849,1,0.043794,0.935354,0.064646,1,0.066831,0.906783,0.093217,0,2.37282,0.870966,0.129034,0,2.047683,0.827874,0.172126,0,1.759528,0.777957,0.222043,0,1.504884,0.722134,0.277866,0,1.280617,0.661718,0.338282,0,1.083876,0.598299,0.401701,0,0.912047,0.533604,0.466396,0,0.76272,0.469355,0.530645,0,0.633663,0.407139,0.592861,0,0.522796,0.348306,0.651694,0,0.42818,0.293906,0.706094,0,0.348007,0.244662,0.755338,0,0.28059,0.200971,0.799029,0,0.224358,0.162939,0.837061,0,0.177859,0.130428,0.869572,0,0.139754,0.103111,0.896889,0,0.108823,0.080531,0.919469,0,0.083959,0.062158,0.937842,0,0.064174,0.047429,0.952571,0,0.04859,0.035789,0.964211,0,0.036445,2.2e-05,0.000176,0.000757,0.002281,0.005404,0.010716,0.018492,0.028513,0.040032,0.051914,0.062869,0.071724,0.077632,0.080185,0.079422,0.075746,0.069804,0.062347,0.054114,0.045746,0.037743,0.030447,0.024052,0.018634,0.014175,0.010601,0.025954,0.00071,0.004261,0.013477,0.029872,0.052071,0.07598,0.09648,0.109462,0.113089,0.107914,0.096165,0.080729,0.064297,0.048869,0.035617,0.024996,0.01695,0.01114,0.007115,0.004426,0.002687,0.001595,0.000927,0.000529,0.000296,0.000163,0.000186,0.998547,0.001453,0.996266,0.003734,0.990862,0.009138,0.980145,0.019855,0.961653,0.038347,0.93314,0.06686,0.893108,0.106892,0.841195,0.158805,0.778326,0.221674,0.706602,0.293398,0.62897,0.37103,0.548784,0.451216,0.469363,0.530637,0.393617,0.606383,0.323814,0.676186,0.261467,0.738533,0.207353,0.792647,0.161607,0.838393,0.123863,0.876137,0.093416,0.906584,0.069364,0.930636,0.981553,0.018447,0.951681,0.048319,0.89961,0.10039,0.82363,0.17637,0.72715,0.27285,0.617688,0.382312,0.504599,0.495401,0.396686,0.603314,0.300521,0.699479,0.219792,0.780208,0.155495,0.844505,0.106626,0.893374,0.071009,0.928991,0.046013,0.953987,0.029063,0.970937,0.017923,0.982077,0.010808,0.989192,0.006382,0.993618,0.003695,0.996305,0.0021,0.9979,0.001173,0.998827,1,0.001454,1,0.018619,1,0.003741,1,0.049525,1,0.00918,1,0.105794,1,0.020055,1,0.194034,1,0.039102,0,1.298833,1,0.0692,0,0.961518,1,0.113048,0,0.702388,0,1.840078,0,0.505317,0,1.506547,0,0.35742,0,1.226225,0,0.248195,0,0.991472,0,0.169005,0,0.795809,0,0.11275,0,0.633677,0,0.073656,0,0.500243,0,0.047105,0,0.391287,0,0.029494,0,0.303089,0,0.018086,0,0.232377,0,0.010867,0,0.176268,0,0.006402,0,0.132233,0,0.003702,0,0.098072,0,0.002102,0,0.071887,0,0.001174
2363,2025/26,3,Bruk-Bet Termalica Nieciecza,Pogoń Szczecin,16.0,12.0,28.0,14.1247,12.7823,26.907,0.053821,1,3732.3023,0.6723,0.5974,0.1544,0.4308,0.1667,0.0,0.0,0.0,1e-06,5e-06,1.6e-05,4.8e-05,0.000124,0.000288,0.000607,0.001175,0.002116,0.003565,0.005659,0.008513,0.012191,0.016686,0.021908,0.027679,0.033741,0.039783,0.045471,0.050478,0.054523,0.057393,0.058964,0.059201,0.05816,0.05597,0.052817,0.04892,0.044513,0.039823,0.035055,0.030384,0.025948,0.021847,0.018146,0.014876,0.012043,0.009632,0.007615,0.005954,0.004605,0.003524,0.00267,0.002004,0.00149,0.001097,0.000801,0.00058,0.001393,0.992055,0.007945,1,0.007976,0.986396,0.013604,1,0.013697,0.977883,0.022117,1,0.022365,0.965693,0.034307,1,0.03491,0.949007,0.050993,1,0.05234,0.927098,0.072902,1,0.075696,0.89942,0.10058,1,0.106005,0.865679,0.134321,1,0.144241,0.825896,0.174104,1,0.191287,0.780425,0.219575,1,0.247916,0.729947,0.270053,1,0.314783,0.675424,0.324576,1,0.392414,0.618031,0.381969,1,0.481217,0.559067,0.440933,1,0.581486,0.499866,0.500134,1,0.693415,0.441706,0.558294,1,0.81711,0.385737,0.614263,0,0.487331,0.33292,0.66708,0,0.404845,0.284,0.716,0,0.334075,0.239486,0.760514,0,0.273761,0.199663,0.800337,0,0.222723,0.164609,0.835391,0,0.179855,0.134225,0.865775,0,0.14413,0.108278,0.891722,0,0.1146,2.7e-05,0.00022,0.000929,0.002752,0.006413,0.012507,0.021228,0.032194,0.044458,0.056706,0.067545,0.075794,0.08069,0.081975,0.079861,0.074914,0.067904,0.059654,0.050926,0.042345,0.034363,0.027265,0.021185,0.016143,0.012079,0.008885,0.020699,6e-05,0.000452,0.001802,0.005039,0.01108,0.020394,0.032667,0.046751,0.060926,0.073336,0.082435,0.087294,0.087701,0.084081,0.077301,0.06843,0.058534,0.048527,0.039095,0.030677,0.023493,0.017591,0.012898,0.009275,0.006549,0.004546,0.008984,0.998486,0.001514,0.995734,0.004266,0.989321,0.010679,0.976814,0.023186,0.955586,0.044414,0.923392,0.076608,0.878934,0.121066,0.822228,0.177772,0.754683,0.245317,0.678889,0.321111,0.598199,0.401801,0.516224,0.483776,0.436363,0.563637,0.361448,0.638552,0.293544,0.706456,0.23389,0.76611,0.182964,0.817036,0.140619,0.859381,0.106256,0.893744,0.078991,0.921009,0.057806,0.942194,0.997603,0.002397,0.992563,0.007437,0.981483,0.018517,0.961088,0.038912,0.928422,0.071578,0.881671,0.118329,0.820744,0.179256,0.747408,0.252592,0.664973,0.335027,0.577679,0.422321,0.489979,0.510021,0.405898,0.594102,0.328597,0.671403,0.260168,0.739832,0.201634,0.798366,0.153107,0.846893,0.114013,0.885987,0.083336,0.916664,0.059843,0.940157,0.042253,0.957747,0.029354,0.970646,1,0.001515,1,0.0024,1,0.004275,1,0.007465,1,0.010736,1,0.018691,1,0.023459,1,0.039689,1,0.045431,1,0.074269,1,0.079701,1,0.125936,1,0.129045,1,0.197544,1,0.195738,1,0.291144,1,0.281457,1,0.408009,1,0.387298,1,0.548737,1,0.513832,0,0.673303,1,0.661214,0,0.520704,1,0.829281,0,0.398386,1,1.017637,0,0.301332,0,0.347494,0,0.225188,0,0.26643,0,0.166181,0,0.202072,0,0.121053,0,0.151543,0,0.087014,0,0.112336,0,0.061708,0,0.082285,0,0.043172,0,0.059544,0,0.029793
2364,2025/26,3,Legia Warszawa,Arka Gdynia,20.0,6.0,26.0,16.3124,10.5565,26.8689,0.053821,1,3732.3023,0.6723,0.5974,0.1544,0.4308,0.1667,0.0,0.0,0.0,1e-06,5e-06,1.8e-05,5.3e-05,0.000136,0.000313,0.000654,0.001257,0.002245,0.003756,0.005923,0.008853,0.012601,0.017151,0.022402,0.028165,0.03418,0.040138,0.045707,0.050572,0.054465,0.057187,0.058625,0.058755,0.057641,0.055414,0.052258,0.048389,0.044035,0.039413,0.034723,0.030133,0.025775,0.021744,0.018102,0.01488,0.012083,0.009698,0.007696,0.006042,0.004694,0.00361,0.00275,0.002075,0.001552,0.00115,0.000846,0.000617,0.00152,0.99156,0.00844,1,0.008476,0.985637,0.014363,1,0.014467,0.976784,0.023216,1,0.02349,0.964183,0.035817,1,0.036474,0.947032,0.052968,1,0.054423,0.92463,0.07537,1,0.078361,0.896465,0.103535,1,0.109296,0.862285,0.137715,1,0.14817,0.822147,0.177853,1,0.195836,0.776441,0.223559,1,0.253035,0.725868,0.274132,1,0.320386,0.671403,0.328597,1,0.398385,0.614217,0.385783,1,0.487408,0.555592,0.444408,1,0.587721,0.496837,0.503163,0,0.68684,0.439196,0.560804,0,0.578383,0.383782,0.616218,0,0.484154,0.331524,0.668476,0,0.402755,0.283135,0.716865,0,0.332867,0.2391,0.7609,0,0.273253,0.199687,0.800313,0,0.222752,0.164963,0.835037,0,0.18028,0.13483,0.86517,0,0.14483,0.109056,0.890944,0,0.115473,8e-06,7.1e-05,0.000327,0.001048,0.002644,0.005582,0.010255,0.016835,0.025166,0.034746,0.044801,0.054419,0.062712,0.068966,0.072729,0.07385,0.07246,0.068907,0.063677,0.057314,0.050347,0.043242,0.03637,0.03,0.024298,0.019348,0.057843,0.000234,0.001577,0.005593,0.0139,0.02717,0.044456,0.063301,0.080533,0.093297,0.099831,0.099756,0.093906,0.083867,0.071477,0.058416,0.04597,0.034956,0.025762,0.01845,0.01287,0.008761,0.005832,0.003801,0.00243,0.001525,0.000941,0.001382,0.997559,0.002441,0.996511,0.003489,0.993867,0.006133,0.988285,0.011715,0.97803,0.02197,0.961195,0.038805,0.936029,0.063971,0.901283,0.098717,0.856482,0.143518,0.802063,0.197937,0.739351,0.260649,0.670385,0.329615,0.597656,0.402344,0.523806,0.476194,0.451346,0.548654,0.382439,0.617561,0.318762,0.681238,0.261448,0.738552,0.2111,0.7889,0.167859,0.832141,0.131489,0.868511,0.992592,0.007408,0.978692,0.021308,0.951522,0.048478,0.907066,0.092934,0.843765,0.156235,0.763232,0.236768,0.669935,0.330065,0.570104,0.429896,0.470348,0.529652,0.376442,0.623558,0.292575,0.707425,0.221097,0.778903,0.162681,0.837319,0.11671,0.88329,0.081755,0.918245,0.055993,0.944007,0.037543,0.962457,0.024673,0.975327,0.015912,0.984088,0.01008,0.98992,0.006278,0.993722,1,0.002444,1,0.007436,1,0.003495,1,0.021538,1,0.006152,1,0.049692,1,0.011784,1,0.09754,1,0.022215,0,1.856394,1,0.039578,0,1.440675,1,0.066109,0,1.108466,1,0.103936,0,0.844212,1,0.154922,0,0.635535,1,0.220568,0,0.472313,1,0.301983,0,0.346124,1,0.399903,0,0.249869,1,0.51474,0,0.17755,1,0.646634,0,0.124102,1,0.795521,0,0.085291,1,0.961186,0,0.057622,1,1.143311,0,0.038266,1,1.34152,0,0.024982,0,0.237116,0,0.01604,0,0.183753,0,0.010131,0,0.140975,0,0.006298
2365,2025/26,3,Motor Lublin,Jagiellonia Białystok,15.0,21.0,36.0,14.3125,15.7515,30.064,0.053821,1,3732.3023,0.6723,0.5974,0.1544,0.4308,0.1667,0.0,0.0,0.0,0.0,1e-06,4e-06,1.2e-05,3.2e-05,8e-05,0.000179,0.000369,0.000707,0.001269,0.002146,0.003437,0.005241,0.007638,0.010679,0.014366,0.018648,0.023413,0.028495,0.033684,0.038741,0.043424,0.047503,0.050785,0.053125,0.054437,0.054699,0.053946,0.052267,0.049789,0.046666,0.043068,0.039162,0.035109,0.031049,0.027102,0.023362,0.019896,0.016748,0.013941,0.01148,0.009356,0.007548,0.006031,0.004773,0.003744,0.002911,0.002244,0.006692,0.997347,0.002653,1,0.002657,0.995201,0.004799,1,0.00481,0.991765,0.008235,1,0.00827,0.986524,0.013476,1,0.013568,0.978886,0.021114,1,0.02134,0.968207,0.031793,1,0.03231,0.95384,0.04616,1,0.047259,0.935192,0.064808,1,0.067003,0.911779,0.088221,1,0.092358,0.883283,0.116717,1,0.12411,0.849599,0.150401,1,0.16299,0.810858,0.189142,1,0.209662,0.767434,0.232566,1,0.264703,0.719931,0.280069,1,0.3286,0.669145,0.330855,1,0.401754,0.61602,0.38398,1,0.484476,0.561583,0.438417,1,0.576996,0.506883,0.493117,1,0.679474,0.452937,0.547063,1,0.792002,0.40067,0.59933,1,0.914617,0.350882,0.649118,1,1.047306,0.304216,0.695784,1,1.190019,0.261148,0.738852,1,1.342668,0.221986,0.778014,1,1.505141,2.5e-05,0.000199,0.000848,0.002531,0.005941,0.011673,0.019962,0.030501,0.042437,0.054535,0.065447,0.07399,0.079362,0.081231,0.079731,0.075354,0.068815,0.060909,0.052388,0.043887,0.035883,0.028684,0.022455,0.017239,0.012996,0.009632,0.022943,1.1e-05,9.5e-05,0.000425,0.001339,0.003314,0.006867,0.012381,0.019947,0.029263,0.039651,0.050174,0.059811,0.067643,0.073004,0.075555,0.075292,0.072501,0.067662,0.061363,0.054204,0.046729,0.039387,0.032512,0.026318,0.02092,0.016347,0.045938,0.998526,0.001474,0.995995,0.004005,0.990055,0.009945,0.978381,0.021619,0.958419,0.041581,0.927918,0.072082,0.885481,0.114519,0.830946,0.169054,0.7655,0.2345,0.691509,0.308491,0.612148,0.387852,0.530916,0.469084,0.451185,0.548815,0.375832,0.624168,0.307016,0.692984,0.246108,0.753892,0.19372,0.80628,0.149833,0.850167,0.11395,0.88605,0.085265,0.914735,0.06281,0.93719,0.998121,0.001879,0.996783,0.003217,0.993469,0.006531,0.986602,0.013398,0.974221,0.025779,0.954274,0.045726,0.925011,0.074989,0.88536,0.11464,0.835186,0.164814,0.775375,0.224625,0.707732,0.292268,0.634727,0.365273,0.559173,0.440827,0.48388,0.51612,0.41138,0.58862,0.343718,0.656282,0.282354,0.717646,0.228151,0.771849,0.181422,0.818578,0.142035,0.857965,0.109523,0.890477,1,0.001475,1,0.001881,1,0.004013,1,0.003222,1,0.009995,1,0.006552,1,0.021856,1,0.013489,1,0.04247,1,0.026117,1,0.074812,1,0.046804,1,0.121624,1,0.07795,1,0.18519,1,0.121761,1,0.267226,1,0.180101,1,0.368879,1,0.254408,1,0.490781,1,0.34569,1,0.633151,1,0.45456,1,0.795878,1,0.581296,0,0.471336,1,0.725918,0,0.366748,1,0.888238,0,0.282506,1,1.067934,0,0.215324,1,1.264594,0,0.162322,1,1.477748,0,0.120982,1,1.706929,0,0.089121,0,0.153192,0,0.064869,0,0.115998
2366,2025/26,3,Zagłębie Lubin,Korona Kielce,8.0,17.0,25.0,14.8647,13.9003,28.765,0.053821,1,3732.3023,0.6723,0.5974,0.1544,0.4308,0.1667,0.0,0.0,0.0,0.0,2e-06,7e-06,2.1e-05,5.6e-05,0.000135,0.000295,0.000594,0.001112,0.001946,0.003211,0.005018,0.007467,0.01062,0.014489,0.01902,0.02409,0.029513,0.035047,0.040424,0.045365,0.049614,0.052957,0.055241,0.056382,0.05637,0.055264,0.053177,0.050268,0.046719,0.042722,0.038468,0.034127,0.029849,0.025754,0.021931,0.018443,0.015323,0.012584,0.010219,0.00821,0.006527,0.005137,0.004004,0.003092,0.002365,0.001794,0.001349,0.003679,0.995832,0.004168,1,0.004177,0.992621,0.007379,1,0.007406,0.987603,0.012397,1,0.012475,0.980136,0.019864,1,0.020064,0.969515,0.030485,1,0.030959,0.955027,0.044973,1,0.046016,0.936007,0.063993,1,0.066132,0.911917,0.088083,1,0.092206,0.882405,0.117595,1,0.125105,0.847357,0.152643,1,0.165633,0.806933,0.193067,1,0.214514,0.761568,0.238432,1,0.272376,0.711954,0.288046,1,0.339742,0.658997,0.341003,0,1.075863,0.603756,0.396244,0,0.925725,0.547374,0.452626,0,0.792689,0.491004,0.508996,0,0.675315,0.43574,0.56426,0,0.572241,0.382563,0.617437,0,0.482178,0.332295,0.667705,0,0.403909,0.285576,0.714424,0,0.336279,0.242854,0.757146,0,0.278199,0.204386,0.795614,0,0.228642,0.17026,0.82974,0,0.186643,1.8e-05,0.000149,0.000649,0.001979,0.004746,0.009526,0.016639,0.025968,0.036905,0.048442,0.059381,0.068572,0.075126,0.078544,0.078746,0.076018,0.07091,0.064108,0.056321,0.048194,0.040248,0.032864,0.026279,0.020607,0.015868,0.012012,0.030521,3.1e-05,0.000247,0.001037,0.003043,0.007026,0.01358,0.022839,0.034322,0.046966,0.059361,0.070065,0.077907,0.082186,0.082736,0.07987,0.074242,0.066683,0.058049,0.049106,0.04046,0.032535,0.02558,0.019695,0.014871,0.011026,0.008037,0.018227,0.998525,0.001475,0.996546,0.003454,0.9918,0.0082,0.982274,0.017726,0.965635,0.034365,0.939667,0.060333,0.902762,0.097238,0.85432,0.14568,0.794939,0.205061,0.726367,0.273633,0.65124,0.34876,0.572696,0.427304,0.49395,0.50605,0.417932,0.582068,0.347022,0.652978,0.282914,0.717086,0.226592,0.773408,0.178399,0.821601,0.13815,0.86185,0.105286,0.894714,0.079008,0.920992,0.998412,0.001588,0.995369,0.004631,0.988343,0.011657,0.974763,0.025237,0.951924,0.048076,0.917602,0.082398,0.870636,0.129364,0.811274,0.188726,0.741209,0.258791,0.663302,0.336698,0.581116,0.418884,0.49838,0.50162,0.41851,0.58149,0.344268,0.655732,0.277586,0.722414,0.219537,0.780463,0.170432,0.829568,0.129972,0.870028,0.097436,0.902564,0.071856,0.928144,0.052161,0.947839,1,0.001476,1,0.001589,1,0.00346,1,0.004642,1,0.008234,1,0.011725,1,0.017885,1,0.025561,1,0.034969,1,0.04927,1,0.06223,1,0.085992,0,2.330594,1,0.138531,0,1.926343,1,0.209149,0,1.584448,1,0.299473,0,1.295967,1,0.410525,0,1.053371,1,0.542805,0,0.85026,1,0.696392,0,0.68112,1,0.871054,0,0.541168,1,1.066335,0,0.426212,1,1.281624,0,0.33256,0,0.247868,0,0.256949,0,0.18685,0,0.1965,0,0.13923,0,0.148674,0,0.102516,0,0.111251,0,0.074568,0,0.082304,0,0.053571
2367,2025/26,3,Radomiak Radom,Raków Częstochowa,12.0,11.0,23.0,12.9431,11.4321,24.3752,0.053821,1,3732.3023,0.6723,0.5974,0.1544,0.4308,0.1667,0.0,0.0,1e-06,4e-06,1.7e-05,5.4e-05,0.000151,0.00037,0.000808,0.001604,0.002931,0.004976,0.007906,0.011837,0.016792,0.022677,0.029273,0.036248,0.043191,0.049656,0.05522,0.059527,0.062327,0.063497,0.063044,0.061091,0.057855,0.053612,0.048665,0.043319,0.037847,0.032485,0.027415,0.022765,0.018613,0.014995,0.011911,0.009333,0.007218,0.005513,0.00416,0.003103,0.002289,0.00167,0.001206,0.000862,0.00061,0.000428,0.000298,0.000205,0.00014,0.000282,0.981178,0.018822,1,0.019001,0.969341,0.030659,1,0.031138,0.95255,0.04745,1,0.048613,0.929872,0.070128,1,0.072708,0.900599,0.099401,1,0.104695,0.864351,0.135649,1,0.145776,0.82116,0.17884,1,0.197037,0.771504,0.228496,1,0.259413,0.716284,0.283716,1,0.333678,0.656757,0.343243,1,0.420441,0.59443,0.40557,1,0.520153,0.530932,0.469068,0,0.757008,0.467888,0.532112,0,0.630902,0.406797,0.593203,0,0.522219,0.348942,0.651058,0,0.429157,0.295331,0.704669,0,0.350027,0.246665,0.753335,0,0.283246,0.203347,0.796653,0,0.227336,0.165499,0.834501,0,0.180922,0.133014,0.866986,0,0.142732,0.105599,0.894401,0,0.111601,0.082834,0.917166,0,0.086467,0.064221,0.935779,0,0.066376,0.049225,0.950775,0,0.050478,5.4e-05,0.000414,0.001663,0.004685,0.010378,0.019244,0.031052,0.04477,0.058776,0.071273,0.08071,0.086101,0.087144,0.084166,0.077953,0.069519,0.059906,0.050033,0.040607,0.0321,0.024765,0.01868,0.013799,0.009996,0.007111,0.004973,0.010027,0.000135,0.000956,0.003566,0.009318,0.01915,0.032942,0.049314,0.06596,0.080339,0.090379,0.094949,0.09397,0.088234,0.079061,0.067932,0.056203,0.044932,0.034814,0.026213,0.019224,0.013759,0.009629,0.006599,0.004435,0.002927,0.001899,0.003146,0.997768,0.002232,0.993083,0.006917,0.982705,0.017295,0.963461,0.036539,0.932409,0.067591,0.88764,0.11236,0.828863,0.171137,0.75759,0.24241,0.67688,0.32312,0.590778,0.409222,0.503635,0.496365,0.419469,0.580531,0.341516,0.658484,0.271997,0.728003,0.212091,0.787909,0.162058,0.837942,0.121451,0.878549,0.089352,0.910648,0.064587,0.935413,0.045906,0.954094,0.032107,0.967893,0.995327,0.004673,0.986009,0.013991,0.966859,0.033141,0.933917,0.066083,0.884603,0.115397,0.818643,0.181357,0.738304,0.261696,0.647925,0.352075,0.552976,0.447024,0.459006,0.540994,0.370772,0.629228,0.291711,0.708289,0.22378,0.77622,0.167576,0.832424,0.122644,0.877356,0.08783,0.91217,0.061617,0.938383,0.042393,0.957607,0.028633,0.971367,0.019005,0.980995,0.012406,0.987594,1,0.002234,1,0.004684,1,0.006941,1,0.01409,1,0.017446,1,0.033703,1,0.037223,1,0.068368,1,0.069984,1,0.122616,1,0.119189,1,0.200107,1,0.1877,1,0.3034,1,0.277613,1,0.43398,1,0.390261,1,0.592441,1,0.526315,0,0.614347,0,0.700444,0,0.463262,0,0.543812,0,0.344903,0,0.417815,0,0.253319,0,0.31745,0,0.183413,0,0.238373,0,0.130842,0,0.176806,0,0.091929,0,0.129484,0,0.063597,0,0.093599,0,0.043318,0,0.066767,0,0.029051,0,0.046993,0,0.019188,0,0.032634,0,0.012484
2368,2025/26,3,Cracovia,Lechia Gdańsk,20.0,12.0,32.0,14.4796,12.2826,26.7622,0.053821,1,3732.3023,0.6723,0.5974,0.1544,0.4308,0.1667,0.0,0.0,0.0,1e-06,5e-06,1.8e-05,5.2e-05,0.000133,0.000307,0.000645,0.001245,0.002233,0.003749,0.005929,0.008887,0.012679,0.017293,0.022624,0.028483,0.0346,0.040656,0.04631,0.051236,0.055158,0.05787,0.05926,0.059307,0.058079,0.055716,0.052414,0.048398,0.043905,0.039161,0.03437,0.029703,0.025293,0.021236,0.017588,0.014379,0.011609,0.00926,0.007302,0.005693,0.004392,0.003353,0.002534,0.001897,0.001407,0.001034,0.000753,0.000544,0.001297,0.991611,0.008389,1,0.008424,0.985681,0.014319,1,0.014422,0.976795,0.023205,1,0.023479,0.964115,0.035885,1,0.036544,0.946822,0.053178,1,0.054644,0.924198,0.075802,1,0.078829,0.895715,0.104285,1,0.110133,0.861115,0.138885,1,0.149527,0.82046,0.17954,1,0.197891,0.77415,0.22585,1,0.25599,0.722914,0.277086,1,0.324466,0.667756,0.332244,1,0.403833,0.609886,0.390114,1,0.494484,0.550625,0.449375,1,0.596701,0.491318,0.508682,1,0.710663,0.43324,0.56676,1,0.836464,0.377524,0.622476,1,0.974122,0.32511,0.67489,1,1.123593,0.276711,0.723289,1,1.28478,0.232807,0.767193,1,1.457547,0.193646,0.806354,0,0.215232,0.159276,0.840724,0,0.173491,0.129572,0.870428,0,0.138771,0.104279,0.895721,0,0.110126,2.2e-05,0.000182,0.000782,0.002349,0.00555,0.010978,0.018896,0.029061,0.040698,0.052644,0.063592,0.072365,0.078128,0.080493,0.079525,0.075652,0.069541,0.061955,0.053637,0.045229,0.037222,0.029951,0.0236,0.018237,0.013839,0.010323,0.02508,8e-05,0.000594,0.002316,0.006323,0.013576,0.024401,0.038164,0.053332,0.067867,0.079768,0.087555,0.090534,0.088815,0.083145,0.074641,0.06452,0.053891,0.043626,0.034319,0.026296,0.019664,0.014377,0.010294,0.007228,0.004984,0.003378,0.006262,0.998544,0.001456,0.996195,0.003805,0.990645,0.009355,0.979668,0.020332,0.960772,0.039228,0.931711,0.068289,0.891013,0.108987,0.838369,0.161631,0.774777,0.225223,0.702412,0.297588,0.624284,0.375716,0.543791,0.456209,0.464266,0.535734,0.388614,0.611386,0.319073,0.680927,0.257118,0.742882,0.203481,0.796519,0.158252,0.841748,0.12103,0.87897,0.091079,0.908921,0.067479,0.932521,0.996963,0.003037,0.99064,0.00936,0.977063,0.022937,0.952663,0.047337,0.914499,0.085501,0.861167,0.138833,0.793299,0.206701,0.713531,0.286469,0.625975,0.374025,0.535442,0.464558,0.446627,0.553373,0.363482,0.636518,0.28884,0.71116,0.22432,0.77568,0.170429,0.829571,0.126803,0.873197,0.092483,0.907517,0.066188,0.933812,0.046524,0.953476,0.032146,0.967854,0.021852,0.978148,1,0.001457,1,0.003042,1,0.003812,1,0.009404,1,0.009399,1,0.023204,1,0.020542,1,0.048494,1,0.040018,1,0.089379,1,0.070733,1,0.149467,1,0.115396,1,0.231555,1,0.176297,1,0.337529,1,0.25518,1,0.468445,1,0.353235,1,0.624663,1,0.47115,0,0.591723,1,0.60919,0,0.451743,1,0.767298,0,0.340858,1,0.945169,0,0.254015,1,1.142335,0,0.186847,1,1.35822,0,0.135594,1,1.592183,0,0.097043,1,1.843567,0,0.06848,0,0.129005,0,0.047641,0,0.095497,0,0.032674,0,0.069864,0,0.022094
2369,2025/26,3,Lech Poznań,Górnik Zabrze,12.0,12.0,24.0,15.6114,12.756,28.3674,0.053821,1,3732.3023,0.6723,0.5974,0.1544,0.4308,0.1667,0.0,0.0,0.0,1e-06,2e-06,8e-06,2.5e-05,6.8e-05,0.000161,0.000349,0.000697,0.001291,0.002239,0.00366,0.005669,0.008359,0.011783,0.015934,0.020733,0.026033,0.031618,0.037228,0.042577,0.047381,0.051389,0.054401,0.056284,0.056983,0.056516,0.054968,0.052478,0.049222,0.045394,0.041195,0.036812,0.032414,0.028141,0.024103,0.020377,0.017013,0.014035,0.011445,0.00923,0.007364,0.005814,0.004545,0.003519,0.0027,0.002052,0.001546,0.001156,0.003085,0.99516,0.00484,1,0.004852,0.9915,0.0085,1,0.008537,0.985831,0.014169,1,0.014271,0.977471,0.022529,1,0.022786,0.965688,0.034312,1,0.034914,0.949755,0.050245,1,0.051552,0.929021,0.070979,1,0.073624,0.902988,0.097012,1,0.102046,0.87137,0.12863,1,0.137689,0.834142,0.165858,1,0.181352,0.791565,0.208435,1,0.233743,0.744184,0.255816,1,0.295467,0.692795,0.307205,0,1.180239,0.638394,0.361606,0,1.017199,0.582109,0.417891,0,0.872535,0.525126,0.474874,0,0.744705,0.46861,0.53139,0,0.632258,0.413641,0.586359,0,0.533824,0.361163,0.638837,0,0.448107,0.311942,0.688058,0,0.373882,0.266548,0.733452,0,0.309993,0.225353,0.774647,0,0.255347,0.18854,0.81146,0,0.20892,0.156126,0.843874,0,0.169752,1.2e-05,0.000102,0.000455,0.001424,0.003507,0.007231,0.012976,0.020804,0.030372,0.040956,0.051574,0.061183,0.068861,0.073959,0.076173,0.075541,0.072389,0.067231,0.060678,0.053339,0.045761,0.038385,0.031531,0.025401,0.020093,0.015626,0.043227,6.1e-05,0.000458,0.001826,0.0051,0.0112,0.020589,0.032938,0.047082,0.061282,0.073674,0.082714,0.087483,0.087783,0.084057,0.077184,0.068243,0.058303,0.048277,0.038846,0.030444,0.023286,0.017415,0.012754,0.00916,0.00646,0.004479,0.008821,0.998222,0.001778,0.996798,0.003202,0.993291,0.006709,0.98606,0.01394,0.973084,0.026916,0.952281,0.047719,0.921908,0.078092,0.880953,0.119047,0.829378,0.170622,0.768195,0.231805,0.699335,0.300665,0.625376,0.374624,0.549203,0.450797,0.473662,0.526338,0.401273,0.598727,0.334042,0.665958,0.273364,0.726636,0.220025,0.779975,0.174264,0.825736,0.135878,0.864122,0.104347,0.895653,0.997574,0.002426,0.992474,0.007526,0.981274,0.018726,0.960686,0.039314,0.927748,0.072252,0.880666,0.119334,0.819384,0.180616,0.74571,0.25429,0.662996,0.337004,0.575513,0.424487,0.48773,0.51227,0.403673,0.596327,0.326488,0.673512,0.258245,0.741755,0.199942,0.800058,0.151665,0.848335,0.112819,0.887181,0.082375,0.917625,0.059089,0.940911,0.041674,0.958326,0.02892,0.97108,1,0.00178,1,0.002429,1,0.003207,1,0.007554,1,0.006732,1,0.018904,1,0.014038,1,0.040108,1,0.027285,1,0.074995,1,0.048895,1,0.127077,1,0.08131,1,0.199202,1,0.126751,1,0.293418,1,0.187079,1,0.410986,1,0.263712,1,0.552493,0,1.201759,0,0.668903,0,0.981832,0,0.516966,0,0.796738,0,0.395249,0,0.641812,0,0.298736,0,0.51295,0,0.223071,0,0.406529,0,0.16448,0,0.31933,0,0.119706,0,0.248493,0,0.085966,0,0.19148,0,0.060907,0,0.146041,0,0.042567,0,0.110202,0,0.029346
2370,2025/26,3,Widzew Łódź,GKS Katowice,21.0,8.0,29.0,15.7899,12.229,28.0189,0.053821,1,3732.3023,0.6723,0.5974,0.1544,0.4308,0.1667,0.0,0.0,0.0,1e-06,3e-06,1e-05,3e-05,7.9e-05,0.000187,0.000403,0.000798,0.001466,0.002524,0.004093,0.006291,0.009204,0.012875,0.017276,0.02231,0.027802,0.033515,0.039168,0.044464,0.04912,0.052887,0.055583,0.057095,0.057393,0.05652,0.054587,0.051751,0.048204,0.044151,0.039794,0.03532,0.030892,0.026641,0.022667,0.019038,0.015792,0.012943,0.010487,0.008404,0.006662,0.005228,0.004061,0.003125,0.002383,0.0018,0.001349,0.001002,0.002621,0.994499,0.005501,1,0.005516,0.990406,0.009594,1,0.009641,0.984115,0.015885,1,0.016012,0.974911,0.025089,1,0.025409,0.962036,0.037964,1,0.038703,0.94476,0.05524,1,0.056825,0.92245,0.07755,1,0.080722,0.894648,0.105352,1,0.111325,0.861133,0.138867,1,0.149506,0.821966,0.178034,1,0.196057,0.777501,0.222499,1,0.25167,0.728382,0.271618,1,0.31693,0.675494,0.324506,1,0.392311,0.619911,0.380089,1,0.478179,0.562816,0.437184,1,0.574802,0.505423,0.494577,1,0.682359,0.448903,0.551097,1,0.800948,0.394316,0.605684,0,0.501398,0.342565,0.657435,0,0.41941,0.294361,0.705639,0,0.348652,0.25021,0.74979,0,0.287962,0.210416,0.789584,0,0.236249,0.175095,0.824905,0,0.192487,0.144203,0.855797,0,0.155722,1.1e-05,9.3e-05,0.000418,0.001317,0.003263,0.00677,0.012223,0.019718,0.028965,0.039299,0.049794,0.059436,0.067308,0.072738,0.075379,0.075216,0.072522,0.067772,0.061544,0.054435,0.04699,0.039659,0.032779,0.02657,0.021148,0.016547,0.0467,8.3e-05,0.000612,0.00238,0.006479,0.013875,0.024872,0.038798,0.054076,0.068633,0.080456,0.088077,0.090834,0.088875,0.082982,0.074299,0.064055,0.053362,0.043084,0.033804,0.025833,0.019267,0.01405,0.010033,0.007026,0.004832,0.003267,0.006014,0.998091,0.001909,0.996775,0.003225,0.993512,0.006488,0.986742,0.013258,0.974519,0.025481,0.954801,0.045199,0.925836,0.074164,0.886537,0.113463,0.836743,0.163257,0.777307,0.222693,0.709999,0.290001,0.63726,0.36274,0.561881,0.438119,0.486665,0.513335,0.414143,0.585857,0.346371,0.653629,0.284827,0.715173,0.230393,0.769607,0.183403,0.816597,0.143744,0.856256,0.110964,0.889036,0.996882,0.003118,0.990402,0.009598,0.976527,0.023473,0.951656,0.048344,0.912858,0.087142,0.858782,0.141218,0.790149,0.209851,0.709693,0.290307,0.621616,0.378384,0.530782,0.469218,0.441907,0.558093,0.358925,0.641075,0.284626,0.715374,0.22057,0.77943,0.167209,0.832791,0.124124,0.875876,0.090321,0.909679,0.064488,0.935512,0.045221,0.954779,0.031171,0.968829,0.021138,0.978862,1,0.001911,1,0.003123,1,0.00323,1,0.009644,1,0.006509,1,0.023753,1,0.013347,1,0.049552,1,0.025811,1,0.091175,1,0.046252,1,0.15224,1,0.077058,0,1.561358,1,0.120432,0,1.236816,1,0.178238,0,0.971846,1,0.25192,0,0.756688,1,0.342492,0,0.58323,1,0.450578,0,0.444609,1,0.576465,0,0.33495,1,0.720179,0,0.249192,1,0.881544,0,0.182973,1,1.060245,0,0.132531,1,1.255873,0,0.094663,1,1.467969,0,0.066661,1,1.696069,0,0.046275,0,0.155186,0,0.031667,0,0.117618,0,0.021365
2371,2025/26,4,Arka Gdynia,Pogoń Szczecin,11.0,13.0,24.0,12.7542,13.6574,26.4115,0.053109,1,3781.9206,0.6386,0.564,0.1492,0.4436,0.1717,0.0,0.0,0.0,1e-06,6e-06,2e-05,5.8e-05,0.000149,0.000343,0.000717,0.001379,0.002463,0.004116,0.006481,0.009666,0.013721,0.018613,0.024215,0.030308,0.036596,0.042734,0.048364,0.053155,0.056833,0.059211,0.060198,0.059802,0.058123,0.055329,0.05164,0.047301,0.042558,0.037643,0.032757,0.028064,0.023688,0.01971,0.016176,0.013103,0.01048,0.00828,0.006466,0.004993,0.003813,0.002882,0.002156,0.001598,0.001172,0.000853,0.000615,0.000439,0.001011,0.990746,0.009254,1,0.009297,0.984265,0.015735,1,0.01586,0.974599,0.025401,1,0.025729,0.960879,0.039121,1,0.039907,0.942266,0.057734,1,0.059467,0.918051,0.081949,1,0.085502,0.887743,0.112257,1,0.119073,0.851147,0.148853,1,0.161171,0.808412,0.191588,1,0.212683,0.760048,0.239952,1,0.274373,0.706893,0.293107,1,0.346876,0.65006,0.34994,1,0.430691,0.590848,0.409152,0,0.893669,0.53065,0.46935,0,0.756407,0.470848,0.529152,0,0.636479,0.412725,0.587275,0,0.532263,0.357397,0.642603,0,0.442228,0.305757,0.694243,0,0.364933,0.258456,0.741544,0,0.299021,0.215898,0.784102,0,0.243216,0.178255,0.821745,0,0.196325,0.145498,0.854502,0,0.157237,0.117434,0.882566,0,0.124922,0.093746,0.906254,0,0.098436,5.9e-05,0.000448,0.001795,0.005031,0.011088,0.020445,0.032789,0.046967,0.061236,0.073717,0.082844,0.087679,0.088014,0.084288,0.077385,0.068394,0.058397,0.048314,0.038836,0.0304,0.02322,0.017338,0.012676,0.009087,0.006395,0.004424,0.008655,3.5e-05,0.000274,0.001144,0.003338,0.007659,0.014701,0.024546,0.036602,0.049681,0.062262,0.072843,0.080258,0.083872,0.083618,0.079921,0.073535,0.065362,0.056297,0.04711,0.03839,0.030527,0.023729,0.01806,0.013478,0.009876,0.007113,0.015565,0.997621,0.002379,0.99259,0.00741,0.981501,0.018499,0.961056,0.038944,0.928267,0.071733,0.8813,0.1187,0.820064,0.179936,0.746347,0.253653,0.663502,0.336498,0.575823,0.424177,0.487809,0.512191,0.403521,0.596479,0.326136,0.673864,0.257741,0.742259,0.199345,0.800655,0.15103,0.84897,0.112194,0.887806,0.081795,0.918205,0.058575,0.941425,0.041237,0.958763,0.028562,0.971438,0.998342,0.001658,0.995003,0.004997,0.987344,0.012656,0.972643,0.027357,0.948097,0.051903,0.911495,0.088505,0.861813,0.138187,0.799552,0.200448,0.726709,0.273291,0.64645,0.35355,0.562579,0.437421,0.478961,0.521039,0.399041,0.600959,0.325506,0.674494,0.260144,0.739856,0.203847,0.796153,0.156737,0.843263,0.118347,0.881653,0.08782,0.91218,0.064091,0.935909,0.046031,0.953969,1,0.002382,1,0.001659,1,0.007438,1,0.00501,1,0.018672,1,0.012737,1,0.039723,1,0.027738,1,0.074436,1,0.053298,1,0.126357,1,0.092669,1,0.198373,1,0.148717,1,0.292565,1,0.223704,1,0.410223,1,0.319229,0,0.857604,1,0.436259,0,0.669058,1,0.575224,0,0.516711,0,0.65193,0,0.394727,0,0.509229,0,0.298057,0,0.393792,0,0.222325,0,0.3013,0,0.163731,0,0.227964,0,0.119002,0,0.170476,0,0.085335,0,0.125957,0,0.060361,0,0.091918,0,0.042111,0,0.066237,0,0.028978,0,0.047124
2372,2025/26,4,Legia Warszawa,GKS Katowice,20.0,7.0,27.0,16.4424,11.6749,28.1173,0.053109,1,3781.9206,0.6386,0.564,0.1492,0.4436,0.1717,0.0,0.0,0.0,1e-06,3e-06,9e-06,2.8e-05,7.5e-05,0.000179,0.000386,0.000766,0.001412,0.002437,0.003962,0.006105,0.008956,0.012557,0.01689,0.021861,0.027303,0.032985,0.038631,0.043947,0.048647,0.052485,0.055269,0.056885,0.057292,0.05653,0.054701,0.051958,0.048489,0.044496,0.040181,0.035731,0.031311,0.027054,0.023062,0.019407,0.016129,0.013246,0.010753,0.008634,0.006859,0.005393,0.004198,0.003237,0.002473,0.001873,0.001406,0.001047,0.00276,0.994704,0.005296,1,0.00531,0.990742,0.009258,1,0.009301,0.984636,0.015364,1,0.015483,0.975681,0.024319,1,0.02462,0.963123,0.036877,1,0.037574,0.946233,0.053767,1,0.055266,0.924372,0.075628,1,0.078641,0.897069,0.102931,1,0.108623,0.864084,0.135916,1,0.146085,0.825453,0.174547,1,0.191823,0.781506,0.218494,1,0.246532,0.732859,0.267141,1,0.310802,0.680374,0.319626,1,0.385112,0.625105,0.374895,1,0.469836,0.56822,0.43178,1,0.565246,0.510928,0.489072,0,0.715245,0.454398,0.545602,0,0.605865,0.399697,0.600303,0,0.510321,0.347739,0.652261,0,0.42731,0.29925,0.70075,0,0.355604,0.254754,0.745246,0,0.294041,0.214573,0.785427,0,0.241528,0.178842,0.821158,0,0.197039,0.147531,0.852469,0,0.159618,7e-06,6.5e-05,0.000299,0.000967,0.002461,0.005238,0.009697,0.016034,0.024133,0.033536,0.043506,0.053154,0.061593,0.068092,0.072166,0.073627,0.072569,0.069308,0.064312,0.058112,0.05124,0.044166,0.037274,0.030845,0.025061,0.020014,0.060359,0.000113,0.000818,0.003102,0.008244,0.017219,0.03009,0.045737,0.062091,0.076727,0.08754,0.09324,0.093527,0.08898,0.080762,0.070275,0.058866,0.047635,0.037352,0.028456,0.021111,0.015283,0.010815,0.007494,0.005092,0.003396,0.002227,0.003786,0.997464,0.002536,0.996497,0.003503,0.994036,0.005964,0.988798,0.011202,0.979101,0.020899,0.963067,0.036933,0.938934,0.061066,0.905398,0.094602,0.861892,0.138108,0.808738,0.191262,0.747145,0.252855,0.679053,0.320947,0.606888,0.393112,0.53326,0.46674,0.460691,0.539309,0.391383,0.608617,0.327071,0.672929,0.268958,0.731042,0.217719,0.782281,0.173553,0.826447,0.136279,0.863721,0.995947,0.004053,0.987703,0.012297,0.970484,0.029516,0.940394,0.059606,0.894657,0.105343,0.832566,0.167434,0.755839,0.244161,0.668299,0.331701,0.575059,0.424941,0.481531,0.518469,0.392551,0.607449,0.311789,0.688211,0.241515,0.758485,0.182649,0.817351,0.135013,0.864987,0.097661,0.902339,0.069204,0.930796,0.048093,0.951907,0.03281,0.96719,0.021995,0.978005,0.014501,0.985499,1,0.002539,1,0.004061,1,0.003509,1,0.012373,1,0.005982,1,0.02996,1,0.011265,1,0.061456,1,0.02112,1,0.111315,1,0.037632,0,1.787166,1,0.06301,0,1.409927,1,0.099381,0,1.103521,1,0.148625,0,0.855805,1,0.21228,0,0.656875,1,0.291496,0,0.498487,1,0.387056,0,0.37366,1,0.499411,0,0.276432,1,0.628746,0,0.201687,1,0.775028,0,0.145041,1,0.938069,0,0.102765,1,1.117578,0,0.071715,1,1.3132,0,0.049288,0,0.245541,0,0.03336,0,0.190619,0,0.02224,0,0.146505,0,0.014607
2373,2025/26,4,Lechia Gdańsk,Motor Lublin,18.0,14.0,32.0,15.3483,13.4442,28.7925,0.053109,1,3781.9206,0.6386,0.564,0.1492,0.4436,0.1717,0.0,0.0,0.0,0.0,2e-06,6e-06,2e-05,5.4e-05,0.00013,0.000286,0.000577,0.001083,0.001902,0.003146,0.004929,0.007351,0.010477,0.014321,0.018834,0.023895,0.02932,0.034868,0.04027,0.045247,0.049538,0.052928,0.055258,0.056443,0.05647,0.055394,0.053329,0.050432,0.046887,0.042888,0.038623,0.034269,0.029974,0.025861,0.022021,0.018516,0.01538,0.012627,0.010251,0.008232,0.006542,0.005146,0.004009,0.003094,0.002366,0.001793,0.001348,0.003664,0.995939,0.004061,1,0.004069,0.992794,0.007206,1,0.007232,0.987865,0.012135,1,0.012209,0.980514,0.019486,1,0.019678,0.970037,0.029963,1,0.030421,0.955716,0.044284,1,0.045294,0.936882,0.063118,1,0.065198,0.912987,0.087013,1,0.091034,0.883667,0.116333,1,0.123675,0.848799,0.151201,1,0.163933,0.808529,0.191471,1,0.212539,0.763282,0.236718,1,0.270128,0.713744,0.286256,1,0.337231,0.660816,0.339184,1,0.41428,0.605558,0.394442,1,0.501605,0.549115,0.450885,1,0.599447,0.492645,0.507355,1,0.707966,0.437251,0.562749,1,0.827247,0.383922,0.616078,1,0.957315,0.33349,0.66651,1,1.098143,0.286603,0.713397,0,0.337717,0.243715,0.756285,0,0.279337,0.205092,0.794908,0,0.229528,0.170823,0.829177,0,0.187322,1.3e-05,0.000113,0.000502,0.001565,0.003836,0.007865,0.014028,0.022345,0.032398,0.043372,0.054204,0.063795,0.071214,0.075842,0.077433,0.076105,0.072261,0.066484,0.05943,0.051733,0.043942,0.036487,0.029665,0.023648,0.018509,0.01424,0.03802,3.9e-05,0.000308,0.001271,0.003677,0.008358,0.015898,0.026302,0.038863,0.052269,0.064909,0.075248,0.082153,0.08507,0.08404,0.079593,0.072566,0.063914,0.054548,0.045231,0.036523,0.028777,0.022166,0.016717,0.012362,0.008975,0.006405,0.013656,0.998422,0.001578,0.996856,0.003144,0.99302,0.00698,0.985155,0.014845,0.971127,0.028873,0.948782,0.051218,0.916384,0.083616,0.873012,0.126988,0.818808,0.181192,0.755013,0.244987,0.683799,0.316201,0.607957,0.392043,0.530524,0.469476,0.454419,0.545581,0.382158,0.617842,0.315673,0.684327,0.256244,0.743756,0.204511,0.795489,0.160569,0.839431,0.124082,0.875918,0.094417,0.905583,0.998217,0.001783,0.99454,0.00546,0.986182,0.013818,0.970284,0.029716,0.943983,0.056017,0.905119,0.094881,0.85285,0.14715,0.787941,0.212059,0.712693,0.287307,0.63054,0.36946,0.54547,0.45453,0.461431,0.538569,0.381838,0.618162,0.309273,0.690727,0.245359,0.754641,0.190811,0.809189,0.14558,0.85442,0.109058,0.890942,0.08028,0.91972,0.058115,0.941885,0.041398,0.958602,1,0.001579,1,0.001785,1,0.003149,1,0.005475,1,0.007004,1,0.013914,1,0.014956,1,0.030166,1,0.029298,1,0.057647,1,0.052576,1,0.099689,1,0.08732,1,0.159172,1,0.135806,1,0.238332,1,0.199906,1,0.338705,1,0.28102,1,0.461179,1,0.380091,1,0.606107,1,0.497651,1,0.773423,1,0.63389,0,0.481005,1,0.788736,0,0.370011,1,0.961921,0,0.281513,1,1.153048,0,0.211723,0,0.296042,0,0.157332,0,0.228798,0,0.115476,0,0.175031,0,0.083686,0,0.132483,0,0.059872,0,0.099176,0,0.042279
2374,2025/26,4,Górnik Zabrze,Bruk-Bet Termalica Nieciecza,25.0,7.0,32.0,14.3614,12.4023,26.7637,0.053109,1,3781.9206,0.6386,0.564,0.1492,0.4436,0.1717,0.0,0.0,0.0,1e-06,5e-06,1.7e-05,5e-05,0.000129,0.000299,0.000629,0.001219,0.002192,0.00369,0.005852,0.00879,0.012569,0.017175,0.022509,0.028382,0.034525,0.040617,0.046314,0.051285,0.05525,0.058001,0.059419,0.059483,0.058259,0.05589,0.052571,0.048532,0.04401,0.039235,0.034414,0.02972,0.025287,0.02121,0.017549,0.01433,0.011555,0.009205,0.007247,0.005642,0.004346,0.003312,0.002499,0.001867,0.001382,0.001013,0.000737,0.000531,0.001256,0.991768,0.008232,1,0.008266,0.985917,0.014083,1,0.014183,0.977126,0.022874,1,0.023139,0.964557,0.035443,1,0.036086,0.947382,0.052618,1,0.054053,0.924873,0.075127,1,0.078099,0.896491,0.103509,1,0.109267,0.861966,0.138034,1,0.14854,0.821349,0.178651,1,0.196807,0.775035,0.224965,1,0.254847,0.72375,0.27625,1,0.323309,0.6685,0.3315,1,0.40272,0.610499,0.389501,1,0.493479,0.551079,0.448921,1,0.595876,0.491596,0.508404,1,0.710097,0.433337,0.566663,1,0.836239,0.377447,0.622553,1,0.974325,0.324876,0.675124,1,1.124312,0.276344,0.723656,1,1.286107,0.232335,0.767665,1,1.459575,0.1931,0.8069,0,0.214555,0.158686,0.841314,0,0.17279,0.128966,0.871034,0,0.138074,0.103679,0.896321,0,0.109457,2.3e-05,0.000189,0.000809,0.002431,0.00574,0.01134,0.019488,0.02991,0.041785,0.053897,0.064901,0.073599,0.079161,0.08123,0.079909,0.075674,0.069231,0.061373,0.052859,0.044334,0.036284,0.02903,0.022741,0.017467,0.013173,0.009765,0.023252,7.3e-05,0.000544,0.002143,0.005908,0.012804,0.023216,0.036614,0.051573,0.066123,0.078276,0.086504,0.09003,0.08887,0.083692,0.07556,0.06567,0.055138,0.04486,0.035459,0.027295,0.020501,0.015053,0.010822,0.007629,0.00528,0.003592,0.006718,0.998573,0.001427,0.996142,0.003858,0.990402,0.009598,0.979062,0.020938,0.959574,0.040426,0.929663,0.070337,0.887878,0.112122,0.833981,0.166019,0.76908,0.23092,0.695481,0.304519,0.61632,0.38368,0.53509,0.46491,0.455182,0.544818,0.379508,0.620492,0.310277,0.689723,0.248905,0.751095,0.196046,0.803954,0.151711,0.848289,0.115427,0.884573,0.086397,0.913603,0.063657,0.936343,0.997189,0.002811,0.991281,0.008719,0.978477,0.021523,0.955261,0.044739,0.918647,0.081353,0.867074,0.132926,0.800951,0.199049,0.722675,0.277325,0.636171,0.363829,0.546141,0.453859,0.457271,0.542729,0.373579,0.626421,0.298019,0.701981,0.232348,0.767652,0.17721,0.82279,0.132351,0.867649,0.096891,0.903109,0.069597,0.930403,0.049095,0.950905,0.034042,0.965958,0.02322,0.97678,1,0.001428,1,0.002815,1,0.003865,1,0.008757,1,0.009644,1,0.021758,1,0.02116,1,0.045771,1,0.041266,1,0.084853,1,0.072933,0,2.017963,1,0.118921,0,1.614204,1,0.181545,0,1.282565,1,0.26256,0,1.011071,1,0.363152,0,0.789969,1,0.483989,0,0.611145,1,0.62532,0,0.467733,1,0.787058,0,0.353849,1,0.96888,0,0.264419,1,1.17029,0,0.195054,1,1.390684,0,0.141968,1,1.629406,0,0.101912,1,1.885778,0,0.072137,1,2.159117,0,0.050341,1,2.448802,0,0.034635,1,2.754246,0,0.023494
2375,2025/26,4,Korona Kielce,Radomiak Radom,13.0,7.0,20.0,13.8391,12.9389,26.778,0.053109,1,3781.9206,0.6386,0.564,0.1492,0.4436,0.1717,0.0,0.0,0.0,1e-06,5e-06,1.7e-05,4.9e-05,0.000127,0.000295,0.000622,0.001206,0.002172,0.003659,0.005807,0.008731,0.012495,0.017087,0.02241,0.028277,0.03442,0.040519,0.046229,0.05122,0.055209,0.057985,0.059429,0.059517,0.058314,0.055961,0.052653,0.04862,0.044099,0.039322,0.034495,0.029793,0.025351,0.021264,0.017594,0.014366,0.011583,0.009226,0.007263,0.005654,0.004353,0.003317,0.002502,0.001868,0.001382,0.001013,0.000736,0.00053,0.001252,0.991846,0.008154,1,0.008187,0.986039,0.013961,1,0.014059,0.977308,0.022692,1,0.022954,0.964813,0.035187,1,0.035821,0.947727,0.052273,1,0.053689,0.925316,0.074684,1,0.07762,0.89704,0.10296,1,0.108655,0.862619,0.137381,1,0.147782,0.822101,0.177899,0,1.726537,0.775872,0.224128,0,1.495536,0.724651,0.275349,0,1.289717,0.669443,0.330557,0,1.106975,0.611458,0.388542,0,0.945354,0.552029,0.447971,0,0.803027,0.492512,0.507488,0,0.678282,0.434198,0.565802,0,0.569511,0.378237,0.621763,0,0.475197,0.325584,0.674416,0,0.393908,0.276965,0.723035,0,0.324297,0.232866,0.767134,0,0.265093,0.193544,0.806456,0,0.215106,0.159048,0.840952,0,0.173221,0.129255,0.870745,0,0.138406,0.103905,0.896095,0,0.109708,3.1e-05,0.000249,0.001046,0.003075,0.007109,0.013751,0.023135,0.034763,0.047547,0.060044,0.070787,0.078591,0.082759,0.083141,0.080075,0.074241,0.066496,0.057713,0.048665,0.039961,0.03202,0.025081,0.019235,0.014465,0.01068,0.007751,0.01734,5.3e-05,0.000405,0.001636,0.004625,0.010281,0.019119,0.030926,0.044678,0.058752,0.071333,0.080853,0.086307,0.08738,0.084399,0.078152,0.069665,0.059992,0.05006,0.040585,0.032041,0.024684,0.018589,0.013707,0.00991,0.007035,0.004909,0.009829,0.998428,0.001572,0.995353,0.004647,0.988243,0.011757,0.974492,0.025508,0.951357,0.048643,0.916593,0.083407,0.869046,0.130954,0.809002,0.190998,0.738215,0.261785,0.659624,0.340376,0.576865,0.423135,0.493724,0.506276,0.413649,0.586351,0.339408,0.660592,0.272912,0.727088,0.215199,0.784801,0.166533,0.833467,0.126572,0.873428,0.094552,0.905448,0.069471,0.930529,0.050236,0.949764,0.997811,0.002189,0.993186,0.006814,0.982905,0.017095,0.963786,0.036214,0.93286,0.06714,0.888182,0.111818,0.82943,0.17057,0.758097,0.241903,0.677244,0.322756,0.590937,0.409063,0.503557,0.496443,0.419159,0.580841,0.341007,0.658993,0.271341,0.728659,0.21135,0.78865,0.161289,0.838711,0.120704,0.879296,0.088663,0.911337,0.063979,0.936021,0.04539,0.95461,0.031683,0.968317,1,0.001573,1,0.002191,1,0.004658,1,0.006837,1,0.011827,1,0.017243,1,0.025839,1,0.036886,1,0.049866,1,0.0695,1,0.087092,0,2.190883,1,0.140359,0,1.76861,1,0.211954,0,1.419218,1,0.30352,0,1.130859,1,0.416085,0,0.893886,1,0.550147,0,0.700287,0,0.680673,0,0.543278,0,0.533837,0,0.417042,0,0.414619,0,0.316549,0,0.318708,0,0.237433,0,0.242325,0,0.175889,0,0.182161,0,0.128634,0,0.13533,0,0.092843,0,0.099325,0,0.066117,0,0.072002,0,0.046452,0,0.051542,0,0.032196
2376,2025/26,4,Raków Częstochowa,Zagłębie Lubin,13.0,15.0,28.0,14.81,12.8879,27.698,0.053109,1,3781.9206,0.6386,0.564,0.1492,0.4436,0.1717,0.0,0.0,0.0,1e-06,3e-06,1.1e-05,3.3e-05,8.6e-05,0.000204,0.000438,0.000865,0.001587,0.002725,0.004408,0.006755,0.009854,0.013736,0.018365,0.023623,0.029314,0.035181,0.040922,0.046226,0.050802,0.054403,0.056853,0.058057,0.058005,0.056763,0.054464,0.051288,0.047442,0.043143,0.038601,0.034004,0.029511,0.025249,0.021309,0.017749,0.014598,0.011862,0.009526,0.007565,0.005942,0.004619,0.003555,0.002709,0.002045,0.00153,0.001134,0.000834,0.002103,0.994049,0.005951,1,0.005969,0.989641,0.010359,1,0.010413,0.982885,0.017115,1,0.017263,0.973032,0.026968,1,0.027339,0.959295,0.040705,1,0.041556,0.94093,0.05907,1,0.060886,0.917308,0.082692,1,0.086312,0.887994,0.112006,1,0.118791,0.852813,0.147187,1,0.159215,0.811891,0.188109,1,0.208389,0.765664,0.234336,1,0.267011,0.714863,0.285137,1,0.335665,0.66046,0.33954,1,0.414819,0.603607,0.396393,1,0.504832,0.545549,0.454451,1,0.605962,0.487544,0.512456,1,0.718374,0.430781,0.569219,0,0.56349,0.376317,0.623683,0,0.472113,0.325029,0.674971,0,0.393085,0.277587,0.722413,0,0.325158,0.234443,0.765557,0,0.267152,0.195842,0.804158,0,0.21796,0.161839,0.838161,0,0.176545,0.132328,0.867672,0,0.141941,1.8e-05,0.000149,0.000651,0.001989,0.004778,0.009605,0.016794,0.026226,0.037278,0.048925,0.059944,0.069166,0.075694,0.07903,0.079104,0.076221,0.070951,0.063997,0.056083,0.047861,0.039856,0.032444,0.02586,0.020211,0.015508,0.011697,0.029356,5.4e-05,0.000417,0.001678,0.004734,0.010498,0.019476,0.031431,0.045301,0.059432,0.07199,0.081407,0.086694,0.087567,0.084382,0.077953,0.069325,0.05956,0.049583,0.040104,0.031588,0.024277,0.01824,0.013418,0.009679,0.006855,0.004772,0.009493,0.998577,0.001423,0.996588,0.003412,0.99181,0.00819,0.982205,0.017795,0.965411,0.034589,0.939185,0.060815,0.901907,0.098093,0.852982,0.147018,0.793038,0.206962,0.723872,0.276128,0.648178,0.351822,0.569149,0.430851,0.490045,0.509955,0.413824,0.586176,0.342873,0.657127,0.278876,0.721124,0.222792,0.777208,0.174931,0.825069,0.135076,0.864924,0.102631,0.897369,0.076772,0.923228,0.997761,0.002239,0.993027,0.006973,0.982529,0.017471,0.963053,0.036947,0.931622,0.068378,0.886321,0.113679,0.826889,0.173111,0.754898,0.245102,0.673491,0.326509,0.586797,0.413203,0.49923,0.50077,0.414848,0.585152,0.336895,0.663105,0.26757,0.73243,0.20801,0.79199,0.158426,0.841574,0.118322,0.881678,0.086735,0.913265,0.062457,0.937543,0.044217,0.955783,0.030799,0.969201,1,0.001424,1,0.002242,1,0.003418,1,0.006997,1,0.008224,1,0.017625,1,0.017955,1,0.037647,1,0.035201,1,0.070828,1,0.062743,1,0.120676,1,0.103244,1,0.190085,1,0.159017,1,0.281173,1,0.231884,1,0.395281,1,0.323141,1,0.533076,1,0.43359,1,0.694688,0,0.841993,1,0.879843,0,0.673433,1,1.087984,0,0.534135,0,0.311388,0,0.419878,0,0.233207,0,0.326944,0,0.172481,0,0.252047,0,0.125928,0,0.192288,0,0.090729,0,0.145114,0,0.064493,0,0.108288,0,0.045224,0,0.079879,0,0.031283
2377,2025/26,4,Jagiellonia Białystok,Cracovia,15.0,12.0,27.0,15.4832,13.0517,28.535,0.053109,1,3781.9206,0.6386,0.564,0.1492,0.4436,0.1717,0.0,0.0,0.0,0.0,2e-06,7e-06,2.3e-05,6e-05,0.000145,0.000317,0.000638,0.001189,0.002077,0.003416,0.005324,0.007896,0.011193,0.015218,0.019906,0.02512,0.030659,0.036267,0.041664,0.046567,0.050717,0.053905,0.055987,0.056893,0.056627,0.055265,0.052934,0.049805,0.046071,0.04193,0.037572,0.033171,0.02887,0.024786,0.021002,0.017573,0.014527,0.011869,0.009589,0.007664,0.006061,0.004746,0.00368,0.002826,0.002151,0.001623,0.001214,0.003249,0.99554,0.00446,1,0.00447,0.992124,0.007876,1,0.007907,0.9868,0.0132,1,0.013288,0.978904,0.021096,1,0.021322,0.967711,0.032289,1,0.032822,0.952493,0.047507,1,0.048673,0.932587,0.067413,1,0.069793,0.907466,0.092534,1,0.097099,0.876808,0.123192,1,0.131468,0.840541,0.159459,1,0.17371,0.798876,0.201124,1,0.224549,0.752309,0.247691,1,0.284608,0.701592,0.298408,1,0.354403,0.647687,0.352313,1,0.434348,0.5917,0.4083,1,0.524756,0.534807,0.465193,0,0.765303,0.47818,0.52182,0,0.650433,0.422915,0.577085,0,0.549767,0.369981,0.630019,0,0.462006,0.320176,0.679824,0,0.385921,0.274105,0.725895,0,0.32035,0.232175,0.767825,0,0.264194,0.194603,0.805397,0,0.21642,0.161432,0.838568,0,0.17606,1.2e-05,0.000105,0.000471,0.001474,0.003631,0.007481,0.013407,0.021458,0.031263,0.042053,0.052809,0.062454,0.070054,0.074965,0.076907,0.075953,0.072465,0.066993,0.060174,0.052632,0.044922,0.037481,0.030619,0.024527,0.01929,0.014912,0.040428,4.9e-05,0.000381,0.001546,0.004394,0.009817,0.01835,0.029835,0.043323,0.057264,0.069885,0.079619,0.085427,0.086934,0.084401,0.078556,0.070386,0.060925,0.051101,0.041642,0.033045,0.025588,0.019369,0.014356,0.010433,0.007444,0.005221,0.010603,0.998353,0.001647,0.996879,0.003121,0.993248,0.006752,0.985767,0.014233,0.97236,0.02764,0.950902,0.049098,0.919639,0.080361,0.877586,0.122414,0.824776,0.175224,0.762322,0.237678,0.692269,0.307731,0.617304,0.382696,0.540396,0.459604,0.464443,0.535557,0.391979,0.608021,0.324985,0.675015,0.264812,0.735188,0.212179,0.787821,0.167257,0.832743,0.129776,0.870224,0.099157,0.900843,0.997916,0.002084,0.993522,0.006478,0.983705,0.016295,0.965355,0.034645,0.935521,0.064479,0.892197,0.107803,0.834934,0.165066,0.765049,0.234951,0.68543,0.31457,0.600003,0.399997,0.513069,0.486931,0.428668,0.571332,0.350112,0.649888,0.279726,0.720274,0.218801,0.781199,0.1677,0.8323,0.126058,0.873942,0.093014,0.906986,0.067426,0.932574,0.048057,0.951943,0.033701,0.966299,1,0.001648,1,0.002086,1,0.003126,1,0.006499,1,0.006775,1,0.016429,1,0.014335,1,0.035259,1,0.028029,1,0.066652,1,0.050344,1,0.114068,1,0.083774,1,0.180403,1,0.13058,1,0.267815,1,0.192643,1,0.377709,1,0.271386,1,0.510821,1,0.367781,0,0.719633,1,0.482394,0,0.559785,1,0.615453,0,0.430955,0,0.624448,0,0.328124,0,0.497546,0,0.246925,0,0.39302,0,0.183562,0,0.307629,0,0.134741,0,0.238484,0,0.097628,0,0.18303,0,0.069807,0,0.139005,0,0.04925,0,0.104424,0,0.034282
2378,2025/26,4,Piast Gliwice,Lech Poznań,14.0,23.0,37.0,14.4542,11.8776,26.3318,0.053109,1,3781.9206,0.6386,0.564,0.1492,0.4436,0.1717,0.0,0.0,0.0,1e-06,6e-06,2.1e-05,6.1e-05,0.000157,0.000359,0.000748,0.001434,0.002553,0.004254,0.006678,0.009932,0.014059,0.019021,0.024681,0.030814,0.037116,0.043238,0.048821,0.053538,0.05712,0.059386,0.060255,0.059743,0.057958,0.055074,0.051314,0.046926,0.042155,0.037232,0.032354,0.027682,0.023336,0.019394,0.0159,0.012865,0.01028,0.008115,0.006332,0.004886,0.003729,0.002817,0.002106,0.00156,0.001144,0.000832,0.0006,0.000428,0.000986,0.990405,0.009595,1,0.009641,0.983727,0.016273,1,0.016407,0.973796,0.026204,1,0.026554,0.959736,0.040264,1,0.041097,0.940716,0.059284,1,0.061114,0.916034,0.083966,1,0.087701,0.88522,0.11478,1,0.121919,0.848105,0.151895,1,0.164751,0.804867,0.195133,1,0.217078,0.756046,0.243954,1,0.279654,0.702508,0.297492,1,0.353099,0.645388,0.354612,1,0.437904,0.586002,0.413998,1,0.534432,0.525747,0.474253,1,0.642934,0.466004,0.533996,1,0.763561,0.408047,0.591953,1,0.896374,0.352973,0.647027,1,1.041364,0.301658,0.698342,1,1.19846,0.254732,0.745268,1,1.367542,0.212577,0.787423,1,1.548451,0.175346,0.824654,1,1.740997,0.142992,0.857008,1,1.944967,0.11531,0.88469,1,2.16013,0.091974,0.908026,1,2.386245,2.2e-05,0.00018,0.000773,0.002332,0.005526,0.010958,0.018899,0.029112,0.040819,0.052844,0.063865,0.072689,0.078469,0.080813,0.07979,0.075837,0.069634,0.061956,0.053557,0.045084,0.037032,0.029736,0.023379,0.018024,0.013642,0.010149,0.024435,0.0001,0.000729,0.002797,0.007512,0.015858,0.028006,0.043024,0.059029,0.073719,0.085004,0.091503,0.092762,0.089192,0.081816,0.07195,0.06091,0.049815,0.039477,0.030395,0.02279,0.016674,0.011925,0.008351,0.005734,0.003866,0.002562,0.004474,0.998583,0.001417,0.996252,0.003748,0.990725,0.009275,0.979768,0.020232,0.960868,0.039132,0.931756,0.068244,0.890936,0.109064,0.838092,0.161908,0.774227,0.225773,0.701537,0.298463,0.623068,0.376932,0.542255,0.457745,0.462465,0.537535,0.386628,0.613372,0.316994,0.683006,0.255038,0.744962,0.201481,0.798519,0.156398,0.843602,0.119365,0.880635,0.089629,0.910371,0.06625,0.93375,0.996347,0.003653,0.988835,0.011165,0.972977,0.027023,0.944971,0.055029,0.901947,0.098053,0.842918,0.157082,0.769199,0.230801,0.684195,0.315805,0.592692,0.407308,0.49993,0.50007,0.410738,0.589262,0.328922,0.671078,0.256973,0.743027,0.196062,0.803938,0.146248,0.853752,0.10677,0.89323,0.076375,0.923625,0.053586,0.946414,0.036912,0.963088,0.024987,0.975013,0.016636,0.983364,1,0.001418,1,0.00366,1,0.003755,1,0.011228,1,0.009318,1,0.027395,1,0.020439,1,0.056601,1,0.039918,1,0.1032,1,0.070684,1,0.170886,1,0.115483,1,0.262406,1,0.176627,1,0.379512,1,0.25589,1,0.52308,1,0.354482,1,0.693287,1,0.4731,1,0.8898,1,0.612019,1,1.111935,0,0.620761,1,1.358784,0,0.488784,1,1.629324,0,0.381252,1,1.922451,0,0.294422,1,2.237078,0,0.224997,1,2.5721,0,0.170074,1,2.926467,0,0.127112,1,3.299219,0,0.093903,1,3.6894,0,0.068547,1,4.096186
2379,2025/26,4,Widzew Łódź,Wisła Płock,15.0,5.0,20.0,13.6359,11.1849,24.8208,0.053109,1,3781.9206,0.6386,0.564,0.1492,0.4436,0.1717,0.0,0.0,1e-06,3e-06,1.3e-05,4.3e-05,0.000121,0.0003,0.000665,0.001338,0.002477,0.004257,0.006848,0.01038,0.014904,0.020369,0.026606,0.033333,0.040179,0.046726,0.052555,0.057296,0.060664,0.062491,0.062731,0.061455,0.058833,0.055108,0.050562,0.045488,0.040165,0.03484,0.029711,0.02493,0.020596,0.016765,0.013454,0.01065,0.008321,0.00642,0.004894,0.003687,0.002747,0.002025,0.001477,0.001067,0.000763,0.00054,0.000379,0.000264,0.000182,0.000377,0.983932,0.016068,1,0.016198,0.973553,0.026447,1,0.026803,0.958649,0.041351,1,0.04223,0.93828,0.06172,1,0.063706,0.911675,0.088325,1,0.092472,0.878342,0.121658,1,0.129719,0.838163,0.161837,1,0.176542,0.791437,0.208563,1,0.233904,0.738882,0.261118,0,1.342784,0.681587,0.318413,0,1.144405,0.620922,0.379078,0,0.970014,0.558431,0.441569,0,0.817421,0.4957,0.5043,0,0.684585,0.434246,0.565754,0,0.569595,0.375412,0.624588,0,0.470663,0.320304,0.679696,0,0.386109,0.269742,0.730258,0,0.314357,0.224254,0.775746,0,0.25393,0.184088,0.815912,0,0.203449,0.149249,0.850751,0,0.161635,0.119538,0.880462,0,0.127308,0.094608,0.905392,0,0.099387,0.074012,0.925988,0,0.076894,0.057248,0.942752,0,0.058952,3.5e-05,0.000278,0.001156,0.003371,0.007727,0.014818,0.024718,0.036825,0.049938,0.062527,0.073086,0.080453,0.083998,0.083667,0.079895,0.073444,0.065222,0.056125,0.046923,0.038203,0.03035,0.02357,0.017923,0.013363,0.009783,0.007039,0.015364,0.000154,0.00108,0.00399,0.010323,0.020993,0.035719,0.052865,0.069878,0.084075,0.093398,0.09686,0.0946,0.087631,0.077443,0.065613,0.053514,0.042164,0.032192,0.023879,0.017249,0.012158,0.008377,0.005652,0.003739,0.002428,0.00155,0.002467,0.99833,0.00167,0.994959,0.005041,0.987233,0.012767,0.972415,0.027585,0.947697,0.052303,0.910871,0.089129,0.860933,0.139067,0.798406,0.201594,0.725321,0.274679,0.644868,0.355132,0.56087,0.43913,0.477203,0.522797,0.397308,0.602692,0.323865,0.676135,0.258643,0.741357,0.202518,0.797482,0.155595,0.844405,0.117392,0.882608,0.087042,0.912958,0.063472,0.936528,0.045549,0.954451,0.994767,0.005233,0.984444,0.015556,0.963451,0.036549,0.927732,0.072268,0.874867,0.125133,0.80499,0.19501,0.720915,0.279085,0.627517,0.372483,0.530657,0.469343,0.436057,0.563943,0.348426,0.651574,0.270982,0.729018,0.20537,0.79463,0.151856,0.848144,0.109692,0.890308,0.0775,0.9225,0.053621,0.946379,0.036372,0.963628,0.024214,0.975786,0.015837,0.984163,0.010185,0.989815,1,0.001671,1,0.005247,1,0.005054,1,0.015678,1,0.012849,1,0.037234,1,0.027973,0,2.627374,1,0.05372,0,2.078378,1,0.093354,0,1.634704,1,0.149739,0,1.276239,1,0.225138,0,0.987564,1,0.321141,0,0.756421,1,0.43871,0,0.572802,1,0.578266,0,0.428364,1,0.739813,0,0.316057,1,0.923043,0,0.229879,0,0.391363,0,0.164705,0,0.299273,0,0.116188,0,0.226296,0,0.080668,0,0.169123,0,0.055112,0,0.124874,0,0.03705,0,0.091065,0,0.024512,0,0.065576,0,0.015964,0,0.046619,0,0.010237
2380,2025/26,5,Wisła Płock,Legia Warszawa,10.0,23.0,33.0,15.8706,9.3723,25.2429,0.053007,1,3834.958,0.6257,0.5509,0.1632,0.4422,0.1641,0.0,0.0,1e-06,3e-06,1.2e-05,3.9e-05,0.00011,0.000272,0.000603,0.001214,0.002251,0.003877,0.006254,0.009508,0.013702,0.018805,0.024678,0.031077,0.037673,0.044083,0.049915,0.054809,0.058478,0.060734,0.061498,0.060802,0.058774,0.055614,0.051572,0.046917,0.041911,0.036796,0.031777,0.027014,0.022622,0.018674,0.015205,0.012218,0.009695,0.0076,0.005889,0.004512,0.003421,0.002566,0.001906,0.001402,0.001022,0.000739,0.000529,0.000376,0.000265,0.000586,0.985364,0.014636,1,0.014744,0.975856,0.024144,1,0.024441,0.962153,0.037847,1,0.038581,0.943349,0.056651,1,0.058319,0.918671,0.081329,1,0.084827,0.887594,0.112406,1,0.119241,0.849921,0.150079,1,0.162612,0.805838,0.194162,1,0.215872,0.755924,0.244076,1,0.279815,0.701115,0.298885,1,0.355084,0.642636,0.357364,1,0.442176,0.581902,0.418098,1,0.541453,0.520404,0.479596,1,0.65315,0.459602,0.540398,1,0.777395,0.400828,0.599172,1,0.914223,0.345214,0.654786,1,1.063591,0.293641,0.706359,1,1.225396,0.246725,0.753275,1,1.399482,0.204814,0.795186,1,1.585653,0.168018,0.831982,1,1.783686,0.136241,0.863759,1,1.993333,0.109227,0.890773,0,0.115665,0.086604,0.913396,0,0.090586,0.06793,0.93207,0,0.070348,1e-05,8.6e-05,0.00039,0.001239,0.003094,0.006464,0.011748,0.019067,0.028166,0.038414,0.048906,0.058636,0.066675,0.072328,0.075216,0.075296,0.072815,0.068231,0.062115,0.055065,0.047632,0.040277,0.033346,0.02707,0.021575,0.016901,0.047819,0.000496,0.003106,0.010239,0.023635,0.042882,0.065088,0.085929,0.10131,0.108717,0.107712,0.09962,0.086766,0.071673,0.056481,0.042669,0.031029,0.021798,0.014838,0.009813,0.00632,0.003971,0.002439,0.001467,0.000865,0.000501,0.000285,0.000349,0.998093,0.001907,0.996854,0.003146,0.99376,0.00624,0.987295,0.012705,0.975547,0.024453,0.956481,0.043519,0.928315,0.071685,0.889901,0.110099,0.840995,0.159005,0.78236,0.21764,0.715685,0.284315,0.643357,0.356643,0.568141,0.431859,0.492846,0.507154,0.420031,0.579969,0.3518,0.6482,0.289685,0.710315,0.23462,0.76538,0.186988,0.813012,0.146711,0.853289,0.113365,0.886635,0.986159,0.013841,0.962524,0.037476,0.919642,0.080358,0.854553,0.145447,0.768625,0.231375,0.667315,0.332685,0.558597,0.441403,0.450885,0.549115,0.351265,0.648735,0.264498,0.735502,0.192826,0.807174,0.136345,0.863655,0.093677,0.906323,0.062647,0.937353,0.040849,0.959151,0.026011,0.973989,0.016197,0.983803,0.009878,0.990122,0.005907,0.994093,0.003467,0.996533,0.002,0.998,1,0.001909,1,0.013938,1,0.003151,1,0.038196,1,0.00626,1,0.083771,1,0.012786,1,0.157177,1,0.024757,1,0.263152,1,0.044494,1,0.404493,1,0.074384,1,0.582327,1,0.116645,1,0.796543,0,1.83882,1,1.046214,0,1.524913,1,1.329922,0,1.257673,1,1.645967,0,1.03102,1,1.992567,0,0.839656,1,2.367903,0,0.678941,1,2.770239,0,0.544781,1,3.197873,0,0.433556,1,3.649236,0,0.342047,1,4.122929,0,0.267383,1,4.617445,0,0.207009,1,5.131617,0,0.158657,1,5.664466,0,0.120322,1,6.214608
2381,2025/26,5,Bruk-Bet Termalica Nieciecza,Raków Częstochowa,10.0,17.0,27.0,12.8463,12.8264,25.6727,0.053007,1,3834.958,0.6257,0.5509,0.1632,0.4422,0.1641,0.0,0.0,0.0,2e-06,8e-06,2.8e-05,8.1e-05,0.000204,0.000462,0.00095,0.001798,0.003159,0.005195,0.008047,0.011807,0.016488,0.022002,0.028157,0.034667,0.041173,0.047289,0.052639,0.056899,0.059832,0.061304,0.061293,0.05988,0.05723,0.053571,0.049166,0.044282,0.039175,0.03407,0.02915,0.024554,0.020376,0.016668,0.013449,0.01071,0.008421,0.00654,0.005021,0.003811,0.002861,0.002126,0.001563,0.001138,0.000821,0.000587,0.000416,0.000292,0.000637,0.988112,0.011888,1,0.01196,0.980064,0.019936,1,0.020137,0.968257,0.031743,1,0.032257,0.95177,0.04823,1,0.049432,0.929768,0.070232,1,0.07282,0.901611,0.098389,1,0.103572,0.866944,0.133056,1,0.142781,0.825771,0.174229,1,0.191437,0.778483,0.221517,1,0.250409,0.725844,0.274156,1,0.32042,0.668945,0.331055,1,0.402054,0.609112,0.390888,1,0.495753,0.547808,0.452192,1,0.601831,0.486515,0.513485,1,0.720488,0.426635,0.573365,1,0.851826,0.369405,0.630595,0,0.461092,0.315834,0.684166,0,0.379554,0.266668,0.733332,0,0.310157,0.222386,0.777614,0,0.251525,0.183211,0.816789,0,0.202375,0.149141,0.850859,0,0.161509,0.119992,0.880008,0,0.127824,0.095437,0.904563,0,0.100304,0.075061,0.924939,0,0.078028,5.6e-05,0.000425,0.001709,0.004815,0.010661,0.019751,0.031824,0.045794,0.059979,0.072529,0.081872,0.087032,0.087745,0.084394,0.077814,0.069066,0.059219,0.0492,0.039712,0.031214,0.02394,0.017948,0.013175,0.009483,0.006701,0.004654,0.009203,5.6e-05,0.000429,0.001726,0.004858,0.010749,0.019894,0.032025,0.046042,0.060247,0.072786,0.082086,0.087179,0.087813,0.084381,0.077731,0.068929,0.059046,0.049011,0.039524,0.031037,0.023782,0.017814,0.013064,0.009394,0.006632,0.004603,0.009078,0.997726,0.002274,0.992911,0.007089,0.98225,0.01775,0.962499,0.037501,0.930675,0.069325,0.884881,0.115119,0.824901,0.175099,0.752373,0.247627,0.670501,0.329499,0.583469,0.416531,0.495724,0.504276,0.411331,0.588669,0.333516,0.666484,0.26445,0.73555,0.205231,0.794769,0.156031,0.843969,0.116319,0.883681,0.085105,0.914895,0.061165,0.938835,0.043217,0.956783,0.030042,0.969958,0.997705,0.002295,0.992847,0.007153,0.982098,0.017902,0.962204,0.037796,0.930179,0.069821,0.884137,0.115863,0.82389,0.17611,0.751104,0.248896,0.669018,0.330982,0.581838,0.418162,0.494026,0.505974,0.409645,0.590355,0.331914,0.668086,0.262985,0.737015,0.203939,0.796061,0.154928,0.845072,0.115404,0.884596,0.084367,0.915633,0.060585,0.939415,0.042771,0.957229,0.029707,0.970293,1,0.002277,1,0.002298,1,0.007114,1,0.007179,1,0.017909,1,0.018064,1,0.038222,1,0.038529,1,0.071845,1,0.072378,1,0.122302,1,0.123143,1,0.192492,1,0.193718,1,0.284523,1,0.286211,0,1.110182,1,0.401944,0,0.875794,1,0.541563,0,0.684632,1,0.705167,0,0.529891,1,0.892464,0,0.405739,1,1.102879,0,0.307137,1,1.335658,0,0.229704,1,1.589934,0,0.16964,0,0.168333,0,0.123659,0,0.122624,0,0.088946,0,0.08814,0,0.063116,0,0.062498,0,0.044179,0,0.043713,0,0.030503,0,0.030157
2382,2025/26,5,Motor Lublin,Piast Gliwice,8.0,17.0,25.0,13.3341,14.4647,27.7987,0.053007,1,3834.958,0.6257,0.5509,0.1632,0.4422,0.1641,0.0,0.0,0.0,1e-06,3e-06,1e-05,3.1e-05,8.2e-05,0.000194,0.000417,0.000827,0.001522,0.002622,0.004254,0.006538,0.009563,0.013368,0.01792,0.023111,0.028753,0.034594,0.040339,0.045678,0.050318,0.054011,0.056572,0.057899,0.057974,0.056854,0.054666,0.051584,0.047812,0.043565,0.039053,0.034467,0.029968,0.025687,0.021716,0.018119,0.014928,0.012149,0.009773,0.007773,0.006115,0.004761,0.003669,0.0028,0.002116,0.001585,0.001177,0.000866,0.002194,0.994291,0.005709,1,0.005726,0.990037,0.009963,1,0.010013,0.983498,0.016502,1,0.016639,0.973935,0.026065,1,0.02641,0.960568,0.039432,1,0.040231,0.942648,0.057352,1,0.059063,0.919537,0.080463,1,0.083885,0.890784,0.109216,1,0.115653,0.85619,0.14381,1,0.155263,0.815851,0.184149,1,0.203523,0.770173,0.229827,1,0.26114,0.719855,0.280145,1,0.328706,0.665844,0.334156,1,0.406699,0.609272,0.390728,0,0.939745,0.551373,0.448627,0,0.801564,0.493399,0.506601,0,0.680032,0.436545,0.563455,0,0.573668,0.381879,0.618121,0,0.481071,0.330295,0.669705,0,0.400918,0.282483,0.717517,0,0.331959,0.238918,0.761082,0,0.273014,0.199864,0.800136,0,0.222974,0.165397,0.834603,0,0.180799,0.135429,0.864571,0,0.145522,4.2e-05,0.000326,0.001339,0.003856,0.008729,0.016531,0.027228,0.040053,0.053626,0.066289,0.076493,0.083123,0.085669,0.08423,0.079392,0.072034,0.063137,0.053623,0.044245,0.03555,0.027872,0.021361,0.016029,0.011794,0.00852,0.006049,0.012712,2.2e-05,0.000178,0.000767,0.002315,0.005491,0.010898,0.018812,0.029,0.040691,0.052714,0.063747,0.072597,0.078411,0.080794,0.079808,0.075887,0.069707,0.062043,0.05365,0.045176,0.037119,0.029813,0.023445,0.018078,0.013686,0.010184,0.024526,0.998148,0.001852,0.994292,0.005708,0.985563,0.014437,0.969032,0.030968,0.941804,0.058196,0.901751,0.098249,0.848124,0.151876,0.781835,0.218165,0.705342,0.294658,0.622218,0.377782,0.536549,0.463451,0.452319,0.547681,0.372927,0.627073,0.300893,0.699107,0.237756,0.762244,0.184133,0.815867,0.139888,0.860112,0.104338,0.895662,0.076466,0.923534,0.055104,0.944896,0.039075,0.960925,0.99859,0.00141,0.996275,0.003725,0.990784,0.009216,0.979887,0.020113,0.961075,0.038925,0.932075,0.067925,0.891384,0.108616,0.83867,0.16133,0.774923,0.225077,0.702326,0.297674,0.623915,0.376085,0.543121,0.456879,0.463313,0.536687,0.387426,0.612574,0.31772,0.68228,0.255677,0.744323,0.202027,0.797973,0.156851,0.843149,0.119733,0.880267,0.089919,0.910081,0.066474,0.933526,1,0.001854,1,0.001411,1,0.005724,1,0.003732,1,0.014542,1,0.009259,1,0.031458,1,0.020318,1,0.059958,1,0.039703,1,0.103417,1,0.070342,0,1.884691,1,0.11498,0,1.522504,1,0.175938,0,1.22194,1,0.254992,0,0.973438,1,0.353358,0,0.769055,1,0.471741,0,0.602062,1,0.610423,0,0.466692,1,0.769352,0,0.357951,1,0.94823,0,0.271489,1,1.146585,0,0.203504,0,0.29528,0,0.150693,0,0.225681,0,0.110192,0,0.170612,0,0.079548,0,0.12753,0,0.05668,0,0.094222,0,0.039859,0,0.068786
2383,2025/26,5,Zagłębie Lubin,Lechia Gdańsk,22.0,7.0,29.0,14.2314,13.8951,28.1264,0.053007,1,3834.958,0.6257,0.5509,0.1632,0.4422,0.1641,0.0,0.0,0.0,1e-06,2e-06,9e-06,2.7e-05,7.1e-05,0.000169,0.000367,0.000732,0.001356,0.002351,0.003841,0.005945,0.008756,0.012324,0.016635,0.021602,0.027061,0.032782,0.038489,0.043882,0.04867,0.052598,0.055467,0.057155,0.057617,0.056887,0.055067,0.052313,0.048814,0.044777,0.040409,0.035902,0.031425,0.027115,0.023076,0.019382,0.016074,0.013169,0.010663,0.008537,0.00676,0.005297,0.004109,0.003156,0.002402,0.001811,0.001353,0.001002,0.002593,0.994917,0.005083,1,0.005096,0.991075,0.008925,1,0.008965,0.98513,0.01487,1,0.014981,0.976375,0.023625,1,0.023909,0.964051,0.035949,1,0.036611,0.947415,0.052585,1,0.054018,0.925813,0.074187,1,0.077083,0.898753,0.101247,1,0.106747,0.865971,0.134029,1,0.143904,0.827482,0.172518,1,0.189368,0.783601,0.216399,1,0.243856,0.734931,0.265069,1,0.307979,0.682333,0.317667,1,0.382237,0.626866,0.373134,1,0.467023,0.569711,0.430289,1,0.562626,0.512095,0.487905,1,0.669246,0.455208,0.544792,1,0.787001,0.400141,0.599859,0,0.51106,0.347828,0.652172,0,0.427447,0.299014,0.700986,0,0.355267,0.254236,0.745764,0,0.293346,0.213827,0.786173,0,0.240578,0.177924,0.822076,0,0.195923,0.146499,0.853501,0,0.158409,2.5e-05,0.000201,0.000859,0.00257,0.006042,0.01188,0.020319,0.031036,0.043148,0.055383,0.066359,0.074877,0.08013,0.081806,0.080064,0.075431,0.068651,0.060541,0.05187,0.043276,0.035231,0.028037,0.021845,0.01669,0.012519,0.00923,0.021623,3e-05,0.000241,0.001014,0.002991,0.006935,0.013451,0.022693,0.03419,0.046885,0.05936,0.070157,0.078085,0.082427,0.083006,0.080133,0.074468,0.066852,0.058153,0.049146,0.040445,0.032478,0.025494,0.019594,0.014766,0.010925,0.007945,0.017879,0.998557,0.001443,0.995987,0.004013,0.989945,0.010055,0.978064,0.021936,0.957745,0.042255,0.926709,0.073291,0.883561,0.116439,0.828178,0.171822,0.761819,0.238181,0.686942,0.313058,0.606812,0.393188,0.525006,0.474994,0.444942,0.555058,0.369511,0.630489,0.30086,0.69914,0.240319,0.759681,0.188449,0.811551,0.145173,0.854827,0.109942,0.890058,0.081906,0.918094,0.060061,0.939939,0.998456,0.001544,0.995465,0.004535,0.988531,0.011469,0.975079,0.024921,0.952387,0.047613,0.918197,0.081803,0.871312,0.128688,0.811952,0.188048,0.741795,0.258205,0.663709,0.336291,0.581283,0.418717,0.498277,0.501723,0.418145,0.581855,0.343677,0.656323,0.276825,0.723175,0.218672,0.781328,0.169526,0.830474,0.129081,0.870919,0.096603,0.903397,0.071109,0.928891,0.051515,0.948485,1,0.001444,1,0.001545,1,0.004021,1,0.004545,1,0.010106,1,0.011535,1,0.02218,1,0.025237,1,0.043174,1,0.048784,1,0.076116,0,2.503441,1,0.123795,0,2.050364,1,0.188527,0,1.671058,1,0.272046,0,1.354001,1,0.375505,0,1.089778,1,0.499536,0,0.87056,1,0.644346,0,0.689707,1,0.809811,0,0.541534,1,0.995575,0,0.421102,1,1.20111,0,0.324104,1,1.425788,0,0.24676,1,1.668928,0,0.185759,1,1.929829,0,0.138206,1,2.207802,0,0.101593,1,2.502183,0,0.073764,0,0.06194,0,0.052889
2384,2025/26,5,Radomiak Radom,Jagiellonia Białystok,11.0,15.0,26.0,14.5833,11.9909,26.5742,0.053007,1,3834.958,0.6257,0.5509,0.1632,0.4422,0.1641,0.0,0.0,0.0,1e-06,5e-06,1.9e-05,5.4e-05,0.00014,0.000324,0.000679,0.001309,0.002344,0.003929,0.006203,0.009277,0.013207,0.017968,0.023447,0.029436,0.035653,0.041764,0.047418,0.052284,0.056087,0.05863,0.059811,0.059624,0.058153,0.055556,0.052041,0.047844,0.043208,0.038364,0.033514,0.028825,0.024427,0.020407,0.016818,0.013679,0.010987,0.008718,0.006838,0.005303,0.004068,0.003089,0.002322,0.001728,0.001274,0.000931,0.000674,0.000484,0.001132,0.991195,0.008805,1,0.008844,0.984992,0.015008,1,0.015122,0.975715,0.024285,1,0.024585,0.962508,0.037492,1,0.038213,0.94454,0.05546,1,0.057058,0.921093,0.078907,1,0.082195,0.891656,0.108344,1,0.114675,0.856003,0.143997,1,0.155482,0.814239,0.185761,1,0.205502,0.766821,0.233179,1,0.265502,0.714537,0.285463,1,0.336121,0.65845,0.34155,1,0.417867,0.59982,0.40018,1,0.511126,0.540009,0.459991,1,0.616169,0.480386,0.519614,0,0.654668,0.422233,0.577767,0,0.548584,0.366677,0.633323,0,0.456774,0.314636,0.685364,0,0.377805,0.266792,0.733208,0,0.310326,0.223583,0.776417,0,0.253066,0.18522,0.81478,0,0.204837,0.151706,0.848294,0,0.164528,0.122881,0.877119,0,0.131112,0.098454,0.901546,0,0.103644,2e-05,0.000167,0.000724,0.002195,0.005231,0.010429,0.018086,0.028011,0.039485,0.051387,0.06243,0.071426,0.077504,0.080228,0.079615,0.076053,0.070183,0.062756,0.054517,0.046119,0.038068,0.030717,0.024268,0.018799,0.014297,0.010688,0.026102,9.3e-05,0.000682,0.002634,0.007119,0.015123,0.026876,0.041542,0.057345,0.07205,0.083578,0.090504,0.092291,0.08926,0.082355,0.072843,0.062022,0.051014,0.040658,0.031481,0.023737,0.017464,0.01256,0.008845,0.006107,0.00414,0.002758,0.004885,0.998595,0.001405,0.996401,0.003599,0.99117,0.00883,0.98074,0.01926,0.962654,0.037346,0.934644,0.065356,0.895159,0.104841,0.843772,0.156228,0.781342,0.218658,0.709915,0.290085,0.632412,0.367588,0.552184,0.447816,0.472569,0.527431,0.396515,0.603485,0.326332,0.673668,0.263577,0.736423,0.209059,0.790941,0.162941,0.837059,0.124872,0.875128,0.094155,0.905845,0.069887,0.930113,0.99656,0.00344,0.989441,0.010559,0.974317,0.025683,0.947441,0.052559,0.905899,0.094101,0.848553,0.151447,0.776503,0.223497,0.692925,0.307075,0.602421,0.397579,0.51013,0.48987,0.420871,0.579129,0.338515,0.661485,0.265672,0.734328,0.20365,0.79635,0.152636,0.847364,0.111978,0.888022,0.080496,0.919504,0.056759,0.943241,0.039295,0.960705,0.026735,0.973265,0.01789,0.98211,1,0.001406,1,0.003446,1,0.003605,1,0.010615,1,0.008869,1,0.026019,1,0.019448,1,0.053991,1,0.038061,1,0.098827,1,0.06759,1,0.164223,1,0.110754,1,0.252955,1,0.169873,1,0.366834,1,0.246742,1,0.506799,0,1.237581,1,0.67309,0,1.000793,1,0.865429,0,0.803373,1,1.083187,0,0.639737,1,1.325493,0,0.505034,0,0.227716,0,0.395018,0,0.165625,0,0.305951,0,0.118759,0,0.234532,0,0.083921,0,0.177861,0,0.058433,0,0.133385,0,0.040088,0,0.098887,0,0.027099,0,0.072449,0,0.018052
2385,2025/26,5,Pogoń Szczecin,Górnik Zabrze,14.0,20.0,34.0,15.2859,12.6547,27.9407,0.053007,1,3834.958,0.6257,0.5509,0.1632,0.4422,0.1641,0.0,0.0,0.0,1e-06,3e-06,1e-05,2.9e-05,7.8e-05,0.000185,0.000399,0.000793,0.001462,0.002522,0.004099,0.006313,0.009252,0.01296,0.017411,0.022504,0.028062,0.033841,0.039556,0.044902,0.049588,0.053364,0.056042,0.057513,0.057746,0.056791,0.054763,0.051828,0.048183,0.044038,0.039601,0.035062,0.030585,0.026302,0.022312,0.01868,0.015444,0.012614,0.010184,0.008129,0.00642,0.005017,0.003881,0.002973,0.002257,0.001697,0.001265,0.000935,0.002403,0.994519,0.005481,1,0.005496,0.990419,0.009581,1,0.009627,0.984107,0.015893,1,0.016021,0.974854,0.025146,1,0.025467,0.961894,0.038106,1,0.038851,0.944483,0.055517,1,0.057117,0.921979,0.078021,1,0.081233,0.893917,0.106083,1,0.112142,0.860076,0.139924,1,0.150735,0.82052,0.17948,1,0.197817,0.775618,0.224382,1,0.254095,0.72603,0.27397,1,0.320163,0.672667,0.327333,1,0.396505,0.616624,0.383376,1,0.483495,0.559112,0.440888,1,0.581406,0.501366,0.498634,1,0.690419,0.444575,0.555425,1,0.810637,0.389812,0.610188,1,0.942092,0.337984,0.662016,1,1.084758,0.289801,0.710199,1,1.238561,0.245763,0.754237,1,1.403389,0.206162,0.793838,1,1.579095,0.171099,0.828901,0,0.187655,0.140514,0.859486,0,0.151421,1.4e-05,0.000116,0.000515,0.001604,0.003925,0.008035,0.014305,0.022743,0.032913,0.043975,0.054847,0.06442,0.071761,0.076261,0.077692,0.076192,0.072182,0.066261,0.059094,0.051321,0.04349,0.036026,0.02922,0.023237,0.018143,0.013924,0.036882,6.2e-05,0.000472,0.001882,0.005254,0.011532,0.021172,0.03381,0.048218,0.062589,0.075009,0.083916,0.088408,0.088337,0.084205,0.076947,0.067687,0.057518,0.04736,0.037886,0.029513,0.022433,0.016668,0.012126,0.00865,0.006058,0.00417,0.008048,0.998456,0.001544,0.996852,0.003148,0.992926,0.007074,0.984892,0.015108,0.970587,0.029413,0.947844,0.052156,0.914931,0.085069,0.870956,0.129044,0.816109,0.183891,0.751689,0.248311,0.679928,0.320072,0.603667,0.396333,0.525974,0.474026,0.449782,0.550218,0.3776,0.6224,0.311339,0.688661,0.252244,0.747756,0.200923,0.799077,0.157433,0.842567,0.121406,0.878594,0.092187,0.907813,0.997516,0.002484,0.992261,0.007739,0.98073,0.01927,0.959558,0.040442,0.925748,0.074252,0.87753,0.12247,0.814941,0.185059,0.739932,0.260068,0.656016,0.343984,0.567608,0.432392,0.479271,0.520729,0.395066,0.604934,0.318119,0.681881,0.250432,0.749568,0.192914,0.807086,0.145554,0.854446,0.107667,0.892333,0.078154,0.921846,0.055721,0.944279,0.039053,0.960947,0.026926,0.973074,1,0.001545,1,0.002487,1,0.003153,1,0.007769,1,0.007099,1,0.019458,1,0.015223,1,0.041283,1,0.029854,1,0.077153,1,0.053565,1,0.130644,1,0.088907,1,0.20464,1,0.138164,1,0.301197,1,0.203207,1,0.42157,1,0.285433,1,0.566324,1,0.385768,1,0.735489,1,0.504733,1,0.928702,0,0.746493,1,1.14533,0,0.597441,1,1.384568,0,0.474172,1,1.645511,0,0.373006,1,1.927208,0,0.290679,1,2.228712,0,0.224298,1,2.549074,0,0.171302,0,0.057334,0,0.129432,0,0.039836,0,0.096717,0,0.027295
2386,2025/26,5,Cracovia,Widzew Łódź,8.0,14.0,22.0,15.1918,13.1779,28.3698,0.053007,1,3834.958,0.6257,0.5509,0.1632,0.4422,0.1641,0.0,0.0,0.0,1e-06,2e-06,8e-06,2.4e-05,6.4e-05,0.000154,0.000336,0.000673,0.001253,0.002182,0.00358,0.005564,0.00823,0.011634,0.015774,0.020574,0.025888,0.031504,0.037156,0.042557,0.04742,0.051487,0.054553,0.056481,0.057211,0.056761,0.055214,0.052711,0.04943,0.04557,0.041333,0.03691,0.032473,0.028164,0.024095,0.020344,0.016961,0.01397,0.011372,0.009154,0.007289,0.005743,0.00448,0.00346,0.002648,0.002007,0.001509,0.001124,0.002967,0.995303,0.004697,1,0.004709,0.991723,0.008277,1,0.008312,0.986159,0.013841,1,0.013938,0.977928,0.022072,1,0.022319,0.966294,0.033706,1,0.034287,0.95052,0.04948,1,0.050746,0.929946,0.070054,1,0.072628,0.904058,0.095942,1,0.100862,0.872555,0.127445,1,0.13633,0.835398,0.164602,1,0.179847,0.792841,0.207159,0,1.574269,0.745421,0.254579,0,1.368142,0.693933,0.306067,0,1.183952,0.63938,0.36062,0,1.01993,0.582899,0.417101,0,0.874427,0.525688,0.474312,0,0.745889,0.468927,0.531073,0,0.632856,0.413713,0.586287,0,0.533946,0.361002,0.638998,0,0.447855,0.311572,0.688428,0,0.373345,0.266002,0.733998,0,0.309249,0.22467,0.77533,0,0.254466,0.18776,0.81224,0,0.207959,0.155287,0.844713,0,0.168758,1.4e-05,0.000122,0.000539,0.001673,0.004079,0.008321,0.014763,0.023393,0.033737,0.044922,0.055837,0.065359,0.07256,0.076847,0.078022,0.076254,0.071995,0.065864,0.05854,0.050666,0.042789,0.035324,0.028553,0.022629,0.017608,0.013467,0.035291,4.6e-05,0.000354,0.001447,0.00414,0.009306,0.017503,0.028631,0.041825,0.055613,0.068271,0.078237,0.084431,0.086417,0.08438,0.078984,0.07117,0.06195,0.052251,0.042816,0.034165,0.026601,0.020247,0.015088,0.011025,0.007909,0.005577,0.011495,0.998492,0.001508,0.99682,0.00318,0.992741,0.007259,0.98442,0.01558,0.969657,0.030343,0.946264,0.053736,0.912527,0.087473,0.867605,0.132395,0.811768,0.188232,0.746409,0.253591,0.673849,0.326151,0.597002,0.402998,0.518981,0.481019,0.442726,0.557274,0.370731,0.629269,0.304868,0.695132,0.246328,0.753672,0.195662,0.804338,0.152873,0.847127,0.117549,0.882451,0.088996,0.911004,0.998029,0.001971,0.993889,0.006111,0.984583,0.015417,0.96708,0.03292,0.93845,0.06155,0.896625,0.103375,0.841012,0.158988,0.772741,0.227259,0.694504,0.305496,0.610073,0.389927,0.523656,0.476344,0.439277,0.560723,0.360293,0.639707,0.289123,0.710877,0.227174,0.772826,0.174923,0.825077,0.132107,0.867893,0.097942,0.902058,0.071341,0.928659,0.051094,0.948906,0.036006,0.963994,1,0.001509,1,0.001973,1,0.003185,1,0.00613,1,0.007285,1,0.015537,1,0.015703,1,0.033474,1,0.030813,1,0.063526,1,0.055234,1,0.109118,0,2.436425,1,0.173149,0,2.021965,1,0.257811,0,1.67008,1,0.364557,0,1.372033,1,0.494177,0,1.120395,1,0.64692,0,0.908824,1,0.822625,0,0.731849,0,0.446745,0,0.584698,0,0.341256,0,0.463196,0,0.257701,0,0.363654,0,0.192279,0,0.282798,0,0.141687,0,0.217736,0,0.103076,0,0.165905,0,0.074014,0,0.125052,0,0.052446,0,0.093208,0,0.03667
2387,2025/26,5,GKS Katowice,Arka Gdynia,24.0,12.0,36.0,15.6569,13.1835,28.8404,0.053007,1,3834.958,0.6257,0.5509,0.1632,0.4422,0.1641,0.0,0.0,0.0,0.0,2e-06,6e-06,2e-05,5.3e-05,0.000128,0.000281,0.000568,0.001066,0.001873,0.003101,0.004864,0.00726,0.010357,0.014169,0.018651,0.023683,0.029085,0.034619,0.040017,0.045002,0.049314,0.052735,0.055106,0.056338,0.056416,0.055392,0.053376,0.050524,0.047017,0.043047,0.038804,0.034462,0.030173,0.026058,0.022211,0.018695,0.015545,0.012776,0.010382,0.008346,0.00664,0.005229,0.004078,0.003151,0.002412,0.00183,0.001377,0.00376,0.996003,0.003997,1,0.004005,0.992902,0.007098,1,0.007124,0.988038,0.011962,1,0.012034,0.980777,0.019223,1,0.01941,0.970421,0.029579,1,0.030026,0.956251,0.043749,1,0.044735,0.937601,0.062399,1,0.064431,0.913917,0.086083,1,0.090015,0.884832,0.115168,1,0.122357,0.850213,0.149787,1,0.162268,0.810196,0.189804,1,0.210479,0.765194,0.234806,1,0.267625,0.71588,0.28412,1,0.334242,0.663146,0.336854,1,0.410761,0.60804,0.39196,1,0.497515,0.551701,0.448299,1,0.594748,0.495285,0.504715,1,0.702621,0.439894,0.560106,1,0.821223,0.386517,0.613483,1,0.950579,0.335993,0.664007,1,1.090666,0.288976,0.711024,1,1.241412,0.245929,0.754071,1,1.402712,0.207125,0.792875,1,1.574432,0.172663,0.827337,1,1.756414,1.1e-05,9.6e-05,0.000432,0.001361,0.003375,0.006999,0.012626,0.020342,0.029828,0.040381,0.051033,0.060735,0.068554,0.073819,0.076202,0.075721,0.072688,0.06761,0.061097,0.053764,0.046165,0.038749,0.031845,0.025661,0.020301,0.015787,0.04361,4.6e-05,0.000353,0.001443,0.004129,0.009285,0.017467,0.028579,0.04176,0.055541,0.068199,0.078174,0.084385,0.086392,0.084376,0.079,0.071202,0.061993,0.052301,0.042868,0.034215,0.026647,0.020286,0.015121,0.011052,0.007931,0.005594,0.011537,0.998254,0.001746,0.996893,0.003107,0.993518,0.006482,0.986519,0.013481,0.973892,0.026108,0.953551,0.046449,0.923723,0.076277,0.883342,0.116658,0.832309,0.167691,0.771574,0.228426,0.70302,0.29698,0.629201,0.370799,0.552999,0.447001,0.477278,0.522722,0.40459,0.59541,0.33698,0.66302,0.275883,0.724117,0.222118,0.777882,0.175953,0.824047,0.137204,0.862796,0.105359,0.894641,0.998034,0.001966,0.993904,0.006096,0.984619,0.015381,0.967152,0.032848,0.938573,0.061427,0.896813,0.103187,0.841272,0.158728,0.773072,0.226928,0.694898,0.305102,0.610513,0.389487,0.524121,0.475879,0.439746,0.560254,0.360746,0.639254,0.289544,0.710456,0.227551,0.772449,0.17525,0.82475,0.132382,0.867618,0.098167,0.901833,0.071521,0.928479,0.051234,0.948766,0.036113,0.963887,1,0.001748,1,0.001968,1,0.003112,1,0.006115,1,0.006503,1,0.015501,1,0.013573,1,0.0334,1,0.026455,1,0.063395,1,0.047562,1,0.108908,1,0.079343,1,0.17284,1,0.124043,1,0.257383,1,0.183552,1,0.36399,1,0.259323,1,0.493456,1,0.35237,0,0.742592,1,0.463305,0,0.579365,1,0.592399,0,0.447453,1,0.739656,0,0.341848,1,0.904881,0,0.258189,1,1.087732,0,0.192675,1,1.287778,0,0.142004,1,1.504547,0,0.103326,1,1.737538,0,0.074208,1,1.986286,0,0.052593,1,2.250382,0,0.036781
2388,2025/26,5,Lech Poznań,Korona Kielce,18.0,16.0,34.0,15.0343,13.473,28.5074,0.053007,1,3834.958,0.6257,0.5509,0.1632,0.4422,0.1641,0.0,0.0,0.0,0.0,2e-06,7e-06,2.2e-05,6e-05,0.000145,0.000317,0.000638,0.001191,0.002081,0.003424,0.005338,0.00792,0.011229,0.01527,0.019976,0.02521,0.030769,0.036395,0.041807,0.046718,0.05087,0.054053,0.056121,0.057007,0.056716,0.055324,0.052962,0.049801,0.046037,0.04187,0.03749,0.033072,0.02876,0.024669,0.020883,0.017456,0.014415,0.011765,0.009494,0.007579,0.005987,0.004681,0.003625,0.002781,0.002113,0.001592,0.001189,0.003165,0.995535,0.004465,1,0.004475,0.99211,0.00789,1,0.007921,0.986772,0.013228,1,0.013316,0.978852,0.021148,1,0.021374,0.967623,0.032377,1,0.032913,0.952353,0.047647,1,0.04882,0.932377,0.067623,1,0.070018,0.907166,0.092834,1,0.097429,0.876398,0.123602,1,0.131935,0.840003,0.159997,1,0.17435,0.798196,0.201804,1,0.225401,0.751478,0.248522,1,0.285713,0.700608,0.299392,1,0.355807,0.646555,0.353445,1,0.436097,0.590434,0.409566,1,0.526898,0.533427,0.466573,1,0.628433,0.476711,0.523289,1,0.740845,0.421388,0.578612,1,0.864202,0.368426,0.631574,1,0.998515,0.318624,0.681376,1,1.143742,0.272587,0.727413,1,1.299797,0.230717,0.769283,1,1.466562,0.193227,0.806773,0,0.214713,0.160155,0.839845,0,0.174538,1.6e-05,0.000132,0.000582,0.001794,0.00435,0.008822,0.015562,0.024517,0.035154,0.046539,0.057514,0.066934,0.073879,0.077792,0.078526,0.076304,0.071626,0.065149,0.05757,0.049539,0.041596,0.034141,0.027437,0.02162,0.016726,0.012719,0.032732,3.8e-05,0.000302,0.001249,0.003621,0.008246,0.01571,0.026034,0.038529,0.051899,0.064544,0.074932,0.081922,0.084944,0.084025,0.079679,0.072734,0.064139,0.054804,0.045495,0.036777,0.029009,0.022368,0.016886,0.0125,0.009085,0.00649,0.013872,0.998541,0.001459,0.996746,0.003254,0.992396,0.007604,0.983574,0.016426,0.968012,0.031988,0.943495,0.056505,0.908341,0.091659,0.861801,0.138199,0.804288,0.195712,0.737354,0.262646,0.663476,0.336524,0.585684,0.414316,0.507158,0.492842,0.430854,0.569146,0.359227,0.640773,0.294079,0.705921,0.236509,0.763491,0.18697,0.81303,0.145374,0.854626,0.111233,0.888767,0.083796,0.916204,0.998241,0.001759,0.994621,0.005379,0.986375,0.013625,0.970665,0.029335,0.944631,0.055369,0.906102,0.093898,0.854203,0.145797,0.789658,0.210342,0.714726,0.285274,0.632804,0.367196,0.54786,0.45214,0.463836,0.536164,0.384157,0.615843,0.311423,0.688577,0.247284,0.752716,0.19248,0.80752,0.146986,0.853014,0.110209,0.889791,0.0812,0.9188,0.058833,0.941167,0.041946,0.958054,1,0.00146,1,0.001761,1,0.003259,1,0.005394,1,0.007633,1,0.013719,1,0.016562,1,0.029774,1,0.032511,1,0.056961,1,0.058164,1,0.098603,1,0.096135,1,0.157586,1,0.148731,1,0.236155,1,0.217798,1,0.335856,1,0.304687,1,0.457595,1,0.410263,1,0.601735,1,0.534975,1,0.768224,1,0.678933,1,0.956704,1,0.841986,1,1.166603,1,1.023801,0,0.284067,1,1.223907,0,0.213787,0,0.269854,0,0.158979,0,0.206987,0,0.116769,0,0.157091,0,0.084687,0,0.11792,0,0.060635,0,0.087516,0,0.042851
2389,2025/26,6,Wisła Płock,Zagłębie Lubin,15.0,7.0,22.0,14.151,12.7551,26.9061,0.053663,1,3893.0081,0.6455,0.5729,0.1664,0.4275,0.1681,0.0,0.0,0.0,1e-06,5e-06,1.6e-05,4.8e-05,0.000124,0.000287,0.000604,0.001171,0.002109,0.003555,0.005647,0.008498,0.012174,0.016668,0.021892,0.027666,0.033733,0.039782,0.045478,0.050493,0.054545,0.057422,0.058996,0.059235,0.058193,0.056001,0.052844,0.048942,0.044529,0.039832,0.035058,0.030382,0.025941,0.021837,0.018134,0.014863,0.012029,0.009619,0.007603,0.005942,0.004594,0.003515,0.002662,0.001997,0.001484,0.001093,0.000798,0.000577,0.001384,0.992081,0.007919,1,0.00795,0.986435,0.013565,1,0.013658,0.977937,0.022063,1,0.02231,0.965763,0.034237,1,0.034837,0.949095,0.050905,1,0.052247,0.927203,0.072797,1,0.075583,0.899537,0.100463,1,0.105875,0.865804,0.134196,1,0.144097,0.826021,0.173979,1,0.191135,0.780544,0.219456,1,0.247764,0.730051,0.269949,0,1.309522,0.675506,0.324494,0,1.125488,0.618084,0.381916,0,0.962556,0.559088,0.440912,0,0.818911,0.499853,0.500147,0,0.692854,0.44166,0.55834,0,0.582787,0.385659,0.614341,0,0.487205,0.332815,0.667185,0,0.404688,0.283873,0.716127,0,0.333898,0.239345,0.760655,0,0.273575,0.199512,0.800488,0,0.222534,0.164454,0.835546,0,0.17967,0.134073,0.865927,0,0.143954,0.108131,0.891869,0,0.114436,2.7e-05,0.000215,0.000913,0.002709,0.006325,0.012358,0.021011,0.031916,0.044142,0.056384,0.067253,0.075564,0.080545,0.081924,0.079901,0.075031,0.068079,0.059866,0.051154,0.042572,0.034577,0.027456,0.02135,0.016281,0.01219,0.008973,0.020941,6e-05,0.000456,0.00182,0.005086,0.011177,0.020561,0.03291,0.047063,0.061279,0.07369,0.082749,0.08753,0.087836,0.084108,0.077227,0.068273,0.058319,0.04828,0.038839,0.03043,0.023268,0.017394,0.012734,0.009142,0.006444,0.004466,0.008781,0.998502,0.001498,0.995792,0.004208,0.989468,0.010532,0.977109,0.022891,0.956098,0.043902,0.924182,0.075818,0.880041,0.119959,0.823657,0.176343,0.756403,0.243597,0.680839,0.319161,0.600294,0.399706,0.51837,0.48163,0.438469,0.561531,0.363438,0.636562,0.295359,0.704641,0.235493,0.764507,0.184339,0.815661,0.141768,0.858232,0.107191,0.892809,0.079735,0.920265,0.058385,0.941615,0.997584,0.002416,0.992498,0.007502,0.981321,0.018679,0.96076,0.03924,0.92785,0.07215,0.880788,0.119212,0.819509,0.180491,0.745819,0.254181,0.66307,0.33693,0.57554,0.42446,0.487705,0.512295,0.403597,0.596403,0.32637,0.67363,0.258097,0.741903,0.199777,0.800223,0.151497,0.848503,0.112658,0.887342,0.082228,0.917772,0.05896,0.94104,0.041566,0.958434,0.028832,0.971168,1,0.001499,1,0.002419,1,0.004217,1,0.00753,1,0.010588,1,0.018856,1,0.023157,1,0.040031,1,0.044895,1,0.074885,1,0.078846,0,2.126852,1,0.127787,0,1.712074,1,0.194001,0,1.369709,1,0.279181,0,1.08788,1,0.384429,0,0.856938,1,0.510336,0,0.668855,1,0.657066,0,0.516839,1,0.824466,0,0.395074,0,0.451673,0,0.298537,0,0.350067,0,0.222865,0,0.268524,0,0.164282,0,0.203756,0,0.119525,0,0.152881,0,0.085806,0,0.113383,0,0.06077,0,0.083094,0,0.042455,0,0.060159,0,0.029256
2390,2025/26,6,Legia Warszawa,Jagiellonia Białystok,20.0,3.0,23.0,15.6932,12.3765,28.0697,0.053663,1,3893.0081,0.6455,0.5729,0.1664,0.4275,0.1681,0.0,0.0,0.0,1e-06,3e-06,1e-05,2.9e-05,7.7e-05,0.000182,0.000392,0.000777,0.001431,0.002468,0.00401,0.006174,0.00905,0.01268,0.017043,0.022044,0.027513,0.033215,0.038873,0.044191,0.048882,0.052699,0.055453,0.057029,0.057391,0.05658,0.054701,0.051911,0.0484,0.044371,0.040027,0.035557,0.031123,0.026861,0.02287,0.019221,0.015954,0.013084,0.010607,0.008504,0.006745,0.005295,0.004116,0.003168,0.002416,0.001826,0.001368,0.001017,0.002662,0.994632,0.005368,1,0.005383,0.990622,0.009378,1,0.009422,0.984448,0.015552,1,0.015674,0.975398,0.024602,1,0.024909,0.962718,0.037282,1,0.037994,0.945675,0.054325,1,0.055856,0.923631,0.076369,1,0.079443,0.896119,0.103881,1,0.109683,0.862904,0.137096,1,0.147452,0.824031,0.175969,1,0.193548,0.77984,0.22016,1,0.248667,0.730958,0.269042,0,1.312888,0.678259,0.321741,0,1.13401,0.622807,0.377193,0,0.974998,0.565778,0.434222,0,0.8342,0.508387,0.491613,0,0.710064,0.451808,0.548192,0,0.601129,0.397106,0.602894,0,0.506014,0.345195,0.654805,0,0.423418,0.296795,0.703205,0,0.352107,0.252424,0.747576,0,0.290919,0.212397,0.787603,0,0.238761,0.17684,0.82316,0,0.194605,0.145717,0.854283,0,0.157492,1.1e-05,9.7e-05,0.000435,0.001367,0.00338,0.006995,0.012596,0.020265,0.029685,0.040162,0.050738,0.06038,0.068168,0.073437,0.07586,0.075451,0.07251,0.067534,0.061121,0.053876,0.046346,0.03898,0.032104,0.025929,0.020563,0.016032,0.044703,7.6e-05,0.000562,0.002201,0.006041,0.01304,0.023559,0.037037,0.05202,0.066525,0.078572,0.086657,0.090029,0.088732,0.083451,0.075257,0.065345,0.054823,0.044576,0.035219,0.027102,0.020353,0.014944,0.010745,0.007576,0.005245,0.00357,0.006689,0.998178,0.001822,0.996811,0.003189,0.993431,0.006569,0.986436,0.013564,0.973841,0.026159,0.953576,0.046424,0.923891,0.076109,0.883729,0.116271,0.832992,0.167008,0.772612,0.227388,0.704444,0.295556,0.631008,0.368992,0.555148,0.444852,0.479697,0.520303,0.407187,0.592813,0.339653,0.660347,0.278532,0.721468,0.224656,0.775344,0.17831,0.82169,0.13933,0.86067,0.107227,0.892773,0.997111,0.002889,0.99107,0.00893,0.97803,0.02197,0.954471,0.045529,0.917434,0.082566,0.865414,0.134586,0.798889,0.201111,0.720316,0.279684,0.633659,0.366341,0.54363,0.45637,0.454897,0.545103,0.371446,0.628554,0.296189,0.703811,0.230844,0.769156,0.176021,0.823979,0.131445,0.868555,0.096226,0.903774,0.069124,0.930876,0.04877,0.95123,0.033826,0.966174,0.023081,0.976919,1,0.001824,1,0.002893,1,0.003194,0,4.718339,1,0.006591,0,3.818077,1,0.013657,0,3.089406,1,0.026507,0,2.494157,1,0.047536,0,2.005552,1,0.079161,0,1.603898,1,0.123605,0,1.274095,1,0.182731,0,1.004191,1,0.257978,0,0.784451,1,0.350346,0,0.606781,1,0.460437,0,0.464333,1,0.588521,0,0.351245,1,0.734601,0,0.262461,1,0.898483,0,0.19361,1,1.079831,0,0.140924,1,1.278222,0,0.101176,1,1.493185,0,0.071629,0,0.196392,0,0.049999,0,0.150044,0,0.034411,0,0.113423,0,0.023352
2391,2025/26,6,Lechia Gdańsk,Arka Gdynia,12.0,7.0,19.0,17.5991,11.7565,29.3557,0.053663,1,3893.0081,0.6455,0.5729,0.1664,0.4275,0.1681,0.0,0.0,0.0,0.0,2e-06,6e-06,1.7e-05,4.7e-05,0.000113,0.000249,0.000504,0.000948,0.00167,0.002773,0.004363,0.006536,0.009363,0.012868,0.017021,0.021731,0.026842,0.032148,0.037407,0.042362,0.046766,0.0504,0.053098,0.054751,0.055317,0.054819,0.053337,0.050994,0.047949,0.044373,0.040445,0.036332,0.032186,0.028136,0.024282,0.0207,0.01744,0.014527,0.011969,0.009758,0.007876,0.006294,0.004983,0.003909,0.00304,0.002344,0.001793,0.005208,0.996443,0.003557,1,0.003563,0.99367,0.00633,1,0.00635,0.989307,0.010693,1,0.010751,0.98277,0.01723,1,0.01738,0.973408,0.026592,1,0.026952,0.96054,0.03946,1,0.040259,0.943519,0.056481,1,0.058139,0.921788,0.078212,0,2.548335,0.894946,0.105054,0,2.253283,0.862798,0.137202,0,1.986301,0.825391,0.174609,0,1.745205,0.783028,0.216972,0,1.527989,0.736263,0.263737,0,1.332802,0.685863,0.314137,0,1.157925,0.632765,0.367235,0,1.001752,0.578014,0.421986,0,0.862783,0.522697,0.477303,0,0.739603,0.467877,0.532123,0,0.630881,0.414541,0.585459,0,0.535358,0.363546,0.636454,0,0.451843,0.315597,0.684403,0,0.379209,0.271224,0.728776,0,0.316389,0.230779,0.769221,0,0.262377,0.194447,0.805553,0,0.216226,4e-06,3.8e-05,0.000179,0.000599,0.001573,0.00346,0.006619,0.011314,0.017609,0.025312,0.033975,0.042957,0.051527,0.058976,0.064728,0.0684,0.069839,0.06911,0.066453,0.062235,0.056881,0.050828,0.044477,0.038166,0.032159,0.026638,0.091249,0.00011,0.000793,0.003012,0.008015,0.016769,0.029367,0.044749,0.060921,0.075515,0.086451,0.092417,0.093064,0.088906,0.081046,0.070843,0.059624,0.048486,0.038213,0.029264,0.021828,0.015889,0.011308,0.007881,0.005386,0.003614,0.002384,0.00412,0.995083,0.004917,0.994484,0.005516,0.99291,0.00709,0.989451,0.010549,0.982832,0.017168,0.971517,0.028483,0.953908,0.046092,0.928596,0.071404,0.894621,0.105379,0.851664,0.148336,0.800137,0.199863,0.741161,0.258839,0.676433,0.323567,0.608033,0.391967,0.538194,0.461806,0.469084,0.530916,0.402631,0.597369,0.340396,0.659604,0.283516,0.716484,0.232688,0.767312,0.188211,0.811789,0.996061,0.003939,0.988046,0.011954,0.971277,0.028723,0.94191,0.05809,0.897161,0.102839,0.836241,0.163759,0.760726,0.239274,0.674275,0.325725,0.581858,0.418142,0.488793,0.511207,0.399887,0.600113,0.31884,0.68116,0.247997,0.752003,0.188373,0.811627,0.139887,0.860113,0.101675,0.898325,0.07241,0.92759,0.050583,0.949417,0.034694,0.965306,0.023386,0.976614,0.015505,0.984495,1,0.004929,1,0.003947,1,0.005531,1,0.012026,1,0.007115,1,0.029144,1,0.010605,1,0.059846,1,0.017317,1,0.10852,1,0.028897,0,1.809359,1,0.047188,0,1.430146,1,0.074082,0,1.121702,1,0.111355,0,0.871934,1,0.160563,0,0.670981,0,1.610123,0,0.510637,0,1.351549,0,0.383958,0,1.128349,0,0.285015,0,0.936578,0,0.208714,0,0.77261,0,0.150692,0,0.633151,0,0.107223,0,0.51522,0,0.075165,0,0.416116,0,0.051907,0,0.333399,0,0.03531,0,0.264862,0,0.023664,0,0.208515,0,0.015626
2392,2025/26,6,Górnik Zabrze,GKS Katowice,18.0,10.0,28.0,17.1034,11.7609,28.8643,0.053663,1,3893.0081,0.6455,0.5729,0.1664,0.4275,0.1681,0.0,0.0,0.0,0.0,2e-06,7e-06,2.1e-05,5.7e-05,0.000137,0.000298,0.000598,0.001116,0.001949,0.003207,0.005002,0.007429,0.010549,0.014371,0.018843,0.023844,0.029192,0.034651,0.039959,0.044846,0.049061,0.052395,0.054698,0.055885,0.055945,0.054931,0.052951,0.050155,0.046719,0.042831,0.038672,0.034411,0.030196,0.026144,0.022348,0.018869,0.015744,0.012987,0.010597,0.008555,0.006837,0.005411,0.004242,0.003295,0.002537,0.001936,0.001466,0.004105,0.995815,0.004185,1,0.004194,0.992608,0.007392,1,0.007419,0.987606,0.012394,1,0.012471,0.980177,0.019823,1,0.020022,0.969629,0.030371,1,0.030842,0.955258,0.044742,1,0.045774,0.936415,0.063585,1,0.065697,0.912571,0.087429,1,0.09149,0.883379,0.116621,1,0.124001,0.848728,0.151272,1,0.164017,0.808768,0.191232,1,0.212243,0.763922,0.236078,1,0.269289,0.714861,0.285139,1,0.335667,0.662466,0.337534,1,0.411787,0.607768,0.392232,1,0.497962,0.551883,0.448117,1,0.594419,0.495938,0.504062,0,0.685056,0.441007,0.558993,0,0.581619,0.388057,0.611943,0,0.491115,0.337902,0.662098,0,0.412341,0.291182,0.708818,0,0.344157,0.248351,0.751649,0,0.285486,0.20968,0.79032,0,0.235317,0.175269,0.824731,0,0.192698,5e-06,4.8e-05,0.000225,0.000741,0.001917,0.004153,0.007829,0.013187,0.020222,0.02864,0.037878,0.047188,0.055771,0.062896,0.068016,0.070819,0.071248,0.069468,0.065817,0.060733,0.054694,0.048155,0.041519,0.035105,0.029145,0.023787,0.077345,0.00011,0.000791,0.003006,0.007999,0.01674,0.029321,0.04469,0.060854,0.07545,0.086396,0.09238,0.093048,0.088911,0.08107,0.07088,0.059668,0.048533,0.038259,0.029306,0.021864,0.015919,0.011332,0.007899,0.0054,0.003625,0.002392,0.004135,0.996273,0.003727,0.995533,0.004467,0.993616,0.006384,0.989462,0.010538,0.981633,0.018367,0.968447,0.031553,0.948225,0.051775,0.919584,0.080416,0.881707,0.118293,0.834519,0.165481,0.778748,0.221252,0.715852,0.284148,0.647835,0.352165,0.577016,0.422984,0.505768,0.494232,0.4363,0.5637,0.370483,0.629517,0.30975,0.69025,0.255056,0.744944,0.206901,0.793099,0.165382,0.834618,0.99607,0.00393,0.988071,0.011929,0.971332,0.028668,0.94201,0.05799,0.89732,0.10268,0.836466,0.163534,0.761017,0.238983,0.674621,0.325379,0.58224,0.41776,0.489192,0.510808,0.400281,0.599719,0.319211,0.680789,0.248331,0.751669,0.188663,0.811337,0.14013,0.85987,0.101872,0.898128,0.072565,0.927435,0.050701,0.949299,0.034782,0.965218,0.02345,0.97655,0.015551,0.984449,1,0.003734,1,0.003938,1,0.004477,1,0.012001,1,0.006404,1,0.029087,1,0.010594,1,0.059739,1,0.018538,1,0.108343,1,0.032062,1,0.178569,1,0.053163,1,0.2731,1,0.083834,1,0.393604,1,0.125895,0,0.872848,1,0.1809,0,0.671761,1,0.250068,0,0.511294,1,0.334282,0,0.384503,1,0.434119,0,0.285459,1,0.549885,0,0.209072,1,0.681677,0,0.150974,1,0.829425,0,0.107443,0,0.462802,0,0.075333,0,0.370701,0,0.052031,0,0.294446,0,0.035401,0,0.231807,0,0.023729,0,0.180781,0,0.015673
2393,2025/26,6,Radomiak Radom,Bruk-Bet Termalica Nieciecza,17.0,13.0,30.0,15.6464,11.0089,26.6553,0.053663,1,3893.0081,0.6455,0.5729,0.1664,0.4275,0.1681,0.0,0.0,0.0,1e-06,6e-06,1.9e-05,5.6e-05,0.000144,0.000331,0.000691,0.001326,0.002366,0.00395,0.006217,0.009272,0.013168,0.017878,0.023288,0.029196,0.035325,0.04135,0.046929,0.051741,0.055518,0.058067,0.059287,0.059171,0.057796,0.055312,0.051918,0.047843,0.043321,0.038575,0.033805,0.029177,0.024817,0.020816,0.017228,0.014076,0.011359,0.009059,0.007143,0.00557,0.004298,0.003283,0.002483,0.00186,0.001381,0.001016,0.000741,0.000536,0.001288,0.991109,0.008891,1,0.008931,0.984892,0.015108,1,0.015223,0.975619,0.024381,1,0.024683,0.962452,0.037548,1,0.038271,0.944574,0.055426,1,0.057021,0.921286,0.078714,1,0.081985,0.892089,0.107911,1,0.114189,0.856764,0.143236,1,0.154593,0.815414,0.184586,1,0.204059,0.768485,0.231515,1,0.263334,0.716744,0.283256,1,0.333036,0.661227,0.338773,1,0.413659,0.60316,0.39684,1,0.505573,0.543873,0.456127,1,0.60904,0.484702,0.515298,1,0.724221,0.426906,0.573094,1,0.85119,0.371595,0.628405,1,0.989951,0.319677,0.680323,1,1.140445,0.271834,0.728166,0,0.317226,0.228513,0.771487,0,0.259436,0.189938,0.810062,0,0.210645,0.156133,0.843867,0,0.169761,0.126956,0.873044,0,0.13577,0.102139,0.897861,0,0.10774,1.2e-05,9.9e-05,0.000444,0.001395,0.003444,0.007117,0.012795,0.020552,0.030057,0.040598,0.051206,0.060839,0.068575,0.073755,0.076066,0.075533,0.072471,0.067389,0.06089,0.053585,0.046022,0.038644,0.031776,0.025623,0.020287,0.015791,0.043801,0.000175,0.001211,0.004416,0.01128,0.022658,0.038092,0.055725,0.072831,0.086669,0.095254,0.097758,0.094507,0.086676,0.075854,0.063654,0.051432,0.040152,0.03038,0.022336,0.015994,0.011177,0.007636,0.005109,0.003352,0.00216,0.001368,0.002136,0.998211,0.001789,0.996815,0.003185,0.993371,0.006629,0.986254,0.013746,0.973459,0.026541,0.952908,0.047092,0.922851,0.077149,0.882252,0.117748,0.831046,0.168954,0.770207,0.229793,0.701632,0.298368,0.627877,0.372123,0.551811,0.448189,0.476278,0.523722,0.403807,0.596193,0.336418,0.663582,0.275528,0.724472,0.221943,0.778057,0.175921,0.824079,0.137277,0.862723,0.105502,0.894498,0.99419,0.00581,0.98291,0.01709,0.960252,0.039748,0.922159,0.077841,0.866434,0.133566,0.793604,0.206396,0.706934,0.293066,0.61168,0.38832,0.513923,0.486077,0.419415,0.580585,0.33274,0.66726,0.256886,0.743114,0.193231,0.806769,0.1418,0.8582,0.101648,0.898352,0.071268,0.928732,0.048932,0.951068,0.032938,0.967062,0.021762,0.978238,0.014125,0.985875,0.009016,0.990984,1,0.001791,1,0.005827,1,0.00319,1,0.017238,1,0.006651,1,0.04056,1,0.013841,1,0.081038,1,0.0269,1,0.143369,1,0.048237,1,0.231171,1,0.080287,1,0.346818,1,0.125278,1,0.491546,1,0.18507,1,0.665682,1,0.261096,1,0.868894,1,0.354346,1,1.100394,1,0.465411,0,0.296906,1,0.59455,0,0.214718,1,0.741754,0,0.152918,1,0.906818,0,0.107193,0,0.410103,0,0.073935,0,0.322312,0,0.05017,0,0.250955,0,0.033493,0,0.193489,0,0.022002,0,0.147662,0,0.014226,0,0.111493,0,0.009057
2394,2025/26,6,Korona Kielce,Motor Lublin,17.0,13.0,30.0,15.2163,13.1526,28.3689,0.053663,1,3893.0081,0.6455,0.5729,0.1664,0.4275,0.1681,0.0,0.0,0.0,1e-06,2e-06,8e-06,2.5e-05,6.6e-05,0.000159,0.000344,0.000688,0.001277,0.002218,0.00363,0.005629,0.00831,0.011726,0.015871,0.02067,0.025974,0.03157,0.037195,0.042563,0.04739,0.05142,0.054453,0.056355,0.057067,0.056608,0.055062,0.052569,0.049304,0.045465,0.041252,0.036855,0.032442,0.028155,0.024104,0.020369,0.016997,0.014013,0.01142,0.009203,0.007336,0.005788,0.004521,0.003497,0.00268,0.002035,0.001532,0.001143,0.003038,0.995212,0.004788,1,0.004799,0.991582,0.008418,1,0.008453,0.985953,0.014047,1,0.014146,0.977643,0.022357,1,0.022611,0.965917,0.034083,1,0.034677,0.950046,0.049954,1,0.051245,0.929376,0.070624,1,0.073242,0.903401,0.096599,1,0.101588,0.871831,0.128169,1,0.137159,0.834636,0.165364,1,0.180759,0.792073,0.207927,1,0.233102,0.744683,0.255317,1,0.294796,0.693263,0.306737,1,0.366346,0.638809,0.361191,1,0.448149,0.582455,0.417545,1,0.540504,0.525387,0.474613,1,0.643619,0.468779,0.531221,1,0.757623,0.413718,0.586282,1,0.882572,0.361149,0.638851,0,0.448084,0.311845,0.688155,0,0.373741,0.266379,0.733621,0,0.309763,0.225127,0.774873,0,0.255056,0.188272,0.811728,0,0.20859,0.15583,0.84417,0,0.169401,1.5e-05,0.000124,0.000545,0.001686,0.0041,0.008343,0.014773,0.023371,0.033662,0.044781,0.055627,0.065091,0.072256,0.076539,0.077742,0.07603,0.071844,0.065794,0.05855,0.050746,0.042924,0.035497,0.028747,0.022829,0.017802,0.013647,0.036057,4.8e-05,0.000367,0.001492,0.004247,0.009505,0.017804,0.029018,0.042255,0.056023,0.068601,0.078442,0.08449,0.086334,0.08418,0.078705,0.070852,0.061628,0.051951,0.042555,0.033951,0.026434,0.020123,0.015,0.010965,0.007871,0.005554,0.011479,0.99844,0.00156,0.996753,0.003247,0.992653,0.007347,0.98431,0.01569,0.969536,0.030464,0.946165,0.053835,0.912503,0.087497,0.867722,0.132278,0.812096,0.187904,0.747005,0.252995,0.674749,0.325251,0.598209,0.401791,0.520467,0.479533,0.444437,0.555563,0.372593,0.627407,0.306799,0.693201,0.248249,0.751751,0.197503,0.802497,0.154579,0.845421,0.119081,0.880919,0.090335,0.909665,0.997968,0.002032,0.99372,0.00628,0.984216,0.015784,0.966412,0.033588,0.937394,0.062606,0.89514,0.10486,0.839116,0.160884,0.770515,0.229485,0.692073,0.307927,0.607583,0.392417,0.521249,0.478751,0.437069,0.562931,0.358363,0.641637,0.287512,0.712488,0.225884,0.774116,0.173933,0.826067,0.131377,0.868623,0.097427,0.902573,0.070992,0.929008,0.05087,0.94913,0.03587,0.96413,1,0.001561,1,0.002034,1,0.003252,1,0.0063,1,0.007374,1,0.01591,1,0.015814,1,0.034165,1,0.030938,1,0.064652,1,0.055338,1,0.110775,1,0.091564,1,0.175406,1,0.141884,1,0.260696,1,0.208137,1,0.368064,1,0.291683,1,0.498266,1,0.393415,1,0.651527,1,0.513815,0,0.574598,1,0.653029,0,0.443733,1,0.810947,0,0.338992,1,0.987269,0,0.256034,0,0.366435,0,0.191079,0,0.28535,0,0.140846,0,0.220027,0,0.102506,0,0.167921,0,0.073638,0,0.12679,0,0.05221,0,0.094679,0,0.036529
2395,2025/26,6,Raków Częstochowa,Lech Poznań,18.0,10.0,28.0,14.714,13.7558,28.4698,0.053663,1,3893.0081,0.6455,0.5729,0.1664,0.4275,0.1681,0.0,0.0,0.0,0.0,2e-06,8e-06,2.4e-05,6.3e-05,0.000151,0.000329,0.000659,0.001226,0.002136,0.003505,0.00545,0.008066,0.01141,0.015481,0.020211,0.025459,0.031017,0.036629,0.042012,0.046882,0.050983,0.054108,0.056119,0.056949,0.056609,0.055176,0.052784,0.049604,0.045831,0.041664,0.037293,0.032888,0.028594,0.024523,0.020759,0.017352,0.01433,0.011697,0.009441,0.007538,0.005956,0.004659,0.003609,0.00277,0.002106,0.001588,0.001186,0.003166,0.995402,0.004598,1,0.004609,0.991896,0.008104,1,0.008137,0.986447,0.013553,1,0.013646,0.978381,0.021619,1,0.021856,0.966972,0.033028,1,0.033586,0.95149,0.04851,1,0.049726,0.931279,0.068721,1,0.071196,0.90582,0.09418,1,0.098915,0.874803,0.125197,1,0.133756,0.838174,0.161826,1,0.17653,0.796162,0.203838,1,0.227952,0.749281,0.250719,1,0.288642,0.698298,0.301702,1,0.359109,0.64419,0.35581,1,0.439762,0.588071,0.411929,1,0.530908,0.531122,0.468878,1,0.632764,0.474513,0.525487,0,0.64343,0.419338,0.580662,0,0.543586,0.366554,0.633446,0,0.45658,0.31695,0.68305,0,0.381187,0.271119,0.728881,0,0.316244,0.229455,0.770545,0,0.260657,0.192162,0.807838,0,0.213394,0.159274,0.840726,0,0.17349,1.9e-05,0.00016,0.000694,0.002107,0.005029,0.010044,0.017456,0.027105,0.038322,0.050039,0.061012,0.070075,0.076355,0.079389,0.079149,0.075978,0.07047,0.063346,0.055331,0.047072,0.039082,0.031724,0.025217,0.019657,0.015045,0.011321,0.028229,3.4e-05,0.000266,0.001108,0.003235,0.007431,0.014286,0.0239,0.03572,0.048609,0.061093,0.071699,0.079265,0.083132,0.083197,0.079839,0.073768,0.065858,0.056982,0.047908,0.039229,0.03135,0.024494,0.018741,0.014061,0.010359,0.007503,0.016698,0.998553,0.001447,0.996445,0.003555,0.991417,0.008583,0.981373,0.018627,0.963916,0.036084,0.936811,0.063189,0.898489,0.101511,0.84845,0.15155,0.787439,0.212561,0.717364,0.282636,0.641009,0.358991,0.56162,0.43838,0.482471,0.517529,0.406494,0.593506,0.336024,0.663976,0.272677,0.727323,0.217346,0.782654,0.170274,0.829726,0.131192,0.868808,0.099469,0.900531,0.074252,0.925748,0.998359,0.001641,0.995124,0.004876,0.987693,0.012307,0.973406,0.026594,0.949507,0.050493,0.913787,0.086213,0.865178,0.134822,0.804084,0.195916,0.732385,0.267615,0.65312,0.34688,0.569987,0.430013,0.48679,0.51321,0.406951,0.593049,0.333183,0.666817,0.267326,0.732674,0.210344,0.789656,0.162436,0.837564,0.123207,0.876793,0.091857,0.908143,0.067362,0.932638,0.048622,0.951378,1,0.001448,1,0.001642,1,0.003561,1,0.004888,1,0.00862,1,0.012383,1,0.018803,1,0.026954,1,0.036751,1,0.051812,1,0.065274,1,0.090158,1,0.107041,1,0.14482,1,0.164344,1,0.218052,1,0.238969,0,1.318206,1,0.332172,0,1.058776,1,0.444712,0,0.84394,1,0.57693,0,0.66707,1,0.728834,0,0.522478,1,0.900186,0,0.40524,1,1.090573,0,0.311054,1,1.299467,0,0.236158,0,0.245065,0,0.177258,0,0.18666,0,0.131484,0,0.140633,0,0.096353,0,0.104771,0,0.069738,0,0.077153,0,0.049844
2396,2025/26,6,Piast Gliwice,Cracovia,14.0,8.0,22.0,13.867,12.4368,26.3038,0.053663,1,3893.0081,0.6455,0.5729,0.1664,0.4275,0.1681,0.0,0.0,0.0,2e-06,6e-06,2.2e-05,6.3e-05,0.00016,0.000366,0.000762,0.001458,0.002592,0.004312,0.006759,0.010037,0.01419,0.019174,0.024852,0.030994,0.037295,0.043405,0.048967,0.053654,0.057199,0.059426,0.060254,0.059705,0.057886,0.054975,0.051195,0.046794,0.042017,0.037093,0.032219,0.027556,0.023221,0.019291,0.01581,0.012788,0.010215,0.008061,0.006288,0.00485,0.003701,0.002795,0.002089,0.001547,0.001134,0.000825,0.000594,0.000424,0.000975,0.990257,0.009743,1,0.009791,0.983498,0.016502,1,0.016639,0.973461,0.026539,1,0.026897,0.959271,0.040729,1,0.041582,0.940097,0.059903,1,0.061772,0.915245,0.084755,1,0.088564,0.884251,0.115749,1,0.123014,0.846956,0.153044,1,0.166106,0.803551,0.196449,1,0.218714,0.754584,0.245416,1,0.281589,0.70093,0.29907,0,1.207077,0.643731,0.356269,0,1.032068,0.584305,0.415695,0,0.877804,0.524051,0.475949,0,0.742444,0.464346,0.535654,0,0.624267,0.40646,0.59354,0,0.521651,0.351485,0.648515,0,0.433071,0.30029,0.69971,0,0.35709,0.253496,0.746504,0,0.292355,0.211479,0.788521,0,0.237597,0.174387,0.825613,0,0.191629,0.142167,0.857833,0,0.153346,0.114611,0.885389,0,0.121728,0.09139,0.90861,0,0.09584,3.1e-05,0.00025,0.001049,0.003077,0.007101,0.013716,0.023052,0.034612,0.04732,0.059749,0.070447,0.078242,0.082439,0.082886,0.079908,0.074175,0.066527,0.057828,0.048845,0.040182,0.03226,0.025322,0.019464,0.014672,0.010859,0.007901,0.017823,7.3e-05,0.000543,0.002135,0.005877,0.012724,0.023056,0.036351,0.051205,0.065675,0.077795,0.086051,0.089661,0.088627,0.083596,0.075608,0.065842,0.055401,0.045178,0.035799,0.027628,0.020809,0.015324,0.01105,0.007814,0.005426,0.003704,0.006994,0.998408,0.001592,0.995331,0.004669,0.988229,0.011771,0.974513,0.025487,0.951461,0.048539,0.916849,0.083151,0.869528,0.130472,0.80978,0.19022,0.739333,0.260667,0.661091,0.338909,0.578652,0.421348,0.495767,0.504233,0.415858,0.584142,0.341683,0.658317,0.275156,0.724844,0.217328,0.782672,0.168483,0.831517,0.128301,0.871699,0.096041,0.903959,0.070718,0.929282,0.051255,0.948745,0.997194,0.002806,0.991316,0.008684,0.978592,0.021408,0.955537,0.044463,0.919186,0.080814,0.86798,0.13202,0.802305,0.197695,0.72451,0.27549,0.638459,0.361541,0.548798,0.451202,0.460171,0.539829,0.376575,0.623425,0.300968,0.699032,0.235126,0.764874,0.179725,0.820275,0.134548,0.865452,0.098749,0.901251,0.07112,0.92888,0.050311,0.949689,0.034987,0.965013,0.023937,0.976063,1,0.001593,1,0.00281,1,0.00468,1,0.008722,1,0.011841,1,0.02164,1,0.025817,1,0.045482,1,0.049757,1,0.084267,1,0.086812,1,0.141587,1,0.139805,0,1.62103,1,0.210993,0,1.289204,1,0.302007,0,1.01738,1,0.413864,0,0.79584,1,0.547054,0,0.616503,1,0.701649,0,0.472527,0,0.537611,0,0.358059,0,0.418069,0,0.268044,0,0.321799,0,0.198116,0,0.245042,0,0.144503,0,0.184504,0,0.103971,0,0.137311,0,0.073776,0,0.100971,0,0.051621,0,0.073343,0,0.035614,0,0.052615,0,0.024228
2397,2025/26,6,Widzew Łódź,Pogoń Szczecin,13.0,8.0,21.0,14.8009,11.0951,25.896,0.053663,1,3893.0081,0.6455,0.5729,0.1664,0.4275,0.1681,0.0,0.0,0.0,2e-06,8e-06,2.7e-05,7.8e-05,0.000196,0.000444,0.000912,0.001724,0.003028,0.004979,0.007715,0.011329,0.015838,0.021166,0.027138,0.033484,0.039868,0.045921,0.051279,0.055624,0.058715,0.060409,0.060667,0.05955,0.057203,0.053833,0.049686,0.045016,0.040073,0.035078,0.030217,0.025634,0.021428,0.017663,0.014365,0.011532,0.009144,0.007164,0.005549,0.004251,0.003222,0.002417,0.001795,0.001321,0.000963,0.000695,0.000498,0.000354,0.0008,0.988601,0.011399,1,0.011464,0.980886,0.019114,1,0.019299,0.969557,0.030443,1,0.030916,0.953719,0.046281,1,0.047386,0.932553,0.067447,1,0.069829,0.905415,0.094585,1,0.099361,0.871932,0.128068,1,0.137044,0.832064,0.167936,1,0.183846,0.786143,0.213857,1,0.240617,0.734864,0.265136,0,1.327512,0.67924,0.32076,0,1.137063,0.620525,0.379475,0,0.968967,0.560116,0.439884,0,0.821245,0.49945,0.50055,0,0.692047,0.4399,0.5601,0,0.57964,0.382697,0.617303,0,0.482396,0.328864,0.671136,0,0.398784,0.279179,0.720821,0,0.327364,0.234162,0.765838,0,0.266785,0.194089,0.805911,0,0.215782,0.159011,0.840989,0,0.173176,0.128793,0.871207,0,0.137876,0.10316,0.89684,0,0.108878,0.081731,0.918269,0,0.085265,1.9e-05,0.000153,0.000666,0.002027,0.004854,0.009727,0.016961,0.026423,0.03748,0.049101,0.060065,0.069215,0.075666,0.078931,0.078952,0.076038,0.070758,0.063815,0.055924,0.047733,0.039761,0.032381,0.025824,0.020196,0.015509,0.011708,0.029492,0.000166,0.001153,0.004225,0.010844,0.021889,0.03698,0.054364,0.0714,0.085384,0.094302,0.097256,0.094483,0.087079,0.076581,0.06458,0.052435,0.041137,0.031278,0.023108,0.016628,0.011677,0.008018,0.005391,0.003554,0.002301,0.001464,0.002314,0.998544,0.001456,0.996517,0.003483,0.991663,0.008337,0.981936,0.018064,0.964975,0.035025,0.938551,0.061449,0.901071,0.098929,0.85197,0.14803,0.791905,0.208095,0.72269,0.27731,0.647024,0.352976,0.568092,0.431908,0.48914,0.51086,0.413102,0.586898,0.342343,0.657657,0.278529,0.721471,0.222605,0.777395,0.174872,0.825128,0.135111,0.864889,0.10273,0.89727,0.076906,0.923094,0.994447,0.005553,0.983603,0.016397,0.961714,0.038286,0.924734,0.075266,0.87037,0.12963,0.79897,0.20103,0.713586,0.286414,0.619284,0.380716,0.522029,0.477971,0.427546,0.572454,0.340467,0.659533,0.263886,0.736114,0.199306,0.800694,0.146871,0.853129,0.105734,0.894266,0.074456,0.925544,0.051348,0.948652,0.03472,0.96528,0.023042,0.976958,0.015025,0.984975,0.009634,0.990366,1,0.001457,1,0.005568,1,0.003489,1,0.016533,1,0.008372,1,0.039038,1,0.018229,1,0.078249,1,0.035653,1,0.138837,1,0.063418,1,0.224432,1,0.104171,0,1.250317,1,0.160204,0,0.965702,1,0.233314,0,0.738205,1,0.324775,0,0.557823,1,0.435372,0,0.416223,0,0.839543,0,0.30637,0,0.67166,0,0.222276,0,0.532904,0,0.158845,0,0.419072,0,0.111752,0,0.326463,0,0.077374,0,0.251807,0,0.052713,0,0.192217,0,0.035337,0,0.145154,0,0.023312,0,0.108398,0,0.015139,0,0.080024,0,0.009681
2398,2025/26,7,Arka Gdynia,Wisła Płock,8.0,18.0,26.0,12.6845,12.1405,24.825,0.053294,1,3943.9008,0.6594,0.5805,0.1557,0.428,0.1736,0.0,0.0,1e-06,3e-06,1.3e-05,4.3e-05,0.00012,0.000298,0.00066,0.001328,0.00246,0.004232,0.006813,0.010334,0.014848,0.020306,0.026541,0.03327,0.040125,0.046687,0.052535,0.057297,0.060687,0.062533,0.062789,0.061524,0.058909,0.055184,0.050633,0.045552,0.040218,0.034881,0.029741,0.024948,0.020605,0.016766,0.013449,0.010641,0.008309,0.006407,0.004881,0.003675,0.002736,0.002015,0.001468,0.001059,0.000757,0.000535,0.000375,0.000261,0.00018,0.00037,0.98403,0.01597,1,0.016099,0.973696,0.026304,1,0.026656,0.958848,0.041152,1,0.042022,0.938542,0.061458,1,0.063428,0.912002,0.087998,1,0.092114,0.878731,0.121269,1,0.129276,0.838606,0.161394,1,0.176014,0.791919,0.208081,1,0.233296,0.739384,0.260616,1,0.301938,0.682088,0.317912,1,0.382597,0.621401,0.378599,1,0.475779,0.558868,0.441132,1,0.581843,0.496078,0.503922,1,0.701021,0.434554,0.565446,1,0.833434,0.375646,0.624354,0,0.471037,0.320462,0.679538,0,0.386342,0.269828,0.730172,0,0.314476,0.224277,0.775723,0,0.253959,0.184058,0.815942,0,0.203412,0.149177,0.850823,0,0.161551,0.119437,0.880563,0,0.127193,0.094488,0.905512,0,0.099255,0.073884,0.926116,0,0.076755,0.057118,0.942882,0,0.058814,6.2e-05,0.000469,0.001867,0.005213,0.011441,0.021009,0.033561,0.047889,0.062206,0.074613,0.083554,0.088125,0.088162,0.08415,0.077008,0.067845,0.057746,0.04763,0.03817,0.02979,0.022688,0.016892,0.012314,0.008803,0.006179,0.004263,0.00828,8.6e-05,0.000633,0.002458,0.006682,0.014283,0.025545,0.039745,0.055236,0.069881,0.081636,0.089039,0.091464,0.08912,0.08285,0.073844,0.063363,0.052527,0.042197,0.032936,0.025035,0.01857,0.013466,0.009561,0.006657,0.004551,0.003058,0.005538,0.99753,0.00247,0.992317,0.007683,0.980876,0.019124,0.959868,0.040132,0.926306,0.073694,0.878417,0.121583,0.816211,0.183789,0.741598,0.258402,0.658044,0.341956,0.569919,0.430081,0.481757,0.518243,0.397606,0.602394,0.320599,0.679401,0.252754,0.747246,0.195008,0.804992,0.147378,0.852622,0.109208,0.890792,0.079418,0.920582,0.056731,0.943269,0.039839,0.960161,0.027525,0.972475,0.996786,0.003214,0.990104,0.009896,0.975821,0.024179,0.950276,0.049724,0.910531,0.089469,0.855295,0.144705,0.785413,0.214587,0.703777,0.296223,0.614738,0.385262,0.523273,0.476727,0.434153,0.565847,0.351303,0.648697,0.277459,0.722541,0.214097,0.785903,0.16157,0.83843,0.119373,0.880627,0.086437,0.913563,0.061402,0.938598,0.042832,0.957168,0.029366,0.970634,0.019804,0.980196,1,0.002473,1,0.003219,1,0.007713,1,0.009945,1,0.019309,1,0.024476,1,0.04096,1,0.051003,1,0.076551,1,0.093727,1,0.129634,1,0.156309,0,1.693967,1,0.241546,0,1.353239,1,0.351294,0,1.073073,1,0.486559,0,0.843782,1,0.647652,0,0.657311,1,0.834358,0,0.506844,1,1.046106,0,0.386544,1,1.282082,0,0.291361,1,1.541326,0,0.216923,1,1.822817,0,0.159439,1,2.125502,0,0.115644,0,0.090403,0,0.082749,0,0.063368,0,0.058404,0,0.043776,0,0.040654,0,0.029806,0,0.027911,0,0.020003
2399,2025/26,7,Bruk-Bet Termalica Nieciecza,Korona Kielce,8.0,24.0,32.0,13.9808,13.7146,27.6954,0.053294,1,3943.9008,0.6594,0.5805,0.1557,0.428,0.1736,0.0,0.0,0.0,1e-06,3e-06,1.1e-05,3.3e-05,8.6e-05,0.000204,0.000438,0.000865,0.001587,0.002725,0.004408,0.006756,0.009855,0.013737,0.018367,0.023626,0.029319,0.035187,0.04093,0.046236,0.050814,0.054416,0.056867,0.058072,0.058019,0.056776,0.054475,0.051296,0.047448,0.043146,0.0386,0.034,0.029505,0.025241,0.021299,0.017738,0.014587,0.01185,0.009515,0.007554,0.005933,0.004611,0.003547,0.002702,0.002039,0.001525,0.00113,0.000831,0.002092,0.994048,0.005952,1,0.00597,0.989639,0.010361,1,0.010415,0.982883,0.017117,1,0.017265,0.973029,0.026971,1,0.027342,0.959291,0.040709,1,0.04156,0.940924,0.059076,1,0.060893,0.917299,0.082701,1,0.086322,0.88798,0.11202,1,0.118806,0.852793,0.147207,1,0.159238,0.811863,0.188137,1,0.208423,0.765627,0.234373,1,0.26706,0.714813,0.285187,1,0.335734,0.660397,0.339603,1,0.414914,0.60353,0.39647,1,0.50496,0.545458,0.454542,1,0.60613,0.487438,0.512562,1,0.718591,0.430662,0.569338,1,0.842431,0.376187,0.623813,1,0.977669,0.324891,0.675109,1,1.124267,0.277443,0.722557,1,1.28214,0.234297,0.765703,0,0.266961,0.195697,0.804303,0,0.217779,0.161697,0.838303,0,0.176376,0.132192,0.867808,0,0.141785,2.9e-05,0.000232,0.000981,0.002898,0.006732,0.013086,0.02213,0.033426,0.045962,0.058357,0.069178,0.077235,0.081792,0.082642,0.080057,0.074661,0.067269,0.058734,0.049825,0.041163,0.033185,0.026155,0.020184,0.015274,0.011348,0.008288,0.018892,3.4e-05,0.000268,0.001118,0.003267,0.007507,0.014432,0.024136,0.036056,0.049033,0.061571,0.072185,0.079706,0.08348,0.08342,0.079921,0.073715,0.065686,0.056721,0.047588,0.038883,0.031002,0.024165,0.018443,0.013803,0.010143,0.007326,0.016171,0.998472,0.001528,0.995574,0.004426,0.988842,0.011158,0.975756,0.024244,0.953626,0.046374,0.9202,0.0798,0.874238,0.125762,0.815881,0.184119,0.746703,0.253297,0.669468,0.330532,0.587676,0.412324,0.505034,0.494966,0.424978,0.575022,0.350317,0.649683,0.283048,0.716952,0.224314,0.775686,0.174488,0.825512,0.133325,0.866675,0.10014,0.89986,0.073985,0.926015,0.053801,0.946199,0.99836,0.00164,0.995093,0.004907,0.987586,0.012414,0.973155,0.026845,0.949018,0.050982,0.912962,0.087038,0.86393,0.13607,0.802358,0.197642,0.730173,0.269827,0.650468,0.349532,0.566987,0.433013,0.483567,0.516433,0.403646,0.596354,0.329931,0.670069,0.264245,0.735755,0.207524,0.792476,0.159936,0.840064,0.121053,0.878947,0.090051,0.909949,0.065886,0.934114,0.047443,0.952557,1,0.001529,1,0.001641,1,0.004436,1,0.004919,1,0.011221,1,0.012492,1,0.024543,1,0.027212,1,0.047484,1,0.052328,1,0.083164,1,0.091061,0,2.073364,1,0.146264,0,1.692173,1,0.2202,0,1.373193,1,0.314474,0,1.107052,1,0.430063,0,0.885946,1,0.567419,0,0.703266,1,0.726565,0,0.553347,1,0.907217,0,0.431271,1,1.108872,0,0.332746,1,1.330879,0,0.254007,1,1.572508,0,0.191751,1,1.832982,0,0.143091,1,2.111527,0,0.105516,1,2.407379,0,0.076865,1,2.719829,0,0.055302,1,3.048226
2400,2025/26,7,Zagłębie Lubin,Piast Gliwice,11.0,15.0,26.0,12.6515,13.9744,26.6258,0.053294,1,3943.9008,0.6594,0.5805,0.1557,0.428,0.1736,0.0,0.0,0.0,1e-06,5e-06,1.8e-05,5.3e-05,0.000137,0.000317,0.000665,0.001284,0.002301,0.003861,0.006103,0.009139,0.013026,0.017743,0.023181,0.029139,0.035336,0.041443,0.047111,0.05201,0.055861,0.058465,0.059714,0.059598,0.058197,0.055664,0.052202,0.048047,0.043441,0.038613,0.033768,0.029075,0.024664,0.020626,0.017015,0.013853,0.011137,0.008846,0.006944,0.00539,0.004139,0.003145,0.002365,0.001762,0.0013,0.000951,0.000689,0.000495,0.001159,0.991357,0.008643,1,0.008681,0.985253,0.014747,1,0.014856,0.976115,0.023885,1,0.024175,0.963089,0.036911,1,0.03761,0.945346,0.054654,1,0.056205,0.922164,0.077836,1,0.081032,0.893025,0.106975,1,0.11314,0.857689,0.142311,1,0.153513,0.816246,0.183754,1,0.203039,0.769135,0.230865,1,0.262489,0.717125,0.282875,1,0.332505,0.661264,0.338736,1,0.413603,0.602799,0.397201,1,0.506171,0.543085,0.456915,1,0.610489,0.483487,0.516513,0,0.660654,0.425289,0.574711,0,0.553888,0.369625,0.630375,0,0.461441,0.317423,0.682577,0,0.381881,0.269376,0.730624,0,0.313857,0.225936,0.774064,0,0.2561,0.187323,0.812677,0,0.207422,0.153556,0.846444,0,0.166711,0.124481,0.875519,0,0.132938,0.099817,0.900183,0,0.105157,6.3e-05,0.000477,0.001899,0.005292,0.011596,0.021261,0.033911,0.048313,0.062659,0.07504,0.083902,0.088354,0.088254,0.084107,0.076849,0.067599,0.057448,0.04731,0.037855,0.029498,0.02243,0.016674,0.012137,0.008663,0.006071,0.004182,0.008089,2.9e-05,0.000233,0.000984,0.002906,0.00675,0.013117,0.022176,0.033487,0.046034,0.058434,0.06925,0.077295,0.081835,0.082663,0.080056,0.074641,0.067234,0.058687,0.049773,0.041109,0.033133,0.026106,0.020141,0.015238,0.011318,0.008264,0.018822,0.997492,0.002508,0.9922,0.0078,0.980604,0.019396,0.959343,0.040657,0.925432,0.074568,0.877119,0.122881,0.814459,0.185541,0.73942,0.26058,0.655518,0.344482,0.567164,0.432836,0.47891,0.52109,0.394804,0.605196,0.317955,0.682045,0.250356,0.749644,0.192908,0.807092,0.145599,0.854401,0.107744,0.892256,0.078246,0.921754,0.055815,0.944185,0.039141,0.960859,0.027004,0.972996,0.99847,0.00153,0.995563,0.004437,0.988814,0.011186,0.975697,0.024303,0.953521,0.046479,0.920033,0.079967,0.873999,0.126001,0.815566,0.184434,0.746316,0.253684,0.669021,0.330979,0.587186,0.412814,0.504523,0.495477,0.424467,0.575533,0.349826,0.650174,0.282592,0.717408,0.223905,0.776095,0.174132,0.825868,0.133023,0.866977,0.09989,0.90011,0.073784,0.926216,0.053643,0.946357,1,0.002511,1,0.001531,1,0.007831,1,0.004447,1,0.019587,1,0.011249,1,0.041507,1,0.024603,1,0.077495,1,0.047594,1,0.131113,1,0.083346,1,0.205231,1,0.134676,1,0.301889,1,0.203873,1,0.42233,1,0.292606,0,0.837396,1,0.40194,0,0.651833,1,0.532414,0,0.502203,1,0.684142,0,0.38266,1,0.856921,0,0.288157,0,0.430515,0,0.214318,0,0.332111,0,0.157355,0,0.25348,0,0.114002,0,0.19132,0,0.081477,0,0.142743,0,0.057433,0,0.105238,0,0.039928,0,0.076648,0,0.027375,0,0.055135
2401,2025/26,7,Górnik Zabrze,Motor Lublin,18.0,10.0,28.0,16.2779,12.4582,28.7361,0.053294,1,3943.9008,0.6594,0.5805,0.1557,0.428,0.1736,0.0,0.0,0.0,0.0,2e-06,7e-06,2.1e-05,5.7e-05,0.000137,0.000301,0.000605,0.00113,0.001976,0.003256,0.005084,0.007556,0.010735,0.014629,0.019182,0.02427,0.029702,0.035237,0.040602,0.045521,0.049739,0.053043,0.055283,0.05638,0.056325,0.055181,0.053063,0.050129,0.046565,0.042561,0.038306,0.033971,0.029704,0.025623,0.021816,0.018345,0.015241,0.012517,0.010166,0.008169,0.006496,0.005115,0.003988,0.003081,0.002359,0.00179,0.001347,0.003688,0.995764,0.004236,1,0.004245,0.992508,0.007492,1,0.00752,0.987424,0.012576,1,0.012655,0.979868,0.020132,1,0.020337,0.969134,0.030866,1,0.031353,0.954505,0.045495,1,0.046562,0.935323,0.064677,1,0.066864,0.911052,0.088948,1,0.093155,0.88135,0.11865,1,0.126301,0.846113,0.153887,1,0.167102,0.805511,0.194489,1,0.216278,0.75999,0.24001,1,0.27445,0.710252,0.289748,1,0.342136,0.657209,0.342791,1,0.419754,0.601926,0.398074,1,0.507621,0.545546,0.454454,1,0.605968,0.489221,0.510779,0,0.671818,0.43404,0.56596,0,0.569232,0.380978,0.619022,0,0.479614,0.330848,0.669152,0,0.401744,0.284284,0.715716,0,0.334471,0.241723,0.758277,0,0.276706,0.203417,0.796583,0,0.227424,0.169446,0.830554,0,0.185662,8e-06,7.1e-05,0.000325,0.001046,0.002643,0.00559,0.010285,0.016901,0.025285,0.034928,0.045047,0.054718,0.063045,0.069305,0.073043,0.074113,0.072651,0.069013,0.063697,0.057253,0.050218,0.04306,0.036154,0.029766,0.024061,0.019119,0.056713,7.1e-05,0.000531,0.002093,0.00578,0.012548,0.022795,0.036025,0.050853,0.065348,0.077541,0.085902,0.08963,0.088706,0.083762,0.075831,0.066091,0.05565,0.045409,0.036,0.027795,0.020942,0.015424,0.011124,0.007867,0.005463,0.003728,0.007035,0.997654,0.002346,0.996608,0.003392,0.993965,0.006035,0.988375,0.011625,0.97809,0.02191,0.961189,0.038811,0.935904,0.064096,0.900976,0.099024,0.855929,0.144071,0.801211,0.198789,0.738166,0.261834,0.668861,0.331139,0.595818,0.404182,0.521704,0.478296,0.449053,0.550947,0.38004,0.61996,0.316343,0.683657,0.25909,0.74091,0.208873,0.791127,0.165812,0.834188,0.129659,0.870341,0.99725,0.00275,0.991471,0.008529,0.978923,0.021077,0.956127,0.043873,0.920103,0.079897,0.86925,0.13075,0.803902,0.196098,0.726361,0.273639,0.640458,0.359542,0.550828,0.449172,0.462122,0.537878,0.37836,0.62164,0.30253,0.69747,0.236438,0.763562,0.180788,0.819212,0.135379,0.864621,0.099379,0.900621,0.071584,0.928416,0.050642,0.949358,0.035218,0.964782,0.024093,0.975907,1,0.002349,1,0.002754,1,0.003398,1,0.008566,1,0.006053,1,0.021302,1,0.011693,1,0.044865,1,0.022154,1,0.08327,1,0.039584,1,0.140125,1,0.066242,1,0.218278,1,0.104277,1,0.319708,1,0.155568,0,1.022924,1,0.221631,0,0.800349,1,0.303587,0,0.620124,1,0.402179,0,0.475394,1,0.51782,0,0.360296,1,0.650655,0,0.269761,1,0.800614,0,0.199412,1,0.967479,0,0.145464,0,0.380299,0,0.104671,0,0.299876,0,0.074275,0,0.234297,0,0.051969,0,0.181296,0,0.035853,0,0.13887,0,0.024388
2402,2025/26,7,Pogoń Szczecin,Raków Częstochowa,8.0,18.0,26.0,12.9759,13.7917,26.7676,0.053294,1,3943.9008,0.6594,0.5805,0.1557,0.428,0.1736,0.0,0.0,0.0,1e-06,5e-06,1.7e-05,5e-05,0.000129,0.000298,0.000628,0.001217,0.002188,0.003684,0.005842,0.008777,0.012551,0.017153,0.022484,0.028353,0.034495,0.040587,0.046286,0.051262,0.055233,0.05799,0.059416,0.059488,0.058271,0.055907,0.052593,0.048556,0.044036,0.039261,0.034439,0.029743,0.025307,0.021228,0.017564,0.014342,0.011564,0.009212,0.007253,0.005646,0.004348,0.003313,0.002499,0.001867,0.001382,0.001013,0.000736,0.000531,0.001254,0.991783,0.008217,1,0.008251,0.985941,0.014059,1,0.014159,0.977163,0.022837,1,0.023101,0.964612,0.035388,1,0.036029,0.947459,0.052541,1,0.053972,0.924975,0.075025,1,0.077988,0.896622,0.103378,1,0.109121,0.862127,0.137873,1,0.148353,0.821539,0.178461,1,0.196575,0.775253,0.224747,1,0.254565,0.723991,0.276009,1,0.322976,0.668758,0.331242,1,0.402333,0.610768,0.389232,1,0.493039,0.551351,0.448649,1,0.595383,0.491864,0.508136,0,0.677006,0.433593,0.566407,0,0.568442,0.377686,0.622314,0,0.47431,0.325093,0.674907,0,0.39318,0.276537,0.723463,0,0.323706,0.232501,0.767499,0,0.264619,0.19324,0.80676,0,0.214729,0.158801,0.841199,0,0.172927,0.129058,0.870942,0,0.13818,0.103751,0.896249,0,0.109537,5.2e-05,0.000399,0.001614,0.004566,0.010156,0.018903,0.030608,0.044267,0.058283,0.070856,0.080425,0.085977,0.087181,0.084344,0.078234,0.06986,0.060269,0.050386,0.040928,0.032376,0.024992,0.01886,0.013936,0.010098,0.007184,0.005024,0.010123,3.2e-05,0.000257,0.001076,0.003156,0.007274,0.014029,0.023538,0.035277,0.048129,0.060632,0.071314,0.078999,0.083008,0.083217,0.079985,0.074013,0.066165,0.05732,0.048247,0.039548,0.031635,0.024738,0.018942,0.014222,0.010485,0.007598,0.016928,0.997834,0.002166,0.993269,0.006731,0.983113,0.016887,0.96421,0.03579,0.933602,0.066398,0.889334,0.110666,0.831052,0.168948,0.760195,0.239805,0.67977,0.32023,0.593793,0.406207,0.506612,0.493388,0.422268,0.577732,0.344034,0.655966,0.274174,0.725826,0.213904,0.786096,0.163518,0.836482,0.122591,0.877409,0.090215,0.909785,0.065224,0.934776,0.046364,0.953636,0.032428,0.967572,0.998397,0.001603,0.995241,0.004759,0.987967,0.012033,0.973939,0.026061,0.9504,0.0496,0.915124,0.084876,0.866995,0.133005,0.806363,0.193637,0.735049,0.264951,0.65605,0.34395,0.573042,0.426958,0.489825,0.510175,0.409839,0.590161,0.335827,0.664173,0.269661,0.730339,0.212342,0.787658,0.164095,0.835905,0.124547,0.875453,0.092912,0.907088,0.068174,0.931826,0.049232,0.950768,1,0.002168,1,0.001604,1,0.006754,1,0.00477,1,0.017031,1,0.012106,1,0.036446,1,0.026407,1,0.068705,1,0.050872,1,0.117282,1,0.088696,0,1.778164,1,0.142722,0,1.427929,1,0.215221,0,1.138716,1,0.307818,0,0.900892,1,0.421518,0,0.706459,1,0.556796,0,0.548645,1,0.713707,0,0.421646,1,0.891991,0,0.320445,1,1.091159,0,0.240676,1,1.31059,0,0.17855,1,1.549557,0,0.130782,0,0.17924,0,0.094547,0,0.133014,0,0.067448,0,0.097516,0,0.047473,0,0.070609,0,0.032965,0,0.050485
2403,2025/26,7,Cracovia,Legia Warszawa,2.0,13.0,15.0,15.1753,13.8859,29.0612,0.053294,1,3943.9008,0.6594,0.5805,0.1557,0.428,0.1736,0.0,0.0,0.0,0.0,2e-06,6e-06,1.8e-05,4.8e-05,0.000117,0.000258,0.000524,0.000988,0.001744,0.002898,0.004564,0.00684,0.009798,0.013462,0.017794,0.022691,0.027984,0.033451,0.038833,0.043858,0.048268,0.051839,0.054404,0.055862,0.056182,0.055402,0.053618,0.050973,0.047641,0.043807,0.039661,0.035376,0.031107,0.026981,0.023097,0.019524,0.016304,0.013457,0.010983,0.008867,0.007084,0.005602,0.004388,0.003404,0.002617,0.001994,0.001506,0.004173,0.996295,0.003705,1,0.003712,0.993397,0.006603,1,0.006625,0.988833,0.011167,1,0.01123,0.981993,0.018007,0,4.016974,0.972194,0.027806,0,3.582514,0.958733,0.041267,0,3.187685,0.940939,0.059061,0,2.829187,0.918248,0.081752,0,2.504071,0.890264,0.109736,0,2.20968,0.856813,0.143187,0,1.943603,0.81798,0.18202,0,1.703638,0.774122,0.225878,0,1.487759,0.725854,0.274146,0,1.294095,0.674015,0.325985,0,1.120904,0.619611,0.380389,0,0.96656,0.563749,0.436251,0,0.829537,0.507567,0.492433,0,0.708396,0.452165,0.547835,0,0.601781,0.398547,0.601453,0,0.508407,0.347574,0.652426,0,0.427057,0.299933,0.700067,0,0.35658,0.256126,0.743874,0,0.295883,0.216465,0.783535,0,0.243939,0.181089,0.818911,0,0.19978,1.5e-05,0.000124,0.000549,0.001699,0.004134,0.008415,0.014903,0.023573,0.033945,0.045136,0.056032,0.065513,0.072656,0.076878,0.077991,0.07617,0.071871,0.065716,0.058382,0.05051,0.042645,0.035197,0.028445,0.022542,0.01754,0.013415,0.035171,3.1e-05,0.000244,0.001027,0.003024,0.006999,0.013551,0.022827,0.034344,0.04704,0.059493,0.070249,0.078125,0.082413,0.082944,0.080036,0.07435,0.066728,0.058034,0.04904,0.040356,0.032408,0.025442,0.019557,0.014742,0.01091,0.007937,0.017886,0.998479,0.001521,0.99678,0.00322,0.992646,0.007354,0.984231,0.015769,0.969329,0.030671,0.945755,0.054245,0.91181,0.08819,0.866674,0.133326,0.810642,0.189358,0.74513,0.25487,0.672474,0.327526,0.595595,0.404405,0.517604,0.482396,0.441434,0.558566,0.369563,0.630437,0.303847,0.696153,0.245465,0.754535,0.194955,0.805045,0.15231,0.84769,0.117113,0.882887,0.088668,0.911332,0.998437,0.001563,0.995412,0.004588,0.988414,0.011586,0.974862,0.025138,0.952036,0.047964,0.917692,0.082308,0.870651,0.129349,0.811158,0.188842,0.740908,0.259092,0.662783,0.337217,0.580371,0.419629,0.497427,0.502573,0.417391,0.582609,0.343041,0.656959,0.276313,0.723687,0.218279,0.781721,0.169239,0.830761,0.128883,0.871117,0.096475,0.903525,0.071033,0.928967,0.051476,0.948524,0,6.488387,1,0.001564,0,5.738374,1,0.004599,0,4.912511,1,0.011654,0,4.149709,1,0.025459,0,3.484438,1,0.049152,0,2.914244,1,0.085893,0,2.428262,1,0.138514,0,2.014958,1,0.209292,0,1.664116,1,0.299879,0,1.367002,1,0.411308,0,1.116188,1,0.544088,0,0.905338,0,0.688014,0,0.72899,0,0.540239,0,0.582382,0,0.420134,0,0.461342,0,0.323396,0,0.362186,0,0.246257,0,0.281654,0,0.185413,0,0.216857,0,0.137979,0,0.16524,0,0.101451,0,0.124558,0,0.073682,0,0.092848,0,0.052848
2404,2025/26,7,GKS Katowice,Radomiak Radom,18.0,9.0,27.0,13.5402,14.4054,27.9456,0.053294,1,3943.9008,0.6594,0.5805,0.1557,0.428,0.1736,0.0,0.0,0.0,1e-06,3e-06,1e-05,2.9e-05,7.8e-05,0.000184,0.000398,0.00079,0.001456,0.002514,0.004087,0.006295,0.009228,0.01293,0.017375,0.022464,0.028019,0.033798,0.039516,0.044867,0.049562,0.053348,0.056038,0.05752,0.057764,0.056819,0.054798,0.051868,0.048225,0.04408,0.039642,0.035099,0.030618,0.02633,0.022334,0.018697,0.015456,0.012623,0.010189,0.008132,0.00642,0.005016,0.003879,0.002971,0.002254,0.001694,0.001262,0.000933,0.002391,0.994538,0.005462,1,0.005477,0.990451,0.009549,1,0.009594,0.984157,0.015843,1,0.01597,0.974928,0.025072,1,0.025391,0.961999,0.038001,1,0.038742,0.944624,0.055376,1,0.056969,0.92216,0.07784,1,0.081036,0.894141,0.105859,1,0.111891,0.860343,0.139657,1,0.150424,0.820828,0.179172,1,0.197442,0.77596,0.22404,1,0.253654,0.726398,0.273602,1,0.319657,0.67305,0.32695,1,0.395936,0.617012,0.382988,1,0.482868,0.559491,0.440509,1,0.580727,0.501727,0.498273,0,0.696607,0.444908,0.555092,0,0.588622,0.39011,0.60989,0,0.494477,0.338243,0.661757,0,0.412856,0.290018,0.709982,0,0.342515,0.245937,0.754063,0,0.28228,0.206296,0.793704,0,0.231044,0.171197,0.828803,0,0.187773,0.140579,0.859421,0,0.151497,3.7e-05,0.000294,0.001219,0.003535,0.008062,0.015385,0.02554,0.037872,0.051121,0.06372,0.074152,0.081273,0.084494,0.083809,0.079701,0.072968,0.064541,0.05532,0.04607,0.037364,0.029571,0.02288,0.017333,0.012876,0.009392,0.006734,0.014551,2.3e-05,0.000186,0.000797,0.002395,0.005659,0.01119,0.019247,0.029572,0.041361,0.053418,0.064411,0.073148,0.078795,0.080981,0.079796,0.075696,0.069374,0.061612,0.053165,0.044677,0.036637,0.029371,0.023055,0.017746,0.013412,0.009964,0.023887,0.998266,0.001734,0.99473,0.00527,0.986668,0.013332,0.971283,0.028717,0.945743,0.054257,0.907871,0.092129,0.85675,0.14325,0.79303,0.20697,0.718877,0.281123,0.637604,0.362396,0.55311,0.44689,0.469302,0.530698,0.389601,0.610399,0.316632,0.683368,0.252092,0.747908,0.196772,0.803228,0.150701,0.849299,0.113337,0.886663,0.083766,0.916234,0.060886,0.939114,0.043553,0.956447,0.998568,0.001432,0.996173,0.003827,0.990514,0.009486,0.979325,0.020675,0.960077,0.039923,0.930505,0.069495,0.889144,0.110856,0.835726,0.164274,0.771315,0.228685,0.698168,0.301832,0.619373,0.380627,0.538391,0.461609,0.458595,0.541405,0.382899,0.617101,0.313526,0.686474,0.251914,0.748086,0.198749,0.801251,0.154072,0.845928,0.117435,0.882565,0.088064,0.911936,0.065009,0.934991,1,0.001736,1,0.001433,1,0.005284,1,0.003834,1,0.013422,1,0.009531,1,0.029137,1,0.020892,1,0.055784,1,0.040742,1,0.096653,1,0.072028,1,0.154609,1,0.117496,1,0.231894,0,1.80622,1,0.330065,0,1.47541,1,0.450038,0,1.197885,1,0.592198,0,0.965935,1,0.756509,0,0.773037,1,0.942632,0,0.613588,1,1.150015,0,0.482723,1,1.377961,0,0.376187,1,1.62571,0,0.290237,0,0.163344,0,0.221581,0,0.12029,0,0.167321,0,0.087483,0,0.124923,0,0.062818,0,0.092185,0,0.04453,0,0.067218
2405,2025/26,7,Lech Poznań,Widzew Łódź,13.0,15.0,28.0,15.5508,12.9253,28.4761,0.053294,1,3943.9008,0.6594,0.5805,0.1557,0.428,0.1736,0.0,0.0,0.0,0.0,2e-06,8e-06,2.3e-05,6.3e-05,0.00015,0.000328,0.000657,0.001222,0.00213,0.003496,0.005438,0.00805,0.011391,0.015459,0.020187,0.025433,0.03099,0.036602,0.041986,0.046858,0.050962,0.054091,0.056105,0.05694,0.056604,0.055176,0.052788,0.049612,0.045843,0.041679,0.03731,0.032907,0.028614,0.024544,0.02078,0.017372,0.014349,0.011715,0.009458,0.007554,0.00597,0.004671,0.00362,0.002779,0.002114,0.001594,0.001192,0.003185,0.995417,0.004583,1,0.004594,0.99192,0.00808,1,0.008112,0.986483,0.013517,1,0.01361,0.978432,0.021568,1,0.021804,0.967041,0.032959,1,0.033514,0.951582,0.048418,1,0.04963,0.931395,0.068605,1,0.071072,0.905962,0.094038,1,0.098758,0.874972,0.125028,1,0.133564,0.83837,0.16163,1,0.176296,0.796384,0.203616,1,0.227674,0.749527,0.250473,1,0.288314,0.698565,0.301435,1,0.358727,0.644474,0.355526,1,0.439321,0.588369,0.411631,1,0.530402,0.531429,0.468571,1,0.632186,0.474825,0.525175,0,0.644023,0.419649,0.580351,0,0.544122,0.366861,0.633139,0,0.457065,0.317248,0.682752,0,0.381624,0.271405,0.728595,0,0.316638,0.229727,0.770273,0,0.26101,0.192417,0.807583,0,0.213709,0.15951,0.84049,0,0.17377,1.2e-05,0.000102,0.000459,0.001439,0.003548,0.007321,0.013141,0.021068,0.030747,0.041437,0.052136,0.061783,0.069446,0.074476,0.076577,0.075801,0.07249,0.067179,0.060489,0.053042,0.045387,0.037968,0.0311,0.024979,0.019699,0.01527,0.041779,5.4e-05,0.000411,0.001655,0.004672,0.010368,0.019254,0.031103,0.044881,0.058953,0.071506,0.080976,0.086365,0.087373,0.084334,0.078044,0.06953,0.059846,0.049917,0.040453,0.031926,0.024588,0.018512,0.013648,0.009866,0.007002,0.004886,0.009782,0.998301,0.001699,0.996861,0.003139,0.993313,0.006687,0.985992,0.014008,0.972851,0.027149,0.951784,0.048216,0.921036,0.078964,0.879599,0.120401,0.827463,0.172537,0.765681,0.234319,0.696235,0.303765,0.621758,0.378242,0.545182,0.454818,0.469381,0.530619,0.396891,0.603109,0.329712,0.670288,0.269223,0.730777,0.216182,0.783818,0.170795,0.829205,0.132827,0.867173,0.101727,0.898273,0.997786,0.002214,0.993114,0.006886,0.982745,0.017255,0.963492,0.036508,0.932388,0.067612,0.887508,0.112492,0.828554,0.171446,0.757048,0.242952,0.676072,0.323928,0.589707,0.410293,0.502334,0.497666,0.417999,0.582001,0.339955,0.660045,0.270425,0.729575,0.210579,0.789421,0.160662,0.839338,0.12021,0.87979,0.088284,0.911716,0.063696,0.936304,0.045184,0.954816,0.031536,0.968464,1,0.0017,1,0.002216,1,0.003144,1,0.00691,1,0.006709,1,0.017406,1,0.014107,1,0.037191,1,0.027524,1,0.070006,1,0.049417,1,0.119338,1,0.082256,1,0.188073,1,0.128289,1,0.278329,1,0.189391,1,0.391456,1,0.26699,1,0.528129,1,0.362068,1,0.68849,0,0.972221,1,0.872276,0,0.787858,1,1.078942,0,0.633711,0,0.315293,0,0.505657,0,0.236456,0,0.400048,0,0.175142,0,0.313647,0,0.128072,0,0.243578,0,0.092427,0,0.187288,0,0.065815,0,0.142517,0,0.046237,0,0.107281,0,0.032044
2406,2025/26,7,Jagiellonia Białystok,Lechia Gdańsk,12.0,15.0,27.0,15.7392,12.442,28.1812,0.053294,1,3943.9008,0.6594,0.5805,0.1557,0.428,0.1736,0.0,0.0,0.0,1e-06,3e-06,9e-06,2.7e-05,7.2e-05,0.000171,0.00037,0.000737,0.001363,0.002359,0.003847,0.005943,0.008741,0.012287,0.016568,0.021496,0.026909,0.032581,0.038239,0.04359,0.048347,0.052257,0.055127,0.056833,0.057331,0.056652,0.054895,0.05221,0.048783,0.044815,0.040509,0.036056,0.03162,0.027341,0.023321,0.019634,0.016325,0.01341,0.010889,0.008744,0.006946,0.005461,0.004251,0.003277,0.002502,0.001894,0.001421,0.001057,0.002778,0.994889,0.005111,1,0.005124,0.991042,0.008958,1,0.008998,0.985099,0.014901,1,0.015013,0.976358,0.023642,1,0.023926,0.964071,0.035929,1,0.036591,0.947502,0.052498,1,0.053926,0.926007,0.073993,1,0.076874,0.899097,0.100903,1,0.106364,0.866516,0.133484,1,0.143274,0.828277,0.171723,1,0.188408,0.784687,0.215313,1,0.24247,0.73634,0.26366,1,0.306063,0.684083,0.315917,1,0.379676,0.628956,0.371044,1,0.463694,0.572122,0.427878,1,0.558402,0.514791,0.485209,0,0.723176,0.458139,0.541861,0,0.612745,0.403243,0.596757,0,0.516246,0.351033,0.648967,0,0.432374,0.302251,0.697749,0,0.359895,0.257436,0.742564,0,0.297646,0.216927,0.783073,0,0.244529,0.180871,0.819129,0,0.199514,0.149251,0.850749,0,0.161638,1.1e-05,9.3e-05,0.000419,0.001324,0.003287,0.006827,0.012334,0.019905,0.029242,0.039668,0.050239,0.059927,0.067804,0.073194,0.075754,0.07548,0.072659,0.067779,0.061432,0.054223,0.046704,0.039327,0.032425,0.026215,0.02081,0.016238,0.045376,7.2e-05,0.000536,0.00211,0.005823,0.012631,0.022928,0.036207,0.05107,0.065576,0.077751,0.086067,0.089732,0.088738,0.083726,0.075739,0.065959,0.055496,0.045248,0.035844,0.027653,0.020818,0.015322,0.011041,0.007802,0.005413,0.003692,0.006952,0.998173,0.001827,0.996849,0.003151,0.993562,0.006438,0.986735,0.013265,0.974401,0.025599,0.954496,0.045504,0.925254,0.074746,0.885586,0.114414,0.835347,0.164653,0.775421,0.224579,0.707617,0.292383,0.634423,0.365577,0.558669,0.441331,0.483189,0.516811,0.410529,0.589471,0.34275,0.65725,0.281319,0.718681,0.227095,0.772905,0.180391,0.819609,0.141064,0.858936,0.108639,0.891361,0.997229,0.002771,0.991406,0.008594,0.978775,0.021225,0.955847,0.044153,0.919639,0.080361,0.868569,0.131431,0.802993,0.197007,0.725243,0.274757,0.639176,0.360824,0.549444,0.450556,0.460707,0.539293,0.376981,0.623019,0.301242,0.698758,0.235283,0.764717,0.179786,0.820214,0.134539,0.865461,0.098694,0.901306,0.071041,0.928959,0.050223,0.949777,0.034901,0.965099,0.02386,0.97614,1,0.001829,1,0.002775,1,0.003156,1,0.008631,1,0.006459,1,0.021453,1,0.013354,1,0.045157,1,0.025932,1,0.083774,1,0.046572,1,0.140908,1,0.077687,1,0.219409,1,0.121506,1,0.321249,1,0.179908,1,0.447575,1,0.254349,1,0.598848,0,1.229691,1,0.774993,0,1.006278,1,0.97556,0,0.81796,1,1.199841,0,0.660078,0,0.268249,0,0.52853,0,0.19819,0,0.419691,0,0.144493,0,0.330338,0,0.10391,0,0.257599,0,0.073691,0,0.198928,0,0.051528,0,0.152061,0,0.035525,0,0.115006,0,0.024149
2407,2025/26,8,Wisła Płock,Cracovia,8.0,7.0,15.0,13.9014,11.2571,25.1585,0.053869,1,4000.4944,0.6376,0.5647,0.1573,0.4313,0.1756,0.0,0.0,1e-06,3e-06,1.1e-05,3.8e-05,0.000108,0.000267,0.000594,0.001202,0.002235,0.003861,0.006245,0.009519,0.013749,0.018906,0.024852,0.031339,0.03803,0.044533,0.050445,0.055396,0.059091,0.061334,0.062049,0.061269,0.05913,0.055843,0.051665,0.046877,0.04175,0.036532,0.031432,0.026612,0.022187,0.018227,0.014765,0.011799,0.009308,0.007251,0.005582,0.004247,0.003196,0.00238,0.001753,0.001279,0.000924,0.000662,0.000469,0.00033,0.00023,0.000492,0.985435,0.014565,1,0.014672,0.975916,0.024084,1,0.024379,0.962167,0.037833,1,0.038568,0.943261,0.056739,0,2.869286,0.918409,0.081591,0,2.506033,0.88707,0.11293,0,2.180986,0.84904,0.15096,0,1.890739,0.804506,0.195494,0,1.632227,0.754061,0.245939,0,1.402671,0.698665,0.301335,0,1.199531,0.639574,0.360426,0,1.020469,0.57824,0.42176,0,0.863318,0.516191,0.483809,0,0.726065,0.454922,0.545078,0,0.606826,0.395792,0.604208,0,0.503836,0.339949,0.660051,0,0.415438,0.288284,0.711716,0,0.340076,0.241407,0.758593,0,0.27629,0.199657,0.800343,0,0.222715,0.163125,0.836875,0,0.178081,0.131694,0.868306,0,0.141211,0.105082,0.894918,0,0.111023,0.082895,0.917105,0,0.086533,0.064668,0.935332,0,0.066853,3.1e-05,0.000248,0.001038,0.003045,0.007029,0.013583,0.022842,0.034322,0.046962,0.059352,0.070051,0.077889,0.082167,0.082718,0.079855,0.074231,0.066677,0.058048,0.04911,0.040467,0.032545,0.025591,0.019706,0.014882,0.011036,0.008045,0.018256,0.000151,0.001057,0.003904,0.010101,0.020556,0.035017,0.051913,0.068767,0.082951,0.092422,0.096166,0.094265,0.087667,0.077804,0.066217,0.054265,0.042971,0.03298,0.024598,0.017869,0.012669,0.008782,0.005962,0.003969,0.002595,0.001668,0.0027,0.99841,0.00159,0.995365,0.004635,0.988335,0.011665,0.974752,0.025248,0.95191,0.04809,0.917588,0.082412,0.870626,0.129374,0.811274,0.188726,0.741223,0.258777,0.663334,0.336666,0.581168,0.418832,0.49845,0.50155,0.418595,0.581405,0.344364,0.655636,0.277687,0.722313,0.219638,0.780362,0.170528,0.829472,0.130061,0.869939,0.097516,0.902484,0.071925,0.928075,0.052219,0.947781,0.994876,0.005124,0.984775,0.015225,0.96422,0.03578,0.929202,0.070798,0.877289,0.122711,0.808522,0.191478,0.72557,0.27443,0.633148,0.366852,0.536983,0.463017,0.442718,0.557282,0.355051,0.644949,0.277247,0.722753,0.21103,0.78897,0.156764,0.843236,0.113793,0.886207,0.080813,0.919187,0.056215,0.943785,0.038346,0.961654,0.025676,0.974324,0.016894,0.983106,0.010932,0.989068,1,0.001591,1,0.005137,1,0.004646,1,0.015342,1,0.011734,1,0.036436,1,0.025572,1,0.073429,1,0.049285,1,0.130919,1,0.086007,0,1.652982,0,2.045048,0,1.293059,0,1.667459,0,1.002797,0,1.351789,0,0.769992,0,1.088664,0,0.584684,0,0.870285,0,0.438584,0,0.690052,0,0.324688,0,0.542308,0,0.237027,0,0.42215,0,0.170508,0,0.325297,0,0.120805,0,0.247997,0,0.084266,0,0.186966,0,0.057857,0,0.139332,0,0.039101,0,0.102604,0,0.026011,0,0.074643,0,0.017038,0,0.053632,0,0.010992
2408,2025/26,8,Legia Warszawa,Radomiak Radom,13.0,13.0,26.0,15.4668,10.656,26.1228,0.053869,1,4000.4944,0.6376,0.5647,0.1573,0.4313,0.1756,0.0,0.0,0.0,2e-06,7e-06,2.5e-05,7.3e-05,0.000184,0.000416,0.000856,0.001622,0.002855,0.004706,0.007312,0.010767,0.015098,0.020242,0.02604,0.032243,0.038534,0.044557,0.049957,0.054418,0.057694,0.059628,0.060164,0.059342,0.057289,0.054193,0.050284,0.045807,0.041006,0.036102,0.031283,0.026698,0.022457,0.018629,0.015248,0.012322,0.009837,0.00776,0.006053,0.00467,0.003565,0.002695,0.002017,0.001495,0.001098,0.0008,0.000577,0.000414,0.000961,0.989254,0.010746,1,0.010804,0.981942,0.018058,1,0.018223,0.971175,0.028825,1,0.029248,0.956078,0.043922,1,0.044916,0.935836,0.064164,1,0.066315,0.909796,0.090204,1,0.094534,0.877553,0.122447,1,0.130618,0.839019,0.160981,1,0.175521,0.794463,0.205537,1,0.230089,0.744506,0.255494,1,0.295034,0.690088,0.309912,1,0.370937,0.632394,0.367606,1,0.458243,0.572766,0.427234,1,0.557278,0.512603,0.487397,1,0.668254,0.45326,0.54674,0,0.603783,0.395971,0.604029,0,0.504133,0.341778,0.658222,0,0.418213,0.291495,0.708505,0,0.344598,0.245687,0.754313,0,0.281948,0.204681,0.795319,0,0.229012,0.168579,0.831421,0,0.184619,0.137296,0.862704,0,0.147684,0.110598,0.889402,0,0.117205,0.08814,0.91186,0,0.092269,1.3e-05,0.00011,0.000488,0.001519,0.003722,0.007635,0.013628,0.021734,0.031566,0.042344,0.053047,0.062606,0.070101,0.074906,0.076755,0.075733,0.072205,0.066722,0.059915,0.052404,0.044734,0.037336,0.030516,0.024461,0.019254,0.014899,0.040566,0.00022,0.00149,0.005317,0.013291,0.02613,0.043004,0.061591,0.078819,0.09185,0.098866,0.099381,0.094111,0.084555,0.072497,0.059607,0.047191,0.036102,0.026768,0.019287,0.013536,0.009271,0.006209,0.004072,0.002619,0.001654,0.001027,0.00153,0.998307,0.001693,0.996788,0.003212,0.993065,0.006935,0.98543,0.01457,0.971803,0.028197,0.950068,0.049932,0.918503,0.081497,0.876159,0.123841,0.823112,0.176888,0.760506,0.239494,0.690406,0.309594,0.6155,0.3845,0.538744,0.461256,0.463011,0.536989,0.390807,0.609193,0.324085,0.675915,0.264169,0.735831,0.211765,0.788235,0.167032,0.832968,0.129696,0.870304,0.099179,0.900821,0.992967,0.007033,0.979676,0.020324,0.953546,0.046454,0.910542,0.089458,0.848951,0.151049,0.770133,0.229867,0.678282,0.321718,0.579416,0.420584,0.480036,0.519964,0.385925,0.614075,0.30137,0.69863,0.228873,0.771127,0.169266,0.830734,0.122075,0.877925,0.085974,0.914026,0.059206,0.940794,0.039918,0.960082,0.026382,0.973618,0.017111,0.982889,0.010902,0.989098,0.00683,0.99317,1,0.001694,1,0.007058,1,0.003217,1,0.020533,1,0.006959,1,0.047568,1,0.014677,1,0.093715,1,0.028602,1,0.163754,1,0.051222,1,0.261192,1,0.08501,1,0.388192,1,0.132208,1,0.545735,1,0.194663,1,0.733894,1,0.273771,1,0.952112,1,0.370475,1,1.199417,0,0.955811,0,0.259902,0,0.773802,0,0.185446,0,0.621778,0,0.130194,0,0.49562,0,0.089896,0,0.391688,0,0.061031,0,0.306755,0,0.040737,0,0.237959,0,0.026736,0,0.18276,0,0.017259,0,0.138913,0,0.010962,0,0.104449,0,0.006853
2409,2025/26,8,Lechia Gdańsk,GKS Katowice,13.0,11.0,24.0,16.5393,12.6899,29.2292,0.053869,1,4000.4944,0.6376,0.5647,0.1573,0.4313,0.1756,0.0,0.0,0.0,0.0,2e-06,6e-06,1.8e-05,4.8e-05,0.000115,0.000254,0.000514,0.000968,0.001705,0.002831,0.004454,0.006672,0.009554,0.013126,0.017354,0.022141,0.027328,0.0327,0.038008,0.042991,0.047396,0.051003,0.053645,0.055217,0.055681,0.055066,0.053458,0.05099,0.047824,0.044141,0.040121,0.035935,0.031736,0.027652,0.023784,0.020204,0.016959,0.014073,0.011549,0.009377,0.007536,0.005996,0.004725,0.00369,0.002855,0.002191,0.001667,0.004743,0.996371,0.003629,1,0.003636,0.99354,0.00646,1,0.006481,0.989086,0.010914,1,0.010974,0.982414,0.017586,1,0.017742,0.97286,0.02714,1,0.027515,0.959735,0.040265,1,0.041099,0.94238,0.05762,1,0.059346,0.920239,0.079761,1,0.083122,0.892911,0.107089,1,0.113268,0.860212,0.139788,1,0.150577,0.822204,0.177796,1,0.195767,0.779213,0.220787,1,0.249471,0.731817,0.268183,0,1.316085,0.680814,0.319186,0,1.14198,0.627168,0.372832,0,0.986628,0.571951,0.428049,0,0.848518,0.51627,0.48373,0,0.726229,0.461205,0.538795,0,0.618419,0.407747,0.592253,0,0.523821,0.356757,0.643243,0,0.441232,0.308932,0.691068,0,0.369517,0.264791,0.735209,0,0.307601,0.224671,0.775329,0,0.254467,0.188736,0.811264,0,0.209162,7e-06,6.4e-05,0.000295,0.000951,0.002417,0.005139,0.009508,0.015721,0.023669,0.032915,0.042747,0.0523,0.060709,0.067249,0.071436,0.073069,0.07222,0.069183,0.064403,0.058395,0.051676,0.044712,0.037885,0.031481,0.025688,0.020606,0.063168,6.3e-05,0.000476,0.00189,0.00526,0.011513,0.021096,0.033639,0.047929,0.062185,0.074523,0.083404,0.087936,0.087964,0.08397,0.076867,0.067755,0.05771,0.047641,0.038218,0.029863,0.022773,0.01698,0.012399,0.008879,0.006243,0.004316,0.008433,0.997245,0.002755,0.996294,0.003706,0.993877,0.006123,0.988739,0.011261,0.97923,0.02077,0.96351,0.03649,0.939841,0.060159,0.906926,0.093074,0.864179,0.135821,0.811879,0.188121,0.75117,0.24883,0.683922,0.316078,0.612486,0.387514,0.539417,0.460583,0.467197,0.532803,0.398014,0.601986,0.333611,0.666389,0.275216,0.724784,0.22354,0.77646,0.178828,0.821172,0.140943,0.859057,0.997496,0.002504,0.992236,0.007764,0.980723,0.019277,0.959627,0.040373,0.925988,0.074012,0.878059,0.121941,0.815874,0.184126,0.74135,0.25865,0.657946,0.342054,0.57001,0.42999,0.482047,0.517953,0.398077,0.601923,0.321209,0.678791,0.253454,0.746546,0.195744,0.804256,0.148103,0.851897,0.109885,0.890115,0.080022,0.919978,0.057249,0.942751,0.040269,0.959731,0.02787,0.97213,1,0.002759,1,0.002507,1,0.003713,1,0.007794,1,0.006142,1,0.019465,1,0.011325,1,0.041211,1,0.020989,1,0.076894,1,0.037172,1,0.130041,1,0.062045,1,0.203495,1,0.097694,1,0.299282,1,0.145975,1,0.418632,1,0.208404,0,0.843993,1,0.286123,0,0.657871,0,1.151766,0,0.507626,0,0.948003,0,0.387442,0,0.775262,0,0.292298,0,0.629604,0,0.217838,0,0.507521,0,0.16029,0,0.405882,0,0.116405,0,0.321882,0,0.083406,0,0.25301,0,0.058953,0,0.197023,0,0.041102,0,0.15192,0,0.028266
2410,2025/26,8,Motor Lublin,Bruk-Bet Termalica Nieciecza,14.0,10.0,24.0,15.7331,13.3036,29.0367,0.053869,1,4000.4944,0.6376,0.5647,0.1573,0.4313,0.1756,0.0,0.0,0.0,0.0,2e-06,6e-06,1.9e-05,5.1e-05,0.000122,0.000269,0.000543,0.001021,0.001794,0.002973,0.004667,0.006974,0.009963,0.013653,0.018004,0.022909,0.028198,0.033645,0.038992,0.043971,0.048326,0.051839,0.054346,0.055751,0.056027,0.055213,0.053408,0.050754,0.047424,0.043603,0.039475,0.035215,0.030973,0.026874,0.023016,0.019467,0.016268,0.013438,0.010977,0.008871,0.007095,0.005618,0.004406,0.003423,0.002635,0.002011,0.001522,0.004247,0.996173,0.003827,1,0.003834,0.993201,0.006799,1,0.006823,0.988534,0.011466,1,0.011532,0.98156,0.01844,1,0.018612,0.971597,0.028403,1,0.028814,0.957944,0.042056,1,0.042966,0.93994,0.06006,1,0.061939,0.917031,0.082969,1,0.086614,0.888833,0.111167,1,0.117846,0.855188,0.144812,1,0.156434,0.816196,0.183804,1,0.203101,0.772225,0.227775,1,0.258479,0.723899,0.276101,0,1.286988,0.67206,0.32794,0,1.114924,0.617713,0.382287,0,0.961584,0.561962,0.438038,0,0.82545,0.505935,0.494065,0,0.705089,0.450723,0.549277,0,0.599152,0.397315,0.602685,0,0.506361,0.346561,0.653439,0,0.425506,0.299137,0.700863,0,0.355443,0.255534,0.744466,0,0.295089,0.216059,0.783941,0,0.243421,0.180844,0.819156,0,0.199481,1.1e-05,9.6e-05,0.00043,0.001352,0.003343,0.00692,0.012467,0.020068,0.029417,0.039829,0.050362,0.059991,0.067799,0.073122,0.075625,0.075313,0.072474,0.067595,0.061264,0.054083,0.046598,0.039254,0.032383,0.026199,0.020814,0.016256,0.045605,4.4e-05,0.000341,0.001393,0.003985,0.008968,0.016895,0.027699,0.040577,0.05413,0.066697,0.076749,0.083199,0.085569,0.083985,0.079047,0.07164,0.062738,0.05325,0.043922,0.035286,0.027667,0.02121,0.015924,0.011724,0.008476,0.006025,0.012711,0.998132,0.001868,0.99678,0.00322,0.993437,0.006563,0.986517,0.013483,0.974051,0.025949,0.953983,0.046017,0.924566,0.075434,0.884736,0.115264,0.834374,0.165626,0.774383,0.225617,0.706585,0.293415,0.633463,0.366537,0.557838,0.442162,0.482525,0.517475,0.410051,0.589949,0.342457,0.657543,0.281193,0.718807,0.227109,0.772891,0.180512,0.819488,0.141258,0.858742,0.108875,0.891125,0.998073,0.001927,0.994089,0.005911,0.985121,0.014879,0.968226,0.031774,0.940527,0.059473,0.89995,0.10005,0.84582,0.15418,0.779122,0.220878,0.702374,0.297626,0.619175,0.380825,0.533606,0.466394,0.449621,0.550379,0.370573,0.629427,0.298933,0.701067,0.236196,0.763804,0.182945,0.817055,0.139023,0.860977,0.103737,0.896263,0.07607,0.92393,0.05486,0.94514,0.038936,0.961064,1,0.00187,1,0.001929,1,0.003225,1,0.005929,1,0.006585,1,0.014991,1,0.013575,1,0.03229,1,0.026292,1,0.061315,1,0.047109,1,0.105416,1,0.078431,1,0.167449,1,0.122466,1,0.249588,1,0.181074,0,1.211918,1,0.255689,0,0.965415,1,0.347312,0,0.762725,1,0.456554,0,0.597148,0,0.816079,0,0.462945,0,0.658794,0,0.355152,0,0.527719,0,0.269444,0,0.419245,0,0.202049,0,0.330162,0,0.149687,0,0.257617,0,0.109521,0,0.199076,0,0.079119,0,0.152287,0,0.056422,0,0.115271,0,0.039714
2411,2025/26,8,Korona Kielce,Pogoń Szczecin,18.0,21.0,39.0,14.7547,12.1903,26.9449,0.053869,1,4000.4944,0.6376,0.5647,0.1573,0.4313,0.1756,0.0,0.0,0.0,1e-06,5e-06,1.6e-05,4.8e-05,0.000124,0.000287,0.000604,0.00117,0.002106,0.003547,0.005629,0.008466,0.012123,0.016592,0.021786,0.027527,0.033562,0.039582,0.045255,0.050258,0.054309,0.057198,0.058797,0.059072,0.058074,0.055931,0.052824,0.048972,0.044604,0.039945,0.035201,0.030546,0.026119,0.02202,0.018314,0.015035,0.01219,0.009765,0.007733,0.006056,0.004692,0.003597,0.002731,0.002053,0.001529,0.001129,0.000826,0.000599,0.00145,0.992092,0.007908,1,0.007939,0.986463,0.013537,1,0.01363,0.977996,0.022004,1,0.022249,0.965874,0.034126,1,0.034722,0.949281,0.050719,1,0.05205,0.927495,0.072505,1,0.075268,0.899968,0.100032,1,0.105397,0.866405,0.133595,1,0.143402,0.826823,0.173177,1,0.190164,0.781568,0.218432,1,0.246453,0.731311,0.268689,1,0.312917,0.677002,0.322998,1,0.390082,0.619804,0.380196,1,0.478352,0.561007,0.438993,1,0.578022,0.501935,0.498065,1,0.689284,0.443862,0.556138,1,0.812243,0.387931,0.612069,1,0.946928,0.335106,0.664894,1,1.093307,0.286135,0.713865,1,1.251293,0.241531,0.758469,1,1.420759,0.201585,0.798415,1,1.601542,0.166384,0.833616,1,1.793457,0.135838,0.864162,1,1.996294,0.109719,0.890281,1,2.209832,1.9e-05,0.000158,0.000686,0.002081,0.004968,0.009928,0.017266,0.026831,0.037968,0.049626,0.060575,0.069656,0.075995,0.079121,0.078995,0.075943,0.070548,0.063519,0.055575,0.047362,0.039392,0.032034,0.025512,0.019925,0.015281,0.011521,0.028915,8.5e-05,0.000627,0.002429,0.0066,0.014104,0.025228,0.039272,0.054626,0.06919,0.080947,0.08844,0.09103,0.088895,0.082842,0.074033,0.063706,0.052971,0.04269,0.033433,0.025503,0.018986,0.01382,0.009851,0.006887,0.004728,0.00319,0.005847,0.998537,0.001463,0.996456,0.003544,0.991488,0.008512,0.98156,0.01844,0.964294,0.035706,0.937463,0.062537,0.899495,0.100505,0.849868,0.150132,0.789293,0.210707,0.719637,0.280363,0.643642,0.356358,0.564521,0.435479,0.485526,0.514474,0.409583,0.590417,0.339035,0.660965,0.275516,0.724484,0.219941,0.780059,0.172579,0.827421,0.133187,0.866813,0.101153,0.898847,0.075641,0.924359,0.996818,0.003182,0.990218,0.009782,0.976114,0.023886,0.950886,0.049114,0.911613,0.088387,0.856988,0.143012,0.787798,0.212202,0.706851,0.293149,0.618411,0.381589,0.527381,0.472619,0.438486,0.561514,0.355644,0.644356,0.281611,0.718389,0.217906,0.782094,0.164934,0.835066,0.122244,0.877756,0.088811,0.911189,0.063309,0.936691,0.044323,0.955677,0.030503,0.969497,0.020651,0.979349,1,0.001464,1,0.003187,1,0.00355,1,0.00983,1,0.008548,1,0.024176,1,0.018612,1,0.050361,1,0.036359,1,0.09254,1,0.064578,1,0.154331,1,0.105922,1,0.238514,1,0.162674,1,0.346935,1,0.236618,1,0.480602,1,0.329008,1,0.639832,1,0.440613,1,0.824427,1,0.571778,1,1.033825,1,0.722522,1,1.267229,1,0.892616,1,1.523692,1,1.081652,1,1.80221,1,1.28911,1,2.101736,0,0.248386,1,2.421245,0,0.189442,1,2.759728,0,0.142932,1,3.116252,0,0.106642,0,0.030978,0,0.078655,0,0.020867
2412,2025/26,8,Lech Poznań,Zagłębie Lubin,25.0,9.0,34.0,15.3189,13.1796,28.4985,0.053869,1,4000.4944,0.6376,0.5647,0.1573,0.4313,0.1756,0.0,0.0,0.0,1e-06,2e-06,8e-06,2.4e-05,6.3e-05,0.000152,0.00033,0.000661,0.001228,0.002137,0.003504,0.005444,0.008053,0.011385,0.015441,0.020152,0.025377,0.030912,0.036501,0.041864,0.04672,0.050813,0.05394,0.055961,0.056809,0.056494,0.055092,0.052734,0.04959,0.045851,0.041714,0.03737,0.032986,0.028707,0.024647,0.020886,0.017479,0.014453,0.011812,0.009547,0.007634,0.006041,0.004733,0.003672,0.002823,0.00215,0.001623,0.001216,0.003266,0.995395,0.004605,1,0.004616,0.99189,0.00811,1,0.008143,0.986446,0.013554,1,0.013646,0.978394,0.021606,1,0.021843,0.967009,0.032991,1,0.033548,0.951568,0.048432,1,0.049644,0.931416,0.068584,1,0.071049,0.906039,0.093961,1,0.098673,0.875127,0.124873,1,0.133387,0.838626,0.161374,1,0.175991,0.796762,0.203238,1,0.2272,0.750042,0.249958,1,0.287626,0.699228,0.300772,1,0.357778,0.645288,0.354712,1,0.438058,0.589327,0.410673,1,0.528773,0.532518,0.467482,1,0.630138,0.476024,0.523976,1,0.742286,0.420932,0.579068,1,0.865283,0.368198,0.631802,1,0.999134,0.318609,0.681391,1,1.143792,0.272758,0.727242,1,1.299171,0.231044,0.768956,1,1.465149,0.193674,0.806326,0,0.215267,0.160688,0.839312,0,0.175173,1.4e-05,0.000118,0.000523,0.001621,0.003952,0.008063,0.014317,0.022714,0.032815,0.04379,0.054571,0.064067,0.071361,0.075854,0.077319,0.075889,0.071975,0.066161,0.0591,0.05142,0.043664,0.036252,0.029475,0.023503,0.018402,0.014165,0.03793,4.7e-05,0.000365,0.001481,0.004214,0.009432,0.017673,0.028817,0.041985,0.055703,0.068262,0.078121,0.084224,0.086152,0.084096,0.07872,0.070954,0.061799,0.052168,0.042794,0.034193,0.026664,0.02033,0.015179,0.011115,0.007992,0.00565,0.011738,0.998382,0.001618,0.996761,0.003239,0.992809,0.007191,0.984746,0.015254,0.970429,0.029571,0.947715,0.052285,0.914899,0.085101,0.871109,0.128891,0.816538,0.183462,0.752471,0.247529,0.68111,0.31889,0.605257,0.394743,0.527938,0.472062,0.452048,0.547952,0.380074,0.619926,0.313913,0.686087,0.254813,0.745187,0.203392,0.796608,0.159728,0.840272,0.123476,0.876524,0.094,0.906,0.997977,0.002023,0.993763,0.006237,0.98433,0.01567,0.966657,0.033343,0.93784,0.06216,0.895855,0.104145,0.840151,0.159849,0.771889,0.228111,0.693769,0.306231,0.609545,0.390455,0.523393,0.476607,0.439297,0.560703,0.360576,0.639424,0.289622,0.710378,0.227823,0.772177,0.175655,0.824345,0.132861,0.867139,0.098668,0.901332,0.072004,0.927996,0.051675,0.948325,0.036495,0.963505,1,0.001619,1,0.002025,1,0.003244,1,0.006257,1,0.007217,1,0.015794,1,0.015372,1,0.033912,1,0.030017,1,0.064176,1,0.053701,1,0.109977,1,0.088942,1,0.174174,1,0.137988,0,1.477923,1,0.202682,0,1.183416,1,0.284393,0,0.940443,1,0.384031,0,0.741063,1,0.502102,0,0.578564,1,0.638776,0,0.447188,1,0.793967,0,0.341958,1,0.967389,0,0.258541,1,1.158639,0,0.193166,1,1.367225,0,0.142556,1,1.59262,0,0.103882,1,1.834283,0,0.074728,1,2.091708,0,0.053058,1,2.36446,0,0.037178
2413,2025/26,8,Raków Częstochowa,Górnik Zabrze,9.0,16.0,25.0,15.0144,12.9932,28.0076,0.053869,1,4000.4944,0.6376,0.5647,0.1573,0.4313,0.1756,0.0,0.0,0.0,1e-06,3e-06,1e-05,3e-05,7.8e-05,0.000185,0.000399,0.00079,0.001455,0.002507,0.00407,0.006262,0.009172,0.012842,0.017247,0.022289,0.027794,0.033526,0.039201,0.044521,0.049199,0.052987,0.055697,0.057218,0.057517,0.056638,0.054692,0.051838,0.04827,0.044193,0.039812,0.035315,0.030867,0.0266,0.022613,0.018975,0.015723,0.012873,0.010418,0.008338,0.006601,0.005172,0.004012,0.003082,0.002346,0.001769,0.001323,0.000981,0.002547,0.994543,0.005457,1,0.005472,0.990473,0.009527,1,0.009573,0.98421,0.01579,1,0.015916,0.975038,0.024962,1,0.025279,0.962196,0.037804,1,0.038537,0.944949,0.055051,1,0.056624,0.92266,0.07734,1,0.080494,0.894866,0.105134,1,0.111081,0.86134,0.13866,1,0.149266,0.82214,0.17786,1,0.195845,0.777619,0.222381,1,0.251519,0.728419,0.271581,1,0.316878,0.675432,0.324568,1,0.392402,0.619735,0.380265,0,0.966887,0.562517,0.437483,0,0.826717,0.505,0.495,0,0.703197,0.448361,0.551639,0,0.594862,0.393669,0.606331,0,0.500329,0.341831,0.658169,0,0.418293,0.293561,0.706439,0,0.347518,0.249368,0.750632,0,0.28684,0.209556,0.790444,0,0.235161,0.174241,0.825759,0,0.191452,0.143374,0.856626,0,0.154753,1.7e-05,0.000138,0.000605,0.001855,0.004471,0.009022,0.015843,0.024859,0.03552,0.046877,0.057777,0.067085,0.073902,0.077691,0.078322,0.076028,0.071314,0.064834,0.057278,0.049287,0.041393,0.033989,0.027332,0.021554,0.016691,0.012707,0.032861,5.3e-05,0.000403,0.001624,0.004585,0.010176,0.018908,0.030575,0.044175,0.058121,0.070632,0.080161,0.085705,0.086937,0.084157,0.078122,0.069829,0.060312,0.050489,0.041073,0.032544,0.025167,0.019029,0.01409,0.010232,0.007296,0.005114,0.010382,0.998491,0.001509,0.996636,0.003364,0.992165,0.007835,0.983143,0.016857,0.9673,0.0327,0.942441,0.057559,0.906922,0.093078,0.860044,0.139956,0.802268,0.197732,0.735183,0.264817,0.661281,0.338719,0.58359,0.41641,0.505268,0.494732,0.42924,0.57076,0.357925,0.642075,0.293092,0.706908,0.235814,0.764186,0.186526,0.813474,0.145133,0.854867,0.111144,0.888856,0.083813,0.916187,0.997813,0.002187,0.993228,0.006772,0.983052,0.016948,0.964144,0.035856,0.933569,0.066431,0.889394,0.110606,0.831272,0.168728,0.76064,0.23936,0.680479,0.319521,0.594774,0.405226,0.507837,0.492163,0.42368,0.57632,0.345559,0.654441,0.27573,0.72427,0.215417,0.784583,0.164928,0.835072,0.123855,0.876145,0.09131,0.90869,0.066143,0.933857,0.047114,0.952886,0.033024,0.966976,1,0.00151,1,0.002189,1,0.00337,1,0.006795,1,0.007866,1,0.017093,1,0.017001,1,0.036515,1,0.033247,1,0.06874,1,0.059282,1,0.117215,1,0.097699,1,0.184798,0,1.966427,1,0.273595,0,1.620843,1,0.384958,0,1.328716,1,0.519574,0,1.082584,1,0.677595,0,0.876085,1,0.858777,0,0.703739,1,1.062592,0,0.560786,1,1.288333,0,0.44305,0,0.242603,0,0.346855,0,0.180237,0,0.268944,0,0.132224,0,0.206441,0,0.095751,0,0.156809,0,0.068432,0,0.11782,0,0.04826,0,0.087535,0,0.033582
2414,2025/26,8,Piast Gliwice,Jagiellonia Białystok,15.0,11.0,26.0,14.5497,12.655,27.2047,0.053869,1,4000.4944,0.6376,0.5647,0.1573,0.4313,0.1756,0.0,0.0,0.0,1e-06,4e-06,1.4e-05,4.2e-05,0.00011,0.000256,0.000543,0.001059,0.001917,0.00325,0.00519,0.007853,0.011312,0.015577,0.020575,0.026151,0.032073,0.038049,0.043756,0.048874,0.053119,0.056264,0.058167,0.058769,0.058101,0.056268,0.053438,0.049813,0.045618,0.041075,0.036392,0.031749,0.027291,0.023129,0.019338,0.015958,0.013005,0.010472,0.008335,0.00656,0.005108,0.003936,0.003003,0.002269,0.001698,0.00126,0.000926,0.000675,0.001658,0.992802,0.007198,1,0.007224,0.987612,0.012388,1,0.012465,0.979759,0.020241,1,0.020448,0.968447,0.031553,1,0.032061,0.952871,0.047129,1,0.048276,0.932296,0.067704,1,0.070105,0.906144,0.093856,1,0.098557,0.874071,0.125929,1,0.134594,0.836022,0.163978,1,0.1791,0.792267,0.207733,1,0.232857,0.743393,0.256607,1,0.296531,0.690274,0.309726,1,0.370667,0.634009,0.365991,1,0.455692,0.575843,0.424157,1,0.551921,0.517074,0.482926,0,0.727892,0.458973,0.541027,0,0.614287,0.402705,0.597295,0,0.515344,0.349267,0.650733,0,0.429656,0.299454,0.700546,0,0.355896,0.253836,0.746164,0,0.29281,0.212761,0.787239,0,0.239224,0.176369,0.823631,0,0.194033,0.144621,0.855379,0,0.15621,0.117329,0.882671,0,0.124803,2.2e-05,0.000176,0.000757,0.002279,0.005399,0.010706,0.018475,0.028486,0.039995,0.051868,0.062819,0.071674,0.077587,0.08015,0.079399,0.075737,0.069808,0.062363,0.054139,0.045778,0.037779,0.030483,0.024087,0.018666,0.014204,0.010625,0.026038,6.4e-05,0.000485,0.001923,0.005344,0.011678,0.021362,0.034008,0.048376,0.062663,0.074973,0.08377,0.088177,0.08806,0.083925,0.0767,0.067498,0.057396,0.047305,0.037887,0.029555,0.022502,0.01675,0.012211,0.00873,0.006128,0.00423,0.008228,0.998544,0.001456,0.996265,0.003735,0.990866,0.009134,0.980159,0.019841,0.961684,0.038316,0.933199,0.066801,0.893204,0.106796,0.841335,0.158665,0.778516,0.221484,0.706842,0.293158,0.629255,0.370745,0.549105,0.450895,0.469706,0.530294,0.39397,0.60603,0.324162,0.675838,0.261799,0.738201,0.207659,0.792341,0.161881,0.838119,0.124102,0.875898,0.093619,0.906381,0.069532,0.930468,0.997455,0.002545,0.992111,0.007889,0.980433,0.019567,0.959071,0.040929,0.925063,0.074937,0.876687,0.123313,0.814024,0.185976,0.739051,0.260949,0.655282,0.344718,0.567104,0.432896,0.479044,0.520956,0.395119,0.604881,0.318419,0.681581,0.250921,0.749079,0.193525,0.806475,0.14622,0.85378,0.108334,0.891666,0.078779,0.921221,0.056277,0.943723,0.039526,0.960474,0.027316,0.972684,1,0.001457,1,0.002548,1,0.003742,1,0.00792,1,0.009176,1,0.019761,1,0.02004,1,0.04179,1,0.039069,1,0.077893,1,0.069137,1,0.131605,1,0.11294,1,0.205765,1,0.172765,1,0.302388,1,0.250366,1,0.42269,1,0.346948,0,0.837258,1,0.463219,0,0.65209,1,0.599466,0,0.502724,1,0.755648,0,0.38334,0,0.500826,0,0.288911,0,0.391802,0,0.215082,0,0.303539,0,0.158082,0,0.232763,0,0.114664,0,0.176595,0,0.082055,0,0.132506,0,0.057923,0,0.098296,0,0.040328,0,0.072068,0,0.027696
2415,2025/26,8,Widzew Łódź,Arka Gdynia,14.0,13.0,27.0,16.7174,9.3467,26.0641,0.053869,1,4000.4944,0.6376,0.5647,0.1573,0.4313,0.1756,0.0,0.0,0.0,2e-06,9e-06,2.8e-05,8.1e-05,0.000203,0.000455,0.000929,0.001745,0.003045,0.004981,0.007681,0.011231,0.015645,0.020846,0.026664,0.032841,0.039058,0.044961,0.050207,0.054493,0.057589,0.059353,0.059744,0.058812,0.056688,0.053562,0.04966,0.045222,0.040483,0.035656,0.030922,0.026421,0.022259,0.0185,0.015178,0.012299,0.009848,0.007796,0.006104,0.004729,0.003627,0.002754,0.002072,0.001545,0.001142,0.000837,0.000608,0.000438,0.001045,0.988521,0.011479,1,0.011545,0.980841,0.019159,1,0.019345,0.96961,0.03039,1,0.030862,0.953965,0.046035,1,0.047128,0.933119,0.066881,1,0.069222,0.906455,0.093545,1,0.098214,0.873614,0.126386,1,0.135117,0.834556,0.165444,1,0.180855,0.789595,0.210405,1,0.236235,0.739388,0.260612,1,0.301933,0.684894,0.315106,1,0.378491,0.627305,0.372695,1,0.466322,0.567952,0.432048,1,0.565718,0.508208,0.491792,1,0.676864,0.449396,0.550604,1,0.79985,0.392708,0.607292,0,0.498746,0.339146,0.660854,0,0.414222,0.289486,0.710514,0,0.341767,0.244264,0.755736,0,0.280063,0.203781,0.796219,0,0.227881,0.168124,0.831876,0,0.184072,0.137203,0.862797,0,0.147576,0.110781,0.889219,0,0.117412,0.088523,0.911477,0,0.092688,7e-06,5.9e-05,0.000271,0.000881,0.00225,0.004812,0.008954,0.014888,0.022543,0.031527,0.041176,0.050663,0.059142,0.065884,0.070383,0.0724,0.071964,0.069329,0.064904,0.059183,0.05267,0.04583,0.039052,0.032635,0.02678,0.021604,0.067513,0.000516,0.003206,0.010501,0.024104,0.043515,0.065761,0.086488,0.101635,0.10876,0.1075,0.099229,0.086288,0.07119,0.05605,0.042318,0.030765,0.021613,0.014715,0.009736,0.006275,0.003947,0.002427,0.001462,0.000863,0.000501,0.000285,0.000351,0.996967,0.003033,0.996086,0.003914,0.993835,0.006165,0.989024,0.010976,0.98007,0.01993,0.965181,0.034819,0.942638,0.057362,0.911112,0.088888,0.869936,0.130064,0.819273,0.180727,0.760132,0.239868,0.694247,0.305753,0.623864,0.376136,0.551464,0.448536,0.4795,0.5205,0.410172,0.589828,0.345268,0.654732,0.286085,0.713915,0.233415,0.766585,0.187585,0.812415,0.148533,0.851467,0.985778,0.014222,0.961674,0.038326,0.918159,0.081841,0.852398,0.147602,0.76591,0.23409,0.664275,0.335725,0.555515,0.444485,0.448015,0.551985,0.348787,0.651213,0.262498,0.737502,0.191308,0.808692,0.135258,0.864742,0.09294,0.90706,0.062174,0.937826,0.040562,0.959438,0.025847,0.974153,0.01611,0.98389,0.009836,0.990164,0.005889,0.994111,0.003462,0.996538,0.002,0.998,1,0.003038,1,0.014324,1,0.003922,1,0.03908,1,0.006184,1,0.085385,1,0.011037,1,0.159702,1,0.020131,1,0.266691,1,0.03544,1,0.409059,1,0.059073,1,0.58786,1,0.093089,1,0.802929,1,0.139336,1,1.053294,1,0.199338,1,1.337512,1,0.274263,1,1.653871,1,0.364927,0,0.145324,0,0.977804,0,0.097547,0,0.801766,0,0.064191,0,0.652965,0,0.041408,0,0.527924,0,0.026187,0,0.423529,0,0.016241,0,0.336991,0,0.009885,0,0.26581,0,0.005906,0,0.207744,0,0.003468,0,0.160795,0,0.002002
2416,2025/26,9,Arka Gdynia,Korona Kielce,11.0,9.0,20.0,12.8551,14.5882,27.4433,0.053585,1,4052.237,0.6597,0.5861,0.1503,0.4272,0.1782,0.0,0.0,0.0,1e-06,4e-06,1.3e-05,3.7e-05,9.8e-05,0.00023,0.00049,0.000962,0.001752,0.002988,0.004801,0.007309,0.010592,0.01467,0.019489,0.024913,0.030727,0.036654,0.042383,0.047598,0.052009,0.055381,0.057553,0.05845,0.058082,0.056535,0.05396,0.050549,0.046519,0.042089,0.03747,0.032844,0.028366,0.024152,0.020286,0.016817,0.013767,0.011135,0.008902,0.007037,0.005503,0.004259,0.003263,0.002476,0.001861,0.001386,0.001023,0.000749,0.001865,0.993425,0.006575,1,0.006597,0.988623,0.011377,1,0.011442,0.981314,0.018686,1,0.018863,0.970723,0.029277,1,0.029714,0.956053,0.043947,1,0.044942,0.936564,0.063436,1,0.065538,0.911651,0.088349,1,0.092498,0.880924,0.119076,1,0.126784,0.84427,0.15573,0,1.859633,0.801887,0.198113,0,1.618917,0.754289,0.245711,0,1.403597,0.702279,0.297721,0,1.211599,0.646898,0.353102,0,1.040998,0.589344,0.410656,0,0.89,0.530894,0.469106,0,0.756927,0.472813,0.527187,0,0.640199,0.416278,0.583722,0,0.53833,0.362318,0.637682,0,0.449916,0.31177,0.68823,0,0.373632,0.265251,0.734749,0,0.308226,0.223162,0.776838,0,0.252523,0.185692,0.814308,0,0.205417,0.152848,0.847152,0,0.165875,0.124483,0.875517,0,0.13294,5.7e-05,0.000431,0.001727,0.004852,0.010718,0.019814,0.031871,0.045799,0.059923,0.072405,0.081692,0.086821,0.087533,0.084209,0.077678,0.068989,0.059201,0.049234,0.039786,0.031312,0.02405,0.01806,0.01328,0.009576,0.00678,0.004719,0.009391,2.1e-05,0.000171,0.000736,0.002224,0.005284,0.010508,0.018181,0.028103,0.039551,0.051407,0.062389,0.071323,0.07735,0.080043,0.079422,0.075875,0.070037,0.062653,0.05446,0.046105,0.038092,0.030768,0.024337,0.018877,0.014377,0.010764,0.026433,0.997696,0.002304,0.992843,0.007157,0.982125,0.017875,0.962311,0.037689,0.93044,0.06956,0.884641,0.115359,0.824718,0.175282,0.752313,0.247687,0.67062,0.32938,0.583799,0.416201,0.496266,0.503734,0.412057,0.587943,0.334379,0.665621,0.26539,0.73461,0.206189,0.793811,0.156955,0.843045,0.117169,0.882831,0.085857,0.914143,0.061807,0.938193,0.043747,0.956253,0.030467,0.969533,0.998562,0.001438,0.996338,0.003662,0.991054,0.008946,0.980546,0.019454,0.962365,0.037635,0.934262,0.065738,0.89471,0.10529,0.843304,0.156696,0.780914,0.219086,0.709591,0.290409,0.632242,0.367758,0.552199,0.447801,0.472777,0.527223,0.396902,0.603098,0.326865,0.673135,0.264212,0.735788,0.209752,0.790248,0.163647,0.836353,0.125555,0.874445,0.094787,0.905213,0.07045,0.92955,1,0.002307,1,0.001439,1,0.007183,1,0.003669,1,0.018037,1,0.008986,1,0.038418,1,0.019646,1,0.072098,1,0.038361,1,0.122573,1,0.067998,1,0.192714,1,0.111256,1,0.284603,0,1.853448,1,0.399553,0,1.518291,0,0.876587,0,1.236465,0,0.685707,0,1.00033,0,0.531125,0,0.803406,0,0.407035,0,0.640132,0,0.308416,0,0.505676,0,0.23091,0,0.395809,0,0.170735,0,0.306813,0,0.124621,0,0.235408,0,0.089768,0,0.178705,0,0.0638,0,0.134166,0,0.044733,0,0.099585,0,0.030941,0,0.073055
2417,2025/26,9,Bruk-Bet Termalica Nieciecza,Lech Poznań,13.0,18.0,31.0,13.9552,15.5346,29.4898,0.053585,1,4052.237,0.6597,0.5861,0.1503,0.4272,0.1782,0.0,0.0,0.0,0.0,1e-06,5e-06,1.5e-05,4.1e-05,0.0001,0.000221,0.000453,0.000859,0.001526,0.002555,0.004052,0.006117,0.008826,0.012215,0.016266,0.020899,0.02597,0.031282,0.036596,0.041654,0.046203,0.050015,0.052909,0.054765,0.055525,0.055201,0.053863,0.051629,0.048656,0.045116,0.041189,0.037051,0.032857,0.028743,0.024817,0.02116,0.017824,0.01484,0.012218,0.009951,0.00802,0.006399,0.005057,0.003958,0.00307,0.002361,0.0018,0.005151,0.996779,0.003221,1,0.003227,0.994224,0.005776,1,0.005793,0.990172,0.009828,1,0.009877,0.984055,0.015945,1,0.016074,0.975229,0.024771,1,0.025083,0.963014,0.036986,1,0.037687,0.946748,0.053252,1,0.054722,0.925849,0.074151,1,0.077044,0.899879,0.100121,1,0.105495,0.868597,0.131403,1,0.140876,0.832001,0.167999,1,0.183921,0.790347,0.209653,1,0.235283,0.744145,0.255855,1,0.29552,0.69413,0.30587,1,0.365096,0.641221,0.358779,1,0.444382,0.586456,0.413544,1,0.533658,0.530931,0.469069,1,0.633123,0.47573,0.52427,1,0.742904,0.421868,0.578132,1,0.863063,0.370238,0.629762,0,0.462414,0.321583,0.678417,0,0.387993,0.276467,0.723533,0,0.323609,0.235278,0.764722,0,0.268243,0.198227,0.801773,0,0.22093,3e-05,0.000238,0.001002,0.002952,0.00684,0.013265,0.022382,0.033737,0.046302,0.058687,0.069456,0.077431,0.081889,0.082636,0.079959,0.074492,0.067053,0.058494,0.049583,0.040934,0.03298,0.025978,0.020038,0.015156,0.011257,0.008219,0.018724,1.2e-05,0.000105,0.000467,0.001462,0.003597,0.007406,0.013268,0.021235,0.030944,0.041643,0.052329,0.06194,0.069552,0.074522,0.076562,0.075732,0.07238,0.067041,0.060338,0.052889,0.045244,0.037839,0.030989,0.024888,0.019626,0.015214,0.041648,0.998446,0.001554,0.995494,0.004506,0.988654,0.011346,0.975389,0.024611,0.953007,0.046993,0.91927,0.08073,0.872968,0.127032,0.814281,0.185719,0.744825,0.255175,0.667394,0.332606,0.585505,0.414495,0.502869,0.497131,0.42291,0.57709,0.348417,0.651583,0.281364,0.718636,0.22287,0.77713,0.173286,0.826714,0.132352,0.867648,0.099372,0.900628,0.073394,0.926606,0.053356,0.946644,0.998289,0.001711,0.996826,0.003174,0.993229,0.006771,0.985823,0.014177,0.972555,0.027445,0.95132,0.04868,0.920376,0.079624,0.878733,0.121267,0.826404,0.173596,0.764464,0.235536,0.694912,0.305088,0.62039,0.37961,0.543828,0.456172,0.468096,0.531904,0.395717,0.604283,0.328676,0.671324,0.268338,0.731662,0.215449,0.784551,0.170205,0.829795,0.132366,0.867634,0.101377,0.898623,1,0.001555,1,0.001712,1,0.004516,1,0.003179,1,0.011411,1,0.006794,1,0.024919,1,0.014278,1,0.048133,1,0.027829,1,0.084175,1,0.049905,1,0.135856,1,0.082973,1,0.20545,1,0.129274,1,0.294606,1,0.190672,1,0.404375,1,0.26858,1,0.535281,1,0.36397,0,0.698902,1,0.477407,0,0.549757,1,0.609122,0,0.42835,1,0.759082,0,0.3304,1,0.927056,0,0.252148,1,1.112683,0,0.190296,0,0.312437,0,0.141969,0,0.242644,0,0.104663,0,0.186577,0,0.076227,0,0.141985,0,0.054832,0,0.106892
2418,2025/26,9,Zagłębie Lubin,Motor Lublin,11.0,15.0,26.0,15.0206,14.2985,29.3191,0.053585,1,4052.237,0.6597,0.5861,0.1503,0.4272,0.1782,0.0,0.0,0.0,0.0,1e-06,5e-06,1.6e-05,4.4e-05,0.000106,0.000236,0.00048,0.000909,0.001611,0.002688,0.004251,0.006398,0.009204,0.012701,0.016863,0.0216,0.02676,0.032135,0.037478,0.042526,0.047024,0.050745,0.053513,0.055214,0.055802,0.055299,0.053785,0.051388,0.048271,0.044612,0.040596,0.036396,0.032169,0.028047,0.024135,0.020508,0.017217,0.014285,0.011721,0.009513,0.007641,0.006075,0.004784,0.003731,0.002884,0.00221,0.001678,0.004742,0.996591,0.003409,1,0.003415,0.993903,0.006097,1,0.006116,0.989652,0.010348,1,0.010402,0.983254,0.016746,1,0.016888,0.97405,0.02595,1,0.026293,0.961349,0.038651,1,0.039418,0.944486,0.055514,1,0.057114,0.922886,0.077114,1,0.080249,0.896126,0.103874,1,0.109674,0.863991,0.136009,1,0.146193,0.826513,0.173487,1,0.19054,0.783987,0.216013,1,0.243363,0.736963,0.263037,1,0.305218,0.686218,0.313782,1,0.37656,0.632705,0.367295,0,1.001591,0.577491,0.422509,0,0.861545,0.521689,0.478311,0,0.737494,0.46639,0.53361,0,0.628089,0.412605,0.587395,0,0.532057,0.361216,0.638784,0,0.448189,0.312945,0.687055,0,0.375341,0.268333,0.731667,0,0.312429,0.227737,0.772263,0,0.25843,0.191341,0.808659,0,0.212378,1.6e-05,0.000136,0.000597,0.001835,0.004432,0.008957,0.015752,0.024749,0.035403,0.04677,0.057694,0.067039,0.073897,0.077726,0.07839,0.076119,0.071416,0.064935,0.057372,0.049367,0.041457,0.034036,0.027364,0.021573,0.016701,0.012709,0.032813,2.5e-05,0.000199,0.000847,0.002531,0.005946,0.011692,0.020002,0.030571,0.04254,0.05467,0.065603,0.074154,0.079516,0.081359,0.07982,0.075398,0.068814,0.060867,0.052313,0.043789,0.035772,0.028569,0.022343,0.017136,0.012904,0.009553,0.022672,0.998507,0.001493,0.996672,0.003328,0.992241,0.007759,0.983284,0.016716,0.967532,0.032468,0.942783,0.057217,0.90738,0.09262,0.86061,0.13939,0.802916,0.197084,0.735876,0.264124,0.661979,0.338021,0.584253,0.415747,0.505863,0.494137,0.429744,0.570256,0.358328,0.641672,0.293392,0.706608,0.236021,0.763979,0.186653,0.813347,0.145196,0.854804,0.11116,0.88884,0.083796,0.916204,0.998537,0.001463,0.996006,0.003994,0.990059,0.009941,0.978367,0.021633,0.958365,0.041635,0.927795,0.072205,0.885255,0.114745,0.830585,0.169415,0.764981,0.235019,0.690827,0.309173,0.611311,0.388689,0.529952,0.470048,0.450132,0.549868,0.374733,0.625267,0.305919,0.694081,0.245052,0.754948,0.192739,0.807261,0.14895,0.85105,0.113178,0.886822,0.084609,0.915391,0.062265,0.937735,1,0.001494,1,0.001464,1,0.003334,1,0.004002,1,0.007789,1,0.009991,1,0.016857,1,0.02187,1,0.033007,1,0.042527,1,0.058919,1,0.074944,1,0.097194,1,0.12188,1,0.150114,1,0.185625,1,0.219505,1,0.267904,0,1.331337,1,0.369866,0,1.084647,1,0.492149,0,0.877678,1,0.634969,0,0.704942,1,0.798214,0,0.56167,0,0.469577,0,0.443678,0,0.365167,0,0.347279,0,0.281106,0,0.269215,0,0.214108,0,0.206597,0,0.161284,0,0.156883,0,0.120111,0,0.117838,0,0.088404,0,0.087516,0,0.064288
2419,2025/26,9,Górnik Zabrze,Widzew Łódź,17.0,11.0,28.0,15.2326,12.4622,27.6949,0.053585,1,4052.237,0.6597,0.5861,0.1503,0.4272,0.1782,0.0,0.0,0.0,1e-06,3e-06,1.1e-05,3.4e-05,8.9e-05,0.00021,0.000449,0.000884,0.001618,0.002771,0.004472,0.006838,0.009953,0.013848,0.018483,0.023737,0.029414,0.035255,0.040963,0.046227,0.05076,0.054319,0.056734,0.05791,0.05784,0.056592,0.054296,0.051133,0.047307,0.043034,0.038519,0.033949,0.029482,0.025243,0.021322,0.017777,0.014637,0.011907,0.009574,0.007613,0.005989,0.004663,0.003594,0.002744,0.002075,0.001555,0.001155,0.000851,0.002164,0.99393,0.00607,1,0.006088,0.989458,0.010542,1,0.010597,0.982621,0.017379,1,0.017532,0.972668,0.027332,1,0.027713,0.958819,0.041181,1,0.042053,0.940336,0.059664,1,0.061518,0.916599,0.083401,1,0.087085,0.887185,0.112815,1,0.119702,0.85193,0.14807,1,0.160251,0.810967,0.189033,1,0.209528,0.76474,0.23526,1,0.268219,0.71398,0.28602,1,0.3369,0.659661,0.340339,1,0.41603,0.602927,0.397073,1,0.505959,0.545017,0.454983,1,0.606939,0.487177,0.512823,1,0.719129,0.430585,0.569415,0,0.563146,0.376289,0.623711,0,0.472068,0.325156,0.674844,0,0.393273,0.277848,0.722152,0,0.32552,0.234815,0.765185,0,0.267637,0.196296,0.803704,0,0.218525,0.162347,0.837653,0,0.177152,0.132865,0.867135,0,0.142561,1.5e-05,0.000122,0.00054,0.001671,0.004066,0.008282,0.014678,0.02324,0.033503,0.044604,0.05545,0.064932,0.072131,0.076458,0.077709,0.076045,0.071901,0.065884,0.058662,0.05087,0.043051,0.03562,0.028859,0.022929,0.017888,0.013719,0.03629,7.2e-05,0.000534,0.002104,0.005801,0.012579,0.022829,0.036048,0.050851,0.065313,0.077472,0.085808,0.089523,0.088604,0.083677,0.075773,0.066063,0.055652,0.045434,0.036042,0.027846,0.020996,0.015477,0.011172,0.007909,0.005497,0.003756,0.00711,0.998439,0.001561,0.996768,0.003232,0.992702,0.007298,0.98442,0.01558,0.969743,0.030257,0.946503,0.053497,0.913,0.087,0.868396,0.131604,0.812946,0.187054,0.748015,0.251985,0.675884,0.324116,0.599426,0.400574,0.521717,0.478283,0.445672,0.554328,0.373772,0.626228,0.307887,0.692113,0.249225,0.750775,0.198355,0.801645,0.155304,0.844696,0.119685,0.880315,0.090826,0.909174,0.997234,0.002766,0.991433,0.008567,0.978853,0.021147,0.956025,0.043975,0.919977,0.080023,0.869126,0.130874,0.803812,0.196188,0.72634,0.27366,0.640532,0.359468,0.551009,0.448991,0.462405,0.537595,0.378728,0.621272,0.302955,0.697045,0.236892,0.763108,0.18124,0.81876,0.135806,0.864194,0.099764,0.900236,0.071918,0.928082,0.050922,0.949078,0.035445,0.964555,0.024272,0.975728,1,0.001562,1,0.00277,1,0.003237,1,0.008604,1,0.007325,1,0.021374,1,0.015703,1,0.044971,1,0.030724,1,0.083407,1,0.054981,1,0.140267,1,0.091019,1,0.21839,1,0.141107,1,0.319737,1,0.207091,1,0.445456,1,0.290332,0,0.800752,1,0.391734,0,0.62065,1,0.511783,0,0.475986,1,0.65063,0,0.360905,1,0.808172,0,0.270356,1,0.984109,0,0.199964,0,0.368006,0,0.145958,0,0.286649,0,0.105098,0,0.221089,0,0.074635,0,0.168778,0,0.052264,0,0.127475,0,0.036088,0,0.095219,0,0.024571
2420,2025/26,9,Radomiak Radom,Piast Gliwice,16.0,11.0,27.0,12.702,11.9863,24.6883,0.053585,1,4052.237,0.6597,0.5861,0.1503,0.4272,0.1782,0.0,0.0,1e-06,3e-06,1.4e-05,4.6e-05,0.00013,0.000319,0.000704,0.001411,0.002601,0.004455,0.007141,0.010785,0.015433,0.021021,0.027366,0.034171,0.041055,0.04759,0.053354,0.05798,0.061193,0.062835,0.062876,0.061403,0.058598,0.054714,0.050042,0.044878,0.039501,0.034154,0.029033,0.024283,0.019997,0.016225,0.012978,0.01024,0.007974,0.006132,0.004659,0.003498,0.002598,0.001908,0.001387,0.000998,0.000711,0.000502,0.000351,0.000244,0.000167,0.000343,0.983176,0.016824,1,0.016967,0.972391,0.027609,1,0.027997,0.956958,0.043042,1,0.043995,0.935938,0.064062,1,0.066206,0.908572,0.091428,1,0.095881,0.874401,0.125599,1,0.134217,0.833346,0.166654,1,0.182307,0.785756,0.214244,1,0.241109,0.732402,0.267598,1,0.311425,0.674422,0.325578,1,0.393899,0.61323,0.38677,1,0.489016,0.550394,0.449606,1,0.597121,0.487518,0.512482,1,0.718429,0.426115,0.573885,1,0.853046,0.367518,0.632482,1,1.000984,0.312803,0.687197,0,0.375135,0.262762,0.737238,0,0.304844,0.217884,0.782116,0,0.245752,0.178383,0.821617,0,0.196481,0.144229,0.855771,0,0.155752,0.115196,0.884804,0,0.122389,0.090913,0.909087,0,0.095314,0.070915,0.929085,0,0.073555,0.054691,0.945309,0,0.056243,6.2e-05,0.000468,0.001865,0.005202,0.011408,0.020941,0.033445,0.047721,0.061994,0.074377,0.083323,0.087926,0.088019,0.084077,0.077006,0.067908,0.05786,0.047778,0.038335,0.029957,0.022846,0.017034,0.012437,0.008905,0.00626,0.004326,0.008444,9.5e-05,0.000696,0.002676,0.007207,0.015264,0.027057,0.04173,0.057499,0.072134,0.083574,0.090413,0.092135,0.089068,0.082159,0.072669,0.061884,0.050919,0.040603,0.031461,0.023742,0.017485,0.01259,0.008876,0.006137,0.004167,0.002781,0.004949,0.99753,0.00247,0.992328,0.007672,0.980919,0.019081,0.959978,0.040022,0.926533,0.073467,0.878812,0.121188,0.816818,0.183182,0.742441,0.257559,0.659119,0.340881,0.571193,0.428807,0.483174,0.516826,0.399097,0.600903,0.322091,0.677909,0.254183,0.745817,0.196323,0.803677,0.148546,0.851454,0.11021,0.88979,0.080253,0.919747,0.057407,0.942593,0.040373,0.959627,0.027936,0.972064,0.996502,0.003498,0.989295,0.010705,0.974031,0.025969,0.946974,0.053026,0.905244,0.094756,0.847745,0.152255,0.775611,0.224389,0.692037,0.307963,0.601624,0.398376,0.509489,0.490511,0.420421,0.579579,0.338262,0.661738,0.265593,0.734407,0.203709,0.796291,0.152791,0.847209,0.112187,0.887813,0.080727,0.919273,0.056985,0.943015,0.0395,0.9605,0.02691,0.97309,0.018034,0.981966,1,0.002473,1,0.003504,1,0.007702,1,0.010763,1,0.019265,1,0.026312,1,0.040845,1,0.054484,1,0.076306,1,0.099551,1,0.129184,1,0.165175,1,0.202339,1,0.254104,1,0.297812,1,0.368116,1,0.416851,1,0.508123,1,0.560028,0,0.712308,1,0.727378,0,0.545453,1,0.918551,0,0.412886,1,1.132921,0,0.308692,1,1.369701,0,0.227791,0,0.218558,0,0.165808,0,0.16081,0,0.118994,0,0.11677,0,0.084172,0,0.083657,0,0.058673,0,0.059121,0,0.040301,0,0.041211,0,0.027279,0,0.028334,0,0.018199
2421,2025/26,9,Pogoń Szczecin,Lechia Gdańsk,22.0,12.0,34.0,15.3146,12.7719,28.0866,0.053585,1,4052.237,0.6597,0.5861,0.1503,0.4272,0.1782,0.0,0.0,0.0,1e-06,3e-06,9e-06,2.8e-05,7.5e-05,0.000178,0.000385,0.000764,0.00141,0.002435,0.003962,0.006109,0.008966,0.012578,0.016926,0.021917,0.027382,0.033088,0.038759,0.044098,0.048816,0.052664,0.055451,0.057059,0.057451,0.056664,0.054803,0.052025,0.048519,0.044488,0.040139,0.035659,0.031213,0.026937,0.022933,0.019271,0.015992,0.013112,0.010626,0.008516,0.006752,0.005298,0.004115,0.003166,0.002413,0.001822,0.001364,0.001013,0.002643,0.994712,0.005288,1,0.005302,0.990749,0.009251,1,0.009294,0.98464,0.01536,1,0.015479,0.975674,0.024326,1,0.024627,0.963095,0.036905,1,0.037603,0.946169,0.053831,1,0.055334,0.924252,0.075748,1,0.07877,0.896871,0.103129,1,0.108844,0.863782,0.136218,1,0.146434,0.825023,0.174977,1,0.192344,0.780925,0.219075,1,0.247276,0.732109,0.267891,1,0.311825,0.679445,0.320555,1,0.386479,0.623994,0.376006,1,0.471614,0.566935,0.433065,1,0.567511,0.509484,0.490516,1,0.674358,0.45282,0.54718,1,0.792262,0.398016,0.601984,1,0.921263,0.345991,0.654009,1,1.061343,0.297472,0.702528,1,1.212434,0.252984,0.747016,1,1.374429,0.212845,0.787155,1,1.547189,0.177187,0.822813,0,0.195026,0.145974,0.854026,0,0.157793,1.4e-05,0.000117,0.000519,0.001611,0.003933,0.008034,0.014281,0.022679,0.032791,0.043785,0.054593,0.064118,0.071437,0.075946,0.077418,0.075983,0.072055,0.066221,0.059136,0.051433,0.043656,0.036227,0.029438,0.023458,0.018355,0.014118,0.037697,5.9e-05,0.000451,0.001801,0.005039,0.011088,0.020419,0.032718,0.046836,0.061043,0.073476,0.082582,0.087429,0.087808,0.084149,0.077324,0.068411,0.058479,0.048447,0.038999,0.030576,0.023394,0.0175,0.012818,0.009208,0.006494,0.004503,0.008867,0.998404,0.001596,0.996793,0.003207,0.99286,0.00714,0.984826,0.015174,0.970544,0.029456,0.947865,0.052135,0.915074,0.084926,0.871289,0.128711,0.816696,0.183304,0.752578,0.247422,0.681141,0.318859,0.605195,0.394805,0.527778,0.472222,0.451794,0.548206,0.379739,0.620261,0.313518,0.686482,0.254382,0.745618,0.202949,0.797051,0.159294,0.840706,0.123067,0.876933,0.093629,0.906371,0.997608,0.002392,0.992568,0.007432,0.98148,0.01852,0.961061,0.038939,0.928343,0.071657,0.881507,0.118493,0.820464,0.179536,0.746988,0.253012,0.664405,0.335595,0.576976,0.423024,0.489168,0.510832,0.40502,0.59498,0.327695,0.672305,0.259285,0.740715,0.200806,0.799194,0.152359,0.847641,0.11336,0.88664,0.082784,0.917216,0.05939,0.94061,0.041891,0.958109,0.029072,0.970928,1,0.001597,1,0.002395,1,0.003212,1,0.00746,1,0.007166,1,0.018694,1,0.01529,1,0.039717,1,0.029899,1,0.074354,1,0.053543,1,0.126122,1,0.08875,1,0.197885,1,0.137782,1,0.291706,1,0.202488,1,0.408863,1,0.284251,1,0.549955,1,0.383986,0,0.671715,1,0.502205,0,0.519227,1,0.63908,0,0.397043,1,0.794529,0,0.300139,1,0.968271,0,0.224152,1,1.159899,0,0.165298,1,1.368918,0,0.120316,1,1.594801,0,0.086412,1,1.837004,0,0.061227,1,2.095026,0,0.042794,0,0.098307,0,0.029503
2422,2025/26,9,GKS Katowice,Cracovia,16.0,13.0,29.0,13.9151,13.1984,27.1135,0.053585,1,4052.237,0.6597,0.5861,0.1503,0.4272,0.1782,0.0,0.0,0.0,1e-06,4e-06,1.5e-05,4.3e-05,0.000112,0.000262,0.000554,0.001081,0.001956,0.003314,0.00529,0.008,0.011517,0.015846,0.020913,0.026556,0.032534,0.03855,0.044276,0.049388,0.053599,0.056685,0.058506,0.059009,0.058233,0.056289,0.053352,0.04963,0.045353,0.040746,0.036018,0.031347,0.02688,0.022724,0.018949,0.015596,0.012675,0.010177,0.008077,0.006338,0.00492,0.00378,0.002875,0.002165,0.001615,0.001194,0.000875,0.000636,0.001543,0.992658,0.007342,1,0.007369,0.987368,0.012632,1,0.012712,0.979368,0.020632,1,0.020848,0.967851,0.032149,1,0.032677,0.952005,0.047995,1,0.049185,0.931092,0.068908,1,0.071398,0.904536,0.095464,1,0.100334,0.872001,0.127999,1,0.136964,0.833451,0.166549,1,0.18218,0.789175,0.210825,1,0.236767,0.739787,0.260213,1,0.301394,0.686187,0.313813,1,0.376605,0.629502,0.370498,1,0.462826,0.570996,0.429004,1,0.560373,0.511987,0.488013,1,0.669456,0.453754,0.546246,1,0.7902,0.397465,0.602535,1,0.922649,0.344113,0.655887,0,0.421767,0.294483,0.705517,0,0.348824,0.249129,0.750871,0,0.286522,0.208383,0.791617,0,0.233678,0.172365,0.827635,0,0.189183,0.141018,0.858982,0,0.152007,0.114138,0.885862,0,0.121194,3.1e-05,0.000243,0.001022,0.003006,0.006953,0.013462,0.022676,0.034125,0.046757,0.059166,0.069908,0.077806,0.08215,0.082764,0.079951,0.074362,0.066826,0.0582,0.049253,0.040594,0.032652,0.025677,0.019773,0.014932,0.011072,0.00807,0.018297,4.6e-05,0.000357,0.001456,0.004153,0.009317,0.017493,0.028579,0.04171,0.055426,0.068019,0.077945,0.084134,0.086151,0.084176,0.078862,0.071136,0.061998,0.052366,0.042979,0.034355,0.0268,0.020439,0.015265,0.011179,0.008039,0.005683,0.011805,0.998431,0.001569,0.995426,0.004574,0.988472,0.011528,0.975011,0.024989,0.952335,0.047665,0.91821,0.08179,0.871453,0.128547,0.812287,0.187713,0.742379,0.257621,0.664572,0.335428,0.582422,0.417578,0.499659,0.500341,0.419708,0.580292,0.345346,0.654654,0.278521,0.721479,0.220321,0.779679,0.171068,0.828932,0.130474,0.869526,0.097822,0.902178,0.072144,0.927856,0.052371,0.947629,0.99801,0.00199,0.993857,0.006143,0.98454,0.01546,0.967047,0.032953,0.938468,0.061532,0.896758,0.103242,0.841332,0.158668,0.773312,0.226688,0.695368,0.304632,0.611234,0.388766,0.525083,0.474917,0.440908,0.559092,0.362046,0.637954,0.29091,0.70909,0.228912,0.771088,0.176545,0.823455,0.133566,0.866434,0.099211,0.900789,0.072411,0.927589,0.051972,0.948028,0.036707,0.963293,1,0.00157,1,0.001992,1,0.004584,1,0.006162,1,0.011595,1,0.015581,1,0.025307,1,0.033508,1,0.048838,1,0.063507,1,0.085329,1,0.108969,1,0.137593,1,0.172769,1,0.207902,1,0.257073,1,0.297895,1,0.363314,1,0.408612,1,0.492275,1,0.54056,1,0.644199,1,0.693829,0,0.581441,1,0.868196,0,0.449489,1,1.063208,0,0.343773,0,0.326452,0,0.259953,0,0.248873,0,0.194246,0,0.187617,0,0.143369,0,0.139807,0,0.104484,0,0.102943,0,0.075167,0,0.074879,0,0.053371,0,0.053792,0,0.037398
2423,2025/26,9,Raków Częstochowa,Legia Warszawa,7.0,16.0,23.0,14.8426,13.4558,28.2984,0.053585,1,4052.237,0.6597,0.5861,0.1503,0.4272,0.1782,0.0,0.0,0.0,1e-06,2e-06,8e-06,2.5e-05,6.8e-05,0.000162,0.000351,0.000701,0.001301,0.002258,0.003693,0.005723,0.008442,0.011902,0.016095,0.020942,0.02629,0.031921,0.037568,0.042942,0.047757,0.051757,0.054742,0.056582,0.057223,0.056686,0.055062,0.052494,0.049163,0.045267,0.04101,0.036581,0.03215,0.027856,0.023809,0.020085,0.016731,0.01377,0.011201,0.00901,0.007169,0.005646,0.004401,0.003398,0.002598,0.001969,0.001479,0.001102,0.002905,0.995122,0.004878,1,0.00489,0.991428,0.008572,1,0.008609,0.985705,0.014295,1,0.014398,0.977263,0.022737,1,0.023,0.965361,0.034639,1,0.035253,0.949266,0.050734,1,0.052066,0.928324,0.071676,1,0.074375,0.902034,0.097966,1,0.103103,0.870114,0.129886,1,0.139132,0.832545,0.167455,1,0.183267,0.789603,0.210397,1,0.236225,0.741847,0.258153,0,1.354202,0.69009,0.30991,0,1.171473,0.635347,0.364653,0,1.00881,0.578765,0.421235,0,0.864565,0.521542,0.478458,0,0.737188,0.464856,0.535144,0,0.62522,0.409795,0.590205,0,0.527285,0.357301,0.642699,0,0.442078,0.308138,0.691862,0,0.368369,0.26287,0.73713,0,0.304992,0.22186,0.77814,0,0.250849,0.185279,0.814721,0,0.204909,0.153129,0.846871,0,0.166207,1.8e-05,0.000149,0.000651,0.001986,0.004764,0.009566,0.016712,0.026084,0.037066,0.048644,0.05961,0.068808,0.075346,0.078727,0.078875,0.076084,0.070912,0.064052,0.056217,0.048055,0.040088,0.032696,0.026112,0.020451,0.015727,0.011889,0.030073,4e-05,0.000311,0.001281,0.003697,0.008388,0.015927,0.026314,0.03884,0.052197,0.064783,0.075077,0.081957,0.084873,0.083867,0.079463,0.07249,0.063894,0.05458,0.045303,0.036623,0.028893,0.022285,0.016832,0.012467,0.009067,0.006482,0.013899,0.998543,0.001457,0.996557,0.003443,0.991793,0.008207,0.982227,0.017773,0.965515,0.034485,0.939432,0.060568,0.902366,0.097634,0.853722,0.146278,0.794113,0.205887,0.725305,0.274695,0.649959,0.350041,0.571232,0.428768,0.492357,0.507643,0.416273,0.583727,0.34536,0.65464,0.281309,0.718691,0.225091,0.774909,0.177036,0.822964,0.136948,0.863052,0.104252,0.895748,0.07814,0.92186,0.998196,0.001804,0.994499,0.005501,0.986112,0.013888,0.970185,0.029815,0.943871,0.056129,0.905031,0.094969,0.852834,0.147166,0.788051,0.211949,0.712974,0.287026,0.631017,0.368983,0.546144,0.453856,0.462278,0.537722,0.382815,0.617185,0.310325,0.689675,0.246431,0.753569,0.191851,0.808149,0.146548,0.853452,0.109925,0.890075,0.081032,0.918968,0.058747,0.941253,0.041915,0.958085,1,0.001458,1,0.001806,1,0.003449,1,0.005516,1,0.008241,1,0.013985,1,0.017933,1,0.030269,1,0.035094,1,0.057766,0,2.803989,1,0.099786,0,2.326529,1,0.15919,0,1.922246,1,0.238192,0,1.580428,1,0.33831,0,1.292094,1,0.460422,0,1.049705,1,0.604873,0,0.846839,1,0.771589,0,0.677977,1,0.960203,0,0.538322,1,1.170135,0,0.42367,0,0.282935,0,0.330324,0,0.213009,0,0.25501,0,0.158466,0,0.194843,0,0.11645,0,0.14728,0,0.084504,0,0.110096,0,0.060543,0,0.081362,0,0.042819
2424,2025/26,9,Wisła Płock,Jagiellonia Białystok,17.0,13.0,30.0,14.2867,11.4637,25.7504,0.053585,1,4052.237,0.6597,0.5861,0.1503,0.4272,0.1782,0.0,0.0,0.0,2e-06,8e-06,2.8e-05,8.2e-05,0.000206,0.000464,0.000952,0.001797,0.00315,0.00517,0.007995,0.011715,0.016343,0.021792,0.027874,0.034308,0.040746,0.046809,0.052128,0.056385,0.059346,0.060874,0.060945,0.059633,0.057095,0.053552,0.049255,0.044469,0.039442,0.034398,0.029519,0.024944,0.020769,0.017051,0.013809,0.011039,0.008715,0.006799,0.005242,0.003997,0.003016,0.002252,0.001664,0.001219,0.000884,0.000635,0.000453,0.00032,0.000711,0.988142,0.011858,1,0.011929,0.980147,0.019853,1,0.020053,0.968432,0.031568,1,0.032077,0.952089,0.047911,1,0.049097,0.930297,0.069703,1,0.072251,0.902424,0.097576,1,0.102671,0.868115,0.131885,1,0.141431,0.827369,0.172631,1,0.189504,0.780561,0.219439,1,0.247743,0.728433,0.271567,1,0.31686,0.672048,0.327952,1,0.397426,0.612702,0.387298,1,0.489876,0.551828,0.448172,1,0.594519,0.490883,0.509117,1,0.71155,0.43125,0.56875,1,0.841068,0.374155,0.625845,1,0.983086,0.320603,0.679397,1,1.137552,0.271348,0.728652,1,1.304355,0.226879,0.773121,0,0.257319,0.187436,0.812564,0,0.207561,0.153038,0.846962,0,0.1661,0.123519,0.876481,0,0.131841,0.098575,0.901425,0,0.103779,0.077806,0.922194,0,0.081,2.5e-05,0.0002,0.000852,0.002545,0.005975,0.011743,0.02008,0.030675,0.042666,0.054805,0.065735,0.074269,0.079601,0.081408,0.079831,0.075373,0.068759,0.06079,0.052222,0.043693,0.035676,0.02848,0.022263,0.017066,0.012846,0.009505,0.022527,0.000131,0.000933,0.003492,0.009151,0.018858,0.032524,0.048809,0.065436,0.079873,0.090041,0.094779,0.093975,0.088393,0.079335,0.068275,0.056572,0.045291,0.03514,0.026493,0.019452,0.013939,0.009765,0.006699,0.004507,0.002977,0.001933,0.00321,0.998535,0.001465,0.99599,0.00401,0.990015,0.009985,0.978272,0.021728,0.958193,0.041807,0.927518,0.072482,0.884852,0.115148,0.830047,0.169953,0.764312,0.235688,0.690043,0.309957,0.610442,0.389558,0.529034,0.470966,0.449202,0.550798,0.373829,0.626171,0.305069,0.694931,0.24428,0.75572,0.192057,0.807943,0.148364,0.851636,0.112688,0.887312,0.084208,0.915792,0.061945,0.938055,0.995428,0.004572,0.986277,0.013723,0.967419,0.032581,0.934895,0.065105,0.886086,0.113914,0.82065,0.17935,0.740777,0.259223,0.650736,0.349264,0.555957,0.444043,0.461982,0.538018,0.373588,0.626412,0.294253,0.705747,0.225978,0.774022,0.169406,0.830594,0.124115,0.875885,0.088975,0.911025,0.062483,0.937517,0.043031,0.956969,0.029091,0.970909,0.019326,0.980674,0.012627,0.987373,1,0.001466,1,0.004582,1,0.004018,1,0.013818,1,0.010035,1,0.033124,1,0.021968,1,0.067321,1,0.042706,1,0.120941,1,0.075243,1,0.197659,1,0.122335,1,0.300056,1,0.186273,1,0.429651,1,0.268779,1,0.587064,1,0.371001,1,0.772229,1,0.493572,1,0.984602,1,0.636703,0,0.348498,1,0.800283,0,0.256155,1,0.983957,0,0.185614,1,1.187217,0,0.13252,0,0.280084,0,0.093185,0,0.213264,0,0.06452,0,0.160596,0,0.043984,0,0.119559,0,0.029523,0,0.087966,0,0.019515,0,0.063947,0,0.012707
2425,2025/26,10,Wisła Płock,GKS Katowice,10.0,10.0,20.0,15.6473,11.4599,27.1072,0.052647,1,4101.4526,0.6605,0.5872,0.1563,0.425,0.1742,0.0,0.0,0.0,1e-06,4e-06,1.5e-05,4.3e-05,0.000113,0.000263,0.000557,0.001086,0.001965,0.003329,0.005314,0.008034,0.011562,0.015902,0.020979,0.026628,0.032608,0.038621,0.044337,0.049435,0.053627,0.056692,0.05849,0.058973,0.058179,0.056221,0.053275,0.04955,0.045274,0.040672,0.035951,0.031291,0.026835,0.02269,0.018926,0.015582,0.012669,0.010177,0.008082,0.006346,0.00493,0.003791,0.002886,0.002175,0.001625,0.001203,0.000883,0.000642,0.001568,0.992623,0.007377,1,0.007404,0.98731,0.01269,1,0.012771,0.979276,0.020724,1,0.020942,0.967714,0.032286,1,0.032818,0.951812,0.048188,1,0.049388,0.930834,0.069166,1,0.071675,0.904206,0.095794,1,0.100698,0.871598,0.128402,1,0.137427,0.832977,0.167023,0,1.789626,0.78864,0.21136,0,1.554192,0.739205,0.260795,0,1.34402,0.685578,0.314422,0,1.157018,0.628886,0.371114,0,0.991245,0.570395,0.429605,0,0.844889,0.511422,0.488578,0,0.716256,0.453244,0.546756,0,0.603752,0.397022,0.602978,0,0.505875,0.343747,0.656253,0,0.421209,0.294197,0.705803,0,0.348419,0.248923,0.751077,0,0.286248,0.208252,0.791748,0,0.233512,0.1723,0.8277,0,0.189105,0.141009,0.858991,0,0.151997,0.114174,0.885826,0,0.121235,1.1e-05,9.5e-05,0.000428,0.001352,0.003358,0.006975,0.012599,0.020321,0.029824,0.040405,0.051092,0.060829,0.068677,0.073959,0.076345,0.075852,0.072794,0.067684,0.061135,0.053766,0.046136,0.038696,0.031775,0.025581,0.020218,0.015705,0.043211,0.000128,0.000912,0.00343,0.009032,0.018689,0.032342,0.048669,0.065393,0.079956,0.090243,0.095064,0.094291,0.088688,0.079567,0.068425,0.056636,0.045281,0.035075,0.026393,0.019338,0.013824,0.009659,0.006608,0.004432,0.002918,0.001888,0.003106,0.998288,0.001712,0.996936,0.003064,0.993578,0.006422,0.986603,0.013397,0.974004,0.025996,0.953683,0.046317,0.923859,0.076141,0.883454,0.116546,0.832362,0.167638,0.771533,0.228467,0.702856,0.297144,0.628896,0.371104,0.552552,0.447448,0.4767,0.5233,0.403906,0.596094,0.336222,0.663778,0.275088,0.724912,0.221321,0.778679,0.175185,0.824815,0.13649,0.86351,0.104715,0.895285,0.995516,0.004484,0.986484,0.013516,0.967796,0.032204,0.935454,0.064546,0.886785,0.113215,0.821392,0.178608,0.741436,0.258564,0.651193,0.348807,0.556128,0.443872,0.461837,0.538163,0.373149,0.626851,0.293582,0.706418,0.225157,0.774843,0.168521,0.831479,0.12324,0.87676,0.088165,0.911835,0.061772,0.938228,0.042435,0.957565,0.028611,0.971389,0.018952,0.981048,0.012344,0.987656,1,0.001713,1,0.004494,1,0.003069,1,0.013608,1,0.006443,1,0.032734,1,0.013488,1,0.066723,1,0.02634,1,0.120153,1,0.047424,1,0.196755,1,0.079196,1,0.299166,1,0.123916,1,0.428949,0,1.785948,0,0.812219,0,1.476363,0,0.619594,0,1.213538,0,0.467046,0,0.991273,0,0.347548,0,0.804195,0,0.255095,0,0.6476,0,0.184549,0,0.517357,0,0.131522,0,0.409808,0,0.092296,0,0.321705,0,0.063762,0,0.250156,0,0.043362,0,0.192596,0,0.029028,0,0.14675,0,0.019134,0,0.110613,0,0.012421
2426,2025/26,10,Legia Warszawa,Pogoń Szczecin,14.0,6.0,20.0,15.5743,11.2671,26.8414,0.052647,1,4101.4526,0.6605,0.5872,0.1563,0.425,0.1742,0.0,0.0,0.0,1e-06,5e-06,1.7e-05,4.9e-05,0.000127,0.000294,0.000619,0.001199,0.002158,0.003633,0.005764,0.008663,0.012393,0.016945,0.022222,0.02804,0.034136,0.040195,0.045876,0.050853,0.054846,0.057646,0.059132,0.059278,0.058146,0.055869,0.052641,0.048683,0.04423,0.039511,0.034729,0.030058,0.025634,0.021554,0.017879,0.014638,0.011836,0.009456,0.007468,0.005833,0.004507,0.003446,0.002609,0.001956,0.001453,0.00107,0.000781,0.000565,0.001356,0.991898,0.008102,1,0.008135,0.986134,0.013866,1,0.013963,0.977471,0.022529,1,0.022786,0.965078,0.034922,1,0.035546,0.948133,0.051867,1,0.05326,0.925911,0.074089,1,0.076977,0.897871,0.102129,1,0.107729,0.863735,0.136265,1,0.146489,0.82354,0.17646,0,1.734662,0.777665,0.222335,0,1.503568,0.726811,0.273189,0,1.297593,0.671965,0.328035,0,1.114636,0.614319,0.385681,0,0.952745,0.555187,0.444813,0,0.810101,0.495908,0.504092,0,0.684997,0.437763,0.562237,0,0.575831,0.381893,0.618107,0,0.481094,0.329253,0.670747,0,0.399363,0.28057,0.71943,0,0.329296,0.23634,0.76366,0,0.269633,0.19683,0.80317,0,0.219188,0.162101,0.837899,0,0.176857,0.132043,0.867957,0,0.141613,0.106409,0.893591,0,0.112507,1.1e-05,9.8e-05,0.000443,0.001396,0.003459,0.007168,0.012914,0.020775,0.030412,0.041097,0.051833,0.061553,0.069316,0.074456,0.076661,0.075971,0.072721,0.067443,0.060761,0.053301,0.045619,0.038164,0.031258,0.0251,0.019787,0.015331,0.041836,0.000144,0.001018,0.003788,0.009871,0.020208,0.034602,0.05152,0.068493,0.082862,0.092536,0.09645,0.094656,0.08809,0.078197,0.066536,0.054491,0.043106,0.033037,0.024598,0.017832,0.012613,0.00872,0.005902,0.003917,0.002552,0.001634,0.002618,0.998334,0.001666,0.996938,0.003062,0.993478,0.006522,0.986311,0.013689,0.973397,0.026603,0.952622,0.047378,0.922209,0.077791,0.881112,0.118888,0.82928,0.17072,0.767726,0.232274,0.69841,0.30159,0.623953,0.376047,0.547293,0.452707,0.471321,0.528679,0.3986,0.6014,0.331157,0.668843,0.270397,0.729603,0.217096,0.782904,0.171477,0.828523,0.133313,0.866687,0.102055,0.897945,0.995039,0.004961,0.985168,0.014832,0.96496,0.03504,0.930358,0.069642,0.878838,0.121162,0.810345,0.189655,0.727483,0.272517,0.634947,0.365053,0.538497,0.461503,0.443841,0.556159,0.355751,0.644249,0.277554,0.722446,0.211018,0.788982,0.156527,0.843473,0.113421,0.886579,0.080384,0.919616,0.055786,0.944214,0.037955,0.962045,0.025342,0.974658,0.016622,0.983378,0.01072,0.98928,1,0.001667,1,0.004973,1,0.003067,1,0.014943,1,0.006543,1,0.035669,1,0.013784,1,0.072186,1,0.026963,0,2.110627,1,0.048537,0,1.662549,1,0.080983,0,1.300054,1,0.126571,0,1.007713,1,0.187197,0,0.773267,1,0.264322,0,0.586701,1,0.358949,0,0.43967,1,0.47168,0,0.325113,0,0.79251,0,0.237012,0,0.637374,0,0.170227,0,0.508495,0,0.120385,0,0.402206,0,0.083799,0,0.315255,0,0.057402,0,0.244745,0,0.038694,0,0.188111,0,0.025669,0,0.143077,0,0.016762,0,0.107646,0,0.010778
2427,2025/26,10,Motor Lublin,Radomiak Radom,11.0,20.0,31.0,13.9153,13.0203,26.9356,0.052647,1,4101.4526,0.6605,0.5872,0.1563,0.425,0.1742,0.0,0.0,0.0,1e-06,4e-06,1.5e-05,4.5e-05,0.000117,0.000272,0.000577,0.001124,0.002034,0.003445,0.005495,0.008301,0.011935,0.016397,0.021602,0.027376,0.033465,0.039558,0.045315,0.050406,0.05454,0.057499,0.059147,0.059447,0.05845,0.056283,0.053134,0.049224,0.04479,0.040063,0.035253,0.030539,0.026061,0.021923,0.018189,0.014893,0.01204,0.009615,0.007589,0.005922,0.004571,0.003491,0.002639,0.001976,0.001465,0.001076,0.000784,0.000566,0.001344,0.992366,0.007634,1,0.007663,0.986871,0.013129,1,0.013216,0.97857,0.02143,1,0.021663,0.966634,0.033366,1,0.033935,0.950237,0.049763,1,0.051043,0.928636,0.071364,1,0.074039,0.90126,0.09874,1,0.103961,0.867795,0.132205,1,0.1418,0.828237,0.171763,1,0.188456,0.782922,0.217078,1,0.244722,0.732516,0.267484,1,0.31127,0.677976,0.322024,1,0.388644,0.620477,0.379523,1,0.477266,0.56133,0.43867,1,0.577446,0.501883,0.498117,1,0.689388,0.443433,0.556567,1,0.813209,0.38715,0.61285,1,0.948944,0.334016,0.665984,1,1.096568,0.284791,0.715209,1,1.255999,0.240001,0.759999,0,0.274438,0.199938,0.800062,0,0.223066,0.164685,0.835315,0,0.179946,0.134146,0.865854,0,0.144039,0.108085,0.891915,0,0.114385,2.9e-05,0.000235,0.000993,0.002938,0.006831,0.013283,0.022461,0.033911,0.046591,0.059088,0.069942,0.077953,0.082387,0.083055,0.080257,0.074645,0.067059,0.058368,0.049352,0.040631,0.032637,0.025625,0.019697,0.014845,0.010983,0.007987,0.017959,4.9e-05,0.000381,0.001551,0.004414,0.009871,0.018461,0.030026,0.043602,0.05762,0.070287,0.080024,0.085785,0.087205,0.084558,0.078591,0.070306,0.06075,0.050859,0.041362,0.032754,0.025306,0.019111,0.014129,0.010242,0.007289,0.005098,0.010269,0.998484,0.001516,0.995546,0.004454,0.988715,0.011285,0.975432,0.024568,0.952971,0.047029,0.91906,0.08094,0.872469,0.127531,0.813381,0.186619,0.743439,0.256561,0.665486,0.334514,0.583099,0.416901,0.500044,0.499956,0.419787,0.580213,0.345142,0.654858,0.278084,0.721916,0.219716,0.780284,0.170364,0.829636,0.129733,0.870267,0.097096,0.902904,0.071471,0.928529,0.051773,0.948227,0.997917,0.002083,0.993503,0.006497,0.983633,0.016367,0.965171,0.034829,0.935145,0.064855,0.891543,0.108457,0.833923,0.166077,0.763636,0.236364,0.683613,0.316387,0.597828,0.402172,0.510623,0.489377,0.426065,0.573935,0.347474,0.652526,0.277169,0.722831,0.216418,0.783582,0.165559,0.834441,0.124197,0.875803,0.091443,0.908557,0.066137,0.933863,0.047027,0.952973,0.032897,0.967103,1,0.001517,1,0.002085,1,0.004464,1,0.006518,1,0.011349,1,0.016502,1,0.024875,1,0.03545,1,0.048171,1,0.067054,1,0.084404,1,0.114802,1,0.136428,1,0.181614,1,0.206556,1,0.269664,1,0.296469,1,0.380363,0,1.095077,1,0.514452,0,0.874906,1,0.672124,0,0.693235,1,0.853163,0,0.54436,1,1.057065,0,0.423337,1,1.283128,0,0.325846,1,1.530544,0,0.248097,1,1.798428,0,0.186768,1,2.085886,0,0.138955,1,2.392039,0,0.102139,0,0.068426,0,0.074154,0,0.048169,0,0.053161,0,0.03345
2428,2025/26,10,Zagłębie Lubin,Arka Gdynia,10.0,11.0,21.0,15.5844,12.3736,27.958,0.052647,1,4101.4526,0.6605,0.5872,0.1563,0.425,0.1742,0.0,0.0,0.0,1e-06,3e-06,1e-05,2.9e-05,7.7e-05,0.000182,0.000394,0.000784,0.001446,0.002498,0.004065,0.006266,0.009191,0.012885,0.017323,0.022407,0.027959,0.033738,0.039458,0.044814,0.049516,0.053311,0.056012,0.057505,0.05776,0.056825,0.054813,0.051891,0.048256,0.044117,0.039682,0.035142,0.030661,0.026373,0.022376,0.018738,0.015494,0.012657,0.01022,0.00816,0.006445,0.005037,0.003897,0.002986,0.002267,0.001705,0.001271,0.00094,0.002416,0.994577,0.005423,1,0.005438,0.990511,0.009489,1,0.009534,0.984246,0.015754,1,0.015879,0.975055,0.024945,1,0.025262,0.96217,0.03783,1,0.038564,0.944846,0.055154,1,0.056733,0.92244,0.07756,1,0.080733,0.894481,0.105519,1,0.111512,0.860743,0.139257,1,0.149959,0.821286,0.178714,0,1.721967,0.776471,0.223529,0,1.498216,0.726955,0.273045,0,1.29812,0.673644,0.326356,0,1.119766,0.617632,0.382368,0,0.961372,0.560128,0.439872,0,0.821271,0.502368,0.497632,0,0.697894,0.445543,0.554457,0,0.589767,0.39073,0.60927,0,0.495494,0.338838,0.661162,0,0.413757,0.290583,0.709417,0,0.343312,0.246466,0.753534,0,0.282981,0.206785,0.793215,0,0.23166,0.171643,0.828357,0,0.188311,0.140982,0.859018,0,0.151965,1.1e-05,9.8e-05,0.000441,0.00139,0.003445,0.007141,0.01287,0.020711,0.03033,0.041001,0.05173,0.061453,0.069228,0.074388,0.076618,0.075955,0.072732,0.067477,0.060813,0.053366,0.045691,0.038238,0.031329,0.025167,0.019847,0.015383,0.042025,7.3e-05,0.000545,0.00215,0.005934,0.012872,0.02335,0.036835,0.051882,0.066499,0.078678,0.086883,0.090337,0.08907,0.083769,0.075516,0.065523,0.054915,0.044591,0.035174,0.027016,0.020245,0.014829,0.010634,0.007476,0.00516,0.003501,0.006495,0.998328,0.001672,0.996938,0.003062,0.993493,0.006507,0.986352,0.013648,0.973482,0.026518,0.95277,0.04723,0.92244,0.07756,0.881439,0.118561,0.829709,0.170291,0.768256,0.231744,0.699028,0.300972,0.62464,0.37536,0.548022,0.451978,0.472067,0.527933,0.399335,0.600665,0.331858,0.668142,0.271045,0.728955,0.217679,0.782321,0.171988,0.828012,0.13375,0.86625,0.102421,0.897579,0.997185,0.002815,0.99125,0.00875,0.978379,0.021621,0.955029,0.044971,0.918194,0.081806,0.866312,0.133688,0.799813,0.200187,0.721135,0.278865,0.634252,0.365748,0.543915,0.456085,0.454845,0.545155,0.371076,0.628924,0.29556,0.70444,0.230037,0.769963,0.175121,0.824879,0.13053,0.86947,0.095356,0.904644,0.06834,0.93166,0.048095,0.951905,0.033267,0.966733,0.022633,0.977367,1,0.001673,1,0.002819,1,0.003067,1,0.008789,1,0.006528,1,0.021858,1,0.013742,1,0.046014,1,0.026876,1,0.085347,1,0.048382,1,0.14351,1,0.080733,1,0.223377,1,0.126199,1,0.326929,0,1.770247,1,0.455309,0,1.462122,0,0.785076,0,1.200738,0,0.606685,0,0.97987,0,0.463745,0,0.794122,0,0.350352,0,0.638786,0,0.261413,0,0.509718,0,0.192519,0,0.403255,0,0.139871,0,0.316143,0,0.100214,0,0.24549,0,0.070787,0,0.188728,0,0.04929,0,0.143582,0,0.033833,0,0.108054,0,0.022893
2429,2025/26,10,Korona Kielce,Lechia Gdańsk,17.0,10.0,27.0,16.4503,13.1146,29.5649,0.052647,1,4101.4526,0.6605,0.5872,0.1563,0.425,0.1742,0.0,0.0,0.0,0.0,1e-06,4e-06,1.4e-05,3.8e-05,9.4e-05,0.000211,0.000432,0.000824,0.001469,0.002467,0.003926,0.005945,0.008603,0.011939,0.015941,0.020532,0.025575,0.030874,0.036195,0.041281,0.045876,0.049751,0.052721,0.054658,0.055503,0.05526,0.053996,0.051826,0.048903,0.045399,0.041496,0.037368,0.033173,0.029049,0.025105,0.021425,0.018063,0.015052,0.012403,0.010109,0.008154,0.006511,0.005149,0.004033,0.003131,0.002409,0.001838,0.005272,0.996911,0.003089,1,0.003094,0.994444,0.005556,1,0.005572,0.990518,0.009482,1,0.009527,0.984573,0.015427,1,0.015547,0.975971,0.024029,1,0.024323,0.964032,0.035968,1,0.036631,0.948091,0.051909,1,0.053305,0.927559,0.072441,1,0.075199,0.901985,0.098015,1,0.103158,0.87111,0.12889,1,0.137987,0.834915,0.165085,1,0.180425,0.793634,0.206366,1,0.231133,0.747758,0.252242,1,0.290676,0.698007,0.301993,1,0.359527,0.645286,0.354714,1,0.438062,0.590627,0.409373,0,0.893129,0.535124,0.464876,0,0.765986,0.479864,0.520136,0,0.653666,0.425869,0.574131,0,0.554897,0.374043,0.625957,0,0.468473,0.32514,0.67486,0,0.39325,0.279741,0.720259,0,0.328144,0.238244,0.761756,0,0.27213,0.200877,0.799123,0,0.22424,7e-06,6.3e-05,0.000292,0.000949,0.002422,0.005169,0.009594,0.015899,0.023977,0.033377,0.043365,0.05305,0.061541,0.068097,0.072226,0.073734,0.072707,0.069462,0.064467,0.058256,0.051363,0.044265,0.037347,0.030894,0.025089,0.020025,0.060228,4.7e-05,0.000362,0.001479,0.004228,0.009495,0.017835,0.029132,0.042486,0.056385,0.069075,0.078981,0.08503,0.086808,0.084533,0.078905,0.070889,0.061517,0.051722,0.042244,0.033595,0.026067,0.01977,0.014679,0.010686,0.007637,0.005365,0.010934,0.997503,0.002497,0.996554,0.003446,0.994132,0.005868,0.988962,0.011038,0.979368,0.020632,0.963469,0.036531,0.939492,0.060508,0.906115,0.093885,0.86275,0.13725,0.8097,0.1903,0.748159,0.251841,0.680062,0.319938,0.607836,0.392164,0.534102,0.465898,0.461395,0.538605,0.391933,0.608067,0.327466,0.672534,0.26921,0.73079,0.217847,0.782153,0.173582,0.826418,0.136235,0.863765,0.997999,0.002001,0.993771,0.006229,0.984276,0.015724,0.966441,0.033559,0.937309,0.062691,0.894823,0.105177,0.838438,0.161562,0.769362,0.230638,0.690381,0.309619,0.605351,0.394649,0.518543,0.481457,0.43401,0.56599,0.355105,0.644895,0.284216,0.715784,0.222699,0.777301,0.170978,0.829022,0.128734,0.871266,0.095139,0.904861,0.069072,0.930928,0.049302,0.950698,0.034623,0.965377,1,0.0025,1,0.002003,1,0.003452,1,0.006248,1,0.005885,1,0.015849,1,0.011099,1,0.034135,1,0.020848,1,0.064742,1,0.037215,1,0.111129,1,0.062416,1,0.176215,1,0.098589,1,0.262194,1,0.14763,0,1.172413,1,0.211091,0,0.929759,1,0.29014,0,0.730938,1,0.385571,0,0.569179,1,0.49785,0,0.438668,1,0.627168,0,0.334377,1,0.773501,0,0.251928,0,0.49747,0,0.187509,0,0.396703,0,0.137808,0,0.313629,0,0.099974,0,0.245705,0,0.071573,0,0.190655,0,0.050559,0,0.146455,0,0.035237
2430,2025/26,10,Cracovia,Górnik Zabrze,13.0,11.0,24.0,13.4515,13.0822,26.5336,0.052647,1,4101.4526,0.6605,0.5872,0.1563,0.425,0.1742,0.0,0.0,0.0,1e-06,5e-06,1.8e-05,5.4e-05,0.000139,0.000321,0.000674,0.001302,0.002335,0.00392,0.006198,0.009283,0.013231,0.018019,0.023532,0.029563,0.035824,0.041977,0.047667,0.052558,0.056372,0.05891,0.060068,0.059844,0.058324,0.055669,0.052092,0.047834,0.043142,0.038249,0.03336,0.028643,0.024228,0.0202,0.016612,0.013481,0.010802,0.00855,0.006688,0.005173,0.003957,0.002995,0.002244,0.001665,0.001224,0.000891,0.000643,0.00046,0.001062,0.991232,0.008768,1,0.008806,0.985034,0.014966,1,0.015079,0.975751,0.024249,1,0.024548,0.96252,0.03748,1,0.038201,0.944501,0.055499,1,0.057099,0.920968,0.079032,1,0.08233,0.891406,0.108594,1,0.114956,0.855582,0.144418,1,0.155973,0.813605,0.186395,1,0.20628,0.765939,0.234061,1,0.266653,0.71338,0.28662,1,0.33774,0.657008,0.342992,1,0.420059,0.598098,0.401902,0,0.911548,0.53803,0.46197,0,0.772255,0.478186,0.521814,0,0.650445,0.419863,0.580137,0,0.544491,0.364194,0.635806,0,0.452862,0.312103,0.687897,0,0.374115,0.264269,0.735731,0,0.30689,0.221127,0.778873,0,0.249907,0.182878,0.817122,0,0.201967,0.149518,0.850482,0,0.161952,0.120875,0.879125,0,0.128828,0.096647,0.903353,0,0.101642,3.8e-05,0.000302,0.00125,0.003626,0.008267,0.015761,0.026132,0.038683,0.05211,0.064798,0.075205,0.082182,0.085163,0.084178,0.079755,0.07273,0.064064,0.054673,0.045326,0.036588,0.028817,0.022184,0.016719,0.012355,0.008962,0.00639,0.013579,4.8e-05,0.000369,0.001503,0.004291,0.009623,0.018048,0.029436,0.042867,0.056807,0.069491,0.07934,0.085292,0.086948,0.084545,0.0788,0.070692,0.061256,0.051427,0.041942,0.033306,0.025805,0.019542,0.014489,0.010533,0.007516,0.005272,0.010702,0.998249,0.001751,0.994622,0.005378,0.986356,0.013644,0.970594,0.029406,0.944463,0.055537,0.905779,0.094221,0.853669,0.146331,0.788871,0.211129,0.713666,0.286334,0.631484,0.368516,0.546321,0.453679,0.462143,0.537857,0.382388,0.617612,0.309658,0.690342,0.245594,0.754406,0.190921,0.809079,0.145595,0.854405,0.109006,0.890994,0.08019,0.91981,0.058006,0.941994,0.041287,0.958713,0.997972,0.002028,0.993681,0.006319,0.984058,0.015942,0.96601,0.03399,0.936574,0.063426,0.893707,0.106293,0.836899,0.163101,0.767408,0.232592,0.688068,0.311932,0.602776,0.397224,0.515829,0.484171,0.431283,0.568717,0.352483,0.647517,0.281791,0.718209,0.220535,0.779465,0.169108,0.830892,0.127166,0.872834,0.09386,0.90614,0.068055,0.931945,0.048512,0.951488,0.034023,0.965977,1,0.001753,1,0.00203,1,0.005393,1,0.006339,1,0.013738,1,0.01607,1,0.029847,1,0.034581,1,0.057139,1,0.065527,1,0.09896,1,0.112377,1,0.158212,1,0.178052,1,0.237152,1,0.264737,1,0.33734,1,0.373868,1,0.459683,0,0.923255,1,0.604549,0,0.725317,0,0.620163,0,0.564372,0,0.481895,0,0.43461,0,0.370568,0,0.330995,0,0.281825,0,0.249147,0,0.211859,0,0.185255,0,0.15735,0,0.13601,0,0.115418,0,0.098561,0,0.083588,0,0.070481,0,0.059756,0,0.049728,0,0.042164,0,0.034615
2431,2025/26,10,Lech Poznań,Jagiellonia Białystok,13.0,15.0,28.0,15.5002,12.691,28.1911,0.052647,1,4101.4526,0.6605,0.5872,0.1563,0.425,0.1742,0.0,0.0,0.0,1e-06,2e-06,8e-06,2.6e-05,6.9e-05,0.000165,0.000358,0.000716,0.001328,0.002306,0.003773,0.005845,0.008619,0.012145,0.016412,0.021336,0.026758,0.032451,0.038143,0.043537,0.048344,0.052306,0.055224,0.056972,0.057502,0.056843,0.055094,0.052405,0.048964,0.044975,0.040642,0.03616,0.031695,0.027388,0.023343,0.019636,0.01631,0.013384,0.010854,0.008705,0.006905,0.00542,0.004212,0.003241,0.002471,0.001866,0.001397,0.001037,0.002704,0.99502,0.00498,1,0.004992,0.991248,0.008752,1,0.008791,0.985403,0.014597,1,0.014705,0.976784,0.023216,1,0.02349,0.964639,0.035361,1,0.036001,0.948227,0.051773,1,0.053161,0.926891,0.073109,1,0.075919,0.900134,0.099866,1,0.105212,0.867682,0.132318,1,0.14193,0.829539,0.170461,1,0.186885,0.786001,0.213999,1,0.240797,0.737658,0.262342,1,0.304275,0.685352,0.314648,1,0.377823,0.630128,0.369872,1,0.461833,0.573156,0.426844,1,0.556598,0.515653,0.484347,1,0.66232,0.45881,0.54119,0,0.613985,0.403716,0.596284,0,0.517038,0.35131,0.64869,0,0.432801,0.302346,0.697654,0,0.360033,0.257372,0.742628,0,0.29756,0.216729,0.783271,0,0.244277,0.18057,0.81943,0,0.199146,0.148875,0.851125,0,0.161196,1.2e-05,0.000102,0.000459,0.001443,0.003566,0.007369,0.013241,0.021245,0.03102,0.041808,0.052591,0.06229,0.069963,0.074954,0.076971,0.076078,0.072633,0.067185,0.06037,0.052819,0.045088,0.037621,0.030732,0.024614,0.019353,0.014956,0.04047,6e-05,0.000457,0.001831,0.005131,0.0113,0.020815,0.033341,0.047682,0.062056,0.07455,0.083591,0.08825,0.088351,0.08437,0.077227,0.068039,0.0579,0.047738,0.038235,0.029818,0.022689,0.016874,0.012287,0.008772,0.006147,0.004234,0.008182,0.998377,0.001623,0.996934,0.003066,0.993368,0.006632,0.986,0.014,0.972758,0.027242,0.951513,0.048487,0.920493,0.079507,0.878686,0.121314,0.826094,0.173906,0.763804,0.236196,0.693841,0.306159,0.618888,0.381112,0.541917,0.458083,0.465839,0.534161,0.393206,0.606794,0.326021,0.673979,0.265652,0.734348,0.212833,0.787167,0.167745,0.832255,0.130124,0.869876,0.099392,0.900608,0.997582,0.002418,0.992452,0.007548,0.981151,0.018849,0.960336,0.039664,0.926995,0.073005,0.879313,0.120687,0.817257,0.182743,0.742707,0.257293,0.659116,0.340884,0.570866,0.429134,0.482515,0.517485,0.398145,0.601855,0.320917,0.679083,0.252878,0.747122,0.194978,0.805022,0.14724,0.85276,0.109004,0.890996,0.079186,0.920814,0.056497,0.943503,0.039623,0.960377,0.027336,0.972664,1,0.001624,1,0.002421,1,0.003071,1,0.007577,1,0.006654,1,0.019029,1,0.014099,1,0.040472,1,0.02762,1,0.075807,1,0.049702,1,0.128614,1,0.082846,1,0.201802,1,0.129328,1,0.297454,1,0.191047,1,0.416856,1,0.269444,1,0.560601,1,0.365512,1,0.728743,0,0.964662,1,0.920939,0,0.780705,1,1.136573,0,0.627058,0,0.291527,0,0.499566,0,0.216886,0,0.394556,0,0.159277,0,0.308772,0,0.115415,0,0.239315,0,0.082497,0,0.183616,0,0.058156,0,0.139405,0,0.040429,0,0.104685,0,0.027717
2432,2025/26,10,Piast Gliwice,Bruk-Bet Termalica Nieciecza,20.0,22.0,42.0,15.2154,11.4507,26.6662,0.052647,1,4101.4526,0.6605,0.5872,0.1563,0.425,0.1742,0.0,0.0,0.0,1e-06,5e-06,1.8e-05,5.2e-05,0.000135,0.000313,0.000657,0.00127,0.002277,0.003823,0.006047,0.009061,0.012921,0.017611,0.023021,0.028953,0.035131,0.041226,0.046891,0.051797,0.055667,0.0583,0.059586,0.059513,0.058158,0.05567,0.052252,0.048136,0.043562,0.038759,0.033931,0.029248,0.02484,0.020799,0.01718,0.014006,0.011277,0.00897,0.007053,0.005483,0.004218,0.003211,0.00242,0.001806,0.001335,0.000978,0.000711,0.000512,0.001209,0.991447,0.008553,1,0.008589,0.9854,0.0146,1,0.014707,0.97634,0.02366,1,0.023945,0.963418,0.036582,1,0.037267,0.945807,0.054193,1,0.055716,0.922786,0.077214,1,0.080358,0.893833,0.106167,1,0.112236,0.858703,0.141297,1,0.152333,0.817477,0.182523,1,0.201533,0.770586,0.229414,1,0.260604,0.718789,0.281211,1,0.330188,0.663121,0.336879,1,0.410797,0.604821,0.395179,1,0.502822,0.545236,0.454764,1,0.606537,0.485722,0.514278,1,0.722118,0.427564,0.572436,1,0.849651,0.371894,0.628106,1,0.989146,0.319642,0.680358,1,1.140553,0.271506,0.728494,1,1.30377,0.227945,0.772055,1,1.478653,0.189186,0.810814,1,1.665025,0.155255,0.844745,1,1.862687,0.126007,0.873993,1,2.071418,0.101167,0.898833,1,2.290985,1.4e-05,0.000118,0.000526,0.001638,0.004006,0.008194,0.014575,0.023146,0.033451,0.044624,0.055561,0.065137,0.072413,0.076787,0.078049,0.076357,0.072156,0.066062,0.058755,0.050882,0.042992,0.035506,0.028709,0.022758,0.017711,0.013547,0.03549,0.000128,0.000917,0.003446,0.009071,0.018759,0.032446,0.048802,0.065539,0.080095,0.090354,0.095134,0.094313,0.088663,0.079506,0.068338,0.056536,0.045178,0.034978,0.026307,0.019265,0.013765,0.009613,0.006573,0.004406,0.0029,0.001876,0.003081,0.998508,0.001492,0.99687,0.00313,0.992863,0.007137,0.984669,0.015331,0.970094,0.029906,0.946948,0.053052,0.913498,0.086502,0.868874,0.131126,0.813313,0.186687,0.748176,0.251824,0.675763,0.324237,0.598976,0.401024,0.520926,0.479074,0.444569,0.555431,0.372413,0.627587,0.306351,0.693649,0.247596,0.752404,0.196714,0.803286,0.153722,0.846278,0.118216,0.881784,0.089507,0.910493,0.995495,0.004505,0.986424,0.013576,0.967666,0.032334,0.935219,0.064781,0.886417,0.113583,0.820878,0.179122,0.740784,0.259216,0.650429,0.349571,0.555296,0.444704,0.460983,0.539017,0.372319,0.627681,0.292813,0.707187,0.224476,0.775524,0.16794,0.83206,0.122762,0.877238,0.087785,0.912215,0.061478,0.938522,0.042213,0.957787,0.028448,0.971552,0.018835,0.981165,0.012262,0.987738,1,0.001493,1,0.004515,1,0.003135,1,0.013669,1,0.007163,1,0.032868,1,0.01545,1,0.066975,1,0.030362,1,0.120568,1,0.054511,1,0.197381,1,0.090474,1,0.300046,1,0.140557,1,0.430123,1,0.206639,1,0.588254,1,0.290117,1,0.774394,1,0.391913,1,0.988004,1,0.512534,1,1.228221,1,0.652147,1,1.493986,1,0.81065,1,1.784149,1,0.987752,1,2.097508,1,1.183024,1,2.432865,1,1.395957,1,2.789076,1,1.626004,1,3.165027,0,0.166907,1,3.559677,0,0.125808,1,3.972038,0,0.093769,0,0.012338
2433,2025/26,10,Widzew Łódź,Raków Częstochowa,6.0,20.0,26.0,13.2684,11.294,24.5623,0.052647,1,4101.4526,0.6605,0.5872,0.1563,0.425,0.1742,0.0,0.0,1e-06,4e-06,1.4e-05,4.8e-05,0.000134,0.000329,0.000726,0.001455,0.002682,0.004591,0.007352,0.011093,0.015853,0.021561,0.028021,0.034925,0.041875,0.048433,0.054171,0.058721,0.06181,0.063293,0.063149,0.061481,0.058487,0.054432,0.049616,0.044341,0.038888,0.033501,0.028371,0.023637,0.019389,0.015668,0.012481,0.009807,0.007605,0.005823,0.004405,0.003293,0.002434,0.00178,0.001288,0.000922,0.000654,0.00046,0.00032,0.000221,0.000151,0.000305,0.982665,0.017335,1,0.017487,0.971572,0.028428,1,0.02884,0.955719,0.044281,1,0.045291,0.934159,0.065841,1,0.068109,0.906137,0.093863,1,0.098564,0.871213,0.128787,1,0.137869,0.829338,0.170662,1,0.187127,0.780905,0.219095,1,0.247302,0.726734,0.273266,1,0.319195,0.668013,0.331987,1,0.403448,0.606203,0.393797,1,0.500541,0.54291,0.45709,1,0.610811,0.479761,0.520239,1,0.734467,0.41828,0.58172,1,0.871605,0.359792,0.640208,0,0.445963,0.30536,0.69464,0,0.364362,0.255744,0.744256,0,0.29537,0.211404,0.788596,0,0.237501,0.172516,0.827484,0,0.189365,0.139015,0.860985,0,0.149678,0.110644,0.889356,0,0.117258,0.087007,0.912993,0,0.091027,0.067618,0.932382,0,0.070013,0.05195,0.94805,0,0.053348,4.3e-05,0.000333,0.00137,0.003942,0.008913,0.016858,0.027726,0.040714,0.054406,0.067112,0.077266,0.083758,0.086099,0.084422,0.079345,0.071777,0.062717,0.053095,0.043665,0.034965,0.027317,0.020861,0.015597,0.011433,0.008227,0.005819,0.012089,0.000142,0.001002,0.003736,0.009749,0.019989,0.034278,0.051115,0.068056,0.082457,0.092221,0.096266,0.094616,0.088185,0.078398,0.066807,0.054795,0.043411,0.033321,0.024846,0.018039,0.012778,0.008848,0.005998,0.003986,0.002601,0.001668,0.002682,0.998122,0.001878,0.99418,0.00582,0.985267,0.014733,0.968409,0.031591,0.940683,0.059317,0.899969,0.100031,0.845562,0.154438,0.778451,0.221549,0.701185,0.298815,0.617427,0.382573,0.531328,0.468672,0.446906,0.553094,0.367561,0.632439,0.295784,0.704216,0.233067,0.766933,0.179972,0.820028,0.136307,0.863693,0.101342,0.898658,0.074025,0.925975,0.053164,0.946836,0.037567,0.962433,0.995109,0.004891,0.98536,0.01464,0.96537,0.03463,0.931092,0.068908,0.879977,0.120023,0.811922,0.188078,0.729465,0.270535,0.637244,0.362756,0.540979,0.459021,0.446363,0.553637,0.358178,0.641822,0.27978,0.72022,0.212973,0.787027,0.158177,0.841823,0.114766,0.885234,0.081445,0.918555,0.056599,0.943401,0.03856,0.96144,0.025781,0.974219,0.016934,0.983066,0.010936,0.989064,1,0.00188,1,0.004903,1,0.005837,1,0.014748,1,0.014843,1,0.035244,1,0.032101,1,0.071397,0,2.824859,1,0.12786,0,2.302275,1,0.208351,0,1.867963,1,0.315444,0,1.507111,1,0.450603,0,1.207931,1,0.614375,0,0.960836,1,0.806623,0,0.757852,1,1.026725,0,0.592227,1,1.273752,0,0.458172,1,1.54659,0,0.35067,1,1.844041,0,0.265356,1,2.16486,0,0.198417,1,2.507827,0,0.146538,1,2.871764,0,0.106853,1,3.25554,0,0.076908,0,0.026119,0,0.054629,0,0.017079,0,0.038291,0,0.010996
2434,2025/26,11,Arka Gdynia,Cracovia,8.0,13.0,21.0,12.2206,12.5428,24.7634,0.052825,1,4155.3981,0.6695,0.6023,0.1665,0.4262,0.1581,0.0,0.0,1e-06,3e-06,1.3e-05,4.3e-05,0.000121,0.000301,0.000667,0.001343,0.002489,0.004282,0.006895,0.010457,0.015021,0.020536,0.026828,0.033611,0.040507,0.047092,0.052941,0.05768,0.061023,0.062802,0.062975,0.061618,0.058909,0.055096,0.050468,0.045323,0.039942,0.034575,0.029421,0.024629,0.020298,0.01648,0.013189,0.010411,0.008111,0.006238,0.00474,0.00356,0.002643,0.001941,0.001411,0.001015,0.000723,0.00051,0.000357,0.000247,0.00017,0.000346,0.983842,0.016158,1,0.01629,0.973385,0.026615,1,0.026975,0.958364,0.041636,1,0.042527,0.937828,0.062172,1,0.064189,0.911,0.089,1,0.093212,0.877389,0.122611,1,0.130804,0.836882,0.163118,1,0.178072,0.78979,0.21021,1,0.235988,0.736849,0.263151,1,0.305372,0.67917,0.32083,0,1.136843,0.618147,0.381853,0,0.962719,0.555345,0.444655,0,0.810457,0.49237,0.50763,0,0.678003,0.430752,0.569248,0,0.56344,0.371843,0.628157,0,0.464965,0.316747,0.683253,0,0.38089,0.266279,0.733721,0,0.309626,0.220956,0.779044,0,0.249688,0.181014,0.818986,0,0.199688,0.146439,0.853561,0,0.158338,0.117018,0.882982,0,0.12445,0.092389,0.907611,0,0.096939,0.072091,0.927909,0,0.074821,0.055611,0.944389,0,0.057217,8e-05,0.000597,0.002334,0.006387,0.013737,0.024715,0.03867,0.054029,0.068702,0.080647,0.088366,0.091173,0.089211,0.083269,0.074504,0.064166,0.053382,0.04303,0.033696,0.025694,0.019117,0.013903,0.009899,0.006911,0.004737,0.003191,0.005814,6.6e-05,0.000499,0.001982,0.00551,0.01204,0.022005,0.034976,0.049643,0.064126,0.076469,0.085117,0.089214,0.088679,0.084084,0.076427,0.066866,0.05651,0.046274,0.036811,0.028514,0.021551,0.015922,0.011517,0.008168,0.005687,0.003892,0.007391,0.996949,0.003051,0.990562,0.009438,0.976825,0.023175,0.952111,0.047889,0.91344,0.08656,0.859411,0.140589,0.79071,0.20929,0.710063,0.289937,0.621697,0.378303,0.530523,0.469477,0.441312,0.558688,0.358043,0.641957,0.283539,0.716461,0.219373,0.780627,0.165991,0.834009,0.122961,0.877039,0.089265,0.910735,0.063571,0.936429,0.044454,0.955546,0.030552,0.969448,0.020652,0.979348,0.997394,0.002606,0.991883,0.008117,0.979843,0.020157,0.957838,0.042162,0.922862,0.077138,0.873218,0.126782,0.809092,0.190908,0.732623,0.267377,0.647506,0.352494,0.558292,0.441708,0.469613,0.530387,0.385529,0.614471,0.309102,0.690898,0.242237,0.757763,0.185727,0.814273,0.139453,0.860547,0.102642,0.897358,0.074128,0.925872,0.052577,0.947423,0.036655,0.963345,0.025138,0.974862,1,0.003056,1,0.002609,1,0.009483,1,0.00815,1,0.023448,1,0.020363,1,0.049074,1,0.043077,1,0.090538,1,0.080276,1,0.151508,1,0.13557,0,1.564034,1,0.211843,0,1.238092,1,0.311124,0,0.97206,1,0.434627,0,0.756136,1,0.582873,0,0.582164,1,0.755846,0,0.443234,0,0.486994,0,0.333431,0,0.369763,0,0.247658,0,0.277385,0,0.181511,0,0.20546,0,0.131204,0,0.150187,0,0.093503,0,0.1083,0,0.065682,0,0.077019,0,0.045472,0,0.05401,0,0.031028,0,0.037344,0,0.020868,0,0.025459
2435,2025/26,11,Bruk-Bet Termalica Nieciecza,Widzew Łódź,9.0,14.0,23.0,13.622,14.6705,28.2925,0.052825,1,4155.3981,0.6695,0.6023,0.1665,0.4262,0.1581,0.0,0.0,0.0,1e-06,2e-06,8e-06,2.4e-05,6.5e-05,0.000157,0.000342,0.000685,0.001275,0.00222,0.00364,0.005655,0.00836,0.011811,0.016002,0.020855,0.02622,0.031878,0.03756,0.042975,0.047831,0.051872,0.054891,0.056755,0.057409,0.056874,0.055241,0.052654,0.049296,0.045369,0.041079,0.036617,0.032155,0.027835,0.023766,0.020026,0.016661,0.013694,0.011123,0.008934,0.007097,0.005579,0.004341,0.003345,0.002553,0.001931,0.001447,0.001076,0.002812,0.99522,0.00478,1,0.004791,0.99158,0.00842,1,0.008456,0.985925,0.014075,1,0.014175,0.977565,0.022435,1,0.022691,0.965753,0.034247,1,0.034847,0.949752,0.050248,1,0.051555,0.928896,0.071104,1,0.073758,0.902676,0.097324,1,0.102392,0.870798,0.129202,1,0.138346,0.833237,0.166763,1,0.182437,0.790262,0.209738,1,0.23539,0.742431,0.257569,0,1.356468,0.690559,0.309441,0,1.172989,0.635669,0.364331,0,1.009691,0.578913,0.421087,0,0.864917,0.521504,0.478496,0,0.737108,0.46463,0.53537,0,0.624797,0.40939,0.59061,0,0.526599,0.356736,0.643264,0,0.4412,0.30744,0.69256,0,0.36736,0.262071,0.737929,0,0.303907,0.220992,0.779008,0,0.249734,0.184375,0.815625,0,0.203801,0.15222,0.84778,0,0.165134,3.5e-05,0.000277,0.001154,0.00337,0.007731,0.014838,0.024764,0.036907,0.050059,0.062682,0.073262,0.080631,0.084157,0.083789,0.079969,0.073466,0.065195,0.056056,0.046824,0.038086,0.030226,0.023448,0.017809,0.013262,0.009696,0.006967,0.015143,1.9e-05,0.000158,0.00069,0.0021,0.005028,0.010067,0.017531,0.02726,0.038578,0.050401,0.061462,0.070577,0.076858,0.079841,0.079505,0.076207,0.07056,0.063301,0.055169,0.046818,0.038767,0.031378,0.024866,0.01932,0.014738,0.01105,0.027219,0.998339,0.001661,0.994969,0.005031,0.987238,0.012762,0.9724,0.0276,0.947636,0.052364,0.910729,0.089271,0.86067,0.13933,0.797987,0.202013,0.724725,0.275275,0.644095,0.355905,0.559938,0.440062,0.476149,0.523851,0.396179,0.603821,0.322713,0.677287,0.257519,0.742481,0.201462,0.798538,0.154638,0.845362,0.116552,0.883448,0.086326,0.913674,0.062878,0.937122,0.045069,0.954931,0.998605,0.001395,0.996504,0.003496,0.991477,0.008523,0.981409,0.018591,0.963878,0.036122,0.936618,0.063382,0.89804,0.10196,0.847639,0.152361,0.786176,0.213824,0.715599,0.284401,0.638741,0.361259,0.5589,0.4411,0.479394,0.520606,0.403187,0.596813,0.332627,0.667373,0.269326,0.730674,0.214157,0.785843,0.167339,0.832661,0.128572,0.871428,0.097193,0.902807,0.072327,0.927673,1,0.001662,1,0.001396,1,0.005044,1,0.003502,1,0.012844,1,0.00856,1,0.027988,1,0.018766,1,0.053785,1,0.036791,1,0.09351,1,0.06548,1,0.150044,1,0.107541,0,1.599423,1,0.1653,0,1.289985,1,0.240575,0,1.033091,1,0.334635,0,0.82084,1,0.448256,0,0.646548,1,0.581785,0,0.504477,0,0.652762,0,0.38966,0,0.516151,0,0.297758,0,0.404406,0,0.224973,0,0.313788,0,0.16799,0,0.240998,0,0.123923,0,0.183129,0,0.090281,0,0.137622,0,0.064942,0,0.102246,0,0.046116,0,0.075076
2436,2025/26,11,Lechia Gdańsk,Wisła Płock,12.0,9.0,21.0,13.3586,12.0293,25.3879,0.052825,1,4155.3981,0.6695,0.6023,0.1665,0.4262,0.1581,0.0,0.0,0.0,2e-06,1e-05,3.2e-05,9.2e-05,0.00023,0.000518,0.001059,0.001991,0.003476,0.00568,0.008741,0.012742,0.017678,0.023437,0.029798,0.036446,0.043003,0.049065,0.054256,0.05826,0.060858,0.061942,0.06152,0.059702,0.05668,0.052704,0.048047,0.042986,0.037775,0.032632,0.027734,0.023205,0.019128,0.015543,0.012458,0.009854,0.007696,0.005938,0.004528,0.003414,0.002546,0.001879,0.001373,0.000993,0.000711,0.000505,0.000355,0.000248,0.00053,0.986909,0.013091,1,0.013177,0.978169,0.021831,1,0.022073,0.965426,0.034574,1,0.035185,0.947749,0.052251,1,0.053666,0.924312,0.075688,1,0.078706,0.894514,0.105486,1,0.111475,0.858067,0.141933,1,0.153073,0.815065,0.184935,1,0.204488,0.765999,0.234001,1,0.266574,0.711743,0.288257,0,1.243902,0.653482,0.346518,0,1.059822,0.592624,0.407376,0,0.898019,0.530682,0.469318,0,0.756475,0.469162,0.530838,0,0.633299,0.409461,0.590539,0,0.526719,0.352781,0.647219,0,0.43507,0.300077,0.699923,0,0.356785,0.25203,0.74797,0,0.290393,0.209044,0.790956,0,0.234514,0.17127,0.82873,0,0.187861,0.138637,0.861363,0,0.14924,0.110904,0.889096,0,0.11755,0.087698,0.912302,0,0.091785,0.06857,0.93143,0,0.071034,4.1e-05,0.000319,0.001316,0.003798,0.008615,0.016346,0.026972,0.039741,0.053293,0.065974,0.076236,0.082952,0.085598,0.084258,0.079505,0.072212,0.063355,0.053857,0.044477,0.035767,0.028063,0.021524,0.016162,0.011899,0.008601,0.006111,0.012859,9e-05,0.000664,0.002572,0.006973,0.014854,0.026468,0.041016,0.056759,0.071482,0.083107,0.09019,0.092165,0.089318,0.082571,0.073172,0.062416,0.051429,0.041059,0.031845,0.02405,0.017722,0.012765,0.009002,0.006225,0.004225,0.002819,0.00501,0.998176,0.001824,0.994378,0.005622,0.985763,0.014237,0.969418,0.030582,0.942446,0.057554,0.902705,0.097295,0.849412,0.150588,0.783437,0.216563,0.707202,0.292798,0.62425,0.37575,0.538651,0.461349,0.454393,0.545607,0.374888,0.625112,0.302676,0.697324,0.23932,0.76068,0.185463,0.814537,0.140986,0.859014,0.105219,0.894781,0.077156,0.922844,0.055632,0.944368,0.03947,0.96053,0.996642,0.003358,0.989669,0.010331,0.974816,0.025184,0.948348,0.051652,0.907332,0.092668,0.850573,0.149427,0.779091,0.220909,0.695984,0.304016,0.605793,0.394207,0.513629,0.486371,0.42431,0.57569,0.34174,0.65826,0.268567,0.731433,0.206151,0.793849,0.154722,0.845278,0.113664,0.886336,0.081819,0.918181,0.057769,0.942231,0.040047,0.959953,0.027282,0.972718,0.018279,0.981721,1,0.001826,1,0.003364,1,0.005638,1,0.010385,1,0.014339,1,0.025507,1,0.031059,1,0.053034,1,0.059277,1,0.097247,1,0.102359,1,0.161845,1,0.163211,1,0.249627,1,0.244065,0,1.190675,1,0.346439,0,0.930879,1,0.471204,0,0.720784,0,0.7736,0,0.552186,0,0.605856,0,0.418155,0,0.469824,0,0.31275,0,0.360505,0,0.230862,0,0.273543,0,0.16809,0,0.205135,0,0.120659,0,0.15197,0,0.085361,0,0.111176,0,0.059505,0,0.080295,0,0.040871,0,0.057239,0,0.027661,0,0.04027,0,0.018448
2437,2025/26,11,Górnik Zabrze,Legia Warszawa,9.0,15.0,24.0,15.1863,13.2687,28.455,0.052825,1,4155.3981,0.6695,0.6023,0.1665,0.4262,0.1581,0.0,0.0,0.0,0.0,2e-06,7e-06,2.3e-05,6.1e-05,0.000148,0.000323,0.000648,0.001209,0.002111,0.003472,0.005409,0.00802,0.011363,0.01544,0.020182,0.02545,0.031034,0.036677,0.042092,0.046994,0.051122,0.054267,0.056288,0.057118,0.056768,0.055317,0.052899,0.049689,0.045883,0.041683,0.037281,0.03285,0.028534,0.024447,0.020671,0.017259,0.014235,0.011604,0.009353,0.007457,0.005883,0.004595,0.003554,0.002722,0.002067,0.001555,0.00116,0.003073,0.995467,0.004533,1,0.004544,0.991994,0.008006,1,0.008038,0.986585,0.013415,1,0.013506,0.978565,0.021435,1,0.021668,0.967202,0.032798,1,0.033348,0.951763,0.048237,1,0.04944,0.93158,0.06842,1,0.070873,0.906131,0.093869,1,0.098572,0.875097,0.124903,1,0.133421,0.83842,0.16158,1,0.176236,0.796328,0.203672,1,0.227745,0.749334,0.250666,1,0.288571,0.698212,0.301788,0,1.198031,0.643945,0.356055,0,1.03267,0.587657,0.412343,0,0.8859,0.530539,0.469461,0,0.756169,0.47377,0.52623,0,0.642018,0.418454,0.581546,0,0.542065,0.365555,0.634445,0,0.455005,0.315866,0.684134,0,0.379602,0.269984,0.730016,0,0.314688,0.228301,0.771699,0,0.25916,0.19102,0.80898,0,0.211981,0.15817,0.84183,0,0.172177,1.4e-05,0.000121,0.000537,0.001668,0.004071,0.00831,0.014754,0.02339,0.033746,0.044948,0.055882,0.065421,0.072633,0.076924,0.078095,0.076316,0.072039,0.065888,0.058544,0.050652,0.04276,0.035285,0.028508,0.022582,0.017562,0.013424,0.035101,4.3e-05,0.000335,0.001376,0.003957,0.008939,0.016893,0.027765,0.040749,0.054427,0.067112,0.077244,0.083716,0.086045,0.084363,0.079289,0.071731,0.062684,0.053076,0.043659,0.034969,0.027329,0.020878,0.015615,0.011451,0.008244,0.005834,0.012141,0.998506,0.001494,0.996838,0.003162,0.992767,0.007233,0.984457,0.015543,0.969703,0.030297,0.946314,0.053686,0.912567,0.087433,0.867619,0.132381,0.811737,0.188263,0.746316,0.253684,0.673682,0.326318,0.596758,0.403242,0.518663,0.481337,0.442347,0.557653,0.370307,0.629693,0.304419,0.695581,0.245875,0.754125,0.195222,0.804778,0.152462,0.847538,0.117177,0.882823,0.088669,0.911331,0.998111,0.001889,0.994155,0.005845,0.985216,0.014784,0.968322,0.031678,0.940557,0.059443,0.899809,0.100191,0.845381,0.154619,0.778269,0.221731,0.701025,0.298975,0.617309,0.382691,0.531264,0.468736,0.4469,0.5531,0.367611,0.632389,0.295881,0.704119,0.233196,0.766804,0.18012,0.81988,0.136462,0.863538,0.101492,0.898508,0.074163,0.925837,0.053285,0.946715,0.03767,0.96233,1,0.001495,1,0.001891,1,0.003167,1,0.005862,1,0.007259,1,0.014894,1,0.015665,1,0.032191,1,0.030765,1,0.061283,1,0.055181,1,0.105573,1,0.091494,1,0.167968,0,2.022071,1,0.250683,0,1.669915,1,0.355212,0,1.371666,1,0.482386,0,1.119883,1,0.632496,0,0.908218,1,0.80542,0,0.731188,1,1.00073,0,0.584018,0,0.350808,0,0.462523,0,0.265524,0,0.363008,0,0.198597,0,0.282197,0,0.146717,0,0.217189,0,0.10702,0,0.16542,0,0.077057,0,0.124631,0,0.054757,0,0.092849,0,0.038398
2438,2025/26,11,Radomiak Radom,Zagłębie Lubin,17.0,18.0,35.0,15.6141,11.9254,27.5395,0.052825,1,4155.3981,0.6695,0.6023,0.1665,0.4262,0.1581,0.0,0.0,0.0,1e-06,3e-06,1.2e-05,3.6e-05,9.3e-05,0.00022,0.00047,0.000925,0.001689,0.002889,0.004654,0.007103,0.010318,0.014325,0.019076,0.02444,0.030209,0.036114,0.041847,0.047093,0.051562,0.055015,0.057286,0.058293,0.058038,0.056602,0.054128,0.050804,0.046843,0.042465,0.037877,0.033265,0.028785,0.024558,0.020668,0.017168,0.014083,0.011414,0.009144,0.007244,0.005677,0.004403,0.003381,0.002571,0.001937,0.001446,0.00107,0.000785,0.001971,0.993662,0.006338,1,0.006358,0.989008,0.010992,1,0.011053,0.981905,0.018095,1,0.018261,0.971587,0.028413,1,0.028825,0.957261,0.042739,1,0.043679,0.938185,0.061815,1,0.063808,0.913746,0.086254,1,0.090203,0.883536,0.116464,1,0.123823,0.847422,0.152578,1,0.165556,0.805575,0.194425,1,0.216199,0.758482,0.241518,1,0.276437,0.706919,0.293081,1,0.346839,0.651904,0.348096,1,0.427858,0.594618,0.405382,1,0.519836,0.536325,0.463675,1,0.623015,0.478287,0.521713,1,0.737545,0.421685,0.578315,1,0.863496,0.367558,0.632442,1,1.000875,0.316754,0.683246,1,1.14963,0.269911,0.730089,1,1.309663,0.227447,0.772553,1,1.48084,0.18957,0.81043,1,1.662998,0.156305,0.843695,1,1.855949,0.127519,0.872481,0,0.136415,1.1e-05,9.7e-05,0.000437,0.00138,0.003419,0.007087,0.012775,0.020566,0.03013,0.040751,0.051446,0.061158,0.068948,0.074149,0.07644,0.075851,0.072706,0.067525,0.060924,0.053525,0.045883,0.038447,0.031541,0.025371,0.020035,0.015551,0.042688,9.6e-05,0.000704,0.002712,0.007313,0.015497,0.027467,0.04234,0.05828,0.073008,0.084432,0.091143,0.092645,0.089307,0.082123,0.07239,0.061422,0.050341,0.039978,0.030842,0.023169,0.016983,0.012168,0.008535,0.005871,0.003964,0.002631,0.004612,0.998296,0.001704,0.996917,0.003083,0.993498,0.006502,0.986411,0.013589,0.973636,0.026364,0.95307,0.04693,0.92294,0.07706,0.882189,0.117811,0.830743,0.169257,0.769584,0.230416,0.700636,0.299364,0.626487,0.373513,0.550048,0.449952,0.474196,0.525804,0.40149,0.59851,0.333966,0.666034,0.273042,0.726958,0.219516,0.780484,0.173633,0.826367,0.135186,0.864814,0.103645,0.896355,0.99646,0.00354,0.989147,0.010853,0.97365,0.02635,0.946183,0.053817,0.903843,0.096157,0.845563,0.154437,0.772555,0.227445,0.688122,0.311878,0.59698,0.40302,0.504335,0.495665,0.415027,0.584973,0.332904,0.667096,0.260514,0.739486,0.199093,0.800907,0.148751,0.851249,0.108774,0.891226,0.077932,0.922068,0.054763,0.945237,0.03778,0.96222,0.025612,0.974388,0.017077,0.982923,1,0.001705,1,0.003546,1,0.003088,1,0.010912,1,0.006523,1,0.026703,1,0.013682,1,0.055319,1,0.026718,1,0.1011,1,0.048067,1,0.167753,1,0.080191,1,0.258052,1,0.125349,1,0.373789,1,0.185435,1,0.515872,1,0.261905,1,0.684515,1,0.355767,1,0.879412,1,0.467627,1,1.099901,1,0.59775,1,1.345099,1,0.746135,1,1.613983,1,0.912573,1,1.905482,0,0.406415,1,2.218483,0,0.318887,0,0.081136,0,0.247841,0,0.05632,0,0.190716,0,0.038512,0,0.145241,0,0.025946,0,0.109419,0,0.017224
2439,2025/26,11,Pogoń Szczecin,Piast Gliwice,27.0,8.0,35.0,13.3172,13.311,26.6282,0.052825,1,4155.3981,0.6695,0.6023,0.1665,0.4262,0.1581,0.0,0.0,0.0,1e-06,5e-06,1.8e-05,5.2e-05,0.000134,0.00031,0.000653,0.001263,0.002269,0.003815,0.006041,0.009062,0.012937,0.017649,0.023088,0.029056,0.035273,0.041408,0.047109,0.052043,0.055929,0.058562,0.059834,0.059732,0.058336,0.055798,0.052324,0.048151,0.043523,0.038672,0.033804,0.029091,0.024662,0.02061,0.016988,0.013819,0.011099,0.008806,0.006905,0.005354,0.004105,0.003115,0.00234,0.00174,0.001282,0.000936,0.000677,0.000486,0.001131,0.991481,0.008519,1,0.008556,0.98544,0.01456,1,0.014667,0.976377,0.023623,1,0.023906,0.96344,0.03656,1,0.037245,0.945792,0.054208,1,0.055733,0.922704,0.077296,1,0.080447,0.893648,0.106352,1,0.112444,0.858375,0.141625,1,0.152715,0.816967,0.183033,1,0.202157,0.769858,0.230142,1,0.261549,0.717815,0.282185,1,0.331544,0.661886,0.338114,1,0.412662,0.603324,0.396676,1,0.505301,0.54349,0.45651,1,0.609744,0.483757,0.516243,1,0.726172,0.425421,0.574579,1,0.854675,0.369624,0.630376,1,0.99527,0.3173,0.6827,1,1.147909,0.269148,0.730852,1,1.312493,0.225625,0.774375,1,1.488881,0.186953,0.813047,1,1.676899,0.153148,0.846852,1,1.876347,0.124058,0.875942,1,2.087009,0.099395,0.900605,0,0.104689,4.2e-05,0.000326,0.001343,0.00387,0.008763,0.016596,0.027334,0.040203,0.053813,0.066498,0.076701,0.083306,0.085807,0.08431,0.079409,0.071994,0.063049,0.053499,0.044101,0.0354,0.027725,0.021225,0.015909,0.011692,0.008436,0.005982,0.012524,4.2e-05,0.000328,0.001347,0.003881,0.008785,0.016633,0.027389,0.040272,0.053892,0.066576,0.07677,0.083359,0.085838,0.084318,0.079395,0.07196,0.063003,0.053445,0.044045,0.035345,0.027674,0.021181,0.015872,0.011661,0.008411,0.005963,0.012475,0.998147,0.001853,0.994277,0.005723,0.985514,0.014486,0.968918,0.031082,0.941584,0.058416,0.901381,0.098619,0.847568,0.152432,0.78107,0.21893,0.70437,0.29563,0.621064,0.378936,0.535257,0.464743,0.450946,0.549054,0.371537,0.628463,0.299543,0.700457,0.236494,0.763506,0.182995,0.817005,0.138894,0.861106,0.103494,0.896506,0.075769,0.924231,0.054543,0.945457,0.038634,0.961366,0.998142,0.001858,0.994261,0.005739,0.985476,0.014524,0.968843,0.031157,0.941454,0.058546,0.901182,0.098818,0.84729,0.15271,0.780714,0.219286,0.703944,0.296056,0.620585,0.379415,0.534747,0.465253,0.45043,0.54957,0.371035,0.628965,0.299075,0.700925,0.236072,0.763928,0.182627,0.817373,0.138582,0.861418,0.103237,0.896763,0.075562,0.924438,0.054382,0.945618,0.03851,0.96149,1,0.001855,1,0.00186,1,0.005739,1,0.005756,1,0.014592,1,0.014631,1,0.031575,1,0.031653,1,0.060192,1,0.06033,1,0.103827,1,0.104048,1,0.165384,0,1.879215,1,0.247091,0,1.517378,1,0.350451,0,1.217207,1,0.476321,0,0.969125,1,0.625008,0,0.765174,1,0.796408,0,0.598619,1,0.990107,0,0.46368,1,1.205497,0,0.355354,1,1.441832,0,0.269282,1,1.698296,0,0.20166,1,1.974044,0,0.149175,1,2.268242,0,0.108964,1,2.580066,0,0.078569,1,2.908766,0,0.055917,1,3.253623,0,0.039271
2440,2025/26,11,GKS Katowice,Lech Poznań,14.0,11.0,25.0,14.4843,15.4201,29.9043,0.052825,1,4155.3981,0.6695,0.6023,0.1665,0.4262,0.1581,0.0,0.0,0.0,0.0,1e-06,4e-06,1.2e-05,3.3e-05,8.1e-05,0.000182,0.000377,0.000723,0.001299,0.002199,0.003524,0.005376,0.007837,0.010956,0.014734,0.019115,0.02398,0.029154,0.034419,0.039529,0.044233,0.048297,0.051527,0.05378,0.054974,0.055094,0.054185,0.052343,0.049707,0.046437,0.04271,0.038698,0.034564,0.03045,0.026473,0.022725,0.019271,0.016151,0.013384,0.01097,0.008897,0.007143,0.005679,0.004472,0.003489,0.002699,0.002069,0.006041,0.997288,0.002712,1,0.002715,0.99509,0.00491,1,0.004922,0.991566,0.008434,1,0.00847,0.986189,0.013811,1,0.013907,0.978352,0.021648,1,0.021886,0.967396,0.032604,1,0.033148,0.952661,0.047339,1,0.048496,0.933546,0.066454,1,0.068765,0.909567,0.090433,1,0.094787,0.880412,0.119588,1,0.127365,0.845993,0.154007,1,0.167244,0.806464,0.193536,1,0.215096,0.762232,0.237768,1,0.271504,0.713935,0.286065,0,1.251535,0.662407,0.337593,0,1.085915,0.608627,0.391373,0,0.938095,0.553653,0.446347,0,0.806659,0.498559,0.501441,0,0.690269,0.444374,0.555626,0,0.587659,0.39203,0.60797,0,0.49763,0.342324,0.657676,0,0.419042,0.295886,0.704114,0,0.350816,0.253177,0.746823,0,0.291927,0.214478,0.785522,0,0.241407,2.1e-05,0.000175,0.000755,0.002283,0.005427,0.010788,0.01865,0.028792,0.040454,0.052471,0.063526,0.072423,0.078301,0.080755,0.079837,0.075975,0.069839,0.062204,0.053823,0.045348,0.03728,0.029957,0.023569,0.018181,0.013769,0.010249,0.024701,1.3e-05,0.000107,0.00048,0.001503,0.0037,0.007618,0.013639,0.021805,0.031727,0.042617,0.053434,0.063086,0.070635,0.075442,0.07724,0.076121,0.072465,0.06684,0.059894,0.052259,0.044491,0.037025,0.030167,0.024099,0.018901,0.01457,0.039127,0.998602,0.001398,0.996318,0.003682,0.990892,0.009108,0.980104,0.019896,0.961454,0.038546,0.932662,0.067338,0.892208,0.107792,0.839737,0.160263,0.776211,0.223789,0.703788,0.296212,0.625487,0.374513,0.544732,0.455268,0.464895,0.535105,0.388919,0.611081,0.31908,0.68092,0.256877,0.743123,0.203054,0.796946,0.157706,0.842294,0.120427,0.879573,0.090469,0.909531,0.0669,0.9331,0.998407,0.001593,0.996904,0.003096,0.993203,0.006797,0.985586,0.014414,0.971947,0.028053,0.950142,0.049858,0.918415,0.081585,0.875798,0.124202,0.822364,0.177636,0.759278,0.240722,0.688643,0.311357,0.613201,0.386799,0.535961,0.464039,0.45984,0.54016,0.387375,0.612625,0.320535,0.679465,0.260641,0.739359,0.208382,0.791618,0.16389,0.83611,0.126865,0.873135,0.096698,0.903302,1,0.001399,1,0.001594,1,0.003689,1,0.003101,1,0.00915,1,0.00682,1,0.020097,1,0.014519,1,0.039309,1,0.028454,1,0.069712,1,0.051144,1,0.114056,1,0.085106,1,0.174667,1,0.13262,1,0.253331,1,0.195572,1,0.351278,0,1.424113,1,0.469225,0,1.166815,1,0.607461,0,0.94985,0,0.625292,0,0.767787,0,0.492526,0,0.61589,0,0.38431,0,0.490002,0,0.296894,0,0.38645,0,0.226968,0,0.301972,0,0.171626,0,0.233676,0,0.128319,0,0.178995,0,0.094826,0,0.135665,0,0.069243,0,0.101698
2441,2025/26,11,Raków Częstochowa,Motor Lublin,22.0,5.0,27.0,15.2341,12.9033,28.1374,0.052825,1,4155.3981,0.6695,0.6023,0.1665,0.4262,0.1581,0.0,0.0,0.0,1e-06,2e-06,9e-06,2.7e-05,7.1e-05,0.000169,0.000366,0.000731,0.001355,0.00235,0.003838,0.005939,0.008747,0.012311,0.016616,0.021576,0.027028,0.032741,0.038441,0.043828,0.048612,0.052538,0.055409,0.0571,0.057569,0.056848,0.05504,0.052298,0.048811,0.044786,0.040429,0.035932,0.031462,0.027157,0.023122,0.019429,0.016121,0.013214,0.010705,0.008576,0.006795,0.005329,0.004136,0.003179,0.002421,0.001827,0.001366,0.001013,0.00263,0.99492,0.00508,1,0.005093,0.991082,0.008918,1,0.008958,0.985142,0.014858,1,0.014969,0.976395,0.023605,1,0.023888,0.964084,0.035916,1,0.036577,0.947468,0.052532,1,0.053963,0.925891,0.074109,1,0.076999,0.898863,0.101137,1,0.106625,0.866122,0.133878,1,0.14373,0.827681,0.172319,1,0.189128,0.783853,0.216147,1,0.243534,0.735241,0.264759,1,0.307557,0.682703,0.317297,1,0.381695,0.627295,0.372705,1,0.466339,0.570195,0.429805,1,0.561778,0.512626,0.487374,0,0.718723,0.455777,0.544223,0,0.608397,0.400738,0.599262,0,0.512056,0.34844,0.65156,0,0.428386,0.299629,0.700371,0,0.356145,0.254843,0.745157,0,0.29416,0.214413,0.785587,0,0.241325,0.178482,0.821518,0,0.196601,0.14702,0.85298,0,0.159019,1.4e-05,0.000118,0.000525,0.001633,0.003992,0.008164,0.014519,0.023057,0.033325,0.044464,0.055377,0.064943,0.072228,0.076629,0.077931,0.076288,0.072139,0.066094,0.058829,0.050988,0.043119,0.035643,0.028847,0.022891,0.017833,0.013655,0.035901,5.3e-05,0.000409,0.001653,0.004673,0.010386,0.019306,0.031211,0.045055,0.059194,0.071795,0.08128,0.086648,0.0876,0.084481,0.0781,0.069498,0.059738,0.049753,0.040255,0.031715,0.02438,0.01832,0.013478,0.009722,0.006885,0.004792,0.009527,0.998489,0.001511,0.996856,0.003144,0.992864,0.007136,0.9847,0.0153,0.970181,0.029819,0.947124,0.052876,0.913799,0.086201,0.869335,0.130665,0.813957,0.186043,0.749014,0.250986,0.676786,0.323214,0.600157,0.399843,0.522227,0.477773,0.445938,0.554062,0.3738,0.6262,0.307706,0.692294,0.248876,0.751124,0.197888,0.802112,0.15477,0.84523,0.119126,0.880874,0.090279,0.909721,0.997795,0.002205,0.993122,0.006878,0.982736,0.017264,0.96343,0.03657,0.932219,0.067781,0.887164,0.112836,0.82797,0.17203,0.756175,0.243825,0.674894,0.325106,0.588246,0.411754,0.500646,0.499354,0.416164,0.583836,0.338064,0.661936,0.268566,0.731434,0.208828,0.791172,0.159075,0.840925,0.118819,0.881181,0.087104,0.912896,0.062724,0.937276,0.044404,0.955596,0.030926,0.969074,1,0.001512,1,0.002207,1,0.003149,1,0.006902,1,0.007162,1,0.017415,1,0.015418,0,3.308527,1,0.030273,0,2.691473,1,0.054325,0,2.18182,1,0.090145,0,1.760086,1,0.140027,0,1.411305,1,0.205848,0,1.123604,1,0.288998,0,0.887329,1,0.3904,0,0.69444,1,0.510564,0,0.538135,1,0.649653,0,0.412586,1,0.807575,0,0.312748,1,0.984034,0,0.23424,1,1.17861,0,0.173253,1,1.3908,0,0.126492,1,1.620054,0,0.091133,1,1.865815,0,0.064777,1,2.127574,0,0.04542,0,0.094617,0,0.031414
2442,2025/26,11,Jagiellonia Białystok,Korona Kielce,18.0,14.0,32.0,14.3507,13.5854,27.9361,0.052825,1,4155.3981,0.6695,0.6023,0.1665,0.4262,0.1581,0.0,0.0,0.0,1e-06,3e-06,9e-06,2.9e-05,7.6e-05,0.000182,0.000393,0.000781,0.001443,0.002494,0.004061,0.006263,0.009193,0.012894,0.017344,0.022442,0.028013,0.033812,0.039552,0.044928,0.049645,0.05345,0.056152,0.05764,0.057883,0.056928,0.054893,0.051943,0.048278,0.04411,0.039649,0.035085,0.030586,0.026284,0.022279,0.018636,0.015392,0.012558,0.010126,0.008073,0.006367,0.004968,0.003838,0.002935,0.002224,0.00167,0.001242,0.000916,0.002337,0.99459,0.00541,1,0.005424,0.990529,0.009471,1,0.009516,0.984266,0.015734,1,0.015859,0.975073,0.024927,1,0.025243,0.962179,0.037821,1,0.038555,0.944834,0.055166,1,0.056746,0.922392,0.077608,1,0.080785,0.894379,0.105621,1,0.111625,0.860567,0.139433,1,0.150164,0.821015,0.178985,1,0.197214,0.776087,0.223913,1,0.253491,0.726442,0.273558,1,0.319597,0.672992,0.327008,1,0.396021,0.61684,0.38316,1,0.483145,0.5592,0.4408,1,0.581248,0.501317,0.498683,1,0.690516,0.444389,0.555611,1,0.811055,0.389496,0.610504,1,0.942902,0.337553,0.662447,1,1.086033,0.289275,0.710725,1,1.240378,0.245165,0.754835,0,0.281256,0.205516,0.794484,0,0.230062,0.170431,0.829569,0,0.186848,0.139844,0.860156,0,0.150642,2.3e-05,0.000188,0.000806,0.002425,0.005732,0.011336,0.019495,0.029938,0.041842,0.053988,0.06502,0.073737,0.079303,0.081359,0.080013,0.075743,0.06926,0.061364,0.052818,0.044268,0.036201,0.028938,0.022647,0.017379,0.013092,0.009694,0.022998,3.6e-05,0.000282,0.001175,0.003426,0.007849,0.015039,0.02506,0.037291,0.050501,0.063136,0.073677,0.08096,0.084368,0.083869,0.07992,0.073306,0.064951,0.055759,0.046503,0.037765,0.029925,0.023178,0.017577,0.013069,0.00954,0.006844,0.014809,0.998588,0.001412,0.996163,0.003837,0.990431,0.009569,0.979095,0.020905,0.959601,0.040399,0.929663,0.070337,0.88782,0.11218,0.833833,0.166167,0.768813,0.231187,0.695076,0.304924,0.615773,0.384227,0.534414,0.465586,0.454401,0.545599,0.378659,0.621341,0.309398,0.690602,0.248034,0.751966,0.195216,0.804784,0.150949,0.849051,0.114748,0.885252,0.08581,0.91419,0.063163,0.936837,0.998319,0.001681,0.994893,0.005107,0.987044,0.012956,0.972005,0.027995,0.946945,0.053055,0.909654,0.090346,0.859154,0.140846,0.796018,0.203982,0.722341,0.277659,0.641381,0.358619,0.557013,0.442987,0.473145,0.526855,0.393225,0.606775,0.319919,0.680081,0.254969,0.745031,0.199209,0.800791,0.152706,0.847294,0.114941,0.885059,0.085016,0.914984,0.061838,0.938162,0.044262,0.955738,1,0.001413,1,0.001682,1,0.003844,1,0.00512,1,0.009615,1,0.013041,1,0.021127,1,0.028394,1,0.041238,1,0.054514,1,0.072933,1,0.094691,1,0.118986,1,0.151807,1,0.181722,1,0.228133,1,0.262908,1,0.325258,1,0.363734,1,0.444132,1,0.484877,1,0.585167,1,0.626584,1,0.748353,1,0.788775,0,0.499597,1,0.971119,0,0.385543,1,1.173127,0,0.294329,1,1.394189,0,0.222155,0,0.217181,0,0.165708,0,0.163636,0,0.122101,0,0.121883,0,0.088849,0,0.089717,0,0.063833,0,0.065246,0,0.045271
2443,2025/26,12,Wisła Płock,Bruk-Bet Termalica Nieciecza,20.0,14.0,34.0,15.1724,11.4125,26.585,0.053061,1,4209.7187,0.6831,0.6135,0.1707,0.4203,0.1549,0.0,0.0,0.0,1e-06,6e-06,1.9e-05,5.5e-05,0.000143,0.000328,0.000687,0.001322,0.002364,0.003956,0.006238,0.009318,0.01325,0.018008,0.023477,0.029449,0.035643,0.041727,0.047351,0.05219,0.055969,0.058496,0.059668,0.059482,0.058022,0.055443,0.051951,0.047782,0.043174,0.038357,0.033532,0.028865,0.024483,0.020475,0.016892,0.013756,0.011063,0.008791,0.006905,0.005364,0.004122,0.003135,0.002361,0.001761,0.001301,0.000953,0.000692,0.000498,0.001174,0.991118,0.008882,1,0.008922,0.98488,0.01512,1,0.015235,0.975562,0.024438,1,0.024741,0.962313,0.037687,1,0.038416,0.944305,0.055695,1,0.057306,0.920828,0.079172,1,0.082482,0.891379,0.108621,1,0.114986,0.855736,0.144264,1,0.155794,0.814009,0.185991,1,0.205784,0.766657,0.233343,1,0.265715,0.714467,0.285533,1,0.336218,0.658498,0.341502,1,0.417794,0.600002,0.399998,1,0.510822,0.540334,0.459666,1,0.615567,0.480852,0.519148,1,0.732196,0.42283,0.57717,1,0.860785,0.367388,0.632612,1,1.001338,0.315436,0.684564,1,1.153798,0.267655,0.732345,1,1.318057,0.224481,0.775519,1,1.493966,0.186123,0.813877,1,1.681346,0.152591,0.847409,1,1.879992,0.123726,0.876274,0,0.132077,0.099243,0.900757,0,0.10452,1.5e-05,0.000123,0.000545,0.00169,0.004117,0.008389,0.01487,0.023541,0.033921,0.045128,0.056046,0.065551,0.072715,0.076952,0.078071,0.076247,0.071936,0.065765,0.058412,0.050522,0.042639,0.035178,0.028417,0.022508,0.017503,0.013379,0.034998,0.000133,0.000947,0.003545,0.009292,0.01914,0.032985,0.049444,0.066192,0.080657,0.090743,0.095303,0.094261,0.088424,0.079134,0.067892,0.056072,0.044737,0.034586,0.025978,0.019001,0.013561,0.009461,0.006463,0.004329,0.002847,0.00184,0.003019,0.998496,0.001504,0.996806,0.003194,0.992689,0.007311,0.9843,0.0157,0.96943,0.03057,0.945889,0.054111,0.911969,0.088031,0.866841,0.133159,0.810795,0.189205,0.745244,0.254756,0.672528,0.327472,0.595576,0.404424,0.517505,0.482495,0.441258,0.558742,0.369322,0.630678,0.303557,0.696443,0.245145,0.754855,0.194623,0.805377,0.151984,0.848016,0.116806,0.883194,0.088389,0.911611,0.99536,0.00464,0.986069,0.013931,0.966929,0.033071,0.933944,0.066056,0.884501,0.115499,0.818309,0.181691,0.737652,0.262348,0.64691,0.35309,0.551607,0.448393,0.457345,0.542655,0.368921,0.631079,0.289787,0.710213,0.221895,0.778105,0.165823,0.834177,0.121086,0.878914,0.0865,0.9135,0.060522,0.939478,0.041521,0.958479,0.02796,0.97204,0.018499,0.981501,0.012035,0.987965,1,0.001505,1,0.004651,1,0.003199,1,0.014029,1,0.007338,1,0.03363,1,0.015825,1,0.068339,1,0.031047,1,0.122732,1,0.05563,1,0.200515,1,0.092149,1,0.304283,1,0.1429,1,0.435548,1,0.20974,1,0.594919,1,0.294044,1,0.782317,1,0.396712,1,0.997173,1,0.518226,1,1.238609,1,0.658736,0,0.250894,1,0.818126,0,0.18131,1,0.996086,0,0.129068,1,1.192186,0,0.090472,1,1.405905,0,0.062431,1,1.636691,0,0.042408,0,0.164856,0,0.028358,0,0.12421,0,0.018672,0,0.092542,0,0.012108
2444,2025/26,12,Motor Lublin,GKS Katowice,21.0,15.0,36.0,15.0355,13.5834,28.6189,0.053061,1,4209.7187,0.6831,0.6135,0.1707,0.4203,0.1549,0.0,0.0,0.0,0.0,2e-06,7e-06,2.1e-05,5.8e-05,0.000139,0.000304,0.000613,0.001147,0.002007,0.00331,0.005171,0.007689,0.010925,0.014888,0.019518,0.024685,0.030192,0.035791,0.041202,0.046143,0.050354,0.053622,0.055797,0.056802,0.056637,0.05537,0.053124,0.050066,0.046385,0.042281,0.037943,0.033547,0.029238,0.025136,0.021327,0.017868,0.014788,0.012097,0.009784,0.007828,0.006198,0.004857,0.00377,0.002898,0.002208,0.001667,0.001248,0.003348,0.995701,0.004299,1,0.004308,0.992391,0.007609,1,0.007638,0.987219,0.012781,1,0.012863,0.97953,0.02047,1,0.020682,0.968605,0.031395,1,0.031898,0.953718,0.046282,1,0.047387,0.9342,0.0658,1,0.068065,0.909515,0.090485,1,0.094844,0.879323,0.120677,1,0.128603,0.843532,0.156468,1,0.170157,0.80233,0.19767,1,0.220235,0.756187,0.243813,1,0.279466,0.705833,0.294167,1,0.348376,0.652212,0.347788,1,0.427386,0.596415,0.403585,1,0.516819,0.539613,0.460387,1,0.616903,0.482975,0.517025,1,0.72779,0.427605,0.572395,1,0.849554,0.374481,0.625519,1,0.982213,0.324416,0.675584,1,1.125729,0.278031,0.721969,1,1.280024,0.23575,0.76425,1,1.444984,0.197807,0.802193,1,1.620465,0.16426,0.83574,1,1.806304,1.6e-05,0.000132,0.000582,0.001796,0.004353,0.008827,0.015567,0.02452,0.035155,0.046535,0.057504,0.066919,0.07386,0.077771,0.078506,0.076287,0.071613,0.06514,0.057567,0.049541,0.041602,0.03415,0.027448,0.021631,0.016737,0.012729,0.032779,3.6e-05,0.000285,0.001185,0.003448,0.007888,0.015097,0.025132,0.037364,0.050562,0.063173,0.073682,0.080933,0.084314,0.083797,0.07984,0.073229,0.064884,0.055708,0.046468,0.037745,0.029917,0.02318,0.017585,0.013081,0.009553,0.006858,0.014866,0.998537,0.001463,0.996741,0.003259,0.992388,0.007612,0.983561,0.016439,0.967994,0.032006,0.943474,0.056526,0.908319,0.091681,0.861783,0.138217,0.804279,0.195721,0.737361,0.262639,0.663501,0.336499,0.58573,0.41427,0.507224,0.492776,0.430937,0.569063,0.359324,0.640676,0.294184,0.705816,0.236617,0.763383,0.187076,0.812924,0.145474,0.854526,0.111324,0.888676,0.083877,0.916123,0.998304,0.001696,0.994856,0.005144,0.986968,0.013032,0.971871,0.028129,0.946739,0.053261,0.909376,0.090624,0.858814,0.141186,0.795641,0.204359,0.721958,0.278042,0.641025,0.358975,0.556711,0.443289,0.472914,0.527086,0.393074,0.606926,0.319845,0.680155,0.25496,0.74504,0.199253,0.800747,0.152785,0.847215,0.11504,0.88496,0.085123,0.914877,0.061943,0.938057,0.044358,0.955642,1,0.001464,1,0.001697,1,0.003264,1,0.005157,1,0.007641,1,0.013118,1,0.016576,1,0.028532,1,0.032529,1,0.054732,1,0.058186,1,0.094997,1,0.09616,1,0.152203,1,0.148752,1,0.228607,1,0.217809,1,0.325788,1,0.304678,1,0.444687,1,0.410225,1,0.585709,1,0.534896,1,0.748842,1,0.678803,1,0.933757,1,0.841793,0,0.385435,1,1.023531,0,0.294317,1,1.22355,0,0.22221,1,1.441312,0,0.165801,1,1.67624,0,0.122213,1,1.927758,0,0.088966,0,0.118023,0,0.063945,0,0.087605,0,0.045372
2445,2025/26,12,Zagłębie Lubin,Legia Warszawa,16.0,12.0,28.0,13.4982,14.6133,28.1115,0.053061,1,4209.7187,0.6831,0.6135,0.1707,0.4203,0.1549,0.0,0.0,0.0,1e-06,2e-06,9e-06,2.7e-05,7.2e-05,0.000171,0.00037,0.000738,0.001367,0.002369,0.003868,0.005983,0.008806,0.012386,0.01671,0.021686,0.027152,0.032875,0.038579,0.043964,0.048739,0.05265,0.0555,0.057167,0.057608,0.056859,0.055023,0.052256,0.048747,0.044705,0.040335,0.035828,0.031354,0.027049,0.023017,0.019329,0.016028,0.01313,0.010631,0.00851,0.006739,0.005281,0.004096,0.003146,0.002394,0.001805,0.001349,0.000999,0.002587,0.994874,0.005126,1,0.00514,0.991005,0.008995,1,0.009036,0.985023,0.014977,1,0.015091,0.976217,0.023783,1,0.024071,0.96383,0.03617,1,0.03684,0.947121,0.052879,1,0.054329,0.925434,0.074566,1,0.077492,0.898282,0.101718,1,0.107271,0.865407,0.134593,1,0.144555,0.826828,0.173172,1,0.190158,0.782865,0.217135,1,0.244796,0.734125,0.265875,1,0.309075,0.681475,0.318525,1,0.383495,0.625975,0.374025,1,0.468445,0.568808,0.431192,1,0.564212,0.5112,0.4888,1,0.670995,0.45434,0.54566,0,0.60576,0.399317,0.600683,0,0.509688,0.347061,0.652939,0,0.426272,0.298314,0.701686,0,0.354269,0.253609,0.746391,0,0.292505,0.213274,0.786726,0,0.239875,0.177446,0.822554,0,0.195341,0.146092,0.853908,0,0.157931,3.8e-05,0.000298,0.001236,0.003584,0.008169,0.015576,0.025835,0.038269,0.051598,0.064232,0.074644,0.08169,0.084791,0.083963,0.079706,0.072839,0.064303,0.055006,0.045715,0.036998,0.029218,0.022555,0.017049,0.012636,0.009194,0.006576,0.014108,2e-05,0.000165,0.000715,0.002169,0.005173,0.010323,0.017918,0.027777,0.039195,0.051062,0.0621,0.071124,0.07726,0.080065,0.079543,0.076072,0.070282,0.062918,0.054724,0.046349,0.038306,0.030947,0.02448,0.018988,0.014459,0.010823,0.026536,0.998254,0.001746,0.99467,0.00533,0.986501,0.013499,0.970925,0.029075,0.94509,0.05491,0.90682,0.09318,0.855222,0.144778,0.79099,0.20901,0.716346,0.283654,0.634657,0.365343,0.549866,0.450134,0.465903,0.534097,0.386196,0.613804,0.313358,0.686642,0.249055,0.750945,0.194048,0.805952,0.148333,0.851667,0.111335,0.888665,0.082118,0.917882,0.059562,0.940438,0.042513,0.957487,0.998592,0.001408,0.996424,0.003576,0.991251,0.008749,0.980928,0.019072,0.963009,0.036991,0.935232,0.064768,0.896037,0.103963,0.844975,0.155025,0.782875,0.217125,0.711751,0.288249,0.634491,0.365509,0.554426,0.445574,0.474884,0.525116,0.398812,0.601188,0.328531,0.671469,0.265612,0.734388,0.210889,0.789111,0.164539,0.835461,0.126233,0.873767,0.095286,0.904714,0.070806,0.929194,1,0.001748,1,0.001409,1,0.005344,1,0.003582,1,0.013591,1,0.008787,1,0.029506,1,0.019256,1,0.056475,1,0.037693,1,0.097811,1,0.066961,1,0.156394,1,0.109774,1,0.23447,1,0.168448,1,0.333592,1,0.244782,1,0.454671,1,0.340027,1,0.598081,0,1.006464,1,0.763778,0,0.808392,1,0.95141,0,0.644136,1,1.160409,0,0.508848,0,0.286423,0,0.398287,0,0.215731,0,0.308718,0,0.16056,0,0.236848,0,0.118035,0,0.179772,0,0.085686,0,0.134942,0,0.06141,0,0.100136,0,0.043443,0,0.073438
2446,2025/26,12,Korona Kielce,Górnik Zabrze,13.0,16.0,29.0,14.5755,13.5521,28.1276,0.053061,1,4209.7187,0.6831,0.6135,0.1707,0.4203,0.1549,0.0,0.0,0.0,1e-06,2e-06,9e-06,2.7e-05,7.1e-05,0.00017,0.000368,0.000734,0.001359,0.002356,0.003848,0.005954,0.008766,0.012336,0.016647,0.021613,0.027069,0.032786,0.038488,0.043875,0.048658,0.05258,0.055445,0.05713,0.05759,0.05686,0.055042,0.052291,0.048796,0.044764,0.040401,0.035899,0.031426,0.027119,0.023084,0.019392,0.016085,0.013181,0.010675,0.008548,0.006771,0.005308,0.004118,0.003164,0.002408,0.001816,0.001358,0.001006,0.002607,0.994904,0.005096,1,0.005109,0.991056,0.008944,1,0.008985,0.985102,0.014898,1,0.01501,0.976335,0.023665,1,0.023949,0.964,0.036,1,0.036664,0.947353,0.052647,1,0.054084,0.92574,0.07426,1,0.077162,0.898671,0.101329,1,0.106838,0.865885,0.134115,1,0.144003,0.827397,0.172603,1,0.189471,0.783522,0.216478,1,0.243957,0.734864,0.265136,1,0.30807,0.682284,0.317716,1,0.38231,0.626839,0.373161,1,0.467066,0.569709,0.430291,1,0.56263,0.512119,0.487881,1,0.669198,0.455259,0.544741,1,0.786889,0.400217,0.599783,0,0.511187,0.347926,0.652074,0,0.427597,0.29913,0.70087,0,0.355432,0.254366,0.745634,0,0.29352,0.213965,0.786035,0,0.240754,0.178066,0.821934,0,0.196095,0.14664,0.85336,0,0.158574,2e-05,0.000168,0.000728,0.002206,0.005253,0.010469,0.018145,0.028087,0.039574,0.051481,0.062518,0.071498,0.077553,0.080251,0.079612,0.076027,0.070137,0.062698,0.054452,0.046052,0.038005,0.030659,0.024217,0.018756,0.014262,0.01066,0.026021,3.7e-05,0.00029,0.001203,0.003497,0.00799,0.015271,0.025388,0.037694,0.050941,0.063561,0.074036,0.081212,0.084492,0.08386,0.079794,0.073089,0.064673,0.055452,0.046192,0.037471,0.02966,0.02295,0.017387,0.012916,0.00942,0.006753,0.014584,0.998592,0.001408,0.996386,0.003614,0.991133,0.008867,0.980664,0.019336,0.96252,0.03748,0.934433,0.065567,0.894859,0.105141,0.843378,0.156622,0.78086,0.21914,0.709362,0.290638,0.631809,0.368191,0.551558,0.448442,0.471946,0.528054,0.395919,0.604081,0.325782,0.674218,0.263084,0.736916,0.208632,0.791368,0.16258,0.83742,0.124575,0.875425,0.093916,0.906084,0.069699,0.930301,0.998286,0.001714,0.994789,0.005211,0.986799,0.013201,0.971527,0.028473,0.946139,0.053861,0.908445,0.091555,0.857504,0.142496,0.793943,0.206057,0.719907,0.280093,0.638695,0.361305,0.554203,0.445797,0.470342,0.529658,0.390548,0.609452,0.31746,0.68254,0.252786,0.747214,0.197335,0.802665,0.151142,0.848858,0.113672,0.886328,0.084012,0.915988,0.061062,0.938938,0.043674,0.956326,1,0.001409,1,0.001715,1,0.003621,1,0.005225,1,0.008907,1,0.013289,1,0.019525,1,0.028886,1,0.0382,1,0.055366,1,0.067815,1,0.096021,1,0.111089,1,0.153729,1,0.17034,1,0.230744,1,0.247359,1,0.328633,1,0.343389,1,0.448328,1,0.459168,1,0.590224,0,0.801976,1,0.754295,0,0.638557,1,0.940204,0,0.504047,1,1.147403,0,0.394202,0,0.291404,0,0.305281,0,0.219818,0,0.233992,0,0.163863,0,0.17743,0,0.120668,0,0.133046,0,0.087752,0,0.098623,0,0.063006,0,0.072247,0,0.044656
2447,2025/26,12,Cracovia,Raków Częstochowa,17.0,3.0,20.0,11.1018,13.549,24.6508,0.053061,1,4209.7187,0.6831,0.6135,0.1707,0.4203,0.1549,0.0,0.0,1e-06,4e-06,1.4e-05,4.7e-05,0.000131,0.000323,0.000712,0.001427,0.00263,0.004502,0.007214,0.01089,0.015574,0.021199,0.027579,0.034412,0.041311,0.047847,0.053597,0.058192,0.061361,0.06295,0.062931,0.061397,0.058535,0.054602,0.04989,0.044698,0.039303,0.03395,0.028832,0.024091,0.01982,0.016065,0.012838,0.010121,0.007874,0.00605,0.004592,0.003446,0.002556,0.001876,0.001363,0.00098,0.000698,0.000492,0.000344,0.000238,0.000164,0.000335,0.982995,0.017005,1,0.017151,0.972105,0.027895,1,0.028291,0.956531,0.043469,1,0.044442,0.935331,0.064669,1,0.066854,0.907752,0.092248,1,0.096784,0.873341,0.126659,1,0.13543,0.832029,0.167971,1,0.183888,0.784182,0.215818,1,0.243114,0.730585,0.269415,0,1.311503,0.672393,0.327607,0,1.11594,0.611032,0.388968,0,0.944257,0.548082,0.451918,0,0.794254,0.485151,0.514849,0,0.663881,0.423754,0.576246,0,0.55122,0.365219,0.634781,0,0.454475,0.310616,0.689384,0,0.371957,0.260726,0.739274,0,0.302086,0.216028,0.783972,0,0.243382,0.176725,0.823275,0,0.194465,0.142775,0.857225,0,0.154055,0.113943,0.886057,0,0.120974,0.089852,0.910148,0,0.094148,0.070033,0.929967,0,0.072606,0.053967,0.946033,0,0.055478,0.000162,0.001131,0.00416,0.010716,0.021697,0.036751,0.054145,0.071243,0.085325,0.09435,0.097395,0.09468,0.087295,0.076785,0.064748,0.052559,0.041216,0.031318,0.02312,0.016621,0.011659,0.007995,0.005368,0.003534,0.002284,0.001451,0.002282,3.7e-05,0.00029,0.001205,0.003502,0.008,0.015289,0.025414,0.037727,0.050979,0.0636,0.074071,0.08124,0.084509,0.083867,0.079789,0.073074,0.064652,0.055426,0.046165,0.037444,0.029634,0.022927,0.017368,0.0129,0.009407,0.006743,0.014556,0.994538,0.005462,0.983822,0.016178,0.962125,0.037875,0.925374,0.074626,0.871229,0.128771,0.799986,0.200014,0.714661,0.285339,0.62031,0.37969,0.522916,0.477084,0.428236,0.571764,0.340941,0.659059,0.264157,0.735843,0.199408,0.800592,0.146849,0.853151,0.105633,0.894367,0.074315,0.925685,0.051195,0.948805,0.034574,0.965426,0.022915,0.977085,0.01492,0.98508,0.009552,0.990448,0.998284,0.001716,0.994782,0.005218,0.986782,0.013218,0.971493,0.028507,0.946079,0.053921,0.908352,0.091648,0.857374,0.142626,0.793774,0.206226,0.719703,0.280297,0.638463,0.361537,0.553954,0.446046,0.470087,0.529913,0.390298,0.609702,0.317223,0.682777,0.252571,0.747429,0.197145,0.802855,0.15098,0.84902,0.113537,0.886463,0.083902,0.916098,0.060975,0.939025,0.043607,0.956393,1,0.005477,1,0.001717,1,0.01631,0,5.255641,1,0.038611,0,4.326176,1,0.077557,0,3.557606,1,0.13785,0,2.920235,1,0.223161,0,2.3898,1,0.335947,0,1.947529,1,0.477536,0,1.578783,1,0.648334,0,1.271906,1,0.848081,0,1.017391,1,1.076046,0,0.807333,1,1.331212,0,0.635042,1,1.612402,0,0.494785,1,1.91835,0,0.381587,1,2.247784,0,0.291116,0,0.077221,0,0.219581,0,0.052552,0,0.163673,0,0.035186,0,0.120516,0,0.023182,0,0.087632,0,0.015032,0,0.062913,0,0.009598,0,0.044586
2448,2025/26,12,Lech Poznań,Pogoń Szczecin,26.0,16.0,42.0,15.2995,12.8047,28.1042,0.053061,1,4209.7187,0.6831,0.6135,0.1707,0.4203,0.1549,0.0,0.0,0.0,1e-06,3e-06,9e-06,2.7e-05,7.3e-05,0.000173,0.000375,0.000747,0.001381,0.002391,0.0039,0.006025,0.00886,0.012451,0.016783,0.021764,0.027229,0.032947,0.038639,0.044007,0.048762,0.052651,0.055479,0.057125,0.057548,0.056786,0.054942,0.052171,0.048664,0.044627,0.040265,0.03577,0.031307,0.027013,0.022991,0.019313,0.016021,0.013129,0.010635,0.008518,0.006749,0.005291,0.004107,0.003157,0.002404,0.001814,0.001357,0.001006,0.002614,0.994821,0.005179,1,0.005193,0.990921,0.009079,1,0.00912,0.984896,0.015104,1,0.015219,0.976037,0.023963,1,0.024255,0.963586,0.036414,1,0.037094,0.946803,0.053197,1,0.054664,0.925039,0.074961,1,0.077919,0.89781,0.10219,1,0.107797,0.864863,0.135137,1,0.145184,0.826224,0.173776,1,0.190889,0.782217,0.217783,1,0.245623,0.733454,0.266546,1,0.30999,0.680803,0.319197,1,0.384482,0.625325,0.374675,1,0.469484,0.5682,0.4318,1,0.565282,0.510652,0.489348,1,0.672068,0.453865,0.546135,1,0.789955,0.398923,0.601077,1,0.918986,0.346752,0.653248,1,1.059145,0.298088,0.701912,1,1.210367,0.253461,0.746539,1,1.372547,0.213195,0.786805,1,1.545547,0.177426,0.822574,1,1.729204,0.146119,0.853881,1,1.923334,1.4e-05,0.000115,0.000513,0.001597,0.003909,0.008002,0.01425,0.022663,0.032807,0.043848,0.054709,0.064283,0.071638,0.076163,0.077627,0.076164,0.07219,0.066302,0.059162,0.051407,0.043587,0.036126,0.029318,0.023329,0.018226,0.013996,0.037146,5.7e-05,0.000435,0.001747,0.004912,0.010854,0.020063,0.032259,0.046323,0.060546,0.073065,0.082311,0.087325,0.087868,0.084347,0.077622,0.068764,0.058849,0.048801,0.039317,0.030846,0.023614,0.017672,0.012949,0.009303,0.006563,0.00455,0.008954,0.998447,0.001553,0.996849,0.003151,0.992941,0.007059,0.984939,0.015061,0.970689,0.029311,0.948026,0.051974,0.915218,0.084782,0.87137,0.12863,0.816662,0.183338,0.752379,0.247621,0.680741,0.319259,0.604578,0.395422,0.526951,0.473049,0.450787,0.549213,0.378597,0.621403,0.312294,0.687706,0.253133,0.746867,0.201726,0.798274,0.15814,0.84186,0.122013,0.877987,0.092696,0.907304,0.997679,0.002321,0.992766,0.007234,0.981913,0.018087,0.96185,0.03815,0.929591,0.070409,0.883268,0.116732,0.822721,0.177279,0.749656,0.250344,0.667345,0.332655,0.58002,0.41998,0.492152,0.507848,0.407804,0.592196,0.330182,0.669818,0.261418,0.738582,0.20257,0.79743,0.153769,0.846231,0.114452,0.885548,0.083606,0.916394,0.059992,0.940008,0.042319,0.957681,0.02937,0.97063,1,0.001554,1,0.002324,1,0.003156,1,0.00726,1,0.007084,1,0.018253,1,0.015176,1,0.038897,1,0.029749,1,0.073011,1,0.053373,1,0.124127,1,0.088593,1,0.195138,1,0.137689,1,0.288141,1,0.20253,1,0.404448,1,0.284515,1,0.544693,1,0.384573,1,0.708968,1,0.503225,1,0.896969,1,0.640648,1,1.108111,1,0.79676,1,1.341635,1,0.971283,0,0.226361,1,1.16381,0,0.166963,1,1.37384,0,0.121549,1,1.600845,0,0.087309,1,1.844275,0,0.061867,1,2.103628,0,0.043241,1,2.37843,0,0.02981
2449,2025/26,12,Jagiellonia Białystok,Arka Gdynia,18.0,8.0,26.0,15.5785,11.9082,27.4867,0.053061,1,4209.7187,0.6831,0.6135,0.1707,0.4203,0.1549,0.0,0.0,0.0,1e-06,4e-06,1.2e-05,3.7e-05,9.6e-05,0.000227,0.000484,0.000949,0.001731,0.002954,0.004749,0.007235,0.010492,0.014541,0.019332,0.024728,0.030518,0.03643,0.042152,0.047371,0.051797,0.055195,0.057401,0.05834,0.058017,0.056518,0.053989,0.05062,0.046627,0.042228,0.03763,0.033019,0.028547,0.024334,0.020463,0.016985,0.013922,0.011275,0.009026,0.007146,0.005597,0.004338,0.003329,0.00253,0.001905,0.001422,0.001052,0.000771,0.001933,0.993506,0.006494,1,0.006515,0.988757,0.011243,1,0.011307,0.981522,0.018478,1,0.018651,0.97103,0.02897,1,0.029398,0.956488,0.043512,1,0.044487,0.937157,0.062843,1,0.064905,0.912429,0.087571,1,0.091645,0.88191,0.11809,1,0.125665,0.845481,0.154519,1,0.16785,0.803328,0.196672,1,0.218992,0.755957,0.244043,1,0.279771,0.70416,0.29584,1,0.35075,0.648965,0.351035,1,0.432376,0.591564,0.408436,1,0.524986,0.533224,0.466776,0,0.761906,0.475207,0.524793,0,0.644751,0.418689,0.581311,0,0.542469,0.3647,0.6353,0,0.453658,0.31408,0.68592,0,0.376994,0.267453,0.732547,0,0.311227,0.225225,0.774775,0,0.255182,0.187595,0.812405,0,0.207756,0.154576,0.845424,0,0.167917,0.126029,0.873971,0,0.134708,1.2e-05,0.0001,0.000449,0.001412,0.003489,0.007214,0.012975,0.020841,0.03047,0.041131,0.051832,0.06151,0.069232,0.07434,0.076526,0.075833,0.072594,0.067339,0.060686,0.053258,0.045607,0.038178,0.031292,0.025149,0.019843,0.01539,0.042159,9.8e-05,0.000716,0.002751,0.007401,0.015652,0.027692,0.042615,0.058568,0.073267,0.084623,0.091242,0.092646,0.089223,0.081973,0.072201,0.061217,0.050142,0.039797,0.030687,0.023043,0.016884,0.012093,0.008481,0.005832,0.003937,0.002613,0.00458,0.998301,0.001699,0.996889,0.003111,0.993401,0.006599,0.986187,0.013813,0.973212,0.026788,0.952371,0.047629,0.921901,0.078099,0.880769,0.119231,0.828938,0.171062,0.767428,0.232572,0.698195,0.301805,0.623855,0.376145,0.54733,0.45267,0.471497,0.528503,0.398902,0.601098,0.331564,0.668436,0.270877,0.729123,0.217619,0.782381,0.172012,0.827988,0.133834,0.866166,0.102541,0.897459,0.996408,0.003592,0.989006,0.010994,0.973354,0.026646,0.945662,0.054338,0.903047,0.096953,0.844479,0.155521,0.771212,0.228788,0.686589,0.313411,0.595347,0.404653,0.502701,0.497299,0.413478,0.586522,0.331505,0.668495,0.259304,0.740696,0.198087,0.801913,0.147945,0.852055,0.108149,0.891851,0.077461,0.922539,0.054419,0.945581,0.037535,0.962465,0.025442,0.974558,0.016961,0.983039,1,0.0017,1,0.003598,1,0.003116,1,0.011055,1,0.006621,1,0.027007,1,0.013909,1,0.05587,1,0.027153,1,0.101981,1,0.048801,1,0.169035,1,0.081317,0,1.474959,1,0.12696,0,1.16024,1,0.18761,0,0.904725,1,0.264711,0,0.698564,1,0.359257,0,0.533545,1,0.471837,0,0.402726,1,0.602703,0,0.300165,1,0.751843,0,0.220755,1,0.91904,0,0.160104,1,1.103934,0,0.114456,0,0.315913,0,0.080626,0,0.245413,0,0.055956,0,0.188757,0,0.038258,0,0.143679,0,0.025771,0,0.108188,0,0.017106
2450,2025/26,12,Piast Gliwice,Lechia Gdańsk,15.0,9.0,24.0,15.9359,12.2475,28.1834,0.053061,1,4209.7187,0.6831,0.6135,0.1707,0.4203,0.1549,0.0,0.0,0.0,1e-06,2e-06,9e-06,2.7e-05,7.1e-05,0.00017,0.000369,0.000735,0.001359,0.002353,0.003838,0.005932,0.008728,0.012272,0.016551,0.021479,0.026892,0.032566,0.038228,0.043582,0.048343,0.052258,0.055132,0.056842,0.057342,0.056666,0.054909,0.052225,0.048796,0.044828,0.040521,0.036066,0.031629,0.027348,0.023326,0.019639,0.016328,0.013413,0.010891,0.008745,0.006947,0.005462,0.004251,0.003277,0.002503,0.001894,0.001421,0.001057,0.002778,0.994904,0.005096,1,0.005109,0.991066,0.008934,1,0.008975,0.985133,0.014867,1,0.014978,0.976406,0.023594,1,0.023877,0.964134,0.035866,1,0.036525,0.947582,0.052418,1,0.053842,0.926103,0.073897,1,0.076769,0.899211,0.100789,1,0.106238,0.866645,0.133355,1,0.143126,0.828417,0.171583,1,0.188239,0.784835,0.215165,1,0.242282,0.736492,0.263508,1,0.305857,0.684234,0.315766,0,1.152755,0.629102,0.370898,0,0.991829,0.572261,0.427739,0,0.849242,0.514918,0.485082,0,0.723438,0.458253,0.541747,0,0.612956,0.403344,0.596656,0,0.516414,0.351119,0.648881,0,0.432506,0.302322,0.697678,0,0.359998,0.257495,0.742505,0,0.297726,0.216974,0.783026,0,0.24459,0.180909,0.819091,0,0.199559,0.14928,0.85072,0,0.161672,1e-05,8.3e-05,0.000379,0.001206,0.003017,0.006316,0.011501,0.018704,0.027686,0.037838,0.048274,0.058,0.066093,0.071851,0.074883,0.075128,0.072813,0.068381,0.062392,0.055436,0.048062,0.040734,0.033802,0.027503,0.021971,0.017252,0.049188,8e-05,0.000592,0.002315,0.006336,0.013631,0.024532,0.038404,0.053692,0.068327,0.08028,0.088054,0.090954,0.089105,0.083279,0.074618,0.064359,0.053626,0.043297,0.033963,0.025943,0.019337,0.014089,0.010051,0.007031,0.004829,0.00326,0.005973,0.998031,0.001969,0.996826,0.003174,0.993809,0.006191,0.987492,0.012508,0.975991,0.024009,0.957287,0.042713,0.929601,0.070399,0.891763,0.108237,0.843489,0.156511,0.785489,0.214511,0.719396,0.280604,0.647545,0.352455,0.572662,0.427338,0.497534,0.502466,0.424721,0.575279,0.356339,0.643661,0.293947,0.706053,0.238511,0.761489,0.190449,0.809551,0.149716,0.850284,0.115914,0.884086,0.996971,0.003029,0.990635,0.009365,0.977004,0.022996,0.952472,0.047528,0.914069,0.085931,0.860376,0.139624,0.792049,0.207951,0.711769,0.288231,0.623715,0.376285,0.532761,0.467239,0.443655,0.556345,0.360376,0.639624,0.285758,0.714242,0.221399,0.778601,0.167773,0.832227,0.124476,0.875524,0.090513,0.909487,0.064571,0.935429,0.045234,0.954766,0.031144,0.968856,0.021093,0.978907,1,0.001971,1,0.003034,1,0.003179,1,0.009409,1,0.00621,1,0.023265,1,0.012587,1,0.048695,1,0.024302,1,0.089849,1,0.043652,1,0.150386,1,0.073,1,0.233132,1,0.114555,0,1.243993,1,0.170208,0,0.977408,1,0.241449,0,0.760914,1,0.329343,0,0.586367,1,0.434567,0,0.446875,1,0.55746,0,0.336533,0,0.688227,0,0.250257,0,0.5529,0,0.18365,0,0.440583,0,0.132933,0,0.348065,0,0.094875,0,0.27248,0,0.06675,0,0.211276,0,0.046289,0,0.162185,0,0.031639,0,0.123201,0,0.021319
2451,2025/26,12,Widzew Łódź,Radomiak Radom,18.0,18.0,36.0,13.773,11.7831,25.556,0.053061,1,4209.7187,0.6831,0.6135,0.1707,0.4203,0.1549,0.0,0.0,0.0,2e-06,9e-06,3e-05,8.6e-05,0.000217,0.00049,0.001003,0.001891,0.00331,0.005422,0.008367,0.012232,0.017021,0.022635,0.02887,0.035426,0.041938,0.048015,0.053281,0.057418,0.060197,0.061499,0.061312,0.059732,0.056933,0.053153,0.048655,0.043711,0.038575,0.033468,0.028568,0.024009,0.01988,0.016228,0.013066,0.010384,0.008148,0.006317,0.00484,0.003667,0.002749,0.002039,0.001497,0.001088,0.000784,0.00056,0.000396,0.000278,0.000603,0.987541,0.012459,1,0.012538,0.979174,0.020826,1,0.021046,0.966941,0.033059,1,0.033617,0.94992,0.05008,1,0.051377,0.927285,0.072715,1,0.075495,0.898414,0.101586,1,0.107124,0.862988,0.137012,1,0.147354,0.82105,0.17895,1,0.197172,0.773035,0.226965,1,0.257431,0.719754,0.280246,1,0.328845,0.662337,0.337663,1,0.411981,0.602139,0.397861,1,0.507267,0.54064,0.45936,1,0.615001,0.479328,0.520672,1,0.735371,0.419596,0.580404,1,0.868463,0.362663,0.637337,1,1.014282,0.30951,0.69049,1,1.172764,0.260855,0.739145,1,1.34379,0.217144,0.782856,1,1.527195,0.178569,0.821431,1,1.72278,0.145101,0.854899,1,1.930322,0.116534,0.883466,1,2.149576,0.092524,0.907476,1,2.380284,0.072644,0.927356,1,2.622179,3.2e-05,0.000257,0.001079,0.003165,0.007298,0.01408,0.023629,0.035412,0.048308,0.060843,0.071538,0.079211,0.083186,0.083342,0.080047,0.074011,0.066106,0.057214,0.048109,0.039393,0.031475,0.024584,0.018801,0.014098,0.010379,0.007511,0.016662,0.000106,0.000768,0.002932,0.007838,0.016469,0.028949,0.044261,0.060438,0.075117,0.086199,0.09234,0.093156,0.089133,0.081362,0.071199,0.059978,0.048809,0.038488,0.029486,0.021998,0.016014,0.011396,0.00794,0.005425,0.003639,0.002399,0.004136,0.998401,0.001599,0.995237,0.004763,0.987938,0.012062,0.973858,0.026142,0.950229,0.049771,0.914817,0.085183,0.866509,0.133491,0.805666,0.194334,0.734128,0.265872,0.654917,0.345083,0.571732,0.428268,0.48839,0.51161,0.408343,0.591657,0.334332,0.665668,0.268226,0.731774,0.211012,0.788988,0.162903,0.837097,0.123509,0.876491,0.092034,0.907966,0.06745,0.93255,0.048649,0.951351,0.996171,0.003829,0.988332,0.011668,0.971863,0.028137,0.942914,0.057086,0.898652,0.101348,0.838214,0.161786,0.763097,0.236903,0.676898,0.323102,0.584558,0.415442,0.491402,0.508598,0.402269,0.597731,0.320907,0.679093,0.249709,0.750291,0.189731,0.810269,0.140922,0.859078,0.102434,0.897566,0.072947,0.927053,0.050949,0.949051,0.034935,0.965065,0.023539,0.976461,0.015599,0.984401,1,0.0016,1,0.003836,1,0.004774,1,0.011737,1,0.012135,1,0.02854,1,0.02649,1,0.05878,1,0.051052,1,0.106859,1,0.089031,1,0.176482,1,0.143283,1,0.27037,1,0.216086,1,0.390235,1,0.309072,1,0.536899,1,0.423247,1,0.710493,1,0.559085,1,0.910634,1,0.716641,1,1.136604,1,0.895648,1,1.387459,1,1.095621,1,1.662148,1,1.315925,1,1.959549,1,1.55584,1,2.278537,0,0.177815,0,0.075745,0,0.131829,0,0.052293,0,0.096548,0,0.03556,0,0.069833,0,0.02382,0,0.049872,0,0.015722
2452,2025/26,13,Arka Gdynia,Piast Gliwice,6.0,23.0,29.0,12.6108,13.2477,25.8586,0.053073,1,4265.6592,0.7134,0.6379,0.1631,0.4156,0.1573,0.0,0.0,0.0,2e-06,8e-06,2.6e-05,7.4e-05,0.000189,0.000429,0.000887,0.001685,0.002972,0.004906,0.007629,0.011239,0.015758,0.021114,0.027132,0.033541,0.040001,0.046135,0.051569,0.055977,0.059111,0.060823,0.061071,0.059917,0.057512,0.054067,0.049836,0.04508,0.040055,0.034988,0.030067,0.025438,0.021203,0.017422,0.01412,0.011294,0.00892,0.006959,0.005366,0.004092,0.003086,0.002303,0.001701,0.001245,0.000902,0.000648,0.000461,0.000325,0.000719,0.988823,0.011177,1,0.01124,0.981194,0.018806,1,0.018985,0.969956,0.030044,1,0.030505,0.954198,0.045802,1,0.046884,0.933084,0.066916,1,0.06926,0.905953,0.094047,1,0.098768,0.872412,0.127588,1,0.136494,0.83241,0.16759,1,0.18343,0.786275,0.213725,1,0.240448,0.734707,0.265293,1,0.308284,0.678729,0.321271,1,0.387533,0.619618,0.380382,1,0.478652,0.558795,0.441205,1,0.581972,0.497725,0.502275,1,0.697708,0.437807,0.562193,1,0.825976,0.380296,0.619704,1,0.966806,0.326228,0.673772,1,1.120158,0.276392,0.723608,0,0.323506,0.231312,0.768688,0,0.26307,0.191257,0.808743,0,0.212274,0.156269,0.843731,0,0.169922,0.126202,0.873798,0,0.134906,0.100764,0.899236,0,0.10621,0.079561,0.920439,0,0.082905,6.4e-05,0.000484,0.001927,0.005368,0.011752,0.021526,0.034295,0.048799,0.063201,0.075576,0.084366,0.088691,0.088432,0.084119,0.07671,0.06734,0.057107,0.046928,0.037465,0.029128,0.022097,0.016387,0.011899,0.008472,0.005922,0.004069,0.007813,4.4e-05,0.000342,0.0014,0.004016,0.009054,0.017075,0.028012,0.04104,0.054728,0.067385,0.077453,0.083838,0.086072,0.084302,0.079156,0.071548,0.062475,0.052861,0.043454,0.034785,0.027172,0.020748,0.015512,0.011372,0.008185,0.00579,0.012046,0.997459,0.002541,0.992091,0.007909,0.980339,0.019661,0.958813,0.041187,0.924518,0.075482,0.87572,0.12428,0.812518,0.187482,0.736943,0.263057,0.652577,0.347423,0.563886,0.436114,0.475453,0.524547,0.391334,0.608666,0.314625,0.685375,0.247285,0.752715,0.190178,0.809822,0.14325,0.85675,0.105785,0.894215,0.076657,0.923343,0.054561,0.945439,0.038174,0.961826,0.026275,0.973725,0.99808,0.00192,0.994064,0.005936,0.98501,0.01499,0.967934,0.032066,0.939923,0.060077,0.898883,0.101117,0.844155,0.155845,0.77677,0.22323,0.699318,0.300682,0.615479,0.384521,0.529407,0.470593,0.445105,0.554895,0.365949,0.634051,0.2944,0.7056,0.231925,0.768075,0.179063,0.820937,0.135609,0.864391,0.100824,0.899176,0.073652,0.926348,0.052904,0.947096,0.037392,0.962608,1,0.002544,1,0.001922,1,0.00794,1,0.005954,1,0.019857,1,0.015103,1,0.042059,1,0.032591,0,2.583861,1,0.061957,0,2.085218,1,0.106602,0,1.674072,1,0.169419,0,1.335385,1,0.252611,0,1.057212,1,0.35765,0,0.829852,1,0.485354,0,0.64522,1,0.635998,0,0.496486,1,0.809445,0,0.377789,1,1.005261,0,0.284069,1,1.222816,0,0.210941,1,1.461341,0,0.154609,1,1.720018,0,0.111809,1,1.99798,0,0.079754,1,2.294379,0,0.056106,1,2.608404,0,0.038922,1,2.939276,0,0.026626,1,3.286299
2453,2025/26,13,Bruk-Bet Termalica Nieciecza,Zagłębie Lubin,14.0,13.0,27.0,14.8372,14.5246,29.3618,0.053073,1,4265.6592,0.7134,0.6379,0.1631,0.4156,0.1573,0.0,0.0,0.0,0.0,1e-06,5e-06,1.5e-05,4.2e-05,0.000102,0.000227,0.000464,0.000881,0.001566,0.00262,0.004155,0.006269,0.00904,0.012501,0.016632,0.021347,0.026495,0.031872,0.037232,0.042311,0.046852,0.050625,0.053452,0.055212,0.055858,0.055406,0.053935,0.051571,0.048475,0.044828,0.040814,0.036608,0.032368,0.02823,0.024298,0.02065,0.017337,0.014386,0.011803,0.009579,0.007692,0.006115,0.004814,0.003754,0.0029,0.002221,0.001686,0.004753,0.996696,0.003304,1,0.003309,0.994076,0.005924,1,0.005942,0.989921,0.010079,1,0.01013,0.983652,0.016348,1,0.016483,0.974612,0.025388,1,0.025715,0.962111,0.037889,1,0.038625,0.945479,0.054521,1,0.056064,0.924132,0.075868,1,0.0789,0.897637,0.102363,1,0.10799,0.865764,0.134236,1,0.144143,0.828532,0.171468,1,0.1881,0.786221,0.213779,1,0.240518,0.739369,0.260631,1,0.301959,0.688743,0.311257,1,0.372887,0.635291,0.364709,1,0.453671,0.580079,0.419921,0,0.867688,0.524221,0.475779,0,0.742802,0.468815,0.531185,0,0.632644,0.41488,0.58512,0,0.535938,0.363309,0.636691,0,0.451471,0.314834,0.685166,0,0.378094,0.270006,0.729994,0,0.314719,0.229192,0.770808,0,0.260316,0.192585,0.807415,0,0.213917,1.8e-05,0.000147,0.000641,0.001963,0.004722,0.009503,0.016635,0.026008,0.037011,0.048628,0.059646,0.068897,0.075481,0.078891,0.079048,0.076247,0.071047,0.064149,0.056273,0.048071,0.04007,0.03265,0.026049,0.020378,0.015652,0.011816,0.029741,2.1e-05,0.000173,0.000746,0.002257,0.005365,0.01067,0.018456,0.028512,0.040091,0.052049,0.063082,0.072,0.077942,0.080494,0.079694,0.075955,0.069934,0.062392,0.054081,0.045648,0.037598,0.030272,0.023864,0.018447,0.014,0.010443,0.025343,0.998575,0.001425,0.996613,0.003387,0.991891,0.008109,0.982388,0.017612,0.965753,0.034247,0.939746,0.060254,0.902735,0.097265,0.854107,0.145893,0.794461,0.205539,0.725563,0.274437,0.650082,0.349918,0.571191,0.428809,0.492142,0.507858,0.415896,0.584104,0.344849,0.655151,0.2807,0.7193,0.224427,0.775573,0.176356,0.823644,0.136286,0.863714,0.103636,0.896364,0.077587,0.922413,0.99859,0.00141,0.996333,0.003667,0.990967,0.009033,0.980297,0.019703,0.961841,0.038159,0.93333,0.06667,0.893238,0.106762,0.841189,0.158811,0.778107,0.221893,0.706107,0.293893,0.628165,0.371835,0.547671,0.452329,0.467977,0.532023,0.392022,0.607978,0.322088,0.677912,0.259696,0.740304,0.205615,0.794385,0.159966,0.840034,0.122368,0.877632,0.092097,0.907903,0.068233,0.931767,1,0.001426,1,0.001411,1,0.003393,1,0.003674,1,0.008142,1,0.009074,1,0.017769,1,0.0199,1,0.034847,1,0.038906,1,0.062146,1,0.068996,1,0.102326,1,0.112902,1,0.157699,1,0.172939,1,0.230091,1,0.250891,1,0.320807,1,0.347988,1,0.430657,1,0.464952,1,0.560032,0,0.793345,0,0.677553,0,0.631069,0,0.537676,0,0.497617,0,0.42289,0,0.388738,0,0.329477,0,0.300694,0,0.254153,0,0.230187,0,0.194017,0,0.174313,0,0.146514,0,0.130528,0,0.109409,0,0.096618,0,0.080762,0,0.070672
2454,2025/26,13,Legia Warszawa,Lech Poznań,13.0,12.0,25.0,15.2447,11.618,26.8627,0.053073,1,4265.6592,0.7134,0.6379,0.1631,0.4156,0.1573,0.0,0.0,0.0,1e-06,5e-06,1.7e-05,4.9e-05,0.000126,0.000292,0.000616,0.001193,0.002146,0.003614,0.005735,0.00862,0.012334,0.016868,0.022127,0.027929,0.034013,0.040063,0.045744,0.050728,0.054736,0.057556,0.059068,0.059243,0.058139,0.055891,0.052688,0.048751,0.044315,0.039607,0.034832,0.030163,0.025736,0.02165,0.017968,0.014719,0.011907,0.009517,0.007519,0.005875,0.004541,0.003474,0.002631,0.001974,0.001467,0.00108,0.000789,0.000571,0.001371,0.99194,0.00806,1,0.008093,0.986205,0.013795,1,0.013891,0.977585,0.022415,1,0.02267,0.965251,0.034749,1,0.035367,0.948384,0.051616,1,0.052996,0.926256,0.073744,1,0.076604,0.898328,0.101672,1,0.10722,0.864315,0.135685,1,0.145818,0.824252,0.175748,1,0.193279,0.778508,0.221492,1,0.250376,0.727779,0.272221,1,0.317757,0.673044,0.326956,1,0.395945,0.615488,0.384512,1,0.485341,0.55642,0.44358,0,0.812876,0.497177,0.502823,0,0.687517,0.439038,0.560962,0,0.578102,0.383147,0.616853,0,0.483124,0.330459,0.669541,0,0.401163,0.281708,0.718292,0,0.330879,0.237392,0.762608,0,0.271012,0.197785,0.802215,0,0.220379,0.162954,0.837046,0,0.177876,0.132791,0.867209,0,0.142475,0.107055,0.892945,0,0.11323,1.4e-05,0.000119,0.000527,0.001637,0.003998,0.008169,0.014517,0.023041,0.033286,0.044398,0.055284,0.064829,0.072102,0.076504,0.07782,0.076201,0.072083,0.066072,0.05884,0.051027,0.043179,0.035718,0.02893,0.022975,0.017914,0.01373,0.036216,0.000117,0.000843,0.003191,0.008457,0.017613,0.030691,0.046516,0.062964,0.077576,0.088248,0.093714,0.093721,0.088897,0.080443,0.069785,0.058278,0.047015,0.036753,0.027914,0.020645,0.014899,0.010511,0.00726,0.004917,0.00327,0.002137,0.003605,0.998468,0.001532,0.996831,0.003169,0.992833,0.007167,0.984665,0.015335,0.970148,0.029852,0.947107,0.052893,0.913821,0.086179,0.869423,0.130577,0.814138,0.185862,0.74931,0.25069,0.677207,0.322793,0.600703,0.399297,0.522884,0.477116,0.446683,0.553317,0.3746,0.6254,0.308528,0.691472,0.249688,0.750312,0.198661,0.801339,0.155482,0.844518,0.119764,0.880236,0.090834,0.909166,0.995829,0.004171,0.987372,0.012628,0.969759,0.030241,0.939068,0.060932,0.892552,0.107448,0.829588,0.170412,0.752012,0.247988,0.663764,0.336236,0.57005,0.42995,0.476329,0.523671,0.387432,0.612568,0.306989,0.693011,0.237204,0.762796,0.178926,0.821074,0.131911,0.868089,0.095158,0.904842,0.067244,0.932756,0.0466,0.9534,0.031701,0.968299,0.02119,0.97881,0.01393,0.98607,1,0.001533,1,0.00418,1,0.003174,1,0.012708,1,0.007193,1,0.030708,1,0.015454,1,0.062867,1,0.030307,1,0.113671,1,0.054343,1,0.186826,1,0.090121,1,0.285003,1,0.139926,1,0.409829,1,0.205625,1,0.562031,1,0.288602,1,0.741646,1,0.389778,0,0.490095,0,0.91805,0,0.366709,0,0.739996,0,0.270765,0,0.591824,0,0.197142,0,0.469364,0,0.141461,0,0.368933,0,0.099995,0,0.287266,0,0.069612,0,0.221471,0,0.047721,0,0.168989,0,0.032214,0,0.127565,0,0.021418,0,0.095228,0,0.014028
2455,2025/26,13,Motor Lublin,Widzew Łódź,16.0,13.0,29.0,13.6984,13.9023,27.6007,0.053073,1,4265.6592,0.7134,0.6379,0.1631,0.4156,0.1573,0.0,0.0,0.0,1e-06,3e-06,1.1e-05,3.4e-05,8.9e-05,0.00021,0.000451,0.00089,0.001631,0.002797,0.004519,0.006917,0.010075,0.014026,0.018725,0.024051,0.029799,0.035706,0.041466,0.046762,0.051302,0.05484,0.057206,0.058309,0.058144,0.056788,0.054378,0.051102,0.04717,0.042804,0.038213,0.033586,0.029082,0.024824,0.0209,0.017366,0.014248,0.011548,0.009251,0.007327,0.00574,0.00445,0.003415,0.002595,0.001954,0.001457,0.001077,0.00079,0.001971,0.993884,0.006116,1,0.006135,0.989365,0.010635,1,0.010692,0.982448,0.017552,1,0.017707,0.972373,0.027627,1,0.028016,0.958347,0.041653,1,0.042545,0.939622,0.060378,1,0.062278,0.915571,0.084429,1,0.088207,0.885772,0.114228,1,0.121296,0.850066,0.149934,1,0.162442,0.8086,0.1914,1,0.212451,0.761838,0.238162,1,0.272021,0.710536,0.289464,1,0.341735,0.655696,0.344304,1,0.422058,0.59849,0.40151,1,0.513346,0.540181,0.459819,1,0.61585,0.482037,0.517963,1,0.729734,0.425249,0.574751,1,0.85508,0.370871,0.629129,0,0.463419,0.31977,0.68023,0,0.385324,0.272599,0.727401,0,0.318278,0.229796,0.770204,0,0.261099,0.191583,0.808417,0,0.212677,0.157997,0.842003,0,0.171971,0.128914,0.871086,0,0.138015,3.4e-05,0.000268,0.00112,0.003274,0.007526,0.014474,0.024213,0.036172,0.049188,0.061756,0.072381,0.079893,0.083637,0.083531,0.079977,0.073714,0.065635,0.056628,0.047468,0.038747,0.030862,0.02403,0.01832,0.013695,0.010051,0.007251,0.015941,3e-05,0.00024,0.001012,0.002986,0.006923,0.013428,0.022654,0.034134,0.046814,0.059279,0.070073,0.078007,0.082363,0.082963,0.080114,0.074472,0.066878,0.058195,0.049199,0.040504,0.032538,0.025552,0.019647,0.014812,0.010964,0.007977,0.017977,0.998365,0.001635,0.995091,0.004909,0.987564,0.012436,0.97309,0.02691,0.948877,0.051123,0.912705,0.087295,0.863517,0.136483,0.801761,0.198239,0.729379,0.270621,0.649487,0.350513,0.56585,0.43415,0.482319,0.517681,0.402342,0.597658,0.328628,0.671372,0.262993,0.737007,0.206365,0.793635,0.158897,0.841103,0.12015,0.87985,0.089288,0.910712,0.065257,0.934743,0.046937,0.953063,0.998456,0.001544,0.995469,0.004531,0.988546,0.011454,0.975118,0.024882,0.952464,0.047536,0.91833,0.08167,0.871516,0.128484,0.812237,0.187763,0.742164,0.257836,0.664157,0.335843,0.581794,0.418206,0.498831,0.501169,0.418717,0.581283,0.344245,0.655755,0.277367,0.722633,0.219172,0.780828,0.169973,0.830027,0.129469,0.870531,0.096931,0.903069,0.071379,0.928621,0.051732,0.948268,1,0.001636,1,0.001545,1,0.004921,1,0.004541,1,0.012514,1,0.01152,1,0.027279,1,0.025197,1,0.052476,1,0.048703,1,0.091343,1,0.085198,1,0.146742,1,0.137521,1,0.220945,1,0.207963,1,0.315562,1,0.298185,1,0.431572,1,0.409237,1,0.569426,1,0.541639,1,0.72915,0,0.690812,1,0.910453,0,0.542518,1,1.112829,0,0.421968,0,0.305158,0,0.324854,0,0.231132,0,0.2474,0,0.173041,0,0.186297,0,0.128004,0,0.138652,0,0.093529,0,0.101956,0,0.067484,0,0.074055,0,0.048074,0,0.053118
2456,2025/26,13,Górnik Zabrze,Jagiellonia Białystok,22.0,15.0,37.0,15.5894,12.9242,28.5136,0.053073,1,4265.6592,0.7134,0.6379,0.1631,0.4156,0.1573,0.0,0.0,0.0,0.0,2e-06,7e-06,2.3e-05,6.1e-05,0.000147,0.00032,0.000643,0.001199,0.002093,0.003441,0.00536,0.007946,0.011258,0.015298,0.020001,0.025228,0.030775,0.036387,0.041782,0.046677,0.050813,0.053982,0.056041,0.056922,0.056631,0.055244,0.052892,0.049745,0.045996,0.041844,0.03748,0.033076,0.028777,0.024697,0.020919,0.017497,0.014458,0.011809,0.009538,0.00762,0.006025,0.004715,0.003655,0.002807,0.002136,0.001611,0.001205,0.003221,0.995503,0.004497,1,0.004507,0.992062,0.007938,1,0.00797,0.986702,0.013298,1,0.013387,0.978756,0.021244,1,0.021473,0.967498,0.032502,1,0.033042,0.9522,0.0478,1,0.04898,0.932199,0.067801,1,0.070209,0.906972,0.093028,1,0.097644,0.876197,0.123803,1,0.132164,0.83981,0.16019,1,0.17458,0.798028,0.201972,1,0.225612,0.751352,0.248648,1,0.285882,0.700539,0.299461,1,0.355905,0.646557,0.353443,1,0.436094,0.590516,0.409484,1,0.526758,0.533594,0.466406,1,0.62812,0.476963,0.523037,1,0.740316,0.421719,0.578281,1,0.863416,0.368827,0.631173,1,0.997427,0.319083,0.680917,1,1.142305,0.273087,0.726913,1,1.297964,0.231243,0.768757,1,1.464284,0.193763,0.806237,1,1.641118,0.160687,0.839313,1,1.828296,1.2e-05,9.9e-05,0.000447,0.001405,0.003474,0.007186,0.012929,0.020775,0.030385,0.04103,0.051722,0.061402,0.069136,0.074264,0.076476,0.075812,0.072602,0.067372,0.06074,0.053326,0.045683,0.038257,0.031369,0.025221,0.019908,0.015447,0.04237,5.3e-05,0.000408,0.001646,0.004653,0.010337,0.019213,0.031062,0.04485,0.058943,0.071523,0.081018,0.086428,0.087446,0.084407,0.078107,0.069577,0.059874,0.049927,0.040447,0.031909,0.024564,0.018485,0.01362,0.00984,0.00698,0.004866,0.009723,0.998293,0.001707,0.996888,0.003112,0.993414,0.006586,0.986227,0.013773,0.973298,0.026702,0.952523,0.047477,0.922138,0.077862,0.881108,0.118892,0.829386,0.170614,0.767984,0.232016,0.698848,0.301152,0.624584,0.375416,0.548108,0.451892,0.472295,0.527705,0.399693,0.600307,0.332321,0.667679,0.271582,0.728418,0.218256,0.781744,0.172573,0.827427,0.134316,0.865684,0.102946,0.897054,0.997799,0.002201,0.993146,0.006854,0.982809,0.017191,0.963596,0.036404,0.932533,0.067467,0.887684,0.112316,0.828741,0.171259,0.757218,0.242782,0.676199,0.323801,0.589771,0.410229,0.502325,0.497675,0.417919,0.582081,0.339812,0.660188,0.270235,0.729765,0.210361,0.789639,0.160435,0.839565,0.119987,0.880013,0.088078,0.911922,0.063514,0.936486,0.045029,0.954971,0.031409,0.968591,1,0.001708,1,0.002203,1,0.003117,1,0.006878,1,0.006608,1,0.01734,1,0.013869,1,0.037083,1,0.027065,1,0.069851,1,0.048641,1,0.119139,1,0.08106,1,0.187848,1,0.126575,1,0.278104,1,0.18707,1,0.391268,1,0.263986,1,0.528021,1,0.358322,1,0.688508,1,0.470669,1,0.872468,1,0.601283,1,1.079363,1,0.750151,0,0.315033,1,0.917059,0,0.236179,1,1.101654,0,0.174871,1,1.303491,0,0.127819,1,1.522087,0,0.092201,1,1.756935,0,0.065621,1,2.00756,0,0.046074,0,0.108639,0,0.031913
2457,2025/26,13,Radomiak Radom,Wisła Płock,19.0,8.0,27.0,13.8134,12.433,26.2464,0.053073,1,4265.6592,0.7134,0.6379,0.1631,0.4156,0.1573,0.0,0.0,0.0,2e-06,6e-06,2.1e-05,6.3e-05,0.00016,0.000367,0.000765,0.001466,0.002609,0.004343,0.006812,0.010121,0.014312,0.019342,0.02507,0.03126,0.037604,0.043746,0.049325,0.054008,0.057531,0.059715,0.060485,0.059864,0.057968,0.054978,0.051124,0.046656,0.041824,0.036859,0.031958,0.02728,0.022942,0.019021,0.015554,0.012554,0.010004,0.007876,0.006129,0.004715,0.003589,0.002703,0.002015,0.001488,0.001088,0.000788,0.000566,0.000403,0.000918,0.990197,0.009803,1,0.009852,0.983385,0.016615,1,0.016755,0.973264,0.026736,1,0.0271,0.958951,0.041049,1,0.041915,0.939609,0.060391,1,0.062292,0.914539,0.085461,1,0.089335,0.883279,0.116721,1,0.124114,0.845675,0.154325,1,0.16762,0.801929,0.198071,1,0.220735,0.752604,0.247396,1,0.284216,0.698596,0.301404,1,0.358682,0.641066,0.358934,1,0.444623,0.581351,0.418649,1,0.542401,0.520866,0.479134,1,0.652262,0.461002,0.538998,1,0.774353,0.403034,0.596966,0,0.515895,0.348056,0.651944,0,0.427796,0.296932,0.703068,0,0.352301,0.250276,0.749724,0,0.28805,0.208451,0.791549,0,0.233764,0.171592,0.828408,0,0.18825,0.139635,0.860365,0,0.150398,0.112355,0.887645,0,0.119183,0.089412,0.910588,0,0.093665,3.2e-05,0.000252,0.001058,0.003108,0.00718,0.013875,0.023322,0.035011,0.047839,0.060353,0.07108,0.078836,0.082931,0.083226,0.080071,0.074159,0.06635,0.057523,0.048452,0.039741,0.031808,0.024886,0.019064,0.01432,0.010561,0.007655,0.017068,7.1e-05,0.000534,0.002108,0.005822,0.012638,0.022952,0.036257,0.051152,0.065687,0.07788,0.0862,0.08985,0.088827,0.083776,0.075748,0.065931,0.055438,0.045169,0.035755,0.027562,0.020731,0.015244,0.010974,0.007747,0.005369,0.003658,0.006866,0.998419,0.001581,0.99531,0.00469,0.988131,0.011869,0.974256,0.025744,0.950934,0.049066,0.915923,0.084077,0.868084,0.131916,0.807731,0.192269,0.736652,0.263348,0.657816,0.342184,0.574886,0.425114,0.491659,0.508341,0.411588,0.588412,0.337429,0.662571,0.271079,0.728921,0.213556,0.786444,0.165104,0.834896,0.125363,0.874637,0.093555,0.906445,0.068669,0.931331,0.049604,0.950396,0.997233,0.002767,0.991411,0.008589,0.978773,0.021227,0.955821,0.044179,0.919564,0.080436,0.868412,0.131588,0.802725,0.197275,0.724845,0.275155,0.638645,0.361355,0.548795,0.451205,0.459968,0.540032,0.376191,0.623809,0.300443,0.699557,0.234512,0.765488,0.179075,0.820925,0.133906,0.866094,0.098151,0.901849,0.07059,0.92941,0.049858,0.950142,0.034615,0.965385,0.02364,0.97636,1,0.001582,1,0.002771,1,0.004701,1,0.008626,1,0.01194,1,0.021456,1,0.026081,1,0.045185,1,0.050311,1,0.083856,1,0.087823,1,0.141089,1,0.141467,0,1.623157,1,0.213526,0,1.290421,1,0.30564,0,1.017894,1,0.41883,0,0.795833,1,0.553584,0,0.616127,1,0.70997,0,0.471911,1,0.887732,0,0.357308,1,1.0864,0,0.267242,1,1.305345,0,0.197324,1,1.543856,0,0.143762,1,1.80118,0,0.103308,0,0.133946,0,0.073205,0,0.098225,0,0.051144,0,0.071141,0,0.035228,0,0.050877,0,0.023924
2458,2025/26,13,Pogoń Szczecin,Cracovia,11.0,17.0,28.0,14.3708,12.3017,26.6725,0.053073,1,4265.6592,0.7134,0.6379,0.1631,0.4156,0.1573,0.0,0.0,0.0,1e-06,5e-06,1.8e-05,5.2e-05,0.000134,0.00031,0.000652,0.00126,0.002262,0.0038,0.006013,0.009016,0.012865,0.017546,0.022949,0.028879,0.035061,0.041165,0.046845,0.051771,0.055662,0.058317,0.059624,0.059569,0.058227,0.055747,0.052333,0.048215,0.043635,0.038824,0.033986,0.029291,0.024872,0.020821,0.017193,0.014011,0.011275,0.008964,0.007044,0.005473,0.004207,0.0032,0.002409,0.001797,0.001327,0.000971,0.000705,0.000507,0.001191,0.991506,0.008494,1,0.00853,0.985493,0.014507,1,0.014613,0.976477,0.023523,1,0.023804,0.963612,0.036388,1,0.037066,0.946067,0.053933,1,0.055442,0.923117,0.076883,1,0.079999,0.894238,0.105762,1,0.111783,0.859177,0.140823,1,0.15178,0.818012,0.181988,1,0.200878,0.771167,0.228833,1,0.25985,0.719397,0.280603,1,0.329342,0.663734,0.336266,1,0.409873,0.605418,0.394582,1,0.501837,0.545794,0.454206,1,0.605514,0.486225,0.513775,1,0.721083,0.427998,0.572002,1,0.848636,0.372251,0.627749,0,0.465615,0.319918,0.680082,0,0.385542,0.271703,0.728297,0,0.317047,0.228068,0.771932,0,0.258859,0.189244,0.810756,0,0.209789,0.155259,0.844741,0,0.168725,0.125968,0.874032,0,0.134638,0.101095,0.898905,0,0.106578,2.3e-05,0.000187,0.000805,0.002418,0.005714,0.011295,0.01942,0.02982,0.041679,0.053786,0.064796,0.073511,0.0791,0.081199,0.079909,0.075703,0.069282,0.06144,0.052936,0.044413,0.036361,0.0291,0.022803,0.01752,0.013216,0.0098,0.023355,7.7e-05,0.000575,0.002253,0.006182,0.013334,0.024062,0.037768,0.052942,0.067551,0.07958,0.087518,0.090641,0.089036,0.083437,0.07496,0.064828,0.054162,0.043847,0.034487,0.026414,0.019741,0.014423,0.010317,0.007237,0.004984,0.003373,0.006226,0.998577,0.001423,0.996158,0.003842,0.990444,0.009556,0.979149,0.020851,0.95973,0.04027,0.929909,0.070091,0.88823,0.11177,0.834444,0.165556,0.769648,0.230352,0.696137,0.303863,0.617037,0.382963,0.535838,0.464162,0.455929,0.544071,0.380226,0.619774,0.310944,0.689056,0.249503,0.750497,0.196568,0.803432,0.152154,0.847846,0.115794,0.884206,0.086694,0.913306,0.063891,0.936109,0.99705,0.00295,0.990868,0.009132,0.977533,0.022467,0.953471,0.046529,0.915704,0.084296,0.862761,0.137239,0.79521,0.20479,0.71563,0.28437,0.628112,0.371888,0.537472,0.462528,0.448436,0.551564,0.364998,0.635002,0.290039,0.709961,0.225211,0.774789,0.171049,0.828951,0.127202,0.872798,0.092715,0.907285,0.066301,0.933699,0.04656,0.95344,0.032137,0.967863,0.021819,0.978181,1,0.001424,1,0.002954,1,0.003849,1,0.009174,1,0.009602,1,0.022723,1,0.021071,1,0.047646,1,0.041103,1,0.088062,1,0.072669,1,0.147618,1,0.118525,1,0.229149,1,0.18099,1,0.334592,1,0.261822,1,0.465037,0,1.191178,1,0.620879,0,0.959817,1,0.801989,0,0.767522,1,1.007863,0,0.608676,1,1.23774,0,0.4784,1,1.490718,0,0.372433,1,1.765805,0,0.28702,0,0.136051,0,0.218863,0,0.097299,0,0.165056,0,0.068601,0,0.123065,0,0.047679,0,0.090684,0,0.032665,0,0.066023,0,0.022061
2459,2025/26,13,GKS Katowice,Korona Kielce,14.0,14.0,28.0,14.7669,14.5092,29.276,0.053073,1,4265.6592,0.7134,0.6379,0.1631,0.4156,0.1573,0.0,0.0,0.0,0.0,1e-06,5e-06,1.6e-05,4.3e-05,0.000106,0.000235,0.000479,0.000908,0.001611,0.002692,0.00426,0.006418,0.00924,0.012757,0.016944,0.021712,0.026904,0.032311,0.037683,0.042753,0.047264,0.050986,0.053744,0.055424,0.05598,0.055436,0.053875,0.051429,0.048262,0.044558,0.040501,0.036267,0.032015,0.027875,0.023953,0.020324,0.017035,0.014112,0.011559,0.009365,0.007509,0.005959,0.004683,0.003646,0.002812,0.00215,0.00163,0.004566,0.996595,0.003405,1,0.003411,0.993904,0.006096,1,0.006115,0.989643,0.010357,1,0.010411,0.983225,0.016775,1,0.016917,0.973985,0.026015,1,0.026359,0.961229,0.038771,1,0.039543,0.944284,0.055716,1,0.057328,0.922572,0.077428,1,0.08059,0.895668,0.104332,1,0.110186,0.863357,0.136643,1,0.146927,0.825674,0.174326,1,0.191556,0.78292,0.21708,1,0.244724,0.735657,0.264343,1,0.306992,0.68467,0.31533,1,0.378818,0.630926,0.369074,1,0.460567,0.575502,0.424498,1,0.552512,0.519522,0.480478,0,0.732975,0.464087,0.535913,0,0.623783,0.410212,0.589788,0,0.527992,0.358783,0.641217,0,0.444388,0.310521,0.689479,0,0.371819,0.265963,0.734037,0,0.309196,0.225462,0.774538,0,0.255489,0.189195,0.810805,0,0.209727,1.8e-05,0.000152,0.000664,0.002025,0.004859,0.009754,0.017029,0.026553,0.037686,0.049385,0.060413,0.069598,0.076046,0.07927,0.079217,0.076206,0.070821,0.063775,0.055796,0.047537,0.039519,0.032116,0.025555,0.019939,0.015273,0.0115,0.028709,2.1e-05,0.000174,0.000752,0.002273,0.005399,0.010731,0.018551,0.02864,0.040248,0.052222,0.063253,0.072152,0.07806,0.080567,0.079719,0.075933,0.069871,0.0623,0.053968,0.045526,0.037474,0.030154,0.023757,0.018353,0.01392,0.010378,0.025139,0.998584,0.001416,0.996558,0.003442,0.991699,0.008301,0.981945,0.018055,0.964916,0.035084,0.938363,0.061637,0.900677,0.099323,0.851292,0.148708,0.79088,0.20912,0.721282,0.278718,0.645236,0.354764,0.565966,0.434034,0.486749,0.513251,0.410542,0.589458,0.339721,0.660279,0.275946,0.724054,0.220149,0.779851,0.172612,0.827388,0.133093,0.866907,0.100977,0.899023,0.075421,0.924579,0.998589,0.001411,0.996316,0.003684,0.990917,0.009083,0.980186,0.019814,0.961636,0.038364,0.932995,0.067005,0.892747,0.107253,0.840525,0.159475,0.777272,0.222728,0.70512,0.29488,0.627061,0.372939,0.546494,0.453506,0.466775,0.533225,0.390842,0.609158,0.32097,0.67903,0.258671,0.741329,0.204702,0.795298,0.159176,0.840824,0.121702,0.878298,0.091548,0.908452,0.06779,0.93221,1,0.001417,1,0.001412,1,0.003448,1,0.003691,1,0.008336,1,0.009125,1,0.01822,1,0.020013,1,0.035714,1,0.039119,1,0.063618,1,0.069355,1,0.104609,1,0.113452,1,0.161,1,0.173729,1,0.234609,1,0.251965,1,0.326725,1,0.349387,1,0.438139,1,0.466711,1,0.569221,1,0.604232,0,0.66699,0,0.628812,0,0.528552,0,0.495678,0,0.415093,0,0.38709,0,0.322889,0,0.299311,0,0.248652,0,0.229038,0,0.189482,0,0.173373,0,0.142824,0,0.129769,0,0.106447,0,0.096013,0,0.078417,0,0.070197
2460,2025/26,13,Raków Częstochowa,Lechia Gdańsk,10.0,10.0,20.0,16.2775,11.8272,28.1046,0.053073,1,4265.6592,0.7134,0.6379,0.1631,0.4156,0.1573,0.0,0.0,0.0,1e-06,3e-06,9e-06,2.8e-05,7.5e-05,0.000178,0.000385,0.000765,0.00141,0.002435,0.003962,0.006106,0.00896,0.012567,0.016907,0.021887,0.027339,0.033032,0.038689,0.044014,0.048722,0.052563,0.055347,0.056958,0.057357,0.056583,0.054739,0.051981,0.048495,0.044487,0.040157,0.035696,0.031266,0.027002,0.023006,0.019349,0.016072,0.01319,0.010701,0.008586,0.006816,0.005355,0.004166,0.00321,0.00245,0.001854,0.00139,0.001034,0.002717,0.99471,0.00529,1,0.005304,0.990748,0.009252,1,0.009295,0.984642,0.015358,1,0.015477,0.975682,0.024318,1,0.024619,0.963115,0.036885,1,0.037582,0.946209,0.053791,1,0.055292,0.924322,0.075678,1,0.078695,0.896983,0.103017,1,0.108719,0.86395,0.13605,0,1.994736,0.825261,0.174739,0,1.744464,0.781247,0.218753,0,1.519813,0.732526,0.267474,0,1.318732,0.679963,0.320037,0,1.139319,0.624616,0.375384,0,0.979807,0.567659,0.432341,0,0.83854,0.510302,0.489698,0,0.713966,0.453719,0.546281,0,0.604622,0.39898,0.60102,0,0.509127,0.346999,0.653001,0,0.426177,0.298504,0.701496,0,0.35454,0.254017,0.745983,0,0.293053,0.21386,0.78614,0,0.24062,0.178164,0.821836,0,0.196215,0.146898,0.853102,0,0.158877,8e-06,7e-05,0.000322,0.001038,0.002628,0.005564,0.010248,0.016857,0.025238,0.034887,0.04502,0.054711,0.063061,0.069342,0.073099,0.07418,0.072721,0.069081,0.063755,0.057299,0.050249,0.043077,0.036158,0.02976,0.024047,0.0191,0.056557,0.000103,0.00075,0.002868,0.007683,0.016179,0.028503,0.043678,0.059776,0.074464,0.085644,0.091955,0.09298,0.089169,0.081582,0.071556,0.060418,0.049281,0.03895,0.02991,0.022366,0.016319,0.01164,0.00813,0.005567,0.003743,0.002474,0.00429,0.997676,0.002324,0.996638,0.003362,0.99401,0.00599,0.988446,0.011554,0.978197,0.021803,0.961341,0.038659,0.936103,0.063897,0.901216,0.098784,0.856197,0.143803,0.801486,0.198514,0.738425,0.261575,0.669083,0.330917,0.595984,0.404016,0.521804,0.478196,0.449083,0.550917,0.380002,0.619998,0.316247,0.683753,0.258948,0.741052,0.208699,0.791301,0.165622,0.834378,0.129463,0.870537,0.996255,0.003745,0.988572,0.011428,0.972393,0.027607,0.94389,0.05611,0.900212,0.099788,0.840436,0.159564,0.765972,0.234028,0.680328,0.319672,0.588373,0.411627,0.495393,0.504607,0.406224,0.593776,0.324643,0.675357,0.253087,0.746913,0.192669,0.807331,0.143388,0.856612,0.104438,0.895562,0.074528,0.925472,0.052163,0.947837,0.035843,0.964157,0.024203,0.975797,0.016073,0.983927,1,0.002327,1,0.003752,1,0.003368,1,0.011494,1,0.006008,1,0.027995,1,0.011621,1,0.057746,1,0.022044,1,0.105125,1,0.039426,1,0.173834,1,0.06603,1,0.26661,1,0.10401,1,0.38518,0,1.939311,0,0.887638,0,1.616896,0,0.683975,0,1.341034,0,0.521253,0,1.105888,0,0.392514,0,0.906301,0,0.291807,0,0.737735,0,0.214022,0,0.596171,0,0.15477,0,0.478039,0,0.110304,0,0.380159,0,0.077451,0,0.299684,0,0.053573,0,0.234077,0,0.036501,0,0.181069,0,0.024501,0,0.138645,0,0.016204
2461,2025/26,14,Wisła Płock,Pogoń Szczecin,15.0,22.0,37.0,15.3243,11.8365,27.1609,0.052634,1,4317.1177,0.7002,0.6273,0.171,0.4146,0.1551,0.0,0.0,0.0,1e-06,4e-06,1.4e-05,4.2e-05,0.000109,0.000254,0.00054,0.001055,0.001913,0.003248,0.005196,0.007873,0.011353,0.015647,0.020682,0.0263,0.032265,0.03828,0.04402,0.049159,0.05341,0.056545,0.05842,0.05898,0.058259,0.056367,0.053473,0.049787,0.045536,0.040945,0.036225,0.031554,0.027081,0.022913,0.019124,0.015753,0.012815,0.010299,0.008181,0.006426,0.004993,0.00384,0.002923,0.002204,0.001646,0.001218,0.000894,0.00065,0.001585,0.992821,0.007179,1,0.007205,0.987625,0.012375,1,0.012452,0.979752,0.020248,1,0.020456,0.968399,0.031601,1,0.032111,0.952752,0.047248,1,0.0484,0.932071,0.067929,1,0.070347,0.905771,0.094229,1,0.098969,0.873506,0.126494,1,0.13524,0.835226,0.164774,1,0.180053,0.791206,0.208794,1,0.234197,0.742047,0.257953,1,0.298343,0.688637,0.311363,1,0.373041,0.632092,0.367908,1,0.45872,0.573673,0.426327,1,0.555696,0.514692,0.485308,1,0.664186,0.456433,0.543567,1,0.784313,0.400067,0.599933,1,0.916124,0.346594,0.653406,1,1.059602,0.296807,0.703193,1,1.214674,0.251271,0.748729,1,1.381224,0.210326,0.789674,1,1.559099,0.174101,0.825899,1,1.74812,0.142547,0.857453,1,1.948086,0.115466,0.884534,1,2.158781,1.3e-05,0.000112,0.000499,0.00156,0.00383,0.007866,0.014048,0.022399,0.0325,0.043529,0.054414,0.064047,0.071485,0.076104,0.077662,0.07628,0.072368,0.066519,0.059396,0.05164,0.043804,0.03632,0.029482,0.023464,0.018332,0.014078,0.037336,0.000101,0.000736,0.002826,0.007593,0.01603,0.028304,0.043458,0.059575,0.07432,0.085582,0.091981,0.093081,0.089322,0.081759,0.071733,0.060576,0.04941,0.039048,0.029977,0.022407,0.016342,0.01165,0.00813,0.005563,0.003737,0.002467,0.004267,0.998465,0.001535,0.996905,0.003095,0.993075,0.006925,0.985208,0.014792,0.971161,0.028839,0.948762,0.051238,0.916262,0.083738,0.872733,0.127267,0.818318,0.181682,0.754272,0.245728,0.682787,0.317213,0.606682,0.393318,0.52902,0.47098,0.45274,0.54726,0.380372,0.619628,0.313852,0.686148,0.254456,0.745544,0.202817,0.797183,0.159012,0.840988,0.122692,0.877308,0.09321,0.90679,0.996313,0.003687,0.988719,0.011281,0.972689,0.027311,0.944385,0.055615,0.900927,0.099073,0.841352,0.158648,0.767032,0.232968,0.681449,0.318551,0.589468,0.410532,0.496388,0.503612,0.407065,0.592935,0.325306,0.674694,0.253574,0.746426,0.192998,0.807002,0.143588,0.856412,0.104541,0.895459,0.074564,0.925436,0.052156,0.947844,0.035814,0.964186,0.024165,0.975835,0.016034,0.983966,1,0.001536,1,0.003694,1,0.0031,1,0.011345,1,0.006949,1,0.027691,1,0.014902,1,0.057221,1,0.029263,1,0.104331,1,0.052597,1,0.172745,1,0.087453,1,0.265227,1,0.136126,1,0.383534,1,0.200504,1,0.528535,1,0.282002,1,0.700397,1,0.381572,1,0.898782,1,0.499751,1,1.122989,1,0.636729,1,1.3721,0,0.602831,1,1.645075,0,0.478636,1,1.940807,0,0.376662,1,2.258176,0,0.293641,1,2.596097,0,0.226671,1,2.953516,0,0.173178,1,3.329416,0,0.130897,1,3.72285,0,0.097844,0,0.016164
2462,2025/26,14,Bruk-Bet Termalica Nieciecza,GKS Katowice,18.0,11.0,29.0,15.3007,13.8259,29.1266,0.052634,1,4317.1177,0.7002,0.6273,0.171,0.4146,0.1551,0.0,0.0,0.0,0.0,1e-06,5e-06,1.7e-05,4.5e-05,0.000111,0.000246,0.000501,0.000948,0.001678,0.0028,0.004424,0.006652,0.009558,0.01317,0.017457,0.022319,0.027594,0.033062,0.038466,0.043533,0.048003,0.051649,0.054297,0.055841,0.056244,0.055539,0.05382,0.051225,0.047928,0.044115,0.039975,0.035685,0.031402,0.027254,0.023344,0.019742,0.016493,0.013618,0.011117,0.008977,0.007172,0.005673,0.004443,0.003446,0.002649,0.002018,0.001524,0.004216,0.996447,0.003553,1,0.003559,0.993648,0.006352,1,0.006373,0.989224,0.010776,1,0.010835,0.982571,0.017429,1,0.017582,0.973013,0.026987,1,0.027358,0.959842,0.040158,1,0.040986,0.942386,0.057614,1,0.059341,0.920066,0.079934,1,0.08331,0.892472,0.107528,1,0.11376,0.85941,0.14059,1,0.15151,0.820944,0.179056,1,0.1973,0.777411,0.222589,1,0.251786,0.729408,0.270592,1,0.315522,0.677759,0.322241,1,0.388963,0.623462,0.376538,1,0.472467,0.567621,0.432379,1,0.566301,0.511377,0.488623,1,0.670648,0.455838,0.544162,0,0.608508,0.402018,0.597982,0,0.514195,0.350793,0.649207,0,0.432004,0.302865,0.697135,0,0.360776,0.25875,0.74125,0,0.299417,0.218774,0.781226,0,0.246891,0.183089,0.816911,0,0.202225,1.3e-05,0.000113,0.000505,0.001576,0.003868,0.007936,0.01416,0.022558,0.032703,0.043764,0.054662,0.064283,0.071687,0.076255,0.077749,0.0763,0.072326,0.066424,0.05926,0.051478,0.04363,0.036144,0.029315,0.02331,0.018197,0.013962,0.036929,3.1e-05,0.000246,0.001037,0.003059,0.007085,0.013727,0.023126,0.034787,0.047619,0.060169,0.070959,0.078793,0.082966,0.083329,0.080222,0.074335,0.066532,0.057694,0.0486,0.039862,0.0319,0.024953,0.019109,0.014347,0.010575,0.007661,0.01704,0.998475,0.001525,0.996899,0.003101,0.993031,0.006969,0.985095,0.014905,0.970935,0.029065,0.948377,0.051623,0.915674,0.084326,0.87191,0.12809,0.817248,0.182752,0.752965,0.247035,0.681278,0.318722,0.605023,0.394977,0.527274,0.472726,0.450973,0.549027,0.378647,0.621353,0.312224,0.687776,0.252964,0.747036,0.201486,0.798514,0.157857,0.842143,0.121713,0.878287,0.092398,0.907602,0.998449,0.001551,0.99539,0.00461,0.988305,0.011695,0.974578,0.025422,0.951452,0.048548,0.916665,0.083335,0.869046,0.130954,0.808877,0.191123,0.737918,0.262082,0.659126,0.340874,0.576159,0.423841,0.49283,0.50717,0.412608,0.587392,0.338273,0.661727,0.271741,0.728259,0.214047,0.785953,0.165447,0.834553,0.125585,0.874415,0.093685,0.906315,0.068732,0.931268,0.049623,0.950377,1,0.001526,1,0.001552,1,0.003106,1,0.004621,1,0.006993,1,0.011764,1,0.015017,1,0.025751,1,0.029496,1,0.049766,1,0.053003,1,0.087013,1,0.088095,1,0.140359,1,0.137069,1,0.212108,1,0.201813,1,0.303923,1,0.283737,0,1.076242,1,0.383785,0,0.858397,1,0.502489,0,0.678909,1,0.640035,0,0.532063,1,0.796348,0,0.412902,1,0.971151,0,0.317099,1,1.164034,0,0.240858,0,0.291642,0,0.180859,0,0.225003,0,0.1342,0,0.171805,0,0.098368,0,0.129782,0,0.071208,0,0.096949,0,0.050897
2463,2025/26,14,Lechia Gdańsk,Radomiak Radom,14.0,11.0,25.0,13.8986,12.8644,26.763,0.052634,1,4317.1177,0.7002,0.6273,0.171,0.4146,0.1551,0.0,0.0,0.0,1e-06,5e-06,1.6e-05,4.8e-05,0.000126,0.000292,0.000617,0.001198,0.00216,0.003643,0.00579,0.008714,0.012481,0.017082,0.022419,0.028304,0.03447,0.040592,0.046325,0.051335,0.055336,0.058118,0.059559,0.059636,0.058415,0.056038,0.052704,0.048642,0.044094,0.039292,0.034445,0.029727,0.025273,0.02118,0.017507,0.014281,0.011502,0.009151,0.007196,0.005594,0.004302,0.003273,0.002465,0.001839,0.001358,0.000994,0.000721,0.000519,0.001218,0.991894,0.008106,1,0.00814,0.986104,0.013896,1,0.013993,0.97739,0.02261,1,0.022869,0.964909,0.035091,1,0.035721,0.947828,0.052172,1,0.053583,0.925409,0.074591,1,0.07752,0.897104,0.102896,1,0.108583,0.862634,0.137366,1,0.147764,0.822042,0.177958,1,0.195963,0.775718,0.224282,1,0.253967,0.724383,0.275617,1,0.322435,0.669046,0.330954,1,0.401902,0.610929,0.389071,1,0.492775,0.551369,0.448631,0,0.801555,0.491733,0.508267,0,0.676749,0.433318,0.566682,0,0.567957,0.37728,0.62272,0,0.473658,0.324576,0.675424,0,0.392415,0.275934,0.724066,0,0.322873,0.23184,0.76816,0,0.263757,0.192547,0.807453,0,0.213871,0.158102,0.841898,0,0.172097,0.128375,0.871625,0,0.137397,0.103102,0.896898,0,0.108814,3e-05,0.000237,0.001001,0.002959,0.006876,0.013363,0.022581,0.034071,0.04678,0.059288,0.070133,0.078112,0.082499,0.083112,0.080256,0.074592,0.066965,0.058245,0.049213,0.040488,0.032499,0.025499,0.019586,0.01475,0.010905,0.007924,0.017781,5.4e-05,0.000415,0.001677,0.004738,0.010521,0.019539,0.031554,0.045496,0.059695,0.072301,0.08173,0.08699,0.0878,0.084527,0.078001,0.06928,0.059436,0.049403,0.039891,0.031362,0.024057,0.018037,0.01324,0.009529,0.006732,0.004675,0.009233,0.998479,0.001521,0.995519,0.004481,0.988643,0.011357,0.97528,0.02472,0.952698,0.047302,0.918628,0.081372,0.871848,0.128152,0.812559,0.187441,0.742427,0.257573,0.664315,0.335685,0.581815,0.418185,0.498704,0.501296,0.418448,0.581552,0.343856,0.656144,0.276891,0.723109,0.218646,0.781354,0.169433,0.830567,0.128945,0.871055,0.096445,0.903555,0.070947,0.929053,0.05136,0.94864,0.997769,0.002231,0.99303,0.00697,0.982509,0.017491,0.962969,0.037031,0.931416,0.068584,0.885919,0.114081,0.826224,0.173776,0.753924,0.246076,0.672194,0.327806,0.585204,0.414796,0.497404,0.502596,0.412877,0.587123,0.334876,0.665124,0.265596,0.734404,0.20616,0.79384,0.156757,0.843243,0.116866,0.883134,0.085504,0.914496,0.061447,0.938553,0.043409,0.956591,0.030169,0.969831,1,0.001522,1,0.002233,1,0.004491,1,0.006994,1,0.011422,1,0.017646,1,0.025031,1,0.037734,1,0.048457,1,0.071049,1,0.084874,1,0.12113,1,0.13714,1,0.190889,1,0.207567,1,0.282464,1,0.297831,1,0.397208,1,0.408999,0,0.879968,1,0.541603,0,0.687969,1,0.695743,0,0.532521,0,0.542055,0,0.407782,0,0.421375,0,0.308696,0,0.324195,0,0.230873,0,0.246727,0,0.1705,0,0.185647,0,0.124278,0,0.13805,0,0.089382,0,0.101418,0,0.063416,0,0.073589,0,0.044379,0,0.052726,0,0.030633
2464,2025/26,14,Górnik Zabrze,Arka Gdynia,29.0,8.0,37.0,16.554,11.4754,28.0294,0.052634,1,4317.1177,0.7002,0.6273,0.171,0.4146,0.1551,0.0,0.0,0.0,1e-06,3e-06,1e-05,2.9e-05,7.7e-05,0.000183,0.000395,0.000784,0.001444,0.00249,0.004047,0.006231,0.009131,0.012791,0.017186,0.022219,0.027716,0.033441,0.039112,0.044431,0.04911,0.052902,0.05562,0.057151,0.057463,0.0566,0.05467,0.051834,0.048282,0.044222,0.039855,0.035371,0.030933,0.026672,0.02269,0.019053,0.015801,0.012949,0.010489,0.008403,0.006661,0.005225,0.004059,0.003122,0.00238,0.001798,0.001347,0.001,0.002616,0.994585,0.005415,1,0.00543,0.990538,0.009462,1,0.009507,0.984307,0.015693,1,0.015817,0.975176,0.024824,1,0.025138,0.962385,0.037615,1,0.038341,0.945199,0.054801,1,0.05636,0.92298,0.07702,1,0.080148,0.895263,0.104737,1,0.110637,0.861822,0.138178,1,0.148706,0.822711,0.177289,1,0.195151,0.77828,0.22172,1,0.250669,0.72917,0.27083,1,0.315848,0.676268,0.323732,1,0.391166,0.620648,0.379352,1,0.476991,0.563497,0.436503,1,0.573594,0.506033,0.493967,1,0.681153,0.449433,0.550567,1,0.799768,0.394763,0.605237,1,0.929469,0.34293,0.65707,1,1.07023,0.294647,0.705353,1,1.221976,0.250426,0.749574,1,1.384592,0.210571,0.789429,1,1.557934,0.175199,0.824801,1,1.741831,0.144267,0.855733,1,1.936093,7e-06,6e-05,0.000278,0.000907,0.002321,0.004972,0.009259,0.015397,0.023298,0.032543,0.042425,0.052076,0.060617,0.067301,0.071624,0.073366,0.072589,0.069583,0.064796,0.05875,0.051973,0.044941,0.038045,0.031577,0.025729,0.020605,0.062669,0.000126,0.000903,0.003402,0.008966,0.018569,0.032163,0.048443,0.065145,0.079723,0.090058,0.094951,0.094259,0.088732,0.079674,0.068574,0.056807,0.045455,0.035238,0.026538,0.01946,0.013922,0.009736,0.006666,0.004474,0.002948,0.00191,0.003146,0.997361,0.002639,0.996455,0.003545,0.994133,0.005867,0.989162,0.010838,0.979902,0.020098,0.964506,0.035494,0.941208,0.058792,0.908665,0.091335,0.86624,0.13376,0.814163,0.185837,0.753547,0.246453,0.686245,0.313755,0.614621,0.385379,0.541255,0.458745,0.468666,0.531334,0.399083,0.600917,0.334288,0.665712,0.275537,0.724463,0.223564,0.776436,0.178624,0.821376,0.140579,0.859421,0.995554,0.004446,0.986588,0.013412,0.968019,0.031981,0.935857,0.064143,0.887414,0.112586,0.822269,0.177731,0.742545,0.257455,0.652488,0.347512,0.557537,0.442463,0.463278,0.536722,0.374547,0.625453,0.294873,0.705127,0.226299,0.773701,0.169493,0.830507,0.124038,0.875962,0.0888,0.9112,0.062262,0.937738,0.042802,0.957198,0.02888,0.97112,0.019144,0.980856,0.012478,0.987522,1,0.002642,1,0.004456,1,0.003551,1,0.013503,1,0.005884,1,0.032504,1,0.010897,1,0.066293,1,0.020303,1,0.119444,1,0.036139,1,0.195688,1,0.060591,0,1.35691,1,0.095779,0,1.056956,1,0.143593,0,0.815398,1,0.205595,0,0.622275,1,0.282964,0,0.469279,1,0.376521,0,0.349377,1,0.486749,0,0.25657,1,0.613865,0,0.185719,1,0.757865,0,0.132433,1,0.918586,0,0.092993,1,1.095752,0,0.064285,1,1.289033,0,0.043745,1,1.498058,0,0.029305,1,1.722472,0,0.01933,1,1.961986,0,0.012557
2465,2025/26,14,Cracovia,Zagłębie Lubin,14.0,8.0,22.0,14.9019,11.6999,26.6018,0.052634,1,4317.1177,0.7002,0.6273,0.171,0.4146,0.1551,0.0,0.0,0.0,1e-06,5e-06,1.8e-05,5.3e-05,0.000138,0.000318,0.000669,0.001291,0.002314,0.003883,0.006138,0.00919,0.013097,0.017836,0.023296,0.029272,0.035484,0.041599,0.047266,0.052155,0.055987,0.058564,0.059782,0.059631,0.058195,0.055628,0.052137,0.047958,0.043333,0.038494,0.033644,0.028951,0.024546,0.020516,0.016915,0.013764,0.01106,0.00878,0.006889,0.005345,0.004103,0.003116,0.002343,0.001745,0.001287,0.000941,0.000682,0.00049,0.001147,0.991308,0.008692,1,0.00873,0.98517,0.01483,1,0.014941,0.97598,0.02402,1,0.024313,0.962883,0.037117,1,0.037823,0.945047,0.054953,1,0.05652,0.921752,0.078248,1,0.08148,0.892479,0.107521,1,0.113752,0.856995,0.143005,1,0.154323,0.815396,0.184604,1,0.204082,0.76813,0.23187,1,0.263797,0.715975,0.284025,0,1.258692,0.659987,0.340013,0,1.078773,0.601423,0.398577,0,0.919854,0.541641,0.458359,0,0.780103,0.48201,0.51799,0,0.657799,0.423815,0.576185,0,0.551326,0.368187,0.631813,0,0.459162,0.316051,0.683949,0,0.379872,0.268093,0.731907,0,0.312102,0.22476,0.77524,0,0.254583,0.186266,0.813734,0,0.206122,0.152622,0.847378,0,0.165609,0.123671,0.876329,0,0.132014,0.099125,0.900875,0,0.104389,1.7e-05,0.000139,0.000612,0.001884,0.004554,0.009207,0.016189,0.025414,0.036305,0.047874,0.058922,0.06828,0.075033,0.078648,0.079018,0.076413,0.071374,0.064592,0.056784,0.048607,0.040595,0.033138,0.026484,0.020752,0.015963,0.012069,0.030492,0.00011,0.000795,0.003031,0.008086,0.016948,0.029711,0.045292,0.061647,0.076355,0.087297,0.093154,0.093595,0.089174,0.08104,0.070594,0.059188,0.047934,0.03761,0.028667,0.021276,0.015406,0.010904,0.007555,0.005133,0.003423,0.002244,0.003811,0.998592,0.001408,0.996708,0.003292,0.992155,0.007845,0.982947,0.017053,0.966758,0.033242,0.941345,0.058655,0.90504,0.09496,0.857165,0.142835,0.798244,0.201756,0.729963,0.270037,0.65493,0.34507,0.576282,0.423718,0.497264,0.502736,0.420851,0.579149,0.349477,0.650523,0.284885,0.715115,0.2281,0.7719,0.179494,0.820506,0.138899,0.861101,0.105761,0.894239,0.079277,0.920723,0.996044,0.003956,0.987958,0.012042,0.97101,0.02899,0.941298,0.058702,0.896006,0.103994,0.83436,0.16564,0.758005,0.241995,0.670708,0.329292,0.577554,0.422446,0.483959,0.516041,0.394785,0.605215,0.313745,0.686255,0.243151,0.756849,0.183963,0.816037,0.136029,0.863971,0.098419,0.901581,0.069751,0.930249,0.048476,0.951524,0.03307,0.96693,0.022166,0.977834,0.014611,0.985389,1,0.001409,1,0.003964,1,0.003297,1,0.012115,1,0.007876,1,0.029419,1,0.0172,1,0.060496,1,0.033807,1,0.109808,1,0.060446,1,0.18109,1,0.099776,0,1.418838,1,0.154125,0,1.11081,1,0.225341,0,0.861694,1,0.314761,0,0.661569,1,0.423227,0,0.502172,1,0.551158,0,0.376506,0,0.68769,0,0.278592,0,0.546195,0,0.203296,0,0.429979,0,0.146216,0,0.335312,0,0.103605,0,0.2589,0,0.072303,0,0.197834,0,0.04969,0,0.149543,0,0.033629,0,0.111782,0,0.022415,0,0.082596,0,0.014719
2466,2025/26,14,Lech Poznań,Motor Lublin,18.0,8.0,26.0,16.6256,13.0573,29.6829,0.052634,1,4317.1177,0.7002,0.6273,0.171,0.4146,0.1551,0.0,0.0,0.0,0.0,1e-06,4e-06,1.3e-05,3.7e-05,9e-05,0.000202,0.000415,0.000792,0.001415,0.002381,0.003797,0.005761,0.008354,0.011618,0.015544,0.020062,0.025042,0.030295,0.035592,0.040679,0.045304,0.049237,0.052289,0.054328,0.055288,0.055167,0.054024,0.051969,0.049147,0.045728,0.041891,0.037809,0.033641,0.029526,0.025577,0.021878,0.018488,0.015442,0.012754,0.01042,0.008425,0.006743,0.005345,0.004197,0.003266,0.002519,0.001926,0.005576,0.997031,0.002969,1,0.002974,0.99465,0.00535,1,0.005365,0.990853,0.009147,1,0.009189,0.985092,0.014908,1,0.01502,0.976738,0.023262,1,0.023537,0.965121,0.034879,1,0.035502,0.949577,0.050423,1,0.051739,0.929515,0.070485,1,0.073093,0.904473,0.095527,1,0.100403,0.874177,0.125823,1,0.134472,0.838585,0.161415,1,0.176039,0.797906,0.202094,1,0.225764,0.752602,0.247398,1,0.284219,0.703365,0.296635,1,0.351879,0.651076,0.348924,0,1.052902,0.596748,0.403252,0,0.908194,0.54146,0.45854,0,0.779707,0.486292,0.513708,0,0.666101,0.432268,0.567732,0,0.566106,0.380299,0.619701,0,0.478518,0.331152,0.668848,0,0.402199,0.285424,0.714576,0,0.336066,0.243533,0.756467,0,0.279096,0.205724,0.794276,0,0.230324,6e-06,5.8e-05,0.000269,0.000879,0.002255,0.004841,0.009036,0.01506,0.022842,0.031979,0.041786,0.05141,0.059979,0.066747,0.071198,0.073098,0.07249,0.069649,0.065007,0.059077,0.052383,0.0454,0.038522,0.032046,0.026172,0.021008,0.064395,4.8e-05,0.000374,0.001522,0.004339,0.009719,0.018211,0.029669,0.043159,0.057132,0.069811,0.079617,0.085494,0.087057,0.084556,0.078722,0.070541,0.061056,0.051201,0.041709,0.033083,0.025603,0.019367,0.014343,0.010414,0.007423,0.0052,0.010523,0.997256,0.002744,0.996378,0.003622,0.994123,0.005877,0.989282,0.010718,0.980246,0.019754,0.965186,0.034814,0.942344,0.057656,0.910366,0.089634,0.86858,0.13142,0.81717,0.18283,0.757191,0.242809,0.690444,0.309556,0.619246,0.380754,0.546148,0.453852,0.473658,0.526342,0.404009,0.595991,0.339003,0.660997,0.279925,0.720075,0.227542,0.772458,0.182142,0.817858,0.143621,0.856379,0.997951,0.002049,0.993612,0.006388,0.983893,0.016107,0.965682,0.034318,0.936013,0.063987,0.892854,0.107146,0.835722,0.164278,0.765911,0.234089,0.686294,0.313706,0.6008,0.3992,0.513743,0.486257,0.429187,0.570813,0.350465,0.649535,0.279924,0.720076,0.218867,0.781133,0.167666,0.832334,0.125957,0.874043,0.092874,0.907126,0.06727,0.93273,0.047903,0.952097,0.03356,0.96644,1,0.002748,1,0.002051,1,0.003629,1,0.006408,1,0.005894,1,0.016238,1,0.010776,1,0.034921,1,0.019952,1,0.066126,1,0.035434,1,0.113332,1,0.059385,0,1.806195,1,0.093909,0,1.452054,1,0.140896,0,1.159299,1,0.201908,0,0.918293,1,0.27814,0,0.721018,1,0.37042,0,0.560694,1,0.479253,0,0.431499,1,0.604865,0,0.328399,1,0.74727,0,0.24701,1,0.906318,0,0.183521,0,0.414006,0,0.134626,0,0.3284,0,0.097474,0,0.258178,0,0.06964,0,0.201067,0,0.049088,0,0.155042,0,0.034136
2467,2025/26,14,Jagiellonia Białystok,Raków Częstochowa,26.0,10.0,36.0,12.0884,13.063,25.1514,0.052634,1,4317.1177,0.7002,0.6273,0.171,0.4146,0.1551,0.0,0.0,0.0,3e-06,1.1e-05,3.5e-05,0.000101,0.000253,0.000566,0.001153,0.002157,0.003748,0.006094,0.009333,0.013539,0.018689,0.024652,0.031183,0.037943,0.044535,0.050545,0.055594,0.059376,0.061686,0.062441,0.061672,0.059515,0.056186,0.051948,0.047087,0.041885,0.036594,0.031428,0.026554,0.022086,0.018098,0.014618,0.011645,0.009155,0.007107,0.00545,0.00413,0.003095,0.002294,0.001682,0.001221,0.000878,0.000625,0.000441,0.000308,0.000214,0.000448,0.985878,0.014122,1,0.014222,0.976545,0.023455,1,0.023734,0.963006,0.036994,1,0.037695,0.944317,0.055683,1,0.057293,0.919665,0.080335,1,0.083746,0.888482,0.111518,1,0.118241,0.850539,0.149461,1,0.161885,0.806004,0.193996,1,0.215667,0.755459,0.244541,1,0.28043,0.699865,0.300135,1,0.356868,0.640489,0.359511,1,0.445523,0.578803,0.421197,1,0.546793,0.516362,0.483638,1,0.660947,0.45469,0.54531,1,0.788139,0.395175,0.604825,1,0.928426,0.338989,0.661011,1,1.081786,0.287042,0.712958,1,1.248128,0.239954,0.760046,1,1.427307,0.198069,0.801931,1,1.619138,0.161475,0.838525,1,1.823403,0.130047,0.869953,1,2.03986,0.103493,0.896507,1,2.268248,0.081407,0.918593,1,2.508295,0.063309,0.936691,1,2.759723,8.6e-05,0.000639,0.002485,0.006763,0.014463,0.025869,0.040236,0.055875,0.070611,0.082368,0.089678,0.091931,0.089366,0.082863,0.073647,0.063001,0.052057,0.041674,0.032409,0.024541,0.018131,0.013093,0.009257,0.006416,0.004366,0.00292,0.00522,4.8e-05,0.000372,0.001517,0.004327,0.009697,0.018173,0.029615,0.043091,0.057057,0.069738,0.079554,0.085449,0.087033,0.084555,0.078741,0.070577,0.061103,0.051253,0.041763,0.033134,0.025649,0.019407,0.014376,0.010441,0.007444,0.005217,0.010563,0.996756,0.003244,0.989994,0.010006,0.975531,0.024469,0.949661,0.050339,0.909426,0.090574,0.85355,0.14645,0.78294,0.21706,0.700571,0.299429,0.610893,0.389107,0.518962,0.481038,0.429595,0.570405,0.346732,0.653268,0.273085,0.726915,0.210084,0.789916,0.158027,0.841973,0.116353,0.883647,0.083943,0.916057,0.059402,0.940598,0.041272,0.958728,0.028179,0.971821,0.018922,0.981078,0.997956,0.002044,0.993628,0.006372,0.983932,0.016068,0.965759,0.034241,0.936144,0.063856,0.893053,0.106947,0.835995,0.164005,0.766258,0.233742,0.686704,0.313296,0.601255,0.398745,0.514222,0.485778,0.429667,0.570333,0.350926,0.649074,0.280349,0.719651,0.219247,0.780753,0.167994,0.832006,0.126231,0.873769,0.093097,0.906903,0.067447,0.932553,0.04804,0.95196,0.033664,0.966336,1,0.003249,1,0.002046,1,0.010056,1,0.006392,1,0.024773,1,0.016198,1,0.05165,1,0.034841,1,0.094942,1,0.065986,1,0.158351,1,0.113109,1,0.244699,1,0.179133,1,0.35586,1,0.266236,1,0.492833,0,1.160607,1,0.655925,0,0.919433,1,0.844912,0,0.722004,1,1.059203,0,0.561535,1,1.297972,0,0.432209,1,1.560248,0,0.328989,1,1.844989,0,0.247496,1,2.151127,0,0.183916,1,2.477617,0,0.134939,1,2.823427,0,0.09772,1,3.187571,0,0.069829,1,3.569178,0,0.049232,1,3.96743,0,0.034244
2468,2025/26,14,Piast Gliwice,Korona Kielce,10.0,20.0,30.0,14.915,13.0462,27.9612,0.052634,1,4317.1177,0.7002,0.6273,0.171,0.4146,0.1551,0.0,0.0,0.0,1e-06,3e-06,9e-06,2.8e-05,7.5e-05,0.000179,0.000388,0.000773,0.001429,0.002472,0.004028,0.006217,0.009131,0.012814,0.017246,0.022328,0.027885,0.033677,0.039415,0.044795,0.049523,0.053345,0.056071,0.057585,0.057856,0.05693,0.054922,0.051996,0.048351,0.044199,0.039748,0.035191,0.030694,0.026391,0.02238,0.018731,0.015478,0.012635,0.010194,0.008132,0.006417,0.00501,0.003872,0.002964,0.002247,0.001688,0.001257,0.000928,0.002371,0.994641,0.005359,1,0.005373,0.990613,0.009387,1,0.009432,0.984396,0.015604,1,0.015727,0.975265,0.024735,1,0.025046,0.962451,0.037549,1,0.038272,0.945205,0.054795,1,0.056353,0.922877,0.077123,1,0.08026,0.894991,0.105009,1,0.110941,0.861315,0.138685,1,0.149295,0.8219,0.1781,1,0.196136,0.777106,0.222894,1,0.252179,0.727583,0.272417,1,0.318027,0.674238,0.325762,1,0.394173,0.618167,0.381833,1,0.480997,0.560582,0.439418,1,0.57878,0.502726,0.497274,1,0.68771,0.445796,0.554204,1,0.807894,0.390874,0.609126,1,0.939369,0.338878,0.661122,0,0.413817,0.290527,0.709473,0,0.343233,0.246328,0.753672,0,0.282798,0.20658,0.79342,0,0.231403,0.171389,0.828611,0,0.188004,0.140695,0.859305,0,0.151631,1.7e-05,0.000138,0.000608,0.001873,0.004529,0.009163,0.016118,0.025315,0.036182,0.047735,0.058779,0.068149,0.074926,0.078574,0.078983,0.076416,0.071413,0.064659,0.056871,0.048705,0.040696,0.033238,0.026577,0.020835,0.016035,0.012129,0.030691,4.9e-05,0.000376,0.00153,0.004361,0.009764,0.018285,0.029775,0.043291,0.057277,0.069954,0.07974,0.085583,0.087103,0.084559,0.078684,0.070472,0.060966,0.051099,0.041606,0.032984,0.025514,0.01929,0.014278,0.010362,0.007382,0.005169,0.010445,0.99859,0.00141,0.996717,0.003283,0.992188,0.007812,0.983025,0.016975,0.966907,0.033093,0.941592,0.058408,0.90541,0.09459,0.857675,0.142325,0.798896,0.201104,0.730747,0.269253,0.655821,0.344179,0.577247,0.422753,0.498264,0.501736,0.421848,0.578152,0.350435,0.649565,0.285776,0.714224,0.228905,0.771095,0.180201,0.819799,0.139504,0.860496,0.106266,0.893734,0.07969,0.92031,0.997941,0.002059,0.99358,0.00642,0.983816,0.016184,0.965532,0.034468,0.935757,0.064243,0.892466,0.107534,0.835188,0.164812,0.765235,0.234765,0.685495,0.314505,0.599913,0.400087,0.51281,0.48719,0.428251,0.571749,0.349567,0.650433,0.279095,0.720905,0.218129,0.781871,0.16703,0.83297,0.125424,0.874576,0.09244,0.90756,0.066926,0.933074,0.047637,0.952363,0.033359,0.966641,1,0.001411,1,0.002061,1,0.003288,1,0.006441,1,0.007843,1,0.016316,1,0.017121,1,0.035076,1,0.033653,1,0.066399,1,0.060183,1,0.113767,1,0.099367,1,0.180098,1,0.15353,1,0.267572,0,1.603933,1,0.377614,0,1.312104,1,0.510971,0,1.066593,1,0.66785,0,0.860967,1,0.848046,0,0.689681,1,1.05106,0,0.547918,1,1.276203,0,0.431452,1,1.522669,0,0.336559,1,1.789582,0,0.259944,1,2.076055,0,0.198696,1,2.381195,0,0.150246,0,0.069271,0,0.112347,0,0.048809,0,0.083045,0,0.033928
2469,2025/26,14,Widzew Łódź,Legia Warszawa,10.0,20.0,30.0,13.8989,12.8311,26.73,0.052634,1,4317.1177,0.7002,0.6273,0.171,0.4146,0.1551,0.0,0.0,0.0,1e-06,5e-06,1.7e-05,4.9e-05,0.000128,0.000296,0.000625,0.001213,0.002185,0.003683,0.005848,0.008795,0.012588,0.017216,0.022578,0.028485,0.034664,0.040791,0.046518,0.051511,0.055486,0.058233,0.059633,0.059667,0.058403,0.055986,0.052617,0.048527,0.043958,0.039143,0.034289,0.029571,0.025123,0.021039,0.017378,0.014166,0.011401,0.009065,0.007122,0.005533,0.004252,0.003233,0.002433,0.001814,0.001339,0.000979,0.00071,0.00051,0.001195,0.991799,0.008201,1,0.008234,0.985952,0.014048,1,0.014148,0.977157,0.022843,1,0.023108,0.964569,0.035431,1,0.036074,0.947353,0.052647,1,0.054084,0.924775,0.075225,1,0.078205,0.89629,0.10371,1,0.109491,0.861626,0.138374,1,0.148934,0.820835,0.179165,1,0.197433,0.774318,0.225682,1,0.255773,0.722807,0.277193,1,0.324613,0.667321,0.332679,1,0.404484,0.609088,0.390912,1,0.495792,0.549455,0.450545,1,0.598829,0.489788,0.510212,1,0.713783,0.431385,0.568615,1,0.840755,0.375398,0.624602,1,0.979767,0.322782,0.677218,1,1.130779,0.274255,0.725745,0,0.320556,0.230297,0.769703,0,0.26175,0.191154,0.808846,0,0.212146,0.156864,0.843136,0,0.170627,0.127293,0.872707,0,0.136155,0.10217,0.89783,0,0.107775,3e-05,0.000237,0.001001,0.002959,0.006875,0.013361,0.022579,0.034068,0.046776,0.059285,0.070129,0.078109,0.082497,0.083111,0.080256,0.074593,0.066966,0.058247,0.049216,0.040491,0.032502,0.025501,0.019588,0.014752,0.010907,0.007925,0.017784,5.5e-05,0.000423,0.001705,0.004811,0.010666,0.019778,0.03189,0.045909,0.060144,0.072732,0.082091,0.087239,0.087915,0.084507,0.077862,0.06905,0.059147,0.049087,0.039574,0.031065,0.023792,0.017811,0.013054,0.00938,0.006617,0.004588,0.009023,0.998479,0.001521,0.99552,0.00448,0.988644,0.011356,0.975283,0.024717,0.952704,0.047296,0.918636,0.081364,0.871859,0.128141,0.812574,0.187426,0.742445,0.257555,0.664336,0.335664,0.581839,0.418161,0.498728,0.501272,0.418472,0.581528,0.343879,0.656121,0.276913,0.723087,0.218665,0.781335,0.169449,0.830551,0.128959,0.871041,0.096457,0.903543,0.070956,0.929044,0.051368,0.948632,0.997735,0.002265,0.992924,0.007076,0.982257,0.017743,0.962479,0.037521,0.93059,0.06941,0.88468,0.11532,0.824536,0.175464,0.751804,0.248196,0.669713,0.330287,0.582474,0.417526,0.494559,0.505441,0.410052,0.589948,0.33219,0.66781,0.26314,0.73686,0.203993,0.796007,0.154906,0.845094,0.115332,0.884668,0.084267,0.915733,0.060474,0.939526,0.042663,0.957337,0.029609,0.970391,1,0.001522,1,0.002268,1,0.00449,1,0.007101,1,0.011421,1,0.017902,1,0.025028,1,0.038243,1,0.048451,1,0.071936,1,0.084865,1,0.122529,1,0.137128,1,0.192934,1,0.207548,1,0.28528,0,1.356522,1,0.400906,0,1.091645,1,0.540471,0,0.871889,1,0.704089,0,0.690606,1,0.891471,0,0.542096,1,1.102048,0,0.42141,1,1.335069,0,0.324226,1,1.58967,0,0.246751,1,1.864937,0,0.185666,1,2.15994,0,0.138066,1,2.473765,0,0.101432,0,0.06238,0,0.073599,0,0.0436,0,0.052734,0,0.030056
2470,2025/26,15,Arka Gdynia,Lech Poznań,19.0,13.0,32.0,12.6255,14.8621,27.4876,0.053227,1,4374.617,0.6984,0.6229,0.1742,0.4049,0.1631,0.0,0.0,0.0,1e-06,3e-06,1.2e-05,3.6e-05,9.5e-05,0.000224,0.000478,0.00094,0.001715,0.002931,0.004717,0.007193,0.010441,0.014483,0.01927,0.024667,0.030465,0.036389,0.042129,0.04737,0.051819,0.055239,0.057466,0.05842,0.058108,0.056613,0.054082,0.050707,0.046703,0.04229,0.037677,0.03305,0.028564,0.024337,0.020455,0.016968,0.013899,0.011248,0.008998,0.007117,0.005568,0.004312,0.003305,0.002509,0.001887,0.001406,0.001039,0.000761,0.001895,0.993564,0.006436,1,0.006456,0.988847,0.011153,1,0.011216,0.981654,0.018346,1,0.018517,0.971213,0.028787,1,0.029209,0.95673,0.04327,1,0.044234,0.937461,0.062539,1,0.06458,0.912793,0.087207,1,0.091246,0.882329,0.117671,1,0.125191,0.84594,0.15406,1,0.167307,0.803811,0.196189,1,0.218392,0.756441,0.243559,1,0.279131,0.704622,0.295378,1,0.350093,0.649384,0.350616,1,0.431732,0.591918,0.408082,1,0.524387,0.533498,0.466502,1,0.6283,0.47539,0.52461,1,0.74362,0.418777,0.581223,1,0.870417,0.364694,0.635306,1,1.008695,0.313987,0.686013,1,1.158404,0.267284,0.732716,1,1.319444,0.224994,0.775006,0,0.254885,0.187317,0.812683,0,0.207415,0.154268,0.845732,0,0.167552,0.125704,0.874296,0,0.134336,6.4e-05,0.000483,0.00192,0.005348,0.011708,0.021446,0.034173,0.048636,0.063012,0.075379,0.084186,0.08855,0.088345,0.084091,0.076739,0.067418,0.05722,0.047061,0.037606,0.029265,0.022223,0.016497,0.011992,0.008547,0.005981,0.004114,0.007927,1.8e-05,0.000146,0.000637,0.001949,0.00469,0.00944,0.01653,0.025852,0.036806,0.048385,0.059382,0.068639,0.075253,0.078714,0.078937,0.076208,0.071078,0.064241,0.056412,0.048241,0.040256,0.03284,0.026232,0.020546,0.0158,0.011944,0.030188,0.997466,0.002534,0.992118,0.007882,0.980409,0.019591,0.958963,0.041037,0.92479,0.07521,0.876153,0.123847,0.813142,0.186858,0.737763,0.262237,0.653577,0.346423,0.565027,0.434973,0.476683,0.523317,0.392591,0.607409,0.315852,0.684148,0.248434,0.751566,0.191214,0.808786,0.144153,0.855847,0.106547,0.893453,0.077282,0.922718,0.055059,0.944941,0.038561,0.961439,0.02657,0.97343,0.998562,0.001438,0.996613,0.003387,0.991923,0.008077,0.982483,0.017517,0.965954,0.034046,0.940102,0.059898,0.903296,0.096704,0.854911,0.145089,0.795529,0.204471,0.72689,0.27311,0.651637,0.348363,0.572923,0.427077,0.493986,0.506014,0.417778,0.582222,0.3467,0.6533,0.28246,0.71754,0.226048,0.773952,0.177807,0.822193,0.137551,0.862449,0.104711,0.895289,0.078479,0.921521,1,0.002537,1,0.001439,1,0.007913,1,0.003393,1,0.019785,1,0.00811,1,0.041903,1,0.017672,1,0.078189,1,0.034639,1,0.132215,1,0.061767,1,0.20685,1,0.101705,1,0.304133,1,0.156758,1,0.425295,1,0.228748,1,0.570882,1,0.31898,1,0.740904,1,0.428268,1,0.934987,0,0.850791,1,1.152482,0,0.681191,1,1.392578,0,0.540903,1,1.654362,0,0.425719,1,1.93688,0,0.331927,1,2.239169,0,0.256245,0,0.080432,0,0.19578,0,0.056633,0,0.147979,0,0.039324,0,0.110609,0,0.026929,0,0.08173
2471,2025/26,15,Legia Warszawa,Bruk-Bet Termalica Nieciecza,23.0,13.0,36.0,16.4524,10.9231,27.3755,0.053227,1,4374.617,0.6984,0.6229,0.1742,0.4049,0.1631,0.0,0.0,0.0,1e-06,4e-06,1.4e-05,4.1e-05,0.000106,0.000248,0.000525,0.001023,0.001853,0.003142,0.005022,0.007606,0.010967,0.015119,0.019997,0.025455,0.031271,0.037164,0.042824,0.047937,0.052223,0.055457,0.057489,0.058254,0.057771,0.056135,0.053499,0.050056,0.046021,0.04161,0.037026,0.032449,0.028027,0.023871,0.020062,0.016646,0.013642,0.011049,0.008848,0.007008,0.005492,0.004261,0.003273,0.002491,0.001878,0.001404,0.00104,0.000765,0.001934,0.993043,0.006957,1,0.006981,0.988021,0.011979,1,0.012051,0.980416,0.019584,1,0.019779,0.969448,0.030552,1,0.031028,0.954329,0.045671,1,0.046747,0.934332,0.065668,1,0.067924,0.908877,0.091123,1,0.095546,0.877606,0.122394,1,0.130558,0.840442,0.159558,1,0.173828,0.797618,0.202382,1,0.226126,0.74968,0.25032,1,0.288108,0.697457,0.302543,1,0.360315,0.642,0.358,1,0.443167,0.584511,0.415489,1,0.536979,0.526258,0.473742,1,0.641964,0.468487,0.531513,1,0.758248,0.412351,0.587649,1,0.88588,0.358852,0.641148,1,1.024845,0.308796,0.691204,1,1.175075,0.262775,0.737225,1,1.336458,0.221165,0.778835,1,1.508846,0.184139,0.815861,1,1.692064,0.15169,0.84831,1,1.885917,0.123663,0.876337,1,2.090192,7e-06,6.5e-05,0.000299,0.000967,0.002459,0.005232,0.009684,0.01601,0.024093,0.033479,0.043433,0.053067,0.0615,0.067999,0.072081,0.073559,0.072521,0.069284,0.064311,0.058134,0.051279,0.044219,0.037336,0.030912,0.025128,0.020078,0.060673,0.000182,0.001258,0.004577,0.01166,0.02335,0.039124,0.057027,0.074242,0.087984,0.096278,0.098358,0.094636,0.086366,0.075199,0.062773,0.050446,0.039165,0.029465,0.021538,0.015331,0.01065,0.007232,0.004808,0.003135,0.002007,0.001263,0.00194,0.997438,0.002562,0.996471,0.003529,0.994013,0.005987,0.988781,0.011219,0.979097,0.020903,0.963087,0.036913,0.938994,0.061006,0.905515,0.094485,0.862081,0.137919,0.809014,0.190986,0.747514,0.252486,0.679515,0.320485,0.607434,0.392566,0.533875,0.466125,0.461354,0.538646,0.39207,0.60793,0.327758,0.672242,0.269624,0.730376,0.218345,0.781655,0.174126,0.825874,0.13679,0.86321,0.993975,0.006025,0.982315,0.017685,0.958965,0.041035,0.919841,0.080159,0.862814,0.137186,0.788572,0.211428,0.700588,0.299412,0.60431,0.39569,0.505952,0.494048,0.411316,0.588684,0.32495,0.67505,0.249751,0.750249,0.186978,0.813022,0.136533,0.863467,0.097368,0.902632,0.067903,0.932097,0.046366,0.953634,0.031034,0.968966,0.020385,0.979615,0.013153,0.986847,0.008345,0.991655,1,0.002565,1,0.006043,1,0.003535,1,0.017843,1,0.006005,1,0.041901,1,0.011282,1,0.083554,1,0.021125,1,0.147556,1,0.037612,1,0.237532,1,0.062946,1,0.355835,1,0.099251,1,0.503668,1,0.148406,1,0.681313,1,0.211939,1,0.888394,1,0.291002,1,1.124084,1,0.386376,0,0.28735,1,0.498512,0,0.206997,1,0.627594,0,0.1468,1,0.77359,0,0.10244,1,0.936315,0,0.070318,1,1.11548,0,0.047475,1,1.310727,0,0.031526,1,1.521679,0,0.020596,1,1.747976,0,0.01324,1,1.989308,0,0.00838
2472,2025/26,15,Lechia Gdańsk,Widzew Łódź,14.0,9.0,23.0,14.0285,12.6457,26.6742,0.053227,1,4374.617,0.6984,0.6229,0.1742,0.4049,0.1631,0.0,0.0,0.0,1e-06,5e-06,1.8e-05,5.2e-05,0.000134,0.00031,0.000652,0.001259,0.00226,0.003797,0.00601,0.009011,0.012858,0.017536,0.022938,0.028866,0.035046,0.041151,0.046831,0.051759,0.055653,0.058311,0.059621,0.05957,0.058232,0.055755,0.052343,0.048227,0.043648,0.038836,0.033998,0.029302,0.024882,0.020829,0.0172,0.014017,0.01128,0.008967,0.007046,0.005475,0.004208,0.0032,0.002409,0.001796,0.001327,0.000971,0.000704,0.000507,0.00119,0.991511,0.008489,1,0.008525,0.985501,0.014499,1,0.014605,0.97649,0.02351,1,0.02379,0.963632,0.036368,1,0.037046,0.946096,0.053904,1,0.055411,0.923158,0.076842,1,0.079955,0.894292,0.105708,1,0.111723,0.859245,0.140755,1,0.151701,0.818095,0.181905,1,0.200777,0.771263,0.228737,1,0.259726,0.719504,0.280496,1,0.329193,0.663852,0.336148,0,1.090202,0.605541,0.394459,0,0.93024,0.545919,0.454081,0,0.789481,0.486349,0.513651,0,0.666212,0.428118,0.571882,0,0.558822,0.372362,0.627638,0,0.465792,0.32002,0.67998,0,0.385691,0.271793,0.728207,0,0.31717,0.228145,0.771855,0,0.258959,0.189309,0.810691,0,0.209868,0.155311,0.844689,0,0.168787,0.126009,0.873991,0,0.134685,0.101127,0.898873,0,0.106613,2.8e-05,0.000226,0.000956,0.002832,0.006594,0.012846,0.021772,0.032957,0.045415,0.057784,0.068641,0.076793,0.081489,0.082501,0.080078,0.074826,0.067549,0.05909,0.050223,0.041569,0.033575,0.02651,0.020496,0.015538,0.011565,0.008462,0.019386,6.3e-05,0.000478,0.001901,0.005299,0.011612,0.02129,0.033957,0.048375,0.062733,0.075117,0.083974,0.088412,0.088291,0.08412,0.076839,0.06757,0.057405,0.047258,0.0378,0.029443,0.02238,0.01663,0.012099,0.008632,0.006047,0.004163,0.008042,0.998491,0.001509,0.99566,0.00434,0.989066,0.010934,0.97622,0.02378,0.954449,0.045551,0.921491,0.078509,0.876077,0.123923,0.818292,0.181708,0.749651,0.250349,0.672857,0.327143,0.591368,0.408632,0.508867,0.491133,0.428789,0.571211,0.353963,0.646037,0.286414,0.713586,0.227324,0.772676,0.177101,0.822899,0.135532,0.864468,0.101957,0.898043,0.075447,0.924553,0.054951,0.945049,0.99749,0.00251,0.99219,0.00781,0.980579,0.019421,0.959288,0.040712,0.925331,0.074669,0.876956,0.123044,0.814223,0.185777,0.739105,0.260895,0.655132,0.344868,0.56672,0.43328,0.478429,0.521571,0.394308,0.605692,0.317469,0.682531,0.249899,0.750101,0.192494,0.807506,0.145236,0.854764,0.107437,0.892563,0.077993,0.922007,0.055613,0.944387,0.038983,0.961017,0.026884,0.973116,1,0.00151,1,0.002513,1,0.004349,1,0.007841,1,0.010994,1,0.019612,1,0.024067,1,0.041564,1,0.046621,1,0.077604,1,0.081762,1,0.131298,1,0.132301,1,0.205521,1,0.200536,0,1.343637,1,0.288148,0,1.064594,1,0.396222,0,0.836371,1,0.525317,0,0.65091,1,0.675569,0,0.501384,0,0.559997,0,0.381947,0,0.436899,0,0.287547,0,0.337452,0,0.213805,0,0.257895,0,0.15693,0,0.194922,0,0.113658,0,0.145641,0,0.081202,0,0.107537,0,0.057219,0,0.078445,0,0.039763,0,0.056519,0,0.027252
2473,2025/26,15,Motor Lublin,Wisła Płock,14.0,10.0,24.0,14.1081,13.1309,27.2389,0.053227,1,4374.617,0.6984,0.6229,0.1742,0.4049,0.1631,0.0,0.0,0.0,1e-06,4e-06,1.3e-05,4e-05,0.000105,0.000246,0.000522,0.001022,0.001858,0.00316,0.005064,0.007687,0.011106,0.015335,0.020307,0.025872,0.031801,0.037801,0.043552,0.048728,0.053041,0.056259,0.058231,0.058897,0.058281,0.056487,0.05368,0.050064,0.045865,0.041308,0.036603,0.031933,0.027446,0.023255,0.019436,0.016032,0.013058,0.010507,0.008356,0.006571,0.005111,0.003934,0.002998,0.002262,0.001691,0.001252,0.000919,0.000669,0.001633,0.993028,0.006972,1,0.006997,0.987964,0.012036,1,0.012109,0.980277,0.019723,1,0.01992,0.969171,0.030829,1,0.031314,0.953836,0.046164,1,0.047263,0.933529,0.066471,1,0.068783,0.907657,0.092343,1,0.096889,0.875856,0.124144,1,0.132553,0.838055,0.161945,1,0.176671,0.794504,0.205496,1,0.230038,0.745775,0.254225,1,0.293331,0.692735,0.307265,1,0.367108,0.636476,0.363524,0,1.011911,0.578245,0.421755,0,0.863331,0.519349,0.480651,0,0.732613,0.461068,0.538932,0,0.618166,0.404581,0.595419,0,0.51849,0.350901,0.649099,0,0.432171,0.300837,0.699163,0,0.357872,0.254972,0.745028,0,0.294334,0.213664,0.786336,0,0.240372,0.177062,0.822938,0,0.194874,0.145129,0.854871,0,0.156805,0.117683,0.882317,0,0.125204,2.7e-05,0.000217,0.000919,0.002732,0.006382,0.012475,0.021211,0.032212,0.044532,0.056845,0.067744,0.076035,0.080946,0.082216,0.08006,0.075052,0.067972,0.059653,0.050866,0.042238,0.034226,0.027112,0.021029,0.015993,0.011943,0.008766,0.020276,4.7e-05,0.000366,0.001491,0.004249,0.009522,0.017852,0.029117,0.042416,0.056248,0.068873,0.078732,0.084765,0.086561,0.084335,0.078775,0.070837,0.061539,0.051805,0.042373,0.033751,0.026234,0.019934,0.014831,0.01082,0.00775,0.005457,0.011204,0.998515,0.001485,0.995783,0.004217,0.989401,0.010599,0.976926,0.023074,0.955715,0.044285,0.923503,0.076497,0.878972,0.121028,0.822127,0.177873,0.754383,0.245617,0.678348,0.321652,0.597402,0.402598,0.515186,0.484814,0.435126,0.564874,0.360074,0.639926,0.292102,0.707898,0.232448,0.767552,0.181583,0.818417,0.139345,0.860655,0.105119,0.894881,0.078007,0.921993,0.056979,0.943021,0.997977,0.002023,0.993728,0.006272,0.984206,0.015794,0.966354,0.033646,0.937237,0.062763,0.89482,0.10518,0.838573,0.161427,0.7697,0.2303,0.690968,0.309032,0.606203,0.393797,0.519642,0.480358,0.435308,0.564692,0.356533,0.643467,0.285696,0.714304,0.224158,0.775842,0.172352,0.827648,0.129979,0.870021,0.096228,0.903772,0.069995,0.930005,0.050061,0.949939,0.03523,0.96477,1,0.001486,1,0.002025,1,0.004226,1,0.006292,1,0.010656,1,0.01592,1,0.023344,1,0.034225,1,0.045296,1,0.064819,1,0.079581,1,0.111133,1,0.129002,1,0.176054,1,0.19586,1,0.261754,1,0.281855,0,1.17431,1,0.388095,0,0.93192,1,0.515165,0,0.733224,1,0.663227,0,0.571475,0,0.571153,0,0.440885,0,0.446403,0,0.336447,0,0.345455,0,0.253806,0,0.264549,0,0.189167,0,0.200383,0,0.139238,0,0.150062,0,0.101178,0,0.111065,0,0.072565,0,0.081218,0,0.051358,0,0.058667,0,0.035866
2474,2025/26,15,Zagłębie Lubin,Górnik Zabrze,6.0,15.0,21.0,14.0073,13.569,27.5763,0.053227,1,4374.617,0.6984,0.6229,0.1742,0.4049,0.1631,0.0,0.0,0.0,1e-06,3e-06,1.1e-05,3.4e-05,9.1e-05,0.000214,0.000458,0.000902,0.001651,0.002829,0.004566,0.006982,0.010161,0.014132,0.01885,0.02419,0.029948,0.035856,0.041608,0.04689,0.051407,0.054918,0.057251,0.058321,0.058124,0.056738,0.054304,0.051007,0.047062,0.042688,0.038094,0.03347,0.028971,0.024721,0.020807,0.017284,0.014177,0.011488,0.0092,0.007285,0.005707,0.004424,0.003394,0.002579,0.001941,0.001448,0.00107,0.000784,0.001958,0.993806,0.006194,1,0.006214,0.989239,0.010761,1,0.010819,0.982257,0.017743,1,0.017902,0.972096,0.027904,1,0.028301,0.957964,0.042036,1,0.042945,0.939114,0.060886,1,0.062818,0.914924,0.085076,1,0.088914,0.884977,0.115023,1,0.122194,0.849121,0.150879,1,0.163554,0.807512,0.192488,0,1.647723,0.760622,0.239378,0,1.429713,0.709216,0.290784,0,1.235173,0.654298,0.345702,0,1.062178,0.597047,0.402953,0,0.908935,0.538726,0.461274,0,0.773763,0.480602,0.519398,0,0.655085,0.423864,0.576136,0,0.551411,0.36956,0.63044,0,0.461338,0.318553,0.681447,0,0.383537,0.271491,0.728509,0,0.316755,0.228803,0.771197,0,0.259811,0.190709,0.809291,0,0.211596,0.157239,0.842761,0,0.171072,0.128268,0.871732,0,0.137274,2.8e-05,0.000229,0.000966,0.002859,0.006651,0.012947,0.021923,0.033158,0.045652,0.058036,0.068881,0.076994,0.081632,0.082574,0.080079,0.074763,0.067433,0.058938,0.05005,0.04139,0.033402,0.02635,0.020355,0.015417,0.011466,0.008382,0.019154,3.7e-05,0.000289,0.001199,0.003484,0.007958,0.01521,0.025288,0.037552,0.050762,0.06336,0.073833,0.08103,0.08435,0.083773,0.079766,0.073118,0.064751,0.055565,0.046329,0.037617,0.029805,0.023086,0.017509,0.013021,0.009507,0.006824,0.014789,0.998485,0.001515,0.995626,0.004374,0.988975,0.011025,0.976028,0.023972,0.954105,0.045895,0.920946,0.079054,0.875294,0.124706,0.817258,0.182742,0.748378,0.251622,0.671383,0.328617,0.589751,0.410249,0.507178,0.492822,0.427099,0.572901,0.352336,0.647664,0.284903,0.715097,0.225965,0.774035,0.175916,0.824084,0.134525,0.865475,0.101124,0.898876,0.074773,0.925227,0.054419,0.945581,0.998286,0.001714,0.994802,0.005198,0.986844,0.013156,0.971634,0.028366,0.946346,0.053654,0.908794,0.091206,0.858032,0.141968,0.794672,0.205328,0.720839,0.279161,0.639809,0.360191,0.555459,0.444541,0.471686,0.528314,0.39192,0.60808,0.318802,0.681198,0.254052,0.745948,0.198486,0.801514,0.152157,0.847843,0.11454,0.88546,0.084736,0.915264,0.06165,0.93835,0.044141,0.955859,1,0.001516,1,0.001715,1,0.004384,1,0.005212,1,0.011086,1,0.013243,1,0.024264,1,0.028776,0,3.081399,1,0.055147,0,2.537624,1,0.095637,0,2.081796,1,0.153114,0,1.69968,1,0.229826,0,1.379827,1,0.327339,0,1.112862,1,0.446586,0,0.890991,1,0.58796,0,0.707607,1,0.751442,0,0.557042,1,0.936698,0,0.434383,0,0.383902,0,0.335337,0,0.293099,0,0.256138,0,0.221253,0,0.193483,0,0.16506,0,0.144477,0,0.121648,0,0.10661,0,0.088543,0,0.077716,0,0.063632,0,0.055956,0,0.045145
2475,2025/26,15,Radomiak Radom,Cracovia,12.0,4.0,16.0,14.149,12.1384,26.2874,0.053227,1,4374.617,0.6984,0.6229,0.1742,0.4049,0.1631,0.0,0.0,0.0,1e-06,6e-06,2.1e-05,6.2e-05,0.000159,0.000365,0.00076,0.001456,0.002589,0.00431,0.006761,0.010046,0.014208,0.019206,0.0249,0.031059,0.037377,0.043504,0.049077,0.05377,0.057314,0.059533,0.060347,0.059778,0.057935,0.054999,0.051194,0.046769,0.041971,0.037031,0.032145,0.027474,0.023136,0.019207,0.015729,0.012712,0.010146,0.008,0.006235,0.004805,0.003663,0.002763,0.002064,0.001526,0.001118,0.000812,0.000584,0.000417,0.000955,0.990269,0.009731,1,0.009779,0.983508,0.016492,1,0.016629,0.973463,0.026537,1,0.026896,0.959254,0.040746,1,0.041599,0.940049,0.059951,0,2.814225,0.915149,0.084851,0,2.466862,0.88409,0.11591,0,2.154944,0.846713,0.153287,0,1.875443,0.803209,0.196791,0,1.625615,0.754132,0.245868,0,1.40296,0.700362,0.299638,0,1.205181,0.643048,0.356952,0,1.030154,0.583515,0.416485,0,0.875905,0.523168,0.476832,0,0.740592,0.463391,0.536609,0,0.622485,0.405455,0.594545,0,0.519959,0.350457,0.649543,0,0.431486,0.299263,0.700737,0,0.355623,0.252494,0.747506,0,0.291013,0.210523,0.789477,0,0.236385,0.173493,0.826507,0,0.190547,0.141348,0.858652,0,0.152391,0.113873,0.886127,0,0.120895,0.090737,0.909263,0,0.095121,2.6e-05,0.000212,0.000901,0.002682,0.006276,0.012288,0.020928,0.031835,0.044083,0.056365,0.067283,0.075643,0.080662,0.082063,0.080043,0.07516,0.068183,0.059937,0.051192,0.042579,0.034559,0.027421,0.021304,0.01623,0.012139,0.008925,0.020745,8.6e-05,0.000633,0.002456,0.006681,0.014282,0.025548,0.039756,0.055255,0.069909,0.08167,0.089074,0.091495,0.089144,0.082863,0.073846,0.063356,0.052512,0.042177,0.032913,0.025013,0.018549,0.013447,0.009545,0.006644,0.00454,0.00305,0.005519,0.998526,0.001474,0.995843,0.004157,0.989567,0.010433,0.977279,0.022721,0.956352,0.043648,0.924517,0.075483,0.880434,0.119566,0.824069,0.175931,0.756785,0.243215,0.681143,0.318857,0.600481,0.399519,0.518418,0.481582,0.438375,0.561625,0.363214,0.636786,0.295032,0.704968,0.235095,0.764905,0.183902,0.816098,0.141323,0.858677,0.106764,0.893236,0.079343,0.920657,0.058039,0.941961,0.996788,0.003212,0.990108,0.009892,0.975825,0.024175,0.950277,0.049723,0.910521,0.089479,0.855266,0.144734,0.785357,0.214643,0.703687,0.296313,0.614614,0.385386,0.523118,0.476882,0.433975,0.566025,0.351111,0.648889,0.277265,0.722735,0.213909,0.786091,0.161397,0.838603,0.11922,0.88078,0.086307,0.913693,0.061295,0.938705,0.042746,0.957254,0.029299,0.970701,0.019753,0.980247,1,0.001475,1,0.003217,1,0.004166,1,0.009941,1,0.010488,0,3.722436,1,0.022983,0,3.001288,1,0.044629,0,2.413751,1,0.078484,0,1.932858,1,0.12734,0,1.538779,1,0.193501,0,1.216339,1,0.278676,0,0.95351,1,0.383983,0,0.740486,0,0.917494,0,0.569117,0,0.730679,0,0.432494,0,0.576921,0,0.324713,0,0.451322,0,0.240683,0,0.349603,0,0.176018,0,0.268004,0,0.126947,0,0.203221,0,0.090261,0,0.152362,0,0.063254,0,0.112904,0,0.043687,0,0.082668,0,0.029737,0,0.059791,0,0.019951
2476,2025/26,15,Pogoń Szczecin,Jagiellonia Białystok,35.0,11.0,46.0,16.1582,14.2752,30.4334,0.053227,1,4374.617,0.6984,0.6229,0.1742,0.4049,0.1631,0.0,0.0,0.0,0.0,1e-06,3e-06,1e-05,2.7e-05,6.7e-05,0.000152,0.000316,0.000611,0.001105,0.001885,0.003046,0.004684,0.006884,0.009704,0.01316,0.017218,0.021788,0.026722,0.031828,0.036882,0.041646,0.045891,0.049415,0.05206,0.053721,0.054353,0.053973,0.052647,0.050486,0.047633,0.044248,0.040496,0.036537,0.032517,0.028562,0.024773,0.021227,0.017978,0.015055,0.012471,0.010224,0.008297,0.006668,0.005308,0.004187,0.003274,0.002538,0.007726,0.997709,0.002291,1,0.002293,0.995824,0.004176,1,0.004184,0.992779,0.007221,1,0.007248,0.988095,0.011905,1,0.011977,0.981211,0.018789,1,0.018968,0.971507,0.028493,1,0.028907,0.958347,0.041653,1,0.042545,0.941129,0.058871,1,0.060675,0.919341,0.080659,1,0.084098,0.892619,0.107381,1,0.113595,0.860791,0.139209,1,0.149903,0.823909,0.176091,1,0.193695,0.782263,0.217737,1,0.245564,0.736372,0.263628,1,0.30602,0.686957,0.313043,1,0.375484,0.634897,0.365103,1,0.454293,0.581176,0.418824,1,0.542702,0.526822,0.473178,1,0.640892,0.47285,0.52715,1,0.748978,0.420203,0.579797,1,0.867018,0.369717,0.630283,1,0.995018,0.322084,0.677916,1,1.132944,0.277836,0.722164,1,1.280724,0.23734,0.76266,1,1.43826,9e-06,7.5e-05,0.000343,0.0011,0.002769,0.005836,0.010698,0.017515,0.026106,0.035927,0.046161,0.055858,0.064111,0.070204,0.073704,0.074492,0.072735,0.06882,0.063267,0.05664,0.049481,0.042258,0.035337,0.028976,0.023327,0.01846,0.054015,2.4e-05,0.000198,0.000847,0.002534,0.00596,0.011729,0.020077,0.030695,0.04272,0.054899,0.065866,0.074424,0.079765,0.081562,0.079957,0.07546,0.068802,0.060788,0.052182,0.043623,0.035585,0.028379,0.022159,0.016967,0.012755,0.009425,0.022239,0.997797,0.002203,0.996697,0.003303,0.993928,0.006072,0.988092,0.011908,0.977395,0.022605,0.95988,0.04012,0.933774,0.066226,0.897847,0.102153,0.851686,0.148314,0.795829,0.204171,0.731717,0.268283,0.661513,0.338487,0.587809,0.412191,0.513317,0.486683,0.440582,0.559418,0.371762,0.628238,0.308495,0.691505,0.251855,0.748145,0.202374,0.797626,0.160116,0.839884,0.124779,0.875221,0.998553,0.001447,0.996019,0.003981,0.990058,0.009942,0.978329,0.021671,0.958253,0.041747,0.927558,0.072442,0.884837,0.115163,0.829938,0.170062,0.764072,0.235928,0.689648,0.310352,0.609883,0.390117,0.528322,0.471678,0.448364,0.551636,0.372904,0.627096,0.304102,0.695898,0.243314,0.756686,0.191132,0.808868,0.14751,0.85249,0.111924,0.888076,0.083546,0.916454,0.061386,0.938614,1,0.002205,1,0.001448,1,0.003308,1,0.003989,1,0.006091,1,0.009992,1,0.011979,1,0.021909,1,0.022864,1,0.042643,1,0.040947,1,0.0752,1,0.068521,1,0.122352,1,0.107756,1,0.186404,1,0.160537,1,0.269093,1,0.228371,0,1.170048,1,0.312361,0,0.941309,1,0.413226,0,0.751459,1,0.531353,0,0.594867,1,0.666862,0,0.466656,1,0.819659,0,0.362552,1,0.989501,0,0.278807,1,1.17605,0,0.21212,1,1.378902,0,0.159594,1,1.597638,0,0.118698,1,1.831857,0,0.087243,1,2.081211,0,0.063351
2477,2025/26,15,Korona Kielce,Raków Częstochowa,12.0,7.0,19.0,13.8395,13.4411,27.2807,0.053227,1,4374.617,0.6984,0.6229,0.1742,0.4049,0.1631,0.0,0.0,0.0,1e-06,4e-06,1.3e-05,3.9e-05,0.000103,0.000241,0.000513,0.001006,0.001829,0.003115,0.004996,0.007591,0.010979,0.015174,0.020115,0.025653,0.031562,0.037554,0.043309,0.048503,0.052845,0.056103,0.058124,0.058842,0.05828,0.056537,0.053775,0.050197,0.046027,0.041489,0.036795,0.032127,0.027636,0.023435,0.019603,0.016182,0.013191,0.010622,0.008454,0.006653,0.005179,0.003989,0.003042,0.002297,0.001718,0.001274,0.000936,0.000681,0.001667,0.993136,0.006864,1,0.006887,0.98814,0.01186,1,0.01193,0.980549,0.019451,1,0.019642,0.96957,0.03043,1,0.030902,0.954396,0.045604,1,0.046677,0.934281,0.065719,1,0.067978,0.908628,0.091372,1,0.09582,0.877066,0.122934,0,2.096104,0.839511,0.160489,0,1.829531,0.796202,0.203798,0,1.590628,0.7477,0.2523,0,1.377135,0.694855,0.305145,0,1.186967,0.638751,0.361249,0,1.018188,0.580627,0.419373,0,0.868994,0.521784,0.478216,0,0.737694,0.463505,0.536495,0,0.622697,0.406968,0.593032,0,0.522507,0.353193,0.646807,0,0.435708,0.302996,0.697004,0,0.360965,0.25697,0.74303,0,0.297018,0.21548,0.78452,0,0.242684,0.178686,0.821314,0,0.19685,0.146559,0.853441,0,0.158479,0.118923,0.881077,0,0.12661,3.1e-05,0.00025,0.001049,0.003083,0.007124,0.013772,0.023159,0.034786,0.047563,0.060048,0.070777,0.078568,0.082726,0.083103,0.080036,0.074208,0.06647,0.057696,0.048657,0.039961,0.032026,0.025091,0.019248,0.014479,0.010693,0.007763,0.017386,4e-05,0.00031,0.001277,0.003692,0.008386,0.01594,0.026355,0.038922,0.052325,0.064952,0.075273,0.082156,0.085053,0.084006,0.079549,0.072518,0.063867,0.054506,0.045195,0.036495,0.028757,0.022152,0.016708,0.012357,0.008973,0.006405,0.013665,0.998421,0.001579,0.995338,0.004662,0.988214,0.011786,0.974443,0.025557,0.951283,0.048717,0.916497,0.083503,0.868935,0.131065,0.808887,0.191113,0.73811,0.26189,0.659542,0.340458,0.576816,0.423184,0.493713,0.506287,0.413676,0.586324,0.339469,0.660531,0.272999,0.727001,0.215303,0.784697,0.166646,0.833354,0.126685,0.873315,0.094659,0.905341,0.069568,0.930432,0.05032,0.94968,0.998208,0.001792,0.994516,0.005484,0.98613,0.01387,0.97019,0.02981,0.943835,0.056165,0.904913,0.095087,0.852587,0.147413,0.787635,0.212365,0.712362,0.287638,0.630206,0.369794,0.545153,0.454847,0.461147,0.538853,0.381598,0.618402,0.30908,0.69092,0.245214,0.754786,0.190708,0.809292,0.145513,0.854487,0.109018,0.890982,0.080261,0.919739,0.058109,0.941891,0.041401,0.958599,1,0.00158,1,0.001794,1,0.004673,1,0.005499,1,0.011856,1,0.013967,1,0.025889,1,0.030263,1,0.049944,1,0.057804,1,0.087196,0,2.352963,1,0.140487,0,1.914517,1,0.212096,0,1.549449,1,0.303662,0,1.246053,1,0.41621,0,0.994809,0,0.859948,0,0.787794,0,0.680652,0,0.618312,0,0.533883,0,0.480617,0,0.414711,0,0.369731,0,0.318827,0,0.281321,0,0.242458,0,0.211595,0,0.182297,0,0.157254,0,0.135459,0,0.115431,0,0.099444,0,0.083665,0,0.072106,0,0.059866,0,0.05163,0,0.042282
2478,2025/26,15,GKS Katowice,Piast Gliwice,9.0,17.0,26.0,13.9133,14.0202,27.9335,0.053227,1,4374.617,0.6984,0.6229,0.1742,0.4049,0.1631,0.0,0.0,0.0,1e-06,3e-06,1e-05,2.9e-05,7.8e-05,0.000184,0.000398,0.000791,0.001458,0.002517,0.004093,0.006305,0.009244,0.012953,0.017406,0.022504,0.028068,0.033855,0.039579,0.044935,0.04963,0.053414,0.056098,0.057571,0.057803,0.056844,0.054809,0.051865,0.048209,0.044052,0.039604,0.035054,0.030567,0.026277,0.022281,0.018645,0.015407,0.012577,0.010147,0.008095,0.006387,0.004988,0.003855,0.002951,0.002238,0.001681,0.001252,0.000924,0.002365,0.994531,0.005469,1,0.005484,0.990438,0.009562,1,0.009608,0.984132,0.015868,1,0.015995,0.974888,0.025112,1,0.025433,0.961935,0.038065,1,0.038808,0.944529,0.055471,1,0.057069,0.922026,0.077974,1,0.081182,0.893958,0.106042,1,0.112097,0.860103,0.139897,1,0.150703,0.820524,0.179476,1,0.197813,0.775589,0.224411,1,0.254133,0.725958,0.274042,1,0.320263,0.672544,0.327456,1,0.396687,0.616446,0.383554,1,0.483784,0.558875,0.441125,0,0.818428,0.501072,0.498928,0,0.695294,0.444228,0.555772,0,0.587397,0.389419,0.610581,0,0.493344,0.337554,0.662446,0,0.411816,0.289345,0.710655,0,0.341569,0.245293,0.754707,0,0.281426,0.20569,0.79431,0,0.230281,0.170636,0.829364,0,0.187096,0.140069,0.859931,0,0.150903,3e-05,0.00024,0.001012,0.002982,0.006912,0.013403,0.022608,0.034062,0.046715,0.059159,0.069943,0.07788,0.082252,0.08288,0.080067,0.074463,0.066903,0.05825,0.049275,0.040592,0.032631,0.025644,0.019732,0.014888,0.011029,0.008032,0.018148,2.8e-05,0.000227,0.00096,0.002842,0.006616,0.012885,0.021831,0.033036,0.045507,0.057883,0.068735,0.076872,0.081545,0.082529,0.080078,0.074802,0.067503,0.059031,0.050155,0.041499,0.033507,0.026448,0.02044,0.015491,0.011526,0.00843,0.019295,0.998451,0.001549,0.995469,0.004531,0.988557,0.011443,0.975154,0.024846,0.952546,0.047454,0.918484,0.081516,0.871769,0.128231,0.81261,0.18739,0.742667,0.257333,0.664788,0.335212,0.582535,0.417465,0.499655,0.500345,0.419588,0.580412,0.345125,0.654875,0.278222,0.721778,0.219972,0.780028,0.170697,0.829303,0.130105,0.869895,0.097473,0.902527,0.07183,0.92817,0.052098,0.947902,0.998489,0.001511,0.995646,0.004354,0.989031,0.010969,0.976145,0.023855,0.954314,0.045686,0.921278,0.078722,0.875771,0.124229,0.817888,0.182112,0.749153,0.250847,0.672281,0.327719,0.590736,0.409264,0.508206,0.491794,0.428128,0.571872,0.353326,0.646674,0.285823,0.714177,0.226792,0.773208,0.176637,0.823363,0.135137,0.864863,0.10163,0.89837,0.075183,0.924817,0.054742,0.945258,1,0.00155,1,0.001512,1,0.004541,1,0.004364,1,0.011509,1,0.01103,1,0.02516,1,0.024144,1,0.048617,1,0.046763,1,0.085031,1,0.081993,1,0.137231,1,0.132651,0,1.674563,1,0.20103,0,1.357384,1,0.288812,0,1.092992,1,0.397079,0,0.873555,1,0.526386,0,0.692457,1,0.676868,0,0.544017,1,0.848333,0,0.423311,1,1.040364,0,0.326038,1,1.252383,0,0.248425,0,0.257207,0,0.18717,0,0.194358,0,0.139383,0,0.145184,0,0.102557,0,0.107173,0,0.07454,0,0.078159,0,0.053504,0,0.056297
2479,2025/26,16,Bruk-Bet Termalica Nieciecza,Arka Gdynia,7.0,11.0,18.0,15.9337,12.5909,28.5246,0.053957,1,4431.1735,0.6893,0.6093,0.1669,0.4062,0.1733,0.0,0.0,0.0,1e-06,2e-06,8e-06,2.4e-05,6.4e-05,0.000153,0.000332,0.000664,0.001233,0.002142,0.00351,0.005448,0.008052,0.011376,0.01542,0.020114,0.025319,0.03083,0.036395,0.041736,0.046573,0.050654,0.053776,0.0558,0.056661,0.056366,0.05499,0.052663,0.049552,0.045846,0.041741,0.037425,0.033065,0.028804,0.024756,0.021003,0.017598,0.01457,0.011924,0.009652,0.007729,0.006126,0.004808,0.003737,0.002877,0.002196,0.001662,0.001247,0.003376,0.995377,0.004623,1,0.004633,0.991868,0.008132,1,0.008166,0.98642,0.01358,1,0.013673,0.978368,0.021632,1,0.02187,0.966991,0.033009,1,0.033566,0.951571,0.048429,1,0.04964,0.931458,0.068542,0,2.680302,0.906139,0.093861,0,2.365939,0.875309,0.124691,0,2.081915,0.838913,0.161087,0,1.825813,0.797177,0.202823,0,1.595423,0.750604,0.249396,0,1.388714,0.69995,0.30005,0,1.203805,0.646173,0.353827,0,1.038948,0.590373,0.409627,0,0.892508,0.533712,0.466288,0,0.762952,0.477346,0.522654,0,0.648836,0.422356,0.577644,0,0.548798,0.369693,0.630307,0,0.461548,0.320141,0.679859,0,0.38587,0.274295,0.725705,0,0.320611,0.232553,0.767447,0,0.264686,0.195128,0.804872,0,0.217073,0.162064,0.837936,0,0.176813,1e-05,8.7e-05,0.000392,0.001242,0.00309,0.006437,0.011672,0.018911,0.027902,0.038028,0.048403,0.058043,0.066038,0.071703,0.07466,0.074858,0.072529,0.06811,0.062157,0.05525,0.047933,0.04066,0.033777,0.027518,0.022015,0.017315,0.049706,6.7e-05,0.000504,0.00199,0.005511,0.012001,0.02188,0.034717,0.049221,0.063552,0.075794,0.084421,0.088587,0.088198,0.083801,0.076357,0.066995,0.056801,0.046677,0.037276,0.028995,0.022012,0.01634,0.011878,0.008468,0.005928,0.00408,0.007879,0.997956,0.002044,0.996714,0.003286,0.993625,0.006375,0.987187,0.012813,0.975515,0.024485,0.956605,0.043395,0.928702,0.071298,0.890674,0.109326,0.842271,0.157729,0.784228,0.215772,0.71819,0.28181,0.646488,0.353512,0.571828,0.428172,0.496969,0.503031,0.424441,0.575559,0.356331,0.643669,0.294174,0.705826,0.238924,0.761076,0.190991,0.809009,0.150331,0.849669,0.116554,0.883446,0.997371,0.002629,0.99186,0.00814,0.979859,0.020141,0.957979,0.042021,0.923262,0.076738,0.874041,0.125959,0.810489,0.189511,0.734695,0.265305,0.650273,0.349727,0.561686,0.438314,0.473488,0.526512,0.389687,0.610313,0.31333,0.68667,0.246335,0.753665,0.189534,0.810466,0.142856,0.857144,0.10558,0.89442,0.076586,0.923414,0.054573,0.945427,0.038233,0.961767,0.026355,0.973645,1,0.002046,1,0.002632,1,0.003291,1,0.008173,1,0.006395,1,0.020347,1,0.012896,1,0.042929,1,0.02479,1,0.079842,0,3.137411,1,0.134628,0,2.640887,1,0.210118,0,2.213421,1,0.3083,0,1.846877,1,0.430363,0,1.533533,0,0.82482,0,1.266522,0,0.641481,0,1.039838,0,0.493783,0,0.84823,0,0.375901,0,0.687103,0,0.282807,0,0.552414,0,0.210146,0,0.440571,0,0.154149,0,0.348387,0,0.11158,0,0.273022,0,0.079678,0,0.211945,0,0.056119,0,0.162908,0,0.038983,0,0.123925,0,0.026709
2480,2025/26,16,Legia Warszawa,Lechia Gdańsk,13.0,16.0,29.0,16.7196,10.5735,27.2931,0.053957,1,4431.1735,0.6893,0.6093,0.1669,0.4062,0.1733,0.0,0.0,0.0,1e-06,4e-06,1.5e-05,4.5e-05,0.000116,0.000267,0.000563,0.00109,0.001962,0.003308,0.005257,0.00792,0.011364,0.015592,0.020532,0.026027,0.031848,0.037712,0.043307,0.048325,0.052492,0.055591,0.057485,0.058118,0.057519,0.055788,0.053082,0.049595,0.045541,0.041133,0.036571,0.032029,0.027651,0.023544,0.019785,0.016417,0.013458,0.010904,0.008736,0.006924,0.005432,0.004218,0.003244,0.002472,0.001867,0.001398,0.001038,0.000764,0.001948,0.992629,0.007371,1,0.007398,0.987372,0.012628,1,0.012709,0.979452,0.020548,1,0.020762,0.968088,0.031912,1,0.032432,0.952495,0.047505,1,0.04867,0.931964,0.068036,1,0.070461,0.905937,0.094063,1,0.098785,0.874089,0.125911,1,0.134573,0.836377,0.163623,1,0.178676,0.79307,0.20693,1,0.231844,0.744744,0.255256,1,0.294714,0.692252,0.307748,1,0.367805,0.636661,0.363339,1,0.451518,0.579176,0.420824,1,0.546148,0.521058,0.478942,1,0.651894,0.463539,0.536461,1,0.768865,0.407751,0.592249,1,0.897099,0.354669,0.645331,0,0.437992,0.305074,0.694926,0,0.36395,0.259534,0.740466,0,0.300475,0.218401,0.781599,0,0.246413,0.18183,0.81817,0,0.200685,0.149801,0.850199,0,0.162285,0.12215,0.87785,0,0.13028,7e-06,5.9e-05,0.000272,0.000883,0.002254,0.004817,0.008962,0.014896,0.022549,0.031528,0.041171,0.05065,0.059121,0.065857,0.070352,0.072367,0.071933,0.069302,0.064885,0.059171,0.052666,0.045833,0.039061,0.032648,0.026796,0.021622,0.067629,0.000233,0.001566,0.005557,0.013817,0.02702,0.044235,0.063026,0.080242,0.093034,0.099636,0.099655,0.093903,0.083953,0.071629,0.058608,0.046176,0.035156,0.025943,0.018604,0.012995,0.008859,0.005905,0.003855,0.002468,0.001551,0.000959,0.001413,0.996952,0.003048,0.99607,0.00393,0.993816,0.006184,0.988998,0.011002,0.980037,0.019963,0.965141,0.034859,0.942592,0.057408,0.911064,0.088936,0.869893,0.130107,0.819243,0.180757,0.760123,0.239877,0.694266,0.305734,0.623914,0.376086,0.551547,0.448453,0.479614,0.520386,0.410312,0.589688,0.345427,0.654573,0.286256,0.713744,0.23359,0.76641,0.187758,0.812242,0.148696,0.851304,0.99264,0.00736,0.978823,0.021177,0.951803,0.048197,0.907568,0.092432,0.844542,0.155458,0.7643,0.2357,0.671266,0.328734,0.57163,0.42837,0.471976,0.528024,0.378072,0.621928,0.294119,0.705881,0.22249,0.77751,0.163882,0.836118,0.117705,0.882295,0.08255,0.91745,0.056607,0.943393,0.038003,0.961997,0.025009,0.974991,0.01615,0.98385,0.010245,0.989755,0.006391,0.993609,1,0.003053,1,0.007387,1,0.003938,1,0.021404,1,0.006203,1,0.049397,1,0.011063,1,0.096987,1,0.020165,1,0.168961,1,0.035481,1,0.268795,1,0.059122,1,0.39859,1,0.093142,1,0.559263,1,0.139385,1,0.750827,1,0.199375,1,0.972671,1,0.274275,1,1.223771,0,1.18504,1,1.502873,0,0.977937,1,1.808609,0,0.801951,1,2.139574,0,0.653184,0,0.086157,0,0.528162,0,0.058272,0,0.423772,0,0.038744,0,0.337231,0,0.025327,0,0.266038,0,0.016282,0,0.207957,0,0.010298,0,0.160986,0,0.006412
2481,2025/26,16,Górnik Zabrze,Wisła Płock,17.0,7.0,24.0,15.6325,11.5758,27.2083,0.053957,1,4431.1735,0.6893,0.6093,0.1669,0.4062,0.1733,0.0,0.0,0.0,1e-06,4e-06,1.5e-05,4.4e-05,0.000114,0.000264,0.000558,0.001084,0.001957,0.003307,0.005267,0.00795,0.011426,0.0157,0.020699,0.026263,0.032158,0.038096,0.043756,0.048822,0.053014,0.056113,0.057977,0.058554,0.057875,0.056046,0.053232,0.049635,0.045474,0.04097,0.036326,0.03172,0.027296,0.023162,0.019392,0.016028,0.013085,0.010555,0.008418,0.00664,0.005182,0.004003,0.003062,0.00232,0.001742,0.001296,0.000956,0.000699,0.00174,0.992652,0.007348,1,0.007375,0.987386,0.012614,1,0.012695,0.979435,0.020565,1,0.020779,0.968009,0.031991,1,0.032514,0.952309,0.047691,1,0.048866,0.93161,0.06839,1,0.070841,0.905348,0.094652,1,0.099436,0.873189,0.126811,1,0.135603,0.835093,0.164907,1,0.180212,0.791337,0.208663,1,0.234031,0.742515,0.257485,1,0.297712,0.689501,0.310499,1,0.371787,0.633388,0.366612,0,1.003452,0.575411,0.424589,0,0.856634,0.516857,0.483143,0,0.727443,0.458982,0.541018,0,0.614303,0.402936,0.597064,0,0.515731,0.349704,0.650296,0,0.430327,0.300069,0.699931,0,0.356774,0.254595,0.745405,0,0.293828,0.213625,0.786375,0,0.240322,0.177299,0.822701,0,0.195163,0.145579,0.854421,0,0.157332,0.118283,0.881717,0,0.125885,1.2e-05,0.000101,0.000452,0.001416,0.003489,0.007194,0.01291,0.020703,0.030233,0.040782,0.051376,0.060975,0.068663,0.073789,0.076045,0.075464,0.072366,0.067261,0.060752,0.053448,0.045894,0.038531,0.03168,0.025545,0.020227,0.015746,0.04371,0.000124,0.000885,0.003324,0.008746,0.018101,0.031362,0.047292,0.063724,0.078194,0.088629,0.093818,0.093562,0.088528,0.07994,0.069225,0.057723,0.046512,0.036325,0.027569,0.02038,0.014704,0.010373,0.007167,0.004856,0.003231,0.002113,0.003574,0.998197,0.001803,0.996781,0.003219,0.993292,0.006708,0.986098,0.013902,0.973188,0.026812,0.952485,0.047515,0.922253,0.077747,0.881471,0.118529,0.830095,0.169905,0.76912,0.23088,0.700457,0.299543,0.626668,0.373332,0.550624,0.449376,0.475159,0.524841,0.402793,0.597207,0.335533,0.664467,0.274781,0.725219,0.221332,0.778668,0.175438,0.824562,0.136907,0.863093,0.105227,0.894773,0.995648,0.004352,0.986903,0.013097,0.968802,0.031198,0.93744,0.06256,0.890147,0.109853,0.826423,0.173577,0.748229,0.251771,0.6596,0.3404,0.565782,0.434218,0.47222,0.52778,0.383692,0.616308,0.303752,0.696248,0.234527,0.765473,0.176803,0.823197,0.130292,0.869708,0.093967,0.906033,0.066398,0.933602,0.046018,0.953982,0.031314,0.968686,0.02094,0.97906,0.013774,0.986226,1,0.001805,1,0.004361,1,0.003224,1,0.013184,1,0.006731,1,0.031695,1,0.014,1,0.064603,1,0.027178,1,0.116369,1,0.048681,0,1.751134,1,0.080936,0,1.379235,1,0.126163,0,1.077634,1,0.186215,0,0.834209,1,0.262508,0,0.639076,1,0.356022,0,0.484008,1,0.467338,0,0.362049,1,0.596703,0,0.267261,1,0.744106,0,0.19456,1,0.909332,0,0.139598,0,0.40877,0,0.09868,0,0.321282,0,0.068705,0,0.250171,0,0.04711,0,0.192903,0,0.031815,0,0.147233,0,0.021162,0,0.111185,0,0.01387
2482,2025/26,16,Pogoń Szczecin,Zagłębie Lubin,14.0,15.0,29.0,17.4165,13.0813,30.4978,0.053957,1,4431.1735,0.6893,0.6093,0.1669,0.4062,0.1733,0.0,0.0,0.0,0.0,1e-06,3e-06,1e-05,2.8e-05,7e-05,0.000157,0.000326,0.000627,0.00113,0.001918,0.003088,0.004732,0.006933,0.009745,0.013182,0.017209,0.021733,0.02661,0.031651,0.036636,0.041334,0.045522,0.049003,0.051623,0.05328,0.053932,0.053592,0.052325,0.050237,0.047465,0.044165,0.040496,0.036614,0.032662,0.028762,0.025016,0.021499,0.018266,0.015349,0.012761,0.010501,0.008556,0.006905,0.005522,0.004376,0.003438,0.002679,0.008332,0.997648,0.002352,1,0.002354,0.99573,0.00427,1,0.004279,0.992642,0.007358,1,0.007385,0.98791,0.01209,1,0.012164,0.980977,0.019023,1,0.019206,0.971232,0.028768,1,0.029189,0.95805,0.04195,1,0.042855,0.940842,0.059158,1,0.06098,0.919109,0.080891,1,0.084351,0.892498,0.107502,1,0.11373,0.860847,0.139153,1,0.149838,0.824211,0.175789,1,0.193329,0.782877,0.217123,1,0.24478,0.737355,0.262645,1,0.304686,0.688352,0.311648,1,0.373454,0.63673,0.36327,1,0.45141,0.58345,0.41655,1,0.538797,0.529517,0.470483,0,0.753996,0.475925,0.524075,0,0.64612,0.4236,0.5764,0,0.550953,0.373363,0.626637,0,0.467388,0.325898,0.674102,0,0.394373,0.281733,0.718267,0,0.330914,0.241237,0.758763,0,0.276066,5e-06,4.2e-05,0.000197,0.000655,0.001707,0.003728,0.007083,0.012027,0.018596,0.02656,0.035429,0.044523,0.053086,0.060405,0.065914,0.069259,0.070323,0.069207,0.066188,0.061657,0.056057,0.049832,0.043383,0.03704,0.031054,0.025596,0.086202,5e-05,0.000386,0.001558,0.004414,0.009832,0.018333,0.029753,0.043147,0.056981,0.06951,0.079189,0.084994,0.086553,0.084116,0.078394,0.070353,0.06101,0.051281,0.041887,0.033326,0.025878,0.019648,0.014609,0.010653,0.007628,0.00537,0.01103,0.995511,0.004489,0.994856,0.005144,0.993149,0.006851,0.989421,0.010579,0.982338,0.017662,0.970312,0.029688,0.951716,0.048284,0.925155,0.074845,0.889726,0.110274,0.845204,0.154796,0.792118,0.207882,0.731713,0.268287,0.665799,0.334201,0.59654,0.40346,0.526216,0.473784,0.457009,0.542991,0.390821,0.609179,0.329164,0.670836,0.273107,0.726893,0.223274,0.776726,0.179892,0.820108,0.997888,0.002112,0.993474,0.006526,0.983642,0.016358,0.965309,0.034691,0.935556,0.064444,0.892409,0.107591,0.835427,0.164573,0.765918,0.234082,0.686728,0.313272,0.601734,0.398266,0.515181,0.484819,0.431065,0.568935,0.352671,0.647329,0.282318,0.717682,0.221308,0.778692,0.170027,0.829973,0.12814,0.87186,0.094815,0.905185,0.068937,0.931063,0.049289,0.950711,0.034681,0.965319,1,0.004499,1,0.002114,1,0.005157,1,0.006547,1,0.006875,1,0.016493,1,0.010635,1,0.035307,1,0.01782,1,0.066614,1,0.030138,1,0.113831,1,0.049489,1,0.179812,1,0.077794,1,0.26668,1,0.116842,1,0.375817,1,0.168177,1,0.50794,1,0.233045,1,0.663237,1,0.312367,1,0.841496,0,1.096013,1,1.04222,0,0.907678,0,0.331729,0,0.747004,0,0.25014,0,0.610663,0,0.186362,0,0.495643,0,0.137126,0,0.399231,0,0.099616,0,0.318976,0,0.071428,0,0.252668,0,0.050545,0,0.198319,0,0.035297
2483,2025/26,16,Cracovia,Motor Lublin,8.0,6.0,14.0,15.6048,11.5138,27.1186,0.053957,1,4431.1735,0.6893,0.6093,0.1669,0.4062,0.1733,0.0,0.0,0.0,1e-06,4e-06,1.6e-05,4.6e-05,0.000118,0.000274,0.000578,0.001121,0.002019,0.003405,0.005412,0.008153,0.011696,0.016039,0.021104,0.026725,0.032661,0.038617,0.044268,0.049299,0.05343,0.056445,0.058209,0.058676,0.057886,0.055951,0.053041,0.049364,0.045141,0.040594,0.035926,0.031312,0.026895,0.02278,0.019037,0.015705,0.012798,0.010305,0.008203,0.006459,0.005032,0.00388,0.002963,0.002241,0.001679,0.001247,0.000918,0.000671,0.001659,0.992419,0.007581,1,0.00761,0.987007,0.012993,1,0.013079,0.978853,0.021147,0,3.856264,0.967158,0.032842,0,3.416035,0.951118,0.048882,0,3.018355,0.930015,0.069985,0,2.659469,0.90329,0.09671,0,2.336037,0.870629,0.129371,0,2.045069,0.832012,0.167988,0,1.783863,0.787744,0.212256,0,1.549961,0.738444,0.261556,0,1.341108,0.685014,0.314986,0,1.155229,0.62857,0.37143,0,0.990395,0.570361,0.429639,0,0.84481,0.511685,0.488315,0,0.716794,0.453799,0.546201,0,0.604768,0.397848,0.602152,0,0.507245,0.344807,0.655193,0,0.422825,0.295443,0.704557,0,0.350186,0.250302,0.749698,0,0.288085,0.209708,0.790292,0,0.235353,0.173783,0.826217,0,0.190897,0.142471,0.857529,0,0.1537,0.115576,0.884424,0,0.122818,1.2e-05,0.000103,0.000458,0.001434,0.003528,0.007268,0.01303,0.020875,0.030455,0.041042,0.051654,0.061247,0.068903,0.073975,0.076163,0.075509,0.072339,0.067171,0.060613,0.053275,0.045701,0.038332,0.031486,0.025364,0.020064,0.015604,0.043182,0.000129,0.000917,0.00343,0.008997,0.018558,0.032049,0.048168,0.06469,0.079117,0.089378,0.094299,0.093731,0.088395,0.079556,0.068665,0.057067,0.045831,0.035675,0.026986,0.019884,0.014299,0.010054,0.006923,0.004675,0.0031,0.002021,0.00339,0.998216,0.001784,0.996782,0.003218,0.993254,0.006746,0.985986,0.014014,0.972956,0.027044,0.952081,0.047919,0.921626,0.078374,0.880584,0.119416,0.828929,0.171071,0.767682,0.232318,0.69878,0.30122,0.624805,0.375195,0.548642,0.451358,0.473132,0.526868,0.400793,0.599207,0.333622,0.666378,0.273009,0.726991,0.219734,0.780266,0.174033,0.825967,0.135701,0.864299,0.104215,0.895785,0.995507,0.004493,0.98651,0.01349,0.967952,0.032048,0.935903,0.064097,0.887735,0.112265,0.823045,0.176955,0.743929,0.256071,0.654551,0.345449,0.560252,0.439748,0.466521,0.533479,0.378126,0.621874,0.298569,0.701431,0.229905,0.770095,0.172838,0.827162,0.127007,0.872993,0.091332,0.908668,0.064346,0.935654,0.044462,0.955538,0.030163,0.969837,0.020109,0.979891,0.013187,0.986813,1,0.001786,1,0.004503,1,0.003223,1,0.013582,1,0.006769,1,0.032573,1,0.014113,1,0.066243,1,0.027416,0,2.186893,1,0.049105,0,1.73186,0,2.546263,0,1.362301,0,2.125142,0,1.06291,0,1.765677,0,0.821553,0,1.459648,0,0.628336,0,1.199914,0,0.475018,0,0.980309,0,0.354633,0,0.795494,0,0.261241,0,0.640805,0,0.189755,0,0.512148,0,0.135828,0,0.405898,0,0.095775,0,0.318841,0,0.06651,0,0.24812,0,0.045481,0,0.1912,0,0.030627,0,0.145837,0,0.020314,0,0.110055,0,0.013275
2484,2025/26,16,Lech Poznań,Radomiak Radom,13.0,23.0,36.0,15.447,12.8655,28.3126,0.053957,1,4431.1735,0.6893,0.6093,0.1669,0.4062,0.1733,0.0,0.0,0.0,1e-06,2e-06,9e-06,2.6e-05,6.9e-05,0.000165,0.000357,0.000712,0.001317,0.002282,0.003726,0.005763,0.008488,0.011949,0.016138,0.020974,0.026304,0.031911,0.037529,0.042871,0.047654,0.051627,0.054591,0.056419,0.057057,0.056527,0.054919,0.052375,0.049072,0.045208,0.040983,0.036584,0.03218,0.027908,0.023878,0.020166,0.016819,0.013861,0.011291,0.009096,0.00725,0.005718,0.004466,0.003454,0.002647,0.00201,0.001513,0.001129,0.003004,0.995059,0.004941,1,0.004953,0.991334,0.008666,1,0.008704,0.98557,0.01443,1,0.014535,0.977082,0.022918,1,0.023184,0.965133,0.034867,1,0.035489,0.948994,0.051006,1,0.052352,0.92802,0.07198,1,0.074702,0.901716,0.098284,1,0.103456,0.869805,0.130195,1,0.139486,0.832276,0.167724,1,0.183591,0.789406,0.210594,1,0.236475,0.741752,0.258248,1,0.29874,0.690125,0.309875,1,0.370882,0.635534,0.364466,1,0.45329,0.579115,0.420885,1,0.546254,0.522058,0.477942,1,0.649976,0.465531,0.534469,1,0.764576,0.410612,0.589388,1,0.890107,0.358237,0.641763,1,1.02656,0.309165,0.690835,1,1.173881,0.263957,0.736043,1,1.331971,0.222974,0.777026,1,1.500701,0.18639,0.81361,1,1.679916,0.15421,0.84579,1,1.869439,1.3e-05,0.000111,0.000494,0.001537,0.00376,0.007703,0.013735,0.021883,0.03175,0.04255,0.053257,0.062799,0.070259,0.075015,0.076808,0.075729,0.07215,0.066626,0.059789,0.052261,0.044584,0.037189,0.030379,0.024337,0.019146,0.014807,0.040257,5.7e-05,0.000434,0.001735,0.004866,0.010734,0.019821,0.031854,0.045744,0.059823,0.072265,0.081527,0.086651,0.087381,0.084093,0.07761,0.068971,0.059229,0.049299,0.039877,0.031417,0.024158,0.018163,0.013374,0.009657,0.006848,0.004774,0.009544,0.998311,0.001689,0.996775,0.003225,0.993015,0.006985,0.985311,0.014689,0.971576,0.028424,0.949693,0.050307,0.917944,0.082056,0.875393,0.124607,0.822136,0.177864,0.759336,0.240664,0.689077,0.310923,0.614062,0.385938,0.537253,0.462747,0.461524,0.538476,0.389374,0.610626,0.322748,0.677252,0.262959,0.737041,0.210698,0.789302,0.166115,0.833885,0.128926,0.871074,0.098547,0.901453,0.997681,0.002319,0.992815,0.007185,0.982081,0.017919,0.962261,0.037739,0.930407,0.069593,0.884662,0.115338,0.82484,0.17516,0.752574,0.247426,0.671047,0.328953,0.584396,0.415604,0.497015,0.502985,0.412922,0.587078,0.335312,0.664688,0.26634,0.73366,0.207111,0.792889,0.157812,0.842188,0.117935,0.882065,0.086518,0.913482,0.06236,0.93764,0.044196,0.955804,0.030823,0.969177,1,0.00169,1,0.002322,1,0.00323,1,0.007211,1,0.00701,1,0.018081,1,0.014798,1,0.03847,1,0.028836,1,0.072133,1,0.051617,1,0.12255,1,0.085619,1,0.192566,1,0.133082,1,0.284256,1,0.195849,1,0.398916,1,0.275311,1,0.537176,1,0.372402,1,0.699135,0,0.952079,1,0.884497,0,0.770575,1,1.092694,0,0.619012,1,1.322982,0,0.493271,1,1.5745,0,0.389712,1,1.846351,0,0.305112,1,2.137622,0,0.236606,1,2.447403,0,0.18166,1,2.774831,0,0.138028,1,3.119121,0,0.103747,1,3.479494
2485,2025/26,16,Raków Częstochowa,Piast Gliwice,12.0,13.0,25.0,13.1298,12.4615,25.5914,0.053957,1,4431.1735,0.6893,0.6093,0.1669,0.4062,0.1733,0.0,0.0,0.0,2e-06,9e-06,3e-05,8.7e-05,0.000219,0.000493,0.001008,0.001896,0.003313,0.005419,0.008354,0.0122,0.016963,0.022544,0.02874,0.035256,0.041732,0.047779,0.053027,0.057162,0.059955,0.061285,0.061141,0.059611,0.05687,0.053146,0.048703,0.043807,0.038709,0.03363,0.028748,0.024198,0.020069,0.016409,0.013236,0.010537,0.008285,0.006435,0.004941,0.003751,0.002817,0.002094,0.001541,0.001123,0.000811,0.00058,0.000411,0.000289,0.000633,0.987523,0.012477,1,0.012556,0.979169,0.020831,1,0.021051,0.966969,0.033031,1,0.033589,0.950006,0.049994,1,0.051287,0.927462,0.072538,1,0.075303,0.898722,0.101278,1,0.106781,0.863466,0.136534,1,0.146801,0.821734,0.178266,1,0.196338,0.773955,0.226045,1,0.256241,0.720928,0.279072,1,0.327216,0.663766,0.336234,1,0.409825,0.603811,0.396189,1,0.504494,0.542526,0.457474,1,0.611519,0.481385,0.518615,0,0.656594,0.421774,0.578226,0,0.547791,0.364904,0.635096,0,0.45398,0.311758,0.688242,0,0.373615,0.263055,0.736945,0,0.305242,0.219248,0.780752,0,0.247498,0.180539,0.819461,0,0.199109,0.146909,0.853091,0,0.158889,0.118161,0.881839,0,0.125746,0.093963,0.906037,0,0.098675,0.073894,0.926106,0,0.076767,4.9e-05,0.000376,0.001521,0.004318,0.009639,0.018014,0.029298,0.04258,0.056354,0.068894,0.078658,0.084607,0.086346,0.084096,0.078546,0.070642,0.061394,0.051715,0.042334,0.033754,0.026268,0.019987,0.014893,0.010884,0.00781,0.00551,0.011387,7.3e-05,0.000541,0.002124,0.005844,0.012649,0.022919,0.036142,0.050927,0.06535,0.07746,0.085746,0.089424,0.088485,0.083556,0.075666,0.065981,0.055598,0.045408,0.036039,0.027861,0.021021,0.015508,0.011204,0.007939,0.005523,0.003778,0.007176,0.99793,0.00207,0.993612,0.006388,0.983972,0.016028,0.965958,0.034042,0.93666,0.06334,0.89408,0.10592,0.837726,0.162274,0.768832,0.231168,0.690174,0.309826,0.605567,0.394433,0.519221,0.480779,0.435124,0.564876,0.356578,0.643422,0.285936,0.714064,0.224542,0.775458,0.172826,0.827174,0.130492,0.869508,0.096738,0.903262,0.070471,0.929529,0.050484,0.949516,0.035591,0.964409,0.997205,0.002795,0.991361,0.008639,0.978711,0.021289,0.955793,0.044207,0.919651,0.080349,0.868724,0.131276,0.803374,0.196626,0.725915,0.274085,0.640168,0.359832,0.550744,0.449256,0.462259,0.537741,0.378703,0.621297,0.303037,0.696963,0.237055,0.762945,0.181457,0.818543,0.13605,0.86395,0.100011,0.899989,0.07215,0.92785,0.051129,0.948871,0.035621,0.964379,0.024416,0.975584,1,0.002072,1,0.002799,1,0.006408,1,0.008677,1,0.016158,1,0.021519,1,0.034635,1,0.045214,1,0.065435,1,0.083761,1,0.11196,1,0.14073,1,0.177064,1,0.218935,1,0.262883,1,0.320322,1,0.370812,1,0.446025,1,0.50159,1,0.596485,0,0.732348,1,0.77163,0,0.571149,0,0.475946,0,0.440954,0,0.361023,0,0.336783,0,0.270569,0,0.254301,0,0.200229,0,0.18974,0,0.14624,0,0.139828,0,0.105373,0,0.101743,0,0.074885,0,0.073077,0,0.052482,0,0.051803,0,0.036271,0,0.03624,0,0.024719
2486,2025/26,16,Jagiellonia Białystok,GKS Katowice,18.0,13.0,31.0,16.6258,12.3424,28.9682,0.053957,1,4431.1735,0.6893,0.6093,0.1669,0.4062,0.1733,0.0,0.0,0.0,0.0,2e-06,7e-06,2e-05,5.4e-05,0.00013,0.000284,0.000571,0.001068,0.001871,0.003088,0.00483,0.007192,0.01024,0.013987,0.018388,0.023329,0.028634,0.034075,0.039391,0.044316,0.048596,0.05202,0.054429,0.055734,0.055916,0.055018,0.053145,0.05044,0.047077,0.04324,0.039113,0.034866,0.030647,0.026579,0.022756,0.019243,0.016079,0.013283,0.010853,0.008773,0.00702,0.005562,0.004365,0.003394,0.002615,0.001998,0.001514,0.004249,0.995993,0.004007,1,0.004015,0.992905,0.007095,1,0.00712,0.988076,0.011924,1,0.011996,0.980884,0.019116,1,0.019302,0.970644,0.029356,1,0.029796,0.956656,0.043344,1,0.044311,0.938268,0.061732,1,0.06372,0.914939,0.085061,1,0.088898,0.886305,0.113695,1,0.120695,0.85223,0.14777,1,0.159899,0.812839,0.187161,1,0.207223,0.768523,0.231477,1,0.263285,0.719927,0.280073,1,0.328606,0.667907,0.332093,1,0.403606,0.613478,0.386522,1,0.488611,0.557744,0.442256,1,0.583856,0.501828,0.498172,1,0.689497,0.44681,0.55319,1,0.805622,0.393665,0.606335,1,0.932254,0.343225,0.656775,0,0.420414,0.296149,0.703851,0,0.351188,0.252909,0.747091,0,0.291568,0.213796,0.786204,0,0.240539,0.17893,0.82107,0,0.197147,7e-06,6.1e-05,0.000284,0.000919,0.00234,0.004987,0.009249,0.015329,0.023135,0.032253,0.041992,0.051508,0.059945,0.066577,0.070911,0.072727,0.072077,0.069235,0.06463,0.058765,0.052149,0.045249,0.03845,0.032042,0.026221,0.021095,0.065319,7.8e-05,0.000578,0.002255,0.006169,0.013276,0.023916,0.037498,0.052534,0.067026,0.078991,0.086939,0.090148,0.088689,0.083269,0.074974,0.065002,0.054459,0.044222,0.034897,0.026823,0.020122,0.01476,0.010602,0.007469,0.005167,0.003514,0.006573,0.997104,0.002896,0.996185,0.003815,0.993844,0.006156,0.988858,0.011142,0.979608,0.020392,0.964279,0.035721,0.941144,0.058856,0.908891,0.091109,0.866899,0.133101,0.815391,0.184609,0.755446,0.244554,0.688869,0.311131,0.617959,0.382041,0.545232,0.454768,0.473156,0.526844,0.40392,0.59608,0.33929,0.66071,0.280525,0.719475,0.228376,0.771624,0.183127,0.816873,0.144677,0.855323,0.997039,0.002961,0.99087,0.00913,0.977595,0.022405,0.953679,0.046321,0.916181,0.083819,0.863647,0.136353,0.796621,0.203379,0.71763,0.28237,0.630691,0.369309,0.540542,0.459458,0.451853,0.548147,0.368584,0.631416,0.29361,0.70639,0.228608,0.771392,0.174149,0.825851,0.129927,0.870073,0.09503,0.90497,0.068207,0.931793,0.048085,0.951915,0.033325,0.966675,0.022723,0.977277,1,0.0029,1,0.002965,1,0.003822,1,0.009172,1,0.006175,1,0.02266,1,0.011205,1,0.047428,1,0.020603,1,0.087541,1,0.036375,1,0.146591,1,0.060659,1,0.227376,1,0.09553,1,0.331801,1,0.142833,1,0.460939,1,0.204088,1,0.615183,1,0.280447,1,0.794398,1,0.372704,0,0.45979,1,0.481333,0,0.347588,1,0.606544,0,0.259559,1,0.74833,0,0.191341,1,0.906538,0,0.139178,0,0.41444,0,0.099853,0,0.329233,0,0.070645,0,0.259258,0,0.04928,0,0.202272,0,0.033893,0,0.156276,0,0.022985
2487,2025/26,16,Widzew Łódź,Korona Kielce,22.0,13.0,35.0,14.1142,13.3238,27.4381,0.053957,1,4431.1735,0.6893,0.6093,0.1669,0.4062,0.1733,0.0,0.0,0.0,1e-06,4e-06,1.3e-05,3.8e-05,9.9e-05,0.000233,0.000495,0.00097,0.001765,0.003008,0.004828,0.007344,0.010634,0.014718,0.01954,0.024964,0.030774,0.036694,0.042412,0.047614,0.052011,0.055368,0.057527,0.058413,0.058036,0.056485,0.053908,0.050499,0.046472,0.042048,0.037435,0.032816,0.028344,0.024137,0.020276,0.016812,0.013765,0.011136,0.008904,0.007041,0.005507,0.004263,0.003267,0.00248,0.001865,0.001389,0.001026,0.000751,0.001872,0.993375,0.006625,1,0.006647,0.988546,0.011454,1,0.01152,0.981203,0.018797,1,0.018976,0.970569,0.029431,1,0.029873,0.955851,0.044149,1,0.045153,0.936311,0.063689,1,0.065808,0.911347,0.088653,1,0.092832,0.880573,0.119427,1,0.127183,0.843879,0.156121,1,0.169746,0.801467,0.198533,1,0.221312,0.753853,0.246147,1,0.282558,0.701842,0.298158,1,0.354046,0.646474,0.353526,1,0.436222,0.588947,0.411053,1,0.529419,0.530534,0.469466,1,0.633871,0.472498,0.527502,1,0.749722,0.416013,0.583987,1,0.877038,0.362105,0.637895,1,1.015821,0.311606,0.688394,1,1.166014,0.265134,0.734866,1,1.327519,0.223086,0.776914,1,1.500197,0.185651,0.814349,1,1.683885,0.152835,0.847165,1,1.878394,0.124491,0.875509,0,0.13295,2.8e-05,0.000222,0.000938,0.002774,0.006457,0.01258,0.021332,0.032321,0.044598,0.056842,0.06766,0.075875,0.08073,0.081973,0.079821,0.074845,0.067815,0.059555,0.050826,0.04225,0.034279,0.027192,0.021125,0.016095,0.012041,0.008857,0.020631,4.4e-05,0.000338,0.001382,0.003956,0.008907,0.016789,0.027541,0.04037,0.053889,0.066446,0.076516,0.08301,0.085444,0.083934,0.079068,0.071723,0.062869,0.053413,0.044099,0.035464,0.027835,0.021362,0.016055,0.011833,0.008565,0.006094,0.0129,0.998475,0.001525,0.995701,0.004299,0.989244,0.010756,0.976664,0.023336,0.955332,0.044668,0.923011,0.076989,0.878413,0.121587,0.821571,0.178429,0.753911,0.246089,0.678036,0.321964,0.597306,0.402694,0.515333,0.484667,0.435512,0.564488,0.360667,0.639333,0.292852,0.707148,0.233297,0.766703,0.18247,0.81753,0.14022,0.85978,0.105941,0.894059,0.078749,0.921251,0.057624,0.942376,0.998083,0.001917,0.994127,0.005873,0.985219,0.014781,0.96843,0.03157,0.940889,0.059111,0.900519,0.099481,0.84663,0.15337,0.780184,0.219816,0.703668,0.296332,0.620658,0.379342,0.535214,0.464786,0.45128,0.54872,0.372212,0.627788,0.300489,0.699511,0.237621,0.762379,0.184207,0.815793,0.140108,0.859892,0.104644,0.895356,0.076809,0.923191,0.055447,0.944553,0.039392,0.960608,1,0.001526,1,0.001919,1,0.004308,1,0.00589,1,0.010814,1,0.014891,1,0.023613,1,0.032079,1,0.045696,1,0.06093,1,0.080114,1,0.104784,1,0.129638,1,0.166492,1,0.196537,1,0.248225,1,0.282481,1,0.351449,1,0.388555,1,0.476975,1,0.515326,1,0.625089,1,0.662942,0,0.600167,1,0.831233,0,0.465553,1,1.0198,0,0.357374,1,1.228088,0,0.271311,1,1.455443,0,0.203595,1,1.70117,0,0.150948,1,1.964543,0,0.110534,1,2.244873,0,0.079919,1,2.54149,0,0.057043,0,0.059351,0,0.040189
2488,2025/26,17,Arka Gdynia,Raków Częstochowa,6.0,17.0,23.0,12.3917,13.2313,25.623,0.053994,1,4484.6872,0.7022,0.6242,0.1714,0.4005,0.1691,0.0,0.0,0.0,2e-06,9e-06,3e-05,8.6e-05,0.000217,0.000487,0.000997,0.001877,0.003281,0.005371,0.008283,0.012105,0.01684,0.022394,0.028567,0.035066,0.041534,0.047583,0.052846,0.057005,0.059831,0.061202,0.061101,0.059615,0.056915,0.053228,0.048815,0.04394,0.038857,0.033785,0.028904,0.024348,0.020209,0.016538,0.01335,0.010637,0.00837,0.006507,0.005,0.0038,0.002856,0.002125,0.001565,0.001142,0.000825,0.000591,0.000419,0.000295,0.000648,0.987642,0.012358,1,0.012435,0.979359,0.020641,1,0.020857,0.967254,0.032746,1,0.033294,0.950413,0.049587,1,0.050858,0.928019,0.071981,1,0.074703,0.899452,0.100548,1,0.10597,0.864386,0.135614,1,0.145736,0.822852,0.177148,1,0.194979,0.775268,0.224732,1,0.254546,0.722423,0.277577,1,0.325145,0.665418,0.334582,1,0.407339,0.605587,0.394413,0,0.930356,0.544385,0.455615,0,0.786108,0.483284,0.516716,0,0.660263,0.423669,0.576331,0,0.551073,0.366754,0.633246,0,0.456896,0.313526,0.686474,0,0.376187,0.264711,0.735289,0,0.307492,0.220771,0.779229,0,0.24945,0.181914,0.818086,0,0.200788,0.148129,0.851871,0,0.16032,0.119225,0.880775,0,0.126954,0.094877,0.905123,0,0.099685,0.074668,0.925332,0,0.077603,7.6e-05,0.000563,0.002202,0.006037,0.013019,0.023507,0.03694,0.051871,0.066332,0.078355,0.086442,0.089844,0.0886,0.083384,0.075257,0.065405,0.054929,0.044713,0.035371,0.027254,0.020496,0.015071,0.010853,0.007665,0.005315,0.003624,0.006824,4.6e-05,0.000356,0.001448,0.004128,0.009255,0.01737,0.028375,0.04142,0.055061,0.067611,0.077536,0.083773,0.085878,0.084016,0.078825,0.071213,0.062171,0.052608,0.04326,0.03465,0.027088,0.020706,0.0155,0.011379,0.008203,0.005814,0.012171,0.997106,0.002894,0.99107,0.00893,0.978051,0.021949,0.954544,0.045456,0.917604,0.082396,0.865733,0.134267,0.799401,0.200599,0.721046,0.278954,0.634604,0.365396,0.544761,0.455239,0.456161,0.543839,0.372777,0.627223,0.29752,0.70248,0.232115,0.767885,0.177185,0.822815,0.132472,0.867528,0.097102,0.902898,0.069848,0.930152,0.049352,0.950648,0.034281,0.965719,0.023428,0.976572,0.998011,0.001989,0.993882,0.006118,0.984628,0.015372,0.967257,0.032743,0.938882,0.061118,0.897462,0.102538,0.842402,0.157598,0.774791,0.225209,0.697255,0.302745,0.613482,0.386518,0.527604,0.472396,0.443588,0.556412,0.364763,0.635237,0.29355,0.70645,0.231379,0.768621,0.178771,0.821229,0.135511,0.864489,0.10086,0.89914,0.073772,0.926228,0.053067,0.946933,0.037567,0.962433,1,0.002898,1,0.001991,1,0.00897,1,0.006137,1,0.022193,1,0.015491,1,0.046522,1,0.033291,0,2.496218,1,0.063065,0,2.007925,1,0.108184,0,1.606447,1,0.171498,0,1.276708,1,0.255162,0,1.006774,1,0.360604,0,0.786933,1,0.488604,0,0.609102,1,0.639409,0,0.466453,1,0.812859,0,0.353138,1,1.008507,0,0.264115,1,1.225707,0,0.195024,1,1.463698,0,0.142107,0,0.196953,0,0.102146,0,0.145617,0,0.072407,0,0.106317,0,0.050611,0,0.076635,0,0.034882,0,0.054527,0,0.023707,0,0.038291
2489,2025/26,17,Wisła Płock,Lech Poznań,7.0,25.0,32.0,14.2942,13.6626,27.9567,0.053994,1,4484.6872,0.7022,0.6242,0.1714,0.4005,0.1691,0.0,0.0,0.0,1e-06,3e-06,1e-05,3e-05,8e-05,0.000188,0.000406,0.000803,0.001477,0.002543,0.004126,0.006343,0.009284,0.012987,0.017427,0.022503,0.028038,0.033791,0.039476,0.044794,0.049456,0.053215,0.055885,0.057357,0.057601,0.056665,0.054662,0.051757,0.048144,0.04403,0.039622,0.035108,0.030651,0.026383,0.022402,0.018775,0.015539,0.012706,0.01027,0.008208,0.00649,0.005078,0.003934,0.003018,0.002294,0.001727,0.00129,0.000955,0.002465,0.994459,0.005541,1,0.005556,0.990333,0.009667,1,0.009714,0.983989,0.016011,1,0.01614,0.974706,0.025294,1,0.02562,0.961719,0.038281,1,0.039033,0.944292,0.055708,1,0.05732,0.921788,0.078212,1,0.08144,0.89375,0.10625,1,0.112329,0.85996,0.14004,1,0.15087,0.820484,0.179516,1,0.197861,0.775689,0.224311,1,0.254003,0.726233,0.273767,1,0.319884,0.673018,0.326982,1,0.395984,0.617132,0.382868,1,0.482672,0.559775,0.440225,1,0.58022,0.502175,0.497825,1,0.688807,0.44551,0.55449,1,0.808535,0.390848,0.609152,1,0.939437,0.339091,0.660909,1,1.081488,0.290947,0.709053,1,1.234614,0.246917,0.753083,0,0.283579,0.207294,0.792706,0,0.232303,0.172186,0.827814,0,0.188967,0.141535,0.858465,0,0.152609,2.5e-05,0.000202,0.00086,0.002563,0.006006,0.011783,0.020121,0.030702,0.042663,0.054763,0.06565,0.074146,0.079455,0.081257,0.079693,0.075262,0.068684,0.060754,0.052225,0.043727,0.035734,0.028552,0.022343,0.017146,0.012922,0.009573,0.022789,3.6e-05,0.000283,0.001171,0.0034,0.007765,0.014847,0.024709,0.036744,0.049761,0.062249,0.072727,0.080051,0.083602,0.083324,0.079641,0.073301,0.065194,0.056201,0.047082,0.038419,0.030597,0.023827,0.018171,0.01359,0.009981,0.007207,0.015905,0.998513,0.001487,0.99595,0.00405,0.989945,0.010055,0.978162,0.021838,0.958041,0.041959,0.927339,0.072661,0.884676,0.115324,0.829913,0.170087,0.764264,0.235736,0.690118,0.309882,0.610662,0.389338,0.529405,0.470595,0.449712,0.550288,0.37445,0.62555,0.305766,0.694234,0.245011,0.754989,0.192787,0.807213,0.14906,0.85094,0.113326,0.886674,0.084773,0.915227,0.062431,0.937569,0.998293,0.001707,0.994894,0.005106,0.987129,0.012871,0.972281,0.027719,0.947573,0.052427,0.910829,0.089171,0.861068,0.138932,0.798819,0.201181,0.726091,0.273909,0.64604,0.35396,0.562439,0.437561,0.479115,0.520885,0.399473,0.600527,0.326172,0.673828,0.260978,0.739022,0.204778,0.795222,0.157696,0.842304,0.119278,0.880722,0.08868,0.91132,0.064854,0.935146,0.046683,0.953317,1,0.001488,1,0.001708,1,0.004058,1,0.005119,1,0.010106,1,0.012955,1,0.02208,1,0.02811,1,0.042865,1,0.053851,0,2.62195,1,0.0934,0,2.16001,1,0.149582,0,1.771445,1,0.224621,0,1.445043,1,0.32008,0,1.171564,1,0.436894,0,0.943307,1,0.575473,0,0.753757,1,0.735815,0,0.597314,1,0.917609,0,0.469124,1,1.12033,0,0.364946,1,1.343319,0,0.281052,1,1.585829,0,0.214168,1,1.847086,0,0.161414,1,2.126298,0,0.120278,1,2.422721,0,0.088583,1,2.735617,0,0.064465,1,3.064375
2490,2025/26,17,Lechia Gdańsk,Bruk-Bet Termalica Nieciecza,16.0,4.0,20.0,15.9191,12.6158,28.535,0.053994,1,4484.6872,0.7022,0.6242,0.1714,0.4005,0.1691,0.0,0.0,0.0,1e-06,2e-06,8e-06,2.4e-05,6.4e-05,0.000152,0.000331,0.000662,0.001229,0.002136,0.0035,0.005434,0.008032,0.01135,0.015386,0.020073,0.025271,0.030778,0.03634,0.04168,0.046519,0.050605,0.053734,0.055767,0.056639,0.056355,0.054991,0.052675,0.049574,0.045876,0.041778,0.037465,0.033108,0.028848,0.024799,0.021044,0.017637,0.014605,0.011956,0.00968,0.007754,0.006147,0.004825,0.003751,0.002889,0.002206,0.001669,0.001253,0.003395,0.995391,0.004609,1,0.004619,0.991891,0.008109,1,0.008142,0.986457,0.013543,1,0.013635,0.978425,0.021575,1,0.021811,0.967076,0.032924,1,0.033478,0.95169,0.04831,1,0.049516,0.931617,0.068383,1,0.070834,0.906345,0.093655,1,0.098335,0.875567,0.124433,0,2.083991,0.839227,0.160773,0,1.827764,0.797547,0.202453,0,1.59725,0.751028,0.248972,0,1.390416,0.700423,0.299577,0,1.205385,0.646689,0.353311,0,1.040407,0.590922,0.409078,0,0.893848,0.534283,0.465717,0,0.764177,0.477928,0.522072,0,0.649949,0.422936,0.577064,0,0.549802,0.370261,0.629739,0,0.46245,0.320687,0.679313,0,0.386674,0.274811,0.725189,0,0.321323,0.233033,0.766967,0,0.265312,0.195568,0.804432,0,0.217619,0.16246,0.83754,0,0.177286,1e-05,8.8e-05,0.000396,0.001251,0.003111,0.006477,0.011736,0.019002,0.02802,0.038165,0.048549,0.058185,0.066162,0.071799,0.074722,0.074881,0.072514,0.068063,0.062084,0.05516,0.047832,0.040556,0.033676,0.027423,0.02193,0.017241,0.049428,6.6e-05,0.000498,0.001968,0.005453,0.011887,0.021693,0.034457,0.048905,0.063212,0.075472,0.084157,0.08841,0.088124,0.083828,0.076472,0.067176,0.057024,0.046917,0.037513,0.029216,0.022208,0.016505,0.012013,0.008576,0.006011,0.004143,0.008028,0.997966,0.002034,0.996715,0.003285,0.993604,0.006396,0.987127,0.012873,0.975392,0.024608,0.956389,0.043611,0.928369,0.071631,0.890204,0.109796,0.841655,0.158345,0.78347,0.21653,0.717308,0.282692,0.645508,0.354492,0.570787,0.429213,0.495906,0.504094,0.423392,0.576608,0.355328,0.644672,0.293245,0.706755,0.238085,0.761915,0.190253,0.809747,0.149697,0.850303,0.116021,0.883979,0.997399,0.002601,0.991946,0.008054,0.980059,0.019941,0.958365,0.041635,0.923909,0.076091,0.875004,0.124996,0.811792,0.188208,0.73632,0.26368,0.652163,0.347837,0.563753,0.436247,0.475629,0.524371,0.391801,0.608199,0.315329,0.684671,0.248152,0.751848,0.191129,0.808871,0.144212,0.855788,0.106699,0.893301,0.077483,0.922517,0.055276,0.944724,0.03877,0.96123,0.026757,0.973243,1,0.002036,1,0.002604,1,0.00329,1,0.008087,1,0.006417,0,3.914977,1,0.012957,0,3.178814,1,0.024916,0,2.575825,1,0.044591,0,2.079474,1,0.074326,0,1.670208,1,0.116305,0,1.333019,1,0.172385,0,1.056021,1,0.244023,0,0.829547,1,0.33225,0,0.645556,1,0.437718,0,0.497253,1,0.560739,0,0.378817,1,0.701369,0,0.285221,0,0.550593,0,0.212116,0,0.439014,0,0.155733,0,0.347071,0,0.112832,0,0.27192,0,0.080649,0,0.211033,0,0.056862,0,0.162163,0,0.039542,0,0.123322,0,0.027121
2491,2025/26,17,Motor Lublin,Legia Warszawa,4.0,14.0,18.0,13.1987,14.2568,27.4555,0.053994,1,4484.6872,0.7022,0.6242,0.1714,0.4005,0.1691,0.0,0.0,0.0,1e-06,4e-06,1.3e-05,3.8e-05,9.9e-05,0.000231,0.000493,0.000966,0.001758,0.002995,0.004809,0.007315,0.010594,0.014666,0.019476,0.024887,0.030687,0.036599,0.042314,0.047517,0.05192,0.055289,0.057463,0.058367,0.058011,0.05648,0.053924,0.050532,0.046521,0.04211,0.037505,0.032891,0.028422,0.024213,0.02035,0.016881,0.013828,0.011192,0.008954,0.007084,0.005544,0.004294,0.003292,0.0025,0.001881,0.001402,0.001036,0.000759,0.001895,0.993403,0.006597,1,0.006619,0.988595,0.011405,1,0.011471,0.98128,0.01872,1,0.018898,0.970686,0.029314,1,0.029753,0.95602,0.04398,1,0.044977,0.936544,0.063456,1,0.065559,0.911656,0.088344,0,2.426522,0.88097,0.11903,0,2.128378,0.844371,0.155629,0,1.86028,0.802057,0.197943,0,1.619776,0.75454,0.24546,0,1.404621,0.70262,0.29738,0,1.212744,0.647331,0.352669,0,1.042226,0.589868,0.410132,0,0.891277,0.531501,0.468499,0,0.758222,0.47349,0.52651,0,0.641486,0.41701,0.58299,0,0.539585,0.363087,0.636913,0,0.451122,0.312554,0.687446,0,0.374772,0.266033,0.733967,0,0.309291,0.223924,0.776076,0,0.253504,0.186419,0.813581,0,0.206309,0.153527,0.846473,0,0.166677,0.125106,0.874894,0,0.133652,4.7e-05,0.000362,0.001472,0.004189,0.009378,0.017577,0.028672,0.041792,0.055476,0.068022,0.077896,0.084041,0.086028,0.084042,0.078736,0.071031,0.061922,0.052322,0.042963,0.034363,0.026825,0.020475,0.015305,0.01122,0.008077,0.005716,0.011918,2.6e-05,0.000206,0.000876,0.002606,0.006098,0.011946,0.020368,0.031034,0.043061,0.055192,0.066066,0.074506,0.079723,0.081411,0.079725,0.075181,0.068509,0.06051,0.051938,0.043422,0.035432,0.02827,0.022089,0.016927,0.012737,0.009423,0.022331,0.997985,0.002015,0.993795,0.006205,0.984417,0.015583,0.96684,0.03316,0.938168,0.061832,0.896376,0.103624,0.840901,0.159099,0.772879,0.227121,0.694983,0.305017,0.610942,0.389058,0.524914,0.475086,0.440872,0.559128,0.362136,0.637864,0.291105,0.708895,0.229183,0.770817,0.176862,0.823138,0.133898,0.866102,0.099535,0.900465,0.07271,0.92729,0.052236,0.947764,0.036931,0.963069,0.998506,0.001494,0.9959,0.0041,0.989803,0.010197,0.977857,0.022143,0.957489,0.042511,0.926455,0.073545,0.883393,0.116607,0.828202,0.171798,0.762135,0.237865,0.687629,0.312371,0.607906,0.392094,0.526495,0.473505,0.44677,0.55323,0.371588,0.628412,0.303079,0.696921,0.242569,0.757431,0.190631,0.809369,0.147209,0.852791,0.111776,0.888224,0.083506,0.916494,0.061418,0.938582,1,0.002017,1,0.001495,1,0.006224,1,0.004108,0,4.161575,1,0.010249,0,3.406411,1,0.022392,0,2.783334,1,0.043441,0,2.266986,1,0.07639,0,1.838229,1,0.123985,0,1.482272,1,0.188498,0,1.187388,1,0.271632,0,0.944027,1,0.374506,0,0.744259,1,0.497735,0,0.581377,1,0.641513,0,0.44963,0,0.591981,0,0.344048,0,0.464559,0,0.260304,0,0.361083,0,0.194631,0,0.277823,0,0.143753,0,0.2115,0,0.104844,0,0.159241,0,0.075489,0,0.118531,0,0.05365,0,0.0872,0,0.03763,0,0.063385
2492,2025/26,17,Zagłębie Lubin,Jagiellonia Białystok,9.0,19.0,28.0,15.5336,13.5807,29.1144,0.053994,1,4484.6872,0.7022,0.6242,0.1714,0.4005,0.1691,0.0,0.0,0.0,0.0,2e-06,6e-06,1.8e-05,4.9e-05,0.000119,0.000261,0.000528,0.000994,0.001749,0.002903,0.004563,0.006829,0.00977,0.013408,0.017708,0.022566,0.027816,0.033239,0.038579,0.043571,0.047958,0.051522,0.054096,0.055578,0.055937,0.055208,0.053484,0.050903,0.047635,0.043862,0.03977,0.035531,0.031297,0.027197,0.023327,0.019759,0.016536,0.01368,0.011191,0.009057,0.007255,0.005753,0.004518,0.003515,0.00271,0.002071,0.00157,0.004401,0.996274,0.003726,1,0.003733,0.993371,0.006629,1,0.006651,0.988808,0.011192,1,0.011255,0.981979,0.018021,1,0.018185,0.972209,0.027791,1,0.028184,0.958801,0.041199,1,0.042072,0.941093,0.058907,1,0.060714,0.918527,0.081473,1,0.084984,0.890711,0.109289,1,0.115735,0.857472,0.142528,1,0.153766,0.818893,0.181107,1,0.199802,0.775322,0.224678,1,0.254477,0.727364,0.272636,1,0.318329,0.675841,0.324159,1,0.391797,0.621745,0.378255,1,0.475225,0.566167,0.433833,1,0.568866,0.51023,0.48977,0,0.71382,0.455023,0.544977,0,0.607011,0.401539,0.598461,0,0.513394,0.350636,0.649364,0,0.431762,0.303001,0.696999,0,0.360972,0.259139,0.740861,0,0.299942,0.219368,0.780632,0,0.247652,0.183837,0.816163,0,0.203142,1.3e-05,0.000107,0.000475,0.001481,0.003634,0.007466,0.013351,0.021333,0.031042,0.041724,0.052378,0.061946,0.069512,0.074441,0.07645,0.075605,0.072251,0.066922,0.060239,0.052816,0.045197,0.037817,0.030987,0.024902,0.019651,0.015246,0.041867,3.8e-05,0.000295,0.001219,0.003527,0.008028,0.015297,0.02537,0.037597,0.05074,0.063254,0.073645,0.080781,0.084073,0.083503,0.079537,0.072952,0.064659,0.055547,0.046373,0.037709,0.029929,0.023225,0.017651,0.013156,0.009629,0.006928,0.015139,0.998258,0.001742,0.996778,0.003222,0.993144,0.006856,0.985677,0.014323,0.972326,0.027674,0.950994,0.049006,0.919952,0.080048,0.878228,0.121772,0.82585,0.17415,0.763904,0.236096,0.694392,0.305608,0.619951,0.380049,0.543501,0.456499,0.467896,0.532104,0.395645,0.604355,0.328723,0.671277,0.268484,0.731516,0.215667,0.784333,0.170471,0.829529,0.132654,0.867346,0.101666,0.898334,0.998248,0.001752,0.994721,0.005279,0.986693,0.013307,0.971396,0.028604,0.946026,0.053974,0.908429,0.091571,0.85769,0.14231,0.794435,0.205565,0.72079,0.27921,0.640009,0.359991,0.555936,0.444064,0.472433,0.527567,0.392896,0.607104,0.319944,0.680056,0.255285,0.744715,0.199738,0.800262,0.153365,0.846635,0.115656,0.884344,0.085727,0.914273,0.062502,0.937498,0.044851,0.955149,1,0.001744,1,0.001754,1,0.003227,1,0.005293,1,0.00688,1,0.013396,1,0.014427,1,0.029021,1,0.028064,1,0.055485,1,0.050248,1,0.096039,1,0.083434,1,0.153513,0,2.105605,1,0.230124,0,1.747838,1,0.327407,0,1.443517,1,0.446273,0,1.185452,1,0.587102,0,0.967455,1,0.749859,0,0.784169,1,0.93421,0,0.630916,1,1.139609,0,0.503594,1,1.365375,0,0.398573,1,1.610749,0,0.312636,1,1.874935,0,0.242922,0,0.122909,0,0.186897,0,0.089626,0,0.142317,0,0.064541,0,0.107213,0,0.045888
2493,2025/26,17,Radomiak Radom,Górnik Zabrze,19.0,9.0,28.0,14.0901,12.492,26.5821,0.053994,1,4484.6872,0.7022,0.6242,0.1714,0.4005,0.1691,0.0,0.0,0.0,1e-06,6e-06,1.9e-05,5.6e-05,0.000144,0.000331,0.000692,0.001331,0.002376,0.003973,0.006258,0.009342,0.013275,0.018033,0.023499,0.029467,0.035654,0.04173,0.047347,0.052178,0.055952,0.058474,0.059645,0.05946,0.058002,0.055426,0.051938,0.047772,0.043168,0.038354,0.033531,0.028865,0.024484,0.020476,0.016893,0.013756,0.011063,0.00879,0.006904,0.005362,0.00412,0.003133,0.002358,0.001758,0.001299,0.000951,0.00069,0.000496,0.001168,0.99107,0.00893,1,0.00897,0.984812,0.015188,1,0.015304,0.97547,0.02453,1,0.024836,0.962195,0.037805,1,0.038538,0.944162,0.055838,1,0.057458,0.920663,0.079337,1,0.082662,0.891196,0.108804,1,0.115191,0.855541,0.144459,1,0.156021,0.813811,0.186189,1,0.206027,0.766465,0.233535,1,0.265967,0.714286,0.285714,1,0.336471,0.658335,0.341665,1,0.418042,0.59986,0.40014,1,0.511059,0.540215,0.459785,1,0.615788,0.480755,0.519245,1,0.732398,0.422753,0.577247,1,0.860966,0.367328,0.632672,0,0.457803,0.31539,0.68461,0,0.378906,0.267618,0.732382,0,0.311453,0.224449,0.775551,0,0.254182,0.186095,0.813905,0,0.205912,0.152564,0.847436,0,0.16554,0.123699,0.876301,0,0.132046,0.099215,0.900785,0,0.104489,2.8e-05,0.000225,0.00095,0.002807,0.006525,0.012699,0.021508,0.032553,0.044869,0.057127,0.067929,0.076098,0.080886,0.08205,0.079817,0.074768,0.067681,0.059381,0.05063,0.042048,0.034083,0.027013,0.020966,0.01596,0.01193,0.008767,0.02037,7.1e-05,0.000532,0.002093,0.005768,0.0125,0.022678,0.03581,0.050528,0.064927,0.077065,0.08543,0.089221,0.088411,0.083608,0.075825,0.066217,0.05588,0.045707,0.036331,0.028129,0.021257,0.015706,0.011365,0.008065,0.00562,0.00385,0.007344,0.998466,0.001534,0.995659,0.004341,0.989134,0.010866,0.976436,0.023564,0.954927,0.045073,0.922374,0.077626,0.877505,0.122495,0.820377,0.179623,0.752448,0.247552,0.67635,0.32365,0.595464,0.404536,0.513414,0.486586,0.433597,0.566403,0.358829,0.641171,0.291148,0.708852,0.231767,0.768233,0.181137,0.818863,0.139089,0.860911,0.105005,0.894995,0.077993,0.922007,0.057026,0.942974,0.997242,0.002758,0.991474,0.008526,0.978975,0.021025,0.956296,0.043704,0.920486,0.079514,0.869959,0.130041,0.805032,0.194968,0.727967,0.272033,0.642537,0.357463,0.553316,0.446684,0.464905,0.535095,0.381296,0.618704,0.305472,0.694528,0.239254,0.760746,0.183374,0.816626,0.137668,0.862332,0.101336,0.898664,0.073207,0.926793,0.05195,0.94805,0.036244,0.963756,0.02488,0.97512,1,0.001535,1,0.002762,1,0.00435,1,0.008563,1,0.010925,1,0.021249,1,0.023846,1,0.044688,1,0.04612,1,0.082853,1,0.080804,1,0.139309,1,0.130673,1,0.216873,1,0.197991,0,1.301832,1,0.284423,0,1.028723,1,0.391045,0,0.805904,1,0.518414,0,0.625311,1,0.666673,0,0.480128,1,0.83564,0,0.364523,1,1.024909,0,0.273456,1,1.233924,0,0.202574,1,1.462023,0,0.148115,1,1.708502,0,0.106846,0,0.149764,0,0.076025,0,0.110937,0,0.053348,0,0.081202,0,0.036917,0,0.058717,0,0.025195
2494,2025/26,17,Korona Kielce,Cracovia,16.0,10.0,26.0,13.7223,12.4056,26.1278,0.053994,1,4484.6872,0.7022,0.6242,0.1714,0.4005,0.1691,0.0,0.0,0.0,2e-06,7e-06,2.4e-05,6.9e-05,0.000175,0.000398,0.000823,0.001567,0.00277,0.004586,0.007152,0.010571,0.014874,0.020005,0.02581,0.032043,0.038387,0.044482,0.049967,0.054518,0.057879,0.059885,0.060474,0.059684,0.057638,0.054527,0.050584,0.046061,0.041204,0.036241,0.031365,0.026729,0.022444,0.01858,0.015174,0.012232,0.009737,0.007659,0.005954,0.004578,0.003482,0.002621,0.001953,0.001441,0.001054,0.000763,0.000548,0.00039,0.000889,0.98958,0.01042,1,0.010474,0.982428,0.017572,1,0.017728,0.971857,0.028143,1,0.028547,0.956983,0.043017,1,0.04397,0.936979,0.063021,1,0.065095,0.911169,0.088831,1,0.093027,0.879125,0.120875,1,0.128828,0.840738,0.159262,1,0.173475,0.796256,0.203744,1,0.227834,0.746289,0.253711,1,0.292642,0.691771,0.308229,1,0.3685,0.633893,0.366107,1,0.455876,0.574008,0.425992,1,0.555113,0.513533,0.486467,1,0.66644,0.453849,0.546151,0,0.60486,0.396211,0.603789,0,0.50453,0.341684,0.658316,0,0.41807,0.291099,0.708901,0,0.34404,0.245039,0.754961,0,0.281089,0.203835,0.796165,0,0.227949,0.167594,0.832406,0,0.183435,0.136229,0.863771,0,0.146447,0.1095,0.8905,0,0.115972,0.087056,0.912944,0,0.091081,3.5e-05,0.000274,0.001137,0.00331,0.007578,0.014527,0.024237,0.036133,0.049056,0.061521,0.072057,0.079513,0.083248,0.083179,0.079703,0.073542,0.065572,0.056668,0.047593,0.038933,0.031085,0.024267,0.018553,0.013911,0.010242,0.007414,0.016482,7.5e-05,0.000558,0.002186,0.005999,0.012946,0.02339,0.036781,0.051683,0.066137,0.078176,0.086302,0.08976,0.088576,0.083417,0.075338,0.06552,0.055062,0.044851,0.035504,0.027375,0.020601,0.015158,0.010923,0.007719,0.005357,0.003655,0.006895,0.998324,0.001676,0.995014,0.004986,0.987435,0.012565,0.972908,0.027092,0.948672,0.051328,0.912539,0.087461,0.863483,0.136517,0.801961,0.198039,0.729904,0.270096,0.650392,0.349608,0.567144,0.432856,0.483965,0.516035,0.404262,0.595738,0.33072,0.66928,0.265148,0.734852,0.20848,0.79152,0.160887,0.839113,0.121954,0.878046,0.090869,0.909131,0.066602,0.933398,0.048049,0.951951,0.997126,0.002874,0.991127,0.008873,0.978181,0.021819,0.954791,0.045209,0.91801,0.08199,0.866326,0.133674,0.80019,0.19981,0.722013,0.277987,0.635711,0.364289,0.545951,0.454049,0.457376,0.542624,0.373958,0.626042,0.29862,0.70138,0.2331,0.7669,0.178038,0.821962,0.133186,0.866814,0.097683,0.902317,0.070308,0.929692,0.049707,0.950293,0.034549,0.965451,0.023626,0.976374,1,0.001677,1,0.002878,1,0.004998,1,0.008913,1,0.012645,1,0.022061,1,0.027466,1,0.046263,1,0.052692,1,0.085547,1,0.091524,1,0.143494,1,0.146781,1,0.222906,1,0.220695,1,0.325712,1,0.314842,0,1.009808,1,0.43018,0,0.78955,1,0.567142,0,0.611339,1,0.725743,0,0.468338,1,0.905692,0,0.354705,1,1.106483,0,0.265399,0,0.308086,0,0.196061,0,0.2338,0,0.142931,0,0.17541,0,0.102789,0,0.130056,0,0.072902,0,0.095266,0,0.050985,0,0.068924,0,0.03516,0,0.049242,0,0.02391
2495,2025/26,17,GKS Katowice,Pogoń Szczecin,9.0,27.0,36.0,15.2707,14.1733,29.4439,0.053994,1,4484.6872,0.7022,0.6242,0.1714,0.4005,0.1691,0.0,0.0,0.0,0.0,1e-06,5e-06,1.6e-05,4.2e-05,0.000103,0.000229,0.000466,0.000882,0.001564,0.002612,0.004134,0.006228,0.00897,0.012393,0.016475,0.021134,0.026222,0.03154,0.036847,0.041885,0.046402,0.050172,0.053016,0.054818,0.055524,0.055148,0.053764,0.051492,0.048488,0.044927,0.040989,0.036847,0.032657,0.028552,0.02464,0.020998,0.01768,0.014714,0.01211,0.009859,0.007944,0.006337,0.005006,0.003918,0.003038,0.002336,0.00178,0.005095,0.996692,0.003308,1,0.003314,0.99408,0.00592,1,0.005938,0.989946,0.010054,1,0.010105,0.983717,0.016283,1,0.016417,0.974747,0.025253,1,0.025577,0.962354,0.037646,1,0.038373,0.945879,0.054121,1,0.055641,0.924745,0.075255,1,0.078237,0.898523,0.101477,1,0.107003,0.866983,0.133017,1,0.142736,0.830136,0.169864,1,0.186166,0.788251,0.211749,1,0.237939,0.741849,0.258151,1,0.298609,0.691678,0.308322,1,0.368635,0.638661,0.361339,1,0.448381,0.583844,0.416156,1,0.538122,0.52832,0.47168,1,0.638053,0.473172,0.526828,1,0.748296,0.419408,0.580592,1,0.86891,0.367917,0.632083,1,0.999899,0.319429,0.680571,1,1.141222,0.274501,0.725499,1,1.292799,0.233512,0.766488,1,1.454521,0.196665,0.803335,1,1.626252,1.5e-05,0.000122,0.000538,0.001662,0.004042,0.008226,0.014573,0.02307,0.033259,0.044289,0.055082,0.06454,0.071751,0.076126,0.077455,0.075888,0.071849,0.065933,0.058798,0.051074,0.043301,0.035894,0.029139,0.0232,0.018138,0.013941,0.037164,2.7e-05,0.000216,0.000912,0.002705,0.006308,0.012317,0.020932,0.031787,0.04396,0.056157,0.066998,0.075307,0.080312,0.08174,0.079782,0.074986,0.068104,0.059953,0.051288,0.042737,0.034758,0.02764,0.021525,0.016439,0.012329,0.009091,0.021333,0.998395,0.001605,0.996733,0.003267,0.992691,0.007309,0.984465,0.015535,0.969891,0.030109,0.946821,0.053179,0.913563,0.086437,0.869273,0.130727,0.814191,0.185809,0.749651,0.250349,0.6779,0.3221,0.601775,0.398225,0.524319,0.475681,0.448431,0.551569,0.376582,0.623418,0.31065,0.68935,0.251851,0.748149,0.200777,0.799223,0.157476,0.842524,0.121582,0.878418,0.092443,0.907557,0.998488,0.001512,0.995784,0.004216,0.989475,0.010525,0.977158,0.022842,0.956226,0.043774,0.924439,0.075561,0.880479,0.119521,0.824322,0.175678,0.757324,0.242676,0.682018,0.317982,0.601705,0.398295,0.519965,0.480035,0.440183,0.559817,0.365197,0.634803,0.297093,0.702907,0.237141,0.762859,0.185852,0.814148,0.143115,0.856885,0.108357,0.891643,0.080717,0.919283,0.059193,0.940807,1,0.001606,1,0.001513,1,0.003272,1,0.004225,1,0.007336,1,0.010581,1,0.015657,1,0.023107,1,0.030572,1,0.044761,1,0.054645,1,0.078568,1,0.090403,1,0.127289,0,2.034644,1,0.193194,0,1.683036,1,0.277964,0,1.384899,1,0.382699,0,1.132893,1,0.507988,0,0.920738,1,0.653994,0,0.743008,1,0.820565,0,0.594988,1,1.007318,0,0.472538,1,1.21371,0,0.372006,1,1.4391,0,0.290153,1,1.682805,0,0.224115,1,1.944107,0,0.171353,1,2.222324,0,0.129633,1,2.516806,0,0.096999,1,2.826952
2496,2025/26,17,Piast Gliwice,Widzew Łódź,24.0,10.0,34.0,14.4849,12.9463,27.4312,0.053994,1,4484.6872,0.7022,0.6242,0.1714,0.4005,0.1691,0.0,0.0,0.0,1e-06,4e-06,1.3e-05,3.8e-05,0.0001,0.000234,0.000499,0.000977,0.001776,0.003024,0.004851,0.007374,0.010672,0.014763,0.019592,0.025019,0.030829,0.036745,0.042456,0.047647,0.052031,0.055375,0.05752,0.058392,0.058005,0.056444,0.053862,0.050449,0.046422,0.042,0.037391,0.032777,0.028311,0.024109,0.020254,0.016795,0.013753,0.011127,0.008899,0.007038,0.005506,0.004263,0.003268,0.002481,0.001866,0.001391,0.001028,0.000753,0.001878,0.993335,0.006665,1,0.006687,0.988484,0.011516,1,0.011583,0.98111,0.01889,1,0.019071,0.970438,0.029562,1,0.030008,0.955675,0.044325,1,0.045338,0.936083,0.063917,1,0.066051,0.911064,0.088936,1,0.093142,0.880235,0.119765,1,0.127566,0.843491,0.156509,1,0.170206,0.801035,0.198965,1,0.221851,0.753388,0.246612,1,0.283175,0.701357,0.298643,1,0.354739,0.645982,0.354018,1,0.436984,0.588463,0.411537,1,0.530242,0.53007,0.46993,1,0.634746,0.472066,0.527934,1,0.750637,0.415621,0.584379,1,0.877981,0.36176,0.63824,1,1.016776,0.31131,0.68869,1,1.166965,0.264888,0.735112,1,1.328449,0.222887,0.777113,1,1.501089,0.185497,0.814503,1,1.684719,0.15272,0.84728,0,0.165724,0.124409,0.875591,0,0.132856,2.3e-05,0.000183,0.000784,0.002354,0.005558,0.010986,0.0189,0.029056,0.040678,0.052605,0.063535,0.072295,0.078052,0.08042,0.079462,0.075606,0.069515,0.061949,0.05365,0.045257,0.037261,0.029996,0.023648,0.018284,0.013882,0.010362,0.025226,5.5e-05,0.000415,0.001668,0.004695,0.010393,0.019259,0.031061,0.044765,0.058754,0.071231,0.080652,0.086035,0.087078,0.084111,0.077913,0.069497,0.059903,0.050046,0.040632,0.032133,0.024802,0.018717,0.013834,0.010027,0.007137,0.004994,0.01009,0.998534,0.001466,0.996181,0.003819,0.990623,0.009377,0.979637,0.020363,0.960737,0.039263,0.931681,0.068319,0.891003,0.108997,0.838398,0.161602,0.774863,0.225137,0.702567,0.297433,0.624515,0.375485,0.544096,0.455904,0.464634,0.535366,0.389028,0.610972,0.319514,0.680486,0.257565,0.742435,0.203914,0.796086,0.158658,0.841342,0.121397,0.878603,0.091401,0.908599,0.067753,0.932247,0.99776,0.00224,0.993065,0.006935,0.982672,0.017328,0.963413,0.036587,0.932352,0.067648,0.887587,0.112413,0.828833,0.171167,0.757603,0.242397,0.676951,0.323049,0.590916,0.409084,0.503838,0.496162,0.419727,0.580273,0.341814,0.658186,0.272317,0.727683,0.212413,0.787587,0.162367,0.837633,0.121734,0.878266,0.089602,0.910398,0.0648,0.9352,0.046083,0.953917,0.032249,0.967751,1,0.001467,1,0.002243,1,0.003826,1,0.006959,1,0.009421,1,0.01748,1,0.020573,1,0.037273,1,0.040055,1,0.070045,1,0.070765,1,0.119249,1,0.115407,1,0.187737,1,0.176262,1,0.277596,1,0.255069,0,1.129951,1,0.353015,0,0.893835,1,0.47078,0,0.700853,1,0.60863,0,0.544257,1,0.766505,0,0.418268,1,0.944104,0,0.31789,1,1.140954,0,0.238781,1,1.356483,0,0.177175,1,1.590057,0,0.129806,1,1.841004,0,0.093873,1,2.108689,0,0.066995,1,2.392499,0,0.047179,1,2.691887,0,0.03278
2497,2025/26,18,Arka Gdynia,Motor Lublin,16.0,13.0,29.0,13.7282,12.8654,26.5937,0.055432,1,4546.1051,0.6457,0.571,0.171,0.4031,0.1878,0.0,0.0,0.0,1e-06,6e-06,2e-05,5.9e-05,0.000151,0.000345,0.000717,0.001372,0.002438,0.004058,0.006367,0.00947,0.013414,0.018169,0.023615,0.029547,0.035682,0.041694,0.047241,0.052006,0.055721,0.0582,0.059347,0.059157,0.057714,0.05517,0.051728,0.047616,0.043069,0.03831,0.033538,0.028915,0.024568,0.020584,0.017017,0.013888,0.011194,0.008917,0.007022,0.005469,0.004214,0.003214,0.002427,0.001816,0.001346,0.000989,0.00072,0.00052,0.001239,0.990832,0.009168,1,0.00921,0.984465,0.015535,1,0.015657,0.974995,0.025005,1,0.025323,0.961582,0.038418,1,0.039176,0.943413,0.056587,1,0.058251,0.919797,0.080203,1,0.083602,0.890251,0.109749,1,0.116252,0.854569,0.145431,1,0.157158,0.812875,0.187125,1,0.207177,0.765634,0.234366,1,0.267051,0.713629,0.286371,1,0.337393,0.657907,0.342093,1,0.418691,0.599707,0.400293,1,0.511314,0.54036,0.45964,1,0.615519,0.481203,0.518797,1,0.731465,0.423489,0.576511,1,0.859227,0.368319,0.631681,1,0.998806,0.316591,0.683409,0,0.380662,0.268975,0.731025,0,0.313307,0.225906,0.774094,0,0.256062,0.187595,0.812405,0,0.207757,0.154058,0.845942,0,0.167304,0.125143,0.874857,0,0.133695,0.100575,0.899425,0,0.105999,3.7e-05,0.000287,0.001182,0.003412,0.007757,0.014775,0.024518,0.036387,0.049217,0.061537,0.071906,0.079208,0.082834,0.082715,0.07925,0.073151,0.065277,0.056484,0.047516,0.038948,0.031171,0.0244,0.018711,0.014076,0.010402,0.007559,0.017027,6.1e-05,0.000455,0.001803,0.005013,0.010977,0.020142,0.032198,0.046031,0.059977,0.07224,0.081315,0.086287,0.086926,0.083617,0.077175,0.068623,0.05899,0.049171,0.039846,0.031463,0.024257,0.018291,0.013512,0.009792,0.00697,0.004879,0.009886,0.998241,0.001759,0.994829,0.005171,0.987072,0.012928,0.972297,0.027703,0.947778,0.052222,0.911391,0.088609,0.862174,0.137826,0.800637,0.199363,0.728731,0.271269,0.649522,0.350478,0.566688,0.433312,0.483973,0.516027,0.404723,0.595277,0.331572,0.668428,0.266294,0.733706,0.20981,0.79019,0.162294,0.837706,0.123346,0.876654,0.092175,0.907825,0.067775,0.932225,0.049064,0.950936,0.99758,0.00242,0.992567,0.007433,0.98159,0.01841,0.961448,0.038552,0.92925,0.07075,0.883219,0.116781,0.823241,0.176759,0.751002,0.248998,0.669687,0.330313,0.5834,0.4166,0.496474,0.503526,0.412856,0.587144,0.335681,0.664319,0.267058,0.732942,0.208069,0.791931,0.158898,0.841102,0.119052,0.880948,0.087588,0.912412,0.063331,0.936669,0.04504,0.95496,0.031528,0.968472,1,0.001761,1,0.002423,1,0.005184,1,0.007461,1,0.013012,1,0.018582,1,0.028094,1,0.039315,1,0.053635,1,0.073377,1,0.092783,1,0.124182,1,0.148298,1,0.194506,1,0.222348,1,0.286347,1,0.316451,1,0.400945,1,0.431519,1,0.538882,1,0.567946,1,0.700224,1,0.725726,0,0.532485,1,0.904552,0,0.408993,1,1.10391,0,0.310689,0,0.309647,0,0.233281,0,0.235482,0,0.173042,0,0.177088,0,0.126757,0,0.131643,0,0.091664,0,0.096704,0,0.065425,0,0.070181,0,0.046086,0,0.050309,0,0.032036
2498,2025/26,18,Bruk-Bet Termalica Nieciecza,Jagiellonia Białystok,6.0,17.0,23.0,15.3313,14.3017,29.6331,0.055432,1,4546.1051,0.6457,0.571,0.171,0.4031,0.1878,0.0,0.0,0.0,0.0,1e-06,5e-06,1.5e-05,4.2e-05,0.000102,0.000225,0.000457,0.000863,0.001526,0.002545,0.004023,0.006056,0.008717,0.012041,0.016009,0.020546,0.025514,0.030721,0.035941,0.040924,0.045425,0.049225,0.052145,0.054064,0.054923,0.054725,0.053535,0.051459,0.048645,0.045256,0.041465,0.037441,0.033338,0.029288,0.025402,0.02176,0.01842,0.015415,0.012758,0.010448,0.008469,0.006797,0.005403,0.004256,0.003322,0.002571,0.001973,0.005799,0.996763,0.003237,1,0.003242,0.994218,0.005782,1,0.005799,0.990195,0.009805,1,0.009853,0.984139,0.015861,1,0.015988,0.975422,0.024578,1,0.024885,0.963382,0.036618,1,0.037306,0.947372,0.052628,1,0.054063,0.926826,0.073174,1,0.075989,0.901313,0.098687,1,0.103903,0.870591,0.129409,1,0.138583,0.83465,0.16535,1,0.180742,0.793727,0.206273,0,1.578553,0.748301,0.251699,0,1.379523,0.699076,0.300924,0,1.200899,0.646931,0.353069,0,1.041093,0.592868,0.407132,0,0.898617,0.537945,0.462055,0,0.772072,0.48322,0.51678,0,0.660137,0.429685,0.570315,0,0.561567,0.378226,0.621774,0,0.475178,0.329581,0.670419,0,0.399852,0.284325,0.715675,0,0.33453,0.24286,0.75714,0,0.278208,0.205419,0.794581,0,0.229941,1.5e-05,0.000126,0.00055,0.001687,0.004077,0.008256,0.014565,0.022979,0.033044,0.043923,0.054564,0.0639,0.071043,0.07542,0.076822,0.075386,0.071518,0.065791,0.058838,0.051274,0.043626,0.036305,0.029598,0.023672,0.018597,0.014367,0.039012,2.7e-05,0.000213,0.000896,0.002648,0.006159,0.012006,0.020386,0.03096,0.042852,0.054827,0.065558,0.073899,0.079082,0.080809,0.079228,0.074835,0.068336,0.060508,0.052087,0.043691,0.035781,0.028661,0.022491,0.017314,0.013092,0.009736,0.023481,0.998264,0.001736,0.996577,0.003423,0.9925,0.0075,0.984245,0.015755,0.96968,0.03032,0.946701,0.053299,0.913657,0.086343,0.869733,0.130267,0.815169,0.184831,0.751269,0.248731,0.680226,0.319774,0.604806,0.395194,0.527985,0.472015,0.452599,0.547401,0.38108,0.61892,0.31529,0.68471,0.256452,0.743548,0.205177,0.794823,0.161552,0.838448,0.125246,0.874754,0.095648,0.904352,0.998429,0.001571,0.995781,0.004219,0.989622,0.010378,0.977617,0.022383,0.95723,0.04277,0.92627,0.07373,0.883418,0.116582,0.828591,0.171409,0.763032,0.236968,0.689133,0.310867,0.610051,0.389949,0.529242,0.470758,0.450014,0.549986,0.375179,0.624821,0.306843,0.693157,0.246335,0.753665,0.194247,0.805753,0.150557,0.849443,0.114776,0.885224,0.086114,0.913886,0.063623,0.936377,1,0.001738,1,0.001572,1,0.003429,1,0.004228,1,0.007528,1,0.010432,1,0.01588,1,0.022637,0,3.495948,1,0.043712,0,2.931838,1,0.07659,0,2.449428,1,0.123957,0,2.038169,1,0.188029,0,1.688313,1,0.270455,0,1.391383,1,0.372321,0,1.140141,1,0.494213,0,0.928378,1,0.636309,0,0.750745,1,0.798477,0,0.602574,1,0.980352,0,0.479779,1,1.181419,0,0.37876,0,0.282807,0,0.296322,0,0.215978,0,0.229636,0,0.163174,0,0.176203,0,0.121915,0,0.133813,0,0.090049,0,0.100537,0,0.065737
2499,2025/26,18,Lechia Gdańsk,Górnik Zabrze,10.0,15.0,25.0,13.5829,12.4627,26.0456,0.055432,1,4546.1051,0.6457,0.571,0.171,0.4031,0.1878,0.0,0.0,0.0,2e-06,8e-06,2.6e-05,7.6e-05,0.000191,0.000431,0.000884,0.001671,0.002934,0.004824,0.007478,0.010989,0.015377,0.020578,0.026424,0.032663,0.038971,0.044989,0.050363,0.054776,0.057986,0.059839,0.060287,0.059374,0.057232,0.054056,0.050077,0.045545,0.040704,0.035775,0.030945,0.026361,0.022131,0.018322,0.014966,0.012069,0.009613,0.007566,0.005887,0.004531,0.00345,0.0026,0.001941,0.001434,0.001051,0.000763,0.000549,0.000392,0.000899,0.988953,0.011047,1,0.011109,0.981474,0.018526,1,0.018699,0.970486,0.029514,1,0.029958,0.955108,0.044892,1,0.04593,0.934531,0.065469,1,0.067711,0.908107,0.091893,1,0.096394,0.875444,0.124556,1,0.133024,0.836473,0.163527,1,0.178561,0.791484,0.208516,1,0.233846,0.741121,0.258879,1,0.299591,0.686345,0.313655,1,0.376375,0.628359,0.371641,1,0.464644,0.568519,0.431481,1,0.56472,0.508233,0.491767,0,0.70975,0.448859,0.551141,0,0.595764,0.391626,0.608374,0,0.496966,0.337571,0.662429,0,0.411841,0.287494,0.712506,0,0.338966,0.241948,0.758052,0,0.277004,0.201244,0.798756,0,0.2247,0.165469,0.834531,0,0.180886,0.134525,0.865475,0,0.144476,0.108163,0.891837,0,0.114472,0.086032,0.913968,0,0.08996,4e-05,0.00031,0.001269,0.00364,0.008224,0.015571,0.025682,0.037884,0.050932,0.063297,0.073516,0.080493,0.083668,0.083044,0.079085,0.072558,0.064357,0.055351,0.046282,0.037708,0.029996,0.023339,0.017789,0.013302,0.00977,0.007057,0.01562,7.7e-05,0.000566,0.0022,0.006005,0.012905,0.023243,0.036467,0.051169,0.065437,0.077357,0.085463,0.08901,0.088009,0.083092,0.07527,0.06569,0.055423,0.045343,0.036064,0.02795,0.021149,0.015653,0.011349,0.008072,0.00564,0.003875,0.007461,0.998163,0.001837,0.994523,0.005477,0.986299,0.013701,0.970729,0.029271,0.945047,0.054953,0.907163,0.092837,0.856231,0.143769,0.792934,0.207066,0.719418,0.280582,0.638926,0.361074,0.555257,0.444743,0.472213,0.527787,0.393128,0.606872,0.32057,0.67943,0.256213,0.743787,0.200862,0.799138,0.15458,0.84542,0.116872,0.883128,0.086876,0.913124,0.063537,0.936463,0.045748,0.954252,0.997093,0.002907,0.991088,0.008912,0.978183,0.021817,0.95494,0.04506,0.918473,0.081527,0.867305,0.132695,0.801867,0.198133,0.724511,0.275489,0.639048,0.360952,0.550038,0.449962,0.462029,0.537971,0.378938,0.621062,0.303667,0.696333,0.237977,0.762023,0.182554,0.817446,0.137211,0.862789,0.101147,0.898853,0.073198,0.926802,0.052049,0.947951,0.036396,0.963604,0.025047,0.974953,1,0.001839,1,0.002911,1,0.005492,1,0.008952,1,0.013796,1,0.022059,1,0.029708,1,0.046107,1,0.056521,1,0.085043,1,0.097433,1,0.142365,1,0.155215,1,0.220813,1,0.232015,1,0.322258,0,1.270889,1,0.447776,0,1.018672,1,0.597768,0,0.810259,1,0.772128,0,0.639062,1,0.970383,0,0.499437,1,1.191824,0,0.386501,0,0.271779,0,0.296001,0,0.20157,0,0.224222,0,0.147585,0,0.167922,0,0.106636,0,0.124285,0,0.076015,0,0.090884,0,0.053452,0,0.065645,0,0.037075,0,0.046827,0,0.025366
2500,2025/26,18,Pogoń Szczecin,Radomiak Radom,15.0,10.0,25.0,16.2344,14.6366,30.8709,0.055432,1,4546.1051,0.6457,0.571,0.171,0.4031,0.1878,0.0,0.0,0.0,0.0,1e-06,3e-06,9e-06,2.5e-05,6.2e-05,0.00014,0.000292,0.000564,0.001019,0.001737,0.002807,0.004319,0.006356,0.008976,0.012201,0.016008,0.020323,0.025019,0.029924,0.034836,0.039534,0.043801,0.047439,0.050289,0.052234,0.053215,0.053227,0.052314,0.050565,0.0481,0.045063,0.041607,0.037882,0.034031,0.030181,0.026437,0.022884,0.019584,0.016575,0.013881,0.011506,0.009444,0.007677,0.006184,0.004937,0.003908,0.003067,0.009811,0.997885,0.002115,1,0.002117,0.996148,0.003852,1,0.00386,0.993341,0.006659,1,0.006681,0.989021,0.010979,1,0.011039,0.982665,0.017335,1,0.017487,0.973689,0.026311,1,0.026663,0.961488,0.038512,1,0.039273,0.94548,0.05452,1,0.056063,0.925157,0.074843,1,0.077792,0.900138,0.099862,1,0.105207,0.870214,0.129786,1,0.139016,0.835378,0.164622,1,0.179871,0.795844,0.204156,1,0.228352,0.752043,0.247957,0,1.394501,0.704604,0.295396,0,1.219438,0.654315,0.345685,0,1.062228,0.602081,0.397919,0,0.921508,0.548866,0.451134,0,0.795991,0.495639,0.504361,0,0.684463,0.443325,0.556675,0,0.585774,0.392761,0.607239,0,0.498832,0.344661,0.655339,0,0.422602,0.299597,0.700403,0,0.356099,0.25799,0.74201,0,0.298393,9e-06,8e-05,0.000361,0.001142,0.002845,0.005941,0.010806,0.017578,0.02606,0.035714,0.045741,0.055228,0.063306,0.069289,0.072766,0.07362,0.072008,0.068295,0.062972,0.056577,0.049631,0.042583,0.035792,0.029514,0.023905,0.01904,0.05714,2.2e-05,0.000179,0.000764,0.002285,0.005384,0.010631,0.018285,0.028128,0.039436,0.051108,0.061902,0.070679,0.076614,0.079299,0.078753,0.075348,0.069694,0.062508,0.054505,0.046309,0.038416,0.03117,0.024776,0.01932,0.014798,0.011146,0.027955,0.997492,0.002508,0.996349,0.003651,0.993504,0.006496,0.987563,0.012437,0.976757,0.023243,0.95918,0.04082,0.93312,0.06688,0.897406,0.102594,0.851665,0.148335,0.796437,0.203563,0.733131,0.266869,0.663842,0.336158,0.591076,0.408924,0.517457,0.482543,0.445449,0.554551,0.377154,0.622846,0.314182,0.685818,0.257605,0.742395,0.207974,0.792026,0.165391,0.834609,0.129599,0.870401,0.998449,0.001551,0.996164,0.003836,0.990779,0.009221,0.980149,0.019851,0.961863,0.038137,0.933735,0.066265,0.8943,0.1057,0.843191,0.156809,0.78129,0.21871,0.710611,0.289389,0.633996,0.366004,0.554697,0.445303,0.475944,0.524056,0.400596,0.599404,0.330902,0.669098,0.268394,0.731606,0.213889,0.786111,0.16758,0.83242,0.129164,0.870836,0.097994,0.902006,0.073218,0.926782,1,0.002511,1,0.001552,1,0.003658,1,0.003843,1,0.006517,1,0.009264,1,0.012515,1,0.020051,1,0.023517,1,0.038883,1,0.041677,1,0.068563,1,0.069221,1,0.111714,1,0.108247,1,0.170562,1,0.160562,0,1.520009,1,0.227607,0,1.239983,1,0.310431,0,1.005111,1,0.409711,0,0.809,1,0.525811,0,0.646157,0,0.728685,0,0.511819,0,0.589597,0,0.401825,0,0.473456,0,0.312513,0,0.377143,0,0.240657,0,0.297874,0,0.183418,0,0.233161,0,0.138302,0,0.180792,0,0.103134,0,0.138801,0,0.076037
2501,2025/26,18,Korona Kielce,Wisła Płock,17.0,9.0,26.0,14.9213,11.7118,26.6331,0.055432,1,4546.1051,0.6457,0.571,0.171,0.4031,0.1878,0.0,0.0,0.0,1e-06,6e-06,2.1e-05,6e-05,0.000152,0.000347,0.00072,0.001375,0.00244,0.004057,0.006359,0.00945,0.013376,0.018106,0.023521,0.029417,0.035516,0.041494,0.047013,0.051759,0.055469,0.057956,0.059124,0.058969,0.05757,0.055078,0.051689,0.04763,0.043132,0.038416,0.033677,0.02908,0.024749,0.020772,0.017205,0.014069,0.011365,0.009073,0.007161,0.005591,0.00432,0.003304,0.002502,0.001877,0.001395,0.001028,0.000751,0.000544,0.001314,0.990822,0.009178,1,0.009221,0.984463,0.015537,1,0.015659,0.975013,0.024987,1,0.025305,0.961637,0.038363,1,0.039118,0.943531,0.056469,1,0.058126,0.92001,0.07999,1,0.083371,0.890593,0.109407,1,0.115868,0.855077,0.144923,1,0.156564,0.813583,0.186417,1,0.206307,0.76657,0.23343,1,0.26583,0.71481,0.28519,1,0.335738,0.659341,0.340659,1,0.416515,0.601385,0.398615,1,0.50852,0.54226,0.45774,1,0.612009,0.483292,0.516708,0,0.660277,0.425721,0.574279,0,0.554641,0.370644,0.629356,0,0.463058,0.318955,0.681045,0,0.384126,0.271324,0.728676,0,0.316527,0.228192,0.771808,0,0.25902,0.189776,0.810224,0,0.210445,0.156099,0.843901,0,0.16972,0.127019,0.872981,0,0.135842,0.102271,0.897729,0,0.107887,1.9e-05,0.000155,0.000667,0.002017,0.004803,0.009585,0.016662,0.025904,0.036704,0.048075,0.058847,0.067907,0.074393,0.07782,0.078107,0.075525,0.070601,0.063997,0.056396,0.048427,0.0406,0.033293,0.026745,0.021077,0.016316,0.01242,0.03219,0.00012,0.000854,0.003202,0.00842,0.017434,0.030252,0.04573,0.061822,0.076173,0.086758,0.092348,0.092667,0.088277,0.0803,0.070084,0.058929,0.047903,0.037758,0.028934,0.021605,0.015751,0.011231,0.007846,0.005377,0.003619,0.002396,0.004184,0.998411,0.001589,0.996394,0.003606,0.991591,0.008409,0.982006,0.017994,0.965344,0.034656,0.939439,0.060561,0.902735,0.097265,0.85466,0.14534,0.795813,0.204187,0.727906,0.272094,0.653513,0.346487,0.575693,0.424307,0.497587,0.502413,0.422062,0.577938,0.35146,0.64854,0.287464,0.712536,0.231067,0.768933,0.182641,0.817359,0.142041,0.857959,0.108748,0.891252,0.082003,0.917997,0.995798,0.004202,0.987378,0.012622,0.969944,0.030056,0.939692,0.060308,0.893962,0.106038,0.83214,0.16786,0.755967,0.244033,0.669209,0.330791,0.576861,0.423139,0.484195,0.515805,0.395917,0.604083,0.315617,0.684383,0.245533,0.754467,0.186604,0.813396,0.138701,0.861299,0.100943,0.899057,0.072008,0.927992,0.050403,0.949597,0.034652,0.965348,0.023421,0.976579,0.015575,0.984425,1,0.00159,1,0.004211,1,0.003613,1,0.012702,1,0.008445,1,0.030517,1,0.018158,1,0.062203,1,0.035271,1,0.112092,1,0.062472,1,0.183755,1,0.102326,1,0.279758,1,0.157052,0,1.106269,1,0.228391,0,0.860055,1,0.317583,0,0.662026,1,0.425393,0,0.504044,1,0.552181,0,0.379238,1,0.697985,0,0.281744,1,0.862603,0,0.206537,1,1.045659,0,0.149314,0,0.338925,0,0.106409,0,0.262751,0,0.074732,0,0.201677,0,0.051718,0,0.153199,0,0.035267,0,0.115128,0,0.0237,0,0.085561,0,0.015698
2502,2025/26,18,Cracovia,Lech Poznań,16.0,9.0,25.0,13.966,12.2467,26.2127,0.055432,1,4546.1051,0.6457,0.571,0.171,0.4031,0.1878,0.0,0.0,0.0,2e-06,7e-06,2.5e-05,7.1e-05,0.000179,0.000404,0.000833,0.001578,0.002781,0.004588,0.007136,0.010521,0.014774,0.019838,0.025562,0.031708,0.037964,0.043983,0.049411,0.053934,0.0573,0.059346,0.060008,0.059316,0.057388,0.054404,0.050588,0.046183,0.04143,0.036552,0.031737,0.027141,0.022874,0.019011,0.01559,0.012621,0.010092,0.007975,0.00623,0.004814,0.003681,0.002785,0.002087,0.001549,0.001139,0.00083,0.0006,0.00043,0.001001,0.989533,0.010467,1,0.010522,0.982398,0.017602,1,0.017759,0.971877,0.028123,1,0.028526,0.957103,0.042897,1,0.043844,0.937266,0.062734,1,0.064789,0.911703,0.088297,1,0.092441,0.879995,0.120005,1,0.127839,0.842031,0.157969,1,0.171938,0.798048,0.201952,1,0.225586,0.748637,0.251363,1,0.289501,0.694703,0.305297,1,0.364271,0.637403,0.362597,1,0.450353,0.578057,0.421943,1,0.548083,0.518049,0.481951,0,0.729914,0.458733,0.541267,0,0.613843,0.401345,0.598655,0,0.51307,0.346941,0.653059,0,0.426087,0.296353,0.703647,0,0.351478,0.250169,0.749831,0,0.287908,0.208739,0.791261,0,0.234127,0.172188,0.827812,0,0.188969,0.14045,0.85955,0,0.151346,0.113309,0.886691,0,0.120259,0.090436,0.909564,0,0.094789,3.2e-05,0.000254,0.001054,0.003071,0.007049,0.013558,0.022719,0.034046,0.046499,0.058706,0.069268,0.077048,0.081361,0.082038,0.079368,0.073976,0.066658,0.058241,0.049472,0.040948,0.033091,0.026156,0.020254,0.015386,0.01148,0.008424,0.019525,8.7e-05,0.000636,0.00245,0.006617,0.014074,0.025086,0.038952,0.054092,0.068462,0.080097,0.087577,0.090269,0.088333,0.082537,0.073996,0.063911,0.053366,0.043209,0.034012,0.026087,0.019536,0.014309,0.010268,0.007228,0.004998,0.003398,0.006364,0.998343,0.001657,0.995272,0.004728,0.988223,0.011777,0.974664,0.025336,0.951946,0.048054,0.9179,0.0821,0.871401,0.128599,0.812694,0.187306,0.743426,0.256574,0.666378,0.333622,0.585017,0.414983,0.50298,0.49702,0.423611,0.576389,0.349636,0.650364,0.282978,0.717022,0.224737,0.775263,0.175264,0.824736,0.134316,0.865684,0.101225,0.898775,0.075068,0.924932,0.054814,0.945186,0.996777,0.003223,0.99016,0.00984,0.976086,0.023914,0.951,0.049,0.912047,0.087953,0.857955,0.142045,0.789493,0.210507,0.709397,0.290603,0.62182,0.37818,0.531551,0.468449,0.443218,0.556782,0.360681,0.639319,0.286685,0.713315,0.222774,0.777226,0.169409,0.830591,0.1262,0.8738,0.092188,0.907812,0.066101,0.933899,0.046565,0.953435,0.032256,0.967744,0.021988,0.978012,1,0.001658,1,0.003228,1,0.004739,1,0.009889,1,0.011847,1,0.024205,1,0.025662,1,0.050241,1,0.049247,1,0.092064,1,0.085667,1,0.153204,1,0.137653,1,0.236364,1,0.207401,0,1.235797,1,0.296486,0,0.972385,1,0.405898,0,0.758328,1,0.536114,0,0.585581,1,0.687205,0,0.447352,1,0.85894,0,0.337832,1,1.050863,0,0.252024,0,0.332649,0,0.185618,0,0.254553,0,0.134904,0,0.192692,0,0.096718,0,0.144235,0,0.068387,0,0.106723,0,0.047684,0,0.078035,0,0.032788,0,0.056374,0,0.022233
2503,2025/26,18,Raków Częstochowa,GKS Katowice,19.0,10.0,29.0,15.3822,11.8631,27.2452,0.055432,1,4546.1051,0.6457,0.571,0.171,0.4031,0.1878,0.0,0.0,0.0,1e-06,5e-06,1.6e-05,4.6e-05,0.000118,0.000272,0.000572,0.001107,0.00199,0.00335,0.005319,0.008005,0.011475,0.015732,0.020699,0.02622,0.032063,0.037941,0.043542,0.048555,0.052708,0.055783,0.057644,0.058238,0.057595,0.055817,0.053065,0.049535,0.045442,0.041002,0.036415,0.031855,0.027466,0.023356,0.019599,0.016238,0.013289,0.010749,0.008596,0.0068,0.005324,0.004125,0.003166,0.002407,0.001813,0.001354,0.001002,0.000736,0.001856,0.992523,0.007477,1,0.007505,0.987204,0.012796,1,0.012878,0.979199,0.020801,1,0.02102,0.967724,0.032276,1,0.032808,0.951992,0.048008,1,0.049198,0.931293,0.068707,1,0.071181,0.905073,0.094927,1,0.09974,0.873011,0.126989,1,0.135808,0.83507,0.16493,1,0.18024,0.791528,0.208472,1,0.23379,0.742973,0.257027,1,0.297096,0.690265,0.309735,1,0.370679,0.634482,0.365518,1,0.454946,0.576838,0.423162,1,0.550193,0.518601,0.481399,1,0.656621,0.461006,0.538994,1,0.774344,0.405189,0.594811,1,0.903401,0.352124,0.647876,0,0.434057,0.30259,0.69741,0,0.360381,0.257147,0.742853,0,0.297258,0.216145,0.783855,0,0.243532,0.179731,0.820269,0,0.198123,0.147876,0.852124,0,0.160023,0.120409,0.879591,0,0.128299,1.5e-05,0.000122,0.000537,0.00165,0.003995,0.008104,0.014323,0.022638,0.032611,0.043426,0.054043,0.063403,0.070617,0.075102,0.076635,0.075338,0.071601,0.065984,0.059118,0.05161,0.04399,0.036674,0.029952,0.023998,0.018887,0.014617,0.03992,0.00011,0.000786,0.002968,0.007865,0.016411,0.028699,0.043721,0.059567,0.073966,0.084901,0.091075,0.092102,0.088423,0.08106,0.071298,0.060418,0.049495,0.039318,0.030364,0.022849,0.016788,0.012064,0.008493,0.005866,0.003979,0.002655,0.004729,0.998238,0.001762,0.996588,0.003412,0.992593,0.007407,0.984489,0.015511,0.970166,0.029834,0.947528,0.052472,0.914916,0.085084,0.87149,0.12851,0.817447,0.182553,0.754043,0.245957,0.683426,0.316574,0.608324,0.391676,0.531689,0.468311,0.456351,0.543649,0.38475,0.61525,0.318766,0.681234,0.259648,0.740352,0.208038,0.791962,0.164048,0.835952,0.127374,0.872626,0.097422,0.902578,0.996106,0.003894,0.988242,0.011758,0.97183,0.02817,0.943131,0.056869,0.89941,0.10059,0.839843,0.160157,0.765877,0.234123,0.680976,0.319024,0.589901,0.410099,0.497799,0.502201,0.409376,0.590624,0.328316,0.671684,0.257018,0.742982,0.1966,0.8034,0.147105,0.852895,0.107787,0.892213,0.077423,0.922577,0.054574,0.945426,0.037786,0.962214,0.025722,0.974278,0.017228,0.982772,1,0.001764,1,0.003902,1,0.003418,1,0.011828,1,0.007435,1,0.028574,1,0.015633,1,0.05855,1,0.030288,1,0.106016,1,0.053899,1,0.17454,1,0.088923,1,0.266734,1,0.137551,1,0.384228,1,0.201569,0,0.891357,1,0.282306,0,0.688755,1,0.380637,0,0.526576,1,0.497048,0,0.397967,1,0.631697,0,0.297083,1,0.784493,0,0.218903,1,0.955162,0,0.159119,1,1.143298,0,0.11405,1,1.348428,0,0.080584,0,0.233242,0,0.05612,0,0.179184,0,0.038518,0,0.136248,0,0.026059,0,0.1025,0,0.017378
2504,2025/26,18,Piast Gliwice,Legia Warszawa,13.0,14.0,27.0,13.1237,14.1254,27.2491,0.055432,1,4546.1051,0.6457,0.571,0.171,0.4031,0.1878,0.0,0.0,0.0,1e-06,4e-06,1.5e-05,4.4e-05,0.000115,0.000265,0.000559,0.001084,0.001953,0.003297,0.005245,0.007911,0.011363,0.015606,0.020568,0.026095,0.031954,0.037862,0.043501,0.048559,0.052758,0.055878,0.057777,0.058401,0.057775,0.056004,0.053247,0.049702,0.045587,0.04112,0.036503,0.031913,0.027496,0.023362,0.019584,0.016208,0.013248,0.010701,0.008545,0.006749,0.005274,0.004079,0.003124,0.00237,0.001781,0.001327,0.00098,0.000718,0.00179,0.992662,0.007338,1,0.007365,0.987417,0.012583,1,0.012663,0.979506,0.020494,1,0.020707,0.968144,0.031856,1,0.032375,0.952538,0.047462,1,0.048626,0.931969,0.068031,1,0.070455,0.905875,0.094125,1,0.098854,0.87392,0.12608,1,0.134766,0.836059,0.163941,1,0.179057,0.792558,0.207442,1,0.23249,0.743999,0.256001,1,0.295716,0.691241,0.308759,1,0.369267,0.635363,0.364637,1,0.453559,0.577586,0.422414,1,0.548898,0.519185,0.480815,1,0.655495,0.46141,0.53859,0,0.6188,0.405405,0.594595,0,0.519875,0.352159,0.647841,0,0.434109,0.302457,0.697543,0,0.36019,0.256869,0.743131,0,0.296884,0.21575,0.78425,0,0.243027,0.179247,0.820753,0,0.197534,0.147334,0.852666,0,0.159388,0.119838,0.880162,0,0.127649,5.2e-05,0.000396,0.001588,0.004466,0.009893,0.018365,0.029698,0.042951,0.056614,0.068981,0.07855,0.084322,0.085933,0.083623,0.078078,0.070232,0.061075,0.0515,0.042219,0.033725,0.026302,0.020064,0.014994,0.010992,0.007916,0.005606,0.011728,2.9e-05,0.000233,0.000976,0.002862,0.006611,0.012798,0.021582,0.032549,0.04474,0.056847,0.067503,0.075565,0.080306,0.081492,0.079345,0.074428,0.067494,0.05935,0.050737,0.042263,0.034373,0.027343,0.021308,0.01629,0.012233,0.009034,0.021339,0.997829,0.002171,0.993363,0.006637,0.983469,0.016531,0.965104,0.034896,0.935406,0.064594,0.892455,0.107545,0.835841,0.164159,0.766859,0.233141,0.688309,0.311691,0.603988,0.396012,0.518054,0.481946,0.434431,0.565569,0.356354,0.643646,0.286122,0.713878,0.225047,0.774953,0.173547,0.826453,0.131327,0.868673,0.097603,0.902397,0.0713,0.9287,0.051236,0.948764,0.036242,0.963758,0.998392,0.001608,0.99553,0.00447,0.988919,0.011081,0.976121,0.023879,0.954539,0.045461,0.92199,0.07801,0.87725,0.12275,0.820404,0.179596,0.752901,0.247099,0.677336,0.322664,0.59703,0.40297,0.515538,0.484462,0.436192,0.563808,0.361765,0.638235,0.29427,0.70573,0.234921,0.765079,0.184184,0.815816,0.141921,0.858079,0.107548,0.892452,0.080204,0.919796,0.058896,0.941104,1,0.002173,1,0.001609,1,0.006659,1,0.00448,1,0.016669,1,0.011143,1,0.035519,1,0.024169,1,0.066775,1,0.046527,1,0.113779,1,0.081221,1,0.179317,1,0.130963,1,0.265452,1,0.197958,1,0.373517,1,0.283822,1,0.504201,1,0.389588,1,0.657676,1,0.515788,0,0.569923,1,0.662544,0,0.440606,0,0.573042,0,0.337043,0,0.449049,0,0.254953,0,0.348523,0,0.190612,0,0.267776,0,0.140789,0,0.203566,0,0.102701,0,0.153059,0,0.07397,0,0.113783,0,0.052595,0,0.083603,0,0.036915,0,0.060702
2505,2025/26,18,Zagłębie Lubin,Widzew Łódź,14.0,14.0,28.0,13.8198,13.1403,26.96,0.055432,1,4546.1051,0.6457,0.571,0.171,0.4031,0.1878,0.0,0.0,0.0,1e-06,5e-06,1.7e-05,5e-05,0.000129,0.000298,0.000623,0.001202,0.002153,0.003612,0.005712,0.008564,0.012226,0.016692,0.021868,0.027577,0.033566,0.039532,0.045147,0.050093,0.054096,0.056949,0.058529,0.058802,0.057821,0.055708,0.052644,0.048841,0.044524,0.039917,0.035219,0.030603,0.026206,0.02213,0.018438,0.015165,0.01232,0.00989,0.007849,0.006161,0.004785,0.003678,0.002799,0.00211,0.001576,0.001167,0.000856,0.000623,0.001524,0.991909,0.008091,1,0.008124,0.986197,0.013803,1,0.013899,0.977633,0.022367,1,0.022621,0.965407,0.034593,1,0.035206,0.948715,0.051285,1,0.052647,0.926847,0.073153,1,0.075967,0.899271,0.100729,1,0.106171,0.865704,0.134296,1,0.144212,0.826172,0.173828,1,0.190953,0.781025,0.218975,1,0.247148,0.730932,0.269068,1,0.313435,0.676836,0.323164,1,0.390326,0.619887,0.380113,1,0.478218,0.561358,0.438642,1,0.577397,0.502555,0.497445,1,0.688049,0.444735,0.555265,1,0.810277,0.389027,0.610973,0,0.492702,0.336383,0.663617,0,0.41005,0.287542,0.712458,0,0.339035,0.243018,0.756982,0,0.278416,0.203101,0.796899,0,0.227028,0.167883,0.832117,0,0.183782,0.13728,0.86272,0,0.147665,0.111073,0.888927,0,0.117741,3.5e-05,0.000274,0.001131,0.003277,0.007476,0.014295,0.02381,0.03547,0.048157,0.060439,0.07089,0.078384,0.082282,0.082474,0.079318,0.07349,0.065828,0.057175,0.048279,0.039724,0.031912,0.025074,0.019301,0.014575,0.010811,0.007886,0.01796,5.2e-05,0.000393,0.001575,0.004433,0.009827,0.018256,0.029544,0.042759,0.056402,0.068773,0.07837,0.08419,0.085862,0.083615,0.078127,0.070328,0.061203,0.051646,0.04237,0.03387,0.026435,0.02018,0.015092,0.011072,0.007979,0.005654,0.011855,0.998284,0.001716,0.995008,0.004992,0.987532,0.012468,0.973237,0.026763,0.949427,0.050573,0.913957,0.086043,0.8658,0.1342,0.805361,0.194639,0.734471,0.265529,0.656087,0.343913,0.573805,0.426195,0.491331,0.508669,0.412014,0.587986,0.338523,0.661477,0.272695,0.727305,0.21552,0.78448,0.167241,0.832759,0.127517,0.872483,0.095606,0.904394,0.070532,0.929468,0.051231,0.948769,0.997843,0.002157,0.99341,0.00659,0.983583,0.016417,0.965327,0.034673,0.935783,0.064217,0.893024,0.106976,0.836622,0.163378,0.767849,0.232151,0.689479,0.310521,0.605288,0.394712,0.519426,0.480574,0.435811,0.564189,0.357684,0.642316,0.287356,0.712644,0.226153,0.773847,0.174506,0.825494,0.132137,0.867863,0.098267,0.901733,0.071832,0.928168,0.051652,0.948348,0.03656,0.96344,1,0.001717,1,0.002159,1,0.005005,1,0.006612,1,0.012546,1,0.016553,1,0.027128,1,0.035288,1,0.051897,1,0.066372,1,0.089972,1,0.113142,1,0.144101,1,0.178383,1,0.216465,1,0.264162,1,0.308605,1,0.371819,1,0.421462,1,0.502051,1,0.555466,1,0.655031,1,0.710637,1,0.830547,0,0.531052,0,0.442675,0,0.41328,0,0.338773,0,0.318409,0,0.256381,0,0.242734,0,0.191773,0,0.183011,0,0.141721,0,0.136412,0,0.103437,0,0.10049,0,0.074543,0,0.073143,0,0.053034,0,0.05259,0,0.037245
2506,2025/26,19,Wisła Płock,Raków Częstochowa,13.0,22.0,35.0,12.9604,13.5107,26.4711,0.054623,1,4594.9427,0.6493,0.5743,0.1707,0.4029,0.1867,0.0,0.0,0.0,1e-06,6e-06,2.1e-05,6e-05,0.000154,0.000352,0.000733,0.001403,0.002494,0.004153,0.006516,0.009689,0.013717,0.018567,0.024111,0.030134,0.036345,0.042406,0.047969,0.052711,0.056365,0.058747,0.059767,0.05943,0.057831,0.055131,0.051543,0.047304,0.042653,0.037817,0.032994,0.028347,0.023999,0.020033,0.016497,0.013411,0.010766,0.00854,0.006697,0.005193,0.003984,0.003025,0.002274,0.001693,0.001249,0.000913,0.000662,0.000475,0.001114,0.990622,0.009378,1,0.009423,0.984106,0.015894,1,0.016022,0.974417,0.025583,1,0.025916,0.9607,0.0393,1,0.040093,0.942133,0.057867,1,0.059609,0.918021,0.081979,1,0.085535,0.887887,0.112113,1,0.118911,0.851543,0.148457,1,0.160706,0.809137,0.190863,1,0.211787,0.761168,0.238832,1,0.272902,0.708456,0.291544,1,0.344667,0.652091,0.347909,1,0.427571,0.593343,0.406657,1,0.521982,0.533576,0.466424,1,0.628153,0.474146,0.525854,1,0.74624,0.416315,0.583685,1,0.876312,0.361184,0.638816,1,1.018368,0.309641,0.690359,1,1.172343,0.262337,0.737663,1,1.338126,0.219684,0.780316,1,1.515565,0.181867,0.818133,1,1.70448,0.148873,0.851127,1,1.904663,0.120526,0.879474,1,2.115893,0.096527,0.903473,0,0.101509,5.5e-05,0.000421,0.001684,0.004726,0.010435,0.019296,0.03107,0.04472,0.058638,0.071045,0.080415,0.085776,0.086832,0.083909,0.077776,0.069435,0.059913,0.050117,0.040747,0.032274,0.024954,0.018868,0.013973,0.01015,0.007241,0.005079,0.010339,4e-05,0.000313,0.001284,0.003692,0.00835,0.015819,0.026093,0.038474,0.05168,0.064145,0.074379,0.081275,0.084287,0.083439,0.07923,0.072461,0.064051,0.054887,0.045716,0.037095,0.029382,0.022759,0.017267,0.012849,0.00939,0.006748,0.014701,0.997732,0.002268,0.993006,0.006994,0.982571,0.017429,0.963275,0.036725,0.932205,0.067795,0.887485,0.112515,0.828847,0.171153,0.757802,0.242198,0.677387,0.322613,0.591611,0.408389,0.504778,0.495222,0.420869,0.579131,0.343093,0.656907,0.273658,0.726342,0.213745,0.786255,0.163628,0.836372,0.122881,0.877119,0.090606,0.909394,0.065652,0.934348,0.046784,0.953216,0.03281,0.96719,0.998169,0.001831,0.994477,0.005523,0.986127,0.013873,0.970308,0.029692,0.944215,0.055785,0.905741,0.094259,0.854061,0.145939,0.789916,0.210084,0.715537,0.284463,0.634262,0.365738,0.549975,0.450025,0.466536,0.533464,0.387306,0.612694,0.314845,0.685155,0.250794,0.749206,0.195906,0.804094,0.15019,0.84981,0.113096,0.886904,0.083714,0.916286,0.060955,0.939045,0.043688,0.956312,1,0.002271,1,0.001833,1,0.007019,1,0.005538,1,0.017583,1,0.01397,1,0.037416,1,0.030142,1,0.070203,1,0.057401,1,0.119364,1,0.099002,1,0.18772,1,0.157753,1,0.277333,1,0.235829,1,0.389513,1,0.334722,1,0.524906,1,0.455293,1,0.683637,1,0.597882,0,0.546227,1,0.76242,0,0.420213,1,0.94854,0,0.319734,1,1.155675,0,0.240474,1,1.383123,0,0.178682,1,1.63012,0,0.131113,1,1.895854,0,0.094977,1,2.179518,0,0.067906,1,2.480349,0,0.047914,1,2.797619,0,0.03336,0,0.044671
2507,2025/26,19,Bruk-Bet Termalica Nieciecza,Cracovia,11.0,15.0,26.0,12.7286,13.2102,25.9388,0.054623,1,4594.9427,0.6493,0.5743,0.1707,0.4029,0.1867,0.0,0.0,0.0,2e-06,8e-06,2.7e-05,7.7e-05,0.000193,0.000437,0.000898,0.001699,0.002986,0.004913,0.007618,0.011194,0.015662,0.02095,0.026886,0.033207,0.03958,0.045637,0.051017,0.055401,0.058545,0.060301,0.060626,0.059575,0.057289,0.053972,0.049866,0.045225,0.040299,0.035309,0.030444,0.025848,0.021625,0.017839,0.014518,0.011663,0.009253,0.007253,0.00562,0.004307,0.003265,0.00245,0.00182,0.001339,0.000976,0.000705,0.000505,0.000359,0.00081,0.988759,0.011241,1,0.011304,0.981142,0.018858,1,0.019038,0.969948,0.030052,1,0.030513,0.954285,0.045715,1,0.046793,0.933335,0.066665,1,0.068991,0.906448,0.093552,1,0.098221,0.873241,0.126759,1,0.135543,0.833662,0.166338,1,0.181928,0.788025,0.211975,1,0.238226,0.737007,0.262993,1,0.305158,0.681606,0.318394,1,0.383303,0.623061,0.376939,1,0.47311,0.56276,0.43724,1,0.574901,0.502135,0.497865,1,0.688887,0.44256,0.55744,0,0.5844,0.385271,0.614729,0,0.486574,0.331299,0.668701,0,0.402418,0.281433,0.718567,0,0.330496,0.236208,0.763792,0,0.269459,0.195909,0.804091,0,0.218042,0.160599,0.839401,0,0.175067,0.130156,0.869844,0,0.139441,0.104308,0.895692,0,0.110158,0.082682,0.917318,0,0.086302,6.4e-05,0.000477,0.00189,0.005246,0.011461,0.02097,0.033409,0.047579,0.061729,0.074002,0.082878,0.08747,0.087613,0.08377,0.076829,0.067866,0.057941,0.047956,0.038579,0.030235,0.02313,0.017305,0.01268,0.009114,0.006433,0.004465,0.008827,4.8e-05,0.000368,0.001489,0.004224,0.009431,0.017635,0.028713,0.041791,0.055411,0.067887,0.0777,0.083808,0.08579,0.08383,0.078573,0.070932,0.06189,0.05235,0.043039,0.034472,0.026951,0.020606,0.015432,0.011335,0.008177,0.0058,0.012178,0.997487,0.002513,0.992241,0.007759,0.98078,0.01922,0.959809,0.040191,0.9264,0.0736,0.878821,0.121179,0.817092,0.182908,0.74309,0.25691,0.660212,0.339788,0.572742,0.427258,0.485129,0.514871,0.401359,0.598641,0.32453,0.67547,0.256665,0.743335,0.198724,0.801276,0.150768,0.849232,0.11219,0.88781,0.081955,0.918045,0.058825,0.941175,0.04152,0.95848,0.02884,0.97116,0.997954,0.002046,0.99373,0.00627,0.984299,0.015701,0.966664,0.033336,0.93795,0.06205,0.89616,0.10384,0.840749,0.159251,0.772862,0.227138,0.695162,0.304838,0.611354,0.388646,0.525564,0.474436,0.441734,0.558266,0.363161,0.636839,0.29223,0.70777,0.23034,0.76966,0.17799,0.82201,0.134951,0.865049,0.10048,0.89952,0.073528,0.926472,0.052922,0.947078,0.03749,0.96251,1,0.002516,1,0.002048,1,0.007789,1,0.00629,1,0.019407,1,0.015826,1,0.041021,1,0.033904,1,0.076449,1,0.064059,1,0.129174,1,0.109636,1,0.202004,1,0.173462,1,0.296938,1,0.257655,1,0.415194,1,0.36361,0,0.850367,1,0.492079,0,0.663839,1,0.643283,0,0.513093,1,0.817047,0,0.392347,1,1.012909,0,0.296608,0,0.345636,0,0.22155,0,0.261806,0,0.163423,0,0.196003,0,0.118998,0,0.144969,0,0.085509,0,0.105894,0,0.060626,0,0.076371,0,0.042407,0,0.054374,0,0.029264,0,0.038211
2508,2025/26,19,Legia Warszawa,Korona Kielce,17.0,15.0,32.0,15.2178,12.0555,27.2733,0.054623,1,4594.9427,0.6493,0.5743,0.1707,0.4029,0.1867,0.0,0.0,0.0,1e-06,4e-06,1.5e-05,4.3e-05,0.000112,0.00026,0.000549,0.001067,0.001926,0.003256,0.005188,0.007834,0.011267,0.015492,0.02044,0.025956,0.031813,0.037725,0.043376,0.048453,0.052676,0.055824,0.057753,0.058406,0.057807,0.05606,0.053322,0.049791,0.045686,0.041223,0.036607,0.032015,0.027594,0.023452,0.019667,0.016281,0.013313,0.010757,0.008593,0.006789,0.005307,0.004107,0.003146,0.002388,0.001795,0.001338,0.000989,0.000724,0.001812,0.992767,0.007233,1,0.007259,0.987579,0.012421,1,0.012498,0.979745,0.020255,1,0.020463,0.968478,0.031522,1,0.032029,0.952986,0.047014,1,0.048155,0.932546,0.067454,1,0.069837,0.90659,0.09341,1,0.098065,0.874776,0.125224,1,0.133787,0.837051,0.162949,1,0.17787,0.793675,0.206325,1,0.231081,0.745222,0.254778,1,0.294073,0.692545,0.307455,1,0.367382,0.636721,0.363279,1,0.451424,0.578968,0.421032,1,0.546508,0.520562,0.479438,1,0.652846,0.462755,0.537245,1,0.770558,0.406695,0.593305,1,0.899691,0.353374,0.646626,1,1.040229,0.303583,0.696417,1,1.192102,0.257897,0.742103,1,1.355196,0.216674,0.783326,0,0.244206,0.180066,0.819934,0,0.198532,0.148051,0.851949,0,0.160229,0.120457,0.879543,0,0.128353,1.5e-05,0.000129,0.000564,0.001732,0.004189,0.008483,0.014957,0.023576,0.033854,0.044919,0.055679,0.06504,0.072103,0.076303,0.077453,0.075724,0.071554,0.065547,0.058362,0.050623,0.042864,0.035493,0.028785,0.022899,0.01789,0.013742,0.036601,9.5e-05,0.00069,0.002646,0.007111,0.01504,0.026642,0.041092,0.056655,0.071161,0.082588,0.089545,0.091493,0.088721,0.082125,0.072918,0.062357,0.051541,0.041298,0.032164,0.024403,0.018074,0.013091,0.009287,0.006462,0.004416,0.002967,0.00538,0.998373,0.001627,0.996641,0.003359,0.992452,0.007548,0.98397,0.01603,0.969012,0.030988,0.945436,0.054564,0.911581,0.088419,0.866662,0.133338,0.810983,0.189017,0.745943,0.254057,0.67384,0.32616,0.597537,0.402463,0.520083,0.479917,0.444359,0.555641,0.372806,0.627194,0.307259,0.692741,0.248897,0.751103,0.198274,0.801726,0.15541,0.84459,0.119917,0.880083,0.091132,0.908868,0.996532,0.003468,0.989421,0.010579,0.974381,0.025619,0.947738,0.052262,0.906646,0.093354,0.849991,0.150009,0.77883,0.22117,0.696242,0.303758,0.606697,0.393303,0.515204,0.484796,0.426483,0.573517,0.344358,0.655642,0.27144,0.72856,0.209083,0.790917,0.157542,0.842458,0.116244,0.883756,0.08408,0.91592,0.059677,0.940323,0.041603,0.958397,0.028512,0.971488,0.019225,0.980775,1,0.001628,1,0.003474,1,0.003365,1,0.010635,1,0.007577,1,0.025953,1,0.01616,1,0.053677,1,0.031478,1,0.098003,1,0.056109,1,0.16253,1,0.092575,1,0.249962,1,0.143106,1,0.362058,1,0.209508,1,0.499726,1,0.293106,1,0.663192,1,0.394763,1,0.852183,1,0.514939,1,1.066073,1,0.653767,1,1.304014,1,0.811122,0,0.234562,1,0.986697,0,0.171431,0,0.367099,0,0.123574,0,0.286212,0,0.087826,0,0.220988,0,0.061532,0,0.168904,0,0.042493,0,0.127739,0,0.028926,0,0.095555,0,0.019412
2509,2025/26,19,Motor Lublin,Pogoń Szczecin,12.0,17.0,29.0,14.2501,15.2562,29.5063,0.054623,1,4594.9427,0.6493,0.5743,0.1707,0.4029,0.1867,0.0,0.0,0.0,0.0,1e-06,5e-06,1.6e-05,4.2e-05,0.000103,0.000229,0.000465,0.00088,0.001557,0.002598,0.004108,0.006185,0.008903,0.012294,0.01634,0.020957,0.026002,0.031279,0.036551,0.041565,0.046069,0.049842,0.052706,0.054542,0.055296,0.054979,0.053659,0.051455,0.048517,0.045018,0.041133,0.037035,0.032878,0.028796,0.024895,0.021256,0.017932,0.014955,0.012334,0.010064,0.008127,0.006498,0.005145,0.004036,0.003138,0.002419,0.001848,0.005344,0.996701,0.003299,1,0.003305,0.994103,0.005897,1,0.005915,0.989994,0.010006,1,0.010056,0.983809,0.016191,1,0.016324,0.974906,0.025094,1,0.025414,0.962611,0.037389,1,0.038105,0.946272,0.053728,1,0.055225,0.925315,0.074685,1,0.077621,0.899313,0.100687,1,0.106124,0.868034,0.131966,1,0.141525,0.831482,0.168518,1,0.184545,0.789918,0.210082,1,0.235827,0.743848,0.256152,1,0.295918,0.694006,0.305994,1,0.365275,0.641299,0.358701,1,0.444259,0.586757,0.413243,1,0.533145,0.531461,0.468539,1,0.632126,0.476482,0.523518,0,0.647183,0.422822,0.577178,0,0.549605,0.371367,0.628633,0,0.464208,0.32285,0.67715,0,0.389862,0.277832,0.722168,0,0.325497,0.236699,0.763301,0,0.270103,0.199664,0.800336,0,0.222724,2.6e-05,0.000212,0.000896,0.002655,0.00619,0.012088,0.020552,0.031236,0.04325,0.055333,0.066135,0.074491,0.079628,0.081253,0.079529,0.074973,0.068311,0.060339,0.051803,0.043328,0.035375,0.028244,0.022088,0.016942,0.012763,0.009454,0.022508,1.5e-05,0.000126,0.000554,0.001703,0.004124,0.008364,0.014769,0.023311,0.033519,0.044535,0.055279,0.064662,0.071783,0.076069,0.077322,0.075699,0.071629,0.065706,0.058584,0.050886,0.043146,0.035775,0.029054,0.023144,0.018107,0.013928,0.037258,0.998468,0.001532,0.995813,0.004187,0.989623,0.010377,0.977535,0.022465,0.956984,0.043016,0.925747,0.074253,0.882498,0.117502,0.827165,0.172835,0.76103,0.23897,0.686538,0.313462,0.60691,0.39309,0.525657,0.474343,0.446127,0.553873,0.371155,0.628845,0.302843,0.697157,0.242505,0.757495,0.190701,0.809299,0.147374,0.852626,0.111998,0.888002,0.083754,0.916246,0.061667,0.938333,0.998357,0.001643,0.996654,0.003346,0.992529,0.007471,0.984165,0.015835,0.969397,0.030603,0.946086,0.053914,0.912567,0.087433,0.868031,0.131969,0.812752,0.187248,0.74809,0.25191,0.676307,0.323693,0.600238,0.399762,0.522916,0.477084,0.447217,0.552783,0.375588,0.624412,0.309882,0.690118,0.251298,0.748702,0.200412,0.799588,0.157267,0.842733,0.121491,0.878509,0.092437,0.907563,1,0.001533,1,0.001644,1,0.004196,1,0.003352,1,0.010431,1,0.007499,1,0.022721,1,0.015962,1,0.043969,1,0.031081,1,0.077154,1,0.055422,1,0.124999,1,0.091494,1,0.189751,1,0.141528,1,0.273083,1,0.207329,1,0.376094,1,0.290232,0,0.933717,1,0.391108,0,0.745825,1,0.510429,0,0.59082,1,0.648334,0,0.46387,1,0.804711,0,0.360745,1,0.979262,0,0.277738,0,0.370893,0,0.211587,0,0.289414,0,0.159434,0,0.223659,0,0.118781,0,0.171105,0,0.08747,0,0.129529,0,0.06365,0,0.096992
2510,2025/26,19,Zagłębie Lubin,GKS Katowice,11.0,16.0,27.0,15.1606,12.4582,27.6188,0.054623,1,4594.9427,0.6493,0.5743,0.1707,0.4029,0.1867,0.0,0.0,0.0,1e-06,4e-06,1.2e-05,3.7e-05,9.6e-05,0.000225,0.000478,0.000937,0.001704,0.002903,0.004662,0.007095,0.010282,0.014246,0.018938,0.024232,0.029924,0.035751,0.041413,0.046605,0.051042,0.05449,0.056786,0.057846,0.05767,0.05633,0.053964,0.050752,0.046899,0.042618,0.038113,0.033566,0.029132,0.024932,0.021052,0.017548,0.014447,0.011753,0.009452,0.007518,0.005917,0.004609,0.003555,0.002715,0.002055,0.001542,0.001147,0.000846,0.00216,0.993603,0.006397,1,0.006418,0.988941,0.011059,1,0.011121,0.981846,0.018154,1,0.018321,0.971564,0.028436,1,0.028848,0.957318,0.042682,1,0.04362,0.93838,0.06162,1,0.063601,0.914148,0.085852,1,0.089763,0.884224,0.115776,1,0.123045,0.848473,0.151527,1,0.164317,0.807059,0.192941,1,0.214358,0.760455,0.239545,1,0.273839,0.709413,0.290587,1,0.343317,0.654923,0.345077,1,0.423238,0.598137,0.401863,1,0.513936,0.54029,0.45971,1,0.615649,0.48262,0.51738,0,0.658979,0.42629,0.57371,0,0.555631,0.372326,0.627674,0,0.465734,0.321574,0.678426,0,0.38798,0.274675,0.725325,0,0.321135,0.232057,0.767943,0,0.26404,0.193944,0.806056,0,0.215602,0.160378,0.839622,0,0.174804,0.131246,0.868754,0,0.140695,1.6e-05,0.000132,0.000579,0.001776,0.004286,0.008662,0.015243,0.023977,0.034359,0.045495,0.056277,0.065603,0.072578,0.076648,0.077643,0.075753,0.071435,0.065303,0.058025,0.050228,0.042442,0.035071,0.028385,0.022533,0.017568,0.013468,0.035637,7.5e-05,0.000553,0.002162,0.005927,0.012785,0.023097,0.036332,0.051088,0.065443,0.077462,0.085657,0.08926,0.088276,0.083337,0.075465,0.065819,0.055483,0.045341,0.036014,0.027868,0.02105,0.015549,0.01125,0.007984,0.005564,0.003813,0.007284,0.998395,0.001605,0.996619,0.003381,0.992333,0.007667,0.98367,0.01633,0.968427,0.031573,0.94445,0.05555,0.910091,0.089909,0.864596,0.135404,0.808319,0.191681,0.742716,0.257284,0.670138,0.329862,0.59349,0.40651,0.515847,0.484153,0.440093,0.559907,0.368659,0.631341,0.303356,0.696644,0.245331,0.754669,0.195103,0.804897,0.152661,0.847339,0.117591,0.882409,0.089206,0.910794,0.99715,0.00285,0.991223,0.008777,0.978438,0.021562,0.955341,0.044659,0.919009,0.080991,0.867921,0.132079,0.802477,0.197523,0.725015,0.274985,0.639358,0.360642,0.550098,0.449902,0.461822,0.538178,0.378484,0.621516,0.303019,0.696981,0.2372,0.7628,0.181717,0.818283,0.136376,0.863624,0.100362,0.899638,0.072494,0.927506,0.051444,0.948556,0.035895,0.964105,0.024645,0.975355,1,0.001606,1,0.002854,1,0.003387,1,0.008816,1,0.007697,1,0.021798,1,0.016465,1,0.045687,1,0.032082,1,0.084459,1,0.057153,1,0.141655,1,0.094211,1,0.220052,1,0.145493,1,0.321563,1,0.212798,1,0.447291,0,1.357575,1,0.597659,0,1.109081,1,0.772576,0,0.900147,1,0.971581,0,0.725354,1,1.19396,0,0.579985,1,1.438852,0,0.459909,0,0.200547,0,0.361481,0,0.146618,0,0.281476,0,0.105763,0,0.217041,0,0.075256,0,0.165654,0,0.052814,0,0.1251,0,0.036555,0,0.093439,0,0.024954
2511,2025/26,19,Górnik Zabrze,Piast Gliwice,18.0,9.0,27.0,15.0932,12.2505,27.3437,0.054623,1,4594.9427,0.6493,0.5743,0.1707,0.4029,0.1867,0.0,0.0,0.0,1e-06,4e-06,1.4e-05,4.2e-05,0.000108,0.000252,0.000532,0.001037,0.001875,0.003175,0.005069,0.007669,0.011048,0.015218,0.020113,0.025586,0.031413,0.037313,0.042973,0.048081,0.052356,0.055572,0.057582,0.058322,0.057813,0.056148,0.053484,0.050015,0.045957,0.041526,0.036927,0.032339,0.027909,0.023751,0.019943,0.016531,0.013534,0.010949,0.008757,0.006927,0.005421,0.004199,0.003221,0.002447,0.001842,0.001374,0.001016,0.000745,0.00187,0.99296,0.00704,1,0.007065,0.987892,0.012108,1,0.012182,0.980223,0.019777,1,0.019975,0.969175,0.030825,1,0.03131,0.953957,0.046043,1,0.047137,0.933844,0.066156,1,0.068446,0.908257,0.091743,1,0.096227,0.876845,0.123155,1,0.131425,0.839532,0.160468,1,0.17491,0.796559,0.203441,1,0.227454,0.748478,0.251522,1,0.289713,0.696122,0.303878,1,0.36223,0.64055,0.35945,1,0.445428,0.582968,0.417032,1,0.539624,0.524645,0.475355,1,0.645033,0.466833,0.533167,0,0.62892,0.410684,0.589316,0,0.528793,0.3572,0.6428,0,0.441922,0.307185,0.692815,0,0.366992,0.261228,0.738772,0,0.302766,0.219702,0.780298,0,0.248079,0.182775,0.817225,0,0.201841,0.150437,0.849563,0,0.163033,0.122527,0.877473,0,0.130709,1.7e-05,0.000137,0.000598,0.00183,0.004404,0.008879,0.015586,0.024457,0.034962,0.04618,0.056985,0.066267,0.073134,0.077046,0.077857,0.075777,0.071283,0.065005,0.05762,0.049755,0.04194,0.034572,0.027913,0.022105,0.017192,0.013147,0.034522,8.4e-05,0.00062,0.002399,0.00651,0.013903,0.024867,0.038725,0.053909,0.068367,0.080115,0.087705,0.090482,0.088591,0.082799,0.074229,0.064093,0.053489,0.043275,0.03403,0.026069,0.019495,0.014257,0.010212,0.007174,0.00495,0.003358,0.006246,0.998418,0.001582,0.996589,0.003411,0.992185,0.007815,0.983305,0.016695,0.967719,0.032281,0.943262,0.056738,0.9083,0.0917,0.86212,0.13788,0.805135,0.194865,0.738868,0.261132,0.665734,0.334266,0.588687,0.411313,0.51083,0.48917,0.435053,0.564947,0.363771,0.636229,0.298765,0.701235,0.241146,0.758854,0.191391,0.808609,0.149451,0.850549,0.114879,0.885121,0.086966,0.913034,0.99685,0.00315,0.990339,0.009661,0.976436,0.023564,0.951569,0.048431,0.912845,0.087155,0.858936,0.141064,0.790569,0.209431,0.710454,0.289546,0.622749,0.377251,0.532267,0.467733,0.443677,0.556323,0.360878,0.639122,0.286649,0.713351,0.222556,0.777444,0.169067,0.830933,0.125792,0.874208,0.091762,0.908238,0.065693,0.934307,0.046198,0.953802,0.031941,0.968059,0.02173,0.97827,1,0.001583,1,0.003155,1,0.003417,1,0.009708,1,0.007846,1,0.023846,1,0.016836,1,0.049643,1,0.032814,1,0.091189,1,0.058411,1,0.152061,1,0.096181,1,0.235002,1,0.148361,0,1.239441,1,0.216745,0,0.974845,1,0.302636,0,0.759858,1,0.406865,0,0.586406,1,0.529861,0,0.44766,1,0.671718,0,0.337782,1,0.832287,0,0.251744,1,1.011231,0,0.185206,1,1.208098,0,0.134437,0,0.275946,0,0.096249,0,0.21244,0,0.06795,0,0.161873,0,0.047299,0,0.122031,0,0.032462,0,0.090982,0,0.02197
2512,2025/26,19,Radomiak Radom,Arka Gdynia,12.0,14.0,26.0,16.3383,11.0144,27.3527,0.054623,1,4594.9427,0.6493,0.5743,0.1707,0.4029,0.1867,0.0,0.0,0.0,1e-06,4e-06,1.5e-05,4.4e-05,0.000113,0.000262,0.000552,0.00107,0.001927,0.003251,0.005171,0.007797,0.011198,0.01538,0.020273,0.025727,0.031518,0.037365,0.04296,0.047996,0.052199,0.055352,0.05731,0.058016,0.057493,0.055834,0.053195,0.049765,0.045756,0.04138,0.036837,0.032303,0.027922,0.023805,0.020028,0.016638,0.013655,0.011077,0.008885,0.00705,0.005536,0.004304,0.003314,0.002528,0.001911,0.001432,0.001064,0.000784,0.002004,0.992761,0.007239,1,0.007265,0.98759,0.01241,1,0.012488,0.979793,0.020207,1,0.020414,0.968595,0.031405,1,0.031908,0.953215,0.046785,1,0.047914,0.932942,0.067058,1,0.069412,0.907215,0.092785,1,0.097376,0.875697,0.124303,1,0.132735,0.838332,0.161668,1,0.176341,0.795372,0.204628,1,0.228945,0.747376,0.252624,1,0.291187,0.695176,0.304824,1,0.36359,0.639825,0.360175,1,0.446561,0.582515,0.417485,1,0.540401,0.524498,0.475502,0,0.743385,0.467006,0.532994,0,0.629245,0.411172,0.588828,0,0.52962,0.357977,0.642023,0,0.443131,0.308212,0.691788,0,0.368476,0.262457,0.737543,0,0.30443,0.221076,0.778924,0,0.249842,0.184239,0.815761,0,0.203634,0.151936,0.848064,0,0.164799,0.124014,0.875986,0,0.132405,8e-06,7.3e-05,0.000333,0.001064,0.002673,0.005624,0.010302,0.01687,0.025167,0.034692,0.044676,0.054217,0.062444,0.068652,0.072398,0.073535,0.072189,0.068702,0.063551,0.057269,0.050378,0.043337,0.036515,0.030178,0.024494,0.019548,0.058967,0.00018,0.001237,0.004486,0.011406,0.022823,0.038249,0.055813,0.072802,0.086511,0.09499,0.097438,0.09419,0.086411,0.075674,0.063568,0.05143,0.040217,0.030487,0.022464,0.016125,0.011299,0.007742,0.005196,0.003421,0.002212,0.001406,0.002217,0.997443,0.002557,0.996379,0.003621,0.993706,0.006294,0.988082,0.011918,0.97778,0.02222,0.960909,0.039091,0.935742,0.064258,0.90105,0.09895,0.856374,0.143626,0.802157,0.197843,0.739714,0.260286,0.671062,0.328938,0.598664,0.401336,0.525129,0.474871,0.452939,0.547061,0.384237,0.615763,0.320686,0.679314,0.263417,0.736583,0.213039,0.786961,0.169702,0.830298,0.133187,0.866813,0.994089,0.005911,0.982683,0.017317,0.95986,0.04014,0.921611,0.078389,0.865798,0.134202,0.792996,0.207004,0.706485,0.293515,0.611495,0.388505,0.514058,0.485942,0.419868,0.580132,0.333456,0.666544,0.257782,0.742218,0.194215,0.805785,0.142785,0.857215,0.102568,0.897432,0.072081,0.927919,0.049617,0.950383,0.033492,0.966508,0.022194,0.977806,0.014452,0.985548,0.009255,0.990745,1,0.00256,1,0.005929,1,0.003628,1,0.017469,1,0.006314,1,0.040968,1,0.01199,1,0.081632,1,0.022471,1,0.144104,1,0.039876,1,0.231937,1,0.066415,1,0.347453,1,0.104195,1,0.491849,1,0.155048,1,0.665419,1,0.220451,1,0.867815,0,1.345974,1,1.098244,0,1.111886,1,1.355641,0,0.912956,0,0.215938,0,0.744712,0,0.154067,0,0.603195,0,0.108218,0,0.484893,0,0.074811,0,0.386672,0,0.05089,0,0.305733,0,0.034066,0,0.239577,0,0.022444,0,0.185971,0,0.014557,0,0.142932,0,0.009298
2513,2025/26,19,Lech Poznań,Lechia Gdańsk,28.0,12.0,40.0,16.4593,12.9583,29.4176,0.054623,1,4594.9427,0.6493,0.5743,0.1707,0.4029,0.1867,0.0,0.0,0.0,0.0,2e-06,5e-06,1.7e-05,4.5e-05,0.00011,0.000242,0.00049,0.000923,0.001629,0.002708,0.004266,0.006401,0.009184,0.012642,0.01675,0.021419,0.0265,0.03179,0.037051,0.042025,0.046467,0.050156,0.05292,0.054648,0.055292,0.05487,0.053457,0.051175,0.048177,0.044636,0.040728,0.036623,0.032475,0.028413,0.02454,0.020935,0.017649,0.014709,0.012125,0.009889,0.007983,0.006381,0.005052,0.003964,0.003082,0.002376,0.001816,0.005263,0.996537,0.003463,1,0.003469,0.993829,0.006171,1,0.00619,0.989563,0.010437,1,0.010492,0.983161,0.016839,1,0.016982,0.973978,0.026022,1,0.026367,0.961336,0.038664,1,0.039431,0.944586,0.055414,1,0.057008,0.923167,0.076833,1,0.079945,0.896667,0.103333,1,0.109071,0.864877,0.135123,1,0.145168,0.827826,0.172174,1,0.188952,0.785801,0.214199,1,0.241052,0.739334,0.260666,1,0.302006,0.689178,0.310822,1,0.372256,0.636258,0.363742,1,0.452152,0.58161,0.41839,1,0.541956,0.526317,0.473683,1,0.641851,0.471447,0.528553,1,0.751948,0.41799,0.58201,1,0.872298,0.366815,0.633185,1,1.002898,0.318638,0.681362,1,1.143699,0.274003,0.725997,1,1.294617,0.233275,0.766725,1,1.455538,0.196651,0.803349,1,1.626323,8e-06,6.9e-05,0.000315,0.00101,0.002547,0.00538,0.009894,0.016264,0.024358,0.033707,0.043577,0.05309,0.061384,0.067749,0.071725,0.073136,0.072077,0.068863,0.063948,0.057852,0.051089,0.044121,0.03732,0.030963,0.02523,0.020213,0.06178,5.6e-05,0.000421,0.001686,0.00473,0.010444,0.019311,0.03109,0.044745,0.058666,0.071072,0.080438,0.085792,0.08684,0.083909,0.077769,0.069422,0.059896,0.050097,0.040728,0.032256,0.024938,0.018854,0.013961,0.010141,0.007234,0.005074,0.010325,0.997277,0.002723,0.996267,0.003733,0.99372,0.00628,0.988341,0.011659,0.978447,0.021553,0.962183,0.037817,0.937825,0.062175,0.904117,0.095883,0.86054,0.13946,0.807451,0.192549,0.746067,0.253933,0.678318,0.321682,0.606592,0.393408,0.533456,0.466544,0.461379,0.538621,0.392516,0.607484,0.328568,0.671432,0.270716,0.729284,0.219627,0.780373,0.175506,0.824494,0.138186,0.861814,0.99773,0.00227,0.992999,0.007001,0.982556,0.017444,0.963245,0.036755,0.932154,0.067846,0.887409,0.112591,0.828743,0.171257,0.757671,0.242329,0.677234,0.322766,0.591442,0.408558,0.504602,0.495398,0.420693,0.579307,0.342924,0.657076,0.273503,0.726497,0.213607,0.786393,0.163509,0.836491,0.122782,0.877218,0.090526,0.909474,0.065588,0.934412,0.046734,0.953266,0.032773,0.967227,1,0.002727,1,0.002273,1,0.00374,1,0.007026,1,0.0063,1,0.017598,1,0.011727,1,0.037447,1,0.021789,1,0.070257,1,0.038551,1,0.119449,1,0.064192,1,0.187845,1,0.100797,1,0.277506,1,0.150195,1,0.389738,1,0.213873,1,0.525192,1,0.29294,0,0.702394,1,0.388139,0,0.545923,1,0.499899,0,0.419956,1,0.628379,0,0.319521,1,0.773535,0,0.240299,1,0.935178,0,0.17854,1,1.113011,0,0.131,1,1.306685,0,0.094889,1,1.515825,0,0.067838,1,1.740082,0,0.047861,1,1.979155,0,0.033322
2514,2025/26,19,Widzew Łódź,Jagiellonia Białystok,17.0,5.0,22.0,15.9258,13.6426,29.5684,0.054623,1,4594.9427,0.6493,0.5743,0.1707,0.4029,0.1867,0.0,0.0,0.0,0.0,1e-06,5e-06,1.5e-05,4.2e-05,0.000102,0.000225,0.000458,0.000867,0.001535,0.002562,0.004053,0.006105,0.008792,0.012149,0.016157,0.020736,0.025747,0.030996,0.036249,0.041255,0.045767,0.04956,0.052458,0.054339,0.055147,0.054889,0.053631,0.051487,0.048605,0.045155,0.041311,0.037243,0.033107,0.029037,0.025139,0.021495,0.018162,0.015169,0.01253,0.010241,0.008283,0.006634,0.005262,0.004136,0.003221,0.002487,0.001904,0.005546,0.99675,0.00325,1,0.003256,0.994188,0.005812,1,0.005829,0.990135,0.009865,1,0.009914,0.984029,0.015971,1,0.016099,0.975237,0.024763,1,0.025075,0.963088,0.036912,1,0.037611,0.946931,0.053069,1,0.054529,0.926195,0.073805,1,0.076671,0.900448,0.099552,1,0.104863,0.869452,0.130548,1,0.139892,0.833203,0.166797,0,1.790975,0.791947,0.208053,0,1.569963,0.746181,0.253819,0,1.371132,0.69662,0.30338,0,1.19277,0.644162,0.355838,0,1.03328,0.589823,0.410177,0,0.891166,0.534676,0.465324,0,0.765021,0.479787,0.520213,0,0.653516,0.426155,0.573845,0,0.555396,0.374668,0.625332,0,0.469472,0.326062,0.673938,0,0.394618,0.280908,0.719092,0,0.329765,0.239597,0.760403,0,0.273907,0.202354,0.797646,0,0.22609,1.1e-05,9e-05,0.000404,0.001272,0.003152,0.006542,0.011823,0.0191,0.028109,0.038224,0.048558,0.058133,0.06605,0.071636,0.074526,0.074674,0.072318,0.067895,0.061956,0.055078,0.047797,0.040562,0.033715,0.027487,0.022009,0.017327,0.049959,3.7e-05,0.000292,0.001204,0.00348,0.007916,0.01508,0.025013,0.037088,0.050097,0.062528,0.072909,0.080116,0.083549,0.083171,0.079417,0.073039,0.064923,0.055946,0.046858,0.038234,0.030454,0.023721,0.018097,0.013542,0.009953,0.007192,0.015922,0.997905,0.002095,0.996633,0.003367,0.99348,0.00652,0.986938,0.013062,0.975115,0.024885,0.956015,0.043985,0.927906,0.072094,0.889682,0.110318,0.841124,0.158876,0.782991,0.217009,0.71694,0.28306,0.645304,0.354696,0.570778,0.429222,0.496104,0.503896,0.423786,0.576214,0.355891,0.644109,0.293935,0.706065,0.238856,0.761144,0.191059,0.808941,0.150498,0.849502,0.116783,0.883217,0.998245,0.001755,0.994765,0.005235,0.986849,0.013151,0.97177,0.02823,0.946757,0.053243,0.909669,0.090331,0.859571,0.140429,0.797043,0.202957,0.724133,0.275867,0.644018,0.355982,0.560469,0.439531,0.477298,0.522702,0.397881,0.602119,0.324842,0.675158,0.259919,0.740081,0.203973,0.796027,0.157115,0.842885,0.118881,0.881119,0.088427,0.911573,0.064706,0.935294,0.046609,0.953391,1,0.002097,1,0.001757,1,0.003373,1,0.005249,1,0.006541,1,0.013238,1,0.013148,0,3.56737,1,0.0252,0,2.932889,1,0.044982,0,2.404275,1,0.074825,0,1.963053,1,0.116891,0,1.594761,1,0.173016,0,1.287836,1,0.244634,0,1.032875,1,0.332763,0,0.822047,1,0.438034,0,0.648744,1,0.560755,0,0.5073,1,0.70097,0,0.392809,1,0.858527,0,0.300996,0,0.439887,0,0.228122,0,0.348048,0,0.170925,0,0.272933,0,0.126563,0,0.212029,0,0.092584,0,0.163105,0,0.066894,0,0.124184,0,0.04773
2515,2025/26,20,Arka Gdynia,Legia Warszawa,3.0,14.0,17.0,11.2041,14.5246,25.7287,0.054298,1,4647.8069,0.6378,0.5653,0.1801,0.4052,0.1793,0.0,0.0,0.0,2e-06,9e-06,3e-05,8.6e-05,0.000215,0.000482,0.000985,0.001852,0.003234,0.005289,0.008152,0.011909,0.016566,0.022032,0.028115,0.03453,0.040929,0.046937,0.052189,0.056375,0.059265,0.060731,0.060752,0.059405,0.05685,0.053304,0.04902,0.044256,0.03926,0.034249,0.029404,0.024862,0.020716,0.017022,0.0138,0.011044,0.00873,0.00682,0.005266,0.004023,0.00304,0.002274,0.001684,0.001236,0.000898,0.000647,0.000462,0.000327,0.000735,0.987817,0.012183,1,0.012257,0.979665,0.020335,1,0.020544,0.967757,0.032243,1,0.032775,0.951191,0.048809,1,0.050041,0.929159,0.070841,1,0.073476,0.901044,0.098956,0,2.313081,0.866514,0.133486,0,2.013761,0.825585,0.174415,0,1.746317,0.778648,0.221352,0,1.508001,0.726459,0.273541,0,1.296302,0.670084,0.329916,0,1.108916,0.610819,0.389181,0,0.94371,0.550088,0.449912,0,0.798702,0.489336,0.510664,0,0.672043,0.429931,0.570069,0,0.561997,0.373081,0.626919,0,0.466938,0.319776,0.680224,0,0.385334,0.270756,0.729244,0,0.315747,0.2265,0.7735,0,0.256829,0.18724,0.81276,0,0.207319,0.15299,0.84701,0,0.166043,0.123586,0.876414,0,0.131917,0.098724,0.901276,0,0.103944,0.078008,0.921992,0,0.081219,0.000158,0.001102,0.004046,0.010414,0.021091,0.035767,0.052801,0.069664,0.083718,0.092947,0.09639,0.094188,0.087335,0.077292,0.065607,0.05363,0.042367,0.032444,0.024146,0.017505,0.012388,0.008572,0.005809,0.003861,0.00252,0.001617,0.00261,2.2e-05,0.000181,0.000777,0.002331,0.005503,0.010879,0.018721,0.028792,0.040333,0.052199,0.063102,0.071877,0.07769,0.080149,0.079304,0.075568,0.069589,0.062119,0.053892,0.045544,0.037569,0.030304,0.02394,0.018549,0.014114,0.010558,0.025891,0.994683,0.005317,0.984269,0.015731,0.963178,0.036822,0.92741,0.07259,0.87461,0.12539,0.804945,0.195055,0.721227,0.278773,0.62828,0.37172,0.53189,0.46811,0.437702,0.562298,0.350368,0.649632,0.273076,0.726924,0.207469,0.792531,0.153839,0.846161,0.111472,0.888528,0.079029,0.920971,0.054883,0.945117,0.037377,0.962623,0.02499,0.97501,0.016418,0.983582,0.010609,0.989391,0.998518,0.001482,0.996187,0.003813,0.990684,0.009316,0.979805,0.020195,0.961085,0.038915,0.932293,0.067707,0.891959,0.108041,0.83976,0.16024,0.776658,0.223342,0.704781,0.295219,0.627091,0.372909,0.546942,0.453058,0.467638,0.532362,0.39207,0.60793,0.322481,0.677519,0.260362,0.739638,0.20647,0.79353,0.160925,0.839075,0.123356,0.876644,0.093052,0.906948,0.069112,0.930888,1,0.005331,1,0.001483,0,4.152122,1,0.00382,0,3.30166,1,0.00936,0,2.622928,1,0.020402,0,2.076326,1,0.039692,0,1.634474,1,0.070108,0,1.277357,1,0.114335,0,0.989614,1,0.174639,0,0.759052,1,0.252755,0,0.575723,1,0.349868,0,0.431349,1,0.466664,0,0.318933,1,0.603413,0,0.232524,0,0.630432,0,0.167046,0,0.497696,0,0.118189,0,0.389318,0,0.082327,0,0.301594,0,0.056447,0,0.231264,0,0.038093,0,0.175455,0,0.025308,0,0.131654,0,0.016554,0,0.09767,0,0.010666,0,0.071616
2516,2025/26,20,Lechia Gdańsk,Cracovia,19.0,9.0,28.0,13.4574,11.217,24.6743,0.054298,1,4647.8069,0.6378,0.5653,0.1801,0.4052,0.1793,0.0,0.0,1e-06,4e-06,1.5e-05,4.9e-05,0.000136,0.000332,0.00073,0.001456,0.002673,0.004561,0.007284,0.010966,0.015643,0.021248,0.027591,0.034373,0.041213,0.047686,0.053377,0.057926,0.061066,0.062647,0.062642,0.061142,0.05833,0.054458,0.04981,0.044681,0.039345,0.03404,0.02896,0.024245,0.019988,0.016239,0.013008,0.010281,0.008021,0.00618,0.004705,0.003541,0.002636,0.001941,0.001415,0.001021,0.00073,0.000517,0.000363,0.000252,0.000174,0.00036,0.98276,0.01724,1,0.01739,0.971795,0.028205,1,0.028611,0.956152,0.043848,1,0.044838,0.934904,0.065096,1,0.067311,0.907314,0.092686,1,0.097267,0.87294,0.12706,1,0.135888,0.831727,0.168273,1,0.184251,0.784041,0.215959,1,0.243294,0.730664,0.269336,1,0.313802,0.672738,0.327262,1,0.3964,0.611672,0.388328,1,0.49156,0.549025,0.450975,1,0.599612,0.486383,0.513617,1,0.72076,0.42524,0.57476,1,0.8551,0.36691,0.63309,1,1.002638,0.312453,0.687547,1,1.163302,0.262642,0.737358,0,0.304682,0.217961,0.782039,0,0.245851,0.178616,0.821384,0,0.196764,0.144576,0.855424,0,0.156157,0.115616,0.884384,0,0.122864,0.091371,0.908629,0,0.095818,0.071382,0.928618,0,0.074058,0.055143,0.944857,0,0.056722,4.1e-05,0.000319,0.001306,0.003754,0.008485,0.016062,0.026466,0.038976,0.052282,0.064791,0.074999,0.081801,0.084663,0.083635,0.079239,0.072301,0.063754,0.054494,0.04527,0.036634,0.028936,0.022349,0.016906,0.012543,0.009139,0.006546,0.014129,0.000157,0.001094,0.004019,0.010353,0.020983,0.035609,0.052604,0.069455,0.083526,0.0928,0.096307,0.094173,0.087384,0.077391,0.065738,0.053775,0.042512,0.032578,0.024263,0.017603,0.012466,0.008632,0.005854,0.003894,0.002544,0.001634,0.002641,0.998154,0.001846,0.994401,0.005599,0.985916,0.014084,0.969854,0.030146,0.943388,0.056612,0.904411,0.095589,0.852129,0.147871,0.787338,0.212662,0.71234,0.28766,0.630539,0.369461,0.545876,0.454124,0.462241,0.537759,0.383002,0.616998,0.310701,0.689299,0.246947,0.753053,0.192452,0.807548,0.147182,0.852818,0.110548,0.889452,0.081612,0.918388,0.059263,0.940737,0.042357,0.957643,0.994719,0.005281,0.984366,0.015634,0.963383,0.036617,0.927774,0.072226,0.87517,0.12483,0.805715,0.194285,0.722189,0.277811,0.629388,0.370612,0.533082,0.466918,0.438908,0.561092,0.351525,0.648475,0.274133,0.725867,0.208396,0.791604,0.154621,0.845379,0.112108,0.887892,0.07953,0.92047,0.055266,0.944734,0.037663,0.962337,0.025197,0.974803,0.016566,0.983434,0.010712,0.989288,1,0.001848,1,0.005295,1,0.005615,1,0.015757,1,0.014184,1,0.037304,1,0.03061,1,0.074967,1,0.058278,1,0.133337,1,0.100471,1,0.216025,1,0.160017,1,0.325468,1,0.239098,0,0.9926,1,0.3392,0,0.761602,1,0.46118,0,0.57787,1,0.605363,0,0.433132,1,0.771669,0,0.320388,1,0.959715,0,0.233694,1,1.168924,0,0.16797,1,1.398582,0,0.118905,1,1.647909,0,0.082871,1,1.916085,0,0.056852,0,0.11715,0,0.038391,0,0.085135,0,0.02552,0,0.061092,0,0.016705,0,0.04328,0,0.01077
2517,2025/26,20,Górnik Zabrze,Lech Poznań,17.0,13.0,30.0,16.0844,12.9301,29.0145,0.054298,1,4647.8069,0.6378,0.5653,0.1801,0.4052,0.1793,0.0,0.0,0.0,0.0,2e-06,6e-06,2e-05,5.3e-05,0.000127,0.000278,0.00056,0.001048,0.001837,0.003036,0.004754,0.007088,0.010103,0.013816,0.018184,0.023097,0.028382,0.033813,0.039133,0.044074,0.048383,0.051847,0.054306,0.055666,0.055903,0.055059,0.053235,0.050572,0.047242,0.043429,0.039316,0.035075,0.030854,0.026778,0.022941,0.019412,0.016231,0.013415,0.010966,0.008869,0.0071,0.005627,0.004418,0.003436,0.002649,0.002024,0.001534,0.004305,0.99607,0.00393,1,0.003938,0.993034,0.006966,1,0.006991,0.98828,0.01172,1,0.011789,0.981192,0.018808,1,0.018987,0.971089,0.028911,1,0.029337,0.957273,0.042727,1,0.043666,0.939089,0.060911,1,0.062845,0.915992,0.084008,1,0.087748,0.88761,0.11239,1,0.119223,0.853797,0.146203,1,0.158061,0.814665,0.185335,1,0.204979,0.770591,0.229409,1,0.260597,0.722208,0.277792,1,0.325443,0.67036,0.32964,1,0.39994,0.616054,0.383946,1,0.48442,0.560389,0.439611,1,0.579124,0.504486,0.495514,1,0.684215,0.449427,0.550573,1,0.799782,0.396192,0.603808,0,0.504499,0.34562,0.65438,0,0.424067,0.298378,0.701622,0,0.354361,0.254949,0.745051,0,0.294303,0.215633,0.784367,0,0.242878,0.180559,0.819441,0,0.199132,1e-05,8.2e-05,0.00037,0.001175,0.002934,0.006132,0.011157,0.018143,0.026872,0.036771,0.047,0.056604,0.06469,0.070563,0.073821,0.074376,0.072418,0.06835,0.062697,0.056023,0.048862,0.041672,0.034808,0.028515,0.022941,0.018146,0.053107,5.6e-05,0.000423,0.001695,0.004759,0.010511,0.019438,0.031291,0.045022,0.059001,0.071434,0.080785,0.086084,0.087045,0.084008,0.077761,0.069318,0.059717,0.049869,0.040474,0.031998,0.024693,0.018633,0.01377,0.009981,0.007105,0.004972,0.010053,0.997776,0.002224,0.9966,0.0034,0.993667,0.006333,0.987535,0.012465,0.976378,0.023622,0.958235,0.041765,0.931363,0.068637,0.894592,0.105408,0.847592,0.152408,0.790988,0.209012,0.726298,0.273702,0.655735,0.344265,0.581914,0.418086,0.507539,0.492461,0.435121,0.564879,0.366771,0.633229,0.304074,0.695926,0.248051,0.751949,0.199189,0.800811,0.157517,0.842483,0.12271,0.87729,0.997724,0.002276,0.992964,0.007036,0.982454,0.017546,0.963016,0.036984,0.931725,0.068275,0.886703,0.113297,0.827702,0.172298,0.756267,0.243733,0.675482,0.324518,0.589398,0.410602,0.502353,0.497647,0.418346,0.581654,0.340585,0.659415,0.271266,0.728734,0.211549,0.788451,0.16168,0.83832,0.121207,0.878793,0.089208,0.910792,0.064515,0.935485,0.045882,0.954118,0.032112,0.967888,1,0.002226,1,0.002279,1,0.003406,1,0.007061,1,0.006353,1,0.017702,1,0.012543,1,0.037685,1,0.023905,1,0.070718,1,0.042662,1,0.120245,1,0.071106,1,0.189102,1,0.111388,1,0.279361,1,0.165356,1,0.392329,1,0.234472,1,0.528654,1,0.319795,1,0.688452,1,0.421999,0,0.54188,1,0.541433,0,0.416402,1,0.678182,0,0.316446,1,0.832131,0,0.237685,0,0.456923,0,0.176355,0,0.362512,0,0.129206,0,0.285087,0,0.093441,0,0.22213,0,0.06669,0,0.171402,0,0.046968,0,0.130918,0,0.032639
2518,2025/26,20,Pogoń Szczecin,Bruk-Bet Termalica Nieciecza,17.0,21.0,38.0,18.1645,12.4894,30.6538,0.054298,1,4647.8069,0.6378,0.5653,0.1801,0.4052,0.1793,0.0,0.0,0.0,0.0,1e-06,3e-06,1e-05,2.8e-05,6.9e-05,0.000154,0.000319,0.000613,0.001104,0.001874,0.003015,0.004619,0.006767,0.009513,0.012872,0.016813,0.021248,0.026039,0.031004,0.035932,0.040596,0.04478,0.048289,0.050969,0.052716,0.053482,0.053273,0.052148,0.050204,0.047572,0.0444,0.040842,0.037051,0.033168,0.029315,0.025594,0.022084,0.01884,0.015898,0.013276,0.010974,0.008984,0.007285,0.005854,0.004663,0.003683,0.002885,0.009176,0.997699,0.002301,1,0.002304,0.995824,0.004176,1,0.004184,0.992809,0.007191,1,0.007217,0.98819,0.01181,1,0.01188,0.981423,0.018577,1,0.018752,0.97191,0.02809,1,0.028492,0.959037,0.040963,1,0.041825,0.942225,0.057775,1,0.059512,0.920977,0.079023,1,0.08232,0.894938,0.105062,1,0.111001,0.863934,0.136066,1,0.146259,0.828002,0.171998,1,0.18874,0.787406,0.212594,1,0.239012,0.742626,0.257374,1,0.297563,0.694337,0.305663,1,0.364798,0.643368,0.356632,1,0.441039,0.590652,0.409348,1,0.526528,0.53717,0.46283,1,0.62144,0.483897,0.516103,1,0.725883,0.431749,0.568251,1,0.83991,0.381545,0.618455,1,0.963527,0.333973,0.666027,1,1.096696,0.289573,0.710427,1,1.239349,0.248731,0.751269,1,1.391385,3e-06,3e-05,0.000143,0.000483,0.001285,0.00286,0.005542,0.009599,0.015143,0.02207,0.030046,0.038542,0.046915,0.054506,0.060736,0.065176,0.067592,0.067949,0.066387,0.063183,0.058695,0.053317,0.047434,0.041389,0.035466,0.02988,0.108961,7.2e-05,0.000538,0.002112,0.005808,0.012567,0.022768,0.035909,0.050616,0.064985,0.077081,0.085401,0.089154,0.088319,0.083506,0.075726,0.066134,0.055817,0.045665,0.036309,0.028123,0.021261,0.015718,0.01138,0.008081,0.005636,0.003864,0.007388,0.993156,0.006844,0.992672,0.007328,0.991388,0.008612,0.988528,0.011472,0.982986,0.017014,0.973388,0.026612,0.958245,0.041755,0.936175,0.063825,0.906129,0.093871,0.867587,0.132413,0.820672,0.179328,0.766166,0.233834,0.70543,0.29457,0.640254,0.359746,0.572661,0.427339,0.504712,0.495288,0.438325,0.561675,0.375142,0.624858,0.316447,0.683553,0.26313,0.73687,0.215696,0.784304,0.997216,0.002784,0.991408,0.008592,0.978841,0.021159,0.956073,0.043927,0.920164,0.079836,0.869548,0.130452,0.804562,0.195438,0.727481,0.272519,0.64208,0.35792,0.552925,0.447075,0.464607,0.535393,0.381101,0.618899,0.305374,0.694626,0.239241,0.760759,0.183424,0.816576,0.137759,0.862241,0.101451,0.898549,0.073328,0.926672,0.052067,0.947933,0.036349,0.963651,0.024969,0.975031,1,0.006868,1,0.002788,1,0.007355,1,0.008629,1,0.008649,1,0.021386,1,0.011538,1,0.044921,1,0.01716,1,0.083203,1,0.026973,1,0.139782,1,0.042652,1,0.217457,1,0.065953,1,0.318167,1,0.098574,1,0.443042,1,0.142039,1,0.592533,1,0.197632,1,0.766563,1,0.266356,1,0.964691,1,0.348948,1,1.186218,1,0.44589,1,1.430284,1,0.557461,1,1.695955,0,0.702616,1,1.982249,0,0.576832,1,2.288179,0,0.470231,1,2.612813,0,0.380451,1,2.955224,0,0.305344,0,0.037026,0,0.242959,0,0.025286
2519,2025/26,20,Korona Kielce,Zagłębie Lubin,20.0,10.0,30.0,15.942,12.0874,28.0294,0.054298,1,4647.8069,0.6378,0.5653,0.1801,0.4052,0.1793,0.0,0.0,0.0,1e-06,3e-06,1e-05,3.1e-05,8.1e-05,0.000191,0.00041,0.000809,0.001485,0.00255,0.004128,0.006334,0.009254,0.012926,0.017324,0.022347,0.027821,0.03351,0.039135,0.044401,0.049027,0.052769,0.055446,0.056948,0.057244,0.056378,0.05446,0.051646,0.048125,0.0441,0.039771,0.035323,0.030918,0.026686,0.022726,0.019107,0.015866,0.01302,0.010562,0.008475,0.006728,0.005287,0.004114,0.003171,0.002422,0.001833,0.001375,0.001024,0.002698,0.994429,0.005571,1,0.005586,0.990301,0.009699,1,0.009747,0.983967,0.016033,1,0.016163,0.974713,0.025287,1,0.025612,0.961787,0.038213,1,0.038962,0.944464,0.055536,1,0.057138,0.922117,0.077883,1,0.081083,0.894296,0.105704,1,0.111719,0.860786,0.139214,1,0.149909,0.821651,0.178349,1,0.196439,0.77725,0.22275,1,0.251993,0.728223,0.271777,1,0.317147,0.675454,0.324546,1,0.39237,0.620008,0.379992,1,0.478023,0.56306,0.43694,1,0.574368,0.505817,0.494183,1,0.681581,0.449438,0.550562,1,0.799757,0.394978,0.605022,1,0.928924,0.343332,0.656668,0,0.420577,0.295207,0.704793,0,0.349852,0.251107,0.748893,0,0.28916,0.211337,0.788663,0,0.237416,0.176013,0.823987,0,0.193601,0.145095,0.854905,0,0.156765,1e-05,8.8e-05,0.000396,0.00125,0.003106,0.006462,0.011701,0.018937,0.027916,0.038019,0.048364,0.05797,0.065936,0.071581,0.074531,0.074735,0.072422,0.06803,0.062107,0.055232,0.047944,0.040695,0.03383,0.027583,0.022086,0.017387,0.050092,9.2e-05,0.000672,0.002584,0.006969,0.014786,0.026268,0.040624,0.05615,0.070689,0.082217,0.089321,0.091434,0.088817,0.082346,0.073223,0.062705,0.051894,0.041631,0.032458,0.024651,0.018275,0.013247,0.009405,0.006549,0.004478,0.003011,0.005466,0.997918,0.002082,0.996668,0.003332,0.993562,0.006438,0.9871,0.0129,0.975399,0.024601,0.956462,0.043538,0.928546,0.071454,0.890527,0.109473,0.842163,0.157837,0.784193,0.215807,0.718257,0.281743,0.646675,0.353325,0.572144,0.427856,0.497409,0.502591,0.424986,0.575014,0.356957,0.643043,0.29485,0.70515,0.239617,0.760383,0.191673,0.808327,0.150978,0.849022,0.117148,0.882852,0.996614,0.003386,0.989645,0.010355,0.974859,0.025141,0.94859,0.05141,0.907966,0.092034,0.851817,0.148183,0.781128,0.218872,0.69891,0.30109,0.609589,0.390411,0.518155,0.481845,0.429338,0.570662,0.346992,0.653008,0.273769,0.726231,0.211065,0.788935,0.159171,0.840829,0.11754,0.88246,0.085082,0.914918,0.060431,0.939569,0.042156,0.957844,0.028909,0.971091,0.019504,0.980496,1,0.002084,1,0.003392,1,0.003338,1,0.010409,1,0.006459,1,0.025462,1,0.012984,1,0.052779,1,0.024909,1,0.096548,1,0.044514,1,0.160384,1,0.074135,1,0.247016,1,0.115942,1,0.358233,1,0.171782,0,0.940555,1,0.2431,0,0.730133,1,0.330928,0,0.560958,1,0.435911,0,0.426166,1,0.558365,0,0.319887,1,0.698343,0,0.237071,1,0.855699,0,0.173367,1,1.03014,0,0.125042,1,1.221289,0,0.088921,1,1.428713,0,0.062334,0,0.212789,0,0.04307,0,0.16367,0,0.029335,0,0.124598,0,0.019697
2520,2025/26,20,GKS Katowice,Widzew Łódź,8.0,9.0,17.0,14.6238,13.8509,28.4748,0.054298,1,4647.8069,0.6378,0.5653,0.1801,0.4052,0.1793,0.0,0.0,0.0,1e-06,2e-06,8e-06,2.4e-05,6.5e-05,0.000155,0.000336,0.000671,0.001245,0.002164,0.003544,0.0055,0.008126,0.011476,0.015549,0.020275,0.02551,0.031048,0.036634,0.041987,0.046826,0.050897,0.053998,0.055989,0.056809,0.056467,0.055041,0.052662,0.049503,0.045753,0.041611,0.037264,0.032883,0.028609,0.024555,0.020803,0.017405,0.014388,0.011756,0.0095,0.007594,0.006008,0.004706,0.003651,0.002805,0.002137,0.001613,0.001207,0.003242,0.995329,0.004671,1,0.004682,0.991785,0.008215,1,0.008249,0.986286,0.013714,1,0.013809,0.97816,0.02184,1,0.022082,0.966684,0.033316,1,0.033884,0.951134,0.048866,0,3.018682,0.93086,0.06914,0,2.671619,0.90535,0.09465,0,2.357569,0.874302,0.125698,0,2.073871,0.837667,0.162333,0,1.818108,0.79568,0.20432,0,1.588069,0.748854,0.251146,0,1.381723,0.697957,0.302043,0,1.197187,0.64396,0.35604,0,1.032711,0.58797,0.41203,0,0.88666,0.531161,0.468839,0,0.757496,0.474694,0.525306,0,0.643775,0.419654,0.580346,0,0.54413,0.366991,0.633009,0,0.457271,0.317489,0.682511,0,0.381976,0.271736,0.728264,0,0.317091,0.230125,0.769875,0,0.261527,0.192861,0.807139,0,0.21426,0.159978,0.840022,0,0.174328,2.1e-05,0.000172,0.000741,0.002231,0.005286,0.01049,0.01812,0.027975,0.039338,0.051105,0.062015,0.070907,0.076934,0.079671,0.079131,0.07569,0.069967,0.062694,0.054598,0.046317,0.038352,0.031053,0.024625,0.019152,0.014628,0.010985,0.027252,3.3e-05,0.000258,0.001077,0.003147,0.007232,0.013919,0.023317,0.034912,0.047613,0.059989,0.070599,0.078287,0.082378,0.082736,0.079696,0.073931,0.06628,0.057599,0.048647,0.040024,0.032141,0.025239,0.019411,0.014642,0.010846,0.007899,0.017882,0.998519,0.001481,0.996288,0.003712,0.991002,0.008998,0.980511,0.019489,0.962391,0.037609,0.934416,0.065584,0.895077,0.104923,0.843972,0.156028,0.781957,0.218043,0.71105,0.28895,0.634116,0.365884,0.554445,0.445555,0.475314,0.524686,0.399624,0.600376,0.329656,0.670344,0.266962,0.733038,0.212364,0.787636,0.166047,0.833953,0.127695,0.872305,0.096642,0.903358,0.072017,0.927983,0.998365,0.001635,0.995218,0.004782,0.987986,0.012014,0.974067,0.025933,0.95075,0.04925,0.915837,0.084163,0.868225,0.131775,0.808236,0.191764,0.737637,0.262363,0.65935,0.34065,0.576972,0.423028,0.494236,0.505764,0.41454,0.58546,0.340609,0.659391,0.274329,0.725671,0.216731,0.783269,0.168083,0.831917,0.12806,0.87194,0.095918,0.904082,0.070679,0.929321,0.051268,0.948732,1,0.001482,1,0.001636,1,0.003719,1,0.004793,1,0.009039,1,0.012087,1,0.019681,1,0.026275,1,0.038334,1,0.050504,1,0.067834,1,0.087917,0,2.254529,1,0.141304,0,1.85772,0,1.65149,0,1.523063,0,1.338026,0,1.241502,0,1.0769,0,1.005439,0,0.860317,0,0.808435,0,0.681685,0,0.644955,0,0.535357,0,0.510199,0,0.416439,0,0.399964,0,0.320659,0,0.310558,0,0.244279,0,0.238719,0,0.184023,0,0.181578,0,0.137035,0,0.136616,0,0.100835,0,0.101636,0,0.073301,0,0.074742,0,0.052629
2521,2025/26,20,Raków Częstochowa,Radomiak Radom,16.0,11.0,27.0,14.4382,12.9573,27.3955,0.054298,1,4647.8069,0.6378,0.5653,0.1801,0.4052,0.1793,0.0,0.0,0.0,1e-06,4e-06,1.3e-05,3.9e-05,0.000103,0.00024,0.000511,0.000998,0.001811,0.003078,0.004929,0.007481,0.010809,0.014931,0.019786,0.025233,0.031052,0.036966,0.042663,0.047827,0.052174,0.055472,0.057568,0.058391,0.057956,0.056354,0.053737,0.050298,0.046255,0.041824,0.037214,0.032605,0.02815,0.023962,0.020123,0.01668,0.013655,0.011045,0.008831,0.006982,0.005462,0.004229,0.003241,0.00246,0.00185,0.001379,0.001019,0.000746,0.001863,0.993202,0.006798,1,0.006821,0.988273,0.011727,1,0.011796,0.980792,0.019208,1,0.019395,0.969983,0.030017,1,0.030477,0.955052,0.044948,1,0.045989,0.935266,0.064734,1,0.066924,0.910033,0.089967,1,0.094274,0.878981,0.121019,1,0.128992,0.842014,0.157986,1,0.171958,0.799352,0.200648,1,0.223954,0.751524,0.248476,1,0.285652,0.699351,0.300649,1,0.357603,0.643878,0.356122,1,0.440246,0.58631,0.41369,1,0.533906,0.527919,0.472081,1,0.638812,0.469964,0.530036,0,0.634809,0.41361,0.58639,0,0.53377,0.359873,0.640127,0,0.446089,0.309575,0.690425,0,0.370448,0.26332,0.73668,0,0.305602,0.221496,0.778504,0,0.250381,0.184282,0.815718,0,0.203687,0.151677,0.848323,0,0.164494,0.123527,0.876473,0,0.13185,2.3e-05,0.00019,0.00081,0.002422,0.005699,0.011229,0.019258,0.029521,0.041216,0.053164,0.064054,0.072718,0.078337,0.080547,0.079431,0.075437,0.069237,0.061599,0.053262,0.044862,0.036883,0.029651,0.023346,0.018028,0.013672,0.010194,0.024746,5.5e-05,0.000417,0.001673,0.004701,0.010395,0.019248,0.031024,0.044693,0.058643,0.071088,0.080492,0.085878,0.086944,0.084014,0.077862,0.069494,0.059943,0.050119,0.040727,0.032238,0.024909,0.018819,0.013925,0.010106,0.007203,0.005047,0.010239,0.998513,0.001487,0.996091,0.003909,0.990392,0.009608,0.979163,0.020837,0.959904,0.040096,0.930384,0.069616,0.889168,0.110832,0.836004,0.163996,0.77195,0.22805,0.699233,0.300767,0.620896,0.379104,0.540349,0.459651,0.460918,0.539082,0.385481,0.614519,0.316244,0.683756,0.254645,0.745355,0.201383,0.798617,0.156521,0.843479,0.119637,0.880363,0.089986,0.910014,0.06664,0.93336,0.99775,0.00225,0.993049,0.006951,0.982654,0.017346,0.963406,0.036594,0.932382,0.067618,0.887689,0.112311,0.829046,0.170954,0.757959,0.242041,0.677466,0.322534,0.591589,0.408411,0.504645,0.495355,0.420632,0.579368,0.342769,0.657231,0.273275,0.726725,0.213332,0.786668,0.163213,0.836787,0.122486,0.877514,0.090247,0.909753,0.065339,0.934661,0.046519,0.953481,0.032594,0.967406,1,0.001488,1,0.002253,1,0.003917,1,0.006975,1,0.009654,1,0.017498,1,0.021057,1,0.03728,1,0.040922,1,0.070013,1,0.072158,1,0.119134,1,0.117469,1,0.18748,1,0.179122,1,0.277126,1,0.258835,1,0.389396,1,0.357771,0,0.895481,1,0.476592,0,0.702481,1,0.61554,0,0.545817,1,0.774535,0,0.41972,1,0.953263,0,0.319207,0,0.380154,0,0.239949,0,0.293895,0,0.178186,0,0.224874,0,0.130662,0,0.17022,0,0.094582,0,0.127421,0,0.067571,0,0.094295,0,0.047636,0,0.068964,0,0.033137
2522,2025/26,20,Jagiellonia Białystok,Motor Lublin,22.0,13.0,35.0,16.2445,12.3737,28.6182,0.054298,1,4647.8069,0.6378,0.5653,0.1801,0.4052,0.1793,0.0,0.0,0.0,1e-06,2e-06,8e-06,2.4e-05,6.3e-05,0.000151,0.000327,0.000653,0.001212,0.002106,0.00345,0.005356,0.007917,0.01119,0.015175,0.019807,0.02495,0.030406,0.035929,0.041245,0.046079,0.05018,0.053346,0.055435,0.056378,0.056178,0.054903,0.052677,0.049661,0.04604,0.042007,0.037745,0.033424,0.029186,0.025146,0.021387,0.017967,0.014915,0.012241,0.009936,0.00798,0.006344,0.004994,0.003893,0.003008,0.002303,0.001748,0.001316,0.00361,0.995455,0.004545,1,0.004556,0.992005,0.007995,1,0.008027,0.986649,0.013351,1,0.013441,0.978732,0.021268,1,0.021498,0.967541,0.032459,1,0.032997,0.952366,0.047634,1,0.048806,0.93256,0.06744,1,0.069822,0.90761,0.09239,1,0.096941,0.877203,0.122797,1,0.131016,0.841274,0.158726,1,0.172838,0.800029,0.199971,1,0.223107,0.75395,0.24605,1,0.282429,0.70377,0.29623,1,0.351304,0.650424,0.349576,1,0.430131,0.594989,0.405011,1,0.519213,0.538611,0.461389,1,0.618762,0.482433,0.517567,1,0.728914,0.42753,0.57247,1,0.849732,0.374853,0.625147,1,0.981222,0.325192,0.674808,1,1.12334,0.279152,0.720848,1,1.276,0.237145,0.762855,1,1.439084,0.199399,0.800601,1,1.612445,0.165975,0.834025,0,0.181492,9e-06,7.6e-05,0.000344,0.001096,0.002751,0.005781,0.010574,0.017286,0.025739,0.035408,0.045496,0.055083,0.063284,0.069395,0.072983,0.07392,0.072355,0.068652,0.063307,0.056867,0.049861,0.042749,0.035896,0.029562,0.023909,0.019012,0.056626,7.8e-05,0.000574,0.002238,0.006121,0.01317,0.023728,0.037215,0.052167,0.066605,0.078565,0.086563,0.089866,0.08853,0.083243,0.075069,0.065197,0.054721,0.04452,0.035203,0.027115,0.020386,0.014987,0.010791,0.00762,0.005285,0.003603,0.006789,0.997594,0.002406,0.996498,0.003502,0.993746,0.006254,0.987965,0.012035,0.977391,0.022609,0.960104,0.039896,0.934365,0.065635,0.898957,0.101043,0.853461,0.146539,0.798378,0.201622,0.735094,0.264906,0.665699,0.334301,0.592716,0.407284,0.518796,0.481204,0.44644,0.55356,0.377788,0.622212,0.314482,0.685518,0.257615,0.742385,0.207754,0.792246,0.165005,0.834995,0.12911,0.87089,0.997057,0.002943,0.990937,0.009063,0.977767,0.022233,0.954039,0.045961,0.916824,0.083176,0.864657,0.135343,0.798051,0.201949,0.719486,0.280514,0.632923,0.367077,0.543057,0.456943,0.454527,0.545473,0.371284,0.628716,0.296215,0.703785,0.231018,0.768982,0.176298,0.823702,0.131777,0.868223,0.096575,0.903425,0.06946,0.93054,0.049074,0.950926,0.034087,0.965913,0.023297,0.976703,1,0.002409,1,0.002947,1,0.003508,1,0.009104,1,0.006274,1,0.022484,1,0.012108,1,0.047051,1,0.022869,1,0.08684,1,0.040714,1,0.145422,1,0.067888,1,0.225583,1,0.10652,1,0.329218,1,0.158455,1,0.457407,1,0.225173,1,0.610541,1,0.307757,1,0.788498,1,0.406918,0,0.464076,1,0.52304,0,0.351282,1,0.656245,0,0.262688,1,0.80645,0,0.193946,1,0.973422,0,0.141307,1,1.156828,0,0.101562,1,1.356289,0,0.07199,1,1.571401,0,0.050319,1,1.80178,0,0.034682,0,0.13824,0,0.023573
2523,2025/26,20,Piast Gliwice,Wisła Płock,16.0,9.0,25.0,15.2182,12.4606,27.6789,0.054298,1,4647.8069,0.6378,0.5653,0.1801,0.4052,0.1793,0.0,0.0,0.0,1e-06,3e-06,1.2e-05,3.5e-05,9.2e-05,0.000217,0.000463,0.000908,0.001657,0.002829,0.004553,0.006944,0.010084,0.014,0.018649,0.023906,0.029574,0.035395,0.041069,0.046292,0.050777,0.054288,0.056656,0.057793,0.057693,0.056424,0.05412,0.050958,0.047142,0.042884,0.038391,0.033844,0.029401,0.025185,0.021284,0.017756,0.01463,0.011911,0.009586,0.00763,0.006008,0.004683,0.003614,0.002762,0.002092,0.00157,0.001168,0.000862,0.002204,0.993783,0.006217,1,0.006237,0.98923,0.01077,1,0.010828,0.982286,0.017714,1,0.017873,0.972202,0.027798,1,0.028192,0.958201,0.041799,1,0.042697,0.939553,0.060447,1,0.062351,0.915647,0.084353,1,0.088125,0.886072,0.113928,1,0.120957,0.850678,0.149322,1,0.161722,0.809608,0.190392,1,0.211205,0.763317,0.236683,1,0.270082,0.71254,0.28746,1,0.33892,0.658252,0.341748,1,0.418168,0.601595,0.398405,0,0.920287,0.543802,0.456198,0,0.784828,0.486109,0.513891,0,0.665744,0.429685,0.570315,0,0.561566,0.375565,0.624435,0,0.470908,0.324607,0.675393,0,0.392461,0.277466,0.722534,0,0.32499,0.234581,0.765419,0,0.267332,0.196191,0.803809,0,0.218393,0.162346,0.837654,0,0.177151,0.132945,0.867055,0,0.142653,1.5e-05,0.000127,0.000557,0.001716,0.004157,0.008433,0.014891,0.023501,0.033782,0.044863,0.055652,0.065048,0.072148,0.076377,0.077548,0.075826,0.071653,0.065634,0.05843,0.050671,0.042891,0.035501,0.028779,0.022881,0.017865,0.013715,0.036432,7.4e-05,0.000547,0.002143,0.005884,0.012714,0.023004,0.03623,0.050999,0.065387,0.077451,0.085692,0.089335,0.088376,0.083446,0.075568,0.065904,0.055546,0.045381,0.036034,0.027871,0.021042,0.015534,0.011232,0.007965,0.005547,0.003798,0.007235,0.998396,0.001604,0.996679,0.003321,0.992522,0.007478,0.98409,0.01591,0.969199,0.030801,0.945698,0.054302,0.911917,0.088083,0.867053,0.132947,0.811401,0.188599,0.746353,0.253647,0.674205,0.325795,0.597828,0.402172,0.52028,0.47972,0.444454,0.555546,0.3728,0.6272,0.307166,0.692834,0.248735,0.751265,0.198064,0.801936,0.155173,0.844827,0.119672,0.880328,0.090893,0.909107,0.997178,0.002822,0.991293,0.008707,0.978579,0.021421,0.955575,0.044425,0.919345,0.080655,0.868346,0.131654,0.802959,0.197041,0.725508,0.274492,0.639815,0.360185,0.55048,0.44952,0.462104,0.537896,0.378658,0.621342,0.30309,0.69691,0.237186,0.762814,0.18164,0.81836,0.136258,0.863742,0.100225,0.899775,0.072353,0.927647,0.051311,0.948689,0.035777,0.964223,0.024545,0.975455,1,0.001605,1,0.002826,1,0.003327,1,0.008745,1,0.007506,1,0.021654,1,0.016038,1,0.045442,1,0.031285,1,0.084094,1,0.055832,1,0.141165,1,0.092206,1,0.219452,1,0.142655,0,1.292833,1,0.208993,0,1.021137,1,0.292557,0,0.799575,1,0.394221,0,0.62009,1,0.514452,0,0.475874,1,0.653388,0,0.361099,1,0.810909,0,0.270741,0,0.46649,0,0.200453,0,0.366965,0,0.146481,0,0.285997,0,0.105611,0,0.220726,0,0.075104,0,0.168623,0,0.052674,0,0.127461,0,0.036433,0,0.095292,0,0.024851
2524,2025/26,21,Wisła Płock,Widzew Łódź,10.0,15.0,25.0,13.7215,13.4072,27.1287,0.054008,1,4700.2164,0.6163,0.5444,0.1831,0.4097,0.1798,0.0,0.0,0.0,1e-06,4e-06,1.5e-05,4.4e-05,0.000113,0.000264,0.000558,0.001087,0.001964,0.003325,0.005302,0.008011,0.011524,0.015845,0.020899,0.026526,0.032485,0.038481,0.044187,0.049283,0.053483,0.056565,0.058387,0.058901,0.05814,0.056218,0.053304,0.049609,0.045356,0.040772,0.036063,0.031408,0.026952,0.022802,0.019031,0.015677,0.012753,0.01025,0.008143,0.006397,0.004971,0.003823,0.002911,0.002195,0.00164,0.001214,0.000891,0.000648,0.00158,0.992625,0.007375,1,0.007402,0.987323,0.012677,1,0.012758,0.979312,0.020688,1,0.020905,0.967789,0.032211,1,0.032741,0.951944,0.048056,1,0.049249,0.931044,0.068956,1,0.071448,0.904519,0.095481,1,0.100352,0.872034,0.127966,1,0.136927,0.833553,0.166447,1,0.182058,0.789365,0.210635,1,0.236526,0.740082,0.259918,1,0.300994,0.686599,0.313401,1,0.376005,0.630034,0.369966,1,0.461981,0.571647,0.428353,0,0.847808,0.512746,0.487254,0,0.71897,0.454606,0.545394,0,0.606247,0.398388,0.601612,0,0.508143,0.345084,0.654916,0,0.423248,0.295475,0.704525,0,0.350232,0.250119,0.749881,0,0.28784,0.209347,0.790653,0,0.234896,0.173284,0.826716,0,0.190294,0.141875,0.858125,0,0.153006,0.114923,0.885077,0,0.122081,3.5e-05,0.000274,0.001138,0.003312,0.007583,0.014534,0.024246,0.036144,0.049068,0.061532,0.072065,0.079517,0.083249,0.083177,0.079698,0.073535,0.065564,0.05666,0.047585,0.038926,0.031079,0.024262,0.018549,0.013908,0.01024,0.007412,0.016478,4.2e-05,0.000324,0.001328,0.003815,0.008618,0.016298,0.026827,0.03946,0.052858,0.065405,0.075583,0.082291,0.085008,0.083806,0.079234,0.072135,0.063462,0.054115,0.044843,0.036196,0.028515,0.021965,0.01657,0.012259,0.008906,0.006361,0.01361,0.998322,0.001678,0.99501,0.00499,0.987428,0.012572,0.972893,0.027107,0.948647,0.051353,0.912503,0.087497,0.863436,0.136564,0.801904,0.198096,0.729838,0.270162,0.650321,0.349679,0.567072,0.432928,0.483895,0.516105,0.404198,0.595802,0.330663,0.669337,0.265099,0.734901,0.208439,0.791561,0.160855,0.839145,0.121929,0.878071,0.09085,0.90915,0.066588,0.933412,0.048039,0.951961,0.998139,0.001861,0.994324,0.005676,0.985706,0.014294,0.969408,0.030592,0.942581,0.057419,0.903121,0.096879,0.850263,0.149737,0.784858,0.215142,0.709275,0.290725,0.626984,0.373016,0.541976,0.458024,0.45817,0.54183,0.378937,0.621063,0.306801,0.693199,0.24334,0.75666,0.189225,0.810775,0.144382,0.855618,0.108186,0.891814,0.07967,0.92033,0.057705,0.942295,0.041135,0.958865,1,0.001679,1,0.001863,1,0.005002,1,0.005692,1,0.012652,1,0.014397,1,0.027481,1,0.03107,1,0.052719,1,0.059133,1,0.091564,1,0.101899,1,0.146836,1,0.16221,1,0.220766,1,0.242252,0,1.308733,1,0.343512,0,1.05074,1,0.466834,0,0.837184,1,0.612534,0,0.661445,1,0.780515,0,0.517847,1,0.970385,0,0.401468,0,0.366438,0,0.308019,0,0.278841,0,0.233748,0,0.209765,0,0.175372,0,0.155931,0,0.130028,0,0.114498,0,0.095245,0,0.083023,0,0.068909,0,0.059437,0,0.049231,0,0.042005
2525,2025/26,21,Bruk-Bet Termalica Nieciecza,Górnik Zabrze,12.0,22.0,34.0,12.7391,14.7602,27.4993,0.054008,1,4700.2164,0.6163,0.5444,0.1831,0.4097,0.1798,0.0,0.0,0.0,1e-06,4e-06,1.3e-05,3.7e-05,9.8e-05,0.000229,0.000488,0.000956,0.00174,0.002965,0.004763,0.007248,0.010501,0.014543,0.019321,0.024702,0.030475,0.036367,0.042072,0.047276,0.051692,0.055086,0.057296,0.058244,0.057937,0.056457,0.05395,0.050605,0.046634,0.042254,0.037673,0.033075,0.028612,0.024404,0.020535,0.017055,0.013989,0.011337,0.009082,0.007194,0.005638,0.004373,0.003358,0.002554,0.001924,0.001437,0.001064,0.000781,0.00196,0.99347,0.00653,1,0.006551,0.988707,0.011293,1,0.011357,0.98146,0.01854,1,0.018714,0.970959,0.029041,1,0.029471,0.956416,0.043584,1,0.044562,0.937095,0.062905,1,0.064971,0.912393,0.087607,1,0.091685,0.881918,0.118082,1,0.125656,0.845551,0.154449,1,0.167767,0.803479,0.196521,1,0.218805,0.756202,0.243798,1,0.279446,0.70451,0.29549,1,0.350252,0.649424,0.350576,1,0.431669,0.592128,0.407872,1,0.524032,0.533884,0.466116,1,0.627576,0.475947,0.524053,1,0.742448,0.41949,0.58051,1,0.868715,0.36554,0.63446,1,1.00638,0.314935,0.685065,1,1.15539,0.268301,0.731699,1,1.315646,0.226047,0.773953,1,1.487014,0.188373,0.811627,1,1.669331,0.155298,0.844702,0,0.168771,0.126686,0.873314,0,0.13546,6.2e-05,0.000465,0.001851,0.005158,0.011308,0.020756,0.033157,0.04733,0.061529,0.073886,0.082864,0.087555,0.087775,0.08398,0.077054,0.06808,0.058126,0.048102,0.038684,0.030302,0.023168,0.017319,0.012679,0.009104,0.006418,0.004449,0.008758,1.9e-05,0.000159,0.000687,0.002084,0.004972,0.009931,0.017264,0.02682,0.037943,0.049586,0.06052,0.069591,0.075926,0.079055,0.078939,0.075903,0.070526,0.063515,0.055589,0.047389,0.03943,0.032078,0.025557,0.01997,0.015323,0.011559,0.029062,0.997542,0.002458,0.992384,0.007616,0.981075,0.018925,0.960319,0.039681,0.927163,0.072837,0.879832,0.120168,0.818303,0.181697,0.744417,0.255583,0.661553,0.338447,0.573999,0.426001,0.486223,0.513777,0.402243,0.597757,0.325189,0.674811,0.257109,0.742891,0.198983,0.801017,0.150882,0.849118,0.112198,0.887802,0.081895,0.918105,0.058728,0.941272,0.041409,0.958591,0.028729,0.971271,0.998528,0.001472,0.996444,0.003556,0.991472,0.008528,0.981542,0.018458,0.964278,0.035722,0.937458,0.062542,0.899515,0.100485,0.849929,0.150071,0.789409,0.210591,0.719818,0.280182,0.643892,0.356108,0.564837,0.435163,0.485898,0.514102,0.409995,0.590005,0.339469,0.660531,0.275954,0.724046,0.220365,0.779635,0.172977,0.827023,0.133547,0.866453,0.101469,0.898531,0.075912,0.924088,1,0.002461,1,0.001473,1,0.007645,1,0.003562,1,0.019106,1,0.008565,1,0.04049,1,0.01863,1,0.075626,1,0.036376,1,0.128024,1,0.064583,1,0.200523,1,0.1059,1,0.295154,1,0.162602,1,0.413165,1,0.236471,1,0.555128,1,0.328757,0,0.665966,1,0.440224,0,0.514571,1,0.571218,0,0.393323,1,0.721757,0,0.297206,1,0.89161,0,0.221873,1,1.080373,0,0.163557,1,1.287521,0,0.119007,1,1.51247,0,0.085444,1,1.754597,0,0.060523,1,2.013302,0,0.042291,1,2.288002,0,0.02915,0,0.078948
2526,2025/26,21,Motor Lublin,Lechia Gdańsk,7.0,15.0,22.0,14.915,13.2779,28.1929,0.054008,1,4700.2164,0.6163,0.5444,0.1831,0.4097,0.1798,0.0,0.0,0.0,1e-06,3e-06,9e-06,2.7e-05,7.2e-05,0.000172,0.000372,0.00074,0.001367,0.002363,0.003851,0.005945,0.008739,0.012279,0.016551,0.021467,0.026867,0.032526,0.038172,0.043513,0.048264,0.052173,0.055046,0.05676,0.057271,0.056608,0.054868,0.052201,0.048791,0.044839,0.040547,0.036104,0.031676,0.0274,0.023382,0.019694,0.016382,0.013463,0.010937,0.008786,0.006983,0.005492,0.004277,0.003298,0.00252,0.001908,0.001432,0.001065,0.002802,0.994875,0.005125,1,0.005139,0.991024,0.008976,1,0.009016,0.985079,0.014921,1,0.015034,0.97634,0.02366,1,0.023945,0.964061,0.035939,1,0.036601,0.94751,0.05249,1,0.053918,0.926043,0.073957,1,0.076834,0.899176,0.100824,1,0.106277,0.86665,0.13335,1,0.14312,0.828478,0.171522,1,0.188166,0.784965,0.215035,0,1.536952,0.736701,0.263299,0,1.334465,0.684528,0.315472,0,1.153686,0.629482,0.370518,0,0.992854,0.572722,0.427278,0,0.85032,0.515451,0.484549,0,0.724537,0.458844,0.541156,0,0.614047,0.403976,0.596024,0,0.517474,0.351775,0.648225,0,0.433517,0.302984,0.697016,0,0.360947,0.258145,0.741855,0,0.298602,0.217598,0.782402,0,0.245387,0.181495,0.818505,0,0.200276,0.149819,0.850181,0,0.162306,1.8e-05,0.000146,0.000638,0.001946,0.004669,0.009381,0.016403,0.025629,0.03647,0.047937,0.058848,0.068062,0.074688,0.078218,0.078557,0.075974,0.071002,0.064316,0.056616,0.048545,0.040626,0.033243,0.02664,0.020936,0.016158,0.012259,0.03138,4.5e-05,0.000347,0.001416,0.004043,0.009083,0.017082,0.02796,0.040895,0.054473,0.067024,0.077019,0.083384,0.085653,0.083968,0.078941,0.071465,0.062519,0.053011,0.043682,0.035061,0.027466,0.021038,0.015781,0.01161,0.008387,0.005957,0.012543,0.998505,0.001495,0.996559,0.003441,0.99189,0.00811,0.982509,0.017491,0.966106,0.033894,0.940477,0.059523,0.904007,0.095993,0.85607,0.14393,0.797222,0.202778,0.72916,0.27084,0.654472,0.345528,0.576254,0.423746,0.497696,0.502304,0.421722,0.578278,0.35072,0.64928,0.286404,0.713596,0.229788,0.770212,0.181243,0.818757,0.140616,0.859384,0.107373,0.892627,0.080733,0.919267,0.998046,0.001954,0.994002,0.005998,0.984919,0.015081,0.967837,0.032163,0.939877,0.060123,0.898982,0.101018,0.844509,0.155491,0.777485,0.222515,0.700466,0.299534,0.617082,0.382918,0.531429,0.468571,0.447461,0.552539,0.36852,0.63148,0.297055,0.702945,0.234536,0.765464,0.181525,0.818475,0.137843,0.862157,0.102782,0.897218,0.075316,0.924684,0.054278,0.945722,0.038497,0.961503,1,0.001496,1,0.001956,1,0.003447,1,0.006016,1,0.008143,1,0.015196,1,0.017646,1,0.032692,1,0.034482,1,0.062006,0,2.821392,1,0.106492,0,2.34348,1,0.169,0,1.938428,1,0.251691,0,1.595643,1,0.356009,0,1.306227,1,0.482753,0,1.062682,1,0.632186,0,0.858621,1,0.804166,0,0.68855,1,0.99826,0,0.547701,0,0.352477,0,0.431891,0,0.267273,0,0.337438,0,0.200312,0,0.261089,0,0.148318,0,0.199968,0,0.108456,0,0.151539,0,0.078303,0,0.113586,0,0.055807,0,0.084179,0,0.039258
2527,2025/26,21,Zagłębie Lubin,Raków Częstochowa,8.0,19.0,27.0,12.6987,13.9056,26.6043,0.054008,1,4700.2164,0.6163,0.5444,0.1831,0.4097,0.1798,0.0,0.0,0.0,1e-06,6e-06,1.9e-05,5.5e-05,0.000142,0.000328,0.000685,0.001318,0.002355,0.00394,0.006211,0.009277,0.013192,0.017931,0.023381,0.029336,0.035517,0.041593,0.047218,0.052065,0.055862,0.058411,0.059612,0.059458,0.058029,0.055479,0.052012,0.047863,0.04327,0.038462,0.03364,0.028971,0.024584,0.020567,0.016975,0.013828,0.011125,0.008842,0.006947,0.005397,0.004148,0.003155,0.002376,0.001772,0.001309,0.000959,0.000696,0.000501,0.001179,0.99115,0.00885,1,0.008889,0.984939,0.015061,1,0.015176,0.975662,0.024338,1,0.024639,0.96247,0.03753,1,0.038253,0.944538,0.055462,1,0.057059,0.921158,0.078842,1,0.082124,0.891822,0.108178,1,0.114489,0.856305,0.143695,1,0.155128,0.814713,0.185287,1,0.20492,0.767495,0.232505,1,0.264624,0.715429,0.284571,1,0.334873,0.659568,0.340432,1,0.416171,0.601156,0.398844,1,0.5089,0.541544,0.458456,1,0.613331,0.482086,0.517914,1,0.729632,0.424058,0.575942,0,0.551748,0.368579,0.631421,0,0.459783,0.316567,0.683433,0,0.380626,0.268704,0.731296,0,0.312937,0.225433,0.774567,0,0.255452,0.186971,0.813029,0,0.206989,0.153332,0.846668,0,0.166446,0.124361,0.875639,0,0.132801,0.099777,0.900223,0,0.105113,6.3e-05,0.000476,0.001888,0.005253,0.011496,0.02106,0.033579,0.047843,0.062078,0.074405,0.083289,0.087838,0.087894,0.083935,0.076868,0.067788,0.057768,0.047715,0.038301,0.029946,0.022852,0.017051,0.01246,0.008929,0.006284,0.004347,0.008515,3.1e-05,0.000248,0.00104,0.00305,0.007036,0.013589,0.022842,0.034312,0.046938,0.059312,0.069998,0.077828,0.082105,0.082662,0.079811,0.074204,0.066667,0.058055,0.04913,0.040498,0.032582,0.02563,0.019745,0.014918,0.011068,0.008073,0.01835,0.997496,0.002504,0.992243,0.007757,0.980747,0.019253,0.959687,0.040313,0.926108,0.073892,0.878265,0.121735,0.816187,0.183813,0.741782,0.258218,0.658493,0.341507,0.570654,0.429346,0.48276,0.51724,0.398824,0.601176,0.321956,0.678044,0.254168,0.745832,0.1964,0.8036,0.148684,0.851316,0.110383,0.889617,0.080437,0.919563,0.057585,0.942415,0.040534,0.959466,0.028074,0.971926,0.998404,0.001596,0.995354,0.004646,0.988318,0.011682,0.97473,0.02527,0.951887,0.048113,0.917575,0.082425,0.870637,0.129363,0.811325,0.188675,0.741327,0.258673,0.663499,0.336501,0.581395,0.418605,0.498732,0.501268,0.418921,0.581079,0.344717,0.655283,0.27805,0.72195,0.219995,0.780005,0.170865,0.829135,0.130367,0.869633,0.097785,0.902215,0.072155,0.927845,0.05241,0.94759,1,0.002507,1,0.001597,1,0.007787,1,0.004657,1,0.019441,1,0.011751,1,0.041148,1,0.025595,1,0.076764,1,0.049309,1,0.129807,1,0.086021,0,1.693836,1,0.13853,0,1.353951,1,0.209087,0,1.074387,1,0.299313,0,0.845492,1,0.410228,0,0.659248,1,0.542325,0,0.508868,1,0.695686,0,0.388543,1,0.870073,0,0.293255,1,1.065031,0,0.218654,1,1.279954,0,0.160972,1,1.51415,0,0.116964,1,1.766882,0,0.083857,0,0.139684,0,0.05931,0,0.102902,0,0.041378,0,0.074891,0,0.028476,0,0.053833
2528,2025/26,21,Radomiak Radom,Korona Kielce,24.0,4.0,28.0,15.2884,13.1197,28.4081,0.054008,1,4700.2164,0.6163,0.5444,0.1831,0.4097,0.1798,0.0,0.0,0.0,1e-06,2e-06,8e-06,2.5e-05,6.6e-05,0.000158,0.000344,0.000686,0.001272,0.002209,0.003614,0.005602,0.008267,0.011662,0.015783,0.020554,0.02583,0.031398,0.037001,0.042352,0.047172,0.051206,0.054253,0.056179,0.056925,0.056506,0.055004,0.052556,0.049336,0.045537,0.041358,0.036987,0.032594,0.02832,0.024274,0.020537,0.01716,0.014166,0.01156,0.009329,0.007448,0.005885,0.004604,0.003567,0.002738,0.002082,0.00157,0.001174,0.003139,0.995228,0.004772,1,0.004783,0.991615,0.008385,1,0.008421,0.986013,0.013987,1,0.014086,0.977746,0.022254,1,0.022505,0.966084,0.033916,1,0.034504,0.950302,0.049698,1,0.050976,0.929748,0.070252,1,0.072842,0.903918,0.096082,1,0.101017,0.872519,0.127481,1,0.13637,0.835519,0.164481,1,0.179702,0.793167,0.206833,1,0.231722,0.745995,0.254005,1,0.293036,0.694789,0.305211,1,0.364147,0.640536,0.359464,1,0.44545,0.584357,0.415643,1,0.537244,0.527431,0.472569,1,0.639736,0.470925,0.529075,0,0.636626,0.415921,0.584079,0,0.537719,0.363365,0.636635,0,0.451558,0.314029,0.685971,0,0.37692,0.268492,0.731508,0,0.312647,0.227134,0.772866,0,0.25765,0.190147,0.809853,0,0.210903,0.157553,0.842447,0,0.171444,1.4e-05,0.000121,0.000533,0.00165,0.004014,0.008175,0.014491,0.022952,0.033108,0.044115,0.054899,0.064365,0.0716,0.076012,0.077388,0.07587,0.071877,0.066001,0.058897,0.051193,0.04343,0.036024,0.029264,0.023314,0.01824,0.014029,0.037477,4.9e-05,0.000378,0.001531,0.004343,0.009687,0.018091,0.029404,0.042708,0.056491,0.069022,0.078763,0.084677,0.086375,0.084085,0.078499,0.07057,0.061305,0.05162,0.042239,0.033666,0.026189,0.01992,0.014838,0.01084,0.007777,0.005485,0.011325,0.998386,0.001614,0.996736,0.003264,0.992722,0.007278,0.984547,0.015453,0.970057,0.029943,0.947104,0.052896,0.913996,0.086004,0.869881,0.130119,0.814982,0.185018,0.750617,0.249383,0.679018,0.320982,0.603005,0.396995,0.525617,0.474383,0.449747,0.550253,0.377869,0.622131,0.311868,0.688132,0.252971,0.747029,0.201778,0.798222,0.158348,0.841652,0.122324,0.877676,0.09306,0.90694,0.997918,0.002082,0.993575,0.006425,0.983888,0.016112,0.965798,0.034202,0.936393,0.063607,0.893685,0.106315,0.837194,0.162806,0.768172,0.231828,0.689409,0.310591,0.604732,0.395268,0.518358,0.481642,0.434273,0.565727,0.355774,0.644226,0.285204,0.714796,0.223899,0.776101,0.172279,0.827721,0.13004,0.86996,0.096374,0.903626,0.070185,0.929815,0.050265,0.949735,0.035426,0.964574,1,0.001615,1,0.002084,1,0.003269,1,0.006446,1,0.007305,0,4.128191,1,0.015574,0,3.375471,1,0.0304,0,2.755032,1,0.054346,0,2.241349,1,0.089929,0,1.815196,1,0.139399,0,1.46176,1,0.204589,0,1.169278,1,0.28686,0,0.928191,1,0.387108,0,0.730554,1,0.50583,0,0.569644,1,0.643182,0,0.439706,1,0.79907,0,0.335758,1,0.973208,0,0.253473,1,1.165175,0,0.189079,1,1.37448,0,0.139308,1,1.600587,0,0.10134,1,1.84296,0,0.07277,1,2.101082,0,0.051572,1,2.374511,0,0.036069
2529,2025/26,21,Pogoń Szczecin,Arka Gdynia,20.0,11.0,31.0,17.1103,12.2807,29.391,0.054008,1,4700.2164,0.6163,0.5444,0.1831,0.4097,0.1798,0.0,0.0,0.0,0.0,2e-06,5e-06,1.7e-05,4.6e-05,0.000111,0.000244,0.000494,0.000931,0.001642,0.002729,0.004299,0.006448,0.009247,0.012724,0.016852,0.02154,0.026636,0.031937,0.037202,0.042173,0.046604,0.050275,0.053015,0.054714,0.055326,0.054872,0.053428,0.051118,0.048096,0.044537,0.040616,0.036504,0.032354,0.028293,0.024426,0.020829,0.017553,0.014624,0.01205,0.009825,0.00793,0.006337,0.005017,0.003935,0.003059,0.002358,0.001803,0.005226,0.996509,0.003491,1,0.003497,0.99378,0.00622,1,0.006239,0.989482,0.010518,1,0.010574,0.983034,0.016966,1,0.017112,0.973787,0.026213,1,0.026563,0.961063,0.038937,1,0.039716,0.944211,0.055789,1,0.057406,0.922671,0.077329,1,0.080482,0.896035,0.103965,1,0.109776,0.864098,0.135902,1,0.146069,0.826896,0.173104,1,0.190076,0.784723,0.215277,1,0.242425,0.738119,0.261881,1,0.303651,0.687844,0.312156,1,0.374194,0.634829,0.365171,1,0.4544,0.580115,0.419885,1,0.544528,0.524789,0.475211,1,0.644758,0.469918,0.530082,1,0.755198,0.41649,0.58351,1,0.875894,0.365372,0.634628,0,0.454716,0.317276,0.682724,0,0.381664,0.272739,0.727261,0,0.31847,0.232123,0.767877,0,0.264125,0.195618,0.804382,0,0.217681,5e-06,4.9e-05,0.000228,0.000748,0.001931,0.004177,0.007862,0.013225,0.020258,0.028665,0.037881,0.047164,0.055715,0.062812,0.06791,0.070701,0.071128,0.069359,0.065726,0.060668,0.054655,0.048144,0.041531,0.035137,0.029191,0.023843,0.077778,8.1e-05,0.000598,0.002329,0.00635,0.013621,0.02446,0.038229,0.05339,0.067905,0.079778,0.087536,0.09049,0.088756,0.083081,0.07458,0.064469,0.053852,0.0436,0.034305,0.026291,0.019666,0.014383,0.010302,0.007237,0.004992,0.003385,0.006285,0.996209,0.003791,0.995462,0.004538,0.99353,0.00647,0.989353,0.010647,0.981491,0.018509,0.968266,0.031734,0.948008,0.051992,0.919342,0.080658,0.881461,0.118539,0.834297,0.165703,0.778582,0.221418,0.71577,0.28423,0.647861,0.352139,0.57716,0.42284,0.506032,0.493968,0.436673,0.563327,0.370946,0.629054,0.310279,0.689721,0.255624,0.744376,0.20748,0.79252,0.165949,0.834051,0.996945,0.003055,0.990595,0.009405,0.976973,0.023027,0.952513,0.047487,0.914284,0.085716,0.860894,0.139106,0.79299,0.20701,0.713211,0.286789,0.625675,0.374325,0.535185,0.464815,0.446429,0.553571,0.363348,0.636652,0.288768,0.711232,0.224299,0.775701,0.170447,0.829553,0.126847,0.873153,0.092542,0.907458,0.066251,0.933749,0.046585,0.953415,0.032201,0.967799,0.021899,0.978101,1,0.003798,1,0.00306,1,0.004548,1,0.00945,1,0.006491,1,0.023296,1,0.010704,1,0.048652,1,0.018682,1,0.089614,1,0.032248,1,0.149784,1,0.053392,1,0.231945,1,0.084097,1,0.337978,1,0.126175,1,0.468924,1,0.181166,0,0.766116,1,0.250281,0,0.591365,1,0.334396,0,0.451532,1,0.434079,0,0.340757,1,0.549636,0,0.253988,1,0.681155,0,0.186868,1,0.828571,0,0.135644,1,0.991699,0,0.097108,1,1.170283,0,0.068548,0,0.295209,0,0.047705,0,0.232538,0,0.032731,0,0.181461,0,0.022142
2530,2025/26,21,Cracovia,Jagiellonia Białystok,12.0,17.0,29.0,14.8455,11.921,26.7665,0.054008,1,4700.2164,0.6163,0.5444,0.1831,0.4097,0.1798,0.0,0.0,0.0,1e-06,5e-06,1.8e-05,5.3e-05,0.000135,0.000311,0.000653,0.001258,0.002252,0.003775,0.005964,0.008929,0.012726,0.01734,0.022667,0.028515,0.034616,0.040652,0.046282,0.051185,0.055085,0.05778,0.059159,0.059201,0.057975,0.055621,0.052333,0.048334,0.043861,0.039136,0.034364,0.029714,0.025317,0.02127,0.01763,0.014424,0.011656,0.009306,0.007346,0.005734,0.004428,0.003385,0.002562,0.00192,0.001426,0.001049,0.000766,0.000554,0.001328,0.991539,0.008461,1,0.008497,0.985575,0.014425,1,0.01453,0.976646,0.023354,1,0.023631,0.96392,0.03608,1,0.036747,0.94658,0.05342,1,0.0549,0.923913,0.076087,1,0.079137,0.895398,0.104602,1,0.110487,0.860782,0.139218,1,0.149914,0.82013,0.17987,1,0.198292,0.773848,0.226152,1,0.25638,0.722663,0.277337,1,0.324812,0.667578,0.332422,1,0.404099,0.609798,0.390202,1,0.494628,0.550639,0.449361,1,0.596676,0.491438,0.508562,1,0.710419,0.433463,0.566537,1,0.835948,0.377842,0.622158,1,0.973278,0.32551,0.67449,0,0.393798,0.277175,0.722825,0,0.324588,0.233315,0.766685,0,0.265679,0.194178,0.805822,0,0.215893,0.159814,0.840186,0,0.174132,0.130101,0.869899,0,0.139378,0.104783,0.895217,0,0.11069,1.8e-05,0.000152,0.000659,0.002006,0.004803,0.009624,0.016784,0.026158,0.037126,0.048673,0.059596,0.068749,0.075247,0.0786,0.078736,0.075951,0.070797,0.063964,0.056161,0.04803,0.040091,0.032721,0.026153,0.020501,0.015781,0.011942,0.030324,0.000101,0.000731,0.002792,0.007479,0.015757,0.02779,0.04266,0.058516,0.073099,0.08435,0.090904,0.092297,0.088915,0.081747,0.072075,0.061193,0.050205,0.039923,0.030853,0.023224,0.017062,0.012256,0.008622,0.005949,0.00403,0.002685,0.004756,0.998517,0.001483,0.99651,0.00349,0.991708,0.008292,0.982084,0.017916,0.9653,0.0347,0.939142,0.060858,0.902016,0.097984,0.853344,0.146656,0.793747,0.206253,0.724998,0.275002,0.649751,0.350249,0.571151,0.428849,0.492414,0.507586,0.416464,0.583536,0.345667,0.654333,0.281704,0.718296,0.225543,0.774457,0.177513,0.822487,0.137421,0.862579,0.104701,0.895299,0.078548,0.921452,0.996347,0.003653,0.988867,0.011133,0.973111,0.026889,0.94532,0.05468,0.902661,0.097339,0.844145,0.155855,0.771046,0.228954,0.686696,0.313304,0.595792,0.404208,0.503495,0.496505,0.414579,0.585421,0.332833,0.667167,0.260758,0.739242,0.199565,0.800435,0.14936,0.85064,0.109437,0.890563,0.078584,0.921416,0.05536,0.94464,0.038298,0.961702,0.026042,0.973958,0.01742,0.98258,1,0.001484,1,0.00366,1,0.003496,1,0.011195,1,0.008327,1,0.027257,1,0.018078,1,0.056232,1,0.035316,1,0.102408,1,0.062789,1,0.169431,1,0.103123,1,0.260007,1,0.158593,1,0.375864,1,0.230991,1,0.517864,1,0.321586,1,0.686181,0,1.049111,1,0.880492,0,0.84665,1,1.100114,0,0.678089,1,1.344163,0,0.538649,1,1.611615,0,0.424139,1,1.901396,0,0.330874,0,0.115901,0,0.255593,0,0.081844,0,0.195423,0,0.056951,0,0.147829,0,0.039051,0,0.110598,0,0.026387,0,0.081805,0,0.017574
2531,2025/26,21,GKS Katowice,Legia Warszawa,13.0,11.0,24.0,11.3095,14.0524,25.3619,0.054008,1,4700.2164,0.6163,0.5444,0.1831,0.4097,0.1798,0.0,0.0,0.0,3e-06,1e-05,3.5e-05,9.9e-05,0.000246,0.00055,0.001117,0.002086,0.003619,0.005878,0.008998,0.013053,0.018027,0.023801,0.030147,0.036749,0.043228,0.049191,0.054267,0.058155,0.060645,0.06164,0.061154,0.059301,0.056273,0.052314,0.047696,0.042687,0.037535,0.032455,0.027614,0.023137,0.019104,0.015552,0.012491,0.009904,0.007755,0.006,0.004589,0.003471,0.002598,0.001924,0.001411,0.001025,0.000738,0.000526,0.000372,0.000261,0.000567,0.986357,0.013643,1,0.013737,0.977359,0.022641,1,0.022902,0.964306,0.035694,1,0.036347,0.946279,0.053721,1,0.055218,0.922478,0.077522,1,0.080692,0.892331,0.107669,1,0.113919,0.855582,0.144418,1,0.155974,0.812353,0.187647,1,0.20782,0.763163,0.236837,1,0.270284,0.708895,0.291105,1,0.344047,0.650741,0.349259,1,0.429644,0.590095,0.409905,1,0.527471,0.528455,0.471545,0,0.751741,0.467301,0.532699,0,0.629798,0.408,0.592,0,0.524248,0.351727,0.648273,0,0.433444,0.299413,0.700587,0,0.355837,0.251717,0.748283,0,0.289974,0.20903,0.79097,0,0.234495,0.171495,0.828505,0,0.188132,0.13904,0.86096,0,0.149707,0.111426,0.888574,0,0.118137,0.088288,0.911712,0,0.092432,0.069185,0.930815,0,0.071695,0.000147,0.00103,0.003811,0.009883,0.020158,0.034421,0.051155,0.067935,0.082162,0.091789,0.095771,0.094142,0.087804,0.078155,0.066714,0.054837,0.043558,0.033535,0.02509,0.018285,0.013006,0.009045,0.00616,0.004115,0.002699,0.001741,0.002842,2.9e-05,0.00023,0.000968,0.002856,0.006628,0.012878,0.021777,0.032909,0.045288,0.057571,0.068351,0.076453,0.081138,0.082179,0.079821,0.074659,0.067479,0.059114,0.050327,0.041733,0.033777,0.02673,0.020716,0.015746,0.011752,0.008623,0.019949,0.994999,0.005001,0.985116,0.014884,0.964958,0.035042,0.930538,0.069462,0.879383,0.120617,0.811448,0.188552,0.729286,0.270714,0.637497,0.362503,0.541726,0.458274,0.447584,0.552416,0.35978,0.64022,0.281625,0.718375,0.214911,0.785089,0.160074,0.839926,0.116516,0.883484,0.082982,0.917018,0.057892,0.942108,0.039607,0.960393,0.026602,0.973398,0.017557,0.982443,0.011396,0.988604,0.998455,0.001545,0.995599,0.004401,0.988971,0.011029,0.976093,0.023907,0.954316,0.045684,0.921407,0.078593,0.876119,0.123881,0.818547,0.181453,0.750196,0.249804,0.673743,0.326257,0.592605,0.407395,0.510426,0.489574,0.430604,0.569396,0.355946,0.644054,0.288467,0.711533,0.229353,0.770647,0.179027,0.820973,0.137293,0.862707,0.103516,0.896484,0.076786,0.923214,0.05607,0.94393,1,0.005014,1,0.001546,1,0.014996,1,0.004411,1,0.035671,1,0.01109,1,0.071992,1,0.024197,1,0.128535,1,0.04676,1,0.208935,1,0.081853,1,0.315689,1,0.132253,1,0.450206,1,0.200224,1,0.612995,1,0.287421,1,0.803891,0,1.12007,1,1.022263,0,0.897972,0,0.330764,0,0.71422,0,0.241958,0,0.563179,0,0.174441,0,0.439973,0,0.123882,0,0.340333,0,0.086628,0,0.260525,0,0.059635,0,0.197265,0,0.040413,0,0.14768,0,0.026962,0,0.109275,0,0.017713,0,0.079894,0,0.011461,0,0.057703
2532,2025/26,21,Lech Poznań,Piast Gliwice,19.0,15.0,34.0,15.6122,13.9853,29.5975,0.054008,1,4700.2164,0.6163,0.5444,0.1831,0.4097,0.1798,0.0,0.0,0.0,0.0,1e-06,5e-06,1.5e-05,4e-05,9.7e-05,0.000216,0.000442,0.000838,0.00149,0.002495,0.00396,0.005982,0.008637,0.011965,0.015949,0.020514,0.025522,0.030782,0.03606,0.041104,0.045664,0.049512,0.052466,0.054403,0.05526,0.055043,0.053816,0.051691,0.048817,0.045364,0.04151,0.037425,0.033268,0.029173,0.025251,0.021584,0.018228,0.015217,0.012562,0.010259,0.008291,0.006634,0.005257,0.004127,0.003211,0.002476,0.001894,0.005483,0.996856,0.003144,1,0.003149,0.99436,0.00564,1,0.005656,0.990401,0.009599,1,0.009646,0.984419,0.015581,1,0.015703,0.975782,0.024218,1,0.024516,0.963817,0.036183,1,0.036854,0.947868,0.052132,1,0.05354,0.927354,0.072646,1,0.07542,0.901832,0.098168,1,0.103327,0.87105,0.12895,1,0.138056,0.834989,0.165011,1,0.180336,0.793885,0.206115,1,0.230817,0.748221,0.251779,1,0.290057,0.69871,0.30129,1,0.35852,0.646243,0.353757,1,0.436579,0.591841,0.408159,1,0.524518,0.536581,0.463419,1,0.622538,0.481538,0.518462,1,0.730771,0.427722,0.572278,1,0.849282,0.376031,0.623969,1,0.978083,0.327214,0.672786,1,1.117141,0.28185,0.71815,1,1.266381,0.24034,0.75966,0,0.274885,0.202915,0.797085,0,0.226794,1.2e-05,0.000102,0.000458,0.001431,0.003522,0.007255,0.013008,0.02084,0.030407,0.040982,0.051585,0.061174,0.068833,0.073915,0.076117,0.075481,0.072331,0.067181,0.060638,0.053312,0.045747,0.038383,0.031538,0.025415,0.020112,0.015646,0.043353,3e-05,0.000238,0.001,0.002943,0.006811,0.013198,0.022258,0.033544,0.046037,0.058364,0.069103,0.077084,0.081585,0.082408,0.079826,0.074459,0.067115,0.058636,0.049784,0.041171,0.033231,0.026226,0.02027,0.015365,0.011437,0.008369,0.019206,0.998207,0.001793,0.996776,0.003224,0.993254,0.006746,0.985999,0.014001,0.972991,0.027009,0.952151,0.047849,0.921744,0.078256,0.880763,0.119237,0.829178,0.170822,0.768003,0.231997,0.699171,0.300829,0.625256,0.374744,0.549139,0.450861,0.473657,0.526343,0.401326,0.598674,0.334145,0.665855,0.273507,0.726493,0.220194,0.779806,0.174447,0.825553,0.136064,0.863936,0.104526,0.895474,0.998433,0.001567,0.99549,0.00451,0.988679,0.011321,0.975481,0.024519,0.953222,0.046778,0.919678,0.080322,0.873641,0.126359,0.815278,0.184722,0.746174,0.253826,0.66909,0.33091,0.587504,0.412496,0.505097,0.494903,0.425271,0.574729,0.350812,0.649188,0.283697,0.716303,0.22506,0.77494,0.175277,0.824723,0.134106,0.865894,0.100875,0.899125,0.074648,0.925352,0.054378,0.945622,1,0.001795,1,0.001568,1,0.003229,1,0.00452,1,0.006769,1,0.011386,1,0.0141,1,0.024825,1,0.02738,1,0.047907,1,0.049032,1,0.083732,1,0.081488,1,0.135086,1,0.126967,1,0.204226,1,0.18732,1,0.292796,1,0.263962,1,0.401837,1,0.35786,1,0.531872,1,0.469594,1,0.683005,1,0.599404,1,0.855029,1,0.747272,0,0.432033,1,0.912981,0,0.333652,1,1.09618,0,0.25497,1,1.296428,0,0.192708,0,0.24871,0,0.143993,0,0.191702,0,0.106333,0,0.146257,0,0.077581,0,0.110402,0,0.055912
2533,2025/26,22,Arka Gdynia,GKS Katowice,12.0,11.0,23.0,13.8131,13.0569,26.87,0.053957,1,4754.2424,0.587,0.5159,0.1821,0.4094,0.1921,0.0,0.0,0.0,1e-06,5e-06,1.7e-05,4.9e-05,0.000127,0.000293,0.000616,0.001193,0.002145,0.003611,0.005727,0.008607,0.012313,0.016838,0.022088,0.02788,0.033956,0.040002,0.045682,0.050669,0.054684,0.057516,0.059042,0.059232,0.058144,0.05591,0.05272,0.048793,0.044364,0.039659,0.034884,0.030213,0.025783,0.021692,0.018004,0.014749,0.011931,0.009536,0.007534,0.005885,0.004549,0.003479,0.002634,0.001975,0.001467,0.00108,0.000788,0.00057,0.001366,0.991942,0.008058,1,0.00809,0.986215,0.013785,1,0.013881,0.977608,0.022392,1,0.022646,0.965295,0.034705,1,0.035322,0.948457,0.051543,1,0.052919,0.926369,0.073631,1,0.076483,0.898489,0.101511,1,0.107041,0.864533,0.135467,1,0.145566,0.824531,0.175469,1,0.192941,0.778849,0.221151,1,0.249938,0.72818,0.27182,1,0.317207,0.673496,0.326504,0,1.119313,0.61598,0.38402,0,0.957061,0.556939,0.443061,0,0.814047,0.497707,0.502293,0,0.688572,0.439564,0.560436,0,0.579039,0.383653,0.616347,0,0.483945,0.330934,0.669066,0,0.401872,0.282141,0.717859,0,0.331482,0.237777,0.762223,0,0.271516,0.198118,0.801882,0,0.220794,0.163234,0.836766,0,0.178211,0.133021,0.866979,0,0.142741,0.107239,0.892761,0,0.113436,3.3e-05,0.00026,0.001086,0.003175,0.007299,0.014046,0.023526,0.035211,0.047991,0.060419,0.071039,0.078691,0.082703,0.08295,0.079785,0.073896,0.066137,0.057372,0.048365,0.039713,0.031826,0.024938,0.019137,0.014402,0.010643,0.007733,0.017374,5.1e-05,0.000391,0.001577,0.004463,0.00993,0.018496,0.029984,0.043435,0.057299,0.06982,0.079456,0.085187,0.086655,0.084122,0.078314,0.070204,0.060815,0.05106,0.041662,0.03311,0.025682,0.019478,0.014467,0.010538,0.007537,0.0053,0.010854,0.998368,0.001632,0.995193,0.004807,0.987895,0.012105,0.973849,0.026151,0.950322,0.049678,0.915111,0.084889,0.86712,0.13288,0.806701,0.193299,0.735662,0.264338,0.656971,0.343029,0.574268,0.425732,0.491319,0.508681,0.411534,0.588466,0.337638,0.662362,0.271501,0.728499,0.214129,0.785871,0.165764,0.834236,0.126052,0.873948,0.094226,0.905774,0.069288,0.930712,0.050151,0.949849,0.997866,0.002134,0.993403,0.006597,0.983474,0.016526,0.964978,0.035022,0.934993,0.065007,0.891558,0.108442,0.83426,0.16574,0.76444,0.23556,0.684984,0.315016,0.599797,0.400203,0.513142,0.486858,0.42902,0.57098,0.350706,0.649294,0.280502,0.719498,0.219687,0.780313,0.168627,0.831373,0.126965,0.873035,0.093855,0.906145,0.068173,0.931827,0.048695,0.951305,0.034229,0.965771,1,0.001633,1,0.002136,1,0.004819,1,0.006619,1,0.012179,1,0.016664,1,0.026499,1,0.03565,1,0.050954,1,0.067216,1,0.08871,1,0.114785,1,0.142578,1,0.18121,1,0.214802,1,0.268612,1,0.306985,1,0.37836,1,0.420115,0,0.915783,0,0.853945,0,0.719783,0,0.675934,0,0.560401,0,0.530236,0,0.43187,0,0.411943,0,0.329202,0,0.316769,0,0.24806,0,0.240963,0,0.184677,0,0.181239,0,0.13578,0,0.134734,0,0.098556,0,0.098965,0,0.070608,0,0.071805,0,0.049921,0,0.051452,0,0.034829
2534,2025/26,22,Legia Warszawa,Wisła Płock,6.0,14.0,20.0,15.7289,10.7086,26.4375,0.053957,1,4754.2424,0.587,0.5159,0.1821,0.4094,0.1921,0.0,0.0,0.0,2e-06,6e-06,2.2e-05,6.4e-05,0.000162,0.000369,0.000763,0.001456,0.002579,0.004278,0.006689,0.009913,0.01399,0.018879,0.024446,0.03047,0.036657,0.042669,0.048162,0.052817,0.056376,0.058663,0.059595,0.059186,0.057533,0.054802,0.051203,0.046972,0.042345,0.037544,0.032763,0.028161,0.023856,0.019931,0.016432,0.013375,0.010754,0.008546,0.006715,0.005218,0.004013,0.003056,0.002304,0.001721,0.001273,0.000934,0.00068,0.00049,0.001167,0.9903,0.0097,1,0.009747,0.983612,0.016388,1,0.016524,0.973699,0.026301,1,0.026653,0.959709,0.040291,1,0.041125,0.94083,0.05917,1,0.060993,0.916383,0.083617,1,0.08732,0.885913,0.114087,1,0.121136,0.849257,0.150743,1,0.163394,0.806587,0.193413,0,1.642929,0.758426,0.241574,0,1.420578,0.705609,0.294391,0,1.222845,0.649233,0.350767,0,1.047632,0.59057,0.40943,0,0.892989,0.530975,0.469025,0,0.757099,0.471788,0.528212,0,0.638258,0.414255,0.585745,0,0.534871,0.359453,0.640547,0,0.445433,0.30825,0.69175,0,0.36853,0.261278,0.738722,0,0.302833,0.218933,0.781067,0,0.247094,0.181389,0.818611,0,0.200147,0.148627,0.851373,0,0.160904,0.120466,0.879534,0,0.128363,0.09661,0.90339,0,0.101601,1.1e-05,9.6e-05,0.000432,0.001358,0.003356,0.006942,0.012501,0.020113,0.029469,0.039884,0.050413,0.060032,0.067827,0.073133,0.07562,0.075293,0.072443,0.067557,0.061223,0.054042,0.046559,0.03922,0.032354,0.026175,0.020795,0.016242,0.045576,0.000214,0.001449,0.005183,0.012991,0.025611,0.042267,0.06071,0.07792,0.091074,0.098326,0.099141,0.094176,0.084878,0.073005,0.060218,0.047829,0.036709,0.027308,0.019741,0.013901,0.009553,0.006419,0.004224,0.002726,0.001728,0.001076,0.001617,0.998128,0.001872,0.99677,0.00323,0.993414,0.006586,0.986472,0.013528,0.973971,0.026029,0.953858,0.046142,0.924389,0.075611,0.884505,0.115495,0.834092,0.165908,0.774059,0.225941,0.706233,0.293767,0.6331,0.3669,0.55748,0.44252,0.482186,0.517814,0.409743,0.590257,0.342186,0.657814,0.280963,0.719037,0.226921,0.773079,0.180362,0.819638,0.141143,0.858857,0.108789,0.891211,0.993149,0.006851,0.980158,0.019842,0.954547,0.045453,0.91228,0.08772,0.85157,0.14843,0.77365,0.22635,0.682576,0.317424,0.58425,0.41575,0.485109,0.514891,0.390933,0.609067,0.306055,0.693945,0.23305,0.76695,0.172832,0.827168,0.125003,0.874997,0.088295,0.911705,0.060987,0.939013,0.041245,0.958755,0.027345,0.972655,0.017791,0.982209,0.011372,0.988628,0.007147,0.992853,1,0.001874,1,0.006875,1,0.003235,1,0.020041,1,0.006608,1,0.046518,1,0.01362,1,0.091808,0,3.648544,1,0.160674,0,3.076032,1,0.256636,0,2.582154,1,0.381881,0,2.158528,1,0.537426,0,1.796322,1,0.723382,0,1.487481,1,0.939219,0,1.224968,1,1.18399,0,1.002666,1,1.456502,0,0.81527,0,0.189747,0,0.658139,0,0.133535,0,0.527197,0,0.092439,0,0.418833,0,0.062926,0,0.329842,0,0.04212,0,0.257374,0,0.027726,0,0.198892,0,0.017951,0,0.152153,0,0.011437,0,0.115174,0,0.007173
2535,2025/26,22,Lechia Gdańsk,Zagłębie Lubin,19.0,11.0,30.0,15.6603,10.6507,26.311,0.053957,1,4754.2424,0.587,0.5159,0.1821,0.4094,0.1921,0.0,0.0,0.0,2e-06,7e-06,2.3e-05,6.7e-05,0.000171,0.000388,0.000801,0.001524,0.002691,0.004452,0.006942,0.010259,0.014439,0.01943,0.02509,0.031185,0.037412,0.043427,0.048882,0.053457,0.056901,0.059046,0.059818,0.059244,0.05743,0.054553,0.05083,0.046501,0.041805,0.036963,0.032168,0.027574,0.023295,0.019409,0.015958,0.012954,0.010387,0.008232,0.00645,0.004999,0.003834,0.002911,0.002189,0.00163,0.001203,0.000881,0.000639,0.00046,0.001085,0.989873,0.010127,1,0.010178,0.982932,0.017068,1,0.017216,0.972672,0.027328,1,0.027708,0.958233,0.041767,1,0.042664,0.938803,0.061197,1,0.063149,0.913713,0.086287,1,0.090238,0.882528,0.117472,1,0.124964,0.845116,0.154884,1,0.168281,0.801689,0.198311,1,0.221035,0.752807,0.247193,1,0.283946,0.69935,0.30065,1,0.357604,0.642448,0.357552,1,0.442469,0.583403,0.416597,1,0.538878,0.523584,0.476416,1,0.647057,0.464341,0.535659,1,0.767137,0.40691,0.59309,1,0.899162,0.352357,0.647643,1,1.043109,0.301527,0.698473,1,1.198895,0.255026,0.744974,0,0.294406,0.213221,0.786779,0,0.239808,0.176258,0.823742,0,0.193897,0.14409,0.85591,0,0.15559,0.116516,0.883484,0,0.123882,0.093221,0.906779,0,0.097856,1.2e-05,0.0001,0.000446,0.001399,0.00345,0.00712,0.012791,0.020531,0.030011,0.040521,0.051097,0.060703,0.068422,0.073601,0.075924,0.075417,0.072391,0.067348,0.06089,0.053621,0.046087,0.03873,0.031875,0.025727,0.02039,0.015888,0.044243,0.000222,0.001498,0.00534,0.013339,0.026206,0.043101,0.061695,0.078912,0.091917,0.098896,0.099373,0.094072,0.084494,0.072425,0.059534,0.047123,0.036043,0.026721,0.019251,0.013509,0.009252,0.006196,0.004063,0.002613,0.00165,0.001025,0.001527,0.998178,0.001822,0.996779,0.003221,0.993329,0.006671,0.986208,0.013792,0.973418,0.026582,0.952887,0.047113,0.922876,0.077124,0.882355,0.117645,0.831258,0.168742,0.770554,0.229446,0.702132,0.297868,0.628531,0.371469,0.552607,0.447393,0.47719,0.52281,0.404799,0.595201,0.337451,0.662549,0.276561,0.723439,0.22294,0.77706,0.176853,0.823147,0.138123,0.861877,0.106248,0.893752,0.992935,0.007065,0.979597,0.020403,0.953391,0.046609,0.91029,0.08971,0.848594,0.151406,0.769682,0.230318,0.677765,0.322235,0.578869,0.421131,0.479496,0.520504,0.385424,0.614576,0.30093,0.69907,0.228505,0.771495,0.168972,0.831028,0.121849,0.878151,0.085805,0.914195,0.059085,0.940915,0.039834,0.960166,0.026326,0.973674,0.017074,0.982926,0.010878,0.989122,0.006815,0.993185,1,0.001824,1,0.00709,1,0.003226,1,0.020614,1,0.006693,1,0.04773,1,0.013888,1,0.093992,1,0.026942,1,0.164174,1,0.048259,1,0.261778,1,0.08026,1,0.388955,1,0.125161,1,0.546679,1,0.184815,1,0.73502,1,0.260646,0,0.486823,1,0.353634,0,0.358004,1,0.46437,0,0.259425,1,0.593108,0,0.185092,1,0.739841,0,0.129937,1,0.904365,0,0.089711,1,1.086335,0,0.060902,1,1.285324,0,0.040649,0,0.252238,0,0.026679,0,0.19462,0,0.017221,0,0.148643,0,0.010938,0,0.112327,0,0.006838
2536,2025/26,22,Górnik Zabrze,Pogoń Szczecin,11.0,7.0,18.0,16.3711,13.7002,30.0713,0.053957,1,4754.2424,0.587,0.5159,0.1821,0.4094,0.1921,0.0,0.0,0.0,0.0,1e-06,4e-06,1.2e-05,3.3e-05,8.1e-05,0.000181,0.000373,0.000714,0.00128,0.002161,0.003458,0.005268,0.00767,0.010714,0.014401,0.01868,0.023437,0.028507,0.03368,0.038719,0.043383,0.047443,0.050709,0.053036,0.05434,0.0546,0.05385,0.052178,0.049712,0.046605,0.043023,0.039136,0.0351,0.031056,0.027123,0.023394,0.019936,0.016794,0.01399,0.01153,0.009405,0.007595,0.006074,0.004813,0.00378,0.002942,0.002271,0.006809,0.99732,0.00268,1,0.002683,0.995159,0.004841,1,0.004853,0.991701,0.008299,1,0.008334,0.986434,0.013566,1,0.013659,0.978764,0.021236,1,0.021465,0.96805,0.03195,1,0.032472,0.953648,0.046352,0,3.071499,0.934969,0.065031,0,2.732887,0.911532,0.088468,0,2.425111,0.883025,0.116975,0,2.145792,0.849345,0.150655,0,1.892762,0.810626,0.189374,0,1.66403,0.767243,0.232757,0,1.457761,0.7198,0.2802,0,1.272251,0.669091,0.330909,0,1.105912,0.616055,0.383945,0,0.957256,0.561714,0.438286,0,0.824885,0.507115,0.492885,0,0.707479,0.453265,0.546735,0,0.603792,0.401087,0.598913,0,0.512639,0.351375,0.648625,0,0.432901,0.30477,0.69523,0,0.363513,0.261747,0.738253,0,0.303469,0.222611,0.777389,0,0.251815,8e-06,7e-05,0.00032,0.001026,0.002592,0.005478,0.010077,0.016565,0.024798,0.03429,0.044281,0.053874,0.062188,0.068507,0.072372,0.073622,0.07237,0.068952,0.063842,0.057576,0.050679,0.043615,0.03676,0.030385,0.024663,0.01968,0.059277,3.5e-05,0.000277,0.001148,0.00334,0.007642,0.014638,0.024402,0.03635,0.04931,0.061788,0.072307,0.079719,0.08339,0.083246,0.079693,0.073465,0.065442,0.056502,0.047407,0.038744,0.030903,0.024101,0.018408,0.013788,0.010142,0.007334,0.016254,0.99747,0.00253,0.996443,0.003557,0.993852,0.006148,0.988374,0.011626,0.978296,0.021704,0.961731,0.038269,0.936933,0.063067,0.902643,0.097357,0.858362,0.141638,0.804488,0.195512,0.742301,0.257699,0.673794,0.326206,0.601422,0.398578,0.5278,0.4722,0.45543,0.54457,0.386478,0.613522,0.322636,0.677364,0.26506,0.73494,0.214381,0.785619,0.170766,0.829234,0.134005,0.865995,0.998315,0.001685,0.994975,0.005025,0.987333,0.012667,0.972695,0.027305,0.948293,0.051707,0.911944,0.088056,0.862633,0.137367,0.800845,0.199155,0.728538,0.271462,0.648819,0.351181,0.565429,0.434571,0.482183,0.517817,0.40249,0.59751,0.329025,0.670975,0.263583,0.736417,0.207081,0.792919,0.159674,0.840326,0.12093,0.87907,0.090027,0.909973,0.065926,0.934074,0.047518,0.952482,1,0.002533,1,0.001686,1,0.003563,1,0.005038,1,0.006167,1,0.012748,1,0.011694,1,0.027685,1,0.021943,1,0.053092,1,0.03902,0,2.429782,1,0.065144,0,1.985099,1,0.102428,0,1.613672,1,0.152729,0,1.303933,0,1.632134,0,1.046454,0,1.355963,0,0.833396,0,1.120226,0,0.658133,0,0.919852,0,0.514984,0,0.750353,0,0.399023,0,0.607759,0,0.305959,0,0.488539,0,0.232034,0,0.389546,0,0.173965,0,0.307966,0,0.128891,0,0.241283,0,0.09434,0,0.187253,0,0.0682,0,0.143876,0,0.048684
2537,2025/26,22,Korona Kielce,Lech Poznań,7.0,11.0,18.0,15.3992,13.3032,28.7024,0.053957,1,4754.2424,0.587,0.5159,0.1821,0.4094,0.1921,0.0,0.0,0.0,0.0,2e-06,7e-06,2.2e-05,5.8e-05,0.00014,0.000306,0.000615,0.001147,0.002003,0.003296,0.005141,0.007633,0.010832,0.014748,0.019322,0.024426,0.029869,0.035408,0.04077,0.045677,0.049876,0.053156,0.055366,0.05643,0.056342,0.055165,0.053016,0.050057,0.04647,0.042449,0.038183,0.033841,0.029572,0.025493,0.021692,0.018228,0.015134,0.012421,0.01008,0.008094,0.006431,0.005059,0.003942,0.003043,0.002327,0.001765,0.001327,0.003617,0.9957,0.0043,1,0.004309,0.992404,0.007596,1,0.007625,0.987263,0.012737,1,0.012819,0.979631,0.020369,1,0.02058,0.968798,0.031202,1,0.031699,0.95405,0.04595,1,0.047039,0.934729,0.065271,0,2.729201,0.910302,0.089698,0,2.411312,0.880433,0.119567,0,2.123881,0.845025,0.154975,0,1.864495,0.804256,0.195744,0,1.630947,0.758578,0.241422,0,1.421211,0.708702,0.291298,0,1.233408,0.655546,0.344454,0,1.065795,0.60018,0.39982,0,0.916741,0.54375,0.45625,0,0.784714,0.487408,0.512592,0,0.668274,0.432243,0.567757,0,0.566062,0.379227,0.620773,0,0.476789,0.32917,0.67083,0,0.399239,0.2827,0.7173,0,0.332261,0.240251,0.759749,0,0.274767,0.202068,0.797932,0,0.225732,0.168226,0.831774,0,0.184195,1.4e-05,0.000114,0.000505,0.001569,0.003834,0.00784,0.013956,0.022197,0.032151,0.043015,0.053748,0.063271,0.070667,0.075324,0.076994,0.075783,0.07208,0.066448,0.059529,0.051945,0.04424,0.03684,0.030043,0.024027,0.01887,0.014569,0.039396,4.4e-05,0.000342,0.001396,0.003993,0.008982,0.016915,0.027723,0.0406,0.054147,0.066705,0.076744,0.083183,0.085546,0.083957,0.079019,0.071614,0.062717,0.053236,0.043914,0.035283,0.027668,0.021214,0.01593,0.011731,0.008483,0.00603,0.012733,0.998337,0.001663,0.996768,0.003232,0.992934,0.007066,0.985094,0.014906,0.971138,0.028862,0.948941,0.051059,0.91679,0.08321,0.873775,0.126225,0.820027,0.179973,0.756756,0.243244,0.686088,0.313912,0.610765,0.389235,0.533771,0.466229,0.457988,0.542012,0.385908,0.614092,0.31946,0.68054,0.259931,0.740069,0.207985,0.792015,0.163745,0.836255,0.126906,0.873094,0.096863,0.903137,0.998068,0.001932,0.994075,0.005925,0.985092,0.014908,0.968177,0.031823,0.940454,0.059546,0.899854,0.100146,0.845706,0.154294,0.779001,0.220999,0.702257,0.297743,0.619074,0.380926,0.533528,0.466472,0.449571,0.550429,0.370552,0.629448,0.298938,0.701062,0.236221,0.763779,0.182985,0.817015,0.139071,0.860929,0.103788,0.896212,0.07612,0.92388,0.054906,0.945094,0.038976,0.961024,1,0.001664,1,0.001934,1,0.003237,1,0.005943,1,0.007091,1,0.01502,1,0.015018,1,0.03234,1,0.029287,1,0.061393,0,2.974773,1,0.105523,0,2.486388,1,0.167583,0,2.069689,1,0.249743,0,1.714948,1,0.353456,0,1.41369,0,0.96515,0,1.158643,0,0.762557,0,0.943572,0,0.597057,0,0.763078,0,0.462912,0,0.612467,0,0.355159,0,0.487611,0,0.269477,0,0.384869,0,0.202098,0,0.301012,0,0.149743,0,0.233175,0,0.109578,0,0.178822,0,0.079173,0,0.135712,0,0.056471,0,0.101881,0,0.039756
2538,2025/26,22,Raków Częstochowa,Bruk-Bet Termalica Nieciecza,9.0,20.0,29.0,16.8004,11.9456,28.746,0.053957,1,4754.2424,0.587,0.5159,0.1821,0.4094,0.1921,0.0,0.0,0.0,0.0,2e-06,7e-06,2.2e-05,6e-05,0.000144,0.000312,0.000625,0.001163,0.002027,0.003327,0.005177,0.00767,0.010864,0.014765,0.019314,0.024383,0.029782,0.03527,0.040579,0.045438,0.049595,0.052845,0.055043,0.056111,0.056045,0.054905,0.052807,0.049906,0.046383,0.042427,0.03822,0.033933,0.029709,0.025664,0.021888,0.018438,0.015349,0.012633,0.010283,0.008283,0.006604,0.005214,0.004078,0.00316,0.002427,0.001848,0.001396,0.003875,0.995636,0.004364,1,0.004374,0.992309,0.007691,1,0.007721,0.987132,0.012868,1,0.012952,0.979462,0.020538,1,0.020751,0.968598,0.031402,1,0.031905,0.953833,0.046167,1,0.047266,0.93452,0.06548,1,0.067723,0.910137,0.089863,1,0.094161,0.880355,0.119645,1,0.12743,0.845085,0.154915,1,0.168318,0.804506,0.195494,1,0.217527,0.759068,0.240932,1,0.275664,0.709473,0.290527,1,0.343233,0.656628,0.343372,1,0.420638,0.601585,0.398415,1,0.508188,0.545474,0.454526,1,0.6061,0.489429,0.510571,1,0.714515,0.434525,0.565475,0,0.570089,0.381718,0.618282,0,0.480811,0.331812,0.668188,0,0.403186,0.285429,0.714571,0,0.336073,0.243002,0.756998,0,0.278395,0.204782,0.795218,0,0.229139,0.170849,0.829151,0,0.187353,6e-06,5.6e-05,0.000262,0.000853,0.002182,0.004676,0.008721,0.014532,0.022054,0.030915,0.040472,0.049917,0.058413,0.065233,0.069862,0.072045,0.071795,0.069345,0.065089,0.059508,0.053099,0.046327,0.039583,0.033168,0.027292,0.022078,0.069656,9.9e-05,0.00072,0.002755,0.007389,0.015591,0.027538,0.042332,0.058148,0.072738,0.084046,0.090696,0.092205,0.088939,0.081871,0.072274,0.061437,0.050465,0.040178,0.031086,0.023426,0.017231,0.012392,0.008727,0.006028,0.004089,0.002726,0.004843,0.996814,0.003186,0.995962,0.004038,0.99378,0.00622,0.989103,0.010897,0.980383,0.019617,0.96585,0.03415,0.943796,0.056204,0.912881,0.087119,0.872409,0.127591,0.822493,0.177507,0.76408,0.23592,0.698847,0.301153,0.628985,0.371015,0.55694,0.44306,0.485145,0.514855,0.415801,0.584199,0.350712,0.649288,0.291204,0.708796,0.238105,0.761895,0.191778,0.808222,0.152195,0.847805,0.996396,0.003604,0.989007,0.010993,0.973416,0.026584,0.945878,0.054122,0.903546,0.096454,0.845398,0.154602,0.77266,0.22734,0.688613,0.311387,0.597918,0.402082,0.505713,0.494287,0.416773,0.583227,0.334902,0.665098,0.262628,0.737372,0.201191,0.798809,0.150726,0.849274,0.110547,0.889453,0.079462,0.920538,0.056035,0.943965,0.038804,0.961196,0.026413,0.973587,0.017686,0.982314,1,0.003191,1,0.003611,1,0.004046,1,0.011054,1,0.006239,1,0.026944,1,0.010957,1,0.055642,1,0.019812,1,0.101428,1,0.034747,1,0.167948,1,0.057845,1,0.257916,0,2.44048,1,0.373076,0,2.058925,1,0.514302,0,1.728745,1,0.681786,0,1.444263,1,0.875214,0,1.200137,1,1.093917,0,0.991513,1,1.337017,0,0.81405,1,1.603501,0,0.66387,1,1.892292,0,0.537514,1,2.202315,0,0.431879,1,2.532476,0,0.344188,1,2.881779,0,0.271947,0,0.039577,0,0.212919,0,0.026768,0,0.165105,0,0.017844
2539,2025/26,22,Jagiellonia Białystok,Radomiak Radom,21.0,9.0,30.0,16.098,13.4499,29.5478,0.053957,1,4754.2424,0.587,0.5159,0.1821,0.4094,0.1921,0.0,0.0,0.0,0.0,1e-06,5e-06,1.5e-05,4.1e-05,0.0001,0.000222,0.000452,0.000858,0.001522,0.002545,0.004032,0.006082,0.008771,0.012133,0.016151,0.020746,0.025778,0.031051,0.036331,0.041363,0.045897,0.049707,0.052615,0.054498,0.055299,0.055026,0.053747,0.051575,0.048663,0.045182,0.041307,0.037212,0.033053,0.028963,0.025051,0.021398,0.01806,0.015067,0.012431,0.010146,0.008196,0.006555,0.005193,0.004075,0.003169,0.002443,0.001868,0.005404,0.996784,0.003216,1,0.003221,0.994239,0.005761,1,0.005778,0.990207,0.009793,1,0.009842,0.984124,0.015876,1,0.016003,0.975353,0.024647,1,0.024955,0.963221,0.036779,1,0.037473,0.94707,0.05293,1,0.054383,0.926323,0.073677,1,0.076532,0.900545,0.099455,1,0.104755,0.869494,0.130506,1,0.139844,0.833164,0.166836,1,0.182525,0.791801,0.208199,1,0.233445,0.745904,0.254096,1,0.293158,0.696197,0.303803,1,0.362123,0.643582,0.356418,1,0.440706,0.589083,0.410917,1,0.529188,0.533784,0.466216,1,0.627764,0.478758,0.521242,1,0.73656,0.425011,0.574989,0,0.553405,0.373436,0.626564,0,0.467504,0.324773,0.675227,0,0.392706,0.279591,0.720409,0,0.327936,0.238284,0.761716,0,0.272181,0.201072,0.798928,0,0.224484,9e-06,8e-05,0.000363,0.001156,0.002892,0.006059,0.011046,0.017996,0.026698,0.036588,0.046827,0.056463,0.064594,0.070522,0.073837,0.074441,0.072522,0.06848,0.062839,0.056165,0.048996,0.041791,0.034908,0.028596,0.023004,0.018192,0.053182,4.1e-05,0.000316,0.001299,0.003738,0.008462,0.016036,0.026451,0.038984,0.052324,0.064871,0.075111,0.081934,0.084799,0.083756,0.079333,0.072359,0.063774,0.054479,0.045226,0.03657,0.028861,0.02227,0.016829,0.012472,0.009077,0.006494,0.013961,0.997793,0.002207,0.996637,0.003363,0.993745,0.006255,0.987687,0.012313,0.976641,0.023359,0.958645,0.041355,0.931947,0.068053,0.895359,0.104641,0.848532,0.151468,0.792069,0.207931,0.727475,0.272525,0.656952,0.343048,0.583116,0.416884,0.508675,0.491325,0.436153,0.563847,0.367673,0.632327,0.304833,0.695167,0.248668,0.751332,0.199672,0.800328,0.157882,0.842118,0.122974,0.877026,0.99817,0.00183,0.994432,0.005568,0.985971,0.014029,0.969934,0.030066,0.943484,0.056516,0.904499,0.095501,0.852175,0.147825,0.787304,0.212696,0.712193,0.287807,0.630259,0.369741,0.54546,0.45454,0.461704,0.538296,0.38237,0.61763,0.310012,0.689988,0.246238,0.753762,0.191759,0.808241,0.146533,0.853467,0.109963,0.890037,0.081102,0.918898,0.058832,0.941168,0.042003,0.957997,1,0.002209,1,0.001832,1,0.003369,1,0.005584,1,0.006275,1,0.014128,1,0.012389,1,0.030527,1,0.023636,1,0.058176,1,0.042234,1,0.100374,1,0.070479,1,0.159963,1,0.110531,0,1.547891,1,0.164247,0,1.245465,1,0.233107,0,0.994953,1,0.318176,0,0.788469,1,0.420144,0,0.619347,1,0.539369,0,0.481866,1,0.675946,0,0.371081,1,0.829762,0,0.282679,1,1.000561,0,0.212895,1,1.187991,0,0.158448,1,1.391637,0,0.116492,1,1.611079,0,0.08458,0,0.171835,0,0.060634,0,0.131219,0,0.042911
2540,2025/26,22,Piast Gliwice,Motor Lublin,18.0,9.0,27.0,16.0874,11.6703,27.7577,0.053957,1,4754.2424,0.587,0.5159,0.1821,0.4094,0.1921,0.0,0.0,0.0,1e-06,3e-06,1.2e-05,3.5e-05,9.1e-05,0.000213,0.000454,0.000892,0.001627,0.002781,0.004478,0.006834,0.009931,0.013798,0.018393,0.023597,0.029218,0.035001,0.040653,0.045871,0.050372,0.053919,0.056341,0.057548,0.057528,0.056346,0.054128,0.051048,0.047305,0.043109,0.038664,0.034151,0.029727,0.025518,0.021613,0.018071,0.014924,0.01218,0.009828,0.007843,0.006193,0.00484,0.003746,0.002872,0.002182,0.001642,0.001226,0.000908,0.00235,0.993892,0.006108,1,0.006126,0.989415,0.010585,1,0.010642,0.982581,0.017419,1,0.017573,0.97265,0.02735,1,0.027731,0.958852,0.041148,1,0.042019,0.940459,0.059541,1,0.061387,0.916862,0.083138,1,0.086798,0.887644,0.112356,1,0.119185,0.852643,0.147357,1,0.159415,0.81199,0.18801,1,0.208267,0.766119,0.233881,1,0.266417,0.715748,0.284252,1,0.334428,0.661829,0.338171,1,0.412748,0.605488,0.394512,1,0.501721,0.54794,0.45206,1,0.60159,0.490412,0.509588,0,0.674152,0.434066,0.565934,0,0.569278,0.379939,0.620061,0,0.477937,0.328891,0.671109,0,0.398824,0.281586,0.718414,0,0.330709,0.238476,0.761524,0,0.272434,0.199813,0.800187,0,0.22291,0.165662,0.834338,0,0.181117,0.135935,0.864065,0,0.146107,9e-06,8e-05,0.000365,0.001161,0.002904,0.006082,0.011085,0.018053,0.026775,0.036679,0.046928,0.056564,0.064688,0.070599,0.073891,0.07447,0.072525,0.068458,0.062797,0.056108,0.048928,0.041718,0.034835,0.028527,0.02294,0.018135,0.052953,0.000117,0.000839,0.003168,0.008377,0.017424,0.030341,0.045982,0.062269,0.076791,0.087475,0.09306,0.093271,0.088695,0.080492,0.070052,0.058706,0.04754,0.037314,0.028462,0.021145,0.015333,0.010871,0.007548,0.00514,0.003437,0.002259,0.00387,0.997804,0.002196,0.996643,0.003357,0.993739,0.006261,0.987656,0.012344,0.976571,0.023429,0.958518,0.041482,0.931743,0.068257,0.895064,0.104936,0.848136,0.151864,0.791572,0.208428,0.726884,0.273116,0.656285,0.343715,0.582394,0.417606,0.507924,0.492076,0.435399,0.564601,0.366941,0.633059,0.304144,0.695856,0.248037,0.751963,0.199108,0.800892,0.15739,0.84261,0.122555,0.877445,0.995855,0.004145,0.987478,0.012522,0.970053,0.029947,0.939712,0.060288,0.89373,0.10627,0.831461,0.168539,0.75467,0.24533,0.667195,0.332805,0.574135,0.425865,0.480864,0.519136,0.392168,0.607832,0.311676,0.688324,0.241624,0.758376,0.182918,0.817082,0.135378,0.864622,0.098064,0.901936,0.069603,0.930397,0.048457,0.951543,0.033124,0.966876,0.022253,0.977747,0.014705,0.985295,1,0.002198,1,0.004154,1,0.003363,1,0.012601,1,0.006281,1,0.030405,1,0.012421,1,0.062182,1,0.023708,1,0.112352,1,0.042367,1,0.184571,1,0.070698,1,0.281475,1,0.11086,0,1.100199,1,0.164714,0,0.853633,1,0.233734,0,0.655589,1,0.318988,0,0.497857,1,0.42116,0,0.373496,1,0.540608,0,0.276576,1,0.677423,0,0.202016,1,0.831492,0,0.145463,1,1.002554,0,0.103212,0,0.362613,0,0.072144,0,0.285068,0,0.04967,0,0.222029,0,0.033685,0,0.171251,0,0.022504,0,0.130741,0,0.014814
2541,2025/26,22,Widzew Łódź,Cracovia,13.0,11.0,24.0,13.9616,12.0353,25.9969,0.053957,1,4754.2424,0.587,0.5159,0.1821,0.4094,0.1921,0.0,0.0,0.0,2e-06,7e-06,2.5e-05,7.3e-05,0.000186,0.000421,0.000868,0.001647,0.002902,0.004788,0.007445,0.010968,0.015383,0.020623,0.026524,0.032827,0.039203,0.045287,0.050715,0.055165,0.058387,0.060228,0.060639,0.059668,0.057452,0.054191,0.050126,0.045511,0.040595,0.035604,0.030726,0.026111,0.021863,0.01805,0.014701,0.011818,0.009382,0.00736,0.005706,0.004376,0.003319,0.002492,0.001852,0.001363,0.000994,0.000719,0.000515,0.000366,0.000827,0.98908,0.01092,1,0.01098,0.981636,0.018364,1,0.018535,0.970668,0.029332,1,0.029771,0.955286,0.044714,1,0.045745,0.934662,0.065338,1,0.06757,0.908138,0.091862,1,0.096359,0.875311,0.124689,1,0.133176,0.836108,0.163892,1,0.178998,0.790821,0.209179,1,0.234684,0.740106,0.259894,1,0.300962,0.684941,0.315059,1,0.378422,0.626554,0.373446,1,0.46752,0.566326,0.433674,0,0.835462,0.505687,0.494313,0,0.704586,0.446019,0.553981,0,0.590625,0.388567,0.611433,0,0.49195,0.334375,0.665625,0,0.407029,0.284249,0.715751,0,0.334424,0.238738,0.761262,0,0.272778,0.198143,0.801857,0,0.220825,0.162539,0.837461,0,0.177381,0.131813,0.868187,0,0.141348,0.105702,0.894298,0,0.111717,0.083839,0.916161,0,0.087563,3e-05,0.000241,0.00101,0.00297,0.006871,0.013303,0.022419,0.033759,0.046295,0.058641,0.069371,0.077314,0.081754,0.082501,0.07984,0.074401,0.066997,0.058474,0.049596,0.040973,0.033038,0.026046,0.02011,0.015227,0.011322,0.008276,0.01893,9.4e-05,0.000685,0.002632,0.007094,0.015035,0.026677,0.041196,0.056845,0.071432,0.082913,0.089879,0.091791,0.088943,0.082248,0.072937,0.062282,0.051393,0.041103,0.031946,0.024184,0.017869,0.012909,0.009133,0.006337,0.004318,0.002892,0.005198,0.998427,0.001573,0.995457,0.004543,0.988586,0.011414,0.975283,0.024717,0.952864,0.047136,0.919104,0.080896,0.87281,0.12719,0.814169,0.185831,0.744798,0.255202,0.667484,0.332516,0.58573,0.41427,0.503229,0.496771,0.423389,0.576611,0.348988,0.651012,0.281991,0.718009,0.223517,0.776483,0.173922,0.826078,0.132948,0.867052,0.099911,0.900089,0.073864,0.926136,0.053755,0.946245,0.996555,0.003445,0.989461,0.010539,0.974426,0.025574,0.947749,0.052251,0.906553,0.093447,0.849708,0.150292,0.778277,0.221723,0.695364,0.304636,0.605485,0.394515,0.513694,0.486306,0.424751,0.575249,0.342503,0.657497,0.269566,0.730434,0.207283,0.792717,0.155891,0.844109,0.114788,0.885212,0.082841,0.917159,0.058657,0.941343,0.040788,0.959212,0.027879,0.972121,0.018745,0.981255,1,0.001574,1,0.003451,1,0.004553,1,0.010595,1,0.01148,1,0.025907,1,0.025028,1,0.053666,1,0.048283,1,0.098106,1,0.084356,1,0.162863,1,0.136037,1,0.250673,1,0.205587,1,0.36332,1,0.294642,1,0.501725,1,0.40424,0,0.720917,1,0.534896,0,0.552952,0,0.699626,0,0.419315,0,0.550587,0,0.314116,0,0.429227,0,0.232289,0,0.331273,0,0.169474,0,0.252981,0,0.121928,0,0.191066,0,0.086474,0,0.142656,0,0.060448,0,0.105262,0,0.041643,0,0.076734,0,0.028275,0,0.055254,0,0.018923
2542,2025/26,23,Arka Gdynia,Lechia Gdańsk,11.0,13.0,24.0,13.8566,13.5324,27.389,0.054227,1,4807.7004,0.6217,0.5517,0.184,0.406,0.1797,0.0,0.0,0.0,1e-06,4e-06,1.3e-05,3.9e-05,0.000102,0.000239,0.000509,0.000994,0.001806,0.003071,0.004921,0.007472,0.0108,0.014924,0.019784,0.025237,0.031064,0.036988,0.042695,0.047869,0.052223,0.055527,0.057625,0.058447,0.058008,0.056398,0.053772,0.050322,0.046267,0.041825,0.037204,0.032587,0.028124,0.023931,0.020088,0.016644,0.013619,0.01101,0.008798,0.006953,0.005435,0.004205,0.003221,0.002443,0.001836,0.001368,0.00101,0.000739,0.001839,0.993221,0.006779,1,0.006802,0.9883,0.0117,1,0.011769,0.980828,0.019172,1,0.019358,0.970028,0.029972,1,0.030431,0.955103,0.044897,1,0.045936,0.93532,0.06468,1,0.066867,0.910083,0.089917,1,0.094219,0.879019,0.120981,1,0.128949,0.842031,0.157969,1,0.171939,0.799336,0.200664,1,0.223973,0.751468,0.248532,1,0.285727,0.699245,0.300755,1,0.357754,0.643718,0.356282,0,1.032032,0.586092,0.413908,0,0.882113,0.527645,0.472355,0,0.750025,0.469638,0.530362,0,0.634195,0.413239,0.586761,0,0.533138,0.359468,0.640532,0,0.445456,0.309145,0.690855,0,0.369826,0.262879,0.737121,0,0.305003,0.221054,0.778946,0,0.249813,0.183849,0.816151,0,0.203156,0.151263,0.848737,0,0.164005,0.123139,0.876861,0,0.131407,3.2e-05,0.000257,0.001072,0.003134,0.007206,0.013876,0.023258,0.034841,0.047535,0.059915,0.070538,0.078246,0.082361,0.082741,0.079722,0.073972,0.06633,0.057653,0.048702,0.040074,0.032186,0.025277,0.019442,0.014666,0.010865,0.007913,0.017916,3.9e-05,0.000305,0.001257,0.003624,0.008221,0.015616,0.025821,0.038157,0.051358,0.06386,0.074168,0.081163,0.084278,0.083525,0.079391,0.07267,0.064284,0.055121,0.045934,0.037287,0.029543,0.022889,0.017367,0.012925,0.009445,0.006787,0.014773,0.998371,0.001629,0.995238,0.004762,0.988031,0.011969,0.974155,0.025845,0.950897,0.049103,0.916057,0.083943,0.868521,0.131479,0.808606,0.191394,0.738068,0.261932,0.659822,0.340178,0.577461,0.422539,0.49472,0.50528,0.414999,0.585001,0.341027,0.658973,0.274696,0.725304,0.217043,0.782957,0.168341,0.831659,0.128267,0.871733,0.09608,0.90392,0.070803,0.929197,0.051361,0.948639,0.998206,0.001794,0.994582,0.005418,0.986362,0.013638,0.970746,0.029254,0.944925,0.055075,0.906767,0.093233,0.855409,0.144591,0.791549,0.208451,0.717381,0.282619,0.636218,0.363782,0.55194,0.44806,0.468416,0.531584,0.389025,0.610975,0.316355,0.683645,0.252071,0.747929,0.19695,0.80305,0.151016,0.848984,0.113729,0.886271,0.084185,0.915815,0.061297,0.938703,0.043929,0.956071,1,0.00163,1,0.001796,1,0.004773,1,0.005433,1,0.012041,1,0.013732,1,0.026185,1,0.02969,1,0.05035,1,0.05665,1,0.087677,1,0.09787,1,0.140964,1,0.156176,1,0.212444,1,0.233763,1,0.303719,1,0.332148,0,1.078286,1,0.452214,0,0.861474,1,0.594316,0,0.682643,0,0.631894,0,0.536142,0,0.492699,0,0.417073,0,0.380317,0,0.321164,0,0.290447,0,0.244678,0,0.219338,0,0.184333,0,0.163715,0,0.137272,0,0.120733,0,0.101014,0,0.087941,0,0.073435,0,0.063256,0,0.052727,0,0.044923
2543,2025/26,23,Bruk-Bet Termalica Nieciecza,Radomiak Radom,20.0,16.0,36.0,14.0322,14.2545,28.2867,0.054227,1,4807.7004,0.6217,0.5517,0.184,0.406,0.1797,0.0,0.0,0.0,1e-06,2e-06,9e-06,2.6e-05,7e-05,0.000166,0.00036,0.000716,0.001325,0.002295,0.003746,0.005794,0.008531,0.012006,0.016211,0.021063,0.026408,0.032027,0.037655,0.043001,0.047783,0.051749,0.054701,0.05651,0.057126,0.056571,0.054937,0.052367,0.049039,0.045154,0.04091,0.036497,0.032083,0.027806,0.023774,0.020063,0.016721,0.013768,0.011206,0.00902,0.007182,0.00566,0.004416,0.003412,0.002611,0.001981,0.001489,0.00111,0.00294,0.995029,0.004971,1,0.004983,0.991283,0.008717,1,0.008756,0.985489,0.014511,1,0.014618,0.976958,0.023042,1,0.023311,0.964952,0.035048,1,0.035677,0.948741,0.051259,1,0.05262,0.927678,0.072322,1,0.075071,0.901269,0.098731,1,0.103951,0.869242,0.130758,1,0.140134,0.831587,0.168413,1,0.184419,0.788586,0.211414,1,0.237514,0.740803,0.259197,1,0.300021,0.689053,0.310947,1,0.372437,0.634352,0.365648,1,0.455151,0.577842,0.422158,1,0.548455,0.520716,0.479284,1,0.65255,0.464145,0.535855,1,0.767558,0.409208,0.590792,1,0.893532,0.356842,0.643158,1,1.030463,0.307802,0.692198,1,1.178298,0.262649,0.737351,1,1.336938,0.221739,0.778261,1,1.506256,0.185241,0.814759,1,1.686095,0.153159,0.846841,1,1.87628,2.9e-05,0.000234,0.000984,0.002897,0.00671,0.013014,0.02197,0.033148,0.045552,0.057828,0.068571,0.076611,0.08122,0.082183,0.079754,0.074534,0.067315,0.058931,0.050139,0.041554,0.033615,0.026589,0.020598,0.01565,0.011677,0.008566,0.019807,2.6e-05,0.000208,0.000883,0.002624,0.006131,0.011997,0.020435,0.031107,0.043129,0.055242,0.06609,0.074499,0.079687,0.081352,0.079652,0.075104,0.068437,0.060448,0.051889,0.043389,0.035413,0.028262,0.02209,0.016933,0.012748,0.009435,0.022399,0.998436,0.001564,0.995539,0.004461,0.988828,0.011172,0.975814,0.024186,0.953844,0.046156,0.920696,0.079304,0.875144,0.124856,0.817316,0.182684,0.748745,0.251255,0.672134,0.327866,0.590913,0.409087,0.50873,0.49127,0.428977,0.571023,0.354443,0.645557,0.287127,0.712873,0.228196,0.771804,0.178057,0.821943,0.136503,0.863497,0.102889,0.897111,0.076299,0.923701,0.055701,0.944299,0.998492,0.001508,0.995868,0.004132,0.989737,0.010263,0.97774,0.02226,0.957304,0.042696,0.926197,0.073803,0.883068,0.116932,0.827826,0.172174,0.761736,0.238264,0.687237,0.312763,0.60755,0.39245,0.526198,0.473802,0.446546,0.553454,0.371441,0.628559,0.303005,0.696995,0.242557,0.757443,0.190668,0.809332,0.147279,0.852721,0.111866,0.888134,0.083605,0.916395,0.061515,0.938485,1,0.001565,1,0.001509,1,0.004471,1,0.004141,1,0.011235,1,0.010316,1,0.024483,1,0.022511,1,0.047255,1,0.043634,1,0.082625,1,0.076668,1,0.133367,1,0.124353,1,0.201729,1,0.188952,1,0.289357,1,0.272155,1,0.397298,1,0.375076,1,0.526086,1,0.498321,1,0.675838,1,0.642078,1,0.846352,1,0.806213,1,1.037208,1,0.990365,1,1.247831,0,0.360977,1,1.47755,0,0.277807,1,1.725652,0,0.211546,1,1.991409,0,0.159323,0,0.108576,0,0.118633,0,0.079367,0,0.087308,0,0.057312,0,0.063488
2544,2025/26,23,Motor Lublin,Korona Kielce,13.0,22.0,35.0,13.9543,13.5411,27.4955,0.054227,1,4807.7004,0.6217,0.5517,0.184,0.406,0.1797,0.0,0.0,0.0,1e-06,4e-06,1.3e-05,3.7e-05,9.8e-05,0.000229,0.000488,0.000957,0.001741,0.002968,0.004766,0.007252,0.010506,0.01455,0.01933,0.024713,0.030487,0.036381,0.042087,0.047292,0.051709,0.055103,0.057312,0.058259,0.05795,0.056467,0.053957,0.050609,0.046634,0.042251,0.037667,0.033066,0.028601,0.024391,0.02052,0.01704,0.013974,0.011322,0.009068,0.007182,0.005627,0.004363,0.00335,0.002547,0.001918,0.001432,0.001059,0.000777,0.001948,0.993464,0.006536,1,0.006557,0.988699,0.011301,1,0.011366,0.981447,0.018553,1,0.018727,0.970941,0.029059,1,0.02949,0.956391,0.043609,1,0.044588,0.937061,0.062939,1,0.065007,0.912349,0.087651,1,0.091733,0.881862,0.118138,1,0.12572,0.845481,0.154519,1,0.16785,0.803394,0.196606,1,0.21891,0.756102,0.243898,1,0.27958,0.704392,0.295608,1,0.35042,0.64929,0.35071,1,0.431877,0.591977,0.408023,1,0.524287,0.533718,0.466282,1,0.627887,0.475769,0.524231,1,0.742823,0.419301,0.580699,1,0.869165,0.365344,0.634656,1,1.006916,0.314735,0.685265,1,1.156023,0.268102,0.731898,1,1.316389,0.225851,0.774149,1,1.48788,0.188184,0.811816,1,1.670334,0.155119,0.844881,1,1.863564,0.126518,0.873482,0,0.135268,3.1e-05,0.000244,0.001022,0.003,0.006926,0.01339,0.022533,0.03389,0.046424,0.058749,0.069443,0.077341,0.081734,0.082442,0.079752,0.074297,0.066889,0.058373,0.049507,0.040901,0.032982,0.026006,0.020083,0.015211,0.011313,0.008273,0.018951,3.9e-05,0.000304,0.001251,0.003609,0.008192,0.015566,0.025749,0.038065,0.051253,0.063753,0.074071,0.081086,0.08423,0.083508,0.079404,0.07271,0.064343,0.055192,0.04601,0.037363,0.029614,0.022952,0.017422,0.01297,0.009482,0.006815,0.014852,0.998409,0.001591,0.99541,0.00459,0.988484,0.011516,0.975094,0.024906,0.952561,0.047439,0.918671,0.081329,0.872247,0.127753,0.813497,0.186503,0.744054,0.255946,0.666713,0.333287,0.584979,0.415021,0.502537,0.497463,0.422785,0.577215,0.348488,0.651512,0.281599,0.718401,0.223227,0.776773,0.17372,0.82628,0.132819,0.867181,0.099837,0.900163,0.073831,0.926169,0.053748,0.946252,0.998211,0.001789,0.994602,0.005398,0.98641,0.01359,0.970844,0.029156,0.945095,0.054905,0.907029,0.092971,0.855777,0.144223,0.792023,0.207977,0.717952,0.282048,0.636866,0.363134,0.552637,0.447363,0.469129,0.530871,0.389724,0.610276,0.317015,0.682985,0.252672,0.747328,0.19748,0.80252,0.15147,0.84853,0.114107,0.885893,0.084493,0.915507,0.061541,0.938459,0.044119,0.955881,1,0.001592,1,0.001791,1,0.004601,1,0.005413,1,0.011583,1,0.013683,1,0.025221,1,0.029589,1,0.048601,1,0.05647,1,0.084827,1,0.097581,1,0.136683,1,0.155745,1,0.206413,1,0.233165,1,0.295642,1,0.331353,1,0.405396,1,0.451196,1,0.536179,1,0.593054,0,0.698234,1,0.756877,0,0.54954,1,0.942316,0,0.428459,1,1.148806,0,0.330727,1,1.375663,0,0.252607,1,1.622118,0,0.190822,1,1.887368,0,0.142508,1,2.170619,0,0.105179,1,2.471087,0,0.076699,1,2.788052,0,0.055246,0,0.045122
2545,2025/26,23,Zagłębie Lubin,Wisła Płock,11.0,20.0,31.0,13.0786,12.5462,25.6248,0.054227,1,4807.7004,0.6217,0.5517,0.184,0.406,0.1797,0.0,0.0,0.0,2e-06,9e-06,3e-05,8.7e-05,0.000218,0.00049,0.001002,0.001885,0.003293,0.005386,0.008302,0.012126,0.016861,0.022413,0.028581,0.035072,0.041529,0.047568,0.052819,0.056969,0.059789,0.061155,0.061053,0.059571,0.056876,0.053196,0.048792,0.043927,0.038852,0.033788,0.028913,0.024363,0.020228,0.016558,0.013371,0.010658,0.00839,0.006525,0.005016,0.003814,0.002868,0.002135,0.001573,0.001148,0.00083,0.000595,0.000422,0.000297,0.000654,0.987597,0.012403,1,0.01248,0.979296,0.020704,1,0.020922,0.96717,0.03283,1,0.033381,0.950309,0.049691,1,0.050968,0.927896,0.072104,1,0.074835,0.899316,0.100684,1,0.106121,0.864244,0.135756,1,0.1459,0.822715,0.177285,1,0.195146,0.775147,0.224853,1,0.254703,0.722327,0.277673,1,0.325277,0.665358,0.334642,1,0.40743,0.605569,0.394431,1,0.501586,0.544414,0.455586,1,0.608045,0.483361,0.516639,1,0.726992,0.42379,0.57621,1,0.858516,0.366915,0.633085,1,1.002626,0.313718,0.686282,1,1.15926,0.264926,0.735074,1,1.328303,0.221,0.779,1,1.509594,0.182148,0.817852,0,0.201073,0.14836,0.85164,0,0.160591,0.119446,0.880554,0,0.127204,0.095083,0.904917,0,0.099912,0.074856,0.925144,0,0.077806,5.1e-05,0.00039,0.001572,0.004444,0.009885,0.018409,0.029842,0.043234,0.057049,0.069545,0.079186,0.084953,0.086483,0.084029,0.078303,0.070268,0.06094,0.051228,0.041852,0.033307,0.025872,0.019651,0.014618,0.010665,0.007641,0.005383,0.01108,7e-05,0.000521,0.002049,0.005653,0.012269,0.022295,0.035266,0.049854,0.064192,0.076356,0.084835,0.088809,0.088218,0.083638,0.07605,0.066594,0.056354,0.046225,0.03685,0.028616,0.02169,0.016075,0.011669,0.008307,0.005807,0.003992,0.007683,0.997868,0.002132,0.993424,0.006576,0.983539,0.016461,0.96513,0.03487,0.935289,0.064711,0.892054,0.107946,0.835005,0.164995,0.76546,0.23454,0.686274,0.313726,0.601321,0.398679,0.514838,0.485162,0.430809,0.569191,0.352507,0.647493,0.282238,0.717762,0.221299,0.778701,0.170071,0.829929,0.128218,0.871782,0.094911,0.905089,0.069039,0.930961,0.049387,0.950613,0.034769,0.965231,0.997295,0.002705,0.991642,0.008358,0.979373,0.020627,0.957079,0.042921,0.921813,0.078187,0.871959,0.128041,0.807767,0.192233,0.731411,0.268589,0.646576,0.353424,0.557768,0.442232,0.46955,0.53045,0.385912,0.614088,0.309862,0.690138,0.243269,0.756731,0.186915,0.813085,0.14069,0.85931,0.103839,0.896161,0.075223,0.924777,0.053534,0.946466,0.037458,0.962542,0.02579,0.97421,1,0.002134,1,0.002709,1,0.006598,1,0.008393,1,0.016598,1,0.020843,1,0.035492,1,0.043869,1,0.0669,1,0.081413,1,0.114229,1,0.137013,1,0.180318,1,0.213482,1,0.267278,1,0.31278,1,0.376478,1,0.436065,0,0.919599,1,0.583812,0,0.723272,1,0.75598,0,0.563539,1,0.952146,0,0.434647,1,1.171628,0,0.331617,1,1.413587,0,0.250128,1,1.677101,0,0.186415,1,1.961196,0,0.137216,1,2.264914,0,0.099722,1,2.587298,0,0.071538,0,0.05502,0,0.050648,0,0.038178,0,0.035388,0,0.026128
2546,2025/26,23,Pogoń Szczecin,Widzew Łódź,9.0,8.0,17.0,16.413,12.8187,29.2317,0.054227,1,4807.7004,0.6217,0.5517,0.184,0.406,0.1797,0.0,0.0,0.0,0.0,2e-06,6e-06,1.8e-05,4.8e-05,0.000117,0.000256,0.000518,0.000974,0.001715,0.002845,0.004472,0.006694,0.009579,0.013152,0.017379,0.022162,0.027341,0.032704,0.038001,0.042972,0.047365,0.050961,0.053595,0.055162,0.055623,0.05501,0.053406,0.050945,0.047789,0.044115,0.040105,0.035929,0.031739,0.027662,0.0238,0.020225,0.016983,0.014098,0.011574,0.009401,0.007559,0.006017,0.004744,0.003706,0.00287,0.002203,0.001677,0.004783,0.996346,0.003654,1,0.003661,0.993501,0.006499,1,0.00652,0.989029,0.010971,1,0.011031,0.982335,0.017665,1,0.017822,0.972756,0.027244,1,0.027622,0.959605,0.040395,0,3.209042,0.942226,0.057774,0,2.851218,0.920064,0.079936,0,2.526531,0.892723,0.107277,0,2.23234,0.860019,0.139981,0,1.96625,0.822018,0.177982,0,1.726073,0.779046,0.220954,0,1.509803,0.731682,0.268318,0,1.315582,0.68072,0.31928,0,1.141688,0.627125,0.372875,0,0.986512,0.571964,0.428036,0,0.848547,0.51634,0.48366,0,0.726373,0.46133,0.53867,0,0.618653,0.407924,0.592076,0,0.52412,0.356979,0.643021,0,0.441577,0.30919,0.69081,0,0.369891,0.265075,0.734925,0,0.307987,0.22497,0.77503,0,0.254854,0.189042,0.810958,0,0.209539,8e-06,6.9e-05,0.000317,0.001017,0.002567,0.005425,0.009982,0.016412,0.024577,0.034002,0.043938,0.053497,0.061807,0.068153,0.072076,0.073405,0.072247,0.068926,0.063908,0.05772,0.050884,0.043862,0.03703,0.03066,0.024931,0.01993,0.060429,5.9e-05,0.000449,0.001789,0.004997,0.010985,0.020217,0.03239,0.046375,0.060477,0.072859,0.081987,0.086927,0.087455,0.083977,0.077337,0.068588,0.058785,0.048838,0.039432,0.031013,0.023808,0.017871,0.013138,0.009473,0.006708,0.00467,0.009304,0.997385,0.002615,0.996368,0.003632,0.993801,0.006199,0.988375,0.011625,0.978394,0.021606,0.961982,0.038018,0.937405,0.062595,0.903403,0.096597,0.859465,0.140535,0.805968,0.194032,0.744161,0.255839,0.676008,0.323992,0.603932,0.396068,0.530527,0.469473,0.45828,0.54172,0.389353,0.610647,0.325446,0.674554,0.267726,0.732274,0.216842,0.783158,0.17298,0.82702,0.135951,0.864049,0.997614,0.002386,0.992616,0.007384,0.981632,0.018368,0.961414,0.038586,0.929024,0.070976,0.882649,0.117351,0.822172,0.177828,0.749313,0.250687,0.667326,0.332674,0.580398,0.419602,0.492943,0.507057,0.408966,0.591034,0.331628,0.668372,0.26304,0.73696,0.204254,0.795746,0.155417,0.844583,0.115985,0.884015,0.084972,0.915028,0.061164,0.938836,0.043293,0.956707,0.030154,0.969846,1,0.002618,1,0.002389,1,0.003639,1,0.007411,1,0.006218,1,0.018539,1,0.011693,1,0.03935,1,0.021843,1,0.073621,1,0.03876,1,0.124828,1,0.06464,0,1.726938,0,2.337208,0,1.38355,0,1.962299,0,1.100592,0,1.639732,0,0.868449,0,1.363207,0,0.679132,0,1.127036,0,0.525882,0,0.926169,0,0.40291,0,0.756144,0,0.305222,0,0.613006,0,0.228475,0,0.493236,0,0.168912,0,0.393704,0,0.123281,0,0.311601,0,0.088801,0,0.244421,0,0.063114,0,0.189926,0,0.044258,0,0.146126,0,0.030618
2547,2025/26,23,Cracovia,Piast Gliwice,11.0,9.0,20.0,13.6561,12.1982,25.8543,0.054227,1,4807.7004,0.6217,0.5517,0.184,0.406,0.1797,0.0,0.0,0.0,2e-06,8e-06,2.7e-05,7.9e-05,0.000198,0.000448,0.000921,0.001741,0.003056,0.005023,0.00778,0.011419,0.015957,0.021316,0.027318,0.033691,0.040096,0.046159,0.051516,0.055848,0.058914,0.060572,0.060786,0.059619,0.057221,0.053801,0.049608,0.0449,0.039925,0.034908,0.030033,0.025443,0.02124,0.017482,0.014195,0.011377,0.009006,0.007043,0.005445,0.004163,0.003148,0.002357,0.001747,0.001282,0.000932,0.000672,0.00048,0.00034,0.000761,0.988497,0.011503,1,0.01157,0.980717,0.019283,1,0.019471,0.969298,0.030702,1,0.031183,0.953341,0.046659,1,0.047782,0.932025,0.067975,1,0.070396,0.904707,0.095293,1,0.100144,0.871016,0.128984,1,0.138095,0.83092,0.16908,1,0.185221,0.784762,0.215238,0,1.536009,0.733245,0.266755,0,1.321427,0.677398,0.322602,0,1.131335,0.618484,0.381516,0,0.963602,0.557912,0.442088,0,0.816246,0.497126,0.502874,0,0.687416,0.437507,0.562493,0,0.575377,0.380286,0.619714,0,0.478498,0.326485,0.673515,0,0.395245,0.276877,0.723123,0,0.324176,0.231977,0.768023,0,0.263936,0.192052,0.807948,0,0.213258,0.157145,0.842855,0,0.17096,0.127112,0.872888,0,0.135948,0.101668,0.898332,0,0.107216,0.080429,0.919571,0,0.083848,3.6e-05,0.000286,0.001182,0.003428,0.007818,0.014928,0.024814,0.036862,0.049875,0.062342,0.072785,0.080067,0.083577,0.083265,0.079559,0.073208,0.065099,0.056113,0.047007,0.038358,0.030552,0.023794,0.018149,0.013577,0.009975,0.007204,0.01592,8.6e-05,0.000631,0.00244,0.006619,0.014125,0.02524,0.039259,0.054573,0.069094,0.080815,0.08829,0.090882,0.088771,0.082757,0.073993,0.063711,0.053014,0.04276,0.033519,0.025594,0.019076,0.013902,0.009922,0.006946,0.004775,0.003227,0.00594,0.998276,0.001724,0.994848,0.005152,0.98703,0.01297,0.972102,0.027898,0.947288,0.052712,0.910426,0.089574,0.860551,0.139449,0.798209,0.201791,0.725424,0.274576,0.645357,0.354643,0.56178,0.43822,0.478515,0.521485,0.398956,0.601044,0.325748,0.674252,0.260649,0.739351,0.204536,0.795464,0.157529,0.842471,0.119171,0.880829,0.08862,0.91138,0.064826,0.935174,0.046676,0.953324,0.996801,0.003199,0.990182,0.009818,0.976056,0.023944,0.950816,0.049184,0.911557,0.088443,0.856985,0.143015,0.787891,0.212109,0.707076,0.292924,0.618787,0.381213,0.527904,0.472096,0.439134,0.560866,0.356377,0.643623,0.282384,0.717616,0.218674,0.781326,0.16566,0.83434,0.1229,0.8771,0.089382,0.910618,0.063787,0.936213,0.044712,0.955288,0.03081,0.96919,0.020888,0.979112,1,0.001725,1,0.003204,1,0.005165,1,0.009867,1,0.013055,1,0.024235,1,0.028295,1,0.050435,1,0.054152,1,0.092601,1,0.093843,1,0.154335,1,0.150182,1,0.238396,1,0.225385,0,1.227842,1,0.320999,0,0.964397,0,1.036644,0,0.750573,0,0.825034,0,0.578273,0,0.651075,0,0.440642,0,0.509087,0,0.331821,0,0.394151,0,0.246763,0,0.301983,0,0.181114,0,0.22883,0,0.131134,0,0.171416,0,0.093632,0,0.126892,0,0.065912,0,0.092795,0,0.045742,0,0.067023,0,0.031295,0,0.0478,0,0.021109
2548,2025/26,23,GKS Katowice,Górnik Zabrze,16.0,15.0,31.0,12.9579,14.046,27.0039,0.054227,1,4807.7004,0.6217,0.5517,0.184,0.406,0.1797,0.0,0.0,0.0,1e-06,5e-06,1.6e-05,4.7e-05,0.000121,0.000281,0.000591,0.001146,0.002064,0.003481,0.005531,0.008328,0.011939,0.016361,0.021509,0.027211,0.033218,0.039227,0.044907,0.049936,0.054032,0.056981,0.058651,0.059003,0.058083,0.056012,0.05297,0.049171,0.044842,0.04021,0.035479,0.030826,0.02639,0.022276,0.018549,0.015246,0.012375,0.009925,0.007868,0.006168,0.004784,0.003672,0.00279,0.0021,0.001566,0.001157,0.000847,0.000615,0.001492,0.992247,0.007753,1,0.007783,0.986716,0.013284,1,0.013373,0.978388,0.021612,1,0.021849,0.966449,0.033551,1,0.034127,0.950088,0.049912,1,0.051201,0.928579,0.071421,1,0.074099,0.901369,0.098631,1,0.103841,0.868151,0.131849,1,0.14139,0.828924,0.171076,1,0.187627,0.784017,0.215983,1,0.243325,0.734081,0.265919,1,0.309136,0.680049,0.319951,1,0.385591,0.623068,0.376932,1,0.4731,0.564416,0.435584,1,0.571963,0.505414,0.494586,1,0.682378,0.447331,0.552669,1,0.804456,0.391319,0.608681,1,0.938233,0.338349,0.661651,1,1.083678,0.289178,0.710822,1,1.240713,0.244335,0.755665,0,0.280158,0.204125,0.795875,0,0.228313,0.168646,0.831354,0,0.1847,0.13782,0.86218,0,0.148291,0.11143,0.88857,0,0.118142,5.5e-05,0.000416,0.001669,0.004693,0.010381,0.019228,0.031002,0.044672,0.058627,0.071081,0.080495,0.08589,0.086963,0.084037,0.077886,0.069516,0.05996,0.050131,0.040734,0.032242,0.024909,0.018817,0.013922,0.010102,0.007199,0.005043,0.010226,2.9e-05,0.000233,0.000977,0.002879,0.006673,0.012949,0.021872,0.033018,0.045398,0.057666,0.068417,0.076482,0.081128,0.082135,0.079752,0.074574,0.067389,0.059028,0.05025,0.041669,0.033727,0.026693,0.02069,0.015729,0.011743,0.008619,0.019961,0.997756,0.002244,0.993063,0.006937,0.982681,0.017319,0.963453,0.036547,0.932451,0.067549,0.887779,0.112221,0.829153,0.170847,0.758072,0.241928,0.677577,0.322423,0.591687,0.408313,0.504724,0.495276,0.420687,0.579313,0.342801,0.657199,0.273285,0.726715,0.213325,0.786675,0.163194,0.836806,0.12246,0.87754,0.090218,0.909782,0.065309,0.934691,0.046492,0.953508,0.03257,0.96743,0.99844,0.00156,0.995561,0.004439,0.988888,0.011112,0.975939,0.024061,0.954067,0.045933,0.921049,0.078951,0.875651,0.124349,0.817985,0.182015,0.749568,0.250432,0.673087,0.326913,0.591959,0.408041,0.509824,0.490176,0.430072,0.569928,0.355498,0.644502,0.288109,0.711891,0.22908,0.77092,0.17883,0.82117,0.137161,0.862839,0.103434,0.896566,0.076741,0.923259,0.056051,0.943949,1,0.002247,1,0.001561,1,0.006961,1,0.004449,1,0.017471,1,0.011174,1,0.037232,1,0.024355,1,0.069939,1,0.047021,1,0.119032,1,0.082242,1,0.187351,1,0.132788,1,0.276977,1,0.200911,1,0.389232,1,0.288258,1,0.524778,1,0.395881,1,0.683744,1,0.524318,1,0.865866,1,0.67369,1,1.070605,1,0.843803,1,1.29724,0,0.439277,0,0.23994,0,0.33983,0,0.178163,0,0.260171,0,0.130633,0,0.197025,0,0.09455,0,0.147527,0,0.067539,0,0.109183,0,0.047607,0,0.079845,0,0.033112,0,0.057683
2549,2025/26,23,Lech Poznań,Raków Częstochowa,24.0,14.0,38.0,14.9546,13.9182,28.8728,0.054227,1,4807.7004,0.6217,0.5517,0.184,0.406,0.1797,0.0,0.0,0.0,0.0,2e-06,7e-06,2e-05,5.5e-05,0.000131,0.000287,0.000579,0.001083,0.001898,0.003133,0.004901,0.007298,0.01039,0.01419,0.018649,0.02365,0.029013,0.034503,0.039857,0.0448,0.049079,0.052478,0.054842,0.056081,0.056181,0.055191,0.05322,0.050418,0.046963,0.043045,0.038849,0.034549,0.030293,0.026203,0.022372,0.018863,0.015714,0.01294,0.010538,0.008489,0.006769,0.005343,0.004177,0.003235,0.002483,0.001889,0.001425,0.00393,0.995937,0.004063,1,0.004071,0.992804,0.007196,1,0.007222,0.987903,0.012097,1,0.012171,0.980605,0.019395,1,0.019586,0.970215,0.029785,1,0.030238,0.956025,0.043975,1,0.044971,0.937376,0.062624,1,0.064671,0.913726,0.086274,1,0.090224,0.884714,0.115286,1,0.122491,0.85021,0.14979,1,0.162271,0.810354,0.189646,1,0.210284,0.765554,0.234446,1,0.267156,0.716475,0.283525,1,0.333412,0.663997,0.336003,1,0.409478,0.609155,0.390845,1,0.495683,0.553074,0.446926,1,0.592264,0.496893,0.503107,1,0.69938,0.441702,0.558298,1,0.817119,0.388483,0.611517,1,0.945507,0.338065,0.661935,1,1.084517,0.291102,0.708898,1,1.23408,0.248058,0.751942,1,1.394094,0.209209,0.790791,1,1.564424,0.17466,0.82534,1,1.744915,1.8e-05,0.000145,0.00063,0.001923,0.004617,0.009279,0.016234,0.025382,0.036146,0.047554,0.058435,0.067656,0.07433,0.077941,0.078383,0.075912,0.071048,0.064456,0.056831,0.04881,0.040918,0.033541,0.026927,0.021201,0.016393,0.012462,0.032104,3.1e-05,0.000249,0.00104,0.003048,0.007028,0.013568,0.022799,0.034239,0.046832,0.059179,0.069848,0.077676,0.081968,0.082556,0.079744,0.07418,0.066686,0.058109,0.049211,0.040596,0.032688,0.025737,0.019845,0.015009,0.011147,0.008139,0.018564,0.998482,0.001518,0.996559,0.003441,0.991942,0.008058,0.982662,0.017338,0.966428,0.033572,0.941046,0.058954,0.9049,0.0951,0.857346,0.142654,0.798911,0.201089,0.731255,0.268745,0.656925,0.343075,0.578984,0.421016,0.500602,0.499398,0.42469,0.57531,0.353642,0.646358,0.289186,0.710814,0.232355,0.767645,0.183545,0.816455,0.142627,0.857373,0.109087,0.890913,0.08216,0.91784,0.998396,0.001604,0.995347,0.004653,0.988319,0.011681,0.974752,0.025248,0.951953,0.048047,0.917714,0.082286,0.870882,0.129118,0.811703,0.188297,0.741856,0.258144,0.664179,0.335821,0.582211,0.417789,0.499655,0.500345,0.419911,0.580089,0.34573,0.65427,0.279045,0.720955,0.220935,0.779065,0.171724,0.828276,0.131128,0.868872,0.09844,0.90156,0.072703,0.927297,0.052858,0.947142,1,0.001519,1,0.001605,1,0.003447,1,0.004664,1,0.008091,1,0.01175,1,0.01749,1,0.025572,1,0.034148,1,0.04924,1,0.060763,1,0.085869,1,0.099931,1,0.138249,1,0.153914,1,0.208621,1,0.224506,1,0.2986,1,0.312993,1,0.409204,1,0.420185,1,0.540922,1,0.54648,1,0.693837,1,0.691944,0,0.544574,1,0.856396,0,0.424235,1,1.03947,0,0.327179,1,1.240685,0,0.249661,1,1.459489,0,0.188409,1,1.695295,0,0.140559,1,1.947522,0,0.103629,1,2.21561,0,0.075481,1,2.499087,0,0.054306
2550,2025/26,23,Jagiellonia Białystok,Legia Warszawa,10.0,17.0,27.0,13.4919,12.7792,26.2711,0.054227,1,4807.7004,0.6217,0.5517,0.184,0.406,0.1797,0.0,0.0,0.0,2e-06,7e-06,2.2e-05,6.5e-05,0.000165,0.000377,0.000782,0.001493,0.002647,0.004394,0.006872,0.010184,0.01437,0.019382,0.025079,0.031227,0.03752,0.043608,0.049135,0.053774,0.057266,0.059437,0.060212,0.059614,0.057755,0.054815,0.051016,0.046606,0.04183,0.036914,0.032054,0.027407,0.023091,0.019181,0.015718,0.012713,0.010155,0.008015,0.006252,0.004823,0.003681,0.00278,0.002079,0.00154,0.00113,0.000821,0.000592,0.000423,0.000974,0.990045,0.009955,1,0.010005,0.983173,0.016827,1,0.01697,0.972989,0.027011,1,0.027383,0.958619,0.041381,1,0.042261,0.939237,0.060763,1,0.062687,0.914159,0.085841,1,0.089751,0.882931,0.117069,1,0.124508,0.845411,0.154589,1,0.167932,0.801803,0.198197,1,0.220892,0.752668,0.247332,1,0.284131,0.698894,0.301106,1,0.358256,0.641628,0.358372,1,0.443747,0.582191,0.417809,1,0.540957,0.521979,0.478021,1,0.650127,0.462365,0.537635,1,0.7714,0.40461,0.59539,0,0.518538,0.349795,0.650205,0,0.430468,0.298779,0.701221,0,0.354932,0.252172,0.747828,0,0.290583,0.210343,0.789657,0,0.236156,0.173429,0.826571,0,0.19047,0.141376,0.858624,0,0.152424,0.113969,0.886031,0,0.121003,0.090878,0.909122,0,0.095276,4e-05,0.000312,0.001282,0.00369,0.008357,0.015847,0.026159,0.03859,0.05185,0.064361,0.07462,0.081516,0.084498,0.083599,0.079324,0.072484,0.064008,0.054789,0.045579,0.036935,0.029214,0.022594,0.017114,0.012714,0.009276,0.006653,0.014411,6.1e-05,0.000458,0.001824,0.005087,0.011162,0.020507,0.032793,0.046868,0.061008,0.073365,0.082406,0.087213,0.087583,0.083946,0.077168,0.068314,0.058444,0.048465,0.03906,0.030665,0.023498,0.017606,0.01292,0.009299,0.006572,0.004567,0.009054,0.998181,0.001819,0.994491,0.005509,0.986134,0.013866,0.970286,0.029714,0.944128,0.055872,0.905538,0.094462,0.853688,0.146312,0.789327,0.210673,0.714707,0.285293,0.633191,0.366809,0.548692,0.451308,0.465094,0.534906,0.38577,0.61423,0.313287,0.686713,0.249279,0.750721,0.194489,0.805511,0.14891,0.85109,0.111976,0.888024,0.082762,0.917238,0.060168,0.939832,0.043053,0.956947,0.997571,0.002429,0.992484,0.007516,0.981321,0.018679,0.960815,0.039185,0.928021,0.071979,0.881153,0.118847,0.820145,0.179855,0.74678,0.25322,0.664374,0.335626,0.577161,0.422839,0.489578,0.510422,0.405632,0.594368,0.328463,0.671537,0.260149,0.739851,0.201706,0.798294,0.15324,0.84676,0.11418,0.88582,0.083516,0.916484,0.060018,0.939982,0.042412,0.957588,0.029492,0.970508,1,0.001821,1,0.002432,1,0.005524,1,0.007544,1,0.013963,1,0.018856,1,0.030164,1,0.039973,1,0.057494,1,0.074701,1,0.099226,1,0.126524,1,0.158189,1,0.198274,1,0.236575,1,0.291985,0,1.254239,1,0.40891,0,1.002914,1,0.549634,0,0.795605,1,0.714211,0,0.625664,1,0.902309,0,0.487386,1,1.113331,0,0.375839,1,1.346501,0,0.286721,1,1.600944,0,0.216278,0,0.166338,0,0.161237,0,0.121242,0,0.118757,0,0.087211,0,0.086388,0,0.061895,0,0.062054,0,0.043338,0,0.044007,0,0.029936
2551,2025/26,24,Wisła Płock,Arka Gdynia,14.0,15.0,29.0,14.2197,12.9839,27.2035,0.053994,1,4860.5235,0.6163,0.5499,0.1922,0.4102,0.1691,0.0,0.0,0.0,1e-06,4e-06,1.4e-05,4.2e-05,0.00011,0.000257,0.000544,0.00106,0.001918,0.00325,0.005191,0.007854,0.011314,0.015578,0.020577,0.026154,0.032076,0.038051,0.043759,0.048878,0.053123,0.056269,0.058171,0.058773,0.058105,0.056273,0.053441,0.049816,0.045619,0.041076,0.036391,0.031747,0.027288,0.023126,0.019334,0.015954,0.013001,0.010467,0.00833,0.006556,0.005104,0.003932,0.003,0.002266,0.001696,0.001258,0.000925,0.000674,0.001654,0.9928,0.0072,1,0.007226,0.987609,0.012391,1,0.012469,0.979755,0.020245,1,0.020453,0.968441,0.031559,1,0.032068,0.952863,0.047137,1,0.048285,0.932286,0.067714,1,0.070116,0.906132,0.093868,1,0.09857,0.874056,0.125944,1,0.13461,0.836005,0.163995,1,0.179121,0.792246,0.207754,1,0.232883,0.743368,0.256632,1,0.296564,0.690245,0.309755,1,0.370708,0.633976,0.366024,1,0.455744,0.575805,0.424195,1,0.551987,0.517031,0.482969,1,0.659652,0.458926,0.541074,1,0.778866,0.402654,0.597346,1,0.909678,0.349213,0.650787,0,0.429572,0.299397,0.700603,0,0.355814,0.253778,0.746222,0,0.292732,0.212702,0.787298,0,0.239149,0.176311,0.823689,0,0.193962,0.144564,0.855436,0,0.156144,0.117276,0.882724,0,0.124742,2.6e-05,0.00021,0.000892,0.002649,0.00619,0.012109,0.020617,0.031367,0.043459,0.055619,0.06648,0.074863,0.079987,0.081559,0.079753,0.075097,0.068332,0.060264,0.051651,0.043119,0.035133,0.02799,0.021838,0.016709,0.012555,0.009274,0.021884,5.3e-05,0.000407,0.001637,0.004616,0.010235,0.018999,0.030694,0.044312,0.058258,0.07075,0.080245,0.085747,0.086935,0.084116,0.078051,0.069739,0.060214,0.050392,0.040983,0.032465,0.025101,0.018976,0.014049,0.0102,0.007273,0.005098,0.010348,0.998499,0.001501,0.995849,0.004151,0.989659,0.010341,0.97755,0.02245,0.956933,0.043067,0.925566,0.074434,0.882107,0.117893,0.826488,0.173512,0.760008,0.239992,0.685145,0.314855,0.605159,0.394841,0.523599,0.476401,0.443846,0.556154,0.368749,0.631251,0.300417,0.699583,0.240153,0.759847,0.188502,0.811498,0.145383,0.854617,0.11025,0.88975,0.082261,0.917739,0.060423,0.939577,0.997796,0.002204,0.99318,0.00682,0.982945,0.017055,0.963946,0.036054,0.933252,0.066748,0.88894,0.11106,0.830682,0.169318,0.759931,0.240069,0.679686,0.320314,0.593939,0.406061,0.507004,0.492996,0.422889,0.577111,0.344838,0.655162,0.275099,0.724901,0.214885,0.785115,0.164493,0.835507,0.12351,0.87649,0.091045,0.908955,0.065944,0.934056,0.046968,0.953032,0.032919,0.967081,1,0.001502,1,0.002206,1,0.00416,1,0.006843,1,0.010395,1,0.017202,1,0.022706,1,0.03672,1,0.044022,1,0.06908,1,0.07735,1,0.117726,1,0.125442,1,0.185508,1,0.19057,1,0.274528,1,0.274426,1,0.386124,1,0.378125,1,0.520979,1,0.502264,1,0.679236,1,0.647029,1,0.860646,0,0.58671,1,1.064681,0,0.460052,0,0.32172,0,0.357271,0,0.241925,0,0.274638,0,0.179717,0,0.208873,0,0.13183,0,0.157102,0,0.09546,0,0.116815,0,0.068219,0,0.085842,0,0.048107,0,0.062326,0,0.033473
2552,2025/26,24,Legia Warszawa,Cracovia,14.0,10.0,24.0,14.2899,11.7837,26.0736,0.053994,1,4860.5235,0.6163,0.5499,0.1922,0.4102,0.1691,0.0,0.0,0.0,2e-06,7e-06,2.5e-05,7.1e-05,0.000181,0.000411,0.000848,0.00161,0.00284,0.004692,0.007302,0.01077,0.015124,0.020302,0.026145,0.0324,0.038747,0.044823,0.050268,0.054761,0.058049,0.059974,0.060481,0.059611,0.057495,0.054326,0.05034,0.045789,0.040919,0.035956,0.03109,0.026473,0.022211,0.018375,0.014996,0.012081,0.009612,0.007557,0.005872,0.004513,0.003431,0.002582,0.001924,0.00142,0.001038,0.000752,0.00054,0.000385,0.000877,0.989313,0.010687,1,0.010744,0.982011,0.017989,1,0.018153,0.97124,0.02876,1,0.029181,0.956116,0.043884,1,0.044876,0.935814,0.064186,1,0.066338,0.909669,0.090331,1,0.094674,0.877269,0.122731,1,0.130941,0.838522,0.161478,1,0.176114,0.793699,0.206301,1,0.23105,0.743431,0.256569,1,0.296479,0.688671,0.311329,1,0.372992,0.630622,0.369378,1,0.461049,0.570648,0.429352,0,0.845478,0.510167,0.489833,0,0.713691,0.450556,0.549444,0,0.598848,0.393061,0.606939,0,0.499326,0.338734,0.661266,0,0.413599,0.288394,0.711606,0,0.340231,0.242605,0.757395,0,0.27787,0.201685,0.798315,0,0.225253,0.165729,0.834271,0,0.181197,0.134639,0.865361,0,0.144608,0.108166,0.891834,0,0.114476,0.085955,0.914045,0,0.089876,2.5e-05,0.000203,0.000862,0.002567,0.006016,0.011802,0.020149,0.03074,0.042709,0.054812,0.065698,0.074188,0.079486,0.081275,0.079697,0.075253,0.068665,0.060726,0.052192,0.043692,0.035699,0.02852,0.022313,0.017121,0.0129,0.009556,0.022736,0.000109,0.000789,0.002993,0.00796,0.016652,0.029165,0.044457,0.060555,0.075115,0.086069,0.092104,0.092859,0.088827,0.081091,0.070993,0.059849,0.048756,0.038498,0.029541,0.022079,0.016106,0.011488,0.008025,0.005497,0.003698,0.002446,0.004254,0.998512,0.001488,0.995944,0.004056,0.989928,0.010072,0.978127,0.021873,0.957978,0.042022,0.927238,0.072762,0.884529,0.115471,0.829717,0.170283,0.76402,0.23598,0.689832,0.310168,0.610346,0.389654,0.529071,0.470929,0.449374,0.550626,0.374121,0.625879,0.305457,0.694543,0.24473,0.75527,0.192538,0.807462,0.148846,0.851154,0.113147,0.886853,0.084627,0.915373,0.062314,0.937686,0.996084,0.003916,0.988125,0.011875,0.971472,0.028528,0.942307,0.057693,0.89785,0.10215,0.837296,0.162704,0.762181,0.237819,0.676112,0.323888,0.584008,0.415992,0.491149,0.508851,0.402322,0.597678,0.321232,0.678768,0.250239,0.749761,0.190389,0.809611,0.141633,0.858367,0.103135,0.896865,0.073594,0.926406,0.051515,0.948485,0.035409,0.964591,0.02392,0.97608,0.015896,0.984104,1,0.001489,1,0.003924,1,0.004064,1,0.011946,1,0.010123,1,0.028943,1,0.022116,1,0.059424,1,0.04293,1,0.107752,1,0.075545,1,0.177578,1,0.1227,1,0.271571,1,0.186671,1,0.391397,1,0.269161,0,0.877089,1,0.371307,0,0.6756,1,0.493729,0,0.514703,1,0.636633,0,0.387476,0,0.596699,0,0.288001,0,0.468598,0,0.211201,0,0.364501,0,0.152724,0,0.28068,0,0.10885,0,0.213859,0,0.076443,0,0.161162,0,0.052889,0,0.120076,0,0.036051,0,0.088424,0,0.024211,0,0.06434,0,0.016024
2553,2025/26,24,Lechia Gdańsk,Jagiellonia Białystok,10.0,12.0,22.0,15.8101,12.1645,27.9746,0.053994,1,4860.5235,0.6163,0.5499,0.1922,0.4102,0.1691,0.0,0.0,0.0,1e-06,3e-06,1e-05,3.1e-05,8.1e-05,0.000192,0.000413,0.000816,0.001497,0.002573,0.004166,0.006392,0.009339,0.013043,0.017478,0.02254,0.028052,0.033774,0.039422,0.044701,0.049325,0.053051,0.055696,0.057154,0.057396,0.05647,0.054489,0.051614,0.048037,0.043963,0.039594,0.035117,0.030692,0.026451,0.022491,0.018878,0.01565,0.01282,0.010382,0.008315,0.006589,0.005168,0.004013,0.003087,0.002353,0.001777,0.001331,0.000988,0.002583,0.994382,0.005618,1,0.005634,0.990217,0.009783,1,0.009832,0.983825,0.016175,1,0.016308,0.974486,0.025514,1,0.025845,0.961443,0.038557,1,0.03932,0.943964,0.056036,1,0.057667,0.921424,0.078576,1,0.081835,0.893372,0.106628,1,0.112752,0.859598,0.140402,1,0.15129,0.820176,0.179824,1,0.198237,0.775475,0.224525,0,1.493767,0.726149,0.273851,0,1.295173,0.673098,0.326902,0,1.118096,0.617402,0.382598,0,0.960771,0.560248,0.439752,0,0.821545,0.502853,0.497147,0,0.698869,0.446382,0.553618,0,0.591281,0.391893,0.608107,0,0.497405,0.340279,0.659721,0,0.415939,0.292243,0.707757,0,0.345654,0.24828,0.75172,0,0.285391,0.208686,0.791314,0,0.234061,0.17357,0.82643,0,0.190639,0.142877,0.857123,0,0.154174,1.1e-05,9.3e-05,0.000416,0.001312,0.003251,0.006742,0.012172,0.019636,0.028847,0.039147,0.049615,0.059242,0.067115,0.072564,0.075239,0.075121,0.072478,0.067778,0.061595,0.054523,0.047106,0.039792,0.032919,0.026709,0.021279,0.016667,0.04721,8.7e-05,0.000638,0.002468,0.006693,0.014275,0.02549,0.039612,0.055009,0.069566,0.081265,0.088661,0.09113,0.088874,0.082716,0.073828,0.063454,0.052701,0.042424,0.033188,0.025289,0.018808,0.013677,0.00974,0.006802,0.004665,0.003146,0.005752,0.99806,0.00194,0.996749,0.003251,0.993498,0.006502,0.986755,0.013245,0.974583,0.025417,0.954947,0.045053,0.9261,0.0739,0.886953,0.113047,0.837338,0.162662,0.778097,0.221903,0.710981,0.289019,0.638417,0.361583,0.563178,0.436822,0.488057,0.511943,0.415579,0.584421,0.347801,0.652199,0.286206,0.713794,0.231683,0.768317,0.184577,0.815423,0.144785,0.855215,0.111865,0.888135,0.996766,0.003234,0.990073,0.009927,0.975798,0.024202,0.950308,0.049692,0.910696,0.089304,0.855687,0.144313,0.786121,0.213879,0.704855,0.295145,0.616195,0.383805,0.525065,0.474935,0.436191,0.563809,0.353475,0.646525,0.279646,0.720354,0.216193,0.783807,0.163492,0.836508,0.121068,0.878932,0.08788,0.91212,0.06259,0.93741,0.043782,0.956218,0.030105,0.969895,0.020366,0.979634,1,0.001942,1,0.003239,1,0.003256,1,0.009977,1,0.006523,1,0.0245,1,0.013333,1,0.050969,1,0.025746,1,0.093546,1,0.046099,1,0.155851,1,0.076773,1,0.240645,1,0.119963,1,0.349763,0,1.816081,1,0.484192,0,1.505515,1,0.644233,0,1.241263,0,0.57304,0,1.017264,0,0.436143,0,0.828229,0,0.328013,0,0.669542,0,0.243592,0,0.537134,0,0.178519,0,0.427406,0,0.129048,0,0.337161,0,0.091984,0,0.263553,0,0.064635,0,0.204048,0,0.044769,0,0.156402,0,0.030567,0,0.118632,0,0.020576
2554,2025/26,24,Motor Lublin,Górnik Zabrze,6.0,11.0,17.0,12.6907,14.6925,27.3832,0.053994,1,4860.5235,0.6163,0.5499,0.1922,0.4102,0.1691,0.0,0.0,0.0,1e-06,4e-06,1.3e-05,3.9e-05,0.000103,0.00024,0.00051,0.000997,0.00181,0.003078,0.004931,0.007486,0.01082,0.01495,0.019814,0.025272,0.031103,0.037028,0.042734,0.047905,0.052253,0.05555,0.057639,0.058451,0.058002,0.056384,0.05375,0.050295,0.046236,0.041792,0.03717,0.032554,0.028093,0.023903,0.020063,0.016623,0.013601,0.010996,0.008787,0.006944,0.005429,0.0042,0.003218,0.002441,0.001835,0.001367,0.001009,0.000739,0.00184,0.993206,0.006794,1,0.006817,0.988275,0.011725,1,0.011794,0.980789,0.019211,1,0.019398,0.969969,0.030031,1,0.030491,0.95502,0.04498,1,0.046023,0.935205,0.064795,0,2.736528,0.909933,0.090067,0,2.407199,0.878829,0.121171,0,2.110556,0.841801,0.158199,0,1.843902,0.799067,0.200933,0,1.604784,0.751163,0.248837,0,1.390955,0.698909,0.301091,0,1.200343,0.643359,0.356641,0,1.031027,0.58572,0.41428,0,0.881214,0.527269,0.472731,0,0.749229,0.469267,0.530733,0,0.633496,0.412883,0.587117,0,0.53253,0.359132,0.640868,0,0.444932,0.308837,0.691163,0,0.36938,0.262602,0.737398,0,0.304627,0.22081,0.77919,0,0.249501,0.18364,0.81636,0,0.2029,0.151086,0.848914,0,0.163797,0.122993,0.877007,0,0.13124,6.3e-05,0.000478,0.001895,0.005271,0.011531,0.021117,0.03366,0.047942,0.062186,0.074509,0.083375,0.087898,0.087922,0.08393,0.076835,0.067733,0.057699,0.04764,0.038225,0.029875,0.022789,0.016997,0.012415,0.008893,0.006256,0.004326,0.008464,2e-05,0.000164,0.000709,0.002146,0.005109,0.010179,0.017651,0.027352,0.0386,0.050316,0.061257,0.07026,0.07646,0.079409,0.07909,0.075854,0.0703,0.06315,0.055127,0.046874,0.038901,0.031566,0.025085,0.01955,0.014962,0.011257,0.028079,0.997488,0.002512,0.992217,0.007783,0.980686,0.019314,0.959569,0.040431,0.925909,0.074091,0.877967,0.122033,0.815781,0.184219,0.741272,0.258728,0.657897,0.342103,0.569999,0.430001,0.482077,0.517923,0.398147,0.601853,0.321312,0.678688,0.253579,0.746421,0.19588,0.80412,0.148241,0.851759,0.110015,0.889985,0.08014,0.91986,0.057351,0.942649,0.040355,0.959645,0.02794,0.97206,0.998534,0.001466,0.996388,0.003612,0.991279,0.008721,0.981101,0.018899,0.963449,0.036551,0.936097,0.063903,0.897497,0.102503,0.847181,0.152819,0.785924,0.214076,0.715665,0.284335,0.639205,0.360795,0.559795,0.440205,0.480705,0.519295,0.404851,0.595149,0.334551,0.665449,0.271401,0.728599,0.216274,0.783726,0.1694,0.8306,0.130498,0.869502,0.098932,0.901068,0.073847,0.926153,1,0.002515,1,0.001467,1,0.007813,1,0.003619,1,0.019503,1,0.008759,1,0.041271,1,0.01908,0,2.602461,1,0.037236,0,2.103464,1,0.066036,0,1.69163,1,0.108146,0,1.351978,1,0.165841,0,1.072643,1,0.240895,0,0.843968,0,1.257602,0,0.657929,0,1.019445,0,0.507742,0,0.820515,0,0.387594,0,0.655283,0,0.292465,0,0.518943,0,0.218007,0,0.407293,0,0.160452,0,0.316632,0,0.116551,0,0.243696,0,0.083534,0,0.185607,0,0.059061,0,0.139835,0,0.041192,0,0.104175,0,0.028338,0,0.076716
2555,2025/26,24,Radomiak Radom,GKS Katowice,15.0,9.0,24.0,15.8909,11.3983,27.2892,0.053994,1,4860.5235,0.6163,0.5499,0.1922,0.4102,0.1691,0.0,0.0,0.0,1e-06,4e-06,1.4e-05,4.3e-05,0.000111,0.000258,0.000545,0.00106,0.001915,0.00324,0.005165,0.007804,0.011227,0.015443,0.020382,0.025891,0.031742,0.03765,0.043301,0.04838,0.052609,0.055765,0.057705,0.05837,0.057786,0.056053,0.053329,0.049812,0.045718,0.041266,0.036658,0.032072,0.027653,0.023513,0.019727,0.016339,0.013367,0.010807,0.008638,0.00683,0.005343,0.004137,0.003172,0.002409,0.001813,0.001353,0.001001,0.000734,0.001843,0.992807,0.007193,1,0.007219,0.987642,0.012358,1,0.012435,0.979838,0.020162,1,0.020368,0.968611,0.031389,1,0.031892,0.953167,0.046833,1,0.047965,0.932785,0.067215,1,0.069581,0.906894,0.093106,1,0.09773,0.875151,0.124849,1,0.133358,0.837501,0.162499,1,0.177333,0.7942,0.2058,1,0.23042,0.74582,0.25418,1,0.293271,0.693211,0.306789,1,0.366421,0.637446,0.362554,0,1.014581,0.579741,0.420259,0,0.866884,0.521371,0.478629,0,0.73683,0.463585,0.536415,0,0.622848,0.407533,0.592467,0,0.52346,0.354204,0.645796,0,0.437272,0.304393,0.695607,0,0.36297,0.258674,0.741326,0,0.299315,0.217408,0.782592,0,0.245144,0.180751,0.819249,0,0.199367,0.148679,0.851321,0,0.160966,0.121026,0.878974,0,0.129,1e-05,8.9e-05,0.000401,0.001266,0.003146,0.006544,0.011847,0.019164,0.028232,0.038417,0.048824,0.058458,0.066409,0.071999,0.074857,0.074946,0.072508,0.067992,0.06196,0.054997,0.047646,0.040359,0.03348,0.027238,0.021761,0.017092,0.048848,0.000139,0.000979,0.003641,0.009489,0.019449,0.033373,0.049841,0.066515,0.080837,0.09075,0.095148,0.093985,0.088084,0.078785,0.067578,0.055817,0.04455,0.034465,0.025911,0.018974,0.013561,0.009477,0.006486,0.004353,0.002869,0.001859,0.003071,0.997991,0.002009,0.996725,0.003275,0.993578,0.006422,0.987034,0.012966,0.975187,0.024813,0.956022,0.043978,0.92779,0.07221,0.889373,0.110627,0.840549,0.159451,0.782092,0.217908,0.715683,0.284317,0.643684,0.356316,0.568827,0.431173,0.493881,0.506119,0.421373,0.578627,0.353381,0.646619,0.291421,0.708579,0.236424,0.763576,0.188778,0.811222,0.148419,0.851581,0.114939,0.885061,0.995226,0.004774,0.985737,0.014263,0.966289,0.033711,0.932915,0.067085,0.883074,0.116926,0.81656,0.18344,0.735722,0.264278,0.644972,0.355028,0.549824,0.450176,0.455839,0.544161,0.367755,0.632245,0.28897,0.71103,0.221392,0.778608,0.165576,0.834424,0.121025,0.878975,0.08656,0.91344,0.06065,0.93935,0.041676,0.958324,0.028115,0.971885,0.018638,0.981362,0.012153,0.987847,1,0.002011,1,0.004785,1,0.00328,1,0.014366,1,0.006443,1,0.034292,1,0.013051,1,0.069441,1,0.025126,1,0.124346,1,0.044974,1,0.202655,1,0.07495,1,0.306903,1,0.117239,0,1.035559,1,0.1737,0,0.798117,1,0.245783,0,0.60851,1,0.334518,0,0.458478,1,0.440547,0,0.341041,1,0.564179,0,0.250248,0,0.680983,0,0.181014,0,0.547097,0,0.128999,0,0.435998,0,0.090538,0,0.344494,0,0.062567,0,0.269743,0,0.042569,0,0.209214,0,0.028518,0,0.160661,0,0.018814,0,0.122099,0,0.012227
2556,2025/26,24,Korona Kielce,Bruk-Bet Termalica Nieciecza,10.0,17.0,27.0,15.9888,12.614,28.6028,0.053994,1,4860.5235,0.6163,0.5499,0.1922,0.4102,0.1691,0.0,0.0,0.0,0.0,2e-06,8e-06,2.3e-05,6.2e-05,0.000148,0.000323,0.000646,0.001201,0.002091,0.00343,0.005332,0.007891,0.011165,0.015155,0.019796,0.024955,0.030431,0.035978,0.041318,0.046175,0.050296,0.053476,0.055573,0.056515,0.056307,0.055017,0.05277,0.049729,0.046082,0.042021,0.037735,0.033391,0.029134,0.025079,0.021311,0.017885,0.014831,0.012158,0.009857,0.007906,0.006277,0.004934,0.003841,0.002963,0.002265,0.001716,0.00129,0.003514,0.995495,0.004505,1,0.004515,0.992065,0.007935,1,0.007967,0.986733,0.013267,1,0.013355,0.978842,0.021158,1,0.021385,0.967678,0.032322,1,0.032856,0.952523,0.047477,1,0.048641,0.932727,0.067273,1,0.069643,0.907772,0.092228,1,0.096762,0.877341,0.122659,1,0.13086,0.841363,0.158637,1,0.172732,0.800046,0.199954,1,0.223086,0.753871,0.246129,1,0.282534,0.703575,0.296425,1,0.351581,0.650099,0.349901,1,0.430631,0.594526,0.405474,1,0.519991,0.538011,0.461989,0,0.772214,0.481704,0.518296,0,0.657209,0.426687,0.573313,0,0.556324,0.373917,0.626083,0,0.468273,0.324188,0.675812,0,0.391841,0.278106,0.721894,0,0.325878,0.236085,0.763915,0,0.269299,0.19835,0.80165,0,0.221084,0.164959,0.835041,0,0.180275,1e-05,8.5e-05,0.000383,0.001213,0.003025,0.006312,0.011465,0.018607,0.027502,0.037547,0.047876,0.057512,0.065551,0.071303,0.07438,0.074714,0.072522,0.06823,0.062383,0.055556,0.048289,0.041039,0.034157,0.027881,0.022348,0.017611,0.050879,6.6e-05,0.000498,0.001969,0.005457,0.011896,0.021708,0.034476,0.048928,0.063237,0.075495,0.084176,0.088422,0.088128,0.083825,0.076463,0.067163,0.057007,0.0469,0.037496,0.0292,0.022194,0.016493,0.012004,0.008568,0.006005,0.004138,0.008017,0.9979,0.0021,0.996687,0.003313,0.993662,0.006338,0.98735,0.01265,0.975885,0.024115,0.957278,0.042722,0.929776,0.070224,0.892229,0.107771,0.844353,0.155647,0.786841,0.213159,0.72129,0.27871,0.649987,0.350013,0.575607,0.424393,0.500893,0.499107,0.428371,0.571629,0.360141,0.639859,0.297758,0.702242,0.242203,0.757797,0.193914,0.806086,0.152875,0.847125,0.118718,0.881282,0.997397,0.002603,0.991939,0.008061,0.980044,0.019956,0.958336,0.041664,0.92386,0.07614,0.874932,0.125068,0.811695,0.188305,0.7362,0.2638,0.652024,0.347976,0.563602,0.436398,0.475473,0.524527,0.391648,0.608352,0.315185,0.684815,0.248022,0.751978,0.191015,0.808985,0.144116,0.855884,0.10662,0.89338,0.07742,0.92258,0.055226,0.944774,0.038733,0.961267,0.026729,0.973271,1,0.002102,1,0.002606,1,0.003319,1,0.008094,1,0.006358,1,0.020158,1,0.012731,1,0.042557,1,0.024411,1,0.079195,1,0.043661,1,0.133609,1,0.072812,1,0.208631,1,0.114032,1,0.306253,0,1.860165,1,0.427674,0,1.545717,1,0.573407,0,1.277583,1,0.743445,0,1.049785,1,0.937392,0,0.857095,1,1.154596,0,0.694935,1,1.394238,0,0.559265,1,1.655403,0,0.446507,0,0.15562,0,0.353477,0,0.112743,0,0.27734,0,0.080581,0,0.215565,0,0.05681,0,0.165907,0,0.039503,0,0.126378,0,0.027093
2557,2025/26,24,Raków Częstochowa,Pogoń Szczecin,23.0,5.0,28.0,14.997,13.5993,28.5962,0.053994,1,4860.5235,0.6163,0.5499,0.1922,0.4102,0.1691,0.0,0.0,0.0,0.0,2e-06,7e-06,2.3e-05,6.1e-05,0.000146,0.000318,0.000637,0.001186,0.002069,0.003399,0.005291,0.007841,0.011108,0.015095,0.019739,0.024907,0.030399,0.035968,0.041334,0.04622,0.05037,0.053575,0.055692,0.056647,0.056444,0.055151,0.052893,0.049836,0.046167,0.042083,0.037772,0.033405,0.029127,0.025054,0.021271,0.017834,0.014774,0.012097,0.009795,0.007846,0.00622,0.004882,0.003794,0.002922,0.002229,0.001686,0.001265,0.003418,0.995551,0.004449,1,0.004459,0.992152,0.007848,1,0.007879,0.986862,0.013138,1,0.013226,0.979021,0.020979,1,0.021202,0.967913,0.032087,1,0.032613,0.952818,0.047182,1,0.048331,0.933079,0.066921,1,0.069265,0.908172,0.091828,1,0.096322,0.877772,0.122228,1,0.130368,0.841805,0.158195,1,0.172207,0.800471,0.199529,1,0.222555,0.754251,0.245749,1,0.28203,0.703881,0.296119,1,0.351146,0.650306,0.349694,1,0.430312,0.594614,0.405386,1,0.519842,0.537967,0.462033,1,0.619957,0.481524,0.518476,0,0.656861,0.426373,0.573627,0,0.555776,0.37348,0.62652,0,0.467574,0.323644,0.676356,0,0.391036,0.277476,0.722524,0,0.325005,0.235393,0.764607,0,0.268394,0.197621,0.802379,0,0.220174,0.164216,0.835784,0,0.179385,1.7e-05,0.00014,0.000613,0.001876,0.004515,0.009099,0.01596,0.025015,0.035706,0.047077,0.057969,0.067251,0.074024,0.077759,0.078334,0.075989,0.071232,0.064719,0.057144,0.049146,0.041253,0.033858,0.027214,0.021452,0.016606,0.012637,0.03265,3.7e-05,0.000292,0.001208,0.003498,0.007967,0.015194,0.025218,0.037401,0.050516,0.063025,0.073437,0.080616,0.083967,0.083464,0.079563,0.073033,0.064782,0.055696,0.046535,0.037871,0.030081,0.023362,0.017768,0.013254,0.009708,0.006991,0.015311,0.998487,0.001513,0.996611,0.003389,0.992096,0.007904,0.982997,0.017003,0.967037,0.032963,0.942021,0.057979,0.906316,0.093684,0.859239,0.140761,0.801269,0.198731,0.734019,0.265981,0.659995,0.340005,0.582236,0.417764,0.503902,0.496098,0.427913,0.572087,0.356681,0.643319,0.291962,0.708038,0.234818,0.765182,0.185672,0.814328,0.144418,0.855582,0.11056,0.88944,0.083346,0.916654,0.998259,0.001741,0.994761,0.005239,0.986793,0.013207,0.971599,0.028401,0.946381,0.053619,0.90898,0.09102,0.858463,0.141537,0.795438,0.204562,0.722001,0.277999,0.641385,0.358615,0.557418,0.442582,0.473953,0.526047,0.39439,0.60561,0.321357,0.678643,0.256575,0.743425,0.200879,0.799121,0.154344,0.845656,0.116473,0.883527,0.086393,0.913607,0.063031,0.936969,0.045263,0.954737,1,0.001514,1,0.001743,1,0.003395,1,0.005253,1,0.007935,1,0.013295,1,0.017149,0,3.561331,1,0.033519,0,2.925852,1,0.059728,0,2.396676,1,0.098367,0,1.955194,1,0.151708,0,1.586884,1,0.221559,0,1.280138,1,0.30922,0,1.025506,1,0.415523,0,0.81513,1,0.540879,0,0.642365,1,0.685373,0,0.501519,1,0.848835,0,0.38766,1,1.030913,0,0.296487,1,1.231132,0,0.224243,1,1.448945,0,0.167643,1,1.683774,0,0.123833,1,1.935043,0,0.090355,1,2.202197,0,0.065105,1,2.484755,0,0.046319
2558,2025/26,24,Piast Gliwice,Zagłębie Lubin,16.0,8.0,24.0,16.4165,12.2761,28.6925,0.053994,1,4860.5235,0.6163,0.5499,0.1922,0.4102,0.1691,0.0,0.0,0.0,0.0,2e-06,7e-06,2.3e-05,6.1e-05,0.000145,0.000315,0.000631,0.001175,0.002046,0.003359,0.005226,0.007742,0.010964,0.014896,0.019479,0.024583,0.030012,0.035525,0.04085,0.045713,0.049863,0.053092,0.055256,0.056281,0.056165,0.05497,0.052816,0.049862,0.04629,0.042292,0.038052,0.03374,0.029499,0.025448,0.021671,0.018228,0.01515,0.012449,0.010117,0.008135,0.006474,0.005102,0.003982,0.00308,0.002361,0.001794,0.001352,0.003723,0.995594,0.004406,1,0.004416,0.992234,0.007766,1,0.007796,0.987008,0.012992,1,0.013077,0.979266,0.020734,1,0.020952,0.968303,0.031697,1,0.03221,0.953406,0.046594,1,0.047714,0.933927,0.066073,1,0.068357,0.909344,0.090656,1,0.095031,0.879332,0.120668,1,0.128592,0.843807,0.156193,1,0.169831,0.802957,0.197043,1,0.219454,0.757244,0.242756,1,0.27807,0.707381,0.292619,0,1.228884,0.654289,0.345711,0,1.062152,0.599033,0.400967,0,0.913875,0.542751,0.457249,0,0.782528,0.486586,0.513414,0,0.666674,0.431616,0.568384,0,0.564959,0.3788,0.6212,0,0.476102,0.328938,0.671062,0,0.398894,0.282648,0.717352,0,0.332189,0.240356,0.759644,0,0.274906,0.202304,0.797696,0,0.226028,0.168565,0.831435,0,0.184602,8e-06,6.8e-05,0.000314,0.001008,0.002547,0.005391,0.009931,0.016346,0.024502,0.033927,0.043872,0.05345,0.061786,0.06816,0.07211,0.07346,0.072317,0.069002,0.063983,0.057789,0.050942,0.043908,0.037063,0.030682,0.024942,0.019933,0.060354,8.1e-05,0.0006,0.002333,0.006362,0.013644,0.024497,0.03828,0.053451,0.067969,0.079838,0.087584,0.090521,0.088766,0.083072,0.074555,0.064432,0.053808,0.043555,0.034261,0.026251,0.019631,0.014354,0.010278,0.007218,0.004978,0.003375,0.006261,0.997405,0.002595,0.996398,0.003602,0.99385,0.00615,0.988459,0.011541,0.978528,0.021472,0.962182,0.037818,0.93768,0.06232,0.903753,0.096247,0.859881,0.140119,0.80643,0.19357,0.744644,0.255356,0.676484,0.323516,0.604374,0.395626,0.530914,0.469086,0.458597,0.541403,0.389595,0.610405,0.325612,0.674388,0.267823,0.732177,0.216881,0.783119,0.172973,0.827027,0.135911,0.864089,0.996939,0.003061,0.990577,0.009423,0.976933,0.023067,0.952436,0.047564,0.914156,0.085844,0.860705,0.139295,0.792736,0.207264,0.712897,0.287103,0.625313,0.374687,0.534793,0.465207,0.446027,0.553973,0.362955,0.637045,0.2884,0.7116,0.223968,0.776032,0.17016,0.82984,0.126606,0.873394,0.092345,0.907655,0.066094,0.933906,0.046464,0.953536,0.03211,0.96789,0.021832,0.978168,1,0.002598,1,0.003066,1,0.003609,1,0.009468,1,0.006169,1,0.023337,1,0.011608,1,0.048732,1,0.021706,1,0.089754,1,0.038552,1,0.150003,1,0.064347,0,1.573762,1,0.101199,0,1.247914,1,0.150961,0,0.981664,1,0.215138,0,0.765273,1,0.294849,0,0.590639,1,0.390846,0,0.450915,1,0.503562,0,0.340239,1,0.633155,0,0.253562,0,0.613591,0,0.186522,0,0.493633,0,0.135369,0,0.39395,0,0.096891,0,0.311733,0,0.068379,0,0.244471,0,0.047578,0,0.189918,0,0.032637,0,0.14608,0,0.022074
2559,2025/26,24,Widzew Łódź,Lech Poznań,11.0,12.0,23.0,14.1964,13.9739,28.1703,0.053994,1,4860.5235,0.6163,0.5499,0.1922,0.4102,0.1691,0.0,0.0,0.0,1e-06,3e-06,9e-06,2.7e-05,7.3e-05,0.000173,0.000373,0.000742,0.001371,0.002371,0.003864,0.005967,0.008771,0.012323,0.016609,0.021541,0.026957,0.032629,0.038286,0.043634,0.048385,0.05229,0.055153,0.056851,0.057341,0.056654,0.05489,0.052198,0.048764,0.044791,0.040481,0.036024,0.031587,0.027306,0.023285,0.019599,0.016291,0.013378,0.01086,0.008717,0.006922,0.005439,0.004232,0.00326,0.002488,0.001882,0.001411,0.001049,0.002748,0.994857,0.005143,1,0.005156,0.990993,0.009007,1,0.009048,0.985026,0.014974,1,0.015087,0.976255,0.023745,1,0.024031,0.963932,0.036068,1,0.036734,0.947323,0.052677,1,0.054115,0.925782,0.074218,1,0.077117,0.898825,0.101175,1,0.106667,0.866196,0.133804,1,0.143644,0.82791,0.17209,1,0.188851,0.784276,0.215724,1,0.242994,0.735891,0.264109,0,1.331393,0.683601,0.316399,0,1.150751,0.628449,0.371551,0,0.990068,0.571598,0.428402,0,0.847692,0.514257,0.485743,0,0.722075,0.457602,0.542398,0,0.611756,0.402713,0.597287,0,0.515357,0.350515,0.649485,0,0.431575,0.301751,0.698249,0,0.35918,0.25696,0.74304,0,0.297006,0.216479,0.783521,0,0.243958,0.180455,0.819545,0,0.199006,0.148869,0.851131,0,0.161189,2.6e-05,0.000213,0.000902,0.002677,0.006249,0.012213,0.020775,0.031577,0.04371,0.055889,0.06674,0.075086,0.080151,0.081651,0.079769,0.075042,0.068218,0.060108,0.051469,0.042928,0.034945,0.027814,0.02168,0.016574,0.012442,0.009182,0.021606,3e-05,0.000239,0.001005,0.002957,0.006841,0.013251,0.022338,0.03365,0.046163,0.058498,0.069232,0.077193,0.081664,0.08245,0.079829,0.074428,0.067056,0.058556,0.049692,0.041075,0.033138,0.02614,0.020194,0.015299,0.011382,0.008325,0.019077,0.998493,0.001507,0.995817,0.004183,0.989567,0.010433,0.977354,0.022646,0.956579,0.043421,0.925002,0.074998,0.881292,0.118708,0.825404,0.174596,0.758663,0.241337,0.683578,0.316422,0.603427,0.396573,0.521776,0.478224,0.442007,0.557993,0.366965,0.633035,0.298747,0.701253,0.238639,0.761361,0.18717,0.81283,0.144242,0.855758,0.109297,0.890703,0.081484,0.918516,0.059803,0.940197,0.99843,0.00157,0.995473,0.004527,0.988632,0.011368,0.975381,0.024619,0.953043,0.046957,0.919394,0.080606,0.873231,0.126769,0.814733,0.185267,0.745501,0.254499,0.668308,0.331692,0.586644,0.413356,0.504194,0.495806,0.424365,0.575635,0.349937,0.650063,0.282881,0.717119,0.224325,0.775675,0.174632,0.825368,0.133557,0.866443,0.100419,0.899581,0.074278,0.925722,0.054084,0.945916,1,0.001508,1,0.001571,1,0.004192,1,0.004537,1,0.010488,1,0.011433,1,0.022906,1,0.024927,1,0.044392,1,0.048095,1,0.077959,1,0.084041,1,0.126366,1,0.135555,1,0.191882,1,0.204895,1,0.276198,1,0.293699,0,1.150679,1,0.403006,0,0.924895,0,0.883446,0,0.737676,0,0.701571,0,0.583409,0,0.552281,0,0.45723,0,0.430686,0,0.354887,0,0.332513,0,0.272648,0,0.254022,0,0.207233,0,0.191926,0,0.155768,0,0.143359,0,0.115744,0,0.105826,0,0.084996,0,0.077181,0,0.061666,0,0.055602
2560,2025/26,25,Arka Gdynia,Widzew Łódź,10.0,10.0,20.0,12.8181,13.0431,25.8612,0.053847,1,4911.6098,0.6229,0.5549,0.186,0.4087,0.174,0.0,0.0,0.0,2e-06,8e-06,2.7e-05,7.7e-05,0.000194,0.00044,0.000905,0.001714,0.003016,0.004966,0.007705,0.011328,0.015853,0.021207,0.027211,0.033596,0.040022,0.046115,0.051507,0.055875,0.058975,0.060663,0.060898,0.059745,0.057351,0.053928,0.049724,0.044999,0.040006,0.034968,0.030074,0.025467,0.021248,0.017478,0.014182,0.011358,0.008983,0.007019,0.005421,0.00414,0.003128,0.002338,0.001731,0.001269,0.000921,0.000663,0.000473,0.000334,0.000745,0.988652,0.011348,1,0.011413,0.980946,0.019054,1,0.019238,0.969618,0.030382,1,0.030853,0.953765,0.046235,1,0.047338,0.932558,0.067442,1,0.069824,0.905347,0.094653,1,0.099437,0.871751,0.128249,1,0.137252,0.831728,0.168272,1,0.184249,0.785613,0.214387,0,1.539973,0.734106,0.265894,0,1.324658,0.678231,0.321769,0,1.133922,0.619256,0.380744,0,0.965628,0.558593,0.441407,0,0.817788,0.497695,0.502305,0,0.688547,0.437949,0.562051,0,0.576163,0.380598,0.619402,0,0.479001,0.32667,0.67333,0,0.39552,0.276947,0.723053,0,0.324272,0.231947,0.768053,0,0.263897,0.191941,0.808059,0,0.213121,0.156973,0.843027,0,0.170756,0.126899,0.873101,0,0.135704,0.101432,0.898568,0,0.106953,0.080184,0.919816,0,0.083581,5.8e-05,0.000443,0.001772,0.004961,0.010924,0.020138,0.032307,0.046309,0.060446,0.072875,0.08205,0.087028,0.087576,0.0841,0.077447,0.068673,0.05884,0.048863,0.039432,0.030994,0.023776,0.017833,0.013099,0.009435,0.006674,0.004641,0.009214,5.1e-05,0.000392,0.001584,0.00448,0.009968,0.018565,0.03009,0.043576,0.057465,0.069996,0.07962,0.085321,0.086745,0.084161,0.078301,0.070147,0.060723,0.050947,0.041537,0.032985,0.025565,0.019373,0.014376,0.010462,0.007477,0.005253,0.010727,0.997639,0.002361,0.992679,0.007321,0.981754,0.018246,0.961616,0.038384,0.929309,0.070691,0.882999,0.117001,0.822553,0.177447,0.749677,0.250323,0.667627,0.332373,0.5806,0.4194,0.493024,0.506976,0.408923,0.591077,0.331477,0.668523,0.262804,0.737196,0.203963,0.796037,0.1551,0.8449,0.115668,0.884332,0.084673,0.915327,0.060897,0.939103,0.043064,0.956936,0.029965,0.970035,0.997861,0.002139,0.99338,0.00662,0.983412,0.016588,0.964847,0.035153,0.934757,0.065243,0.891181,0.108819,0.833716,0.166284,0.76372,0.23628,0.6841,0.3159,0.598778,0.401222,0.512034,0.487966,0.427873,0.572127,0.349572,0.650428,0.279425,0.720575,0.218702,0.781298,0.167755,0.832245,0.126218,0.873782,0.093233,0.906767,0.067668,0.932332,0.048295,0.951705,0.033919,0.966081,1,0.002364,1,0.002141,1,0.007348,1,0.006642,1,0.018415,1,0.016727,1,0.03914,1,0.035786,1,0.073314,1,0.067469,1,0.124431,1,0.115208,1,0.195342,1,0.181862,1,0.288113,1,0.269554,0,1.101497,0,1.15233,0,0.86893,0,0.91324,0,0.679292,0,0.71751,0,0.525809,0,0.558394,0,0.402684,0,0.430125,0,0.304901,0,0.327706,0,0.22811,0,0.246799,0,0.168537,0,0.183628,0,0.122923,0,0.134924,0,0.088474,0,0.09787,0,0.06283,0,0.070066,0,0.044019,0,0.0495,0,0.030423,0,0.034508
2561,2025/26,25,Bruk-Bet Termalica Nieciecza,Motor Lublin,20.0,11.0,31.0,15.1644,12.2989,27.4634,0.053847,1,4911.6098,0.6229,0.5549,0.186,0.4087,0.174,0.0,0.0,0.0,1e-06,4e-06,1.3e-05,3.8e-05,0.0001,0.000233,0.000496,0.000971,0.001765,0.003006,0.004823,0.007333,0.010613,0.014685,0.019491,0.024896,0.030685,0.036584,0.042284,0.047472,0.051861,0.055218,0.057384,0.058285,0.057931,0.056406,0.05386,0.050483,0.046487,0.042092,0.037503,0.032904,0.028446,0.024248,0.020391,0.016926,0.013876,0.01124,0.009,0.007126,0.005583,0.004329,0.003323,0.002526,0.001903,0.00142,0.001051,0.000771,0.001936,0.993374,0.006626,1,0.006648,0.988551,0.011449,1,0.011515,0.981218,0.018782,1,0.01896,0.970605,0.029395,1,0.029836,0.95592,0.04408,1,0.045081,0.936429,0.063571,1,0.065681,0.911533,0.088467,1,0.092627,0.880848,0.119152,1,0.12687,0.844264,0.155736,1,0.16929,0.80198,0.19802,1,0.220671,0.754508,0.245492,1,0.281689,0.702648,0.297352,1,0.3529,0.64743,0.35257,1,0.434744,0.590046,0.409954,1,0.527554,0.531761,0.468239,1,0.631561,0.473831,0.526169,1,0.746905,0.417424,0.582576,1,0.873652,0.363564,0.636436,1,1.0118,0.313081,0.686919,1,1.161293,0.266594,0.733406,0,0.310056,0.224502,0.775498,0,0.25425,0.186999,0.813001,0,0.207023,0.154095,0.845905,0,0.167349,0.125649,0.874351,0,0.134273,1.5e-05,0.000128,0.000563,0.001735,0.004205,0.008533,0.015068,0.023775,0.034161,0.045335,0.056185,0.065599,0.072664,0.076811,0.077862,0.075998,0.071678,0.065522,0.058204,0.050359,0.042524,0.035109,0.028386,0.022508,0.017525,0.013414,0.035286,8e-05,0.00059,0.002299,0.006279,0.013492,0.024265,0.037978,0.053112,0.067637,0.079557,0.08739,0.090433,0.088786,0.083184,0.074736,0.064655,0.054048,0.04379,0.034477,0.026439,0.019788,0.01448,0.010376,0.007292,0.005032,0.003414,0.006344,0.998446,0.001554,0.996712,0.003288,0.992507,0.007493,0.983974,0.016026,0.968906,0.031094,0.94513,0.05487,0.91097,0.08903,0.865635,0.134365,0.80945,0.19055,0.743851,0.256149,0.671188,0.328812,0.594376,0.405624,0.516515,0.483485,0.440516,0.559484,0.368838,0.631162,0.303316,0.696684,0.245112,0.754888,0.194753,0.805247,0.152229,0.847771,0.11712,0.88288,0.088733,0.911267,0.996985,0.003015,0.990705,0.009295,0.977214,0.022786,0.952949,0.047051,0.91497,0.08503,0.861858,0.138142,0.794221,0.205779,0.714664,0.285336,0.627274,0.372726,0.536841,0.463159,0.448055,0.551945,0.364871,0.635129,0.290135,0.709865,0.22548,0.77452,0.171432,0.828568,0.127642,0.872358,0.093166,0.906834,0.066727,0.933273,0.046939,0.953061,0.03246,0.96754,0.022083,0.977917,1,0.001555,1,0.00302,1,0.003293,1,0.009338,1,0.007521,1,0.02305,1,0.016156,1,0.048194,1,0.031588,1,0.088864,1,0.056433,1,0.148665,1,0.093245,1,0.230394,1,0.144292,1,0.335943,1,0.2114,1,0.466372,1,0.295915,0,0.769685,1,0.398706,0,0.594307,1,0.520243,0,0.453927,1,0.660651,0,0.34268,1,0.819809,0,0.255512,1,0.997398,0,0.188056,1,1.19298,0,0.136555,1,1.40604,0,0.097796,1,1.636023,0,0.069058,0,0.165145,0,0.048076,0,0.124566,0,0.032999,0,0.092919,0,0.02233
2562,2025/26,25,Zagłębie Lubin,Lech Poznań,14.0,15.0,29.0,12.7774,14.6699,27.4473,0.053847,1,4911.6098,0.6229,0.5549,0.186,0.4087,0.174,0.0,0.0,0.0,1e-06,4e-06,1.3e-05,3.8e-05,9.9e-05,0.000232,0.000494,0.000969,0.001763,0.003003,0.004821,0.007333,0.010619,0.014698,0.019514,0.024932,0.030736,0.03665,0.042365,0.047565,0.051962,0.055322,0.057486,0.058379,0.058011,0.056469,0.053903,0.050503,0.046486,0.04207,0.037464,0.03285,0.028382,0.024176,0.020315,0.01685,0.013802,0.011169,0.008935,0.007068,0.005531,0.004284,0.003285,0.002494,0.001876,0.001399,0.001034,0.000757,0.001891,0.993384,0.006616,1,0.006638,0.988563,0.011437,1,0.011503,0.98123,0.01877,1,0.018949,0.970611,0.029389,1,0.02983,0.955913,0.044087,1,0.045088,0.936399,0.063601,1,0.065714,0.911467,0.088533,1,0.0927,0.880731,0.119269,1,0.127003,0.84408,0.15592,1,0.169507,0.801715,0.198285,1,0.221002,0.754151,0.245849,1,0.282163,0.702189,0.297811,1,0.353553,0.646867,0.353133,1,0.435614,0.589382,0.410618,1,0.528681,0.531003,0.468997,1,0.632987,0.472992,0.527008,1,0.748676,0.416523,0.583477,1,0.875813,0.362621,0.637379,0,0.450391,0.312118,0.687882,0,0.374138,0.265632,0.734368,0,0.308745,0.223561,0.776439,0,0.253037,0.186097,0.813903,0,0.205915,0.153247,0.846753,0,0.166347,0.124866,0.875134,0,0.133378,6e-05,0.000453,0.001808,0.005053,0.011107,0.020436,0.032723,0.046818,0.060995,0.073398,0.082483,0.087323,0.087708,0.084068,0.077272,0.068389,0.058487,0.048478,0.039048,0.030634,0.023456,0.01756,0.012874,0.009256,0.006535,0.004536,0.008959,2e-05,0.000165,0.000714,0.00216,0.00514,0.010239,0.017752,0.0275,0.038792,0.050543,0.061499,0.070495,0.076665,0.079564,0.079183,0.07588,0.070263,0.063058,0.054995,0.046715,0.038729,0.031393,0.024919,0.019399,0.014829,0.011144,0.027689,0.997595,0.002405,0.992542,0.007458,0.981436,0.018564,0.960999,0.039001,0.928276,0.071724,0.881458,0.118542,0.820464,0.179536,0.747065,0.252935,0.664582,0.335418,0.577259,0.422741,0.489551,0.510449,0.405483,0.594517,0.328212,0.671788,0.259823,0.740177,0.201336,0.798664,0.152857,0.847143,0.11381,0.88619,0.083175,0.916825,0.059719,0.940281,0.042159,0.957841,0.029285,0.970715,0.998544,0.001456,0.996385,0.003615,0.991245,0.008755,0.981006,0.018994,0.963254,0.036746,0.935754,0.064246,0.896962,0.103038,0.846419,0.153581,0.78492,0.21508,0.714425,0.285575,0.63776,0.36224,0.558196,0.441804,0.479013,0.520987,0.403133,0.596867,0.33287,0.66713,0.269812,0.730188,0.214817,0.785183,0.168102,0.831898,0.129374,0.870626,0.097981,0.902019,0.073061,0.926939,1,0.002408,1,0.001457,1,0.007486,1,0.003622,1,0.018738,1,0.008794,1,0.039782,1,0.019177,1,0.074426,1,0.037438,1,0.126178,1,0.066403,1,0.197885,1,0.108742,1,0.291603,1,0.166741,1,0.408597,1,0.242173,1,0.549464,1,0.336277,1,0.714267,1,0.449793,1,0.902676,1,0.583045,0,0.397812,1,0.736028,0,0.300866,0,0.516061,0,0.224815,0,0.40477,0,0.165886,0,0.314453,0,0.120824,0,0.241838,0,0.086839,0,0.184045,0,0.061577,0,0.138543,0,0.043073,0,0.10312,0,0.029722,0,0.075868
2563,2025/26,25,Górnik Zabrze,Raków Częstochowa,13.0,15.0,28.0,15.2898,12.6595,27.9493,0.053847,1,4911.6098,0.6229,0.5549,0.186,0.4087,0.174,0.0,0.0,0.0,1e-06,3e-06,1e-05,3.1e-05,8.1e-05,0.000191,0.00041,0.000811,0.00149,0.002563,0.004155,0.006383,0.009334,0.013048,0.017496,0.022578,0.028113,0.03386,0.039536,0.044839,0.049483,0.053221,0.05587,0.057321,0.057548,0.056599,0.054588,0.051678,0.048065,0.043956,0.039555,0.03505,0.030604,0.026346,0.022375,0.018757,0.015529,0.012702,0.010271,0.008213,0.006497,0.005087,0.003943,0.003027,0.002302,0.001735,0.001296,0.000961,0.00249,0.994411,0.005589,1,0.005605,0.990255,0.009745,1,0.009793,0.983873,0.016127,1,0.016259,0.974539,0.025461,1,0.025791,0.961491,0.038509,1,0.03927,0.943995,0.056005,1,0.057635,0.921417,0.078583,1,0.081843,0.893304,0.106696,1,0.112828,0.859444,0.140556,1,0.15147,0.819908,0.180092,1,0.198564,0.775069,0.224931,1,0.254804,0.725586,0.274414,1,0.320776,0.672365,0.327635,1,0.396954,0.616495,0.383505,1,0.483704,0.559174,0.440826,1,0.581294,0.501626,0.498374,1,0.6899,0.445027,0.554973,0,0.588837,0.39044,0.60956,0,0.495017,0.338761,0.661239,0,0.41364,0.290696,0.709304,0,0.343471,0.246739,0.753261,0,0.283344,0.207184,0.792816,0,0.232164,0.172133,0.827867,0,0.188903,0.14153,0.85847,0,0.152603,1.4e-05,0.00012,0.00053,0.001641,0.003997,0.008147,0.014452,0.022906,0.033061,0.044075,0.054872,0.064356,0.071611,0.076041,0.077431,0.07592,0.071929,0.06605,0.058939,0.051226,0.043453,0.036038,0.02927,0.023314,0.018235,0.014021,0.037412,6.4e-05,0.000483,0.001918,0.005331,0.011653,0.021323,0.033955,0.048314,0.062599,0.074915,0.083726,0.088152,0.088055,0.083938,0.076729,0.067536,0.05744,0.04735,0.03793,0.029594,0.022535,0.016778,0.012233,0.008747,0.006141,0.004239,0.008249,0.998397,0.001603,0.996755,0.003245,0.992759,0.007241,0.984612,0.015388,0.97016,0.02984,0.947253,0.052747,0.914192,0.085808,0.870117,0.129883,0.815245,0.184755,0.750889,0.249111,0.679279,0.320721,0.603238,0.396762,0.525807,0.474193,0.449887,0.550113,0.377957,0.622043,0.311907,0.688093,0.252968,0.747032,0.201742,0.798258,0.15829,0.84171,0.122252,0.877748,0.092982,0.907018,0.997462,0.002538,0.992131,0.007869,0.980478,0.019522,0.959156,0.040844,0.9252,0.0748,0.876886,0.123114,0.814287,0.185713,0.739372,0.260628,0.655645,0.344355,0.567493,0.432507,0.479438,0.520562,0.3955,0.6045,0.318771,0.681229,0.251236,0.748764,0.193795,0.806205,0.146446,0.853554,0.108516,0.891484,0.078923,0.921077,0.056388,0.943612,0.03961,0.96039,0.027377,0.972623,1,0.001604,1,0.002541,1,0.00325,1,0.0079,1,0.007267,1,0.019715,1,0.015508,1,0.041702,1,0.030294,1,0.077745,1,0.054189,1,0.131378,1,0.089715,1,0.205442,1,0.139128,1,0.301954,1,0.204267,1,0.422136,1,0.286497,1,0.566527,1,0.386723,1,0.735141,0,0.924419,1,0.927604,0,0.746141,1,1.143282,0,0.597632,0,0.289331,0,0.474746,0,0.215417,0,0.373831,0,0.158346,0,0.291647,0,0.114868,0,0.225323,0,0.082212,0,0.17232,0,0.05804,0,0.130396,0,0.040416,0,0.097593,0,0.027759
2564,2025/26,25,Radomiak Radom,Legia Warszawa,7.0,12.0,19.0,13.1265,11.7482,24.8747,0.053847,1,4911.6098,0.6229,0.5549,0.186,0.4087,0.174,0.0,0.0,1e-06,3e-06,1.3e-05,4.3e-05,0.000121,0.000298,0.000659,0.001326,0.002452,0.004214,0.006777,0.010272,0.014751,0.020166,0.026351,0.033031,0.039841,0.046367,0.052196,0.056958,0.060369,0.062256,0.06257,0.061376,0.058837,0.05519,0.050712,0.045694,0.040411,0.035111,0.029993,0.02521,0.020865,0.017015,0.01368,0.01085,0.008494,0.006566,0.005015,0.003787,0.002827,0.002088,0.001526,0.001104,0.000791,0.000562,0.000395,0.000276,0.000191,0.000397,0.984093,0.015907,1,0.016035,0.973821,0.026179,1,0.026528,0.95907,0.04093,1,0.041791,0.938904,0.061096,1,0.063042,0.912553,0.087447,1,0.09151,0.879522,0.120478,1,0.128377,0.839681,0.160319,1,0.174733,0.793314,0.206686,0,1.576554,0.741118,0.258882,0,1.351383,0.68416,0.31584,0,1.152521,0.623792,0.376208,0,0.977613,0.561535,0.438465,0,0.824476,0.498965,0.501035,0,0.691079,0.437589,0.562411,0,0.575523,0.378752,0.621248,0,0.476025,0.323562,0.676438,0,0.390914,0.272849,0.727151,0,0.318622,0.227156,0.772844,0,0.257678,0.186744,0.813256,0,0.20671,0.151634,0.848366,0,0.164443,0.12164,0.87836,0,0.129699,0.09643,0.90357,0,0.101401,0.075565,0.924435,0,0.078572,0.058549,0.941451,0,0.060333,4.9e-05,0.000375,0.001519,0.004314,0.009635,0.018012,0.029303,0.042596,0.056383,0.068935,0.078707,0.084659,0.086393,0.084134,0.07857,0.070651,0.061389,0.051698,0.042308,0.033723,0.026235,0.019954,0.014863,0.010857,0.007788,0.005492,0.011333,0.000111,0.000801,0.003037,0.00807,0.016863,0.029496,0.0449,0.06107,0.075638,0.086529,0.092442,0.093037,0.088837,0.080949,0.070734,0.059514,0.048386,0.038127,0.029195,0.021774,0.01585,0.01128,0.007862,0.005374,0.003607,0.00238,0.004114,0.997934,0.002066,0.993619,0.006381,0.983984,0.016016,0.965972,0.034028,0.936669,0.063331,0.894073,0.105927,0.83769,0.16231,0.768755,0.231245,0.690048,0.309952,0.605389,0.394611,0.518996,0.481004,0.434862,0.565138,0.356292,0.643708,0.285641,0.714359,0.224252,0.775748,0.172554,0.827446,0.130247,0.869753,0.096523,0.903477,0.070289,0.929711,0.050334,0.949666,0.035471,0.964529,0.996027,0.003973,0.987957,0.012043,0.971094,0.028906,0.941598,0.058402,0.896697,0.103303,0.835627,0.164373,0.759989,0.240011,0.67346,0.32654,0.581018,0.418982,0.487982,0.512018,0.399145,0.600855,0.318196,0.681804,0.247462,0.752538,0.187948,0.812052,0.139563,0.860437,0.101436,0.898564,0.07224,0.92776,0.050466,0.949534,0.034616,0.965384,0.023336,0.976664,0.015474,0.984526,1,0.002068,1,0.003981,1,0.006401,1,0.012116,1,0.016146,1,0.029332,1,0.03462,1,0.060177,1,0.065425,1,0.109037,0,2.245005,1,0.179573,0,1.818247,1,0.274451,0,1.464278,1,0.395327,0,1.171338,1,0.542974,0,0.929855,1,0.717477,0,0.73188,0,0.509402,0,0.570685,0,0.383013,0,0.44051,0,0.284304,0,0.33637,0,0.208191,0,0.253928,0,0.150315,0,0.189411,0,0.106957,0,0.139546,0,0.074982,0,0.101505,0,0.051784,0,0.072881,0,0.035229,0,0.051645,0,0.023613,0,0.036115,0,0.015595
2565,2025/26,25,Pogoń Szczecin,Korona Kielce,23.0,5.0,28.0,16.3087,13.0196,29.3283,0.053847,1,4911.6098,0.6229,0.5549,0.186,0.4087,0.174,0.0,0.0,0.0,0.0,1e-06,5e-06,1.7e-05,4.5e-05,0.00011,0.000242,0.000492,0.000928,0.00164,0.00273,0.004307,0.006469,0.009287,0.012791,0.016952,0.021681,0.026822,0.032169,0.037477,0.042484,0.046939,0.05062,0.053354,0.05503,0.055604,0.055098,0.053592,0.051214,0.048123,0.044496,0.040515,0.03635,0.032156,0.028064,0.024177,0.020569,0.017292,0.01437,0.011809,0.009602,0.007727,0.006156,0.004858,0.003798,0.002942,0.00226,0.001721,0.004916,0.996519,0.003481,1,0.003487,0.993788,0.006212,1,0.006231,0.989481,0.010519,1,0.010575,0.983012,0.016988,1,0.017134,0.973726,0.026274,1,0.026626,0.960935,0.039065,1,0.039848,0.943983,0.056017,1,0.057647,0.922302,0.077698,1,0.080882,0.89548,0.10452,1,0.110395,0.863311,0.136689,1,0.146981,0.825834,0.174166,1,0.191361,0.78335,0.21665,1,0.244176,0.736411,0.263589,1,0.305967,0.68579,0.31421,1,0.377183,0.632436,0.367564,1,0.458176,0.577406,0.422594,1,0.549209,0.521802,0.478198,0,0.737731,0.466705,0.533295,0,0.62868,0.413112,0.586888,0,0.532922,0.361899,0.638101,0,0.449258,0.313776,0.686224,0,0.376551,0.269279,0.730721,0,0.313724,0.228765,0.771235,0,0.259762,0.192415,0.807585,0,0.213707,8e-06,7.2e-05,0.000328,0.001051,0.00265,0.005592,0.010272,0.016859,0.025197,0.034782,0.044839,0.054455,0.062744,0.068989,0.072743,0.073854,0.072455,0.068893,0.063657,0.05729,0.050321,0.043215,0.036344,0.029976,0.024277,0.019329,0.057776,5.2e-05,0.000397,0.001602,0.004528,0.010064,0.018724,0.030315,0.043855,0.057773,0.070295,0.079877,0.085505,0.086839,0.084163,0.078221,0.070001,0.060532,0.050733,0.041319,0.032777,0.025377,0.01921,0.01424,0.010352,0.00739,0.005186,0.010561,0.997561,0.002439,0.99651,0.00349,0.99386,0.00614,0.988268,0.011732,0.977996,0.022004,0.961136,0.038864,0.93594,0.06406,0.901157,0.098843,0.856318,0.143682,0.801863,0.198137,0.739119,0.260881,0.67013,0.32987,0.597387,0.402613,0.523533,0.476467,0.451078,0.548922,0.382185,0.617815,0.318528,0.681472,0.261238,0.738762,0.210917,0.789083,0.167702,0.832298,0.131358,0.868642,0.997839,0.002161,0.993311,0.006689,0.983247,0.016753,0.964523,0.035477,0.934208,0.065792,0.890353,0.109647,0.83258,0.16742,0.762285,0.237715,0.682408,0.317592,0.596903,0.403097,0.510064,0.489936,0.4259,0.5741,0.347679,0.652321,0.277679,0.722321,0.217146,0.782854,0.166413,0.833587,0.125094,0.874906,0.092317,0.907683,0.06694,0.93306,0.04773,0.95227,0.03349,0.96651,1,0.002442,1,0.002163,1,0.003496,1,0.006711,1,0.006159,1,0.016895,1,0.011801,0,3.338871,1,0.02225,0,2.721257,1,0.039639,0,2.210489,1,0.066204,0,1.78725,1,0.104076,0,1.436683,1,0.155113,0,1.146988,1,0.220818,0,0.908578,1,0.302296,0,0.713481,1,0.400284,0,0.554952,1,0.51519,0,0.427219,1,0.647155,0,0.325286,1,0.796115,0,0.244809,1,0.96185,0,0.182017,1,1.144045,0,0.133639,1,1.342323,0,0.09686,1,1.556291,0,0.069286,1,1.785567,0,0.048907,1,2.029829,0,0.034064
2566,2025/26,25,Cracovia,Wisła Płock,28.0,4.0,32.0,13.6755,10.8637,24.5392,0.053847,1,4911.6098,0.6229,0.5549,0.186,0.4087,0.174,0.0,0.0,1e-06,4e-06,1.6e-05,5.1e-05,0.000143,0.000349,0.000765,0.001524,0.002792,0.004751,0.007569,0.011364,0.016168,0.0219,0.028358,0.035227,0.042111,0.048579,0.05421,0.058646,0.06163,0.063022,0.062813,0.061108,0.058104,0.054064,0.049283,0.044058,0.038663,0.033334,0.02826,0.023576,0.019369,0.01568,0.012516,0.009856,0.007662,0.005882,0.004462,0.003346,0.002482,0.001821,0.001322,0.000951,0.000677,0.000478,0.000334,0.000232,0.000159,0.000326,0.982036,0.017964,1,0.018128,0.970672,0.029328,1,0.029767,0.954504,0.045496,1,0.046564,0.932603,0.067397,1,0.069775,0.904246,0.095754,1,0.100654,0.869019,0.130981,1,0.14039,0.826908,0.173092,1,0.190062,0.778329,0.221671,1,0.250606,0.724119,0.275881,1,0.3228,0.665472,0.334528,1,0.407258,0.603843,0.396157,1,0.504442,0.54082,0.45918,1,0.614668,0.478007,0.521993,1,0.73813,0.416899,0.583101,1,0.87491,0.358796,0.641204,1,1.025002,0.304731,0.695269,1,1.188325,0.255448,0.744552,1,1.364736,0.21139,0.78861,1,1.55405,0.172728,0.827272,1,1.75604,0.139393,0.860607,1,1.970456,0.111133,0.888867,0,0.117808,0.087556,0.912444,0,0.091629,0.068188,0.931812,0,0.070624,0.052508,0.947492,0,0.053936,3.5e-05,0.000279,0.001158,0.003369,0.007704,0.014749,0.024572,0.036579,0.049585,0.062083,0.072592,0.079961,0.083565,0.08334,0.079703,0.073396,0.06531,0.056325,0.047205,0.038533,0.030698,0.023912,0.01824,0.013645,0.010023,0.007239,0.01598,0.000193,0.001322,0.004775,0.012085,0.024054,0.040076,0.058107,0.075278,0.088807,0.096768,0.098469,0.094396,0.085853,0.074514,0.062018,0.049702,0.038489,0.028888,0.02107,0.014968,0.010378,0.007035,0.00467,0.00304,0.001944,0.001222,0.001873,0.998309,0.001691,0.99494,0.00506,0.987236,0.012764,0.972487,0.027513,0.947915,0.052085,0.911337,0.088663,0.861752,0.138248,0.799669,0.200331,0.727077,0.272923,0.647115,0.352885,0.56355,0.43645,0.48021,0.51979,0.400507,0.599493,0.327111,0.672889,0.261801,0.738199,0.205475,0.794525,0.15827,0.84173,0.119738,0.880262,0.089039,0.910961,0.065127,0.934873,0.046887,0.953113,0.993703,0.006297,0.981618,0.018382,0.957564,0.042436,0.917488,0.082512,0.859382,0.140618,0.784103,0.215897,0.695296,0.304704,0.598529,0.401471,0.500059,0.499941,0.405664,0.594336,0.319811,0.680189,0.245297,0.754703,0.183279,0.816721,0.133576,0.866424,0.095087,0.904913,0.066199,0.933801,0.045129,0.954871,0.030162,0.969838,0.019784,0.980216,0.012749,0.987251,0.008079,0.991921,1,0.001692,1,0.006317,1,0.005073,1,0.018553,1,0.012846,0,3.159758,1,0.027899,0,2.494812,1,0.05349,0,1.961708,1,0.092843,0,1.532954,1,0.148788,0,1.188414,1,0.223557,0,0.91262,1,0.318723,0,0.693265,1,0.435231,0,0.52031,1,0.573499,0,0.385385,1,0.733532,0,0.281431,1,0.915024,0,0.202458,1,1.117456,0,0.143381,1,1.340171,0,0.099916,1,1.582431,0,0.068492,1,1.843453,0,0.046179,1,2.122449,0,0.030626,1,2.418681,0,0.019982,1,2.731416,0,0.012831,1,3.060015,0,0.008112
2567,2025/26,25,GKS Katowice,Lechia Gdańsk,13.0,14.0,27.0,14.2993,13.528,27.8273,0.053847,1,4911.6098,0.6229,0.5549,0.186,0.4087,0.174,0.0,0.0,0.0,1e-06,3e-06,1.1e-05,3.2e-05,8.4e-05,0.000198,0.000424,0.000839,0.001539,0.002645,0.004281,0.006567,0.009589,0.013384,0.017918,0.023083,0.028691,0.034494,0.040199,0.045502,0.050112,0.053784,0.056338,0.057672,0.057767,0.056679,0.054531,0.051495,0.047771,0.043571,0.039102,0.034552,0.030082,0.025821,0.021864,0.018272,0.01508,0.012296,0.00991,0.007897,0.006226,0.004858,0.003752,0.00287,0.002175,0.001633,0.001216,0.000897,0.002293,0.994226,0.005774,1,0.005791,0.989944,0.010056,1,0.010106,0.983377,0.016623,1,0.016762,0.973788,0.026212,1,0.026562,0.960404,0.039596,1,0.040401,0.942486,0.057514,1,0.059235,0.919403,0.080597,1,0.084031,0.890711,0.109289,1,0.115735,0.856217,0.143783,1,0.155231,0.816018,0.183982,1,0.203319,0.770516,0.229484,1,0.260695,0.720404,0.279596,1,0.327943,0.66662,0.33338,1,0.405536,0.610281,0.389719,1,0.493835,0.552609,0.447391,1,0.593105,0.494842,0.505158,0,0.682884,0.438163,0.561837,0,0.576544,0.383632,0.616368,0,0.483911,0.332137,0.667863,0,0.403672,0.284366,0.715634,0,0.334587,0.240795,0.759205,0,0.275484,0.201693,0.798307,0,0.225262,0.167141,0.832859,0,0.182891,0.137059,0.862941,0,0.147409,2.5e-05,0.000201,0.000854,0.002547,0.005976,0.011735,0.020055,0.030623,0.042581,0.054689,0.065594,0.074115,0.079451,0.081279,0.079735,0.075318,0.068747,0.060818,0.052284,0.043778,0.035776,0.028585,0.022367,0.017164,0.012933,0.00958,0.022791,3.9e-05,0.000302,0.001246,0.0036,0.008181,0.015565,0.02577,0.038122,0.051354,0.063897,0.074247,0.081274,0.084407,0.083654,0.079504,0.072757,0.064337,0.05514,0.045923,0.037252,0.029493,0.02283,0.017306,0.012866,0.009392,0.00674,0.014615,0.998522,0.001478,0.995975,0.004025,0.989999,0.010001,0.978264,0.021736,0.95821,0.04179,0.927587,0.072413,0.885005,0.114995,0.830316,0.169684,0.764723,0.235277,0.690608,0.309392,0.611157,0.388843,0.529878,0.470122,0.450142,0.549858,0.374824,0.625176,0.306076,0.693924,0.245259,0.754741,0.192975,0.807025,0.149197,0.850803,0.113421,0.886579,0.084835,0.915165,0.062468,0.937532,0.998226,0.001774,0.994626,0.005374,0.986445,0.013555,0.97088,0.02912,0.945111,0.054889,0.906989,0.093011,0.855635,0.144365,0.791737,0.208263,0.71749,0.28251,0.636216,0.363784,0.551809,0.448191,0.468154,0.531846,0.38865,0.61135,0.315893,0.684107,0.251556,0.748444,0.196416,0.803584,0.150493,0.849507,0.113241,0.886759,0.083748,0.916252,0.060918,0.939082,0.043612,0.956388,1,0.001479,1,0.001776,1,0.004033,1,0.005388,1,0.010051,1,0.013648,1,0.021976,1,0.029552,1,0.042688,1,0.056453,1,0.075169,1,0.097625,1,0.122162,1,0.155911,1,0.185949,1,0.233526,1,0.268242,1,0.331996,1,0.370183,1,0.452217,1,0.492401,1,0.594553,0,0.754763,1,0.758958,0,0.598095,0,0.492086,0,0.469722,0,0.379641,0,0.365393,0,0.289759,0,0.281381,0,0.218674,0,0.214401,0,0.163099,0,0.161575,0,0.120182,0,0.120385,0,0.087464,0,0.088651,0,0.062852,0,0.064504,0,0.044592
2568,2025/26,25,Jagiellonia Białystok,Piast Gliwice,15.0,17.0,32.0,15.8177,12.9583,28.7761,0.053847,1,4911.6098,0.6229,0.5549,0.186,0.4087,0.174,0.0,0.0,0.0,0.0,2e-06,7e-06,2.1e-05,5.7e-05,0.000137,0.000298,0.0006,0.001121,0.00196,0.003229,0.005042,0.007495,0.01065,0.014517,0.019043,0.024103,0.029511,0.035027,0.040383,0.045302,0.049531,0.052858,0.05513,0.056266,0.056256,0.055157,0.053084,0.050193,0.046664,0.04269,0.038457,0.034136,0.029876,0.025796,0.021985,0.018504,0.015388,0.01265,0.010284,0.008271,0.006584,0.005189,0.00405,0.003132,0.0024,0.001823,0.001373,0.00377,0.995797,0.004203,1,0.004211,0.992568,0.007432,1,0.00746,0.987526,0.012474,1,0.012552,0.980031,0.019969,1,0.020171,0.969381,0.030619,1,0.031097,0.954864,0.045136,1,0.046186,0.935821,0.064179,1,0.066331,0.911718,0.088282,1,0.092424,0.882208,0.117792,1,0.125328,0.847181,0.152819,1,0.165841,0.806798,0.193202,1,0.214682,0.761496,0.238504,1,0.27247,0.711964,0.288036,1,0.339727,0.659106,0.340894,1,0.41687,0.603976,0.396024,1,0.50422,0.547711,0.452289,1,0.602008,0.491455,0.508545,1,0.710385,0.436298,0.563702,1,0.829429,0.383214,0.616786,1,0.959161,0.333021,0.666979,1,1.099548,0.286357,0.713643,0,0.337373,0.243667,0.756333,0,0.279274,0.20521,0.79479,0,0.229678,0.171074,0.828926,0,0.187624,1.1e-05,9.2e-05,0.000413,0.001302,0.003229,0.006704,0.012114,0.019559,0.028756,0.039051,0.049523,0.059166,0.067063,0.07254,0.075243,0.075151,0.072528,0.067841,0.061666,0.054595,0.047174,0.039854,0.032973,0.026753,0.021315,0.016695,0.047272,5.4e-05,0.000411,0.001652,0.004656,0.010318,0.019144,0.030909,0.044591,0.058579,0.071078,0.080542,0.085979,0.087078,0.084161,0.078002,0.069611,0.060028,0.050171,0.040748,0.032235,0.024888,0.018787,0.013888,0.010069,0.007168,0.005016,0.010137,0.998066,0.001934,0.996765,0.003235,0.993536,0.006464,0.986832,0.013168,0.974718,0.025282,0.955159,0.044841,0.926402,0.073598,0.887351,0.112649,0.837828,0.162172,0.778663,0.221337,0.7116,0.2884,0.63906,0.36094,0.563817,0.436183,0.488666,0.511334,0.416139,0.583861,0.348297,0.651703,0.286631,0.713369,0.232036,0.767964,0.184862,0.815138,0.145007,0.854993,0.112034,0.887966,0.997781,0.002219,0.993126,0.006874,0.982807,0.017193,0.963664,0.036336,0.932754,0.067246,0.888163,0.111837,0.829585,0.170415,0.758507,0.241493,0.677964,0.322036,0.591985,0.408015,0.504907,0.495093,0.420746,0.579254,0.342745,0.657255,0.273134,0.726866,0.213106,0.786894,0.162935,0.837065,0.122187,0.877813,0.089952,0.910048,0.065064,0.934936,0.046277,0.953723,0.032389,0.967611,1,0.001936,1,0.002221,1,0.00324,1,0.006898,1,0.006485,1,0.017343,1,0.013255,1,0.037013,1,0.025607,1,0.069614,1,0.045877,1,0.1186,1,0.076447,1,0.18683,1,0.119515,1,0.276403,1,0.176942,1,0.388661,1,0.250177,1,0.524274,1,0.340239,1,0.683381,1,0.447757,1,0.865726,1,0.573026,1,1.070769,0,0.670732,1,1.297793,0,0.538092,1,1.545966,0,0.428166,0,0.177854,0,0.337756,0,0.130322,0,0.264012,0,0.094258,0,0.204398,0,0.067277,0,0.156662,0,0.047382,0,0.118822,0,0.032925
2569,2025/26,26,Jagiellonia Białystok,Wisła Płock,25.0,6.0,31.0,16.3172,11.9401,28.2572,0.053985,1,4966.0024,0.6142,0.5436,0.1801,0.4131,0.1793,0.0,0.0,0.0,1e-06,3e-06,9e-06,2.8e-05,7.3e-05,0.000174,0.000374,0.000743,0.00137,0.002365,0.003847,0.005931,0.008708,0.012222,0.016458,0.021331,0.026682,0.032289,0.037885,0.043182,0.047902,0.051796,0.054672,0.05641,0.056961,0.056355,0.054685,0.052094,0.048762,0.044885,0.040662,0.036277,0.031896,0.027654,0.023657,0.019978,0.016665,0.013737,0.011194,0.009022,0.007195,0.00568,0.00444,0.003437,0.002637,0.002005,0.001512,0.00113,0.003026,0.994861,0.005139,1,0.005152,0.991014,0.008986,1,0.009027,0.985082,0.014918,1,0.01503,0.976375,0.023625,1,0.023909,0.964153,0.035847,1,0.036505,0.947694,0.052306,1,0.053723,0.926363,0.073637,1,0.076489,0.899681,0.100319,1,0.105715,0.867392,0.132608,1,0.142264,0.829507,0.170493,1,0.186923,0.786325,0.213675,1,0.240385,0.738423,0.261577,1,0.303238,0.686628,0.313372,1,0.375963,0.631955,0.368045,1,0.458936,0.575546,0.424454,1,0.552437,0.518584,0.481416,1,0.656653,0.462229,0.537771,1,0.771695,0.407544,0.592456,1,0.897606,0.35545,0.64455,1,1.034369,0.306689,0.693311,0,0.366276,0.261804,0.738196,0,0.303545,0.221142,0.778858,0,0.249927,0.184865,0.815135,0,0.204402,0.152969,0.847031,0,0.166018,8e-06,7.2e-05,0.000328,0.001052,0.00265,0.005591,0.010266,0.016845,0.02517,0.034739,0.04478,0.054382,0.062662,0.068905,0.072663,0.073787,0.072405,0.068864,0.06365,0.057302,0.050351,0.043258,0.036397,0.030033,0.024336,0.019386,0.058061,0.0001,0.000722,0.002764,0.007411,0.015631,0.027598,0.042409,0.058233,0.072819,0.084113,0.090738,0.092221,0.088929,0.081839,0.072226,0.06138,0.050406,0.040121,0.031034,0.023382,0.017194,0.012363,0.008705,0.006012,0.004077,0.002718,0.004826,0.997536,0.002464,0.996484,0.003516,0.993834,0.006166,0.988243,0.011757,0.977976,0.022024,0.961132,0.038868,0.935962,0.064038,0.901223,0.098777,0.856442,0.143558,0.80206,0.19794,0.739399,0.260601,0.670494,0.329506,0.59783,0.40217,0.524043,0.475957,0.451638,0.548362,0.382774,0.617226,0.319124,0.680876,0.261822,0.738178,0.211471,0.788529,0.168213,0.831787,0.131816,0.868184,0.996384,0.003616,0.988972,0.011028,0.973341,0.026659,0.945743,0.054257,0.903334,0.096666,0.845102,0.154898,0.772282,0.227718,0.68817,0.31183,0.597431,0.402569,0.505211,0.494789,0.416282,0.583718,0.334443,0.665557,0.262217,0.737783,0.200838,0.799162,0.150432,0.849568,0.110311,0.889689,0.079276,0.920724,0.055894,0.944106,0.0387,0.9613,0.026337,0.973663,0.017631,0.982369,1,0.002467,1,0.003623,1,0.003522,1,0.011089,1,0.006185,1,0.027021,1,0.011827,1,0.055784,1,0.02227,0,2.336494,1,0.039644,0,1.864988,1,0.06618,0,1.479647,1,0.104003,0,1.165297,1,0.154969,0,0.909889,1,0.220572,0,0.703624,1,0.301918,0,0.538337,1,0.399741,0,0.407131,1,0.514449,0,0.304106,1,0.646182,0,0.224192,1,0.794874,0,0.163027,1,0.960311,0,0.116883,1,1.142176,0,0.082595,1,1.34009,0,0.057517,1,1.553667,0,0.039469,1,1.782524,0,0.02669,1,2.026348,0,0.017788
2570,2025/26,26,Legia Warszawa,Raków Częstochowa,17.0,11.0,28.0,14.7946,13.2907,28.0853,0.053985,1,4966.0024,0.6142,0.5436,0.1801,0.4131,0.1793,0.0,0.0,0.0,1e-06,3e-06,9e-06,2.9e-05,7.6e-05,0.000179,0.000387,0.000768,0.001417,0.002445,0.003976,0.006126,0.008986,0.0126,0.016949,0.021938,0.0274,0.033101,0.038766,0.044097,0.048807,0.052649,0.05543,0.057034,0.057423,0.056636,0.054776,0.052001,0.048498,0.044472,0.040127,0.035651,0.031209,0.026937,0.022935,0.019275,0.015997,0.013118,0.010632,0.008522,0.006758,0.005303,0.00412,0.00317,0.002416,0.001825,0.001367,0.001015,0.002648,0.994687,0.005313,1,0.005328,0.990711,0.009289,1,0.009332,0.984585,0.015415,1,0.015535,0.975599,0.024401,1,0.024703,0.962999,0.037001,1,0.037703,0.94605,0.05395,1,0.05546,0.924112,0.075888,1,0.078922,0.896713,0.103287,1,0.10902,0.863611,0.136389,1,0.146632,0.824846,0.175154,1,0.192559,0.780749,0.219251,1,0.247502,0.731942,0.268058,1,0.312055,0.679293,0.320707,1,0.386703,0.623863,0.376137,1,0.471824,0.56683,0.43317,1,0.567697,0.509407,0.490593,1,0.674509,0.452771,0.547229,0,0.602888,0.397995,0.602005,0,0.507489,0.345994,0.654006,0,0.424639,0.297496,0.702504,0,0.353104,0.253024,0.746976,0,0.291722,0.212897,0.787103,0,0.239397,0.177246,0.822754,0,0.195099,0.146037,0.853963,0,0.157867,1.9e-05,0.000156,0.000675,0.002051,0.0049,0.009802,0.017064,0.026546,0.037607,0.049213,0.060146,0.069253,0.075657,0.07888,0.078867,0.075932,0.070644,0.063704,0.055825,0.047651,0.039698,0.032337,0.025796,0.020182,0.015505,0.01171,0.029555,4.5e-05,0.000345,0.001406,0.004018,0.009032,0.016998,0.027841,0.040746,0.054308,0.066862,0.07688,0.083282,0.085598,0.083962,0.07898,0.07154,0.062619,0.053125,0.043799,0.035173,0.027568,0.021127,0.015856,0.011671,0.008436,0.005994,0.01264,0.998525,0.001475,0.996474,0.003526,0.991574,0.008426,0.981772,0.018228,0.964708,0.035292,0.938162,0.061838,0.900555,0.099445,0.851342,0.148658,0.791196,0.208804,0.721943,0.278057,0.646285,0.353715,0.567406,0.432594,0.488539,0.511461,0.412607,0.587393,0.341963,0.658037,0.278259,0.721741,0.222434,0.777566,0.174783,0.825217,0.135085,0.864915,0.102748,0.897252,0.076952,0.923048,0.998057,0.001943,0.994039,0.005961,0.985006,0.014994,0.968008,0.031992,0.940168,0.059832,0.899421,0.100579,0.845113,0.154887,0.77825,0.22175,0.70137,0.29863,0.618088,0.381912,0.53249,0.46751,0.448528,0.551472,0.369549,0.630451,0.298009,0.701991,0.23539,0.76461,0.182265,0.817735,0.138466,0.861534,0.103293,0.896707,0.075724,0.924276,0.054597,0.945403,0.038741,0.961259,1,0.001476,1,0.001945,1,0.003532,1,0.005979,1,0.008462,1,0.015108,1,0.018396,1,0.032515,1,0.03593,1,0.061697,1,0.063833,1,0.106004,1,0.104744,1,0.168285,1,0.160941,1,0.250707,1,0.23421,1,0.35472,1,0.325809,0,0.962565,1,0.436515,0,0.760335,1,0.56668,0,0.595164,1,0.716336,0,0.46132,1,0.88526,0,0.353835,1,1.073053,0,0.268389,0,0.326089,0,0.201217,0,0.251587,0,0.149041,0,0.192109,0,0.109026,0,0.145124,0,0.078745,0,0.108419,0,0.056144,0,0.080074,0,0.039511
2571,2025/26,26,Lechia Gdańsk,Pogoń Szczecin,15.0,18.0,33.0,15.427,12.0707,27.4977,0.053985,1,4966.0024,0.6142,0.5436,0.1801,0.4131,0.1793,0.0,0.0,0.0,1e-06,4e-06,1.3e-05,3.8e-05,9.9e-05,0.000232,0.000494,0.000968,0.001759,0.002994,0.004802,0.007298,0.010562,0.014612,0.019395,0.024773,0.030537,0.036414,0.042098,0.047277,0.051666,0.055034,0.057221,0.058151,0.057833,0.056348,0.053844,0.050506,0.046548,0.042184,0.03762,0.03304,0.028594,0.0244,0.020543,0.017073,0.014014,0.011366,0.009113,0.007226,0.005669,0.004402,0.003385,0.002577,0.001945,0.001454,0.001078,0.000792,0.002002,0.993398,0.006602,1,0.006624,0.988596,0.011404,1,0.011469,0.981298,0.018702,1,0.018879,0.970736,0.029264,1,0.029701,0.956124,0.043876,1,0.044868,0.936729,0.063271,1,0.065361,0.911956,0.088044,1,0.092164,0.881419,0.118581,1,0.126223,0.845004,0.154996,1,0.168414,0.802906,0.197094,1,0.219517,0.755629,0.244371,1,0.280204,0.703963,0.296037,1,0.35103,0.648929,0.351071,1,0.432433,0.591707,0.408293,1,0.524743,0.533556,0.466444,1,0.628191,0.475723,0.524277,1,0.742919,0.419375,0.580625,1,0.86899,0.365531,0.634469,1,1.006403,0.315025,0.684975,1,1.155103,0.268478,0.731522,1,1.314988,0.226294,0.773706,1,1.485922,0.188673,0.811327,0,0.209084,0.155634,0.844366,0,0.169169,0.12704,0.87296,0,0.135866,1.3e-05,0.000113,0.000499,0.001551,0.003793,0.007764,0.013832,0.02202,0.031923,0.042749,0.053465,0.062996,0.070427,0.075139,0.076879,0.075744,0.072113,0.066545,0.059675,0.052125,0.044438,0.037042,0.030239,0.024209,0.019032,0.01471,0.039911,9.2e-05,0.000672,0.002587,0.006984,0.014826,0.026351,0.040761,0.05634,0.070919,0.08246,0.089545,0.091611,0.088926,0.082378,0.073183,0.062605,0.051753,0.041466,0.032287,0.024487,0.018126,0.013119,0.009299,0.006464,0.004412,0.002961,0.005348,0.99832,0.00168,0.996769,0.003231,0.992976,0.007024,0.985211,0.014789,0.971379,0.028621,0.949359,0.050641,0.917436,0.082564,0.874686,0.125314,0.821221,0.178779,0.758225,0.241775,0.687799,0.312201,0.61266,0.38734,0.535782,0.464218,0.460038,0.539962,0.387925,0.612075,0.321381,0.678619,0.261706,0.738294,0.209581,0.790419,0.165143,0.834857,0.128101,0.871899,0.097863,0.902137,0.996613,0.003387,0.989629,0.010371,0.974803,0.025197,0.948452,0.051548,0.907691,0.092309,0.851351,0.148649,0.780432,0.219568,0.697971,0.302029,0.608426,0.391574,0.516815,0.483185,0.427889,0.572111,0.345511,0.654489,0.272328,0.727672,0.209723,0.790277,0.15797,0.84203,0.116504,0.883496,0.084217,0.915783,0.05973,0.94027,0.041604,0.958396,0.028485,0.971515,0.019186,0.980814,1,0.001681,1,0.003393,1,0.003236,1,0.010425,1,0.007049,1,0.02552,1,0.014899,1,0.052924,1,0.029039,1,0.096851,1,0.051968,1,0.160931,1,0.086172,1,0.247908,1,0.13389,1,0.359578,1,0.196963,1,0.49688,1,0.276775,1,0.66007,1,0.374259,1,0.848891,1,0.489945,1,1.062731,1,0.624028,1,1.300748,0,0.616257,1,1.561968,0,0.4909,1,1.84535,0,0.387695,1,2.14983,0,0.303413,0,0.087976,0,0.235192,0,0.061588,0,0.180495,0,0.042494,0,0.137082,0,0.028899,0,0.102989,0,0.019372
2572,2025/26,26,Motor Lublin,Zagłębie Lubin,9.0,9.0,18.0,14.649,12.7937,27.4427,0.053985,1,4966.0024,0.6142,0.5436,0.1801,0.4131,0.1793,0.0,0.0,0.0,1e-06,4e-06,1.3e-05,3.8e-05,0.0001,0.000234,0.000497,0.000974,0.001771,0.003016,0.004839,0.007357,0.010648,0.014732,0.019552,0.024971,0.030774,0.036684,0.042392,0.047584,0.051971,0.055321,0.057475,0.058359,0.057984,0.056437,0.053867,0.050467,0.046451,0.042038,0.037434,0.032825,0.028361,0.024159,0.020303,0.016841,0.013796,0.011166,0.008933,0.007067,0.005532,0.004285,0.003286,0.002496,0.001878,0.0014,0.001035,0.000759,0.001896,0.993352,0.006648,1,0.00667,0.988513,0.011487,1,0.011554,0.981156,0.018844,1,0.019024,0.970508,0.029492,1,0.029936,0.955776,0.044224,1,0.045232,0.936224,0.063776,1,0.065901,0.911253,0.088747,0,2.421965,0.880479,0.119521,0,2.124266,0.843795,0.156205,0,1.856587,0.801403,0.198597,0,1.616476,0.753819,0.246181,0,1.401688,0.701848,0.298152,0,1.210152,0.646527,0.353473,0,1.039949,0.589053,0.410947,0,0.88929,0.530694,0.469306,0,0.7565,0.47271,0.52729,0,0.640005,0.416273,0.583727,0,0.538322,0.362406,0.637594,0,0.450053,0.311939,0.688061,0,0.373877,0.265488,0.734512,0,0.308548,0.22345,0.77655,0,0.252894,0.186015,0.813985,0,0.205814,0.153191,0.846809,0,0.16628,0.12483,0.87517,0,0.133337,2.1e-05,0.000168,0.000724,0.002188,0.005199,0.010341,0.017904,0.0277,0.039026,0.050789,0.061732,0.070688,0.076801,0.079632,0.079181,0.075815,0.070148,0.062909,0.054826,0.046541,0.03856,0.031237,0.024782,0.019282,0.014732,0.011066,0.027459,6e-05,0.000451,0.0018,0.00503,0.011056,0.020347,0.032588,0.04664,0.060789,0.073186,0.082289,0.08717,0.087613,0.084037,0.077302,0.068471,0.058607,0.048622,0.0392,0.030784,0.023594,0.017682,0.012977,0.00934,0.006602,0.004587,0.009091,0.998537,0.001463,0.996349,0.003651,0.991151,0.008849,0.980809,0.019191,0.962905,0.037095,0.935205,0.064795,0.896179,0.103821,0.84539,0.15461,0.783658,0.216342,0.71297,0.28703,0.636169,0.363831,0.556537,0.443463,0.477356,0.522644,0.401541,0.598459,0.331393,0.668607,0.268484,0.731516,0.213658,0.786342,0.167117,0.832883,0.128557,0.871443,0.09732,0.90268,0.072538,0.927462,0.997604,0.002396,0.992574,0.007426,0.981517,0.018483,0.961171,0.038829,0.928582,0.071418,0.881942,0.118058,0.821153,0.178847,0.747968,0.252032,0.665679,0.334321,0.578509,0.421491,0.490896,0.509104,0.406859,0.593141,0.329557,0.670443,0.261086,0.738914,0.202479,0.797521,0.153857,0.846143,0.114657,0.885343,0.083873,0.916127,0.060279,0.939721,0.042598,0.957402,0.029621,0.970379,1,0.001464,1,0.002399,1,0.003658,1,0.007454,1,0.008888,1,0.018656,1,0.019378,1,0.039603,1,0.037801,1,0.074097,1,0.06699,1,0.125629,1,0.109615,1,0.197046,0,1.866849,0,1.378199,0,1.530895,0,1.095654,0,1.248169,0,0.863957,0,1.011066,0,0.675103,0,0.813141,0,0.522323,0,0.648855,0,0.399817,0,0.513397,0,0.302574,0,0.402559,0,0.226247,0,0.312636,0,0.167067,0,0.240363,0,0.12178,0,0.182862,0,0.0876,0,0.137605,0,0.062172,0,0.102387,0,0.043532,0,0.075303,0,0.030069
2573,2025/26,26,Korona Kielce,Arka Gdynia,25.0,10.0,35.0,14.891,11.6157,26.5067,0.053985,1,4966.0024,0.6142,0.5436,0.1801,0.4131,0.1793,0.0,0.0,0.0,1e-06,6e-06,2e-05,5.9e-05,0.000152,0.000348,0.000724,0.001386,0.002467,0.004111,0.006456,0.009606,0.013611,0.018435,0.023956,0.029958,0.036155,0.04221,0.047777,0.052533,0.056209,0.058621,0.059677,0.059379,0.05782,0.05516,0.051608,0.047399,0.042772,0.037954,0.033143,0.028501,0.024152,0.02018,0.016637,0.013539,0.010882,0.008642,0.006785,0.005268,0.004047,0.003078,0.002317,0.001728,0.001277,0.000935,0.000679,0.000488,0.001152,0.990725,0.009275,1,0.009318,0.984269,0.015731,1,0.015856,0.974663,0.025337,1,0.025664,0.961052,0.038948,1,0.039727,0.942617,0.057383,1,0.059095,0.918662,0.081338,1,0.084837,0.888703,0.111297,1,0.117992,0.852548,0.147452,1,0.159525,0.810338,0.189662,1,0.210304,0.76256,0.23744,1,0.271073,0.710028,0.289972,1,0.342451,0.653819,0.346181,1,0.424925,0.595198,0.404802,1,0.518861,0.535521,0.464479,1,0.624515,0.476142,0.523858,1,0.742039,0.418322,0.581678,1,0.871505,0.363162,0.636838,1,1.012907,0.311554,0.688446,1,1.166183,0.264155,0.735845,1,1.331219,0.221383,0.778617,1,1.507863,0.183428,0.816572,1,1.695932,0.150285,0.849715,1,1.895219,0.121785,0.878215,1,2.105499,0.097633,0.902367,0,0.102734,1.8e-05,0.000148,0.000645,0.001965,0.004712,0.00946,0.016529,0.025806,0.03669,0.048187,0.059105,0.0683,0.074886,0.078357,0.078628,0.075975,0.07094,0.064201,0.056464,0.048371,0.040443,0.033063,0.02647,0.020784,0.016025,0.012147,0.031001,0.000121,0.000866,0.003259,0.008592,0.017818,0.030934,0.046742,0.06311,0.077601,0.088139,0.093494,0.093435,0.088595,0.08017,0.069572,0.058137,0.046946,0.036743,0.027947,0.020704,0.014971,0.010585,0.007329,0.004976,0.003318,0.002175,0.0037,0.998511,0.001489,0.996545,0.003455,0.991833,0.008167,0.982373,0.017627,0.965844,0.034156,0.940038,0.059962,0.903348,0.096652,0.855161,0.144839,0.796056,0.203944,0.727755,0.272245,0.652869,0.347131,0.574512,0.425488,0.495885,0.504115,0.41991,0.58009,0.34897,0.65103,0.284769,0.715231,0.228305,0.771695,0.179934,0.820066,0.139491,0.860509,0.106428,0.893572,0.079958,0.920042,0.995734,0.004266,0.987142,0.012858,0.969324,0.030676,0.93839,0.06161,0.891648,0.108352,0.828538,0.171462,0.750937,0.249063,0.662798,0.337202,0.569304,0.430696,0.475869,0.524131,0.387274,0.612726,0.307103,0.692897,0.237531,0.762469,0.179394,0.820606,0.132448,0.867552,0.095705,0.904295,0.067758,0.932242,0.047054,0.952946,0.032083,0.967917,0.021498,0.978502,0.01417,0.98583,1,0.00149,1,0.004275,1,0.003461,1,0.012941,1,0.008201,1,0.031156,1,0.017784,1,0.06359,1,0.034753,1,0.114684,1,0.061835,1,0.188093,1,0.101647,1,0.286434,1,0.156466,1,0.411285,1,0.228086,0,0.842353,1,0.317791,0,0.646014,1,0.426379,0,0.489837,1,0.554234,0,0.366874,1,0.701411,0,0.271193,1,0.867715,0,0.197712,1,1.052769,0,0.14208,1,1.256077,0,0.1006,1,1.477073,0,0.070163,1,1.715165,0,0.048197,1,1.969755,0,0.032609,1,2.240287,0,0.021732,1,2.526254,0,0.014271
2574,2025/26,26,Cracovia,GKS Katowice,9.0,17.0,26.0,15.3464,10.4981,25.8445,0.053985,1,4966.0024,0.6142,0.5436,0.1801,0.4131,0.1793,0.0,0.0,0.0,2e-06,9e-06,2.9e-05,8.3e-05,0.000208,0.000468,0.000956,0.001799,0.003146,0.00515,0.007948,0.011625,0.016192,0.021565,0.02756,0.033903,0.040254,0.046245,0.051517,0.05576,0.058742,0.060328,0.060488,0.059291,0.056884,0.053478,0.049316,0.044652,0.039729,0.034767,0.029945,0.025404,0.021241,0.017515,0.014252,0.01145,0.009087,0.007127,0.005527,0.00424,0.003218,0.002418,0.0018,0.001327,0.000969,0.000702,0.000504,0.000359,0.000819,0.988149,0.011851,1,0.011922,0.980201,0.019799,1,0.019997,0.968576,0.031424,1,0.031928,0.952384,0.047616,1,0.048787,0.930819,0.069181,1,0.071691,0.903259,0.096741,1,0.101746,0.869356,0.130644,1,0.140003,0.829102,0.170898,1,0.187412,0.782857,0.217143,1,0.244805,0.73134,0.26866,1,0.312877,0.67558,0.32442,1,0.392184,0.616838,0.383162,1,0.483149,0.55651,0.44349,1,0.586069,0.496022,0.503978,1,0.701135,0.436731,0.563269,0,0.573999,0.379847,0.620153,0,0.477789,0.326369,0.673631,0,0.395072,0.277052,0.722948,0,0.324419,0.232401,0.767599,0,0.264487,0.192671,0.807329,0,0.214024,0.157905,0.842095,0,0.171862,0.12796,0.87204,0,0.13692,0.102556,0.897444,0,0.108205,0.081315,0.918685,0,0.084812,1.4e-05,0.000117,0.000519,0.001607,0.003919,0.007999,0.014209,0.022555,0.032605,0.043538,0.054295,0.063792,0.071112,0.075653,0.077184,0.075828,0.071986,0.066238,0.05923,0.051589,0.043855,0.036452,0.029672,0.023687,0.018569,0.014311,0.038476,0.000244,0.001637,0.005781,0.014305,0.027844,0.045373,0.064348,0.081547,0.094113,0.100329,0.09989,0.093696,0.083386,0.070823,0.057686,0.045245,0.034291,0.025191,0.017983,0.012505,0.008487,0.005632,0.00366,0.002333,0.00146,0.000898,0.00131,0.998361,0.001639,0.996754,0.003246,0.992835,0.007165,0.984836,0.015164,0.970627,0.029373,0.948072,0.051928,0.915467,0.084533,0.87193,0.12807,0.817634,0.182366,0.753842,0.246158,0.68273,0.31727,0.607077,0.392923,0.529892,0.470108,0.454065,0.545935,0.382079,0.617921,0.315841,0.684159,0.256611,0.743389,0.205022,0.794978,0.161167,0.838833,0.124715,0.875285,0.095043,0.904957,0.992334,0.007666,0.978029,0.021971,0.950185,0.049815,0.904812,0.095188,0.840464,0.159536,0.758917,0.241083,0.664804,0.335196,0.564475,0.435525,0.464585,0.535415,0.370889,0.629111,0.287503,0.712497,0.21668,0.78332,0.158994,0.841006,0.113749,0.886251,0.079458,0.920542,0.054267,0.945733,0.036284,0.963716,0.023779,0.976221,0.015292,0.984708,0.00966,0.99034,0.006,0.994,1,0.00164,1,0.007696,1,0.003251,1,0.022216,1,0.007191,1,0.051099,1,0.01528,1,0.100028,1,0.029813,1,0.173801,1,0.053325,1,0.275863,1,0.088321,1,0.408263,0,2.055178,1,0.571859,0,1.70174,1,0.766611,0,1.401782,1,0.991852,0,1.148002,1,1.246522,0,0.934142,1,1.529334,0,0.754793,1,1.838889,0,0.605255,1,2.173761,0,0.481395,1,2.532527,0,0.379565,0,0.055795,0,0.296536,0,0.036959,0,0.229441,0,0.024066,0,0.175744,0,0.01541,0,0.133206,0,0.009707,0,0.099868,0,0.006018
2575,2025/26,26,Lech Poznań,Bruk-Bet Termalica Nieciecza,26.0,10.0,36.0,16.9824,14.0745,31.0569,0.053985,1,4966.0024,0.6142,0.5436,0.1801,0.4131,0.1793,0.0,0.0,0.0,0.0,1e-06,2e-06,8e-06,2.2e-05,5.5e-05,0.000124,0.00026,0.000507,0.000925,0.001589,0.002587,0.00401,0.005941,0.008445,0.011552,0.015247,0.019468,0.024097,0.028973,0.033896,0.038651,0.043016,0.046791,0.049806,0.051935,0.053108,0.053308,0.05257,0.050975,0.048638,0.045699,0.042309,0.038621,0.03478,0.030917,0.027141,0.023542,0.020186,0.017116,0.014358,0.011921,0.009799,0.007977,0.006434,0.005143,0.004075,0.003202,0.010272,0.998096,0.001904,1,0.001906,0.996507,0.003493,1,0.003499,0.99392,0.00608,1,0.006098,0.989911,0.010089,1,0.010141,0.98397,0.01603,1,0.01616,0.975525,0.024475,1,0.02478,0.963973,0.036027,1,0.036692,0.948726,0.051274,1,0.052635,0.929258,0.070742,1,0.073369,0.90516,0.09484,1,0.099643,0.876188,0.123812,1,0.132175,0.842291,0.157709,1,0.171629,0.80364,0.19636,1,0.218603,0.760624,0.239376,1,0.273616,0.713833,0.286167,1,0.337107,0.664027,0.335973,1,0.409432,0.612092,0.387908,1,0.490872,0.558984,0.441016,1,0.581634,0.505676,0.494324,1,0.681859,0.453106,0.546894,1,0.79163,0.40213,0.59787,1,0.910979,0.353492,0.646508,1,1.039894,0.307793,0.692207,1,1.178329,0.265484,0.734516,1,1.326202,6e-06,5.2e-05,0.000241,0.000789,0.002031,0.004376,0.008206,0.01375,0.020982,0.029576,0.038935,0.048289,0.056824,0.063815,0.068727,0.071274,0.071427,0.069378,0.065489,0.060212,0.054033,0.047409,0.040737,0.03433,0.028409,0.023112,0.074365,2.8e-05,0.000227,0.000957,0.002826,0.006566,0.01277,0.021616,0.032697,0.04504,0.057309,0.068104,0.076247,0.080994,0.082108,0.079824,0.074728,0.067601,0.059274,0.050507,0.041919,0.033957,0.026895,0.020862,0.01587,0.011855,0.008706,0.020189,0.996473,0.003527,0.995684,0.004316,0.993653,0.006347,0.989277,0.010723,0.981071,0.018929,0.967322,0.032678,0.94634,0.05366,0.916764,0.083236,0.877829,0.122171,0.82954,0.17046,0.772716,0.227284,0.708901,0.291099,0.640174,0.359826,0.5689,0.4311,0.497474,0.502526,0.428095,0.571905,0.362606,0.637394,0.302394,0.697606,0.248362,0.751638,0.200953,0.799047,0.160216,0.839784,0.998462,0.001538,0.995636,0.004364,0.989071,0.010929,0.976301,0.023699,0.954685,0.045315,0.921988,0.078012,0.876949,0.123051,0.819639,0.180361,0.751535,0.248465,0.675288,0.324712,0.594294,0.405706,0.512185,0.487815,0.432361,0.567639,0.357633,0.642367,0.290032,0.709968,0.230758,0.769242,0.180251,0.819749,0.138333,0.861667,0.104376,0.895624,0.077481,0.922519,0.05662,0.94338,1,0.003533,1,0.001539,1,0.004325,1,0.004374,1,0.006367,1,0.010989,1,0.010781,1,0.023984,1,0.01911,1,0.046374,1,0.033224,1,0.081223,1,0.055153,1,0.131306,1,0.086905,1,0.198891,1,0.130303,0,1.392453,1,0.186884,0,1.124817,1,0.257844,0,0.902127,1,0.344039,0,0.717819,1,0.446015,0,0.56627,1,0.564051,0,0.442595,1,0.698212,0,0.342535,1,0.84841,0,0.26235,1,1.014438,0,0.198757,1,1.196024,0,0.148886,1,1.392868,0,0.110235,1,1.604684,0,0.080647,1,1.831232,0,0.058286
2576,2025/26,26,Piast Gliwice,Radomiak Radom,19.0,6.0,25.0,15.8509,12.9906,28.8415,0.053985,1,4966.0024,0.6142,0.5436,0.1801,0.4131,0.1793,0.0,0.0,0.0,0.0,2e-06,7e-06,2.1e-05,5.6e-05,0.000134,0.000292,0.000588,0.0011,0.001925,0.003174,0.00496,0.007379,0.010495,0.014319,0.018801,0.023821,0.029195,0.034689,0.040037,0.044964,0.049217,0.052584,0.054909,0.056108,0.056167,0.05514,0.053135,0.050306,0.046832,0.0429,0.038699,0.034399,0.030148,0.026067,0.022247,0.018752,0.015618,0.012858,0.010468,0.008432,0.006722,0.005306,0.004148,0.003212,0.002466,0.001876,0.001415,0.003909,0.995875,0.004125,1,0.004133,0.992701,0.007299,1,0.007325,0.987741,0.012259,1,0.012334,0.980362,0.019638,1,0.019833,0.969867,0.030133,1,0.030597,0.955547,0.044453,1,0.045471,0.936746,0.063254,1,0.065343,0.912925,0.087075,1,0.091101,0.88373,0.11627,1,0.123604,0.849041,0.150959,1,0.163648,0.809004,0.190996,1,0.211951,0.76404,0.23596,1,0.269135,0.714823,0.285177,1,0.335721,0.662239,0.337761,0,1.085415,0.607329,0.392671,0,0.934784,0.551221,0.448779,0,0.801225,0.495054,0.504946,0,0.683303,0.439914,0.560086,0,0.579665,0.386779,0.613221,0,0.48903,0.336473,0.663527,0,0.410185,0.289641,0.710359,0,0.341985,0.246741,0.753259,0,0.283346,0.208042,0.791958,0,0.233246,0.173643,0.826357,0,0.190728,1.1e-05,9.1e-05,0.000408,0.001288,0.003197,0.006641,0.012005,0.019395,0.028533,0.038776,0.049213,0.058845,0.06676,0.072281,0.07505,0.075037,0.072498,0.067891,0.061783,0.054766,0.047381,0.04008,0.033203,0.026976,0.021522,0.01688,0.048027,5.3e-05,0.000405,0.001632,0.004601,0.010206,0.018951,0.030627,0.04423,0.058169,0.070665,0.080174,0.085697,0.086912,0.084119,0.078077,0.069784,0.060271,0.050454,0.041045,0.032524,0.025154,0.019021,0.014086,0.01023,0.007296,0.005116,0.010393,0.998027,0.001973,0.996739,0.003261,0.993542,0.006458,0.986901,0.013099,0.974896,0.025104,0.955501,0.044499,0.926968,0.073032,0.888192,0.111808,0.838979,0.161021,0.780134,0.219866,0.713374,0.286626,0.641093,0.358907,0.566043,0.433957,0.491006,0.508994,0.418508,0.581492,0.350617,0.649383,0.288834,0.711166,0.234068,0.765932,0.186687,0.813313,0.146608,0.853392,0.113405,0.886595,0.997803,0.002197,0.993202,0.006798,0.982996,0.017004,0.964045,0.035955,0.933418,0.066582,0.889188,0.110812,0.831019,0.168981,0.760354,0.239646,0.68018,0.31982,0.594483,0.405517,0.507571,0.492429,0.423452,0.576548,0.345375,0.654625,0.275591,0.724409,0.21532,0.78468,0.164866,0.835134,0.123821,0.876179,0.091296,0.908704,0.066142,0.933858,0.047121,0.952879,0.033035,0.966965,1,0.001975,1,0.002199,1,0.003266,1,0.006821,1,0.006479,1,0.01715,1,0.013186,1,0.036617,1,0.025424,0,2.709321,1,0.045519,0,2.19992,1,0.075836,0,1.777969,1,0.118567,0,1.428592,1,0.17557,0,1.139997,1,0.24829,0,0.902592,1,0.337749,0,0.708405,1,0.444581,0,0.550697,1,0.569085,0,0.423693,1,0.711299,0,0.322399,1,0.871059,0,0.242479,1,1.048061,0,0.180163,1,1.241903,0,0.132185,0,0.266662,0,0.095736,0,0.206639,0,0.068431,0,0.158536,0,0.048267,0,0.120367,0,0.033593
2577,2025/26,26,Widzew Łódź,Górnik Zabrze,5.0,8.0,13.0,13.3009,13.8324,27.1333,0.053985,1,4966.0024,0.6142,0.5436,0.1801,0.4131,0.1793,0.0,0.0,0.0,1e-06,4e-06,1.5e-05,4.4e-05,0.000113,0.000263,0.000557,0.001084,0.001961,0.003319,0.005293,0.008,0.011509,0.015826,0.020877,0.026501,0.032459,0.038454,0.044161,0.049259,0.053463,0.056549,0.058377,0.058896,0.058142,0.056225,0.053316,0.049624,0.045375,0.040792,0.036084,0.031429,0.026972,0.022822,0.019048,0.015693,0.012767,0.010262,0.008153,0.006405,0.004978,0.003829,0.002916,0.002199,0.001643,0.001216,0.000892,0.000649,0.001584,0.992639,0.007361,1,0.007388,0.987345,0.012655,0,4.369729,0.979346,0.020654,0,3.879836,0.967837,0.032163,0,3.436942,0.952011,0.047989,0,3.036777,0.931133,0.068867,0,2.675581,0.904632,0.095368,0,2.350014,0.872174,0.127826,0,2.057082,0.83372,0.16628,0,1.794081,0.789559,0.210441,0,1.558548,0.740299,0.259701,0,1.348224,0.686836,0.313164,0,1.161029,0.630287,0.369713,0,0.995028,0.57191,0.42809,0,0.848421,0.513013,0.486987,0,0.719518,0.454871,0.545129,0,0.606734,0.398647,0.601353,0,0.508573,0.345331,0.654669,0,0.423625,0.295707,0.704293,0,0.35056,0.250332,0.749668,0,0.288125,0.20954,0.79046,0,0.23514,0.173456,0.826544,0,0.190502,0.142027,0.857973,0,0.153182,0.115054,0.884946,0,0.122229,4.4e-05,0.000343,0.001399,0.004,0.008995,0.016935,0.02775,0.040632,0.05418,0.066734,0.076767,0.083197,0.085549,0.083951,0.079005,0.071594,0.062694,0.053213,0.043891,0.035263,0.027651,0.0212,0.015918,0.011722,0.008476,0.006026,0.012722,3.3e-05,0.000258,0.001077,0.00315,0.007245,0.013953,0.023386,0.035026,0.047773,0.060189,0.070821,0.078509,0.082575,0.082886,0.079787,0.073958,0.066246,0.057513,0.048524,0.039876,0.031984,0.025083,0.019265,0.014511,0.010733,0.007804,0.017581,0.998064,0.001936,0.994065,0.005935,0.98507,0.01493,0.968134,0.031866,0.940384,0.059616,0.899752,0.100248,0.845572,0.154428,0.778838,0.221162,0.702071,0.297929,0.618875,0.381125,0.533326,0.466674,0.449375,0.550625,0.370371,0.629629,0.298776,0.701224,0.236082,0.763918,0.182869,0.817131,0.138978,0.861022,0.103715,0.896285,0.076064,0.923936,0.054863,0.945137,0.038945,0.961055,0.998375,0.001625,0.995225,0.004775,0.98798,0.01202,0.974027,0.025973,0.950641,0.049359,0.915616,0.084384,0.867843,0.132157,0.807654,0.192346,0.736833,0.263167,0.658325,0.341675,0.57575,0.42425,0.492864,0.507136,0.413076,0.586924,0.339119,0.660881,0.272873,0.727127,0.21536,0.78464,0.166836,0.833164,0.12696,0.87304,0.094976,0.905024,0.069893,0.930107,0.050628,0.949372,1,0.001938,1,0.001626,1,0.005953,1,0.004786,1,0.015043,1,0.012093,0,3.446216,1,0.026316,0,2.819831,1,0.050619,0,2.300108,1,0.088158,0,1.868027,0,2.023765,0,1.50886,0,1.648459,0,1.2109,0,1.334966,0,0.964628,0,1.073895,0,0.762124,0,0.857432,0,0.596701,0,0.678976,0,0.462625,0,0.53286,0,0.354928,0,0.414181,0,0.269295,0,0.318654,0,0.201956,0,0.24253,0,0.149635,0,0.182525,0,0.109497,0,0.135774,0,0.079112,0,0.099794,0,0.056425,0,0.072456,0,0.039724,0,0.051955
2578,2025/26,27,Arka Gdynia,Zagłębie Lubin,14.0,11.0,25.0,13.7117,12.5008,26.2125,0.054718,1,5023.6967,0.6071,0.5345,0.1867,0.409,0.1796,0.0,0.0,0.0,2e-06,7e-06,2.4e-05,6.8e-05,0.000173,0.000394,0.000813,0.001547,0.002733,0.004521,0.00705,0.010419,0.01466,0.019722,0.025456,0.031624,0.037913,0.043973,0.049448,0.054017,0.057424,0.059503,0.060187,0.059504,0.057572,0.054573,0.050733,0.046299,0.041514,0.036602,0.031758,0.027135,0.022847,0.018967,0.015536,0.012561,0.01003,0.007914,0.006173,0.004761,0.003634,0.002744,0.002052,0.00152,0.001116,0.000811,0.000585,0.000418,0.000965,0.989718,0.010282,1,0.010335,0.982668,0.017332,1,0.017484,0.972249,0.027751,1,0.028143,0.957589,0.042411,1,0.043336,0.937867,0.062133,1,0.064147,0.912411,0.087589,1,0.091665,0.880787,0.119213,1,0.126939,0.842874,0.157126,1,0.170937,0.798902,0.201098,1,0.224517,0.749454,0.250546,1,0.28841,0.695437,0.304563,1,0.363215,0.638013,0.361987,1,0.449397,0.57851,0.42149,1,0.5473,0.518323,0.481677,0,0.730481,0.458819,0.541181,0,0.614001,0.401247,0.598753,0,0.512906,0.346674,0.653326,0,0.425679,0.29594,0.70406,0,0.350892,0.249642,0.750358,0,0.287204,0.208128,0.791872,0,0.233355,0.171526,0.828474,0,0.188169,0.139768,0.860232,0,0.150553,0.112633,0.887367,0,0.119496,0.089786,0.910214,0,0.094076,3.6e-05,0.000283,0.001167,0.003382,0.00771,0.014725,0.024486,0.036399,0.049297,0.061694,0.072132,0.079481,0.083119,0.082978,0.079461,0.073291,0.065339,0.056471,0.047439,0.038825,0.031019,0.024235,0.018546,0.013921,0.010263,0.007439,0.016622,7.3e-05,0.000542,0.002122,0.005824,0.012583,0.02277,0.035879,0.05054,0.064858,0.076912,0.08521,0.088967,0.08816,0.083395,0.075673,0.066137,0.055869,0.045753,0.036421,0.028244,0.021382,0.015829,0.011479,0.008164,0.005703,0.003917,0.00753,0.998276,0.001724,0.994894,0.005106,0.987184,0.012816,0.972459,0.027541,0.947974,0.052026,0.911574,0.088426,0.862277,0.137723,0.800583,0.199417,0.728451,0.271549,0.64897,0.35103,0.56585,0.43415,0.482872,0.517128,0.403411,0.596589,0.330119,0.669881,0.26478,0.73522,0.20831,0.79169,0.16087,0.83913,0.122045,0.877955,0.091027,0.908973,0.066792,0.933208,0.048246,0.951754,0.997199,0.002801,0.991375,0.008625,0.978792,0.021208,0.956021,0.043979,0.920142,0.079858,0.869602,0.130398,0.804744,0.195256,0.727832,0.272168,0.642623,0.357377,0.553656,0.446344,0.465496,0.534504,0.382101,0.617899,0.306428,0.693572,0.240292,0.759708,0.184423,0.815577,0.138669,0.861331,0.102249,0.897751,0.074005,0.925995,0.052623,0.947377,0.036794,0.963206,0.025315,0.974685,1,0.001725,1,0.002805,1,0.005119,1,0.008662,1,0.012899,1,0.021436,1,0.027927,1,0.044975,1,0.053428,1,0.083227,1,0.092583,1,0.13972,1,0.148179,1,0.217231,1,0.222415,1,0.317685,1,0.316835,1,0.442197,1,0.432369,0,0.806665,1,0.569426,0,0.626416,1,0.728004,0,0.48143,0,0.516527,0,0.3659,0,0.400655,0,0.274821,0,0.307586,0,0.203859,0,0.233585,0,0.149276,0,0.17539,0,0.107863,0,0.13016,0,0.076886,0,0.09544,0,0.054058,0,0.069127,0,0.037488,0,0.049449,0,0.025641
2579,2025/26,27,Bruk-Bet Termalica Nieciecza,Piast Gliwice,6.0,21.0,27.0,15.1566,13.8828,29.0395,0.054718,1,5023.6967,0.6071,0.5345,0.1867,0.409,0.1796,0.0,0.0,0.0,0.0,2e-06,6e-06,1.9e-05,5.2e-05,0.000125,0.000275,0.000554,0.001038,0.001821,0.00301,0.004715,0.007033,0.010031,0.013725,0.018074,0.022971,0.028243,0.033668,0.038988,0.043937,0.048262,0.051749,0.054234,0.055625,0.055893,0.055081,0.053284,0.050646,0.047335,0.043535,0.039431,0.035192,0.03097,0.026889,0.023045,0.019506,0.016314,0.013488,0.011028,0.008921,0.007143,0.005662,0.004445,0.003458,0.002665,0.002037,0.001543,0.004328,0.996106,0.003894,1,0.003901,0.993097,0.006903,1,0.006927,0.988382,0.011618,1,0.011686,0.981348,0.018652,1,0.018828,0.971318,0.028682,1,0.029102,0.957593,0.042407,1,0.043333,0.939518,0.060482,1,0.062388,0.916548,0.083452,1,0.087141,0.888304,0.111696,1,0.118441,0.854637,0.145363,1,0.157079,0.815649,0.184351,1,0.203772,0.771712,0.228288,1,0.259144,0.723449,0.276551,1,0.323725,0.671701,0.328299,1,0.397942,0.617466,0.382534,1,0.482131,0.561842,0.438158,0,0.825175,0.505949,0.494051,0,0.705116,0.450868,0.549132,0,0.599416,0.397584,0.602416,0,0.506806,0.346938,0.653062,0,0.426083,0.299603,0.700397,0,0.356108,0.256068,0.743932,0,0.295805,0.216637,0.783363,0,0.244159,0.181444,0.818556,0,0.200214,1.6e-05,0.000133,0.000582,0.001784,0.004302,0.00869,0.015282,0.024027,0.034415,0.04555,0.056325,0.065638,0.072597,0.076649,0.077628,0.075725,0.071397,0.065261,0.057982,0.050187,0.042406,0.03504,0.02836,0.022514,0.017554,0.013457,0.03562,3.3e-05,0.000258,0.001074,0.003133,0.007195,0.013837,0.023173,0.034692,0.047318,0.059638,0.070223,0.077926,0.08207,0.082512,0.079575,0.073917,0.066364,0.057763,0.048869,0.040279,0.032408,0.0255,0.019653,0.014857,0.01103,0.008052,0.018366,0.99839,0.00161,0.996606,0.003394,0.992304,0.007696,0.983614,0.016386,0.968332,0.031668,0.944305,0.055695,0.90989,0.09011,0.86434,0.13566,0.808015,0.191985,0.742377,0.257623,0.66978,0.33022,0.593131,0.406869,0.515503,0.484497,0.439778,0.560222,0.368381,0.631619,0.30312,0.69688,0.245137,0.754863,0.19495,0.80505,0.152545,0.847455,0.117505,0.882495,0.089145,0.910855,0.998353,0.001647,0.99522,0.00478,0.988025,0.011975,0.974188,0.025812,0.951015,0.048985,0.916323,0.083677,0.869005,0.130995,0.809367,0.190633,0.739144,0.260856,0.661218,0.338782,0.579148,0.420852,0.496636,0.503364,0.41706,0.58294,0.343143,0.656857,0.276779,0.723221,0.219015,0.780985,0.170146,0.829854,0.129867,0.870133,0.097458,0.902542,0.071958,0.928042,0.052305,0.947695,1,0.001611,1,0.001648,1,0.0034,1,0.004791,1,0.007726,1,0.012047,1,0.016522,1,0.026151,0,3.452449,1,0.050225,0,2.887865,1,0.087386,0,2.406724,1,0.140406,0,1.997604,1,0.211503,0,1.650338,1,0.302263,0,1.356258,1,0.413672,0,1.107996,1,0.546197,0,0.899264,1,0.699898,0,0.724644,1,0.874525,0,0.579422,1,1.069608,0,0.459469,1,1.284536,0,0.361142,1,1.518615,0,0.281219,1,1.771098,0,0.216851,1,2.041244,0,0.165518,1,2.328334,0,0.125002,0,0.074678,0,0.093372,0,0.053723
2580,2025/26,27,Lechia Gdańsk,Korona Kielce,17.0,18.0,35.0,16.2358,12.2186,28.4544,0.054718,1,5023.6967,0.6071,0.5345,0.1867,0.409,0.1796,0.0,0.0,0.0,1e-06,2e-06,9e-06,2.6e-05,6.9e-05,0.000164,0.000354,0.000704,0.0013,0.002247,0.003663,0.00566,0.008328,0.011717,0.015819,0.020558,0.025788,0.031299,0.036837,0.042123,0.046881,0.050866,0.05388,0.055793,0.056548,0.05616,0.054707,0.052322,0.049174,0.045451,0.041347,0.037046,0.032713,0.028487,0.024478,0.020766,0.017401,0.01441,0.011798,0.009554,0.007656,0.006072,0.00477,0.003711,0.002861,0.002186,0.001656,0.001245,0.003393,0.995124,0.004876,1,0.004888,0.991461,0.008539,1,0.008576,0.985801,0.014199,1,0.014301,0.977473,0.022527,1,0.022784,0.965756,0.034244,1,0.034844,0.949937,0.050063,1,0.051359,0.929379,0.070621,1,0.073238,0.903591,0.096409,1,0.101378,0.872292,0.127708,1,0.136631,0.835455,0.164545,1,0.179779,0.793332,0.206668,1,0.231513,0.746451,0.253549,1,0.292425,0.695586,0.304414,1,0.363001,0.641706,0.358294,1,0.443626,0.585912,0.414088,1,0.534585,0.529364,0.470636,1,0.63608,0.473204,0.526796,1,0.748229,0.418497,0.581503,1,0.871085,0.366175,0.633825,1,1.004643,0.317002,0.682998,1,1.148849,0.27155,0.72845,1,1.303607,0.230203,0.769797,1,1.468792,0.193157,0.806843,1,1.644251,0.160444,0.839556,0,0.174882,9e-06,7.7e-05,0.000351,0.001116,0.002792,0.005851,0.010678,0.01742,0.025893,0.035563,0.045634,0.055184,0.063336,0.069392,0.072929,0.073823,0.072229,0.068511,0.063164,0.056734,0.049745,0.042654,0.035824,0.029512,0.023878,0.018996,0.056706,8.6e-05,0.000633,0.002443,0.006616,0.014101,0.025171,0.039125,0.054367,0.068826,0.080513,0.087992,0.090629,0.088592,0.08267,0.074,0.0638,0.053165,0.042951,0.033727,0.025801,0.019268,0.014072,0.010066,0.007063,0.004867,0.003298,0.006113,0.997562,0.002438,0.996447,0.003553,0.993655,0.006345,0.987804,0.012196,0.977127,0.022873,0.959707,0.040293,0.933814,0.066186,0.898251,0.101749,0.852617,0.147383,0.797433,0.202567,0.734097,0.265903,0.664705,0.335295,0.591776,0.408224,0.517953,0.482047,0.445724,0.554276,0.377213,0.622787,0.314049,0.685951,0.257315,0.742685,0.20757,0.79243,0.164916,0.835084,0.129092,0.870908,0.996792,0.003208,0.990176,0.009824,0.976075,0.023925,0.950904,0.049096,0.911778,0.088222,0.857411,0.142589,0.788586,0.211414,0.708073,0.291927,0.620081,0.379919,0.529452,0.470548,0.44086,0.55914,0.35819,0.64181,0.28419,0.71581,0.22039,0.77961,0.167225,0.832775,0.124274,0.875726,0.090548,0.909452,0.064746,0.935254,0.045478,0.954522,0.031406,0.968594,0.021341,0.978659,1,0.002441,1,0.003213,1,0.003559,1,0.009873,1,0.006365,1,0.024216,1,0.012271,1,0.050342,1,0.023139,1,0.092359,1,0.041127,1,0.153838,1,0.068478,1,0.237514,1,0.107306,1,0.345208,1,0.159445,1,0.477905,1,0.226357,1,0.635913,1,0.309114,1,0.819028,1,0.408412,1,1.026692,1,0.524627,1,1.258112,1,0.657871,1,1.512357,1,0.808055,1,1.788415,0,0.473551,1,2.085266,0,0.376949,0,0.094913,0,0.297483,0,0.066937,0,0.232651,0,0.046545,0,0.180223,0,0.03191,0,0.138219,0,0.021572
2581,2025/26,27,Górnik Zabrze,Cracovia,15.0,16.0,31.0,14.7457,11.7641,26.5098,0.054718,1,5023.6967,0.6071,0.5345,0.1867,0.409,0.1796,0.0,0.0,0.0,1e-06,6e-06,2.1e-05,6.1e-05,0.000155,0.000355,0.000736,0.001407,0.002499,0.004154,0.006511,0.009672,0.013683,0.018507,0.024019,0.030006,0.036178,0.042204,0.047738,0.052461,0.056109,0.058499,0.059542,0.059241,0.057687,0.05504,0.051507,0.047322,0.042721,0.037927,0.033138,0.028516,0.024182,0.020223,0.016686,0.013592,0.010936,0.008695,0.006834,0.005313,0.004087,0.003112,0.002346,0.001752,0.001296,0.000951,0.000691,0.000498,0.001182,0.990604,0.009396,1,0.009441,0.984092,0.015908,1,0.016036,0.97442,0.02558,1,0.025913,0.960737,0.039263,1,0.040054,0.94223,0.05777,1,0.059506,0.918211,0.081789,1,0.085328,0.888205,0.111795,1,0.118552,0.852027,0.147973,1,0.160137,0.809824,0.190176,1,0.210939,0.762086,0.237914,1,0.271696,0.709625,0.290375,1,0.343018,0.653516,0.346484,1,0.425388,0.595017,0.404983,1,0.519166,0.535475,0.464525,1,0.624601,0.476234,0.523766,1,0.741845,0.418547,0.581453,1,0.870965,0.363507,0.636493,1,1.011956,0.312,0.688,1,1.164753,0.264678,0.735322,1,1.329242,0.221957,0.778043,0,0.250974,0.18403,0.81597,0,0.203378,0.150892,0.849108,0,0.163568,0.122376,0.877624,0,0.130537,0.098193,0.901807,0,0.103355,2e-05,0.000165,0.000708,0.002137,0.005077,0.0101,0.017496,0.027095,0.038227,0.049837,0.060702,0.069677,0.075908,0.078942,0.078751,0.075667,0.070273,0.063269,0.055369,0.047206,0.039288,0.031977,0.025492,0.019934,0.015309,0.01156,0.02919,0.000114,0.000814,0.003071,0.008128,0.01693,0.029538,0.044875,0.060945,0.075407,0.086215,0.092091,0.092705,0.088571,0.08078,0.070671,0.059551,0.048502,0.038296,0.029392,0.021976,0.01604,0.011449,0.008005,0.005489,0.003697,0.002448,0.004277,0.998485,0.001515,0.996348,0.003652,0.991271,0.008729,0.981171,0.018829,0.963674,0.036326,0.936579,0.063421,0.898352,0.101648,0.848515,0.151485,0.787813,0.212187,0.718136,0.281864,0.642228,0.357772,0.563287,0.436713,0.484536,0.515464,0.408869,0.591131,0.338596,0.661404,0.275326,0.724674,0.219957,0.780043,0.172751,0.827249,0.133463,0.866537,0.101486,0.898514,0.075993,0.924007,0.995976,0.004024,0.987848,0.012152,0.970918,0.029082,0.94138,0.05862,0.896505,0.103495,0.835561,0.164439,0.760154,0.239846,0.673939,0.326061,0.581848,0.418152,0.489143,0.510857,0.400572,0.599428,0.319793,0.680207,0.249122,0.750878,0.189571,0.810429,0.141069,0.858931,0.102772,0.897228,0.073381,0.926619,0.051405,0.948595,0.035365,0.964635,0.023916,0.976084,0.015911,0.984089,1,0.001516,1,0.004032,1,0.003659,1,0.012226,1,0.008767,1,0.029513,1,0.019009,1,0.060408,1,0.037002,1,0.109251,1,0.065521,1,0.179652,1,0.107193,1,0.274234,1,0.164268,1,0.394616,1,0.238495,1,0.541546,1,0.331096,1,0.7151,1,0.442812,1,0.914862,1,0.573966,1,1.140081,1,0.724564,1,1.389813,0,0.525718,1,1.662992,0,0.41339,0,0.152067,0,0.322033,0,0.108445,0,0.248406,0,0.076213,0,0.18965,0,0.052773,0,0.14325,0,0.036005,0,0.107013,0,0.024207,0,0.079036,0,0.016039
2582,2025/26,27,Radomiak Radom,Motor Lublin,17.0,14.0,31.0,15.7162,10.4622,26.1784,0.054718,1,5023.6967,0.6071,0.5345,0.1867,0.409,0.1796,0.0,0.0,0.0,2e-06,8e-06,2.6e-05,7.4e-05,0.000187,0.000422,0.000866,0.001636,0.002872,0.004722,0.00732,0.010757,0.015058,0.020159,0.025904,0.032046,0.038273,0.044238,0.049591,0.054024,0.057293,0.059245,0.059821,0.059061,0.057083,0.054071,0.050248,0.045855,0.041128,0.036285,0.031514,0.026962,0.022738,0.018915,0.015528,0.012588,0.010082,0.007981,0.006248,0.004838,0.003708,0.002814,0.002115,0.001574,0.001162,0.00085,0.000617,0.000444,0.001048,0.989184,0.010816,1,0.010875,0.981864,0.018136,1,0.018302,0.971107,0.028893,1,0.029318,0.95605,0.04395,1,0.044945,0.935891,0.064109,1,0.066257,0.909987,0.090013,1,0.094325,0.877941,0.122059,1,0.130176,0.839668,0.160332,1,0.174749,0.79543,0.20457,1,0.228872,0.745839,0.254161,1,0.293246,0.691815,0.308185,1,0.368437,0.634521,0.365479,1,0.454884,0.575277,0.424723,1,0.552904,0.515456,0.484544,1,0.662704,0.456395,0.543605,1,0.784397,0.399312,0.600688,1,0.918012,0.345241,0.654759,1,1.063513,0.294993,0.705007,1,1.220805,0.249138,0.750862,1,1.389748,0.20801,0.79199,0,0.233207,0.171725,0.828275,0,0.18841,0.140211,0.859789,0,0.151068,0.113249,0.886751,0,0.120191,0.090511,0.909489,0,0.094872,1.2e-05,0.0001,0.000447,0.001397,0.003436,0.007078,0.012696,0.020356,0.029736,0.040139,0.050619,0.06016,0.067859,0.073068,0.075471,0.075082,0.072196,0.067301,0.060982,0.053831,0.046388,0.039091,0.032266,0.026124,0.020773,0.016241,0.045785,0.000255,0.0017,0.005964,0.014674,0.028415,0.046087,0.065088,0.082175,0.094519,0.100462,0.099757,0.093354,0.082914,0.070298,0.057173,0.044786,0.033909,0.02489,0.017758,0.012343,0.008375,0.005557,0.003612,0.002303,0.001442,0.000888,0.001297,0.998075,0.001925,0.996678,0.003322,0.993242,0.006758,0.986163,0.013837,0.973468,0.026532,0.953111,0.046889,0.923375,0.076625,0.883236,0.116764,0.832617,0.167383,0.772457,0.227543,0.704599,0.295401,0.631531,0.368469,0.55606,0.44394,0.480978,0.519022,0.408782,0.591218,0.341481,0.658519,0.280499,0.719501,0.226668,0.773332,0.18028,0.81972,0.141189,0.858811,0.108923,0.891077,0.992077,0.007923,0.977403,0.022597,0.948987,0.051013,0.9029,0.0971,0.837813,0.162187,0.755638,0.244362,0.661118,0.338882,0.560657,0.439343,0.4609,0.5391,0.367546,0.632454,0.284632,0.715368,0.214334,0.785666,0.15716,0.84284,0.112374,0.887626,0.078465,0.921535,0.053575,0.946425,0.035816,0.964184,0.023473,0.976527,0.015098,0.984902,0.009541,0.990459,0.005929,0.994071,1,0.001927,1,0.007955,1,0.003328,1,0.022856,1,0.006781,1,0.05236,1,0.013934,1,0.102143,1,0.02689,1,0.17696,1,0.048024,1,0.280193,1,0.07972,1,0.413823,1,0.124163,1,0.578646,1,0.183182,1,0.774574,1,0.258179,1,1.000907,1,0.350126,1,1.256558,1,0.459608,1,1.54022,1,0.586879,0,0.170978,1,0.731934,0,0.119205,1,0.894573,0,0.081715,0,0.417762,0,0.055064,0,0.329197,0,0.036473,0,0.257047,0,0.023753,0,0.198792,0,0.015213,0,0.152206,0,0.009587,0,0.115324,0,0.005947
2583,2025/26,27,Pogoń Szczecin,Legia Warszawa,14.0,10.0,24.0,13.1982,12.8348,26.0331,0.054718,1,5023.6967,0.6071,0.5345,0.1867,0.409,0.1796,0.0,0.0,0.0,2e-06,8e-06,2.6e-05,7.4e-05,0.000186,0.000422,0.000869,0.001646,0.002898,0.004777,0.00742,0.010924,0.015314,0.020523,0.02639,0.032657,0.039002,0.045061,0.050475,0.054925,0.058161,0.06003,0.060479,0.059557,0.057393,0.054186,0.050171,0.045601,0.040722,0.035758,0.030899,0.026293,0.022046,0.018227,0.014867,0.01197,0.009518,0.007479,0.005808,0.004461,0.00339,0.00255,0.001899,0.0014,0.001023,0.000741,0.000532,0.000378,0.000861,0.989093,0.010907,1,0.010967,0.981673,0.018327,1,0.018497,0.970749,0.029251,1,0.029688,0.955435,0.044565,1,0.045589,0.934912,0.065088,1,0.067303,0.908522,0.091478,1,0.095936,0.875865,0.124135,1,0.132544,0.836863,0.163137,1,0.178095,0.791802,0.208198,1,0.233444,0.741326,0.258674,1,0.299314,0.686402,0.313598,1,0.376292,0.628241,0.371759,1,0.464832,0.568211,0.431789,0,0.839819,0.507732,0.492268,0,0.708731,0.448175,0.551825,0,0.594525,0.390782,0.609218,0,0.495579,0.336596,0.663404,0,0.410371,0.286425,0.713575,0,0.337467,0.240824,0.759176,0,0.275521,0.200101,0.799899,0,0.22327,0.164343,0.835657,0,0.179537,0.133444,0.866556,0,0.143228,0.107151,0.892849,0,0.113338,0.085105,0.914895,0,0.088946,4.8e-05,0.000372,0.001501,0.004255,0.009491,0.017732,0.028845,0.041947,0.055575,0.068039,0.077821,0.083885,0.085817,0.083808,0.078511,0.07084,0.06178,0.052234,0.042926,0.034367,0.02686,0.020529,0.015369,0.011285,0.008139,0.005771,0.01211,6e-05,0.000452,0.001797,0.00501,0.010994,0.020208,0.032341,0.046271,0.060312,0.072643,0.081743,0.086687,0.087249,0.083829,0.07726,0.068584,0.058845,0.048948,0.039575,0.031172,0.023968,0.018023,0.013274,0.00959,0.006804,0.004747,0.009519,0.997938,0.002062,0.993683,0.006317,0.984191,0.015809,0.96646,0.03354,0.937615,0.062385,0.895667,0.104333,0.840092,0.159908,0.772053,0.227947,0.694232,0.305768,0.610348,0.389652,0.524531,0.475469,0.440723,0.559277,0.362212,0.637788,0.291372,0.708628,0.229591,0.770409,0.177358,0.822642,0.134432,0.865568,0.100064,0.899936,0.073204,0.926796,0.052675,0.947325,0.037306,0.962694,0.997597,0.002403,0.992587,0.007413,0.981592,0.018408,0.961384,0.038616,0.929044,0.070956,0.882773,0.117227,0.822461,0.177539,0.749818,0.250182,0.668075,0.331925,0.581388,0.418612,0.494139,0.505861,0.41031,0.58969,0.333049,0.666951,0.264465,0.735535,0.20562,0.79438,0.156672,0.843328,0.117098,0.882902,0.085926,0.914074,0.061957,0.938043,0.043934,0.956066,0.03066,0.96934,1,0.002064,1,0.002406,1,0.006337,1,0.007441,1,0.015935,1,0.01858,1,0.034115,1,0.039381,1,0.064416,1,0.073599,1,0.110187,1,0.124687,1,0.174244,1,0.195454,1,0.258702,1,0.287925,1,0.364949,0,1.102846,1,0.493726,0,0.870811,1,0.645251,0,0.681493,1,0.819339,0,0.528158,0,0.449749,0,0.405039,0,0.344425,0,0.307157,0,0.260834,0,0.230193,0,0.195234,0,0.170399,0,0.144369,0,0.124541,0,0.105432,0,0.089844,0,0.076022,0,0.063959,0,0.054113,0,0.044928,0,0.03802,0,0.03114
2584,2025/26,27,GKS Katowice,Wisła Płock,15.0,15.0,30.0,15.0188,12.5314,27.5502,0.054718,1,5023.6967,0.6071,0.5345,0.1867,0.409,0.1796,0.0,0.0,0.0,1e-06,4e-06,1.3e-05,3.8e-05,9.9e-05,0.000231,0.000492,0.000961,0.001746,0.00297,0.004762,0.007236,0.01047,0.014484,0.019227,0.024565,0.030291,0.036136,0.041799,0.046972,0.05137,0.054762,0.056989,0.057971,0.057712,0.056293,0.053852,0.050576,0.046671,0.042352,0.037822,0.033264,0.028829,0.024638,0.020775,0.017293,0.014217,0.01155,0.009276,0.007368,0.00579,0.004504,0.003469,0.002646,0.002,0.001498,0.001113,0.000819,0.002083,0.993445,0.006555,1,0.006576,0.988684,0.011316,1,0.011381,0.981448,0.018552,1,0.018726,0.970979,0.029021,1,0.029451,0.956494,0.043506,1,0.04448,0.937267,0.062733,1,0.064787,0.912702,0.087298,1,0.091346,0.882412,0.117588,1,0.125097,0.846275,0.153725,1,0.166911,0.804476,0.195524,1,0.217564,0.757504,0.242496,1,0.277726,0.706135,0.293865,1,0.347949,0.651372,0.348628,1,0.428674,0.594384,0.405616,1,0.52023,0.536413,0.463587,1,0.622851,0.478701,0.521299,1,0.73668,0.422408,0.577592,1,0.861783,0.368556,0.631444,1,0.998163,0.31798,0.68202,0,0.382696,0.271309,0.728691,0,0.316505,0.228957,0.771043,0,0.260011,0.191135,0.808865,0,0.212124,0.157872,0.842128,0,0.171823,0.129043,0.870957,0,0.138162,1.7e-05,0.000143,0.000622,0.001895,0.004548,0.009139,0.015993,0.025019,0.035657,0.046959,0.057777,0.066994,0.073727,0.077453,0.078052,0.075758,0.071072,0.06464,0.057143,0.049214,0.041376,0.034019,0.027396,0.02164,0.016788,0.012806,0.033368,7.2e-05,0.000533,0.00209,0.005745,0.012429,0.022523,0.035541,0.050137,0.064434,0.076521,0.084899,0.088771,0.088094,0.083454,0.075836,0.066375,0.056152,0.046052,0.036711,0.028511,0.021615,0.016026,0.011638,0.008289,0.005799,0.003989,0.007698,0.998434,0.001566,0.996539,0.003461,0.991991,0.008009,0.982852,0.017148,0.966858,0.033142,0.94184,0.05816,0.906183,0.093817,0.859224,0.140776,0.801447,0.198553,0.734452,0.265548,0.660725,0.339275,0.583272,0.416728,0.50522,0.49478,0.429462,0.570538,0.35839,0.64161,0.29375,0.70625,0.236607,0.763393,0.187393,0.812607,0.146017,0.853983,0.111998,0.888002,0.084602,0.915398,0.997239,0.002761,0.991495,0.008505,0.979066,0.020934,0.956543,0.043457,0.921001,0.078999,0.870864,0.129136,0.80643,0.19357,0.729909,0.270091,0.64501,0.35499,0.556239,0.443761,0.468145,0.531855,0.384691,0.615309,0.308856,0.691144,0.24248,0.75752,0.186328,0.813672,0.140276,0.859724,0.103565,0.896435,0.075054,0.924946,0.053439,0.946561,0.037413,0.962587,0.025775,0.974225,1,0.001567,1,0.002765,1,0.003467,1,0.008541,1,0.008041,1,0.021156,1,0.017297,1,0.04443,1,0.033704,1,0.082294,1,0.05992,1,0.138269,1,0.098514,1,0.215138,1,0.151726,1,0.314835,1,0.221336,1,0.438489,1,0.308631,1,0.586557,1,0.414418,1,0.758977,1,0.539102,1,0.955315,1,0.682761,1,1.17488,0,0.561176,0,0.277705,0,0.443775,0,0.206198,0,0.347786,0,0.151144,0,0.269982,0,0.109329,0,0.207508,0,0.07802,0,0.157844,0,0.05492,0,0.118781,0,0.038131,0,0.088396,0,0.026113
2585,2025/26,27,Raków Częstochowa,Widzew Łódź,6.0,16.0,22.0,14.717,11.4381,26.1552,0.054718,1,5023.6967,0.6071,0.5345,0.1867,0.409,0.1796,0.0,0.0,0.0,2e-06,7e-06,2.5e-05,7.2e-05,0.000182,0.000411,0.000846,0.001604,0.002824,0.004658,0.00724,0.010668,0.014968,0.020081,0.025853,0.032036,0.038317,0.044342,0.049757,0.054247,0.057561,0.059541,0.060127,0.059356,0.05735,0.054294,0.050417,0.045963,0.041176,0.036277,0.031455,0.026862,0.022608,0.018764,0.015366,0.012423,0.009921,0.007829,0.006109,0.004714,0.003599,0.002721,0.002036,0.00151,0.001109,0.000807,0.000583,0.000417,0.000968,0.989369,0.010631,1,0.010688,0.982128,0.017872,1,0.018033,0.971461,0.028539,1,0.028954,0.956493,0.043507,1,0.044482,0.936411,0.063589,1,0.0657,0.910559,0.089441,1,0.093697,0.878523,0.121477,1,0.129513,0.840206,0.159794,1,0.174108,0.795865,0.204135,1,0.228326,0.746107,0.253893,1,0.292886,0.691861,0.308139,0,1.177203,0.6343,0.3657,0,1.005941,0.574759,0.425241,0,0.855098,0.514632,0.485368,0,0.722847,0.455276,0.544724,0,0.607475,0.397926,0.602074,0,0.507375,0.343632,0.656368,0,0.421034,0.293216,0.706784,0,0.34703,0.247253,0.752747,0,0.284026,0.206077,0.793923,0,0.230769,0.1698,0.8302,0,0.186089,0.138345,0.861655,0,0.148901,0.111483,0.888517,0,0.118202,0.088876,0.911124,0,0.093076,2e-05,0.000167,0.000718,0.002165,0.005136,0.010207,0.017662,0.027322,0.038506,0.050146,0.061012,0.069958,0.076132,0.079089,0.078813,0.075646,0.070177,0.063115,0.055174,0.046989,0.039066,0.031762,0.025293,0.019757,0.015157,0.011433,0.028772,0.000139,0.000976,0.003622,0.009423,0.019293,0.033087,0.049409,0.06596,0.080221,0.090156,0.09466,0.093666,0.087964,0.078859,0.067815,0.05617,0.044968,0.034901,0.026329,0.019351,0.013883,0.009741,0.006694,0.004512,0.002987,0.001945,0.003252,0.998488,0.001512,0.996323,0.003677,0.991187,0.008813,0.980981,0.019019,0.963319,0.036681,0.935997,0.064003,0.897491,0.102509,0.847344,0.152656,0.786332,0.213668,0.716374,0.283626,0.640243,0.359757,0.561153,0.438847,0.48234,0.51766,0.406695,0.593305,0.336518,0.663482,0.273403,0.726597,0.218229,0.781771,0.17124,0.82876,0.132174,0.867826,0.100412,0.899588,0.075119,0.924881,0.995247,0.004753,0.985824,0.014176,0.96653,0.03347,0.933443,0.066557,0.884034,0.115966,0.818074,0.181926,0.737853,0.262147,0.647697,0.352303,0.553037,0.446963,0.459372,0.540628,0.371408,0.628592,0.292549,0.707451,0.224734,0.775266,0.168564,0.831436,0.123596,0.876404,0.088695,0.911305,0.062365,0.937635,0.043014,0.956986,0.029131,0.970869,0.01939,0.98061,0.012696,0.987304,1,0.001513,1,0.004764,1,0.003684,1,0.014277,1,0.008852,1,0.034043,1,0.019202,1,0.068875,0,3.305496,1,0.12326,0,2.748825,1,0.200802,0,2.277805,1,0.304011,0,1.879568,1,0.434332,0,1.543332,1,0.59233,0,1.260099,1,0.777895,0,1.022326,1,0.990454,0,0.823604,1,1.229123,0,0.658437,1,1.492838,0,0.522047,1,1.78044,0,0.410254,0,0.131928,0,0.319383,0,0.092878,0,0.246193,0,0.064395,0,0.187825,0,0.043967,0,0.141764,0,0.029564,0,0.105818,0,0.01958,0,0.07809,0,0.012777
2586,2025/26,27,Jagiellonia Białystok,Lech Poznań,10.0,17.0,27.0,15.3631,13.1973,28.5604,0.054718,1,5023.6967,0.6071,0.5345,0.1867,0.409,0.1796,0.0,0.0,0.0,1e-06,2e-06,8e-06,2.4e-05,6.4e-05,0.000153,0.000333,0.000664,0.001231,0.002138,0.003499,0.005428,0.008018,0.011323,0.015344,0.020011,0.025188,0.030672,0.036214,0.041537,0.046366,0.050449,0.053583,0.05563,0.056522,0.056265,0.054932,0.052648,0.049579,0.045911,0.041839,0.037549,0.033207,0.028958,0.024915,0.021161,0.017751,0.014713,0.012056,0.00977,0.007833,0.006216,0.004884,0.003801,0.002931,0.00224,0.001697,0.001275,0.003468,0.995383,0.004617,1,0.004628,0.991884,0.008116,1,0.008149,0.986456,0.013544,1,0.013637,0.978438,0.021562,1,0.021798,0.967115,0.032885,1,0.033438,0.951771,0.048229,1,0.04943,0.93176,0.06824,1,0.07068,0.906572,0.093428,1,0.098084,0.8759,0.1241,1,0.132503,0.839686,0.160314,1,0.174727,0.798149,0.201851,1,0.225461,0.751782,0.248218,1,0.285308,0.701333,0.298667,1,0.354772,0.64775,0.35225,1,0.43425,0.59212,0.40788,1,0.524046,0.535598,0.464402,0,0.767005,0.479333,0.520667,0,0.652645,0.424401,0.575599,0,0.552345,0.371753,0.628247,0,0.464822,0.322174,0.677826,0,0.388865,0.276263,0.723737,0,0.323327,0.234424,0.765576,0,0.267126,0.196875,0.803125,0,0.219245,0.163668,0.836332,0,0.178729,1.4e-05,0.00012,0.000528,0.00163,0.00396,0.008056,0.014274,0.022607,0.032621,0.043495,0.054182,0.063608,0.070873,0.075382,0.07691,0.07558,0.071788,0.066104,0.059166,0.051591,0.043914,0.036555,0.029805,0.023836,0.018723,0.01446,0.03918,4.9e-05,0.000372,0.001502,0.004257,0.009495,0.017738,0.028853,0.041958,0.055587,0.06805,0.077831,0.083892,0.085821,0.083809,0.078508,0.070835,0.061773,0.052226,0.042918,0.034359,0.026853,0.020523,0.015363,0.011281,0.008135,0.005769,0.012103,0.9983,0.0017,0.99667,0.00333,0.992711,0.007289,0.984654,0.015346,0.970381,0.029619,0.947774,0.052226,0.915153,0.084847,0.871658,0.128342,0.817476,0.182524,0.753867,0.246133,0.682995,0.317005,0.607612,0.392388,0.530702,0.469298,0.455122,0.544878,0.383334,0.616666,0.317229,0.682771,0.258064,0.741936,0.206473,0.793527,0.162559,0.837441,0.126004,0.873996,0.096199,0.903801,0.997938,0.002062,0.99368,0.00632,0.984186,0.015814,0.966448,0.033552,0.937595,0.062405,0.895637,0.104363,0.84005,0.15995,0.772,0.228,0.694169,0.305831,0.610277,0.389723,0.524457,0.475543,0.440648,0.559352,0.362139,0.637861,0.291304,0.708696,0.229531,0.770469,0.177305,0.822695,0.134387,0.865613,0.100028,0.899972,0.073175,0.926825,0.052652,0.947348,0.037289,0.962711,1,0.001701,1,0.002064,1,0.003336,1,0.00634,1,0.007316,1,0.01594,1,0.015465,1,0.034128,1,0.030067,1,0.064437,1,0.053639,1,0.11022,1,0.088664,1,0.174294,1,0.137358,1,0.258771,0,1.700874,1,0.36504,0,1.401883,1,0.493842,0,1.148838,1,0.645392,0,0.935504,1,0.819509,0,0.756517,1,1.015727,0,0.607193,1,1.233388,0,0.483428,1,1.471717,0,0.381596,0,0.19517,0,0.298492,0,0.144317,0,0.231268,0,0.105392,0,0.177404,0,0.075991,0,0.134679,0,0.054089,0,0.101146,0,0.038002
2587,2025/26,28,Wisła Płock,Lechia Gdańsk,9.0,17.0,26.0,14.0534,14.5747,28.6281,0.05455,1,5077.0445,0.6156,0.5481,0.1906,0.4099,0.1708,0.0,0.0,0.0,0.0,2e-06,8e-06,2.3e-05,6.1e-05,0.000147,0.000319,0.000639,0.001189,0.00207,0.003398,0.005284,0.007825,0.011079,0.015048,0.01967,0.024812,0.030278,0.03582,0.041165,0.046036,0.050179,0.053388,0.055517,0.056495,0.056321,0.055064,0.052845,0.049827,0.046196,0.042146,0.037864,0.033519,0.029257,0.025193,0.021414,0.017976,0.014909,0.012224,0.009911,0.00795,0.006312,0.004961,0.003862,0.002978,0.002276,0.001725,0.001296,0.003523,0.995542,0.004458,1,0.004468,0.992144,0.007856,1,0.007887,0.98686,0.01314,1,0.013227,0.979035,0.020965,1,0.021188,0.967956,0.032044,1,0.032569,0.952908,0.047092,1,0.048237,0.933239,0.066761,1,0.069094,0.908427,0.091573,1,0.096041,0.878149,0.121851,1,0.129939,0.842329,0.157671,1,0.171585,0.801163,0.198837,1,0.22169,0.755127,0.244873,1,0.280869,0.704948,0.295052,1,0.349631,0.65156,0.34844,1,0.428385,0.596044,0.403956,0,0.906448,0.539549,0.460451,0,0.775549,0.483228,0.516772,0,0.660153,0.428164,0.571836,0,0.558903,0.375319,0.624681,0,0.470514,0.325492,0.674508,0,0.393772,0.279296,0.720704,0,0.327526,0.237149,0.762851,0,0.270693,0.199286,0.800714,0,0.222251,0.165767,0.834233,0,0.181242,2.9e-05,0.000234,0.000983,0.002892,0.006694,0.012973,0.021892,0.033021,0.045374,0.057607,0.068325,0.076365,0.081,0.082012,0.079647,0.074498,0.067347,0.05902,0.050272,0.041715,0.033789,0.026764,0.020764,0.0158,0.011808,0.008676,0.020168,2.2e-05,0.000179,0.000765,0.002295,0.005421,0.010723,0.018469,0.028434,0.039878,0.051676,0.062557,0.071364,0.077259,0.079841,0.079141,0.075554,0.069713,0.062356,0.054211,0.045914,0.037958,0.030688,0.0243,0.018873,0.014396,0.010796,0.026687,0.998424,0.001576,0.995531,0.004469,0.988838,0.011162,0.975864,0.024136,0.953972,0.046028,0.920951,0.079049,0.875578,0.124422,0.817971,0.182029,0.749646,0.250354,0.673281,0.326719,0.59228,0.40772,0.510268,0.489732,0.430621,0.569379,0.356124,0.643876,0.288777,0.711223,0.229757,0.770243,0.179485,0.820515,0.13777,0.86223,0.10398,0.89602,0.077216,0.922784,0.056452,0.943548,0.998504,0.001496,0.996209,0.003791,0.990788,0.009212,0.980065,0.019935,0.961596,0.038404,0.933162,0.066838,0.893284,0.106716,0.841607,0.158393,0.77905,0.22095,0.707687,0.292313,0.630427,0.369573,0.550586,0.449414,0.471446,0.528554,0.395892,0.604108,0.326179,0.673821,0.263823,0.736177,0.209612,0.790388,0.163698,0.836302,0.12574,0.87426,0.095052,0.904948,0.070752,0.929248,1,0.001577,1,0.001497,1,0.004479,1,0.003798,1,0.011225,1,0.009255,1,0.024432,1,0.020136,1,0.047121,1,0.039161,1,0.082348,1,0.069176,1,0.132871,1,0.112851,0,1.703589,1,0.172442,0,1.384879,1,0.24968,0,1.118655,1,0.345753,0,0.897175,1,0.461358,0,0.713897,1,0.596772,0,0.563209,1,0.751951,0,0.440249,1,0.926614,0,0.340769,1,1.120309,0,0.261049,0,0.306285,0,0.197823,0,0.235231,0,0.148233,0,0.178765,0,0.109793,0,0.134377,0,0.08036,0,0.099878,0,0.058108,0,0.07338
2588,2025/26,28,Legia Warszawa,Górnik Zabrze,14.0,7.0,21.0,13.0639,12.8371,25.901,0.05455,1,5077.0445,0.6156,0.5481,0.1906,0.4099,0.1708,0.0,0.0,0.0,2e-06,8e-06,2.7e-05,7.8e-05,0.000196,0.000443,0.000909,0.001719,0.003019,0.004964,0.007693,0.011297,0.015797,0.021116,0.027081,0.033424,0.039809,0.045868,0.051237,0.055596,0.058705,0.060417,0.060692,0.05959,0.057255,0.053894,0.049749,0.04508,0.040133,0.035131,0.030262,0.025669,0.021455,0.017681,0.014375,0.011537,0.009144,0.00716,0.005543,0.004243,0.003214,0.002409,0.001788,0.001314,0.000957,0.00069,0.000494,0.00035,0.000788,0.988635,0.011365,1,0.01143,0.980942,0.019058,1,0.019242,0.969645,0.030355,1,0.030825,0.953848,0.046152,1,0.047251,0.932732,0.067268,1,0.069637,0.905652,0.094348,1,0.099101,0.872228,0.127772,1,0.136704,0.832419,0.167581,1,0.183419,0.786551,0.213449,1,0.240098,0.735315,0.264685,0,1.329213,0.679718,0.320282,0,1.138554,0.621014,0.378986,0,0.970255,0.560597,0.439403,0,0.822338,0.499904,0.500096,0,0.692956,0.440314,0.559686,0,0.580379,0.383058,0.616942,0,0.482981,0.329165,0.670835,0,0.399232,0.279415,0.720585,0,0.327692,0.234336,0.765664,0,0.267012,0.194203,0.805797,0,0.215924,0.159072,0.840928,0,0.173249,0.12881,0.87119,0,0.137896,0.103141,0.896859,0,0.108857,0.081686,0.918314,0,0.085216,5.2e-05,0.000397,0.001597,0.004504,0.009995,0.018575,0.030056,0.043472,0.057279,0.069732,0.079306,0.084994,0.086447,0.083928,0.078157,0.070098,0.060764,0.051062,0.041706,0.033184,0.025774,0.019576,0.014563,0.010626,0.007615,0.005365,0.011055,5.9e-05,0.000449,0.001787,0.004988,0.010956,0.020154,0.032278,0.04621,0.060264,0.072617,0.081744,0.086712,0.087294,0.083885,0.077319,0.068639,0.058892,0.048983,0.039599,0.031186,0.023975,0.018024,0.013271,0.009585,0.006798,0.004741,0.009496,0.997834,0.002166,0.993329,0.006671,0.983335,0.016665,0.964759,0.035241,0.934703,0.065297,0.891231,0.108769,0.833952,0.166048,0.76422,0.23578,0.684914,0.315086,0.59992,0.40008,0.513473,0.486527,0.429545,0.570455,0.351389,0.648611,0.28129,0.71871,0.220526,0.779474,0.169464,0.830536,0.127758,0.872242,0.094574,0.905426,0.0688,0.9312,0.049224,0.950776,0.034661,0.965339,0.997611,0.002389,0.992623,0.007377,0.981666,0.018334,0.961512,0.038488,0.929233,0.070767,0.883024,0.116976,0.82276,0.17724,0.750143,0.249857,0.668399,0.331601,0.581687,0.418313,0.494393,0.505607,0.410508,0.589492,0.333189,0.666811,0.26455,0.73545,0.205659,0.794341,0.156675,0.843325,0.117076,0.882924,0.08589,0.91411,0.061915,0.938085,0.043891,0.956109,0.03062,0.96938,1,0.002168,1,0.002392,1,0.006693,1,0.007404,1,0.016805,1,0.018504,1,0.035877,1,0.039248,1,0.067526,1,0.073396,1,0.115152,0,2.145786,1,0.181579,0,1.730251,1,0.2689,0,1.386867,1,0.378462,0,1.103823,1,0.510959,0,0.871525,1,0.666558,0,0.681996,1,0.845029,0,0.528494,0,0.432922,0,0.405249,0,0.330297,0,0.307273,0,0.249136,0,0.230242,0,0.185684,0,0.170403,0,0.136688,0,0.124516,0,0.09935,0,0.089804,0,0.071281,0,0.063915,0,0.050477,0,0.044883,0,0.035276,0,0.031099
2589,2025/26,28,Motor Lublin,Raków Częstochowa,7.0,12.0,19.0,13.3555,13.6471,27.0026,0.05455,1,5077.0445,0.6156,0.5481,0.1906,0.4099,0.1708,0.0,0.0,0.0,1e-06,5e-06,1.6e-05,4.7e-05,0.000122,0.000283,0.000596,0.001155,0.002078,0.0035,0.005556,0.00836,0.011975,0.0164,0.021548,0.027246,0.033246,0.039244,0.04491,0.049925,0.054008,0.056944,0.058605,0.05895,0.058027,0.055958,0.05292,0.049127,0.044807,0.040184,0.035462,0.030817,0.026389,0.02228,0.018558,0.015258,0.012389,0.00994,0.007883,0.006182,0.004797,0.003684,0.002801,0.002109,0.001573,0.001163,0.000852,0.000619,0.001505,0.992197,0.007803,1,0.007834,0.98664,0.01336,1,0.01345,0.978281,0.021719,1,0.021959,0.966305,0.033695,1,0.034276,0.949905,0.050095,1,0.051393,0.928358,0.071642,1,0.074338,0.901112,0.098888,1,0.104126,0.867867,0.132133,0,2.023943,0.828623,0.171377,0,1.763889,0.783713,0.216287,0,1.531147,0.733787,0.266213,0,1.32346,0.67978,0.32022,0,1.138747,0.622836,0.377164,0,0.975075,0.564231,0.435769,0,0.830644,0.505281,0.494719,0,0.703766,0.447254,0.552746,0,0.592857,0.391297,0.608703,0,0.496424,0.338377,0.661623,0,0.413059,0.28925,0.71075,0,0.341434,0.244443,0.755557,0,0.2803,0.204259,0.795741,0,0.228482,0.168797,0.831203,0,0.184881,0.13798,0.86202,0,0.148477,0.111592,0.888408,0,0.118324,4.4e-05,0.00034,0.001383,0.003951,0.008881,0.016718,0.027401,0.040144,0.053576,0.066066,0.076107,0.082619,0.085116,0.083703,0.078954,0.071728,0.06298,0.053607,0.04435,0.035744,0.028121,0.021634,0.016302,0.012048,0.008745,0.006241,0.013333,3.7e-05,0.000291,0.001199,0.003467,0.007891,0.015041,0.02496,0.037025,0.050033,0.06247,0.072864,0.080089,0.083542,0.083184,0.079446,0.073078,0.064969,0.055992,0.046903,0.038274,0.030488,0.023749,0.01812,0.01356,0.009965,0.007201,0.015941,0.998069,0.001931,0.994118,0.005882,0.985237,0.014763,0.968519,0.031481,0.941118,0.058882,0.900974,0.099026,0.847399,0.152601,0.781332,0.218668,0.705226,0.294774,0.622607,0.377393,0.53749,0.46251,0.453787,0.546213,0.374833,0.625167,0.303105,0.696895,0.240126,0.759874,0.186518,0.813482,0.142168,0.857832,0.106425,0.893575,0.078304,0.921696,0.05667,0.94333,0.040368,0.959632,0.998252,0.001748,0.994785,0.005215,0.986894,0.013106,0.971853,0.028147,0.946893,0.053107,0.909867,0.090133,0.859834,0.140166,0.797365,0.202635,0.724501,0.275499,0.644412,0.355588,0.56087,0.43913,0.477686,0.522314,0.39824,0.60176,0.325162,0.674838,0.260193,0.739807,0.204201,0.795799,0.157298,0.842702,0.119024,0.880976,0.088536,0.911464,0.064786,0.935214,0.046667,0.953333,1,0.001933,1,0.00175,1,0.005899,1,0.005229,1,0.014873,1,0.013193,1,0.031987,1,0.028551,1,0.060687,1,0.054569,0,2.312373,1,0.094457,0,1.879929,1,0.151016,0,1.520201,1,0.226443,0,1.221546,1,0.322272,0,0.974468,1,0.439417,0,0.771087,0,0.82296,0,0.604746,0,0.649486,0,0.469736,0,0.507897,0,0.361121,0,0.393283,0,0.274603,0,0.301366,0,0.206431,0,0.228409,0,0.153347,0,0.171142,0,0.112525,0,0.126725,0,0.08154,0,0.092703,0,0.058339,0,0.06698,0,0.041205,0,0.047791
2590,2025/26,28,Zagłębie Lubin,Radomiak Radom,17.0,10.0,27.0,14.3269,14.092,28.4189,0.05455,1,5077.0445,0.6156,0.5481,0.1906,0.4099,0.1708,0.0,0.0,0.0,1e-06,2e-06,8e-06,2.5e-05,6.7e-05,0.00016,0.000346,0.00069,0.001277,0.002215,0.003621,0.005609,0.008273,0.011664,0.015778,0.02054,0.025804,0.03136,0.036948,0.042288,0.047097,0.051125,0.054171,0.0561,0.056853,0.056446,0.054959,0.052527,0.049323,0.045541,0.041377,0.037019,0.032636,0.028369,0.024328,0.020593,0.017215,0.014219,0.01161,0.009374,0.007488,0.00592,0.004634,0.003592,0.002759,0.0021,0.001584,0.001185,0.003176,0.995209,0.004791,1,0.004803,0.991587,0.008413,1,0.008448,0.985978,0.014022,1,0.014121,0.977705,0.022295,1,0.022547,0.966041,0.033959,1,0.034549,0.950263,0.049737,1,0.051016,0.929723,0.070277,1,0.072869,0.903919,0.096081,1,0.101016,0.872559,0.127441,1,0.136325,0.835611,0.164389,1,0.179592,0.793323,0.206677,1,0.231525,0.746226,0.253774,1,0.292727,0.695101,0.304899,1,0.363699,0.64093,0.35907,1,0.444836,0.58483,0.41517,1,0.536435,0.527976,0.472024,0,0.750726,0.47153,0.52847,0,0.63777,0.416571,0.583429,0,0.538833,0.364044,0.635956,0,0.452627,0.314721,0.685279,0,0.377929,0.26918,0.73082,0,0.313588,0.227803,0.772197,0,0.258516,0.190784,0.809216,0,0.211689,0.158147,0.841853,0,0.17215,2.5e-05,0.000203,0.000861,0.002561,0.005992,0.011741,0.020028,0.03054,0.042423,0.054449,0.065285,0.073764,0.079096,0.080959,0.079483,0.075157,0.068685,0.06085,0.052397,0.043953,0.035991,0.02882,0.022603,0.017387,0.013136,0.009758,0.023428,2.9e-05,0.00023,0.000965,0.002843,0.00659,0.012792,0.021619,0.032661,0.044948,0.057155,0.067894,0.076002,0.08074,0.081876,0.079638,0.074605,0.067548,0.059289,0.050579,0.042035,0.034101,0.027053,0.021021,0.016021,0.011991,0.008825,0.020607,0.998485,0.001515,0.995924,0.004076,0.989932,0.010068,0.978191,0.021809,0.958163,0.041837,0.927623,0.072377,0.885201,0.114799,0.830752,0.169248,0.765467,0.234533,0.691703,0.308297,0.612607,0.387393,0.531648,0.468352,0.452165,0.547835,0.377008,0.622992,0.308324,0.691676,0.247474,0.752526,0.195077,0.804923,0.151123,0.848877,0.115132,0.884868,0.086312,0.913688,0.06371,0.93629,0.998435,0.001565,0.995592,0.004408,0.989002,0.010998,0.97621,0.02379,0.954591,0.045409,0.92193,0.07807,0.876982,0.123018,0.819827,0.180173,0.751932,0.248068,0.67593,0.32407,0.59519,0.40481,0.513314,0.486686,0.433676,0.566324,0.359071,0.640929,0.291523,0.708477,0.232234,0.767766,0.181655,0.818345,0.139619,0.860381,0.105518,0.894482,0.078465,0.921535,0.057444,0.942556,1,0.001516,1,0.001566,1,0.004084,1,0.004418,1,0.010119,1,0.011059,1,0.02205,1,0.024078,1,0.042737,1,0.046472,1,0.07513,1,0.081286,1,0.121941,1,0.131269,1,0.185424,1,0.198662,1,0.267269,0,1.394052,1,0.368599,0,1.126796,1,0.490032,0,0.904337,1,0.631774,0,0.720136,1,0.793708,0,0.568589,1,0.975489,0,0.444837,1,1.176604,0,0.344638,0,0.28432,0,0.26427,0,0.217009,0,0.200471,0,0.163841,0,0.15038,0,0.122317,0,0.11151,0,0.090266,0,0.081715,0,0.06583,0,0.05916
2591,2025/26,28,Korona Kielce,Jagiellonia Białystok,21.0,10.0,31.0,15.3313,12.8081,28.1394,0.05455,1,5077.0445,0.6156,0.5481,0.1906,0.4099,0.1708,0.0,0.0,0.0,1e-06,3e-06,1e-05,2.9e-05,7.7e-05,0.000181,0.00039,0.000772,0.00142,0.002447,0.003973,0.006113,0.008956,0.012546,0.016861,0.021811,0.027228,0.032883,0.038505,0.043801,0.048488,0.052321,0.055111,0.056741,0.057172,0.056439,0.054643,0.051935,0.0485,0.044538,0.040249,0.03582,0.031414,0.027165,0.023177,0.01952,0.016238,0.013346,0.010845,0.008715,0.006929,0.005453,0.004249,0.003279,0.002507,0.0019,0.001427,0.001063,0.00281,0.994671,0.005329,1,0.005343,0.990698,0.009302,1,0.009345,0.984585,0.015415,1,0.015535,0.975629,0.024371,1,0.024673,0.963083,0.036917,1,0.037615,0.946222,0.053778,1,0.055278,0.924411,0.075589,1,0.078598,0.897184,0.102816,1,0.108495,0.8643,0.1357,1,0.145835,0.825796,0.174204,1,0.191408,0.781995,0.218005,1,0.245907,0.733507,0.266493,1,0.309919,0.681185,0.318815,1,0.383921,0.626074,0.373926,1,0.468287,0.569332,0.430668,1,0.563291,0.51216,0.48784,1,0.669118,0.455721,0.544279,1,0.785875,0.401077,0.598923,1,0.913601,0.349142,0.650858,1,1.052276,0.300642,0.699358,0,0.357593,0.256104,0.743896,0,0.295854,0.215855,0.784145,0,0.243162,0.180036,0.819964,0,0.198495,0.148622,0.851378,0,0.160899,1.4e-05,0.000121,0.000533,0.001645,0.003995,0.008126,0.014392,0.022783,0.032856,0.04378,0.054496,0.063925,0.071163,0.07562,0.077076,0.075663,0.071787,0.066026,0.059025,0.051404,0.043699,0.036327,0.029579,0.023622,0.018528,0.014288,0.038524,6e-05,0.000456,0.001813,0.005054,0.011086,0.020365,0.032573,0.046569,0.060652,0.072988,0.082051,0.086923,0.087389,0.083865,0.077198,0.06844,0.058643,0.048712,0.039327,0.030931,0.023747,0.017829,0.01311,0.009456,0.006698,0.004665,0.009309,0.998328,0.001672,0.996683,0.003317,0.992688,0.007312,0.984562,0.015438,0.970171,0.029829,0.947388,0.052612,0.914532,0.085468,0.870752,0.129248,0.816256,0.183744,0.75233,0.24767,0.681167,0.318833,0.605547,0.394453,0.528471,0.471529,0.452809,0.547191,0.381022,0.618978,0.314995,0.685005,0.255971,0.744029,0.204567,0.795433,0.160868,0.839132,0.124541,0.875459,0.094962,0.905038,0.99758,0.00242,0.992526,0.007474,0.98144,0.01856,0.961075,0.038925,0.928502,0.071498,0.881933,0.118067,0.821281,0.178719,0.748293,0.251707,0.666242,0.333758,0.579319,0.420681,0.49193,0.50807,0.408065,0.591935,0.330867,0.669133,0.262427,0.737573,0.203783,0.796217,0.155072,0.844928,0.115744,0.884256,0.084813,0.915187,0.061066,0.938934,0.043238,0.956762,0.030127,0.969873,1,0.001673,1,0.002423,1,0.003323,1,0.007502,1,0.007339,1,0.018734,1,0.015558,1,0.039703,1,0.030283,1,0.074183,1,0.054047,1,0.125639,1,0.089343,1,0.19689,1,0.138398,1,0.289961,1,0.203027,0,1.097339,1,0.28458,0,0.86588,1,0.383948,0,0.677136,1,0.501623,0,0.524358,1,0.637767,0,0.401772,1,0.792285,0,0.30439,1,0.964898,0,0.227884,1,1.155199,0,0.168504,1,1.362691,0,0.123009,1,1.58686,0,0.088627,1,1.827171,0,0.06301,0,0.133007,0,0.044201,0,0.099778,0,0.03059
2592,2025/26,28,Cracovia,Arka Gdynia,12.0,10.0,22.0,15.6152,10.5407,26.1559,0.05455,1,5077.0445,0.6156,0.5481,0.1906,0.4099,0.1708,0.0,0.0,0.0,2e-06,8e-06,2.6e-05,7.4e-05,0.000187,0.000422,0.000867,0.001637,0.002876,0.00473,0.007335,0.010783,0.015098,0.020217,0.025981,0.032143,0.038388,0.044367,0.04973,0.054165,0.057428,0.059366,0.059922,0.059135,0.057128,0.054086,0.050233,0.045813,0.041063,0.036202,0.031417,0.026857,0.022631,0.018809,0.015427,0.012493,0.009996,0.007904,0.006181,0.004781,0.00366,0.002774,0.002082,0.001548,0.001141,0.000833,0.000604,0.000434,0.00102,0.989171,0.010829,1,0.010888,0.981836,0.018164,1,0.018331,0.971053,0.028947,1,0.029374,0.955955,0.044045,1,0.045044,0.935738,0.064262,1,0.06642,0.909758,0.090242,1,0.094577,0.877615,0.122385,1,0.130547,0.839226,0.160774,1,0.175275,0.794859,0.205141,1,0.22959,0.745129,0.254871,1,0.294198,0.690964,0.309036,0,1.174299,0.633537,0.366463,0,1.003857,0.574171,0.425829,0,0.853718,0.51425,0.48575,0,0.72206,0.455114,0.544886,0,0.607179,0.397986,0.602014,0,0.507475,0.3439,0.6561,0,0.421443,0.293667,0.706333,0,0.347669,0.247855,0.752145,0,0.284826,0.206792,0.793208,0,0.23167,0.17059,0.82941,0,0.187041,0.139173,0.860827,0,0.149862,0.112315,0.887685,0,0.119139,0.089684,0.910316,0,0.093964,1.2e-05,0.000105,0.000466,0.001453,0.003564,0.007322,0.013097,0.020941,0.030501,0.041049,0.051608,0.061143,0.068746,0.073782,0.075955,0.075308,0.072165,0.067038,0.060528,0.05324,0.045712,0.038381,0.031563,0.02546,0.020168,0.015709,0.04373,0.000242,0.001618,0.005711,0.014131,0.027512,0.044861,0.063686,0.080818,0.093426,0.099791,0.099574,0.093629,0.083551,0.07117,0.058148,0.045757,0.0348,0.025658,0.018386,0.012836,0.008747,0.005829,0.003804,0.002435,0.001531,0.000947,0.001396,0.998163,0.001837,0.99671,0.00329,0.993146,0.006854,0.985824,0.014176,0.972727,0.027273,0.951786,0.048214,0.921284,0.078716,0.880235,0.119765,0.828627,0.171373,0.767484,0.232516,0.698738,0.301262,0.624955,0.375045,0.549001,0.450999,0.473693,0.526307,0.401529,0.598471,0.334491,0.665509,0.273963,0.726037,0.220723,0.779277,0.175011,0.824989,0.13663,0.86337,0.105066,0.894934,0.992424,0.007576,0.978293,0.021707,0.950781,0.049219,0.90592,0.09408,0.842234,0.157766,0.761416,0.238584,0.66799,0.33201,0.568199,0.431801,0.468625,0.531375,0.374996,0.625004,0.291444,0.708556,0.220275,0.779725,0.162127,0.837873,0.116369,0.883631,0.081569,0.918431,0.055911,0.944089,0.037525,0.962475,0.024689,0.975311,0.015943,0.984057,0.010114,0.989886,0.00631,0.99369,1,0.001839,1,0.007605,1,0.003295,1,0.021946,1,0.006878,1,0.050472,1,0.014277,1,0.098804,1,0.027652,1,0.171697,1,0.049415,1,0.272575,1,0.081987,1,0.403482,1,0.127566,1,0.565284,1,0.187985,0,0.632287,1,0.264638,0,0.469997,0,1.199775,0,0.344526,0,0.980709,0,0.248814,0,0.79629,0,0.176889,0,0.641871,0,0.123716,0,0.513377,0,0.085088,0,0.407203,0,0.057535,0,0.320154,0,0.038247,0,0.249389,0,0.024999,0,0.192385,0,0.016071,0,0.146912,0,0.010165,0,0.111005,0,0.00633
2593,2025/26,28,Lech Poznań,GKS Katowice,18.0,18.0,36.0,16.8234,13.2192,30.0426,0.05455,1,5077.0445,0.6156,0.5481,0.1906,0.4099,0.1708,0.0,0.0,0.0,0.0,1e-06,4e-06,1.3e-05,3.5e-05,8.5e-05,0.00019,0.000389,0.000742,0.001325,0.002229,0.003553,0.005395,0.007831,0.010907,0.014621,0.018917,0.023679,0.028739,0.033887,0.038887,0.043499,0.047501,0.050703,0.052968,0.054216,0.054428,0.053642,0.051947,0.04947,0.046365,0.042795,0.038927,0.034916,0.030901,0.026997,0.023296,0.019865,0.016746,0.013963,0.011518,0.009405,0.007604,0.00609,0.004832,0.0038,0.002963,0.002291,0.006923,0.997215,0.002785,1,0.002788,0.994987,0.005013,1,0.005026,0.991434,0.008566,1,0.008603,0.986039,0.013961,1,0.014059,0.978208,0.021792,1,0.022033,0.967302,0.032698,1,0.033245,0.952681,0.047319,1,0.048475,0.933764,0.066236,1,0.068531,0.910085,0.089915,1,0.094217,0.881346,0.118654,1,0.126305,0.847459,0.152541,1,0.165513,0.808572,0.191428,1,0.212486,0.765072,0.234928,1,0.267785,0.717572,0.282428,1,0.331882,0.666869,0.333131,1,0.405162,0.6139,0.3861,1,0.487922,0.559684,0.440316,1,0.580382,0.505257,0.494743,1,0.682689,0.451615,0.548385,1,0.794925,0.399668,0.600332,1,0.917121,0.350198,0.649802,1,1.049257,0.303833,0.696167,1,1.191276,0.261038,0.738962,1,1.343088,0.222112,0.777888,1,1.504575,7e-06,5.7e-05,0.000266,0.000862,0.002199,0.0047,0.008746,0.014548,0.022045,0.030866,0.040371,0.04976,0.058205,0.064989,0.069602,0.071793,0.071573,0.06917,0.064973,0.059456,0.053109,0.046391,0.03969,0.033306,0.027448,0.022242,0.070655,4.8e-05,0.000365,0.001479,0.0042,0.009385,0.017563,0.028615,0.041673,0.055287,0.067772,0.077609,0.08375,0.08577,0.083846,0.07862,0.071001,0.061972,0.052437,0.043124,0.03455,0.02702,0.020664,0.015479,0.011372,0.008206,0.005821,0.012229,0.996698,0.003302,0.995836,0.004164,0.993637,0.006363,0.988937,0.011063,0.980191,0.019809,0.965643,0.034357,0.943597,0.056403,0.912731,0.087269,0.87236,0.12764,0.8226,0.1774,0.764395,0.235605,0.699406,0.300594,0.629805,0.370195,0.558012,0.441988,0.486439,0.513561,0.417269,0.582731,0.352296,0.647704,0.29284,0.70716,0.239731,0.760269,0.193341,0.806659,0.153651,0.846349,0.997966,0.002034,0.993766,0.006234,0.98438,0.01562,0.966817,0.033183,0.938203,0.061797,0.89653,0.10347,0.841243,0.158757,0.77347,0.22653,0.695861,0.304139,0.61211,0.38789,0.52634,0.47366,0.442494,0.557506,0.363874,0.636126,0.292873,0.707127,0.230901,0.769099,0.178464,0.821536,0.13534,0.86466,0.100791,0.899209,0.073771,0.926229,0.053106,0.946894,0.037628,0.962372,1,0.003307,1,0.002036,1,0.004173,1,0.006254,1,0.006383,1,0.015743,1,0.011125,1,0.033746,1,0.020008,1,0.063789,1,0.034961,1,0.109224,1,0.058056,1,0.172875,1,0.091314,1,0.256868,1,0.136553,1,0.362605,1,0.195285,1,0.490843,1,0.268671,1,0.641808,1,0.357524,1,0.815328,1,0.462345,1,1.010948,1,0.583375,1,1.228016,1,0.720644,1,1.465766,1,0.874024,1,1.723368,0,0.434321,0,0.145419,0,0.346498,0,0.10624,0,0.274083,0,0.076634,0,0.214854,0,0.054568,0,0.166823,0,0.038354
2594,2025/26,28,Piast Gliwice,Pogoń Szczecin,15.0,4.0,19.0,16.0656,12.3448,28.4104,0.05455,1,5077.0445,0.6156,0.5481,0.1906,0.4099,0.1708,0.0,0.0,0.0,1e-06,2e-06,9e-06,2.6e-05,6.9e-05,0.000165,0.000356,0.000709,0.001309,0.002264,0.00369,0.005702,0.008389,0.011803,0.015932,0.020701,0.02596,0.031498,0.037056,0.042354,0.047115,0.05109,0.054084,0.055968,0.056684,0.056251,0.05475,0.052318,0.049124,0.045361,0.041223,0.036896,0.032545,0.028308,0.024295,0.020585,0.017227,0.014247,0.011648,0.00942,0.007537,0.005969,0.004681,0.003637,0.002799,0.002135,0.001615,0.001212,0.003282,0.99509,0.00491,1,0.004922,0.9914,0.0086,1,0.008637,0.985698,0.014302,1,0.014405,0.977309,0.022691,1,0.022953,0.965506,0.034494,1,0.035103,0.949574,0.050426,1,0.051742,0.928873,0.071127,1,0.073783,0.902913,0.097087,0,2.332146,0.871415,0.128585,0,2.051167,0.834359,0.165641,0,1.797934,0.792005,0.207995,0,1.570242,0.744891,0.255109,0,1.366063,0.6938,0.3062,0,1.183518,0.639716,0.360284,0,1.020862,0.583748,0.416252,0,0.876465,0.527064,0.472936,0,0.748796,0.470814,0.529186,0,0.636415,0.416064,0.583936,0,0.537963,0.363746,0.636254,0,0.452157,0.314622,0.685378,0,0.377784,0.26926,0.73074,0,0.313698,0.228037,0.771963,0,0.258818,0.191141,0.808859,0,0.21213,0.158596,0.841404,0,0.172684,1e-05,8.4e-05,0.000377,0.001194,0.002975,0.006206,0.011272,0.018299,0.027064,0.036982,0.04721,0.056792,0.064836,0.070655,0.073854,0.07435,0.072342,0.068236,0.062557,0.05587,0.048708,0.041525,0.034674,0.028398,0.022842,0.018065,0.052864,8e-05,0.000587,0.002284,0.00623,0.01337,0.024031,0.037606,0.052602,0.067028,0.078917,0.0868,0.089966,0.088493,0.083089,0.07483,0.064907,0.054414,0.044221,0.03493,0.026879,0.02019,0.01483,0.01067,0.007529,0.005218,0.003556,0.006689,0.997772,0.002228,0.996577,0.003423,0.993602,0.006398,0.987396,0.012604,0.976124,0.023876,0.957825,0.042175,0.930761,0.069239,0.893779,0.106221,0.846569,0.153431,0.789777,0.210223,0.724941,0.275059,0.654286,0.345714,0.580432,0.419568,0.506082,0.493918,0.43374,0.56626,0.365504,0.634496,0.302947,0.697053,0.247077,0.752923,0.198369,0.801631,0.156844,0.843156,0.12217,0.87783,0.996996,0.003004,0.990766,0.009234,0.977395,0.022605,0.953364,0.046636,0.915759,0.084241,0.863156,0.136844,0.796128,0.203872,0.717211,0.282789,0.630411,0.369589,0.540445,0.459555,0.451952,0.548048,0.368863,0.631137,0.294033,0.705967,0.229126,0.770874,0.174713,0.825287,0.130491,0.869509,0.095561,0.904439,0.068682,0.931318,0.048492,0.951508,0.033662,0.966338,0.022992,0.977008,1,0.00223,1,0.003009,1,0.003429,1,0.009277,1,0.006419,0,3.789584,1,0.012684,0,3.065383,1,0.024166,0,2.474074,1,0.04309,0,1.988914,1,0.071753,0,1.590263,1,0.112297,0,1.263054,1,0.166564,0,0.995364,1,0.236005,0,0.777497,1,0.321665,0,0.601392,1,0.424211,0,0.460232,1,0.543983,0,0.348187,0,0.705386,0,0.26023,0,0.568702,0,0.192024,0,0.454924,0,0.139827,0,0.360894,0,0.10044,0,0.283792,0,0.071154,0,0.221107,0,0.049707,0,0.170603,0,0.034242,0,0.130302,0,0.02326
2595,2025/26,28,Widzew Łódź,Bruk-Bet Termalica Nieciecza,20.0,9.0,29.0,15.0461,13.8239,28.8699,0.05455,1,5077.0445,0.6156,0.5481,0.1906,0.4099,0.1708,0.0,0.0,0.0,0.0,2e-06,7e-06,2.1e-05,5.5e-05,0.000133,0.000292,0.000586,0.001095,0.001916,0.003159,0.004936,0.007342,0.010442,0.014247,0.018708,0.023708,0.029063,0.034542,0.03988,0.044805,0.049064,0.052444,0.05479,0.056016,0.056106,0.055112,0.053141,0.050343,0.046896,0.042988,0.038804,0.034515,0.030271,0.026192,0.02237,0.018869,0.015726,0.012956,0.010556,0.008509,0.006788,0.005361,0.004194,0.00325,0.002496,0.001901,0.001435,0.003971,0.995892,0.004108,1,0.004117,0.992733,0.007267,1,0.007294,0.987797,0.012203,1,0.012278,0.980455,0.019545,1,0.019738,0.970014,0.029986,1,0.030445,0.955766,0.044234,1,0.045242,0.937058,0.062942,1,0.06501,0.913351,0.086649,1,0.090635,0.884288,0.115712,1,0.122973,0.849746,0.150254,1,0.162818,0.809866,0.190134,1,0.210886,0.765062,0.234938,1,0.267799,0.715998,0.284002,1,0.334078,0.663554,0.336446,1,0.410145,0.608764,0.391236,1,0.496325,0.552748,0.447252,1,0.592854,0.496641,0.503359,1,0.699887,0.44153,0.55847,0,0.582554,0.388389,0.611611,0,0.491659,0.338046,0.661954,0,0.41256,0.291151,0.708849,0,0.344112,0.248163,0.751837,0,0.285236,0.209359,0.790641,0,0.234912,0.174844,0.825156,0,0.192183,1.7e-05,0.00014,0.00061,0.001864,0.004481,0.009022,0.015816,0.024782,0.035373,0.046652,0.057479,0.066735,0.073532,0.077338,0.078022,0.075809,0.071191,0.064809,0.057345,0.04943,0.041592,0.034222,0.02758,0.021801,0.016925,0.012918,0.03372,3.4e-05,0.000265,0.0011,0.003204,0.007346,0.014105,0.023579,0.035235,0.047965,0.06033,0.070889,0.078493,0.082482,0.082735,0.079601,0.073761,0.06606,0.057354,0.048398,0.039786,0.031927,0.025053,0.019256,0.014516,0.010747,0.007823,0.017692,0.998438,0.001562,0.996574,0.003426,0.992092,0.007908,0.98307,0.01693,0.967254,0.032746,0.942473,0.057527,0.9071,0.0929,0.860447,0.139553,0.802969,0.197031,0.736234,0.263766,0.662702,0.337298,0.585364,0.414636,0.507342,0.492658,0.431533,0.568467,0.360343,0.639657,0.295534,0.704466,0.238189,0.761811,0.188758,0.811242,0.147167,0.852833,0.112944,0.887056,0.085364,0.914636,0.998338,0.001662,0.995134,0.004866,0.987789,0.012211,0.973684,0.026316,0.950105,0.049895,0.91487,0.08513,0.866905,0.133095,0.806575,0.193425,0.735686,0.264314,0.657193,0.342807,0.574711,0.425289,0.491976,0.508024,0.412375,0.587625,0.338613,0.661387,0.272553,0.727447,0.215199,0.784801,0.166801,0.833199,0.127015,0.872985,0.095088,0.904912,0.070035,0.929965,0.050779,0.949221,1,0.001563,1,0.001663,1,0.003432,1,0.004878,1,0.007939,1,0.012286,1,0.017075,1,0.026668,1,0.033294,1,0.051183,1,0.059248,1,0.088973,1,0.097503,1,0.142826,1,0.150303,0,1.642865,1,0.219439,0,1.330617,1,0.306207,0,1.070588,1,0.41143,0,0.854986,1,0.535521,0,0.677227,1,0.67857,0,0.531666,1,0.840411,0,0.413416,1,1.020699,0,0.318214,1,1.218971,0,0.242325,1,1.434691,0,0.182483,1,1.66729,0,0.135837,0,0.159192,0,0.099918,0,0.119847,0,0.072608,0,0.089229,0,0.052114
2596,2025/26,29,Arka Gdynia,Jagiellonia Białystok,17.0,9.0,26.0,14.5231,13.1055,27.6286,0.054393,1,5129.0468,0.6166,0.5469,0.1872,0.4119,0.1719,0.0,0.0,0.0,1e-06,3e-06,1.2e-05,3.6e-05,9.4e-05,0.000219,0.000468,0.000919,0.001675,0.00286,0.004601,0.007015,0.010183,0.014132,0.018815,0.024107,0.029806,0.03565,0.041339,0.046564,0.051039,0.054525,0.056857,0.057948,0.057795,0.05647,0.054109,0.050894,0.047031,0.042734,0.03821,0.033643,0.029189,0.024969,0.021072,0.017554,0.014442,0.011739,0.009433,0.007496,0.005893,0.004585,0.003532,0.002695,0.002037,0.001526,0.001133,0.000834,0.002117,0.993713,0.006287,1,0.006307,0.989112,0.010888,1,0.010948,0.982097,0.017903,1,0.018065,0.971913,0.028087,1,0.028489,0.957781,0.042219,1,0.043136,0.938966,0.061034,1,0.062976,0.91486,0.08514,1,0.088984,0.885054,0.114946,1,0.122107,0.849403,0.150597,1,0.163221,0.808064,0.191936,1,0.213114,0.7615,0.2385,1,0.272466,0.710461,0.289539,1,0.341841,0.655936,0.344064,1,0.421693,0.599078,0.400922,1,0.512363,0.54113,0.45887,0,0.778988,0.483335,0.516665,0,0.660361,0.426866,0.573134,0,0.556636,0.372757,0.627243,0,0.466421,0.321863,0.678137,0,0.388407,0.274833,0.725167,0,0.321353,0.232098,0.767902,0,0.264094,0.193888,0.806112,0,0.215533,0.160245,0.839755,0,0.174645,0.131056,0.868944,0,0.140477,2.2e-05,0.000182,0.00078,0.002338,0.005517,0.010901,0.01875,0.028826,0.040367,0.052227,0.06312,0.071882,0.077682,0.08013,0.079276,0.075536,0.069557,0.062089,0.053867,0.045525,0.037555,0.030295,0.023935,0.018547,0.014115,0.010561,0.025914,5e-05,0.000386,0.001558,0.004406,0.009803,0.018266,0.029627,0.042953,0.056722,0.069205,0.078872,0.084702,0.08632,0.083966,0.078337,0.070388,0.061123,0.051451,0.042094,0.033548,0.026098,0.019853,0.014791,0.010809,0.007757,0.005473,0.01132,0.998513,0.001487,0.996174,0.003826,0.990657,0.009343,0.979756,0.020244,0.961006,0.038994,0.93218,0.06782,0.891812,0.108188,0.839585,0.160415,0.776465,0.223535,0.704583,0.295417,0.626901,0.373099,0.546771,0.453229,0.467495,0.532505,0.391959,0.608041,0.322403,0.677597,0.260313,0.739687,0.206447,0.793553,0.160922,0.839078,0.123367,0.876633,0.093072,0.906928,0.069137,0.930863,0.997881,0.002119,0.993475,0.006525,0.983671,0.016329,0.965406,0.034594,0.935779,0.064221,0.892826,0.107174,0.836104,0.163896,0.766899,0.233101,0.688027,0.311973,0.603325,0.396675,0.517006,0.482994,0.43304,0.56696,0.354703,0.645297,0.284315,0.715685,0.223192,0.776808,0.171741,0.828259,0.129647,0.870353,0.0961,0.9039,0.070002,0.929998,0.05015,0.94985,0.035358,0.964642,1,0.001488,1,0.002121,1,0.003833,1,0.006546,1,0.009387,1,0.016464,1,0.020452,1,0.035207,1,0.039775,1,0.066376,1,0.070229,1,0.113364,1,0.1145,1,0.179002,1,0.174848,0,1.456283,1,0.253004,0,1.164839,1,0.350149,0,0.924638,1,0.466967,0,0.727751,1,0.603725,0,0.567467,1,0.760367,0,0.438045,1,0.936598,0,0.334515,1,1.131953,0,0.252562,0,0.301528,0,0.188429,0,0.231235,0,0.138856,0,0.175452,0,0.101037,0,0.131667,0,0.072573,0,0.097692,0,0.051451,0,0.071643,0,0.035998
2597,2025/26,29,Bruk-Bet Termalica Nieciecza,Wisła Płock,14.0,16.0,30.0,15.4152,13.0,28.4153,0.054393,1,5129.0468,0.6166,0.5469,0.1872,0.4119,0.1719,0.0,0.0,0.0,1e-06,2e-06,8e-06,2.5e-05,6.8e-05,0.000161,0.000348,0.000694,0.001285,0.002227,0.003639,0.005633,0.008303,0.011701,0.015821,0.020586,0.025851,0.031403,0.036986,0.042316,0.047113,0.051127,0.054159,0.056074,0.056816,0.056399,0.054906,0.052472,0.049269,0.045489,0.04133,0.03698,0.032604,0.028345,0.024311,0.020583,0.017211,0.01422,0.011614,0.009382,0.007497,0.00593,0.004644,0.003602,0.002768,0.002108,0.001592,0.001192,0.003203,0.99518,0.00482,1,0.004831,0.991542,0.008458,1,0.008494,0.985909,0.014091,1,0.014191,0.977605,0.022395,1,0.022649,0.965904,0.034096,1,0.034691,0.950083,0.049917,1,0.051206,0.929497,0.070503,1,0.073112,0.903646,0.096354,1,0.101318,0.872242,0.127758,1,0.136688,0.835256,0.164744,1,0.180016,0.792941,0.207059,1,0.232007,0.745827,0.254173,1,0.293261,0.6947,0.3053,1,0.364275,0.640541,0.359459,1,0.445442,0.584467,0.415533,1,0.537055,0.527651,0.472349,1,0.63932,0.471252,0.528748,1,0.752363,0.416345,0.583655,1,0.87624,0.363873,0.636127,0,0.452358,0.314605,0.685395,0,0.37776,0.269116,0.730884,0,0.3135,0.227785,0.772215,0,0.258493,0.190806,0.809194,0,0.211716,0.158201,0.841799,0,0.172214,1.4e-05,0.000115,0.000509,0.001578,0.003848,0.007857,0.013966,0.022189,0.032111,0.042933,0.053621,0.063104,0.070475,0.075124,0.076807,0.075628,0.071969,0.066389,0.059521,0.051984,0.044317,0.036944,0.030163,0.024155,0.018996,0.014688,0.03993,5.4e-05,0.000409,0.001642,0.00462,0.010232,0.018974,0.030632,0.044199,0.058093,0.070543,0.080018,0.085528,0.086751,0.083986,0.077987,0.069743,0.060277,0.0505,0.041121,0.032618,0.025255,0.019121,0.014179,0.010312,0.007366,0.005172,0.010559,0.998297,0.001703,0.996719,0.003281,0.99287,0.00713,0.985013,0.014987,0.971047,0.028953,0.948858,0.051142,0.916748,0.083252,0.873815,0.126185,0.820194,0.179806,0.75709,0.24291,0.686615,0.313385,0.611491,0.388509,0.534684,0.465316,0.459056,0.540944,0.387087,0.612913,0.320698,0.679302,0.261177,0.738823,0.209193,0.790807,0.164876,0.835124,0.127932,0.872068,0.097769,0.902231,0.997785,0.002215,0.993164,0.006836,0.982933,0.017067,0.963958,0.036042,0.933327,0.066673,0.889128,0.110872,0.831035,0.168965,0.760492,0.239508,0.680473,0.319527,0.594946,0.405054,0.508195,0.491805,0.424209,0.575791,0.346221,0.653779,0.276479,0.723521,0.216202,0.783798,0.165701,0.834299,0.124581,0.875419,0.091963,0.908037,0.066708,0.933292,0.047588,0.952412,0.033409,0.966591,1,0.001704,1,0.002217,1,0.003286,1,0.006859,1,0.007156,1,0.017214,1,0.0151,1,0.036708,1,0.02938,1,0.069,1,0.052496,1,0.117514,1,0.086923,1,0.185083,1,0.134887,1,0.27379,1,0.198214,1,0.384967,1,0.278273,1,0.519285,1,0.375982,1,0.67689,1,0.491855,1,0.857529,0,0.765039,1,1.060678,0,0.61444,1,1.28562,0,0.489532,0,0.243604,0,0.386689,0,0.181163,0,0.302697,0,0.133053,0,0.234701,0,0.09647,0,0.180175,0,0.069037,0,0.136888,0,0.048758,0,0.102885,0,0.03398
2598,2025/26,29,Legia Warszawa,Zagłębie Lubin,13.0,8.0,21.0,14.8291,11.7998,26.6289,0.054393,1,5129.0468,0.6166,0.5469,0.1872,0.4119,0.1719,0.0,0.0,0.0,1e-06,6e-06,2e-05,5.7e-05,0.000146,0.000334,0.000697,0.001337,0.002383,0.003977,0.006256,0.009326,0.013237,0.017964,0.023391,0.029314,0.035454,0.041485,0.047065,0.051872,0.055637,0.058169,0.059367,0.059225,0.057822,0.055311,0.051891,0.047791,0.043249,0.038487,0.033706,0.02907,0.024708,0.020707,0.017123,0.013977,0.011269,0.008978,0.007071,0.005508,0.004245,0.003238,0.002446,0.00183,0.001356,0.000997,0.000726,0.000524,0.00125,0.991041,0.008959,1,0.008999,0.984785,0.015215,1,0.015332,0.97546,0.02454,1,0.024846,0.962222,0.037778,1,0.03851,0.944258,0.055742,1,0.057356,0.920867,0.079133,1,0.08244,0.891552,0.108448,1,0.114791,0.856098,0.143902,1,0.15537,0.814613,0.185387,1,0.205042,0.767548,0.232452,0,1.459072,0.715676,0.284324,0,1.257642,0.660039,0.339961,0,1.078926,0.601871,0.398129,0,0.920979,0.542504,0.457496,0,0.781987,0.483279,0.516721,0,0.660253,0.425457,0.574543,0,0.554181,0.370147,0.629853,0,0.462268,0.318256,0.681744,0,0.383101,0.270465,0.729535,0,0.315348,0.227216,0.772784,0,0.257756,0.188729,0.811271,0,0.209153,0.155023,0.844977,0,0.168446,0.125953,0.874047,0,0.134622,0.101246,0.898754,0,0.106746,1.9e-05,0.000156,0.000673,0.002042,0.004875,0.009744,0.016956,0.026372,0.037361,0.048901,0.059789,0.068883,0.075309,0.078588,0.078658,0.075821,0.070633,0.063786,0.055984,0.047866,0.039947,0.0326,0.026057,0.020427,0.015726,0.011904,0.030267,0.00011,0.00079,0.002995,0.007954,0.016624,0.029095,0.044329,0.060367,0.074881,0.085816,0.091869,0.092673,0.088712,0.081056,0.071034,0.059952,0.048902,0.038666,0.029714,0.022244,0.016254,0.011615,0.008128,0.005579,0.003761,0.002493,0.004361,0.998495,0.001505,0.996453,0.003547,0.991578,0.008422,0.981834,0.018166,0.964878,0.035122,0.938506,0.061494,0.901146,0.098854,0.852245,0.147755,0.792455,0.207545,0.723572,0.276428,0.648263,0.351737,0.569675,0.430325,0.491017,0.508983,0.415197,0.584803,0.344563,0.655437,0.280778,0.719222,0.224794,0.775206,0.176928,0.823072,0.136981,0.863019,0.104381,0.895619,0.078324,0.921676,0.996079,0.003921,0.988125,0.011875,0.9715,0.0285,0.942405,0.057595,0.898076,0.101924,0.83771,0.16229,0.762829,0.237171,0.677013,0.322987,0.585144,0.414856,0.492471,0.507529,0.403759,0.596241,0.322703,0.677297,0.251669,0.748331,0.191717,0.808283,0.142816,0.857184,0.10415,0.89585,0.074436,0.925564,0.052191,0.947809,0.035937,0.964063,0.024322,0.975678,0.016194,0.983806,1,0.001506,1,0.003929,1,0.003553,1,0.011946,1,0.008458,1,0.028914,1,0.018333,1,0.05932,1,0.035754,1,0.107501,1,0.063466,1,0.177083,1,0.104088,0,1.438974,1,0.159881,0,1.130143,1,0.23262,0,0.879824,1,0.323555,0,0.678201,1,0.433459,0,0.51711,0,0.843215,0,0.389645,0,0.675341,0,0.28991,0,0.53648,0,0.212843,0,0.422453,0,0.154103,0,0.329585,0,0.109982,0,0.254626,0,0.077352,0,0.194712,0,0.053602,0,0.147319,0,0.036599,0,0.11024,0,0.024623,0,0.081562,0,0.016327
2599,2025/26,29,Lechia Gdańsk,Piast Gliwice,19.0,8.0,27.0,14.0294,13.3394,27.3689,0.054393,1,5129.0468,0.6166,0.5469,0.1872,0.4119,0.1719,0.0,0.0,0.0,1e-06,4e-06,1.3e-05,4e-05,0.000104,0.000243,0.000516,0.001007,0.001827,0.003103,0.004967,0.007535,0.010881,0.015023,0.019897,0.025361,0.031193,0.037115,0.042812,0.047969,0.052301,0.055578,0.057647,0.05844,0.057973,0.056341,0.053695,0.050232,0.046168,0.041722,0.037102,0.032489,0.028033,0.023848,0.020015,0.016581,0.013566,0.010966,0.008762,0.006924,0.005413,0.004188,0.003208,0.002433,0.001829,0.001362,0.001006,0.000736,0.001833,0.993141,0.006859,1,0.006882,0.988174,0.011826,1,0.011896,0.980639,0.019361,1,0.019551,0.969758,0.030242,1,0.030709,0.954736,0.045264,1,0.046321,0.934839,0.065161,1,0.067381,0.909478,0.090522,1,0.094885,0.878284,0.121716,1,0.129785,0.84117,0.15883,1,0.172962,0.798358,0.201642,1,0.225198,0.750389,0.249611,1,0.287163,0.698089,0.301911,1,0.359409,0.64251,0.35749,1,0.442372,0.584863,0.415137,1,0.536377,0.526423,0.473577,1,0.64165,0.46845,0.53155,0,0.631958,0.412109,0.587891,0,0.531214,0.358414,0.641586,0,0.443813,0.308183,0.691817,0,0.368434,0.262015,0.737985,0,0.303832,0.220293,0.779707,0,0.248837,0.183191,0.816809,0,0.20235,0.150702,0.849298,0,0.163345,0.122669,0.877331,0,0.130871,3e-05,0.000236,0.00099,0.002912,0.006739,0.013058,0.022028,0.033212,0.045612,0.057875,0.068597,0.076613,0.081199,0.082142,0.079701,0.074476,0.067259,0.05888,0.050098,0.041523,0.033594,0.026577,0.020593,0.01565,0.01168,0.008571,0.019838,4.4e-05,0.000341,0.001388,0.003966,0.008916,0.016784,0.027505,0.040289,0.053754,0.066263,0.0763,0.082787,0.085241,0.083774,0.078967,0.071687,0.062895,0.053491,0.044215,0.035603,0.027983,0.021507,0.016189,0.011953,0.008666,0.006178,0.013154,0.998425,0.001575,0.995513,0.004487,0.988774,0.011226,0.975716,0.024284,0.953688,0.046312,0.920476,0.079524,0.874864,0.125136,0.816989,0.183011,0.748391,0.251609,0.671778,0.328222,0.590579,0.409421,0.508437,0.491563,0.428736,0.571264,0.354261,0.645739,0.287002,0.712998,0.228122,0.771878,0.178024,0.821976,0.136501,0.863499,0.102908,0.897092,0.076331,0.923669,0.055738,0.944262,0.998067,0.001933,0.994101,0.005899,0.985185,0.014815,0.968402,0.031598,0.940896,0.059104,0.900607,0.099393,0.846853,0.153147,0.78059,0.21941,0.70429,0.29571,0.621503,0.378497,0.536262,0.463738,0.452488,0.547512,0.373521,0.626479,0.301833,0.698167,0.238938,0.761062,0.185448,0.814552,0.141233,0.858767,0.10563,0.89437,0.077647,0.922353,0.05614,0.94386,0.039951,0.960049,1,0.001576,1,0.001935,1,0.004497,1,0.005916,1,0.011289,1,0.014926,1,0.024584,1,0.032108,1,0.047419,1,0.060923,1,0.082864,1,0.104686,1,0.133687,0,1.876357,1,0.20213,0,1.516813,1,0.28983,0,1.218376,1,0.397827,0,0.971547,1,0.526652,0,0.768436,1,0.676414,0,0.602371,1,0.846914,0,0.46764,1,1.037721,0,0.359297,1,1.248266,0,0.27304,1,1.477875,0,0.205117,1,1.725837,0,0.152258,0,0.146763,0,0.111636,0,0.108597,0,0.080827,0,0.079401,0,0.057777,0,0.057352,0,0.040771
2600,2025/26,29,Górnik Zabrze,Korona Kielce,20.0,17.0,37.0,16.3621,12.4335,28.7956,0.054393,1,5129.0468,0.6166,0.5469,0.1872,0.4119,0.1719,0.0,0.0,0.0,0.0,2e-06,7e-06,2.2e-05,5.9e-05,0.000141,0.000307,0.000614,0.001143,0.001993,0.003275,0.005101,0.007564,0.010725,0.01459,0.019104,0.024143,0.029519,0.034995,0.040305,0.045178,0.049364,0.052655,0.054902,0.056026,0.056018,0.054935,0.052889,0.050034,0.046548,0.042619,0.03843,0.03415,0.029926,0.025875,0.022086,0.018621,0.015514,0.012778,0.01041,0.008391,0.006695,0.005289,0.004139,0.003209,0.002466,0.001879,0.00142,0.003947,0.995711,0.004289,1,0.004298,0.992436,0.007564,1,0.007593,0.987335,0.012665,1,0.012746,0.979771,0.020229,1,0.020436,0.969046,0.030954,1,0.031443,0.954457,0.045543,1,0.046613,0.935353,0.064647,1,0.066832,0.91121,0.08879,1,0.092982,0.881691,0.118309,1,0.125913,0.846696,0.153304,1,0.166413,0.806391,0.193609,1,0.215186,0.761213,0.238787,1,0.272842,0.711849,0.288151,1,0.339889,0.659194,0.340806,1,0.416737,0.604293,0.395707,1,0.503697,0.548267,0.451733,1,0.600993,0.492249,0.507751,1,0.70877,0.437315,0.562685,1,0.827102,0.384426,0.615574,1,0.956004,0.334392,0.665608,1,1.095442,0.287844,0.712156,1,1.245337,0.245225,0.754775,1,1.405577,0.206796,0.793204,1,1.576024,0.172645,0.827355,1,1.756517,8e-06,7.2e-05,0.000327,0.001045,0.002632,0.005548,0.010182,0.016702,0.024956,0.034451,0.044426,0.053982,0.062246,0.068509,0.072321,0.073525,0.072242,0.068806,0.063694,0.057436,0.050556,0.043515,0.036683,0.03033,0.024628,0.019662,0.059361,7.5e-05,0.000557,0.002177,0.005968,0.012872,0.023249,0.036557,0.051378,0.065772,0.077793,0.085948,0.089477,0.088397,0.083356,0.07539,0.065667,0.055279,0.045109,0.035776,0.02764,0.020845,0.015372,0.011102,0.007865,0.005471,0.003742,0.007111,0.997436,0.002564,0.99639,0.00361,0.993759,0.006241,0.988211,0.011789,0.97803,0.02197,0.961328,0.038672,0.936372,0.063628,0.901921,0.098079,0.857496,0.142504,0.803514,0.196486,0.741268,0.258732,0.672759,0.327241,0.600438,0.399562,0.526913,0.473087,0.454671,0.545329,0.385865,0.614135,0.322171,0.677829,0.264735,0.735265,0.214179,0.785821,0.170665,0.829335,0.133982,0.866018,0.997134,0.002866,0.991166,0.008834,0.978294,0.021706,0.955045,0.044955,0.918488,0.081512,0.867111,0.132889,0.801338,0.198662,0.723545,0.276455,0.637598,0.362402,0.548121,0.451879,0.459724,0.540276,0.376368,0.623632,0.300979,0.699021,0.235312,0.764688,0.180033,0.819967,0.134924,0.865076,0.099148,0.900852,0.071508,0.928492,0.050663,0.949337,0.035292,0.964708,0.02419,0.97581,1,0.002567,1,0.00287,1,0.003617,1,0.008873,1,0.006261,1,0.021945,1,0.011859,1,0.045997,1,0.022215,1,0.085026,1,0.03944,1,0.142588,1,0.065742,1,0.221472,1,0.103228,1,0.323593,1,0.153739,1,0.450047,1,0.218761,1,0.601259,1,0.299393,1,0.777129,1,0.396368,1,0.977188,1,0.510096,1,1.200715,1,0.64072,1,1.446843,1,0.788181,1,1.714615,1,0.952268,0,0.144938,1,1.132673,0,0.104414,1,1.329026,0,0.074194,0,0.241026,0,0.051991,0,0.187131,0,0.03593,0,0.14385,0,0.024487
2601,2025/26,29,Radomiak Radom,Widzew Łódź,20.0,7.0,27.0,13.7449,10.8663,24.6113,0.054393,1,5129.0468,0.6166,0.5469,0.1872,0.4119,0.1719,0.0,0.0,1e-06,4e-06,1.6e-05,5.1e-05,0.000141,0.000345,0.000756,0.001504,0.002754,0.004686,0.007465,0.011209,0.015952,0.021617,0.028008,0.034817,0.041657,0.048102,0.053738,0.058208,0.061252,0.062728,0.062619,0.061021,0.058125,0.054187,0.049493,0.044338,0.038993,0.033696,0.028634,0.023946,0.019722,0.016008,0.012812,0.010117,0.007887,0.006073,0.00462,0.003476,0.002586,0.001903,0.001387,0.001,0.000715,0.000506,0.000355,0.000247,0.00017,0.000353,0.982278,0.017722,1,0.01788,0.971069,0.028931,1,0.029358,0.955117,0.044883,1,0.045922,0.933499,0.066501,1,0.068815,0.905492,0.094508,1,0.099277,0.870675,0.129325,1,0.138487,0.829018,0.170982,1,0.187514,0.780915,0.219085,1,0.247289,0.727177,0.272823,1,0.318585,0.668969,0.331031,1,0.402017,0.607717,0.392283,1,0.498045,0.54499,0.45501,1,0.606989,0.482371,0.517629,1,0.729042,0.42135,0.57865,1,0.864292,0.363225,0.636775,1,1.012734,0.309038,0.690962,0,0.36967,0.259544,0.740456,0,0.300489,0.215206,0.784794,0,0.242334,0.176213,0.823787,0,0.193843,0.142517,0.857483,0,0.153754,0.113884,0.886116,0,0.120907,0.089937,0.910063,0,0.094242,0.070215,0.929785,0,0.072802,0.054207,0.945793,0,0.055732,3.5e-05,0.000274,0.001138,0.003307,0.007563,0.014485,0.024151,0.035991,0.048856,0.061272,0.071781,0.079238,0.083006,0.082996,0.079595,0.073514,0.06562,0.056779,0.047749,0.039117,0.03128,0.024459,0.018732,0.01407,0.010379,0.007528,0.01684,0.000196,0.001338,0.004818,0.012162,0.024153,0.040169,0.058159,0.075262,0.088716,0.096616,0.098288,0.094218,0.085706,0.074416,0.061972,0.049703,0.038526,0.028948,0.02114,0.015038,0.010443,0.007091,0.004716,0.003076,0.00197,0.001241,0.001913,0.998311,0.001689,0.995004,0.004996,0.987441,0.012559,0.972956,0.027044,0.948804,0.051196,0.912813,0.087187,0.863957,0.136043,0.802685,0.197315,0.730904,0.269096,0.651666,0.348334,0.56866,0.43134,0.485663,0.514337,0.406068,0.593932,0.332554,0.667446,0.266934,0.733066,0.210155,0.789845,0.162406,0.837594,0.123289,0.876711,0.092009,0.907991,0.06755,0.93245,0.048818,0.951182,0.993641,0.006359,0.981479,0.018521,0.957326,0.042674,0.917157,0.082843,0.858998,0.141002,0.783736,0.216264,0.69502,0.30498,0.598404,0.401596,0.500116,0.499884,0.405899,0.594101,0.320192,0.679808,0.245776,0.754224,0.183804,0.816196,0.134101,0.865899,0.095575,0.904425,0.066627,0.933373,0.045487,0.954513,0.030449,0.969551,0.020007,0.979993,0.012916,0.987084,0.0082,0.9918,1,0.00169,1,0.006379,1,0.005009,1,0.018695,1,0.012639,1,0.043611,1,0.027416,1,0.086477,1,0.052553,1,0.151989,1,0.091224,0,1.531255,1,0.146232,0,1.187509,1,0.219793,0,0.912309,1,0.313473,0,0.693379,1,0.428223,0,0.520706,1,0.564473,0,0.385945,1,0.72224,0,0.282066,1,0.901235,0,0.203101,1,1.100953,0,0.143987,1,1.320754,0,0.100456,1,1.55991,0,0.06895,1,1.817656,0,0.046554,1,2.093224,0,0.030922,0,0.096521,0,0.02021,0,0.06994,0,0.013,0,0.05005,0,0.008234
2602,2025/26,29,Pogoń Szczecin,Lech Poznań,6.0,22.0,28.0,14.4096,13.0749,27.4845,0.054393,1,5129.0468,0.6166,0.5469,0.1872,0.4119,0.1719,0.0,0.0,0.0,1e-06,4e-06,1.3e-05,3.8e-05,9.9e-05,0.000233,0.000495,0.000968,0.00176,0.002995,0.004805,0.007304,0.010571,0.014626,0.019415,0.024803,0.030576,0.036463,0.042156,0.047343,0.051739,0.055109,0.057295,0.058221,0.057894,0.056398,0.053879,0.050526,0.046552,0.042173,0.037596,0.033003,0.028548,0.024348,0.020486,0.017014,0.013956,0.01131,0.009061,0.007178,0.005626,0.004364,0.003352,0.00255,0.001921,0.001435,0.001062,0.00078,0.001959,0.993396,0.006604,1,0.006626,0.988591,0.011409,1,0.011474,0.981288,0.018712,1,0.01889,0.970717,0.029283,1,0.029721,0.95609,0.04391,1,0.044903,0.936675,0.063325,1,0.065419,0.911873,0.088127,1,0.092255,0.881297,0.118703,1,0.126361,0.844834,0.155166,1,0.168615,0.802678,0.197322,1,0.219802,0.755335,0.244665,1,0.280594,0.703596,0.296404,1,0.351551,0.648487,0.351513,1,0.433114,0.591191,0.408809,1,0.525615,0.532971,0.467029,1,0.629289,0.475077,0.524923,1,0.744279,0.418679,0.581321,0,0.542452,0.3648,0.6352,0,0.453815,0.314273,0.685727,0,0.377276,0.267721,0.732279,0,0.311594,0.225548,0.774452,0,0.2556,0.187953,0.812047,0,0.208197,0.15495,0.84505,0,0.168359,0.126402,0.873598,0,0.135135,2.4e-05,0.000193,0.000824,0.002459,0.005777,0.011364,0.01946,0.029787,0.04153,0.053496,0.06437,0.072984,0.078528,0.080647,0.079439,0.075359,0.06909,0.061402,0.053037,0.044627,0.036654,0.029438,0.023156,0.017865,0.013536,0.010084,0.024415,5.1e-05,0.000393,0.001582,0.004467,0.009926,0.018468,0.029915,0.043311,0.057117,0.069593,0.079206,0.084944,0.086449,0.083976,0.07824,0.070204,0.06088,0.051177,0.041812,0.033278,0.025853,0.019639,0.014612,0.010663,0.007642,0.005385,0.011095,0.998505,0.001495,0.996046,0.003954,0.990269,0.009731,0.978905,0.021095,0.959445,0.040555,0.929658,0.070342,0.888129,0.111871,0.834632,0.165368,0.770262,0.229738,0.697278,0.302722,0.61875,0.38125,0.538103,0.461897,0.458664,0.541336,0.383306,0.616694,0.314216,0.685784,0.252813,0.747187,0.199776,0.800224,0.155149,0.844851,0.118495,0.881505,0.089057,0.910943,0.0659,0.9341,0.997854,0.002146,0.993387,0.006613,0.983461,0.016539,0.964992,0.035008,0.935077,0.064923,0.891766,0.108234,0.834648,0.165352,0.765056,0.234944,0.68585,0.31415,0.600906,0.399094,0.514458,0.485542,0.430482,0.569518,0.352242,0.647758,0.282038,0.717962,0.221157,0.778843,0.16998,0.83002,0.128168,0.871832,0.09489,0.90511,0.069037,0.930963,0.049398,0.950602,0.034785,0.965215,1,0.001496,1,0.002148,1,0.003962,1,0.006635,1,0.009779,1,0.016677,1,0.021321,1,0.035635,0,3.205096,1,0.067126,0,2.654386,1,0.114552,0,2.190409,1,0.180745,0,1.799582,1,0.267806,0,1.470816,1,0.377096,0,1.19494,1,0.509317,0,0.9643,1,0.664641,0,0.772413,1,0.84285,0,0.613715,1,1.043437,0,0.483382,1,1.265713,0,0.377193,1,1.508882,0,0.29144,1,1.772074,0,0.222864,1,2.054413,0,0.168595,1,2.355037,0,0.126125,1,2.673113,0,0.093275,1,3.007845,0,0.068172,0,0.035404
2603,2025/26,29,GKS Katowice,Motor Lublin,23.0,16.0,39.0,15.5545,12.3812,27.9356,0.054393,1,5129.0468,0.6166,0.5469,0.1872,0.4119,0.1719,0.0,0.0,0.0,1e-06,3e-06,1.1e-05,3.2e-05,8.4e-05,0.000197,0.000422,0.000833,0.001526,0.002618,0.004232,0.006484,0.009459,0.013194,0.017657,0.022742,0.02827,0.033998,0.039641,0.044903,0.0495,0.053188,0.05579,0.057201,0.057396,0.056425,0.054404,0.051496,0.047893,0.043801,0.039423,0.034943,0.030522,0.026288,0.02234,0.018741,0.015528,0.012713,0.01029,0.008237,0.006524,0.005115,0.00397,0.003052,0.002325,0.001755,0.001314,0.000975,0.002546,0.994274,0.005726,1,0.005743,0.990042,0.009958,1,0.010008,0.983559,0.016441,1,0.016578,0.9741,0.0259,1,0.026242,0.960906,0.039094,1,0.039879,0.943249,0.056751,1,0.058425,0.920507,0.079493,1,0.082831,0.892237,0.107763,1,0.114023,0.858239,0.141761,1,0.152872,0.818598,0.181402,1,0.200162,0.773695,0.226305,1,0.256578,0.724195,0.275805,1,0.322694,0.671007,0.328993,1,0.398976,0.615217,0.384783,1,0.485781,0.558016,0.441984,1,0.583368,0.50062,0.49938,1,0.691908,0.444195,0.555805,1,0.811493,0.38979,0.61021,1,0.942147,0.338294,0.661706,1,1.083839,0.290401,0.709599,1,1.236491,0.2466,0.7534,1,1.399986,0.207178,0.792822,1,1.574178,0.172235,0.827765,1,1.758895,0.141713,0.858287,1,1.953949,1.3e-05,0.000107,0.000477,0.001485,0.003638,0.007465,0.013334,0.021288,0.030958,0.041595,0.052204,0.061737,0.069286,0.074218,0.076252,0.075449,0.07215,0.066882,0.060257,0.052884,0.045305,0.037952,0.031138,0.025058,0.019803,0.015387,0.04249,7.7e-05,0.000573,0.002235,0.006111,0.013147,0.023686,0.037151,0.052082,0.066506,0.078463,0.08647,0.089794,0.088488,0.083231,0.075088,0.06524,0.054781,0.04459,0.035276,0.027185,0.02045,0.015043,0.010837,0.007658,0.005314,0.003626,0.006843,0.998215,0.001785,0.99673,0.00327,0.993092,0.006908,0.985627,0.014373,0.972293,0.027707,0.951005,0.048995,0.920046,0.079954,0.878452,0.121548,0.826248,0.173752,0.76451,0.23549,0.695225,0.304775,0.621007,0.378993,0.544755,0.455245,0.469305,0.530695,0.397155,0.602845,0.330273,0.669727,0.270016,0.729984,0.217132,0.782868,0.171827,0.828173,0.133875,0.866125,0.102737,0.897263,0.997061,0.002939,0.99095,0.00905,0.977803,0.022197,0.954117,0.045883,0.916965,0.083035,0.864884,0.135116,0.798378,0.201622,0.719915,0.280085,0.633445,0.366555,0.543651,0.456349,0.455163,0.544837,0.371932,0.628068,0.296844,0.703156,0.231604,0.768396,0.176823,0.823177,0.132232,0.867768,0.096956,0.903044,0.069771,0.930229,0.049321,0.950679,0.034278,0.965722,0.023441,0.976559,1,0.001787,1,0.002943,1,0.003275,1,0.009091,1,0.006932,1,0.022447,1,0.014477,1,0.046969,1,0.028098,1,0.086686,1,0.050236,1,0.14516,1,0.083332,1,0.225173,1,0.129594,1,0.328622,1,0.19086,1,0.456582,1,0.26852,1,0.609448,1,0.36352,1,0.7871,1,0.476413,1,0.989044,1,0.607419,1,1.214549,1,0.756502,1,1.462726,1,0.923429,0,0.194584,1,1.107836,0,0.141831,1,1.309274,0,0.101984,1,1.52725,0,0.072324,1,1.761267,0,0.050579,1,2.010849,0,0.034879,1,2.275583,0,0.02372
2604,2025/26,29,Raków Częstochowa,Cracovia,9.0,19.0,28.0,14.5585,11.9663,26.5248,0.054393,1,5129.0468,0.6166,0.5469,0.1872,0.4119,0.1719,0.0,0.0,0.0,1e-06,6e-06,2e-05,5.9e-05,0.000152,0.000347,0.000722,0.001383,0.00246,0.004098,0.006435,0.009575,0.013565,0.018374,0.023879,0.029867,0.036051,0.042099,0.047664,0.052423,0.05611,0.058538,0.059614,0.059341,0.057807,0.055172,0.051642,0.047452,0.042842,0.038034,0.033229,0.02859,0.024239,0.020264,0.016714,0.013609,0.010944,0.008696,0.006831,0.005307,0.004079,0.003103,0.002338,0.001744,0.001289,0.000944,0.000686,0.000494,0.001167,0.990751,0.009249,1,0.009292,0.984317,0.015683,1,0.015808,0.974742,0.025258,1,0.025583,0.961177,0.038823,1,0.039597,0.942802,0.057198,1,0.058899,0.918923,0.081077,1,0.084553,0.889056,0.110944,1,0.117595,0.853005,0.146995,1,0.15899,0.810906,0.189094,1,0.209604,0.763242,0.236758,1,0.27018,0.710819,0.289181,1,0.341337,0.65471,0.34529,1,0.423563,0.596172,0.403828,1,0.517226,0.536558,0.463442,1,0.62258,0.477217,0.522783,1,0.739784,0.41941,0.58059,1,0.868906,0.364239,0.635761,0,0.452932,0.312597,0.687403,0,0.374834,0.265144,0.734856,0,0.308081,0.222303,0.777697,0,0.251418,0.184268,0.815732,0,0.20367,0.151039,0.848961,0,0.163742,0.12245,0.87755,0,0.130621,0.09821,0.90179,0,0.103374,2.2e-05,0.000179,0.000767,0.002302,0.005439,0.010761,0.018534,0.028532,0.04001,0.051836,0.062732,0.071537,0.077414,0.079962,0.079218,0.075583,0.069695,0.062297,0.054121,0.045801,0.037835,0.030562,0.024179,0.018762,0.014297,0.010712,0.026394,9.9e-05,0.00072,0.002753,0.007375,0.015546,0.027439,0.042164,0.057909,0.072447,0.083737,0.090409,0.091979,0.0888,0.08183,0.072325,0.061564,0.050645,0.040387,0.031302,0.023633,0.017417,0.012552,0.008859,0.006133,0.00417,0.002787,0.004985,0.998513,0.001487,0.996211,0.003789,0.990773,0.009227,0.980012,0.019988,0.961478,0.038522,0.932946,0.067054,0.892936,0.107064,0.841101,0.158899,0.778369,0.221631,0.706832,0.293168,0.629418,0.370582,0.549456,0.450544,0.470238,0.529762,0.394655,0.605345,0.324961,0.675039,0.262663,0.737337,0.208543,0.791457,0.162741,0.837259,0.124906,0.875094,0.094344,0.905656,0.070165,0.929835,0.996395,0.003605,0.98902,0.01098,0.973474,0.026526,0.946034,0.053966,0.90387,0.09613,0.845961,0.154039,0.773514,0.226486,0.689778,0.310222,0.599369,0.400631,0.50739,0.49261,0.41859,0.58141,0.336759,0.663241,0.264434,0.735566,0.20287,0.79713,0.152225,0.847775,0.111837,0.888163,0.080535,0.919465,0.056902,0.943098,0.039485,0.960515,0.026933,0.973067,0.018074,0.981926,1,0.001488,1,0.003612,1,0.003796,1,0.011041,1,0.00927,1,0.026884,1,0.02019,1,0.055477,1,0.039284,1,0.10107,1,0.069408,1,0.167282,1,0.11324,1,0.256812,0,1.839486,1,0.371385,0,1.506741,1,0.511878,0,1.227009,1,0.678475,0,0.992681,1,0.870863,0,0.7973,1,1.088388,0,0.635327,1,1.330164,0,0.501957,1,1.59519,0,0.392985,1,1.882396,0,0.30471,1,2.190713,0,0.23388,1,2.519063,0,0.177622,0,0.058585,0,0.133424,0,0.040286,0,0.099096,0,0.027302,0,0.072748,0,0.018239
2605,2025/26,30,Wisła Płock,Radomiak Radom,10.0,17.0,27.0,15.0035,14.1897,29.1932,0.054547,1,5184.6935,0.6124,0.5421,0.1796,0.4143,0.1791,0.0,0.0,0.0,0.0,2e-06,6e-06,1.8e-05,4.8e-05,0.000117,0.000257,0.00052,0.000978,0.001722,0.002856,0.004491,0.006724,0.009623,0.013214,0.017462,0.022268,0.027471,0.032856,0.038173,0.043157,0.047557,0.051153,0.053777,0.055324,0.05576,0.055114,0.053474,0.050974,0.047779,0.04407,0.040027,0.035824,0.031613,0.027522,0.023651,0.020072,0.016832,0.013952,0.011437,0.009275,0.007445,0.005916,0.004656,0.003631,0.002805,0.002149,0.001632,0.004614,0.996333,0.003667,1,0.003674,0.993476,0.006524,1,0.006545,0.988985,0.011015,1,0.011076,0.982261,0.017739,1,0.017898,0.972638,0.027362,1,0.027743,0.959424,0.040576,1,0.041422,0.941962,0.058038,1,0.05979,0.919694,0.080306,1,0.083714,0.892223,0.107777,1,0.114039,0.859367,0.140633,1,0.151559,0.821195,0.178805,1,0.196995,0.778037,0.221963,1,0.250981,0.73048,0.26952,1,0.314053,0.679327,0.320673,1,0.386653,0.62555,0.37445,1,0.469124,0.570226,0.429774,0,0.844496,0.514466,0.485534,0,0.722506,0.459352,0.540648,0,0.614987,0.405878,0.594122,0,0.52067,0.354903,0.645097,0,0.438355,0.307124,0.692876,0,0.366904,0.263054,0.736946,0,0.305241,0.223027,0.776973,0,0.252349,0.187203,0.812797,0,0.207274,1.7e-05,0.000143,0.000623,0.001899,0.004559,0.009164,0.016039,0.025093,0.035761,0.047092,0.05793,0.067155,0.07388,0.077583,0.078147,0.075813,0.071084,0.064611,0.05708,0.049125,0.041271,0.033905,0.027282,0.021532,0.016689,0.012719,0.033036,2.7e-05,0.000218,0.000921,0.002722,0.006334,0.012343,0.020943,0.031763,0.043884,0.056021,0.066807,0.075077,0.08007,0.081513,0.079595,0.074856,0.068041,0.059954,0.051347,0.04284,0.03489,0.027787,0.021675,0.016584,0.012461,0.009206,0.021748,0.99845,0.00155,0.99655,0.00345,0.991992,0.008008,0.982828,0.017172,0.966789,0.033211,0.941696,0.058304,0.905934,0.094066,0.858843,0.141157,0.800912,0.199088,0.733758,0.266242,0.659878,0.340122,0.582295,0.417705,0.504147,0.495853,0.428334,0.571666,0.357251,0.642749,0.29264,0.70736,0.23556,0.76444,0.186435,0.813565,0.145164,0.854836,0.111258,0.888742,0.083977,0.916023,0.99846,0.00154,0.995738,0.004262,0.989404,0.010596,0.977061,0.022939,0.956118,0.043882,0.924355,0.075645,0.880471,0.119529,0.824451,0.175549,0.757644,0.242356,0.682567,0.317433,0.602497,0.397503,0.520984,0.479016,0.441389,0.558611,0.366533,0.633467,0.298492,0.701508,0.238538,0.761462,0.187191,0.812809,0.144351,0.855649,0.109461,0.890539,0.081674,0.918326,0.059999,0.940001,1,0.001551,1,0.001541,1,0.003456,1,0.004271,1,0.00804,1,0.010653,1,0.017321,1,0.023206,1,0.033775,1,0.044874,1,0.060073,1,0.078659,1,0.098789,1,0.127298,1,0.152169,1,0.193038,0,1.614008,1,0.277542,0,1.32335,1,0.381895,0,1.078451,1,0.506673,0,0.87298,1,0.652036,0,0.701476,1,0.817829,0,0.5592,1,1.003667,0,0.442001,1,1.209012,0,0.346216,0,0.272515,0,0.268612,0,0.207259,0,0.206329,0,0.155895,0,0.156846,0,0.115928,0,0.117948,0,0.085203,0,0.087714,0,0.061874
2606,2025/26,30,Lechia Gdańsk,Raków Częstochowa,11.0,16.0,27.0,14.4534,12.5507,27.0041,0.054547,1,5184.6935,0.6124,0.5421,0.1796,0.4143,0.1791,0.0,0.0,0.0,1e-06,5e-06,1.6e-05,4.8e-05,0.000123,0.000285,0.0006,0.001161,0.002087,0.003514,0.005576,0.008384,0.012003,0.01643,0.021576,0.027271,0.033263,0.039251,0.044906,0.049908,0.053977,0.056902,0.058554,0.058894,0.05797,0.055902,0.05287,0.049085,0.044774,0.040161,0.035449,0.030813,0.026393,0.022291,0.018575,0.015278,0.012411,0.009962,0.007905,0.006204,0.004816,0.003701,0.002816,0.002122,0.001584,0.001172,0.00086,0.000625,0.001525,0.992159,0.007841,1,0.007872,0.986583,0.013417,1,0.013508,0.9782,0.0218,1,0.022041,0.966197,0.033803,1,0.034388,0.949767,0.050233,1,0.051538,0.928191,0.071809,1,0.074518,0.90092,0.09908,1,0.104339,0.867657,0.132343,1,0.141959,0.828406,0.171594,1,0.188253,0.7835,0.2165,1,0.243985,0.733592,0.266408,1,0.309802,0.679615,0.320385,1,0.386229,0.622712,0.377288,1,0.47367,0.564158,0.435842,1,0.57242,0.505264,0.494736,1,0.682674,0.447294,0.552706,0,0.59293,0.391392,0.608608,0,0.496581,0.338522,0.661478,0,0.413279,0.289438,0.710562,0,0.341698,0.244664,0.755336,0,0.280592,0.204503,0.795497,0,0.228788,0.169054,0.830946,0,0.18519,0.138241,0.861759,0,0.148779,0.111847,0.888153,0,0.118612,2.4e-05,0.00019,0.00081,0.002421,0.005693,0.011209,0.019217,0.029448,0.041108,0.053022,0.063888,0.072543,0.078171,0.080407,0.079332,0.075384,0.069232,0.061638,0.053337,0.044963,0.036999,0.029773,0.023466,0.01814,0.013772,0.010281,0.025054,7e-05,0.000525,0.002061,0.005676,0.012302,0.022331,0.03529,0.049853,0.064155,0.076282,0.084732,0.088693,0.088105,0.083543,0.075984,0.066561,0.056352,0.04625,0.036894,0.028671,0.021749,0.016134,0.011722,0.008354,0.005847,0.004023,0.007771,0.9985,0.0015,0.996078,0.003922,0.990385,0.009615,0.979176,0.020824,0.959959,0.040041,0.930511,0.069489,0.889404,0.110596,0.836381,0.163619,0.772493,0.227507,0.69995,0.30005,0.621779,0.378221,0.541371,0.458629,0.46204,0.53796,0.386656,0.613344,0.317424,0.682576,0.255786,0.744214,0.202449,0.797551,0.157486,0.842514,0.120486,0.879514,0.090713,0.909287,0.067247,0.932753,0.997277,0.002723,0.991601,0.008399,0.979299,0.020701,0.956968,0.043032,0.921678,0.078322,0.871824,0.128176,0.80767,0.19233,0.731387,0.268613,0.646655,0.353345,0.557963,0.442037,0.469857,0.530143,0.386314,0.613686,0.31033,0.68967,0.243769,0.756231,0.187417,0.812583,0.141167,0.858833,0.104272,0.895728,0.075601,0.924399,0.053852,0.946148,0.037718,0.962282,0.025995,0.974005,1,0.001501,1,0.002727,1,0.00393,1,0.008434,1,0.009662,1,0.020918,1,0.021044,1,0.043985,1,0.040865,1,0.081559,1,0.072021,1,0.137168,1,0.117204,1,0.213602,1,0.178671,1,0.312813,1,0.258132,1,0.435942,0,1.203806,1,0.583463,0,0.972277,1,0.755327,0,0.779514,1,0.951105,0,0.619971,1,1.170119,0,0.488829,1,1.411534,0,0.381881,0,0.207537,0,0.295427,0,0.152181,0,0.226209,0,0.110118,0,0.171365,0,0.078611,0,0.128386,0,0.055356,0,0.095095,0,0.038448,0,0.069615,0,0.026339
2607,2025/26,30,Zagłębie Lubin,Bruk-Bet Termalica Nieciecza,10.0,15.0,25.0,14.7994,14.3313,29.1306,0.054547,1,5184.6935,0.6124,0.5421,0.1796,0.4143,0.1791,0.0,0.0,0.0,0.0,2e-06,6e-06,1.8e-05,5e-05,0.00012,0.000263,0.000532,0.000999,0.001756,0.002911,0.004571,0.006836,0.009773,0.013404,0.017692,0.022536,0.02777,0.033176,0.038499,0.043476,0.047853,0.051411,0.053984,0.055473,0.055843,0.055131,0.053427,0.050868,0.047623,0.043872,0.0398,0.035578,0.031357,0.027266,0.023402,0.019837,0.016614,0.013754,0.011261,0.009121,0.007312,0.005803,0.004562,0.003552,0.002741,0.002097,0.001591,0.004477,0.996255,0.003745,1,0.003752,0.993344,0.006656,1,0.006678,0.988773,0.011227,1,0.011291,0.981937,0.018063,1,0.018228,0.972164,0.027836,1,0.02823,0.958761,0.041239,1,0.042114,0.941068,0.058932,1,0.06074,0.918532,0.081468,1,0.084979,0.890762,0.109238,1,0.115678,0.857586,0.142414,1,0.153634,0.819087,0.180913,1,0.199566,0.77561,0.22439,1,0.254105,0.727757,0.272243,1,0.317787,0.676347,0.323653,0,1.128083,0.622363,0.377637,0,0.973821,0.56689,0.43311,0,0.836763,0.511047,0.488953,0,0.715488,0.455916,0.544084,0,0.608652,0.402489,0.597511,0,0.514983,0.351621,0.648379,0,0.43328,0.303998,0.696002,0,0.362403,0.260126,0.739874,0,0.301275,0.220326,0.779674,0,0.248879,0.184748,0.815252,0,0.204258,1.9e-05,0.000159,0.000686,0.002078,0.00495,0.009876,0.017155,0.026636,0.037676,0.049239,0.060116,0.069164,0.075517,0.078706,0.078681,0.075756,0.070496,0.063594,0.055759,0.047627,0.039711,0.032378,0.025857,0.020254,0.015581,0.011785,0.029899,2.5e-05,0.000203,0.00086,0.002556,0.005981,0.011721,0.019999,0.030501,0.042376,0.054399,0.065236,0.073722,0.079065,0.080941,0.07948,0.075166,0.068705,0.060879,0.052431,0.043989,0.036026,0.028853,0.022633,0.017413,0.013158,0.009775,0.023483,0.99849,0.00151,0.996412,0.003588,0.991462,0.008538,0.981586,0.018414,0.964431,0.035569,0.937795,0.062205,0.900119,0.099881,0.85088,0.14912,0.790765,0.209235,0.721601,0.278399,0.646084,0.353916,0.567378,0.432622,0.488697,0.511303,0.412941,0.587059,0.342445,0.657555,0.278851,0.721149,0.223091,0.776909,0.175464,0.824536,0.135753,0.864247,0.103375,0.896625,0.077518,0.922482,0.998486,0.001514,0.99593,0.00407,0.989949,0.010051,0.978228,0.021772,0.958229,0.041771,0.927729,0.072271,0.885353,0.114647,0.830954,0.169046,0.765718,0.234282,0.691996,0.308004,0.612931,0.387069,0.53199,0.46801,0.45251,0.54749,0.377344,0.622656,0.308639,0.691361,0.24776,0.75224,0.195329,0.804671,0.15134,0.84866,0.115314,0.884686,0.086461,0.913539,0.063829,0.936171,1,0.001511,1,0.001515,1,0.003594,1,0.004078,1,0.008575,1,0.010102,1,0.018586,1,0.022013,1,0.036217,1,0.042668,1,0.064224,1,0.075016,1,0.105228,1,0.121769,1,0.161484,1,0.185181,0,1.564297,1,0.266941,0,1.2787,1,0.368175,0,1.038696,1,0.489503,0,0.837891,1,0.631131,0,0.670793,1,0.792945,0,0.53263,0,0.473761,0,0.419227,0,0.369093,0,0.32691,0,0.2847,0,0.252432,0,0.217322,0,0.192934,0,0.164097,0,0.145897,0,0.122522,0,0.109118,0,0.090429,0,0.080687,0,0.065957
2608,2025/26,30,Korona Kielce,GKS Katowice,17.0,16.0,33.0,15.6321,12.162,27.7941,0.054547,1,5184.6935,0.6124,0.5421,0.1796,0.4143,0.1791,0.0,0.0,0.0,1e-06,3e-06,1.1e-05,3.4e-05,9e-05,0.000211,0.00045,0.000884,0.001613,0.002757,0.00444,0.006777,0.009851,0.013692,0.018259,0.023436,0.029033,0.034799,0.040442,0.045662,0.050176,0.053746,0.056202,0.057449,0.057473,0.056336,0.054162,0.051121,0.047412,0.043243,0.038815,0.034313,0.029894,0.025682,0.02177,0.018217,0.015057,0.012298,0.009931,0.007931,0.006268,0.004902,0.003797,0.002913,0.002214,0.001668,0.001246,0.000923,0.002394,0.993945,0.006055,1,0.006074,0.989505,0.010495,1,0.010551,0.982728,0.017272,1,0.017423,0.972876,0.027124,1,0.027498,0.959185,0.040815,1,0.041672,0.940926,0.059074,1,0.060891,0.91749,0.08251,1,0.086114,0.888457,0.111543,1,0.118269,0.853658,0.146342,1,0.158225,0.813216,0.186784,1,0.206758,0.767554,0.232446,1,0.264546,0.717379,0.282621,1,0.332151,0.663633,0.336367,1,0.410027,0.607431,0.392569,1,0.498518,0.549982,0.450018,1,0.59787,0.492509,0.507491,1,0.708243,0.436173,0.563827,1,0.829716,0.382011,0.617989,1,0.962305,0.33089,0.66911,1,1.105969,0.283478,0.716522,1,1.260621,0.240235,0.759765,1,1.426137,0.20142,0.79858,0,0.22492,0.167106,0.832894,0,0.182849,0.137213,0.862787,0,0.147587,1.2e-05,0.000104,0.000462,0.001442,0.00354,0.007276,0.013023,0.020835,0.030365,0.04089,0.051439,0.060978,0.068601,0.07367,0.075883,0.075281,0.072181,0.067092,0.060613,0.053345,0.045829,0.038502,0.031681,0.025569,0.020267,0.015795,0.044051,8.9e-05,0.000649,0.002504,0.006767,0.014394,0.025641,0.039767,0.055132,0.069626,0.081247,0.088567,0.09098,0.088695,0.082537,0.073671,0.063333,0.052621,0.042384,0.033181,0.025305,0.018839,0.013714,0.009779,0.006839,0.004697,0.003172,0.005829,0.998151,0.001849,0.996709,0.003291,0.993169,0.006831,0.985893,0.014107,0.97287,0.02713,0.952035,0.047965,0.921669,0.078331,0.880779,0.119221,0.829341,0.170659,0.768363,0.231637,0.699761,0.300239,0.626091,0.373909,0.550208,0.449792,0.474927,0.525073,0.402745,0.597255,0.335653,0.664347,0.27504,0.72496,0.221695,0.778305,0.175865,0.824135,0.137364,0.862636,0.105682,0.894318,0.996716,0.003284,0.989949,0.010051,0.975555,0.024445,0.949914,0.050086,0.910147,0.089853,0.855015,0.144985,0.785389,0.214611,0.704142,0.295858,0.615575,0.384425,0.524595,0.475405,0.4359,0.5641,0.353364,0.646636,0.279692,0.720308,0.21636,0.78364,0.163739,0.836261,0.121355,0.878645,0.088175,0.911825,0.062869,0.937131,0.044031,0.955969,0.030316,0.969684,0.020538,0.979462,1,0.001851,1,0.003289,1,0.003296,1,0.010102,1,0.006854,1,0.024749,1,0.014207,1,0.051384,1,0.027505,1,0.094149,1,0.049153,1,0.156636,1,0.081569,1,0.241576,1,0.126949,1,0.350775,1,0.187124,1,0.485198,1,0.263493,1,0.645129,1,0.357016,1,0.830342,1,0.46826,1,1.040257,1,0.597459,1,1.274066,1,0.744594,1,1.530812,1,0.909452,0,0.178815,0,0.408951,0,0.129374,0,0.321639,0,0.092307,0,0.250637,0,0.064932,0,0.193421,0,0.04503,0,0.147762,0,0.030785,0,0.111694,0,0.020752
2609,2025/26,30,Cracovia,Pogoń Szczecin,14.0,9.0,23.0,15.3272,11.4278,26.755,0.054547,1,5184.6935,0.6124,0.5421,0.1796,0.4143,0.1791,0.0,0.0,0.0,1e-06,6e-06,1.9e-05,5.5e-05,0.000141,0.000324,0.000675,0.001296,0.002312,0.003862,0.006081,0.009076,0.0129,0.017532,0.022863,0.0287,0.034773,0.040765,0.046339,0.051179,0.055014,0.05765,0.058978,0.058984,0.057737,0.055378,0.052099,0.048122,0.043678,0.038989,0.034254,0.02964,0.025277,0.021257,0.01764,0.014452,0.011695,0.009353,0.007395,0.005784,0.004476,0.003428,0.002601,0.001954,0.001455,0.001074,0.000786,0.00057,0.001382,0.991309,0.008691,1,0.008729,0.985228,0.014772,1,0.014882,0.976152,0.023848,1,0.024137,0.963252,0.036748,1,0.03744,0.945721,0.054279,1,0.055808,0.922857,0.077143,1,0.080281,0.894157,0.105843,1,0.111874,0.859384,0.140616,1,0.151539,0.81862,0.18138,1,0.200136,0.772281,0.227719,1,0.258407,0.721102,0.278898,1,0.326975,0.666088,0.333912,0,1.096878,0.608438,0.391562,0,0.937613,0.54946,0.45054,0,0.797309,0.490476,0.509524,0,0.674279,0.432739,0.567261,0,0.566936,0.377361,0.622639,0,0.473788,0.325262,0.674738,0,0.39343,0.277139,0.722861,0,0.324539,0.233461,0.766539,0,0.26587,0.194471,0.805529,0,0.216257,0.160217,0.839783,0,0.174612,0.130577,0.869423,0,0.139926,0.105301,0.894699,0,0.111268,1.5e-05,0.000121,0.000534,0.001648,0.004001,0.008138,0.014411,0.02281,0.03289,0.04382,0.054538,0.063966,0.071198,0.075646,0.077092,0.075667,0.071781,0.066011,0.059003,0.051377,0.043669,0.036297,0.02955,0.023596,0.018504,0.014268,0.038451,0.000139,0.000977,0.003628,0.009442,0.019337,0.033165,0.049524,0.066104,0.080379,0.090307,0.094782,0.093744,0.08799,0.078836,0.067751,0.056078,0.04486,0.034789,0.026222,0.019255,0.013801,0.009674,0.006641,0.004472,0.002957,0.001923,0.003206,0.99833,0.00167,0.996683,0.003317,0.992681,0.007319,0.984543,0.015457,0.970133,0.029867,0.947323,0.052677,0.914433,0.085567,0.870613,0.129387,0.816075,0.183925,0.752109,0.247891,0.680911,0.319089,0.605264,0.394736,0.528173,0.471827,0.452506,0.547494,0.380725,0.619275,0.314714,0.685286,0.255711,0.744289,0.204334,0.795666,0.160665,0.839335,0.124368,0.875632,0.094818,0.905182,0.99524,0.00476,0.985797,0.014203,0.966461,0.033539,0.933296,0.066704,0.883772,0.116228,0.817668,0.182332,0.737288,0.262712,0.646982,0.353018,0.5522,0.4478,0.458457,0.541543,0.370466,0.629534,0.29163,0.70837,0.223879,0.776121,0.167801,0.832199,0.122941,0.877059,0.088151,0.911849,0.061929,0.938071,0.042674,0.957326,0.028873,0.971127,0.019199,0.980801,0.012558,0.987442,1,0.001671,1,0.004771,1,0.003323,1,0.014305,1,0.007346,1,0.034114,1,0.015578,1,0.069033,1,0.030322,1,0.123556,1,0.054115,1,0.201299,1,0.089451,1,0.304777,1,0.138558,0,1.041236,1,0.203249,0,0.803409,1,0.284874,0,0.613333,1,0.384324,0,0.462775,1,0.502091,0,0.344789,0,0.751143,0,0.253447,0,0.602404,0,0.183684,0,0.479206,0,0.131181,0,0.377919,0,0.092281,0,0.295326,0,0.06393,0,0.228576,0,0.043611,0,0.175145,0,0.029298,0,0.132809,0,0.019386,0,0.099619,0,0.012638
2610,2025/26,30,Lech Poznań,Legia Warszawa,24.0,5.0,29.0,13.9395,13.5817,27.5212,0.054547,1,5184.6935,0.6124,0.5421,0.1796,0.4143,0.1791,0.0,0.0,0.0,1e-06,4e-06,1.3e-05,3.8e-05,9.8e-05,0.00023,0.000489,0.000956,0.00174,0.002963,0.004756,0.007234,0.010476,0.014504,0.019265,0.024627,0.03038,0.036255,0.041945,0.04714,0.051555,0.054954,0.057177,0.058145,0.057862,0.056411,0.053934,0.050617,0.046673,0.042316,0.037753,0.033168,0.028713,0.024509,0.020638,0.017155,0.014082,0.011422,0.009158,0.007261,0.005696,0.004422,0.003399,0.002587,0.001951,0.001458,0.00108,0.000794,0.001999,0.99347,0.00653,1,0.006552,0.988714,0.011286,1,0.01135,0.98148,0.01852,1,0.018693,0.971004,0.028996,1,0.029424,0.9565,0.0435,1,0.044474,0.937235,0.062765,1,0.064821,0.912608,0.087392,1,0.091449,0.882227,0.117773,1,0.125306,0.845972,0.154028,1,0.167268,0.804027,0.195973,1,0.218122,0.756887,0.243113,1,0.278542,0.705332,0.294668,1,0.349087,0.650378,0.349622,1,0.430201,0.593201,0.406799,1,0.522222,0.535057,0.464943,1,0.625383,0.477194,0.522806,1,0.739832,0.420783,0.579217,1,0.865637,0.36685,0.63315,0,0.457047,0.316232,0.683768,0,0.380137,0.269559,0.730441,0,0.314107,0.227243,0.772757,0,0.257791,0.18949,0.81051,0,0.210092,0.156322,0.843678,0,0.169985,0.127609,0.872391,0,0.136517,3.1e-05,0.000249,0.001039,0.003043,0.007009,0.013523,0.022714,0.034104,0.046646,0.05895,0.069597,0.077429,0.081751,0.082391,0.079647,0.074154,0.066728,0.058208,0.049352,0.040763,0.032866,0.025913,0.020011,0.015157,0.011275,0.008246,0.018909,3.9e-05,0.000301,0.001238,0.00357,0.008103,0.015402,0.025489,0.037706,0.050813,0.063269,0.073594,0.080669,0.083916,0.083326,0.079363,0.0728,0.064543,0.055473,0.046339,0.03771,0.029956,0.02327,0.017705,0.013213,0.009684,0.006978,0.015325,0.998385,0.001615,0.995343,0.004657,0.988333,0.011667,0.974811,0.025189,0.952097,0.047903,0.917993,0.082007,0.871347,0.128653,0.812396,0.187604,0.742799,0.257201,0.665371,0.334629,0.58362,0.41638,0.501229,0.498771,0.421582,0.578418,0.347428,0.652572,0.2807,0.7193,0.222492,0.777508,0.17314,0.82686,0.132377,0.867623,0.099511,0.900489,0.073598,0.926402,0.053587,0.946413,0.998216,0.001784,0.994646,0.005354,0.986543,0.013457,0.971141,0.028859,0.945652,0.054348,0.907946,0.092054,0.857134,0.142866,0.793865,0.206135,0.720271,0.279729,0.639602,0.360398,0.555686,0.444314,0.472361,0.527639,0.392998,0.607002,0.320198,0.679802,0.255654,0.744346,0.200182,0.799818,0.153842,0.846158,0.116132,0.883868,0.086176,0.913824,0.062905,0.937095,0.0452,0.9548,1,0.001616,1,0.001786,1,0.004668,1,0.005368,1,0.011736,1,0.013548,1,0.025512,0,3.545333,1,0.049088,0,2.912347,1,0.085566,0,2.38538,1,0.137715,0,1.945848,1,0.207767,0,1.579224,1,0.29733,0,1.273934,1,0.40741,0,1.020546,1,0.538505,0,0.811224,1,0.690692,0,0.639343,1,0.863741,0,0.499223,1,1.057198,0,0.385954,1,1.270469,0,0.295249,1,1.502864,0,0.223371,1,1.753655,0,0.167049,1,2.022101,0,0.123448,1,2.307487,0,0.090117,1,2.609137,0,0.064971,1,2.926449,0,0.046253
2611,2025/26,30,Jagiellonia Białystok,Górnik Zabrze,18.0,10.0,28.0,13.8846,12.6296,26.5142,0.054547,1,5184.6935,0.6124,0.5421,0.1796,0.4143,0.1791,0.0,0.0,0.0,1e-06,6e-06,2e-05,5.9e-05,0.000151,0.000346,0.000721,0.001381,0.002459,0.004097,0.006435,0.009577,0.013572,0.018387,0.023899,0.029896,0.036091,0.042149,0.047723,0.052488,0.056179,0.058607,0.05968,0.059399,0.057854,0.055205,0.051661,0.047456,0.042831,0.038011,0.033195,0.028547,0.024192,0.020213,0.016663,0.013558,0.010896,0.008652,0.006791,0.005271,0.004048,0.003077,0.002316,0.001726,0.001274,0.000933,0.000676,0.000487,0.001145,0.990757,0.009243,1,0.009286,0.984322,0.015678,1,0.015802,0.974746,0.025254,1,0.025579,0.961174,0.038826,1,0.0396,0.942787,0.057213,1,0.058915,0.918888,0.081112,1,0.084591,0.888992,0.111008,1,0.117668,0.8529,0.1471,1,0.159112,0.810752,0.189248,1,0.209794,0.763029,0.236971,1,0.270459,0.710541,0.289459,1,0.341729,0.654361,0.345639,1,0.424095,0.595754,0.404246,1,0.517927,0.536075,0.463925,1,0.623482,0.476676,0.523324,1,0.740918,0.418822,0.581178,1,0.870308,0.363618,0.636382,0,0.451956,0.311957,0.688043,0,0.373904,0.264501,0.735499,0,0.307206,0.22167,0.77833,0,0.250605,0.183659,0.816341,0,0.202924,0.150464,0.849536,0,0.163065,0.121917,0.878083,0,0.130014,0.097726,0.902274,0,0.102837,3.2e-05,0.000256,0.001068,0.003118,0.007167,0.013796,0.023121,0.034637,0.047269,0.059604,0.07021,0.077936,0.082102,0.08256,0.079631,0.073974,0.066416,0.057806,0.048902,0.040301,0.03242,0.025504,0.019651,0.014851,0.011023,0.008044,0.018323,6.7e-05,0.000502,0.001981,0.005477,0.011916,0.02171,0.034437,0.048828,0.06307,0.075272,0.083921,0.08817,0.087912,0.083671,0.076383,0.067159,0.057071,0.047014,0.037643,0.029362,0.022357,0.016646,0.012139,0.008683,0.0061,0.004213,0.00822,0.998364,0.001636,0.995246,0.004754,0.988079,0.011921,0.974283,0.025717,0.951163,0.048837,0.916526,0.083474,0.869257,0.130743,0.809653,0.190347,0.739443,0.260557,0.661506,0.338494,0.579404,0.420596,0.496844,0.503156,0.417213,0.582787,0.34324,0.65676,0.276824,0.723176,0.219018,0.780982,0.170116,0.829884,0.129816,0.870184,0.097396,0.902604,0.071892,0.928108,0.052241,0.947759,0.997375,0.002625,0.991898,0.008102,0.979982,0.020018,0.958272,0.041728,0.923835,0.076165,0.875007,0.124993,0.811937,0.188063,0.736666,0.263334,0.652745,0.347255,0.564575,0.435425,0.476662,0.523338,0.392992,0.607008,0.316608,0.683392,0.249449,0.750551,0.192378,0.807622,0.145364,0.854636,0.107721,0.892279,0.078359,0.921641,0.056002,0.943998,0.039356,0.960644,0.027217,0.972783,1,0.001637,1,0.002628,1,0.004765,1,0.008135,1,0.011993,1,0.020221,1,0.026053,1,0.042624,1,0.05007,1,0.079222,1,0.087165,1,0.133523,1,0.140116,1,0.208333,1,0.21115,1,0.305621,1,0.301858,0,1.057696,1,0.413236,0,0.831433,1,0.545755,0,0.647528,1,0.699479,0,0.499213,1,0.874158,0,0.380687,1,1.069325,0,0.286948,1,1.284373,0,0.213661,1,1.518601,0,0.15708,0,0.186469,0,0.113976,0,0.139051,0,0.0816,0,0.102471,0,0.057631,0,0.074607,0,0.040151,0,0.053655,0,0.027594
2612,2025/26,30,Piast Gliwice,Arka Gdynia,24.0,7.0,31.0,16.5072,11.1399,27.6471,0.054547,1,5184.6935,0.6124,0.5421,0.1796,0.4143,0.1791,0.0,0.0,0.0,1e-06,4e-06,1.3e-05,3.8e-05,0.0001,0.000232,0.000492,0.00096,0.00174,0.002955,0.00473,0.007178,0.010374,0.014338,0.019018,0.024285,0.029936,0.035709,0.04131,0.046438,0.050814,0.054212,0.056473,0.057517,0.057343,0.056026,0.053699,0.050539,0.046746,0.042529,0.038086,0.033597,0.029213,0.025053,0.021203,0.017718,0.014627,0.011934,0.009629,0.007685,0.00607,0.004746,0.003676,0.00282,0.002144,0.001616,0.001208,0.000895,0.002332,0.993464,0.006536,1,0.006557,0.988734,0.011266,1,0.01133,0.981556,0.018444,1,0.018616,0.971183,0.028817,1,0.029241,0.956845,0.043155,1,0.044114,0.937827,0.062173,1,0.06419,0.913542,0.086458,1,0.090426,0.883607,0.116393,1,0.123743,0.847897,0.152103,1,0.164996,0.806587,0.193413,1,0.214943,0.76015,0.23985,1,0.27424,0.709336,0.290664,1,0.343426,0.655123,0.344877,1,0.422932,0.59865,0.40135,1,0.513078,0.541133,0.458867,1,0.614089,0.48379,0.51621,1,0.726104,0.427764,0.572236,1,0.849184,0.374065,0.625935,1,0.983326,0.323526,0.676474,1,1.128476,0.276779,0.723221,0,0.324041,0.234251,0.765749,0,0.2669,0.196164,0.803836,0,0.218361,0.162567,0.837433,0,0.177414,0.133354,0.866646,0,0.143125,8e-06,6.7e-05,0.000307,0.000987,0.002494,0.005277,0.009724,0.016015,0.024027,0.033309,0.043136,0.052641,0.060967,0.0674,0.07147,0.072992,0.072048,0.068941,0.064118,0.058092,0.051378,0.044434,0.03764,0.031273,0.025518,0.020473,0.062864,0.000166,0.00115,0.004201,0.010762,0.021694,0.036625,0.053834,0.070731,0.084657,0.093622,0.096722,0.094164,0.087,0.076727,0.064905,0.05288,0.04164,0.031785,0.023583,0.017045,0.012026,0.008297,0.005607,0.003716,0.002419,0.001548,0.002483,0.997216,0.002784,0.996229,0.003771,0.993736,0.006264,0.988458,0.011542,0.978735,0.021265,0.96272,0.03728,0.938693,0.061307,0.905384,0.094616,0.862249,0.137751,0.809607,0.190393,0.74864,0.25136,0.68124,0.31876,0.60977,0.39023,0.536778,0.463222,0.46473,0.53527,0.39579,0.60421,0.331672,0.668328,0.27358,0.72642,0.222202,0.777798,0.177768,0.822232,0.140128,0.859872,0.994473,0.005527,0.983711,0.016289,0.962017,0.037983,0.925392,0.074608,0.871558,0.128442,0.800827,0.199173,0.71617,0.28383,0.622548,0.377452,0.525826,0.474174,0.431662,0.568338,0.344662,0.655338,0.267935,0.732065,0.20303,0.79697,0.15015,0.84985,0.10851,0.89149,0.076725,0.923275,0.053142,0.946858,0.036097,0.963903,0.024071,0.975929,0.015774,0.984226,0.010167,0.989833,1,0.002788,1,0.005542,1,0.003778,1,0.016423,1,0.006284,1,0.038723,1,0.011609,1,0.077538,1,0.021494,1,0.137473,1,0.037993,0,1.613581,1,0.063267,0,1.25938,1,0.099396,0,0.974312,1,0.148211,0,0.746181,1,0.211206,0,0.565039,1,0.289497,0,0.422604,1,0.383841,0,0.311886,1,0.494673,0,0.226938,1,0.622171,0,0.162695,1,0.766299,0,0.114861,1,0.926872,0,0.079828,1,1.103609,0,0.054606,1,1.296161,0,0.036765,1,1.504168,0,0.024365,1,1.727276,0,0.0159,1,1.965199,0,0.010219
2613,2025/26,30,Widzew Łódź,Motor Lublin,14.0,9.0,23.0,15.5366,11.7334,27.27,0.054547,1,5184.6935,0.6124,0.5421,0.1796,0.4143,0.1791,0.0,0.0,0.0,1e-06,4e-06,1.5e-05,4.4e-05,0.000113,0.000262,0.000553,0.001074,0.001938,0.003273,0.005212,0.007866,0.011306,0.015537,0.020488,0.026005,0.031859,0.037763,0.043403,0.048466,0.052674,0.055807,0.057721,0.058362,0.057755,0.056002,0.053263,0.049734,0.045634,0.041178,0.03657,0.031987,0.027573,0.02344,0.019661,0.016281,0.013317,0.010764,0.008602,0.0068,0.005318,0.004117,0.003156,0.002397,0.001804,0.001345,0.000995,0.000729,0.00183,0.992723,0.007277,1,0.007304,0.98751,0.01249,1,0.012568,0.979644,0.020356,1,0.020566,0.968338,0.031662,1,0.032174,0.952801,0.047199,1,0.048349,0.932312,0.067688,1,0.070087,0.906307,0.093693,1,0.098377,0.874448,0.125552,1,0.134162,0.836685,0.163315,1,0.178307,0.793283,0.206717,1,0.231576,0.744816,0.255184,1,0.294618,0.692142,0.307858,0,1.178116,0.636335,0.363665,0,1.011523,0.578614,0.421386,0,0.864206,0.520252,0.479748,0,0.734495,0.462497,0.537503,0,0.620821,0.406495,0.593505,0,0.521709,0.353232,0.646768,0,0.435768,0.303498,0.696502,0,0.361685,0.257864,0.742136,0,0.298223,0.216687,0.783313,0,0.244222,0.180117,0.819883,0,0.198593,0.14813,0.85187,0,0.160321,0.120556,0.879444,0,0.128466,1.3e-05,0.000109,0.000484,0.001503,0.003678,0.007536,0.013443,0.021436,0.031138,0.041792,0.052399,0.061911,0.069421,0.074303,0.076283,0.075427,0.072082,0.066778,0.06013,0.052745,0.045164,0.037817,0.031015,0.024949,0.01971,0.01531,0.042244,0.000115,0.000824,0.003107,0.008219,0.017106,0.029817,0.04525,0.061385,0.075858,0.086616,0.092391,0.092869,0.088591,0.080668,0.070456,0.059267,0.048185,0.037977,0.029092,0.02171,0.015815,0.011266,0.00786,0.005379,0.003615,0.002389,0.00415,0.998215,0.001785,0.996711,0.003289,0.993033,0.006967,0.985497,0.014503,0.972054,0.027946,0.950618,0.049382,0.91948,0.08052,0.877688,0.122312,0.825289,0.174711,0.763378,0.236622,0.693958,0.306042,0.619655,0.380345,0.543372,0.456628,0.467945,0.532055,0.395863,0.604137,0.329084,0.670916,0.268955,0.731045,0.216209,0.783791,0.171045,0.828955,0.133228,0.866772,0.102213,0.897787,0.99593,0.00407,0.987711,0.012289,0.970605,0.029395,0.940788,0.059212,0.895538,0.104462,0.834154,0.165846,0.758296,0.241704,0.67168,0.32832,0.579289,0.420711,0.48642,0.51358,0.39783,0.60217,0.317161,0.682839,0.246705,0.753295,0.187438,0.812562,0.139253,0.860747,0.101276,0.898724,0.072184,0.927816,0.050474,0.949526,0.034659,0.965341,0.023393,0.976607,0.015533,0.984467,1,0.001787,1,0.004078,1,0.003294,1,0.012365,1,0.006991,1,0.029836,1,0.014609,1,0.061037,1,0.028344,1,0.110331,1,0.050643,1,0.181337,1,0.083947,1,0.276681,1,0.130464,0,1.113767,1,0.192022,0,0.865809,1,0.270002,0,0.666349,1,0.365344,0,0.507215,1,0.478592,0,0.381496,0,0.783886,0,0.283298,0,0.631008,0,0.207563,0,0.503954,0,0.149955,0,0.399111,0,0.106779,0,0.31328,0,0.074922,0,0.243613,0,0.051792,0,0.187589,0,0.035274,0,0.142979,0,0.023671,0,0.107822,0,0.015655
2614,2025/26,31,Arka Gdynia,Górnik Zabrze,11.0,15.0,26.0,12.9842,12.283,25.2673,0.05441,1,5237.322,0.5988,0.5268,0.1843,0.4081,0.186,0.0,0.0,1e-06,3e-06,1.1e-05,3.6e-05,0.000103,0.000256,0.00057,0.001155,0.002153,0.003727,0.006042,0.00923,0.013363,0.018419,0.024271,0.030682,0.037326,0.04382,0.049765,0.05479,0.058595,0.060979,0.061851,0.061234,0.059251,0.056104,0.052043,0.047343,0.042275,0.037087,0.031992,0.027156,0.022698,0.018694,0.015181,0.012162,0.009617,0.00751,0.005795,0.00442,0.003334,0.002488,0.001837,0.001343,0.000973,0.000698,0.000496,0.00035,0.000244,0.000525,0.985944,0.014056,1,0.014156,0.976714,0.023286,1,0.023562,0.96335,0.03665,1,0.037338,0.944931,0.055069,1,0.056643,0.92066,0.07934,1,0.082664,0.889978,0.110022,1,0.116558,0.852652,0.147348,1,0.159404,0.808831,0.191169,1,0.212165,0.759067,0.240933,1,0.275666,0.704277,0.295723,1,0.350584,0.645681,0.354319,1,0.437449,0.584702,0.415298,1,0.536652,0.522852,0.477148,1,0.648458,0.461618,0.538382,1,0.773018,0.402366,0.597634,0,0.514777,0.346262,0.653738,0,0.425049,0.294219,0.705781,0,0.34845,0.246876,0.753124,0,0.283526,0.204601,0.795399,0,0.228912,0.167514,0.832486,0,0.183339,0.135522,0.864478,0,0.145629,0.108366,0.891634,0,0.1147,0.085669,0.914331,0,0.089562,0.066974,0.933026,0,0.069323,5.4e-05,0.000413,0.001655,0.004655,0.0103,0.019086,0.030789,0.044392,0.058302,0.070744,0.080187,0.085645,0.086807,0.08398,0.077926,0.069639,0.060145,0.050355,0.040974,0.032479,0.02513,0.019013,0.01409,0.01024,0.007309,0.00513,0.010452,8.2e-05,0.000605,0.002348,0.006391,0.013683,0.024533,0.038293,0.053425,0.067894,0.079717,0.087433,0.090361,0.088622,0.082962,0.074489,0.064412,0.05383,0.043609,0.034336,0.026336,0.019718,0.014436,0.010351,0.00728,0.005028,0.003414,0.006364,0.997769,0.002231,0.993114,0.006886,0.982813,0.017187,0.963727,0.036273,0.932939,0.067061,0.888547,0.111453,0.830245,0.169755,0.759501,0.240499,0.679314,0.320686,0.593669,0.406331,0.506862,0.493138,0.422882,0.577118,0.344956,0.655044,0.275317,0.724683,0.215172,0.784828,0.164817,0.835183,0.123844,0.876156,0.091365,0.908635,0.066235,0.933765,0.047222,0.952778,0.033132,0.966868,0.996916,0.003084,0.990526,0.009474,0.976843,0.023157,0.95231,0.04769,0.914017,0.085983,0.860592,0.139408,0.792698,0.207302,0.71298,0.28702,0.625547,0.374453,0.535186,0.464814,0.446564,0.553436,0.363602,0.636398,0.289113,0.710887,0.224701,0.775299,0.170871,0.829129,0.127262,0.872738,0.092926,0.907074,0.06659,0.93341,0.046872,0.953128,0.032437,0.967563,0.022086,0.977914,1,0.002233,1,0.003089,1,0.00691,1,0.009519,1,0.017336,1,0.023429,1,0.036947,1,0.048865,1,0.069415,1,0.089906,1,0.118168,1,0.150135,1,0.186034,1,0.232313,1,0.275094,1,0.338302,1,0.386672,1,0.469129,0,0.900587,1,0.625141,0,0.706966,1,0.806173,0,0.549709,1,1.011695,0,0.423053,1,1.240938,0,0.322021,0,0.254507,0,0.242291,0,0.18738,0,0.180104,0,0.13612,0,0.132211,0,0.097531,0,0.095812,0,0.068911,0,0.06853,0,0.048006,0,0.048373,0,0.032975,0,0.033693,0,0.022334
2615,2025/26,31,Legia Warszawa,Widzew Łódź,15.0,6.0,21.0,13.884,11.7241,25.6081,0.05441,1,5237.322,0.5988,0.5268,0.1843,0.4081,0.186,0.0,0.0,0.0,2e-06,9e-06,3.1e-05,8.9e-05,0.000223,0.000501,0.001022,0.001918,0.003344,0.00546,0.008401,0.012249,0.017005,0.022571,0.028743,0.035226,0.041663,0.04767,0.052881,0.056986,0.059761,0.061085,0.060949,0.059439,0.056728,0.053043,0.04864,0.043786,0.038726,0.03368,0.028826,0.024295,0.020177,0.016524,0.01335,0.010647,0.008387,0.006528,0.005022,0.003822,0.002877,0.002144,0.001582,0.001156,0.000837,0.0006,0.000427,0.000301,0.000666,0.987398,0.012602,1,0.012682,0.978998,0.021002,1,0.021226,0.966749,0.033251,1,0.033816,0.949744,0.050256,1,0.051563,0.927173,0.072827,1,0.075615,0.89843,0.10157,1,0.107106,0.863204,0.136796,1,0.147104,0.821542,0.178458,1,0.196573,0.773872,0.226128,1,0.256349,0.72099,0.27901,0,1.276509,0.664004,0.335996,0,1.090656,0.604243,0.395757,0,0.926956,0.543158,0.456842,0,0.783418,0.48221,0.51779,0,0.658185,0.42277,0.57723,0,0.549515,0.366042,0.633958,0,0.455772,0.312999,0.687001,0,0.37542,0.264359,0.735641,0,0.307012,0.220573,0.779427,0,0.249196,0.181847,0.818153,0,0.200706,0.148166,0.851834,0,0.160364,0.119341,0.880659,0,0.127085,0.095046,0.904954,0,0.099871,0.074869,0.925131,0,0.07782,3.2e-05,0.000255,0.001063,0.003109,0.007151,0.013773,0.023094,0.034612,0.047253,0.059601,0.070223,0.077964,0.082141,0.082604,0.079675,0.074012,0.066445,0.057825,0.048911,0.0403,0.032413,0.025492,0.019636,0.014835,0.011007,0.00803,0.018268,0.000115,0.000825,0.003113,0.008235,0.017142,0.029881,0.045346,0.061508,0.075995,0.086749,0.092502,0.092945,0.088624,0.080658,0.070409,0.059193,0.048094,0.037879,0.028996,0.021623,0.015739,0.011203,0.00781,0.00534,0.003586,0.002367,0.004101,0.998372,0.001628,0.995263,0.004737,0.988112,0.011888,0.97434,0.02566,0.951245,0.048755,0.916633,0.083367,0.86938,0.13062,0.80978,0.19022,0.739557,0.260443,0.661593,0.338407,0.579452,0.420548,0.496848,0.503152,0.417174,0.582826,0.343162,0.656838,0.276716,0.723284,0.218891,0.781109,0.16998,0.83002,0.12968,0.87032,0.097267,0.902733,0.071775,0.928225,0.052139,0.947861,0.995924,0.004076,0.987689,0.012311,0.970547,0.029453,0.940665,0.059335,0.895319,0.104681,0.833811,0.166189,0.757816,0.242184,0.671067,0.328933,0.578565,0.421435,0.48562,0.51438,0.396996,0.603004,0.316338,0.683662,0.24593,0.75407,0.186737,0.813263,0.138643,0.861357,0.100764,0.899236,0.071768,0.928232,0.050145,0.949855,0.034406,0.965594,0.023203,0.976797,0.015394,0.984606,1,0.001629,1,0.004084,1,0.004748,1,0.012387,1,0.011959,1,0.029895,1,0.025995,1,0.061168,1,0.049984,0,2.256838,1,0.087048,0,1.79463,1,0.139975,0,1.418058,1,0.210993,0,1.111901,1,0.301704,0,0.86409,1,0.413105,0,0.664793,1,0.545672,0,0.505831,1,0.699471,0,0.380292,1,0.874252,0,0.28227,0,0.420318,0,0.206701,0,0.323953,0,0.149246,0,0.247041,0,0.10621,0,0.186305,0,0.074474,0,0.138894,0,0.051446,0,0.102328,0,0.035012,0,0.074481,0,0.023476,0,0.053547,0,0.015514
2616,2025/26,31,Motor Lublin,Lech Poznań,11.0,24.0,35.0,11.6882,14.6071,26.2953,0.05441,1,5237.322,0.5988,0.5268,0.1843,0.4081,0.186,0.0,0.0,0.0,2e-06,7e-06,2.3e-05,6.6e-05,0.000168,0.000382,0.000792,0.001507,0.002667,0.004419,0.0069,0.010212,0.01439,0.019387,0.025061,0.031178,0.037436,0.043486,0.048977,0.053587,0.05706,0.059223,0.060004,0.059426,0.057598,0.054696,0.050941,0.046576,0.041842,0.036965,0.032137,0.027516,0.023216,0.019316,0.015856,0.012849,0.010284,0.008133,0.006359,0.004917,0.003762,0.002849,0.002136,0.001587,0.001167,0.000851,0.000616,0.000441,0.001028,0.989966,0.010034,1,0.010084,0.983066,0.016934,1,0.017079,0.972854,0.027146,1,0.027521,0.958464,0.041536,1,0.042423,0.939077,0.060923,1,0.062858,0.914016,0.085984,1,0.089907,0.882837,0.117163,1,0.124614,0.845402,0.154598,1,0.167943,0.801916,0.198084,1,0.220752,0.752939,0.247061,1,0.283771,0.699352,0.300648,1,0.357602,0.642292,0.357708,1,0.442713,0.583068,0.416932,1,0.539451,0.523064,0.476936,1,0.648052,0.463638,0.536362,1,0.768652,0.40604,0.59396,1,0.901303,0.351345,0.648655,1,1.045988,0.300404,0.699596,1,1.202628,0.253828,0.746172,1,1.371098,0.211986,0.788014,1,1.551236,0.175021,0.824979,1,1.742849,0.142884,0.857116,1,1.945722,0.115368,0.884632,1,2.159625,0.092152,0.907848,0,0.096679,0.000118,0.000842,0.00317,0.00837,0.017391,0.030259,0.045834,0.062052,0.076524,0.08719,0.092798,0.093068,0.088575,0.080463,0.070107,0.058828,0.047708,0.037505,0.028656,0.021329,0.015496,0.011009,0.00766,0.005228,0.003504,0.002309,0.003981,2.1e-05,0.000175,0.000749,0.002254,0.005335,0.010573,0.018244,0.028137,0.039527,0.051303,0.0622,0.07106,0.07704,0.079722,0.079127,0.075636,0.069874,0.062574,0.054463,0.046177,0.038217,0.030929,0.024516,0.019059,0.014551,0.010923,0.027071,0.995848,0.004152,0.987478,0.012522,0.970087,0.029913,0.939827,0.060173,0.893993,0.106007,0.831941,0.168059,0.755417,0.244583,0.668227,0.331773,0.575428,0.424572,0.48236,0.51764,0.393786,0.606214,0.313323,0.686677,0.243216,0.756784,0.184388,0.815612,0.136679,0.863321,0.099174,0.900826,0.070517,0.929483,0.049188,0.950812,0.033692,0.966308,0.022683,0.977317,0.015022,0.984978,0.998512,0.001488,0.996258,0.003742,0.990924,0.009076,0.98035,0.01965,0.962106,0.037894,0.933969,0.066031,0.894443,0.105557,0.84314,0.15686,0.78094,0.21906,0.709879,0.290121,0.632839,0.367161,0.553117,0.446883,0.47399,0.52601,0.398354,0.601646,0.32848,0.67152,0.265906,0.734094,0.211444,0.788556,0.165266,0.834734,0.127049,0.872951,0.09612,0.90388,0.071604,0.928396,1,0.004161,1,0.001489,1,0.012601,1,0.003749,1,0.03037,1,0.009117,1,0.062059,1,0.019846,1,0.112057,1,0.038631,1,0.183994,1,0.068312,1,0.280485,1,0.111554,1,0.403127,1,0.170622,1,0.552641,1,0.247257,0,0.658475,1,0.342661,0,0.500522,1,0.457539,0,0.375891,1,0.592186,0,0.278677,1,0.746569,0,0.203817,1,0.920414,0,0.146969,1,1.113279,0,0.104443,1,1.324612,0,0.073127,1,1.553795,0,0.050439,1,1.800199,0,0.034273,1,2.063182,0,0.022944,1,2.342158,0,0.015136,1,2.636604
2617,2025/26,31,Zagłębie Lubin,Cracovia,18.0,15.0,33.0,13.4034,14.0258,27.4291,0.05441,1,5237.322,0.5988,0.5268,0.1843,0.4081,0.186,0.0,0.0,0.0,1e-06,4e-06,1.3e-05,3.9e-05,0.000102,0.000237,0.000504,0.000986,0.00179,0.003044,0.004879,0.00741,0.010714,0.01481,0.019639,0.025064,0.030866,0.036771,0.042468,0.047643,0.052011,0.055339,0.057471,0.058335,0.057942,0.056381,0.053801,0.050395,0.046376,0.041964,0.037364,0.03276,0.028303,0.024109,0.02026,0.016805,0.013766,0.011142,0.008914,0.007053,0.005521,0.004277,0.00328,0.002491,0.001875,0.001398,0.001034,0.000758,0.001894,0.99328,0.00672,1,0.006743,0.988401,0.011599,1,0.011667,0.980991,0.019009,1,0.019192,0.970277,0.029723,1,0.030173,0.955467,0.044533,1,0.045555,0.935828,0.064172,1,0.066324,0.910764,0.089236,1,0.093471,0.879898,0.120102,1,0.127949,0.843127,0.156873,1,0.170637,0.80066,0.19934,1,0.222319,0.753016,0.246984,1,0.283668,0.701006,0.298994,1,0.355239,0.645667,0.354333,1,0.437471,0.588196,0.411804,1,0.530695,0.529861,0.470139,1,0.63514,0.471919,0.528081,1,0.750948,0.415538,0.584462,1,0.878181,0.361737,0.638263,1,1.016837,0.311343,0.688657,1,1.166861,0.264967,0.735033,1,1.328152,0.223003,0.776997,1,1.500571,0.185639,0.814361,0,0.205351,0.152879,0.847121,0,0.165911,0.124576,0.875424,0,0.133047,4.2e-05,0.000329,0.001346,0.003855,0.00869,0.016402,0.026953,0.039587,0.052963,0.065466,0.075589,0.082242,0.084913,0.083682,0.079099,0.072007,0.063351,0.054029,0.044785,0.036162,0.028502,0.021968,0.016583,0.012278,0.008927,0.006382,0.013696,3e-05,0.000237,0.000993,0.002918,0.006751,0.013078,0.022057,0.03325,0.045655,0.057919,0.068637,0.076645,0.081219,0.082149,0.079695,0.07446,0.067235,0.058852,0.050067,0.041492,0.033565,0.026551,0.02057,0.015631,0.011665,0.008558,0.019805,0.998111,0.001889,0.994256,0.005744,0.985566,0.014434,0.969164,0.030836,0.942211,0.057789,0.902624,0.097376,0.849661,0.150339,0.784195,0.215805,0.708606,0.291394,0.626365,0.373635,0.541451,0.458549,0.457769,0.542231,0.37867,0.62133,0.306663,0.693337,0.243312,0.756688,0.189282,0.810718,0.144498,0.855502,0.108336,0.891664,0.079833,0.920167,0.057866,0.942134,0.041283,0.958717,0.998423,0.001577,0.995505,0.004495,0.988754,0.011246,0.975675,0.024325,0.953618,0.046382,0.920368,0.079632,0.874713,0.125287,0.816794,0.183206,0.748157,0.251843,0.671512,0.328488,0.590294,0.409706,0.508144,0.491856,0.428449,0.571551,0.353989,0.646011,0.286754,0.713246,0.227902,0.772098,0.177836,0.822164,0.136343,0.863657,0.102779,0.897221,0.076228,0.923772,0.055658,0.944342,1,0.001891,1,0.001578,1,0.005761,1,0.004505,1,0.014539,1,0.01131,1,0.031321,1,0.024626,1,0.059526,1,0.047492,1,0.102449,1,0.082982,1,0.162918,1,0.133859,1,0.243098,1,0.202368,1,0.344456,1,0.290142,1,0.467822,1,0.398223,1,0.613503,1,0.527135,1,0.781391,1,0.67699,1,0.97109,1,0.847584,1,1.182006,0,0.436939,1,1.413411,0,0.337929,1,1.664517,0,0.258644,0,0.156067,0,0.195815,0,0.114666,0,0.14658,0,0.0832,0,0.108453,0,0.059608,0,0.07929,0,0.042159,0,0.057267
2618,2025/26,31,Radomiak Radom,Lechia Gdańsk,13.0,27.0,40.0,14.486,11.4457,25.9317,0.05441,1,5237.322,0.5988,0.5268,0.1843,0.4081,0.186,0.0,0.0,0.0,2e-06,8e-06,2.7e-05,7.8e-05,0.000197,0.000444,0.000911,0.001721,0.003019,0.004961,0.007682,0.011275,0.015757,0.021054,0.026991,0.033305,0.039661,0.045695,0.051045,0.055395,0.058505,0.06023,0.06053,0.059462,0.057167,0.053849,0.049749,0.04512,0.04021,0.035238,0.030391,0.025813,0.021606,0.017833,0.014523,0.011675,0.009271,0.007274,0.005643,0.004329,0.003286,0.002469,0.001837,0.001353,0.000988,0.000715,0.000513,0.000365,0.00083,0.988632,0.011368,1,0.011433,0.98095,0.01905,1,0.019234,0.969675,0.030325,1,0.030794,0.953919,0.046081,1,0.047177,0.932865,0.067135,1,0.069495,0.905874,0.094126,1,0.098855,0.872569,0.127431,1,0.136314,0.832907,0.167093,1,0.182833,0.787213,0.212787,1,0.239257,0.736168,0.263832,1,0.306297,0.680773,0.319227,1,0.384526,0.622269,0.377731,1,0.474383,0.562038,0.437962,1,0.576185,0.501508,0.498492,1,0.690135,0.442046,0.557954,1,0.81634,0.38488,0.61512,1,0.954825,0.331031,0.668969,1,1.105544,0.281282,0.718718,1,1.268397,0.236162,0.763838,1,1.443237,0.195952,0.804048,1,1.629884,0.160714,0.839286,1,1.828127,0.130323,0.869677,1,2.037737,0.10451,0.89549,1,2.258471,0.082904,0.917096,1,2.490073,2.3e-05,0.000186,0.000794,0.002378,0.005603,0.011053,0.018983,0.029141,0.040748,0.052642,0.063528,0.072241,0.077957,0.080297,0.079328,0.075477,0.069404,0.061864,0.053596,0.045232,0.037261,0.030015,0.023681,0.018325,0.013926,0.010405,0.025425,0.000137,0.000964,0.003585,0.009346,0.01917,0.032927,0.049237,0.065808,0.080118,0.090118,0.094688,0.093749,0.088082,0.078992,0.067945,0.056286,0.045063,0.034973,0.02638,0.019383,0.013903,0.009751,0.006698,0.004513,0.002986,0.001942,0.003242,0.99851,0.00149,0.996132,0.003868,0.990529,0.009471,0.979476,0.020524,0.960493,0.039507,0.931352,0.068648,0.890604,0.109396,0.837962,0.162038,0.774434,0.225566,0.702192,0.297808,0.624235,0.375765,0.543938,0.456062,0.46461,0.53539,0.389133,0.610867,0.31973,0.68027,0.257865,0.742135,0.20427,0.79573,0.159038,0.840962,0.121777,0.878223,0.091762,0.908238,0.068081,0.931919,0.995298,0.004702,0.985952,0.014048,0.966782,0.033218,0.933855,0.066145,0.884618,0.115382,0.81881,0.18119,0.738693,0.261307,0.648575,0.351425,0.553887,0.446113,0.460139,0.539861,0.372057,0.627943,0.293065,0.706935,0.225119,0.774881,0.168833,0.831167,0.123771,0.876229,0.088798,0.911202,0.062418,0.937582,0.043035,0.956965,0.029132,0.970868,0.019381,0.980619,0.012683,0.987317,1,0.001491,1,0.004713,1,0.003876,1,0.014148,1,0.009516,1,0.033782,1,0.020738,1,0.068434,1,0.040309,1,0.122599,1,0.071118,1,0.199903,1,0.115855,1,0.302873,1,0.176783,1,0.432978,1,0.255623,1,0.590795,1,0.353548,1,0.776227,1,0.471228,1,0.988708,0,0.785127,1,1.227361,0,0.62476,1,1.491126,0,0.492876,1,1.778845,0,0.385266,1,2.089322,0,0.298224,1,2.421391,0,0.228495,1,2.773902,0,0.173209,1,3.145742,0,0.129855,1,3.535918,0,0.096249,1,3.943462,0,0.070509,1,4.367493
2619,2025/26,31,Pogoń Szczecin,Wisła Płock,11.0,10.0,21.0,15.0516,12.2707,27.3223,0.05441,1,5237.322,0.5988,0.5268,0.1843,0.4081,0.186,0.0,0.0,0.0,1e-06,4e-06,1.4e-05,4.2e-05,0.000108,0.000252,0.000533,0.001038,0.001878,0.003181,0.00508,0.007688,0.011078,0.015262,0.020173,0.025663,0.031506,0.037421,0.043092,0.048207,0.052481,0.05569,0.057687,0.058408,0.057875,0.056185,0.053494,0.049999,0.045917,0.041466,0.036851,0.032251,0.027815,0.023654,0.019847,0.016438,0.013447,0.01087,0.008686,0.006864,0.005367,0.004154,0.003183,0.002416,0.001817,0.001354,0.001,0.000733,0.001831,0.99295,0.00705,1,0.007075,0.987869,0.012131,1,0.012205,0.980181,0.019819,1,0.020018,0.969103,0.030897,1,0.031385,0.95384,0.04616,1,0.047259,0.933667,0.066333,1,0.068635,0.908004,0.091996,1,0.096506,0.876498,0.123502,1,0.131821,0.839077,0.160923,1,0.175453,0.795984,0.204016,0,1.589559,0.747778,0.252222,0,1.377445,0.695297,0.304703,0,1.188418,0.639607,0.360393,0,1.020559,0.58192,0.41808,0,0.872082,0.523512,0.476488,0,0.741313,0.465637,0.534363,0,0.62668,0.409453,0.590547,0,0.526706,0.355959,0.644041,0,0.439993,0.30596,0.69404,0,0.365226,0.260044,0.739956,0,0.301164,0.218578,0.781422,0,0.24664,0.181728,0.818272,0,0.20056,0.149476,0.850524,0,0.161903,0.121662,0.878338,0,0.129723,1.7e-05,0.000139,0.000606,0.001852,0.004458,0.008983,0.015759,0.02471,0.035293,0.046575,0.057412,0.066688,0.073509,0.077341,0.078048,0.075853,0.071246,0.06487,0.057406,0.049487,0.041642,0.034264,0.027614,0.021827,0.016943,0.012931,0.033736,8.3e-05,0.000609,0.002363,0.006426,0.013751,0.02464,0.038438,0.053595,0.068069,0.079874,0.087552,0.090431,0.088637,0.082926,0.074412,0.064307,0.05371,0.043485,0.034218,0.02623,0.019626,0.01436,0.010291,0.007233,0.004993,0.003388,0.006306,0.998445,0.001555,0.996593,0.003407,0.992135,0.007865,0.983153,0.016847,0.967394,0.032606,0.942684,0.057316,0.907391,0.092609,0.860816,0.139184,0.803404,0.196596,0.736716,0.263284,0.663207,0.336793,0.585866,0.414134,0.507818,0.492182,0.431966,0.568034,0.36072,0.63928,0.295849,0.704151,0.238444,0.761556,0.188956,0.811044,0.147315,0.852685,0.11305,0.88695,0.085437,0.914563,0.996898,0.003102,0.990471,0.009529,0.976721,0.023279,0.95208,0.04792,0.913642,0.086358,0.860048,0.139952,0.791979,0.208021,0.712104,0.287896,0.624552,0.375448,0.534121,0.465879,0.445484,0.554516,0.362559,0.637441,0.288147,0.711853,0.22384,0.77616,0.17013,0.82987,0.126645,0.873355,0.092427,0.907573,0.066197,0.933803,0.04657,0.95343,0.03221,0.96779,0.02192,0.97808,1,0.001556,1,0.003107,1,0.003413,1,0.009575,1,0.007896,1,0.023554,1,0.016991,1,0.049106,1,0.033149,1,0.090316,1,0.059024,1,0.150767,1,0.097182,1,0.23322,1,0.149875,1,0.339531,1,0.218898,0,0.979635,0,1.334522,0,0.763829,0,1.088287,0,0.58966,0,0.881566,0,0.450294,0,0.708907,0,0.339884,0,0.565574,0,0.253397,0,0.447413,0,0.186486,0,0.350762,0,0.135413,0,0.272392,0,0.096981,0,0.209433,0,0.06849,0,0.159365,0,0.047689,0,0.119967,0,0.03274,0,0.089309,0,0.022164
2620,2025/26,31,Korona Kielce,Piast Gliwice,12.0,15.0,27.0,15.3944,12.8834,28.2778,0.05441,1,5237.322,0.5988,0.5268,0.1843,0.4081,0.186,0.0,0.0,0.0,1e-06,3e-06,9e-06,2.7e-05,7.2e-05,0.00017,0.000368,0.000731,0.001349,0.002332,0.003798,0.005863,0.008618,0.01211,0.016326,0.021184,0.026526,0.032133,0.037738,0.043056,0.047804,0.051733,0.054648,0.056425,0.057014,0.056441,0.054796,0.052224,0.048903,0.045029,0.040802,0.036409,0.032015,0.027758,0.023744,0.020049,0.01672,0.013778,0.011224,0.009042,0.007207,0.005686,0.004441,0.003436,0.002633,0.002,0.001506,0.001125,0.002997,0.994939,0.005061,1,0.005073,0.991141,0.008859,1,0.008898,0.985279,0.014721,1,0.014831,0.976661,0.023339,1,0.023616,0.964551,0.035449,1,0.036092,0.948225,0.051775,1,0.053163,0.927042,0.072958,1,0.075757,0.900516,0.099484,1,0.104787,0.868384,0.131616,1,0.141122,0.830645,0.169355,1,0.185552,0.787589,0.212411,1,0.238778,0.739786,0.260214,1,0.301395,0.688053,0.311947,1,0.37389,0.633405,0.366595,1,0.456646,0.57698,0.42302,1,0.549948,0.519965,0.480035,0,0.733897,0.463525,0.536475,0,0.622735,0.408728,0.591272,0,0.52548,0.356504,0.643496,0,0.44084,0.307601,0.692399,0,0.367593,0.262572,0.737428,0,0.304587,0.22177,0.77823,0,0.250733,0.185362,0.814638,0,0.205011,0.153347,0.846653,0,0.166464,1.4e-05,0.000117,0.000515,0.001593,0.003882,0.00792,0.014066,0.02233,0.032289,0.043138,0.053836,0.063308,0.070649,0.075253,0.076882,0.075645,0.071932,0.066306,0.059404,0.051844,0.044166,0.036792,0.030018,0.024021,0.018878,0.014587,0.039566,5.8e-05,0.000436,0.00174,0.004872,0.01073,0.019792,0.031781,0.045613,0.059632,0.072029,0.08127,0.086406,0.087178,0.083955,0.077547,0.068984,0.059307,0.049427,0.040035,0.03159,0.024331,0.018325,0.013517,0.00978,0.006949,0.004854,0.009767,0.998307,0.001693,0.996713,0.003287,0.992831,0.007169,0.984911,0.015089,0.970845,0.029155,0.948515,0.051485,0.916225,0.083775,0.873087,0.126913,0.819252,0.180748,0.755943,0.244057,0.685294,0.314706,0.610041,0.389959,0.53316,0.46684,0.457514,0.542486,0.385582,0.614418,0.319276,0.680724,0.259872,0.740128,0.208027,0.791973,0.163861,0.836139,0.127069,0.872931,0.097051,0.902949,0.997669,0.002331,0.992797,0.007203,0.982067,0.017933,0.962276,0.037724,0.930495,0.069505,0.884882,0.115118,0.82525,0.17475,0.753221,0.246779,0.671951,0.328049,0.585545,0.414455,0.498366,0.501634,0.414411,0.585589,0.336864,0.663136,0.267881,0.732119,0.208573,0.791427,0.159147,0.840853,0.119112,0.880888,0.087522,0.912478,0.063191,0.936809,0.044867,0.955133,0.031349,0.968651,1,0.001694,1,0.002334,1,0.003292,1,0.007229,1,0.007195,1,0.018096,1,0.015204,1,0.038454,1,0.029588,1,0.072039,1,0.052858,1,0.122301,1,0.087493,1,0.192069,1,0.13572,1,0.283397,1,0.199364,1,0.39757,1,0.279789,1,0.535212,0,1.156116,1,0.696421,0,0.941714,1,0.880897,0,0.761769,1,1.088076,0,0.611593,0,0.311812,0,0.48708,0,0.233918,0,0.384598,0,0.173338,0,0.300932,0,0.126825,0,0.233228,0,0.091591,0,0.17896,0,0.065276,0,0.135899,0,0.045905,0,0.102089,0,0.031851
2621,2025/26,31,GKS Katowice,Bruk-Bet Termalica Nieciecza,12.0,17.0,29.0,15.7231,14.0423,29.7653,0.05441,1,5237.322,0.5988,0.5268,0.1843,0.4081,0.186,0.0,0.0,0.0,0.0,1e-06,4e-06,1.4e-05,3.8e-05,9.3e-05,0.000206,0.000421,0.000801,0.001426,0.002391,0.003801,0.005752,0.008323,0.011552,0.015432,0.019894,0.024809,0.029994,0.035225,0.040256,0.04484,0.048752,0.051807,0.053874,0.054885,0.054835,0.053778,0.051817,0.049094,0.045771,0.042021,0.038014,0.033908,0.029839,0.025919,0.022234,0.018846,0.015791,0.013084,0.010726,0.008702,0.00699,0.005561,0.004383,0.003424,0.002651,0.002035,0.005985,0.996996,0.003004,1,0.003009,0.994605,0.005395,1,0.00541,0.990804,0.009196,1,0.009238,0.985052,0.014948,1,0.015061,0.976729,0.023271,1,0.023546,0.965177,0.034823,1,0.035444,0.949744,0.050256,1,0.051563,0.92985,0.07015,1,0.072732,0.905042,0.094958,1,0.099774,0.875048,0.124952,1,0.133477,0.839823,0.160177,1,0.174564,0.799567,0.200433,1,0.223685,0.754727,0.245273,1,0.281399,0.705975,0.294025,1,0.348176,0.654168,0.345832,1,0.424391,0.600294,0.399706,1,0.510336,0.545409,0.454591,1,0.606219,0.490575,0.509425,0,0.674472,0.436797,0.563203,0,0.574115,0.38498,0.61502,0,0.486101,0.335886,0.664114,0,0.409302,0.290116,0.709884,0,0.342653,0.248095,0.751905,0,0.285145,0.21008,0.78992,0,0.235824,1.2e-05,9.9e-05,0.000441,0.00138,0.003401,0.007019,0.012609,0.020247,0.029614,0.04002,0.050519,0.060091,0.067831,0.073082,0.075523,0.075164,0.072297,0.06741,0.061087,0.053927,0.046469,0.039155,0.032314,0.026156,0.020792,0.016251,0.045735,2.9e-05,0.000235,0.000985,0.002897,0.006706,0.013,0.021939,0.033094,0.045472,0.057725,0.068453,0.07649,0.081109,0.082093,0.079694,0.074508,0.067323,0.058968,0.050199,0.04163,0.033698,0.026674,0.02068,0.015724,0.011742,0.008621,0.019989,0.998095,0.001905,0.996715,0.003285,0.993314,0.006686,0.986295,0.013705,0.973686,0.026314,0.953439,0.046561,0.923824,0.076176,0.883804,0.116196,0.833286,0.166714,0.773194,0.226806,0.705364,0.294636,0.632281,0.367719,0.556758,0.443242,0.481594,0.518406,0.409297,0.590703,0.341887,0.658113,0.2808,0.7192,0.226873,0.773127,0.180404,0.819596,0.141249,0.858751,0.108935,0.891065,0.998428,0.001572,0.995531,0.004469,0.988825,0.011175,0.975825,0.024175,0.953886,0.046114,0.920792,0.079208,0.87532,0.12468,0.817595,0.182405,0.749142,0.250858,0.672652,0.327348,0.591544,0.408456,0.509451,0.490549,0.429758,0.570242,0.355249,0.644751,0.287926,0.712074,0.228958,0.771042,0.178759,0.821241,0.137129,0.862871,0.103431,0.896569,0.076757,0.923243,0.056077,0.943923,1,0.001907,1,0.001573,1,0.00329,1,0.004479,1,0.006708,1,0.011238,1,0.0138,1,0.024472,1,0.026666,1,0.047211,1,0.04768,1,0.082521,1,0.079234,1,0.133166,1,0.12352,1,0.201388,1,0.182378,1,0.288827,1,0.257225,1,0.396527,0,1.222015,1,0.525019,0,1.000436,1,0.674422,0,0.813639,1,0.844533,0,0.656997,1,1.034936,0,0.526442,1,1.245052,0,0.418379,0,0.260012,0,0.329616,0,0.196939,0,0.257312,0,0.14749,0,0.198944,0,0.10918,0,0.152276,0,0.079863,0,0.115338,0,0.057711
2622,2025/26,31,Raków Częstochowa,Jagiellonia Białystok,25.0,13.0,38.0,14.9839,12.8607,27.8445,0.05441,1,5237.322,0.5988,0.5268,0.1843,0.4081,0.186,0.0,0.0,0.0,1e-06,3e-06,1.1e-05,3.3e-05,8.6e-05,0.000202,0.000433,0.000853,0.001562,0.002677,0.004324,0.006618,0.009646,0.01344,0.017966,0.023113,0.028695,0.034465,0.040132,0.045394,0.049968,0.05361,0.056143,0.057468,0.057566,0.056494,0.054372,0.051369,0.047683,0.043523,0.039092,0.034577,0.030137,0.0259,0.02196,0.018379,0.015192,0.012408,0.010018,0.007999,0.006319,0.00494,0.003824,0.002932,0.002227,0.001677,0.001251,0.000926,0.002391,0.994139,0.005861,1,0.005878,0.989815,0.010185,1,0.010237,0.983197,0.016803,1,0.016946,0.973551,0.026449,1,0.026805,0.960111,0.039889,1,0.040706,0.942146,0.057854,1,0.059596,0.919032,0.080968,1,0.084434,0.890337,0.109663,1,0.116155,0.855872,0.144128,1,0.155634,0.815741,0.184259,1,0.203659,0.770346,0.229654,1,0.260915,0.720379,0.279621,1,0.327978,0.666769,0.333231,1,0.405311,0.610626,0.389374,1,0.493271,0.553158,0.446842,1,0.592112,0.495591,0.504409,1,0.702004,0.439097,0.560903,1,0.823035,0.384725,0.615275,1,0.955226,0.333356,0.666644,1,1.098544,0.285673,0.714327,1,1.252908,0.24215,0.75785,1,1.418197,0.203058,0.796942,1,1.594264,0.168481,0.831519,1,1.780935,0.138343,0.861657,1,1.978018,1.7e-05,0.000144,0.000626,0.001908,0.004581,0.009209,0.016115,0.025206,0.035913,0.047275,0.058131,0.067356,0.074062,0.077729,0.078245,0.075856,0.071073,0.064552,0.056983,0.049001,0.04113,0.033759,0.027139,0.021399,0.01657,0.012615,0.032656,5.8e-05,0.000441,0.00176,0.004922,0.010829,0.019954,0.032008,0.045892,0.059934,0.072319,0.081513,0.086574,0.087257,0.083944,0.077456,0.068832,0.059115,0.049215,0.039823,0.03139,0.024151,0.018171,0.01339,0.009677,0.006869,0.004794,0.009617,0.998463,0.001537,0.996555,0.003445,0.991974,0.008026,0.982765,0.017235,0.96665,0.03335,0.941444,0.058556,0.905531,0.094469,0.858256,0.141744,0.800124,0.199876,0.732768,0.267232,0.658707,0.341293,0.580978,0.419022,0.502733,0.497267,0.426877,0.573123,0.355804,0.644196,0.291252,0.708748,0.234269,0.765731,0.185269,0.814731,0.144138,0.855862,0.110379,0.889621,0.08324,0.91676,0.997646,0.002354,0.992724,0.007276,0.981895,0.018105,0.961941,0.038059,0.929933,0.070067,0.884041,0.115959,0.824107,0.175893,0.751788,0.248212,0.670275,0.329725,0.583701,0.416299,0.496444,0.503556,0.4125,0.5875,0.335044,0.664956,0.266212,0.733788,0.207097,0.792903,0.157882,0.842118,0.118059,0.881941,0.086669,0.913331,0.062518,0.937482,0.044347,0.955653,0.030957,0.969043,1,0.001538,1,0.002357,1,0.003451,1,0.007303,1,0.008058,1,0.018271,1,0.017385,1,0.038802,1,0.033919,1,0.072643,1,0.06034,1,0.123252,1,0.099234,1,0.193455,1,0.152853,1,0.285301,1,0.222989,1,0.400067,1,0.310926,1,0.538366,1,0.417476,1,0.700285,1,0.543042,0,0.531879,1,0.687696,0,0.408034,1,0.851259,0,0.309535,1,1.033375,0,0.232054,1,1.233566,0,0.171835,1,1.451285,0,0.12563,1,1.685946,0,0.090657,1,1.936984,0,0.064558,1,2.203835,0,0.04536,1,2.486027,0,0.031446
2623,2025/26,32,Wisła Płock,Motor Lublin,22.0,17.0,39.0,14.6705,13.8059,28.4764,0.054561,1,5293.0082,0.5878,0.5174,0.1837,0.4055,0.1935,0.0,0.0,0.0,1e-06,2e-06,8e-06,2.5e-05,6.5e-05,0.000156,0.000339,0.000676,0.001254,0.002177,0.003562,0.005523,0.008153,0.011507,0.015582,0.020305,0.025535,0.031065,0.03664,0.04198,0.046805,0.050862,0.053951,0.055934,0.056748,0.056405,0.054981,0.052608,0.049456,0.045716,0.041584,0.037249,0.032877,0.028612,0.024566,0.02082,0.017426,0.014411,0.011781,0.009524,0.007618,0.00603,0.004726,0.003668,0.002821,0.00215,0.001624,0.001217,0.003275,0.995297,0.004703,1,0.004715,0.991735,0.008265,1,0.0083,0.986212,0.013788,1,0.013884,0.978059,0.021941,1,0.022186,0.966552,0.033448,1,0.034021,0.95097,0.04903,1,0.050273,0.930665,0.069335,1,0.071856,0.90513,0.09487,1,0.099677,0.874065,0.125935,1,0.134601,0.837424,0.162576,1,0.177424,0.795445,0.204555,1,0.228854,0.74864,0.25136,1,0.289497,0.697778,0.302222,1,0.359855,0.643826,0.356174,1,0.440326,0.587892,0.412108,1,0.531212,0.531144,0.468856,1,0.632722,0.474739,0.525261,1,0.74499,0.419759,0.580241,1,0.868076,0.367151,0.632849,1,1.001983,0.317695,0.682305,1,1.146664,0.271979,0.728021,1,1.302031,0.230394,0.769606,1,1.467963,0.193146,0.806854,1,1.64431,0.160269,0.839731,1,1.830905,2.1e-05,0.00017,0.00073,0.0022,0.005216,0.010356,0.0179,0.027658,0.038929,0.05063,0.061512,0.070427,0.076522,0.079367,0.078958,0.075654,0.070061,0.062896,0.054881,0.046651,0.038709,0.03141,0.024963,0.019459,0.014897,0.011214,0.028031,3.4e-05,0.000267,0.00111,0.003231,0.007401,0.014199,0.023719,0.035416,0.048175,0.060547,0.071089,0.078655,0.082591,0.082782,0.079586,0.073693,0.065951,0.057216,0.048247,0.039633,0.031781,0.024921,0.01914,0.014418,0.010667,0.00776,0.017512,0.998501,0.001499,0.996301,0.003699,0.991084,0.008916,0.980729,0.019271,0.962829,0.037171,0.935171,0.064829,0.896242,0.103758,0.845612,0.154388,0.7841,0.2159,0.713673,0.286327,0.637151,0.362849,0.557784,0.442216,0.478826,0.521174,0.403171,0.596829,0.333111,0.666889,0.270215,0.729785,0.215334,0.784666,0.168683,0.831317,0.129974,0.870026,0.098564,0.901436,0.073601,0.926399,0.99833,0.00167,0.995099,0.004901,0.987698,0.012302,0.973499,0.026501,0.94978,0.05022,0.914364,0.085636,0.866189,0.133811,0.805642,0.194358,0.734552,0.265448,0.655897,0.344103,0.573306,0.426694,0.490525,0.509475,0.410938,0.589062,0.337245,0.662755,0.271294,0.728706,0.214078,0.785922,0.165831,0.834169,0.126198,0.873802,0.094418,0.905582,0.069497,0.930503,0.050357,0.949643,1,0.0015,1,0.001671,1,0.003706,1,0.004913,1,0.008956,1,0.012378,1,0.019459,1,0.026858,1,0.037879,1,0.051525,1,0.067026,1,0.089527,1,0.109545,1,0.143652,1,0.167695,1,0.216116,1,0.243219,1,0.308494,1,0.33733,1,0.421752,1,0.450749,1,0.556336,1,0.583783,1,0.712279,1,0.736418,1,0.889313,1,0.908394,1,1.086946,1,1.09928,1,1.304552,1,1.308537,0,0.240898,1,1.535565,0,0.181319,1,1.779734,0,0.134901,1,2.040421,0,0.099177,1,2.317049,0,0.07203,0,0.07645,0,0.051669
2624,2025/26,32,Bruk-Bet Termalica Nieciecza,Legia Warszawa,10.0,6.0,16.0,12.8438,13.7277,26.5715,0.054561,1,5293.0082,0.5878,0.5174,0.1837,0.4055,0.1935,0.0,0.0,0.0,1e-06,6e-06,2e-05,5.8e-05,0.000147,0.000338,0.000705,0.001352,0.002409,0.00402,0.006322,0.009423,0.013371,0.018139,0.023609,0.029573,0.035748,0.041803,0.047393,0.052193,0.055936,0.058428,0.059573,0.059368,0.057897,0.055316,0.051829,0.04767,0.043077,0.038276,0.033467,0.028816,0.024449,0.020453,0.01688,0.013751,0.011064,0.008795,0.006911,0.005371,0.00413,0.003142,0.002367,0.001766,0.001306,0.000956,0.000695,0.0005,0.001181,0.990944,0.009056,1,0.009097,0.984622,0.015378,1,0.015498,0.975199,0.024801,1,0.025114,0.961828,0.038172,1,0.03892,0.943689,0.056311,0,2.87686,0.920079,0.079921,0,2.526722,0.890506,0.109494,0,2.21189,0.854759,0.145241,0,1.929359,0.812956,0.187044,0,1.676411,0.765563,0.234437,0,1.450569,0.71337,0.28663,0,1.249562,0.657434,0.342566,0,1.071291,0.599006,0.400994,0,0.913809,0.539433,0.460567,0,0.775296,0.480064,0.519936,0,0.65405,0.422167,0.577833,0,0.54847,0.366851,0.633149,0,0.45705,0.315022,0.684978,0,0.378369,0.267352,0.732648,0,0.31109,0.224276,0.775724,0,0.253958,0.186,0.814,0,0.205794,0.152532,0.847468,0,0.165503,0.123716,0.876284,0,0.132065,0.099268,0.900732,0,0.104547,5.9e-05,0.000447,0.001782,0.004974,0.010929,0.020108,0.032213,0.046129,0.060175,0.072531,0.081671,0.086661,0.087268,0.083885,0.077343,0.068682,0.058947,0.049045,0.039662,0.031246,0.024029,0.01807,0.01331,0.009616,0.006822,0.004759,0.009542,3.5e-05,0.000279,0.001153,0.003346,0.007639,0.014609,0.024324,0.036202,0.049084,0.061491,0.071963,0.079365,0.083065,0.082988,0.079526,0.073399,0.065475,0.056619,0.047589,0.038966,0.031144,0.024343,0.018636,0.013993,0.010319,0.007482,0.016726,0.997617,0.002383,0.992643,0.007357,0.981714,0.018286,0.961606,0.038394,0.929393,0.070607,0.883263,0.116737,0.823088,0.176912,0.750557,0.249443,0.668886,0.331114,0.582225,0.417775,0.494957,0.505043,0.411072,0.588928,0.333729,0.666271,0.265047,0.734953,0.2061,0.7939,0.157055,0.842945,0.117393,0.882607,0.086147,0.913853,0.062119,0.937881,0.044049,0.955951,0.030739,0.969261,0.998293,0.001707,0.994948,0.005052,0.987308,0.012692,0.9727,0.0273,0.948375,0.051625,0.912173,0.087827,0.863089,0.136911,0.801598,0.198402,0.729635,0.270365,0.65027,0.34973,0.567205,0.432795,0.484217,0.515783,0.404691,0.595309,0.331292,0.668708,0.265817,0.734183,0.209198,0.790802,0.161609,0.838391,0.122643,0.877357,0.091499,0.908501,0.067156,0.932844,0.048521,0.951479,1,0.002386,1,0.001708,1,0.007384,1,0.005065,1,0.018455,1,0.012773,1,0.03915,1,0.02768,1,0.073224,0,2.963749,1,0.124132,0,2.432386,1,0.194692,0,1.988424,1,0.28694,0,1.61746,0,1.105293,0,1.307982,0,0.872812,0,1.050594,0,0.683112,0,0.837491,0,0.529451,0,0.662069,0,0.406059,0,0.518675,0,0.307949,0,0.402408,0,0.230798,0,0.308997,0,0.170854,0,0.234708,0,0.124875,0,0.176271,0,0.090086,0,0.130841,0,0.064132,0,0.095959,0,0.045049,0,0.069517,0,0.031221,0,0.049738
2625,2025/26,32,Górnik Zabrze,Zagłębie Lubin,25.0,13.0,38.0,15.2013,11.5171,26.7184,0.054561,1,5293.0082,0.5878,0.5174,0.1837,0.4055,0.1935,0.0,0.0,0.0,1e-06,6e-06,1.9e-05,5.6e-05,0.000143,0.000327,0.000683,0.00131,0.002336,0.0039,0.006138,0.009156,0.013006,0.017666,0.023025,0.028885,0.034975,0.040975,0.046548,0.051375,0.055186,0.057789,0.059078,0.05904,0.057748,0.055346,0.052028,0.048017,0.043547,0.038839,0.034093,0.029474,0.025113,0.021101,0.017494,0.014318,0.011576,0.009249,0.007305,0.005707,0.004412,0.003376,0.002558,0.00192,0.001428,0.001053,0.000769,0.000558,0.001346,0.991219,0.008781,1,0.00882,0.985081,0.014919,1,0.015032,0.975925,0.024075,1,0.02437,0.962919,0.037081,1,0.037786,0.945253,0.054747,1,0.056303,0.922228,0.077772,1,0.080963,0.893343,0.106657,1,0.112784,0.858368,0.141632,1,0.152722,0.817393,0.182607,1,0.201635,0.770845,0.229155,1,0.260268,0.71947,0.28053,1,0.32924,0.664284,0.335716,1,0.409045,0.606495,0.393505,1,0.500059,0.547417,0.452583,1,0.602545,0.488376,0.511624,1,0.716669,0.430628,0.569372,1,0.84251,0.375282,0.624718,1,0.980077,0.323255,0.676745,1,1.129315,0.275237,0.724763,1,1.290121,0.23169,0.76831,1,1.462353,0.192851,0.807149,1,1.645836,0.158758,0.841242,1,1.840371,0.129284,0.870716,1,2.045743,0.104171,0.895829,1,2.26172,1.6e-05,0.000129,0.000567,0.001742,0.004211,0.008525,0.015027,0.023677,0.033986,0.045075,0.055847,0.065205,0.07225,0.076418,0.077527,0.075753,0.071539,0.065494,0.058278,0.050518,0.042747,0.035372,0.028668,0.022789,0.017792,0.013657,0.036288,0.000131,0.00093,0.003468,0.009069,0.01866,0.032156,0.048246,0.064705,0.079054,0.089242,0.094112,0.093527,0.088208,0.079411,0.068573,0.057031,0.045843,0.035722,0.027056,0.019963,0.014378,0.010126,0.006986,0.004727,0.003141,0.002052,0.003463,0.998384,0.001616,0.996642,0.003358,0.992432,0.007568,0.983907,0.016093,0.96888,0.03112,0.945202,0.054798,0.911216,0.088784,0.866141,0.133859,0.810294,0.189706,0.745089,0.254911,0.67284,0.32716,0.596422,0.403578,0.518895,0.481105,0.443142,0.556858,0.371603,0.628397,0.306109,0.693891,0.247831,0.752169,0.197313,0.802687,0.154566,0.845434,0.119194,0.880806,0.090526,0.909474,0.995452,0.004548,0.986383,0.013617,0.967723,0.032277,0.935567,0.064433,0.887321,0.112679,0.822616,0.177384,0.743562,0.256438,0.65432,0.34568,0.560208,0.439792,0.466681,0.533319,0.378472,0.621528,0.299061,0.700939,0.230488,0.769512,0.173457,0.826543,0.127614,0.872386,0.091891,0.908109,0.064836,0.935164,0.044873,0.955127,0.030495,0.969505,0.020369,0.979631,0.013383,0.986617,1,0.001617,1,0.004558,1,0.003364,1,0.013711,1,0.007597,1,0.032809,1,0.016224,1,0.066603,1,0.031615,1,0.119548,1,0.056357,1,0.195266,1,0.092975,1,0.296303,1,0.143708,1,0.424159,1,0.210358,1,0.579447,1,0.294252,1,0.762109,1,0.396248,1,0.971613,1,0.516807,0,0.355334,1,0.656054,0,0.261999,1,0.813865,0,0.190503,1,0.989929,0,0.136523,1,1.183814,0,0.096391,1,1.395008,0,0.067033,1,1.622964,0,0.045911,1,1.867134,0,0.03097,1,2.127003,0,0.020579,1,2.402118,0,0.013473
2626,2025/26,32,Cracovia,Radomiak Radom,17.0,6.0,23.0,15.7488,11.6561,27.4048,0.054561,1,5293.0082,0.5878,0.5174,0.1837,0.4055,0.1935,0.0,0.0,0.0,1e-06,4e-06,1.4e-05,4.1e-05,0.000107,0.00025,0.000528,0.001027,0.001857,0.003145,0.00502,0.007594,0.010941,0.015073,0.019926,0.025354,0.03114,0.037006,0.042643,0.047743,0.052025,0.055266,0.057317,0.058111,0.057665,0.05607,0.053477,0.050076,0.046078,0.041699,0.037141,0.032581,0.028169,0.024018,0.020206,0.016783,0.01377,0.011165,0.00895,0.007097,0.005568,0.004324,0.003326,0.002534,0.001913,0.001431,0.001062,0.000781,0.001982,0.993025,0.006975,1,0.007,0.988005,0.011995,1,0.012067,0.980411,0.019589,1,0.019784,0.96947,0.03053,1,0.031006,0.954397,0.045603,1,0.046676,0.934471,0.065529,1,0.067775,0.909117,0.090883,1,0.095282,0.877976,0.122024,1,0.130136,0.840971,0.159029,1,0.173199,0.798327,0.201673,1,0.225236,0.750585,0.249415,1,0.286903,0.69856,0.30144,0,1.199184,0.643294,0.356706,0,1.030843,0.585977,0.414023,0,0.881834,0.527866,0.472134,0,0.750493,0.470202,0.529798,0,0.635259,0.414131,0.585869,0,0.53466,0.360654,0.639346,0,0.44731,0.310578,0.689422,0,0.371902,0.2645,0.7355,0,0.307205,0.222801,0.777199,0,0.252059,0.185661,0.814339,0,0.205378,0.153079,0.846921,0,0.166148,0.12491,0.87509,0,0.133429,1.2e-05,9.8e-05,0.000438,0.001371,0.003379,0.006973,0.01253,0.020125,0.029447,0.039811,0.05028,0.059843,0.067593,0.072877,0.075367,0.075069,0.072267,0.067441,0.061173,0.054055,0.046626,0.039329,0.032493,0.02633,0.020954,0.016396,0.046333,0.000121,0.00086,0.003232,0.008514,0.017648,0.030637,0.046305,0.06256,0.076997,0.087561,0.093021,0.093125,0.088477,0.08024,0.069801,0.05848,0.047354,0.037173,0.028362,0.021081,0.015295,0.010852,0.007541,0.00514,0.003441,0.002265,0.003894,0.998063,0.001937,0.996692,0.003308,0.993313,0.006687,0.98634,0.01366,0.97381,0.02619,0.953685,0.046315,0.924238,0.075762,0.884428,0.115572,0.834147,0.165853,0.774305,0.225695,0.706712,0.293288,0.633835,0.366165,0.558467,0.441533,0.483398,0.516602,0.411132,0.588868,0.343691,0.656309,0.282517,0.717483,0.228462,0.771538,0.181836,0.818164,0.142507,0.857493,0.110014,0.889986,0.995765,0.004235,0.987251,0.012749,0.969602,0.030398,0.938966,0.061034,0.892661,0.107339,0.8301,0.1699,0.753103,0.246897,0.665542,0.334458,0.572521,0.427479,0.479396,0.520604,0.390919,0.609081,0.310679,0.689321,0.240878,0.759122,0.182398,0.817602,0.135043,0.864957,0.09787,0.90213,0.069509,0.930491,0.048428,0.951572,0.033133,0.966867,0.022281,0.977719,0.01474,0.98526,1,0.001939,1,0.004244,1,0.003313,1,0.012831,1,0.006709,1,0.03087,1,0.013754,1,0.062976,1,0.026539,0,2.231763,1,0.047422,0,1.772545,1,0.078786,0,1.398784,1,0.122814,0,1.095244,1,0.181346,0,0.84985,1,0.255789,0,0.652766,1,0.347132,0,0.495804,1,0.455967,0,0.372048,1,0.58256,0,0.275593,1,0.726915,0,0.20138,1,0.888841,0,0.145075,0,0.421124,0,0.102997,0,0.332006,0,0.072043,0,0.259369,0,0.04964,0,0.200692,0,0.033694,0,0.153742,0,0.022533,0,0.11655,0,0.01485
2627,2025/26,32,Lech Poznań,Arka Gdynia,26.0,7.0,33.0,18.4684,12.2563,30.7247,0.054561,1,5293.0082,0.5878,0.5174,0.1837,0.4055,0.1935,0.0,0.0,0.0,0.0,1e-06,3e-06,1e-05,2.8e-05,6.8e-05,0.000154,0.000318,0.00061,0.001097,0.001861,0.002991,0.00458,0.006707,0.009425,0.012752,0.016654,0.021048,0.025798,0.030726,0.035622,0.040265,0.04444,0.047954,0.050654,0.052436,0.053248,0.053096,0.052034,0.050156,0.047589,0.044477,0.040974,0.03723,0.033383,0.029556,0.025852,0.022348,0.019103,0.016154,0.013518,0.011199,0.009189,0.007469,0.006016,0.004804,0.003804,0.002988,0.00961,0.997711,0.002289,1,0.002291,0.995851,0.004149,1,0.004158,0.99286,0.00714,1,0.007166,0.98828,0.01172,1,0.01179,0.981573,0.018427,1,0.018599,0.972147,0.027853,1,0.028248,0.959396,0.040604,1,0.041452,0.942741,0.057259,1,0.058963,0.921693,0.078307,1,0.081543,0.895895,0.104105,1,0.109932,0.865169,0.134831,1,0.14483,0.829547,0.170453,1,0.186875,0.789282,0.210718,1,0.236632,0.744842,0.255158,1,0.294583,0.696888,0.303112,1,0.361131,0.646233,0.353767,1,0.436595,0.593798,0.406202,1,0.521217,0.54055,0.45945,1,0.615169,0.487454,0.512546,1,0.71856,0.43542,0.56458,1,0.831444,0.385264,0.614736,1,0.953826,0.337676,0.662324,0,0.412,0.293198,0.706802,0,0.347005,0.252224,0.747776,0,0.290651,3e-06,2.6e-05,0.000126,0.00043,0.001151,0.002579,0.005032,0.008778,0.013949,0.020481,0.028092,0.03631,0.04454,0.052152,0.058574,0.06336,0.066241,0.067135,0.066133,0.063465,0.059451,0.054461,0.048864,0.043002,0.037166,0.031583,0.118969,8.4e-05,0.000617,0.002389,0.006486,0.013859,0.024801,0.038642,0.053818,0.068282,0.080046,0.087661,0.090468,0.088604,0.082835,0.074282,0.064155,0.053553,0.043335,0.034084,0.026115,0.019533,0.014286,0.010234,0.007191,0.004962,0.003367,0.006263,0.991897,0.008103,0.991467,0.008533,0.990316,0.009684,0.987738,0.012262,0.982705,0.017295,0.973927,0.026073,0.959978,0.040022,0.939497,0.060503,0.911406,0.088594,0.875096,0.124904,0.830556,0.169444,0.778404,0.221596,0.71983,0.28017,0.656471,0.343529,0.590229,0.409771,0.523094,0.476906,0.456961,0.543039,0.393496,0.606504,0.334045,0.665955,0.279584,0.720416,0.23072,0.76928,0.996863,0.003137,0.990377,0.009623,0.976518,0.023482,0.951717,0.048283,0.913075,0.086925,0.859256,0.140744,0.790975,0.209025,0.710929,0.289071,0.623267,0.376733,0.5328,0.4672,0.444196,0.555804,0.36136,0.63864,0.287079,0.712921,0.222924,0.777076,0.169371,0.830629,0.126036,0.873964,0.091952,0.908048,0.065837,0.934163,0.046304,0.953696,0.032018,0.967982,0.021784,0.978216,1,0.008136,1,0.003142,1,0.00857,1,0.00967,1,0.009731,1,0.023762,1,0.012338,1,0.049488,1,0.017446,1,0.090937,1,0.026419,0,1.960813,1,0.040845,0,1.565301,1,0.062411,0,1.241083,1,0.092767,0,0.976219,1,0.133422,0,0.760998,1,0.18566,0,0.58734,1,0.25051,0,0.448414,1,0.32874,0,0.338385,1,0.420877,0,0.252217,1,0.527245,0,0.185572,1,0.647994,0,0.134716,1,0.783157,0,0.096458,1,0.932684,0,0.068104,1,1.09648,0,0.04741,1,1.274452,0,0.032542,1,1.46655,0,0.022025
2628,2025/26,32,Raków Częstochowa,Korona Kielce,14.0,11.0,25.0,16.5118,13.6857,30.1975,0.054561,1,5293.0082,0.5878,0.5174,0.1837,0.4055,0.1935,0.0,0.0,0.0,0.0,1e-06,4e-06,1.2e-05,3.2e-05,7.9e-05,0.000177,0.000365,0.000698,0.00125,0.002111,0.003378,0.005146,0.007497,0.010477,0.014094,0.018296,0.022979,0.027981,0.0331,0.038105,0.042759,0.046838,0.05015,0.052549,0.053947,0.054317,0.053688,0.05214,0.049793,0.046796,0.043311,0.039502,0.035525,0.031521,0.027609,0.023884,0.020417,0.017253,0.014419,0.011923,0.009758,0.007907,0.006346,0.005047,0.003977,0.003107,0.002408,0.007327,0.997381,0.002619,1,0.002622,0.99527,0.00473,1,0.004741,0.991893,0.008107,1,0.00814,0.986746,0.013254,1,0.013342,0.97925,0.02075,1,0.020969,0.968772,0.031228,1,0.031726,0.954679,0.045321,1,0.046381,0.936382,0.063618,1,0.065731,0.913404,0.086596,1,0.090577,0.885423,0.114577,1,0.12169,0.852323,0.147677,1,0.15979,0.814218,0.185782,1,0.205527,0.771458,0.228542,1,0.259473,0.72462,0.27538,0,1.289604,0.674471,0.325529,0,1.122302,0.621922,0.378078,0,0.972655,0.567975,0.432025,0,0.839272,0.513658,0.486342,0,0.720843,0.459971,0.540029,0,0.616132,0.407831,0.592169,0,0.523963,0.358038,0.641962,0,0.443226,0.311241,0.688759,0,0.372864,0.26793,0.73207,0,0.31188,0.228429,0.771571,0,0.259326,8e-06,6.7e-05,0.000307,0.000985,0.00249,0.00527,0.009711,0.015995,0.024,0.033275,0.043096,0.0526,0.060926,0.067363,0.071441,0.072972,0.072038,0.068941,0.064128,0.05811,0.051401,0.044462,0.037669,0.031303,0.025547,0.0205,0.062983,3.6e-05,0.000285,0.001177,0.003409,0.00777,0.014834,0.024655,0.036631,0.049578,0.062,0.072432,0.079742,0.083314,0.083091,0.079485,0.073233,0.065212,0.056293,0.047232,0.038606,0.030803,0.024033,0.018367,0.013767,0.010134,0.007335,0.016315,0.997208,0.002792,0.996223,0.003777,0.993732,0.006268,0.988462,0.011538,0.978751,0.021249,0.962756,0.037244,0.938756,0.061244,0.905481,0.094519,0.862384,0.137616,0.809785,0.190215,0.748858,0.251142,0.681495,0.318505,0.610054,0.389946,0.537082,0.462918,0.465044,0.534956,0.396103,0.603897,0.331975,0.668025,0.273865,0.726135,0.222464,0.777536,0.178002,0.821998,0.140332,0.859668,0.998272,0.001728,0.994863,0.005137,0.987093,0.012907,0.972259,0.027741,0.947604,0.052396,0.910974,0.089026,0.861396,0.138604,0.799396,0.200604,0.726963,0.273037,0.647221,0.352779,0.563907,0.436093,0.480816,0.519184,0.401331,0.598669,0.328098,0.671902,0.262886,0.737114,0.206593,0.793407,0.159361,0.840639,0.120755,0.879245,0.089952,0.910048,0.065919,0.934081,0.047552,0.952448,1,0.002796,1,0.001729,1,0.003784,1,0.00515,1,0.006288,1,0.012991,1,0.011605,1,0.028133,1,0.021478,1,0.053819,1,0.037955,1,0.093241,1,0.0632,1,0.149201,1,0.099289,1,0.223899,1,0.148055,1,0.31888,1,0.210986,0,1.041913,1,0.289206,0,0.8299,1,0.383466,0,0.655497,0,0.941747,0,0.513046,0,0.770205,0,0.397643,0,0.625571,0,0.305013,0,0.504352,0,0.231419,0,0.40343,0,0.173593,0,0.320019,0,0.128692,0,0.251625,0,0.094258,0,0.196017,0,0.068192,0,0.151209,0,0.04872
2629,2025/26,32,Jagiellonia Białystok,Pogoń Szczecin,20.0,10.0,30.0,15.2759,12.5341,27.8099,0.054561,1,5293.0082,0.5878,0.5174,0.1837,0.4055,0.1935,0.0,0.0,0.0,1e-06,3e-06,1.1e-05,3.4e-05,8.8e-05,0.000208,0.000444,0.000873,0.001594,0.002727,0.004397,0.006719,0.009776,0.013601,0.018154,0.023322,0.028916,0.034685,0.040339,0.045577,0.050114,0.053712,0.056197,0.057472,0.057522,0.056406,0.054248,0.051218,0.047514,0.043345,0.038913,0.034404,0.029975,0.025752,0.021828,0.018265,0.015095,0.012327,0.009952,0.007946,0.006277,0.004908,0.0038,0.002914,0.002214,0.001667,0.001244,0.000921,0.002383,0.994017,0.005983,1,0.006001,0.989621,0.010379,1,0.010434,0.982902,0.017098,1,0.017246,0.973125,0.026875,1,0.027242,0.959525,0.040475,1,0.041317,0.941371,0.058629,1,0.060418,0.918049,0.081951,1,0.085504,0.889133,0.110867,1,0.117508,0.854448,0.145552,1,0.157299,0.814109,0.185891,1,0.205661,0.768532,0.231468,1,0.263273,0.718417,0.281583,1,0.330704,0.664705,0.335295,1,0.408412,0.608508,0.391492,1,0.496745,0.551036,0.448964,1,0.595955,0.493515,0.506485,1,0.706203,0.437108,0.562892,1,0.827574,0.38286,0.61714,1,0.960086,0.331642,0.668358,0,0.402931,0.284127,0.715873,0,0.334253,0.240782,0.759218,0,0.275467,0.201869,0.798131,0,0.225483,0.167465,0.832535,0,0.18328,0.137491,0.862509,0,0.147909,1.5e-05,0.000125,0.000547,0.001686,0.004086,0.008295,0.01466,0.023162,0.033335,0.04433,0.05507,0.06447,0.071627,0.075962,0.077271,0.075704,0.071685,0.065803,0.058709,0.051029,0.043295,0.035921,0.029191,0.023267,0.018213,0.014018,0.037564,7.1e-05,0.00053,0.002079,0.00572,0.012388,0.022466,0.035476,0.050073,0.064385,0.076494,0.084899,0.088796,0.088138,0.083509,0.075894,0.066429,0.056197,0.046088,0.036737,0.028527,0.021623,0.016028,0.011637,0.008287,0.005795,0.003985,0.007682,0.998353,0.001647,0.996667,0.003333,0.992581,0.007419,0.984286,0.015714,0.969626,0.030374,0.946464,0.053536,0.913129,0.086871,0.8688,0.1312,0.813729,0.186271,0.749259,0.250741,0.677632,0.322368,0.60167,0.39833,0.524399,0.475601,0.448695,0.551305,0.37701,0.62299,0.311207,0.688793,0.252498,0.747502,0.201469,0.798531,0.158174,0.841826,0.122253,0.877747,0.093063,0.906937,0.997255,0.002745,0.991534,0.008466,0.979147,0.020853,0.95668,0.04332,0.921205,0.078795,0.871131,0.128869,0.806746,0.193254,0.730252,0.269748,0.645353,0.354647,0.556556,0.443444,0.468418,0.531582,0.384909,0.615091,0.309016,0.690984,0.242586,0.757414,0.186389,0.813611,0.140301,0.859699,0.103565,0.896435,0.075038,0.924962,0.053415,0.946585,0.037386,0.962614,0.025749,0.974251,1,0.001648,1,0.002749,1,0.003339,1,0.008502,1,0.007447,1,0.021073,1,0.015839,1,0.044286,1,0.030845,1,0.082073,1,0.055022,1,0.137963,1,0.090878,1,0.214746,1,0.140642,1,0.314366,1,0.206128,0,1.036632,1,0.288671,0,0.813184,1,0.389151,0,0.631898,1,0.508046,0,0.485985,1,0.645502,0,0.369639,1,0.801412,0,0.277845,1,0.975484,0,0.206273,1,1.167297,0,0.151173,1,1.376352,0,0.109329,1,1.60212,0,0.078003,0,0.172182,0,0.054895,0,0.130397,0,0.038103,0,0.097682,0,0.026086
2630,2025/26,32,Piast Gliwice,GKS Katowice,18.0,8.0,26.0,16.2105,11.3111,27.5216,0.054561,1,5293.0082,0.5878,0.5174,0.1837,0.4055,0.1935,0.0,0.0,0.0,1e-06,4e-06,1.4e-05,4e-05,0.000104,0.000242,0.000512,0.000997,0.001804,0.003058,0.004887,0.007402,0.010677,0.014729,0.019498,0.024848,0.030567,0.036385,0.042001,0.04711,0.051434,0.054747,0.056896,0.057808,0.057493,0.056033,0.053569,0.050286,0.04639,0.042091,0.037591,0.033069,0.028672,0.024519,0.02069,0.017239,0.014188,0.011541,0.009283,0.007386,0.005815,0.004532,0.003498,0.002675,0.002027,0.001522,0.001134,0.000838,0.002156,0.993224,0.006776,1,0.006799,0.988337,0.011663,1,0.011731,0.980936,0.019064,1,0.019248,0.970259,0.029741,1,0.030192,0.95553,0.04447,1,0.045489,0.936032,0.063968,1,0.066106,0.911184,0.088816,1,0.093011,0.880617,0.119383,1,0.127132,0.844232,0.155768,1,0.169328,0.802231,0.197769,1,0.220358,0.755121,0.244879,1,0.280877,0.703688,0.296312,1,0.351421,0.648941,0.351059,1,0.432414,0.592045,0.407955,1,0.524173,0.534236,0.465764,0,0.764077,0.476743,0.523257,0,0.647683,0.420711,0.579289,0,0.545954,0.367142,0.632858,0,0.457509,0.316856,0.683144,0,0.38105,0.270466,0.729534,0,0.31535,0.228375,0.771625,0,0.259256,0.190783,0.809217,0,0.211689,0.157715,0.842285,0,0.171637,0.129042,0.870958,0,0.138162,9e-06,7.8e-05,0.000353,0.001122,0.002808,0.005886,0.010741,0.01752,0.026035,0.035745,0.045848,0.055416,0.063567,0.069602,0.073101,0.073944,0.072291,0.068514,0.063113,0.056637,0.049613,0.0425,0.035658,0.029345,0.023717,0.018847,0.056039,0.000149,0.001044,0.003851,0.009958,0.020264,0.034534,0.05124,0.067961,0.082113,0.09167,0.095604,0.093959,0.087635,0.078022,0.066629,0.054801,0.043563,0.033571,0.025145,0.018347,0.013068,0.009102,0.00621,0.004155,0.002731,0.001764,0.002896,0.997608,0.002392,0.996486,0.003514,0.993678,0.006322,0.987792,0.012208,0.977051,0.022949,0.95953,0.04047,0.933496,0.066504,0.897751,0.102249,0.851903,0.148097,0.796486,0.203514,0.732919,0.267081,0.663317,0.336683,0.590216,0.409784,0.516272,0.483728,0.443981,0.556019,0.375467,0.624533,0.312355,0.687645,0.255718,0.744282,0.206105,0.793895,0.163605,0.836395,0.127947,0.872053,0.994942,0.005058,0.984983,0.015017,0.964719,0.035281,0.930186,0.069814,0.878945,0.121055,0.810984,0.189016,0.728872,0.271128,0.637202,0.362798,0.541598,0.458402,0.44764,0.55236,0.360004,0.639996,0.281982,0.718018,0.215353,0.784647,0.160552,0.839448,0.116989,0.883011,0.083418,0.916582,0.058274,0.941726,0.039927,0.960073,0.026858,0.973142,0.017756,0.982244,0.011546,0.988454,1,0.002395,1,0.005071,1,0.00352,1,0.015131,1,0.006342,1,0.035918,1,0.012283,1,0.072371,1,0.023216,1,0.129033,1,0.041312,1,0.209507,1,0.068819,0,1.305164,1,0.107863,0,1.013909,1,0.160283,0,0.780009,1,0.227546,0,0.593555,1,0.31072,0,0.446293,1,0.410502,0,0.331261,1,0.527267,0,0.242521,1,0.661122,0,0.175011,1,0.811974,0,0.124418,1,0.979585,0,0.087104,0,0.374483,0,0.060041,0,0.295335,0,0.040746,0,0.230804,0,0.027225,0,0.178654,0,0.017916,0,0.136905,0,0.011613
2631,2025/26,32,Widzew Łódź,Lechia Gdańsk,18.0,11.0,29.0,13.5877,12.9111,26.4988,0.054561,1,5293.0082,0.5878,0.5174,0.1837,0.4055,0.1935,0.0,0.0,0.0,1e-06,6e-06,2e-05,5.9e-05,0.000152,0.000348,0.000724,0.001387,0.002468,0.004112,0.006458,0.00961,0.013615,0.018442,0.023967,0.029974,0.036176,0.042238,0.047812,0.052573,0.056254,0.058668,0.059724,0.059424,0.05786,0.055192,0.051631,0.047412,0.042775,0.037947,0.033126,0.028477,0.024122,0.020146,0.0166,0.013501,0.010845,0.008607,0.006753,0.005239,0.004021,0.003055,0.002298,0.001711,0.001263,0.000924,0.00067,0.000481,0.00113,0.990721,0.009279,1,0.009323,0.984263,0.015737,1,0.015862,0.974653,0.025347,1,0.025673,0.961038,0.038962,1,0.039741,0.942596,0.057404,1,0.059118,0.918629,0.081371,1,0.084873,0.888655,0.111345,1,0.118046,0.852479,0.147521,1,0.159607,0.81024,0.18976,1,0.210425,0.762428,0.237572,1,0.271247,0.709856,0.290144,1,0.342694,0.653602,0.346398,1,0.425257,0.594934,0.405066,1,0.519305,0.53521,0.46479,1,0.625096,0.475786,0.524214,1,0.742787,0.417926,0.582074,1,0.872451,0.362734,0.637266,1,1.014087,0.311103,0.688897,0,0.372663,0.263691,0.736309,0,0.306105,0.220915,0.779085,0,0.249636,0.182968,0.817032,0,0.202078,0.149842,0.850158,0,0.162333,0.121366,0.878634,0,0.129386,0.097244,0.902756,0,0.102303,3.8e-05,0.0003,0.001235,0.003562,0.008085,0.015371,0.025443,0.037646,0.050743,0.063196,0.073526,0.080613,0.083878,0.083309,0.079366,0.072823,0.06458,0.055519,0.04639,0.037762,0.030006,0.023315,0.017744,0.013246,0.009711,0.007,0.015385,5.7e-05,0.000431,0.001723,0.004826,0.010635,0.019628,0.03154,0.045304,0.059281,0.071673,0.080953,0.086163,0.087033,0.083917,0.07761,0.069131,0.059515,0.049669,0.04029,0.031839,0.02456,0.018526,0.013688,0.009919,0.007059,0.00494,0.009988,0.998218,0.001782,0.994657,0.005343,0.986572,0.013428,0.971201,0.028799,0.945758,0.054242,0.908111,0.091889,0.857369,0.142631,0.794172,0.205828,0.720646,0.279354,0.640033,0.359967,0.556155,0.443845,0.472846,0.527154,0.39348,0.60652,0.320657,0.679343,0.256077,0.743923,0.200559,0.799441,0.154169,0.845831,0.116407,0.883593,0.086401,0.913599,0.063086,0.936914,0.045341,0.954659,0.997687,0.002313,0.992861,0.007139,0.982226,0.017774,0.962598,0.037402,0.931058,0.068942,0.885753,0.114247,0.826472,0.173528,0.754799,0.245201,0.673846,0.326154,0.587684,0.412316,0.50065,0.49935,0.416734,0.583266,0.339123,0.660877,0.269992,0.730008,0.210478,0.789522,0.160808,0.839192,0.120518,0.879482,0.088679,0.911321,0.06412,0.93588,0.045594,0.954406,0.031906,0.968094,1,0.001784,1,0.002316,1,0.005357,1,0.007165,1,0.013519,1,0.017934,1,0.029222,1,0.038119,1,0.055769,1,0.071434,1,0.096389,1,0.121317,1,0.153887,1,0.190589,1,0.230455,1,0.281304,1,0.327607,1,0.394754,1,0.446236,0,0.885965,1,0.586708,0,0.694448,1,0.748986,0,0.539112,1,0.932725,0,0.414188,1,1.137383,0,0.3147,1,1.362277,0,0.236328,1,1.606647,0,0.175316,0,0.167436,0,0.128422,0,0.123759,0,0.09286,0,0.090364,0,0.066268,0,0.065164,0,0.046666,0,0.046401,0,0.032426
2632,2025/26,33,Arka Gdynia,Bruk-Bet Termalica Nieciecza,16.0,12.0,28.0,13.8756,12.5752,26.4508,0.054473,1,5346.4441,0.5737,0.5007,0.1906,0.4099,0.1881,0.0,0.0,0.0,1e-06,6e-06,2.1e-05,6.1e-05,0.000155,0.000355,0.000737,0.001411,0.002508,0.004175,0.00655,0.009736,0.013781,0.018647,0.024208,0.030244,0.036464,0.042529,0.04809,0.052822,0.056461,0.058822,0.059816,0.059453,0.057827,0.055102,0.051492,0.047234,0.04257,0.037725,0.032898,0.028251,0.023905,0.019945,0.016417,0.013339,0.010703,0.008486,0.006651,0.005155,0.003953,0.003,0.002254,0.001677,0.001237,0.000904,0.000654,0.00047,0.0011,0.990569,0.009431,1,0.009476,0.984019,0.015981,1,0.01611,0.974283,0.025717,1,0.026053,0.960502,0.039498,1,0.040299,0.941855,0.058145,1,0.059904,0.917647,0.082353,1,0.085942,0.887404,0.112596,1,0.119455,0.85094,0.14906,1,0.161414,0.808411,0.191589,1,0.212684,0.760322,0.239678,1,0.274014,0.7075,0.2925,1,0.346018,0.651039,0.348961,1,0.429186,0.592217,0.407783,1,0.523882,0.532401,0.467599,1,0.630358,0.472948,0.527052,1,0.74877,0.415121,0.584879,1,0.879184,0.36002,0.63998,0,0.446318,0.308528,0.691472,0,0.368932,0.261293,0.738707,0,0.302855,0.218724,0.781276,0,0.246826,0.180999,0.819001,0,0.19967,0.148101,0.851899,0,0.160287,0.11985,0.88015,0,0.127663,0.095945,0.904055,0,0.100865,3.2e-05,0.000257,0.00107,0.003125,0.007183,0.013827,0.023171,0.034709,0.047359,0.059706,0.070314,0.078031,0.082178,0.082609,0.079651,0.073965,0.066382,0.057752,0.048835,0.040227,0.032346,0.025433,0.019586,0.014794,0.010975,0.008004,0.018202,6.9e-05,0.000516,0.002032,0.005606,0.012168,0.022119,0.035006,0.04952,0.063811,0.075972,0.084494,0.088552,0.088071,0.083609,0.076132,0.066764,0.056587,0.046493,0.037127,0.028882,0.021932,0.016285,0.011844,0.008449,0.005919,0.004077,0.007894,0.998365,0.001635,0.99524,0.00476,0.988056,0.011944,0.974229,0.025771,0.951058,0.048942,0.916349,0.083651,0.86899,0.13101,0.809284,0.190716,0.73897,0.26103,0.660939,0.339061,0.578761,0.421239,0.496152,0.503848,0.416501,0.583499,0.342536,0.657464,0.276154,0.723846,0.218402,0.781598,0.169567,0.830433,0.12934,0.87066,0.096994,0.903006,0.071562,0.928438,0.051975,0.948025,0.997314,0.002686,0.991708,0.008292,0.97954,0.02046,0.95742,0.04258,0.922414,0.077586,0.872894,0.127106,0.809083,0.190917,0.733111,0.266889,0.648617,0.351383,0.560065,0.439935,0.471994,0.528006,0.388384,0.611616,0.312253,0.687747,0.245488,0.754512,0.188901,0.811099,0.142409,0.857591,0.105282,0.894718,0.076399,0.923601,0.054468,0.945532,0.038182,0.961818,0.026338,0.973662,1,0.001636,1,0.00269,1,0.004771,1,0.008327,1,0.012016,1,0.020672,1,0.026109,1,0.043513,1,0.05018,1,0.080761,1,0.087358,1,0.135941,1,0.140424,1,0.211854,1,0.211605,1,0.310458,1,0.302498,1,0.432913,1,0.414094,1,0.579702,1,0.546866,0,0.638648,1,0.700873,0,0.491651,1,0.875866,0,0.374334,1,1.071379,0,0.281684,0,0.323177,0,0.209365,0,0.246415,0,0.153628,0,0.185808,0,0.111247,0,0.138504,0,0.079475,0,0.102026,0,0.056008,0,0.074252,0,0.03893,0,0.053374,0,0.026691
2633,2025/26,33,Wisła Płock,Górnik Zabrze,8.0,14.0,22.0,12.7902,15.0603,27.8505,0.054473,1,5346.4441,0.5737,0.5007,0.1906,0.4099,0.1881,0.0,0.0,0.0,1e-06,3e-06,1.1e-05,3.3e-05,8.6e-05,0.000203,0.000434,0.000854,0.001563,0.002678,0.004324,0.006618,0.009644,0.013435,0.017957,0.0231,0.028677,0.03444,0.040102,0.04536,0.049931,0.053572,0.056106,0.057434,0.057537,0.056471,0.054356,0.051361,0.047683,0.04353,0.039106,0.034597,0.030161,0.025926,0.021988,0.018407,0.015219,0.012434,0.010042,0.008021,0.006338,0.004957,0.003839,0.002944,0.002237,0.001685,0.001258,0.000931,0.002409,0.994136,0.005864,1,0.005882,0.989811,0.010189,1,0.010241,0.983193,0.016807,1,0.016949,0.97355,0.02645,1,0.026806,0.960115,0.039885,1,0.040702,0.942158,0.057842,1,0.059582,0.919059,0.080941,1,0.084405,0.890382,0.109618,1,0.116105,0.855942,0.144058,1,0.155553,0.81584,0.18416,1,0.203537,0.770479,0.229521,0,1.471763,0.720549,0.279451,0,1.274928,0.666977,0.333023,0,1.099545,0.610871,0.389129,0,0.943845,0.553437,0.446563,0,0.806175,0.4959,0.5041,0,0.684981,0.439429,0.560571,0,0.5788,0.385073,0.614927,0,0.486252,0.333712,0.666288,0,0.406033,0.286029,0.713971,0,0.336913,0.242499,0.757501,0,0.27773,0.203393,0.796607,0,0.227394,0.168796,0.831204,0,0.18488,0.138635,0.861365,0,0.149237,6.1e-05,0.000459,0.001826,0.005087,0.011154,0.02048,0.032738,0.046778,0.060884,0.073218,0.082252,0.087071,0.087471,0.083876,0.077144,0.068334,0.058501,0.04855,0.03916,0.030771,0.023601,0.017702,0.013004,0.00937,0.00663,0.004613,0.009178,1.7e-05,0.000139,0.000604,0.001849,0.004448,0.008964,0.015726,0.024661,0.035228,0.046495,0.057324,0.066599,0.073428,0.077275,0.078002,0.075831,0.071249,0.064894,0.057447,0.049541,0.041703,0.034329,0.027677,0.021886,0.016997,0.012978,0.033909,0.997566,0.002434,0.992479,0.007521,0.981325,0.018675,0.960846,0.039154,0.928108,0.071892,0.88133,0.11867,0.820446,0.179554,0.747227,0.252773,0.664975,0.335025,0.577904,0.422096,0.490433,0.509567,0.406557,0.593443,0.329413,0.670587,0.261079,0.738921,0.202578,0.797422,0.154028,0.845972,0.114868,0.885132,0.084097,0.915903,0.060496,0.939504,0.042794,0.957206,0.02979,0.97021,0.998439,0.001561,0.99659,0.00341,0.992142,0.007858,0.983178,0.016822,0.967452,0.032548,0.942791,0.057209,0.907564,0.092436,0.861069,0.138931,0.803745,0.196255,0.737146,0.262854,0.663719,0.336281,0.586444,0.413556,0.508441,0.491559,0.43261,0.56739,0.361361,0.638639,0.296467,0.703533,0.23902,0.76098,0.189478,0.810522,0.147775,0.852225,0.113447,0.886553,0.08577,0.91423,1,0.002437,1,0.001562,1,0.007549,1,0.003416,1,0.018852,1,0.007889,1,0.039941,1,0.016965,1,0.074607,1,0.033089,1,0.126323,1,0.058911,0,1.717279,1,0.096991,0,1.375263,1,0.149581,0,1.09355,1,0.218473,0,0.862523,1,0.304969,0,0.674194,1,0.409896,0,0.521814,1,0.533678,0,0.399602,0,0.710173,0,0.302564,0,0.566708,0,0.226371,0,0.448416,0,0.167269,0,0.35164,0,0.122018,0,0.273148,0,0.087845,0,0.210077,0,0.062403,0,0.159905,0,0.043737,0,0.120414,0,0.030243,0,0.089673
2634,2025/26,33,Lechia Gdańsk,Legia Warszawa,16.0,9.0,25.0,14.222,12.353,26.575,0.054473,1,5346.4441,0.5737,0.5007,0.1906,0.4099,0.1881,0.0,0.0,0.0,1e-06,6e-06,2e-05,5.8e-05,0.000148,0.000338,0.000706,0.001353,0.002411,0.004023,0.006326,0.009426,0.013374,0.018141,0.023608,0.029569,0.035739,0.041789,0.047374,0.052171,0.055909,0.0584,0.059545,0.059341,0.057873,0.055296,0.051814,0.047661,0.043074,0.038279,0.033475,0.028828,0.024464,0.02047,0.016898,0.01377,0.011082,0.008813,0.006928,0.005386,0.004142,0.003153,0.002377,0.001774,0.001312,0.000962,0.000699,0.000503,0.001191,0.990936,0.009064,1,0.009105,0.98461,0.01539,1,0.015509,0.975184,0.024816,1,0.025129,0.96181,0.03819,1,0.038938,0.943669,0.056331,1,0.057979,0.920061,0.079939,1,0.083315,0.890492,0.109508,1,0.115981,0.854753,0.145247,1,0.156942,0.812964,0.187036,1,0.207068,0.76559,0.23441,1,0.267108,0.713419,0.286581,1,0.337686,0.65751,0.34249,1,0.419295,0.599111,0.400889,1,0.512309,0.539566,0.460434,0,0.775586,0.480225,0.519775,0,0.65436,0.422352,0.577648,0,0.548791,0.367057,0.632943,0,0.457374,0.315242,0.684758,0,0.37869,0.267581,0.732419,0,0.311403,0.224507,0.775493,0,0.254257,0.186229,0.813771,0,0.206076,0.152753,0.847247,0,0.165763,0.123925,0.876075,0,0.132304,0.099461,0.900539,0,0.104762,2.7e-05,0.000214,0.000904,0.002678,0.006243,0.012185,0.020708,0.031454,0.043523,0.055641,0.066449,0.074779,0.079861,0.081409,0.079598,0.074955,0.068217,0.060184,0.051607,0.043108,0.03515,0.028027,0.021887,0.016765,0.012611,0.009328,0.022106,7.9e-05,0.000583,0.002271,0.006198,0.013312,0.023944,0.037493,0.052478,0.066908,0.078818,0.086734,0.089939,0.088506,0.083134,0.0749,0.06499,0.054501,0.044306,0.035007,0.026945,0.020245,0.014874,0.010703,0.007554,0.005236,0.003569,0.006716,0.998471,0.001529,0.995793,0.004207,0.98955,0.01045,0.977365,0.022635,0.956657,0.043343,0.925203,0.074797,0.881681,0.118319,0.82604,0.17396,0.759591,0.240409,0.684812,0.315188,0.604952,0.395048,0.523543,0.476457,0.443945,0.556055,0.36899,0.63101,0.300773,0.699227,0.240589,0.759411,0.188982,0.811018,0.145874,0.854126,0.110724,0.889276,0.082697,0.917303,0.06081,0.93919,0.997014,0.002986,0.990816,0.009184,0.977504,0.022496,0.95356,0.04644,0.916066,0.083934,0.863589,0.136411,0.796681,0.203319,0.717863,0.282137,0.631129,0.368871,0.54119,0.45881,0.452684,0.547316,0.369549,0.630451,0.294649,0.705351,0.229659,0.770341,0.175158,0.824842,0.130851,0.869149,0.095844,0.904156,0.068899,0.931101,0.048653,0.951347,0.033779,0.966221,0.023076,0.976924,1,0.00153,1,0.00299,1,0.004216,1,0.009226,1,0.010505,1,0.022753,1,0.022895,1,0.047553,1,0.04431,1,0.087667,1,0.077742,1,0.146658,1,0.125925,1,0.227301,1,0.191112,0,1.265363,1,0.274975,0,0.997308,1,0.378611,0,0.779119,1,0.502606,0,0.602729,1,0.647136,0,0.46132,1,0.812055,0,0.34906,1,0.996986,0,0.260922,0,0.35778,0,0.192563,0,0.275212,0,0.140241,0,0.209465,0,0.100753,0,0.157677,0,0.071388,0,0.117348,0,0.049876,0,0.086317,0,0.034363,0,0.062737,0,0.023346
2635,2025/26,33,Motor Lublin,Cracovia,12.0,17.0,29.0,13.107,14.3724,27.4793,0.054473,1,5346.4441,0.5737,0.5007,0.1906,0.4099,0.1881,0.0,0.0,0.0,1e-06,4e-06,1.3e-05,3.8e-05,0.0001,0.000234,0.000497,0.000972,0.001766,0.003004,0.004818,0.007322,0.010594,0.014654,0.019447,0.024836,0.03061,0.036496,0.042186,0.047368,0.051757,0.05512,0.057298,0.058216,0.057881,0.05638,0.053856,0.0505,0.046524,0.042145,0.037569,0.032978,0.028525,0.024327,0.020468,0.016999,0.013943,0.0113,0.009053,0.007172,0.005622,0.004361,0.003349,0.002548,0.00192,0.001434,0.001062,0.000779,0.001959,0.993372,0.006628,1,0.00665,0.988554,0.011446,1,0.011512,0.981233,0.018767,1,0.018945,0.970639,0.029361,1,0.0298,0.955986,0.044014,1,0.045012,0.936539,0.063461,1,0.065564,0.911703,0.088297,1,0.092441,0.881093,0.118907,1,0.126592,0.844597,0.155403,1,0.168896,0.802411,0.197589,1,0.220134,0.755043,0.244957,1,0.280981,0.703286,0.296714,1,0.351991,0.648167,0.351833,1,0.433607,0.590869,0.409131,1,0.526161,0.532653,0.467347,1,0.629884,0.474772,0.525228,1,0.74492,0.418393,0.581607,1,0.871335,0.364536,0.635464,0,0.4534,0.314036,0.685964,0,0.37693,0.267511,0.732489,0,0.311307,0.225366,0.774634,0,0.255365,0.187798,0.812202,0,0.208006,0.15482,0.84518,0,0.168206,0.126296,0.873704,0,0.135013,5.1e-05,0.000387,0.00156,0.004411,0.00981,0.018273,0.029632,0.042951,0.056712,0.069186,0.078846,0.084672,0.08629,0.083939,0.078318,0.070376,0.06112,0.051456,0.042104,0.033562,0.026114,0.01987,0.014807,0.010823,0.007769,0.005483,0.011352,2.5e-05,0.000198,0.000841,0.002505,0.005874,0.011533,0.019716,0.030126,0.041932,0.053925,0.064781,0.073335,0.078783,0.080787,0.079458,0.075267,0.068907,0.061154,0.052749,0.044324,0.036356,0.02916,0.022907,0.017651,0.013356,0.009937,0.023972,0.997877,0.002123,0.993466,0.006534,0.983657,0.016343,0.965384,0.034616,0.935752,0.064248,0.892801,0.107199,0.836089,0.163911,0.766902,0.233098,0.688056,0.311944,0.603385,0.396615,0.517095,0.482905,0.433156,0.566844,0.354838,0.645162,0.284462,0.715538,0.223342,0.776658,0.171886,0.828114,0.129782,0.870218,0.09622,0.90378,0.070105,0.929895,0.050235,0.949765,0.035428,0.964572,0.998496,0.001504,0.995991,0.004009,0.990117,0.009883,0.978584,0.021416,0.958868,0.041132,0.928742,0.071258,0.88681,0.11319,0.832885,0.167115,0.768104,0.231896,0.694769,0.305231,0.615986,0.384014,0.535199,0.464801,0.455741,0.544259,0.380473,0.619527,0.311566,0.688434,0.250412,0.749588,0.197663,0.802337,0.153339,0.846661,0.116983,0.883017,0.087823,0.912177,0.064916,0.935084,1,0.002125,1,0.001505,1,0.006555,1,0.004017,1,0.016478,1,0.009932,1,0.035229,1,0.021649,1,0.066405,1,0.042002,1,0.113392,1,0.073924,1,0.17902,1,0.120125,1,0.265396,1,0.18286,1,0.373885,1,0.26383,1,0.5052,1,0.364176,0,0.727935,1,0.484531,0,0.567671,1,0.625117,0,0.438254,1,0.785831,0,0.334721,1,0.96634,0,0.252755,1,1.166144,0,0.188604,0,0.288232,0,0.139012,0,0.220227,0,0.101169,0,0.166455,0,0.072684,0,0.124411,0,0.051541,0,0.091921,0,0.036071,0,0.067119
2636,2025/26,33,Zagłębie Lubin,Pogoń Szczecin,10.0,17.0,27.0,14.4509,13.3809,27.8318,0.054473,1,5346.4441,0.5737,0.5007,0.1906,0.4099,0.1881,0.0,0.0,0.0,1e-06,3e-06,1.1e-05,3.3e-05,8.6e-05,0.000202,0.000433,0.000854,0.001563,0.00268,0.004329,0.006627,0.009659,0.013459,0.017993,0.023149,0.028741,0.034519,0.040193,0.045462,0.050038,0.053679,0.056209,0.057527,0.057614,0.056529,0.054393,0.051375,0.047675,0.043502,0.03906,0.034536,0.030089,0.025847,0.021905,0.018325,0.015139,0.012358,0.009972,0.007957,0.006282,0.004908,0.003797,0.002909,0.002208,0.001661,0.001238,0.000916,0.002357,0.994134,0.005866,1,0.005883,0.989805,0.010195,1,0.010247,0.983179,0.016821,1,0.016964,0.973519,0.026481,1,0.026837,0.96006,0.03994,1,0.04076,0.942067,0.057933,1,0.059679,0.918917,0.081083,1,0.084559,0.890176,0.109824,1,0.116336,0.855658,0.144342,1,0.155885,0.815464,0.184536,1,0.203998,0.770003,0.229997,1,0.261361,0.719965,0.280035,1,0.328553,0.666286,0.333714,1,0.406037,0.610077,0.389923,1,0.49417,0.55255,0.44745,1,0.593211,0.494936,0.505064,0,0.68307,0.438407,0.561593,0,0.576978,0.384014,0.615986,0,0.484531,0.332639,0.667361,0,0.404424,0.284964,0.715036,0,0.335422,0.241462,0.758538,0,0.276363,0.202402,0.797598,0,0.226151,0.167867,0.832133,0,0.183763,0.137778,0.862222,0,0.148242,2.3e-05,0.00019,0.000809,0.002419,0.00569,0.011207,0.019216,0.029452,0.041119,0.053042,0.063915,0.072575,0.078206,0.08044,0.079359,0.075403,0.069242,0.061639,0.05333,0.044949,0.036981,0.029752,0.023444,0.018119,0.013753,0.010263,0.024988,4.3e-05,0.000334,0.001363,0.0039,0.008779,0.01655,0.027162,0.039847,0.05325,0.065748,0.075833,0.08242,0.08501,0.083694,0.079033,0.071877,0.063178,0.053832,0.044581,0.035966,0.028323,0.021811,0.01645,0.012169,0.008841,0.006315,0.013524,0.998504,0.001496,0.996084,0.003916,0.990394,0.009606,0.979187,0.020813,0.959971,0.040029,0.930519,0.069481,0.8894,0.1106,0.836358,0.163642,0.772443,0.227557,0.699867,0.300133,0.621662,0.378338,0.541222,0.458778,0.461864,0.538136,0.386461,0.613539,0.317219,0.682781,0.25558,0.74442,0.20225,0.79775,0.157301,0.842699,0.12032,0.87968,0.090568,0.909432,0.067124,0.932876,0.998092,0.001908,0.994192,0.005808,0.985413,0.014587,0.968864,0.031136,0.941702,0.058298,0.901854,0.098146,0.848605,0.151395,0.782857,0.217143,0.707024,0.292976,0.624604,0.375396,0.539594,0.460406,0.4559,0.5441,0.376867,0.623133,0.30499,0.69501,0.241812,0.758188,0.18798,0.81202,0.143399,0.856601,0.107433,0.892567,0.079111,0.920889,0.0573,0.9427,0.04085,0.95915,1,0.001497,1,0.00191,1,0.003924,1,0.005825,1,0.009652,1,0.014694,1,0.021033,1,0.031631,1,0.040852,1,0.060066,1,0.072013,1,0.103303,1,0.117208,1,0.164161,1,0.178699,1,0.244805,0,1.480355,1,0.346691,0,1.20353,1,0.470637,0,0.971967,1,0.616938,0,0.779189,1,0.785482,0,0.619644,1,0.975863,0,0.488511,1,1.187476,0,0.381581,1,1.419595,0,0.29515,0,0.20823,0,0.22596,0,0.154783,0,0.171145,0,0.113654,0,0.128197,0,0.082416,0,0.094935,0,0.059007,0,0.069483,0,0.041708
2637,2025/26,33,Radomiak Radom,Lech Poznań,7.0,11.0,18.0,13.4685,14.0768,27.5453,0.054473,1,5346.4441,0.5737,0.5007,0.1906,0.4099,0.1881,0.0,0.0,0.0,1e-06,4e-06,1.2e-05,3.7e-05,9.7e-05,0.000227,0.000483,0.000947,0.001723,0.002936,0.004716,0.007179,0.010403,0.014413,0.019157,0.024503,0.030246,0.036116,0.041808,0.047013,0.051444,0.054866,0.057115,0.058112,0.05786,0.056437,0.053985,0.05069,0.046762,0.042417,0.03786,0.033277,0.028821,0.024611,0.020733,0.017241,0.014159,0.011489,0.009215,0.007309,0.005736,0.004455,0.003425,0.002608,0.001968,0.001471,0.00109,0.000801,0.002021,0.993533,0.006467,1,0.006488,0.988817,0.011183,1,0.011246,0.981638,0.018362,1,0.018533,0.971235,0.028765,1,0.029187,0.956822,0.043178,1,0.044138,0.937665,0.062335,1,0.064362,0.913162,0.086838,0,2.443708,0.882916,0.117084,0,2.144863,0.8468,0.1532,0,1.876013,0.804992,0.195008,0,1.634715,0.757979,0.242021,0,1.41873,0.706535,0.293465,0,1.225997,0.651669,0.348331,0,1.054603,0.594554,0.405446,0,0.902767,0.536442,0.463558,0,0.768823,0.478582,0.521418,0,0.651203,0.422145,0.577855,0,0.548432,0.36816,0.63184,0,0.459119,0.31747,0.68253,0,0.381948,0.270708,0.729292,0,0.315681,0.228291,0.771709,0,0.259148,0.190431,0.809569,0,0.211253,0.157154,0.842846,0,0.170971,0.128333,0.871667,0,0.137348,4.1e-05,0.000319,0.001306,0.00375,0.008472,0.016032,0.026413,0.038894,0.052172,0.06466,0.07486,0.08167,0.084555,0.08356,0.079205,0.072305,0.063794,0.054562,0.045356,0.036729,0.029033,0.022442,0.016991,0.012617,0.009201,0.006597,0.01428,2.9e-05,0.000231,0.00097,0.002857,0.006621,0.012849,0.021709,0.032785,0.045102,0.057326,0.068066,0.076156,0.080862,0.081953,0.079667,0.074587,0.067489,0.059198,0.050468,0.041913,0.033978,0.026936,0.020914,0.015927,0.011912,0.008759,0.020404,0.998151,0.001849,0.994401,0.005599,0.985929,0.014071,0.969897,0.030103,0.943484,0.056516,0.90459,0.09541,0.852418,0.147582,0.787758,0.212242,0.712897,0.287103,0.631227,0.368773,0.546672,0.453328,0.463112,0.536888,0.383907,0.616093,0.311602,0.688398,0.247808,0.752192,0.193246,0.806754,0.147889,0.852111,0.11116,0.88884,0.082127,0.917873,0.059684,0.940316,0.042694,0.957306,0.998435,0.001565,0.995578,0.004422,0.988957,0.011043,0.976108,0.023892,0.954399,0.045601,0.921614,0.078386,0.876513,0.123487,0.819187,0.180813,0.751121,0.248879,0.674965,0.325035,0.594103,0.405897,0.51215,0.48785,0.432483,0.567517,0.357897,0.642103,0.290408,0.709592,0.23121,0.76879,0.180742,0.819258,0.138829,0.861171,0.104851,0.895149,0.077915,0.922085,0.057001,0.942999,1,0.001851,1,0.001566,1,0.005615,1,0.004432,1,0.014171,1,0.011104,1,0.030565,1,0.024182,1,0.058176,1,0.046673,0,2.349572,1,0.081629,0,1.913371,1,0.131804,0,1.550028,1,0.199443,0,1.247914,1,0.286189,0,0.997574,0,1.123822,0,0.791139,0,0.901656,0,0.621966,0,0.717747,0,0.484357,0,0.566485,0,0.373388,0,0.443007,0,0.284764,0,0.343065,0,0.214736,0,0.262937,0,0.160038,0,0.199356,0,0.117838,0,0.149462,0,0.085696,0,0.110765,0,0.061539,0,0.081118,0,0.043632,0,0.05869
2638,2025/26,33,Korona Kielce,Widzew Łódź,11.0,7.0,18.0,14.1908,11.9237,26.1146,0.054473,1,5346.4441,0.5737,0.5007,0.1906,0.4099,0.1881,0.0,0.0,0.0,2e-06,7e-06,2.5e-05,7.1e-05,0.000181,0.000409,0.000844,0.001602,0.002825,0.004664,0.007258,0.010702,0.015026,0.02017,0.025977,0.032199,0.038517,0.044574,0.050012,0.054512,0.057821,0.059781,0.060333,0.059517,0.057457,0.054344,0.050409,0.045902,0.041069,0.036131,0.031282,0.026671,0.022409,0.018565,0.015174,0.012243,0.009756,0.007682,0.00598,0.004603,0.003506,0.002643,0.001973,0.001458,0.001068,0.000775,0.000558,0.000398,0.000914,0.989368,0.010632,1,0.010689,0.982111,0.017889,1,0.018051,0.971409,0.028591,1,0.029008,0.956383,0.043617,1,0.044597,0.936213,0.063787,1,0.065912,0.910236,0.089764,1,0.094052,0.878037,0.121963,0,2.104036,0.83952,0.16048,0,1.829585,0.794946,0.205054,0,1.584481,0.744934,0.255066,0,1.366231,0.690422,0.309578,0,1.172545,0.632601,0.367399,0,1.001306,0.57282,0.42718,0,0.850549,0.512486,0.487514,0,0.718437,0.45297,0.54703,0,0.603251,0.395513,0.604487,0,0.503375,0.34117,0.65883,0,0.417289,0.290761,0.709239,0,0.343562,0.244858,0.755142,0,0.28085,0.20379,0.79621,0,0.227892,0.167658,0.832342,0,0.183512,0.136376,0.863624,0,0.146618,0.109705,0.890295,0,0.116202,0.087296,0.912704,0,0.091344,2.7e-05,0.000218,0.000918,0.002716,0.006322,0.012325,0.020919,0.031736,0.043858,0.056001,0.066796,0.075076,0.080079,0.081531,0.079618,0.074882,0.068066,0.059976,0.051365,0.042853,0.034899,0.027792,0.021677,0.016584,0.012459,0.009204,0.021732,0.000102,0.000739,0.002818,0.00753,0.015831,0.027873,0.042727,0.058543,0.073069,0.084262,0.090771,0.092142,0.088764,0.08162,0.071986,0.061146,0.050197,0.039948,0.030898,0.023282,0.017124,0.012316,0.008676,0.005994,0.004067,0.002714,0.00483,0.998464,0.001536,0.995749,0.004251,0.989427,0.010573,0.977102,0.022898,0.956183,0.043817,0.924446,0.075554,0.880588,0.119412,0.824588,0.175412,0.757792,0.242208,0.682716,0.317284,0.602637,0.397363,0.521106,0.478894,0.441488,0.558512,0.366606,0.633394,0.298541,0.701459,0.238564,0.761436,0.1872,0.8128,0.144346,0.855654,0.109448,0.890552,0.081656,0.918344,0.059979,0.940021,0.99631,0.00369,0.98878,0.01122,0.972949,0.027051,0.945076,0.054924,0.902349,0.097651,0.843806,0.156194,0.770737,0.229263,0.686475,0.313525,0.595704,0.404296,0.503562,0.496438,0.414798,0.585202,0.333178,0.666822,0.261192,0.738808,0.200046,0.799954,0.149849,0.850151,0.109901,0.890099,0.079003,0.920997,0.055721,0.944279,0.038597,0.961403,0.026281,0.973719,0.017605,0.982395,1,0.001537,1,0.003697,1,0.00426,1,0.011283,1,0.010629,1,0.027424,1,0.023164,1,0.05649,1,0.044806,1,0.102754,1,0.078561,0,1.856656,1,0.127165,0,1.472885,1,0.192871,0,1.159876,1,0.277346,0,0.905608,0,1.147958,0,0.700297,0,0.922905,0,0.535798,0,0.736276,0,0.405232,0,0.582479,0,0.302717,0,0.456663,0,0.223201,0,0.354593,0,0.162341,0,0.272549,0,0.116423,0,0.20727,0,0.082299,0,0.155889,0,0.057334,0,0.115914,0,0.039362,0,0.085183,0,0.026633,0,0.061853,0,0.017762
2639,2025/26,33,GKS Katowice,Jagiellonia Białystok,11.0,22.0,33.0,15.0373,14.089,29.1263,0.054473,1,5346.4441,0.5737,0.5007,0.1906,0.4099,0.1881,0.0,0.0,0.0,0.0,2e-06,6e-06,1.8e-05,5e-05,0.00012,0.000263,0.000532,0.000999,0.001757,0.002912,0.004574,0.00684,0.009779,0.013413,0.017704,0.022551,0.027788,0.033196,0.038522,0.0435,0.047876,0.051433,0.054004,0.055489,0.055856,0.055138,0.05343,0.050866,0.047616,0.043862,0.039787,0.035562,0.03134,0.027248,0.023384,0.019819,0.016597,0.013739,0.011247,0.009109,0.007301,0.005794,0.004553,0.003545,0.002736,0.002093,0.001587,0.004465,0.996253,0.003747,1,0.003754,0.993341,0.006659,1,0.006681,0.988767,0.011233,1,0.011296,0.981927,0.018073,1,0.018238,0.972148,0.027852,1,0.028247,0.958735,0.041265,1,0.04214,0.941031,0.058969,1,0.060779,0.91848,0.08152,1,0.085036,0.890691,0.109309,1,0.115757,0.857495,0.142505,1,0.15374,0.818973,0.181027,1,0.199704,0.775473,0.224527,1,0.254282,0.727597,0.272403,1,0.318008,0.676164,0.323836,1,0.391319,0.62216,0.37784,1,0.474558,0.566671,0.433329,1,0.567976,0.510815,0.489185,1,0.671747,0.455677,0.544323,1,0.785971,0.402247,0.597753,1,0.910688,0.351381,0.648619,1,1.045884,0.303765,0.696235,1,1.191502,0.259902,0.740098,0,0.300973,0.220116,0.779884,0,0.24861,0.184554,0.815446,0,0.20402,1.7e-05,0.00014,0.000611,0.001867,0.00449,0.00904,0.015846,0.024828,0.035437,0.046731,0.057567,0.066826,0.073616,0.077408,0.078071,0.075834,0.071192,0.064788,0.057305,0.049377,0.04153,0.034157,0.027516,0.02174,0.016869,0.01287,0.033538,2.9e-05,0.000229,0.000964,0.002842,0.006588,0.012792,0.021623,0.032671,0.044967,0.057184,0.06793,0.076041,0.080779,0.081909,0.079664,0.07462,0.067553,0.059282,0.050565,0.042015,0.034077,0.027027,0.020995,0.015997,0.01197,0.008806,0.020543,0.998445,0.001555,0.996578,0.003422,0.992088,0.007912,0.983049,0.016951,0.967203,0.032797,0.942374,0.057626,0.906938,0.093062,0.860206,0.139794,0.802639,0.197361,0.735813,0.264187,0.662197,0.337803,0.584789,0.415211,0.506718,0.493282,0.430883,0.569117,0.359692,0.640308,0.294904,0.705096,0.237598,0.762402,0.188221,0.811779,0.146691,0.853309,0.112534,0.887466,0.085018,0.914982,0.998439,0.001561,0.995597,0.004403,0.989009,0.010991,0.976217,0.023783,0.954594,0.045406,0.921923,0.078077,0.876955,0.123045,0.819772,0.180228,0.751842,0.248158,0.675801,0.324199,0.595022,0.404978,0.513112,0.486888,0.433449,0.566551,0.358829,0.641171,0.291276,0.708724,0.231994,0.768006,0.181429,0.818571,0.139415,0.860585,0.105338,0.894662,0.07831,0.92169,0.057315,0.942685,1,0.001556,1,0.001562,1,0.003428,1,0.004413,1,0.007943,1,0.011052,1,0.017096,1,0.02407,1,0.033347,1,0.046469,1,0.059353,1,0.081294,1,0.097681,1,0.1313,1,0.150583,1,0.198729,1,0.21985,1,0.285229,0,1.331098,1,0.391857,0,1.085292,1,0.519157,0,0.878968,1,0.667261,0,0.706674,1,0.835981,0,0.563669,1,1.024909,0,0.445806,1,1.233484,0,0.349421,1,1.461044,0,0.271281,1,1.706891,0,0.208527,1,1.9703,0,0.158634,1,2.250581,0,0.119385,1,2.54708,0,0.088851,0,0.059023
2640,2025/26,33,Piast Gliwice,Raków Częstochowa,31.0,6.0,37.0,15.0375,11.1544,26.1919,0.054473,1,5346.4441,0.5737,0.5007,0.1906,0.4099,0.1881,0.0,0.0,0.0,2e-06,7e-06,2.5e-05,7.1e-05,0.000179,0.000405,0.000836,0.001585,0.002793,0.004609,0.007169,0.010571,0.014843,0.019928,0.025673,0.031836,0.038104,0.044127,0.049552,0.054062,0.057407,0.059425,0.060055,0.05933,0.057368,0.054354,0.050513,0.046089,0.041323,0.036438,0.031622,0.027029,0.022769,0.018915,0.015505,0.012548,0.010031,0.007924,0.006189,0.004781,0.003655,0.002766,0.002072,0.001538,0.001131,0.000825,0.000596,0.000427,0.000996,0.989489,0.010511,1,0.010566,0.98232,0.01768,1,0.017838,0.971749,0.028251,1,0.028658,0.956906,0.043094,1,0.04405,0.936978,0.063022,1,0.065095,0.911305,0.088695,1,0.092878,0.879469,0.120531,1,0.128437,0.841365,0.158635,1,0.17273,0.797237,0.202763,1,0.226603,0.747685,0.252315,1,0.290774,0.693623,0.306377,1,0.365827,0.636216,0.363784,1,0.452217,0.576791,0.423209,1,0.550276,0.516736,0.483264,1,0.660223,0.457406,0.542594,1,0.782184,0.400038,0.599962,1,0.916197,0.345683,0.654317,1,1.062233,0.29517,0.70483,1,1.220204,0.249081,0.750919,1,1.389978,0.207757,0.792243,1,1.571384,0.17132,0.82868,1,1.764223,0.139698,0.860302,1,1.968274,0.112669,0.887331,1,2.183302,0.0899,0.9101,1,2.40906,1.7e-05,0.00014,0.000611,0.001867,0.004489,0.009039,0.015845,0.024827,0.035435,0.046729,0.057565,0.066824,0.073614,0.077407,0.078071,0.075834,0.071192,0.064789,0.057306,0.049378,0.041532,0.034159,0.027517,0.021742,0.016871,0.012871,0.033541,0.000164,0.001138,0.004164,0.01068,0.021553,0.036426,0.053596,0.070488,0.084447,0.093475,0.096654,0.094177,0.087082,0.07686,0.065068,0.053051,0.041804,0.031933,0.023708,0.017147,0.012106,0.008357,0.005651,0.003748,0.002441,0.001563,0.00251,0.998445,0.001555,0.996578,0.003422,0.992089,0.007911,0.98305,0.01695,0.967205,0.032795,0.942378,0.057622,0.906943,0.093057,0.860214,0.139786,0.802648,0.197352,0.735825,0.264175,0.66221,0.33779,0.584803,0.415197,0.506733,0.493267,0.430898,0.569102,0.359706,0.640294,0.294917,0.705083,0.237611,0.762389,0.188232,0.811768,0.146701,0.853299,0.112542,0.887458,0.085025,0.914975,0.994523,0.005477,0.983843,0.016157,0.96229,0.03771,0.925865,0.074135,0.872269,0.127731,0.801781,0.198219,0.717334,0.282666,0.623859,0.376141,0.527206,0.472794,0.433029,0.566971,0.345946,0.654054,0.269086,0.730914,0.204018,0.795982,0.150967,0.849033,0.109163,0.890837,0.07723,0.92277,0.053522,0.946478,0.036375,0.963625,0.024269,0.975731,0.015912,0.984088,0.010261,0.989739,1,0.001556,1,0.005492,1,0.003428,1,0.016289,1,0.007942,1,0.038439,1,0.017095,1,0.077027,1,0.033345,0,2.057829,1,0.059349,0,1.618383,1,0.097676,0,1.263489,1,0.150574,0,0.977791,1,0.219839,0,0.749096,1,0.306763,0,0.567447,1,0.412173,0,0.424565,1,0.53648,0,0.313459,1,0.679771,0,0.228179,1,0.841884,0,0.163657,1,1.022468,0,0.115594,1,1.221061,0,0.080375,1,1.43712,0,0.055008,1,1.67008,0,0.037053,1,1.919359,0,0.024568,1,2.184429,0,0.01604,1,2.46481,0,0.010314
2641,2025/26,34,Bruk-Bet Termalica Nieciecza,Lechia Gdańsk,7.0,22.0,29.0,13.8081,14.9326,28.7408,0.054661,1,5400.0834,0.5443,0.4717,0.1896,0.4151,0.195,0.0,0.0,0.0,0.0,2e-06,7e-06,2.2e-05,5.9e-05,0.000141,0.000308,0.000617,0.001149,0.002003,0.003294,0.005131,0.007612,0.010795,0.014689,0.019236,0.02431,0.029722,0.035231,0.040568,0.045458,0.04965,0.052933,0.05516,0.05625,0.056198,0.055063,0.052961,0.050048,0.046506,0.042525,0.038293,0.033978,0.029727,0.02566,0.021863,0.018397,0.015296,0.012572,0.010219,0.008218,0.006541,0.005154,0.004023,0.00311,0.002383,0.001811,0.001364,0.003744,0.995692,0.004308,1,0.004317,0.992398,0.007602,1,0.007631,0.987267,0.012733,1,0.012815,0.979655,0.020345,1,0.020554,0.96886,0.03114,1,0.031635,0.954171,0.045829,1,0.046912,0.934935,0.065065,1,0.067278,0.910625,0.089375,1,0.093624,0.880904,0.119096,1,0.126807,0.845673,0.154327,1,0.167623,0.805105,0.194895,1,0.216782,0.759647,0.240353,1,0.274901,0.709997,0.290003,1,0.342495,0.657064,0.342936,1,0.419974,0.601904,0.398096,1,0.507657,0.545654,0.454346,1,0.60577,0.489456,0.510544,1,0.714461,0.434393,0.565607,0,0.569856,0.381432,0.618568,0,0.480348,0.331384,0.668616,0,0.402546,0.284879,0.715121,0,0.335303,0.242353,0.757647,0,0.277538,0.204061,0.795939,0,0.228232,0.170083,0.829917,0,0.186429,3.4e-05,0.000268,0.001112,0.003235,0.007408,0.014207,0.023725,0.035417,0.048166,0.060528,0.07106,0.078619,0.082551,0.082744,0.079556,0.073672,0.06594,0.057216,0.048256,0.039649,0.031801,0.024943,0.019162,0.01444,0.010686,0.007776,0.017569,1.8e-05,0.000149,0.000647,0.001966,0.004703,0.009423,0.016442,0.025645,0.036441,0.047847,0.058691,0.067846,0.074434,0.077954,0.07831,0.07577,0.070859,0.064241,0.05661,0.048598,0.040727,0.033376,0.026791,0.021094,0.016311,0.012401,0.03198,0.998325,0.001675,0.99509,0.00491,0.987682,0.012318,0.973475,0.026525,0.94975,0.05025,0.914334,0.085666,0.866168,0.133832,0.80564,0.19436,0.734581,0.265419,0.655962,0.344038,0.573411,0.426589,0.490666,0.509334,0.41111,0.58889,0.337438,0.662562,0.271498,0.728502,0.214282,0.785718,0.166026,0.833974,0.126378,0.873622,0.094577,0.905423,0.069634,0.930366,0.050472,0.949528,0.998459,0.001541,0.996494,0.003506,0.991791,0.008209,0.982368,0.017632,0.965926,0.034074,0.94028,0.05972,0.903839,0.096161,0.855993,0.144007,0.797302,0.202698,0.729456,0.270544,0.655021,0.344979,0.577068,0.422932,0.498758,0.501242,0.422987,0.577013,0.352128,0.647872,0.287887,0.712113,0.231278,0.768722,0.182679,0.817321,0.141953,0.858047,0.108576,0.891424,0.081785,0.918215,1,0.001676,1,0.001542,1,0.004922,1,0.003512,1,0.012394,1,0.008243,1,0.026883,1,0.017789,1,0.051556,1,0.034668,0,2.457299,1,0.061578,0,2.01117,1,0.101104,0,1.638043,1,0.155493,0,1.326446,1,0.226522,0,1.067003,1,0.315456,0,0.851934,1,0.423088,0,0.674651,1,0.549795,0,0.529516,1,0.695634,0,0.411641,1,0.860414,0,0.316765,1,1.043761,0,0.241157,1,1.245187,0,0.181553,1,1.464135,0,0.135107,1,1.700025,0,0.099353,1,1.952259,0,0.072177,1,2.220305,0,0.05179,0,0.085324
2642,2025/26,34,Legia Warszawa,Motor Lublin,18.0,10.0,28.0,15.7618,11.7208,27.4826,0.054661,1,5400.0834,0.5443,0.4717,0.1896,0.4151,0.195,0.0,0.0,0.0,1e-06,4e-06,1.4e-05,4e-05,0.000104,0.000243,0.000514,0.001001,0.001812,0.003072,0.00491,0.007439,0.010733,0.014807,0.019603,0.024981,0.030727,0.03657,0.042205,0.047324,0.051649,0.054952,0.05708,0.057963,0.05761,0.056107,0.053598,0.050271,0.046333,0.041999,0.037469,0.032924,0.028513,0.024351,0.020521,0.017074,0.014032,0.011397,0.009152,0.007269,0.005713,0.004445,0.003424,0.002613,0.001976,0.001481,0.001101,0.000811,0.00207,0.993196,0.006804,1,0.006827,0.988285,0.011715,1,0.011784,0.980846,0.019154,1,0.01934,0.970113,0.029887,1,0.030343,0.955306,0.044694,1,0.045724,0.935703,0.064297,1,0.066458,0.910722,0.089278,1,0.093518,0.879995,0.120005,1,0.127839,0.843425,0.156575,1,0.170284,0.801221,0.198779,1,0.221619,0.753897,0.246103,1,0.2825,0.702248,0.297752,1,0.353468,0.647296,0.352704,1,0.434951,0.590216,0.409784,1,0.527267,0.532253,0.467747,1,0.630636,0.474643,0.525357,1,0.745192,0.418537,0.581463,0,0.542207,0.364938,0.635062,0,0.454033,0.314668,0.685332,0,0.377851,0.268334,0.731666,0,0.312432,0.226336,0.773664,0,0.256617,0.188867,0.811133,0,0.209323,0.155943,0.844057,0,0.169535,0.12743,0.87257,0,0.136312,1.2e-05,9.8e-05,0.000437,0.001368,0.003369,0.006953,0.012494,0.020069,0.029368,0.03971,0.050163,0.059717,0.06747,0.072768,0.075282,0.075013,0.072243,0.06745,0.06121,0.054115,0.046703,0.039416,0.032583,0.026419,0.021038,0.016472,0.046652,0.000116,0.000832,0.003135,0.008281,0.017216,0.029975,0.045445,0.06159,0.076043,0.086755,0.092467,0.092877,0.088538,0.080568,0.070326,0.059125,0.048044,0.037847,0.028979,0.021616,0.01574,0.011208,0.007817,0.005348,0.003593,0.002374,0.004121,0.998044,0.001956,0.996677,0.003323,0.993307,0.006693,0.986354,0.013646,0.97386,0.02614,0.953791,0.046209,0.924423,0.075577,0.884714,0.115286,0.834551,0.165449,0.774833,0.225167,0.707363,0.292637,0.634595,0.365405,0.559313,0.440687,0.4843,0.5157,0.412057,0.587943,0.344607,0.655393,0.283396,0.716604,0.229281,0.770719,0.182578,0.817422,0.143163,0.856837,0.11058,0.88942,0.995892,0.004108,0.987611,0.012389,0.970395,0.029605,0.94042,0.05958,0.894975,0.105025,0.833386,0.166614,0.757343,0.242657,0.670588,0.329412,0.578121,0.421879,0.485244,0.514756,0.396706,0.603294,0.316138,0.683862,0.245811,0.754189,0.186686,0.813314,0.138643,0.861357,0.100796,0.899204,0.071817,0.928183,0.050201,0.949799,0.034461,0.965539,0.023253,0.976747,0.015436,0.984564,1,0.001958,1,0.004116,1,0.003329,1,0.012466,1,0.006715,1,0.030052,1,0.01374,1,0.061429,1,0.026488,1,0.110959,1,0.047311,1,0.182258,1,0.078586,1,0.277939,1,0.122491,1,0.3996,1,0.180861,0,0.863037,1,0.255108,0,0.664062,1,0.346211,0,0.505351,1,0.454768,0,0.379999,1,0.581046,0,0.282112,1,0.725051,0,0.206638,1,0.886594,0,0.149246,1,1.065351,0,0.106245,0,0.333232,0,0.074526,0,0.260431,0,0.051505,0,0.2016,0,0.035069,0,0.154508,0,0.023528,0,0.117186,0,0.015556
2643,2025/26,34,Górnik Zabrze,Radomiak Radom,25.0,10.0,35.0,16.3911,11.8634,28.2545,0.054661,1,5400.0834,0.5443,0.4717,0.1896,0.4151,0.195,0.0,0.0,0.0,1e-06,3e-06,1e-05,2.9e-05,7.6e-05,0.000179,0.000385,0.000761,0.001399,0.002409,0.003908,0.006011,0.008805,0.012332,0.016576,0.021448,0.026787,0.032371,0.037935,0.043194,0.047871,0.051724,0.054562,0.056269,0.056799,0.056182,0.054512,0.05193,0.048616,0.044762,0.040565,0.036208,0.031854,0.027637,0.023661,0.02,0.016699,0.01378,0.011242,0.009073,0.007245,0.005728,0.004484,0.003477,0.002672,0.002035,0.001537,0.001151,0.003106,0.994749,0.005251,1,0.005265,0.990841,0.009159,1,0.009202,0.98483,0.01517,1,0.015287,0.976025,0.023975,1,0.024267,0.963692,0.036308,1,0.036983,0.947116,0.052884,1,0.054334,0.925668,0.074332,1,0.077239,0.898882,0.101118,1,0.106604,0.866511,0.133489,1,0.14328,0.828576,0.171424,1,0.188047,0.785382,0.214618,1,0.241585,0.737511,0.262489,1,0.304475,0.685787,0.314213,1,0.377188,0.631225,0.368775,1,0.460094,0.574956,0.425044,1,0.553462,0.518156,0.481844,1,0.657478,0.461974,0.538026,1,0.772247,0.407462,0.592538,1,0.897807,0.355532,0.644468,1,1.03414,0.306916,0.693084,1,1.18118,0.262154,0.737846,1,1.338822,0.221589,0.778411,1,1.506929,0.185381,0.814619,1,1.685341,0.153527,0.846473,0,0.166677,8e-06,7.1e-05,0.000326,0.001041,0.00262,0.00552,0.010128,0.016611,0.02482,0.034267,0.044199,0.053726,0.061979,0.068254,0.072098,0.073354,0.072133,0.068765,0.063718,0.057518,0.050685,0.043677,0.036866,0.030521,0.024816,0.01984,0.06021,0.000107,0.000769,0.002917,0.007763,0.016257,0.028515,0.04355,0.059457,0.073952,0.084992,0.091256,0.092338,0.088673,0.081287,0.071478,0.060536,0.049554,0.039324,0.030332,0.022793,0.016719,0.011993,0.008427,0.005807,0.003931,0.002616,0.004627,0.997368,0.002632,0.996327,0.003673,0.993707,0.006293,0.988186,0.011814,0.978058,0.021942,0.961447,0.038553,0.936627,0.063373,0.90236,0.09764,0.858161,0.141839,0.804435,0.195565,0.742456,0.257544,0.674202,0.325798,0.602104,0.397896,0.52875,0.47125,0.456617,0.543383,0.387852,0.612148,0.324135,0.675865,0.266616,0.733384,0.215931,0.784069,0.172254,0.827746,0.135388,0.864612,0.996178,0.003822,0.988416,0.011584,0.972159,0.027841,0.943643,0.056357,0.900094,0.099906,0.840636,0.159364,0.766685,0.233315,0.681692,0.318308,0.590436,0.409564,0.498098,0.501902,0.409425,0.590575,0.328137,0.671863,0.25666,0.74334,0.196124,0.803876,0.14657,0.85343,0.107246,0.892754,0.076914,0.923086,0.054121,0.945879,0.037402,0.962598,0.025408,0.974592,0.016981,0.983019,1,0.002635,1,0.003829,1,0.00368,1,0.011652,1,0.006313,1,0.028236,1,0.011884,1,0.058007,1,0.022186,1,0.105256,1,0.039316,1,0.173597,1,0.06547,1,0.265679,1,0.102742,1,0.383177,1,0.152964,0,0.892662,1,0.217615,0,0.68935,1,0.297792,0,0.526659,1,0.394226,0,0.397701,1,0.507325,0,0.296602,1,0.63724,0,0.21831,1,0.78391,0,0.158492,1,0.947131,0,0.113444,1,1.126595,0,0.080033,1,1.321946,0,0.055641,1,1.532796,0,0.038119,1,1.758785,0,0.025736,1,1.999611,0,0.017127
2644,2025/26,34,Pogoń Szczecin,GKS Katowice,14.0,9.0,23.0,14.4218,12.8563,27.2781,0.054661,1,5400.0834,0.5443,0.4717,0.1896,0.4151,0.195,0.0,0.0,0.0,1e-06,4e-06,1.4e-05,4.2e-05,0.00011,0.000256,0.000541,0.001052,0.001903,0.003221,0.00514,0.007773,0.011192,0.015407,0.020349,0.025867,0.031733,0.037661,0.043335,0.048441,0.052694,0.055871,0.057827,0.058501,0.057917,0.056176,0.053438,0.049901,0.045784,0.041306,0.036673,0.032063,0.027624,0.023467,0.019668,0.016272,0.013296,0.010734,0.008567,0.006762,0.005281,0.004082,0.003123,0.002367,0.001778,0.001323,0.000976,0.000714,0.001774,0.992855,0.007145,1,0.00717,0.987715,0.012285,1,0.012361,0.979943,0.020057,1,0.020261,0.968751,0.031249,1,0.031748,0.953344,0.046656,1,0.047779,0.932995,0.067005,1,0.069355,0.907128,0.092872,1,0.097471,0.875395,0.124605,1,0.13308,0.837734,0.162266,1,0.177054,0.794399,0.205601,1,0.23017,0.745958,0.254042,1,0.293086,0.693264,0.306736,0,1.181769,0.637393,0.362607,0,1.014435,0.579566,0.420434,0,0.866467,0.521065,0.478935,0,0.736191,0.463148,0.536852,0,0.622033,0.406972,0.593028,0,0.522513,0.353534,0.646466,0,0.436234,0.303632,0.696368,0,0.361878,0.257848,0.742152,0,0.298202,0.216542,0.783458,0,0.244038,0.17987,0.82013,0,0.198292,0.147807,0.852193,0,0.159942,0.120183,0.879817,0,0.128042,2.4e-05,0.000194,0.000826,0.002463,0.005779,0.01136,0.019441,0.029743,0.041455,0.053389,0.064237,0.072837,0.078381,0.080517,0.079338,0.075296,0.069069,0.06142,0.053089,0.044704,0.036746,0.029538,0.023257,0.017961,0.013623,0.010159,0.02469,5.9e-05,0.000446,0.001775,0.004956,0.01089,0.02004,0.032111,0.045995,0.060019,0.07237,0.081523,0.086544,0.087194,0.08386,0.077365,0.068743,0.059037,0.049153,0.039777,0.031359,0.024134,0.018163,0.013389,0.009681,0.006874,0.0048,0.009647,0.99849,0.00151,0.996028,0.003972,0.990248,0.009752,0.978889,0.021111,0.959448,0.040552,0.929705,0.070295,0.88825,0.11175,0.83486,0.16514,0.770624,0.229376,0.697787,0.302213,0.619406,0.380594,0.538889,0.461111,0.459551,0.540449,0.384255,0.615745,0.315186,0.684814,0.253766,0.746234,0.200677,0.799323,0.155974,0.844026,0.119227,0.880773,0.089689,0.910311,0.066432,0.933568,0.997624,0.002376,0.992667,0.007333,0.981777,0.018223,0.961737,0.038263,0.929627,0.070373,0.883632,0.116368,0.823613,0.176387,0.751243,0.248757,0.66972,0.33028,0.583176,0.416824,0.495981,0.504019,0.412121,0.587879,0.334756,0.665244,0.266013,0.733987,0.206976,0.793024,0.157823,0.842177,0.118046,0.881954,0.086687,0.913313,0.062554,0.937446,0.044391,0.955609,0.031002,0.968998,1,0.001511,1,0.002379,1,0.00398,1,0.00736,1,0.0098,1,0.018391,1,0.021337,1,0.039014,1,0.041397,1,0.072972,1,0.072888,1,0.123715,1,0.118502,1,0.194055,1,0.180491,0,1.391279,1,0.260555,0,1.107814,1,0.359841,0,0.875091,1,0.478994,0,0.685141,1,0.618246,0,0.531234,0,0.615355,0,0.407601,0,0.484922,0,0.309264,0,0.378608,0,0.231902,0,0.292716,0,0.171765,0,0.22399,0,0.125615,0,0.169572,0,0.090677,0,0.126955,0,0.064596,0,0.093969,0,0.045406,0,0.068741,0,0.031493
2645,2025/26,34,Cracovia,Korona Kielce,9.0,6.0,15.0,16.8243,12.1856,29.0099,0.054661,1,5400.0834,0.5443,0.4717,0.1896,0.4151,0.195,0.0,0.0,0.0,0.0,2e-06,7e-06,2.1e-05,5.5e-05,0.000132,0.000289,0.000579,0.00108,0.001887,0.003107,0.00485,0.007209,0.010247,0.013977,0.018353,0.023261,0.028526,0.033924,0.039199,0.044086,0.048337,0.051744,0.05415,0.055467,0.055675,0.054816,0.05299,0.050339,0.047032,0.04325,0.039173,0.03497,0.030786,0.026745,0.022939,0.019435,0.016273,0.013471,0.011031,0.008939,0.00717,0.005695,0.004481,0.003494,0.0027,0.002069,0.001573,0.004467,0.995948,0.004052,1,0.00406,0.992841,0.007159,1,0.007185,0.987992,0.012008,1,0.012081,0.980783,0.019217,0,3.951946,0.970536,0.029464,0,3.52458,0.956559,0.043441,0,3.136342,0.938206,0.061794,0,2.783946,0.914945,0.085055,0,2.464459,0.886419,0.113581,0,2.17524,0.852495,0.147505,0,1.913893,0.813296,0.186704,0,1.678233,0.769211,0.230789,0,1.466251,0.720874,0.279126,0,1.276091,0.66913,0.33087,0,1.10603,0.61498,0.38502,0,0.95446,0.559513,0.440487,0,0.819873,0.503838,0.496162,0,0.700852,0.449022,0.550978,0,0.59606,0.396032,0.603968,0,0.504234,0.345693,0.654307,0,0.424178,0.298661,0.701339,0,0.354763,0.255411,0.744589,0,0.294922,0.216237,0.783763,0,0.243649,0.181268,0.818732,0,0.199998,7e-06,5.8e-05,0.000267,0.000865,0.002205,0.00471,0.008761,0.014567,0.022064,0.030882,0.040382,0.049761,0.058196,0.06497,0.069574,0.07176,0.071537,0.069136,0.064944,0.059432,0.053093,0.046382,0.039688,0.03331,0.027457,0.022253,0.070756,8.8e-05,0.000643,0.002481,0.006709,0.014279,0.025454,0.039508,0.054819,0.069294,0.080937,0.088319,0.090822,0.08864,0.082581,0.073799,0.063521,0.052845,0.042619,0.03341,0.025515,0.019021,0.013867,0.009902,0.006935,0.004771,0.003227,0.005953,0.996682,0.003318,0.995817,0.004183,0.993612,0.006388,0.988902,0.011098,0.980141,0.019859,0.965575,0.034425,0.94351,0.05649,0.912628,0.087372,0.872246,0.127754,0.822485,0.177515,0.764289,0.235711,0.69932,0.30068,0.629746,0.370254,0.557986,0.442014,0.486449,0.513551,0.417313,0.582687,0.352369,0.647631,0.292937,0.707063,0.239844,0.760156,0.193462,0.806538,0.153775,0.846225,0.996745,0.003255,0.990036,0.009964,0.975757,0.024243,0.950303,0.049697,0.910795,0.089205,0.855976,0.144024,0.786683,0.213317,0.705746,0.294254,0.617427,0.382573,0.526604,0.473396,0.437965,0.562035,0.355384,0.644616,0.281585,0.718415,0.218064,0.781936,0.165219,0.834781,0.1226,0.8774,0.08919,0.91081,0.063676,0.936324,0.044655,0.955345,0.030788,0.969212,0.020886,0.979114,1,0.003324,1,0.00326,1,0.004192,1,0.010014,1,0.006408,1,0.024542,1,0.01116,1,0.050974,1,0.020059,0,2.416818,1,0.035032,0,1.937775,1,0.058148,0,1.544976,0,2.43758,0,1.223312,0,2.057649,0,0.960836,0,1.7287,0,0.747823,0,1.445149,0,0.576191,0,1.201709,0,0.4391,0,0.993566,0,0.330708,0,0.816414,0,0.245982,0,0.666406,0,0.180586,0,0.540105,0,0.130792,0,0.434434,0,0.093421,0,0.346636,0,0.065794,0,0.274232,0,0.045683,0,0.215004,0,0.031272,0,0.16697,0,0.021107
2646,2025/26,34,Lech Poznań,Wisła Płock,12.0,14.0,26.0,18.0323,12.4228,30.4551,0.054661,1,5400.0834,0.5443,0.4717,0.1896,0.4151,0.195,0.0,0.0,0.0,0.0,1e-06,4e-06,1.1e-05,3.1e-05,7.5e-05,0.000169,0.000347,0.000665,0.001191,0.002011,0.00322,0.00491,0.00716,0.01002,0.0135,0.017556,0.022093,0.026962,0.031973,0.036906,0.041533,0.045636,0.049024,0.051551,0.053121,0.053697,0.053297,0.051988,0.049877,0.0471,0.043811,0.040167,0.03632,0.032408,0.028553,0.02485,0.021375,0.01818,0.015295,0.012734,0.010496,0.008567,0.006927,0.005551,0.004409,0.003473,0.002713,0.008541,0.997507,0.002493,1,0.002497,0.995496,0.004504,1,0.004515,0.992276,0.007724,1,0.007754,0.987366,0.012634,1,0.012715,0.980206,0.019794,1,0.019993,0.970185,0.029815,1,0.030268,0.956686,0.043314,1,0.04428,0.93913,0.06087,1,0.062802,0.917037,0.082963,1,0.086608,0.890074,0.109926,1,0.11645,0.858101,0.141899,1,0.153033,0.821195,0.178805,1,0.196994,0.779662,0.220338,1,0.248894,0.734026,0.265974,1,0.30921,0.685002,0.314998,0,1.15519,0.633451,0.366549,0,1.003624,0.58033,0.41967,0,0.868287,0.526633,0.473367,0,0.747883,0.473336,0.526664,0,0.641192,0.421348,0.578652,0,0.547054,0.371471,0.628529,0,0.464374,0.324371,0.675629,0,0.392111,0.28056,0.71944,0,0.329282,0.240393,0.759607,0,0.274954,4e-06,3.2e-05,0.000154,0.000518,0.001369,0.00303,0.00584,0.010061,0.015791,0.022901,0.031028,0.039617,0.048008,0.055534,0.06162,0.065854,0.068023,0.068117,0.0663,0.062868,0.058192,0.052675,0.046703,0.040615,0.034689,0.029131,0.105064,7.6e-05,0.000565,0.002203,0.006027,0.012976,0.023399,0.036739,0.051568,0.06594,0.077913,0.086004,0.089468,0.08833,0.083246,0.075256,0.065526,0.055145,0.04499,0.035677,0.027562,0.020786,0.015329,0.011073,0.007845,0.005459,0.003735,0.007105,0.993547,0.006453,0.993029,0.006971,0.99166,0.00834,0.98863,0.01137,0.98279,0.01721,0.972729,0.027271,0.956938,0.043062,0.934038,0.065962,0.90301,0.09699,0.863393,0.136607,0.815385,0.184615,0.759851,0.240149,0.698232,0.301768,0.632378,0.367622,0.564354,0.435646,0.496237,0.503763,0.429936,0.570064,0.367069,0.632931,0.308876,0.691124,0.256201,0.743799,0.209498,0.790502,0.997098,0.002902,0.991071,0.008929,0.978096,0.021904,0.954697,0.045303,0.917958,0.082042,0.86639,0.13361,0.80045,0.19955,0.722537,0.277463,0.636533,0.363467,0.547065,0.452935,0.458735,0.541265,0.375488,0.624512,0.300232,0.699768,0.234706,0.765294,0.179561,0.820439,0.134571,0.865429,0.098894,0.901106,0.071332,0.928668,0.050547,0.949453,0.035218,0.964782,0.024145,0.975855,1,0.006474,1,0.002906,1,0.006995,1,0.008969,1,0.008375,1,0.022147,1,0.011435,1,0.046361,1,0.01736,1,0.085604,1,0.02765,1,0.14342,1,0.044017,1,0.222581,1,0.068238,1,0.324987,1,0.102022,1,0.451719,1,0.146885,1,0.603188,0,1.689483,1,0.779283,0,1.426496,1,0.979529,0,1.198097,0,0.357006,0,1.0007,0,0.267495,0,0.830925,0,0.197916,0,0.685649,0,0.14453,0,0.562007,0,0.104132,0,0.457394,0,0.074004,0,0.369436,0,0.051869,0,0.295984,0,0.035853,0,0.235087,0,0.024441
2647,2025/26,34,Raków Częstochowa,Arka Gdynia,12.0,8.0,20.0,15.8539,12.1477,28.0016,0.054661,1,5400.0834,0.5443,0.4717,0.1896,0.4151,0.195,0.0,0.0,0.0,1e-06,3e-06,1.1e-05,3.2e-05,8.3e-05,0.000196,0.000419,0.000825,0.001511,0.00259,0.004187,0.006414,0.009357,0.013053,0.017472,0.022511,0.027994,0.033682,0.039297,0.044544,0.049142,0.052851,0.05549,0.056952,0.057211,0.056313,0.054366,0.051531,0.047996,0.043963,0.039633,0.035188,0.030791,0.026569,0.022622,0.019015,0.015788,0.012953,0.010508,0.00843,0.006693,0.005259,0.004092,0.003154,0.002409,0.001824,0.001369,0.001019,0.002687,0.99433,0.00567,1,0.005686,0.990144,0.009856,1,0.009905,0.98373,0.01627,1,0.016404,0.974372,0.025628,1,0.025962,0.961319,0.038681,1,0.039449,0.943847,0.056153,1,0.057791,0.921336,0.078664,1,0.08193,0.893342,0.106658,1,0.112785,0.85966,0.14034,0,1.963686,0.820363,0.179637,0,1.716815,0.775818,0.224182,0,1.495299,0.726676,0.273324,0,1.297098,0.673825,0.326175,0,1.120322,0.618336,0.381664,0,0.963214,0.561383,0.438617,0,0.82413,0.504172,0.495828,0,0.701527,0.44786,0.55214,0,0.593953,0.393493,0.606507,0,0.500039,0.341962,0.658038,0,0.418492,0.293966,0.706034,0,0.348092,0.250003,0.749997,0,0.287686,0.21037,0.78963,0,0.236191,0.175182,0.824818,0,0.192592,0.144391,0.855609,0,0.155942,1.1e-05,9.3e-05,0.000418,0.001314,0.003247,0.006722,0.012117,0.019524,0.02866,0.038874,0.04926,0.058827,0.066672,0.072132,0.074858,0.074824,0.072287,0.067702,0.061631,0.054658,0.047319,0.04006,0.033219,0.027019,0.021583,0.016952,0.048505,9e-05,0.000657,0.002528,0.006825,0.014499,0.025797,0.039967,0.055351,0.069836,0.081418,0.088678,0.091021,0.088667,0.082452,0.073546,0.063185,0.052467,0.042236,0.033047,0.025191,0.018744,0.01364,0.009721,0.006796,0.004666,0.00315,0.005783,0.997967,0.002033,0.996653,0.003347,0.993405,0.006595,0.986683,0.013317,0.974566,0.025434,0.955042,0.044958,0.926383,0.073617,0.887509,0.112491,0.838248,0.161752,0.779422,0.220578,0.71275,0.28725,0.640617,0.359383,0.565759,0.434241,0.490935,0.509065,0.418649,0.581351,0.350947,0.649053,0.289316,0.710684,0.234658,0.765342,0.187339,0.812661,0.147279,0.852721,0.11406,0.88594,0.996683,0.003317,0.989858,0.010142,0.97536,0.02464,0.949562,0.050438,0.909596,0.090404,0.854245,0.145755,0.784409,0.215591,0.702991,0.297009,0.614313,0.385687,0.523292,0.476708,0.434625,0.565375,0.352173,0.647827,0.278627,0.721373,0.215441,0.784559,0.162974,0.837026,0.120739,0.879261,0.087692,0.912308,0.062501,0.937499,0.043757,0.956243,0.030117,0.969883,0.020396,0.979604,1,0.002035,1,0.003323,1,0.003353,1,0.010194,1,0.006617,1,0.024949,1,0.013406,1,0.051754,1,0.025763,1,0.094755,1,0.046,1,0.157537,1,0.076468,0,1.534372,1,0.119337,0,1.213993,1,0.176441,0,0.952729,1,0.249203,0,0.740851,0,1.247402,0,0.570266,0,1.023367,0,0.434132,0,0.834156,0,0.326599,0,0.67518,0,0.242634,0,0.542401,0,0.1779,0,0.432241,0,0.128673,0,0.341527,0,0.091778,0,0.267432,0,0.06454,0,0.207441,0,0.044743,0,0.159323,0,0.03058,0,0.121106,0,0.020607
2648,2025/26,34,Jagiellonia Białystok,Zagłębie Lubin,14.0,16.0,30.0,16.5861,11.9604,28.5464,0.054661,1,5400.0834,0.5443,0.4717,0.1896,0.4151,0.195,0.0,0.0,0.0,1e-06,2e-06,8e-06,2.5e-05,6.7e-05,0.00016,0.000345,0.000686,0.001267,0.002194,0.00358,0.005537,0.008157,0.01149,0.015532,0.020211,0.025386,0.030854,0.036363,0.041641,0.046414,0.050436,0.053509,0.055498,0.056342,0.05605,0.054695,0.052404,0.049341,0.04569,0.041644,0.037385,0.033079,0.028865,0.024854,0.02113,0.017744,0.014726,0.012084,0.009809,0.007878,0.006264,0.004932,0.003847,0.002973,0.002278,0.00173,0.001304,0.003589,0.995245,0.004755,1,0.004766,0.991665,0.008335,1,0.00837,0.986128,0.013872,1,0.013969,0.977971,0.022029,1,0.022275,0.966481,0.033519,1,0.034093,0.950949,0.049051,1,0.050294,0.930738,0.069262,1,0.071777,0.905352,0.094648,1,0.099431,0.874499,0.125501,1,0.134104,0.838135,0.161865,1,0.176576,0.796494,0.203506,1,0.227536,0.75008,0.24992,1,0.287576,0.699644,0.300356,1,0.357184,0.646135,0.353865,1,0.436747,0.590637,0.409363,1,0.526554,0.534294,0.465706,1,0.626809,0.478244,0.521756,1,0.737634,0.423549,0.576451,1,0.859085,0.371146,0.628854,0,0.463855,0.321805,0.678195,0,0.38832,0.276114,0.723886,0,0.323122,0.23447,0.76553,0,0.267187,0.197085,0.802915,0,0.219506,0.164006,0.835994,0,0.179134,7e-06,6.5e-05,0.000298,0.000958,0.002424,0.00514,0.009489,0.015659,0.023543,0.032708,0.042451,0.051923,0.060273,0.066789,0.070991,0.072678,0.071914,0.068984,0.06432,0.058424,0.051804,0.04492,0.038152,0.031783,0.026004,0.020919,0.064837,0.000101,0.000728,0.002778,0.007429,0.015635,0.027559,0.042298,0.058034,0.072539,0.08378,0.0904,0.091924,0.088712,0.081725,0.072218,0.061465,0.050563,0.040323,0.031257,0.023604,0.0174,0.012543,0.008857,0.006134,0.004172,0.00279,0.004999,0.997084,0.002916,0.996126,0.003874,0.993702,0.006298,0.988562,0.011438,0.979074,0.020926,0.963415,0.036585,0.939871,0.060129,0.907163,0.092837,0.864713,0.135287,0.81279,0.18721,0.752517,0.247483,0.685729,0.314271,0.614738,0.385262,0.54206,0.45794,0.470146,0.529854,0.401162,0.598838,0.336842,0.663158,0.278418,0.721582,0.226614,0.773386,0.181693,0.818307,0.143542,0.856458,0.99636,0.00364,0.988931,0.011069,0.973296,0.026704,0.945737,0.054263,0.903438,0.096562,0.845404,0.154596,0.772865,0.227135,0.689085,0.310915,0.598685,0.401315,0.506761,0.493239,0.418049,0.581951,0.336325,0.663675,0.264107,0.735893,0.202642,0.797358,0.152079,0.847921,0.111756,0.888244,0.080499,0.919501,0.056895,0.943105,0.039495,0.960505,0.026952,0.973048,0.018096,0.981904,1,0.00292,1,0.003647,1,0.003882,1,0.011131,1,0.006318,1,0.027067,1,0.011504,1,0.055791,1,0.021148,1,0.101548,1,0.037271,1,0.167941,1,0.062013,1,0.257651,1,0.097433,1,0.372391,1,0.145358,1,0.51302,1,0.207283,1,0.679716,1,0.284332,1,0.872157,1,0.377273,1,1.089677,0,0.953832,1,1.331401,0,0.781017,1,1.596314,0,0.635154,0,0.164968,0,0.512764,0,0.118509,0,0.410742,0,0.083924,0,0.326309,0,0.058578,0,0.256977,0,0.040296,0,0.200518,0,0.027322,0,0.15495,0,0.018262
2649,2025/26,34,Widzew Łódź,Piast Gliwice,10.0,8.0,18.0,14.3025,12.3578,26.6603,0.054661,1,5400.0834,0.5443,0.4717,0.1896,0.4151,0.195,0.0,0.0,0.0,1e-06,6e-06,1.9e-05,5.6e-05,0.000144,0.000329,0.000687,0.001319,0.002353,0.003931,0.006188,0.009233,0.013117,0.017817,0.023219,0.029123,0.035254,0.041286,0.046879,0.05171,0.055508,0.058081,0.059323,0.059227,0.057867,0.055393,0.052004,0.047928,0.0434,0.038646,0.033865,0.029224,0.024851,0.020838,0.017239,0.014078,0.011355,0.00905,0.00713,0.005555,0.004283,0.003268,0.002469,0.001847,0.001369,0.001006,0.000733,0.000529,0.001262,0.991154,0.008846,1,0.008885,0.984966,0.015034,1,0.015148,0.975733,0.024267,1,0.024566,0.962616,0.037384,1,0.0381,0.9448,0.0552,1,0.056782,0.921581,0.078419,1,0.081665,0.892457,0.107543,0,2.229869,0.857203,0.142797,0,1.946333,0.815917,0.184083,0,1.692368,0.769038,0.230962,0,1.465502,0.717328,0.282672,0,1.263469,0.66182,0.33818,0,1.084177,0.603739,0.396261,0,0.925683,0.544416,0.455584,0,0.786175,0.485189,0.514811,0,0.663956,0.427322,0.572678,0,0.557432,0.371929,0.628071,0,0.465102,0.319925,0.680075,0,0.385552,0.271996,0.728004,0,0.317449,0.228596,0.771404,0,0.259543,0.18995,0.81005,0,0.210659,0.156085,0.843915,0,0.169704,0.126862,0.873138,0,0.135661,0.102011,0.897989,0,0.107597,2.6e-05,0.000207,0.000875,0.002596,0.006065,0.011865,0.020212,0.03078,0.042701,0.054738,0.065554,0.073985,0.079247,0.081029,0.079472,0.075073,0.068544,0.060671,0.052198,0.043749,0.035795,0.02864,0.022445,0.017253,0.013025,0.009669,0.02317,7.9e-05,0.000585,0.002276,0.006206,0.013321,0.023946,0.037481,0.052444,0.066852,0.078743,0.08665,0.089858,0.088438,0.083088,0.074878,0.064994,0.054526,0.044346,0.035056,0.026998,0.020297,0.014922,0.010745,0.007589,0.005265,0.003591,0.006774,0.998475,0.001525,0.995879,0.004121,0.989814,0.010186,0.977949,0.022051,0.957736,0.042264,0.926957,0.073043,0.884256,0.115744,0.829518,0.170482,0.763964,0.236036,0.689978,0.310022,0.610731,0.389269,0.529703,0.470297,0.450231,0.549769,0.375158,0.624842,0.306614,0.693386,0.245943,0.754057,0.193745,0.806255,0.149996,0.850004,0.114201,0.885799,0.085561,0.914439,0.063116,0.936884,0.997006,0.002994,0.9908,0.0092,0.977479,0.022521,0.953533,0.046467,0.916052,0.083948,0.863608,0.136392,0.796756,0.203244,0.718013,0.281987,0.631363,0.368637,0.541505,0.458495,0.453067,0.546933,0.369979,0.630021,0.295101,0.704899,0.230108,0.769892,0.175582,0.824418,0.131236,0.868764,0.09618,0.90382,0.069182,0.930818,0.048885,0.951115,0.033963,0.966037,0.023218,0.976782,1,0.001526,1,0.002998,1,0.00413,1,0.009243,1,0.010238,1,0.022778,1,0.022298,1,0.047581,1,0.043183,1,0.087682,1,0.075848,1,0.146636,1,0.123009,0,1.593348,1,0.18691,0,1.265894,0,1.443771,0,0.997943,0,1.171112,0,0.779806,0,0.943485,0,0.603429,0,0.754391,0,0.462002,0,0.598257,0,0.349701,0,0.470256,0,0.261505,0,0.366168,0,0.193078,0,0.282287,0,0.140684,0,0.215355,0,0.101125,0,0.162514,0,0.071692,0,0.121265,0,0.05012,0,0.089445,0,0.034553,0,0.065196,0,0.023492
