match_id,sezon,kolejka,gospodarz,gosc,rozne_gosp_rzecz,rozne_gosc_rzecz,suma_rzecz,lambda_home,lambda_away,lambda_suma,alpha,fit_success,fit_fun,coef_b_home,coef_b_away,coef_w_for,coef_w_against,coef_w_total,p_sum_0,p_sum_1,p_sum_2,p_sum_3,p_sum_4,p_sum_5,p_sum_6,p_sum_7,p_sum_8,p_sum_9,p_sum_10,p_sum_11,p_sum_12,p_sum_13,p_sum_14,p_sum_15,p_sum_16,p_sum_17,p_sum_18,p_sum_19,p_sum_20,p_sum_21_plus,p_over_4_5,p_under_4_5,over_4_5_rzecz,ll_over_4_5,p_over_5_5,p_under_5_5,over_5_5_rzecz,ll_over_5_5,p_over_6_5,p_under_6_5,over_6_5_rzecz,ll_over_6_5,p_over_7_5,p_under_7_5,over_7_5_rzecz,ll_over_7_5,p_over_8_5,p_under_8_5,over_8_5_rzecz,ll_over_8_5,p_over_9_5,p_under_9_5,over_9_5_rzecz,ll_over_9_5,p_over_10_5,p_under_10_5,over_10_5_rzecz,ll_over_10_5,p_over_11_5,p_under_11_5,over_11_5_rzecz,ll_over_11_5
2344,2025/26,1,Jagiellonia Białystok,Bruk-Bet Termalica Nieciecza,3.0,8.0,11.0,5.7099,4.1786,9.8885,0.117317,1,2926.0834,0.9384,0.8073,0.0781,0.2073,0.1516,0.000422,0.002625,0.008652,0.020076,0.036791,0.056659,0.076211,0.091899,0.101226,0.103287,0.09869,0.089064,0.076443,0.062756,0.049513,0.037693,0.027782,0.019885,0.013855,0.00942,0.00626,0.010791,0.931435,0.068565,1,0.071029,0.874776,0.125224,1,0.133788,0.798565,0.201435,1,0.224939,0.706666,0.293334,1,0.347197,0.60544,0.39456,1,0.501799,0.502153,0.497847,1,0.688849,0.403463,0.596537,1,0.90767,0.314399,0.685601,0,0.377459
2345,2025/26,1,Lech Poznań,Cracovia,5.0,0.0,5.0,5.5787,4.8834,10.462,0.117317,1,2926.0834,0.9384,0.8073,0.0781,0.2073,0.1516,0.000288,0.001866,0.006397,0.015432,0.029393,0.047024,0.065677,0.082198,0.093931,0.09939,0.098436,0.092041,0.081813,0.069528,0.056761,0.044693,0.034057,0.02519,0.018131,0.012727,0.00873,0.016298,0.946624,0.053376,1,0.054853,0.899601,0.100399,0,2.298601,0.833924,0.166076,0,1.795311,0.751726,0.248274,0,1.393221,0.657794,0.342206,0,1.072343,0.558405,0.441595,0,0.817361,0.459968,0.540032,0,0.616127,0.367928,0.632072,0,0.458751
2346,2025/26,1,Widzew Łódź,Zagłębie Lubin,8.0,6.0,14.0,5.6485,4.9283,10.5768,0.117317,1,2926.0834,0.9384,0.8073,0.0781,0.2073,0.1516,0.000268,0.00175,0.006041,0.014672,0.028132,0.04531,0.063709,0.080273,0.09235,0.098376,0.09809,0.092336,0.08263,0.070697,0.058106,0.046062,0.035338,0.026315,0.019069,0.013476,0.009307,0.017694,0.949137,0.050863,1,0.052202,0.903827,0.096173,1,0.101117,0.840118,0.159882,1,0.174213,0.759845,0.240155,1,0.274641,0.667495,0.332505,1,0.404223,0.56912,0.43088,1,0.563665,0.47103,0.52897,1,0.752834,0.378694,0.621306,1,0.971028
2347,2025/26,1,Wisła Płock,Korona Kielce,7.0,1.0,8.0,5.5274,4.6493,10.1767,0.117317,1,2926.0834,0.9384,0.8073,0.0781,0.2073,0.1516,0.000345,0.002196,0.007397,0.017532,0.032806,0.051565,0.070764,0.087028,0.097729,0.101626,0.098924,0.090915,0.079436,0.066362,0.053261,0.041231,0.030892,0.022467,0.015902,0.010978,0.007406,0.013238,0.939723,0.060277,1,0.06217,0.888158,0.111842,1,0.118606,0.817394,0.182606,1,0.201634,0.730366,0.269634,1,0.314209,0.632637,0.367363,0,1.001404,0.531011,0.468989,0,0.757175,0.432087,0.567913,0,0.565787,0.341172,0.658828,0,0.417293
2348,2025/26,1,GKS Katowice,Raków Częstochowa,3.0,6.0,9.0,4.9325,5.4748,10.4073,0.117317,1,2926.0834,0.9384,0.8073,0.0781,0.2073,0.1516,0.000297,0.001921,0.006566,0.015794,0.029993,0.04784,0.066614,0.083117,0.094687,0.099875,0.098603,0.091901,0.081424,0.068971,0.056119,0.04404,0.033445,0.024653,0.017683,0.01237,0.008455,0.015633,0.94543,0.05457,1,0.056116,0.89759,0.10241,1,0.108042,0.830975,0.169025,1,0.185155,0.747859,0.252141,1,0.290541,0.653172,0.346828,1,0.425915,0.553297,0.446703,0,0.805862,0.454694,0.545306,0,0.606408,0.362793,0.637207,0,0.450661
2349,2025/26,1,Górnik Zabrze,Lechia Gdańsk,6.0,3.0,9.0,5.6011,4.8583,10.4594,0.117317,1,2926.0834,0.9384,0.8073,0.0781,0.2073,0.1516,0.000289,0.00187,0.006408,0.015456,0.02943,0.047071,0.065727,0.082244,0.093964,0.099404,0.098433,0.092022,0.081784,0.069493,0.056725,0.04466,0.034028,0.025166,0.018112,0.012713,0.008721,0.016279,0.946548,0.053452,1,0.054934,0.899477,0.100523,1,0.105942,0.833749,0.166251,1,0.181822,0.751506,0.248494,1,0.285676,0.657542,0.342458,1,0.419247,0.558138,0.441862,0,0.816757,0.459704,0.540296,0,0.615639,0.367682,0.632318,0,0.458363
2350,2025/26,1,Motor Lublin,Arka Gdynia,8.0,8.0,16.0,5.6239,4.707,10.3309,0.117317,1,2926.0834,0.9384,0.8073,0.0781,0.2073,0.1516,0.000314,0.002015,0.006849,0.016384,0.030944,0.049094,0.068004,0.084417,0.095687,0.100436,0.098683,0.091546,0.08074,0.068087,0.05516,0.043104,0.0326,0.023933,0.0171,0.011916,0.008115,0.01487,0.943493,0.056507,1,0.058166,0.894399,0.105601,1,0.111603,0.826395,0.173605,1,0.190683,0.741978,0.258022,1,0.298436,0.646291,0.353709,1,0.436506,0.545855,0.454145,1,0.605402,0.447171,0.552829,1,0.804813,0.355625,0.644375,1,1.033878
2351,2025/26,1,Legia Warszawa,Piast Gliwice,5.0,3.0,8.0,5.964,4.3976,10.3616,0.117317,1,2926.0834,0.9384,0.8073,0.0781,0.2073,0.1516,0.000314,0.00201,0.006823,0.016304,0.03077,0.048799,0.06759,0.083925,0.095183,0.099997,0.098372,0.091398,0.080759,0.068251,0.055431,0.043437,0.032955,0.024277,0.01741,0.012182,0.008332,0.015477,0.943779,0.056221,1,0.057863,0.89498,0.10502,1,0.110954,0.827389,0.172611,1,0.18948,0.743465,0.256535,1,0.296434,0.648281,0.351719,0,1.044924,0.548284,0.451716,0,0.794701,0.449912,0.550088,0,0.597676,0.358513,0.641487,0,0.443967
2352,2025/26,1,Radomiak Radom,Pogoń Szczecin,4.0,4.0,8.0,5.9253,4.775,10.7003,0.117317,1,2926.0834,0.9384,0.8073,0.0781,0.2073,0.1516,0.000251,0.001645,0.005712,0.013953,0.026913,0.04361,0.061702,0.078241,0.090601,0.097157,0.097536,0.092455,0.083326,0.07181,0.059458,0.047489,0.036713,0.027553,0.020125,0.014338,0.009984,0.019429,0.951527,0.048473,1,0.049688,0.907917,0.092083,1,0.096603,0.846214,0.153786,1,0.166983,0.767973,0.232027,1,0.264001,0.677372,0.322628,0,1.131256,0.580215,0.419785,0,0.868012,0.482679,0.517321,0,0.659091,0.390223,0.609777,0,0.494663
2353,2025/26,2,Arka Gdynia,Radomiak Radom,5.0,4.0,9.0,5.9955,4.8277,10.8232,0.116386,1,2968.1672,0.9503,0.8177,0.0803,0.2011,0.1484,0.00023,0.001521,0.005329,0.013139,0.025569,0.041788,0.059614,0.0762,0.088923,0.096078,0.09716,0.092757,0.084179,0.073038,0.060876,0.048937,0.038073,0.028751,0.021128,0.015143,0.010607,0.02096,0.954213,0.045787,1,0.046868,0.912426,0.087574,1,0.091649,0.852811,0.147189,1,0.159217,0.776611,0.223389,1,0.252816,0.687688,0.312312,1,0.37442,0.59161,0.40839,0,0.895533,0.49445,0.50555,0,0.682107,0.401693,0.598307,0,0.513651
2354,2025/26,2,Lechia Gdańsk,Lech Poznań,9.0,10.0,19.0,5.5624,4.5796,10.142,0.116386,1,2968.1672,0.9503,0.8177,0.0803,0.2011,0.1484,0.000349,0.002222,0.007484,0.017731,0.033154,0.052063,0.07136,0.087635,0.09825,0.101981,0.099072,0.090856,0.079204,0.06601,0.052845,0.040802,0.030488,0.022112,0.015605,0.010741,0.007225,0.012809,0.939059,0.060941,1,0.062877,0.886996,0.113004,1,0.119914,0.815636,0.184364,1,0.203787,0.728001,0.271999,1,0.317452,0.629751,0.370249,1,0.46243,0.52777,0.47223,1,0.639095,0.428698,0.571302,1,0.847003,0.337841,0.662159,1,1.085179
2355,2025/26,2,Pogoń Szczecin,Motor Lublin,6.0,8.0,14.0,5.5059,4.4477,9.9536,0.116386,1,2968.1672,0.9503,0.8177,0.0803,0.2011,0.1484,0.000394,0.002477,0.008241,0.019288,0.035631,0.05528,0.074863,0.09084,0.100633,0.103219,0.099092,0.089807,0.077374,0.063733,0.05043,0.038486,0.028426,0.020379,0.014218,0.009675,0.006434,0.011079,0.933969,0.066031,1,0.068312,0.878689,0.121311,1,0.129325,0.803826,0.196174,1,0.218373,0.712986,0.287014,1,0.338294,0.612352,0.387648,1,0.490448,0.509133,0.490867,1,0.675046,0.410041,0.589959,1,0.891499,0.320233,0.679767,1,1.138706
2356,2025/26,2,Korona Kielce,Legia Warszawa,13.0,7.0,20.0,5.2016,5.0934,10.295,0.116386,1,2968.1672,0.9503,0.8177,0.0803,0.2011,0.1484,0.000314,0.00202,0.006881,0.016485,0.031164,0.049466,0.06852,0.085021,0.096292,0.100947,0.099027,0.091685,0.080677,0.067854,0.054809,0.04269,0.032171,0.023528,0.01674,0.011614,0.007872,0.014223,0.943137,0.056863,1,0.058544,0.893671,0.106329,1,0.112418,0.825151,0.174849,1,0.192189,0.740129,0.259871,1,0.30093,0.643838,0.356162,1,0.440309,0.54289,0.45711,1,0.610848,0.443863,0.556137,1,0.812239,0.352178,0.647822,1,1.043619
2357,2025/26,2,Cracovia,Bruk-Bet Termalica Nieciecza,5.0,6.0,11.0,4.8269,5.1331,9.96,0.116386,1,2968.1672,0.9503,0.8177,0.0803,0.2011,0.1484,0.000388,0.002445,0.008154,0.019129,0.035412,0.055046,0.07467,0.090737,0.100642,0.103329,0.099273,0.090019,0.077579,0.063907,0.05056,0.038571,0.028471,0.020395,0.014214,0.00966,0.006414,0.010987,0.934472,0.065528,1,0.067773,0.879427,0.120573,1,0.128485,0.804757,0.195243,1,0.217215,0.71402,0.28598,1,0.336845,0.613378,0.386622,1,0.488774,0.510049,0.489951,1,0.673249,0.410776,0.589224,1,0.889708,0.320757,0.679243,0,0.386776
2358,2025/26,2,GKS Katowice,Zagłębie Lubin,14.0,8.0,22.0,5.1538,5.3218,10.4756,0.116386,1,2968.1672,0.9503,0.8177,0.0803,0.2011,0.1484,0.00028,0.001825,0.006284,0.015218,0.029082,0.046663,0.065341,0.081959,0.093834,0.099442,0.098613,0.092296,0.082099,0.069803,0.056998,0.044879,0.03419,0.025277,0.018181,0.012752,0.008738,0.016246,0.947311,0.052689,1,0.054128,0.900647,0.099353,1,0.104641,0.835306,0.164694,1,0.179957,0.753347,0.246653,1,0.283229,0.659513,0.340487,1,0.416253,0.560072,0.439928,1,0.57969,0.461459,0.538541,1,0.773362,0.369163,0.630837,1,0.996517
2359,2025/26,2,Raków Częstochowa,Wisła Płock,6.0,3.0,9.0,5.8636,4.8077,10.6713,0.116386,1,2968.1672,0.9503,0.8177,0.0803,0.2011,0.1484,0.000251,0.001651,0.00574,0.014035,0.027085,0.043897,0.062097,0.078705,0.091069,0.09756,0.097818,0.092584,0.083299,0.07165,0.059201,0.047176,0.036381,0.027232,0.019836,0.014091,0.009782,0.018859,0.951237,0.048763,1,0.049992,0.90734,0.09266,1,0.097238,0.845243,0.154757,1,0.168132,0.766537,0.233463,1,0.265872,0.675468,0.324532,1,0.39235,0.577907,0.422093,0,0.862531,0.48009,0.51991,0,0.654099,0.387506,0.612494,0,0.490217
2360,2025/26,2,Jagiellonia Białystok,Widzew Łódź,4.0,2.0,6.0,5.7592,4.4763,10.2355,0.116386,1,2968.1672,0.9503,0.8177,0.0803,0.2011,0.1484,0.000332,0.002121,0.007174,0.017074,0.032075,0.050611,0.069715,0.086051,0.09698,0.101205,0.09886,0.091174,0.079941,0.067018,0.053977,0.041934,0.031531,0.023016,0.01635,0.01133,0.007673,0.013859,0.941225,0.058775,1,0.060573,0.890614,0.109386,1,0.115845,0.820898,0.179102,0,1.719802,0.734847,0.265153,0,1.327448,0.637867,0.362133,0,1.015742,0.536662,0.463338,0,0.769298,0.437802,0.562198,0,0.575901,0.346628,0.653372,0,0.425609
2361,2025/26,2,Piast Gliwice,Górnik Zabrze,6.0,2.0,8.0,5.116,4.7187,9.8347,0.116386,1,2968.1672,0.9503,0.8177,0.0803,0.2011,0.1484,0.00042,0.002627,0.008692,0.020225,0.037139,0.057261,0.077048,0.092872,0.10218,0.104066,0.099179,0.089214,0.076271,0.062328,0.048918,0.037023,0.027112,0.019267,0.013322,0.008982,0.005917,0.009937,0.930897,0.069103,1,0.071607,0.873635,0.126365,1,0.135092,0.796587,0.203413,1,0.227419,0.703715,0.296285,1,0.351381,0.601535,0.398465,0,0.920137,0.49747,0.50253,0,0.688099,0.398291,0.601709,0,0.507981,0.309077,0.690923,0,0.369727
2362,2025/26,3,Wisła Płock,Piast Gliwice,8.0,6.0,14.0,5.7068,3.588,9.2948,0.116918,1,3015.7589,0.9665,0.833,0.0916,0.2023,0.1289,0.000631,0.003755,0.01184,0.026297,0.046153,0.068109,0.087835,0.101607,0.107429,0.105279,0.096669,0.083885,0.069269,0.054743,0.041602,0.030523,0.021695,0.014982,0.010078,0.006618,0.004251,0.00675,0.911324,0.088676,1,0.092857,0.843215,0.156785,1,0.170533,0.755381,0.244619,1,0.280534,0.653773,0.346227,1,0.424995,0.546345,0.453655,1,0.604505,0.441066,0.558934,1,0.818561,0.344397,0.655603,1,1.06596,0.260512,0.739488,1,1.345107
2363,2025/26,3,Bruk-Bet Termalica Nieciecza,Pogoń Szczecin,6.0,9.0,15.0,5.8622,4.8812,10.7435,0.116918,1,3015.7589,0.9665,0.833,0.0916,0.2023,0.1289,0.000242,0.001594,0.005556,0.013628,0.026387,0.042915,0.060927,0.07751,0.090031,0.096828,0.097474,0.092638,0.083696,0.072297,0.059992,0.048015,0.037191,0.027962,0.020459,0.014599,0.010181,0.019876,0.952593,0.047407,1,0.048568,0.909678,0.090322,1,0.094665,0.848751,0.151249,1,0.16399,0.771241,0.228759,1,0.259755,0.681209,0.318791,1,0.383885,0.584381,0.415619,1,0.537202,0.486907,0.513093,1,0.719682,0.394269,0.605731,1,0.930722
2364,2025/26,3,Legia Warszawa,Arka Gdynia,13.0,4.0,17.0,6.4023,4.8194,11.2217,0.116918,1,3015.7589,0.9665,0.833,0.0916,0.2023,0.1289,0.000184,0.00124,0.004426,0.011122,0.022066,0.036783,0.053537,0.06984,0.083203,0.091801,0.094828,0.092498,0.085792,0.076095,0.064852,0.05332,0.042437,0.032792,0.024663,0.018096,0.012978,0.027449,0.960963,0.039037,1,0.03982,0.92418,0.07582,1,0.078848,0.870644,0.129356,1,0.138522,0.800804,0.199196,1,0.222139,0.717602,0.282398,1,0.331841,0.625801,0.374199,1,0.468723,0.530973,0.469027,1,0.633045,0.438475,0.561525,1,0.824453
2365,2025/26,3,Motor Lublin,Jagiellonia Białystok,5.0,7.0,12.0,5.6181,5.1608,10.7789,0.116918,1,3015.7589,0.9665,0.833,0.0916,0.2023,0.1289,0.000235,0.001552,0.005429,0.013361,0.025953,0.042335,0.060279,0.076897,0.089553,0.096553,0.097426,0.092796,0.084013,0.072712,0.060445,0.048458,0.037592,0.028303,0.020734,0.014812,0.01034,0.020221,0.95347,0.04653,1,0.047647,0.911134,0.088866,1,0.093065,0.850856,0.149144,1,0.161513,0.773958,0.226042,1,0.256237,0.684405,0.315595,1,0.379205,0.587852,0.412148,1,0.53128,0.490426,0.509574,1,0.71248,0.39763,0.60237,1,0.922233
2366,2025/26,3,Zagłębie Lubin,Korona Kielce,7.0,8.0,15.0,5.7037,4.8026,10.5063,0.116918,1,3015.7589,0.9665,0.833,0.0916,0.2023,0.1289,0.00028,0.001817,0.00625,0.015124,0.028889,0.046349,0.064913,0.081462,0.093338,0.099021,0.098327,0.092175,0.082143,0.069987,0.057282,0.045218,0.034545,0.025616,0.018485,0.013009,0.008947,0.016822,0.947639,0.052361,1,0.053782,0.90129,0.09871,1,0.103928,0.836377,0.163623,1,0.178676,0.754915,0.245085,1,0.28115,0.661577,0.338423,1,0.413129,0.562555,0.437445,1,0.575266,0.464228,0.535772,1,0.767378,0.372053,0.627947,1,0.988719
2367,2025/26,3,Radomiak Radom,Raków Częstochowa,1.0,7.0,8.0,5.4345,4.8824,10.317,0.116918,1,3015.7589,0.9665,0.833,0.0916,0.2023,0.1289,0.000313,0.002012,0.006849,0.016401,0.031,0.049209,0.068184,0.084648,0.095937,0.100665,0.098857,0.091642,0.080751,0.068023,0.055039,0.042948,0.032431,0.023768,0.016949,0.011787,0.008009,0.014576,0.943426,0.056574,1,0.058238,0.894216,0.105784,1,0.111807,0.826032,0.173968,1,0.191122,0.741384,0.258616,1,0.299237,0.645447,0.354553,0,1.036897,0.544782,0.455218,0,0.786978,0.445925,0.554075,0,0.590455,0.354283,0.645717,0,0.437394
2368,2025/26,3,Cracovia,Lechia Gdańsk,5.0,4.0,9.0,5.4564,4.6077,10.064,0.116918,1,3015.7589,0.9665,0.833,0.0916,0.2023,0.1289,0.000368,0.00233,0.007803,0.018382,0.034184,0.053394,0.072803,0.08895,0.099224,0.102483,0.099075,0.090422,0.078451,0.065074,0.051853,0.039851,0.02964,0.021398,0.015033,0.0103,0.006897,0.012085,0.936932,0.063068,1,0.065144,0.883538,0.116462,1,0.123821,0.810735,0.189265,1,0.209814,0.721785,0.278215,1,0.326028,0.622562,0.377438,1,0.473913,0.520079,0.479921,0,0.734133,0.421004,0.578996,0,0.546459,0.330582,0.669418,0,0.401346
2369,2025/26,3,Lech Poznań,Górnik Zabrze,6.0,8.0,14.0,5.368,4.8609,10.2288,0.116918,1,3015.7589,0.9665,0.833,0.0916,0.2023,0.1289,0.00033,0.002114,0.007157,0.017048,0.032054,0.050614,0.069759,0.086144,0.097114,0.101359,0.099008,0.091292,0.080014,0.067041,0.053954,0.041876,0.031451,0.022926,0.01626,0.011247,0.007601,0.013637,0.941297,0.058703,1,0.060497,0.890683,0.109317,1,0.115766,0.820924,0.179076,1,0.197325,0.73478,0.26522,1,0.308184,0.637666,0.362334,1,0.449941,0.536307,0.463693,1,0.623049,0.437299,0.562701,1,0.827138,0.346007,0.653993,1,1.061297
2370,2025/26,3,Widzew Łódź,GKS Katowice,8.0,6.0,14.0,5.5705,4.6388,10.2093,0.116918,1,3015.7589,0.9665,0.833,0.0916,0.2023,0.1289,0.000337,0.002149,0.00726,0.017253,0.032367,0.051003,0.070159,0.086482,0.097331,0.101428,0.098934,0.091106,0.079757,0.066756,0.053676,0.041627,0.031243,0.022762,0.016138,0.011159,0.00754,0.013534,0.940635,0.059365,1,0.0612,0.889632,0.110368,1,0.116947,0.819473,0.180527,1,0.199094,0.732991,0.267009,1,0.310622,0.63566,0.36434,1,0.453092,0.534231,0.465769,1,0.626926,0.435297,0.564703,1,0.831727,0.344191,0.655809,1,1.066558
2371,2025/26,4,Arka Gdynia,Pogoń Szczecin,6.0,5.0,11.0,5.7158,4.7934,10.5092,0.115043,1,3060.4669,0.9289,0.8018,0.1013,0.2084,0.1361,0.000272,0.001777,0.006145,0.014938,0.028643,0.046101,0.064735,0.081409,0.093426,0.099229,0.098606,0.09247,0.082405,0.070187,0.057409,0.045276,0.034548,0.025581,0.018429,0.012945,0.008884,0.016587,0.948225,0.051775,1,0.053164,0.902124,0.097876,1,0.103003,0.837389,0.162611,1,0.177466,0.755981,0.244019,1,0.27974,0.662555,0.337445,1,0.411652,0.563326,0.436674,1,0.573898,0.46472,0.53528,1,0.766321,0.37225,0.62775,0,0.465613
2372,2025/26,4,Legia Warszawa,GKS Katowice,5.0,7.0,12.0,5.9881,4.4402,10.4282,0.115043,1,3060.4669,0.9289,0.8018,0.1013,0.2084,0.1361,0.000291,0.001887,0.006472,0.015615,0.029724,0.047508,0.066269,0.08281,0.094463,0.099757,0.098594,0.091986,0.081581,0.069172,0.05634,0.04426,0.033651,0.024835,0.017837,0.012495,0.008554,0.0159,0.946011,0.053989,1,0.055501,0.898503,0.101497,1,0.107025,0.832235,0.167765,1,0.183641,0.749424,0.250576,1,0.28845,0.654962,0.345038,1,0.423179,0.555205,0.444795,1,0.588418,0.456611,0.543389,1,0.783923,0.364625,0.635375,1,1.008887
2373,2025/26,4,Lechia Gdańsk,Motor Lublin,3.0,8.0,11.0,5.3166,5.0698,10.3864,0.115043,1,3060.4669,0.9289,0.8018,0.1013,0.2084,0.1361,0.000291,0.001891,0.006502,0.015711,0.029941,0.047889,0.066816,0.083475,0.095156,0.100374,0.099046,0.092218,0.081582,0.068968,0.055983,0.04381,0.033165,0.02436,0.017405,0.012124,0.00825,0.015044,0.945664,0.054336,1,0.055868,0.897775,0.102225,1,0.107836,0.830959,0.169041,1,0.185174,0.747484,0.252516,1,0.291042,0.652328,0.347672,1,0.427207,0.551954,0.448046,1,0.59429,0.452908,0.547092,1,0.792065,0.36069,0.63931,0,0.447366
2374,2025/26,4,Górnik Zabrze,Bruk-Bet Termalica Nieciecza,7.0,2.0,9.0,5.476,5.2805,10.7565,0.115043,1,3060.4669,0.9289,0.8018,0.1013,0.2084,0.1361,0.000231,0.001535,0.005394,0.013321,0.025948,0.042417,0.060486,0.077232,0.089979,0.097004,0.097828,0.09309,0.084166,0.072718,0.060326,0.048247,0.037327,0.02802,0.02046,0.014565,0.010129,0.019575,0.95357,0.04643,1,0.047542,0.911153,0.088847,1,0.093044,0.850668,0.149332,1,0.161734,0.773435,0.226565,1,0.256913,0.683456,0.316544,1,0.380593,0.586452,0.413548,0,0.882982,0.488624,0.511376,0,0.67065,0.395533,0.604467,0,0.503409
2375,2025/26,4,Korona Kielce,Radomiak Radom,2.0,5.0,7.0,5.6726,5.0945,10.7671,0.115043,1,3060.4669,0.9289,0.8018,0.1013,0.2084,0.1361,0.00023,0.00153,0.005377,0.01328,0.025872,0.042302,0.060337,0.077067,0.08982,0.096874,0.097744,0.09306,0.084187,0.072783,0.060422,0.048359,0.037444,0.028132,0.02056,0.01465,0.010198,0.019771,0.953711,0.046289,1,0.047395,0.911409,0.088591,1,0.092763,0.851072,0.148928,1,0.161259,0.774005,0.225995,0,1.487241,0.684184,0.315816,0,1.152596,0.58731,0.41269,0,0.885058,0.489566,0.510434,0,0.672494,0.396506,0.603494,0,0.505019
2376,2025/26,4,Raków Częstochowa,Zagłębie Lubin,1.0,1.0,2.0,6.16,5.0138,11.1738,0.115043,1,3060.4669,0.9289,0.8018,0.1013,0.2084,0.1361,0.000181,0.00123,0.004415,0.011139,0.022168,0.037035,0.053982,0.070472,0.083958,0.092578,0.095514,0.093,0.086055,0.076109,0.064645,0.052945,0.041957,0.032267,0.024143,0.017615,0.012557,0.026034,0.960866,0.039134,0,3.240759,0.923831,0.076169,0,2.574796,0.869848,0.130152,0,2.039055,0.799377,0.200623,0,1.606326,0.715418,0.284582,0,1.256735,0.62284,0.37716,0,0.975086,0.527326,0.472674,0,0.74935,0.434327,0.565673,0,0.569738
2377,2025/26,4,Jagiellonia Białystok,Cracovia,10.0,5.0,15.0,5.7933,4.3604,10.1537,0.115043,1,3060.4669,0.9289,0.8018,0.1013,0.2084,0.1361,0.000345,0.002198,0.007419,0.01761,0.032979,0.051855,0.071154,0.087465,0.09814,0.101942,0.099099,0.090936,0.079319,0.066142,0.05298,0.040929,0.030601,0.022207,0.015683,0.010803,0.007272,0.012925,0.939449,0.060551,1,0.062462,0.887595,0.112405,1,0.11924,0.816441,0.183559,1,0.202801,0.728976,0.271024,1,0.316114,0.630836,0.369164,1,0.460709,0.528894,0.471106,1,0.636967,0.429795,0.570205,1,0.844447,0.338859,0.661141,1,1.08217
2378,2025/26,4,Piast Gliwice,Lech Poznań,3.0,9.0,12.0,5.6796,4.5217,10.2013,0.115043,1,3060.4669,0.9289,0.8018,0.1013,0.2084,0.1361,0.000332,0.002126,0.007206,0.017176,0.032299,0.050989,0.070233,0.086649,0.097567,0.101686,0.099167,0.091275,0.079845,0.066764,0.053617,0.041522,0.031115,0.022629,0.016013,0.01105,0.007451,0.013289,0.940862,0.059138,1,0.060959,0.889873,0.110127,1,0.116677,0.81964,0.18036,1,0.19889,0.732991,0.267009,1,0.310622,0.635425,0.364575,1,0.453462,0.533738,0.466262,1,0.627849,0.434572,0.565428,1,0.833394,0.343296,0.656704,1,1.069161
2379,2025/26,4,Widzew Łódź,Wisła Płock,5.0,0.0,5.0,5.8604,4.6137,10.474,0.115043,1,3060.4669,0.9289,0.8018,0.1013,0.2084,0.1361,0.00028,0.001825,0.006287,0.015231,0.029111,0.046712,0.065402,0.082019,0.093878,0.09946,0.098602,0.09226,0.082047,0.069745,0.056943,0.044834,0.034157,0.025256,0.018171,0.01275,0.008741,0.016291,0.947267,0.052733,1,0.054174,0.900555,0.099445,0,2.308151,0.835154,0.164846,0,1.802741,0.753135,0.246865,0,1.398912,0.659256,0.340744,0,1.076625,0.559797,0.440203,0,0.820518,0.461195,0.538805,0,0.618401,0.368935,0.631065,0,0.460346
2380,2025/26,5,Wisła Płock,Legia Warszawa,3.0,9.0,12.0,5.7825,4.6922,10.4746,0.116389,1,3105.6115,0.9555,0.8301,0.1054,0.2004,0.1228,0.000284,0.001845,0.006339,0.01532,0.029222,0.046811,0.065454,0.082002,0.093792,0.099322,0.098443,0.092109,0.081927,0.069667,0.056908,0.044835,0.034185,0.025299,0.01822,0.012798,0.008785,0.016432,0.946989,0.053011,1,0.054468,0.900178,0.099822,1,0.105163,0.834724,0.165276,1,0.180654,0.752722,0.247278,1,0.28406,0.65893,0.34107,1,0.417138,0.559608,0.440392,1,0.580519,0.461165,0.538835,1,0.773999,0.369056,0.630944,1,0.996807
2381,2025/26,5,Bruk-Bet Termalica Nieciecza,Raków Częstochowa,6.0,2.0,8.0,5.334,5.7355,11.0695,0.116389,1,3105.6115,0.9555,0.8301,0.1054,0.2004,0.1228,0.000195,0.001312,0.004673,0.011703,0.023132,0.03839,0.0556,0.072137,0.085427,0.093646,0.096061,0.093005,0.08558,0.075272,0.063585,0.051794,0.040822,0.031223,0.023235,0.01686,0.011953,0.024394,0.958985,0.041015,1,0.04188,0.920596,0.079404,1,0.082734,0.864995,0.135005,1,0.145031,0.792858,0.207142,1,0.232111,0.707431,0.292569,0,1.229056,0.613785,0.386215,0,0.951362,0.517724,0.482276,0,0.729238,0.424719,0.575281,0,0.552897
2382,2025/26,5,Motor Lublin,Piast Gliwice,7.0,6.0,13.0,5.7594,4.8626,10.622,0.116389,1,3105.6115,0.9555,0.8301,0.1054,0.2004,0.1228,0.000258,0.001693,0.005871,0.014322,0.027572,0.044576,0.0629,0.079519,0.09177,0.098048,0.098039,0.092535,0.08302,0.071204,0.058659,0.046604,0.035831,0.026737,0.019413,0.013747,0.009512,0.01817,0.950284,0.049716,1,0.050994,0.905708,0.094292,1,0.099039,0.842807,0.157193,1,0.171017,0.763288,0.236712,1,0.27012,0.671518,0.328482,1,0.398214,0.57347,0.42653,1,0.55605,0.475431,0.524569,1,0.743535,0.382895,0.617105,1,0.959994
2383,2025/26,5,Zagłębie Lubin,Lechia Gdańsk,5.0,4.0,9.0,5.5989,4.6645,10.2634,0.116389,1,3105.6115,0.9555,0.8301,0.1054,0.2004,0.1228,0.000323,0.002073,0.007035,0.016795,0.031645,0.050072,0.069154,0.08557,0.096661,0.101088,0.098942,0.091417,0.080288,0.067411,0.054367,0.042287,0.03183,0.023255,0.016532,0.011462,0.007765,0.014027,0.942129,0.057871,1,0.059613,0.892057,0.107943,1,0.114225,0.822903,0.177097,1,0.194917,0.737333,0.262667,1,0.304715,0.640672,0.359328,1,0.445237,0.539584,0.460416,0,0.775625,0.440642,0.559358,0,0.580965,0.349225,0.650775,0,0.429591
2384,2025/26,5,Radomiak Radom,Jagiellonia Białystok,6.0,7.0,13.0,5.4443,4.8799,10.3242,0.116389,1,3105.6115,0.9555,0.8301,0.1054,0.2004,0.1228,0.000309,0.001993,0.006796,0.0163,0.030854,0.04904,0.068025,0.08453,0.095881,0.100676,0.098925,0.091747,0.080874,0.068145,0.055149,0.043038,0.0325,0.023818,0.016983,0.011808,0.008022,0.014586,0.943748,0.056252,1,0.057896,0.894708,0.105292,1,0.111258,0.826684,0.173316,1,0.190333,0.742153,0.257847,1,0.298199,0.646272,0.353728,1,0.436535,0.545596,0.454404,1,0.605877,0.446671,0.553329,1,0.805933,0.354924,0.645076,1,1.035852
2385,2025/26,5,Pogoń Szczecin,Górnik Zabrze,6.0,9.0,15.0,5.6272,4.5515,10.1786,0.116389,1,3105.6115,0.9555,0.8301,0.1054,0.2004,0.1228,0.000342,0.00218,0.007357,0.017464,0.032719,0.051481,0.070707,0.087013,0.097759,0.10169,0.099006,0.090999,0.079508,0.066416,0.053296,0.041248,0.030896,0.022462,0.015893,0.010967,0.007395,0.013202,0.939938,0.060062,1,0.061941,0.888457,0.111543,1,0.118269,0.81775,0.18225,1,0.201199,0.730737,0.269263,1,0.313702,0.632978,0.367022,1,0.457319,0.531288,0.468712,1,0.632451,0.432282,0.567718,1,0.838678,0.341283,0.658717,1,1.075043
2386,2025/26,5,Cracovia,Widzew Łódź,7.0,8.0,15.0,5.5261,4.802,10.3281,0.116389,1,3105.6115,0.9555,0.8301,0.1054,0.2004,0.1228,0.000309,0.001992,0.006792,0.01629,0.030832,0.049002,0.067971,0.084467,0.095817,0.10062,0.098885,0.091728,0.080877,0.068167,0.055184,0.043082,0.032546,0.023862,0.017023,0.011842,0.00805,0.014662,0.943785,0.056215,1,0.057857,0.894783,0.105217,1,0.111174,0.826811,0.173189,1,0.190179,0.742345,0.257655,1,0.297942,0.646528,0.353472,1,0.436139,0.545908,0.454092,1,0.605305,0.447023,0.552977,1,0.805146,0.355294,0.644706,1,1.034809
2387,2025/26,5,GKS Katowice,Arka Gdynia,8.0,5.0,13.0,6.1901,5.3397,11.5298,0.116389,1,3105.6115,0.9555,0.8301,0.1054,0.2004,0.1228,0.000149,0.001024,0.003732,0.009573,0.019378,0.032938,0.048863,0.06494,0.078784,0.088483,0.092999,0.092263,0.087001,0.078424,0.067899,0.056692,0.045804,0.035916,0.027403,0.020389,0.014823,0.032524,0.966144,0.033856,1,0.034442,0.933206,0.066794,1,0.069129,0.884343,0.115657,1,0.12291,0.819403,0.180597,1,0.19918,0.740618,0.259382,1,0.30027,0.652135,0.347865,1,0.427503,0.559137,0.440863,1,0.581361,0.466874,0.533126,1,0.761696
2388,2025/26,5,Lech Poznań,Korona Kielce,6.0,0.0,6.0,5.6318,4.983,10.6148,0.116389,1,3105.6115,0.9555,0.8301,0.1054,0.2004,0.1228,0.000258,0.001694,0.005876,0.014338,0.027608,0.044639,0.06299,0.079628,0.091886,0.098153,0.098118,0.092579,0.083026,0.071175,0.058603,0.046531,0.03575,0.026657,0.019339,0.013682,0.009458,0.01801,0.950226,0.049774,1,0.051056,0.905587,0.094413,1,0.099172,0.842597,0.157403,0,1.848947,0.762969,0.237031,0,1.439563,0.671083,0.328917,0,1.11195,0.57293,0.42707,0,0.850807,0.474811,0.525189,0,0.643998,0.382232,0.617768,0,0.481642
2389,2025/26,6,Wisła Płock,Zagłębie Lubin,4.0,3.0,7.0,5.6276,4.9739,10.6015,0.115048,1,3149.6488,0.9683,0.8394,0.0905,0.1911,0.141,0.000255,0.001681,0.005848,0.014304,0.027596,0.044684,0.063118,0.079841,0.092158,0.09844,0.098371,0.092761,0.083116,0.071172,0.058523,0.046395,0.035583,0.026481,0.019171,0.013532,0.009332,0.017638,0.950315,0.049685,1,0.050962,0.905631,0.094369,1,0.099123,0.842513,0.157487,1,0.171366,0.762672,0.237328,0,1.43831,0.670514,0.329486,0,1.110221,0.572074,0.427926,0,0.848805,0.473703,0.526297,0,0.641889,0.380942,0.619058,0,0.479557
2390,2025/26,6,Legia Warszawa,Jagiellonia Białystok,2.0,2.0,4.0,6.0425,4.7752,10.8177,0.115048,1,3149.6488,0.9683,0.8394,0.0905,0.1911,0.141,0.000226,0.001505,0.005289,0.013074,0.025495,0.041736,0.059616,0.076274,0.089064,0.096263,0.097356,0.092929,0.084304,0.073105,0.060886,0.0489,0.038003,0.028663,0.021035,0.015054,0.010527,0.020698,0.954412,0.045588,0,3.088103,0.912676,0.087324,0,2.438127,0.85306,0.14694,0,1.917728,0.776786,0.223214,0,1.499624,0.687722,0.312278,0,1.16386,0.591459,0.408541,0,0.895162,0.494103,0.505897,0,0.681422,0.401174,0.598826,0,0.512785
2391,2025/26,6,Lechia Gdańsk,Arka Gdynia,4.0,4.0,8.0,6.0526,4.9599,11.0125,0.115048,1,3149.6488,0.9683,0.8394,0.0905,0.1911,0.141,0.0002,0.001345,0.004783,0.011961,0.023597,0.039078,0.056463,0.073065,0.086286,0.094311,0.096448,0.093084,0.085376,0.074844,0.06301,0.051151,0.040177,0.030624,0.022711,0.016423,0.011604,0.02346,0.958115,0.041885,1,0.042787,0.919037,0.080963,1,0.084429,0.862574,0.137426,1,0.147834,0.789509,0.210491,1,0.236344,0.703223,0.296777,0,1.214774,0.608912,0.391088,0,0.938822,0.512463,0.487537,0,0.718389,0.419379,0.580621,0,0.543657
2392,2025/26,6,Górnik Zabrze,GKS Katowice,2.0,4.0,6.0,5.8294,4.82,10.6495,0.115048,1,3149.6488,0.9683,0.8394,0.0905,0.1911,0.141,0.00025,0.001645,0.005733,0.014046,0.02715,0.04405,0.062356,0.079053,0.091461,0.097936,0.098118,0.092769,0.083354,0.071582,0.059036,0.046947,0.036122,0.026971,0.019593,0.013879,0.009605,0.018347,0.951177,0.048823,1,0.050056,0.907126,0.092874,1,0.097474,0.844771,0.155229,0,1.862853,0.765718,0.234282,0,1.451229,0.674257,0.325743,0,1.121645,0.576321,0.423679,0,0.858779,0.478203,0.521797,0,0.650477,0.385434,0.614566,0,0.486839
2393,2025/26,6,Radomiak Radom,Bruk-Bet Termalica Nieciecza,2.0,5.0,7.0,5.3719,4.8951,10.2669,0.115048,1,3149.6488,0.9683,0.8394,0.0905,0.1911,0.141,0.000314,0.002027,0.006915,0.016584,0.031368,0.049796,0.06896,0.085517,0.096765,0.101323,0.099253,0.091741,0.080573,0.067625,0.0545,0.042346,0.03183,0.023214,0.01647,0.011393,0.007698,0.013788,0.942792,0.057208,1,0.05891,0.892996,0.107004,1,0.113174,0.824036,0.175964,1,0.193541,0.738519,0.261481,0,1.341394,0.641754,0.358246,0,1.026536,0.540431,0.459569,0,0.777466,0.441178,0.558822,0,0.581924,0.349437,0.650563,0,0.429917
2394,2025/26,6,Korona Kielce,Motor Lublin,5.0,6.0,11.0,5.3113,5.1184,10.4297,0.115048,1,3149.6488,0.9683,0.8394,0.0905,0.1911,0.141,0.000283,0.001845,0.00636,0.015409,0.029444,0.047218,0.066052,0.082738,0.094563,0.100009,0.098944,0.092364,0.081923,0.069437,0.05651,0.044337,0.033651,0.024781,0.017751,0.012397,0.008457,0.015527,0.946658,0.053342,1,0.054818,0.89944,0.10056,1,0.105983,0.833388,0.166612,1,0.182257,0.750649,0.249351,1,0.286817,0.656087,0.343913,1,0.421462,0.556077,0.443923,1,0.586848,0.457134,0.542866,1,0.782779,0.36477,0.63523,0,0.453768
2395,2025/26,6,Raków Częstochowa,Lech Poznań,6.0,2.0,8.0,5.7649,4.8501,10.615,0.115048,1,3149.6488,0.9683,0.8394,0.0905,0.1911,0.141,0.000254,0.001674,0.005825,0.01425,0.027495,0.044531,0.062923,0.079626,0.091952,0.098274,0.098267,0.092727,0.08315,0.071262,0.058651,0.046543,0.035735,0.026625,0.019299,0.01364,0.009419,0.017878,0.950501,0.049499,1,0.050766,0.90597,0.09403,1,0.09875,0.843047,0.156953,1,0.170733,0.763421,0.236579,1,0.269946,0.671469,0.328531,0,1.113125,0.573195,0.426805,0,0.851429,0.474929,0.525071,0,0.644221,0.382202,0.617798,0,0.481593
2396,2025/26,6,Piast Gliwice,Cracovia,4.0,2.0,6.0,5.5235,4.5859,10.1095,0.115048,1,3149.6488,0.9683,0.8394,0.0905,0.1911,0.141,0.00035,0.00223,0.007525,0.017848,0.033397,0.052454,0.071879,0.088215,0.0988,0.102413,0.099325,0.090909,0.079072,0.065735,0.05248,0.0404,0.030091,0.02175,0.015295,0.010488,0.007027,0.012319,0.93865,0.06135,1,0.063312,0.886196,0.113804,1,0.120817,0.814317,0.185683,0,1.683717,0.726103,0.273897,0,1.295002,0.627303,0.372697,0,0.986989,0.52489,0.47511,0,0.744209,0.425565,0.574435,0,0.554369,0.334657,0.665343,0,0.407452
2397,2025/26,6,Widzew Łódź,Pogoń Szczecin,2.0,0.0,2.0,5.6477,4.8736,10.5213,0.115048,1,3149.6488,0.9683,0.8394,0.0905,0.1911,0.141,0.000269,0.001761,0.006097,0.014838,0.028483,0.045891,0.064505,0.081198,0.093269,0.099148,0.098606,0.092541,0.082528,0.070339,0.057569,0.045429,0.034683,0.025694,0.018518,0.013012,0.008933,0.016689,0.948552,0.051448,0,2.967181,0.902661,0.097339,0,2.329551,0.838155,0.161845,0,1.821118,0.756957,0.243043,0,1.414518,0.663688,0.336312,0,1.089716,0.56454,0.43546,0,0.831353,0.465934,0.534066,0,0.627237,0.373394,0.626606,0,0.467437
2398,2025/26,7,Arka Gdynia,Wisła Płock,0.0,5.0,5.0,5.5544,4.177,9.7313,0.116016,1,3189.7482,1.0027,0.8724,0.0836,0.1872,0.1285,0.000456,0.002823,0.009251,0.021326,0.038806,0.059309,0.07913,0.094604,0.103271,0.104388,0.098772,0.08824,0.074948,0.060869,0.047495,0.035748,0.026044,0.01842,0.01268,0.008514,0.005588,0.009317,0.927338,0.072662,1,0.075437,0.868029,0.131971,0,2.025176,0.7889,0.2111,0,1.555422,0.694296,0.305704,0,1.185138,0.591025,0.408975,0,0.8941,0.486636,0.513364,0,0.666771,0.387864,0.612136,0,0.490801,0.299624,0.700376,0,0.356138
2399,2025/26,7,Bruk-Bet Termalica Nieciecza,Korona Kielce,3.0,1.0,4.0,5.6337,4.8269,10.4606,0.116016,1,3189.7482,1.0027,0.8724,0.0836,0.1872,0.1285,0.000284,0.001843,0.00634,0.015337,0.029276,0.046922,0.065628,0.082227,0.094037,0.09955,0.098619,0.092211,0.081946,0.069612,0.056795,0.044685,0.034019,0.025135,0.018069,0.012667,0.008676,0.016123,0.946919,0.053081,0,2.935942,0.899997,0.100003,0,2.302559,0.834369,0.165631,0,1.797994,0.752142,0.247858,0,1.394901,0.658105,0.341895,0,1.073253,0.558555,0.441445,0,0.817702,0.459936,0.540064,0,0.616068,0.367725,0.632275,0,0.458431
2400,2025/26,7,Zagłębie Lubin,Piast Gliwice,3.0,5.0,8.0,5.5592,4.8655,10.4247,0.116016,1,3189.7482,1.0027,0.8724,0.0836,0.1872,0.1285,0.000289,0.001878,0.006448,0.01557,0.029664,0.047452,0.066241,0.082831,0.094537,0.099876,0.098737,0.092127,0.081697,0.06925,0.056376,0.044256,0.033616,0.02478,0.017772,0.01243,0.008493,0.01568,0.946151,0.053849,1,0.055353,0.898699,0.101301,1,0.106807,0.832458,0.167542,1,0.183372,0.749627,0.250373,1,0.288179,0.65509,0.34491,0,1.064472,0.555214,0.444786,0,0.810162,0.456477,0.543523,0,0.609684,0.36435,0.63565,0,0.453107
2401,2025/26,7,Górnik Zabrze,Motor Lublin,10.0,5.0,15.0,5.3307,5.0244,10.3551,0.116016,1,3189.7482,1.0027,0.8724,0.0836,0.1872,0.1285,0.000301,0.001946,0.00666,0.016024,0.030422,0.048488,0.067435,0.084004,0.095506,0.100502,0.098956,0.091954,0.081204,0.06854,0.055556,0.043421,0.032835,0.024094,0.017201,0.011973,0.008143,0.014836,0.944647,0.055353,1,0.056944,0.896159,0.103841,1,0.109637,0.828724,0.171276,1,0.187868,0.74472,0.25528,1,0.294747,0.649214,0.350786,1,0.431992,0.548713,0.451287,1,0.60018,0.449757,0.550243,1,0.799048,0.357803,0.642197,1,1.027773
2402,2025/26,7,Pogoń Szczecin,Raków Częstochowa,1.0,14.0,15.0,5.4047,4.875,10.2797,0.116016,1,3189.7482,1.0027,0.8724,0.0836,0.1872,0.1285,0.000316,0.002035,0.006927,0.016586,0.031335,0.049702,0.068793,0.08529,0.096511,0.101085,0.09907,0.091637,0.080555,0.067685,0.054618,0.042498,0.031995,0.023376,0.016616,0.011516,0.007799,0.014055,0.942801,0.057199,1,0.0589,0.893099,0.106901,1,0.113058,0.824306,0.175694,1,0.193213,0.739017,0.260983,1,0.302435,0.642506,0.357494,1,0.44238,0.54142,0.45858,1,0.613559,0.442351,0.557649,1,0.815652,0.350714,0.649286,1,1.047784
2403,2025/26,7,Cracovia,Legia Warszawa,2.0,5.0,7.0,5.5368,4.979,10.5158,0.116016,1,3189.7482,1.0027,0.8724,0.0836,0.1872,0.1285,0.000273,0.001781,0.006152,0.014939,0.028625,0.04605,0.064645,0.081288,0.093292,0.099105,0.098513,0.09242,0.082401,0.070223,0.057474,0.045358,0.034635,0.025665,0.018503,0.013008,0.008934,0.016716,0.94823,0.05177,1,0.053158,0.90218,0.09782,1,0.102941,0.837535,0.162465,1,0.177292,0.756248,0.243752,0,1.411603,0.662955,0.337045,0,1.08754,0.56385,0.43615,0,0.829769,0.465337,0.534663,0,0.626119,0.372917,0.627083,0,0.466676
2404,2025/26,7,GKS Katowice,Radomiak Radom,8.0,4.0,12.0,5.6988,4.9966,10.6954,0.116016,1,3189.7482,1.0027,0.8724,0.0836,0.1872,0.1285,0.000245,0.001613,0.005628,0.013807,0.026728,0.043442,0.061614,0.07828,0.090775,0.097437,0.097868,0.092778,0.083591,0.071988,0.059542,0.047489,0.036649,0.027447,0.02,0.014211,0.009866,0.019003,0.951979,0.048021,1,0.049213,0.908537,0.091463,1,0.09592,0.846923,0.153077,1,0.166146,0.768643,0.231357,1,0.263129,0.677868,0.322132,1,0.388802,0.580431,0.419569,1,0.543984,0.482564,0.517436,1,0.728642,0.389786,0.610214,1,0.942157
2405,2025/26,7,Lech Poznań,Widzew Łódź,5.0,7.0,12.0,5.788,4.6298,10.4178,0.116016,1,3189.7482,1.0027,0.8724,0.0836,0.1872,0.1285,0.000293,0.0019,0.00651,0.015689,0.029839,0.047656,0.066431,0.082964,0.094586,0.099836,0.098624,0.091968,0.081523,0.069085,0.056237,0.044151,0.033545,0.024739,0.017753,0.012425,0.008498,0.015745,0.945768,0.054232,1,0.055758,0.898112,0.101888,1,0.10746,0.831681,0.168319,1,0.184306,0.748718,0.251282,1,0.289393,0.654131,0.345869,1,0.424447,0.554295,0.445705,1,0.590058,0.455671,0.544329,1,0.785983,0.363703,0.636297,1,1.011417
2406,2025/26,7,Jagiellonia Białystok,Lechia Gdańsk,1.0,5.0,6.0,5.693,4.4561,10.149,0.116016,1,3189.7482,1.0027,0.8724,0.0836,0.1872,0.1285,0.000348,0.002216,0.007466,0.017693,0.03309,0.051974,0.071254,0.087525,0.098151,0.101908,0.099032,0.090853,0.079233,0.066064,0.052916,0.04088,0.030566,0.022183,0.015668,0.010793,0.007266,0.012919,0.939186,0.060814,1,0.062742,0.887212,0.112788,1,0.119671,0.815958,0.184042,0,1.692591,0.728433,0.271567,0,1.303548,0.630282,0.369718,0,0.995015,0.528374,0.471626,0,0.751569,0.429342,0.570658,0,0.560965,0.338489,0.661511,0,0.413229
2407,2025/26,8,Wisła Płock,Cracovia,3.0,2.0,5.0,5.4676,4.4545,9.9222,0.119153,1,3237.5839,1.0017,0.8781,0.0861,0.1819,0.1293,0.000416,0.002591,0.008541,0.019829,0.036374,0.056092,0.075567,0.091287,0.100751,0.103021,0.098655,0.089237,0.076772,0.063177,0.049964,0.038127,0.028168,0.020208,0.014112,0.009615,0.006404,0.011092,0.932249,0.067751,1,0.070155,0.876157,0.123843,0,2.088739,0.80059,0.19941,0,1.612391,0.709302,0.290698,0,1.235472,0.608551,0.391449,0,0.937901,0.505531,0.494469,0,0.70427,0.406876,0.593124,0,0.522351,0.317638,0.682362,0,0.382195
2408,2025/26,8,Legia Warszawa,Radomiak Radom,5.0,5.0,10.0,5.9777,4.3317,10.3094,0.119153,1,3237.5839,1.0017,0.8781,0.0861,0.1819,0.1293,0.000333,0.002116,0.007121,0.016883,0.031635,0.049848,0.068643,0.084787,0.095712,0.100133,0.09814,0.090883,0.080074,0.067504,0.054707,0.042794,0.032419,0.023855,0.017093,0.011953,0.008173,0.015194,0.941912,0.058088,1,0.059843,0.892064,0.107936,1,0.114218,0.82342,0.17658,1,0.194288,0.738633,0.261367,1,0.302954,0.642921,0.357079,1,0.441733,0.542788,0.457212,1,0.611036,0.444649,0.555351,0,0.588154,0.353766,0.646234,0,0.436593
2409,2025/26,8,Lechia Gdańsk,GKS Katowice,2.0,5.0,7.0,5.3191,4.9787,10.2978,0.119153,1,3237.5839,1.0017,0.8781,0.0861,0.1819,0.1293,0.000326,0.00208,0.00703,0.016734,0.031466,0.049729,0.068644,0.084949,0.096024,0.100543,0.098571,0.091262,0.080347,0.067648,0.054726,0.04271,0.032264,0.023662,0.01689,0.011759,0.008002,0.014634,0.942364,0.057636,1,0.059364,0.892635,0.107365,1,0.113577,0.823991,0.176009,1,0.193596,0.739042,0.260958,0,1.343396,0.643018,0.356982,0,1.030069,0.542475,0.457525,0,0.781924,0.443904,0.556096,0,0.586815,0.352642,0.647358,0,0.434856
2410,2025/26,8,Motor Lublin,Bruk-Bet Termalica Nieciecza,5.0,4.0,9.0,5.4836,4.8833,10.3668,0.119153,1,3237.5839,1.0017,0.8781,0.0861,0.1819,0.1293,0.000313,0.002005,0.006804,0.016256,0.030682,0.048673,0.067446,0.083791,0.09509,0.099962,0.098398,0.091475,0.080868,0.068372,0.055547,0.043536,0.033031,0.024331,0.017444,0.0122,0.008339,0.015439,0.94394,0.05606,1,0.057692,0.895267,0.104733,1,0.110633,0.827821,0.172179,1,0.188958,0.74403,0.25597,1,0.295673,0.648941,0.351059,1,0.432414,0.548979,0.451021,0,0.796241,0.450581,0.549419,0,0.598894,0.359106,0.640894,0,0.444892
2411,2025/26,8,Korona Kielce,Pogoń Szczecin,12.0,7.0,19.0,5.301,4.7918,10.0928,0.119153,1,3237.5839,1.0017,0.8781,0.0861,0.1819,0.1293,0.000371,0.002336,0.007797,0.018324,0.034019,0.053084,0.072352,0.088411,0.098685,0.102035,0.098786,0.090322,0.078533,0.065302,0.052176,0.040217,0.030008,0.021738,0.015326,0.010541,0.007085,0.012552,0.937153,0.062847,1,0.064909,0.884069,0.115931,1,0.12322,0.811717,0.188283,1,0.208604,0.723305,0.276695,1,0.323924,0.624621,0.375379,1,0.470611,0.522586,0.477414,1,0.648966,0.4238,0.5762,1,0.858494,0.333477,0.666523,1,1.09818
2412,2025/26,8,Lech Poznań,Zagłębie Lubin,7.0,6.0,13.0,5.7377,4.6958,10.4335,0.119153,1,3237.5839,1.0017,0.8781,0.0861,0.1819,0.1293,0.000303,0.001945,0.006616,0.015849,0.029998,0.047729,0.066343,0.082688,0.094155,0.099328,0.098133,0.091576,0.081278,0.069,0.056294,0.044315,0.033774,0.024993,0.018005,0.012654,0.008694,0.01633,0.94529,0.05471,1,0.056264,0.897561,0.102439,1,0.108074,0.831218,0.168782,1,0.184863,0.748531,0.251469,1,0.289643,0.654376,0.345624,1,0.424074,0.555047,0.444953,1,0.588702,0.456914,0.543086,1,0.78326,0.365337,0.634663,1,1.006934
2413,2025/26,8,Raków Częstochowa,Górnik Zabrze,3.0,6.0,9.0,5.5508,4.7362,10.287,0.119153,1,3237.5839,1.0017,0.8781,0.0861,0.1819,0.1293,0.00033,0.002103,0.007096,0.016863,0.03166,0.049964,0.068879,0.085137,0.096133,0.100559,0.098502,0.09113,0.08018,0.067472,0.054561,0.042568,0.032151,0.023577,0.01683,0.011719,0.007976,0.014608,0.941948,0.058052,1,0.059805,0.891984,0.108016,1,0.114307,0.823105,0.176895,1,0.194671,0.737968,0.262032,1,0.303855,0.641834,0.358166,1,0.443425,0.541276,0.458724,0,0.779306,0.442774,0.557226,0,0.584784,0.351644,0.648356,0,0.433315
2414,2025/26,8,Piast Gliwice,Jagiellonia Białystok,4.0,1.0,5.0,5.1418,4.7337,9.8755,0.119153,1,3237.5839,1.0017,0.8781,0.0861,0.1819,0.1293,0.000425,0.002639,0.008689,0.020146,0.036901,0.056808,0.076386,0.092084,0.101398,0.103425,0.098778,0.089092,0.076413,0.062677,0.049398,0.037558,0.027642,0.019751,0.013735,0.009317,0.006177,0.010561,0.9312,0.0688,1,0.071281,0.874392,0.125608,0,2.074591,0.798006,0.201994,0,1.599518,0.705923,0.294077,0,1.223912,0.604525,0.395475,0,0.927667,0.5011,0.4989,0,0.695349,0.402322,0.597678,0,0.514704,0.31323,0.68677,0,0.375756
2415,2025/26,8,Widzew Łódź,Arka Gdynia,1.0,2.0,3.0,5.9786,4.49,10.4686,0.119153,1,3237.5839,1.0017,0.8781,0.0861,0.1819,0.1293,0.0003,0.001927,0.006554,0.015702,0.029728,0.047324,0.065829,0.082125,0.093625,0.098907,0.097874,0.091502,0.081378,0.069242,0.056631,0.0447,0.034167,0.025363,0.018332,0.01293,0.008916,0.016943,0.945788,0.054212,0,2.914862,0.898464,0.101536,0,2.287343,0.832636,0.167364,0,1.787582,0.75051,0.24949,0,1.388337,0.656885,0.343115,0,1.069691,0.557979,0.442021,0,0.816397,0.460104,0.539896,0,0.61638,0.368603,0.631397,0,0.45982
2416,2025/26,9,Arka Gdynia,Korona Kielce,4.0,6.0,10.0,5.1476,4.6434,9.7909,0.119183,1,3279.348,1.0114,0.8878,0.0859,0.1774,0.1272,0.000448,0.002771,0.009073,0.02092,0.038102,0.058329,0.077996,0.093505,0.102398,0.103874,0.098667,0.088511,0.075506,0.061601,0.048291,0.036522,0.026738,0.019004,0.013147,0.008872,0.005851,0.009875,0.928685,0.071315,1,0.073986,0.870356,0.129644,1,0.138853,0.79236,0.20764,1,0.23274,0.698854,0.301146,1,0.358313,0.596457,0.403543,1,0.516749,0.492583,0.507417,1,0.708092,0.393916,0.606084,0,0.500737,0.305405,0.694595,0,0.364427
2417,2025/26,9,Bruk-Bet Termalica Nieciecza,Lech Poznań,3.0,10.0,13.0,5.6353,4.7264,10.3618,0.119183,1,3279.348,1.0114,0.8878,0.0859,0.1774,0.1272,0.000316,0.00202,0.006845,0.016336,0.030798,0.048809,0.067574,0.083883,0.095129,0.099943,0.098331,0.091377,0.080758,0.068266,0.055455,0.043464,0.032979,0.024297,0.017425,0.012191,0.008337,0.015466,0.943684,0.056316,1,0.057963,0.894875,0.105125,1,0.111071,0.827301,0.172699,1,0.189586,0.743418,0.256582,1,0.296497,0.648289,0.351711,1,0.433418,0.548346,0.451654,1,0.600849,0.450014,0.549986,1,0.798476,0.358637,0.641363,1,1.025443
2418,2025/26,9,Zagłębie Lubin,Motor Lublin,6.0,5.0,11.0,5.3018,5.0573,10.359,0.119183,1,3279.348,1.0114,0.8878,0.0859,0.1774,0.1272,0.000314,0.002009,0.006817,0.016288,0.030741,0.048763,0.06756,0.083917,0.095209,0.100057,0.098457,0.091492,0.080846,0.068318,0.055471,0.043449,0.032943,0.024248,0.01737,0.012138,0.008289,0.015304,0.943831,0.056169,1,0.057808,0.895068,0.104932,1,0.110856,0.827508,0.172492,1,0.189337,0.743591,0.256409,1,0.296265,0.648382,0.351618,1,0.433276,0.548325,0.451675,1,0.600887,0.449868,0.550132,1,0.798801,0.358376,0.641624,0,0.443753
2419,2025/26,9,Górnik Zabrze,Widzew Łódź,6.0,4.0,10.0,5.8003,4.641,10.4413,0.119183,1,3279.348,1.0114,0.8878,0.0859,0.1774,0.1272,0.000303,0.001942,0.006604,0.015819,0.029942,0.047643,0.06623,0.082562,0.094034,0.09923,0.09807,0.091555,0.081296,0.069051,0.056368,0.0444,0.033862,0.025077,0.018079,0.012717,0.008745,0.016471,0.945391,0.054609,1,0.056157,0.897748,0.102252,1,0.107866,0.831518,0.168482,1,0.184503,0.748955,0.251045,1,0.289076,0.654921,0.345079,1,0.423241,0.555691,0.444309,1,0.587543,0.457621,0.542379,0,0.61179,0.366066,0.633934,0,0.455811
2420,2025/26,9,Radomiak Radom,Piast Gliwice,3.0,2.0,5.0,5.3153,4.7369,10.0522,0.119183,1,3279.348,1.0114,0.8878,0.0859,0.1774,0.1272,0.000381,0.002393,0.007963,0.018664,0.034557,0.053779,0.073105,0.089097,0.099192,0.102296,0.098786,0.090094,0.078138,0.064812,0.051657,0.039721,0.029566,0.021366,0.015028,0.010311,0.006915,0.012178,0.936042,0.063958,1,0.066095,0.882263,0.117737,0,2.139301,0.809158,0.190842,0,1.656308,0.72006,0.27994,0,1.273181,0.620868,0.379132,0,0.969871,0.518572,0.481428,0,0.730999,0.419787,0.580213,0,0.544359,0.329693,0.670307,0,0.400019
2421,2025/26,9,Pogoń Szczecin,Lechia Gdańsk,4.0,4.0,8.0,5.4124,4.6658,10.0782,0.119183,1,3279.348,1.0114,0.8878,0.0859,0.1774,0.1272,0.000376,0.002363,0.007873,0.018474,0.034249,0.053368,0.072644,0.088658,0.098845,0.10209,0.098738,0.090193,0.078351,0.065098,0.051974,0.040035,0.029854,0.021615,0.015232,0.010472,0.007037,0.012461,0.936665,0.063335,1,0.065429,0.883297,0.116703,1,0.124093,0.810654,0.189346,1,0.209914,0.721995,0.278005,1,0.325736,0.62315,0.37685,0,0.975908,0.52106,0.47894,0,0.736181,0.422323,0.577677,0,0.54874,0.33213,0.66787,0,0.403662
2422,2025/26,9,GKS Katowice,Cracovia,11.0,3.0,14.0,5.6918,4.6637,10.3555,0.119183,1,3279.348,1.0114,0.8878,0.0859,0.1774,0.1272,0.000318,0.002032,0.006878,0.016401,0.030899,0.048935,0.067703,0.083993,0.095199,0.099967,0.098308,0.091317,0.080675,0.068173,0.055364,0.043383,0.032912,0.024244,0.017385,0.012162,0.008318,0.015434,0.943472,0.056528,1,0.058189,0.894537,0.105463,1,0.111449,0.826834,0.173166,1,0.190151,0.742841,0.257159,1,0.297273,0.647642,0.352358,1,0.434418,0.547675,0.452325,1,0.602073,0.449367,0.550633,1,0.799916,0.358049,0.641951,1,1.027084
2423,2025/26,9,Raków Częstochowa,Legia Warszawa,1.0,2.0,3.0,5.6182,4.7688,10.3871,0.119183,1,3279.348,1.0114,0.8878,0.0859,0.1774,0.1272,0.000311,0.00199,0.006755,0.016146,0.030492,0.048404,0.067123,0.083458,0.094796,0.09975,0.098293,0.091481,0.080971,0.068547,0.055765,0.043769,0.033258,0.024537,0.017621,0.012345,0.008453,0.015735,0.944306,0.055694,0,2.887889,0.895902,0.104098,0,2.262424,0.828779,0.171221,0,1.764803,0.745322,0.254678,0,1.367754,0.650526,0.349474,0,1.051325,0.550775,0.449225,0,0.800232,0.452482,0.547518,0,0.60236,0.361001,0.638999,0,0.447853
2424,2025/26,9,Wisła Płock,Jagiellonia Białystok,5.0,5.0,10.0,5.0987,4.5004,9.5991,0.119183,1,3279.348,1.0114,0.8878,0.0859,0.1774,0.1272,0.000507,0.003094,0.01,0.022764,0.040937,0.061877,0.081698,0.096712,0.104581,0.104761,0.098268,0.087055,0.073341,0.059092,0.045752,0.034174,0.024711,0.017348,0.011854,0.007901,0.005148,0.008426,0.922698,0.077302,1,0.080454,0.860821,0.139179,1,0.149869,0.779123,0.220877,1,0.249587,0.682411,0.317589,1,0.382124,0.577829,0.422171,1,0.548476,0.473068,0.526932,1,0.748516,0.374801,0.625199,0,0.469685,0.287746,0.712254,0,0.339321
2425,2025/26,10,Wisła Płock,GKS Katowice,4.0,2.0,6.0,5.1372,4.8627,9.9999,0.118568,1,3320.0808,1.007,0.8834,0.0837,0.1719,0.1367,0.000389,0.002443,0.008122,0.019009,0.035137,0.054575,0.074024,0.089998,0.09993,0.102763,0.098935,0.08994,0.077739,0.064252,0.051021,0.03908,0.028972,0.02085,0.014603,0.009975,0.006659,0.011582,0.934899,0.065101,1,0.067317,0.880324,0.119676,1,0.127466,0.806299,0.193701,0,1.641441,0.716301,0.283699,0,1.259842,0.616371,0.383629,0,0.95808,0.513608,0.486392,0,0.72074,0.414673,0.585327,0,0.535584,0.324733,0.675267,0,0.392647
2426,2025/26,10,Legia Warszawa,Pogoń Szczecin,6.0,1.0,7.0,5.7384,4.5214,10.2597,0.118568,1,3320.0808,1.007,0.8834,0.0837,0.1719,0.1367,0.000336,0.002138,0.007202,0.017086,0.032019,0.050434,0.069395,0.085613,0.096489,0.100745,0.098506,0.090974,0.079906,0.067132,0.054201,0.042224,0.031847,0.023323,0.016628,0.011565,0.007864,0.014372,0.941219,0.058781,1,0.060579,0.890785,0.109215,1,0.115652,0.821389,0.178611,1,0.196758,0.735776,0.264224,0,1.330959,0.639287,0.360713,0,1.019672,0.538542,0.461458,0,0.773364,0.440036,0.559964,0,0.579883,0.349063,0.650937,0,0.429342
2427,2025/26,10,Motor Lublin,Radomiak Radom,5.0,3.0,8.0,5.7081,4.6527,10.3608,0.118568,1,3320.0808,1.007,0.8834,0.0837,0.1719,0.1367,0.000314,0.002013,0.006829,0.01631,0.030771,0.048792,0.067576,0.083909,0.095173,0.099998,0.098385,0.09142,0.080786,0.068277,0.055451,0.04345,0.032959,0.024274,0.017402,0.012171,0.00832,0.015418,0.943761,0.056239,1,0.057882,0.894969,0.105031,1,0.110966,0.827393,0.172607,1,0.189475,0.743485,0.256515,1,0.296407,0.648312,0.351688,0,1.04501,0.548314,0.451686,0,0.794768,0.449929,0.550071,0,0.597708,0.358509,0.641491,0,0.44396
2428,2025/26,10,Zagłębie Lubin,Arka Gdynia,2.0,2.0,4.0,5.5812,4.4936,10.0748,0.118568,1,3320.0808,1.007,0.8834,0.0837,0.1719,0.1367,0.000376,0.002366,0.007885,0.018503,0.034299,0.053437,0.072722,0.08873,0.098897,0.102112,0.09873,0.09016,0.078301,0.06504,0.051917,0.039985,0.029813,0.021583,0.015209,0.010457,0.007027,0.012453,0.936571,0.063429,0,2.757828,0.883134,0.116866,0,2.146725,0.810412,0.189588,0,1.662903,0.721683,0.278317,0,1.278993,0.622786,0.377214,0,0.974943,0.520674,0.479326,0,0.735374,0.421944,0.578056,0,0.548084,0.331784,0.668216,0,0.403144
2429,2025/26,10,Korona Kielce,Lechia Gdańsk,6.0,5.0,11.0,5.5376,4.6894,10.2269,0.118568,1,3320.0808,1.007,0.8834,0.0837,0.1719,0.1367,0.00034,0.002163,0.007282,0.017263,0.032327,0.050873,0.069923,0.086158,0.096969,0.101089,0.098675,0.090961,0.079735,0.066843,0.053843,0.041842,0.031475,0.022987,0.01634,0.011331,0.007679,0.013903,0.940626,0.059374,1,0.06121,0.889753,0.110247,1,0.116811,0.81983,0.18017,1,0.198658,0.733672,0.266328,1,0.309694,0.636703,0.363297,1,0.451452,0.535613,0.464387,1,0.624342,0.436939,0.563061,1,0.827963,0.345978,0.654022,0,0.424614
2430,2025/26,10,Cracovia,Górnik Zabrze,6.0,7.0,13.0,5.1173,4.846,9.9632,0.118568,1,3320.0808,1.007,0.8834,0.0837,0.1719,0.1367,0.000398,0.002494,0.008273,0.019318,0.035626,0.055206,0.074708,0.09062,0.100388,0.102996,0.098931,0.089729,0.077378,0.063806,0.05055,0.03863,0.028572,0.020515,0.014335,0.00977,0.006507,0.011251,0.933891,0.066109,1,0.068396,0.878685,0.121315,1,0.129329,0.803977,0.196023,1,0.218185,0.713357,0.286643,1,0.337773,0.612969,0.387031,1,0.48944,0.509973,0.490027,1,0.673398,0.411042,0.588958,1,0.88906,0.321313,0.678687,1,1.13534
2431,2025/26,10,Lech Poznań,Jagiellonia Białystok,5.0,10.0,15.0,5.4533,4.5917,10.045,0.118568,1,3320.0808,1.007,0.8834,0.0837,0.1719,0.1367,0.000381,0.002396,0.007978,0.018703,0.03463,0.053887,0.073237,0.089233,0.099308,0.102373,0.098815,0.090076,0.078081,0.06473,0.051563,0.039626,0.029479,0.021291,0.014967,0.010264,0.00688,0.012102,0.935912,0.064088,1,0.066234,0.882025,0.117975,1,0.125535,0.808788,0.191212,1,0.212219,0.719555,0.280445,1,0.329122,0.620247,0.379753,1,0.477637,0.517874,0.482126,1,0.658022,0.41906,0.58094,1,0.869742,0.328984,0.671016,1,1.111747
2432,2025/26,10,Piast Gliwice,Bruk-Bet Termalica Nieciecza,2.0,7.0,9.0,5.1291,4.5291,9.6582,0.118568,1,3320.0808,1.007,0.8834,0.0837,0.1719,0.1367,0.000485,0.002974,0.009666,0.022119,0.039976,0.060715,0.080534,0.095756,0.10399,0.104599,0.098506,0.087603,0.074079,0.059904,0.046544,0.034885,0.025309,0.017826,0.012219,0.00817,0.005339,0.008802,0.92478,0.07522,1,0.078199,0.864065,0.135935,1,0.146107,0.783532,0.216468,1,0.243944,0.687776,0.312224,1,0.374293,0.583785,0.416215,1,0.538222,0.479186,0.520814,0,0.652363,0.38068,0.61932,0,0.479133,0.293077,0.706923,0,0.346833
2433,2025/26,10,Widzew Łódź,Raków Częstochowa,3.0,3.0,6.0,5.1364,4.5816,9.718,0.118568,1,3320.0808,1.007,0.8834,0.0837,0.1719,0.1367,0.000466,0.002873,0.009376,0.021541,0.039088,0.059604,0.079376,0.094756,0.103312,0.104327,0.098638,0.088064,0.07476,0.060691,0.047338,0.035618,0.02594,0.01834,0.01262,0.00847,0.005556,0.009247,0.926657,0.073343,1,0.076172,0.867053,0.132947,1,0.142656,0.787677,0.212323,0,1.549646,0.692921,0.307079,0,1.180651,0.58961,0.41039,0,0.890647,0.485282,0.514718,0,0.664137,0.386645,0.613355,0,0.488811,0.298581,0.701419,0,0.354649
2434,2025/26,11,Arka Gdynia,Cracovia,4.0,6.0,10.0,5.1188,4.4943,9.6131,0.117968,1,3360.4021,1.0012,0.8796,0.0834,0.1738,0.1371,0.000495,0.003035,0.00985,0.0225,0.040585,0.061507,0.081394,0.096538,0.104562,0.104882,0.098487,0.087322,0.07361,0.059334,0.045948,0.034322,0.024814,0.017415,0.011894,0.007924,0.005159,0.008423,0.923535,0.076465,1,0.079546,0.862028,0.137972,1,0.148468,0.780634,0.219366,1,0.247649,0.684096,0.315904,1,0.379658,0.579533,0.420467,1,0.545532,0.474651,0.525349,1,0.745176,0.376164,0.623836,0,0.471868,0.288843,0.711157,0,0.340861
2435,2025/26,11,Bruk-Bet Termalica Nieciecza,Widzew Łódź,3.0,4.0,7.0,5.3732,4.7792,10.1525,0.117968,1,3360.4021,1.0012,0.8796,0.0834,0.1738,0.1371,0.000352,0.002233,0.007504,0.017745,0.033135,0.051983,0.071209,0.087425,0.098017,0.101767,0.098913,0.090774,0.079201,0.066075,0.052958,0.040941,0.030634,0.02225,0.015727,0.010843,0.007305,0.01301,0.939032,0.060968,1,0.062906,0.887049,0.112951,1,0.119855,0.81584,0.18416,1,0.203537,0.728415,0.271585,0,1.30348,0.630398,0.369602,0,0.995328,0.528631,0.471369,0,0.752113,0.429717,0.570283,0,0.561623,0.338944,0.661056,0,0.413916
2436,2025/26,11,Lechia Gdańsk,Wisła Płock,3.0,4.0,7.0,4.9405,4.3501,9.2906,0.117968,1,3360.4021,1.0012,0.8796,0.0834,0.1738,0.1371,0.000609,0.003651,0.011593,0.025909,0.045725,0.067797,0.087777,0.101856,0.107935,0.105923,0.097311,0.084412,0.069618,0.054901,0.041595,0.030397,0.021501,0.014763,0.009865,0.006429,0.004095,0.006338,0.912513,0.087487,1,0.091553,0.844716,0.155284,1,0.168755,0.756939,0.243061,1,0.278473,0.655083,0.344917,0,1.06445,0.547147,0.452853,0,0.792188,0.441224,0.558776,0,0.582007,0.343913,0.656087,0,0.421462,0.259501,0.740499,0,0.300431
2437,2025/26,11,Górnik Zabrze,Legia Warszawa,0.0,6.0,6.0,5.7386,4.7213,10.46,0.117968,1,3360.4021,1.0012,0.8796,0.0834,0.1738,0.1371,0.000293,0.001891,0.006463,0.015552,0.029554,0.04719,0.065801,0.082245,0.093885,0.099263,0.098258,0.091846,0.081635,0.069388,0.056668,0.044645,0.034047,0.025208,0.018165,0.012768,0.008772,0.016463,0.946247,0.053753,1,0.055252,0.899057,0.100943,1,0.106409,0.833256,0.166744,0,1.791295,0.751011,0.248989,0,1.390347,0.657125,0.342875,0,1.070391,0.557863,0.442137,0,0.816135,0.459605,0.540395,0,0.615455,0.367759,0.632241,0,0.458484
2438,2025/26,11,Radomiak Radom,Zagłębie Lubin,5.0,6.0,11.0,5.3175,4.6788,9.9964,0.117968,1,3360.4021,1.0012,0.8796,0.0834,0.1738,0.1371,0.000388,0.002441,0.00812,0.019013,0.035156,0.054616,0.074086,0.090073,0.100005,0.102824,0.098972,0.08995,0.077724,0.064218,0.050975,0.039029,0.028923,0.020806,0.014566,0.009946,0.006637,0.011533,0.934882,0.065118,1,0.067335,0.880267,0.119733,1,0.12753,0.806181,0.193819,1,0.215447,0.716108,0.283892,1,0.333925,0.616103,0.383897,1,0.484341,0.513279,0.486721,1,0.666935,0.414307,0.585693,1,0.881148,0.324357,0.675643,0,0.392091
2439,2025/26,11,Pogoń Szczecin,Piast Gliwice,6.0,1.0,7.0,5.3671,4.7006,10.0677,0.117968,1,3360.4021,1.0012,0.8796,0.0834,0.1738,0.1371,0.000372,0.002345,0.007835,0.018429,0.034227,0.053407,0.072768,0.088863,0.0991,0.102348,0.098953,0.090334,0.078405,0.065071,0.051883,0.039903,0.029704,0.021464,0.015094,0.010353,0.00694,0.012201,0.936793,0.063207,1,0.065293,0.883386,0.116614,1,0.123993,0.810618,0.189382,1,0.209958,0.721755,0.278245,0,1.279252,0.622655,0.377345,0,0.974594,0.520307,0.479693,0,0.734608,0.421353,0.578647,0,0.547063,0.331019,0.668981,0,0.402
2440,2025/26,11,GKS Katowice,Lech Poznań,6.0,2.0,8.0,5.8648,5.1495,11.0143,0.117968,1,3360.4021,1.0012,0.8796,0.0834,0.1738,0.1371,0.000207,0.001383,0.004885,0.012144,0.02384,0.03932,0.056626,0.073089,0.08615,0.094039,0.096095,0.092717,0.085053,0.074603,0.062868,0.051101,0.040203,0.030702,0.022818,0.016541,0.011717,0.023899,0.95754,0.04246,1,0.043388,0.91822,0.08178,1,0.085318,0.861594,0.138406,1,0.148971,0.788506,0.211494,1,0.237616,0.702356,0.297644,0,1.211856,0.608317,0.391683,0,0.937303,0.512222,0.487778,0,0.717895,0.419505,0.580495,0,0.543874
2441,2025/26,11,Raków Częstochowa,Motor Lublin,4.0,5.0,9.0,5.3058,4.6499,9.9557,0.117968,1,3360.4021,1.0012,0.8796,0.0834,0.1738,0.1371,0.000399,0.002498,0.008289,0.019359,0.035702,0.05532,0.074847,0.090763,0.10051,0.103078,0.098962,0.089709,0.077318,0.063719,0.05045,0.038529,0.02848,0.020436,0.014271,0.00972,0.00647,0.011171,0.933753,0.066247,1,0.068544,0.878433,0.121567,1,0.129616,0.803585,0.196415,1,0.218672,0.712822,0.287178,1,0.338523,0.612312,0.387688,1,0.490513,0.509235,0.490765,0,0.711789,0.410273,0.589727,0,0.528096,0.320564,0.679436,0,0.386492
2442,2025/26,11,Jagiellonia Białystok,Korona Kielce,7.0,7.0,14.0,5.4714,4.5861,10.0575,0.117968,1,3360.4021,1.0012,0.8796,0.0834,0.1738,0.1371,0.000375,0.002366,0.007895,0.018545,0.034401,0.053619,0.072981,0.089036,0.099203,0.102369,0.098899,0.090223,0.078261,0.064916,0.051736,0.039775,0.029599,0.021383,0.015035,0.010312,0.006912,0.012156,0.936417,0.063583,1,0.065694,0.882797,0.117203,1,0.12466,0.809817,0.190183,1,0.210947,0.720781,0.279219,1,0.32742,0.621578,0.378422,1,0.475495,0.519208,0.480792,1,0.65545,0.420309,0.579691,1,0.866765,0.330086,0.669914,1,1.108402
2443,2025/26,12,Wisła Płock,Bruk-Bet Termalica Nieciecza,6.0,5.0,11.0,4.9112,4.4741,9.3852,0.117032,1,3400.962,1.0096,0.8896,0.0829,0.1695,0.1356,0.000565,0.003423,0.01097,0.024736,0.044024,0.065807,0.085865,0.100382,0.107138,0.105868,0.097909,0.085476,0.070932,0.056272,0.042881,0.031513,0.022411,0.015468,0.010388,0.006804,0.004354,0.006812,0.916282,0.083718,1,0.087431,0.850474,0.149526,1,0.161961,0.76461,0.23539,1,0.26839,0.664227,0.335773,1,0.409131,0.557089,0.442911,1,0.58503,0.451221,0.548779,1,0.795798,0.353312,0.646688,1,1.040404,0.267836,0.732164,0,0.31175
2444,2025/26,12,Motor Lublin,GKS Katowice,10.0,2.0,12.0,5.4143,4.8665,10.2807,0.117032,1,3400.962,1.0096,0.8896,0.0829,0.1695,0.1356,0.000321,0.002056,0.006981,0.016676,0.031444,0.049797,0.068837,0.085262,0.096413,0.100938,0.098904,0.091484,0.080437,0.067612,0.05459,0.042507,0.03203,0.023425,0.01667,0.011569,0.007845,0.014202,0.942522,0.057478,1,0.059196,0.892725,0.107275,1,0.113477,0.823888,0.176112,1,0.193721,0.738626,0.261374,1,0.302964,0.642213,0.357787,1,0.442836,0.541275,0.458725,1,0.613828,0.442371,0.557629,1,0.815606,0.350887,0.649113,1,1.04729
2445,2025/26,12,Zagłębie Lubin,Legia Warszawa,3.0,4.0,7.0,5.0929,4.7126,9.8055,0.117032,1,3400.962,1.0096,0.8896,0.0829,0.1695,0.1356,0.000432,0.002688,0.008862,0.020553,0.037625,0.057847,0.077631,0.093344,0.102464,0.104133,0.099045,0.088927,0.075894,0.061919,0.048523,0.036671,0.026818,0.019035,0.013146,0.008854,0.005827,0.009763,0.92984,0.07016,1,0.072742,0.871994,0.128006,1,0.136973,0.794363,0.205637,1,0.230215,0.701019,0.298981,0,1.207376,0.598555,0.401445,0,0.912684,0.494422,0.505578,0,0.682053,0.395377,0.604623,0,0.50315,0.30645,0.69355,0,0.365931
2446,2025/26,12,Korona Kielce,Górnik Zabrze,9.0,7.0,16.0,5.3772,5.0182,10.3954,0.117032,1,3400.962,1.0096,0.8896,0.0829,0.1695,0.1356,0.000298,0.001925,0.006582,0.015837,0.030077,0.047974,0.066792,0.083316,0.094879,0.10003,0.098701,0.091932,0.081391,0.068885,0.055999,0.043902,0.033306,0.024522,0.017568,0.012274,0.008378,0.01543,0.945281,0.054719,1,0.056273,0.897307,0.102693,1,0.108357,0.830516,0.169484,1,0.185709,0.747199,0.252801,1,0.291423,0.652321,0.347679,1,0.427219,0.55229,0.44771,1,0.593682,0.453589,0.546411,1,0.790564,0.361657,0.638343,1,1.017059
2447,2025/26,12,Cracovia,Raków Częstochowa,5.0,2.0,7.0,4.9863,4.7922,9.7785,0.117032,1,3400.962,1.0096,0.8896,0.0829,0.1695,0.1356,0.000439,0.002727,0.008977,0.020787,0.037994,0.058322,0.078142,0.093804,0.102797,0.104294,0.099028,0.088757,0.075615,0.061581,0.04817,0.036337,0.026525,0.018791,0.012953,0.008707,0.005718,0.009534,0.929075,0.070925,1,0.073565,0.870754,0.129246,1,0.138396,0.792612,0.207388,1,0.232421,0.698809,0.301191,0,1.20001,0.596011,0.403989,0,0.906368,0.491717,0.508283,0,0.676717,0.392689,0.607311,0,0.498714,0.303931,0.696069,0,0.362307
2448,2025/26,12,Lech Poznań,Pogoń Szczecin,9.0,4.0,13.0,5.6113,4.605,10.2163,0.117032,1,3400.962,1.0096,0.8896,0.0829,0.1695,0.1356,0.000336,0.002146,0.007248,0.017224,0.032312,0.050918,0.070051,0.086363,0.09722,0.101342,0.098884,0.091096,0.079784,0.066812,0.05375,0.041709,0.031325,0.022837,0.016203,0.011213,0.007583,0.013643,0.940734,0.059266,1,0.061095,0.889816,0.110184,1,0.116741,0.819765,0.180235,1,0.198737,0.733402,0.266598,1,0.310061,0.636182,0.363818,1,0.45227,0.534841,0.465159,1,0.625787,0.435956,0.564044,1,0.830213,0.34486,0.65514,1,1.064616
2449,2025/26,12,Jagiellonia Białystok,Arka Gdynia,3.0,5.0,8.0,5.63,4.419,10.0491,0.117032,1,3400.962,1.0096,0.8896,0.0829,0.1695,0.1356,0.000376,0.002369,0.007911,0.018589,0.034486,0.053747,0.073139,0.0892,0.099344,0.102463,0.098934,0.0902,0.078192,0.064816,0.051622,0.039661,0.029495,0.021294,0.014963,0.010256,0.006871,0.012071,0.93627,0.06373,1,0.065852,0.882522,0.117478,1,0.124971,0.809383,0.190617,1,0.211483,0.720183,0.279817,1,0.32825,0.620839,0.379161,0,0.969795,0.518376,0.481624,0,0.730592,0.419442,0.580558,0,0.543765,0.329241,0.670759,0,0.399346
2450,2025/26,12,Piast Gliwice,Lechia Gdańsk,9.0,6.0,15.0,4.9601,4.4267,9.3868,0.117032,1,3400.962,1.0096,0.8896,0.0829,0.1695,0.1356,0.000565,0.003423,0.010969,0.02473,0.044012,0.065786,0.085836,0.100351,0.107109,0.105846,0.097897,0.085476,0.070942,0.056289,0.042901,0.031534,0.022431,0.015486,0.010404,0.006816,0.004364,0.006833,0.916301,0.083699,1,0.08741,0.850515,0.149485,1,0.161913,0.764679,0.235321,1,0.2683,0.664327,0.335673,1,0.40898,0.557218,0.442782,1,0.584798,0.451372,0.548628,1,0.795463,0.353475,0.646525,1,1.039943,0.267999,0.732001,1,1.316771
2451,2025/26,12,Widzew Łódź,Radomiak Radom,2.0,4.0,6.0,5.2416,4.3249,9.5665,0.117032,1,3400.962,1.0096,0.8896,0.0829,0.1695,0.1356,0.000507,0.003103,0.010053,0.022919,0.041248,0.06236,0.082307,0.09735,0.105135,0.105139,0.098421,0.086984,0.073087,0.058717,0.045318,0.033736,0.024307,0.017001,0.011572,0.007682,0.004984,0.00807,0.92217,0.07783,1,0.081026,0.85981,0.14019,1,0.151044,0.777503,0.222497,0,1.502843,0.680153,0.319847,0,1.139914,0.575018,0.424982,0,0.855709,0.469879,0.530121,0,0.63465,0.371459,0.628541,0,0.464353,0.284474,0.715526,0,0.334738
2452,2025/26,13,Arka Gdynia,Piast Gliwice,4.0,10.0,14.0,5.068,4.5529,9.6208,0.115766,1,3442.4047,1.0213,0.8972,0.08,0.1664,0.1361,0.000479,0.002955,0.009654,0.022176,0.040189,0.061146,0.081175,0.096522,0.104746,0.105209,0.098876,0.087697,0.073919,0.059551,0.046073,0.03437,0.024808,0.017376,0.01184,0.007867,0.005107,0.008267,0.924547,0.075453,1,0.078451,0.863401,0.136599,1,0.146876,0.782227,0.217773,1,0.245611,0.685705,0.314295,1,0.377308,0.580959,0.419041,1,0.543075,0.475751,0.524249,1,0.742862,0.376875,0.623125,1,0.975842,0.289178,0.710822,1,1.240713
2453,2025/26,13,Bruk-Bet Termalica Nieciecza,Zagłębie Lubin,7.0,5.0,12.0,5.2902,4.7059,9.9961,0.115766,1,3442.4047,1.0213,0.8972,0.08,0.1664,0.1361,0.000377,0.002385,0.007983,0.018789,0.034889,0.054389,0.073982,0.090137,0.100227,0.103153,0.099334,0.090278,0.077973,0.064368,0.051031,0.03901,0.028853,0.020709,0.014461,0.009846,0.00655,0.011275,0.935576,0.064424,1,0.066593,0.881187,0.118813,1,0.126485,0.807205,0.192795,1,0.214178,0.717068,0.282932,1,0.332585,0.616841,0.383159,1,0.483144,0.513688,0.486312,1,0.666139,0.414354,0.585646,1,0.881035,0.324076,0.675924,1,1.126778
2454,2025/26,13,Legia Warszawa,Lech Poznań,8.0,5.0,13.0,5.6708,4.629,10.2998,0.115766,1,3442.4047,1.0213,0.8972,0.08,0.1664,0.1361,0.000314,0.002021,0.006883,0.016486,0.031159,0.049447,0.068481,0.08496,0.096213,0.100861,0.098948,0.091624,0.080642,0.067848,0.054829,0.042729,0.032224,0.023585,0.016797,0.011667,0.007918,0.014365,0.943138,0.056862,1,0.058543,0.893691,0.106309,1,0.112395,0.82521,0.17479,1,0.192117,0.74025,0.25975,1,0.300767,0.644037,0.355963,1,0.439999,0.543176,0.456824,1,0.610322,0.444228,0.555772,1,0.811417,0.352604,0.647396,1,1.042411
2455,2025/26,13,Motor Lublin,Widzew Łódź,5.0,4.0,9.0,5.6167,4.5979,10.2146,0.115766,1,3442.4047,1.0213,0.8972,0.08,0.1664,0.1361,0.000331,0.00212,0.007183,0.017117,0.032185,0.050813,0.070009,0.086409,0.097348,0.101525,0.099084,0.091275,0.079918,0.066891,0.053775,0.04169,0.031277,0.022773,0.016134,0.011148,0.007526,0.013469,0.941065,0.058935,1,0.060744,0.890252,0.109748,1,0.116251,0.820242,0.179758,1,0.198156,0.733833,0.266167,1,0.309473,0.636485,0.363515,1,0.451794,0.53496,0.46504,0,0.765632,0.435877,0.564123,0,0.572482,0.344601,0.655399,0,0.422511
2456,2025/26,13,Górnik Zabrze,Jagiellonia Białystok,5.0,4.0,9.0,5.4723,4.5877,10.06,0.115766,1,3442.4047,1.0213,0.8972,0.08,0.1664,0.1361,0.000364,0.002309,0.007754,0.018307,0.034107,0.053351,0.072824,0.089045,0.099379,0.102666,0.09925,0.090559,0.078534,0.065101,0.051832,0.039794,0.029564,0.021316,0.014953,0.01023,0.006838,0.011923,0.937159,0.062841,1,0.064903,0.883808,0.116192,1,0.123516,0.810983,0.189017,1,0.209508,0.721938,0.278062,1,0.325816,0.62256,0.37744,1,0.473916,0.519893,0.480107,0,0.733747,0.420644,0.579356,0,0.545838,0.330084,0.669916,0,0.400604
2457,2025/26,13,Radomiak Radom,Wisła Płock,4.0,5.0,9.0,4.8074,4.5626,9.37,0.115766,1,3442.4047,1.0213,0.8972,0.08,0.1664,0.1361,0.000561,0.003409,0.010953,0.024745,0.044104,0.065988,0.086144,0.100721,0.107472,0.106134,0.098065,0.085509,0.070854,0.056112,0.042673,0.03129,0.022198,0.01528,0.010233,0.006682,0.004262,0.00661,0.916227,0.083773,1,0.087491,0.850238,0.149762,1,0.162238,0.764094,0.235906,1,0.269065,0.663373,0.336627,1,0.410418,0.555901,0.444099,1,0.587164,0.449767,0.550233,0,0.597414,0.351702,0.648298,0,0.433405,0.266193,0.733807,0,0.30951
2458,2025/26,13,Pogoń Szczecin,Cracovia,8.0,3.0,11.0,5.3149,4.6385,9.9533,0.115766,1,3442.4047,1.0213,0.8972,0.08,0.1664,0.1361,0.000388,0.002447,0.008165,0.01916,0.035475,0.055143,0.074793,0.090867,0.100755,0.103408,0.099307,0.090007,0.077529,0.063831,0.050471,0.038481,0.028388,0.020323,0.014155,0.009614,0.00638,0.010914,0.934365,0.065635,1,0.067888,0.879222,0.120778,1,0.128717,0.804429,0.195571,1,0.217622,0.713562,0.286438,1,0.337485,0.612807,0.387193,1,0.489705,0.509399,0.490601,1,0.674524,0.410092,0.589908,1,0.891373,0.320085,0.679915,0,0.385788
2459,2025/26,13,GKS Katowice,Korona Kielce,3.0,3.0,6.0,5.6612,4.8535,10.5147,0.115766,1,3442.4047,1.0213,0.8972,0.08,0.1664,0.1361,0.000273,0.001783,0.006157,0.014951,0.028645,0.046077,0.064675,0.081314,0.093309,0.09911,0.098505,0.092402,0.082378,0.070197,0.05745,0.045338,0.03462,0.025655,0.018497,0.013004,0.008933,0.016725,0.94819,0.05181,1,0.0532,0.902113,0.097887,1,0.103015,0.837438,0.162562,0,1.816698,0.756124,0.243876,0,1.411097,0.662815,0.337185,0,1.087123,0.563705,0.436295,0,0.829436,0.465199,0.534801,0,0.625861,0.372797,0.627203,0,0.466485
2460,2025/26,13,Raków Częstochowa,Lechia Gdańsk,4.0,4.0,8.0,5.2321,4.3847,9.6169,0.115766,1,3442.4047,1.0213,0.8972,0.08,0.1664,0.1361,0.000482,0.002975,0.009705,0.022267,0.040312,0.061275,0.081278,0.096574,0.104738,0.105149,0.09878,0.087588,0.073814,0.059463,0.046007,0.034327,0.024783,0.017365,0.011839,0.007871,0.005113,0.008296,0.924259,0.075741,1,0.078763,0.862984,0.137016,1,0.147359,0.781706,0.218294,1,0.246276,0.685132,0.314868,1,0.378144,0.580394,0.419606,0,0.868438,0.475245,0.524755,0,0.644824,0.376465,0.623535,0,0.47235,0.288877,0.711123,0,0.34091
2461,2025/26,14,Wisła Płock,Pogoń Szczecin,6.0,8.0,14.0,5.5129,4.3899,9.9027,0.113239,1,3480.9268,1.0225,0.8999,0.0834,0.1681,0.1301,0.000391,0.002473,0.008268,0.01942,0.035962,0.05587,0.075692,0.091803,0.101572,0.103973,0.099549,0.089923,0.077173,0.063287,0.049831,0.037825,0.027775,0.019789,0.013715,0.009268,0.006118,0.010323,0.933487,0.066513,1,0.068829,0.877617,0.122383,1,0.130545,0.801925,0.198075,1,0.220741,0.710121,0.289879,1,0.342319,0.60855,0.39145,1,0.496677,0.504577,0.495423,1,0.684036,0.405028,0.594972,1,0.9038,0.315104,0.684896,1,1.154851
2462,2025/26,14,Bruk-Bet Termalica Nieciecza,GKS Katowice,7.0,2.0,9.0,5.2319,4.6829,9.9148,0.113239,1,3480.9268,1.0225,0.8999,0.0834,0.1681,0.1301,0.000384,0.002434,0.008161,0.019219,0.035675,0.055544,0.075398,0.091605,0.101507,0.104042,0.099724,0.09016,0.077427,0.063524,0.050029,0.037976,0.027881,0.019856,0.013753,0.009286,0.006123,0.010292,0.934128,0.065872,1,0.068142,0.878584,0.121416,1,0.129444,0.803186,0.196814,1,0.219169,0.71158,0.28842,1,0.340267,0.610073,0.389927,1,0.494176,0.506031,0.493969,0,0.705282,0.406307,0.593693,0,0.521393,0.316147,0.683853,0,0.380012
2463,2025/26,14,Lechia Gdańsk,Radomiak Radom,8.0,4.0,12.0,5.1264,4.5665,9.6929,0.113239,1,3480.9268,1.0225,0.8999,0.0834,0.1681,0.1301,0.000443,0.002767,0.009143,0.02122,0.038819,0.059564,0.079685,0.095414,0.1042,0.105259,0.099433,0.0886,0.07499,0.060637,0.047067,0.035213,0.02548,0.017886,0.01221,0.008125,0.005281,0.008562,0.927609,0.072391,1,0.075145,0.868045,0.131955,1,0.141512,0.78836,0.21164,1,0.237801,0.692945,0.307055,1,0.366805,0.588745,0.411255,1,0.529761,0.483486,0.516514,1,0.726733,0.384053,0.615947,1,0.956976,0.295452,0.704548,1,1.219247
2464,2025/26,14,Górnik Zabrze,Arka Gdynia,10.0,2.0,12.0,5.4944,4.3611,9.8555,0.113239,1,3480.9268,1.0225,0.8999,0.0834,0.1681,0.1301,0.000403,0.002542,0.008471,0.019836,0.036617,0.056712,0.076596,0.092612,0.102152,0.104246,0.099505,0.08961,0.07667,0.062684,0.049207,0.037239,0.027263,0.019366,0.013382,0.009016,0.005934,0.009938,0.932131,0.067869,1,0.070282,0.875419,0.124581,1,0.133053,0.798823,0.201177,1,0.224615,0.706211,0.293789,1,0.347841,0.604059,0.395941,1,0.504083,0.499813,0.500187,1,0.693521,0.400308,0.599692,1,0.915521,0.310698,0.689302,1,1.168933
2465,2025/26,14,Cracovia,Zagłębie Lubin,2.0,0.0,2.0,5.3322,4.6055,9.9376,0.113239,1,3480.9268,1.0225,0.8999,0.0834,0.1681,0.1301,0.000379,0.002407,0.008079,0.019046,0.035393,0.055169,0.074979,0.09121,0.1012,0.103868,0.099696,0.090265,0.077634,0.063792,0.05032,0.03826,0.028137,0.020074,0.013929,0.009422,0.006225,0.010516,0.934695,0.065305,0,2.728693,0.879527,0.120473,0,2.116327,0.804548,0.195452,0,1.63244,0.713338,0.286662,0,1.249452,0.612138,0.387862,0,0.947106,0.508271,0.491729,0,0.709827,0.408575,0.591425,0,0.52522,0.31831,0.68169,0,0.38318
2466,2025/26,14,Lech Poznań,Motor Lublin,6.0,2.0,8.0,5.551,4.8597,10.4108,0.113239,1,3480.9268,1.0225,0.8999,0.0834,0.1681,0.1301,0.000281,0.001835,0.006345,0.015409,0.029496,0.04736,0.066299,0.083072,0.094936,0.100358,0.099211,0.092514,0.081947,0.069347,0.056335,0.044111,0.033406,0.024543,0.017536,0.012214,0.00831,0.015134,0.946633,0.053367,1,0.054844,0.899273,0.100727,1,0.106168,0.832974,0.167026,1,0.182753,0.749901,0.250099,1,0.287813,0.654966,0.345034,0,1.064112,0.554608,0.445392,0,0.8088,0.455397,0.544603,0,0.607697,0.362882,0.637118,0,0.450801
2467,2025/26,14,Jagiellonia Białystok,Raków Częstochowa,5.0,4.0,9.0,4.8168,4.842,9.6588,0.113239,1,3480.9268,1.0225,0.8999,0.0834,0.1681,0.1301,0.000451,0.002814,0.009284,0.02151,0.039281,0.060165,0.080337,0.096006,0.104632,0.105473,0.099417,0.088386,0.074634,0.060204,0.046615,0.034786,0.025105,0.017574,0.011964,0.007939,0.005145,0.008278,0.92666,0.07334,1,0.076169,0.866495,0.133505,1,0.143299,0.786158,0.213842,1,0.240597,0.690152,0.309848,1,0.370843,0.58552,0.41448,1,0.535254,0.480047,0.519953,0,0.654018,0.38063,0.61937,0,0.479052,0.292244,0.707756,0,0.345656
2468,2025/26,14,Piast Gliwice,Korona Kielce,7.0,9.0,16.0,5.3773,4.6846,10.0619,0.113239,1,3480.9268,1.0225,0.8999,0.0834,0.1681,0.1301,0.00035,0.00224,0.007579,0.018013,0.033742,0.053019,0.072635,0.089068,0.099615,0.103058,0.099707,0.090995,0.078883,0.065333,0.051944,0.039807,0.029506,0.021216,0.014837,0.010115,0.006735,0.011604,0.938076,0.061924,1,0.063924,0.885057,0.114943,1,0.122103,0.812422,0.187578,1,0.207735,0.723354,0.276646,1,0.323856,0.62374,0.37626,1,0.472022,0.520682,0.479318,1,0.652616,0.420975,0.579025,1,0.865182,0.32998,0.67002,1,1.108722
2469,2025/26,14,Widzew Łódź,Legia Warszawa,3.0,8.0,11.0,4.96,4.3239,9.2839,0.113239,1,3480.9268,1.0225,0.8999,0.0834,0.1681,0.1301,0.000578,0.003514,0.011287,0.025466,0.045288,0.067557,0.087868,0.102291,0.108613,0.10668,0.097988,0.0849,0.069876,0.054944,0.041475,0.030176,0.021236,0.014497,0.009626,0.00623,0.003939,0.005972,0.913867,0.086133,1,0.09007,0.84631,0.15369,1,0.16687,0.758442,0.241558,1,0.276488,0.656151,0.343849,1,0.421364,0.547538,0.452462,1,0.602324,0.440858,0.559142,1,0.819032,0.342871,0.657129,1,1.070402,0.25797,0.74203,0,0.298366
2470,2025/26,15,Arka Gdynia,Lech Poznań,3.0,3.0,6.0,5.0303,5.0478,10.0781,0.113381,1,3525.1991,1.0328,0.9046,0.0717,0.1614,0.1442,0.000345,0.002213,0.0075,0.017852,0.033492,0.052704,0.072307,0.088786,0.099428,0.102991,0.099758,0.091139,0.079088,0.065563,0.052172,0.040012,0.029678,0.021353,0.014941,0.01019,0.006788,0.011699,0.938598,0.061402,1,0.063368,0.885894,0.114106,1,0.121158,0.813586,0.186414,0,1.679786,0.7248,0.2752,0,1.290258,0.625372,0.374628,0,0.981822,0.522381,0.477619,0,0.738943,0.422624,0.577376,0,0.549261,0.331485,0.668515,0,0.402696
2471,2025/26,15,Legia Warszawa,Bruk-Bet Termalica Nieciecza,11.0,2.0,13.0,5.4105,4.4895,9.8999,0.113381,1,3525.1991,1.0328,0.9046,0.0717,0.1614,0.1442,0.00039,0.002471,0.008264,0.019417,0.035964,0.055885,0.075724,0.091851,0.101629,0.10403,0.099596,0.089954,0.077184,0.063279,0.049808,0.037792,0.027738,0.019752,0.013681,0.009238,0.006094,0.010258,0.933494,0.066506,1,0.068821,0.877609,0.122391,1,0.130554,0.801885,0.198115,1,0.220791,0.710034,0.289966,1,0.342443,0.608405,0.391595,1,0.496915,0.504374,0.495626,1,0.684436,0.404778,0.595222,1,0.904415,0.314825,0.685175,1,1.155739
2472,2025/26,15,Lechia Gdańsk,Widzew Łódź,5.0,3.0,8.0,5.3104,4.53,9.8404,0.113381,1,3525.1991,1.0328,0.9046,0.0717,0.1614,0.1442,0.000405,0.002552,0.008505,0.019914,0.036758,0.056916,0.076847,0.092875,0.102385,0.104414,0.099586,0.089601,0.076583,0.062539,0.04903,0.037052,0.027084,0.019207,0.013248,0.008908,0.005851,0.00974,0.931868,0.068132,1,0.070564,0.874951,0.125049,1,0.133587,0.798104,0.201896,1,0.225516,0.705229,0.294771,1,0.349233,0.602844,0.397156,0,0.923425,0.49843,0.50157,0,0.690011,0.398843,0.601157,0,0.5089,0.309243,0.690757,0,0.369967
2473,2025/26,15,Motor Lublin,Wisła Płock,5.0,1.0,6.0,5.1983,4.5729,9.7713,0.113381,1,3525.1991,1.0328,0.9046,0.0717,0.1614,0.1442,0.000422,0.00265,0.008797,0.020515,0.037709,0.058143,0.078169,0.094066,0.103246,0.104828,0.099536,0.089153,0.075853,0.061659,0.048116,0.036191,0.026329,0.018582,0.012755,0.008535,0.005578,0.00917,0.929907,0.070093,1,0.07267,0.871764,0.128236,1,0.137236,0.793596,0.206404,0,1.577918,0.69953,0.30047,0,1.202407,0.596284,0.403716,0,0.907044,0.491456,0.508544,0,0.676204,0.39192,0.60808,0,0.497449,0.302767,0.697233,0,0.360636
2474,2025/26,15,Zagłębie Lubin,Górnik Zabrze,1.0,12.0,13.0,5.261,4.8512,10.1122,0.113381,1,3525.1991,1.0328,0.9046,0.0717,0.1614,0.1442,0.000338,0.002174,0.007379,0.017597,0.033077,0.05215,0.071686,0.088198,0.098969,0.102726,0.099709,0.091289,0.079389,0.065958,0.052603,0.040435,0.030061,0.021679,0.015205,0.010395,0.006941,0.012041,0.939435,0.060565,1,0.062477,0.887285,0.112715,1,0.119589,0.815599,0.184401,1,0.203833,0.727401,0.272599,1,0.318278,0.628432,0.371568,1,0.464528,0.525705,0.474295,1,0.643014,0.425996,0.574004,1,0.853325,0.334707,0.665293,1,1.0945
2475,2025/26,15,Radomiak Radom,Cracovia,5.0,3.0,8.0,5.2912,4.4091,9.7003,0.113381,1,3525.1991,1.0328,0.9046,0.0717,0.1614,0.1442,0.000444,0.002771,0.009148,0.021216,0.038789,0.059495,0.079573,0.09527,0.104047,0.105126,0.09934,0.088559,0.075001,0.060692,0.047151,0.035312,0.025581,0.017979,0.012291,0.008192,0.005333,0.008688,0.927632,0.072368,1,0.075121,0.868137,0.131863,1,0.141406,0.788563,0.211437,1,0.237543,0.693293,0.306707,1,0.366303,0.589246,0.410754,0,0.88976,0.48412,0.51588,0,0.661881,0.38478,0.61522,0,0.485775,0.29622,0.70378,0,0.35129
2476,2025/26,15,Pogoń Szczecin,Jagiellonia Białystok,10.0,1.0,11.0,5.278,4.7866,10.0646,0.113381,1,3525.1991,1.0328,0.9046,0.0717,0.1614,0.1442,0.000349,0.002235,0.007565,0.017983,0.033696,0.052961,0.072576,0.089019,0.099585,0.103052,0.099723,0.091027,0.078925,0.065377,0.051986,0.039843,0.029534,0.021237,0.014852,0.010125,0.006741,0.01161,0.938173,0.061827,1,0.063821,0.885212,0.114788,1,0.121928,0.812636,0.187364,1,0.207472,0.723617,0.276383,1,0.323493,0.624032,0.375968,1,0.471554,0.52098,0.47902,1,0.652043,0.421257,0.578743,1,0.864512,0.33023,0.66977,0,0.400821
2477,2025/26,15,Korona Kielce,Raków Częstochowa,5.0,0.0,5.0,5.3407,4.8606,10.2014,0.113381,1,3525.1991,1.0328,0.9046,0.0717,0.1614,0.1442,0.00032,0.002067,0.007055,0.016915,0.031969,0.05068,0.07005,0.086662,0.097784,0.102059,0.099613,0.091709,0.080201,0.067005,0.053738,0.041539,0.031056,0.022523,0.015887,0.010923,0.007335,0.012912,0.941675,0.058325,1,0.060095,0.890995,0.109005,0,2.216361,0.820945,0.179055,0,1.72006,0.734283,0.265717,0,1.325323,0.636499,0.363501,0,1.011974,0.53444,0.46556,0,0.764515,0.434827,0.565173,0,0.570624,0.343118,0.656882,0,0.420251
2478,2025/26,15,GKS Katowice,Piast Gliwice,3.0,3.0,6.0,5.4591,4.6858,10.1448,0.113381,1,3525.1991,1.0328,0.9046,0.0717,0.1614,0.1442,0.000333,0.002142,0.00728,0.017382,0.032716,0.051655,0.071115,0.087638,0.098509,0.102433,0.099613,0.091382,0.079635,0.066305,0.052999,0.040835,0.030432,0.022002,0.015472,0.010606,0.007102,0.012415,0.940148,0.059852,1,0.061718,0.888493,0.111507,1,0.118229,0.817377,0.182623,0,1.700334,0.72974,0.27026,0,1.30837,0.631231,0.368769,0,0.997585,0.528798,0.471202,0,0.752469,0.429185,0.570815,0,0.56069,0.337803,0.662197,0,0.412193
2479,2025/26,16,Bruk-Bet Termalica Nieciecza,Arka Gdynia,1.0,2.0,3.0,5.4616,4.2989,9.7605,0.11586,1,3570.59,1.0337,0.8981,0.0649,0.1497,0.1631,0.000444,0.002758,0.009069,0.020976,0.03829,0.058694,0.078528,0.094129,0.103004,0.104354,0.098947,0.088567,0.075359,0.061302,0.047903,0.036102,0.026333,0.018643,0.012844,0.008631,0.005668,0.009456,0.928464,0.071536,0,2.637557,0.86977,0.13023,0,2.038454,0.791243,0.208757,0,1.566582,0.697113,0.302887,0,1.194396,0.594109,0.405891,0,0.901671,0.489755,0.510245,0,0.672865,0.390808,0.609192,0,0.495622,0.302241,0.697759,0,0.359881
2480,2025/26,16,Legia Warszawa,Lechia Gdańsk,6.0,2.0,8.0,5.64,4.3903,10.0304,0.11586,1,3570.59,1.0337,0.8981,0.0649,0.1497,0.1631,0.000375,0.002368,0.00792,0.018635,0.034602,0.053956,0.073435,0.089546,0.099685,0.102742,0.099109,0.090254,0.078131,0.064664,0.051412,0.039424,0.029258,0.021077,0.014776,0.010104,0.006751,0.011775,0.936099,0.063901,1,0.066034,0.882143,0.117857,1,0.125401,0.808709,0.191291,1,0.212316,0.719163,0.280837,1,0.329668,0.619478,0.380522,0,0.966211,0.516736,0.483264,0,0.727193,0.417627,0.582373,0,0.540644,0.327373,0.672627,0,0.396564
2481,2025/26,16,Górnik Zabrze,Wisła Płock,4.0,1.0,5.0,5.4319,4.2631,9.6949,0.11586,1,3570.59,1.0337,0.8981,0.0649,0.1497,0.1631,0.000463,0.002864,0.009377,0.021595,0.039248,0.059902,0.079796,0.095237,0.103766,0.104674,0.098825,0.088078,0.074623,0.060444,0.047031,0.035295,0.025635,0.018072,0.012399,0.008296,0.005425,0.008956,0.926454,0.073546,1,0.076391,0.866552,0.133448,0,2.014043,0.786756,0.213244,0,1.545317,0.691519,0.308481,0,1.176095,0.587753,0.412247,0,0.886132,0.483079,0.516921,0,0.659865,0.384254,0.615746,0,0.484921,0.296176,0.703824,0,0.351227
2482,2025/26,16,Pogoń Szczecin,Zagłębie Lubin,4.0,2.0,6.0,5.6933,4.4822,10.1755,0.11586,1,3570.59,1.0337,0.8981,0.0649,0.1497,0.1631,0.000341,0.002178,0.007355,0.017465,0.032732,0.051513,0.070758,0.087077,0.097825,0.101747,0.099043,0.091012,0.0795,0.06639,0.053258,0.041205,0.030853,0.022423,0.015859,0.010939,0.007374,0.013153,0.939928,0.060072,1,0.061952,0.888415,0.111585,1,0.118316,0.817657,0.182343,0,1.701865,0.73058,0.26942,0,1.311484,0.632755,0.367245,0,1.001726,0.531009,0.468991,0,0.757171,0.431965,0.568035,0,0.565573,0.340953,0.659047,0,0.41696
2483,2025/26,16,Cracovia,Motor Lublin,4.0,7.0,11.0,5.1826,4.6186,9.8012,0.11586,1,3570.59,1.0337,0.8981,0.0649,0.1497,0.1631,0.000427,0.002668,0.008817,0.02049,0.037569,0.057832,0.07768,0.093459,0.102624,0.104304,0.099194,0.089031,0.075942,0.061915,0.048479,0.036601,0.026737,0.018954,0.013072,0.008791,0.005776,0.009636,0.930028,0.069972,1,0.072541,0.872196,0.127804,1,0.136741,0.794516,0.205484,1,0.230022,0.701058,0.298942,1,0.355165,0.598433,0.401567,1,0.51344,0.494129,0.505871,1,0.704958,0.394935,0.605065,1,0.929034,0.305904,0.694096,0,0.365145
2484,2025/26,16,Lech Poznań,Radomiak Radom,5.0,5.0,10.0,5.5105,4.4745,9.985,0.11586,1,3570.59,1.0337,0.8981,0.0649,0.1497,0.1631,0.000383,0.002419,0.008076,0.018964,0.035141,0.054676,0.074246,0.09032,0.100297,0.103105,0.099192,0.090078,0.077752,0.064158,0.050851,0.038869,0.028752,0.020642,0.01442,0.009825,0.006541,0.011293,0.935017,0.064983,1,0.067191,0.88034,0.11966,1,0.127447,0.806094,0.193906,1,0.215554,0.715774,0.284226,1,0.33439,0.615478,0.384522,1,0.485356,0.512373,0.487627,1,0.668703,0.41318,0.58682,0,0.533038,0.323103,0.676897,0,0.390236
2485,2025/26,16,Raków Częstochowa,Piast Gliwice,3.0,2.0,5.0,4.8096,4.4346,9.2442,0.11586,1,3570.59,1.0337,0.8981,0.0649,0.1497,0.1631,0.00061,0.003673,0.011693,0.026176,0.046231,0.068548,0.088686,0.102769,0.108687,0.106389,0.09744,0.084222,0.069182,0.054314,0.04095,0.02977,0.020939,0.014292,0.00949,0.006144,0.003887,0.005908,0.911617,0.088383,1,0.092536,0.843069,0.156931,0,1.851947,0.754383,0.245617,0,1.403981,0.651613,0.348387,0,1.054443,0.542926,0.457074,0,0.782911,0.436537,0.563463,0,0.573654,0.339098,0.660902,0,0.414149,0.254875,0.745125,0,0.294204
2486,2025/26,16,Jagiellonia Białystok,GKS Katowice,5.0,1.0,6.0,5.3371,4.5117,9.8488,0.11586,1,3570.59,1.0337,0.8981,0.0649,0.1497,0.1631,0.000416,0.002605,0.008629,0.020102,0.036948,0.057021,0.076793,0.092644,0.102015,0.103984,0.099184,0.089293,0.076405,0.062493,0.049092,0.03719,0.027261,0.019394,0.013424,0.009061,0.005976,0.01007,0.931299,0.068701,1,0.071174,0.874278,0.125722,1,0.134356,0.797485,0.202515,0,1.596942,0.704842,0.295158,0,1.220243,0.602827,0.397173,0,0.923383,0.498843,0.501157,0,0.690836,0.39966,0.60034,0,0.510258,0.310366,0.689634,0,0.371595
2487,2025/26,16,Widzew Łódź,Korona Kielce,5.0,4.0,9.0,4.9718,4.6842,9.656,0.11586,1,3570.59,1.0337,0.8981,0.0649,0.1497,0.1631,0.000467,0.002894,0.009476,0.021823,0.039648,0.060473,0.080479,0.095929,0.104355,0.105069,0.098979,0.087996,0.074344,0.060031,0.04655,0.034804,0.025177,0.017673,0.012068,0.008036,0.005227,0.008503,0.925691,0.074309,1,0.077214,0.865219,0.134781,1,0.144773,0.78474,0.21526,1,0.242403,0.688811,0.311189,1,0.372789,0.584456,0.415544,1,0.537074,0.479387,0.520613,0,0.652749,0.380408,0.619592,0,0.478694,0.292413,0.707587,0,0.345894
2488,2025/26,17,Arka Gdynia,Raków Częstochowa,3.0,4.0,7.0,4.7055,4.2776,8.9831,0.115561,1,3608.7606,1.0153,0.8785,0.0673,0.1494,0.1701,0.000722,0.004268,0.013342,0.029327,0.050854,0.074027,0.094017,0.106942,0.111011,0.106651,0.095865,0.081318,0.06555,0.0505,0.037361,0.026651,0.018393,0.012318,0.008025,0.005098,0.003164,0.004597,0.901488,0.098512,1,0.103709,0.827461,0.172539,1,0.189393,0.733444,0.266556,1,0.310004,0.626502,0.373498,0,0.984842,0.515491,0.484509,0,0.724618,0.40884,0.59116,0,0.525668,0.312975,0.687025,0,0.375384,0.231657,0.768343,0,0.263519
2489,2025/26,17,Wisła Płock,Lech Poznań,2.0,15.0,17.0,5.2016,4.8069,10.0085,0.115561,1,3608.7606,1.0153,0.8785,0.0673,0.1494,0.1701,0.000372,0.002359,0.00791,0.018648,0.034678,0.054134,0.073728,0.089932,0.100106,0.103128,0.099399,0.09041,0.078143,0.06455,0.051205,0.039162,0.028978,0.020806,0.014533,0.009898,0.006585,0.011335,0.936032,0.063968,1,0.066105,0.881899,0.118101,1,0.125678,0.80817,0.19183,1,0.212982,0.718239,0.281761,1,0.330953,0.618133,0.381867,1,0.481051,0.515005,0.484995,1,0.663578,0.415606,0.584394,1,0.878018,0.325196,0.674804,1,1.123326
2490,2025/26,17,Lechia Gdańsk,Bruk-Bet Termalica Nieciecza,4.0,2.0,6.0,5.2835,4.5985,9.882,0.115561,1,3608.7606,1.0153,0.8785,0.0673,0.1494,0.1701,0.000405,0.002544,0.008453,0.019756,0.036424,0.056375,0.076134,0.09209,0.10166,0.103869,0.099299,0.089589,0.076815,0.062951,0.049543,0.037597,0.027605,0.019669,0.013635,0.009216,0.006086,0.010285,0.932419,0.067581,1,0.069973,0.876044,0.123956,1,0.132339,0.79991,0.20009,0,1.608987,0.707819,0.292181,0,1.230384,0.60616,0.39384,0,0.93181,0.502291,0.497709,0,0.697739,0.402992,0.597008,0,0.515825,0.313403,0.686597,0,0.376007
2491,2025/26,17,Motor Lublin,Legia Warszawa,5.0,1.0,6.0,5.3522,4.763,10.1152,0.115561,1,3608.7606,1.0153,0.8785,0.0673,0.1494,0.1701,0.000349,0.002224,0.007504,0.017803,0.03332,0.052349,0.071761,0.088105,0.098718,0.102371,0.099327,0.090949,0.07914,0.065817,0.052565,0.040479,0.030159,0.021804,0.015337,0.010518,0.007048,0.012355,0.938801,0.061199,1,0.063152,0.886451,0.113549,1,0.120529,0.81469,0.18531,0,1.685727,0.726586,0.273414,0,1.296767,0.627868,0.372132,0,0.988507,0.525497,0.474503,0,0.745487,0.42617,0.57383,0,0.555422,0.33522,0.66478,0,0.4083
2492,2025/26,17,Zagłębie Lubin,Jagiellonia Białystok,2.0,6.0,8.0,4.9649,4.6936,9.6585,0.115561,1,3608.7606,1.0153,0.8785,0.0673,0.1494,0.1701,0.000465,0.002881,0.009444,0.021766,0.039575,0.060398,0.080421,0.095901,0.104362,0.105105,0.099034,0.088057,0.074401,0.060079,0.046586,0.034829,0.025191,0.01768,0.012071,0.008036,0.005226,0.008493,0.925869,0.074131,1,0.077022,0.865472,0.134528,1,0.144481,0.785051,0.214949,1,0.242007,0.68915,0.31085,1,0.372297,0.584788,0.415212,0,0.878966,0.479683,0.520317,0,0.653318,0.38065,0.61935,0,0.479084,0.292593,0.707407,0,0.346149
2493,2025/26,17,Radomiak Radom,Górnik Zabrze,4.0,0.0,4.0,5.1274,4.9033,10.0307,0.115561,1,3608.7606,1.0153,0.8785,0.0673,0.1494,0.1701,0.000367,0.002327,0.007816,0.018454,0.034372,0.05374,0.073305,0.08955,0.09983,0.102995,0.099415,0.090552,0.078376,0.064832,0.051497,0.039438,0.02922,0.021007,0.014692,0.010018,0.006674,0.011521,0.936664,0.063336,0,2.759303,0.882924,0.117076,0,2.144931,0.809619,0.190381,0,1.658729,0.720069,0.279931,0,1.273211,0.620239,0.379761,0,0.968212,0.517243,0.482757,0,0.728242,0.417829,0.582171,0,0.54099,0.327276,0.672724,0,0.396421
2494,2025/26,17,Korona Kielce,Cracovia,5.0,4.0,9.0,5.7939,4.487,10.2809,0.115561,1,3608.7606,1.0153,0.8785,0.0673,0.1494,0.1701,0.000319,0.00205,0.006968,0.01666,0.031434,0.049799,0.068855,0.085291,0.096444,0.100961,0.098914,0.091479,0.080421,0.06759,0.054567,0.042488,0.032016,0.023417,0.016668,0.011571,0.00785,0.014237,0.942569,0.057431,1,0.059146,0.89277,0.10723,1,0.113426,0.823915,0.176085,1,0.193689,0.738623,0.261377,1,0.302967,0.642179,0.357821,1,0.442888,0.541218,0.458782,0,0.779179,0.442303,0.557697,0,0.58394,0.350824,0.649176,0,0.432051
2495,2025/26,17,GKS Katowice,Pogoń Szczecin,3.0,7.0,10.0,5.3932,4.6238,10.0171,0.115561,1,3608.7606,1.0153,0.8785,0.0673,0.1494,0.1701,0.000372,0.002357,0.007901,0.018619,0.034619,0.054038,0.073598,0.089783,0.09996,0.103009,0.099324,0.090385,0.078168,0.064615,0.051295,0.039266,0.029083,0.020903,0.014618,0.009968,0.006641,0.011477,0.936131,0.063869,1,0.066,0.882094,0.117906,1,0.125457,0.808495,0.191505,1,0.21258,0.718713,0.281287,1,0.330294,0.618752,0.381248,1,0.48005,0.515743,0.484257,1,0.662147,0.416419,0.583581,0,0.538572,0.326034,0.673966,0,0.394575
2496,2025/26,17,Piast Gliwice,Widzew Łódź,10.0,4.0,14.0,5.3039,4.3722,9.6761,0.115561,1,3608.7606,1.0153,0.8785,0.0673,0.1494,0.1701,0.000464,0.002873,0.009413,0.021687,0.039422,0.060164,0.080124,0.095582,0.104072,0.104891,0.098925,0.088059,0.074501,0.06025,0.046798,0.035053,0.025406,0.017871,0.012232,0.008164,0.005324,0.008724,0.92614,0.07386,1,0.07673,0.865976,0.134024,1,0.143899,0.785852,0.214148,1,0.240987,0.69027,0.30973,1,0.370672,0.586198,0.413802,1,0.534097,0.481308,0.518692,1,0.731248,0.382383,0.617617,1,0.961332,0.294325,0.705675,1,1.223072
2497,2025/26,18,Arka Gdynia,Motor Lublin,6.0,5.0,11.0,4.9154,4.8191,9.7345,0.117607,1,3653.8265,0.9989,0.8649,0.0671,0.1504,0.1776,0.000454,0.002812,0.009215,0.021251,0.038692,0.059175,0.079007,0.094525,0.103257,0.104439,0.098873,0.088367,0.075077,0.060982,0.04758,0.035804,0.026073,0.018428,0.012674,0.008501,0.005571,0.009242,0.927576,0.072424,1,0.075181,0.868401,0.131599,1,0.141101,0.789395,0.210605,1,0.236489,0.69487,0.30513,1,0.364031,0.591613,0.408387,1,0.524903,0.487174,0.512826,1,0.719134,0.3883,0.6117,1,0.945976,0.299933,0.700067,0,0.356579
2498,2025/26,18,Bruk-Bet Termalica Nieciecza,Jagiellonia Białystok,2.0,10.0,12.0,5.1385,4.5634,9.7019,0.117607,1,3653.8265,0.9989,0.8649,0.0671,0.1504,0.1776,0.000465,0.002873,0.00939,0.021595,0.039212,0.059813,0.079656,0.095067,0.103602,0.104546,0.098754,0.088071,0.07467,0.060529,0.047136,0.035404,0.025736,0.01816,0.012469,0.00835,0.005465,0.009036,0.926465,0.073535,1,0.076379,0.866652,0.133348,1,0.143118,0.786996,0.213004,1,0.239532,0.691929,0.308071,1,0.368273,0.588327,0.411673,1,0.530473,0.483781,0.516219,1,0.726123,0.385027,0.614973,1,0.954442,0.296956,0.703044,1,1.21417
2499,2025/26,18,Lechia Gdańsk,Górnik Zabrze,3.0,6.0,9.0,5.2613,4.8197,10.081,0.117607,1,3653.8265,0.9989,0.8649,0.0671,0.1504,0.1776,0.000366,0.002313,0.007748,0.018261,0.033981,0.053116,0.072486,0.088645,0.098983,0.102342,0.099047,0.090498,0.078607,0.065279,0.052076,0.040068,0.029835,0.021563,0.015165,0.010402,0.006972,0.012247,0.937332,0.062668,1,0.064718,0.884216,0.115784,1,0.123054,0.81173,0.18827,1,0.208588,0.723085,0.276915,1,0.324229,0.624102,0.375898,1,0.471442,0.521759,0.478241,0,0.737641,0.422712,0.577288,0,0.549414,0.332214,0.667786,0,0.403788
2500,2025/26,18,Pogoń Szczecin,Radomiak Radom,9.0,7.0,16.0,5.5265,4.5241,10.0507,0.117607,1,3653.8265,0.9989,0.8649,0.0671,0.1504,0.1776,0.000376,0.002371,0.007913,0.018587,0.034475,0.053724,0.073105,0.08916,0.099306,0.102435,0.098921,0.090202,0.078206,0.064839,0.051649,0.039688,0.029519,0.021314,0.014979,0.010268,0.006879,0.012083,0.936277,0.063723,1,0.065844,0.882553,0.117447,1,0.124937,0.809448,0.190552,1,0.211403,0.720288,0.279712,1,0.328104,0.620982,0.379018,1,0.476454,0.518547,0.481453,1,0.656725,0.419626,0.580374,1,0.868392,0.329423,0.670577,1,1.110411
2501,2025/26,18,Korona Kielce,Wisła Płock,4.0,4.0,8.0,5.4152,4.2838,9.6991,0.117607,1,3653.8265,0.9989,0.8649,0.0671,0.1504,0.1776,0.000472,0.002904,0.009468,0.02173,0.039385,0.059979,0.079768,0.095091,0.103531,0.104402,0.098572,0.087887,0.074512,0.060414,0.047067,0.035376,0.025738,0.018181,0.0125,0.008384,0.005497,0.009142,0.926042,0.073958,1,0.076836,0.866062,0.133938,1,0.143798,0.786295,0.213705,1,0.240424,0.691204,0.308796,1,0.369321,0.587672,0.412328,0,0.885937,0.48327,0.51673,0,0.660235,0.384699,0.615301,0,0.485643,0.296812,0.703188,0,0.352131
2502,2025/26,18,Cracovia,Lech Poznań,7.0,5.0,12.0,5.1319,4.9153,10.0473,0.117607,1,3653.8265,0.9989,0.8649,0.0671,0.1504,0.1776,0.000373,0.002355,0.007872,0.01852,0.034399,0.053668,0.073098,0.089219,0.099425,0.102592,0.099085,0.090345,0.078307,0.064891,0.051654,0.039655,0.029462,0.021245,0.014907,0.010201,0.006821,0.011906,0.936482,0.063518,1,0.065625,0.882814,0.117186,1,0.124641,0.809716,0.190284,1,0.211072,0.720497,0.279503,1,0.327813,0.621072,0.378928,1,0.476308,0.51848,0.48152,1,0.656854,0.419394,0.580606,1,0.868944,0.32905,0.67095,1,1.111547
2503,2025/26,18,Raków Częstochowa,GKS Katowice,5.0,0.0,5.0,4.8594,3.9084,8.7678,0.117607,1,3653.8265,0.9989,0.8649,0.0671,0.1504,0.1776,0.000859,0.004958,0.015149,0.032581,0.055335,0.078965,0.098403,0.109916,0.11213,0.105945,0.09372,0.07829,0.062187,0.047238,0.034478,0.024277,0.016547,0.01095,0.007053,0.004431,0.002721,0.003868,0.891118,0.108882,1,0.115279,0.812153,0.187847,0,1.672127,0.71375,0.28625,0,1.25089,0.603834,0.396166,0,0.925923,0.491704,0.508296,0,0.676692,0.385759,0.614241,0,0.487369,0.292039,0.707961,0,0.345367,0.21375,0.78625,0,0.24048
2504,2025/26,18,Piast Gliwice,Legia Warszawa,5.0,2.0,7.0,5.2412,4.8452,10.0864,0.117607,1,3653.8265,0.9989,0.8649,0.0671,0.1504,0.1776,0.000364,0.002305,0.007725,0.018214,0.033907,0.053021,0.072384,0.088553,0.098917,0.102311,0.099051,0.090532,0.078663,0.065346,0.052146,0.040134,0.029894,0.021612,0.015204,0.010431,0.006994,0.012292,0.937485,0.062515,1,0.064555,0.884464,0.115536,1,0.122773,0.81208,0.18792,1,0.208156,0.723527,0.276473,0,1.285641,0.62461,0.37539,0,0.97979,0.5223,0.4777,0,0.738772,0.423249,0.576751,0,0.550344,0.332716,0.667284,0,0.40454
2505,2025/26,18,Zagłębie Lubin,Widzew Łódź,4.0,3.0,7.0,4.8024,4.4588,9.2612,0.117607,1,3653.8265,0.9989,0.8649,0.0671,0.1504,0.1776,0.000616,0.003693,0.01172,0.026173,0.046143,0.068337,0.088355,0.102371,0.108298,0.106085,0.097268,0.084197,0.069284,0.054509,0.041195,0.030027,0.021181,0.014502,0.009662,0.006278,0.003986,0.00612,0.911655,0.088345,1,0.092494,0.843318,0.156682,1,0.170411,0.754963,0.245037,1,0.281087,0.652592,0.347408,0,1.057256,0.544294,0.455706,0,0.785908,0.43821,0.56179,0,0.576627,0.340942,0.659058,0,0.416943,0.256745,0.743255,0,0.296716
2506,2025/26,19,Wisła Płock,Raków Częstochowa,3.0,8.0,11.0,4.7757,4.4384,9.214,0.116559,1,3695.005,0.9828,0.8493,0.0648,0.1539,0.1859,0.000627,0.00376,0.011925,0.026601,0.046827,0.06922,0.089301,0.103209,0.108883,0.106335,0.09718,0.083828,0.068728,0.053862,0.040542,0.029427,0.020668,0.014087,0.009342,0.006041,0.003817,0.005788,0.91026,0.08974,1,0.094025,0.841039,0.158961,1,0.173117,0.751738,0.248262,1,0.285367,0.64853,0.35147,1,0.433048,0.539647,0.460353,1,0.61684,0.433312,0.566688,1,0.836297,0.336132,0.663868,1,1.09025,0.252304,0.747696,0,0.290759
2507,2025/26,19,Bruk-Bet Termalica Nieciecza,Cracovia,4.0,7.0,11.0,5.1425,4.3775,9.5201,0.116559,1,3695.005,0.9828,0.8493,0.0648,0.1539,0.1859,0.000518,0.003165,0.010241,0.023309,0.041875,0.063177,0.083196,0.098159,0.105729,0.105434,0.098402,0.086694,0.072603,0.058127,0.044701,0.033154,0.023796,0.016577,0.011237,0.007428,0.004799,0.007682,0.920893,0.079107,1,0.082412,0.857716,0.142284,1,0.153482,0.77452,0.22548,1,0.255512,0.676361,0.323639,1,0.391028,0.570632,0.429368,1,0.56101,0.465199,0.534801,1,0.765291,0.366797,0.633203,1,1.002947,0.280103,0.719897,0,0.328647
2508,2025/26,19,Legia Warszawa,Korona Kielce,5.0,3.0,8.0,5.6025,4.5303,10.1328,0.116559,1,3695.005,0.9828,0.8493,0.0648,0.1539,0.1859,0.000353,0.002242,0.007539,0.017837,0.033313,0.052255,0.071551,0.087788,0.09834,0.101998,0.099021,0.090755,0.079075,0.065872,0.052714,0.040688,0.030395,0.02204,0.015552,0.010704,0.007199,0.012768,0.938716,0.061284,1,0.063242,0.886462,0.113538,1,0.120518,0.81491,0.18509,1,0.204677,0.727122,0.272878,1,0.318661,0.628783,0.371217,0,0.990967,0.526785,0.473215,0,0.748205,0.427763,0.572237,0,0.558203,0.337008,0.662992,0,0.410992
2509,2025/26,19,Motor Lublin,Pogoń Szczecin,3.0,6.0,9.0,5.6394,4.7075,10.3469,0.116559,1,3695.005,0.9828,0.8493,0.0648,0.1539,0.1859,0.000307,0.001981,0.006754,0.0162,0.03067,0.048764,0.067676,0.084152,0.09553,0.100405,0.098767,0.091716,0.08096,0.068323,0.055385,0.043301,0.032762,0.02406,0.017194,0.011983,0.008161,0.014947,0.944087,0.055913,1,0.057537,0.895323,0.104677,1,0.110571,0.827647,0.172353,1,0.189169,0.743494,0.256506,1,0.296394,0.647964,0.352036,1,0.43392,0.54756,0.45244,0,0.793099,0.448793,0.551207,0,0.595644,0.357076,0.642924,0,0.441729
2510,2025/26,19,Zagłębie Lubin,GKS Katowice,1.0,4.0,5.0,4.7441,4.0477,8.7919,0.116559,1,3695.005,0.9828,0.8493,0.0648,0.1539,0.1859,0.000832,0.004827,0.014831,0.032052,0.054674,0.078323,0.097934,0.109715,0.112211,0.10625,0.094159,0.078769,0.062638,0.047618,0.034772,0.024488,0.01669,0.01104,0.007106,0.004461,0.002736,0.003874,0.892784,0.107216,1,0.113411,0.814461,0.185539,0,1.684492,0.716527,0.283473,0,1.26064,0.606812,0.393188,0,0.933468,0.494601,0.505399,0,0.682408,0.388351,0.611649,0,0.491597,0.294193,0.705807,0,0.348413,0.215423,0.784577,0,0.242611
2511,2025/26,19,Górnik Zabrze,Piast Gliwice,3.0,2.0,5.0,5.3842,4.5252,9.9094,0.116559,1,3695.005,0.9828,0.8493,0.0648,0.1539,0.1859,0.000404,0.002536,0.008415,0.019646,0.036201,0.056023,0.075676,0.091588,0.101196,0.103519,0.099111,0.089576,0.076958,0.063209,0.049869,0.037946,0.027942,0.019971,0.013889,0.009421,0.006244,0.01066,0.932798,0.067202,1,0.069567,0.876774,0.123226,0,2.093738,0.801099,0.198901,0,1.614947,0.709511,0.290489,0,1.236189,0.608315,0.391685,0,0.937297,0.504796,0.495204,0,0.702786,0.405686,0.594314,0,0.520347,0.316109,0.683891,0,0.379957
2512,2025/26,19,Radomiak Radom,Arka Gdynia,3.0,7.0,10.0,5.2279,4.2299,9.4578,0.116559,1,3695.005,0.9828,0.8493,0.0648,0.1539,0.1859,0.000542,0.003294,0.010601,0.024008,0.042916,0.064434,0.084448,0.099175,0.10634,0.105575,0.098108,0.086072,0.071786,0.057243,0.043851,0.0324,0.023169,0.016083,0.010864,0.007158,0.004609,0.007324,0.91864,0.08136,1,0.084861,0.854206,0.145794,1,0.157583,0.769757,0.230243,1,0.26168,0.670582,0.329418,1,0.399609,0.564242,0.435758,1,0.572272,0.458668,0.541332,1,0.779429,0.36056,0.63944,0,0.447162,0.274488,0.725512,0,0.320878
2513,2025/26,19,Lech Poznań,Lechia Gdańsk,7.0,3.0,10.0,5.5994,4.5447,10.144,0.116559,1,3695.005,0.9828,0.8493,0.0648,0.1539,0.1859,0.00035,0.002227,0.007494,0.017746,0.033167,0.052065,0.071344,0.087598,0.098198,0.101923,0.099019,0.090816,0.079182,0.066006,0.052857,0.040825,0.030517,0.022143,0.015635,0.010768,0.007247,0.012872,0.939016,0.060984,1,0.062923,0.886951,0.113049,1,0.119966,0.815607,0.184393,1,0.203822,0.728009,0.271991,1,0.317441,0.629812,0.370188,1,0.462334,0.527889,0.472111,1,0.63887,0.42887,0.57113,0,0.560139,0.338054,0.661946,0,0.412571
2514,2025/26,19,Widzew Łódź,Jagiellonia Białystok,5.0,2.0,7.0,4.8361,4.4275,9.2636,0.116559,1,3695.005,0.9828,0.8493,0.0648,0.1539,0.1859,0.000608,0.003656,0.011632,0.026035,0.045987,0.068211,0.0883,0.102403,0.108406,0.106236,0.097428,0.084336,0.069387,0.05457,0.04122,0.030026,0.021163,0.014477,0.009635,0.006253,0.003965,0.006066,0.912082,0.087918,1,0.092026,0.843871,0.156129,1,0.169756,0.755571,0.244429,1,0.280282,0.653167,0.346833,0,1.058913,0.544762,0.455238,0,0.786934,0.438525,0.561475,0,0.577189,0.341098,0.658902,0,0.41718,0.256762,0.743238,0,0.296739
2515,2025/26,20,Arka Gdynia,Legia Warszawa,3.0,7.0,10.0,4.6217,4.8028,9.4245,0.115619,1,3734.0415,0.9691,0.8411,0.0701,0.1587,0.1817,0.000541,0.003298,0.010641,0.024139,0.043198,0.064892,0.085049,0.099829,0.106932,0.106004,0.098316,0.086048,0.071565,0.056883,0.043417,0.031951,0.022747,0.015715,0.010561,0.00692,0.00443,0.006926,0.918184,0.081816,1,0.085358,0.853292,0.146708,1,0.158654,0.768243,0.231757,1,0.26365,0.668414,0.331586,1,0.402848,0.561482,0.438518,1,0.577175,0.455478,0.544522,1,0.786408,0.357163,0.642837,0,0.441863,0.271114,0.728886,0,0.316239
2516,2025/26,20,Lechia Gdańsk,Cracovia,10.0,5.0,15.0,5.1892,4.418,9.6072,0.115619,1,3734.0415,0.9691,0.8411,0.0701,0.1587,0.1817,0.000484,0.002984,0.009734,0.022332,0.040424,0.06143,0.081457,0.096749,0.104879,0.105234,0.098802,0.087549,0.073729,0.059349,0.045881,0.034203,0.024671,0.01727,0.011762,0.007811,0.005069,0.008199,0.924042,0.075958,1,0.078998,0.862613,0.137387,1,0.14779,0.781156,0.218844,1,0.246981,0.684407,0.315593,1,0.379202,0.579529,0.420471,1,0.54554,0.474295,0.525705,1,0.745926,0.375493,0.624507,1,0.979515,0.287944,0.712056,1,1.24499
2517,2025/26,20,Górnik Zabrze,Lech Poznań,7.0,3.0,10.0,5.4097,4.755,10.1647,0.115619,1,3734.0415,0.9691,0.8411,0.0701,0.1587,0.1817,0.000339,0.002165,0.007326,0.017429,0.032713,0.051544,0.070864,0.087259,0.09806,0.101995,0.099262,0.091168,0.079575,0.066385,0.053186,0.041086,0.030709,0.022274,0.015718,0.010815,0.00727,0.012855,0.940027,0.059973,1,0.061847,0.888482,0.111518,1,0.11824,0.817619,0.182381,1,0.201359,0.73036,0.26964,1,0.314217,0.6323,0.3677,1,0.458391,0.530305,0.469695,1,0.634304,0.431042,0.568958,0,0.563949,0.339874,0.660126,0,0.415324
2518,2025/26,20,Pogoń Szczecin,Bruk-Bet Termalica Nieciecza,7.0,5.0,12.0,5.7193,4.4166,10.136,0.115619,1,3734.0415,0.9691,0.8411,0.0701,0.1587,0.1817,0.00035,0.002227,0.007501,0.017772,0.033228,0.052168,0.071483,0.087754,0.098344,0.102035,0.099079,0.090821,0.079138,0.065926,0.052756,0.040718,0.030414,0.022052,0.015559,0.010707,0.007201,0.012768,0.938922,0.061078,1,0.063023,0.886754,0.113246,1,0.120188,0.81527,0.18473,1,0.204236,0.727516,0.272484,1,0.31812,0.629172,0.370828,1,0.463351,0.527137,0.472863,1,0.640295,0.428058,0.571942,1,0.848496,0.337237,0.662763,1,1.086969
2519,2025/26,20,Korona Kielce,Zagłębie Lubin,4.0,4.0,8.0,5.4868,4.0207,9.5075,0.115619,1,3734.0415,0.9691,0.8411,0.0701,0.1587,0.1817,0.000526,0.003207,0.010357,0.023527,0.042183,0.063522,0.083502,0.098358,0.105783,0.105347,0.098208,0.08644,0.072336,0.057883,0.044501,0.033003,0.023692,0.016512,0.0112,0.007412,0.004794,0.00771,0.920201,0.079799,1,0.083164,0.856679,0.143321,1,0.154693,0.773177,0.226823,1,0.257247,0.674819,0.325181,1,0.39331,0.569036,0.430964,0,0.841731,0.463689,0.536311,0,0.623041,0.365481,0.634519,0,0.454888,0.279041,0.720959,0,0.327173
2520,2025/26,20,GKS Katowice,Widzew Łódź,3.0,7.0,10.0,4.863,4.3251,9.1881,0.115619,1,3734.0415,0.9691,0.8411,0.0701,0.1587,0.1817,0.000632,0.003792,0.012027,0.026823,0.047192,0.069703,0.089828,0.103684,0.109222,0.106488,0.097143,0.083631,0.068422,0.053503,0.040178,0.029092,0.020381,0.013855,0.009164,0.00591,0.003723,0.005607,0.909533,0.090467,1,0.094824,0.83983,0.16017,1,0.174556,0.750002,0.249998,1,0.28768,0.646317,0.353683,1,0.436465,0.537096,0.462904,1,0.621579,0.430607,0.569393,1,0.842559,0.333465,0.666535,0,0.405662,0.249834,0.750166,0,0.28746
2521,2025/26,20,Raków Częstochowa,Radomiak Radom,3.0,2.0,5.0,5.0087,4.1999,9.2086,0.115619,1,3734.0415,0.9691,0.8411,0.0701,0.1587,0.1817,0.000627,0.003761,0.011934,0.026632,0.046894,0.069323,0.089425,0.103331,0.108977,0.106386,0.097182,0.083789,0.068659,0.053778,0.040456,0.029348,0.020601,0.014034,0.009302,0.006012,0.003797,0.005753,0.910153,0.089847,1,0.094143,0.84083,0.15917,0,1.837781,0.751404,0.248596,0,1.391928,0.648074,0.351926,0,1.044334,0.539097,0.460903,0,0.774567,0.432711,0.567289,0,0.566887,0.335529,0.664471,0,0.408764,0.25174,0.74826,0,0.290005
2522,2025/26,20,Jagiellonia Białystok,Motor Lublin,7.0,7.0,14.0,5.2697,4.6753,9.945,0.115619,1,3734.0415,0.9691,0.8411,0.0701,0.1587,0.1817,0.000389,0.002452,0.008184,0.019206,0.035556,0.05526,0.074936,0.091014,0.100883,0.103497,0.099346,0.089995,0.077475,0.063746,0.050371,0.038377,0.02829,0.020237,0.014083,0.009557,0.006336,0.01081,0.934213,0.065787,1,0.068051,0.878952,0.121048,1,0.129025,0.804016,0.195984,1,0.218136,0.713002,0.286998,1,0.338271,0.612119,0.387881,1,0.490829,0.508622,0.491378,1,0.67605,0.409277,0.590723,1,0.893364,0.319281,0.680719,1,1.141683
2523,2025/26,20,Piast Gliwice,Wisła Płock,7.0,2.0,9.0,5.3063,4.2576,9.5639,0.115619,1,3734.0415,0.9691,0.8411,0.0701,0.1587,0.1817,0.0005,0.003074,0.009988,0.022824,0.041156,0.062313,0.082335,0.097458,0.105301,0.105323,0.098586,0.087104,0.07315,0.058726,0.045285,0.033677,0.024236,0.016929,0.011506,0.007627,0.00494,0.007962,0.922459,0.077541,1,0.080713,0.860146,0.139854,1,0.150654,0.77781,0.22219,1,0.251273,0.680352,0.319648,1,0.385146,0.575051,0.424949,1,0.553297,0.469728,0.530272,0,0.634365,0.371142,0.628858,0,0.46385,0.284038,0.715962,0,0.334129
2524,2025/26,21,Wisła Płock,Widzew Łódź,5.0,2.0,7.0,4.8374,4.6399,9.4773,0.113725,1,3773.7568,0.956,0.8277,0.0658,0.1631,0.1898,0.00051,0.003143,0.010226,0.023378,0.04213,0.06369,0.083954,0.099057,0.106604,0.106128,0.098806,0.086773,0.072388,0.057693,0.04414,0.03255,0.023216,0.016063,0.010809,0.00709,0.004542,0.007109,0.920614,0.079386,1,0.082715,0.856924,0.143076,1,0.154406,0.77297,0.22703,1,0.257515,0.673913,0.326087,0,1.120591,0.567308,0.432692,0,0.83773,0.46118,0.53882,0,0.618374,0.362374,0.637626,0,0.450003,0.275601,0.724399,0,0.322413
2525,2025/26,21,Bruk-Bet Termalica Nieciecza,Górnik Zabrze,2.0,10.0,12.0,4.9353,4.9164,9.8517,0.113725,1,3773.7568,0.956,0.8277,0.0658,0.1631,0.1898,0.000401,0.00253,0.008441,0.019786,0.036563,0.056677,0.076605,0.092678,0.102268,0.104391,0.09965,0.08973,0.076749,0.062716,0.049197,0.037196,0.0272,0.019295,0.013312,0.008952,0.00588,0.009783,0.93228,0.06772,1,0.070122,0.875603,0.124397,1,0.132843,0.798998,0.201002,1,0.224397,0.706319,0.293681,1,0.347688,0.604052,0.395948,1,0.504096,0.499661,0.500339,1,0.693826,0.40001,0.59999,1,0.916265,0.310281,0.689719,1,1.170278
2526,2025/26,21,Motor Lublin,Lechia Gdańsk,2.0,2.0,4.0,5.365,4.3435,9.7085,0.113725,1,3773.7568,0.956,0.8277,0.0658,0.1631,0.1898,0.000445,0.002774,0.00915,0.021204,0.038747,0.059408,0.079441,0.09511,0.103885,0.10499,0.099253,0.08853,0.075027,0.060761,0.047249,0.035422,0.02569,0.018078,0.012376,0.008261,0.005386,0.008814,0.92768,0.07232,0,2.626649,0.868271,0.131729,0,2.027012,0.78883,0.21117,0,1.555092,0.69372,0.30628,0,1.183257,0.589836,0.410164,0,0.891198,0.484846,0.515154,0,0.66329,0.385593,0.614407,0,0.487098,0.297064,0.702936,0,0.352489
2527,2025/26,21,Zagłębie Lubin,Raków Częstochowa,2.0,8.0,10.0,4.3702,4.4689,8.8391,0.113725,1,3773.7568,0.956,0.8277,0.0658,0.1631,0.1898,0.000776,0.004566,0.014192,0.030993,0.053353,0.077045,0.097011,0.109337,0.112396,0.106881,0.095049,0.079732,0.063533,0.048366,0.035345,0.024896,0.016961,0.011209,0.007204,0.004513,0.002762,0.00388,0.89612,0.10388,1,0.109681,0.819075,0.180925,1,0.19958,0.722064,0.277936,1,0.325642,0.612727,0.387273,1,0.489836,0.500331,0.499669,1,0.692486,0.393449,0.606551,1,0.932803,0.2984,0.7016,0,0.354392,0.218668,0.781332,0,0.246755
2528,2025/26,21,Radomiak Radom,Korona Kielce,12.0,1.0,13.0,5.0982,4.4686,9.5668,0.113725,1,3773.7568,0.956,0.8277,0.0658,0.1631,0.1898,0.000484,0.002994,0.009793,0.022508,0.040785,0.062001,0.082191,0.097534,0.105578,0.10573,0.099027,0.087498,0.073444,0.058902,0.045353,0.033661,0.024165,0.016831,0.011402,0.00753,0.004857,0.007734,0.923437,0.076563,1,0.079653,0.861436,0.138564,1,0.149155,0.779245,0.220755,1,0.24943,0.681711,0.318289,1,0.383149,0.576133,0.423867,1,0.551417,0.470403,0.529597,1,0.754165,0.371376,0.628624,1,0.99054,0.283878,0.716122,1,1.25921
2529,2025/26,21,Pogoń Szczecin,Arka Gdynia,8.0,7.0,15.0,5.5711,4.3153,9.8864,0.113725,1,3773.7568,0.956,0.8277,0.0658,0.1631,0.1898,0.000399,0.002516,0.008386,0.019644,0.036286,0.056245,0.076046,0.092064,0.101695,0.10395,0.099402,0.089695,0.076907,0.063022,0.049593,0.037628,0.027622,0.019677,0.013637,0.009216,0.006085,0.010282,0.932768,0.067232,1,0.069599,0.876522,0.123478,1,0.131793,0.800476,0.199524,1,0.222548,0.708412,0.291588,1,0.344729,0.606718,0.393282,1,0.499692,0.502768,0.497232,1,0.687627,0.403365,0.596635,1,0.907913,0.31367,0.68633,1,1.159412
2530,2025/26,21,Cracovia,Jagiellonia Białystok,4.0,6.0,10.0,5.1365,4.6296,9.7661,0.113725,1,3773.7568,0.956,0.8277,0.0658,0.1631,0.1898,0.000425,0.002664,0.008834,0.020583,0.037806,0.058255,0.078273,0.094143,0.103284,0.104824,0.099497,0.08909,0.075779,0.061583,0.048046,0.036132,0.026281,0.018545,0.012728,0.008516,0.005565,0.009146,0.929688,0.070312,1,0.072907,0.871433,0.128567,1,0.137617,0.793159,0.206841,1,0.231731,0.699016,0.300984,1,0.358082,0.595732,0.404268,1,0.517964,0.490908,0.509092,1,0.711498,0.391411,0.608589,0,0.496613,0.302322,0.697678,0,0.359997
2531,2025/26,21,GKS Katowice,Legia Warszawa,6.0,7.0,13.0,4.3408,4.6713,9.0121,0.113725,1,3773.7568,0.956,0.8277,0.0658,0.1631,0.1898,0.000693,0.004127,0.012993,0.028734,0.050095,0.073265,0.093433,0.106655,0.111051,0.106963,0.096351,0.081872,0.066085,0.050963,0.037729,0.026922,0.018581,0.012441,0.008101,0.005142,0.003188,0.004617,0.903358,0.096642,1,0.101636,0.830093,0.169907,1,0.186217,0.736661,0.263339,1,0.305628,0.630005,0.369995,1,0.462027,0.518955,0.481045,1,0.655939,0.411991,0.588009,1,0.886753,0.31564,0.68436,1,1.153152,0.233769,0.766231,1,1.453423
2532,2025/26,21,Lech Poznań,Piast Gliwice,7.0,6.0,13.0,5.3979,4.6611,10.059,0.113725,1,3773.7568,0.956,0.8277,0.0658,0.1631,0.1898,0.000353,0.002257,0.007623,0.01809,0.033846,0.053126,0.07272,0.089107,0.099602,0.102999,0.099619,0.090896,0.078791,0.065257,0.051889,0.039773,0.029489,0.021212,0.014841,0.010123,0.006745,0.011642,0.937831,0.062169,1,0.064185,0.884705,0.115295,1,0.122501,0.811985,0.188015,1,0.208273,0.722878,0.277122,1,0.324515,0.623276,0.376724,1,0.472766,0.520277,0.479723,1,0.653394,0.420658,0.579342,1,0.865935,0.329762,0.670238,1,1.109384
2533,2025/26,22,Arka Gdynia,GKS Katowice,5.0,4.0,9.0,4.9353,4.1411,9.0764,0.114154,1,3818.6432,0.9431,0.8172,0.0719,0.1632,0.1915,0.000672,0.00401,0.012651,0.028053,0.049054,0.071979,0.09212,0.105561,0.110363,0.106765,0.096615,0.082494,0.066925,0.051885,0.038623,0.027719,0.019245,0.012964,0.008496,0.005428,0.003388,0.00499,0.90556,0.09444,1,0.099202,0.833581,0.166419,1,0.182024,0.741461,0.258539,1,0.299133,0.6359,0.3641,1,0.452714,0.525537,0.474463,1,0.643335,0.418772,0.581228,0,0.542613,0.322157,0.677843,0,0.38884,0.239663,0.760337,0,0.273994
2534,2025/26,22,Legia Warszawa,Wisła Płock,1.0,4.0,5.0,5.3539,3.9075,9.2614,0.114154,1,3818.6432,0.9431,0.8172,0.0719,0.1632,0.1915,0.000606,0.003649,0.011627,0.026046,0.04603,0.068287,0.088395,0.102491,0.108463,0.10625,0.0974,0.084278,0.069314,0.054498,0.041158,0.029979,0.021133,0.014459,0.009628,0.006253,0.003968,0.006091,0.912044,0.087956,1,0.092067,0.843757,0.156243,0,1.856343,0.755362,0.244638,0,1.407977,0.652871,0.347129,0,1.05806,0.544408,0.455592,0,0.786158,0.438158,0.561842,0,0.576535,0.340758,0.659242,0,0.416665,0.256481,0.743519,0,0.296361
2535,2025/26,22,Lechia Gdańsk,Zagłębie Lubin,11.0,2.0,13.0,5.11,3.8189,8.929,0.114154,1,3818.6432,0.9431,0.8172,0.0719,0.1632,0.1915,0.00075,0.004416,0.013748,0.030089,0.051943,0.07527,0.095166,0.107765,0.111373,0.106538,0.095363,0.080566,0.064692,0.049655,0.036608,0.026028,0.017908,0.011959,0.007771,0.004925,0.00305,0.004417,0.899054,0.100946,1,0.106413,0.823784,0.176216,1,0.193847,0.728618,0.271382,1,0.316606,0.620853,0.379147,1,0.476661,0.50948,0.49052,1,0.674364,0.402942,0.597058,1,0.908962,0.307579,0.692421,1,1.179024,0.227013,0.772987,1,1.482749
2536,2025/26,22,Górnik Zabrze,Pogoń Szczecin,4.0,5.0,9.0,5.7449,4.7239,10.4688,0.114154,1,3818.6432,0.9431,0.8172,0.0719,0.1632,0.1915,0.000276,0.001803,0.006234,0.015143,0.029009,0.046634,0.065389,0.082095,0.094039,0.099676,0.098832,0.092464,0.082196,0.069826,0.056958,0.044794,0.03408,0.025159,0.018069,0.012652,0.008655,0.016015,0.947535,0.052465,1,0.053892,0.9009,0.0991,1,0.104361,0.835511,0.164489,1,0.179712,0.753416,0.246584,1,0.283138,0.659377,0.340623,1,0.41646,0.559701,0.440299,0,0.820301,0.460869,0.539131,0,0.617797,0.368405,0.631595,0,0.459506
2537,2025/26,22,Korona Kielce,Lech Poznań,1.0,5.0,6.0,5.3078,4.8712,10.179,0.114154,1,3818.6432,0.9431,0.8172,0.0719,0.1632,0.1915,0.000328,0.00211,0.007177,0.017156,0.032332,0.051125,0.0705,0.087034,0.098016,0.102125,0.099521,0.091495,0.079912,0.066688,0.05343,0.041265,0.030826,0.022341,0.015749,0.010823,0.007265,0.01278,0.940897,0.059103,1,0.060921,0.889772,0.110228,1,0.11679,0.819272,0.180728,0,1.710761,0.732237,0.267763,0,1.317654,0.634221,0.365779,0,1.005726,0.532096,0.467904,0,0.759492,0.432575,0.567425,0,0.566647,0.341079,0.658921,0,0.417152
2538,2025/26,22,Raków Częstochowa,Bruk-Bet Termalica Nieciecza,4.0,6.0,10.0,5.159,3.9371,9.0961,0.114154,1,3818.6432,0.9431,0.8172,0.0719,0.1632,0.1915,0.00067,0.003997,0.012602,0.027932,0.048833,0.071658,0.091738,0.105181,0.110053,0.106575,0.096567,0.082579,0.067112,0.052134,0.038896,0.027984,0.019482,0.013163,0.008653,0.005548,0.003476,0.005169,0.905967,0.094033,1,0.098753,0.834309,0.165691,1,0.181152,0.742571,0.257429,1,0.297637,0.637389,0.362611,1,0.450374,0.527336,0.472664,1,0.639916,0.420761,0.579239,1,0.86569,0.324194,0.675806,0,0.391849,0.241615,0.758385,0,0.276565
2539,2025/26,22,Jagiellonia Białystok,Radomiak Radom,9.0,3.0,12.0,5.4717,4.6035,10.0752,0.114154,1,3818.6432,0.9431,0.8172,0.0719,0.1632,0.1915,0.000352,0.002251,0.007597,0.018023,0.033714,0.052923,0.072457,0.088821,0.099337,0.102797,0.099508,0.090884,0.078868,0.065401,0.052075,0.039974,0.029684,0.021388,0.014991,0.010244,0.006839,0.011872,0.938063,0.061937,1,0.063938,0.88514,0.11486,1,0.122009,0.812683,0.187317,1,0.207414,0.723862,0.276138,1,0.323154,0.624526,0.375474,1,0.470763,0.521729,0.478271,1,0.650608,0.422221,0.577779,1,0.862227,0.331336,0.668664,1,1.104621
2540,2025/26,22,Piast Gliwice,Motor Lublin,6.0,3.0,9.0,5.5739,4.4865,10.0603,0.114154,1,3818.6432,0.9431,0.8172,0.0719,0.1632,0.1915,0.000358,0.002279,0.007678,0.018183,0.033959,0.053224,0.072764,0.089075,0.099495,0.10284,0.099442,0.090734,0.078667,0.065182,0.051863,0.039787,0.02953,0.021268,0.014901,0.01018,0.006795,0.011797,0.937543,0.062457,1,0.064492,0.884319,0.115681,1,0.122937,0.811555,0.188445,1,0.208803,0.72248,0.27752,1,0.325066,0.622985,0.377015,1,0.473233,0.520145,0.479855,0,0.734272,0.420703,0.579297,0,0.545941,0.32997,0.67003,0,0.400432
2541,2025/26,22,Widzew Łódź,Cracovia,9.0,3.0,12.0,5.1437,4.1954,9.3392,0.114154,1,3818.6432,0.9431,0.8172,0.0719,0.1632,0.1915,0.000567,0.003447,0.011076,0.025013,0.044544,0.06657,0.086778,0.10129,0.107875,0.106312,0.098013,0.085264,0.07048,0.055677,0.042234,0.030889,0.021856,0.015006,0.010023,0.006528,0.004154,0.006403,0.915351,0.084649,1,0.088447,0.848782,0.151218,1,0.163953,0.762003,0.237997,1,0.271804,0.660713,0.339287,1,0.414435,0.552839,0.447161,1,0.592689,0.446527,0.553473,1,0.806256,0.348514,0.651486,1,1.054077,0.26325,0.73675,1,1.334652
2542,2025/26,23,Arka Gdynia,Lechia Gdańsk,4.0,1.0,5.0,5.1355,4.6913,9.8268,0.113722,1,3859.8189,0.9501,0.8213,0.0637,0.1638,0.1956,0.000408,0.002571,0.008561,0.020027,0.036936,0.057147,0.077097,0.093103,0.102555,0.104503,0.099589,0.089528,0.076454,0.062379,0.048858,0.036887,0.026936,0.019081,0.013147,0.00883,0.005792,0.009611,0.931497,0.068503,1,0.070962,0.87435,0.12565,0,2.074257,0.797254,0.202746,0,1.5958,0.70415,0.29585,0,1.217904,0.601595,0.398405,0,0.920287,0.497092,0.502908,0,0.687349,0.397503,0.602497,0,0.506673,0.307975,0.692025,0,0.368133
2543,2025/26,23,Bruk-Bet Termalica Nieciecza,Radomiak Radom,8.0,9.0,17.0,4.8822,4.8045,9.6867,0.113722,1,3859.8189,0.9501,0.8213,0.0637,0.1638,0.1956,0.000445,0.002782,0.009184,0.021295,0.038926,0.059689,0.079805,0.095506,0.10425,0.105265,0.0994,0.088538,0.074912,0.060554,0.046988,0.035143,0.025421,0.017839,0.012174,0.008099,0.005262,0.008523,0.927367,0.072633,1,0.075406,0.867678,0.132322,1,0.141934,0.787874,0.212126,1,0.238418,0.692367,0.307633,1,0.367639,0.588117,0.411883,1,0.530829,0.482852,0.517148,1,0.728045,0.383452,0.616548,1,0.958541,0.294914,0.705086,1,1.221072
2544,2025/26,23,Motor Lublin,Korona Kielce,2.0,10.0,12.0,5.3575,3.994,9.3516,0.113722,1,3859.8189,0.9501,0.8213,0.0637,0.1638,0.1956,0.000566,0.00344,0.011051,0.02495,0.044428,0.066396,0.086562,0.101063,0.107673,0.10617,0.097948,0.08528,0.070564,0.055808,0.042391,0.03105,0.022008,0.015139,0.010133,0.006614,0.004219,0.006549,0.915565,0.084435,1,0.088214,0.849169,0.150831,1,0.163497,0.762607,0.237393,1,0.271012,0.661545,0.338455,1,0.413178,0.553871,0.446129,1,0.590823,0.447702,0.552298,1,0.803628,0.349753,0.650247,1,1.050527,0.264474,0.735526,1,1.330013
2545,2025/26,23,Zagłębie Lubin,Wisła Płock,1.0,5.0,6.0,4.253,4.1771,8.4301,0.113722,1,3859.8189,0.9501,0.8213,0.0637,0.1638,0.1956,0.001021,0.005819,0.017521,0.037067,0.061813,0.086472,0.105475,0.115159,0.114679,0.105642,0.091008,0.073955,0.057086,0.042098,0.029802,0.020335,0.01342,0.008591,0.005349,0.003246,0.001924,0.002517,0.876759,0.123241,1,0.131523,0.790287,0.209713,1,0.235359,0.684812,0.315188,0,1.154584,0.569653,0.430347,0,0.843163,0.454974,0.545026,0,0.606921,0.349332,0.650668,0,0.429756,0.258324,0.741676,0,0.298843,0.18437,0.81563,0,0.203794
2546,2025/26,23,Pogoń Szczecin,Widzew Łódź,2.0,2.0,4.0,5.7861,4.3786,10.1647,0.113722,1,3859.8189,0.9501,0.8213,0.0637,0.1638,0.1956,0.000336,0.002153,0.007297,0.017388,0.032673,0.051523,0.070872,0.087298,0.09812,0.102058,0.099314,0.091201,0.079587,0.066379,0.053168,0.041064,0.030687,0.022254,0.015703,0.010805,0.007264,0.012857,0.940154,0.059846,0,2.815978,0.888631,0.111369,0,2.194908,0.817759,0.182241,0,1.702424,0.73046,0.26954,0,1.31104,0.632341,0.367659,0,1.000599,0.530283,0.469717,0,0.755625,0.430969,0.569031,0,0.56382,0.339768,0.660232,0,0.415164
2547,2025/26,23,Cracovia,Piast Gliwice,2.0,1.0,3.0,5.054,4.6296,9.6836,0.113722,1,3859.8189,0.9501,0.8213,0.0637,0.1638,0.1956,0.000447,0.002792,0.00921,0.021344,0.038996,0.059768,0.079877,0.095556,0.104268,0.105252,0.099361,0.088484,0.074853,0.060498,0.04694,0.035105,0.025394,0.01782,0.012162,0.008092,0.005258,0.008522,0.92721,0.07279,0,2.620179,0.867442,0.132558,0,2.020735,0.787565,0.212435,0,1.549121,0.69201,0.30799,0,1.177687,0.587741,0.412259,0,0.886105,0.48249,0.51751,0,0.658726,0.383129,0.616871,0,0.483095,0.294644,0.705356,0,0.349053
2548,2025/26,23,GKS Katowice,Górnik Zabrze,3.0,3.0,6.0,4.7739,4.8203,9.5942,0.113722,1,3859.8189,0.9501,0.8213,0.0637,0.1638,0.1956,0.000473,0.002935,0.009629,0.02219,0.040311,0.061431,0.081626,0.097083,0.105317,0.105685,0.099179,0.087795,0.073824,0.059306,0.045735,0.033994,0.024438,0.017042,0.011559,0.007642,0.004934,0.007871,0.924461,0.075539,1,0.078544,0.863031,0.136969,1,0.147305,0.781404,0.218596,0,1.52053,0.684321,0.315679,0,1.15303,0.579005,0.420995,0,0.865133,0.47332,0.52668,0,0.641162,0.374141,0.625859,0,0.46863,0.286345,0.713655,0,0.337356
2549,2025/26,23,Lech Poznań,Raków Częstochowa,6.0,2.0,8.0,5.3029,4.637,9.9399,0.113722,1,3859.8189,0.9501,0.8213,0.0637,0.1638,0.1956,0.000381,0.002414,0.008094,0.019067,0.03541,0.055168,0.074952,0.091157,0.10113,0.103794,0.099633,0.090223,0.077616,0.063797,0.050343,0.038294,0.028175,0.020112,0.013964,0.009451,0.006248,0.010575,0.934634,0.065366,1,0.067601,0.879465,0.120535,1,0.128441,0.804513,0.195487,1,0.217519,0.713355,0.286645,1,0.337776,0.612225,0.387775,0,0.94733,0.508431,0.491569,0,0.710152,0.408798,0.591202,0,0.525597,0.318574,0.681426,0,0.383568
2550,2025/26,23,Jagiellonia Białystok,Legia Warszawa,4.0,7.0,11.0,5.1708,4.6024,9.7732,0.113722,1,3859.8189,0.9501,0.8213,0.0637,0.1638,0.1956,0.000423,0.002655,0.008806,0.020525,0.037713,0.058133,0.07814,0.094021,0.103192,0.104777,0.099496,0.08913,0.075849,0.061671,0.048139,0.03622,0.02636,0.018611,0.01278,0.008556,0.005594,0.009209,0.929878,0.070122,1,0.072702,0.871744,0.128256,1,0.137259,0.793604,0.206396,1,0.231171,0.699583,0.300417,1,0.357271,0.596391,0.403609,1,0.516859,0.491614,0.508386,1,0.710061,0.392118,0.607882,1,0.936192,0.302988,0.697012,0,0.360953
2551,2025/26,24,Wisła Płock,Arka Gdynia,6.0,2.0,8.0,4.7226,4.6569,9.3796,0.115383,1,3903.4561,0.9492,0.8244,0.0678,0.1646,0.189,0.000555,0.003377,0.010868,0.024592,0.043894,0.065759,0.085944,0.10059,0.10743,0.106179,0.098176,0.085658,0.071014,0.056263,0.042804,0.031395,0.022277,0.015337,0.010272,0.006707,0.004279,0.006632,0.916715,0.083285,1,0.086959,0.850956,0.149044,1,0.161395,0.765012,0.234988,1,0.267863,0.664422,0.335578,1,0.408837,0.556992,0.443008,0,0.814168,0.450814,0.549186,0,0.599317,0.352638,0.647362,0,0.434849,0.26698,0.73302,0,0.310583
2552,2025/26,24,Legia Warszawa,Cracovia,4.0,3.0,7.0,5.5107,4.223,9.7337,0.115383,1,3903.4561,0.9492,0.8244,0.0678,0.1646,0.189,0.00045,0.002795,0.009182,0.02121,0.038662,0.059175,0.079046,0.094596,0.103339,0.104512,0.098922,0.088386,0.075069,0.060954,0.047544,0.035766,0.02604,0.018402,0.012655,0.008489,0.005564,0.009243,0.927701,0.072299,1,0.075046,0.868526,0.131474,1,0.140958,0.78948,0.21052,1,0.236381,0.694884,0.305116,0,1.187064,0.591545,0.408455,0,0.895374,0.487034,0.512966,0,0.667545,0.388112,0.611888,0,0.491206,0.299726,0.700274,0,0.356284
2553,2025/26,24,Lechia Gdańsk,Jagiellonia Białystok,2.0,9.0,11.0,5.2109,4.6942,9.9051,0.115383,1,3903.4561,0.9492,0.8244,0.0678,0.1646,0.189,0.000397,0.002501,0.008332,0.019516,0.036059,0.055926,0.075675,0.091704,0.101412,0.103789,0.099379,0.089796,0.077102,0.06327,0.049858,0.037881,0.027845,0.019861,0.013781,0.009324,0.006163,0.010432,0.933195,0.066805,1,0.069141,0.877269,0.122731,1,0.130941,0.801595,0.198405,1,0.221152,0.709891,0.290109,1,0.342644,0.608479,0.391521,1,0.496793,0.50469,0.49531,1,0.68381,0.405311,0.594689,1,0.9031,0.315515,0.684485,0,0.379089
2554,2025/26,24,Motor Lublin,Górnik Zabrze,4.0,6.0,10.0,4.941,4.4699,9.4109,0.115383,1,3903.4561,0.9492,0.8244,0.0678,0.1646,0.189,0.000545,0.003323,0.010713,0.024282,0.043417,0.065163,0.085326,0.10006,0.107078,0.106048,0.098262,0.085918,0.071389,0.056689,0.043228,0.031782,0.022607,0.015603,0.010477,0.006859,0.004387,0.006847,0.917721,0.082279,1,0.085862,0.852558,0.147442,1,0.159514,0.767233,0.232767,1,0.264965,0.667173,0.332827,1,0.404706,0.560095,0.439905,1,0.579648,0.454048,0.545952,1,0.789553,0.355786,0.644214,0,0.439724,0.269868,0.730132,0,0.314529
2555,2025/26,24,Radomiak Radom,GKS Katowice,8.0,3.0,11.0,5.3717,3.9314,9.3032,0.115383,1,3903.4561,0.9492,0.8244,0.0678,0.1646,0.189,0.000598,0.0036,0.011471,0.025706,0.045467,0.067536,0.087565,0.101728,0.107902,0.105973,0.097422,0.084558,0.069776,0.055055,0.041735,0.030518,0.021601,0.014843,0.009927,0.006476,0.00413,0.006415,0.913158,0.086842,1,0.090847,0.845622,0.154378,1,0.167683,0.758057,0.241943,1,0.276996,0.656329,0.343671,1,0.421093,0.548427,0.451573,1,0.600701,0.442454,0.557546,1,0.815419,0.345031,0.654969,1,1.06412,0.260474,0.739526,0,0.301745
2556,2025/26,24,Korona Kielce,Bruk-Bet Termalica Nieciecza,5.0,6.0,11.0,5.1665,4.3581,9.5245,0.115383,1,3903.4561,0.9492,0.8244,0.0678,0.1646,0.189,0.000509,0.003124,0.010141,0.023145,0.041674,0.062994,0.083083,0.098147,0.105814,0.105589,0.098587,0.086874,0.072752,0.058233,0.044765,0.033182,0.023799,0.016565,0.011217,0.007407,0.004779,0.007622,0.921407,0.078593,1,0.081853,0.858414,0.141586,1,0.152669,0.775331,0.224669,1,0.254466,0.677184,0.322816,1,0.389812,0.57137,0.42863,1,0.559718,0.465782,0.534218,1,0.764038,0.367195,0.632805,1,1.001863,0.280321,0.719679,0,0.32895
2557,2025/26,24,Raków Częstochowa,Pogoń Szczecin,6.0,0.0,6.0,5.1984,4.5435,9.7419,0.115383,1,3903.4561,0.9492,0.8244,0.0678,0.1646,0.189,0.000441,0.00275,0.009063,0.020998,0.038377,0.058878,0.078813,0.094484,0.103371,0.10467,0.099161,0.088654,0.075321,0.061162,0.047694,0.03586,0.026087,0.018415,0.012647,0.008469,0.00554,0.009143,0.928371,0.071629,1,0.074324,0.869492,0.130508,1,0.139846,0.790679,0.209321,0,1.563888,0.696195,0.303805,0,1.191369,0.592824,0.407176,0,0.89851,0.488154,0.511846,0,0.669732,0.388993,0.611007,0,0.492647,0.300339,0.699661,0,0.357159
2558,2025/26,24,Piast Gliwice,Zagłębie Lubin,10.0,7.0,17.0,5.4283,3.9203,9.3485,0.115383,1,3903.4561,0.9492,0.8244,0.0678,0.1646,0.189,0.000582,0.003513,0.011224,0.025223,0.044739,0.066646,0.086663,0.100979,0.10743,0.105832,0.097595,0.084974,0.070343,0.055682,0.042349,0.03107,0.022066,0.015214,0.01021,0.006684,0.004277,0.006703,0.914718,0.085282,1,0.089139,0.848073,0.151927,1,0.164789,0.76141,0.23859,1,0.272584,0.66043,0.33957,1,0.414863,0.553,0.447,1,0.592397,0.447168,0.552832,1,0.804821,0.349573,0.650427,1,1.051043,0.264599,0.735401,1,1.32954
2559,2025/26,24,Widzew Łódź,Lech Poznań,3.0,5.0,8.0,5.0798,4.6653,9.7451,0.115383,1,3903.4561,0.9492,0.8244,0.0678,0.1646,0.189,0.000439,0.002739,0.009032,0.02094,0.038296,0.058789,0.078735,0.094436,0.10336,0.104695,0.099214,0.088721,0.075391,0.061225,0.047745,0.035898,0.026113,0.018431,0.012655,0.008472,0.005541,0.009133,0.928554,0.071446,1,0.074126,0.869765,0.130235,1,0.139532,0.79103,0.20897,1,0.23442,0.696594,0.303406,1,0.361552,0.593234,0.406766,0,0.899517,0.488539,0.511461,0,0.670484,0.389326,0.610674,0,0.493192,0.300604,0.699396,0,0.357539
2560,2025/26,25,Arka Gdynia,Widzew Łódź,8.0,3.0,11.0,5.0919,4.4835,9.5754,0.114839,1,3945.7564,0.9491,0.8258,0.0764,0.1648,0.1801,0.000488,0.00301,0.009824,0.022538,0.040783,0.061935,0.082048,0.097331,0.105352,0.105525,0.098881,0.087428,0.073451,0.058972,0.045464,0.033792,0.024298,0.016953,0.011506,0.007614,0.004922,0.007884,0.923358,0.076642,1,0.079739,0.861423,0.138577,1,0.14917,0.779374,0.220626,1,0.249264,0.682043,0.317957,1,0.382662,0.576691,0.423309,1,0.550449,0.471165,0.528835,1,0.752546,0.372285,0.627715,1,0.988096,0.284857,0.715143,0,0.335273
2561,2025/26,25,Bruk-Bet Termalica Nieciecza,Motor Lublin,4.0,4.0,8.0,5.2861,4.6265,9.9126,0.114839,1,3945.7564,0.9491,0.8258,0.0764,0.1648,0.1801,0.000393,0.00248,0.008277,0.019413,0.035913,0.055759,0.07552,0.091592,0.101359,0.103799,0.099441,0.089893,0.077215,0.063384,0.049961,0.037967,0.027913,0.019912,0.013818,0.00935,0.00618,0.010461,0.933524,0.066476,1,0.068789,0.877764,0.122236,1,0.130377,0.802244,0.197756,1,0.220342,0.710653,0.289347,1,0.341571,0.609294,0.390706,0,0.9398,0.505495,0.494505,0,0.704198,0.406054,0.593946,0,0.520967,0.316161,0.683839,0,0.380032
2562,2025/26,25,Zagłębie Lubin,Lech Poznań,2.0,3.0,5.0,4.5154,5.0035,9.5189,0.114839,1,3945.7564,0.9491,0.8258,0.0764,0.1648,0.1801,0.000505,0.003106,0.010102,0.023094,0.041639,0.063005,0.083161,0.098288,0.105993,0.105768,0.098734,0.086965,0.072782,0.058208,0.0447,0.033093,0.023701,0.01647,0.011134,0.007338,0.004724,0.00749,0.921554,0.078446,1,0.081694,0.858549,0.141451,0,1.955801,0.775387,0.224613,0,1.493378,0.677099,0.322901,0,1.130411,0.571107,0.428893,0,0.846547,0.465338,0.534662,0,0.626121,0.366605,0.633395,0,0.45666,0.279639,0.720361,0,0.328003
2563,2025/26,25,Górnik Zabrze,Raków Częstochowa,4.0,7.0,11.0,5.0955,4.3446,9.4401,0.114839,1,3945.7564,0.9491,0.8258,0.0764,0.1648,0.1801,0.000533,0.003261,0.010541,0.023953,0.042931,0.06458,0.084747,0.099592,0.106796,0.105981,0.098394,0.086201,0.071762,0.057094,0.043621,0.032132,0.022899,0.015836,0.010654,0.006989,0.004479,0.007024,0.918779,0.081221,1,0.084709,0.854199,0.145801,1,0.157591,0.769452,0.230548,1,0.262076,0.669861,0.330139,1,0.400685,0.563065,0.436935,1,0.57436,0.457084,0.542916,1,0.782887,0.358691,0.641309,1,1.025295,0.27249,0.72751,0,0.318127
2564,2025/26,25,Radomiak Radom,Legia Warszawa,3.0,7.0,10.0,5.2418,4.3206,9.5624,0.114839,1,3945.7564,0.9491,0.8258,0.0764,0.1648,0.1801,0.000495,0.003046,0.009923,0.022725,0.04105,0.062241,0.082332,0.097534,0.10544,0.105495,0.098752,0.087237,0.073234,0.058759,0.045276,0.033638,0.02418,0.016868,0.011448,0.007576,0.004898,0.007854,0.92276,0.07724,1,0.080386,0.860519,0.139481,1,0.150219,0.778188,0.221812,1,0.250787,0.680654,0.319346,1,0.384701,0.575213,0.424787,1,0.553014,0.469719,0.530281,1,0.755621,0.370967,0.629033,0,0.463571,0.28373,0.71627,0,0.333698
2565,2025/26,25,Pogoń Szczecin,Korona Kielce,10.0,3.0,13.0,5.5949,4.3295,9.9244,0.114839,1,3945.7564,0.9491,0.8258,0.0764,0.1648,0.1801,0.000395,0.002491,0.008296,0.01943,0.035902,0.05569,0.075376,0.091379,0.101109,0.103554,0.099244,0.089772,0.077179,0.063427,0.050066,0.03811,0.028072,0.020069,0.013961,0.009472,0.006279,0.010725,0.933485,0.066515,1,0.06883,0.877795,0.122205,1,0.130342,0.802419,0.197581,1,0.220124,0.71104,0.28896,1,0.341027,0.609931,0.390069,1,0.494409,0.506377,0.493623,1,0.680474,0.407133,0.592867,1,0.898615,0.317362,0.682638,1,1.147714
2566,2025/26,25,Cracovia,Wisła Płock,11.0,4.0,15.0,4.8689,4.2422,9.1111,0.114839,1,3945.7564,0.9491,0.8258,0.0764,0.1648,0.1801,0.00066,0.003943,0.012459,0.027672,0.048475,0.071267,0.091402,0.104972,0.110005,0.106679,0.096782,0.082853,0.067396,0.052393,0.03911,0.028147,0.019598,0.013241,0.008702,0.005576,0.003491,0.005177,0.906791,0.093209,1,0.097844,0.835523,0.164477,1,0.179697,0.744122,0.255878,1,0.295551,0.63915,0.36085,1,0.447617,0.529145,0.470855,1,0.636493,0.422466,0.577534,1,0.861647,0.325683,0.674317,1,1.12183,0.242831,0.757169,1,1.41539
2567,2025/26,25,GKS Katowice,Lechia Gdańsk,5.0,5.0,10.0,4.9635,4.3943,9.3578,0.114839,1,3945.7564,0.9491,0.8258,0.0764,0.1648,0.1801,0.000561,0.003413,0.010975,0.02481,0.044233,0.066185,0.086387,0.100968,0.107677,0.106264,0.098103,0.08546,0.070738,0.055955,0.0425,0.031122,0.022048,0.015155,0.010134,0.006607,0.004208,0.006499,0.916009,0.083991,1,0.08773,0.849824,0.150176,1,0.162726,0.763437,0.236563,1,0.269924,0.66247,0.33753,1,0.411781,0.554792,0.445208,1,0.589162,0.448529,0.551471,1,0.801783,0.350425,0.649575,0,0.431437,0.264965,0.735035,0,0.307837
2568,2025/26,25,Jagiellonia Białystok,Piast Gliwice,7.0,7.0,14.0,5.3547,4.6654,10.0201,0.114839,1,3945.7564,0.9491,0.8258,0.0764,0.1648,0.1801,0.000367,0.002333,0.007839,0.018511,0.034479,0.053898,0.073498,0.08975,0.100001,0.10311,0.09946,0.090528,0.078294,0.064712,0.051359,0.039299,0.029091,0.020896,0.014601,0.009948,0.006621,0.011406,0.936471,0.063529,1,0.065637,0.882572,0.117428,1,0.124914,0.809074,0.190926,1,0.211865,0.719324,0.280676,1,0.329443,0.619323,0.380677,1,0.479128,0.516213,0.483787,1,0.661236,0.416753,0.583247,1,0.875261,0.326226,0.673774,1,1.120165
2569,2025/26,26,Jagiellonia Białystok,Wisła Płock,8.0,1.0,9.0,5.5852,4.4243,10.0095,0.113655,1,3987.1648,0.9576,0.8321,0.0749,0.159,0.1837,0.000368,0.002337,0.007858,0.018566,0.034585,0.05406,0.0737,0.089958,0.10018,0.103229,0.099503,0.090497,0.078204,0.064583,0.051213,0.039153,0.028959,0.020784,0.014511,0.009879,0.00657,0.011303,0.936286,0.063714,1,0.065835,0.882226,0.117774,1,0.125307,0.808526,0.191474,1,0.212542,0.718568,0.281432,1,0.330495,0.618388,0.381612,1,0.480639,0.515159,0.484841,0,0.723935,0.415656,0.584344,0,0.537266,0.32516,0.67484,0,0.393279
2570,2025/26,26,Legia Warszawa,Raków Częstochowa,7.0,3.0,10.0,5.2151,4.3967,9.6118,0.113655,1,3987.1648,0.9576,0.8321,0.0749,0.159,0.1837,0.000471,0.002922,0.009583,0.022086,0.040128,0.061168,0.081313,0.096766,0.105048,0.105506,0.099112,0.087837,0.073956,0.059499,0.045957,0.03422,0.024648,0.017224,0.011708,0.007759,0.005023,0.008068,0.924811,0.075189,1,0.078166,0.863642,0.136358,1,0.146597,0.782329,0.217671,1,0.245479,0.685564,0.314436,1,0.377514,0.580516,0.419484,1,0.543838,0.47501,0.52499,1,0.744419,0.375898,0.624102,0,0.471442,0.288061,0.711939,0,0.339763
2571,2025/26,26,Lechia Gdańsk,Pogoń Szczecin,7.0,9.0,16.0,5.4506,4.7045,10.1551,0.113655,1,3987.1648,0.9576,0.8321,0.0749,0.159,0.1837,0.000332,0.002135,0.007255,0.017325,0.032615,0.051509,0.070938,0.087456,0.098351,0.102324,0.099566,0.091397,0.079703,0.06641,0.053123,0.040963,0.030553,0.022109,0.015561,0.010677,0.007156,0.012541,0.940339,0.059661,1,0.061515,0.88883,0.11117,1,0.11785,0.817891,0.182109,1,0.201026,0.730436,0.269564,1,0.314114,0.632084,0.367916,1,0.458733,0.52976,0.47024,1,0.635331,0.430194,0.569806,1,0.84352,0.338797,0.661203,1,1.082356
2572,2025/26,26,Motor Lublin,Zagłębie Lubin,4.0,5.0,9.0,5.1944,4.0853,9.2797,0.113655,1,3987.1648,0.9576,0.8321,0.0749,0.159,0.1837,0.000589,0.003564,0.011409,0.025666,0.04553,0.067772,0.087987,0.102281,0.108479,0.106462,0.09774,0.08467,0.069695,0.054825,0.041413,0.030161,0.021252,0.014531,0.009666,0.006269,0.003973,0.006066,0.913242,0.086758,1,0.090754,0.84547,0.15453,1,0.167862,0.757483,0.242517,1,0.277754,0.655202,0.344798,1,0.422811,0.546723,0.453277,1,0.603813,0.440261,0.559739,0,0.580285,0.342521,0.657479,0,0.419342,0.257851,0.742149,0,0.298205
2573,2025/26,26,Korona Kielce,Arka Gdynia,7.0,3.0,10.0,4.9652,4.5335,9.4988,0.113655,1,3987.1648,0.9576,0.8321,0.0749,0.159,0.1837,0.000504,0.003106,0.01012,0.023166,0.041804,0.063283,0.083531,0.098694,0.106362,0.106037,0.098863,0.08695,0.072643,0.057983,0.04443,0.032816,0.023442,0.016246,0.01095,0.007194,0.004617,0.007257,0.9213,0.0787,1,0.08197,0.858017,0.141983,1,0.153131,0.774486,0.225514,1,0.255556,0.675791,0.324209,1,0.391871,0.569429,0.430571,1,0.563121,0.463392,0.536608,1,0.769182,0.364528,0.635472,0,0.453388,0.277578,0.722422,0,0.325146
2574,2025/26,26,Cracovia,GKS Katowice,6.0,3.0,9.0,5.4548,4.0622,9.517,0.113655,1,3987.1648,0.9576,0.8321,0.0749,0.159,0.1837,0.000508,0.003124,0.010153,0.023188,0.041766,0.063136,0.083256,0.098318,0.105948,0.105661,0.098591,0.086817,0.072652,0.058113,0.044642,0.03307,0.023704,0.01649,0.011162,0.007368,0.004753,0.007581,0.921261,0.078739,1,0.082012,0.858126,0.141874,1,0.153005,0.774869,0.225131,1,0.255061,0.676552,0.323448,1,0.390746,0.570604,0.429396,1,0.56106,0.464943,0.535057,0,0.625382,0.366352,0.633648,0,0.456262,0.279535,0.720465,0,0.327859
2575,2025/26,26,Lech Poznań,Bruk-Bet Termalica Nieciecza,6.0,5.0,11.0,5.5045,4.5649,10.0694,0.113655,1,3987.1648,0.9576,0.8321,0.0749,0.159,0.1837,0.000352,0.002249,0.007597,0.018032,0.033745,0.052983,0.072548,0.088931,0.099448,0.102891,0.099569,0.090906,0.078852,0.065355,0.052009,0.039899,0.029609,0.021319,0.014931,0.010196,0.006801,0.011779,0.938026,0.061974,1,0.063978,0.885043,0.114957,1,0.122119,0.812495,0.187505,1,0.207645,0.723564,0.276436,1,0.323566,0.624116,0.375884,1,0.471419,0.521225,0.478775,1,0.651573,0.421656,0.578344,1,0.863566,0.33075,0.66925,0,0.401597
2576,2025/26,26,Piast Gliwice,Radomiak Radom,5.0,3.0,8.0,5.6879,4.7869,10.4749,0.113655,1,3987.1648,0.9576,0.8321,0.0749,0.159,0.1837,0.000272,0.001783,0.006178,0.015038,0.028858,0.04646,0.06523,0.081986,0.094001,0.099713,0.098928,0.092597,0.082339,0.069961,0.057071,0.044879,0.034138,0.025195,0.018086,0.012658,0.008653,0.015975,0.947871,0.052129,1,0.053537,0.901411,0.098589,1,0.103794,0.836181,0.163819,1,0.178911,0.754194,0.245806,1,0.282105,0.660193,0.339807,0,1.079378,0.56048,0.43952,0,0.822073,0.461552,0.538448,0,0.619064,0.368955,0.631045,0,0.460378
2577,2025/26,26,Widzew Łódź,Górnik Zabrze,1.0,2.0,3.0,4.9212,4.6483,9.5695,0.113655,1,3987.1648,0.9576,0.8321,0.0749,0.159,0.1837,0.00048,0.002978,0.009752,0.022436,0.04069,0.061904,0.082117,0.097502,0.105594,0.105785,0.099107,0.087585,0.073525,0.058967,0.045398,0.033688,0.024179,0.016834,0.011399,0.007524,0.00485,0.007707,0.923665,0.076335,0,2.572623,0.861761,0.138239,0,1.978774,0.779645,0.220355,0,1.512515,0.682143,0.317857,0,1.146153,0.576549,0.423451,0,0.859317,0.470764,0.529236,0,0.636321,0.371657,0.628343,0,0.464669,0.284072,0.715928,0,0.334175
2578,2025/26,27,Arka Gdynia,Zagłębie Lubin,5.0,5.0,10.0,5.3734,4.1805,9.554,0.112447,1,4026.963,0.9489,0.822,0.0805,0.159,0.1835,0.000486,0.003008,0.009842,0.022619,0.040971,0.062251,0.082465,0.097782,0.105753,0.105804,0.098999,0.087385,0.073276,0.05871,0.045161,0.033488,0.024021,0.016717,0.011316,0.007469,0.004815,0.007662,0.923075,0.076925,1,0.080045,0.860824,0.139176,1,0.149865,0.778359,0.221641,1,0.250568,0.680577,0.319423,1,0.384815,0.574824,0.425176,1,0.553692,0.469019,0.530981,1,0.757111,0.37002,0.62998,0,0.462067,0.282635,0.717365,0,0.33217
2579,2025/26,27,Bruk-Bet Termalica Nieciecza,Piast Gliwice,3.0,9.0,12.0,5.1603,4.8183,9.9787,0.112447,1,4026.963,0.9489,0.822,0.0805,0.159,0.1835,0.000364,0.002323,0.00784,0.018581,0.034695,0.054323,0.074134,0.090526,0.100793,0.103782,0.099907,0.090699,0.078197,0.064395,0.050896,0.038766,0.028553,0.020397,0.01417,0.009594,0.006343,0.010724,0.936198,0.063802,1,0.065929,0.881875,0.118125,1,0.125705,0.807741,0.192259,1,0.213514,0.717215,0.282785,1,0.33238,0.616422,0.383578,1,0.483824,0.51264,0.48736,1,0.668182,0.412733,0.587267,1,0.884955,0.322034,0.677966,1,1.133098
2580,2025/26,27,Lechia Gdańsk,Korona Kielce,6.0,5.0,11.0,5.6179,4.5545,10.1725,0.112447,1,4026.963,0.9489,0.822,0.0805,0.159,0.1835,0.000325,0.002097,0.007152,0.017126,0.032321,0.051159,0.070594,0.08718,0.09819,0.102292,0.099652,0.09157,0.079927,0.066651,0.053355,0.041168,0.030724,0.022244,0.015664,0.010752,0.007209,0.012648,0.940979,0.059021,1,0.060835,0.88982,0.11018,1,0.116737,0.819226,0.180774,1,0.199395,0.732046,0.267954,1,0.311912,0.633856,0.366144,1,0.455934,0.531564,0.468436,1,0.631931,0.431913,0.568087,1,0.839532,0.340342,0.659658,0,0.416034
2581,2025/26,27,Górnik Zabrze,Cracovia,4.0,6.0,10.0,5.4171,4.4565,9.8736,0.112447,1,4026.963,0.9489,0.822,0.0805,0.159,0.1835,0.000393,0.002487,0.008322,0.019558,0.036223,0.056266,0.07619,0.092333,0.102045,0.104315,0.099714,0.089905,0.076996,0.062995,0.049476,0.037454,0.027422,0.019477,0.013455,0.00906,0.005959,0.009954,0.933018,0.066982,1,0.06933,0.876753,0.123247,1,0.13153,0.800562,0.199438,1,0.222441,0.70823,0.29177,1,0.344987,0.606184,0.393816,1,0.500571,0.501869,0.498131,1,0.689416,0.402155,0.597845,0,0.514424,0.31225,0.68775,0,0.37433
2582,2025/26,27,Radomiak Radom,Motor Lublin,6.0,10.0,16.0,5.4711,4.2827,9.7538,0.112447,1,4026.963,0.9489,0.822,0.0805,0.159,0.1835,0.000427,0.002678,0.00888,0.020687,0.037982,0.058492,0.078536,0.094382,0.103454,0.1049,0.099475,0.088985,0.075619,0.061399,0.047861,0.035964,0.026141,0.018434,0.012645,0.008456,0.005524,0.009079,0.929347,0.070653,1,0.073273,0.870855,0.129145,1,0.13828,0.792319,0.207681,1,0.232791,0.697937,0.302063,1,0.359626,0.594483,0.405517,1,0.520064,0.489582,0.510418,1,0.714203,0.390107,0.609893,1,0.941333,0.301122,0.698878,1,1.20024
2583,2025/26,27,Pogoń Szczecin,Legia Warszawa,4.0,3.0,7.0,5.434,4.6048,10.0388,0.112447,1,4026.963,0.9489,0.822,0.0805,0.159,0.1835,0.000352,0.002256,0.007634,0.018141,0.033973,0.053354,0.073042,0.089485,0.099974,0.103302,0.099808,0.090951,0.07872,0.065087,0.051656,0.039512,0.02923,0.020976,0.014639,0.009958,0.006617,0.011334,0.937644,0.062356,1,0.064384,0.88429,0.11571,1,0.12297,0.811248,0.188752,1,0.209181,0.721763,0.278237,0,1.279283,0.62179,0.37821,0,0.972305,0.518488,0.481512,0,0.730823,0.41868,0.58132,0,0.542454,0.327729,0.672271,0,0.397093
2584,2025/26,27,GKS Katowice,Wisła Płock,10.0,2.0,12.0,5.0295,4.2298,9.2592,0.112447,1,4026.963,0.9489,0.822,0.0805,0.159,0.1835,0.000584,0.003548,0.011391,0.025687,0.045645,0.068023,0.08837,0.102738,0.108924,0.106812,0.097939,0.084701,0.069577,0.054599,0.041128,0.029859,0.020966,0.014281,0.00946,0.006109,0.003853,0.005808,0.913146,0.086854,1,0.090859,0.845123,0.154877,1,0.168273,0.756753,0.243247,1,0.278719,0.654015,0.345985,1,0.424625,0.54509,0.45491,1,0.606804,0.438279,0.561721,1,0.824901,0.34034,0.65966,1,1.07781,0.255639,0.744361,1,1.36399
2585,2025/26,27,Raków Częstochowa,Widzew Łódź,4.0,5.0,9.0,5.261,4.0177,9.2787,0.112447,1,4026.963,0.9489,0.822,0.0805,0.159,0.1835,0.000583,0.003538,0.011351,0.025583,0.045449,0.067729,0.088007,0.102364,0.108604,0.106599,0.09786,0.084754,0.069737,0.054829,0.041389,0.030121,0.021205,0.014485,0.009625,0.006236,0.003947,0.006008,0.913498,0.086502,1,0.090474,0.845769,0.154231,1,0.167509,0.757762,0.242238,1,0.277386,0.655398,0.344602,1,0.422512,0.546794,0.453206,1,0.603683,0.440195,0.559805,0,0.580167,0.342335,0.657665,0,0.41906,0.257581,0.742419,0,0.297841
2586,2025/26,27,Jagiellonia Białystok,Lech Poznań,3.0,3.0,6.0,5.4742,4.66,10.1341,0.112447,1,4026.963,0.9489,0.822,0.0805,0.159,0.1835,0.000331,0.002135,0.007269,0.01738,0.032746,0.051741,0.071265,0.087838,0.098729,0.102635,0.099763,0.09146,0.079637,0.066242,0.052889,0.040699,0.030288,0.021865,0.015351,0.010505,0.007021,0.01221,0.940139,0.059861,1,0.061728,0.888398,0.111602,1,0.118336,0.817133,0.182867,0,1.698994,0.729294,0.270706,0,1.306723,0.630565,0.369435,0,0.99578,0.52793,0.47207,0,0.750628,0.428167,0.571833,0,0.558909,0.336708,0.663292,0,0.410539
2587,2025/26,28,Wisła Płock,Lechia Gdańsk,4.0,13.0,17.0,5.0705,4.7476,9.8181,0.111332,1,4067.9471,0.9546,0.8316,0.0843,0.1612,0.1733,0.000397,0.00252,0.008442,0.019849,0.036757,0.057054,0.077159,0.09334,0.102926,0.104928,0.099983,0.089824,0.07662,0.062413,0.048786,0.036742,0.026755,0.018893,0.012971,0.008678,0.005669,0.009294,0.932035,0.067965,1,0.070385,0.874981,0.125019,1,0.133553,0.797822,0.202178,1,0.22587,0.704482,0.295518,1,0.350293,0.601556,0.398444,1,0.508236,0.496628,0.503372,1,0.699914,0.396645,0.603355,1,0.924714,0.306821,0.693179,1,1.181492
2588,2025/26,28,Legia Warszawa,Górnik Zabrze,6.0,3.0,9.0,5.1433,4.3827,9.5259,0.111332,1,4067.9471,0.9546,0.8316,0.0843,0.1612,0.1733,0.000483,0.003001,0.009848,0.022683,0.041154,0.06259,0.082951,0.098348,0.1063,0.106236,0.099248,0.08743,0.073136,0.058431,0.044801,0.033101,0.023648,0.016386,0.01104,0.00725,0.004649,0.007287,0.922832,0.077168,1,0.080308,0.860241,0.139759,1,0.150542,0.77729,0.22271,1,0.251942,0.678942,0.321058,1,0.38722,0.572642,0.427358,1,0.557495,0.466406,0.533594,0,0.62812,0.367158,0.632842,0,0.457534,0.279728,0.720272,0,0.328126
2589,2025/26,28,Motor Lublin,Raków Częstochowa,7.0,4.0,11.0,5.0075,4.5081,9.5156,0.111332,1,4067.9471,0.9546,0.8316,0.0843,0.1612,0.1733,0.000484,0.00301,0.009877,0.022749,0.041269,0.062752,0.083141,0.098536,0.106454,0.106332,0.099277,0.087393,0.073048,0.05831,0.044666,0.032967,0.023526,0.016282,0.010957,0.007185,0.004601,0.007184,0.922611,0.077389,1,0.080548,0.859858,0.140142,1,0.150987,0.776717,0.223283,1,0.252679,0.678181,0.321819,1,0.38834,0.571727,0.428273,1,0.559094,0.465395,0.534605,1,0.764869,0.366118,0.633882,1,1.004799,0.278725,0.721275,0,0.326735
2590,2025/26,28,Zagłębie Lubin,Radomiak Radom,1.0,3.0,4.0,4.8403,4.8509,9.6912,0.111332,1,4067.9471,0.9546,0.8316,0.0843,0.1612,0.1733,0.000431,0.00271,0.009006,0.021002,0.038572,0.059376,0.079636,0.095536,0.10447,0.105614,0.099795,0.088902,0.075195,0.060736,0.047073,0.035151,0.025378,0.017768,0.012094,0.008022,0.005196,0.008337,0.92828,0.07172,0,2.634988,0.868904,0.131096,0,2.031828,0.789269,0.210731,0,1.557172,0.693732,0.306268,0,1.183296,0.589262,0.410738,0,0.8898,0.483648,0.516352,0,0.660966,0.383853,0.616147,0,0.48427,0.294951,0.705049,0,0.349488
2591,2025/26,28,Korona Kielce,Jagiellonia Białystok,5.0,3.0,8.0,5.1175,4.8386,9.9561,0.111332,1,4067.9471,0.9546,0.8316,0.0843,0.1612,0.1733,0.000363,0.002326,0.007862,0.018654,0.034858,0.054596,0.074506,0.090948,0.101196,0.104099,0.10009,0.090733,0.078094,0.064189,0.050626,0.038472,0.028266,0.02014,0.013951,0.009418,0.006208,0.010406,0.935938,0.064062,1,0.066206,0.881342,0.118658,1,0.12631,0.806836,0.193164,1,0.214635,0.715888,0.284112,1,0.334232,0.614692,0.385308,0,0.953712,0.510593,0.489407,0,0.714561,0.410503,0.589497,0,0.528486,0.31977,0.68023,0,0.385324
2592,2025/26,28,Cracovia,Arka Gdynia,5.0,3.0,8.0,5.315,4.3072,9.6222,0.111332,1,4067.9471,0.9546,0.8316,0.0843,0.1612,0.1733,0.000456,0.002848,0.0094,0.021775,0.039737,0.060794,0.081057,0.096693,0.105164,0.105767,0.099447,0.088179,0.074253,0.059724,0.046107,0.034302,0.02468,0.017223,0.011689,0.007732,0.004995,0.007977,0.925784,0.074216,1,0.077114,0.86499,0.13501,1,0.145038,0.783932,0.216068,1,0.243433,0.687239,0.312761,1,0.375073,0.582075,0.417925,0,0.872454,0.476309,0.523691,0,0.646853,0.376861,0.623139,0,0.472986,0.288682,0.711318,0,0.340635
2593,2025/26,28,Lech Poznań,GKS Katowice,6.0,9.0,15.0,5.4913,4.3375,9.8289,0.111332,1,4067.9471,0.9546,0.8316,0.0843,0.1612,0.1733,0.0004,0.002533,0.008469,0.01988,0.036765,0.057004,0.077031,0.093137,0.102677,0.10468,0.099779,0.089695,0.076577,0.062451,0.048886,0.036881,0.026909,0.019044,0.013108,0.008795,0.005763,0.009537,0.931953,0.068047,1,0.070473,0.874949,0.125051,1,0.13359,0.797917,0.202083,1,0.22575,0.70478,0.29522,1,0.349869,0.602103,0.397897,1,0.507327,0.497423,0.502577,1,0.698314,0.397645,0.602355,1,0.922197,0.30795,0.69205,1,1.177818
2594,2025/26,28,Piast Gliwice,Pogoń Szczecin,11.0,1.0,12.0,5.7638,4.7063,10.4701,0.111332,1,4067.9471,0.9546,0.8316,0.0843,0.1612,0.1733,0.000265,0.001747,0.006085,0.014882,0.028671,0.046307,0.065176,0.082071,0.094221,0.100023,0.099267,0.092902,0.082567,0.070091,0.057106,0.044837,0.034044,0.025071,0.017955,0.012533,0.008544,0.015635,0.94835,0.05165,1,0.053032,0.902043,0.097957,1,0.103093,0.836867,0.163133,1,0.17809,0.754797,0.245203,1,0.281307,0.660576,0.339424,1,0.414643,0.560553,0.439447,1,0.578832,0.461285,0.538715,1,0.773738,0.368383,0.631617,1,0.998631
2595,2025/26,28,Widzew Łódź,Bruk-Bet Termalica Nieciecza,10.0,1.0,11.0,5.1136,4.4853,9.5989,0.111332,1,4067.9471,0.9546,0.8316,0.0843,0.1612,0.1733,0.000459,0.002871,0.009471,0.021933,0.040005,0.061164,0.081484,0.09711,0.1055,0.105972,0.099501,0.08809,0.074052,0.059452,0.045805,0.034005,0.02441,0.016993,0.011503,0.007588,0.004888,0.007745,0.925261,0.074739,1,0.077679,0.864098,0.135902,1,0.146069,0.782613,0.217387,1,0.245116,0.685504,0.314496,1,0.377601,0.580004,0.419996,1,0.544721,0.474031,0.525969,1,0.746482,0.374531,0.625469,1,0.982082,0.286441,0.713559,0,0.33749
2596,2025/26,29,Arka Gdynia,Jagiellonia Białystok,7.0,3.0,10.0,5.1179,4.6986,9.8165,0.11243,1,4113.6623,0.9494,0.8234,0.0736,0.1667,0.183,0.000404,0.002552,0.008523,0.019985,0.036923,0.057202,0.077242,0.093328,0.102821,0.10476,0.09979,0.089644,0.076478,0.062322,0.048743,0.036739,0.026778,0.01893,0.013014,0.00872,0.005706,0.009398,0.931614,0.068386,1,0.070837,0.874412,0.125588,1,0.134204,0.79717,0.20283,1,0.226687,0.703842,0.296158,1,0.351202,0.60102,0.39898,1,0.509127,0.496261,0.503739,1,0.700654,0.396471,0.603529,0,0.50496,0.306827,0.693173,0,0.366475
2597,2025/26,29,Bruk-Bet Termalica Nieciecza,Wisła Płock,2.0,5.0,7.0,5.2245,4.5281,9.7526,0.11243,1,4113.6623,0.9494,0.8234,0.0736,0.1667,0.183,0.000422,0.002656,0.008826,0.020597,0.037875,0.058403,0.078502,0.094423,0.103565,0.105057,0.099643,0.089134,0.075727,0.061458,0.047875,0.035943,0.026096,0.018379,0.012588,0.008403,0.005479,0.008949,0.929624,0.070376,1,0.072975,0.87122,0.12878,1,0.13786,0.792719,0.207281,1,0.232287,0.698296,0.301704,0,1.198308,0.59473,0.40527,0,0.903203,0.489674,0.510326,0,0.672705,0.390031,0.609969,0,0.494347,0.300897,0.699103,0,0.357957
2598,2025/26,29,Legia Warszawa,Zagłębie Lubin,10.0,4.0,14.0,5.5623,3.9758,9.5381,0.11243,1,4113.6623,0.9494,0.8234,0.0736,0.1667,0.183,0.000497,0.003067,0.009999,0.022906,0.041368,0.062684,0.082837,0.09801,0.105798,0.105678,0.098747,0.087068,0.07295,0.058415,0.044921,0.033309,0.023898,0.016639,0.011272,0.007447,0.004807,0.007684,0.922163,0.077837,1,0.081033,0.859479,0.140521,1,0.151428,0.776643,0.223357,1,0.252775,0.678633,0.321367,1,0.387675,0.572835,0.427165,1,0.557158,0.467157,0.532843,1,0.76109,0.36841,0.63159,1,0.998559,0.281342,0.718658,1,1.268183
2599,2025/26,29,Lechia Gdańsk,Piast Gliwice,11.0,0.0,11.0,5.3486,4.965,10.3137,0.11243,1,4113.6623,0.9494,0.8234,0.0736,0.1667,0.183,0.000294,0.001917,0.006607,0.01599,0.030491,0.048755,0.067949,0.084736,0.09635,0.101315,0.099603,0.092343,0.081305,0.068377,0.055192,0.04293,0.032292,0.023559,0.016713,0.011556,0.007803,0.013923,0.944702,0.055298,1,0.056886,0.895947,0.104053,1,0.109874,0.827997,0.172003,1,0.188746,0.743261,0.256739,1,0.296707,0.646911,0.353089,1,0.435546,0.545597,0.454403,1,0.605875,0.445994,0.554006,1,0.80745,0.353651,0.646349,0,0.436415
2600,2025/26,29,Górnik Zabrze,Korona Kielce,6.0,6.0,12.0,5.4158,4.4179,9.8337,0.11243,1,4113.6623,0.9494,0.8234,0.0736,0.1667,0.183,0.000403,0.002546,0.008497,0.019916,0.036788,0.056989,0.076963,0.09302,0.102533,0.104537,0.099664,0.089626,0.076558,0.062476,0.048943,0.036956,0.026989,0.019121,0.013176,0.008851,0.005807,0.009642,0.93185,0.06815,1,0.070584,0.874861,0.125139,1,0.13369,0.797898,0.202102,1,0.225774,0.704878,0.295122,1,0.34973,0.602346,0.397654,1,0.506924,0.497809,0.502191,1,0.697539,0.398145,0.601855,1,0.92094,0.308519,0.691481,1,1.175973
2601,2025/26,29,Radomiak Radom,Widzew Łódź,6.0,2.0,8.0,5.5271,4.4187,9.9458,0.11243,1,4113.6623,0.9494,0.8234,0.0736,0.1667,0.183,0.000376,0.002392,0.008036,0.018965,0.035273,0.055025,0.074834,0.091088,0.101118,0.103835,0.09971,0.090318,0.077713,0.063885,0.050417,0.038352,0.028219,0.020143,0.013985,0.009466,0.006258,0.010594,0.934958,0.065042,1,0.067253,0.879933,0.120067,1,0.127909,0.8051,0.1949,1,0.216789,0.714012,0.285988,1,0.336856,0.612893,0.387107,0,0.949055,0.509059,0.490941,0,0.711431,0.409349,0.590651,0,0.52653,0.319031,0.680969,0,0.384239
2602,2025/26,29,Pogoń Szczecin,Lech Poznań,5.0,6.0,11.0,5.1244,4.524,9.6485,0.11243,1,4113.6623,0.9494,0.8234,0.0736,0.1667,0.183,0.000451,0.002818,0.009303,0.021564,0.039386,0.060324,0.080535,0.09621,0.104805,0.105586,0.099457,0.088353,0.074544,0.060077,0.046472,0.034645,0.024977,0.017466,0.011878,0.007873,0.005097,0.008178,0.926478,0.073522,1,0.076365,0.866154,0.133846,1,0.143693,0.785619,0.214381,1,0.241284,0.689409,0.310591,1,0.371921,0.584603,0.415397,1,0.536822,0.479017,0.520983,1,0.736019,0.37956,0.62044,1,0.968742,0.291207,0.708793,0,0.344192
2603,2025/26,29,GKS Katowice,Motor Lublin,4.0,7.0,11.0,5.4033,4.5751,9.9785,0.11243,1,4113.6623,0.9494,0.8234,0.0736,0.1667,0.183,0.000366,0.002335,0.007872,0.018636,0.034767,0.054392,0.074177,0.090527,0.10075,0.103705,0.099812,0.090606,0.078119,0.064342,0.050869,0.038761,0.028564,0.020419,0.014195,0.00962,0.006367,0.0108,0.936024,0.063976,1,0.066114,0.881632,0.118368,1,0.12598,0.807455,0.192545,1,0.213868,0.716927,0.283073,1,0.332781,0.616177,0.383823,1,0.484221,0.512472,0.487528,1,0.668509,0.41266,0.58734,1,0.885131,0.322055,0.677945,0,0.388688
2604,2025/26,29,Raków Częstochowa,Cracovia,2.0,7.0,9.0,5.3694,4.3011,9.6705,0.11243,1,4113.6623,0.9494,0.8234,0.0736,0.1667,0.183,0.000449,0.002803,0.00925,0.021439,0.039164,0.060003,0.080147,0.095813,0.104465,0.105355,0.099363,0.088397,0.074702,0.060314,0.046749,0.034927,0.02524,0.017695,0.012066,0.008021,0.005209,0.00843,0.926895,0.073105,1,0.075915,0.866892,0.133108,1,0.142841,0.786745,0.213255,1,0.239851,0.690932,0.309068,1,0.369714,0.586468,0.413532,1,0.533638,0.481112,0.518888,0,0.656068,0.381749,0.618251,0,0.48086,0.293351,0.706649,0,0.347222
2605,2025/26,30,Wisła Płock,Radomiak Radom,7.0,7.0,14.0,5.2075,4.8933,10.1008,0.112265,1,4157.2493,0.9576,0.8311,0.0836,0.1597,0.1755,0.000335,0.002161,0.007354,0.017571,0.033079,0.052214,0.071831,0.088415,0.099226,0.102976,0.099909,0.09141,0.079422,0.06591,0.052494,0.040289,0.029901,0.021523,0.015065,0.010277,0.006846,0.011794,0.9395,0.0605,1,0.062408,0.887286,0.112714,1,0.119588,0.815455,0.184545,1,0.204009,0.72704,0.27296,1,0.318774,0.627814,0.372186,1,0.465511,0.524838,0.475162,1,0.644665,0.424929,0.575071,1,0.855833,0.33352,0.66648,1,1.098054
2606,2025/26,30,Lechia Gdańsk,Raków Częstochowa,3.0,3.0,6.0,5.6848,4.4569,10.1417,0.112265,1,4157.2493,0.9576,0.8311,0.0836,0.1597,0.1755,0.000332,0.002138,0.007274,0.017381,0.032731,0.051694,0.071179,0.087716,0.098587,0.102495,0.099648,0.091387,0.079613,0.066264,0.052948,0.040782,0.030383,0.02196,0.015439,0.010581,0.007084,0.012384,0.940144,0.059856,1,0.061722,0.88845,0.11155,1,0.118277,0.817272,0.182728,0,1.699754,0.729556,0.270444,0,1.307689,0.630969,0.369031,0,0.996874,0.528474,0.471526,0,0.751781,0.428826,0.571174,0,0.560061,0.337439,0.662561,0,0.411642
2607,2025/26,30,Zagłębie Lubin,Bruk-Bet Termalica Nieciecza,6.0,4.0,10.0,4.8389,4.5768,9.4157,0.112265,1,4157.2493,0.9576,0.8311,0.0836,0.1597,0.1755,0.000522,0.003214,0.010453,0.02387,0.042944,0.064779,0.085165,0.100179,0.107441,0.106557,0.098797,0.086382,0.071724,0.056881,0.043293,0.031753,0.02252,0.015491,0.010361,0.006754,0.0043,0.006621,0.918998,0.081002,1,0.084472,0.854218,0.145782,1,0.157568,0.769054,0.230946,1,0.262595,0.668875,0.331125,1,0.402159,0.561433,0.438567,1,0.577262,0.454877,0.545123,1,0.787729,0.35608,0.64392,0,0.44018,0.269697,0.730303,0,0.314296
2608,2025/26,30,Korona Kielce,GKS Katowice,5.0,3.0,8.0,5.3758,4.3537,9.7295,0.112265,1,4157.2493,0.9576,0.8311,0.0836,0.1597,0.1755,0.00043,0.002701,0.008957,0.020854,0.038263,0.058878,0.07898,0.094813,0.103801,0.105111,0.099528,0.088891,0.07541,0.061117,0.047549,0.035656,0.025861,0.018196,0.012452,0.008306,0.005412,0.008832,0.928795,0.071205,1,0.073868,0.869917,0.130083,1,0.139358,0.790937,0.209063,1,0.234537,0.696123,0.303877,1,0.362228,0.592322,0.407678,0,0.897278,0.487212,0.512788,0,0.667892,0.387684,0.612316,0,0.490506,0.298792,0.701208,0,0.354951
2609,2025/26,30,Cracovia,Pogoń Szczecin,7.0,0.0,7.0,5.5551,4.4035,9.9586,0.112265,1,4157.2493,0.9576,0.8311,0.0836,0.1597,0.1755,0.000372,0.002372,0.007979,0.018849,0.035093,0.054796,0.07459,0.090871,0.100965,0.103765,0.099724,0.090404,0.077849,0.064047,0.050584,0.038509,0.028356,0.020257,0.014075,0.009534,0.006308,0.010699,0.935334,0.064666,1,0.066852,0.880538,0.119462,1,0.127222,0.805947,0.194053,1,0.215737,0.715076,0.284924,0,1.255533,0.614111,0.385889,0,0.952205,0.510346,0.489654,0,0.714057,0.410622,0.589378,0,0.528687,0.320218,0.679782,0,0.385983
2610,2025/26,30,Lech Poznań,Legia Warszawa,5.0,2.0,7.0,5.2806,4.723,10.0036,0.112265,1,4157.2493,0.9576,0.8311,0.0836,0.1597,0.1755,0.000358,0.00229,0.007741,0.018375,0.034367,0.053895,0.073668,0.090098,0.100475,0.103617,0.099905,0.09084,0.078442,0.0647,0.051219,0.039075,0.028827,0.020627,0.014353,0.009734,0.006447,0.010948,0.936871,0.063129,1,0.06521,0.882975,0.117025,1,0.124458,0.809308,0.190692,1,0.211576,0.719209,0.280791,0,1.270146,0.618735,0.381265,0,0.96426,0.515117,0.484883,0,0.723848,0.415212,0.584788,0,0.536507,0.324372,0.675628,0,0.392113
2611,2025/26,30,Jagiellonia Białystok,Górnik Zabrze,7.0,2.0,9.0,5.1334,4.4189,9.5523,0.112265,1,4157.2493,0.9576,0.8311,0.0836,0.1597,0.1755,0.00048,0.00298,0.009774,0.022509,0.040848,0.062158,0.082445,0.097852,0.105901,0.105997,0.099195,0.087548,0.073386,0.058761,0.04516,0.033449,0.02396,0.016647,0.011248,0.007408,0.004765,0.007528,0.92341,0.07659,1,0.079682,0.861252,0.138748,1,0.149368,0.778807,0.221193,1,0.249992,0.680955,0.319045,1,0.384259,0.575054,0.424946,1,0.553292,0.469057,0.530943,0,0.6331,0.369862,0.630138,0,0.461816,0.282313,0.717687,0,0.331722
2612,2025/26,30,Piast Gliwice,Arka Gdynia,6.0,5.0,11.0,5.7395,4.3797,10.1192,0.112265,1,4157.2493,0.9576,0.8311,0.0836,0.1597,0.1755,0.000338,0.002173,0.007376,0.017589,0.033056,0.052109,0.071619,0.088104,0.098857,0.102611,0.099609,0.091218,0.079357,0.065964,0.052643,0.0405,0.03014,0.021762,0.015285,0.010467,0.007002,0.01222,0.939468,0.060532,1,0.062441,0.887359,0.112641,1,0.119505,0.81574,0.18426,1,0.203659,0.727636,0.272364,1,0.317955,0.628778,0.371222,1,0.463976,0.526167,0.473833,1,0.642136,0.426558,0.573442,1,0.852007,0.33534,0.66466,0,0.408479
2613,2025/26,30,Widzew Łódź,Motor Lublin,4.0,6.0,10.0,5.2437,4.5361,9.7798,0.112265,1,4157.2493,0.9576,0.8311,0.0836,0.1597,0.1755,0.000414,0.002611,0.008694,0.020333,0.037467,0.057891,0.077968,0.093962,0.103255,0.104936,0.099709,0.089353,0.076047,0.061824,0.048242,0.036279,0.026384,0.018612,0.012768,0.008537,0.005575,0.009141,0.930481,0.069519,1,0.072053,0.87259,0.12741,1,0.136289,0.794622,0.205378,1,0.229888,0.700661,0.299339,1,0.355732,0.597406,0.402594,1,0.515158,0.492471,0.507529,1,0.708321,0.392761,0.607239,0,0.498833,0.303409,0.696591,0,0.361556
2614,2025/26,31,Arka Gdynia,Górnik Zabrze,1.0,9.0,10.0,5.0504,4.2559,9.3063,0.110885,1,4196.4246,0.9584,0.8287,0.0773,0.1626,0.1789,0.000555,0.003401,0.011003,0.024978,0.04466,0.066928,0.08739,0.102069,0.10867,0.106968,0.098419,0.08538,0.07033,0.055327,0.041769,0.030384,0.021371,0.014578,0.009669,0.00625,0.003946,0.005954,0.915402,0.084598,1,0.088392,0.848474,0.151526,1,0.164316,0.761084,0.238916,1,0.273011,0.659015,0.340985,1,0.417008,0.550346,0.449654,1,0.597209,0.443378,0.556622,1,0.813333,0.344959,0.655041,0,0.423057,0.259578,0.740422,0,0.300535
2615,2025/26,31,Legia Warszawa,Widzew Łódź,6.0,1.0,7.0,5.5745,4.0485,9.623,0.110885,1,4196.4246,0.9584,0.8287,0.0773,0.1626,0.1789,0.00046,0.00287,0.009454,0.021866,0.039848,0.06089,0.0811,0.096661,0.10506,0.105614,0.09928,0.088029,0.074142,0.05966,0.046088,0.034319,0.02472,0.017275,0.011743,0.007782,0.005038,0.0081,0.925502,0.074498,1,0.077418,0.864613,0.135387,1,0.145474,0.783513,0.216487,1,0.243968,0.686852,0.313148,0,1.161079,0.581792,0.418208,0,0.871776,0.476178,0.523822,0,0.646603,0.376898,0.623102,0,0.473044,0.288868,0.711132,0,0.340898
2616,2025/26,31,Motor Lublin,Lech Poznań,3.0,7.0,10.0,5.106,4.6241,9.7301,0.110885,1,4196.4246,0.9584,0.8287,0.0773,0.1626,0.1789,0.000418,0.002644,0.008813,0.020617,0.03798,0.058637,0.078869,0.094879,0.104033,0.105451,0.0999,0.089225,0.075659,0.061263,0.047599,0.035632,0.025788,0.018098,0.012349,0.008211,0.005331,0.008605,0.929529,0.070471,1,0.073078,0.870892,0.129108,1,0.138237,0.792023,0.207977,1,0.233165,0.697144,0.302856,1,0.360764,0.59311,0.40689,1,0.522375,0.487659,0.512341,1,0.718139,0.387759,0.612241,0,0.490629,0.298534,0.701466,0,0.354583
2617,2025/26,31,Zagłębie Lubin,Cracovia,5.0,11.0,16.0,4.9131,4.7109,9.624,0.110885,1,4196.4246,0.9584,0.8287,0.0773,0.1626,0.1789,0.000447,0.002807,0.009296,0.0216,0.039522,0.060602,0.080952,0.096711,0.105304,0.105992,0.099705,0.088418,0.07444,0.059843,0.04616,0.034303,0.024645,0.017169,0.011628,0.007674,0.004945,0.007835,0.926327,0.073673,1,0.076528,0.865725,0.134275,1,0.144188,0.784773,0.215227,1,0.24236,0.688062,0.311938,1,0.373876,0.582758,0.417242,1,0.539983,0.476766,0.523234,1,0.74073,0.377061,0.622939,1,0.975347,0.288643,0.711357,1,1.242565
2618,2025/26,31,Radomiak Radom,Lechia Gdańsk,4.0,7.0,11.0,5.5102,4.6502,10.1604,0.110885,1,4196.4246,0.9584,0.8287,0.0773,0.1626,0.1789,0.000319,0.002069,0.007087,0.017032,0.032238,0.051145,0.070696,0.08741,0.098516,0.102654,0.099982,0.091815,0.080058,0.066666,0.053273,0.041019,0.030539,0.02205,0.015481,0.010592,0.007077,0.012283,0.941255,0.058745,1,0.060541,0.89011,0.10989,1,0.116411,0.819413,0.180587,1,0.199167,0.732003,0.267997,1,0.311971,0.633487,0.366513,1,0.456516,0.530833,0.469167,1,0.633308,0.430851,0.569149,1,0.841992,0.339037,0.660963,0,0.414057
2619,2025/26,31,Pogoń Szczecin,Wisła Płock,5.0,9.0,14.0,5.2587,4.3477,9.6064,0.110885,1,4196.4246,0.9584,0.8287,0.0773,0.1626,0.1789,0.000457,0.002857,0.009434,0.021861,0.039896,0.06103,0.081346,0.09699,0.105418,0.105937,0.099512,0.08814,0.074129,0.059544,0.045899,0.034094,0.024488,0.017058,0.011555,0.007628,0.004918,0.007809,0.925496,0.074504,1,0.077426,0.864466,0.135534,1,0.145644,0.783119,0.216881,1,0.24447,0.686129,0.313871,1,0.37669,0.580711,0.419289,1,0.543503,0.474774,0.525226,1,0.744917,0.375261,0.624739,1,0.980133,0.287121,0.712879,1,1.247852
2620,2025/26,31,Korona Kielce,Piast Gliwice,5.0,6.0,11.0,5.3873,4.5873,9.9746,0.110885,1,4196.4246,0.9584,0.8287,0.0773,0.1626,0.1789,0.000359,0.002302,0.007792,0.018509,0.034626,0.054293,0.074172,0.090636,0.100957,0.103965,0.100072,0.090819,0.078258,0.064401,0.050857,0.038697,0.02847,0.020313,0.014092,0.009528,0.00629,0.010591,0.936412,0.063588,1,0.0657,0.882119,0.117881,1,0.125428,0.807947,0.192053,1,0.213259,0.717311,0.282689,1,0.332246,0.616354,0.383646,1,0.483934,0.512389,0.487611,1,0.668672,0.412317,0.587683,1,0.885963,0.321498,0.678502,0,0.387869
2621,2025/26,31,GKS Katowice,Bruk-Bet Termalica Nieciecza,3.0,9.0,12.0,5.5229,4.4706,9.9935,0.110885,1,4196.4246,0.9584,0.8287,0.0773,0.1626,0.1789,0.000356,0.002287,0.007742,0.018397,0.034432,0.054018,0.073845,0.090306,0.100676,0.103775,0.099995,0.090855,0.078389,0.064596,0.051086,0.038933,0.028691,0.020507,0.014253,0.009656,0.006388,0.010818,0.936787,0.063213,1,0.0653,0.882768,0.117232,1,0.124693,0.808923,0.191077,1,0.212051,0.718617,0.281383,1,0.330426,0.617942,0.382058,1,0.481361,0.514167,0.485833,1,0.665208,0.414172,0.585828,1,0.881475,0.323317,0.676683,1,1.129122
2622,2025/26,31,Raków Częstochowa,Jagiellonia Białystok,6.0,4.0,10.0,4.9638,4.4632,9.427,0.110885,1,4196.4246,0.9584,0.8287,0.0773,0.1626,0.1789,0.00051,0.003157,0.010308,0.02362,0.042621,0.064454,0.084917,0.100064,0.107473,0.10671,0.099025,0.086635,0.071962,0.05708,0.043444,0.031858,0.022586,0.015528,0.01038,0.006761,0.0043,0.006604,0.919783,0.080217,1,0.083617,0.855329,0.144671,1,0.156269,0.770412,0.229588,1,0.26083,0.670347,0.329653,1,0.399959,0.562875,0.437125,1,0.574699,0.456165,0.543835,1,0.784901,0.35714,0.64286,0,0.441828,0.270504,0.729496,0,0.315402
2623,2025/26,32,Wisła Płock,Motor Lublin,7.0,6.0,13.0,5.2798,5.1806,10.4604,0.110976,1,4241.749,0.9498,0.8284,0.0768,0.1672,0.1785,0.000262,0.001732,0.006049,0.014827,0.028618,0.046291,0.06523,0.082211,0.094434,0.100275,0.099513,0.093102,0.082694,0.070136,0.057077,0.04475,0.033919,0.024931,0.017815,0.012404,0.008433,0.015297,0.948512,0.051488,1,0.052861,0.902221,0.097779,1,0.102896,0.836991,0.163009,1,0.177942,0.75478,0.24522,1,0.281329,0.660346,0.339654,1,0.414991,0.560071,0.439929,1,0.579692,0.460558,0.539442,1,0.775317,0.367456,0.632544,1,1.001152
2624,2025/26,32,Bruk-Bet Termalica Nieciecza,Legia Warszawa,6.0,1.0,7.0,4.9256,5.0154,9.941,0.110976,1,4241.749,0.9498,0.8284,0.0768,0.1672,0.1785,0.000365,0.002336,0.007898,0.018738,0.035009,0.054816,0.074773,0.091221,0.101431,0.104259,0.100155,0.090704,0.077986,0.064026,0.050437,0.038278,0.028086,0.019982,0.013822,0.009316,0.006131,0.010232,0.935654,0.064346,1,0.066509,0.880838,0.119162,1,0.126882,0.806065,0.193935,1,0.215591,0.714844,0.285156,0,1.254718,0.613413,0.386587,0,0.950398,0.509154,0.490846,0,0.711625,0.408999,0.591001,0,0.525938,0.318296,0.681704,0,0.383159
2625,2025/26,32,Górnik Zabrze,Zagłębie Lubin,15.0,4.0,19.0,5.4241,4.356,9.7801,0.110976,1,4241.749,0.9498,0.8284,0.0768,0.1672,0.1785,0.00041,0.002592,0.00865,0.020263,0.037389,0.057832,0.077951,0.093994,0.103329,0.105032,0.099805,0.089431,0.076099,0.061849,0.048244,0.036265,0.026362,0.018586,0.012743,0.008516,0.005558,0.0091,0.930697,0.069303,1,0.071822,0.872865,0.127135,1,0.135975,0.794914,0.205086,1,0.229521,0.70092,0.29908,1,0.355362,0.597591,0.402409,1,0.514848,0.49256,0.50744,1,0.70814,0.392755,0.607245,1,0.93457,0.303323,0.696677,1,1.192956
2626,2025/26,32,Cracovia,Radomiak Radom,5.0,4.0,9.0,5.8129,4.4766,10.2895,0.110976,1,4241.749,0.9498,0.8284,0.0768,0.1672,0.1785,0.000298,0.001941,0.006686,0.016167,0.030792,0.049168,0.068421,0.085187,0.096702,0.101513,0.099628,0.092212,0.081057,0.06806,0.054853,0.042607,0.032006,0.023322,0.016528,0.011417,0.007703,0.013731,0.944117,0.055883,1,0.057506,0.894949,0.105051,1,0.110989,0.826528,0.173472,1,0.190522,0.74134,0.25866,1,0.299295,0.644638,0.355362,1,0.439066,0.543125,0.456875,0,0.783345,0.443497,0.556503,0,0.586082,0.351285,0.648715,0,0.432761
2627,2025/26,32,Lech Poznań,Arka Gdynia,15.0,5.0,20.0,5.5202,4.3951,9.9153,0.110976,1,4241.749,0.9498,0.8284,0.0768,0.1672,0.1785,0.000376,0.002399,0.008075,0.019081,0.035516,0.055416,0.075349,0.091657,0.101648,0.104236,0.099926,0.090334,0.07755,0.06359,0.050045,0.037955,0.027837,0.019803,0.0137,0.009238,0.006083,0.010188,0.934554,0.065446,1,0.067686,0.879138,0.120862,1,0.128813,0.803789,0.196211,1,0.218418,0.712132,0.287868,1,0.339492,0.610484,0.389516,1,0.493503,0.506249,0.493751,1,0.680727,0.406323,0.593677,1,0.900607,0.31599,0.68401,1,1.152046
2628,2025/26,32,Raków Częstochowa,Korona Kielce,6.0,2.0,8.0,5.3583,4.439,9.7973,0.110976,1,4241.749,0.9498,0.8284,0.0768,0.1672,0.1785,0.000404,0.002559,0.008555,0.020076,0.037105,0.057483,0.077597,0.093702,0.103148,0.104984,0.099883,0.089604,0.076329,0.0621,0.048486,0.036479,0.026539,0.018725,0.012847,0.008591,0.00561,0.009194,0.931302,0.068698,1,0.071172,0.873818,0.126182,1,0.134883,0.796222,0.203778,1,0.227878,0.702519,0.297481,1,0.353082,0.599371,0.400629,0,0.91472,0.494387,0.505613,0,0.681984,0.394505,0.605495,0,0.501708,0.3049,0.6951,0,0.3637
2629,2025/26,32,Jagiellonia Białystok,Pogoń Szczecin,7.0,0.0,7.0,5.619,4.3797,9.9987,0.110976,1,4241.749,0.9498,0.8284,0.0768,0.1672,0.1785,0.000358,0.002291,0.00775,0.018404,0.034427,0.053988,0.073782,0.090212,0.100565,0.103667,0.099908,0.090802,0.078374,0.064616,0.051133,0.038996,0.028762,0.020577,0.014316,0.009709,0.006431,0.010932,0.93677,0.06323,1,0.065317,0.882782,0.117218,1,0.124677,0.809,0.191,1,0.211956,0.718788,0.281212,0,1.268647,0.618223,0.381777,0,0.962918,0.514556,0.485444,0,0.72269,0.414647,0.585353,0,0.535541,0.323846,0.676154,0,0.391334
2630,2025/26,32,Piast Gliwice,GKS Katowice,4.0,3.0,7.0,5.7664,4.3201,10.0865,0.110976,1,4241.749,0.9498,0.8284,0.0768,0.1672,0.1785,0.00034,0.002188,0.007437,0.017743,0.033347,0.052549,0.072172,0.088693,0.099386,0.102996,0.099799,0.091204,0.079165,0.065644,0.052251,0.040087,0.029745,0.021412,0.014991,0.010232,0.006821,0.011796,0.938944,0.061056,1,0.062999,0.886395,0.113605,1,0.120592,0.814223,0.185777,1,0.205521,0.72553,0.27447,0,1.292912,0.626144,0.373856,0,0.983883,0.523148,0.476852,0,0.740548,0.423349,0.576651,0,0.550517,0.332145,0.667855,0,0.403684
2631,2025/26,32,Widzew Łódź,Lechia Gdańsk,2.0,2.0,4.0,4.9674,4.7321,9.6995,0.110976,1,4241.749,0.9498,0.8284,0.0768,0.1672,0.1785,0.000426,0.002689,0.008948,0.020892,0.038413,0.059192,0.079462,0.095407,0.104406,0.10562,0.099859,0.089007,0.07532,0.060862,0.047189,0.035249,0.025456,0.017827,0.012137,0.008052,0.005216,0.008371,0.928632,0.071368,0,2.639908,0.86944,0.13056,0,2.035923,0.789978,0.210022,0,1.560544,0.694571,0.305429,0,1.186039,0.590165,0.409835,0,0.892002,0.484546,0.515454,0,0.662707,0.384687,0.615313,0,0.485624,0.295679,0.704321,0,0.350522
2632,2025/26,33,Arka Gdynia,Bruk-Bet Termalica Nieciecza,2.0,4.0,6.0,5.3551,4.5019,9.857,0.112888,1,4288.4643,0.9447,0.8173,0.0786,0.1738,0.1751,0.000398,0.002518,0.008409,0.019729,0.036482,0.056584,0.076516,0.092607,0.102223,0.104375,0.099662,0.089763,0.076797,0.062772,0.049255,0.037252,0.027251,0.019338,0.013348,0.008981,0.005902,0.009839,0.932464,0.067536,1,0.069925,0.875879,0.124121,1,0.132527,0.799364,0.200636,0,1.606261,0.706757,0.293243,0,1.226754,0.604534,0.395466,0,0.927691,0.500159,0.499841,0,0.693465,0.400497,0.599503,0,0.511655,0.310734,0.689266,0,0.372128
2633,2025/26,33,Wisła Płock,Górnik Zabrze,7.0,4.0,11.0,4.996,5.127,10.123,0.112888,1,4288.4643,0.9447,0.8173,0.0786,0.1738,0.1751,0.000333,0.002146,0.007302,0.01745,0.032862,0.051899,0.071448,0.08802,0.098883,0.102738,0.099806,0.091443,0.07957,0.066138,0.052765,0.040569,0.030164,0.021754,0.015257,0.010429,0.006962,0.012062,0.939906,0.060094,1,0.061976,0.888007,0.111993,1,0.118776,0.816559,0.183441,1,0.202656,0.728539,0.271461,1,0.316714,0.629656,0.370344,1,0.462581,0.526918,0.473082,1,0.64071,0.427112,0.572888,1,0.850709,0.335669,0.664331,0,0.408975
2634,2025/26,33,Lechia Gdańsk,Legia Warszawa,4.0,5.0,9.0,5.6163,4.6758,10.2921,0.112888,1,4288.4643,0.9447,0.8173,0.0786,0.1738,0.1751,0.000302,0.001963,0.00674,0.016252,0.030886,0.049234,0.068425,0.085114,0.096563,0.101338,0.099454,0.092069,0.080963,0.068021,0.054861,0.042649,0.032069,0.023393,0.016597,0.011479,0.007755,0.013872,0.943856,0.056144,1,0.057782,0.894622,0.105378,1,0.111354,0.826197,0.173803,1,0.190922,0.741083,0.258917,1,0.299643,0.644519,0.355481,1,0.43925,0.543181,0.456819,0,0.783469,0.443728,0.556272,0,0.586497,0.351659,0.648341,0,0.433338
2635,2025/26,33,Motor Lublin,Cracovia,2.0,7.0,9.0,5.4225,5.0536,10.4761,0.112888,1,4288.4643,0.9447,0.8173,0.0786,0.1738,0.1751,0.000267,0.001756,0.006105,0.014906,0.02868,0.046279,0.065099,0.081947,0.09407,0.099874,0.099146,0.092827,0.082545,0.070116,0.057168,0.04492,0.034135,0.02516,0.018035,0.0126,0.008597,0.015768,0.948287,0.051713,1,0.053098,0.902007,0.097993,1,0.103133,0.836908,0.163092,1,0.178041,0.754961,0.245039,1,0.281089,0.660891,0.339109,1,0.414167,0.561017,0.438983,0,0.823294,0.461871,0.538129,0,0.619657,0.369044,0.630956,0,0.460519
2636,2025/26,33,Zagłębie Lubin,Pogoń Szczecin,3.0,6.0,9.0,5.0838,4.4785,9.5623,0.112888,1,4288.4643,0.9447,0.8173,0.0786,0.1738,0.1751,0.00048,0.002976,0.009756,0.02246,0.040749,0.062007,0.082256,0.097655,0.105732,0.105884,0.099153,0.087576,0.073469,0.05888,0.045296,0.033585,0.024084,0.016753,0.011333,0.007473,0.004813,0.007629,0.923579,0.076421,1,0.079499,0.861572,0.138428,1,0.148997,0.779316,0.220684,1,0.249339,0.681661,0.318339,1,0.383223,0.575928,0.424072,1,0.551772,0.470044,0.529956,0,0.634961,0.370891,0.629109,0,0.463451,0.283315,0.716685,0,0.33312
2637,2025/26,33,Radomiak Radom,Lech Poznań,4.0,4.0,8.0,5.0892,4.7939,9.8831,0.112888,1,4288.4643,0.9447,0.8173,0.0786,0.1738,0.1751,0.000389,0.002465,0.00826,0.019435,0.036039,0.056044,0.075973,0.092165,0.101958,0.104319,0.099797,0.090043,0.07716,0.063161,0.049626,0.037577,0.027516,0.019544,0.0135,0.009089,0.005976,0.009964,0.933412,0.066588,1,0.068908,0.877369,0.122631,1,0.130828,0.801395,0.198605,1,0.221401,0.70923,0.29077,1,0.343575,0.607272,0.392728,0,0.934637,0.502953,0.497047,0,0.699071,0.403156,0.596844,0,0.516099,0.313113,0.686887,0,0.375585
2638,2025/26,33,Korona Kielce,Widzew Łódź,3.0,2.0,5.0,5.2059,4.1874,9.3933,0.112888,1,4288.4643,0.9447,0.8173,0.0786,0.1738,0.1751,0.00054,0.003306,0.010693,0.024298,0.043522,0.065393,0.085672,0.100468,0.107468,0.106345,0.09842,0.085927,0.071269,0.056479,0.042972,0.031517,0.02236,0.015391,0.010305,0.006726,0.004289,0.006642,0.917642,0.082358,1,0.085947,0.85225,0.14775,0,1.912231,0.766577,0.233423,0,1.454905,0.666109,0.333891,0,1.096941,0.558641,0.441359,0,0.817897,0.452296,0.547704,0,0.60202,0.353875,0.646125,0,0.436763,0.267948,0.732052,0,0.311904
2639,2025/26,33,GKS Katowice,Jagiellonia Białystok,4.0,9.0,13.0,5.1441,4.8779,10.0221,0.112888,1,4288.4643,0.9447,0.8173,0.0786,0.1738,0.1751,0.000355,0.002275,0.007692,0.018262,0.034169,0.053614,0.073334,0.089764,0.100196,0.103437,0.099843,0.090894,0.078589,0.064908,0.051455,0.039311,0.029045,0.020815,0.014506,0.009853,0.006537,0.011146,0.937247,0.062753,1,0.064809,0.883633,0.116367,1,0.123714,0.810298,0.189702,1,0.210353,0.720534,0.279466,1,0.327763,0.620338,0.379662,1,0.477491,0.516901,0.483099,1,0.659903,0.417058,0.582942,1,0.87453,0.326165,0.673835,1,1.120353
2640,2025/26,33,Piast Gliwice,Raków Częstochowa,9.0,0.0,9.0,5.4933,4.2914,9.7847,0.112888,1,4288.4643,0.9447,0.8173,0.0786,0.1738,0.1751,0.000421,0.002643,0.008771,0.020453,0.037596,0.057975,0.077956,0.093836,0.103034,0.104666,0.099446,0.089142,0.075914,0.061775,0.048266,0.036355,0.026489,0.018727,0.012879,0.008636,0.005657,0.009362,0.930116,0.069884,1,0.072446,0.872141,0.127859,1,0.136804,0.794185,0.205815,1,0.230438,0.700349,0.299651,1,0.356176,0.597316,0.402684,1,0.515309,0.49265,0.50735,0,0.678554,0.393204,0.606796,0,0.499562,0.304062,0.695938,0,0.362494
2641,2025/26,34,Bruk-Bet Termalica Nieciecza,Lechia Gdańsk,2.0,10.0,12.0,4.9514,5.1188,10.0702,0.112365,1,4329.2083,0.9257,0.8018,0.088,0.176,0.1732,0.000342,0.0022,0.007472,0.017817,0.033475,0.052733,0.072402,0.088943,0.099623,0.103188,0.099921,0.091244,0.079126,0.065538,0.052098,0.039909,0.029562,0.021238,0.014837,0.010102,0.006716,0.011514,0.938694,0.061306,1,0.063266,0.885961,0.114039,1,0.121083,0.813559,0.186441,1,0.206336,0.724616,0.275384,1,0.322113,0.624993,0.375007,1,0.470014,0.521806,0.478194,1,0.65046,0.421884,0.578116,1,0.863024,0.33064,0.66936,1,1.106725
2642,2025/26,34,Legia Warszawa,Motor Lublin,5.0,3.0,8.0,5.4509,4.457,9.908,0.112365,1,4329.2083,0.9257,0.8018,0.088,0.176,0.1732,0.000384,0.002437,0.008175,0.019258,0.035749,0.055656,0.075535,0.091743,0.101621,0.104113,0.099742,0.090129,0.077359,0.063432,0.04993,0.03788,0.027796,0.019786,0.013699,0.009245,0.006094,0.010237,0.933997,0.066003,1,0.068283,0.878341,0.121659,1,0.129721,0.802806,0.197194,1,0.219642,0.711063,0.288937,1,0.340995,0.609442,0.390558,0,0.940178,0.505329,0.494671,0,0.703862,0.405587,0.594413,0,0.520181,0.315458,0.684542,0,0.379005
2643,2025/26,34,Górnik Zabrze,Radomiak Radom,6.0,4.0,10.0,5.6329,4.5039,10.1368,0.112365,1,4329.2083,0.9257,0.8018,0.088,0.176,0.1732,0.000333,0.002142,0.007286,0.017407,0.032776,0.051759,0.071257,0.087797,0.098659,0.102547,0.099674,0.091385,0.079588,0.066221,0.052894,0.040724,0.030327,0.02191,0.015396,0.010546,0.007057,0.012315,0.940056,0.059944,1,0.061816,0.888297,0.111703,1,0.118449,0.81704,0.18296,1,0.202068,0.729242,0.270758,1,0.315749,0.630584,0.369416,1,0.461109,0.528037,0.471963,1,0.638588,0.428363,0.571637,0,0.559252,0.336978,0.663022,0,0.410947
2644,2025/26,34,Pogoń Szczecin,GKS Katowice,4.0,3.0,7.0,5.1777,4.5979,9.7756,0.112365,1,4329.2083,0.9257,0.8018,0.088,0.176,0.1732,0.000415,0.002616,0.008709,0.020364,0.037517,0.057958,0.078043,0.094033,0.103311,0.104969,0.099716,0.089336,0.076011,0.061777,0.04819,0.036227,0.026337,0.018571,0.012735,0.008512,0.005556,0.009097,0.930379,0.069621,1,0.072163,0.872421,0.127579,1,0.136483,0.794378,0.205622,1,0.230196,0.700345,0.299655,0,1.205124,0.597034,0.402966,0,0.908904,0.492066,0.507934,0,0.677403,0.392349,0.607651,0,0.498155,0.303013,0.696987,0,0.360989
2645,2025/26,34,Cracovia,Korona Kielce,3.0,1.0,4.0,5.8961,4.3005,10.1965,0.112365,1,4329.2083,0.9257,0.8018,0.088,0.176,0.1732,0.000325,0.002094,0.007131,0.017061,0.032179,0.050917,0.070254,0.086778,0.097782,0.101942,0.099412,0.091468,0.079962,0.066802,0.053588,0.041447,0.031014,0.022519,0.015908,0.010958,0.007375,0.013085,0.94121,0.05879,0,2.833786,0.890294,0.109706,0,2.209948,0.82004,0.17996,0,1.71502,0.733262,0.266738,0,1.321489,0.63548,0.36452,0,1.009175,0.533538,0.466462,0,0.762579,0.434126,0.565874,0,0.569384,0.342659,0.657341,0,0.419552
2646,2025/26,34,Lech Poznań,Wisła Płock,5.0,6.0,11.0,5.8151,4.5937,10.4089,0.112365,1,4329.2083,0.9257,0.8018,0.088,0.176,0.1732,0.00028,0.001836,0.00635,0.015425,0.029527,0.047406,0.066355,0.083126,0.094975,0.100375,0.099204,0.092485,0.081904,0.069299,0.056289,0.044071,0.033376,0.024522,0.017524,0.012209,0.008308,0.015154,0.946581,0.053419,1,0.054899,0.899175,0.100825,1,0.106278,0.83282,0.16718,1,0.182938,0.749694,0.250306,1,0.28809,0.654719,0.345281,1,0.423549,0.554344,0.445656,1,0.58997,0.45514,0.54486,1,0.78715,0.362655,0.637345,0,0.450444
2647,2025/26,34,Raków Częstochowa,Arka Gdynia,1.0,4.0,5.0,5.1899,4.1667,9.3566,0.112365,1,4329.2083,0.9257,0.8018,0.088,0.176,0.1732,0.00055,0.003361,0.010859,0.02464,0.044062,0.066084,0.086405,0.101112,0.107911,0.106527,0.098341,0.085634,0.070833,0.055976,0.042466,0.031053,0.021964,0.015071,0.010059,0.006544,0.004159,0.006388,0.916528,0.083472,1,0.087163,0.850444,0.149556,0,1.900082,0.764038,0.235962,0,1.444085,0.662926,0.337074,0,1.087454,0.555016,0.444984,0,0.809717,0.448489,0.551511,0,0.595093,0.350147,0.649853,0,0.43101,0.264513,0.735487,0,0.307223
2648,2025/26,34,Jagiellonia Białystok,Zagłębie Lubin,6.0,1.0,7.0,5.9375,4.2907,10.2282,0.112365,1,4329.2083,0.9257,0.8018,0.088,0.176,0.1732,0.000319,0.002059,0.007025,0.016836,0.031809,0.050418,0.06969,0.086237,0.097352,0.101684,0.099348,0.091585,0.080221,0.067152,0.053978,0.041833,0.031368,0.022824,0.016158,0.011154,0.007523,0.013427,0.941952,0.058048,1,0.0598,0.891534,0.108466,1,0.114812,0.821844,0.178156,1,0.196205,0.735607,0.264393,0,1.330318,0.638255,0.361745,0,1.016816,0.536572,0.463428,0,0.769104,0.437224,0.562776,0,0.574873,0.345639,0.654361,0,0.424096
2649,2025/26,34,Widzew Łódź,Piast Gliwice,6.0,6.0,12.0,5.0141,4.4547,9.4688,0.112365,1,4329.2083,0.9257,0.8018,0.088,0.176,0.1732,0.000506,0.003126,0.010196,0.023351,0.04214,0.063768,0.084109,0.099268,0.106831,0.106324,0.098938,0.086825,0.072363,0.057609,0.04402,0.032415,0.023084,0.015945,0.01071,0.007012,0.004483,0.006979,0.920681,0.079319,1,0.082642,0.856913,0.143087,1,0.154419,0.772804,0.227196,1,0.25773,0.673536,0.326464,1,0.395214,0.566705,0.433295,1,0.567916,0.460381,0.539619,1,0.7757,0.361444,0.638556,1,1.017649,0.274619,0.725381,1,1.292369
