match_id,sezon,kolejka,gospodarz,gosc,zk_gosp_rzecz,zk_gosc_rzecz,suma_rzecz,lambda_home,lambda_away,lambda_suma,fit_success,fit_fun,coef_b_home,coef_b_away,coef_w_for,coef_w_against,coef_w_total,p_sum_0,p_sum_1,p_sum_2,p_sum_3,p_sum_4,p_sum_5,p_sum_6,p_sum_7,p_sum_8,p_sum_9,p_sum_10,p_sum_11,p_sum_12,p_sum_13_plus,p_over_0_5,p_under_0_5,over_0_5_rzecz,ll_over_0_5,p_over_1_5,p_under_1_5,over_1_5_rzecz,ll_over_1_5,p_over_2_5,p_under_2_5,over_2_5_rzecz,ll_over_2_5,p_over_3_5,p_under_3_5,over_3_5_rzecz,ll_over_3_5,p_over_4_5,p_under_4_5,over_4_5_rzecz,ll_over_4_5,p_over_5_5,p_under_5_5,over_5_5_rzecz,ll_over_5_5,p_over_6_5,p_under_6_5,over_6_5_rzecz,ll_over_6_5,p_over_7_5,p_under_7_5,over_7_5_rzecz,ll_over_7_5,p_home_0,p_home_1,p_home_2,p_home_3,p_home_4,p_home_5,p_home_6,p_home_7,p_home_8,p_home_9,p_home_10_plus,p_away_0,p_away_1,p_away_2,p_away_3,p_away_4,p_away_5,p_away_6,p_away_7,p_away_8,p_away_9,p_away_10_plus,home_p_over_0_5,home_p_under_0_5,home_p_over_1_5,home_p_under_1_5,home_p_over_2_5,home_p_under_2_5,home_p_over_3_5,home_p_under_3_5,home_p_over_4_5,home_p_under_4_5,home_p_over_5_5,home_p_under_5_5,away_p_over_0_5,away_p_under_0_5,away_p_over_1_5,away_p_under_1_5,away_p_over_2_5,away_p_under_2_5,away_p_over_3_5,away_p_under_3_5,away_p_over_4_5,away_p_under_4_5,away_p_over_5_5,away_p_under_5_5,home_over_0_5_rzecz,home_ll_over_0_5,away_over_0_5_rzecz,away_ll_over_0_5,home_over_1_5_rzecz,home_ll_over_1_5,away_over_1_5_rzecz,away_ll_over_1_5,home_over_2_5_rzecz,home_ll_over_2_5,away_over_2_5_rzecz,away_ll_over_2_5,home_over_3_5_rzecz,home_ll_over_3_5,away_over_3_5_rzecz,away_ll_over_3_5,home_over_4_5_rzecz,home_ll_over_4_5,away_over_4_5_rzecz,away_ll_over_4_5,home_over_5_5_rzecz,home_ll_over_5_5,away_over_5_5_rzecz,away_ll_over_5_5
2344,2025/26,1,Jagiellonia Białystok,Bruk-Bet Termalica Nieciecza,1.0,0.0,1.0,1.9904,2.1728,4.1632,1,652.8959,0.5477,0.6087,0.1035,0.1094,-0.0356,0.015558,0.06477,0.134825,0.187101,0.194735,0.162144,0.112506,0.066912,0.034821,0.016107,0.006706,0.002538,0.000881,0.000397,0.984442,0.015558,1,0.01568,0.919673,0.080327,0,2.521644,0.784848,0.215152,0,1.536409,0.597747,0.402253,0,0.910674,0.403012,0.596988,0,0.515859,0.240868,0.759132,0,0.27558,0.128362,0.871638,0,0.137381,0.06145,0.93855,0,0.063419,0.136641,0.27197,0.270664,0.179577,0.089357,0.035571,0.0118,0.003355,0.000835,0.000185,4.4e-05,0.113858,0.247391,0.268766,0.194658,0.105738,0.04595,0.01664,0.005165,0.001403,0.000339,9.1e-05,0.863359,0.136641,0.591389,0.408611,0.320725,0.679275,0.141148,0.858852,0.051791,0.948209,0.016219,0.983781,0.886141,0.113859,0.63875,0.36125,0.369984,0.630016,0.175325,0.824675,0.069587,0.930413,0.023637,0.976363,1,0.146925,0,2.172794,0,0.894992,0,1.018185,0,0.386729,0,0.46201,0,0.152159,0,0.192766,0,0.05318,0,0.072127,0,0.016352,0,0.023921
2345,2025/26,1,Lech Poznań,Cracovia,1.0,2.0,3.0,1.895,2.1446,4.0396,1,652.8959,0.5477,0.6087,0.1035,0.1094,-0.0356,0.017605,0.071117,0.143641,0.193416,0.195329,0.157809,0.106246,0.061313,0.030959,0.013896,0.005613,0.002061,0.000694,0.0003,0.982395,0.017605,1,0.017762,0.911277,0.088723,1,0.092908,0.767636,0.232364,1,0.264439,0.57422,0.42578,0,0.853833,0.378891,0.621109,0,0.476249,0.221083,0.778917,0,0.24985,0.114837,0.885163,0,0.121983,0.053524,0.946476,0,0.05501,0.150318,0.284853,0.269898,0.170486,0.080768,0.030611,0.009668,0.002617,0.00062,0.000131,3e-05,0.117115,0.251165,0.269324,0.192531,0.103225,0.044275,0.015825,0.004848,0.0013,0.00031,8.2e-05,0.849682,0.150318,0.564828,0.435172,0.29493,0.70507,0.124444,0.875556,0.043676,0.956324,0.013065,0.986935,0.882885,0.117115,0.63172,0.36828,0.362396,0.637604,0.169866,0.830134,0.066641,0.933359,0.022365,0.977635,1,0.162893,1,0.12456,0,0.832014,1,0.459309,0,0.349458,0,0.450038,0,0.132896,0,0.186168,0,0.044659,0,0.068965,0,0.013151,0,0.022619
2346,2025/26,1,Widzew Łódź,Zagłębie Lubin,3.0,4.0,7.0,2.0571,2.1849,4.242,1,652.8959,0.5477,0.6087,0.1035,0.1094,-0.0356,0.014379,0.060994,0.129369,0.182928,0.193996,0.164587,0.116364,0.070517,0.037392,0.017624,0.007476,0.002883,0.001019,0.000472,0.985621,0.014379,1,0.014483,0.924627,0.075373,1,0.078364,0.795259,0.204741,1,0.229088,0.61233,0.38767,1,0.490483,0.418334,0.581666,1,0.871476,0.253746,0.746254,1,1.37142,0.137383,0.862617,1,1.984985,0.066866,0.933134,0,0.069206,0.127824,0.262947,0.270454,0.18545,0.095373,0.039238,0.013453,0.003953,0.001017,0.000232,5.8e-05,0.112489,0.245777,0.268499,0.195548,0.106813,0.046675,0.016997,0.005305,0.001449,0.000352,9.5e-05,0.872176,0.127824,0.609229,0.390771,0.338774,0.661226,0.153324,0.846676,0.057952,0.942048,0.018713,0.981287,0.88751,0.11249,0.641733,0.358267,0.373234,0.626766,0.177686,0.822314,0.070873,0.929127,0.024198,0.975802,1,0.136764,1,0.119335,1,0.495561,1,0.443583,1,1.082422,1,0.98555,0,0.166437,1,1.727737,0,0.059699,0,0.07351,0,0.01889,0,0.024496
2347,2025/26,1,Wisła Płock,Korona Kielce,1.0,3.0,4.0,2.0468,2.207,4.2538,1,652.8959,0.5477,0.6087,0.1035,0.1094,-0.0356,0.01421,0.060448,0.128566,0.182297,0.193863,0.164931,0.11693,0.071057,0.037782,0.017858,0.007596,0.002938,0.001041,0.000484,0.98579,0.01421,1,0.014312,0.925342,0.074658,1,0.077592,0.796776,0.203224,1,0.227181,0.614479,0.385521,1,0.48698,0.420616,0.579384,0,0.54579,0.255685,0.744315,0,0.295292,0.138755,0.861245,0,0.149377,0.067699,0.932301,0,0.070099,0.129148,0.264339,0.270525,0.18457,0.094444,0.038662,0.013189,0.003856,0.000987,0.000224,5.6e-05,0.11003,0.242837,0.26797,0.197137,0.10877,0.048011,0.01766,0.005568,0.001536,0.000377,0.000103,0.870852,0.129148,0.606513,0.393487,0.335988,0.664012,0.151418,0.848582,0.056974,0.943026,0.018312,0.981688,0.889969,0.110031,0.647132,0.352868,0.379162,0.620838,0.182025,0.817975,0.073255,0.926745,0.025244,0.974756,1,0.138283,1,0.116569,0,0.932707,1,0.435205,0,0.409455,1,0.969792,0,0.164189,0,0.200924,0,0.058661,0,0.076077,0,0.018482,0,0.025568
2348,2025/26,1,GKS Katowice,Raków Częstochowa,1.0,1.0,2.0,1.9369,2.1321,4.0691,1,652.8959,0.5477,0.6087,0.1035,0.1094,-0.0356,0.017094,0.069554,0.14151,0.191938,0.195252,0.158898,0.107761,0.062641,0.031861,0.014405,0.005861,0.002168,0.000735,0.000321,0.982906,0.017094,1,0.017241,0.913352,0.086648,1,0.090634,0.771842,0.228158,0,1.477715,0.579903,0.420097,0,0.867271,0.384652,0.615348,0,0.485567,0.225754,0.774246,0,0.255865,0.117993,0.882007,0,0.125555,0.055352,0.944648,0,0.056943,0.14415,0.279204,0.270395,0.174576,0.084534,0.032747,0.010571,0.002925,0.000708,0.000152,3.6e-05,0.118588,0.252841,0.269542,0.191563,0.102108,0.043541,0.015472,0.004713,0.001256,0.000298,7.8e-05,0.85585,0.14415,0.576645,0.423355,0.30625,0.69375,0.131674,0.868326,0.047139,0.952861,0.014392,0.985608,0.881412,0.118588,0.62857,0.37143,0.359028,0.640972,0.167465,0.832535,0.065357,0.934643,0.021816,0.978184,1,0.15566,1,0.12623,0,0.859544,0,0.990395,0,0.365644,0,0.44477,0,0.141188,0,0.18328,0,0.048286,0,0.067591,0,0.014497,0,0.022057
2349,2025/26,1,Górnik Zabrze,Lechia Gdańsk,1.0,1.0,2.0,2.0512,2.1346,4.1858,1,652.8959,0.5477,0.6087,0.1035,0.1094,-0.0356,0.015209,0.063664,0.133244,0.185913,0.19455,0.162871,0.113625,0.067945,0.035551,0.016535,0.006921,0.002634,0.000919,0.000417,0.984791,0.015209,1,0.015326,0.921126,0.078874,1,0.082158,0.787882,0.212118,0,1.550612,0.601969,0.398031,0,0.921225,0.407418,0.592582,0,0.523267,0.244547,0.755453,0,0.280438,0.130922,0.869078,0,0.140322,0.062976,0.937024,0,0.065047,0.128581,0.263744,0.270496,0.184947,0.094841,0.038908,0.013301,0.003898,0.000999,0.000228,5.7e-05,0.118292,0.252506,0.2695,0.191758,0.102332,0.043687,0.015543,0.00474,0.001265,0.0003,7.9e-05,0.871419,0.128581,0.607675,0.392325,0.337179,0.662821,0.152231,0.847769,0.05739,0.94261,0.018483,0.981517,0.881708,0.118292,0.629202,0.370798,0.359702,0.640298,0.167944,0.832056,0.065613,0.934387,0.021925,0.978075,1,0.137632,1,0.125894,0,0.935665,0,0.992098,0,0.41125,0,0.445822,0,0.165147,0,0.183856,0,0.059103,0,0.067865,0,0.018656,0,0.022169
2350,2025/26,1,Motor Lublin,Arka Gdynia,2.0,4.0,6.0,2.0295,2.1604,4.1899,1,652.8959,0.5477,0.6087,0.1035,0.1094,-0.0356,0.015148,0.063469,0.132963,0.1857,0.194515,0.162999,0.113824,0.06813,0.035682,0.016611,0.00696,0.002651,0.000926,0.000421,0.984852,0.015148,1,0.015264,0.921383,0.078617,1,0.081879,0.78842,0.21158,1,0.237725,0.60272,0.39728,1,0.506303,0.408205,0.591795,1,0.895987,0.245206,0.754794,1,1.405658,0.131381,0.868619,0,0.140851,0.063251,0.936749,0,0.06534,0.131401,0.266679,0.270612,0.183069,0.092885,0.037702,0.012753,0.003697,0.000938,0.000212,5.2e-05,0.115279,0.249049,0.269022,0.193732,0.104635,0.045211,0.016279,0.005024,0.001357,0.000326,8.7e-05,0.868599,0.131401,0.60192,0.39808,0.331308,0.668692,0.148238,0.851762,0.055354,0.944646,0.017652,0.982348,0.884721,0.115279,0.635672,0.364328,0.366649,0.633351,0.172917,0.827083,0.068283,0.931717,0.023072,0.976928,1,0.140874,1,0.122483,1,0.507631,1,0.453073,0,0.402432,1,1.00335,0,0.160448,1,1.754944,0,0.056945,0,0.070726,0,0.01781,0,0.023342
2351,2025/26,1,Legia Warszawa,Piast Gliwice,3.0,1.0,4.0,1.8274,2.1382,3.9656,1,652.8959,0.5477,0.6087,0.1035,0.1094,-0.0356,0.018957,0.075176,0.149058,0.197033,0.195338,0.154925,0.102395,0.058008,0.028754,0.01267,0.005024,0.001811,0.000599,0.000252,0.981043,0.018957,1,0.019139,0.905867,0.094133,1,0.098862,0.75681,0.24319,1,0.278643,0.559776,0.440224,1,0.580218,0.364439,0.635561,0,0.453247,0.209513,0.790487,0,0.235106,0.107118,0.892882,0,0.113301,0.049111,0.950889,0,0.050357,0.160831,0.293903,0.268539,0.163576,0.07473,0.027312,0.008318,0.002172,0.000496,0.000101,2.2e-05,0.117867,0.252023,0.269438,0.192037,0.102653,0.043899,0.015644,0.004779,0.001277,0.000303,8e-05,0.839169,0.160831,0.545266,0.454734,0.276727,0.723273,0.113151,0.886849,0.038421,0.961579,0.011109,0.988891,0.882133,0.117867,0.63011,0.36989,0.360672,0.639328,0.168635,0.831365,0.065982,0.934018,0.022083,0.977917,1,0.175343,1,0.125412,1,0.606482,0,0.99455,1,1.284724,0,0.447338,0,0.120081,0,0.184686,0,0.039179,0,0.06826,0,0.011171,0,0.02233
2352,2025/26,1,Radomiak Radom,Pogoń Szczecin,1.0,1.0,2.0,2.0203,2.1796,4.1998,1,652.8959,0.5477,0.6087,0.1035,0.1094,-0.0356,0.014998,0.06299,0.132273,0.185175,0.194425,0.16331,0.114312,0.068585,0.036005,0.016802,0.007056,0.002694,0.000943,0.00043,0.985002,0.014998,1,0.015112,0.922012,0.077988,1,0.081197,0.789738,0.210262,0,1.559403,0.604564,0.395436,0,0.927765,0.410138,0.589862,0,0.527867,0.246828,0.753172,0,0.283462,0.132516,0.867484,0,0.142158,0.063931,0.936069,0,0.066066,0.132616,0.267923,0.270643,0.18226,0.092055,0.037196,0.012524,0.003615,0.000913,0.000205,5e-05,0.113087,0.246484,0.268618,0.19516,0.106343,0.046357,0.01684,0.005243,0.001429,0.000346,9.3e-05,0.867384,0.132616,0.599461,0.400539,0.328818,0.671182,0.146558,0.853442,0.054503,0.945497,0.017307,0.982693,0.886913,0.113087,0.640429,0.359571,0.371811,0.628189,0.176651,0.823349,0.070308,0.929692,0.023951,0.976049,1,0.142273,1,0.120008,0,0.914944,0,1.022844,0,0.398715,0,0.464914,0,0.158478,0,0.194375,0,0.056045,0,0.072902,0,0.017459,0,0.024242
2353,2025/26,2,Arka Gdynia,Radomiak Radom,1.0,3.0,4.0,1.9634,2.1952,4.1586,1,667.5086,0.535,0.5972,0.1064,0.108,-0.0267,0.015629,0.064995,0.135145,0.18734,0.194769,0.161995,0.112279,0.066704,0.034675,0.016022,0.006663,0.002519,0.000873,0.000393,0.984371,0.015629,1,0.015752,0.919376,0.080624,1,0.08406,0.784231,0.215769,1,0.243052,0.596892,0.403108,1,0.51602,0.402123,0.597877,0,0.514369,0.240128,0.759872,0,0.274605,0.127849,0.872151,0,0.136792,0.061145,0.938855,0,0.063094,0.14038,0.275623,0.270579,0.177085,0.086922,0.034133,0.011169,0.003133,0.000769,0.000168,4e-05,0.111336,0.244405,0.268259,0.196294,0.107726,0.047296,0.017304,0.005427,0.001489,0.000363,9.9e-05,0.85962,0.14038,0.583997,0.416003,0.313418,0.686582,0.136333,0.863667,0.049411,0.950589,0.015279,0.984721,0.888663,0.111337,0.644258,0.355742,0.375998,0.624002,0.179704,0.820296,0.071978,0.928022,0.024681,0.975319,1,0.151265,1,0.118037,0,0.877063,1,0.439656,0,0.37603,1,0.978171,0,0.146568,0,0.19809,0,0.050673,0,0.0747,0,0.015397,0,0.024991
2354,2025/26,2,Lechia Gdańsk,Lech Poznań,3.0,3.0,6.0,2.0455,2.171,4.2165,1,667.5086,0.535,0.5972,0.1064,0.108,-0.0267,0.01475,0.062194,0.131121,0.18429,0.194265,0.163824,0.115127,0.069347,0.03655,0.017124,0.00722,0.002768,0.000972,0.000446,0.98525,0.01475,1,0.01486,0.923055,0.076945,1,0.080066,0.791934,0.208066,1,0.233277,0.607644,0.392356,1,0.498166,0.413379,0.586621,1,0.88339,0.249555,0.750445,1,1.388074,0.134428,0.865572,0,0.144365,0.065081,0.934919,0,0.067295,0.129316,0.264515,0.270533,0.184458,0.094327,0.038589,0.013156,0.003844,0.000983,0.000223,5.6e-05,0.114063,0.247632,0.268804,0.194525,0.105578,0.045842,0.016587,0.005144,0.001396,0.000337,9e-05,0.870684,0.129316,0.606169,0.393831,0.335637,0.664363,0.151179,0.848821,0.056851,0.943149,0.018262,0.981738,0.885936,0.114064,0.638304,0.361696,0.3695,0.6305,0.174975,0.825025,0.069397,0.930603,0.023555,0.976445,1,0.138476,1,0.121111,1,0.500596,1,0.448941,1,1.091725,1,0.995605,0,0.163907,0,0.192342,0,0.058531,0,0.071923,0,0.018431,0,0.023837
2355,2025/26,2,Pogoń Szczecin,Motor Lublin,2.0,1.0,3.0,2.0865,2.1599,4.2464,1,667.5086,0.535,0.5972,0.1064,0.108,-0.0267,0.014316,0.060791,0.12907,0.182694,0.193948,0.164715,0.116574,0.070717,0.037536,0.017711,0.007521,0.002903,0.001027,0.000476,0.985684,0.014316,1,0.014419,0.924893,0.075107,1,0.078077,0.795823,0.204177,1,0.228378,0.613129,0.386871,0,0.949663,0.419181,0.580819,0,0.543316,0.254466,0.745534,0,0.293654,0.137891,0.862109,0,0.148374,0.067174,0.932826,0,0.069537,0.124121,0.258978,0.270179,0.187909,0.098018,0.040903,0.014224,0.00424,0.001106,0.000256,6.5e-05,0.115337,0.249116,0.269032,0.193694,0.10459,0.045181,0.016264,0.005018,0.001355,0.000325,8.7e-05,0.875879,0.124121,0.616901,0.383099,0.346722,0.653278,0.158813,0.841187,0.060794,0.939206,0.019891,0.980109,0.884663,0.115337,0.635547,0.364453,0.366515,0.633485,0.17282,0.82718,0.06823,0.93177,0.023049,0.976951,1,0.132527,1,0.122548,1,0.483047,0,1.009358,0,0.425753,0,0.456519,0,0.172941,0,0.189733,0,0.06272,0,0.070669,0,0.020091,0,0.023319
2356,2025/26,2,Korona Kielce,Legia Warszawa,0.0,1.0,1.0,2.003,2.2708,4.2738,1,667.5086,0.535,0.5972,0.1064,0.108,-0.0267,0.013929,0.059531,0.12721,0.181222,0.193624,0.1655,0.117884,0.071973,0.038449,0.018258,0.007803,0.003032,0.00108,0.000505,0.986071,0.013929,1,0.014027,0.92654,0.07346,0,2.611009,0.799329,0.200671,0,1.60609,0.618108,0.381892,0,0.962617,0.424484,0.575516,0,0.552488,0.258984,0.741016,0,0.299732,0.141099,0.858901,0,0.152102,0.069127,0.930873,0,0.071632,0.13493,0.270265,0.27067,0.180717,0.090494,0.036252,0.012102,0.003463,0.000867,0.000193,4.7e-05,0.10323,0.234414,0.266153,0.20146,0.114369,0.051942,0.019658,0.006377,0.00181,0.000457,0.000129,0.86507,0.13493,0.594805,0.405195,0.324135,0.675865,0.143418,0.856582,0.052924,0.947076,0.016672,0.983328,0.89677,0.10323,0.662356,0.337644,0.396203,0.603797,0.194742,0.805258,0.080373,0.919627,0.028431,0.971569,0,2.002999,1,0.108956,0,0.903387,0,1.085763,0,0.391762,0,0.504517,0,0.154805,0,0.216593,0,0.054376,0,0.083787,0,0.016813,0,0.028843
2357,2025/26,2,Cracovia,Bruk-Bet Termalica Nieciecza,3.0,5.0,8.0,1.8837,1.918,3.8017,1,667.5086,0.535,0.5972,0.1064,0.108,-0.0267,0.022333,0.084902,0.161387,0.204515,0.194376,0.147792,0.093644,0.050858,0.024168,0.010209,0.003881,0.001341,0.000425,0.000169,0.977667,0.022333,1,0.022586,0.892765,0.107235,1,0.113432,0.731378,0.268622,1,0.312825,0.526863,0.473137,1,0.640814,0.332487,0.667513,1,1.101154,0.184695,0.815305,1,1.689048,0.091052,0.908948,1,2.396328,0.040194,0.959806,1,3.214041,0.152027,0.286372,0.26972,0.169357,0.079754,0.030047,0.009433,0.002538,0.000598,0.000125,2.8e-05,0.1469,0.281755,0.270203,0.17275,0.082834,0.031775,0.010157,0.002783,0.000667,0.000142,3.3e-05,0.847973,0.152027,0.561601,0.438399,0.291881,0.708119,0.122524,0.877476,0.042769,0.957231,0.012723,0.987277,0.853099,0.146901,0.571344,0.428656,0.301141,0.698859,0.128391,0.871609,0.045558,0.954442,0.013783,0.986217,1,0.164906,1,0.15888,1,0.576964,1,0.559764,1,1.231409,1,1.200177,0,0.130706,1,2.052675,0,0.043711,1,3.088769,0,0.012805,0,0.013879
2358,2025/26,2,GKS Katowice,Zagłębie Lubin,1.0,1.0,2.0,1.925,2.1393,4.0643,1,667.5086,0.535,0.5972,0.1064,0.108,-0.0267,0.017175,0.069804,0.141852,0.192177,0.195267,0.158725,0.107518,0.062427,0.031715,0.014322,0.005821,0.002151,0.000728,0.000318,0.982825,0.017175,1,0.017324,0.913022,0.086978,1,0.090996,0.771169,0.228831,0,1.474774,0.578992,0.421008,0,0.865104,0.383726,0.616274,0,0.484063,0.225,0.775,0,0.254893,0.117482,0.882518,0,0.124976,0.055055,0.944945,0,0.056629,0.145876,0.280811,0.27028,0.17343,0.083463,0.032133,0.010309,0.002835,0.000682,0.000146,3.4e-05,0.117737,0.251875,0.269418,0.192122,0.102752,0.043963,0.015675,0.004791,0.001281,0.000305,8e-05,0.854124,0.145876,0.573313,0.426687,0.303033,0.696967,0.129603,0.870397,0.04614,0.95386,0.014006,0.985994,0.882262,0.117738,0.630387,0.369613,0.360969,0.639031,0.168846,0.831154,0.066095,0.933905,0.022131,0.977869,1,0.157679,1,0.125266,0,0.851705,0,0.995299,0,0.361017,0,0.447802,0,0.138806,0,0.18494,0,0.047238,0,0.068381,0,0.014105,0,0.02238
2359,2025/26,2,Raków Częstochowa,Wisła Płock,4.0,4.0,8.0,2.0242,2.2675,4.2918,1,667.5086,0.535,0.5972,0.1064,0.108,-0.0267,0.013681,0.058714,0.125994,0.180246,0.193394,0.166,0.118739,0.0728,0.039055,0.018624,0.007993,0.003119,0.001115,0.000525,0.986319,0.013681,1,0.013775,0.927605,0.072395,1,0.075149,0.801611,0.198389,1,0.221132,0.621365,0.378635,1,0.475836,0.427971,0.572029,1,0.848699,0.261971,0.738029,1,1.339522,0.143232,0.856768,1,1.943293,0.070431,0.929569,1,2.65312,0.132099,0.267396,0.270631,0.182604,0.092407,0.03741,0.012621,0.00365,0.000923,0.000208,5.1e-05,0.103571,0.234847,0.266258,0.201246,0.114081,0.051736,0.019552,0.006333,0.001795,0.000452,0.000128,0.8679,0.1321,0.600505,0.399495,0.329873,0.670127,0.147269,0.852731,0.054863,0.945137,0.017453,0.982547,0.896428,0.103572,0.661582,0.338418,0.395324,0.604676,0.194078,0.805922,0.079996,0.920004,0.02826,0.97174,1,0.141679,1,0.109337,1,0.509984,1,0.413121,1,1.109048,1,0.92805,1,1.915494,1,1.639495,0,0.056425,0,0.083377,0,0.017607,0,0.028667
2360,2025/26,2,Jagiellonia Białystok,Widzew Łódź,2.0,3.0,5.0,1.9554,2.1405,4.0959,1,667.5086,0.535,0.5972,0.1064,0.108,-0.0267,0.016642,0.068161,0.139589,0.190579,0.195146,0.159858,0.109126,0.063852,0.032691,0.014878,0.006094,0.002269,0.000774,0.000341,0.983358,0.016642,1,0.016782,0.915197,0.084803,1,0.088616,0.775608,0.224392,1,0.254108,0.585029,0.414971,1,0.536095,0.389882,0.610118,1,0.94191,0.230025,0.769975,0,0.261397,0.120899,0.879101,0,0.128855,0.057047,0.942953,0,0.058739,0.141508,0.276704,0.270534,0.176334,0.086201,0.033711,0.010987,0.003069,0.00075,0.000163,3.8e-05,0.117596,0.251714,0.269397,0.192215,0.102859,0.044034,0.015709,0.004804,0.001285,0.000306,8e-05,0.858492,0.141508,0.581788,0.418212,0.311254,0.688746,0.13492,0.86508,0.048719,0.951281,0.015007,0.984993,0.882404,0.117596,0.630689,0.369311,0.361292,0.638708,0.169077,0.830923,0.066218,0.933782,0.022184,0.977816,1,0.152578,1,0.125105,1,0.541649,1,0.460942,0,0.372883,1,1.018069,0,0.144933,0,0.185218,0,0.049946,0,0.068512,0,0.015121,0,0.022434
2361,2025/26,2,Piast Gliwice,Górnik Zabrze,2.0,1.0,3.0,2.0922,2.1315,4.2238,1,667.5086,0.535,0.5972,0.1064,0.108,-0.0267,0.014644,0.061851,0.130622,0.183904,0.194192,0.164043,0.11548,0.06968,0.036789,0.017265,0.007292,0.0028,0.000986,0.000453,0.985356,0.014644,1,0.014752,0.923505,0.076495,1,0.079579,0.792884,0.207116,1,0.232078,0.60898,0.39102,0,0.938996,0.414788,0.585212,0,0.535781,0.250745,0.749255,0,0.288676,0.135265,0.864735,0,0.145332,0.065585,0.934415,0,0.067835,0.123415,0.25821,0.270113,0.188377,0.09853,0.041229,0.014377,0.004297,0.001124,0.000261,6.7e-05,0.118659,0.252922,0.269552,0.191516,0.102054,0.043506,0.015455,0.004706,0.001254,0.000297,7.8e-05,0.876584,0.123416,0.618375,0.381625,0.348262,0.651738,0.159885,0.840115,0.061355,0.938645,0.020125,0.979875,0.88134,0.11866,0.628418,0.371582,0.358867,0.641133,0.16735,0.83265,0.065296,0.934704,0.02179,0.97821,1,0.131723,1,0.126312,1,0.48066,0,0.989986,0,0.428113,0,0.444518,0,0.174216,0,0.183142,0,0.063318,0,0.067525,0,0.02033,0,0.022031
2362,2025/26,3,Wisła Płock,Piast Gliwice,3.0,5.0,8.0,1.8151,2.2082,4.0233,1,675.6275,0.5682,0.632,0.0977,0.1161,-0.062,0.017894,0.071994,0.144826,0.194224,0.195354,0.157192,0.105404,0.060581,0.030467,0.01362,0.005479,0.002004,0.000672,0.000289,0.982106,0.017894,1,0.018057,0.910111,0.089889,1,0.094188,0.765286,0.234714,1,0.267506,0.571062,0.428938,1,0.560258,0.375708,0.624292,1,0.978943,0.218516,0.781484,1,1.520896,0.113112,0.886888,1,2.179377,0.052531,0.947469,1,2.946356,0.162822,0.295538,0.268215,0.162279,0.073638,0.026732,0.008087,0.002097,0.000476,9.6e-05,2.1e-05,0.109898,0.242677,0.26794,0.197222,0.108876,0.048084,0.017697,0.005583,0.001541,0.000378,0.000103,0.837178,0.162822,0.541641,0.458359,0.273426,0.726574,0.111147,0.888853,0.037508,0.962492,0.010776,0.989224,0.890101,0.109899,0.647424,0.352576,0.379484,0.620516,0.182262,0.817738,0.073386,0.926614,0.025301,0.974699,1,0.177719,1,0.11642,1,0.613152,1,0.434754,1,1.296724,1,0.968943,0,0.117823,1,1.70231,0,0.03823,1,2.612022,0,0.010834,0,0.025627
2363,2025/26,3,Bruk-Bet Termalica Nieciecza,Pogoń Szczecin,0.0,2.0,2.0,1.9702,2.153,4.1232,1,675.6275,0.5682,0.632,0.0977,0.1161,-0.062,0.016192,0.066764,0.137642,0.189176,0.195004,0.160809,0.110508,0.065093,0.033549,0.01537,0.006337,0.002375,0.000816,0.000363,0.983808,0.016192,1,0.016325,0.917043,0.082957,1,0.086601,0.779401,0.220599,0,1.511408,0.590225,0.409775,0,0.892146,0.395221,0.604779,0,0.502892,0.234412,0.765588,0,0.267111,0.123904,0.876096,0,0.132279,0.058811,0.941189,0,0.060611,0.139429,0.274703,0.27061,0.177719,0.087535,0.034492,0.011326,0.003188,0.000785,0.000172,4.1e-05,0.116135,0.250039,0.269167,0.193172,0.103975,0.044772,0.016066,0.004941,0.00133,0.000318,8.4e-05,0.860571,0.139429,0.585868,0.414132,0.315258,0.684742,0.137539,0.862461,0.050004,0.949996,0.015512,0.984488,0.883864,0.116136,0.633825,0.366175,0.364658,0.635342,0.171486,0.828514,0.067511,0.932489,0.022739,0.977261,0,1.9702,1,0.123452,0,0.881571,1,0.455982,0,0.378713,0,0.453592,0,0.147965,0,0.188122,0,0.051298,0,0.069898,0,0.015634,0,0.023002
2364,2025/26,3,Legia Warszawa,Arka Gdynia,3.0,3.0,6.0,1.9554,2.3128,4.2682,1,675.6275,0.5682,0.632,0.0977,0.1161,-0.062,0.014007,0.059785,0.127587,0.181522,0.193692,0.165343,0.117619,0.071717,0.038263,0.018146,0.007745,0.003005,0.001069,0.000499,0.985993,0.014007,1,0.014106,0.926207,0.073793,1,0.076657,0.79862,0.20138,1,0.22487,0.617098,0.382902,1,0.482728,0.423405,0.576595,1,0.859425,0.258062,0.741938,1,1.354554,0.140443,0.859557,0,0.151339,0.068726,0.931274,0,0.071202,0.141508,0.276704,0.270534,0.176334,0.086201,0.033711,0.010987,0.003069,0.00075,0.000163,3.8e-05,0.098984,0.22893,0.264734,0.204092,0.118006,0.054585,0.021041,0.006952,0.00201,0.000516,0.000149,0.858492,0.141508,0.581788,0.418212,0.311254,0.688746,0.13492,0.86508,0.048719,0.951281,0.015007,0.984993,0.901015,0.098985,0.672086,0.327914,0.407352,0.592648,0.203259,0.796741,0.085253,0.914747,0.030668,0.969332,1,0.152578,1,0.104233,1,0.541649,1,0.397369,1,1.167146,1,0.898078,0,0.144933,0,0.227226,0,0.049946,0,0.089108,0,0.015121,0,0.031148
2365,2025/26,3,Motor Lublin,Jagiellonia Białystok,2.0,1.0,3.0,2.0282,2.2138,4.242,1,675.6275,0.5682,0.632,0.0977,0.1161,-0.062,0.014379,0.060997,0.129373,0.182932,0.193997,0.164585,0.116361,0.070514,0.03739,0.017623,0.007475,0.002883,0.001019,0.000472,0.985621,0.014379,1,0.014484,0.924624,0.075376,1,0.078369,0.79525,0.20475,1,0.229098,0.612318,0.387682,0,0.947571,0.418321,0.581679,0,0.541837,0.253736,0.746264,0,0.292676,0.137375,0.862625,0,0.147775,0.066861,0.933139,0,0.069201,0.131572,0.266855,0.270617,0.182955,0.092767,0.03763,0.01272,0.003686,0.000934,0.000211,5.2e-05,0.109285,0.241934,0.267797,0.197616,0.109371,0.048425,0.017867,0.005651,0.001564,0.000385,0.000105,0.868428,0.131572,0.601573,0.398427,0.330956,0.669044,0.148,0.852,0.055233,0.944767,0.017603,0.982397,0.890715,0.109285,0.648781,0.351219,0.380984,0.619016,0.183367,0.816633,0.073997,0.926003,0.025572,0.974428,1,0.141071,1,0.115731,1,0.508207,0,1.046345,0,0.401905,0,0.479624,0,0.160169,0,0.202565,0,0.056817,0,0.076878,0,0.01776,0,0.025905
2366,2025/26,3,Zagłębie Lubin,Korona Kielce,2.0,2.0,4.0,2.0143,2.1905,4.2048,1,675.6275,0.5682,0.632,0.0977,0.1161,-0.062,0.014924,0.062752,0.131929,0.184912,0.194379,0.163464,0.114556,0.068812,0.036167,0.016897,0.007105,0.002716,0.000952,0.000435,0.985076,0.014924,1,0.015036,0.922324,0.077676,1,0.080858,0.790395,0.209605,1,0.235223,0.605483,0.394517,1,0.501728,0.411104,0.588896,0,0.529506,0.24764,0.75236,0,0.28454,0.133084,0.866916,0,0.142813,0.064272,0.935728,0,0.066431,0.133414,0.268735,0.270657,0.181728,0.091514,0.036867,0.012377,0.003562,0.000897,0.000201,4.9e-05,0.111861,0.245031,0.26837,0.195955,0.10731,0.047012,0.017163,0.005371,0.001471,0.000358,9.7e-05,0.866586,0.133414,0.597851,0.402149,0.327194,0.672806,0.145466,0.854534,0.053952,0.946048,0.017085,0.982915,0.888139,0.111861,0.643108,0.356892,0.374737,0.625263,0.178782,0.821218,0.071472,0.928528,0.02446,0.97554,1,0.143194,1,0.118627,1,0.514414,1,0.441443,0,0.396298,0,0.469583,0,0.157199,0,0.196967,0,0.055462,0,0.074155,0,0.017233,0,0.024764
2367,2025/26,3,Radomiak Radom,Raków Częstochowa,3.0,3.0,6.0,2.0268,2.1077,4.1345,1,675.6275,0.5682,0.632,0.0977,0.1161,-0.062,0.016011,0.066196,0.136844,0.188594,0.194935,0.161192,0.111075,0.065606,0.033906,0.015576,0.00644,0.002421,0.000834,0.000372,0.983989,0.016011,1,0.01614,0.917793,0.082207,1,0.085783,0.78095,0.21905,1,0.247245,0.592356,0.407644,1,0.523647,0.397421,0.602579,1,0.922759,0.236229,0.763771,1,1.442954,0.125154,0.874846,0,0.133708,0.059549,0.940451,0,0.061395,0.131756,0.267044,0.270622,0.182832,0.092641,0.037553,0.012685,0.003673,0.000931,0.00021,5.2e-05,0.121517,0.256122,0.269914,0.189632,0.099922,0.042121,0.014796,0.004455,0.001174,0.000275,7.1e-05,0.868243,0.131757,0.601199,0.398801,0.330577,0.669423,0.147744,0.852256,0.055103,0.944897,0.01755,0.98245,0.878482,0.121518,0.622361,0.377639,0.352447,0.647553,0.162815,0.837185,0.062892,0.937108,0.020771,0.979229,1,0.141284,1,0.12956,1,0.508829,1,0.474235,1,1.106916,1,1.042855,0,0.159868,0,0.17771,0,0.056679,0,0.064957,0,0.017706,0,0.02099
2368,2025/26,3,Cracovia,Lechia Gdańsk,3.0,2.0,5.0,2.0392,2.2197,4.2588,1,675.6275,0.5682,0.632,0.0977,0.1161,-0.062,0.014139,0.060214,0.128222,0.182025,0.193804,0.165076,0.117172,0.071288,0.037951,0.017958,0.007648,0.002961,0.001051,0.000489,0.985861,0.014139,1,0.01424,0.925647,0.074353,1,0.077262,0.797425,0.202575,1,0.226367,0.6154,0.3846,1,0.485483,0.421596,0.578404,1,0.863708,0.25652,0.74348,0,0.296413,0.139347,0.860653,0,0.150064,0.068059,0.931941,0,0.070485,0.130133,0.265367,0.270568,0.183914,0.093759,0.038239,0.012996,0.003786,0.000965,0.000219,5.4e-05,0.108642,0.241152,0.267643,0.198029,0.109891,0.048785,0.018048,0.005723,0.001588,0.000392,0.000108,0.869867,0.130133,0.6045,0.3955,0.333932,0.666068,0.150018,0.849982,0.056259,0.943741,0.01802,0.98198,0.891358,0.108642,0.650206,0.349794,0.382563,0.617437,0.184534,0.815466,0.074643,0.925357,0.025858,0.974142,1,0.139415,1,0.115009,1,0.503354,1,0.430466,1,1.096818,0,0.482178,0,0.16254,0,0.203996,0,0.057904,0,0.077576,0,0.018184,0,0.026198
2369,2025/26,3,Lech Poznań,Górnik Zabrze,2.0,1.0,3.0,1.9758,2.1815,4.1573,1,675.6275,0.5682,0.632,0.0977,0.1161,-0.062,0.01565,0.065062,0.135241,0.187411,0.194779,0.16195,0.112211,0.066642,0.034631,0.015997,0.00665,0.002513,0.000871,0.000392,0.98435,0.01565,1,0.015774,0.919287,0.080713,1,0.084156,0.784047,0.215953,1,0.243287,0.596636,0.403364,0,0.907916,0.401857,0.598143,0,0.513925,0.239907,0.760093,0,0.274315,0.127696,0.872304,0,0.136617,0.061054,0.938946,0,0.062997,0.13865,0.273945,0.270631,0.178237,0.08804,0.03479,0.011456,0.003234,0.000799,0.000175,4.2e-05,0.112872,0.24623,0.268576,0.195299,0.106511,0.046471,0.016896,0.005266,0.001436,0.000348,9.4e-05,0.861349,0.138651,0.587404,0.412596,0.316773,0.683227,0.138536,0.861464,0.050496,0.949504,0.015706,0.984294,0.887127,0.112873,0.640897,0.359103,0.372321,0.627679,0.177022,0.822978,0.07051,0.92949,0.024039,0.975961,1,0.149256,1,0.119767,1,0.532042,0,1.024146,0,0.380928,0,0.465726,0,0.149122,0,0.194826,0,0.051816,0,0.073119,0,0.015831,0,0.024333
2370,2025/26,3,Widzew Łódź,GKS Katowice,4.0,2.0,6.0,1.9933,2.2091,4.2025,1,675.6275,0.5682,0.632,0.0977,0.1161,-0.062,0.014958,0.062862,0.132089,0.185034,0.194401,0.163393,0.114443,0.068706,0.036092,0.016853,0.007082,0.002706,0.000948,0.000433,0.985042,0.014958,1,0.015071,0.922179,0.077821,1,0.081016,0.79009,0.20991,1,0.235608,0.605056,0.394944,1,0.502434,0.410656,0.589344,1,0.89,0.247263,0.752737,1,1.397304,0.13282,0.86718,0,0.142509,0.064114,0.935886,0,0.066261,0.136245,0.271577,0.270668,0.179841,0.089619,0.035728,0.011869,0.00338,0.000842,0.000187,4.5e-05,0.109799,0.242558,0.267917,0.197285,0.108956,0.048139,0.017724,0.005593,0.001545,0.000379,0.000104,0.863755,0.136245,0.592177,0.407823,0.32151,0.67849,0.141669,0.858331,0.05205,0.94795,0.016323,0.983677,0.8902,0.1098,0.647642,0.352358,0.379725,0.620275,0.182439,0.817561,0.073484,0.926516,0.025345,0.974655,1,0.146466,1,0.116309,1,0.52395,1,0.434417,1,1.134727,0,0.477592,1,1.954262,0,0.20143,0,0.053454,0,0.076324,0,0.016458,0,0.025672
2371,2025/26,4,Arka Gdynia,Pogoń Szczecin,3.0,3.0,6.0,1.8553,2.2417,4.097,1,681.6657,0.5747,0.6365,0.0884,0.1172,-0.0574,0.016623,0.068104,0.13951,0.190523,0.195141,0.159897,0.109182,0.063902,0.032725,0.014897,0.006103,0.002273,0.000776,0.000342,0.983377,0.016623,1,0.016763,0.915272,0.084728,1,0.088533,0.775762,0.224238,1,0.253909,0.585239,0.414761,1,0.535735,0.390098,0.609902,1,0.941357,0.230201,0.769799,1,1.468801,0.121019,0.878981,0,0.128992,0.057117,0.942883,0,0.058814,0.156406,0.29018,0.269186,0.166473,0.077214,0.028651,0.008859,0.002348,0.000545,0.000112,2.5e-05,0.106278,0.238243,0.267034,0.199537,0.111825,0.050136,0.018732,0.005999,0.001681,0.000419,0.000117,0.843594,0.156406,0.553414,0.446586,0.284228,0.715772,0.117755,0.882245,0.04054,0.95946,0.011889,0.988111,0.893722,0.106278,0.655479,0.344521,0.388445,0.611555,0.188908,0.811092,0.077082,0.922918,0.026946,0.973054,1,0.170084,1,0.112361,1,0.591649,1,0.422389,1,1.257979,1,0.945604,0,0.125285,0,0.209374,0,0.041385,0,0.080215,0,0.01196,0,0.027316
2372,2025/26,4,Legia Warszawa,GKS Katowice,3.0,1.0,4.0,1.9561,2.2227,4.1788,1,681.6657,0.5747,0.6365,0.0884,0.1172,-0.0574,0.015317,0.064008,0.133737,0.186285,0.19461,0.162646,0.113277,0.067623,0.035322,0.0164,0.006853,0.002604,0.000907,0.000411,0.984683,0.015317,1,0.015436,0.920675,0.079325,1,0.082648,0.786939,0.213061,1,0.239605,0.600654,0.399346,1,0.509736,0.406043,0.593957,0,0.520949,0.243397,0.756603,0,0.278917,0.13012,0.86988,0,0.1394,0.062497,0.937503,0,0.064536,0.141409,0.27661,0.270538,0.1764,0.086264,0.033748,0.011002,0.003075,0.000752,0.000163,3.9e-05,0.108316,0.240755,0.267563,0.198237,0.110155,0.048968,0.01814,0.00576,0.0016,0.000395,0.000109,0.858591,0.141409,0.581981,0.418019,0.311443,0.688557,0.135043,0.864957,0.048779,0.951221,0.015031,0.984969,0.891683,0.108317,0.650929,0.349071,0.383366,0.616634,0.185129,0.814871,0.074973,0.925027,0.026005,0.973995,1,0.152463,1,0.114645,1,0.541317,0,1.05248,1,1.166539,0,0.48348,0,0.145075,0,0.204725,0,0.050009,0,0.077932,0,0.015145,0,0.026349
2373,2025/26,4,Lechia Gdańsk,Motor Lublin,2.0,2.0,4.0,2.079,2.1161,4.1951,1,681.6657,0.5747,0.6365,0.0884,0.1172,-0.0574,0.01507,0.063219,0.132603,0.185426,0.194469,0.163162,0.114079,0.068367,0.03585,0.016711,0.00701,0.002673,0.000935,0.000426,0.98493,0.01507,1,0.015184,0.921711,0.078289,1,0.081523,0.789108,0.210892,1,0.236852,0.603682,0.396318,1,0.504708,0.409213,0.590787,0,0.5263,0.246051,0.753949,0,0.282431,0.131972,0.868028,0,0.141531,0.063605,0.936395,0,0.065718,0.125055,0.25999,0.270259,0.18729,0.097344,0.040476,0.014025,0.004165,0.001082,0.00025,6.4e-05,0.120501,0.254991,0.269794,0.190303,0.100675,0.042608,0.015027,0.004543,0.001202,0.000283,7.3e-05,0.874944,0.125056,0.614955,0.385045,0.344695,0.655305,0.157406,0.842594,0.060062,0.939938,0.019586,0.980414,0.879499,0.120501,0.624507,0.375493,0.354714,0.645286,0.16441,0.83559,0.063735,0.936265,0.021127,0.978873,1,0.133595,1,0.128403,1,0.486206,1,0.470793,0,0.422655,0,0.438062,0,0.17127,0,0.179617,0,0.061941,0,0.065857,0,0.01978,0,0.021353
2374,2025/26,4,Górnik Zabrze,Bruk-Bet Termalica Nieciecza,3.0,3.0,6.0,2.0381,2.1763,4.2144,1,681.6657,0.5747,0.6365,0.0884,0.1172,-0.0574,0.014782,0.062296,0.131269,0.184404,0.194286,0.163758,0.115022,0.069249,0.03648,0.017082,0.007199,0.002758,0.000969,0.000444,0.985218,0.014782,1,0.014892,0.922922,0.077078,1,0.080211,0.791653,0.208347,1,0.233632,0.607249,0.392751,1,0.498817,0.412962,0.587038,1,0.884399,0.249204,0.750796,1,1.389483,0.134182,0.865818,0,0.14408,0.064932,0.935068,0,0.067136,0.130276,0.265516,0.270574,0.183819,0.09366,0.038178,0.012968,0.003776,0.000962,0.000218,5.4e-05,0.113461,0.246924,0.268691,0.194917,0.10605,0.046159,0.016743,0.005205,0.001416,0.000342,9.2e-05,0.869724,0.130276,0.604208,0.395792,0.333635,0.666365,0.149816,0.850184,0.056156,0.943844,0.017978,0.982022,0.886539,0.113461,0.639615,0.360385,0.370924,0.629076,0.176007,0.823993,0.069957,0.930043,0.023798,0.976202,1,0.139579,1,0.12043,1,0.503837,1,0.446889,1,1.097708,1,0.991758,0,0.162302,0,0.193593,0,0.057794,0,0.072524,0,0.018142,0,0.024086
2375,2025/26,4,Korona Kielce,Radomiak Radom,5.0,3.0,8.0,1.9901,2.2371,4.2272,1,681.6657,0.5747,0.6365,0.0884,0.1172,-0.0574,0.014593,0.061688,0.130384,0.18372,0.194156,0.164147,0.115647,0.069838,0.036902,0.017333,0.007327,0.002816,0.000992,0.000457,0.985407,0.014593,1,0.014701,0.923719,0.076281,1,0.079348,0.793334,0.206666,1,0.231511,0.609614,0.390386,1,0.49493,0.415458,0.584542,1,0.878374,0.251311,0.748689,1,1.381064,0.135664,0.864336,1,1.997576,0.065826,0.934174,1,2.72074,0.136682,0.27201,0.270664,0.179549,0.08933,0.035555,0.011793,0.003353,0.000834,0.000184,4.4e-05,0.106768,0.23885,0.267166,0.199225,0.111422,0.049852,0.018587,0.00594,0.001661,0.000413,0.000115,0.863318,0.136682,0.591308,0.408692,0.320644,0.679356,0.141094,0.858906,0.051764,0.948236,0.016209,0.983791,0.893232,0.106768,0.654382,0.345618,0.387216,0.612784,0.187991,0.812009,0.076569,0.923431,0.026716,0.973284,1,0.146972,1,0.112909,1,0.525418,1,0.424064,1,1.137424,1,0.948773,1,1.958329,0,0.208244,1,2.96106,0,0.079659,0,0.016342,0,0.027079
2376,2025/26,4,Raków Częstochowa,Zagłębie Lubin,2.0,4.0,6.0,2.0399,2.2754,4.3153,1,681.6657,0.5747,0.6365,0.0884,0.1172,-0.0574,0.013363,0.057665,0.12442,0.178968,0.193074,0.166633,0.119844,0.07388,0.039851,0.019108,0.008245,0.003235,0.001163,0.000552,0.986637,0.013363,1,0.013453,0.928972,0.071028,1,0.073677,0.804552,0.195448,1,0.21747,0.625584,0.374416,1,0.46907,0.43251,0.56749,1,0.83815,0.265877,0.734123,1,1.32472,0.146033,0.853967,0,0.157863,0.072154,0.927846,0,0.074889,0.130042,0.265272,0.270564,0.183975,0.093822,0.038278,0.013014,0.003792,0.000967,0.000219,5.4e-05,0.102756,0.233811,0.266006,0.201757,0.114769,0.052229,0.019807,0.006438,0.001831,0.000463,0.000131,0.869958,0.130042,0.604686,0.395314,0.334122,0.665878,0.150147,0.849853,0.056324,0.943676,0.018047,0.981953,0.897243,0.102757,0.663433,0.336567,0.397427,0.602573,0.19567,0.80433,0.0809,0.9191,0.028671,0.971329,1,0.13931,1,0.108429,1,0.503046,1,0.410327,0,0.406649,1,0.922744,0,0.162692,1,1.631326,0,0.057972,0,0.08436,0,0.018212,0,0.02909
2377,2025/26,4,Jagiellonia Białystok,Cracovia,2.0,3.0,5.0,1.9444,2.1866,4.131,1,681.6657,0.5747,0.6365,0.0884,0.1172,-0.0574,0.016067,0.066373,0.137093,0.188776,0.194957,0.161073,0.110898,0.065445,0.033794,0.015511,0.006408,0.002406,0.000828,0.000369,0.983933,0.016067,1,0.016198,0.917559,0.082441,1,0.086038,0.780466,0.219534,1,0.247864,0.59169,0.40831,1,0.524773,0.396732,0.603268,1,0.924494,0.23566,0.76434,0,0.268742,0.124762,0.875238,0,0.133259,0.059317,0.940683,0,0.061149,0.143073,0.278191,0.270458,0.175293,0.08521,0.033136,0.010738,0.002983,0.000725,0.000157,3.7e-05,0.112298,0.245551,0.26846,0.195672,0.106964,0.046778,0.017047,0.005325,0.001455,0.000354,9.5e-05,0.856927,0.143073,0.578736,0.421264,0.308278,0.691722,0.132986,0.867014,0.047776,0.952224,0.01464,0.98536,0.887702,0.112298,0.642151,0.357849,0.37369,0.62631,0.178019,0.821981,0.071054,0.928946,0.024277,0.975723,1,0.154403,1,0.119119,1,0.546909,1,0.442932,0,0.368571,1,0.984329,0,0.1427,0,0.196038,0,0.048955,0,0.073705,0,0.014748,0,0.024577
2378,2025/26,4,Piast Gliwice,Lech Poznań,1.0,2.0,3.0,2.0728,2.1081,4.181,1,681.6657,0.5747,0.6365,0.0884,0.1172,-0.0574,0.015283,0.0639,0.133582,0.186168,0.194592,0.162717,0.113387,0.067724,0.035394,0.016443,0.006875,0.002613,0.00091,0.000413,0.984717,0.015283,1,0.015401,0.920817,0.079183,1,0.082494,0.787235,0.212765,1,0.239228,0.601067,0.398933,0,0.918963,0.406476,0.593524,0,0.521677,0.243758,0.756242,0,0.279394,0.130372,0.869628,0,0.13969,0.062648,0.937352,0,0.064696,0.125833,0.260827,0.270321,0.186774,0.096786,0.040124,0.013861,0.004105,0.001063,0.000245,6.2e-05,0.121469,0.256068,0.269908,0.189665,0.099958,0.042144,0.014807,0.004459,0.001175,0.000275,7.1e-05,0.874167,0.125833,0.61334,0.38666,0.34302,0.65698,0.156246,0.843754,0.05946,0.94054,0.019336,0.980664,0.878531,0.121469,0.622463,0.377537,0.352555,0.647445,0.16289,0.83711,0.062932,0.937068,0.020788,0.979212,1,0.134484,1,0.129504,0,0.95021,1,0.474071,0,0.420102,0,0.434721,0,0.169894,0,0.1778,0,0.061301,0,0.064999,0,0.019525,0,0.021007
2379,2025/26,4,Widzew Łódź,Wisła Płock,2.0,3.0,5.0,2.2035,2.3198,4.5233,1,681.6657,0.5747,0.6365,0.0884,0.1172,-0.0574,0.010853,0.049092,0.11103,0.167406,0.189307,0.171258,0.129108,0.083428,0.047171,0.023708,0.010724,0.00441,0.001662,0.000843,0.989147,0.010853,1,0.010913,0.940054,0.059946,1,0.061818,0.829025,0.170975,1,0.187505,0.661618,0.338382,1,0.413067,0.472311,0.527689,1,0.750117,0.301053,0.698947,0,0.35818,0.171945,0.828055,0,0.188675,0.088517,0.911483,0,0.092682,0.110416,0.243302,0.268058,0.196888,0.108461,0.047799,0.017554,0.005526,0.001522,0.000373,0.000102,0.098293,0.228021,0.264481,0.204514,0.118608,0.055029,0.021276,0.007051,0.002045,0.000527,0.000153,0.889583,0.110417,0.646282,0.353718,0.378224,0.621776,0.181336,0.818664,0.072875,0.927125,0.025076,0.974924,0.901706,0.098294,0.673685,0.326315,0.409204,0.590796,0.204689,0.795311,0.086081,0.913919,0.031052,0.968948,1,0.117002,1,0.103467,1,0.436519,1,0.394993,0,0.475175,1,0.893541,0,0.200082,0,0.229022,0,0.075667,0,0.090013,0,0.025396,0,0.031544
2380,2025/26,5,Wisła Płock,Legia Warszawa,0.0,2.0,2.0,1.9335,2.3505,4.284,1,684.6195,0.5795,0.641,0.0845,0.1148,-0.0525,0.013788,0.059067,0.12652,0.180669,0.193495,0.165785,0.11837,0.072442,0.038792,0.018465,0.00791,0.003081,0.0011,0.000516,0.986212,0.013788,1,0.013884,0.927146,0.072854,1,0.075645,0.800626,0.199374,0,1.612571,0.619957,0.380043,0,0.96747,0.426462,0.573538,0,0.55593,0.260676,0.739324,0,0.302019,0.142306,0.857694,0,0.153508,0.069864,0.930136,0,0.072425,0.144641,0.279664,0.270365,0.17425,0.084228,0.032571,0.010496,0.002899,0.000701,0.000151,3.5e-05,0.095321,0.224053,0.263318,0.20631,0.121233,0.056992,0.022326,0.007497,0.002203,0.000575,0.00017,0.855359,0.144641,0.575695,0.424305,0.305331,0.694669,0.131081,0.868919,0.046852,0.953148,0.014281,0.985719,0.904677,0.095323,0.680624,0.319376,0.417306,0.582694,0.210996,0.789004,0.089763,0.910237,0.032771,0.967229,0,1.9335,1,0.100177,0,0.857303,1,0.384745,0,0.36432,0,0.540093,0,0.140505,0,0.236984,0,0.047985,0,0.09405,0,0.014384,0,0.03332
2381,2025/26,5,Bruk-Bet Termalica Nieciecza,Raków Częstochowa,2.0,4.0,6.0,1.7925,2.1516,3.9441,1,684.6195,0.5795,0.641,0.0845,0.1148,-0.0525,0.019368,0.076391,0.150648,0.198057,0.19529,0.154049,0.101264,0.057057,0.02813,0.012327,0.004862,0.001743,0.000573,0.00024,0.980632,0.019368,1,0.019558,0.90424,0.09576,1,0.10066,0.753593,0.246407,1,0.282903,0.555535,0.444465,1,0.587823,0.360246,0.639754,1,1.020969,0.206197,0.793803,1,1.578925,0.104932,0.895068,0,0.110856,0.047875,0.952125,0,0.049059,0.166543,0.298529,0.267556,0.159865,0.07164,0.025683,0.007673,0.001965,0.00044,8.8e-05,1.9e-05,0.116298,0.250227,0.269194,0.193066,0.10385,0.044689,0.016025,0.004926,0.001325,0.000317,8.4e-05,0.833457,0.166543,0.534928,0.465072,0.267371,0.732629,0.107506,0.892494,0.035867,0.964133,0.010184,0.989816,0.883702,0.116298,0.633475,0.366525,0.364281,0.635719,0.171215,0.828785,0.067365,0.932635,0.022676,0.977324,1,0.182173,1,0.123635,1,0.625623,1,0.456535,0,0.311116,1,1.00983,0,0.113735,1,1.764835,0,0.036526,0,0.069741,0,0.010236,0,0.022937
2382,2025/26,5,Motor Lublin,Piast Gliwice,4.0,2.0,6.0,1.9769,2.1583,4.1352,1,684.6195,0.5795,0.641,0.0845,0.1148,-0.0525,0.015999,0.066161,0.136794,0.188557,0.194931,0.161216,0.11111,0.065637,0.033928,0.015589,0.006446,0.002423,0.000835,0.000373,0.984001,0.015999,1,0.016129,0.91784,0.08216,1,0.085732,0.781045,0.218955,1,0.247122,0.592488,0.407512,1,0.523424,0.397557,0.602443,1,0.922416,0.236342,0.763658,1,1.442476,0.125232,0.874768,0,0.133796,0.059594,0.940406,0,0.061444,0.138498,0.273797,0.270634,0.178339,0.08814,0.034849,0.011482,0.003243,0.000801,0.000176,4.2e-05,0.115521,0.24933,0.269064,0.193574,0.104448,0.045086,0.016218,0.005001,0.001349,0.000324,8.6e-05,0.861502,0.138498,0.587705,0.412295,0.317071,0.682929,0.138732,0.861268,0.050593,0.949407,0.015744,0.984256,0.884478,0.115522,0.635148,0.364852,0.366084,0.633916,0.172511,0.827489,0.068063,0.931937,0.022977,0.977023,1,0.149078,1,0.122758,1,0.53153,1,0.453897,1,1.14863,0,0.455839,1,1.975211,0,0.189359,0,0.051918,0,0.07049,0,0.015869,0,0.023245
2383,2025/26,5,Zagłębie Lubin,Lechia Gdańsk,0.0,0.0,0.0,2.0879,2.1738,4.2617,1,684.6195,0.5795,0.641,0.0845,0.1148,-0.0525,0.014098,0.060083,0.128028,0.181872,0.19377,0.165158,0.117309,0.071419,0.038046,0.018016,0.007678,0.002975,0.001056,0.000492,0.985902,0.014098,0,4.261695,0.925819,0.074181,0,2.601242,0.797791,0.202209,0,1.598453,0.615919,0.384081,0,0.956902,0.422149,0.577851,0,0.548439,0.25699,0.74301,0,0.297046,0.139681,0.860319,0,0.150453,0.068262,0.931738,0,0.070704,0.123947,0.258789,0.270163,0.188024,0.098144,0.040983,0.014261,0.004254,0.00111,0.000258,6.6e-05,0.113745,0.247258,0.268745,0.194732,0.105827,0.046009,0.016669,0.005177,0.001407,0.00034,9.1e-05,0.876053,0.123947,0.617263,0.382737,0.3471,0.6529,0.159076,0.840924,0.060932,0.939068,0.019949,0.980051,0.886255,0.113745,0.638997,0.361003,0.370252,0.629748,0.17552,0.82448,0.069693,0.930307,0.023683,0.976317,0,2.087901,0,2.173796,0,0.960407,0,1.018869,0,0.426331,0,0.462436,0,0.173254,0,0.193002,0,0.062867,0,0.072241,0,0.020151,0,0.023968
2384,2025/26,5,Radomiak Radom,Jagiellonia Białystok,6.0,1.0,7.0,2.0732,2.1994,4.2726,1,684.6195,0.5795,0.641,0.0845,0.1148,-0.0525,0.013945,0.059581,0.127285,0.181281,0.193638,0.165469,0.117832,0.071922,0.038412,0.018236,0.007791,0.003026,0.001078,0.000504,0.986055,0.013945,1,0.014043,0.926474,0.073526,1,0.07637,0.799189,0.200811,1,0.224158,0.617907,0.382093,1,0.481417,0.424269,0.575731,1,0.857387,0.2588,0.7412,1,1.351698,0.140969,0.859031,1,1.959217,0.069047,0.930953,0,0.071546,0.125783,0.260773,0.270317,0.186807,0.096822,0.040146,0.013872,0.004108,0.001065,0.000245,6.2e-05,0.11087,0.243847,0.268158,0.196596,0.108098,0.04755,0.01743,0.005477,0.001506,0.000368,0.0001,0.874217,0.125783,0.613445,0.386555,0.343128,0.656872,0.156321,0.843679,0.059499,0.940501,0.019352,0.980648,0.88913,0.11087,0.645283,0.354717,0.377125,0.622875,0.180529,0.819471,0.072431,0.927569,0.024881,0.975119,1,0.134427,1,0.117512,1,0.488665,0,1.036435,1,1.069652,0,0.473409,1,1.855844,0,0.199096,1,2.821796,0,0.075188,1,3.94496,0,0.025196
2385,2025/26,5,Pogoń Szczecin,Górnik Zabrze,2.0,0.0,2.0,2.0253,2.1603,4.1857,1,684.6195,0.5795,0.641,0.0845,0.1148,-0.0525,0.015212,0.063673,0.133257,0.185922,0.194552,0.162866,0.113617,0.067937,0.035545,0.016531,0.006919,0.002633,0.000918,0.000417,0.984788,0.015212,1,0.015329,0.921115,0.078885,1,0.08217,0.787858,0.212142,0,1.550501,0.601936,0.398064,0,0.921143,0.407384,0.592616,0,0.523209,0.244519,0.755481,0,0.2804,0.130902,0.869098,0,0.140299,0.062964,0.937036,0,0.065034,0.131954,0.267247,0.270628,0.182701,0.092506,0.03747,0.012648,0.003659,0.000926,0.000208,5.1e-05,0.115291,0.249062,0.269024,0.193725,0.104626,0.045205,0.016276,0.005023,0.001356,0.000326,8.7e-05,0.868046,0.131954,0.600799,0.399201,0.330171,0.669829,0.14747,0.85253,0.054964,0.945036,0.017494,0.982506,0.884709,0.115291,0.635647,0.364353,0.366622,0.633378,0.172898,0.827102,0.068272,0.931728,0.023068,0.976932,1,0.141511,0,2.160296,1,0.509495,0,1.009632,0,0.400733,0,0.456688,0,0.159547,0,0.189827,0,0.056532,0,0.070714,0,0.017649,0,0.023338
2386,2025/26,5,Cracovia,Widzew Łódź,2.0,1.0,3.0,2.0454,2.1821,4.2275,1,684.6195,0.5795,0.641,0.0845,0.1148,-0.0525,0.014589,0.061676,0.130366,0.183706,0.194153,0.164155,0.11566,0.06985,0.036911,0.017338,0.00733,0.002817,0.000992,0.000457,0.985411,0.014589,1,0.014697,0.923735,0.076265,1,0.07933,0.793369,0.206631,1,0.231467,0.609663,0.390337,0,0.940745,0.41551,0.58449,0,0.537015,0.251355,0.748645,0,0.28949,0.135695,0.864305,0,0.145829,0.065845,0.934155,0,0.068113,0.129328,0.264528,0.270533,0.18445,0.094318,0.038584,0.013153,0.003843,0.000983,0.000223,5.6e-05,0.112804,0.24615,0.268562,0.195343,0.106565,0.046507,0.016914,0.005273,0.001438,0.000349,9.4e-05,0.870671,0.129329,0.606143,0.393857,0.33561,0.66439,0.15116,0.84884,0.056842,0.943158,0.018258,0.981742,0.887195,0.112805,0.641045,0.358955,0.372482,0.627518,0.177139,0.822861,0.070574,0.929426,0.024067,0.975933,1,0.138491,1,0.11969,1,0.500639,0,1.024558,0,0.408886,0,0.465983,0,0.163885,0,0.194968,0,0.058521,0,0.073188,0,0.018427,0,0.024361
2387,2025/26,5,GKS Katowice,Arka Gdynia,1.0,4.0,5.0,2.035,2.1725,4.2075,1,684.6195,0.5795,0.641,0.0845,0.1148,-0.0525,0.014883,0.062621,0.13174,0.184766,0.194353,0.163549,0.11469,0.068937,0.036257,0.01695,0.007132,0.002728,0.000957,0.000438,0.985117,0.014883,1,0.014995,0.922496,0.077504,1,0.080672,0.790757,0.209243,1,0.234765,0.60599,0.39401,1,0.500891,0.411638,0.588362,1,0.887612,0.248089,0.751911,0,0.285137,0.133399,0.866601,0,0.143176,0.064461,0.935539,0,0.066633,0.13068,0.265935,0.270589,0.183549,0.093381,0.038006,0.01289,0.003747,0.000953,0.000216,5.3e-05,0.113893,0.247432,0.268772,0.194636,0.105712,0.045932,0.016631,0.005162,0.001402,0.000338,9.1e-05,0.869319,0.130681,0.603384,0.396616,0.332796,0.667204,0.149247,0.850753,0.055866,0.944134,0.01786,0.98214,0.886107,0.113893,0.638675,0.361325,0.369903,0.630097,0.175267,0.824733,0.069555,0.930445,0.023623,0.976377,1,0.140045,1,0.120918,0,0.924787,1,0.44836,0,0.404659,1,0.994514,0,0.161633,1,1.741445,0,0.057487,0,0.072092,0,0.018021,0,0.023906
2388,2025/26,5,Lech Poznań,Korona Kielce,1.0,1.0,2.0,1.9861,2.163,4.1491,1,684.6195,0.5795,0.641,0.0845,0.1148,-0.0525,0.015779,0.065468,0.135816,0.187837,0.194838,0.16168,0.111804,0.066269,0.034369,0.015845,0.006574,0.00248,0.000857,0.000385,0.984221,0.015779,1,0.015905,0.918753,0.081247,1,0.084738,0.782937,0.217063,0,1.527569,0.5951,0.4049,0,0.904115,0.400262,0.599738,0,0.511263,0.238583,0.761417,0,0.272574,0.126779,0.873221,0,0.135566,0.06051,0.93949,0,0.062418,0.13723,0.272552,0.270657,0.179184,0.088969,0.03534,0.011698,0.003319,0.000824,0.000182,4.4e-05,0.11498,0.248701,0.26897,0.193927,0.104866,0.045365,0.016354,0.005053,0.001366,0.000328,8.8e-05,0.86277,0.13723,0.590219,0.409781,0.319561,0.680439,0.140377,0.859623,0.051407,0.948593,0.016067,0.983933,0.88502,0.11498,0.636319,0.363681,0.367349,0.632651,0.173421,0.826579,0.068555,0.931445,0.02319,0.97681,1,0.147607,1,0.122145,0,0.892132,0,1.011478,0,0.385017,0,0.457836,0,0.151261,0,0.19046,0,0.052775,0,0.071018,0,0.016197,0,0.023463
2389,2025/26,6,Wisła Płock,Zagłębie Lubin,1.0,0.0,1.0,1.991,2.3348,4.3258,1,698.0109,0.5727,0.6308,0.088,0.1145,-0.0483,0.013223,0.0572,0.123718,0.178393,0.192923,0.166909,0.120336,0.074364,0.040211,0.019327,0.00836,0.003288,0.001185,0.000564,0.986777,0.013223,1,0.013311,0.929577,0.070423,0,2.653237,0.805859,0.194141,0,1.639172,0.627467,0.372533,0,0.987429,0.434544,0.565456,0,0.570123,0.267635,0.732365,0,0.311476,0.147299,0.852701,0,0.159346,0.072935,0.927065,0,0.075731,0.136559,0.271889,0.270665,0.179631,0.089412,0.035604,0.011814,0.00336,0.000836,0.000185,4.5e-05,0.09683,0.226078,0.263924,0.205403,0.119894,0.055986,0.021786,0.007267,0.002121,0.00055,0.000161,0.863441,0.136559,0.591552,0.408448,0.320887,0.679113,0.141256,0.858744,0.051844,0.948156,0.016241,0.983759,0.903169,0.096831,0.677091,0.322909,0.413167,0.586833,0.207764,0.792236,0.08787,0.91213,0.031884,0.968116,1,0.14683,0,2.334788,0,0.895391,0,1.130385,0,0.386968,0,0.533015,0,0.152284,0,0.232896,0,0.053236,0,0.091973,0,0.016374,0,0.032403
2390,2025/26,6,Legia Warszawa,Jagiellonia Białystok,1.0,3.0,4.0,2.0855,2.2166,4.3021,1,698.0109,0.5727,0.6308,0.088,0.1145,-0.0483,0.01354,0.058249,0.125298,0.179683,0.193255,0.166282,0.119228,0.073276,0.039406,0.018836,0.008104,0.003169,0.001136,0.000536,0.98646,0.01354,1,0.013632,0.928211,0.071789,1,0.074496,0.802913,0.197087,1,0.219509,0.623229,0.376771,1,0.472841,0.429974,0.570026,0,0.562073,0.263692,0.736308,0,0.306107,0.144464,0.855536,0,0.156027,0.071188,0.928812,0,0.073849,0.124245,0.259113,0.27019,0.187827,0.097928,0.040846,0.014197,0.00423,0.001103,0.000256,6.5e-05,0.108979,0.241563,0.267724,0.197812,0.109618,0.048596,0.017953,0.005685,0.001575,0.000388,0.000107,0.875755,0.124245,0.616642,0.383358,0.346452,0.653548,0.158625,0.841375,0.060696,0.939304,0.01985,0.98015,0.89102,0.10898,0.649457,0.350543,0.381733,0.618267,0.183921,0.816079,0.074303,0.925697,0.025707,0.974293,1,0.132669,1,0.115388,0,0.958786,1,0.431619,0,0.425339,1,0.963034,0,0.172718,0,0.203244,0,0.062616,0,0.077208,0,0.02005,0,0.026043
2391,2025/26,6,Lechia Gdańsk,Arka Gdynia,3.0,3.0,6.0,2.0285,2.1712,4.1997,1,698.0109,0.5727,0.6308,0.088,0.1145,-0.0483,0.015001,0.062998,0.132284,0.185183,0.194427,0.163305,0.114305,0.068577,0.036,0.016799,0.007055,0.002693,0.000943,0.00043,0.984999,0.015001,1,0.015114,0.922002,0.077998,1,0.081208,0.789718,0.210282,1,0.23608,0.604534,0.395466,1,0.503297,0.410108,0.589892,1,0.891336,0.246802,0.753198,1,1.399168,0.132498,0.867502,0,0.142137,0.06392,0.93608,0,0.066055,0.131533,0.266814,0.270616,0.182982,0.092795,0.037647,0.012728,0.003688,0.000935,0.000211,5.2e-05,0.114041,0.247605,0.2688,0.19454,0.105596,0.045854,0.016593,0.005147,0.001397,0.000337,9e-05,0.868467,0.131533,0.601653,0.398347,0.331037,0.668963,0.148055,0.851945,0.055261,0.944739,0.017614,0.982386,0.885959,0.114041,0.638354,0.361646,0.369554,0.630446,0.175014,0.824986,0.069418,0.930582,0.023564,0.976436,1,0.141026,1,0.121085,1,0.508074,1,0.448862,1,1.105525,1,0.995458,0,0.160233,0,0.192389,0,0.056847,0,0.071945,0,0.017771,0,0.023846
2392,2025/26,6,Górnik Zabrze,GKS Katowice,0.0,1.0,1.0,2.0337,2.1159,4.1496,1,698.0109,0.5727,0.6308,0.088,0.1145,-0.0483,0.015771,0.065442,0.135779,0.187809,0.194834,0.161697,0.11183,0.066293,0.034386,0.015854,0.006579,0.002482,0.000858,0.000385,0.984229,0.015771,1,0.015896,0.918788,0.081212,0,2.510691,0.783009,0.216991,0,1.527901,0.5952,0.4048,0,0.904362,0.400366,0.599634,0,0.511435,0.238668,0.761332,0,0.272686,0.126838,0.873162,0,0.135634,0.060545,0.939455,0,0.062455,0.13085,0.266111,0.270595,0.183436,0.093263,0.037934,0.012858,0.003736,0.00095,0.000215,5.3e-05,0.120525,0.255018,0.269797,0.190288,0.100657,0.042596,0.015022,0.004541,0.001201,0.000282,7.3e-05,0.869149,0.130851,0.603039,0.396961,0.332444,0.667556,0.149008,0.850992,0.055745,0.944255,0.017811,0.982189,0.879475,0.120525,0.624456,0.375544,0.35466,0.64534,0.164372,0.835628,0.063715,0.936285,0.021119,0.978881,0,2.033696,1,0.12843,0,0.923917,0,0.97938,0,0.404132,0,0.437978,0,0.161353,0,0.179572,0,0.057359,0,0.065835,0,0.017972,0,0.021345
2393,2025/26,6,Radomiak Radom,Bruk-Bet Termalica Nieciecza,1.0,2.0,3.0,2.0863,2.2099,4.2961,1,698.0109,0.5727,0.6308,0.088,0.1145,-0.0483,0.013621,0.058518,0.1257,0.180009,0.193336,0.16612,0.118946,0.073001,0.039203,0.018714,0.00804,0.00314,0.001124,0.00053,0.986379,0.013621,1,0.013715,0.927862,0.072138,1,0.074873,0.802162,0.197838,1,0.220445,0.622153,0.377847,0,0.973266,0.428817,0.571183,0,0.560046,0.262697,0.737303,0,0.304757,0.143751,0.856249,0,0.155194,0.07075,0.92925,0,0.073377,0.124146,0.259005,0.270181,0.187893,0.098,0.040892,0.014219,0.004238,0.001105,0.000256,6.5e-05,0.109712,0.242452,0.267897,0.197342,0.109026,0.048188,0.017748,0.005603,0.001548,0.00038,0.000104,0.875854,0.124146,0.616849,0.383151,0.346668,0.653332,0.158775,0.841225,0.060775,0.939225,0.019883,0.980117,0.890288,0.109712,0.647836,0.352164,0.379939,0.620061,0.182597,0.817403,0.073571,0.926429,0.025383,0.974617,1,0.132556,1,0.11621,0,0.959326,1,0.434118,0,0.42567,0,0.477937,0,0.172896,0,0.201623,0,0.0627,0,0.076418,0,0.020083,0,0.025711
2394,2025/26,6,Korona Kielce,Motor Lublin,4.0,5.0,9.0,2.0878,2.2328,4.3206,1,698.0109,0.5727,0.6308,0.088,0.1145,-0.0483,0.013292,0.05743,0.124066,0.178678,0.192998,0.166772,0.120092,0.074124,0.040032,0.019218,0.008303,0.003261,0.001174,0.000558,0.986708,0.013292,1,0.013381,0.929277,0.070723,1,0.073348,0.805211,0.194789,1,0.21665,0.626533,0.373467,1,0.467554,0.433535,0.566465,1,0.835783,0.266762,0.733238,1,1.321397,0.14667,0.85333,1,1.919568,0.072547,0.927453,1,2.623527,0.12396,0.258803,0.270164,0.188016,0.098135,0.040977,0.014259,0.004253,0.00111,0.000257,6.6e-05,0.107228,0.239418,0.267286,0.198932,0.111044,0.049588,0.018453,0.005886,0.001643,0.000408,0.000113,0.87604,0.12396,0.617237,0.382763,0.347073,0.652927,0.159057,0.840943,0.060922,0.939078,0.019945,0.980055,0.892772,0.107228,0.653353,0.346647,0.386067,0.613933,0.187135,0.812865,0.07609,0.92391,0.026503,0.973497,1,0.132344,1,0.113424,1,0.482502,1,0.425638,1,1.05822,1,0.951744,1,1.838493,1,1.675925,0,0.062857,1,2.575838,0,0.020147,0,0.026861
2395,2025/26,6,Raków Częstochowa,Lech Poznań,3.0,1.0,4.0,2.0559,2.2771,4.333,1,698.0109,0.5727,0.6308,0.088,0.1145,-0.0483,0.013128,0.056885,0.12324,0.178,0.192817,0.167095,0.12067,0.074694,0.040456,0.019477,0.008439,0.003324,0.0012,0.000572,0.986872,0.013128,1,0.013215,0.929987,0.070013,1,0.072585,0.806746,0.193254,1,0.214746,0.628747,0.371253,1,0.464027,0.435929,0.564071,0,0.572576,0.268834,0.731166,0,0.313115,0.148165,0.851835,0,0.160362,0.07347,0.92653,0,0.076309,0.127978,0.263109,0.270463,0.185348,0.095264,0.039171,0.013422,0.003942,0.001013,0.000231,5.8e-05,0.102581,0.233588,0.265951,0.201866,0.114917,0.052336,0.019862,0.006461,0.001839,0.000465,0.000132,0.872022,0.127978,0.608913,0.391087,0.33845,0.66155,0.153102,0.846898,0.057837,0.942163,0.018666,0.981334,0.897418,0.102582,0.66383,0.33617,0.397879,0.602121,0.196013,0.803987,0.081095,0.918905,0.02876,0.97124,1,0.136941,1,0.108234,1,0.49608,0,1.090138,1,1.083379,0,0.507297,0,0.166175,0,0.218172,0,0.059577,0,0.084573,0,0.018842,0,0.029182
2396,2025/26,6,Piast Gliwice,Cracovia,1.0,0.0,1.0,1.9867,2.0938,4.0805,1,698.0109,0.5727,0.6308,0.088,0.1145,-0.0483,0.016899,0.068956,0.140688,0.19136,0.195211,0.159311,0.108345,0.063157,0.032214,0.014606,0.00596,0.002211,0.000752,0.00033,0.983101,0.016899,1,0.017043,0.914145,0.085855,0,2.455091,0.773456,0.226544,0,1.484817,0.582097,0.417903,0,0.872505,0.386886,0.613114,0,0.489204,0.227574,0.772426,0,0.25822,0.119229,0.880771,0,0.126958,0.056072,0.943928,0,0.057705,0.137147,0.27247,0.270659,0.179239,0.089024,0.035373,0.011712,0.003324,0.000826,0.000182,4.4e-05,0.123218,0.257994,0.270094,0.188507,0.098674,0.041321,0.01442,0.004313,0.001129,0.000263,6.7e-05,0.862853,0.137147,0.590382,0.409618,0.319724,0.680276,0.140484,0.859516,0.051461,0.948539,0.016088,0.983912,0.876782,0.123218,0.618788,0.381212,0.348694,0.651306,0.160186,0.839814,0.061512,0.938488,0.020191,0.979809,1,0.147511,0,2.0938,0,0.89253,0,0.9644,0,0.385257,0,0.428776,0,0.151386,0,0.174575,0,0.052832,0,0.063485,0,0.016219,0,0.020398
2397,2025/26,6,Widzew Łódź,Pogoń Szczecin,1.0,4.0,5.0,2.0255,2.2054,4.2309,1,698.0109,0.5727,0.6308,0.088,0.1145,-0.0483,0.01454,0.061516,0.130133,0.183525,0.194117,0.164257,0.115824,0.070005,0.037023,0.017404,0.007364,0.002832,0.000999,0.00046,0.98546,0.01454,1,0.014647,0.923944,0.076056,1,0.079104,0.793811,0.206189,1,0.23091,0.610286,0.389714,1,0.493828,0.416168,0.583832,1,0.876666,0.251912,0.748088,0,0.290234,0.136087,0.863913,0,0.146283,0.066082,0.933918,0,0.068366,0.131928,0.26722,0.270627,0.182718,0.092524,0.037481,0.012653,0.003661,0.000927,0.000209,5.1e-05,0.110206,0.243049,0.26801,0.197023,0.108629,0.047914,0.017612,0.005549,0.00153,0.000375,0.000102,0.868072,0.131928,0.600852,0.399148,0.330225,0.669775,0.147507,0.852493,0.054983,0.945017,0.017501,0.982499,0.889793,0.110207,0.646744,0.353256,0.378733,0.621267,0.18171,0.81829,0.073081,0.926919,0.025167,0.974833,1,0.141481,1,0.116766,0,0.918423,1,0.435805,0,0.400813,1,0.970924,0,0.15959,1,1.705343,0,0.056552,0,0.075889,0,0.017656,0,0.025489
2398,2025/26,7,Arka Gdynia,Wisła Płock,1.0,2.0,3.0,2.093,2.3413,4.4343,1,710.4024,0.5602,0.6203,0.0844,0.1174,-0.0368,0.011864,0.052607,0.116636,0.172399,0.191116,0.169493,0.125263,0.07935,0.043983,0.02167,0.009609,0.003874,0.001431,0.000705,0.988136,0.011864,1,0.011935,0.93553,0.06447,1,0.066642,0.818893,0.181107,1,0.199801,0.646494,0.353506,0,1.039855,0.455378,0.544622,0,0.607663,0.285885,0.714115,0,0.336711,0.160622,0.839378,0,0.175094,0.081272,0.918728,0,0.084765,0.123317,0.258102,0.270103,0.188442,0.098602,0.041275,0.014398,0.004305,0.001126,0.000262,6.7e-05,0.096202,0.225239,0.263676,0.205781,0.120449,0.056401,0.022009,0.007361,0.002154,0.00056,0.000165,0.876683,0.123317,0.618581,0.381419,0.348478,0.651522,0.160036,0.839964,0.061433,0.938567,0.020158,0.979842,0.903796,0.096204,0.678557,0.321443,0.414882,0.585118,0.2091,0.7909,0.088651,0.911349,0.03225,0.96775,1,0.13161,1,0.101152,0,0.963857,1,0.387787,0,0.428444,0,0.535942,0,0.174396,0,0.234584,0,0.063401,0,0.092829,0,0.020364,0,0.032781
2399,2025/26,7,Bruk-Bet Termalica Nieciecza,Korona Kielce,0.0,2.0,2.0,1.9141,2.2256,4.1397,1,710.4024,0.5602,0.6203,0.0844,0.1174,-0.0368,0.015928,0.065936,0.136477,0.188325,0.194902,0.161367,0.111335,0.065842,0.034071,0.015671,0.006487,0.002441,0.000842,0.000377,0.984072,0.015928,1,0.016056,0.918136,0.081864,1,0.085409,0.781659,0.218341,0,1.521698,0.593335,0.406665,0,0.899764,0.398433,0.601567,0,0.508217,0.237066,0.762934,0,0.270584,0.125731,0.874269,0,0.134368,0.05989,0.94011,0,0.061758,0.147474,0.282281,0.270157,0.172369,0.082483,0.031576,0.010073,0.002754,0.000659,0.00014,3.2e-05,0.108003,0.240371,0.267484,0.198438,0.110411,0.049146,0.01823,0.005796,0.001612,0.000399,0.00011,0.852525,0.147475,0.570244,0.429756,0.300087,0.699913,0.127718,0.872282,0.045235,0.954765,0.013659,0.986341,0.891997,0.108003,0.651626,0.348374,0.384142,0.615858,0.185704,0.814296,0.075293,0.924707,0.026147,0.973853,0,1.914097,1,0.114293,0,0.844538,1,0.428285,0,0.356799,0,0.484739,0,0.136643,0,0.205431,0,0.04629,0,0.078278,0,0.013753,0,0.026495
2400,2025/26,7,Zagłębie Lubin,Piast Gliwice,3.0,3.0,6.0,2.0233,2.1313,4.1546,1,710.4024,0.5602,0.6203,0.0844,0.1174,-0.0368,0.015693,0.065197,0.135431,0.187552,0.194799,0.161861,0.112076,0.066518,0.034544,0.015946,0.006625,0.002502,0.000866,0.000389,0.984307,0.015693,1,0.015817,0.919111,0.080889,1,0.084349,0.783679,0.216321,1,0.243755,0.596127,0.403873,1,0.517301,0.401328,0.598672,1,0.912975,0.239468,0.760532,1,1.429336,0.127391,0.872609,0,0.136268,0.060873,0.939127,0,0.062805,0.132218,0.267518,0.270634,0.182525,0.092326,0.03736,0.012599,0.003642,0.000921,0.000207,5.1e-05,0.118683,0.252949,0.269555,0.191501,0.102036,0.043494,0.01545,0.004704,0.001253,0.000297,7.8e-05,0.867781,0.132219,0.600264,0.399736,0.32963,0.67037,0.147105,0.852895,0.054779,0.945221,0.017419,0.982581,0.881317,0.118683,0.628368,0.371632,0.358813,0.641187,0.167312,0.832688,0.065276,0.934724,0.021782,0.978218,1,0.141816,1,0.126338,1,0.510386,1,0.464629,1,1.109784,1,1.024954,0,0.159119,0,0.183096,0,0.056337,0,0.067504,0,0.017572,0,0.022023
2401,2025/26,7,Górnik Zabrze,Motor Lublin,5.0,4.0,9.0,2.0472,2.1411,4.1883,1,710.4024,0.5602,0.6203,0.0844,0.1174,-0.0368,0.015172,0.063546,0.133074,0.185784,0.194529,0.162949,0.113746,0.068057,0.03563,0.016581,0.006945,0.002644,0.000923,0.00042,0.984828,0.015172,1,0.015289,0.921282,0.078718,1,0.081989,0.788208,0.211792,1,0.237993,0.602424,0.397576,1,0.506794,0.407895,0.592105,1,0.896746,0.244946,0.755054,1,1.406717,0.1312,0.8688,1,2.031031,0.063143,0.936857,1,2.762355,0.129096,0.264285,0.270522,0.184604,0.094481,0.038684,0.013199,0.00386,0.000988,0.000225,5.6e-05,0.117525,0.251634,0.269387,0.192261,0.102913,0.044069,0.015726,0.00481,0.001287,0.000306,8.1e-05,0.870904,0.129096,0.606619,0.393381,0.336097,0.663903,0.151492,0.848508,0.057012,0.942988,0.018328,0.981672,0.882474,0.117526,0.63084,0.36916,0.361454,0.638546,0.169192,0.830808,0.06628,0.93372,0.022211,0.977789,1,0.138224,1,0.125026,1,0.499854,1,0.460703,1,1.090355,1,1.01762,1,1.887222,1,1.776721,1,2.864494,0,0.068579,0,0.018498,0,0.022461
2402,2025/26,7,Pogoń Szczecin,Raków Częstochowa,4.0,3.0,7.0,1.9798,2.1188,4.0985,1,710.4024,0.5602,0.6203,0.0844,0.1174,-0.0368,0.016597,0.068024,0.139398,0.190443,0.195134,0.159952,0.109262,0.063973,0.032774,0.014925,0.006117,0.002279,0.000778,0.000343,0.983403,0.016597,1,0.016736,0.915379,0.084621,1,0.088417,0.775981,0.224019,1,0.253627,0.585539,0.414461,1,0.535223,0.390405,0.609595,1,0.940571,0.230453,0.769547,1,1.46771,0.121191,0.878809,1,2.110387,0.057218,0.942782,0,0.05892,0.138097,0.273404,0.270643,0.178606,0.088401,0.035003,0.01155,0.003267,0.000808,0.000178,4.3e-05,0.120176,0.254628,0.269753,0.190518,0.100917,0.042765,0.015102,0.004571,0.001211,0.000285,7.4e-05,0.861903,0.138097,0.588499,0.411501,0.317856,0.682144,0.13925,0.86075,0.050849,0.949151,0.015845,0.984155,0.879824,0.120176,0.625195,0.374805,0.355442,0.644558,0.164924,0.835076,0.064007,0.935993,0.021242,0.978758,1,0.148613,1,0.128033,1,0.53018,1,0.469692,1,1.146157,1,1.034393,1,1.971484,0,0.180233,0,0.052187,0,0.066147,0,0.015972,0,0.021471
2403,2025/26,7,Cracovia,Legia Warszawa,4.0,2.0,6.0,1.9409,2.2214,4.1623,1,710.4024,0.5602,0.6203,0.0844,0.1174,-0.0368,0.015572,0.064814,0.134888,0.187148,0.194741,0.162115,0.112462,0.066871,0.034792,0.016091,0.006697,0.002534,0.000879,0.000396,0.984428,0.015572,1,0.015694,0.919615,0.080385,1,0.083801,0.784727,0.215273,1,0.242419,0.597579,0.402421,1,0.514868,0.402838,0.597162,1,0.909221,0.240723,0.759277,1,1.424107,0.128262,0.871738,0,0.137266,0.06139,0.93861,0,0.063355,0.143575,0.278664,0.27043,0.174959,0.084894,0.032954,0.01066,0.002956,0.000717,0.000155,3.6e-05,0.108457,0.240927,0.267597,0.198147,0.110041,0.048889,0.0181,0.005744,0.001595,0.000394,0.000108,0.856425,0.143575,0.577761,0.422239,0.307332,0.692668,0.132373,0.867627,0.047478,0.952522,0.014524,0.985476,0.891542,0.108458,0.650615,0.349385,0.383018,0.616982,0.184871,0.815129,0.07483,0.92517,0.025941,0.974059,1,0.154989,1,0.114803,1,0.548595,1,0.429837,1,1.179827,0,0.482915,1,2.022132,0,0.204409,0,0.048642,0,0.077778,0,0.014631,0,0.026283
2404,2025/26,7,GKS Katowice,Radomiak Radom,3.0,6.0,9.0,1.9623,2.1344,4.0967,1,710.4024,0.5602,0.6203,0.0844,0.1174,-0.0368,0.016628,0.068119,0.139531,0.190537,0.195142,0.159887,0.109168,0.063889,0.032717,0.014892,0.006101,0.002272,0.000776,0.000342,0.983372,0.016628,1,0.016768,0.915253,0.084747,1,0.088555,0.775723,0.224277,1,0.25396,0.585185,0.414815,1,0.535827,0.390043,0.609957,1,0.941498,0.230156,0.769844,1,1.468998,0.120989,0.879011,1,2.112059,0.057099,0.942901,1,2.862962,0.140535,0.275771,0.270573,0.176982,0.086823,0.034075,0.011144,0.003124,0.000766,0.000167,4e-05,0.118316,0.252533,0.269503,0.191742,0.102314,0.043676,0.015537,0.004737,0.001264,0.0003,7.9e-05,0.859465,0.140535,0.583694,0.416306,0.31312,0.68688,0.136138,0.863862,0.049316,0.950684,0.015241,0.984759,0.881684,0.118316,0.629151,0.370849,0.359648,0.640352,0.167906,0.832094,0.065592,0.934408,0.021917,0.978083,1,0.151445,1,0.125922,1,0.538378,1,0.463384,1,1.161169,1,1.02263,0,0.146342,1,1.784351,0,0.050574,1,2.724302,0,0.015358,1,3.820493
2405,2025/26,7,Lech Poznań,Widzew Łódź,3.0,0.0,3.0,1.9884,2.1067,4.0951,1,710.4024,0.5602,0.6203,0.0844,0.1174,-0.0368,0.016654,0.0682,0.139644,0.190618,0.19515,0.159831,0.109087,0.063817,0.032667,0.014864,0.006087,0.002266,0.000773,0.000341,0.983346,0.016654,1,0.016794,0.915145,0.084855,1,0.088672,0.775502,0.224498,1,0.254245,0.584884,0.415116,0,0.879197,0.389734,0.610266,0,0.493861,0.229903,0.770097,0,0.261239,0.120816,0.879184,0,0.128761,0.056998,0.943002,0,0.058687,0.136914,0.27224,0.270661,0.179394,0.089177,0.035464,0.011753,0.003338,0.00083,0.000183,4.4e-05,0.121639,0.256256,0.269928,0.189552,0.099832,0.042063,0.014769,0.004445,0.001171,0.000274,7.1e-05,0.863085,0.136915,0.590845,0.409155,0.320184,0.679816,0.140789,0.859211,0.051612,0.948388,0.016148,0.983852,0.878361,0.121639,0.622105,0.377895,0.352177,0.647823,0.162625,0.837375,0.062793,0.937207,0.020729,0.979271,1,0.147242,0,2.106698,1,0.526202,0,0.973139,1,1.138859,0,0.434138,0,0.151741,0,0.177483,0,0.052992,0,0.064851,0,0.01628,0,0.020947
2406,2025/26,7,Jagiellonia Białystok,Lechia Gdańsk,4.0,4.0,8.0,2.044,2.1687,4.2126,1,710.4024,0.5602,0.6203,0.0844,0.1174,-0.0368,0.014807,0.062377,0.131387,0.184495,0.194303,0.163706,0.114939,0.069171,0.036424,0.017049,0.007182,0.002751,0.000966,0.000443,0.985193,0.014807,1,0.014918,0.922816,0.077184,1,0.080326,0.791429,0.208571,1,0.233915,0.606934,0.393066,1,0.499335,0.412631,0.587369,1,0.885201,0.248925,0.751075,1,1.390604,0.133986,0.866014,1,2.010022,0.064814,0.935186,1,2.736227,0.12951,0.264718,0.270541,0.184329,0.094192,0.038506,0.013118,0.00383,0.000979,0.000222,5.5e-05,0.114326,0.247939,0.268853,0.194354,0.105374,0.045705,0.01652,0.005118,0.001387,0.000334,8.9e-05,0.87049,0.12951,0.605772,0.394228,0.335231,0.664769,0.150902,0.849098,0.05671,0.94329,0.018204,0.981796,0.885673,0.114327,0.637734,0.362266,0.368881,0.631119,0.174528,0.825472,0.069154,0.930846,0.023449,0.976551,1,0.138699,1,0.121407,1,0.501252,1,0.449834,1,1.092935,1,0.997281,1,1.891125,1,1.74567,0,0.058382,0,0.071661,0,0.018372,0,0.023728
2407,2025/26,8,Wisła Płock,Cracovia,2.0,2.0,4.0,1.9428,2.2155,4.1584,1,709.0595,0.5746,0.6331,0.0818,0.1101,-0.0356,0.015633,0.065008,0.135164,0.187353,0.194771,0.161986,0.112266,0.066692,0.034666,0.016017,0.006661,0.002518,0.000873,0.000393,0.984367,0.015633,1,0.015757,0.919359,0.080641,1,0.084079,0.784195,0.215805,1,0.243098,0.596842,0.403158,1,0.516104,0.402071,0.597929,0,0.514283,0.240085,0.759915,0,0.274548,0.127819,0.872181,0,0.136758,0.061127,0.938873,0,0.063075,0.143302,0.278407,0.270445,0.17514,0.085066,0.033053,0.010703,0.00297,0.000721,0.000156,3.6e-05,0.109099,0.241709,0.267753,0.197735,0.109521,0.048529,0.017919,0.005671,0.001571,0.000387,0.000106,0.856698,0.143302,0.57829,0.42171,0.307845,0.692155,0.132705,0.867295,0.04764,0.95236,0.014587,0.985413,0.8909,0.1091,0.649192,0.350808,0.381439,0.618561,0.183703,0.816297,0.074183,0.925817,0.025654,0.974346,1,0.15467,1,0.115523,1,0.54768,1,0.432027,0,0.367945,0,0.480359,0,0.142376,0,0.202977,0,0.048812,0,0.077079,0,0.014694,0,0.025989
2408,2025/26,8,Legia Warszawa,Radomiak Radom,1.0,2.0,3.0,2.0577,2.2364,4.2941,1,709.0595,0.5746,0.6331,0.0818,0.1101,-0.0356,0.013648,0.058607,0.125834,0.180117,0.193362,0.166065,0.118852,0.072909,0.039136,0.018673,0.008018,0.00313,0.00112,0.000527,0.986352,0.013648,1,0.013742,0.927744,0.072256,1,0.074999,0.80191,0.19809,1,0.220759,0.621793,0.378207,0,0.972314,0.428431,0.571569,0,0.559369,0.262365,0.737635,0,0.304306,0.143514,0.856486,0,0.154917,0.070604,0.929396,0,0.073221,0.127747,0.262866,0.27045,0.185501,0.095427,0.039272,0.013468,0.003959,0.001018,0.000233,5.8e-05,0.106842,0.238942,0.267185,0.199178,0.11136,0.049809,0.018566,0.005931,0.001658,0.000412,0.000114,0.872252,0.127748,0.609386,0.390614,0.338937,0.661063,0.153435,0.846565,0.058009,0.941991,0.018737,0.981263,0.893157,0.106843,0.654214,0.345786,0.387029,0.612971,0.187851,0.812149,0.076491,0.923509,0.026682,0.973318,1,0.136677,1,0.112993,0,0.940035,1,0.424321,0,0.413906,0,0.489438,0,0.166568,0,0.208071,0,0.05976,0,0.079575,0,0.018915,0,0.027044
2409,2025/26,8,Lechia Gdańsk,GKS Katowice,3.0,1.0,4.0,2.0111,2.0714,4.0826,1,709.0595,0.5746,0.6331,0.0818,0.1101,-0.0356,0.016864,0.068849,0.140541,0.191255,0.195203,0.159385,0.10845,0.06325,0.032278,0.014642,0.005978,0.002219,0.000755,0.000331,0.983136,0.016864,1,0.017008,0.914286,0.085714,1,0.089612,0.773745,0.226255,1,0.256512,0.58249,0.41751,1,0.540443,0.387287,0.612713,0,0.489859,0.227902,0.772098,0,0.258644,0.119452,0.880548,0,0.127211,0.056202,0.943798,0,0.057843,0.133841,0.269168,0.270662,0.181443,0.091225,0.036693,0.012299,0.003533,0.000888,0.000198,4.8e-05,0.126009,0.261016,0.270334,0.186656,0.09666,0.040044,0.013825,0.004091,0.001059,0.000244,6.2e-05,0.866158,0.133842,0.59699,0.40301,0.326328,0.673672,0.144885,0.855115,0.05366,0.94634,0.016967,0.983033,0.87399,0.12601,0.612975,0.387025,0.342641,0.657359,0.155985,0.844015,0.059325,0.940675,0.01928,0.98072,1,0.143688,1,0.134686,1,0.515855,0,0.949266,1,1.119852,0,0.419525,0,0.156519,0,0.169585,0,0.055153,0,0.061158,0,0.017113,0,0.019468
2410,2025/26,8,Motor Lublin,Bruk-Bet Termalica Nieciecza,2.0,4.0,6.0,2.0338,2.1903,4.2241,1,709.0595,0.5746,0.6331,0.0818,0.1101,-0.0356,0.014639,0.061836,0.130599,0.183887,0.194188,0.164053,0.115495,0.069694,0.036799,0.017271,0.007296,0.002802,0.000986,0.000454,0.985361,0.014639,1,0.014747,0.923525,0.076475,1,0.079557,0.792926,0.207074,1,0.232026,0.609039,0.390961,1,0.495874,0.41485,0.58515,1,0.879837,0.250797,0.749203,1,1.38311,0.135302,0.864698,0,0.145375,0.065608,0.934392,0,0.067859,0.130837,0.266097,0.270594,0.183445,0.093272,0.03794,0.01286,0.003736,0.00095,0.000215,5.3e-05,0.111883,0.245058,0.268375,0.195941,0.107292,0.047,0.017157,0.005369,0.00147,0.000358,9.7e-05,0.869162,0.130838,0.603065,0.396935,0.332471,0.667529,0.149026,0.850974,0.055754,0.944246,0.017814,0.982186,0.888116,0.111884,0.643059,0.356941,0.374684,0.625316,0.178743,0.821257,0.071451,0.928549,0.02445,0.97555,1,0.140226,1,0.118653,1,0.50573,1,0.441519,0,0.404172,1,0.981672,0,0.161374,1,1.721806,0,0.057369,0,0.074132,0,0.017975,0,0.024754
2411,2025/26,8,Korona Kielce,Pogoń Szczecin,1.0,1.0,2.0,2.0338,2.2166,4.2504,1,709.0595,0.5746,0.6331,0.0818,0.1101,-0.0356,0.014258,0.060604,0.128796,0.182478,0.193902,0.164833,0.116768,0.070902,0.03767,0.01779,0.007562,0.002922,0.001035,0.00048,0.985742,0.014258,1,0.014361,0.925138,0.074862,1,0.077813,0.796342,0.203658,0,1.591313,0.613864,0.386136,0,0.951565,0.419962,0.580038,0,0.544661,0.255129,0.744871,0,0.294544,0.138361,0.861639,0,0.148919,0.067459,0.932541,0,0.069843,0.130837,0.266097,0.270594,0.183445,0.093272,0.03794,0.01286,0.003736,0.00095,0.000215,5.3e-05,0.108979,0.241563,0.267724,0.197812,0.109618,0.048596,0.017953,0.005685,0.001575,0.000388,0.000107,0.869162,0.130838,0.603065,0.396935,0.332471,0.667529,0.149026,0.850974,0.055754,0.944246,0.017814,0.982186,0.89102,0.10898,0.649457,0.350543,0.381733,0.618267,0.183921,0.816079,0.074303,0.925697,0.025707,0.974293,1,0.140226,1,0.115388,0,0.923983,0,1.048272,0,0.404172,0,0.480835,0,0.161374,0,0.203244,0,0.057369,0,0.077208,0,0.017975,0,0.026043
2412,2025/26,8,Lech Poznań,Zagłębie Lubin,3.0,3.0,6.0,2.0099,2.1332,4.1432,1,709.0595,0.5746,0.6331,0.0818,0.1101,-0.0356,0.015872,0.065762,0.136231,0.188144,0.194878,0.161483,0.111509,0.066,0.034182,0.015736,0.00652,0.002456,0.000848,0.00038,0.984128,0.015872,1,0.016,0.918366,0.081634,1,0.085159,0.782135,0.217865,1,0.245728,0.593991,0.406009,1,0.520891,0.399113,0.600887,1,0.918511,0.237629,0.762371,1,1.437043,0.12612,0.87388,0,0.134812,0.06012,0.93988,0,0.062003,0.134002,0.269331,0.270664,0.181336,0.091117,0.036627,0.012269,0.003523,0.000885,0.000198,4.8e-05,0.118458,0.252694,0.269523,0.191649,0.102206,0.043605,0.015503,0.004724,0.00126,0.000299,7.8e-05,0.865998,0.134002,0.596667,0.403333,0.326003,0.673997,0.144667,0.855333,0.05355,0.94645,0.016923,0.983077,0.881542,0.118458,0.628848,0.371152,0.359325,0.640675,0.167676,0.832324,0.06547,0.93453,0.021864,0.978136,1,0.143873,1,0.126083,1,0.516396,1,0.463866,1,1.120849,1,1.023528,0,0.156264,0,0.183533,0,0.055037,0,0.067712,0,0.017068,0,0.022107
2413,2025/26,8,Raków Częstochowa,Górnik Zabrze,1.0,6.0,7.0,2.06,2.2299,4.2899,1,709.0595,0.5746,0.6331,0.0818,0.1101,-0.0356,0.013706,0.058799,0.12612,0.180348,0.193418,0.165949,0.118651,0.072714,0.038992,0.018586,0.007973,0.003109,0.001112,0.000523,0.986294,0.013706,1,0.013801,0.927495,0.072505,1,0.075268,0.801375,0.198625,1,0.221426,0.621028,0.378972,1,0.47638,0.427609,0.572391,1,0.849545,0.26166,0.73834,1,1.340708,0.143009,0.856991,1,1.944845,0.070295,0.929705,0,0.072888,0.127454,0.262555,0.270432,0.185697,0.095634,0.039401,0.013528,0.003981,0.001025,0.000235,5.9e-05,0.107539,0.239802,0.267367,0.198734,0.110789,0.04941,0.018363,0.00585,0.001631,0.000404,0.000112,0.872546,0.127454,0.609991,0.390009,0.339559,0.660441,0.153862,0.846138,0.058228,0.941772,0.018827,0.981173,0.89246,0.10754,0.652659,0.347341,0.385292,0.614708,0.186558,0.813442,0.075769,0.924231,0.026359,0.973641,1,0.13634,1,0.113774,0,0.941585,1,0.4267,0,0.414847,1,0.953754,0,0.167073,1,1.679013,0,0.059992,1,2.580066,0,0.019006,1,3.635946
2414,2025/26,8,Piast Gliwice,Jagiellonia Białystok,6.0,3.0,9.0,2.0544,2.0729,4.1273,1,709.0595,0.5746,0.6331,0.0818,0.1101,-0.0356,0.016126,0.066557,0.137351,0.188965,0.19498,0.160949,0.110715,0.065279,0.033679,0.015445,0.006375,0.002392,0.000823,0.000366,0.983874,0.016126,1,0.016257,0.917317,0.082683,1,0.086302,0.779966,0.220034,1,0.248505,0.591001,0.408999,1,0.525937,0.396022,0.603978,1,0.926287,0.235073,0.764927,1,1.44786,0.124358,0.875642,1,2.08459,0.059079,0.940921,1,2.828883,0.12817,0.263312,0.270474,0.185221,0.095129,0.039087,0.013383,0.003928,0.001009,0.00023,5.8e-05,0.12582,0.260813,0.27032,0.186782,0.096795,0.040129,0.013864,0.004106,0.001064,0.000245,6.2e-05,0.87183,0.12817,0.608518,0.391482,0.338044,0.661956,0.152824,0.847176,0.057694,0.942306,0.018608,0.981392,0.874179,0.125821,0.613366,0.386634,0.343047,0.656953,0.156265,0.843735,0.05947,0.94053,0.01934,0.98066,1,0.137161,1,0.13447,1,0.496729,1,0.488793,1,1.084579,1,1.069888,1,1.878468,0,0.169917,1,2.852602,0,0.061312,1,3.984164,0,0.019529
2415,2025/26,8,Widzew Łódź,Arka Gdynia,0.0,1.0,1.0,2.0595,2.341,4.4004,1,709.0595,0.5746,0.6331,0.0818,0.1101,-0.0356,0.012272,0.054002,0.118817,0.174282,0.191729,0.168738,0.123753,0.077795,0.042791,0.020922,0.009207,0.003683,0.001351,0.000658,0.987728,0.012272,1,0.012348,0.933725,0.066275,0,2.71395,0.814909,0.185091,0,1.686905,0.640627,0.359373,0,1.023394,0.448898,0.551102,0,0.595836,0.280161,0.719839,0,0.328727,0.156408,0.843592,0,0.170086,0.078612,0.921388,0,0.081875,0.127518,0.262623,0.270436,0.185654,0.095589,0.039373,0.013515,0.003976,0.001024,0.000234,5.9e-05,0.096231,0.225278,0.263687,0.205764,0.120423,0.056382,0.021998,0.007357,0.002153,0.00056,0.000164,0.872482,0.127518,0.609859,0.390141,0.339424,0.660576,0.153769,0.846231,0.058181,0.941819,0.018808,0.981192,0.903767,0.096233,0.67849,0.32151,0.414802,0.585198,0.209038,0.790962,0.088615,0.911385,0.032233,0.967767,0,2.059498,1,0.101184,0,0.941247,0,1.134727,0,0.414643,0,0.535805,0,0.166963,0,0.234505,0,0.059942,0,0.09279,0,0.018987,0,0.032764
2416,2025/26,9,Arka Gdynia,Korona Kielce,3.0,2.0,5.0,1.9641,2.2275,4.1915,1,715.6201,0.5851,0.6456,0.0773,0.1103,-0.0422,0.015123,0.063389,0.132848,0.185612,0.1945,0.163051,0.113906,0.068206,0.035736,0.016643,0.006976,0.002658,0.000929,0.000423,0.984877,0.015123,1,0.015238,0.921488,0.078512,1,0.081765,0.788641,0.211359,1,0.237445,0.603028,0.396972,1,0.505791,0.408528,0.591472,1,0.895195,0.245477,0.754523,0,0.281669,0.131571,0.868429,0,0.141069,0.063365,0.936635,0,0.065461,0.140282,0.275528,0.270582,0.17715,0.086985,0.03417,0.011185,0.003138,0.000771,0.000168,4e-05,0.107798,0.240119,0.267433,0.198569,0.110578,0.049262,0.018289,0.00582,0.00162,0.000401,0.000111,0.859718,0.140282,0.58419,0.41581,0.313607,0.686393,0.136457,0.863543,0.049472,0.950528,0.015302,0.984698,0.892202,0.107798,0.652083,0.347917,0.38465,0.61535,0.186081,0.813919,0.075503,0.924497,0.026241,0.973759,1,0.151151,1,0.114063,1,0.537529,1,0.427583,1,1.159615,0,0.485564,0,0.146712,0,0.205894,0,0.050738,0,0.078505,0,0.01542,0,0.026591
2417,2025/26,9,Bruk-Bet Termalica Nieciecza,Lech Poznań,1.0,1.0,2.0,1.9542,2.2086,4.1628,1,715.6201,0.5851,0.6456,0.0773,0.1103,-0.0422,0.015564,0.06479,0.134853,0.187122,0.194738,0.162131,0.112486,0.066894,0.034808,0.0161,0.006702,0.002536,0.00088,0.000397,0.984436,0.015564,1,0.015686,0.919646,0.080354,1,0.083766,0.784793,0.215207,0,1.536156,0.597671,0.402329,0,0.910486,0.402934,0.597066,0,0.515727,0.240803,0.759197,0,0.275494,0.128317,0.871683,0,0.137329,0.061423,0.938577,0,0.06339,0.141678,0.276867,0.270526,0.176221,0.086093,0.033648,0.010959,0.00306,0.000747,0.000162,3.8e-05,0.109854,0.242624,0.26793,0.19725,0.108912,0.048108,0.017709,0.005587,0.001543,0.000379,0.000103,0.858322,0.141678,0.581455,0.418545,0.310929,0.689071,0.134708,0.865292,0.048615,0.951385,0.014967,0.985033,0.890145,0.109855,0.647521,0.352479,0.379591,0.620409,0.182341,0.817659,0.073429,0.926571,0.025321,0.974679,1,0.152776,1,0.116371,0,0.870971,0,1.042764,0,0.372411,0,0.477376,0,0.144688,0,0.20131,0,0.049836,0,0.076265,0,0.01508,0,0.025647
2418,2025/26,9,Zagłębie Lubin,Motor Lublin,3.0,4.0,7.0,2.0787,2.199,4.2777,1,715.6201,0.5851,0.6456,0.0773,0.1103,-0.0422,0.013874,0.059349,0.12694,0.181006,0.193574,0.165612,0.118074,0.072156,0.038583,0.018339,0.007845,0.003051,0.001088,0.000509,0.986126,0.013874,1,0.013971,0.926777,0.073223,1,0.076042,0.799837,0.200163,1,0.223347,0.618831,0.381169,1,0.479923,0.425257,0.574743,1,0.855061,0.259645,0.740355,1,1.34844,0.14157,0.85843,1,1.954958,0.069414,0.930586,0,0.071941,0.125093,0.26003,0.270262,0.187265,0.097317,0.040459,0.014017,0.004162,0.001082,0.00025,6.3e-05,0.110914,0.2439,0.268168,0.196567,0.108063,0.047526,0.017418,0.005472,0.001504,0.000367,0.0001,0.874907,0.125093,0.614877,0.385123,0.344614,0.655386,0.157349,0.842651,0.060033,0.939967,0.019574,0.980426,0.889085,0.110915,0.645185,0.354815,0.377018,0.622982,0.18045,0.81955,0.072388,0.927612,0.024862,0.975138,1,0.133638,1,0.117562,1,0.486333,1,0.438218,1,1.06533,1,0.975462,0,0.171202,1,1.712302,0,0.061911,0,0.075142,0,0.019768,0,0.025176
2419,2025/26,9,Górnik Zabrze,Widzew Łódź,4.0,1.0,5.0,2.058,2.1729,4.2309,1,715.6201,0.5851,0.6456,0.0773,0.1103,-0.0422,0.014539,0.061514,0.130131,0.183523,0.194117,0.164258,0.115826,0.070007,0.037024,0.017405,0.007364,0.002832,0.000999,0.000461,0.985461,0.014539,1,0.014646,0.923946,0.076054,1,0.079101,0.793816,0.206184,1,0.230904,0.610292,0.389708,1,0.493817,0.416175,0.583825,1,0.876648,0.251918,0.748082,0,0.290242,0.136091,0.863909,0,0.146288,0.066084,0.933916,0,0.068369,0.127709,0.262825,0.270447,0.185527,0.095454,0.039289,0.013476,0.003962,0.001019,0.000233,5.8e-05,0.113847,0.247378,0.268764,0.194666,0.105747,0.045956,0.016643,0.005166,0.001403,0.000339,9.1e-05,0.872291,0.127709,0.609465,0.390535,0.339018,0.660982,0.153491,0.846509,0.058037,0.941963,0.018749,0.981251,0.886152,0.113848,0.638774,0.361226,0.37001,0.62999,0.175345,0.824655,0.069597,0.930403,0.023642,0.976358,1,0.136632,1,0.120867,1,0.495174,0,1.018251,1,1.081702,0,0.462051,1,1.874113,0,0.19279,0,0.059789,0,0.072137,0,0.018927,0,0.023926
2420,2025/26,9,Radomiak Radom,Piast Gliwice,0.0,1.0,1.0,2.0192,2.1463,4.1655,1,715.6201,0.5851,0.6456,0.0773,0.1103,-0.0422,0.015522,0.064657,0.134665,0.186981,0.194717,0.162218,0.11262,0.067016,0.034895,0.01615,0.006727,0.002548,0.000884,0.000399,0.984478,0.015522,1,0.015644,0.91982,0.08018,0,2.523486,0.785156,0.214844,0,1.537841,0.598174,0.401826,0,0.911737,0.403457,0.596543,0,0.516604,0.241239,0.758761,0,0.276068,0.128619,0.871381,0,0.137676,0.061603,0.938397,0,0.063582,0.132762,0.268072,0.270646,0.182163,0.091956,0.037135,0.012497,0.003605,0.00091,0.000204,5e-05,0.116916,0.250937,0.269293,0.192661,0.103377,0.044376,0.015874,0.004867,0.001306,0.000311,8.2e-05,0.867238,0.132762,0.599166,0.400834,0.32852,0.67148,0.146357,0.853643,0.054402,0.945598,0.017266,0.982734,0.883084,0.116916,0.632147,0.367853,0.362854,0.637146,0.170193,0.829807,0.066816,0.933184,0.02244,0.97756,0,2.019197,1,0.124335,0,0.914208,0,1.000072,0,0.398271,0,0.450756,0,0.158242,0,0.186562,0,0.055938,0,0.069153,0,0.017417,0,0.022696
2421,2025/26,9,Pogoń Szczecin,Lechia Gdańsk,3.0,3.0,6.0,2.031,2.131,4.1619,1,715.6201,0.5851,0.6456,0.0773,0.1103,-0.0422,0.015577,0.064832,0.134913,0.187166,0.194744,0.162103,0.112444,0.066855,0.034781,0.016084,0.006694,0.002533,0.000878,0.000396,0.984423,0.015577,1,0.0157,0.919591,0.080409,1,0.083826,0.784679,0.215321,1,0.242481,0.597512,0.402488,1,0.514981,0.402768,0.597232,1,0.909395,0.240665,0.759335,1,1.424349,0.128221,0.871779,0,0.13722,0.061366,0.938634,0,0.06333,0.131204,0.266476,0.270606,0.1832,0.09302,0.037785,0.01279,0.003711,0.000942,0.000213,5.3e-05,0.118719,0.252989,0.26956,0.191477,0.10201,0.043476,0.015441,0.004701,0.001252,0.000296,7.8e-05,0.868796,0.131204,0.60232,0.39768,0.331713,0.668287,0.148513,0.851487,0.055493,0.944507,0.017708,0.982292,0.881281,0.118719,0.628292,0.371708,0.358732,0.641268,0.167255,0.832745,0.065245,0.934755,0.021768,0.978232,1,0.140647,1,0.126379,1,0.506966,1,0.46475,1,1.103485,1,1.02518,0,0.160771,0,0.183028,0,0.057092,0,0.067471,0,0.017867,0,0.022008
2422,2025/26,9,GKS Katowice,Cracovia,2.0,1.0,3.0,1.9725,2.1972,4.1697,1,715.6201,0.5851,0.6456,0.0773,0.1103,-0.0422,0.015456,0.064449,0.134367,0.186759,0.194684,0.162356,0.11283,0.067211,0.035031,0.01623,0.006768,0.002565,0.000891,0.000403,0.984544,0.015456,1,0.015577,0.920095,0.079905,1,0.083278,0.785728,0.214272,1,0.241145,0.598969,0.401031,0,0.913718,0.404286,0.595714,0,0.517994,0.24193,0.75807,0,0.276979,0.129099,0.870901,0,0.138227,0.061889,0.938111,0,0.063887,0.139109,0.274392,0.270619,0.177932,0.087743,0.034614,0.01138,0.003207,0.000791,0.000173,4.1e-05,0.111114,0.244139,0.268211,0.196438,0.107903,0.047417,0.017364,0.00545,0.001497,0.000365,9.9e-05,0.860891,0.139109,0.586499,0.413501,0.31588,0.68412,0.137948,0.862052,0.050206,0.949794,0.015591,0.984409,0.888886,0.111114,0.644746,0.355254,0.376535,0.623465,0.180097,0.819903,0.072193,0.927807,0.024776,0.975224,1,0.149787,1,0.117786,1,0.533584,0,1.034922,0,0.379622,0,0.472463,0,0.14844,0,0.198569,0,0.05151,0,0.074932,0,0.015714,0,0.025088
2423,2025/26,9,Raków Częstochowa,Legia Warszawa,1.0,3.0,4.0,1.983,2.3337,4.3166,1,715.6201,0.5851,0.6456,0.0773,0.1103,-0.0422,0.013345,0.057604,0.124328,0.178893,0.193054,0.166669,0.119909,0.073943,0.039898,0.019136,0.00826,0.003242,0.001166,0.000553,0.986655,0.013345,1,0.013434,0.929052,0.070948,1,0.073591,0.804724,0.195276,1,0.217256,0.625832,0.374168,1,0.468674,0.432777,0.567223,0,0.567003,0.266108,0.733892,0,0.309394,0.146199,0.853801,0,0.158058,0.072256,0.927744,0,0.075,0.137656,0.272971,0.270651,0.1789,0.08869,0.035174,0.011625,0.003293,0.000816,0.00018,4.3e-05,0.096936,0.226221,0.263965,0.205339,0.1198,0.055915,0.021748,0.007251,0.002115,0.000548,0.00016,0.862344,0.137656,0.589373,0.410627,0.318722,0.681278,0.139822,0.860178,0.051132,0.948868,0.015958,0.984042,0.903062,0.096938,0.676842,0.323158,0.412877,0.587123,0.207538,0.792462,0.087738,0.912262,0.031823,0.968177,1,0.148101,1,0.101964,0,0.89007,1,0.390317,0,0.383785,1,0.884606,0,0.150616,0,0.232611,0,0.052486,0,0.091828,0,0.016087,0,0.03234
2424,2025/26,9,Wisła Płock,Jagiellonia Białystok,0.0,2.0,2.0,2.0757,2.2343,4.31,1,715.6201,0.5851,0.6456,0.0773,0.1103,-0.0422,0.013434,0.057899,0.124771,0.179255,0.193147,0.166493,0.119597,0.073638,0.039672,0.018999,0.008188,0.003208,0.001152,0.000545,0.986566,0.013434,1,0.013525,0.928668,0.071332,1,0.074004,0.803896,0.196104,0,1.629112,0.624641,0.375359,0,0.979873,0.431494,0.568506,0,0.564743,0.265001,0.734999,0,0.307886,0.145404,0.854596,0,0.157126,0.071766,0.928234,0,0.074471,0.125469,0.260435,0.270293,0.187015,0.097047,0.040288,0.013938,0.004133,0.001072,0.000247,6.3e-05,0.107067,0.23922,0.267245,0.199035,0.111176,0.04968,0.0185,0.005905,0.001649,0.000409,0.000114,0.874531,0.125469,0.614096,0.385904,0.343803,0.656197,0.156788,0.843212,0.059741,0.940259,0.019453,0.980547,0.892932,0.107068,0.653712,0.346288,0.386468,0.613532,0.187433,0.812567,0.076257,0.923743,0.026577,0.973423,0,2.075697,1,0.113245,0,0.952167,1,0.425088,0,0.421294,0,0.488523,0,0.170537,0,0.207557,0,0.0616,0,0.079321,0,0.019645,0,0.026937
2425,2025/26,10,Wisła Płock,GKS Katowice,1.0,1.0,2.0,1.9473,2.1728,4.1201,1,727.3518,0.5839,0.6432,0.0906,0.1071,-0.0514,0.016243,0.066922,0.137863,0.189337,0.195022,0.160702,0.110351,0.064951,0.033451,0.015313,0.006309,0.002363,0.000811,0.000361,0.983757,0.016243,1,0.016376,0.916835,0.083165,1,0.086828,0.778972,0.221028,0,1.509466,0.589635,0.410365,0,0.890709,0.394614,0.605386,0,0.501888,0.233912,0.766088,0,0.266458,0.12356,0.87644,0,0.131887,0.058609,0.941391,0,0.060396,0.142659,0.277799,0.270479,0.175568,0.085471,0.033288,0.010803,0.003005,0.000732,0.000158,3.7e-05,0.113858,0.247391,0.268766,0.194658,0.105738,0.04595,0.01664,0.005165,0.001403,0.000339,9.1e-05,0.857341,0.142659,0.579542,0.420458,0.309062,0.690938,0.133494,0.866506,0.048023,0.951977,0.014736,0.985264,0.886141,0.113859,0.63875,0.36125,0.369984,0.630016,0.175325,0.824675,0.069587,0.930413,0.023637,0.976363,1,0.15392,1,0.120879,0,0.866411,0,1.018185,0,0.369705,0,0.46201,0,0.143286,0,0.192766,0,0.049214,0,0.072127,0,0.014846,0,0.023921
2426,2025/26,10,Legia Warszawa,Pogoń Szczecin,2.0,3.0,5.0,1.9957,2.1715,4.1671,1,727.3518,0.5839,0.6432,0.0906,0.1071,-0.0514,0.015497,0.064577,0.13455,0.186896,0.194704,0.162271,0.112701,0.067091,0.034947,0.016181,0.006743,0.002554,0.000887,0.0004,0.984503,0.015497,1,0.015618,0.919926,0.080074,1,0.083462,0.785376,0.214624,1,0.241593,0.59848,0.40152,1,0.513363,0.403775,0.596225,1,0.906896,0.241504,0.758496,0,0.276418,0.128804,0.871196,0,0.137888,0.061713,0.938287,0,0.063699,0.135918,0.271253,0.270669,0.180058,0.089836,0.035857,0.011927,0.0034,0.000848,0.000188,4.5e-05,0.114006,0.247565,0.268794,0.194562,0.105623,0.045872,0.016602,0.00515,0.001398,0.000337,9e-05,0.864081,0.135919,0.592829,0.407171,0.322159,0.677841,0.142101,0.857899,0.052266,0.947734,0.016409,0.983591,0.885993,0.114007,0.638428,0.361572,0.369634,0.630366,0.175072,0.824928,0.069449,0.930551,0.023578,0.976422,1,0.146089,1,0.121046,1,0.522849,1,0.448746,0,0.388843,1,0.995242,0,0.153269,0,0.192459,0,0.053681,0,0.071978,0,0.016545,0,0.02386
2427,2025/26,10,Motor Lublin,Radomiak Radom,1.0,3.0,4.0,2.0432,2.201,4.2442,1,727.3518,0.5839,0.6432,0.0906,0.1071,-0.0514,0.014348,0.060894,0.129222,0.182813,0.193973,0.164651,0.116467,0.070615,0.037463,0.017667,0.007498,0.002893,0.001023,0.000474,0.985652,0.014348,1,0.014452,0.924759,0.075241,1,0.078223,0.795537,0.204463,1,0.228738,0.612724,0.387276,1,0.489841,0.418751,0.581249,0,0.542576,0.254101,0.745899,0,0.293165,0.137633,0.862367,0,0.148074,0.067018,0.932982,0,0.069369,0.129613,0.264826,0.270546,0.18426,0.09412,0.038461,0.013097,0.003823,0.000976,0.000222,5.5e-05,0.110692,0.243634,0.268119,0.19671,0.10824,0.047647,0.017479,0.005496,0.001512,0.00037,0.000101,0.870386,0.129614,0.605561,0.394439,0.335014,0.664986,0.150755,0.849245,0.056635,0.943365,0.018173,0.981827,0.889307,0.110693,0.645673,0.354327,0.377554,0.622446,0.180844,0.819156,0.072604,0.927396,0.024957,0.975043,1,0.138818,1,0.117313,0,0.930291,1,0.437462,0,0.407989,1,0.974042,0,0.163408,0,0.199481,0,0.058302,0,0.075375,0,0.01834,0,0.025274
2428,2025/26,10,Zagłębie Lubin,Arka Gdynia,0.0,3.0,3.0,2.032,2.2267,4.2586,1,727.3518,0.5839,0.6432,0.0906,0.1071,-0.0514,0.014141,0.060224,0.128235,0.182036,0.193807,0.165071,0.117163,0.071279,0.037944,0.017954,0.007646,0.00296,0.001051,0.000489,0.985859,0.014141,1,0.014242,0.925635,0.074365,1,0.077275,0.7974,0.2026,1,0.226399,0.615364,0.384636,0,0.955457,0.421557,0.578443,0,0.547415,0.256486,0.743514,0,0.296368,0.139324,0.860676,0,0.150037,0.068044,0.931956,0,0.07047,0.131073,0.266341,0.270602,0.183288,0.09311,0.03784,0.012815,0.00372,0.000945,0.000213,5.3e-05,0.107884,0.240225,0.267454,0.198514,0.110508,0.049213,0.018264,0.00581,0.001617,0.0004,0.00011,0.868927,0.131073,0.602586,0.397414,0.331984,0.668016,0.148696,0.851304,0.055586,0.944414,0.017746,0.982254,0.892115,0.107885,0.65189,0.34811,0.384436,0.615564,0.185922,0.814078,0.075415,0.924585,0.026201,0.973799,0,2.032001,1,0.11416,0,0.922777,1,0.427879,0,0.403443,1,0.955978,0,0.160986,0,0.205699,0,0.057191,0,0.07841,0,0.017905,0,0.02655
2429,2025/26,10,Korona Kielce,Lechia Gdańsk,2.0,1.0,3.0,2.082,2.1668,4.2488,1,727.3518,0.5839,0.6432,0.0906,0.1071,-0.0514,0.014281,0.060679,0.128906,0.182565,0.19392,0.164786,0.11669,0.070828,0.037617,0.017758,0.007545,0.002914,0.001032,0.000479,0.985719,0.014281,1,0.014384,0.92504,0.07496,1,0.077918,0.796134,0.203866,1,0.227987,0.613569,0.386431,0,0.950803,0.419649,0.580351,0,0.544122,0.254863,0.745137,0,0.294187,0.138173,0.861827,0,0.1487,0.067345,0.932655,0,0.06972,0.124681,0.259585,0.270228,0.187538,0.097614,0.040646,0.014104,0.004195,0.001092,0.000253,6.4e-05,0.114544,0.248193,0.268892,0.194212,0.105205,0.045591,0.016465,0.005096,0.00138,0.000332,8.9e-05,0.875319,0.124681,0.615734,0.384266,0.345506,0.654494,0.157968,0.842032,0.060354,0.939646,0.019708,0.980292,0.885456,0.114544,0.637263,0.362737,0.368371,0.631629,0.174159,0.825841,0.068954,0.931046,0.023363,0.976637,1,0.133167,1,0.121653,1,0.48494,0,1.014077,0,0.423893,0,0.459453,0,0.171937,0,0.191353,0,0.062252,0,0.071447,0,0.019905,0,0.02364
2430,2025/26,10,Cracovia,Górnik Zabrze,1.0,3.0,4.0,2.085,2.1738,4.2588,1,727.3518,0.5839,0.6432,0.0906,0.1071,-0.0514,0.014139,0.060216,0.128223,0.182027,0.193805,0.165076,0.117171,0.071287,0.03795,0.017958,0.007648,0.002961,0.001051,0.000489,0.985861,0.014139,1,0.01424,0.925645,0.074355,1,0.077264,0.797422,0.202578,1,0.226371,0.615395,0.384605,1,0.48549,0.421591,0.578409,0,0.547474,0.256515,0.743485,0,0.296407,0.139344,0.860656,0,0.15006,0.068057,0.931943,0,0.070483,0.124307,0.25918,0.270196,0.187786,0.097883,0.040817,0.014184,0.004225,0.001101,0.000255,6.5e-05,0.113745,0.247258,0.268745,0.194732,0.105827,0.046009,0.016669,0.005177,0.001407,0.00034,9.1e-05,0.875693,0.124307,0.616512,0.383488,0.346317,0.653683,0.158531,0.841469,0.060647,0.939353,0.01983,0.98017,0.886255,0.113745,0.638997,0.361003,0.370252,0.629748,0.17552,0.82448,0.069693,0.930307,0.023683,0.976317,1,0.13274,1,0.120751,0,0.958447,1,0.447856,0,0.425133,1,0.993571,0,0.172606,0,0.193002,0,0.062564,0,0.072241,0,0.020029,0,0.023968
2431,2025/26,10,Lech Poznań,Jagiellonia Białystok,1.0,4.0,5.0,2.0778,2.1084,4.1862,1,727.3518,0.5839,0.6432,0.0906,0.1071,-0.0514,0.015204,0.063647,0.13322,0.185894,0.194547,0.162882,0.113643,0.067962,0.035563,0.016541,0.006924,0.002635,0.000919,0.000418,0.984796,0.015204,1,0.015321,0.921149,0.078851,1,0.082134,0.787929,0.212071,1,0.238347,0.602035,0.397965,1,0.50744,0.407487,0.592513,1,0.897745,0.244605,0.755395,0,0.280514,0.130962,0.869038,0,0.140368,0.063,0.937,0,0.065072,0.125205,0.260152,0.270272,0.18719,0.097236,0.040407,0.013993,0.004154,0.001079,0.000249,6.3e-05,0.121432,0.256027,0.269904,0.189689,0.099985,0.042162,0.014816,0.004462,0.001176,0.000276,7.1e-05,0.874794,0.125206,0.614643,0.385357,0.344371,0.655629,0.157181,0.842819,0.059945,0.940055,0.019538,0.980462,0.878568,0.121432,0.62254,0.37746,0.352636,0.647364,0.162947,0.837053,0.062962,0.937038,0.020801,0.979199,1,0.133767,1,0.129462,0,0.953585,1,0.473947,0,0.42216,1,1.042319,0,0.171003,1,1.81433,0,0.061817,0,0.065031,0,0.019731,0,0.02102
2432,2025/26,10,Piast Gliwice,Bruk-Bet Termalica Nieciecza,1.0,3.0,4.0,2.0444,2.1577,4.2021,1,727.3518,0.5839,0.6432,0.0906,0.1071,-0.0514,0.014964,0.062881,0.132116,0.185055,0.194404,0.163381,0.114424,0.068688,0.036079,0.016845,0.007079,0.002704,0.000947,0.000433,0.985036,0.014964,1,0.015077,0.922155,0.077845,1,0.081042,0.790039,0.209961,1,0.235673,0.604984,0.395016,1,0.502553,0.41058,0.58942,0,0.528617,0.247199,0.752801,0,0.283955,0.132775,0.867225,0,0.142457,0.064087,0.935913,0,0.066233,0.129458,0.264664,0.270539,0.184363,0.094228,0.038528,0.013128,0.003834,0.00098,0.000223,5.5e-05,0.115591,0.24941,0.269076,0.193528,0.104394,0.04505,0.016201,0.004994,0.001347,0.000323,8.6e-05,0.870542,0.129458,0.605878,0.394122,0.335339,0.664661,0.150976,0.849024,0.056748,0.943252,0.01822,0.98178,0.884409,0.115591,0.634999,0.365001,0.365923,0.634077,0.172394,0.827606,0.068,0.932,0.02295,0.97705,1,0.138639,1,0.122836,0,0.931095,1,0.454132,0,0.408478,1,1.005332,0,0.163668,0,0.189218,0,0.058422,0,0.070422,0,0.018388,0,0.023217
2433,2025/26,10,Widzew Łódź,Raków Częstochowa,3.0,4.0,7.0,2.0542,2.2478,4.3021,1,727.3518,0.5839,0.6432,0.0906,0.1071,-0.0514,0.013541,0.058253,0.125304,0.179688,0.193256,0.16628,0.119224,0.073273,0.039403,0.018835,0.008103,0.003169,0.001136,0.000536,0.986459,0.013541,1,0.013633,0.928206,0.071794,1,0.074501,0.802903,0.197097,1,0.219522,0.623215,0.376785,1,0.472863,0.429959,0.570041,1,0.844066,0.263679,0.736321,1,1.333023,0.144455,0.855545,1,1.934789,0.071182,0.928818,0,0.073842,0.128195,0.263339,0.270475,0.185204,0.095111,0.039076,0.013378,0.003926,0.001008,0.00023,5.8e-05,0.105631,0.237438,0.266857,0.199947,0.11236,0.050513,0.018924,0.006077,0.001707,0.000426,0.000119,0.871804,0.128196,0.608465,0.391535,0.33799,0.66201,0.152787,0.847213,0.057675,0.942325,0.0186,0.9814,0.894368,0.105632,0.65693,0.34307,0.390073,0.609927,0.190126,0.809874,0.077766,0.922234,0.027253,0.972747,1,0.137191,1,0.111638,1,0.496816,1,0.420178,1,1.084739,1,0.941421,0,0.165803,1,1.660068,0,0.059405,0,0.080956,0,0.018775,0,0.027631
2434,2025/26,11,Arka Gdynia,Cracovia,0.0,2.0,2.0,1.9845,2.2136,4.198,1,737.2377,0.5783,0.6455,0.0956,0.1032,-0.0512,0.015025,0.063076,0.132398,0.18527,0.194442,0.163254,0.114224,0.068502,0.035947,0.016767,0.007039,0.002686,0.00094,0.000429,0.984975,0.015025,1,0.015139,0.921898,0.078102,1,0.08132,0.7895,0.2105,0,1.558272,0.60423,0.39577,0,0.926923,0.409789,0.590211,0,0.527274,0.246534,0.753466,0,0.283072,0.13231,0.86769,0,0.141921,0.063808,0.936192,0,0.065934,0.137449,0.272768,0.270654,0.179038,0.088825,0.035255,0.01166,0.003306,0.00082,0.000181,4.3e-05,0.109306,0.241961,0.267802,0.197602,0.109353,0.048413,0.017861,0.005648,0.001563,0.000384,0.000105,0.86255,0.13745,0.589782,0.410218,0.319128,0.680872,0.14009,0.85991,0.051265,0.948735,0.016011,0.983989,0.890693,0.109307,0.648732,0.351268,0.38093,0.61907,0.183328,0.816672,0.073975,0.926025,0.025562,0.974438,0,1.984495,1,0.115755,0,0.891067,1,0.432736,0,0.384381,0,0.479537,0,0.150928,0,0.202518,0,0.052626,0,0.076854,0,0.016141,0,0.025894
2435,2025/26,11,Bruk-Bet Termalica Nieciecza,Widzew Łódź,1.0,2.0,3.0,1.9517,2.1955,4.1472,1,737.2377,0.5783,0.6455,0.0956,0.1032,-0.0512,0.015808,0.06556,0.135946,0.187933,0.194851,0.161619,0.111712,0.066185,0.034311,0.015811,0.006557,0.002472,0.000854,0.000383,0.984192,0.015808,1,0.015934,0.918632,0.081368,1,0.084869,0.782687,0.217313,1,0.245023,0.594754,0.405246,0,0.903261,0.399903,0.600097,0,0.510664,0.238285,0.761715,0,0.272182,0.126573,0.873427,0,0.135331,0.060388,0.939612,0,0.062288,0.142032,0.277205,0.27051,0.175985,0.085867,0.033517,0.010903,0.00304,0.000742,0.000161,3.8e-05,0.111303,0.244366,0.268252,0.196316,0.107753,0.047314,0.017313,0.00543,0.00149,0.000364,9.9e-05,0.857967,0.142033,0.580763,0.419237,0.310253,0.689747,0.134268,0.865732,0.0484,0.9516,0.014883,0.985117,0.888697,0.111303,0.644331,0.355669,0.376079,0.623921,0.179763,0.820237,0.07201,0.92799,0.024696,0.975304,1,0.15319,1,0.117999,0,0.869319,1,0.439543,0,0.37143,0,0.471732,0,0.14418,0,0.198162,0,0.049611,0,0.074734,0,0.014995,0,0.025006
2436,2025/26,11,Lechia Gdańsk,Wisła Płock,1.0,3.0,4.0,2.0577,2.2284,4.2861,1,737.2377,0.5783,0.6455,0.0956,0.1032,-0.0512,0.013759,0.058971,0.126378,0.180555,0.193468,0.165844,0.11847,0.072539,0.038863,0.018508,0.007933,0.003091,0.001104,0.000518,0.986241,0.013759,1,0.013854,0.92727,0.07273,1,0.075511,0.800892,0.199108,1,0.222029,0.620338,0.379662,1,0.477491,0.42687,0.57313,0,0.556642,0.261026,0.738974,0,0.302492,0.142556,0.857444,0,0.153799,0.070017,0.929983,0,0.072589,0.127747,0.262866,0.27045,0.185501,0.095427,0.039272,0.013468,0.003959,0.001018,0.000233,5.8e-05,0.107701,0.24,0.267408,0.198631,0.110657,0.049318,0.018317,0.005831,0.001624,0.000402,0.000111,0.872252,0.127748,0.609386,0.390614,0.338937,0.661063,0.153435,0.846565,0.058009,0.941991,0.018737,0.981263,0.892299,0.107701,0.652299,0.347701,0.384891,0.615109,0.18626,0.81374,0.075603,0.924397,0.026285,0.973715,1,0.136677,1,0.113954,0,0.940035,1,0.427252,0,0.413906,1,0.954795,0,0.166568,0,0.206114,0,0.05976,0,0.078614,0,0.018915,0,0.026637
2437,2025/26,11,Górnik Zabrze,Legia Warszawa,1.0,1.0,2.0,1.959,2.2291,4.1881,1,737.2377,0.5783,0.6455,0.0956,0.1032,-0.0512,0.015175,0.063556,0.133088,0.185795,0.194531,0.162942,0.113736,0.068048,0.035624,0.016577,0.006943,0.002643,0.000923,0.000419,0.984825,0.015175,1,0.015292,0.921269,0.078731,1,0.082003,0.788181,0.211819,0,1.552023,0.602386,0.397614,0,0.922274,0.407855,0.592145,0,0.524004,0.244913,0.755087,0,0.280922,0.131177,0.868823,0,0.140616,0.063129,0.936871,0,0.06521,0.140999,0.276218,0.270555,0.176673,0.086525,0.033901,0.011069,0.003098,0.000759,0.000165,3.9e-05,0.107625,0.239907,0.267389,0.198679,0.110719,0.049361,0.018338,0.00584,0.001627,0.000403,0.000111,0.859,0.141,0.582783,0.417217,0.312227,0.687773,0.135555,0.864445,0.04903,0.95097,0.015129,0.984871,0.892374,0.107626,0.652467,0.347533,0.385078,0.614922,0.186399,0.813601,0.07568,0.92432,0.02632,0.97368,1,0.151986,1,0.11387,0,0.874149,0,1.056896,0,0.374296,0,0.48626,0,0.145668,0,0.206285,0,0.050273,0,0.078697,0,0.015245,0,0.026673
2438,2025/26,11,Radomiak Radom,Zagłębie Lubin,0.0,3.0,3.0,2.0163,2.1624,4.1787,1,737.2377,0.5783,0.6455,0.0956,0.1032,-0.0512,0.015319,0.064013,0.133745,0.186291,0.194611,0.162643,0.113271,0.067617,0.035319,0.016398,0.006852,0.002603,0.000906,0.000411,0.984681,0.015319,1,0.015438,0.920668,0.079332,1,0.082656,0.786923,0.213077,1,0.239625,0.600632,0.399368,0,0.917873,0.406021,0.593979,0,0.520911,0.243378,0.756622,0,0.278892,0.130107,0.869893,0,0.139385,0.06249,0.93751,0,0.064527,0.133147,0.268465,0.270653,0.181906,0.091694,0.036977,0.012426,0.003579,0.000902,0.000202,4.9e-05,0.115049,0.248781,0.268982,0.193882,0.104813,0.045329,0.016337,0.005047,0.001364,0.000328,8.7e-05,0.866853,0.133147,0.598388,0.401612,0.327735,0.672265,0.14583,0.85417,0.054135,0.945865,0.017159,0.982841,0.884951,0.115049,0.63617,0.36383,0.367187,0.632813,0.173305,0.826695,0.068492,0.931508,0.023163,0.976837,0,2.016301,1,0.122223,0,0.912269,1,0.452289,0,0.397103,1,1.001884,0,0.157625,0,0.190319,0,0.055655,0,0.070951,0,0.017308,0,0.023435
2439,2025/26,11,Pogoń Szczecin,Piast Gliwice,2.0,1.0,3.0,2.0234,2.1521,4.1755,1,737.2377,0.5783,0.6455,0.0956,0.1032,-0.0512,0.015368,0.064167,0.133965,0.186457,0.194637,0.162542,0.113115,0.067473,0.035217,0.016339,0.006822,0.00259,0.000901,0.000408,0.984632,0.015368,1,0.015487,0.920465,0.079535,1,0.082876,0.7865,0.2135,1,0.240162,0.600044,0.399956,0,0.9164,0.405406,0.594594,0,0.519877,0.242865,0.757135,0,0.278213,0.129749,0.870251,0,0.138974,0.062276,0.937724,0,0.0643,0.132205,0.267504,0.270634,0.182533,0.092335,0.037366,0.012601,0.003642,0.000921,0.000207,5.1e-05,0.11624,0.25016,0.269184,0.193104,0.103895,0.044718,0.01604,0.004931,0.001327,0.000317,8.4e-05,0.867795,0.132205,0.600291,0.399709,0.329657,0.670343,0.147123,0.852877,0.054789,0.945211,0.017423,0.982577,0.88376,0.11624,0.6336,0.3664,0.364416,0.635584,0.171312,0.828688,0.067417,0.932583,0.022699,0.977301,1,0.1418,1,0.12357,1,0.510341,0,1.00403,0,0.399966,0,0.453211,0,0.15914,0,0.187912,0,0.056347,0,0.069797,0,0.017577,0,0.022961
2440,2025/26,11,GKS Katowice,Lech Poznań,1.0,3.0,4.0,1.9753,2.1697,4.145,1,737.2377,0.5783,0.6455,0.0956,0.1032,-0.0512,0.015844,0.065672,0.136105,0.188051,0.194866,0.161543,0.111599,0.066082,0.034239,0.015769,0.006536,0.002463,0.000851,0.000381,0.984156,0.015844,1,0.015971,0.918484,0.081516,1,0.085031,0.782379,0.217621,1,0.245416,0.594328,0.405672,1,0.520323,0.399462,0.600538,0,0.50993,0.237919,0.762081,0,0.271702,0.12632,0.87368,0,0.135041,0.060238,0.939762,0,0.062129,0.13872,0.274013,0.270629,0.178191,0.087995,0.034763,0.011445,0.00323,0.000797,0.000175,4.2e-05,0.114212,0.247806,0.268832,0.194428,0.105463,0.045764,0.016549,0.00513,0.001391,0.000335,9e-05,0.86128,0.13872,0.587267,0.412733,0.316638,0.683362,0.138447,0.861553,0.050452,0.949548,0.015688,0.984312,0.885788,0.114212,0.637982,0.362018,0.36915,0.63085,0.174722,0.825278,0.06926,0.93074,0.023495,0.976505,1,0.149336,1,0.121278,0,0.884954,1,0.449445,0,0.380731,1,0.996552,0,0.149019,0,0.192035,0,0.051769,0,0.071775,0,0.015812,0,0.023775
2441,2025/26,11,Raków Częstochowa,Motor Lublin,1.0,3.0,4.0,2.0752,2.3261,4.4013,1,737.2377,0.5783,0.6455,0.0956,0.1032,-0.0512,0.012262,0.053967,0.118761,0.174234,0.191714,0.168757,0.123792,0.077835,0.042822,0.020941,0.009217,0.003688,0.001353,0.000659,0.987738,0.012262,1,0.012337,0.933772,0.066228,1,0.068523,0.81501,0.18499,1,0.204554,0.640776,0.359224,1,0.445075,0.449063,0.550937,0,0.596134,0.280305,0.719695,0,0.328928,0.156514,0.843486,0,0.170212,0.078679,0.921321,0,0.081947,0.125531,0.260503,0.270297,0.186974,0.097002,0.04026,0.013924,0.004128,0.001071,0.000247,6.3e-05,0.097676,0.227204,0.26425,0.20489,0.119149,0.05543,0.021489,0.007141,0.002076,0.000537,0.000156,0.874468,0.125532,0.613966,0.386034,0.343668,0.656332,0.156695,0.843305,0.059693,0.940307,0.019433,0.980567,0.902323,0.097677,0.675119,0.324881,0.410869,0.589131,0.205979,0.794021,0.08683,0.91317,0.0314,0.9686,1,0.13414,1,0.102783,0,0.95183,1,0.392866,0,0.421089,1,0.889481,0,0.170427,0,0.230645,0,0.061549,0,0.090833,0,0.019624,0,0.031904
2442,2025/26,11,Jagiellonia Białystok,Korona Kielce,1.0,1.0,2.0,1.9803,2.1957,4.176,1,737.2377,0.5783,0.6455,0.0956,0.1032,-0.0512,0.01536,0.064143,0.133931,0.186431,0.194633,0.162557,0.11314,0.067496,0.035233,0.016348,0.006827,0.002592,0.000902,0.000408,0.98464,0.01536,1,0.015479,0.920497,0.079503,1,0.082842,0.786566,0.213434,0,1.544428,0.600135,0.399865,0,0.916628,0.405502,0.594498,0,0.520037,0.242944,0.757056,0,0.278319,0.129805,0.870195,0,0.139038,0.062309,0.937691,0,0.064335,0.138028,0.273336,0.270644,0.178652,0.088446,0.03503,0.011562,0.003271,0.00081,0.000178,4.3e-05,0.111281,0.244339,0.268247,0.19633,0.107771,0.047326,0.017319,0.005433,0.001491,0.000364,9.9e-05,0.861972,0.138028,0.588635,0.411365,0.317991,0.682009,0.139339,0.860661,0.050893,0.949107,0.015863,0.984137,0.888719,0.111281,0.64438,0.35562,0.376132,0.623868,0.179802,0.820198,0.072031,0.927969,0.024705,0.975295,1,0.148532,1,0.117974,0,0.888274,0,1.033893,0,0.382712,0,0.471816,0,0.150055,0,0.19821,0,0.052234,0,0.074757,0,0.01599,0,0.025015
2443,2025/26,12,Wisła Płock,Bruk-Bet Termalica Nieciecza,0.0,1.0,1.0,1.9532,2.2634,4.2166,1,754.4166,0.5757,0.6482,0.1097,0.1033,-0.0695,0.014749,0.062191,0.131116,0.184287,0.194264,0.163826,0.11513,0.069351,0.036553,0.017125,0.007221,0.002768,0.000973,0.000446,0.985251,0.014749,1,0.014859,0.92306,0.07694,0,2.564724,0.791943,0.208057,0,1.569944,0.607656,0.392344,0,0.935617,0.413392,0.586608,0,0.533398,0.249566,0.750434,0,0.287104,0.134436,0.865564,0,0.144374,0.065086,0.934914,0,0.0673,0.14182,0.277002,0.27052,0.176127,0.086003,0.033596,0.010937,0.003052,0.000745,0.000162,3.8e-05,0.103996,0.235385,0.266385,0.200979,0.113724,0.051481,0.01942,0.006279,0.001777,0.000447,0.000126,0.85818,0.14182,0.581178,0.418822,0.310658,0.689342,0.134532,0.865468,0.048529,0.951471,0.014933,0.985067,0.896003,0.103997,0.660618,0.339382,0.394232,0.605768,0.193253,0.806747,0.079529,0.920471,0.028049,0.971951,0,1.953197,1,0.109812,0,0.870309,0,1.080629,0,0.372018,0,0.501258,0,0.144485,0,0.214745,0,0.049746,0,0.08287,0,0.015046,0,0.02845
2444,2025/26,12,Motor Lublin,GKS Katowice,2.0,3.0,5.0,1.9852,2.1868,4.172,1,754.4166,0.5757,0.6482,0.1097,0.1033,-0.0695,0.015421,0.064336,0.134206,0.186638,0.194665,0.162431,0.112945,0.067316,0.035106,0.016274,0.006789,0.002575,0.000895,0.000405,0.984579,0.015421,1,0.015541,0.920244,0.079756,1,0.083117,0.786038,0.213962,1,0.24075,0.5994,0.4006,1,0.511826,0.404735,0.595265,1,0.904523,0.242304,0.757696,0,0.277474,0.12936,0.87064,0,0.138526,0.062044,0.937956,0,0.064052,0.137353,0.272673,0.270656,0.179102,0.088888,0.035292,0.011677,0.003312,0.000822,0.000181,4.4e-05,0.112275,0.245524,0.268456,0.195686,0.106982,0.04679,0.017053,0.005327,0.001456,0.000354,9.6e-05,0.862647,0.137353,0.589973,0.410027,0.319318,0.680682,0.140216,0.859784,0.051327,0.948673,0.016035,0.983965,0.887724,0.112276,0.6422,0.3578,0.373744,0.626256,0.178058,0.821942,0.071076,0.928924,0.024286,0.975714,1,0.14775,1,0.119094,1,0.527679,1,0.442855,0,0.38466,1,0.984184,0,0.151074,0,0.196085,0,0.052691,0,0.073728,0,0.016165,0,0.024586
2445,2025/26,12,Zagłębie Lubin,Legia Warszawa,2.0,1.0,3.0,1.9056,2.2307,4.1363,1,754.4166,0.5757,0.6482,0.1097,0.1033,-0.0695,0.015982,0.066106,0.136717,0.188501,0.194924,0.161252,0.111164,0.065687,0.033963,0.015609,0.006456,0.002428,0.000837,0.000374,0.984018,0.015982,1,0.016111,0.917912,0.082088,1,0.085654,0.781194,0.218806,1,0.246931,0.592693,0.407307,0,0.898189,0.397769,0.602231,0,0.507115,0.236517,0.763483,0,0.269865,0.125353,0.874647,0,0.133935,0.059666,0.940334,0,0.06152,0.148733,0.283426,0.270049,0.171535,0.081719,0.031145,0.009892,0.002693,0.000641,0.000136,3.1e-05,0.107453,0.239696,0.267345,0.198789,0.110859,0.049459,0.018388,0.00586,0.001634,0.000405,0.000112,0.851267,0.148733,0.56784,0.43216,0.297792,0.702208,0.126257,0.873743,0.044538,0.955462,0.013393,0.986607,0.892546,0.107454,0.65285,0.34715,0.385506,0.614494,0.186717,0.813283,0.075857,0.924143,0.026399,0.973601,1,0.161029,1,0.113677,1,0.565916,0,1.057998,0,0.353526,0,0.486956,0,0.134969,0,0.206676,0,0.04556,0,0.078888,0,0.013483,0,0.026754
2446,2025/26,12,Korona Kielce,Górnik Zabrze,2.0,0.0,2.0,2.0252,2.1635,4.1886,1,754.4166,0.5757,0.6482,0.1097,0.1033,-0.0695,0.015167,0.06353,0.133051,0.185766,0.194526,0.162959,0.113762,0.068072,0.035641,0.016588,0.006948,0.002646,0.000923,0.00042,0.984833,0.015167,1,0.015283,0.921303,0.078697,1,0.081966,0.788252,0.211748,0,1.55236,0.602486,0.397514,0,0.922525,0.40796,0.59204,0,0.524181,0.245001,0.754999,0,0.281038,0.131238,0.868762,0,0.140686,0.063166,0.936834,0,0.065249,0.131967,0.26726,0.270628,0.182692,0.092497,0.037465,0.012646,0.003659,0.000926,0.000208,5.1e-05,0.114922,0.248634,0.26896,0.193965,0.104911,0.045395,0.016369,0.005059,0.001368,0.000329,8.8e-05,0.868032,0.131968,0.600772,0.399228,0.330144,0.669856,0.147452,0.852548,0.054955,0.945045,0.01749,0.98251,0.885077,0.114923,0.636443,0.363557,0.367483,0.632517,0.173518,0.826482,0.068607,0.931393,0.023212,0.976788,1,0.141527,0,2.163493,1,0.50954,0,1.011819,0,0.400693,0,0.458048,0,0.159526,0,0.190577,0,0.056523,0,0.071074,0,0.017645,0,0.023486
2447,2025/26,12,Cracovia,Raków Częstochowa,3.0,4.0,7.0,2.0672,2.2142,4.2813,1,754.4166,0.5757,0.6482,0.1097,0.1033,-0.0695,0.013824,0.059186,0.126697,0.180811,0.193529,0.165713,0.118245,0.072321,0.038704,0.018412,0.007883,0.003068,0.001095,0.000513,0.986176,0.013824,1,0.01392,0.92699,0.07301,1,0.075812,0.800294,0.199706,1,0.222777,0.619483,0.380517,1,0.478871,0.425954,0.574046,1,0.853424,0.260241,0.739759,1,1.346146,0.141996,0.858004,1,1.951957,0.069674,0.930326,0,0.072221,0.12654,0.261583,0.270372,0.186304,0.096282,0.039807,0.013715,0.00405,0.001047,0.00024,6.1e-05,0.109241,0.241881,0.267787,0.197644,0.109406,0.048449,0.017879,0.005656,0.001565,0.000385,0.000106,0.87346,0.12654,0.611877,0.388123,0.341506,0.658494,0.155201,0.844799,0.058919,0.941081,0.019113,0.980887,0.890758,0.109242,0.648877,0.351123,0.381091,0.618909,0.183446,0.816554,0.07404,0.92596,0.025591,0.974409,1,0.135293,1,0.115682,1,0.491224,1,0.432512,1,1.07439,1,0.964717,0,0.168657,1,1.695835,0,0.060726,0,0.076924,0,0.019298,0,0.025924
2448,2025/26,12,Lech Poznań,Pogoń Szczecin,1.0,0.0,1.0,1.928,2.1246,4.0527,1,754.4166,0.5757,0.6482,0.1097,0.1033,-0.0695,0.017376,0.070419,0.142692,0.192762,0.1953,0.158297,0.106921,0.061902,0.031359,0.014121,0.005723,0.002108,0.000712,0.000309,0.982624,0.017376,1,0.017529,0.912205,0.087795,0,2.432752,0.769513,0.230487,0,1.46756,0.576751,0.423249,0,0.859795,0.381452,0.618548,0,0.48038,0.223155,0.776845,0,0.252514,0.116234,0.883766,0,0.123563,0.054332,0.945668,0,0.055863,0.145439,0.280406,0.270311,0.17372,0.083733,0.032287,0.010375,0.002858,0.000689,0.000148,3.4e-05,0.119481,0.253849,0.269664,0.190976,0.101437,0.043103,0.015263,0.004632,0.00123,0.00029,7.6e-05,0.854561,0.145439,0.574155,0.425845,0.303844,0.696156,0.130124,0.869876,0.046391,0.953609,0.014103,0.985897,0.880519,0.119481,0.62667,0.37333,0.357006,0.642994,0.166031,0.833969,0.064594,0.935406,0.021491,0.978509,1,0.157167,0,2.124598,0,0.85368,0,0.985293,0,0.362182,0,0.44162,0,0.139405,0,0.181559,0,0.047502,0,0.066775,0,0.014203,0,0.021725
2449,2025/26,12,Jagiellonia Białystok,Arka Gdynia,1.0,1.0,2.0,1.946,2.2903,4.2363,1,754.4166,0.5757,0.6482,0.1097,0.1033,-0.0695,0.014462,0.061263,0.129763,0.183237,0.19406,0.164417,0.116086,0.070253,0.037201,0.01751,0.007418,0.002857,0.001008,0.000466,0.985538,0.014462,1,0.014567,0.924275,0.075725,1,0.078745,0.794512,0.205488,0,1.582367,0.611275,0.388725,0,0.944884,0.417216,0.582784,0,0.539938,0.252798,0.747202,0,0.29142,0.136713,0.863287,0,0.147008,0.06646,0.93354,0,0.068772,0.142844,0.277975,0.27047,0.175445,0.085354,0.03322,0.010774,0.002995,0.000729,0.000158,3.7e-05,0.101236,0.231861,0.265516,0.202703,0.116063,0.053164,0.020294,0.00664,0.001901,0.000484,0.000138,0.857156,0.142844,0.579181,0.420819,0.308711,0.691289,0.133266,0.866734,0.047912,0.952088,0.014693,0.985307,0.898763,0.101237,0.666902,0.333098,0.401386,0.598614,0.198683,0.801317,0.08262,0.91738,0.029456,0.970544,1,0.154135,1,0.106736,0,0.865552,0,1.099319,0,0.369197,0,0.513138,0,0.143023,0,0.221499,0,0.049098,0,0.086233,0,0.014802,0,0.029899
2450,2025/26,12,Piast Gliwice,Lechia Gdańsk,2.0,3.0,5.0,2.0697,2.1116,4.1814,1,754.4166,0.5757,0.6482,0.1097,0.1033,-0.0695,0.015278,0.063881,0.133555,0.186148,0.194589,0.162729,0.113405,0.067741,0.035406,0.01645,0.006878,0.002615,0.000911,0.000413,0.984722,0.015278,1,0.015395,0.920841,0.079159,1,0.082468,0.787286,0.212714,1,0.239164,0.601138,0.398862,1,0.508931,0.406549,0.593451,1,0.90005,0.24382,0.75618,0,0.279476,0.130415,0.869585,0,0.139739,0.062673,0.937327,0,0.064723,0.126224,0.261245,0.270349,0.186514,0.096507,0.039948,0.01378,0.004074,0.001054,0.000242,6.1e-05,0.121044,0.255597,0.269859,0.189945,0.100272,0.042347,0.014903,0.004496,0.001187,0.000278,7.2e-05,0.873776,0.126224,0.612531,0.387469,0.342182,0.657818,0.155667,0.844333,0.05916,0.94084,0.019212,0.980788,0.878955,0.121045,0.623359,0.376641,0.3535,0.6465,0.163555,0.836445,0.063283,0.936717,0.020936,0.979064,1,0.134931,1,0.129022,1,0.490156,1,0.472633,0,0.418827,1,1.039872,0,0.169208,0,0.178595,0,0.060982,0,0.065374,0,0.019399,0,0.021158
2451,2025/26,12,Widzew Łódź,Radomiak Radom,2.0,2.0,4.0,2.0896,2.3041,4.3937,1,754.4166,0.5757,0.6482,0.1097,0.1033,-0.0695,0.012355,0.054284,0.119253,0.174654,0.191845,0.168582,0.12345,0.077486,0.042556,0.020776,0.009128,0.003646,0.001335,0.000649,0.987645,0.012355,1,0.012432,0.933361,0.066639,1,0.068963,0.814108,0.185892,1,0.205662,0.639454,0.360546,1,0.447141,0.447609,0.552391,0,0.593499,0.279027,0.720973,0,0.327153,0.155577,0.844423,0,0.169101,0.07809,0.92191,0,0.081308,0.123737,0.25856,0.270144,0.188164,0.098297,0.04108,0.014307,0.004271,0.001116,0.000259,6.6e-05,0.099849,0.230061,0.265042,0.203561,0.117256,0.054034,0.02075,0.00683,0.001967,0.000504,0.000145,0.876263,0.123737,0.617703,0.382297,0.347559,0.652441,0.159395,0.840605,0.061099,0.938901,0.020018,0.979982,0.90015,0.09985,0.670089,0.329911,0.405047,0.594953,0.201486,0.798514,0.08423,0.91577,0.030196,0.969804,1,0.132089,1,0.105194,1,0.481748,1,0.400345,0,0.427035,0,0.519273,0,0.173633,0,0.225003,0,0.063045,0,0.08799,0,0.020221,0,0.030661
2452,2025/26,13,Arka Gdynia,Piast Gliwice,2.0,4.0,6.0,2.0061,2.1878,4.1939,1,769.8722,0.5734,0.6444,0.1106,0.1079,-0.0747,0.015088,0.063275,0.132685,0.185488,0.194479,0.163125,0.114021,0.068313,0.035812,0.016688,0.006999,0.002668,0.000933,0.000425,0.984912,0.015088,1,0.015202,0.921637,0.078363,1,0.081604,0.788952,0.211048,1,0.237049,0.603464,0.396536,1,0.505069,0.408985,0.591015,1,0.894078,0.24586,0.75414,1,1.402995,0.131838,0.868162,0,0.141377,0.063525,0.936475,0,0.065632,0.134512,0.269845,0.270668,0.180996,0.090774,0.03642,0.012177,0.00349,0.000875,0.000195,4.7e-05,0.112163,0.245391,0.268433,0.195759,0.10707,0.04685,0.017083,0.005339,0.00146,0.000355,9.6e-05,0.865488,0.134512,0.595643,0.404357,0.324974,0.675026,0.143979,0.856021,0.053205,0.946795,0.016785,0.983215,0.887836,0.112164,0.642445,0.357555,0.374013,0.625987,0.178253,0.821747,0.071183,0.928817,0.024333,0.975667,1,0.144462,1,0.118968,1,0.518114,1,0.442474,0,0.393004,1,0.983465,0,0.15546,1,1.724551,0,0.054673,0,0.073844,0,0.016927,0,0.024634
2453,2025/26,13,Bruk-Bet Termalica Nieciecza,Zagłębie Lubin,3.0,2.0,5.0,1.8979,2.2206,4.1184,1,769.8722,0.5734,0.6444,0.1106,0.1079,-0.0747,0.01627,0.067007,0.137982,0.189423,0.195031,0.160644,0.110267,0.064875,0.033398,0.015283,0.006294,0.002357,0.000809,0.000359,0.98373,0.01627,1,0.016404,0.916723,0.083277,1,0.08695,0.778741,0.221259,1,0.250077,0.589318,0.410682,1,0.52879,0.394286,0.605714,1,0.930678,0.233642,0.766358,0,0.266106,0.123375,0.876625,0,0.131676,0.0585,0.9415,0,0.060281,0.149883,0.284463,0.269941,0.170774,0.081028,0.030757,0.009729,0.002638,0.000626,0.000132,3e-05,0.108544,0.241033,0.267619,0.198091,0.10997,0.04884,0.018076,0.005734,0.001592,0.000393,0.000108,0.850117,0.149883,0.565654,0.434346,0.295713,0.704287,0.124939,0.875061,0.043911,0.956089,0.013154,0.986846,0.891455,0.108545,0.650423,0.349577,0.382804,0.617196,0.184713,0.815287,0.074742,0.925258,0.025902,0.974098,1,0.162381,1,0.1149,1,0.569773,1,0.430132,1,1.218366,0,0.482569,0,0.133462,0,0.204215,0,0.044904,0,0.077683,0,0.013241,0,0.026243
2454,2025/26,13,Legia Warszawa,Lech Poznań,1.0,2.0,3.0,2.0144,2.1873,4.2017,1,769.8722,0.5734,0.6444,0.1106,0.1079,-0.0747,0.01497,0.0629,0.132144,0.185076,0.194408,0.163369,0.114404,0.06867,0.036066,0.016838,0.007075,0.002702,0.000946,0.000432,0.98503,0.01497,1,0.015083,0.92213,0.07787,1,0.081069,0.789986,0.210014,1,0.23574,0.604911,0.395089,0,0.928643,0.410503,0.589497,0,0.528485,0.247134,0.752866,0,0.283868,0.13273,0.86727,0,0.142405,0.06406,0.93594,0,0.066203,0.1334,0.268722,0.270657,0.181737,0.091523,0.036873,0.012379,0.003562,0.000897,0.000201,4.9e-05,0.112219,0.245457,0.268444,0.195723,0.107026,0.04682,0.017068,0.005333,0.001458,0.000354,9.6e-05,0.866599,0.133401,0.597878,0.402122,0.327221,0.672779,0.145484,0.854516,0.053961,0.946039,0.017089,0.982911,0.88778,0.11222,0.642323,0.357677,0.373878,0.626122,0.178156,0.821844,0.071129,0.928871,0.02431,0.97569,1,0.143179,1,0.119031,0,0.911,1,0.442664,0,0.396338,0,0.46821,0,0.15722,0,0.196205,0,0.055471,0,0.073785,0,0.017237,0,0.02461
2455,2025/26,13,Motor Lublin,Widzew Łódź,1.0,2.0,3.0,2.0,2.1999,4.1999,1,769.8722,0.5734,0.6444,0.1106,0.1079,-0.0747,0.014997,0.062986,0.132268,0.18517,0.194425,0.163313,0.114316,0.068588,0.036008,0.016803,0.007057,0.002695,0.000943,0.00043,0.985003,0.014997,1,0.015111,0.922017,0.077983,1,0.081192,0.789749,0.210251,1,0.236039,0.604579,0.395421,0,0.927804,0.410155,0.589845,0,0.527895,0.246842,0.753158,0,0.28348,0.132525,0.867475,0,0.142169,0.063937,0.936063,0,0.066072,0.135335,0.270671,0.270671,0.180447,0.090224,0.036089,0.01203,0.003437,0.000859,0.000191,4.6e-05,0.110814,0.24378,0.268146,0.196632,0.108142,0.047581,0.017445,0.005483,0.001508,0.000369,0.0001,0.864665,0.135335,0.593994,0.406006,0.323323,0.676677,0.142876,0.857124,0.052653,0.947347,0.016563,0.983437,0.889185,0.110815,0.645405,0.354595,0.377259,0.622741,0.180627,0.819373,0.072485,0.927515,0.024904,0.975096,1,0.145413,1,0.11745,0,0.901387,1,0.437877,0,0.390561,0,0.473625,0,0.154173,0,0.199216,0,0.05409,0,0.075246,0,0.016702,0,0.025219
2456,2025/26,13,Górnik Zabrze,Jagiellonia Białystok,0.0,1.0,1.0,2.0541,2.1488,4.2029,1,769.8722,0.5734,0.6444,0.1106,0.1079,-0.0747,0.014952,0.062841,0.132058,0.185011,0.194396,0.163407,0.114464,0.068726,0.036106,0.016861,0.007087,0.002708,0.000948,0.000433,0.985048,0.014952,1,0.015065,0.922207,0.077793,0,2.553703,0.790148,0.209852,0,1.561355,0.605138,0.394862,0,0.929219,0.410741,0.589259,0,0.52889,0.247335,0.752665,0,0.284135,0.13287,0.86713,0,0.142567,0.064144,0.935856,0,0.066294,0.128208,0.263352,0.270476,0.185195,0.095102,0.03907,0.013376,0.003925,0.001008,0.00023,5.8e-05,0.116624,0.250602,0.269246,0.192852,0.1036,0.044523,0.015945,0.004895,0.001315,0.000314,8.3e-05,0.871792,0.128208,0.608439,0.391561,0.337963,0.662037,0.152768,0.847232,0.057666,0.942334,0.018596,0.981404,0.883376,0.116624,0.632774,0.367226,0.363527,0.636473,0.170675,0.829325,0.067075,0.932925,0.022552,0.977448,0,2.054101,1,0.124004,0,0.937614,0,1.001778,0,0.412434,0,0.451813,0,0.165781,0,0.187143,0,0.059396,0,0.06943,0,0.018771,0,0.02281
2457,2025/26,13,Radomiak Radom,Wisła Płock,1.0,1.0,2.0,1.9856,2.3293,4.3149,1,769.8722,0.5734,0.6444,0.1106,0.1079,-0.0747,0.013368,0.05768,0.124442,0.178986,0.193078,0.166624,0.119828,0.073864,0.03984,0.019101,0.008242,0.003233,0.001163,0.000551,0.986632,0.013368,1,0.013458,0.928953,0.071047,1,0.073698,0.80451,0.19549,0,1.632248,0.625524,0.374476,0,0.982228,0.432446,0.567554,0,0.566419,0.265822,0.734178,0,0.309004,0.145993,0.854007,0,0.157816,0.072129,0.927871,0,0.074863,0.137298,0.272619,0.270656,0.179138,0.088924,0.035314,0.011686,0.003315,0.000823,0.000182,4.4e-05,0.097364,0.22679,0.264131,0.20508,0.119423,0.055634,0.021598,0.007187,0.002093,0.000542,0.000158,0.862702,0.137298,0.590082,0.409918,0.319426,0.680574,0.140287,0.859713,0.051363,0.948637,0.016049,0.983951,0.902635,0.097365,0.675845,0.324155,0.411715,0.588285,0.206635,0.793365,0.087212,0.912788,0.031577,0.968423,1,0.147686,1,0.102437,0,0.891798,0,1.126533,0,0.384819,0,0.530544,0,0.151157,0,0.231472,0,0.052729,0,0.091252,0,0.016179,0,0.032086
2458,2025/26,13,Pogoń Szczecin,Cracovia,2.0,4.0,6.0,1.942,2.1426,4.0847,1,769.8722,0.5734,0.6444,0.1106,0.1079,-0.0747,0.016828,0.068739,0.140388,0.191147,0.195194,0.159461,0.108558,0.063347,0.032344,0.014679,0.005996,0.002227,0.000758,0.000333,0.983172,0.016828,1,0.016972,0.914433,0.085567,1,0.089452,0.774044,0.225956,1,0.256126,0.582897,0.417103,1,0.539745,0.387703,0.612297,1,0.947517,0.228241,0.771759,1,1.477352,0.119683,0.880317,0,0.127473,0.056336,0.943664,0,0.057986,0.143417,0.278515,0.270439,0.175064,0.084994,0.033011,0.010685,0.002964,0.00072,0.000155,3.6e-05,0.117349,0.251433,0.26936,0.192377,0.103047,0.044158,0.015769,0.004827,0.001293,0.000308,8.1e-05,0.856583,0.143417,0.578068,0.421932,0.307629,0.692371,0.132565,0.867435,0.047572,0.952428,0.01456,0.98544,0.88265,0.11735,0.631218,0.368782,0.361858,0.638142,0.169481,0.830519,0.066434,0.933566,0.022277,0.977723,1,0.154804,1,0.124827,1,0.548064,1,0.460104,0,0.367633,1,1.016503,0,0.142215,1,1.775014,0,0.048741,0,0.068744,0,0.014667,0,0.022529
2459,2025/26,13,GKS Katowice,Korona Kielce,4.0,3.0,7.0,1.9515,2.189,4.1405,1,769.8722,0.5734,0.6444,0.1106,0.1079,-0.0747,0.015916,0.065898,0.136423,0.188285,0.194897,0.161392,0.111373,0.065876,0.034095,0.015685,0.006494,0.002445,0.000843,0.000377,0.984084,0.015916,1,0.016044,0.918187,0.081813,1,0.085354,0.781763,0.218237,1,0.246203,0.593478,0.406522,1,0.521754,0.398582,0.601418,1,0.919842,0.23719,0.76281,1,1.438896,0.125817,0.874183,1,2.07293,0.05994,0.94006,0,0.061812,0.142061,0.277232,0.270509,0.175966,0.085849,0.033507,0.010898,0.003038,0.000741,0.000161,3.8e-05,0.112029,0.245231,0.268405,0.195846,0.107177,0.046922,0.017119,0.005353,0.001465,0.000356,9.6e-05,0.857939,0.142061,0.580707,0.419293,0.310199,0.689801,0.134233,0.865767,0.048383,0.951617,0.014876,0.985124,0.887971,0.112029,0.64274,0.35726,0.374335,0.625665,0.178488,0.821512,0.071311,0.928689,0.024389,0.975611,1,0.153222,1,0.118816,1,0.543509,1,0.442015,1,1.170541,1,0.982604,1,2.008178,0,0.196609,0,0.049593,0,0.073981,0,0.014988,0,0.024691
2460,2025/26,13,Raków Częstochowa,Lechia Gdańsk,1.0,3.0,4.0,2.0525,2.2622,4.3148,1,769.8722,0.5734,0.6444,0.1106,0.1079,-0.0747,0.013369,0.057686,0.124451,0.178994,0.19308,0.16662,0.119822,0.073858,0.039835,0.019098,0.00824,0.003232,0.001162,0.000551,0.986631,0.013369,1,0.013459,0.928945,0.071055,1,0.073706,0.804494,0.195506,1,0.217542,0.6255,0.3745,1,0.469204,0.43242,0.56758,0,0.566373,0.265799,0.734201,0,0.308973,0.145977,0.854023,0,0.157798,0.072119,0.927881,0,0.074852,0.128413,0.263569,0.270487,0.185058,0.094958,0.03898,0.013335,0.00391,0.001003,0.000229,5.7e-05,0.104121,0.235543,0.266423,0.2009,0.113619,0.051406,0.019382,0.006264,0.001771,0.000445,0.000125,0.871586,0.128414,0.608018,0.391982,0.33753,0.66247,0.152472,0.847528,0.057514,0.942486,0.018533,0.981467,0.895878,0.104122,0.660335,0.339665,0.393913,0.606087,0.193012,0.806988,0.079393,0.920607,0.027987,0.972013,1,0.137441,1,0.109951,0,0.936539,1,0.415008,0,0.41178,1,0.931625,0,0.165431,0,0.214446,0,0.059234,0,0.082722,0,0.018707,0,0.028386
2461,2025/26,14,Wisła Płock,Pogoń Szczecin,1.0,1.0,2.0,1.9102,2.1762,4.0864,1,780.1829,0.5796,0.6549,0.0979,0.1073,-0.0707,0.016799,0.068649,0.140264,0.191059,0.195187,0.159523,0.108646,0.063425,0.032398,0.01471,0.006011,0.002233,0.00076,0.000334,0.983201,0.016799,1,0.016942,0.914552,0.085448,1,0.089321,0.774287,0.225713,0,1.488493,0.583228,0.416772,0,0.875216,0.388041,0.611959,0,0.49109,0.228518,0.771482,0,0.259442,0.119871,0.880129,0,0.127687,0.056446,0.943554,0,0.058102,0.148051,0.282807,0.270109,0.171987,0.082132,0.031378,0.00999,0.002726,0.000651,0.000138,3.2e-05,0.113472,0.246938,0.268693,0.19491,0.106041,0.046153,0.01674,0.005204,0.001416,0.000342,9.2e-05,0.851949,0.148051,0.569143,0.430857,0.299034,0.700966,0.127047,0.872953,0.044914,0.955086,0.013536,0.986464,0.886528,0.113472,0.63959,0.36041,0.370897,0.629103,0.175988,0.824012,0.069947,0.930053,0.023794,0.976206,1,0.160229,1,0.120443,0,0.841979,0,1.020513,0,0.355296,0,0.46346,0,0.135874,0,0.19357,0,0.045954,0,0.072514,0,0.013628,0,0.024082
2462,2025/26,14,Bruk-Bet Termalica Nieciecza,GKS Katowice,1.0,2.0,3.0,1.9481,2.1317,4.0797,1,780.1829,0.5796,0.6549,0.0979,0.1073,-0.0707,0.016912,0.068997,0.140745,0.191399,0.195214,0.159283,0.108305,0.063122,0.03219,0.014592,0.005953,0.002208,0.000751,0.000329,0.983088,0.016912,1,0.017057,0.91409,0.08591,1,0.089826,0.773346,0.226654,1,0.257029,0.581946,0.418054,0,0.872145,0.386732,0.613268,0,0.488954,0.227449,0.772551,0,0.258057,0.119144,0.880856,0,0.126861,0.056022,0.943978,0,0.057653,0.142545,0.277691,0.270485,0.175644,0.085543,0.033329,0.010821,0.003012,0.000733,0.000159,3.7e-05,0.118635,0.252895,0.269548,0.191532,0.102072,0.043517,0.015461,0.004708,0.001255,0.000297,7.8e-05,0.857455,0.142545,0.579764,0.420236,0.309279,0.690721,0.133635,0.866365,0.048092,0.951908,0.014762,0.985238,0.881364,0.118636,0.628469,0.371531,0.358921,0.641079,0.167389,0.832611,0.065316,0.934684,0.021799,0.978201,1,0.153787,1,0.126285,0,0.866939,1,0.464469,0,0.370019,0,0.444603,0,0.143449,0,0.183189,0,0.049287,0,0.067547,0,0.014872,0,0.02204
2463,2025/26,14,Lechia Gdańsk,Radomiak Radom,2.0,4.0,6.0,1.9865,2.2084,4.1949,1,780.1829,0.5796,0.6549,0.0979,0.1073,-0.0707,0.015072,0.063225,0.132612,0.185433,0.19447,0.163158,0.114073,0.068361,0.035846,0.016708,0.007009,0.002673,0.000934,0.000426,0.984928,0.015072,1,0.015186,0.921704,0.078296,1,0.081532,0.789092,0.210908,1,0.236873,0.603659,0.396341,1,0.504747,0.409189,0.590811,1,0.893579,0.246031,0.753969,1,1.402299,0.131958,0.868042,0,0.141515,0.063597,0.936403,0,0.065709,0.137175,0.272498,0.270658,0.179221,0.089006,0.035362,0.011708,0.003322,0.000825,0.000182,4.4e-05,0.109876,0.242651,0.267935,0.197236,0.108894,0.048096,0.017703,0.005585,0.001542,0.000378,0.000103,0.862825,0.137175,0.590328,0.409672,0.319669,0.680331,0.140449,0.859551,0.051443,0.948557,0.016081,0.983919,0.890123,0.109877,0.647472,0.352528,0.379537,0.620463,0.182301,0.817699,0.073407,0.926593,0.025311,0.974689,1,0.147543,1,0.116396,1,0.527077,1,0.43468,0,0.385176,1,0.968803,0,0.151345,1,1.702096,0,0.052813,0,0.076241,0,0.016212,0,0.025637
2464,2025/26,14,Górnik Zabrze,Arka Gdynia,1.0,3.0,4.0,1.9448,2.223,4.1678,1,780.1829,0.5796,0.6549,0.0979,0.1073,-0.0707,0.015487,0.064545,0.134504,0.186861,0.194699,0.162293,0.112733,0.067121,0.034968,0.016193,0.006749,0.002557,0.000888,0.000401,0.984513,0.015487,1,0.015608,0.919969,0.080031,1,0.083416,0.785464,0.214536,1,0.24148,0.598603,0.401397,1,0.513156,0.403904,0.596096,0,0.517353,0.241611,0.758389,0,0.276559,0.128878,0.871122,0,0.137973,0.061757,0.938243,0,0.063746,0.143016,0.278137,0.270461,0.175331,0.085246,0.033157,0.010747,0.002986,0.000726,0.000157,3.7e-05,0.108284,0.240715,0.267555,0.198258,0.110182,0.048987,0.01815,0.005764,0.001602,0.000396,0.000109,0.856984,0.143016,0.578847,0.421153,0.308386,0.691614,0.133056,0.866944,0.04781,0.95219,0.014653,0.985347,0.891716,0.108284,0.651001,0.348999,0.383446,0.616554,0.185188,0.814812,0.075006,0.924994,0.02602,0.97398,1,0.154336,1,0.114608,0,0.864759,1,0.429244,0,0.368727,1,0.958556,0,0.142781,0,0.204798,0,0.048991,0,0.077968,0,0.014761,0,0.026365
2465,2025/26,14,Cracovia,Zagłębie Lubin,0.0,0.0,0.0,2.0291,2.2408,4.27,1,780.1829,0.5796,0.6549,0.0979,0.1073,-0.0707,0.013982,0.059704,0.127467,0.181426,0.193671,0.165393,0.117704,0.071799,0.038322,0.018182,0.007764,0.003014,0.001072,0.000501,0.986018,0.013982,0,4.269966,0.926314,0.073686,0,2.607942,0.798847,0.201153,0,1.603692,0.617422,0.382578,0,0.960822,0.423751,0.576249,0,0.551215,0.258358,0.741642,0,0.298888,0.140653,0.859347,0,0.151583,0.068855,0.931145,0,0.07134,0.131454,0.266733,0.270614,0.183034,0.092849,0.03768,0.012743,0.003694,0.000937,0.000211,5.2e-05,0.106373,0.238361,0.26706,0.199476,0.111747,0.05008,0.018703,0.005987,0.001677,0.000418,0.000116,0.868546,0.131454,0.601813,0.398187,0.331199,0.668801,0.148165,0.851835,0.055316,0.944684,0.017637,0.982363,0.893626,0.106374,0.655264,0.344736,0.388204,0.611796,0.188728,0.811272,0.076982,0.923018,0.026901,0.973099,0,2.029098,0,2.240794,0,0.920834,0,1.064976,0,0.402269,0,0.491356,0,0.160362,0,0.209152,0,0.056905,0,0.080107,0,0.017794,0,0.027269
2466,2025/26,14,Lech Poznań,Motor Lublin,2.0,1.0,3.0,2.0433,2.1641,4.2074,1,780.1829,0.5796,0.6549,0.0979,0.1073,-0.0707,0.014886,0.062629,0.131752,0.184776,0.194354,0.163544,0.114681,0.068929,0.036251,0.016947,0.00713,0.002727,0.000956,0.000438,0.985114,0.014886,1,0.014998,0.922485,0.077515,1,0.080684,0.790733,0.209267,1,0.234795,0.605957,0.394043,0,0.931295,0.411603,0.588397,0,0.530353,0.248059,0.751941,0,0.285097,0.133378,0.866622,0,0.143152,0.064449,0.935551,0,0.06662,0.1296,0.264812,0.270546,0.184269,0.094129,0.038467,0.0131,0.003824,0.000977,0.000222,5.5e-05,0.114853,0.248554,0.268948,0.19401,0.104964,0.045431,0.016386,0.005066,0.00137,0.00033,8.8e-05,0.870399,0.129601,0.605587,0.394413,0.335042,0.664958,0.150773,0.849227,0.056644,0.943356,0.018177,0.981823,0.885146,0.114854,0.636592,0.363408,0.367645,0.632355,0.173635,0.826365,0.06867,0.93133,0.02324,0.97676,1,0.138804,1,0.122003,1,0.501557,0,1.012229,0,0.408031,0,0.458304,0,0.163429,0,0.190719,0,0.058312,0,0.071142,0,0.018344,0,0.023514
2467,2025/26,14,Jagiellonia Białystok,Raków Częstochowa,5.0,2.0,7.0,2.0091,2.2243,4.2335,1,780.1829,0.5796,0.6549,0.0979,0.1073,-0.0707,0.014502,0.061394,0.129955,0.183386,0.19409,0.164334,0.115951,0.070125,0.037109,0.017455,0.00739,0.002844,0.001003,0.000463,0.985498,0.014502,1,0.014608,0.924104,0.075896,1,0.078931,0.794149,0.205851,1,0.230484,0.610763,0.389237,1,0.493046,0.416674,0.583326,1,0.875452,0.252339,0.747661,1,1.37698,0.136389,0.863611,1,1.992245,0.066264,0.933736,0,0.068562,0.134109,0.269439,0.270665,0.181264,0.091045,0.036584,0.01225,0.003516,0.000883,0.000197,4.8e-05,0.108143,0.240543,0.26752,0.198348,0.110296,0.049066,0.01819,0.00578,0.001607,0.000397,0.00011,0.86589,0.13411,0.596451,0.403549,0.325786,0.674214,0.144522,0.855478,0.053478,0.946522,0.016894,0.983106,0.891856,0.108144,0.651314,0.348686,0.383794,0.616206,0.185446,0.814554,0.07515,0.92485,0.026083,0.973917,1,0.143997,1,0.114451,1,0.516758,1,0.428763,1,1.121515,0,0.484174,1,1.934324,0,0.205115,1,2.928485,0,0.078124,0,0.017038,0,0.026429
2468,2025/26,14,Piast Gliwice,Korona Kielce,2.0,1.0,3.0,1.9867,2.1699,4.1566,1,780.1829,0.5796,0.6549,0.0979,0.1073,-0.0707,0.015661,0.065096,0.135288,0.187446,0.194784,0.161927,0.112178,0.066611,0.034609,0.015984,0.006644,0.002511,0.00087,0.000391,0.984339,0.015661,1,0.015785,0.919243,0.080757,1,0.084205,0.783955,0.216045,1,0.243404,0.596508,0.403492,0,0.9076,0.401724,0.598276,0,0.513704,0.239797,0.760203,0,0.27417,0.127619,0.872381,0,0.136529,0.061009,0.938991,0,0.062949,0.137147,0.27247,0.270659,0.179239,0.089024,0.035373,0.011712,0.003324,0.000826,0.000182,4.4e-05,0.114189,0.247779,0.268828,0.194443,0.10548,0.045776,0.016555,0.005132,0.001392,0.000336,9e-05,0.862853,0.137147,0.590382,0.409618,0.319724,0.680276,0.140484,0.859516,0.051461,0.948539,0.016088,0.983912,0.88581,0.11419,0.638032,0.361968,0.369204,0.630796,0.174761,0.825239,0.069281,0.930719,0.023504,0.976496,1,0.147511,1,0.121253,1,0.526985,0,1.016199,0,0.385257,0,0.460773,0,0.151386,0,0.192082,0,0.052832,0,0.071798,0,0.016219,0,0.023785
2469,2025/26,14,Widzew Łódź,Legia Warszawa,3.0,3.0,6.0,2.0079,2.3161,4.3241,1,780.1829,0.5796,0.6549,0.0979,0.1073,-0.0707,0.013246,0.057276,0.123833,0.178488,0.192948,0.166864,0.120255,0.074284,0.040151,0.019291,0.008341,0.003279,0.001182,0.000562,0.986754,0.013246,1,0.013335,0.929478,0.070522,1,0.073133,0.805644,0.194356,1,0.216113,0.627156,0.372844,1,0.46656,0.434208,0.565792,1,0.834231,0.267345,0.732655,1,1.319217,0.14709,0.85291,0,0.159101,0.072806,0.927194,0,0.075592,0.13427,0.269601,0.270666,0.181157,0.090936,0.036518,0.012221,0.003505,0.00088,0.000196,4.8e-05,0.098658,0.228501,0.264615,0.204292,0.11829,0.054794,0.021152,0.006998,0.002026,0.000521,0.000151,0.865729,0.134271,0.596128,0.403872,0.325462,0.674538,0.144305,0.855695,0.053368,0.946632,0.01685,0.98315,0.901341,0.098659,0.67284,0.32716,0.408225,0.591775,0.203933,0.796067,0.085643,0.914357,0.030849,0.969151,1,0.144183,1,0.103872,1,0.5173,1,0.396248,1,1.12251,1,0.895937,0,0.155841,0,0.228072,0,0.054845,0,0.089534,0,0.016994,0,0.031335
2470,2025/26,15,Arka Gdynia,Lech Poznań,3.0,3.0,6.0,1.9942,2.2299,4.2241,1,792.6407,0.5781,0.6516,0.1028,0.1096,-0.0767,0.014639,0.061835,0.130599,0.183887,0.194188,0.164053,0.115496,0.069695,0.0368,0.017272,0.007296,0.002802,0.000986,0.000454,0.985361,0.014639,1,0.014747,0.923526,0.076474,1,0.079556,0.792927,0.207073,1,0.232024,0.60904,0.39096,1,0.495871,0.414852,0.585148,1,0.879833,0.250799,0.749201,1,1.383104,0.135303,0.864697,0,0.145376,0.065608,0.934392,0,0.06786,0.136123,0.271456,0.270668,0.179922,0.0897,0.035776,0.011891,0.003388,0.000844,0.000187,4.5e-05,0.107539,0.239802,0.267367,0.198734,0.110789,0.04941,0.018363,0.00585,0.001631,0.000404,0.000112,0.863877,0.136123,0.592422,0.407578,0.321753,0.678247,0.141831,0.858169,0.052131,0.947869,0.016355,0.983645,0.89246,0.10754,0.652659,0.347341,0.385292,0.614708,0.186558,0.813442,0.075769,0.924231,0.026359,0.973641,1,0.146325,1,0.113774,1,0.523536,1,0.4267,1,1.133971,1,0.953754,0,0.152954,0,0.206481,0,0.053539,0,0.078793,0,0.01649,0,0.026713
2471,2025/26,15,Legia Warszawa,Bruk-Bet Termalica Nieciecza,1.0,4.0,5.0,1.9722,2.2608,4.233,1,792.6407,0.5781,0.6516,0.1028,0.1096,-0.0767,0.014509,0.061416,0.129987,0.183411,0.194095,0.16432,0.115928,0.070103,0.037093,0.017446,0.007385,0.002842,0.001002,0.000463,0.985491,0.014509,1,0.014615,0.924075,0.075925,1,0.078962,0.794088,0.205912,1,0.230561,0.610677,0.389323,1,0.493187,0.416582,0.583418,1,0.875671,0.252262,0.747738,0,0.290703,0.136334,0.863666,0,0.14657,0.066231,0.933769,0,0.068526,0.13915,0.274432,0.270618,0.177904,0.087716,0.034599,0.011373,0.003204,0.00079,0.000173,4.1e-05,0.104267,0.235727,0.266466,0.200809,0.113497,0.051319,0.019337,0.006245,0.001765,0.000443,0.000125,0.860849,0.139151,0.586417,0.413583,0.315799,0.684201,0.137895,0.862105,0.050179,0.949821,0.015581,0.984419,0.895732,0.104268,0.660005,0.339995,0.39354,0.60646,0.192731,0.807269,0.079234,0.920766,0.027915,0.972085,1,0.149836,1,0.110114,0,0.882897,1,0.415508,0,0.379504,1,0.932573,0,0.148378,1,1.64646,0,0.051482,0,0.082549,0,0.015704,0,0.028312
2472,2025/26,15,Lechia Gdańsk,Widzew Łódź,2.0,4.0,6.0,2.0304,2.1617,4.1921,1,792.6407,0.5781,0.6516,0.1028,0.1096,-0.0767,0.015114,0.06336,0.132807,0.185582,0.194495,0.16307,0.113935,0.068233,0.035755,0.016654,0.006982,0.002661,0.00093,0.000423,0.984886,0.015114,1,0.01523,0.921525,0.078475,1,0.081725,0.788718,0.211282,1,0.237346,0.603136,0.396864,1,0.505612,0.408641,0.591359,1,0.894918,0.245572,0.754428,1,1.404167,0.131637,0.868363,0,0.141145,0.063404,0.936596,0,0.065504,0.131283,0.266557,0.270609,0.183148,0.092966,0.037752,0.012775,0.003706,0.00094,0.000212,5.2e-05,0.115129,0.248875,0.268996,0.19383,0.10475,0.045288,0.016316,0.005039,0.001362,0.000327,8.7e-05,0.868717,0.131283,0.60216,0.39784,0.331551,0.668449,0.148403,0.851597,0.055437,0.944563,0.017686,0.982314,0.88487,0.11513,0.635995,0.364005,0.366999,0.633001,0.173169,0.826831,0.068419,0.931581,0.023131,0.976869,1,0.140738,1,0.122315,1,0.507232,1,0.452565,0,0.402795,1,1.002396,0,0.160642,1,1.753487,0,0.057033,0,0.070872,0,0.017844,0,0.023403
2473,2025/26,15,Motor Lublin,Wisła Płock,3.0,6.0,9.0,1.9859,2.3183,4.3042,1,792.6407,0.5781,0.6516,0.1028,0.1096,-0.0767,0.013512,0.058159,0.125163,0.179573,0.193228,0.166337,0.119323,0.073369,0.039474,0.018878,0.008125,0.003179,0.00114,0.000539,0.986488,0.013512,1,0.013604,0.928329,0.071671,1,0.074369,0.803166,0.196834,1,0.219194,0.623593,0.376407,1,0.472257,0.430365,0.569635,1,0.843121,0.264029,0.735971,1,1.331698,0.144706,0.855294,1,1.933054,0.071336,0.928664,1,2.640351,0.137257,0.272579,0.270657,0.179166,0.088951,0.03533,0.011694,0.003317,0.000824,0.000182,4.4e-05,0.098441,0.228215,0.264536,0.204424,0.118479,0.054934,0.021226,0.00703,0.002037,0.000525,0.000152,0.862743,0.137257,0.590164,0.409836,0.319507,0.680493,0.140341,0.859659,0.05139,0.94861,0.01606,0.98394,0.901558,0.098442,0.673343,0.326657,0.408807,0.591193,0.204383,0.795617,0.085903,0.914097,0.030969,0.969031,1,0.147638,1,0.103631,1,0.527355,1,0.3955,1,1.140976,1,0.894512,0,0.151219,1,1.58776,0,0.052758,1,2.454537,0,0.01619,1,3.474769
2474,2025/26,15,Zagłębie Lubin,Górnik Zabrze,5.0,1.0,6.0,1.9254,2.1413,4.0667,1,792.6407,0.5781,0.6516,0.1028,0.1096,-0.0767,0.017134,0.069679,0.141681,0.192057,0.195259,0.158812,0.10764,0.062534,0.031788,0.014364,0.005841,0.00216,0.000732,0.000319,0.982866,0.017134,1,0.017282,0.913187,0.086813,1,0.090814,0.771507,0.228493,1,0.25941,0.579449,0.420551,1,0.545677,0.38419,0.61581,1,0.956618,0.225378,0.774622,1,1.489976,0.117738,0.882262,0,0.125266,0.055204,0.944796,0,0.056786,0.145817,0.280757,0.270285,0.173469,0.083499,0.032154,0.010318,0.002838,0.000683,0.000146,3.4e-05,0.117502,0.251607,0.269383,0.192277,0.10293,0.044081,0.015732,0.004812,0.001288,0.000306,8.1e-05,0.854182,0.145818,0.573426,0.426574,0.303141,0.696859,0.129672,0.870328,0.046173,0.953827,0.014019,0.985981,0.882498,0.117502,0.630891,0.369109,0.361508,0.638492,0.169231,0.830769,0.0663,0.9337,0.022219,0.977781,1,0.157611,1,0.124999,1,0.556126,0,0.996663,1,1.193557,0,0.448646,1,2.042747,0,0.185404,1,3.07536,0,0.0686,0,0.014118,0,0.02247
2475,2025/26,15,Radomiak Radom,Cracovia,2.0,3.0,5.0,1.9317,2.1647,4.0964,1,792.6407,0.5781,0.6516,0.1028,0.1096,-0.0767,0.016633,0.068135,0.139553,0.190553,0.195144,0.159876,0.109152,0.063875,0.032707,0.014887,0.006098,0.002271,0.000775,0.000342,0.983367,0.016633,1,0.016773,0.915232,0.084768,1,0.088577,0.77568,0.22432,1,0.254015,0.585127,0.414873,1,0.535926,0.389983,0.610017,1,0.941652,0.230107,0.769893,0,0.261504,0.120955,0.879045,0,0.128919,0.05708,0.94292,0,0.058774,0.144902,0.279907,0.270348,0.174077,0.084066,0.032478,0.010456,0.002885,0.000697,0.00015,3.5e-05,0.114784,0.248474,0.268936,0.194055,0.105018,0.045466,0.016404,0.005073,0.001373,0.00033,8.8e-05,0.855098,0.144902,0.575192,0.424808,0.304844,0.695156,0.130767,0.869233,0.046701,0.953299,0.014223,0.985777,0.885215,0.114785,0.636741,0.363259,0.367806,0.632194,0.173751,0.826249,0.068733,0.931267,0.023267,0.976733,1,0.156539,1,0.121925,1,0.553051,1,0.451392,0,0.363619,1,1.0002,0,0.140144,0,0.190859,0,0.047827,0,0.071209,0,0.014325,0,0.023542
2476,2025/26,15,Pogoń Szczecin,Jagiellonia Białystok,2.0,1.0,3.0,2.0681,2.1359,4.204,1,792.6407,0.5781,0.6516,0.1028,0.1096,-0.0767,0.014936,0.062789,0.131984,0.184953,0.194386,0.16344,0.114517,0.068776,0.036142,0.016882,0.007097,0.002712,0.00095,0.000434,0.985064,0.014936,1,0.015048,0.922275,0.077725,1,0.080912,0.790291,0.209709,1,0.235354,0.605338,0.394662,0,0.929726,0.410952,0.589048,0,0.529247,0.247512,0.752488,0,0.28437,0.132994,0.867006,0,0.14271,0.064218,0.935782,0,0.066373,0.126426,0.261461,0.270364,0.18638,0.096363,0.039858,0.013738,0.004059,0.001049,0.000241,6.1e-05,0.118138,0.252331,0.269477,0.191859,0.102448,0.043764,0.015579,0.004754,0.001269,0.000301,7.9e-05,0.873574,0.126426,0.612113,0.387887,0.341749,0.658251,0.155369,0.844631,0.059006,0.940994,0.019148,0.980852,0.881861,0.118139,0.62953,0.37047,0.360053,0.639947,0.168194,0.831806,0.065746,0.934254,0.021982,0.978018,1,0.135162,1,0.125721,1,0.490838,0,0.992983,0,0.418169,0,0.44637,0,0.168855,0,0.184156,0,0.060819,0,0.068007,0,0.019334,0,0.022227
2477,2025/26,15,Korona Kielce,Raków Częstochowa,3.0,2.0,5.0,2.1223,2.1984,4.3207,1,792.6407,0.5781,0.6516,0.1028,0.1096,-0.0767,0.013291,0.057426,0.12406,0.178673,0.192997,0.166775,0.120096,0.074128,0.040035,0.01922,0.008304,0.003262,0.001174,0.000558,0.986709,0.013291,1,0.01338,0.929283,0.070717,1,0.073342,0.805223,0.194777,1,0.216636,0.62655,0.37345,1,0.467527,0.433553,0.566447,1,0.835741,0.266778,0.733222,0,0.310307,0.146682,0.853318,0,0.158623,0.072554,0.927446,0,0.07532,0.119756,0.254158,0.2697,0.190795,0.101231,0.042968,0.015199,0.004608,0.001222,0.000288,7.5e-05,0.110981,0.24398,0.268183,0.196524,0.10801,0.04749,0.0174,0.005465,0.001502,0.000367,0.0001,0.880244,0.119756,0.626086,0.373914,0.356386,0.643614,0.165592,0.834408,0.064361,0.935639,0.021392,0.978608,0.889019,0.110981,0.645039,0.354961,0.376857,0.623143,0.180332,0.819668,0.072323,0.927677,0.024833,0.975167,1,0.127556,1,0.117637,1,0.468268,1,0.438444,1,1.031741,0,0.472979,0,0.181033,0,0.198856,0,0.066526,0,0.075072,0,0.021624,0,0.025147
2478,2025/26,15,GKS Katowice,Piast Gliwice,2.0,2.0,4.0,2.0324,2.2173,4.2497,1,792.6407,0.5781,0.6516,0.1028,0.1096,-0.0767,0.014268,0.060635,0.128842,0.182514,0.19391,0.164813,0.116736,0.070871,0.037648,0.017777,0.007555,0.002919,0.001034,0.00048,0.985732,0.014268,1,0.014371,0.925097,0.074903,1,0.077857,0.796256,0.203744,1,0.227835,0.613741,0.386259,1,0.488182,0.419831,0.580169,0,0.544437,0.255018,0.744982,0,0.294396,0.138283,0.861717,0,0.148828,0.067412,0.932588,0,0.069791,0.131021,0.266286,0.2706,0.183323,0.093146,0.037862,0.012825,0.003724,0.000946,0.000214,5.3e-05,0.108903,0.24147,0.267706,0.197861,0.109679,0.048638,0.017974,0.005694,0.001578,0.000389,0.000107,0.868979,0.131021,0.602693,0.397307,0.332092,0.667908,0.14877,0.85123,0.055623,0.944377,0.017761,0.982239,0.891097,0.108903,0.649627,0.350373,0.381921,0.618079,0.184059,0.815941,0.07438,0.92562,0.025741,0.974259,1,0.140436,1,0.115302,1,0.506347,1,0.431357,0,0.403605,0,0.481139,0,0.161073,0,0.203413,0,0.05723,0,0.077291,0,0.017921,0,0.026078
2479,2025/26,16,Bruk-Bet Termalica Nieciecza,Arka Gdynia,3.0,4.0,7.0,1.858,2.2572,4.1152,1,793.7464,0.5876,0.6608,0.1085,0.1125,-0.0916,0.016323,0.067173,0.138213,0.189591,0.195049,0.160532,0.110103,0.064727,0.033296,0.015224,0.006265,0.002344,0.000804,0.000357,0.983677,0.016323,1,0.016458,0.916504,0.083496,1,0.087189,0.778291,0.221709,1,0.250655,0.5887,0.4113,1,0.529838,0.393651,0.606349,1,0.932291,0.233119,0.766881,1,1.456207,0.123016,0.876984,1,2.095441,0.058289,0.941711,0,0.060056,0.155984,0.289819,0.269242,0.16675,0.077456,0.028782,0.008913,0.002366,0.000549,0.000113,2.5e-05,0.104643,0.2362,0.266576,0.200572,0.113183,0.051095,0.019222,0.006198,0.001749,0.000439,0.000123,0.844016,0.155984,0.554197,0.445803,0.284955,0.715045,0.118205,0.881795,0.040749,0.959251,0.011967,0.988033,0.895356,0.104644,0.659156,0.340844,0.39258,0.60742,0.192009,0.807991,0.078826,0.921174,0.027731,0.972269,1,0.169584,1,0.110534,1,0.590235,1,0.416795,1,1.255424,1,0.935015,0,0.125796,1,1.650213,0,0.041603,0,0.082106,0,0.012039,0,0.028123
2480,2025/26,16,Legia Warszawa,Lechia Gdańsk,4.0,0.0,4.0,2.0451,2.2071,4.2522,1,793.7464,0.5876,0.6608,0.1085,0.1125,-0.0916,0.014232,0.060519,0.128671,0.18238,0.193881,0.164886,0.116856,0.070986,0.037731,0.017827,0.00758,0.00293,0.001038,0.000482,0.985768,0.014232,1,0.014335,0.925249,0.074751,1,0.077693,0.796577,0.203423,1,0.227431,0.614197,0.385803,1,0.487439,0.420316,0.579684,0,0.545272,0.25543,0.74457,0,0.294949,0.138575,0.861425,0,0.149167,0.067589,0.932411,0,0.069982,0.129367,0.264569,0.270535,0.184424,0.094291,0.038567,0.013146,0.003841,0.000982,0.000223,5.6e-05,0.110019,0.242823,0.267968,0.197144,0.108779,0.048017,0.017663,0.005569,0.001536,0.000377,0.000103,0.870632,0.129368,0.606064,0.393936,0.335529,0.664471,0.151105,0.848895,0.056814,0.943186,0.018247,0.981753,0.88998,0.11002,0.647157,0.352843,0.379189,0.620811,0.182045,0.817955,0.073266,0.926734,0.025249,0.974751,1,0.138536,0,2.207093,1,0.50077,0,1.041732,1,1.092047,0,0.476729,1,1.88978,0,0.200948,0,0.058492,0,0.076089,0,0.018416,0,0.025573
2481,2025/26,16,Górnik Zabrze,Wisła Płock,1.0,3.0,4.0,2.0149,2.2815,4.2964,1,793.7464,0.5876,0.6608,0.1085,0.1125,-0.0916,0.013618,0.058508,0.125685,0.179997,0.193333,0.166126,0.118956,0.073011,0.03921,0.018718,0.008042,0.003141,0.001125,0.00053,0.986382,0.013618,1,0.013712,0.927874,0.072126,1,0.074859,0.802189,0.197811,1,0.220411,0.622192,0.377808,1,0.474506,0.42886,0.57114,0,0.56012,0.262734,0.737266,0,0.304806,0.143777,0.856223,0,0.155225,0.070766,0.929234,0,0.073395,0.133334,0.268654,0.270656,0.181781,0.091568,0.0369,0.012392,0.003567,0.000898,0.000201,4.9e-05,0.102131,0.233012,0.265808,0.202147,0.1153,0.052611,0.020005,0.00652,0.00186,0.000471,0.000134,0.866666,0.133334,0.598012,0.401988,0.327356,0.672644,0.145575,0.854425,0.054007,0.945993,0.017107,0.982893,0.897868,0.102132,0.664857,0.335143,0.399049,0.600951,0.196902,0.803098,0.081602,0.918398,0.028991,0.971009,1,0.143102,1,0.107732,0,0.911333,1,0.408183,0,0.396539,1,0.918671,0,0.157327,0,0.219279,0,0.05552,0,0.085124,0,0.017255,0,0.02942
2482,2025/26,16,Pogoń Szczecin,Zagłębie Lubin,2.0,1.0,3.0,2.0579,2.1602,4.2181,1,793.7464,0.5876,0.6608,0.1085,0.1125,-0.0916,0.014726,0.062118,0.13101,0.184204,0.194249,0.163873,0.115206,0.069422,0.036603,0.017155,0.007236,0.002775,0.000975,0.000448,0.985274,0.014726,1,0.014836,0.923156,0.076844,1,0.079957,0.792146,0.207854,1,0.233009,0.607942,0.392058,0,0.936345,0.413693,0.586307,0,0.533912,0.24982,0.75018,0,0.287443,0.134615,0.865385,0,0.14458,0.065193,0.934807,0,0.067415,0.127722,0.262839,0.270448,0.185518,0.095445,0.039283,0.013473,0.003961,0.001019,0.000233,5.8e-05,0.115302,0.249076,0.269026,0.193717,0.104617,0.045199,0.016273,0.005022,0.001356,0.000325,8.7e-05,0.872278,0.127722,0.609439,0.390561,0.338991,0.661009,0.153472,0.846528,0.058028,0.941972,0.018745,0.981255,0.884697,0.115303,0.635622,0.364378,0.366595,0.633405,0.172879,0.827121,0.068262,0.931738,0.023063,0.976937,1,0.136647,1,0.12251,1,0.495216,0,1.009563,0,0.413988,0,0.456645,0,0.166612,0,0.189804,0,0.05978,0,0.070704,0,0.018923,0,0.023333
2483,2025/26,16,Cracovia,Motor Lublin,3.0,1.0,4.0,2.1085,2.3083,4.4169,1,793.7464,0.5876,0.6608,0.1085,0.1125,-0.0916,0.012072,0.053319,0.117753,0.173367,0.191436,0.169111,0.124491,0.078552,0.043369,0.021284,0.009401,0.003775,0.001389,0.000681,0.987928,0.012072,1,0.012145,0.934609,0.065391,1,0.067627,0.816856,0.183144,1,0.202293,0.643489,0.356511,1,0.440851,0.452052,0.547948,0,0.601575,0.282942,0.717058,0,0.332598,0.158451,0.841549,0,0.172511,0.079899,0.920101,0,0.083272,0.12142,0.256014,0.269903,0.189697,0.099994,0.042167,0.014818,0.004463,0.001176,0.000276,7.1e-05,0.09943,0.229515,0.264894,0.203818,0.117619,0.0543,0.02089,0.006889,0.001988,0.00051,0.000147,0.87858,0.12142,0.622566,0.377434,0.352663,0.647337,0.162966,0.837034,0.062972,0.937028,0.020805,0.979195,0.900569,0.099431,0.671054,0.328946,0.40616,0.59384,0.202342,0.797658,0.084723,0.915277,0.030423,0.969577,1,0.129448,1,0.104728,1,0.473906,0,1.111862,1,1.042242,0,0.521145,0,0.177891,0,0.226075,0,0.065042,0,0.088529,0,0.021024,0,0.030895
2484,2025/26,16,Lech Poznań,Radomiak Radom,0.0,2.0,2.0,1.9916,2.235,4.2266,1,793.7464,0.5876,0.6608,0.1085,0.1125,-0.0916,0.014602,0.061717,0.130426,0.183753,0.194162,0.164129,0.115618,0.06981,0.036882,0.017321,0.007321,0.002813,0.000991,0.000456,0.985398,0.014602,1,0.01471,0.923681,0.076319,1,0.079388,0.793255,0.206745,0,1.57627,0.609502,0.390498,0,0.940333,0.41534,0.58466,0,0.536725,0.251211,0.748789,0,0.289299,0.135594,0.864406,0,0.145712,0.065784,0.934216,0,0.068047,0.136477,0.271807,0.270666,0.179686,0.089466,0.035636,0.011829,0.003365,0.000838,0.000185,4.5e-05,0.106992,0.239127,0.267225,0.199083,0.111237,0.049723,0.018522,0.005914,0.001652,0.00041,0.000114,0.863523,0.136477,0.591716,0.408284,0.32105,0.67895,0.141364,0.858636,0.051898,0.948102,0.016262,0.983738,0.893007,0.106993,0.65388,0.34612,0.386655,0.613345,0.187572,0.812428,0.076335,0.923665,0.026612,0.973388,0,1.991599,1,0.113161,0,0.895792,1,0.424831,0,0.387208,0,0.488828,0,0.15241,0,0.207728,0,0.053293,0,0.079406,0,0.016396,0,0.026973
2485,2025/26,16,Raków Częstochowa,Piast Gliwice,0.0,2.0,2.0,2.0692,2.2958,4.365,1,793.7464,0.5876,0.6608,0.1085,0.1125,-0.0916,0.012715,0.055501,0.12113,0.176243,0.192323,0.167897,0.122144,0.076165,0.041557,0.020155,0.008798,0.003491,0.00127,0.000612,0.987285,0.012715,1,0.012797,0.931784,0.068216,1,0.070654,0.810654,0.189346,0,1.66418,0.634412,0.365588,0,1.006247,0.442088,0.557912,0,0.583555,0.274192,0.725808,0,0.320469,0.152048,0.847952,0,0.164931,0.075883,0.924117,0,0.078916,0.126287,0.261313,0.270354,0.186472,0.096462,0.03992,0.013767,0.00407,0.001053,0.000242,6.1e-05,0.100681,0.231143,0.265329,0.203047,0.116539,0.05351,0.020475,0.006715,0.001927,0.000492,0.000141,0.873713,0.126287,0.6124,0.3876,0.342046,0.657954,0.155574,0.844426,0.059112,0.940888,0.019192,0.980808,0.899318,0.100682,0.668175,0.331825,0.402846,0.597154,0.199799,0.800201,0.08326,0.91674,0.029749,0.970251,0,2.069198,1,0.106119,0,0.947781,1,0.403205,0,0.41862,0,0.51558,0,0.169098,0,0.222892,0,0.060931,0,0.086931,0,0.019379,0,0.0302
2486,2025/26,16,Jagiellonia Białystok,GKS Katowice,5.0,2.0,7.0,2.0406,2.136,4.1766,1,793.7464,0.5876,0.6608,0.1085,0.1125,-0.0916,0.015351,0.064115,0.133891,0.186401,0.194629,0.162576,0.113168,0.067522,0.035251,0.016359,0.006832,0.002594,0.000903,0.000409,0.984649,0.015351,1,0.01547,0.920533,0.079467,1,0.082802,0.786643,0.213357,1,0.239981,0.600242,0.399758,1,0.510422,0.405613,0.594387,1,0.902355,0.243038,0.756962,1,1.414539,0.12987,0.87013,1,2.041223,0.062348,0.937652,0,0.064376,0.129951,0.265177,0.270561,0.184035,0.093886,0.038317,0.013031,0.003799,0.000969,0.00022,5.5e-05,0.118126,0.252318,0.269476,0.191867,0.102457,0.04377,0.015582,0.004755,0.00127,0.000301,7.9e-05,0.870049,0.129951,0.604872,0.395128,0.334311,0.665689,0.150276,0.849724,0.05639,0.94361,0.018074,0.981926,0.881873,0.118127,0.629555,0.370445,0.36008,0.63992,0.168213,0.831787,0.065756,0.934244,0.021987,0.978013,1,0.139206,1,0.125707,1,0.502738,1,0.462742,1,1.095684,0,0.446412,1,1.895282,0,0.184179,1,2.875463,0,0.068018,0,0.018239,0,0.022232
2487,2025/26,16,Widzew Łódź,Korona Kielce,6.0,4.0,10.0,2.0141,2.2531,4.2671,1,793.7464,0.5876,0.6608,0.1085,0.1125,-0.0916,0.014022,0.059833,0.127658,0.181578,0.193705,0.165313,0.117569,0.071669,0.038228,0.018125,0.007734,0.003,0.001067,0.000498,0.985978,0.014022,1,0.014121,0.926145,0.073855,1,0.076724,0.798487,0.201513,1,0.225036,0.616909,0.383091,1,0.483033,0.423204,0.576796,1,0.8599,0.257891,0.742109,1,1.355219,0.140321,0.859679,1,1.963819,0.068652,0.931348,1,2.678704,0.13344,0.268762,0.270657,0.18171,0.091496,0.036856,0.012372,0.00356,0.000896,0.000201,4.9e-05,0.105073,0.23674,0.266699,0.2003,0.112824,0.050841,0.019092,0.006145,0.001731,0.000433,0.000121,0.866559,0.133441,0.597797,0.402203,0.32714,0.67286,0.14543,0.85457,0.053934,0.946066,0.017078,0.982922,0.894926,0.105074,0.658186,0.341814,0.391487,0.608513,0.191187,0.808813,0.078363,0.921637,0.027522,0.972478,1,0.143225,1,0.111014,1,0.514504,1,0.418268,1,1.117367,1,0.937803,1,1.92806,1,1.654503,1,2.919994,0,0.081604,1,4.069964,0,0.027908
2488,2025/26,17,Arka Gdynia,Raków Częstochowa,1.0,3.0,4.0,2.0693,2.3282,4.3976,1,799.8222,0.5932,0.6618,0.1127,0.1104,-0.0956,0.012307,0.054122,0.119003,0.174441,0.191778,0.168672,0.123624,0.077664,0.042691,0.02086,0.009173,0.003667,0.001344,0.000654,0.987693,0.012307,1,0.012384,0.933571,0.066429,1,0.068739,0.814568,0.185432,1,0.205097,0.640127,0.359873,1,0.446088,0.448349,0.551651,0,0.59484,0.279677,0.720323,0,0.328056,0.156053,0.843947,0,0.169666,0.07839,0.92161,0,0.081633,0.126274,0.261299,0.270353,0.186481,0.096471,0.039926,0.01377,0.004071,0.001053,0.000242,6.1e-05,0.097471,0.226932,0.264172,0.205015,0.119329,0.055564,0.021561,0.007171,0.002087,0.00054,0.000157,0.873726,0.126274,0.612426,0.387574,0.342073,0.657927,0.155593,0.844407,0.059122,0.940878,0.019196,0.980804,0.902528,0.097472,0.675596,0.324404,0.411424,0.588576,0.206409,0.793591,0.087081,0.912919,0.031516,0.968484,1,0.134988,1,0.102556,0,0.947848,1,0.39216,0,0.418661,1,0.888131,0,0.169121,0,0.231187,0,0.060942,0,0.091108,0,0.019383,0,0.032023
2489,2025/26,17,Wisła Płock,Lech Poznań,0.0,2.0,2.0,1.9298,2.1991,4.1289,1,799.8222,0.5932,0.6618,0.1127,0.1104,-0.0956,0.016101,0.066479,0.137242,0.188885,0.19497,0.161001,0.110792,0.065349,0.033727,0.015473,0.006389,0.002398,0.000825,0.000368,0.983899,0.016101,1,0.016232,0.91742,0.08258,1,0.08619,0.780177,0.219823,0,1.514935,0.591293,0.408707,0,0.894756,0.396322,0.603678,0,0.504715,0.235321,0.764679,0,0.268299,0.124529,0.875471,0,0.132993,0.05918,0.94082,0,0.061003,0.145177,0.280163,0.270329,0.173894,0.083895,0.03238,0.010415,0.002871,0.000693,0.000149,3.4e-05,0.110903,0.243887,0.268166,0.196574,0.108072,0.047532,0.017421,0.005473,0.001504,0.000368,0.0001,0.854823,0.145177,0.57466,0.42534,0.30433,0.69567,0.130436,0.869564,0.046541,0.953459,0.014161,0.985839,0.889096,0.110904,0.64521,0.35479,0.377044,0.622956,0.18047,0.81953,0.072398,0.927602,0.024866,0.975134,0,1.929802,1,0.11755,0,0.854866,1,0.438179,0,0.36288,0,0.473279,0,0.139763,0,0.199024,0,0.047659,0,0.075153,0,0.014262,0,0.02518
2490,2025/26,17,Lechia Gdańsk,Bruk-Bet Termalica Nieciecza,1.0,2.0,3.0,2.026,2.2788,4.3049,1,799.8222,0.5932,0.6618,0.1127,0.1104,-0.0956,0.013503,0.058128,0.125116,0.179535,0.193218,0.166355,0.119356,0.073402,0.039498,0.018893,0.008133,0.003183,0.001142,0.00054,0.986497,0.013503,1,0.013595,0.92837,0.07163,1,0.074325,0.803254,0.196746,1,0.219084,0.623719,0.376281,0,0.97742,0.430501,0.569499,0,0.562998,0.264146,0.735854,0,0.306723,0.144789,0.855211,0,0.156407,0.071388,0.928612,0,0.074064,0.131862,0.267152,0.270625,0.182762,0.092569,0.037509,0.012666,0.003666,0.000928,0.000209,5.1e-05,0.102407,0.233365,0.265896,0.201975,0.115065,0.052442,0.019917,0.006484,0.001847,0.000468,0.000133,0.868138,0.131862,0.600986,0.399014,0.33036,0.66964,0.147598,0.852402,0.055029,0.944971,0.01752,0.98248,0.897592,0.102408,0.664227,0.335773,0.398331,0.601669,0.196356,0.803644,0.081291,0.918709,0.028849,0.971151,1,0.141405,1,0.10804,0,0.918759,1,0.409131,0,0.401015,0,0.508048,0,0.159697,0,0.218599,0,0.056601,0,0.084786,0,0.017675,0,0.029273
2491,2025/26,17,Motor Lublin,Legia Warszawa,0.0,3.0,3.0,2.0089,2.2823,4.2912,1,799.8222,0.5932,0.6618,0.1127,0.1104,-0.0956,0.013688,0.058739,0.126032,0.180276,0.193401,0.165985,0.118713,0.072775,0.039036,0.018613,0.007987,0.003116,0.001114,0.000524,0.986312,0.013688,1,0.013783,0.927572,0.072428,1,0.075185,0.801541,0.198459,1,0.22122,0.621264,0.378736,0,0.970916,0.427863,0.572137,0,0.558377,0.261878,0.738122,0,0.303646,0.143165,0.856835,0,0.15451,0.07039,0.92961,0,0.072991,0.134136,0.269466,0.270665,0.181246,0.091027,0.036573,0.012245,0.003514,0.000882,0.000197,4.8e-05,0.102049,0.232907,0.265782,0.202198,0.115369,0.052661,0.020032,0.006531,0.001863,0.000472,0.000134,0.865864,0.134136,0.596398,0.403602,0.325732,0.674268,0.144486,0.855514,0.053459,0.946541,0.016887,0.983113,0.89795,0.10205,0.665043,0.334957,0.399261,0.600739,0.197063,0.802937,0.081694,0.918306,0.029033,0.970967,0,2.008901,1,0.107641,0,0.907326,1,0.407904,0,0.394128,1,0.91814,0,0.156053,0,0.219479,0,0.054941,0,0.085225,0,0.017031,0,0.029463
2492,2025/26,17,Zagłębie Lubin,Jagiellonia Białystok,2.0,3.0,5.0,2.0556,2.1409,4.1965,1,799.8222,0.5932,0.6618,0.1127,0.1104,-0.0956,0.015048,0.063149,0.132503,0.18535,0.194456,0.163207,0.11415,0.068433,0.035897,0.016738,0.007024,0.00268,0.000937,0.000427,0.984952,0.015048,1,0.015162,0.921802,0.078198,1,0.081424,0.789299,0.210701,1,0.23661,0.603949,0.396051,1,0.504266,0.409493,0.590507,1,0.892836,0.246286,0.753714,0,0.282742,0.132136,0.867864,0,0.141721,0.063704,0.936296,0,0.065823,0.128016,0.26315,0.270465,0.185323,0.095237,0.039154,0.013414,0.003939,0.001012,0.000231,5.8e-05,0.117549,0.251661,0.26939,0.192246,0.102895,0.044057,0.01572,0.004808,0.001287,0.000306,8.1e-05,0.871984,0.128016,0.608834,0.391166,0.338369,0.661631,0.153046,0.846954,0.057809,0.942191,0.018655,0.981345,0.882451,0.117549,0.63079,0.36921,0.3614,0.6386,0.169154,0.830846,0.066259,0.933741,0.022202,0.977798,1,0.136984,1,0.125052,1,0.49621,1,0.460782,0,0.413047,1,1.01777,0,0.166109,0,0.185311,0,0.059547,0,0.068556,0,0.018831,0,0.022452
2493,2025/26,17,Radomiak Radom,Górnik Zabrze,3.0,2.0,5.0,2.0414,2.2266,4.268,1,799.8222,0.5932,0.6618,0.1127,0.1104,-0.0956,0.014009,0.059792,0.127597,0.18153,0.193694,0.165339,0.117612,0.07171,0.038258,0.018143,0.007743,0.003004,0.001069,0.000499,0.985991,0.014009,1,0.014108,0.926199,0.073801,1,0.076667,0.798601,0.201399,1,0.224894,0.617071,0.382929,1,0.482771,0.423377,0.576623,1,0.859493,0.258038,0.741962,0,0.298457,0.140426,0.859574,0,0.151319,0.068716,0.931284,0,0.071191,0.129847,0.265069,0.270556,0.184104,0.093958,0.038361,0.013052,0.003806,0.000971,0.00022,5.5e-05,0.107895,0.240238,0.267457,0.198507,0.110499,0.049207,0.018261,0.005809,0.001617,0.0004,0.00011,0.870153,0.129847,0.605084,0.394916,0.334528,0.665472,0.150423,0.849577,0.056465,0.943535,0.018104,0.981896,0.892105,0.107895,0.651866,0.348134,0.384409,0.615591,0.185902,0.814098,0.075404,0.924596,0.026196,0.973804,1,0.139086,1,0.114171,1,0.502388,1,0.427916,1,1.095035,0,0.485172,0,0.163017,0,0.205675,0,0.058122,0,0.078398,0,0.01827,0,0.026545
2494,2025/26,17,Korona Kielce,Cracovia,0.0,3.0,3.0,2.0074,2.1551,4.1625,1,799.8222,0.5932,0.6618,0.1127,0.1104,-0.0956,0.015568,0.064803,0.134872,0.187136,0.19474,0.162122,0.112472,0.066881,0.034799,0.016095,0.006699,0.002535,0.000879,0.000396,0.984432,0.015568,1,0.015691,0.919628,0.080372,1,0.083786,0.784756,0.215244,1,0.242382,0.59762,0.40238,0,0.910357,0.40288,0.59712,0,0.515637,0.240758,0.759242,0,0.275435,0.128286,0.871714,0,0.137294,0.061404,0.938596,0,0.063371,0.134337,0.269669,0.270667,0.181112,0.090891,0.036491,0.012209,0.003501,0.000879,0.000196,4.8e-05,0.115892,0.249758,0.269127,0.193332,0.104162,0.044896,0.016126,0.004965,0.001337,0.00032,8.5e-05,0.865662,0.134338,0.595993,0.404007,0.325326,0.674674,0.144214,0.855786,0.053323,0.946677,0.016832,0.983168,0.884108,0.115892,0.63435,0.36565,0.365223,0.634777,0.171892,0.828108,0.067729,0.932271,0.022833,0.977167,0,2.007396,1,0.123176,0,0.906323,1,0.455154,0,0.393526,1,1.007247,0,0.155735,0,0.188612,0,0.054797,0,0.070132,0,0.016975,0,0.023098
2495,2025/26,17,GKS Katowice,Pogoń Szczecin,0.0,0.0,0.0,1.9352,2.2309,4.1661,1,799.8222,0.5932,0.6618,0.1127,0.1104,-0.0956,0.015512,0.064625,0.134619,0.186947,0.194712,0.162239,0.112652,0.067046,0.034916,0.016163,0.006734,0.00255,0.000885,0.0004,0.984488,0.015512,0,4.166139,0.919863,0.080137,0,2.524014,0.785244,0.214756,0,1.538251,0.598297,0.401703,0,0.912041,0.403585,0.596415,0,0.516818,0.241345,0.758655,0,0.276208,0.128693,0.871307,0,0.137761,0.061647,0.938353,0,0.063629,0.144395,0.279434,0.27038,0.174413,0.084381,0.032659,0.010534,0.002912,0.000704,0.000151,3.5e-05,0.107432,0.239669,0.267339,0.198802,0.110877,0.049471,0.018394,0.005862,0.001635,0.000405,0.000112,0.855604,0.144396,0.576171,0.423829,0.30579,0.69421,0.131377,0.868623,0.046996,0.953004,0.014337,0.985663,0.892568,0.107432,0.652898,0.347102,0.385559,0.614441,0.186757,0.813243,0.07588,0.92412,0.026409,0.973591,0,1.935196,0,2.230897,0,0.858425,0,1.058137,0,0.364981,0,0.487042,0,0.140846,0,0.206725,0,0.048136,0,0.078913,0,0.014441,0,0.026764
2496,2025/26,17,Piast Gliwice,Widzew Łódź,1.0,3.0,4.0,2.0874,2.1283,4.2157,1,799.8222,0.5932,0.6618,0.1127,0.1104,-0.0956,0.014762,0.062233,0.131177,0.184334,0.194273,0.163799,0.115087,0.06931,0.036524,0.017108,0.007212,0.002764,0.000971,0.000446,0.985238,0.014762,1,0.014872,0.923005,0.076995,1,0.080121,0.791827,0.208173,1,0.233412,0.607494,0.392506,1,0.498414,0.413221,0.586779,0,0.533106,0.249422,0.750578,0,0.286911,0.134335,0.865665,0,0.144257,0.065024,0.934976,0,0.067235,0.124009,0.258857,0.270169,0.187983,0.098099,0.040954,0.014248,0.004249,0.001109,0.000257,6.6e-05,0.119039,0.253352,0.269604,0.191266,0.101768,0.043319,0.015366,0.004672,0.001243,0.000294,7.7e-05,0.875991,0.124009,0.617134,0.382866,0.346965,0.653035,0.158982,0.841018,0.060883,0.939117,0.019928,0.980072,0.88096,0.11904,0.627608,0.372392,0.358004,0.641996,0.166738,0.833262,0.06497,0.93503,0.021651,0.978349,1,0.132399,1,0.126743,0,0.96007,1,0.46584,0,0.426125,1,1.027211,0,0.173142,0,0.182407,0,0.062815,0,0.067177,0,0.020129,0,0.021889
2497,2025/26,18,Arka Gdynia,Motor Lublin,2.0,3.0,5.0,2.0481,2.3521,4.4002,1,815.4781,0.5816,0.6571,0.1134,0.1142,-0.0945,0.012274,0.05401,0.118828,0.174292,0.191732,0.168733,0.123745,0.077787,0.042785,0.020918,0.009205,0.003682,0.00135,0.000658,0.987726,0.012274,1,0.01235,0.933716,0.066284,1,0.068583,0.814887,0.185113,1,0.204705,0.640596,0.359404,1,0.445357,0.448864,0.551136,1,0.801036,0.28013,0.71987,0,0.328685,0.156386,0.843614,0,0.17006,0.078599,0.921401,0,0.08186,0.12898,0.264163,0.270517,0.184682,0.094562,0.038734,0.013222,0.003869,0.00099,0.000225,5.6e-05,0.095169,0.223847,0.263256,0.206401,0.121369,0.057094,0.022382,0.007521,0.002211,0.000578,0.000171,0.87102,0.12898,0.606857,0.393143,0.33634,0.66366,0.151658,0.848342,0.057097,0.942903,0.018363,0.981637,0.90483,0.09517,0.680982,0.319018,0.417727,0.582273,0.211326,0.788674,0.089957,0.910043,0.032862,0.967138,1,0.13809,1,0.100008,1,0.499462,1,0.384219,0,0.409985,1,0.872927,0,0.164471,0,0.237402,0,0.058792,0,0.094263,0,0.018534,0,0.033414
2498,2025/26,18,Bruk-Bet Termalica Nieciecza,Jagiellonia Białystok,1.0,2.0,3.0,1.9597,2.1917,4.1514,1,815.4781,0.5816,0.6571,0.1134,0.1142,-0.0945,0.015743,0.065355,0.135656,0.187719,0.194822,0.161755,0.111917,0.066372,0.034442,0.015887,0.006595,0.002489,0.000861,0.000387,0.984257,0.015743,1,0.015868,0.918902,0.081098,1,0.084576,0.783245,0.216755,1,0.244309,0.595527,0.404473,0,0.905169,0.400705,0.599295,0,0.512001,0.23895,0.76105,0,0.273056,0.127033,0.872967,0,0.135857,0.06066,0.93934,0,0.062578,0.140901,0.276123,0.270559,0.176738,0.086589,0.033937,0.011085,0.003103,0.00076,0.000166,3.9e-05,0.111727,0.244871,0.268342,0.196042,0.107416,0.047085,0.017199,0.005385,0.001475,0.000359,9.7e-05,0.859099,0.140901,0.582976,0.417024,0.312417,0.687583,0.135679,0.864321,0.04909,0.95091,0.015153,0.984847,0.888273,0.111727,0.643401,0.356599,0.375059,0.624941,0.179017,0.820983,0.071601,0.928399,0.024516,0.975484,1,0.151871,1,0.118476,0,0.874612,1,0.440987,0,0.374573,0,0.470098,0,0.145811,0,0.197253,0,0.050336,0,0.074294,0,0.015269,0,0.024822
2499,2025/26,18,Lechia Gdańsk,Górnik Zabrze,5.0,1.0,6.0,2.0861,2.311,4.3971,1,815.4781,0.5816,0.6571,0.1134,0.1142,-0.0945,0.012313,0.054141,0.119032,0.174465,0.191786,0.168661,0.123604,0.077643,0.042676,0.02085,0.009168,0.003665,0.001343,0.000654,0.987687,0.012313,1,0.012389,0.933546,0.066454,1,0.068765,0.814515,0.185485,1,0.205163,0.640049,0.359951,1,0.44621,0.448263,0.551737,1,0.802375,0.279602,0.720398,1,1.274389,0.155998,0.844002,0,0.1696,0.078355,0.921645,0,0.081595,0.12417,0.259032,0.270183,0.187876,0.097982,0.04088,0.014213,0.004236,0.001105,0.000256,6.5e-05,0.099162,0.229163,0.264798,0.203983,0.117851,0.054471,0.02098,0.006927,0.002001,0.000514,0.000148,0.875829,0.124171,0.616797,0.383203,0.346614,0.653386,0.158737,0.841263,0.060755,0.939245,0.019875,0.980125,0.900837,0.099163,0.671673,0.328327,0.406875,0.593125,0.202892,0.797108,0.085041,0.914959,0.03057,0.96943,1,0.132584,1,0.104431,1,0.483215,0,1.113745,1,1.059544,0,0.52235,1,1.840507,0,0.226765,1,2.800906,0,0.088876,0,0.020075,0,0.031047
2500,2025/26,18,Pogoń Szczecin,Radomiak Radom,5.0,2.0,7.0,2.0846,2.2355,4.3202,1,815.4781,0.5816,0.6571,0.1134,0.1142,-0.0945,0.013298,0.057448,0.124093,0.178701,0.193004,0.166762,0.120073,0.074105,0.040018,0.019209,0.008299,0.003259,0.001173,0.000557,0.986702,0.013298,1,0.013387,0.929254,0.070746,1,0.073373,0.805161,0.194839,1,0.216713,0.62646,0.37354,1,0.46767,0.433456,0.566544,1,0.835964,0.266695,0.733305,1,1.321651,0.146622,0.853378,1,1.919901,0.072516,0.927484,0,0.07528,0.124357,0.259234,0.2702,0.187753,0.097847,0.040795,0.014173,0.004221,0.0011,0.000255,6.5e-05,0.106939,0.239061,0.267211,0.199117,0.111281,0.049754,0.018537,0.00592,0.001654,0.000411,0.000114,0.875643,0.124357,0.616409,0.383591,0.346209,0.653791,0.158456,0.841544,0.060608,0.939392,0.019814,0.980186,0.893061,0.106939,0.653999,0.346001,0.386788,0.613212,0.187672,0.812328,0.076391,0.923609,0.026637,0.973363,1,0.132797,1,0.1131,1,0.483845,1,0.424649,1,1.060713,0,0.489045,1,1.842278,0,0.207851,1,2.803328,0,0.079466,0,0.020013,0,0.026998
2501,2025/26,18,Korona Kielce,Wisła Płock,1.0,1.0,2.0,2.0185,2.2854,4.3038,1,815.4781,0.5816,0.6571,0.1134,0.1142,-0.0945,0.013517,0.058174,0.125186,0.179592,0.193233,0.166327,0.119307,0.073353,0.039462,0.018871,0.008122,0.003178,0.00114,0.000538,0.986483,0.013517,1,0.013609,0.928309,0.071691,1,0.074391,0.803123,0.196877,0,1.625176,0.623531,0.376469,0,0.97692,0.430299,0.569701,0,0.562643,0.263971,0.736029,0,0.306486,0.144664,0.855336,0,0.156261,0.071311,0.928689,0,0.073981,0.132855,0.268167,0.270648,0.182101,0.091893,0.037097,0.01248,0.003599,0.000908,0.000204,5e-05,0.101733,0.232501,0.265679,0.202395,0.115638,0.052856,0.020133,0.006573,0.001878,0.000477,0.000136,0.867145,0.132855,0.598978,0.401022,0.328331,0.671669,0.14623,0.85377,0.054337,0.945663,0.01724,0.98276,0.898266,0.101734,0.665764,0.334236,0.400085,0.599915,0.19769,0.80231,0.082052,0.917948,0.029196,0.970804,1,0.142549,1,0.107289,0,0.913739,0,1.095908,0,0.39799,0,0.510967,0,0.158093,0,0.22026,0,0.055869,0,0.085615,0,0.01739,0,0.029631
2502,2025/26,18,Cracovia,Lech Poznań,3.0,4.0,7.0,1.9889,2.2375,4.2264,1,815.4781,0.5816,0.6571,0.1134,0.1142,-0.0945,0.014604,0.061724,0.130437,0.183761,0.194164,0.164124,0.11561,0.069803,0.036877,0.017318,0.007319,0.002812,0.00099,0.000456,0.985396,0.014604,1,0.014712,0.923672,0.076328,1,0.079399,0.793235,0.206765,1,0.231636,0.609474,0.390526,1,0.495158,0.415311,0.584689,1,0.878728,0.251186,0.748814,1,1.38156,0.135576,0.864424,1,1.998223,0.065773,0.934227,0,0.068036,0.136846,0.272173,0.270662,0.17944,0.089222,0.035491,0.011765,0.003343,0.000831,0.000184,4.4e-05,0.106725,0.238797,0.267154,0.199253,0.111457,0.049877,0.0186,0.005945,0.001663,0.000413,0.000115,0.863154,0.136846,0.590981,0.409019,0.320319,0.679681,0.140879,0.859121,0.051657,0.948343,0.016166,0.983834,0.893274,0.106726,0.654477,0.345523,0.387323,0.612677,0.18807,0.81193,0.076613,0.923387,0.026736,0.973264,1,0.147162,1,0.112862,1,0.525971,1,0.423919,1,1.138438,1,0.948496,0,0.151846,1,1.670941,0,0.053039,0,0.079707,0,0.016298,0,0.0271
2503,2025/26,18,Raków Częstochowa,GKS Katowice,2.0,0.0,2.0,2.0066,2.2517,4.2583,1,815.4781,0.5816,0.6571,0.1134,0.1142,-0.0945,0.014146,0.060238,0.128257,0.182053,0.19381,0.165061,0.117147,0.071265,0.037933,0.017948,0.007643,0.002959,0.00105,0.000489,0.985854,0.014146,1,0.014247,0.925616,0.074384,1,0.077296,0.797359,0.202641,0,1.596318,0.615306,0.384694,0,0.955306,0.421495,0.578505,0,0.547308,0.256434,0.743566,0,0.296297,0.139286,0.860714,0,0.149993,0.068022,0.931978,0,0.070446,0.134445,0.269777,0.270668,0.181041,0.090819,0.036447,0.012189,0.003494,0.000876,0.000195,4.8e-05,0.10522,0.236924,0.266741,0.200207,0.112702,0.050754,0.019047,0.006127,0.001724,0.000431,0.000121,0.865555,0.134445,0.595777,0.404223,0.32511,0.67489,0.144069,0.855931,0.05325,0.94675,0.016803,0.983197,0.894779,0.105221,0.657855,0.342145,0.391113,0.608887,0.190906,0.809094,0.078205,0.921795,0.027451,0.972549,1,0.144384,0,2.251692,1,0.517889,0,1.072521,0,0.393206,0,0.496123,0,0.155566,0,0.21184,0,0.05472,0,0.081432,0,0.016946,0,0.027835
2504,2025/26,18,Piast Gliwice,Legia Warszawa,3.0,4.0,7.0,1.9651,2.1793,4.1443,1,815.4781,0.5816,0.6571,0.1134,0.1142,-0.0945,0.015854,0.065705,0.136151,0.188085,0.194871,0.161521,0.111566,0.066052,0.034218,0.015757,0.00653,0.00246,0.00085,0.000381,0.984146,0.015854,1,0.015981,0.918441,0.081559,1,0.085078,0.78229,0.21771,1,0.24553,0.594205,0.405795,1,0.52053,0.399335,0.600665,1,0.917956,0.237813,0.762187,1,1.43627,0.126247,0.873753,1,2.069514,0.060195,0.939805,0,0.062083,0.140142,0.275393,0.270587,0.177244,0.087075,0.034222,0.011208,0.003147,0.000773,0.000169,4e-05,0.113121,0.246524,0.268625,0.195138,0.106316,0.046339,0.016831,0.00524,0.001427,0.000346,9.3e-05,0.859858,0.140142,0.584465,0.415535,0.313878,0.686122,0.136634,0.863366,0.049559,0.950441,0.015337,0.984663,0.886879,0.113121,0.640355,0.359645,0.37173,0.62827,0.176592,0.823408,0.070276,0.929724,0.023937,0.976063,1,0.150988,1,0.120047,1,0.537058,1,0.445733,1,1.158751,1,0.989587,0,0.146917,1,1.733913,0,0.050829,0,0.072868,0,0.015456,0,0.024228
2505,2025/26,18,Zagłębie Lubin,Widzew Łódź,2.0,6.0,8.0,2.0419,2.1158,4.1578,1,815.4781,0.5816,0.6571,0.1134,0.1142,-0.0945,0.015642,0.065037,0.135205,0.187384,0.194775,0.161966,0.112237,0.066665,0.034647,0.016006,0.006655,0.002515,0.000872,0.000392,0.984358,0.015642,1,0.015766,0.919321,0.080679,1,0.08412,0.784115,0.215885,1,0.243199,0.596731,0.403269,1,0.516288,0.401956,0.598044,1,0.911413,0.23999,0.76001,1,1.42716,0.127753,0.872247,1,2.057658,0.061088,0.938912,1,2.795444,0.129782,0.265002,0.270553,0.184148,0.094003,0.038389,0.013064,0.003811,0.000973,0.000221,5.5e-05,0.120537,0.255032,0.269798,0.19028,0.100648,0.04259,0.015019,0.00454,0.001201,0.000282,7.3e-05,0.870218,0.129782,0.605216,0.394784,0.334663,0.665337,0.150515,0.849485,0.056512,0.943488,0.018123,0.981877,0.879463,0.120537,0.624431,0.375569,0.354633,0.645367,0.164353,0.835647,0.063705,0.936295,0.021114,0.978886,1,0.139012,1,0.128444,1,0.50217,1,0.470914,0,0.407462,1,1.036672,0,0.163125,1,1.805739,0,0.058172,1,2.753492,0,0.018289,1,3.857819
2506,2025/26,19,Wisła Płock,Raków Częstochowa,3.0,1.0,4.0,1.9238,2.2216,4.1455,1,818.5073,0.5857,0.6592,0.118,0.1084,-0.0938,0.015836,0.065648,0.13607,0.188025,0.194863,0.16156,0.111623,0.066105,0.034254,0.015778,0.006541,0.002465,0.000852,0.000382,0.984164,0.015836,1,0.015963,0.918516,0.081484,1,0.084995,0.782446,0.217554,1,0.24533,0.594421,0.405579,1,0.520167,0.399559,0.600441,0,0.51009,0.237999,0.762001,0,0.271807,0.126375,0.873625,0,0.135105,0.060271,0.939729,0,0.062164,0.146051,0.280973,0.270268,0.173314,0.083355,0.032072,0.010283,0.002826,0.00068,0.000145,3.4e-05,0.108435,0.2409,0.267592,0.198161,0.110059,0.048901,0.018106,0.005746,0.001596,0.000394,0.000108,0.853949,0.146051,0.572976,0.427024,0.302709,0.697291,0.129395,0.870605,0.04604,0.95396,0.013968,0.986032,0.891564,0.108436,0.650664,0.349336,0.383072,0.616928,0.184911,0.815089,0.074852,0.925148,0.025951,0.974049,1,0.157884,1,0.114778,1,0.556911,0,1.051721,1,1.194983,0,0.483003,0,0.138567,0,0.204458,0,0.047134,0,0.077802,0,0.014066,0,0.026294
2507,2025/26,19,Bruk-Bet Termalica Nieciecza,Cracovia,0.0,0.0,0.0,1.9151,2.1951,4.1102,1,818.5073,0.5857,0.6592,0.118,0.1084,-0.0938,0.016405,0.067426,0.138568,0.189846,0.195076,0.16036,0.109851,0.064501,0.033139,0.015134,0.00622,0.002324,0.000796,0.000353,0.983595,0.016405,0,4.110187,0.916169,0.083831,0,2.478951,0.777601,0.222399,0,1.503283,0.587755,0.412245,0,0.886137,0.392679,0.607321,0,0.498698,0.232319,0.767681,0,0.264382,0.122468,0.877532,0,0.130642,0.057967,0.942033,0,0.059715,0.147327,0.282146,0.270169,0.172467,0.082573,0.031627,0.010095,0.002762,0.000661,0.000141,3.2e-05,0.111347,0.244419,0.268262,0.196287,0.107717,0.04729,0.017301,0.005425,0.001489,0.000363,9.9e-05,0.852673,0.147327,0.570527,0.429473,0.300358,0.699642,0.127891,0.872109,0.045318,0.954682,0.013691,0.986309,0.888652,0.111348,0.644233,0.355767,0.375971,0.624029,0.179684,0.820316,0.071967,0.928033,0.024677,0.975323,0,1.915101,0,2.195095,0,0.845196,0,1.033479,0,0.357187,0,0.471558,0,0.136841,0,0.198066,0,0.046377,0,0.074688,0,0.013786,0,0.024987
2508,2025/26,19,Legia Warszawa,Korona Kielce,0.0,0.0,0.0,2.0411,2.2165,4.2576,1,818.5073,0.5857,0.6592,0.118,0.1084,-0.0938,0.014157,0.060273,0.128309,0.182094,0.193819,0.16504,0.117111,0.07123,0.037908,0.017933,0.007635,0.002955,0.001048,0.000488,0.985843,0.014157,0,4.257565,0.92557,0.07443,0,2.597897,0.797261,0.202739,0,1.595838,0.615167,0.384833,0,0.954947,0.421348,0.578652,0,0.547054,0.256309,0.743691,0,0.296129,0.139197,0.860803,0,0.14989,0.067968,0.932032,0,0.070388,0.129886,0.26511,0.270558,0.184079,0.093931,0.038344,0.013044,0.003803,0.00097,0.00022,5.5e-05,0.10899,0.241576,0.267727,0.197805,0.109609,0.04859,0.01795,0.005684,0.001575,0.000388,0.000106,0.870114,0.129886,0.605004,0.394996,0.334446,0.665554,0.150368,0.849632,0.056437,0.943563,0.018093,0.981907,0.891009,0.108991,0.649433,0.350567,0.381707,0.618293,0.183901,0.816099,0.074292,0.925708,0.025703,0.974297,0,2.041098,0,2.21649,0,0.92888,0,1.048203,0,0.407136,0,0.480793,0,0.162952,0,0.20322,0,0.058092,0,0.077196,0,0.018259,0,0.026039
2509,2025/26,19,Motor Lublin,Pogoń Szczecin,2.0,3.0,5.0,1.9433,2.2585,4.2018,1,818.5073,0.5857,0.6592,0.118,0.1084,-0.0938,0.014968,0.062894,0.132135,0.185069,0.194407,0.163372,0.11441,0.068676,0.03607,0.01684,0.007076,0.002703,0.000946,0.000432,0.985032,0.014968,1,0.015082,0.922137,0.077863,1,0.081061,0.790002,0.209998,1,0.23572,0.604932,0.395068,1,0.502639,0.410525,0.589475,1,0.890318,0.247153,0.752847,0,0.283893,0.132743,0.867257,0,0.14242,0.064068,0.935932,0,0.066212,0.143231,0.27834,0.270449,0.175188,0.085111,0.033079,0.010714,0.002974,0.000722,0.000156,3.7e-05,0.104507,0.236029,0.266536,0.200657,0.113296,0.051176,0.019263,0.006215,0.001755,0.00044,0.000124,0.856769,0.143231,0.578429,0.421571,0.307981,0.692019,0.132793,0.867207,0.047682,0.952318,0.014603,0.985397,0.895492,0.104508,0.659463,0.340537,0.392927,0.607073,0.192269,0.807731,0.078973,0.921027,0.027797,0.972203,1,0.154587,1,0.110382,1,0.547439,1,0.416329,0,0.368142,1,0.934131,0,0.142478,0,0.213526,0,0.048856,0,0.082266,0,0.014711,0,0.028191
2510,2025/26,19,Zagłębie Lubin,GKS Katowice,0.0,4.0,4.0,2.0416,2.1834,4.225,1,818.5073,0.5857,0.6592,0.118,0.1084,-0.0938,0.014625,0.06179,0.130533,0.183836,0.194178,0.164082,0.115542,0.069739,0.036831,0.01729,0.007305,0.002806,0.000988,0.000455,0.985375,0.014625,1,0.014733,0.923585,0.076415,1,0.079492,0.793052,0.206948,1,0.231866,0.609217,0.390783,1,0.495582,0.415038,0.584962,0,0.536209,0.250956,0.749044,0,0.288958,0.135414,0.864586,0,0.145504,0.065675,0.934325,0,0.067931,0.129821,0.265042,0.270555,0.184122,0.093976,0.038372,0.013057,0.003808,0.000972,0.00022,5.5e-05,0.112658,0.245977,0.268533,0.195438,0.10668,0.046585,0.016952,0.005288,0.001443,0.00035,9.4e-05,0.870179,0.129821,0.605137,0.394863,0.334582,0.665418,0.15046,0.84954,0.056484,0.943516,0.018112,0.981888,0.887342,0.112658,0.641364,0.358636,0.372831,0.627169,0.177393,0.822607,0.070713,0.929287,0.024128,0.975872,0,2.041599,1,0.119525,0,0.929216,1,0.444158,0,0.40734,1,0.98663,0,0.16306,1,1.729388,0,0.058142,0,0.073338,0,0.018278,0,0.024424
2511,2025/26,19,Górnik Zabrze,Piast Gliwice,1.0,0.0,1.0,2.1325,2.2322,4.3647,1,818.5073,0.5857,0.6592,0.118,0.1084,-0.0938,0.012718,0.05551,0.121144,0.176255,0.192327,0.167891,0.122134,0.076155,0.041549,0.02015,0.008795,0.00349,0.001269,0.000612,0.987282,0.012718,1,0.012799,0.931772,0.068228,0,2.684894,0.810627,0.189373,0,1.664037,0.634372,0.365628,0,1.00614,0.442046,0.557954,0,0.583478,0.274154,0.725846,0,0.320418,0.15202,0.84798,0,0.164899,0.075866,0.924134,0,0.078898,0.118541,0.252788,0.269535,0.191594,0.102144,0.043564,0.015483,0.004717,0.001257,0.000298,7.8e-05,0.107292,0.239497,0.267303,0.198891,0.110991,0.049551,0.018435,0.005879,0.00164,0.000407,0.000113,0.881459,0.118541,0.628671,0.371329,0.359136,0.640864,0.167542,0.832458,0.065398,0.934602,0.021834,0.978166,0.892707,0.107293,0.65321,0.34679,0.385907,0.614093,0.187015,0.812985,0.076024,0.923976,0.026473,0.973527,1,0.126177,0,2.232192,0,0.990667,0,1.059036,0,0.444938,0,0.487609,0,0.183373,0,0.207043,0,0.067635,0,0.079069,0,0.022076,0,0.02683
2512,2025/26,19,Radomiak Radom,Arka Gdynia,3.0,3.0,6.0,1.98,2.2518,4.2318,1,818.5073,0.5857,0.6592,0.118,0.1084,-0.0938,0.014526,0.061472,0.130069,0.183475,0.194107,0.164284,0.11587,0.070048,0.037054,0.017423,0.007373,0.002836,0.001,0.000461,0.985474,0.014526,1,0.014633,0.924001,0.075999,1,0.079042,0.793932,0.206068,1,0.230758,0.610456,0.389544,1,0.493548,0.416349,0.583651,1,0.876232,0.252064,0.747936,1,1.37807,0.136195,0.863805,0,0.146408,0.066147,0.933853,0,0.068436,0.138069,0.273377,0.270643,0.178625,0.088419,0.035014,0.011555,0.003268,0.000809,0.000178,4.3e-05,0.10521,0.236911,0.266738,0.200214,0.11271,0.05076,0.01905,0.006128,0.001725,0.000432,0.000121,0.861931,0.138069,0.588553,0.411447,0.31791,0.68209,0.139286,0.860714,0.050866,0.949134,0.015852,0.984148,0.89479,0.10521,0.657878,0.342122,0.39114,0.60886,0.190926,0.809074,0.078216,0.921784,0.027456,0.972544,1,0.14858,1,0.111166,1,0.530088,1,0.418736,1,1.145987,1,0.93869,0,0.149993,0,0.211865,0,0.052205,0,0.081444,0,0.015979,0,0.02784
2513,2025/26,19,Lech Poznań,Lechia Gdańsk,1.0,2.0,3.0,2.0111,2.1212,4.1323,1,818.5073,0.5857,0.6592,0.118,0.1084,-0.0938,0.016046,0.066306,0.136998,0.188707,0.194949,0.161118,0.110965,0.065506,0.033836,0.015536,0.00642,0.002412,0.000831,0.000371,0.983954,0.016046,1,0.016176,0.917648,0.082352,1,0.085941,0.78065,0.21935,1,0.247629,0.591943,0.408057,0,0.896349,0.396994,0.603006,0,0.505828,0.235876,0.764124,0,0.269025,0.124911,0.875089,0,0.13343,0.059405,0.940595,0,0.061243,0.133841,0.269168,0.270662,0.181443,0.091225,0.036693,0.012299,0.003533,0.000888,0.000198,4.8e-05,0.119888,0.254306,0.269717,0.190708,0.101132,0.042904,0.015168,0.004596,0.001219,0.000287,7.5e-05,0.866158,0.133842,0.59699,0.40301,0.326328,0.673672,0.144885,0.855115,0.05366,0.94634,0.016967,0.983033,0.880112,0.119888,0.625806,0.374194,0.35609,0.64391,0.165382,0.834618,0.06425,0.93575,0.021345,0.978655,1,0.143688,1,0.127706,0,0.908794,1,0.468715,0,0.395012,0,0.440196,0,0.156519,0,0.180781,0,0.055153,0,0.066407,0,0.017113,0,0.021576
2514,2025/26,19,Widzew Łódź,Jagiellonia Białystok,4.0,3.0,7.0,1.958,2.263,4.221,1,818.5073,0.5857,0.6592,0.118,0.1084,-0.0938,0.014684,0.061982,0.130813,0.184052,0.19422,0.163959,0.115345,0.069552,0.036697,0.017211,0.007265,0.002788,0.000981,0.000451,0.985316,0.014684,1,0.014793,0.923333,0.076667,1,0.079765,0.792521,0.207479,1,0.232537,0.608468,0.391532,1,0.49681,0.414248,0.585752,1,0.881289,0.250289,0.749711,1,1.385139,0.134944,0.865056,1,2.002893,0.065392,0.934608,0,0.067628,0.14114,0.276353,0.27055,0.176579,0.086435,0.033848,0.011046,0.00309,0.000756,0.000165,3.9e-05,0.104038,0.235438,0.266398,0.200953,0.113689,0.051456,0.019407,0.006274,0.001775,0.000446,0.000126,0.858859,0.141141,0.582506,0.417494,0.311957,0.688043,0.135378,0.864622,0.048943,0.951057,0.015095,0.984905,0.895961,0.104039,0.660524,0.339476,0.394126,0.605874,0.193173,0.806827,0.079484,0.920516,0.028028,0.971972,1,0.152151,1,0.109858,1,0.540416,1,0.414722,1,1.16489,1,0.931085,1,1.999684,0,0.214646,0,0.050181,0,0.082821,0,0.01521,0,0.028428
2515,2025/26,20,Arka Gdynia,Legia Warszawa,1.0,5.0,6.0,1.9646,2.2682,4.2327,1,834.1389,0.5811,0.6554,0.1087,0.1113,-0.0853,0.014513,0.061428,0.130005,0.183425,0.194097,0.164313,0.115915,0.070091,0.037085,0.017441,0.007382,0.002841,0.001002,0.000462,0.985487,0.014513,1,0.014619,0.924059,0.075941,1,0.078979,0.794055,0.205945,1,0.230603,0.61063,0.38937,1,0.493265,0.416532,0.583468,1,0.875791,0.25222,0.74778,1,1.377455,0.136304,0.863696,0,0.146535,0.066213,0.933787,0,0.068507,0.140212,0.27546,0.270585,0.177197,0.08703,0.034196,0.011197,0.003142,0.000772,0.000168,4e-05,0.103498,0.234755,0.266235,0.201292,0.114143,0.05178,0.019574,0.006343,0.001798,0.000453,0.000128,0.859788,0.140212,0.584327,0.415673,0.313743,0.686257,0.136546,0.863454,0.049515,0.950485,0.01532,0.98468,0.896501,0.103499,0.661746,0.338254,0.39551,0.60449,0.194219,0.805781,0.080076,0.919924,0.028297,0.971703,1,0.151069,1,0.109256,0,0.877856,1,0.412873,0,0.376503,1,0.927579,0,0.146815,1,1.638769,0,0.050783,1,2.524779,0,0.015439,0,0.028705
2516,2025/26,20,Lechia Gdańsk,Cracovia,1.0,4.0,5.0,1.9418,2.1848,4.1267,1,834.1389,0.5811,0.6554,0.1087,0.1113,-0.0853,0.016137,0.066591,0.137399,0.188999,0.194984,0.160926,0.110681,0.065249,0.033658,0.015433,0.006368,0.002389,0.000822,0.000366,0.983863,0.016137,1,0.016268,0.917272,0.082728,1,0.086351,0.779874,0.220126,1,0.248623,0.590875,0.409125,1,0.526151,0.395891,0.604109,1,0.926616,0.234965,0.765035,0,0.267834,0.124284,0.875716,0,0.132714,0.059035,0.940965,0,0.06085,0.143446,0.278543,0.270437,0.175045,0.084975,0.033001,0.01068,0.002963,0.000719,0.000155,3.6e-05,0.1125,0.245791,0.268502,0.195541,0.106804,0.046669,0.016994,0.005304,0.001449,0.000352,9.5e-05,0.856554,0.143446,0.578012,0.421988,0.307575,0.692425,0.13253,0.86747,0.047555,0.952445,0.014554,0.985446,0.887499,0.112501,0.641709,0.358291,0.373207,0.626793,0.177666,0.822334,0.070862,0.929138,0.024193,0.975807,1,0.154838,1,0.119348,0,0.862778,1,0.44362,0,0.367555,1,0.985622,0,0.142174,1,1.72785,0,0.048723,0,0.073498,0,0.014661,0,0.02449
2517,2025/26,20,Górnik Zabrze,Lech Poznań,1.0,3.0,4.0,2.0539,2.1853,4.2392,1,834.1389,0.5811,0.6554,0.1087,0.1113,-0.0853,0.014419,0.061125,0.129561,0.183079,0.194027,0.164504,0.116228,0.070388,0.037299,0.017568,0.007448,0.00287,0.001014,0.000469,0.985581,0.014419,1,0.014524,0.924456,0.075544,1,0.07855,0.794895,0.205105,1,0.229546,0.611816,0.388184,1,0.491324,0.417788,0.582212,0,0.540921,0.253284,0.746716,0,0.29207,0.137056,0.862944,0,0.147405,0.066668,0.933332,0,0.068994,0.128234,0.263379,0.270478,0.185178,0.095084,0.039059,0.01337,0.003923,0.001007,0.00023,5.8e-05,0.112444,0.245724,0.26849,0.195577,0.106849,0.046699,0.017009,0.00531,0.00145,0.000352,9.5e-05,0.871766,0.128234,0.608386,0.391614,0.337909,0.662091,0.152731,0.847269,0.057647,0.942353,0.018588,0.981412,0.887555,0.112445,0.641832,0.358168,0.373341,0.626659,0.177764,0.822236,0.070916,0.929084,0.024216,0.975784,1,0.137234,1,0.119285,0,0.937479,1,0.443429,0,0.412352,1,0.985263,0,0.165737,0,0.195728,0,0.059375,0,0.073556,0,0.018763,0,0.024514
2518,2025/26,20,Pogoń Szczecin,Bruk-Bet Termalica Nieciecza,3.0,2.0,5.0,2.0392,2.2569,4.2961,1,834.1389,0.5811,0.6554,0.1087,0.1113,-0.0853,0.013622,0.05852,0.125703,0.180011,0.193337,0.166118,0.118943,0.072999,0.039201,0.018713,0.008039,0.00314,0.001124,0.00053,0.986378,0.013622,1,0.013715,0.927859,0.072141,1,0.074876,0.802155,0.197845,1,0.220453,0.622144,0.377856,1,0.474584,0.428807,0.571193,1,0.846748,0.262689,0.737311,0,0.304745,0.143745,0.856255,0,0.155187,0.070746,0.929254,0,0.073373,0.130133,0.265367,0.270568,0.183914,0.093759,0.038239,0.012996,0.003786,0.000965,0.000219,5.4e-05,0.104674,0.23624,0.266585,0.200552,0.113156,0.051076,0.019212,0.006194,0.001748,0.000438,0.000123,0.869867,0.130133,0.6045,0.3955,0.333932,0.666068,0.150018,0.849982,0.056259,0.943741,0.01802,0.98198,0.895325,0.104675,0.659085,0.340915,0.3925,0.6075,0.191948,0.808052,0.078792,0.921208,0.027716,0.972284,1,0.139415,1,0.110568,1,0.503354,1,0.416903,1,1.096818,0,0.498403,0,0.16254,0,0.213129,0,0.057904,0,0.082069,0,0.018184,0,0.028107
2519,2025/26,20,Korona Kielce,Zagłębie Lubin,1.0,0.0,1.0,2.0118,2.1734,4.1851,1,834.1389,0.5811,0.6554,0.1087,0.1113,-0.0853,0.01522,0.063698,0.133293,0.185949,0.194556,0.162849,0.113591,0.067914,0.035529,0.016521,0.006914,0.002631,0.000917,0.000417,0.98478,0.01522,1,0.015337,0.921082,0.078918,0,2.539347,0.78779,0.21221,0,1.550177,0.60184,0.39816,0,0.920902,0.407284,0.592716,0,0.523039,0.244434,0.755566,0,0.280289,0.130843,0.869157,0,0.140232,0.062929,0.937071,0,0.064997,0.133748,0.269074,0.270661,0.181505,0.091288,0.036731,0.012316,0.00354,0.00089,0.000199,4.9e-05,0.11379,0.247311,0.268753,0.194703,0.105792,0.045986,0.016658,0.005172,0.001405,0.000339,9.1e-05,0.866252,0.133748,0.597178,0.402822,0.326517,0.673483,0.145012,0.854988,0.053724,0.946276,0.016993,0.983007,0.886209,0.113791,0.638898,0.361102,0.370145,0.629855,0.175442,0.824558,0.06965,0.93035,0.023665,0.976335,1,0.143579,0,2.173392,0,0.909261,0,1.018595,0,0.395293,0,0.462266,0,0.156668,0,0.192908,0,0.055221,0,0.072194,0,0.017139,0,0.02395
2520,2025/26,20,GKS Katowice,Widzew Łódź,4.0,1.0,5.0,1.9915,2.1575,4.149,1,834.1389,0.5811,0.6554,0.1087,0.1113,-0.0853,0.01578,0.065471,0.13582,0.18784,0.194838,0.161678,0.111801,0.066266,0.034368,0.015844,0.006574,0.002479,0.000857,0.000385,0.98422,0.01578,1,0.015906,0.918749,0.081251,1,0.084742,0.78293,0.21707,1,0.244713,0.59509,0.40491,1,0.519043,0.400251,0.599749,1,0.915663,0.238573,0.761427,0,0.272561,0.126773,0.873227,0,0.135559,0.060506,0.939494,0,0.062414,0.136491,0.271821,0.270666,0.179677,0.089457,0.035631,0.011826,0.003365,0.000838,0.000185,4.5e-05,0.115614,0.249437,0.26908,0.193513,0.104376,0.045038,0.016195,0.004992,0.001346,0.000323,8.6e-05,0.863509,0.136491,0.591688,0.408312,0.321023,0.678977,0.141346,0.858654,0.051889,0.948111,0.016259,0.983741,0.884386,0.115614,0.634949,0.365051,0.365869,0.634131,0.172356,0.827644,0.06798,0.93202,0.022941,0.977059,1,0.146751,1,0.122862,1,0.524776,0,1.007718,1,1.136243,0,0.4555,1,1.956544,0,0.189172,0,0.053284,0,0.070401,0,0.016393,0,0.023208
2521,2025/26,20,Raków Częstochowa,Radomiak Radom,1.0,1.0,2.0,2.0,2.2993,4.2993,1,834.1389,0.5811,0.6554,0.1087,0.1113,-0.0853,0.013578,0.058377,0.12549,0.179839,0.193294,0.166205,0.119093,0.073145,0.039309,0.018778,0.008073,0.003155,0.00113,0.000533,0.986422,0.013578,1,0.013671,0.928044,0.071956,1,0.074676,0.802554,0.197446,0,1.62229,0.622715,0.377285,0,0.974755,0.429421,0.570579,0,0.561104,0.263216,0.736784,0,0.305461,0.144123,0.855877,0,0.155629,0.070978,0.929022,0,0.073623,0.135335,0.270671,0.270671,0.180447,0.090224,0.036089,0.01203,0.003437,0.000859,0.000191,4.6e-05,0.100329,0.230687,0.265209,0.203265,0.116842,0.053731,0.020591,0.006763,0.001944,0.000497,0.000143,0.864665,0.135335,0.593994,0.406006,0.323323,0.676677,0.142876,0.857124,0.052653,0.947347,0.016563,0.983437,0.89967,0.10033,0.668983,0.331017,0.403775,0.596225,0.20051,0.79949,0.083668,0.916332,0.029937,0.970063,1,0.145413,1,0.105727,0,0.901387,0,1.105586,0,0.390561,0,0.517137,0,0.154173,0,0.223781,0,0.05409,0,0.087377,0,0.016702,0,0.030394
2522,2025/26,20,Jagiellonia Białystok,Motor Lublin,2.0,1.0,3.0,2.0936,2.2824,4.376,1,834.1389,0.5811,0.6554,0.1087,0.1113,-0.0853,0.012575,0.055029,0.120404,0.175631,0.192143,0.168165,0.12265,0.076674,0.041941,0.020393,0.008924,0.00355,0.001295,0.000626,0.987425,0.012575,1,0.012655,0.932396,0.067604,1,0.069997,0.811992,0.188008,1,0.208264,0.636361,0.363639,0,1.011594,0.444219,0.555781,0,0.58738,0.276054,0.723946,0,0.323038,0.153404,0.846596,0,0.166531,0.076729,0.923271,0,0.079833,0.123243,0.258021,0.270096,0.188491,0.098656,0.041309,0.014414,0.004311,0.001128,0.000262,6.7e-05,0.102039,0.232894,0.265778,0.202204,0.115378,0.052668,0.020035,0.006532,0.001864,0.000473,0.000135,0.876757,0.123243,0.618736,0.381264,0.34864,0.65136,0.160149,0.839851,0.061493,0.938507,0.020183,0.979817,0.89796,0.10204,0.665066,0.334934,0.399288,0.600712,0.197084,0.802916,0.081706,0.918294,0.029038,0.970962,1,0.131525,1,0.10763,1,0.480077,0,1.093822,0,0.428693,0,0.50964,0,0.174531,0,0.219505,0,0.063465,0,0.085238,0,0.020389,0,0.029468
2523,2025/26,20,Piast Gliwice,Wisła Płock,2.0,1.0,3.0,2.0099,2.2963,4.3062,1,834.1389,0.5811,0.6554,0.1087,0.1113,-0.0853,0.013485,0.058069,0.125028,0.179464,0.1932,0.16639,0.119417,0.073462,0.039542,0.018919,0.008147,0.003189,0.001144,0.000541,0.986515,0.013485,1,0.013577,0.928445,0.071555,1,0.074244,0.803417,0.196583,1,0.218881,0.623953,0.376047,0,0.978042,0.430753,0.569247,0,0.563441,0.264362,0.735638,0,0.307018,0.144945,0.855055,0,0.15659,0.071483,0.928517,0,0.074167,0.134002,0.269331,0.270664,0.181336,0.091117,0.036627,0.012269,0.003523,0.000885,0.000198,4.8e-05,0.10063,0.231078,0.265312,0.203079,0.116582,0.053542,0.020491,0.006722,0.001929,0.000492,0.000141,0.865998,0.134002,0.596667,0.403333,0.326003,0.673997,0.144667,0.855333,0.05355,0.94645,0.016923,0.983077,0.899369,0.100631,0.668291,0.331709,0.402979,0.597021,0.1999,0.8001,0.083318,0.916682,0.029776,0.970224,1,0.143873,1,0.106062,1,0.516396,0,1.103497,0,0.39453,0,0.515803,0,0.156264,0,0.223019,0,0.055037,0,0.086995,0,0.017068,0,0.030228
2524,2025/26,21,Wisła Płock,Widzew Łódź,3.0,4.0,7.0,1.9373,2.0368,3.9741,1,846.6712,0.5758,0.6503,0.1031,0.1149,-0.0791,0.018796,0.074697,0.148428,0.196623,0.19535,0.155269,0.102843,0.058387,0.029004,0.012807,0.00509,0.001839,0.000609,0.000257,0.981204,0.018796,1,0.018975,0.906507,0.093493,1,0.098157,0.758079,0.241921,1,0.276968,0.561456,0.438544,1,0.577223,0.366105,0.633895,1,1.004834,0.210836,0.789164,1,1.556673,0.107994,0.892006,1,2.225681,0.049607,0.950393,0,0.05088,0.144092,0.27915,0.270399,0.174615,0.08457,0.032768,0.01058,0.002928,0.000709,0.000153,3.6e-05,0.130445,0.265691,0.27058,0.183706,0.093543,0.038106,0.012936,0.003764,0.000958,0.000217,5.4e-05,0.855907,0.144093,0.576757,0.423243,0.306358,0.693642,0.131743,0.868257,0.047173,0.952827,0.014406,0.985594,0.869554,0.130446,0.603863,0.396137,0.333283,0.666717,0.149577,0.850423,0.056034,0.943966,0.017928,0.982072,1,0.155594,1,0.139775,1,0.550334,1,0.504408,1,1.183001,1,1.098763,0,0.141268,1,1.899944,0,0.048322,0,0.057665,0,0.014511,0,0.018091
2525,2025/26,21,Bruk-Bet Termalica Nieciecza,Górnik Zabrze,1.0,0.0,1.0,1.9975,2.2283,4.2258,1,846.6712,0.5758,0.6503,0.1031,0.1149,-0.0791,0.014613,0.061753,0.130478,0.183793,0.19417,0.164106,0.115581,0.069775,0.036857,0.017306,0.007313,0.002809,0.000989,0.000455,0.985387,0.014613,1,0.014721,0.923634,0.076366,0,2.572219,0.793156,0.206844,0,1.575789,0.609362,0.390638,0,0.939975,0.415192,0.584808,0,0.536472,0.251086,0.748914,0,0.289132,0.135506,0.864494,0,0.14561,0.06573,0.93427,0,0.06799,0.135674,0.271009,0.27067,0.180221,0.089998,0.035954,0.01197,0.003416,0.000853,0.000189,4.6e-05,0.107711,0.240013,0.267411,0.198624,0.110648,0.049312,0.018313,0.00583,0.001624,0.000402,0.000111,0.864326,0.135674,0.593317,0.406683,0.322647,0.677353,0.142425,0.857575,0.052428,0.947572,0.016473,0.983527,0.892288,0.107712,0.652275,0.347725,0.384864,0.615136,0.18624,0.81376,0.075592,0.924408,0.02628,0.97372,1,0.145805,0,2.228294,0,0.899721,0,1.056343,0,0.389563,0,0.485912,0,0.153647,0,0.20609,0,0.053852,0,0.078602,0,0.01661,0,0.026631
2526,2025/26,21,Motor Lublin,Lechia Gdańsk,3.0,7.0,10.0,2.0565,2.28,4.3365,1,846.6712,0.5758,0.6503,0.1031,0.1149,-0.0791,0.013082,0.056731,0.123007,0.177807,0.192765,0.167185,0.120833,0.074856,0.040577,0.019551,0.008478,0.003342,0.001208,0.000577,0.986918,0.013082,1,0.013169,0.930187,0.069813,1,0.07237,0.80718,0.19282,1,0.214209,0.629373,0.370627,1,0.463032,0.436608,0.563392,1,0.82872,0.269423,0.730577,1,1.311474,0.148589,0.851411,1,1.906568,0.073733,0.926267,1,2.607301,0.127901,0.263028,0.270459,0.185399,0.095318,0.039204,0.013437,0.003948,0.001015,0.000232,5.8e-05,0.102284,0.233208,0.265857,0.202051,0.115169,0.052517,0.019957,0.0065,0.001853,0.000469,0.000133,0.872099,0.127901,0.609071,0.390929,0.338612,0.661388,0.153213,0.846787,0.057894,0.942106,0.01869,0.98131,0.897715,0.102285,0.664507,0.335493,0.39865,0.60135,0.196598,0.803402,0.081429,0.918571,0.028912,0.971088,1,0.136852,1,0.107903,1,0.49582,1,0.40871,1,1.0829,1,0.919671,0,0.166306,1,1.626594,0,0.059637,1,2.508024,0,0.018867,1,3.543499
2527,2025/26,21,Zagłębie Lubin,Raków Częstochowa,3.0,3.0,6.0,2.1477,2.3842,4.5319,1,846.6712,0.5758,0.6503,0.1031,0.1149,-0.0791,0.01076,0.048764,0.110498,0.166921,0.189117,0.171412,0.12947,0.083821,0.047483,0.02391,0.010836,0.004464,0.001686,0.000857,0.98924,0.01076,1,0.010819,0.940475,0.059525,1,0.06137,0.829978,0.170022,1,0.186357,0.663056,0.336944,1,0.410895,0.473939,0.526061,1,0.746677,0.302527,0.697473,1,1.195584,0.173057,0.826943,0,0.19002,0.089236,0.910764,0,0.093472,0.116752,0.250749,0.269267,0.192768,0.103502,0.044458,0.015914,0.004883,0.001311,0.000313,8.3e-05,0.092163,0.219734,0.261945,0.208177,0.124084,0.059168,0.023511,0.008008,0.002387,0.000632,0.00019,0.883247,0.116753,0.632498,0.367502,0.363231,0.636769,0.170463,0.829537,0.066961,0.933039,0.022503,0.977497,0.907836,0.092164,0.688102,0.311898,0.426156,0.573844,0.21798,0.78202,0.093896,0.906104,0.034728,0.965272,1,0.12415,1,0.096692,1,0.458078,1,0.373818,1,1.012716,1,0.85295,0,0.186888,0,0.245875,0,0.069308,0,0.098601,0,0.02276,0,0.035345
2528,2025/26,21,Radomiak Radom,Korona Kielce,2.0,4.0,6.0,2.0159,2.1806,4.1965,1,846.6712,0.5758,0.6503,0.1031,0.1149,-0.0791,0.015048,0.06315,0.132504,0.185351,0.194456,0.163207,0.114149,0.068432,0.035897,0.016738,0.007024,0.00268,0.000937,0.000427,0.984952,0.015048,1,0.015163,0.921802,0.078198,1,0.081425,0.789298,0.210702,1,0.236612,0.603947,0.396053,1,0.504269,0.409491,0.590509,1,0.89284,0.246285,0.753715,1,1.401267,0.132135,0.867865,0,0.14172,0.063703,0.936297,0,0.065823,0.1332,0.268519,0.270654,0.18187,0.091658,0.036955,0.012416,0.003576,0.000901,0.000202,4.9e-05,0.112974,0.246351,0.268596,0.195233,0.106432,0.046417,0.016869,0.005255,0.001432,0.000347,9.3e-05,0.866799,0.133201,0.59828,0.40172,0.327627,0.672373,0.145757,0.854243,0.054099,0.945901,0.017144,0.982856,0.887026,0.112974,0.640675,0.359325,0.372079,0.627921,0.176846,0.823154,0.070414,0.929586,0.023997,0.976003,1,0.142948,1,0.119881,1,0.513696,1,0.445233,0,0.396942,1,0.988649,0,0.15754,1,1.732476,0,0.055617,0,0.073016,0,0.017293,0,0.02429
2529,2025/26,21,Pogoń Szczecin,Arka Gdynia,3.0,4.0,7.0,2.0153,2.2237,4.239,1,846.6712,0.5758,0.6503,0.1031,0.1149,-0.0791,0.014422,0.061136,0.129577,0.183091,0.19403,0.164498,0.116217,0.070377,0.037291,0.017564,0.007445,0.002869,0.001014,0.000469,0.985578,0.014422,1,0.014527,0.924442,0.075558,1,0.078565,0.794865,0.205135,1,0.229583,0.611774,0.388226,1,0.491393,0.417744,0.582256,1,0.872887,0.253246,0.746754,1,1.373393,0.137029,0.862971,1,1.987562,0.066652,0.933348,0,0.068977,0.13328,0.2686,0.270655,0.181817,0.091604,0.036922,0.012401,0.00357,0.000899,0.000201,4.9e-05,0.108208,0.240622,0.267536,0.198306,0.110243,0.04903,0.018171,0.005772,0.001605,0.000396,0.000109,0.866719,0.133281,0.598119,0.401881,0.327465,0.672535,0.145648,0.854352,0.054044,0.945956,0.017122,0.982878,0.891791,0.108209,0.651169,0.348831,0.383633,0.616367,0.185327,0.814673,0.075084,0.924916,0.026054,0.973946,1,0.14304,1,0.114523,1,0.513966,1,0.428986,1,1.116374,1,0.958069,0,0.157412,1,1.685633,0,0.055559,0,0.078052,0,0.01727,0,0.026399
2530,2025/26,21,Cracovia,Jagiellonia Białystok,3.0,4.0,7.0,2.0198,2.1746,4.1944,1,846.6712,0.5758,0.6503,0.1031,0.1149,-0.0791,0.01508,0.063252,0.132652,0.185463,0.194475,0.16314,0.114045,0.068335,0.035828,0.016697,0.007003,0.00267,0.000933,0.000425,0.98492,0.01508,1,0.015195,0.921667,0.078333,1,0.081571,0.789016,0.210984,1,0.236969,0.603552,0.396448,1,0.504923,0.409077,0.590923,1,0.893852,0.245937,0.754063,1,1.402679,0.131892,0.868108,1,2.025769,0.063557,0.936443,0,0.065667,0.132682,0.267991,0.270644,0.182216,0.09201,0.037168,0.012512,0.00361,0.000912,0.000205,5e-05,0.113654,0.247151,0.268727,0.194792,0.105898,0.046057,0.016693,0.005186,0.00141,0.000341,9.1e-05,0.867318,0.132682,0.599327,0.400673,0.328682,0.671318,0.146467,0.853533,0.054457,0.945543,0.017289,0.982711,0.886346,0.113654,0.639195,0.360805,0.370467,0.629533,0.175676,0.824324,0.069777,0.930223,0.02372,0.97628,1,0.14235,1,0.120648,1,0.511948,1,0.447546,1,1.112665,1,0.992991,0,0.158371,1,1.739114,0,0.055996,0,0.072331,0,0.01744,0,0.024006
2531,2025/26,21,GKS Katowice,Legia Warszawa,2.0,3.0,5.0,2.0029,2.2432,4.2462,1,846.6712,0.5758,0.6503,0.1031,0.1149,-0.0791,0.014319,0.060801,0.129086,0.182706,0.19395,0.164709,0.116563,0.070707,0.037529,0.017706,0.007518,0.002902,0.001027,0.000476,0.985681,0.014319,1,0.014423,0.92488,0.07512,1,0.078092,0.795794,0.204206,1,0.228415,0.613088,0.386912,1,0.489247,0.419137,0.580863,1,0.869556,0.254429,0.745571,0,0.293604,0.137865,0.862135,0,0.148344,0.067158,0.932842,0,0.06952,0.134943,0.270278,0.27067,0.180708,0.090485,0.036247,0.0121,0.003462,0.000867,0.000193,4.7e-05,0.106118,0.238045,0.266991,0.199638,0.111957,0.050228,0.018779,0.006018,0.001687,0.000421,0.000117,0.865056,0.134944,0.594778,0.405222,0.324108,0.675892,0.1434,0.8566,0.052915,0.947085,0.016668,0.983332,0.893881,0.106119,0.655836,0.344164,0.388845,0.611155,0.189207,0.810793,0.07725,0.92275,0.027022,0.972978,1,0.144961,1,0.112183,1,0.519567,1,0.421845,0,0.391722,1,0.944574,0,0.154784,0,0.209742,0,0.054366,0,0.080397,0,0.016808,0,0.027394
2532,2025/26,21,Lech Poznań,Piast Gliwice,0.0,2.0,2.0,1.9426,2.1247,4.0673,1,846.6712,0.5758,0.6503,0.1031,0.1149,-0.0791,0.017124,0.069647,0.141637,0.192027,0.195257,0.158834,0.107671,0.062562,0.031807,0.014374,0.005846,0.002162,0.000733,0.00032,0.982876,0.017124,1,0.017272,0.91323,0.08677,1,0.090768,0.771593,0.228407,0,1.476626,0.579566,0.420434,0,0.866469,0.384309,0.615691,0,0.48501,0.225475,0.774525,0,0.255505,0.117804,0.882196,0,0.125341,0.055242,0.944758,0,0.056827,0.143331,0.278434,0.270443,0.175121,0.085048,0.033043,0.010698,0.002969,0.000721,0.000156,3.6e-05,0.119469,0.253835,0.269662,0.190984,0.101446,0.043108,0.015265,0.004633,0.001231,0.000291,7.6e-05,0.856669,0.143331,0.578235,0.421765,0.307791,0.692209,0.13267,0.86733,0.047623,0.952377,0.01458,0.98542,0.880531,0.119469,0.626695,0.373305,0.357033,0.642967,0.16605,0.83395,0.064604,0.935396,0.021496,0.978504,0,1.942599,1,0.12723,0,0.863307,1,0.467295,0,0.367867,0,0.441662,0,0.142336,0,0.181582,0,0.048794,0,0.066785,0,0.014687,0,0.02173
2533,2025/26,22,Arka Gdynia,GKS Katowice,4.0,2.0,6.0,1.933,2.2543,4.1874,1,845.9221,0.5627,0.642,0.1041,0.1199,-0.0696,0.015186,0.063591,0.133139,0.185833,0.194537,0.162919,0.1137,0.068015,0.0356,0.016563,0.006936,0.00264,0.000921,0.000419,0.984814,0.015186,1,0.015303,0.921223,0.078777,1,0.082053,0.788084,0.211916,1,0.23815,0.602251,0.397749,1,0.507081,0.407714,0.592286,1,0.897189,0.244795,0.755205,1,1.407336,0.131094,0.868906,0,0.140521,0.06308,0.93692,0,0.065157,0.144713,0.279731,0.27036,0.174202,0.084183,0.032545,0.010485,0.002895,0.0007,0.00015,3.5e-05,0.104947,0.236582,0.266663,0.20038,0.112929,0.050915,0.01913,0.006161,0.001736,0.000435,0.000122,0.855286,0.144714,0.575555,0.424445,0.305195,0.694805,0.130993,0.869007,0.04681,0.95319,0.014265,0.985735,0.895052,0.104948,0.65847,0.34153,0.391807,0.608193,0.191427,0.808573,0.078498,0.921502,0.027583,0.972417,1,0.156319,1,0.110873,1,0.55242,1,0.417836,1,1.186804,0,0.497263,1,2.032611,0,0.212484,0,0.047941,0,0.08175,0,0.014368,0,0.027971
2534,2025/26,22,Legia Warszawa,Wisła Płock,1.0,1.0,2.0,1.8957,2.2027,4.0984,1,845.9221,0.5627,0.642,0.1041,0.1199,-0.0696,0.016599,0.068031,0.139409,0.19045,0.195134,0.159947,0.109254,0.063966,0.03277,0.014923,0.006116,0.002279,0.000778,0.000343,0.983401,0.016599,1,0.016739,0.915369,0.084631,1,0.088428,0.775961,0.224039,0,1.495934,0.585511,0.414489,0,0.880708,0.390376,0.609624,0,0.494913,0.230429,0.769571,0,0.261922,0.121175,0.878825,0,0.129169,0.057209,0.942791,0,0.05891,0.150213,0.284759,0.269909,0.170555,0.08083,0.030646,0.009683,0.002622,0.000621,0.000131,3e-05,0.110504,0.243408,0.268077,0.196831,0.10839,0.04775,0.01753,0.005516,0.001519,0.000372,0.000101,0.849787,0.150213,0.565028,0.434972,0.295119,0.704881,0.124563,0.875437,0.043733,0.956267,0.013087,0.986913,0.889495,0.110505,0.646087,0.353913,0.37801,0.62199,0.181178,0.818822,0.072788,0.927212,0.025038,0.974962,1,0.16277,1,0.117101,0,0.832474,0,1.038704,0,0.349726,0,0.474831,0,0.133032,0,0.199889,0,0.044718,0,0.075573,0,0.013173,0,0.025357
2535,2025/26,22,Lechia Gdańsk,Zagłębie Lubin,2.0,4.0,6.0,1.9633,2.2464,4.2097,1,845.9221,0.5627,0.642,0.1041,0.1199,-0.0696,0.014851,0.062518,0.13159,0.184651,0.194332,0.163616,0.114795,0.069036,0.036328,0.016992,0.007153,0.002738,0.00096,0.00044,0.985149,0.014851,1,0.014962,0.922632,0.077368,1,0.080525,0.791042,0.208958,1,0.234405,0.60639,0.39361,1,0.500232,0.412058,0.587942,1,0.88659,0.248443,0.751557,1,1.392544,0.133647,0.866353,0,0.143463,0.064611,0.935389,0,0.066792,0.140394,0.275636,0.270578,0.177075,0.086913,0.034127,0.011167,0.003132,0.000769,0.000168,4e-05,0.105779,0.237623,0.266898,0.199853,0.112238,0.050426,0.01888,0.006059,0.001701,0.000425,0.000119,0.859605,0.140395,0.583969,0.416031,0.313391,0.686609,0.136315,0.863685,0.049402,0.950598,0.015275,0.984725,0.89422,0.10578,0.656597,0.343403,0.389699,0.610301,0.189846,0.810154,0.077609,0.922391,0.027183,0.972817,1,0.151282,1,0.111803,1,0.537907,1,0.420685,0,0.37599,1,0.942381,0,0.146547,1,1.661542,0,0.050664,0,0.080786,0,0.015393,0,0.027559
2536,2025/26,22,Górnik Zabrze,Pogoń Szczecin,3.0,5.0,8.0,2.0022,2.1563,4.1585,1,845.9221,0.5627,0.642,0.1041,0.1199,-0.0696,0.015631,0.065002,0.135155,0.187347,0.19477,0.16199,0.112273,0.066698,0.03467,0.01602,0.006662,0.002518,0.000873,0.000393,0.984369,0.015631,1,0.015754,0.919367,0.080633,1,0.08407,0.784213,0.215787,1,0.243075,0.596866,0.403134,1,0.516062,0.402096,0.597904,1,0.911064,0.240106,0.759894,1,1.426674,0.127834,0.872166,1,2.057026,0.061136,0.938864,1,2.794658,0.135038,0.270373,0.27067,0.180645,0.090422,0.036209,0.012083,0.003456,0.000865,0.000192,4.7e-05,0.115753,0.249597,0.269103,0.193423,0.104269,0.044967,0.01616,0.004978,0.001342,0.000321,8.5e-05,0.864962,0.135038,0.594589,0.405411,0.323919,0.676081,0.143274,0.856726,0.052852,0.947148,0.016643,0.983357,0.884247,0.115753,0.63465,0.36535,0.365546,0.634454,0.172124,0.827876,0.067854,0.932146,0.022887,0.977113,1,0.14507,1,0.123019,1,0.519885,1,0.454682,1,1.127262,1,1.006363,0,0.154637,1,1.75954,0,0.0543,1,2.690397,0,0.016783,0,0.023153
2537,2025/26,22,Korona Kielce,Lech Poznań,1.0,1.0,2.0,1.9759,2.186,4.162,1,845.9221,0.5627,0.642,0.1041,0.1199,-0.0696,0.015577,0.064831,0.134912,0.187166,0.194744,0.162103,0.112444,0.066856,0.034781,0.016084,0.006694,0.002533,0.000878,0.000396,0.984423,0.015577,1,0.0157,0.919592,0.080408,1,0.083825,0.78468,0.21532,0,1.53563,0.597514,0.402486,0,0.910095,0.40277,0.59723,0,0.515453,0.240667,0.759333,0,0.275314,0.128222,0.871778,0,0.137221,0.061367,0.938633,0,0.06333,0.138636,0.273932,0.270631,0.178247,0.088049,0.034795,0.011459,0.003234,0.000799,0.000175,4.2e-05,0.112365,0.245631,0.268474,0.195628,0.106911,0.046741,0.017029,0.005318,0.001453,0.000353,9.5e-05,0.861363,0.138637,0.587432,0.412568,0.316801,0.683199,0.138554,0.861446,0.050505,0.949495,0.015709,0.984291,0.887634,0.112366,0.642004,0.357996,0.373529,0.626471,0.177901,0.822099,0.07099,0.92901,0.024249,0.975751,1,0.149239,1,0.119196,0,0.885354,0,1.027233,0,0.380969,0,0.467653,0,0.149143,0,0.195894,0,0.051825,0,0.073636,0,0.015834,0,0.024548
2538,2025/26,22,Raków Częstochowa,Bruk-Bet Termalica Nieciecza,0.0,3.0,3.0,1.911,2.2951,4.2061,1,845.9221,0.5627,0.642,0.1041,0.1199,-0.0696,0.014905,0.062691,0.131841,0.184844,0.194367,0.163504,0.114618,0.06887,0.036209,0.016922,0.007118,0.002722,0.000954,0.000436,0.985095,0.014905,1,0.015017,0.922405,0.077595,1,0.080771,0.790564,0.209436,1,0.235009,0.60572,0.39428,0,0.930695,0.411354,0.588646,0,0.52993,0.24785,0.75215,0,0.284819,0.133231,0.866769,0,0.142983,0.064361,0.935639,0,0.066525,0.147932,0.282699,0.270119,0.172066,0.082204,0.031418,0.010007,0.002732,0.000653,0.000139,3.2e-05,0.100751,0.231234,0.265353,0.203004,0.116479,0.053466,0.020452,0.006706,0.001924,0.000491,0.000141,0.852067,0.147933,0.569369,0.430631,0.29925,0.70075,0.127184,0.872816,0.04498,0.95502,0.013562,0.986438,0.899248,0.100752,0.668013,0.331987,0.40266,0.59734,0.199657,0.800343,0.083178,0.916822,0.029712,0.970288,0,1.910996,1,0.106196,0,0.842504,1,0.403448,0,0.355604,1,0.909663,0,0.136031,0,0.222715,0,0.046023,0,0.086842,0,0.013655,0,0.030162
2539,2025/26,22,Jagiellonia Białystok,Radomiak Radom,3.0,5.0,8.0,2.0127,2.241,4.2536,1,845.9221,0.5627,0.642,0.1041,0.1199,-0.0696,0.014213,0.060456,0.128578,0.182307,0.193865,0.164925,0.116921,0.071048,0.037776,0.017854,0.007594,0.002937,0.001041,0.000484,0.985787,0.014213,1,0.014315,0.925331,0.074669,1,0.077604,0.796753,0.203247,1,0.22721,0.614447,0.385553,1,0.487033,0.420581,0.579419,1,0.866118,0.255656,0.744344,1,1.363924,0.138734,0.861266,1,1.975194,0.067686,0.932314,1,2.692874,0.133627,0.268952,0.27066,0.181586,0.091369,0.03678,0.012338,0.003547,0.000892,0.0002,4.9e-05,0.106352,0.238335,0.267054,0.19949,0.111764,0.050093,0.01871,0.00599,0.001678,0.000418,0.000116,0.866372,0.133628,0.597421,0.402579,0.326761,0.673239,0.145175,0.854825,0.053806,0.946194,0.017026,0.982974,0.893647,0.106353,0.655312,0.344688,0.388258,0.611742,0.188768,0.811232,0.077004,0.922996,0.026911,0.973089,1,0.143441,1,0.112444,1,0.515133,1,0.422644,1,1.118526,1,0.946085,0,0.156859,1,1.667237,0,0.055308,1,2.563898,0,0.017173,0,0.02728
2540,2025/26,22,Piast Gliwice,Motor Lublin,3.0,1.0,4.0,2.1231,2.2922,4.4153,1,845.9221,0.5627,0.642,0.1041,0.1199,-0.0696,0.012091,0.053384,0.117855,0.173455,0.191465,0.169075,0.12442,0.078479,0.043314,0.021249,0.009382,0.003766,0.001386,0.000679,0.987909,0.012091,1,0.012164,0.934525,0.065475,1,0.067717,0.81667,0.18333,1,0.20252,0.643215,0.356785,1,0.441276,0.45175,0.54825,0,0.601025,0.282675,0.717325,0,0.332226,0.158255,0.841745,0,0.172278,0.079776,0.920224,0,0.083138,0.11966,0.25405,0.269687,0.190858,0.101302,0.043015,0.015221,0.004616,0.001225,0.000289,7.5e-05,0.101044,0.231613,0.265452,0.202823,0.116228,0.053283,0.020356,0.006666,0.00191,0.000486,0.000139,0.880339,0.119661,0.626289,0.373711,0.356602,0.643398,0.165744,0.834256,0.064442,0.935558,0.021427,0.978573,0.898955,0.101045,0.667342,0.332658,0.401891,0.598109,0.199068,0.800932,0.082841,0.917159,0.029557,0.970443,1,0.127448,1,0.106522,1,0.467943,0,1.10064,1,1.031135,0,0.513982,0,0.181215,0,0.221979,0,0.066612,0,0.086474,0,0.02166,0,0.030003
2541,2025/26,22,Widzew Łódź,Cracovia,5.0,4.0,9.0,1.8904,2.2902,4.1806,1,845.9221,0.5627,0.642,0.1041,0.1199,-0.0696,0.015289,0.063919,0.133609,0.186189,0.194595,0.162705,0.113367,0.067706,0.035381,0.016435,0.006871,0.002611,0.00091,0.000413,0.984711,0.015289,1,0.015407,0.920792,0.079208,1,0.082521,0.787183,0.212817,1,0.239295,0.600994,0.399006,1,0.509171,0.406399,0.593601,1,0.900421,0.243694,0.756306,1,1.411842,0.130327,0.869673,1,2.03771,0.062621,0.937379,1,2.770657,0.151011,0.285472,0.269828,0.170028,0.080355,0.030381,0.009572,0.002585,0.000611,0.000128,2.9e-05,0.101246,0.231874,0.265519,0.202697,0.116054,0.053158,0.02029,0.006638,0.0019,0.000484,0.000138,0.848988,0.151012,0.563517,0.436483,0.293688,0.706312,0.123661,0.876339,0.043306,0.956694,0.012925,0.987075,0.898753,0.101247,0.666879,0.333121,0.40136,0.59864,0.198663,0.801337,0.082608,0.917392,0.029451,0.970549,1,0.16371,1,0.106747,1,0.573558,1,0.405147,1,1.225237,1,0.912896,1,2.090211,1,1.616145,1,3.139464,0,0.08622,0,0.013009,0,0.029893
2542,2025/26,23,Arka Gdynia,Lechia Gdańsk,0.0,1.0,1.0,2.0412,2.3337,4.375,1,847.8842,0.5548,0.6349,0.1027,0.1194,-0.0564,0.012588,0.055074,0.120474,0.17569,0.19216,0.168139,0.122601,0.076625,0.041904,0.02037,0.008912,0.003544,0.001292,0.000625,0.987412,0.012588,1,0.012668,0.932337,0.067663,0,2.693222,0.811863,0.188137,0,1.670587,0.636173,0.363827,0,1.011077,0.444013,0.555987,0,0.58701,0.275873,0.724127,0,0.322789,0.153273,0.846727,0,0.166376,0.076647,0.923353,0,0.079744,0.129873,0.265096,0.270557,0.184087,0.09394,0.03835,0.013047,0.003804,0.000971,0.00022,5.5e-05,0.096936,0.226221,0.263965,0.205339,0.1198,0.055915,0.021748,0.007251,0.002115,0.000548,0.00016,0.870127,0.129873,0.605031,0.394969,0.334473,0.665527,0.150386,0.849614,0.056447,0.943553,0.018097,0.981903,0.903062,0.096938,0.676842,0.323158,0.412877,0.587123,0.207538,0.792462,0.087738,0.912262,0.031823,0.968177,0,2.041198,1,0.101964,0,0.928948,0,1.129614,0,0.407176,0,0.532521,0,0.162973,0,0.232611,0,0.058103,0,0.091828,0,0.018263,0,0.03234
2543,2025/26,23,Bruk-Bet Termalica Nieciecza,Radomiak Radom,2.0,1.0,3.0,1.956,2.1814,4.1375,1,847.8842,0.5548,0.6349,0.1027,0.1194,-0.0564,0.015963,0.066047,0.136634,0.18844,0.194916,0.161292,0.111223,0.065741,0.034,0.01563,0.006467,0.002432,0.000839,0.000375,0.984037,0.015963,1,0.016092,0.91799,0.08201,1,0.085569,0.781355,0.218645,1,0.246725,0.592916,0.407084,0,0.898735,0.397999,0.602001,0,0.507497,0.236707,0.763293,0,0.270114,0.125484,0.874516,0,0.134085,0.059743,0.940257,0,0.061602,0.141423,0.276623,0.270538,0.176391,0.086255,0.033743,0.011,0.003074,0.000752,0.000163,3.9e-05,0.112883,0.246244,0.268578,0.195292,0.106503,0.046465,0.016893,0.005264,0.001435,0.000348,9.4e-05,0.858577,0.141423,0.581954,0.418046,0.311416,0.688584,0.135025,0.864975,0.04877,0.95123,0.015027,0.984973,0.887116,0.112884,0.640872,0.359128,0.372294,0.627706,0.177002,0.822998,0.070499,0.929501,0.024035,0.975965,1,0.152479,1,0.11978,1,0.541364,0,1.024076,0,0.373118,0,0.465683,0,0.145055,0,0.194802,0,0.049999,0,0.073107,0,0.015141,0,0.024329
2544,2025/26,23,Motor Lublin,Korona Kielce,4.0,1.0,5.0,2.0403,2.3739,4.4142,1,847.8842,0.5548,0.6349,0.1027,0.1194,-0.0564,0.012105,0.053432,0.117929,0.173519,0.191485,0.16905,0.124369,0.078426,0.043273,0.021224,0.009369,0.00376,0.001383,0.000677,0.987895,0.012105,1,0.012179,0.934463,0.065537,1,0.067783,0.816534,0.183466,1,0.202686,0.643015,0.356985,1,0.441587,0.45153,0.54847,1,0.795114,0.28248,0.71752,0,0.331955,0.158112,0.841888,0,0.172108,0.079685,0.920315,0,0.08304,0.12999,0.265218,0.270562,0.184009,0.093859,0.0383,0.013024,0.003796,0.000968,0.000219,5.4e-05,0.093117,0.22105,0.262375,0.207618,0.123216,0.0585,0.023146,0.007849,0.002329,0.000614,0.000184,0.87001,0.12999,0.604792,0.395208,0.33423,0.66577,0.150221,0.849779,0.056362,0.943638,0.018062,0.981938,0.906882,0.093118,0.685832,0.314168,0.423456,0.576544,0.215839,0.784161,0.092623,0.907377,0.034122,0.965878,1,0.139251,1,0.097743,1,0.502871,0,1.157827,1,1.095926,0,0.550704,1,1.895648,0,0.243141,0,0.058013,0,0.097197,0,0.018227,0,0.034718
2545,2025/26,23,Zagłębie Lubin,Wisła Płock,1.0,1.0,2.0,1.963,2.3061,4.2691,1,847.8842,0.5548,0.6349,0.1027,0.1194,-0.0564,0.013995,0.059744,0.127526,0.181473,0.193681,0.165369,0.117662,0.071758,0.038293,0.018164,0.007754,0.003009,0.001071,0.0005,0.986005,0.013995,1,0.014093,0.926261,0.073739,1,0.076599,0.798735,0.201265,0,1.603134,0.617262,0.382738,0,0.960404,0.42358,0.57642,0,0.550919,0.258212,0.741788,0,0.298692,0.14055,0.85945,0,0.151462,0.068791,0.931209,0,0.071272,0.140436,0.275677,0.270577,0.177047,0.086886,0.034111,0.01116,0.00313,0.000768,0.000167,4e-05,0.099649,0.229801,0.264972,0.203684,0.117429,0.054161,0.020817,0.006858,0.001977,0.000507,0.000146,0.859563,0.140437,0.583887,0.416113,0.31331,0.68669,0.136262,0.863738,0.049376,0.950624,0.015265,0.984735,0.90035,0.09965,0.670549,0.329451,0.405577,0.594423,0.201893,0.798107,0.084464,0.915536,0.030304,0.969696,1,0.151331,1,0.104972,0,0.876798,0,1.110328,0,0.375872,0,0.520164,0,0.146486,0,0.225513,0,0.050637,0,0.088246,0,0.015383,0,0.030773
2546,2025/26,23,Pogoń Szczecin,Widzew Łódź,3.0,2.0,5.0,2.0709,2.2128,4.2837,1,847.8842,0.5548,0.6349,0.1027,0.1194,-0.0564,0.013791,0.059078,0.126537,0.180683,0.193498,0.165778,0.118358,0.07243,0.038784,0.01846,0.007908,0.003079,0.001099,0.000516,0.986209,0.013791,1,0.013887,0.92713,0.07287,1,0.075661,0.800593,0.199407,1,0.222402,0.619911,0.380089,1,0.47818,0.426412,0.573588,1,0.852349,0.260634,0.739366,0,0.301962,0.142276,0.857724,0,0.153473,0.069846,0.930154,0,0.072405,0.126072,0.261083,0.270338,0.186615,0.096615,0.040016,0.013812,0.004086,0.001058,0.000243,6.2e-05,0.109394,0.242067,0.267823,0.197546,0.109282,0.048364,0.017837,0.005638,0.00156,0.000383,0.000105,0.873927,0.126073,0.612844,0.387156,0.342506,0.657494,0.155891,0.844109,0.059276,0.940724,0.01926,0.98074,0.890605,0.109395,0.648539,0.351461,0.380716,0.619284,0.18317,0.81683,0.073887,0.926113,0.025523,0.974477,1,0.134758,1,0.115854,1,0.489645,1,0.433033,1,1.071466,0,0.479191,0,0.169474,0,0.202324,0,0.061105,0,0.076759,0,0.019448,0,0.025854
2547,2025/26,23,Cracovia,Piast Gliwice,3.0,1.0,4.0,1.9375,2.2279,4.1655,1,847.8842,0.5548,0.6349,0.1027,0.1194,-0.0564,0.015522,0.064658,0.134665,0.186982,0.194717,0.162218,0.112619,0.067016,0.034894,0.01615,0.006727,0.002547,0.000884,0.000399,0.984478,0.015522,1,0.015644,0.91982,0.08018,1,0.083578,0.785154,0.214846,1,0.241875,0.598172,0.401828,1,0.513876,0.403455,0.596545,0,0.516601,0.241237,0.758763,0,0.276066,0.128618,0.871382,0,0.137675,0.061602,0.938398,0,0.063581,0.144064,0.279123,0.270401,0.174634,0.084588,0.032778,0.010585,0.00293,0.00071,0.000153,3.6e-05,0.107754,0.240066,0.267422,0.198596,0.110613,0.049287,0.018301,0.005825,0.001622,0.000402,0.000111,0.855936,0.144064,0.576813,0.423187,0.306412,0.693588,0.131778,0.868222,0.04719,0.95281,0.014412,0.985588,0.892245,0.107755,0.652179,0.347821,0.384757,0.615243,0.186161,0.813839,0.075547,0.924453,0.02626,0.97374,1,0.15556,1,0.114015,1,0.550237,0,1.056067,1,1.182825,0,0.485738,0,0.141308,0,0.205993,0,0.04834,0,0.078553,0,0.014517,0,0.026611
2548,2025/26,23,GKS Katowice,Górnik Zabrze,3.0,1.0,4.0,2.092,2.2409,4.3329,1,847.8842,0.5548,0.6349,0.1027,0.1194,-0.0564,0.013129,0.056887,0.123245,0.178003,0.192818,0.167093,0.120667,0.074692,0.040454,0.019476,0.008439,0.003324,0.0012,0.000572,0.986871,0.013129,1,0.013216,0.929983,0.070017,1,0.072589,0.806739,0.193261,1,0.214755,0.628736,0.371264,1,0.464044,0.435918,0.564082,0,0.572555,0.268824,0.731176,0,0.313101,0.148157,0.851843,0,0.160353,0.073466,0.926534,0,0.076304,0.12344,0.258236,0.270115,0.18836,0.098513,0.041218,0.014371,0.004295,0.001123,0.000261,6.7e-05,0.106363,0.238348,0.267057,0.199483,0.111755,0.050086,0.018706,0.005988,0.001677,0.000418,0.000116,0.87656,0.12344,0.618323,0.381677,0.348208,0.651792,0.159847,0.840153,0.061335,0.938665,0.020117,0.979883,0.893637,0.106363,0.655288,0.344712,0.388231,0.611769,0.188748,0.811252,0.076993,0.923007,0.026906,0.973094,1,0.13175,1,0.112456,1,0.480744,0,1.065046,1,1.054955,0,0.491401,0,0.174171,0,0.209177,0,0.063297,0,0.080118,0,0.020322,0,0.027275
2549,2025/26,23,Lech Poznań,Raków Częstochowa,4.0,1.0,5.0,2.0696,2.2562,4.3258,1,847.8842,0.5548,0.6349,0.1027,0.1194,-0.0564,0.013223,0.057199,0.123716,0.178391,0.192922,0.16691,0.120337,0.074366,0.040212,0.019328,0.008361,0.003288,0.001185,0.000564,0.986777,0.013223,1,0.013311,0.929579,0.070421,1,0.073024,0.805863,0.194137,1,0.215841,0.627472,0.372528,1,0.466056,0.43455,0.56545,1,0.833445,0.26764,0.73236,0,0.311483,0.147303,0.852697,0,0.159351,0.072937,0.927063,0,0.075734,0.126236,0.261259,0.27035,0.186506,0.096498,0.039942,0.013777,0.004073,0.001054,0.000242,6.1e-05,0.104748,0.236332,0.266606,0.200506,0.113095,0.051033,0.01919,0.006185,0.001744,0.000437,0.000123,0.873763,0.126237,0.612505,0.387495,0.342154,0.657846,0.155649,0.844351,0.059151,0.940849,0.019208,0.980792,0.895251,0.104749,0.65892,0.34108,0.392313,0.607687,0.191808,0.808192,0.078713,0.921287,0.02768,0.97232,1,0.134946,1,0.110651,1,0.490198,0,1.075638,1,1.072494,0,0.498095,1,1.860152,0,0.212956,0,0.060973,0,0.081984,0,0.019395,0,0.02807
2550,2025/26,23,Jagiellonia Białystok,Legia Warszawa,1.0,0.0,1.0,2.0159,2.2743,4.2902,1,847.8842,0.5548,0.6349,0.1027,0.1194,-0.0564,0.013702,0.058784,0.126098,0.18033,0.193414,0.165958,0.118666,0.07273,0.039003,0.018593,0.007977,0.003111,0.001112,0.000523,0.986298,0.013702,1,0.013796,0.927515,0.072485,0,2.62437,0.801417,0.198583,0,1.616547,0.621087,0.378913,0,0.970449,0.427673,0.572327,0,0.558045,0.261715,0.738285,0,0.303425,0.143048,0.856952,0,0.154374,0.070319,0.929681,0,0.072914,0.1332,0.268519,0.270654,0.18187,0.091658,0.036955,0.012416,0.003576,0.000901,0.000202,4.9e-05,0.102869,0.233955,0.266042,0.201686,0.114674,0.05216,0.019771,0.006424,0.001826,0.000461,0.000131,0.866799,0.133201,0.59828,0.40172,0.327627,0.672373,0.145757,0.854243,0.054099,0.945901,0.017144,0.982856,0.89713,0.10287,0.663176,0.336824,0.397134,0.602866,0.195448,0.804552,0.080774,0.919226,0.028614,0.971386,1,0.142948,0,2.274289,0,0.912,0,1.088195,0,0.396942,0,0.50606,0,0.15754,0,0.21747,0,0.055617,0,0.084223,0,0.017293,0,0.029031
2551,2025/26,24,Wisła Płock,Arka Gdynia,2.0,1.0,3.0,1.9552,2.1941,4.1494,1,864.2348,0.5637,0.6364,0.0965,0.1182,-0.0571,0.015775,0.065454,0.135796,0.187823,0.194836,0.161689,0.111817,0.066282,0.034378,0.01585,0.006577,0.002481,0.000858,0.000385,0.984225,0.015775,1,0.0159,0.918771,0.081229,1,0.084718,0.782975,0.217025,1,0.244655,0.595152,0.404848,0,0.904244,0.400316,0.599684,0,0.511353,0.238627,0.761373,0,0.272632,0.12681,0.87319,0,0.135602,0.060528,0.939472,0,0.062437,0.141536,0.276732,0.270533,0.176315,0.086183,0.033701,0.010982,0.003067,0.00075,0.000163,3.8e-05,0.111459,0.244552,0.268286,0.196215,0.107629,0.04723,0.017271,0.005414,0.001485,0.000362,9.8e-05,0.858464,0.141536,0.581732,0.418268,0.311199,0.688801,0.134884,0.865116,0.048701,0.951299,0.015,0.985,0.888541,0.111459,0.643989,0.356011,0.375703,0.624297,0.179488,0.820512,0.071859,0.928141,0.024629,0.975371,1,0.152611,1,0.118174,1,0.541745,0,1.032794,0,0.372803,0,0.471129,0,0.144892,0,0.197827,0,0.049927,0,0.074572,0,0.015114,0,0.024937
2552,2025/26,24,Legia Warszawa,Cracovia,1.0,3.0,4.0,1.9033,2.1798,4.0831,1,864.2348,0.5637,0.6364,0.0965,0.1182,-0.0571,0.016856,0.068823,0.140504,0.191229,0.195201,0.159404,0.108476,0.063274,0.032294,0.014651,0.005982,0.00222,0.000756,0.000332,0.983144,0.016856,1,0.016999,0.914322,0.085678,1,0.089573,0.773817,0.226183,1,0.256419,0.582588,0.417412,1,0.540275,0.387387,0.612613,0,0.490022,0.227984,0.772016,0,0.25875,0.119508,0.880492,0,0.127274,0.056234,0.943766,0,0.057877,0.149076,0.283736,0.270017,0.171308,0.081513,0.031029,0.009843,0.002676,0.000637,0.000135,3.1e-05,0.113064,0.246457,0.268614,0.195175,0.10636,0.046369,0.016846,0.005246,0.001429,0.000346,9.3e-05,0.850924,0.149076,0.567188,0.432812,0.297171,0.702829,0.125862,0.874138,0.04435,0.95565,0.013321,0.986679,0.886935,0.113065,0.640478,0.359522,0.371864,0.628136,0.17669,0.82331,0.070329,0.929671,0.02396,0.97604,1,0.161432,1,0.119984,0,0.837452,1,0.445541,0,0.352642,1,0.989227,0,0.134517,0,0.194422,0,0.045364,0,0.072925,0,0.013411,0,0.024252
2553,2025/26,24,Lechia Gdańsk,Jagiellonia Białystok,1.0,2.0,3.0,1.9851,2.2633,4.2484,1,864.2348,0.5637,0.6364,0.0965,0.1182,-0.0571,0.014288,0.060699,0.128936,0.182588,0.193925,0.164773,0.116669,0.070808,0.037602,0.01775,0.007541,0.002912,0.001031,0.000478,0.985712,0.014288,1,0.014391,0.925013,0.074987,1,0.077947,0.796078,0.203922,1,0.228058,0.613489,0.386511,0,0.950596,0.419564,0.580436,0,0.543976,0.254791,0.745209,0,0.29409,0.138122,0.861878,0,0.148641,0.067314,0.932686,0,0.069687,0.137367,0.272687,0.270655,0.179093,0.088879,0.035287,0.011675,0.003311,0.000822,0.000181,4.4e-05,0.104007,0.235398,0.266389,0.200972,0.113715,0.051474,0.019417,0.006278,0.001776,0.000447,0.000126,0.862633,0.137367,0.589946,0.410054,0.31929,0.68071,0.140198,0.859802,0.051319,0.948681,0.016032,0.983968,0.895992,0.104008,0.660594,0.339406,0.394206,0.605794,0.193233,0.806767,0.079518,0.920482,0.028044,0.971956,1,0.147766,1,0.109824,0,0.891466,1,0.414616,0,0.384619,0,0.501215,0,0.151053,0,0.21472,0,0.052683,0,0.082858,0,0.016162,0,0.028445
2554,2025/26,24,Motor Lublin,Górnik Zabrze,0.0,0.0,0.0,2.0905,2.3317,4.4223,1,864.2348,0.5637,0.6364,0.0965,0.1182,-0.0571,0.012007,0.053097,0.117405,0.173067,0.191338,0.169231,0.124731,0.0788,0.043559,0.021404,0.009465,0.003805,0.001402,0.000688,0.987993,0.012007,0,4.422291,0.934896,0.065104,0,2.731772,0.817491,0.182509,0,1.700955,0.644424,0.355576,0,1.034016,0.453086,0.546914,0,0.603463,0.283855,0.716145,0,0.333873,0.159124,0.840876,0,0.173311,0.080324,0.919676,0,0.083734,0.123625,0.258439,0.270133,0.188238,0.098378,0.041132,0.014331,0.00428,0.001118,0.00026,6.6e-05,0.09713,0.226479,0.264041,0.205221,0.119629,0.055788,0.02168,0.007222,0.002105,0.000545,0.000159,0.876374,0.123626,0.617936,0.382064,0.347803,0.652197,0.159565,0.840435,0.061187,0.938813,0.020055,0.979945,0.902868,0.097132,0.676389,0.323611,0.412349,0.587651,0.207127,0.792873,0.087499,0.912501,0.031711,0.968289,0,2.090494,0,2.331684,0,0.962167,0,1.128213,0,0.427409,0,0.531622,0,0.173836,0,0.232092,0,0.063139,0,0.091566,0,0.020259,0,0.032225
2555,2025/26,24,Radomiak Radom,GKS Katowice,2.0,4.0,6.0,1.9935,2.2027,4.1961,1,864.2348,0.5637,0.6364,0.0965,0.1182,-0.0571,0.015054,0.063168,0.13253,0.185371,0.194459,0.163195,0.114131,0.068415,0.035885,0.016731,0.00702,0.002678,0.000936,0.000427,0.984946,0.015054,1,0.015168,0.921778,0.078222,1,0.081451,0.789248,0.210752,1,0.236675,0.603877,0.396123,1,0.504385,0.409418,0.590582,1,0.893019,0.246223,0.753777,1,1.401518,0.132092,0.867908,0,0.14167,0.063677,0.936323,0,0.065795,0.136218,0.27155,0.270668,0.179859,0.089637,0.035738,0.011874,0.003382,0.000843,0.000187,4.5e-05,0.110504,0.243408,0.268077,0.196831,0.10839,0.04775,0.01753,0.005516,0.001519,0.000372,0.000101,0.863782,0.136218,0.592232,0.407768,0.321564,0.678436,0.141705,0.858295,0.052068,0.947932,0.01633,0.98367,0.889495,0.110505,0.646087,0.353913,0.37801,0.62199,0.181178,0.818822,0.072788,0.927212,0.025038,0.974962,1,0.146435,1,0.117101,1,0.523857,1,0.436821,0,0.387965,1,0.972835,0,0.152807,1,1.708275,0,0.053473,0,0.075573,0,0.016465,0,0.025357
2556,2025/26,24,Korona Kielce,Bruk-Bet Termalica Nieciecza,1.0,0.0,1.0,1.9006,2.133,4.0336,1,864.2348,0.5637,0.6364,0.0965,0.1182,-0.0571,0.017711,0.071438,0.144075,0.193713,0.195339,0.157583,0.105938,0.061044,0.030778,0.013794,0.005564,0.00204,0.000686,0.000296,0.982289,0.017711,1,0.01787,0.910851,0.089149,0,2.417449,0.766776,0.233224,0,1.455756,0.573063,0.426937,0,0.851118,0.377723,0.622277,0,0.47437,0.22014,0.77986,0,0.248641,0.114202,0.885798,0,0.121267,0.053158,0.946842,0,0.054623,0.149479,0.2841,0.26998,0.171041,0.08127,0.030892,0.009786,0.002657,0.000631,0.000133,3e-05,0.118481,0.252721,0.269527,0.191633,0.102189,0.043594,0.015498,0.004722,0.001259,0.000298,7.8e-05,0.850521,0.149479,0.566421,0.433579,0.296442,0.703558,0.1254,0.8746,0.04413,0.95587,0.013238,0.986762,0.881518,0.118482,0.628798,0.371202,0.359271,0.640729,0.167638,0.832362,0.065449,0.934551,0.021856,0.978144,1,0.161906,0,2.132994,0,0.835681,0,0.991009,0,0.351605,0,0.445149,0,0.133989,0,0.183488,0,0.045133,0,0.067689,0,0.013326,0,0.022098
2557,2025/26,24,Raków Częstochowa,Pogoń Szczecin,0.0,3.0,3.0,1.8829,2.2095,4.0924,1,864.2348,0.5637,0.6364,0.0965,0.1182,-0.0571,0.016699,0.068338,0.139835,0.190754,0.195162,0.159737,0.108952,0.063696,0.032584,0.014816,0.006064,0.002256,0.000769,0.000339,0.983301,0.016699,1,0.01684,0.914963,0.085037,1,0.088872,0.775128,0.224872,1,0.254727,0.584374,0.415626,0,0.877969,0.389212,0.610788,0,0.493006,0.229476,0.770524,0,0.260684,0.120524,0.879476,0,0.128429,0.056828,0.943172,0,0.058506,0.152148,0.28648,0.269707,0.169277,0.079683,0.030007,0.009417,0.002533,0.000596,0.000125,2.8e-05,0.109756,0.242505,0.267907,0.197314,0.108991,0.048163,0.017736,0.005598,0.001546,0.00038,0.000104,0.847852,0.152148,0.561372,0.438628,0.291665,0.708335,0.122388,0.877612,0.042706,0.957294,0.012699,0.987301,0.890244,0.109756,0.647739,0.352261,0.379832,0.620168,0.182518,0.817482,0.073527,0.926473,0.025364,0.974636,0,1.882902,1,0.11626,0,0.824104,1,0.434267,0,0.344838,1,0.968026,0,0.130551,0,0.201526,0,0.043645,0,0.07637,0,0.01278,0,0.025691
2558,2025/26,24,Piast Gliwice,Zagłębie Lubin,1.0,3.0,4.0,2.0246,2.2056,4.2302,1,864.2348,0.5637,0.6364,0.0965,0.1182,-0.0571,0.01455,0.061549,0.130182,0.183563,0.194125,0.164235,0.11579,0.069973,0.036999,0.01739,0.007356,0.002829,0.000997,0.00046,0.98545,0.01455,1,0.014657,0.9239,0.0761,1,0.079151,0.793718,0.206282,1,0.231026,0.610155,0.389845,1,0.494041,0.416031,0.583969,0,0.537907,0.251795,0.748205,0,0.290079,0.136005,0.863995,0,0.146188,0.066032,0.933968,0,0.068313,0.132047,0.267342,0.27063,0.182639,0.092443,0.037432,0.012631,0.003653,0.000925,0.000208,5.1e-05,0.110184,0.243023,0.268005,0.197038,0.108647,0.047926,0.017618,0.005551,0.00153,0.000375,0.000102,0.867953,0.132047,0.600611,0.399389,0.329982,0.670018,0.147342,0.852658,0.0549,0.9451,0.017468,0.982532,0.889815,0.110185,0.646792,0.353208,0.378787,0.621213,0.181749,0.818251,0.073103,0.926897,0.025177,0.974823,1,0.141618,1,0.116742,0,0.917819,1,0.435731,0,0.400451,1,0.970781,0,0.159397,0,0.200586,0,0.056465,0,0.075913,0,0.017622,0,0.025499
2559,2025/26,24,Widzew Łódź,Lech Poznań,3.0,2.0,5.0,1.9634,2.3192,4.2826,1,864.2348,0.5637,0.6364,0.0965,0.1182,-0.0571,0.013807,0.05913,0.126615,0.180745,0.193513,0.165746,0.118303,0.072377,0.038745,0.018436,0.007896,0.003074,0.001097,0.000515,0.986193,0.013807,1,0.013903,0.927062,0.072938,1,0.075734,0.800448,0.199552,1,0.222584,0.619703,0.380297,1,0.478516,0.42619,0.57381,1,0.852871,0.260443,0.739557,0,0.301704,0.14214,0.85786,0,0.153314,0.069763,0.930237,0,0.072315,0.14038,0.275623,0.270579,0.177085,0.086922,0.034133,0.011169,0.003133,0.000769,0.000168,4e-05,0.098352,0.228099,0.264503,0.204478,0.118557,0.054991,0.021256,0.007042,0.002042,0.000526,0.000153,0.85962,0.14038,0.583997,0.416003,0.313418,0.686582,0.136333,0.863667,0.049411,0.950589,0.015279,0.984721,0.901647,0.098353,0.673548,0.326452,0.409045,0.590955,0.204567,0.795433,0.08601,0.91399,0.031019,0.968981,1,0.151265,1,0.103532,1,0.537859,1,0.395196,1,1.160218,0,0.526015,0,0.146568,0,0.228869,0,0.050673,0,0.089936,0,0.015397,0,0.03151
2560,2025/26,25,Arka Gdynia,Widzew Łódź,2.0,1.0,3.0,2.003,2.2866,4.2896,1,880.1694,0.5467,0.6224,0.0936,0.1216,-0.0436,0.01371,0.058811,0.126139,0.180363,0.193422,0.165941,0.118638,0.072702,0.038983,0.01858,0.00797,0.003108,0.001111,0.000522,0.98629,0.01371,1,0.013805,0.927479,0.072521,1,0.075285,0.80134,0.19866,1,0.22147,0.620977,0.379023,0,0.97016,0.427556,0.572444,0,0.55784,0.261614,0.738386,0,0.303289,0.142976,0.857024,0,0.15429,0.070275,0.929725,0,0.072866,0.13493,0.270265,0.27067,0.180717,0.090494,0.036252,0.012102,0.003463,0.000867,0.000193,4.7e-05,0.101611,0.232345,0.265639,0.20247,0.115742,0.052931,0.020172,0.006589,0.001883,0.000479,0.000136,0.86507,0.13493,0.594805,0.405195,0.324135,0.675865,0.143418,0.856582,0.052924,0.947076,0.016672,0.983328,0.898388,0.101612,0.666043,0.333957,0.400404,0.599596,0.197933,0.802067,0.082191,0.917809,0.02926,0.97074,1,0.144945,1,0.107153,1,0.519522,0,1.096743,0,0.391762,0,0.511499,0,0.154805,0,0.220563,0,0.054376,0,0.085766,0,0.016813,0,0.029697
2561,2025/26,25,Bruk-Bet Termalica Nieciecza,Motor Lublin,3.0,6.0,9.0,2.06,2.1671,4.2271,1,880.1694,0.5467,0.6224,0.0936,0.1216,-0.0436,0.014595,0.061693,0.130392,0.183726,0.194157,0.164144,0.115642,0.069833,0.036899,0.01733,0.007326,0.002815,0.000992,0.000457,0.985405,0.014595,1,0.014702,0.923712,0.076288,1,0.079355,0.79332,0.20668,1,0.231528,0.609594,0.390406,1,0.494962,0.415437,0.584563,1,0.878424,0.251293,0.748707,1,1.381134,0.135651,0.864349,1,1.997667,0.065819,0.934181,1,2.720854,0.127454,0.262555,0.270432,0.185697,0.095634,0.039401,0.013528,0.003981,0.001025,0.000235,5.9e-05,0.114509,0.248153,0.268886,0.194234,0.105231,0.045609,0.016473,0.0051,0.001382,0.000333,8.9e-05,0.872546,0.127454,0.609991,0.390009,0.339559,0.660441,0.153862,0.846138,0.058228,0.941772,0.018827,0.981173,0.88549,0.11451,0.637337,0.362663,0.368451,0.631549,0.174217,0.825783,0.068986,0.931014,0.023376,0.976624,1,0.13634,1,0.121614,1,0.494311,1,0.450457,1,1.080108,1,0.998448,0,0.167073,1,1.747454,0,0.059992,1,2.673852,0,0.019006,1,3.756045
2562,2025/26,25,Zagłębie Lubin,Lech Poznań,1.0,3.0,4.0,1.977,2.2852,4.2622,1,880.1694,0.5467,0.6224,0.0936,0.1216,-0.0436,0.014091,0.060059,0.127993,0.181844,0.193764,0.165173,0.117334,0.071443,0.038063,0.018026,0.007683,0.002977,0.001057,0.000493,0.985909,0.014091,1,0.014191,0.92585,0.07415,1,0.077044,0.797857,0.202143,1,0.225826,0.616013,0.383987,1,0.484488,0.422248,0.577752,0,0.548611,0.257075,0.742925,0,0.297161,0.139742,0.860258,0,0.150523,0.068299,0.931701,0,0.070743,0.138484,0.273783,0.270634,0.178348,0.088149,0.034854,0.011484,0.003244,0.000802,0.000176,4.2e-05,0.101754,0.232528,0.265686,0.202382,0.115621,0.052843,0.020126,0.00657,0.001877,0.000477,0.000136,0.861516,0.138484,0.587733,0.412267,0.317098,0.682902,0.13875,0.86125,0.050602,0.949398,0.015748,0.984252,0.898245,0.101755,0.665718,0.334282,0.400032,0.599968,0.19765,0.80235,0.082029,0.917971,0.029186,0.970814,1,0.149062,1,0.107312,0,0.886084,1,0.406889,0,0.381404,1,0.916211,0,0.14937,0,0.22021,0,0.051927,0,0.085589,0,0.015873,0,0.02962
2563,2025/26,25,Górnik Zabrze,Raków Częstochowa,0.0,0.0,0.0,2.1107,2.2596,4.3703,1,880.1694,0.5467,0.6224,0.0936,0.1216,-0.0436,0.012648,0.055275,0.120783,0.17595,0.192237,0.168026,0.122386,0.076408,0.041741,0.020269,0.008858,0.003519,0.001282,0.000619,0.987352,0.012648,0,4.370263,0.932077,0.067923,0,2.689386,0.811295,0.188705,0,1.667569,0.635344,0.364656,0,1.008802,0.443107,0.556893,0,0.585382,0.275081,0.724919,0,0.321696,0.152695,0.847305,0,0.165695,0.076287,0.923713,0,0.079354,0.121153,0.255718,0.269872,0.189873,0.100191,0.042295,0.014879,0.004486,0.001184,0.000278,7.2e-05,0.104392,0.235885,0.266503,0.20073,0.113392,0.051244,0.019299,0.00623,0.00176,0.000442,0.000124,0.878846,0.121154,0.623129,0.376871,0.353257,0.646743,0.163384,0.836616,0.063193,0.936807,0.020898,0.979102,0.895607,0.104393,0.659722,0.340278,0.39322,0.60678,0.19249,0.80751,0.079098,0.920902,0.027854,0.972146,0,2.110693,0,2.259593,0,0.975852,0,1.077992,0,0.435806,0,0.499589,0,0.17839,0,0.2138,0,0.065278,0,0.082402,0,0.021119,0,0.028249
2564,2025/26,25,Radomiak Radom,Legia Warszawa,2.0,1.0,3.0,1.9403,2.2743,4.2146,1,880.1694,0.5467,0.6224,0.0936,0.1216,-0.0436,0.014778,0.062283,0.13125,0.18439,0.194284,0.163766,0.115035,0.069262,0.036489,0.017087,0.007202,0.002759,0.000969,0.000444,0.985222,0.014778,1,0.014888,0.922939,0.077061,1,0.080193,0.791688,0.208312,1,0.233588,0.607298,0.392702,0,0.934704,0.413014,0.586986,0,0.532755,0.249248,0.750752,0,0.28668,0.134212,0.865788,0,0.144116,0.064951,0.935049,0,0.067156,0.143661,0.278745,0.270425,0.174902,0.08484,0.032923,0.010647,0.002951,0.000716,0.000154,3.6e-05,0.102869,0.233955,0.266042,0.201686,0.114674,0.05216,0.019771,0.006424,0.001826,0.000461,0.000131,0.856339,0.143661,0.577594,0.422406,0.307169,0.692831,0.132268,0.867732,0.047427,0.952573,0.014504,0.985496,0.89713,0.10287,0.663176,0.336824,0.397134,0.602866,0.195448,0.804552,0.080774,0.919226,0.028614,0.971386,1,0.155089,1,0.108554,1,0.548884,0,1.088195,0,0.366969,0,0.50606,0,0.141872,0,0.21747,0,0.048589,0,0.084223,0,0.01461,0,0.029031
2565,2025/26,25,Pogoń Szczecin,Korona Kielce,0.0,1.0,1.0,2.1046,2.2353,4.3399,1,880.1694,0.5467,0.6224,0.0936,0.1216,-0.0436,0.013038,0.056583,0.122782,0.177621,0.192714,0.167272,0.120991,0.075012,0.040693,0.019623,0.008516,0.00336,0.001215,0.000581,0.986962,0.013038,1,0.013124,0.930379,0.069621,0,2.664694,0.807597,0.192403,0,1.648165,0.629977,0.370023,0,0.99419,0.437263,0.562737,0,0.574943,0.269991,0.730009,0,0.314698,0.149,0.851,0,0.161344,0.073988,0.926012,0,0.076868,0.121894,0.256539,0.269956,0.189383,0.099644,0.041942,0.014712,0.004423,0.001164,0.000272,7e-05,0.10696,0.239088,0.267216,0.199103,0.111264,0.049742,0.018531,0.005918,0.001653,0.000411,0.000114,0.878105,0.121895,0.621566,0.378434,0.35161,0.64839,0.162227,0.837773,0.062583,0.937417,0.020641,0.979359,0.893039,0.106961,0.653951,0.346049,0.386735,0.613265,0.187632,0.812368,0.076368,0.923632,0.026627,0.973373,0,2.104595,1,0.113125,0,0.971714,0,1.061175,0,0.433263,0,0.488958,0,0.177008,0,0.207802,0,0.064627,0,0.079442,0,0.020857,0,0.026988
2566,2025/26,25,Cracovia,Wisła Płock,0.0,3.0,3.0,1.9599,2.25,4.2099,1,880.1694,0.5467,0.6224,0.0936,0.1216,-0.0436,0.014849,0.06251,0.13158,0.184643,0.19433,0.16362,0.114803,0.069043,0.036333,0.016995,0.007155,0.002738,0.000961,0.00044,0.985151,0.014849,1,0.01496,0.922641,0.077359,1,0.080515,0.791062,0.208938,1,0.234379,0.606418,0.393582,0,0.932466,0.412088,0.587912,0,0.531178,0.248467,0.751533,0,0.285641,0.133665,0.866335,0,0.143483,0.064621,0.935379,0,0.066804,0.140873,0.276096,0.27056,0.176757,0.086607,0.033948,0.011089,0.003105,0.000761,0.000166,3.9e-05,0.105399,0.237148,0.266792,0.200094,0.112553,0.050649,0.018993,0.006105,0.001717,0.000429,0.00012,0.859127,0.140873,0.583031,0.416969,0.312471,0.687529,0.135714,0.864286,0.049107,0.950893,0.015159,0.984841,0.8946,0.1054,0.657452,0.342548,0.39066,0.60934,0.190566,0.809434,0.078013,0.921987,0.027365,0.972635,0,1.959897,1,0.111379,0,0.874743,1,0.419384,0,0.374651,1,0.939918,0,0.145852,0,0.21142,0,0.050354,0,0.081224,0,0.015275,0,0.027746
2567,2025/26,25,GKS Katowice,Lechia Gdańsk,1.0,2.0,3.0,2.0273,2.1726,4.1999,1,880.1694,0.5467,0.6224,0.0936,0.1216,-0.0436,0.014997,0.062986,0.132268,0.185171,0.194425,0.163313,0.114316,0.068588,0.036008,0.016803,0.007057,0.002695,0.000943,0.00043,0.985003,0.014997,1,0.015111,0.922017,0.077983,1,0.081192,0.789749,0.210251,1,0.236041,0.604578,0.395422,0,0.927801,0.410153,0.589847,0,0.527892,0.24684,0.75316,0,0.283478,0.132524,0.867476,0,0.142168,0.063936,0.936064,0,0.066072,0.131691,0.266976,0.270621,0.182876,0.092686,0.037581,0.012698,0.003677,0.000932,0.00021,5.2e-05,0.113881,0.247418,0.26877,0.194643,0.105721,0.045938,0.016634,0.005163,0.001402,0.000338,9.1e-05,0.868309,0.131691,0.601333,0.398667,0.330712,0.669288,0.147836,0.852164,0.055149,0.944851,0.017569,0.982431,0.886118,0.113882,0.6387,0.3613,0.36993,0.63007,0.175286,0.824714,0.069566,0.930434,0.023628,0.976372,1,0.141208,1,0.120905,0,0.919629,1,0.44832,0,0.401541,0,0.461924,0,0.159976,0,0.192719,0,0.056728,0,0.072104,0,0.017725,0,0.023912
2568,2025/26,25,Jagiellonia Białystok,Piast Gliwice,0.0,3.0,3.0,1.9682,2.163,4.1312,1,880.1694,0.5467,0.6224,0.0936,0.1216,-0.0436,0.016063,0.066361,0.137076,0.188763,0.194956,0.161081,0.11091,0.065456,0.033802,0.015516,0.00641,0.002407,0.000829,0.00037,0.983937,0.016063,1,0.016194,0.917576,0.082424,1,0.08602,0.7805,0.2195,1,0.247821,0.591736,0.408264,0,0.895842,0.396781,0.603219,0,0.505474,0.2357,0.7643,0,0.268794,0.12479,0.87521,0,0.133291,0.059333,0.940667,0,0.061166,0.139708,0.274973,0.270601,0.177533,0.087355,0.034386,0.01128,0.003172,0.00078,0.000171,4.1e-05,0.11498,0.248701,0.26897,0.193927,0.104866,0.045365,0.016354,0.005053,0.001366,0.000328,8.8e-05,0.860292,0.139708,0.585318,0.414682,0.314717,0.685283,0.137184,0.862816,0.049829,0.950171,0.015443,0.984557,0.88502,0.11498,0.636319,0.363681,0.367349,0.632651,0.173421,0.826579,0.068555,0.931445,0.02319,0.97681,0,1.968201,1,0.122145,0,0.880243,1,0.452055,0,0.377923,1,1.001443,0,0.147554,0,0.19046,0,0.051113,0,0.071018,0,0.015563,0,0.023463
2569,2025/26,26,Jagiellonia Białystok,Wisła Płock,0.0,2.0,2.0,1.9387,2.1827,4.1214,1,896.2354,0.5519,0.6339,0.0856,0.1184,-0.0443,0.016222,0.066856,0.137771,0.18927,0.195014,0.160747,0.110417,0.06501,0.033492,0.015337,0.006321,0.002368,0.000813,0.000362,0.983778,0.016222,1,0.016355,0.916922,0.083078,1,0.086733,0.779151,0.220849,0,1.510276,0.589881,0.410119,0,0.891308,0.394867,0.605133,0,0.502307,0.23412,0.76588,0,0.26673,0.123703,0.876297,0,0.132051,0.058693,0.941307,0,0.060486,0.143891,0.278961,0.270411,0.174749,0.084696,0.03284,0.010611,0.002939,0.000712,0.000153,3.6e-05,0.112737,0.24607,0.268549,0.195387,0.106618,0.046543,0.016932,0.00528,0.00144,0.000349,9.4e-05,0.856109,0.143891,0.577148,0.422852,0.306737,0.693263,0.131988,0.868012,0.047292,0.952708,0.014451,0.985549,0.887263,0.112737,0.641192,0.358808,0.372643,0.627357,0.177256,0.822744,0.070638,0.929362,0.024095,0.975905,0,1.938699,1,0.119614,0,0.860733,1,0.444426,0,0.366346,0,0.46624,0,0.14155,0,0.19511,0,0.048447,0,0.073257,0,0.014556,0,0.02439
2570,2025/26,26,Legia Warszawa,Raków Częstochowa,1.0,3.0,4.0,2.0278,2.2183,4.2461,1,896.2354,0.5519,0.6339,0.0856,0.1184,-0.0443,0.01432,0.060804,0.129089,0.182709,0.193951,0.164707,0.116561,0.070704,0.037527,0.017705,0.007518,0.002902,0.001027,0.000476,0.98568,0.01432,1,0.014423,0.924877,0.075123,1,0.078095,0.795787,0.204213,1,0.228424,0.613078,0.386922,1,0.489263,0.419127,0.580873,0,0.543223,0.25442,0.74558,0,0.293592,0.137859,0.862141,0,0.148336,0.067155,0.932845,0,0.069516,0.131625,0.266909,0.270619,0.18292,0.092731,0.037608,0.01271,0.003682,0.000933,0.00021,5.2e-05,0.108794,0.241338,0.26768,0.197931,0.109768,0.0487,0.018005,0.005706,0.001582,0.00039,0.000107,0.868375,0.131625,0.601466,0.398534,0.330848,0.669152,0.147927,0.852073,0.055196,0.944804,0.017588,0.982412,0.891205,0.108795,0.649868,0.350132,0.382188,0.617812,0.184257,0.815743,0.07449,0.92551,0.02579,0.97421,1,0.141132,1,0.115181,0,0.919962,1,0.430986,0,0.401744,1,0.961843,0,0.160083,0,0.203656,0,0.056778,0,0.07741,0,0.017745,0,0.026128
2571,2025/26,26,Lechia Gdańsk,Pogoń Szczecin,1.0,0.0,1.0,1.8998,2.2336,4.1333,1,896.2354,0.5519,0.6339,0.0856,0.1184,-0.0443,0.016029,0.066255,0.136927,0.188655,0.194943,0.161152,0.111016,0.065552,0.033868,0.015554,0.006429,0.002416,0.000832,0.000371,0.983971,0.016029,1,0.016159,0.917715,0.082285,0,2.497572,0.780788,0.219212,0,1.517718,0.592134,0.407866,0,0.896817,0.397191,0.602809,0,0.506156,0.236039,0.763961,0,0.269239,0.125023,0.874977,0,0.133558,0.059471,0.940529,0,0.061313,0.149599,0.284207,0.269969,0.170962,0.081198,0.030852,0.009769,0.002651,0.00063,0.000133,3e-05,0.107142,0.239312,0.267264,0.198987,0.111114,0.049637,0.018478,0.005896,0.001646,0.000409,0.000113,0.850401,0.149599,0.566194,0.433806,0.296226,0.703774,0.125263,0.874737,0.044065,0.955935,0.013213,0.986787,0.892857,0.107143,0.653545,0.346455,0.386281,0.613719,0.187294,0.812706,0.076179,0.923821,0.026542,0.973458,1,0.162047,0,2.233591,0,0.835158,0,1.060002,0,0.351298,0,0.488218,0,0.133832,0,0.207386,0,0.045065,0,0.079237,0,0.013301,0,0.026901
2572,2025/26,26,Motor Lublin,Zagłębie Lubin,0.0,0.0,0.0,1.9335,2.2907,4.2243,1,896.2354,0.5519,0.6339,0.0856,0.1184,-0.0443,0.014636,0.061827,0.130587,0.183877,0.194186,0.164059,0.115504,0.069703,0.036805,0.017275,0.007297,0.002802,0.000986,0.000454,0.985364,0.014636,0,4.224256,0.923537,0.076463,0,2.570944,0.79295,0.20705,0,1.574794,0.609072,0.390928,0,0.939233,0.414886,0.585114,0,0.535949,0.250828,0.749172,0,0.288786,0.135323,0.864677,0,0.1454,0.065621,0.934379,0,0.067873,0.144641,0.279664,0.270365,0.17425,0.084228,0.032571,0.010496,0.002899,0.000701,0.000151,3.5e-05,0.101196,0.231809,0.265502,0.202729,0.116098,0.053189,0.020307,0.006645,0.001903,0.000484,0.000138,0.855359,0.144641,0.575695,0.424305,0.305331,0.694669,0.131081,0.868919,0.046852,0.953148,0.014281,0.985719,0.898803,0.101197,0.666995,0.333005,0.401493,0.598507,0.198764,0.801236,0.082666,0.917334,0.029477,0.970523,0,1.9335,0,2.290686,0,0.857303,0,1.099598,0,0.36432,0,0.513317,0,0.140505,0,0.2216,0,0.047985,0,0.086284,0,0.014384,0,0.02992
2573,2025/26,26,Korona Kielce,Arka Gdynia,1.0,1.0,2.0,1.9545,2.0817,4.0362,1,896.2354,0.5519,0.6339,0.0856,0.1184,-0.0443,0.017664,0.071297,0.143885,0.193583,0.195335,0.157683,0.106073,0.061162,0.030858,0.013839,0.005586,0.00205,0.000689,0.000298,0.982336,0.017664,1,0.017822,0.911039,0.088961,1,0.09317,0.767154,0.232846,0,1.457379,0.573572,0.426428,0,0.852311,0.378237,0.621763,0,0.475196,0.220554,0.779446,0,0.249172,0.114481,0.885519,0,0.121581,0.053319,0.946681,0,0.054793,0.141635,0.276826,0.270528,0.176249,0.08612,0.033664,0.010966,0.003062,0.000748,0.000162,3.8e-05,0.124718,0.259625,0.270231,0.187513,0.097587,0.040629,0.014096,0.004192,0.001091,0.000252,6.4e-05,0.858365,0.141635,0.581538,0.418462,0.31101,0.68899,0.134761,0.865239,0.048641,0.951359,0.014977,0.985023,0.875282,0.124718,0.615656,0.384344,0.345425,0.654575,0.157912,0.842088,0.060325,0.939675,0.019696,0.980304,1,0.152726,1,0.133209,0,0.871169,0,0.956217,0,0.372529,0,0.423769,0,0.14475,0,0.171871,0,0.049864,0,0.062221,0,0.01509,0,0.019893
2574,2025/26,26,Cracovia,GKS Katowice,2.0,1.0,3.0,2.0056,2.2297,4.2353,1,896.2354,0.5519,0.6339,0.0856,0.1184,-0.0443,0.014475,0.061307,0.129827,0.183287,0.19407,0.164389,0.11604,0.07021,0.03717,0.017492,0.007408,0.002852,0.001007,0.000465,0.985525,0.014475,1,0.014581,0.924218,0.075782,1,0.078807,0.79439,0.20561,1,0.23018,0.611104,0.388896,0,0.944442,0.417034,0.582966,0,0.539626,0.252645,0.747355,0,0.291214,0.136604,0.863396,0,0.146882,0.066395,0.933605,0,0.068701,0.13458,0.269913,0.270668,0.180951,0.090729,0.036393,0.012165,0.003485,0.000874,0.000195,4.7e-05,0.107561,0.239828,0.267372,0.19872,0.110772,0.049397,0.018357,0.005847,0.00163,0.000404,0.000112,0.86542,0.13458,0.595508,0.404492,0.324839,0.675161,0.143888,0.856112,0.053159,0.946841,0.016766,0.983234,0.892439,0.107561,0.652611,0.347389,0.385238,0.614762,0.186518,0.813482,0.075747,0.924253,0.026349,0.973651,1,0.14454,1,0.113797,1,0.51834,0,1.05731,0,0.392804,0,0.48652,0,0.155354,0,0.206431,0,0.054624,0,0.078769,0,0.016908,0,0.026702
2575,2025/26,26,Lech Poznań,Bruk-Bet Termalica Nieciecza,0.0,5.0,5.0,1.8662,2.2166,4.0828,1,896.2354,0.5519,0.6339,0.0856,0.1184,-0.0443,0.01686,0.068836,0.140523,0.191243,0.195202,0.159394,0.108463,0.063262,0.032286,0.014646,0.00598,0.002219,0.000755,0.000331,0.98314,0.01686,1,0.017004,0.914304,0.085696,1,0.089593,0.773781,0.226219,1,0.256467,0.582538,0.417462,1,0.540361,0.387336,0.612664,1,0.948462,0.227942,0.772058,0,0.258696,0.119479,0.880521,0,0.127242,0.056218,0.943782,0,0.05786,0.15471,0.288721,0.269405,0.167588,0.078188,0.029183,0.009077,0.00242,0.000565,0.000117,2.6e-05,0.108979,0.241563,0.267724,0.197812,0.109618,0.048596,0.017953,0.005685,0.001575,0.000388,0.000107,0.845289,0.154711,0.556569,0.443431,0.287164,0.712836,0.119576,0.880424,0.041387,0.958613,0.012204,0.987796,0.89102,0.10898,0.649457,0.350543,0.381733,0.618267,0.183921,0.816079,0.074303,0.925697,0.025707,0.974293,0,1.866196,1,0.115388,0,0.813213,1,0.431619,0,0.338504,1,0.963034,0,0.127352,1,1.693249,0,0.042268,1,2.599604,0,0.012279,0,0.026043
2576,2025/26,26,Piast Gliwice,Radomiak Radom,3.0,3.0,6.0,2.0059,2.2437,4.2497,1,896.2354,0.5519,0.6339,0.0856,0.1184,-0.0443,0.014269,0.060638,0.128846,0.182518,0.19391,0.164811,0.116733,0.070868,0.037646,0.017776,0.007554,0.002918,0.001034,0.00048,0.985731,0.014269,1,0.014372,0.925093,0.074907,1,0.077861,0.796247,0.203753,1,0.227845,0.613729,0.386271,1,0.488201,0.419819,0.580181,1,0.867932,0.255008,0.744992,1,1.366462,0.138275,0.861725,0,0.148819,0.067407,0.932593,0,0.069787,0.134539,0.269872,0.270668,0.180978,0.090756,0.036409,0.012172,0.003488,0.000875,0.000195,4.7e-05,0.106065,0.237979,0.266977,0.199672,0.112001,0.050259,0.018794,0.006024,0.00169,0.000421,0.000117,0.865461,0.134539,0.595589,0.404411,0.32492,0.67508,0.143943,0.856057,0.053187,0.946813,0.016777,0.983223,0.893934,0.106066,0.655955,0.344045,0.388979,0.611021,0.189307,0.810693,0.077306,0.922694,0.027047,0.972953,1,0.144493,1,0.112123,1,0.518204,1,0.421663,1,1.124176,1,0.94423,0,0.155418,0,0.209866,0,0.054654,0,0.080458,0,0.016919,0,0.02742
2577,2025/26,26,Widzew Łódź,Górnik Zabrze,0.0,1.0,1.0,2.0888,2.2222,4.3109,1,896.2354,0.5519,0.6339,0.0856,0.1184,-0.0443,0.013421,0.057857,0.124708,0.179204,0.193134,0.166518,0.119642,0.073681,0.039704,0.019018,0.008199,0.003213,0.001154,0.000547,0.986579,0.013421,1,0.013512,0.928722,0.071278,0,2.641174,0.804014,0.195986,0,1.629713,0.624811,0.375189,0,0.980324,0.431676,0.568324,0,0.565064,0.265158,0.734842,0,0.3081,0.145516,0.854484,0,0.157258,0.071835,0.928165,0,0.074546,0.123836,0.258668,0.270153,0.188098,0.098225,0.041034,0.014285,0.004263,0.001113,0.000258,6.6e-05,0.10837,0.240821,0.267576,0.198202,0.110111,0.048938,0.018125,0.005754,0.001598,0.000395,0.000109,0.876164,0.123836,0.617496,0.382504,0.347343,0.652657,0.159245,0.840755,0.06102,0.93898,0.019986,0.980014,0.891629,0.108371,0.650808,0.349192,0.383232,0.616768,0.18503,0.81497,0.074918,0.925082,0.02598,0.97402,0,2.088797,1,0.114705,0,0.961016,0,1.052133,0,0.426704,0,0.483262,0,0.173455,0,0.204604,0,0.062961,0,0.077873,0,0.020188,0,0.026323
2578,2025/26,27,Arka Gdynia,Zagłębie Lubin,3.0,3.0,6.0,1.8901,2.2403,4.1304,1,915.6305,0.5505,0.6349,0.0978,0.1193,-0.0615,0.016077,0.066403,0.137135,0.188807,0.194961,0.161052,0.110868,0.065418,0.033775,0.0155,0.006402,0.002404,0.000827,0.000369,0.983923,0.016077,1,0.016207,0.91752,0.08248,1,0.086081,0.780384,0.219616,1,0.247969,0.591577,0.408423,1,0.524963,0.396616,0.603384,1,0.924786,0.235564,0.764436,1,1.445772,0.124696,0.875304,0,0.133184,0.059278,0.940722,0,0.061108,0.151057,0.285512,0.269823,0.169998,0.080328,0.030366,0.009566,0.002583,0.00061,0.000128,2.9e-05,0.106427,0.238427,0.267075,0.199442,0.111703,0.050049,0.018688,0.005981,0.001675,0.000417,0.000116,0.848943,0.151057,0.563431,0.436569,0.293608,0.706392,0.12361,0.87639,0.043282,0.956718,0.012916,0.987084,0.893573,0.106427,0.655145,0.344855,0.388071,0.611929,0.188628,0.811372,0.076926,0.923074,0.026876,0.973124,1,0.163763,1,0.112527,1,0.57371,1,0.422899,1,1.22551,1,0.946567,0,0.131944,0,0.209029,0,0.044247,0,0.080046,0,0.013,0,0.027244
2579,2025/26,27,Bruk-Bet Termalica Nieciecza,Piast Gliwice,3.0,3.0,6.0,1.8968,2.1846,4.0814,1,915.6305,0.5505,0.6349,0.0978,0.1193,-0.0615,0.016883,0.068908,0.140621,0.191312,0.195207,0.159345,0.108393,0.0632,0.032243,0.014622,0.005968,0.002214,0.000753,0.00033,0.983117,0.016883,1,0.017027,0.914209,0.085791,1,0.089696,0.773588,0.226412,1,0.256716,0.582275,0.417725,1,0.540812,0.387068,0.612932,1,0.949155,0.227723,0.772277,1,1.479625,0.11933,0.88067,0,0.127073,0.056131,0.943869,0,0.057768,0.150048,0.284611,0.269925,0.170665,0.080929,0.030701,0.009706,0.00263,0.000624,0.000131,3e-05,0.112523,0.245817,0.268506,0.195526,0.106787,0.046657,0.016988,0.005302,0.001448,0.000351,9.5e-05,0.849952,0.150048,0.565341,0.434659,0.295416,0.704584,0.124751,0.875249,0.043822,0.956178,0.013121,0.986879,0.887477,0.112523,0.64166,0.35834,0.373153,0.626847,0.177627,0.822373,0.070841,0.929159,0.024184,0.975816,1,0.162575,1,0.119373,1,0.570326,1,0.443697,1,1.219371,1,0.985767,0,0.133247,0,0.195561,0,0.044811,0,0.073475,0,0.013208,0,0.024481
2580,2025/26,27,Lechia Gdańsk,Korona Kielce,4.0,0.0,4.0,2.0172,2.2728,4.2899,1,915.6305,0.5505,0.6349,0.0978,0.1193,-0.0615,0.013706,0.058797,0.126117,0.180345,0.193418,0.16595,0.118653,0.072716,0.038993,0.018587,0.007974,0.00311,0.001112,0.000523,0.986294,0.013706,1,0.013801,0.927497,0.072503,1,0.075265,0.80138,0.19862,1,0.22142,0.621035,0.378965,1,0.476369,0.427617,0.572383,0,0.557947,0.261667,0.738333,0,0.30336,0.143014,0.856986,0,0.154334,0.070298,0.929702,0,0.072891,0.133027,0.268343,0.270651,0.181986,0.091775,0.037026,0.012448,0.003587,0.000905,0.000203,5e-05,0.103023,0.234151,0.26609,0.20159,0.114543,0.052067,0.019723,0.006404,0.001819,0.000459,0.00013,0.866972,0.133028,0.598629,0.401371,0.327979,0.672021,0.145993,0.854007,0.054218,0.945782,0.017192,0.982808,0.896976,0.103024,0.662824,0.337176,0.396735,0.603265,0.195145,0.804855,0.080602,0.919398,0.028535,0.971465,1,0.142749,0,2.272793,1,0.513113,0,1.08715,1,1.114806,0,0.505399,1,1.924197,0,0.217093,0,0.055743,0,0.084036,0,0.017341,0,0.02895
2581,2025/26,27,Górnik Zabrze,Cracovia,0.0,2.0,2.0,1.907,2.2216,4.1286,1,915.6305,0.5505,0.6349,0.0978,0.1193,-0.0615,0.016106,0.066494,0.137262,0.1889,0.194972,0.160992,0.110778,0.065336,0.033718,0.015468,0.006386,0.002397,0.000825,0.000367,0.983894,0.016106,1,0.016237,0.917401,0.082599,1,0.086211,0.780138,0.219862,0,1.514757,0.591239,0.408761,0,0.894624,0.396267,0.603733,0,0.504623,0.235275,0.764725,0,0.268239,0.124497,0.875503,0,0.132957,0.059161,0.940839,0,0.060983,0.148525,0.283238,0.270067,0.171673,0.081845,0.031216,0.009921,0.002703,0.000644,0.000137,3.1e-05,0.108435,0.2409,0.267592,0.198161,0.110059,0.048901,0.018106,0.005746,0.001596,0.000394,0.000108,0.851475,0.148525,0.568237,0.431763,0.29817,0.70183,0.126497,0.873503,0.044652,0.955348,0.013436,0.986564,0.891564,0.108436,0.650664,0.349336,0.383072,0.616928,0.184911,0.815089,0.074852,0.925148,0.025951,0.974049,0,1.907002,1,0.114778,0,0.839878,1,0.429762,0,0.354064,0,0.483003,0,0.135244,0,0.204458,0,0.04568,0,0.077802,0,0.013527,0,0.026294
2582,2025/26,27,Radomiak Radom,Motor Lublin,0.0,3.0,3.0,2.0059,2.2681,4.274,1,915.6305,0.5505,0.6349,0.0978,0.1193,-0.0615,0.013926,0.059521,0.127195,0.18121,0.193621,0.165506,0.117895,0.071983,0.038456,0.018262,0.007805,0.003033,0.00108,0.000505,0.986074,0.013926,1,0.014024,0.926553,0.073447,1,0.076284,0.799357,0.200643,1,0.223947,0.618147,0.381853,0,0.96272,0.424526,0.575474,0,0.552561,0.25902,0.74098,0,0.299781,0.141125,0.858875,0,0.152132,0.069142,0.930858,0,0.071649,0.134539,0.269872,0.270668,0.180978,0.090756,0.036409,0.012172,0.003488,0.000875,0.000195,4.7e-05,0.103509,0.234768,0.266239,0.201285,0.114134,0.051773,0.019571,0.006341,0.001798,0.000453,0.000128,0.865461,0.134539,0.595589,0.404411,0.32492,0.67508,0.143943,0.856057,0.053187,0.946813,0.016777,0.983223,0.896491,0.103509,0.661723,0.338277,0.395484,0.604516,0.194199,0.805801,0.080065,0.919935,0.028291,0.971709,0,2.005901,1,0.109267,0,0.905324,1,0.412908,0,0.392924,1,0.927645,0,0.155418,0,0.215918,0,0.054654,0,0.083452,0,0.016919,0,0.028699
2583,2025/26,27,Pogoń Szczecin,Legia Warszawa,2.0,1.0,3.0,1.9879,2.2588,4.2467,1,915.6305,0.5505,0.6349,0.0978,0.1193,-0.0615,0.014311,0.060774,0.129046,0.182675,0.193944,0.164726,0.116592,0.070734,0.037548,0.017718,0.007524,0.002905,0.001028,0.000477,0.985689,0.014311,1,0.014414,0.924915,0.075085,1,0.078053,0.79587,0.20413,1,0.22832,0.613195,0.386805,0,0.949833,0.419251,0.580749,0,0.543436,0.254525,0.745475,0,0.293734,0.137933,0.862067,0,0.148423,0.0672,0.9328,0,0.069564,0.136983,0.272308,0.270661,0.179349,0.089132,0.035437,0.011741,0.003334,0.000829,0.000183,4.4e-05,0.104476,0.23599,0.266527,0.200677,0.113322,0.051194,0.019273,0.006219,0.001756,0.000441,0.000124,0.863017,0.136983,0.590709,0.409291,0.320048,0.679952,0.1407,0.8593,0.051568,0.948432,0.016131,0.983869,0.895523,0.104477,0.659534,0.340466,0.393007,0.606993,0.192329,0.807671,0.079007,0.920993,0.027813,0.972187,1,0.147321,1,0.110347,1,0.526432,0,1.07744,0,0.385733,0,0.499238,0,0.151637,0,0.2136,0,0.052945,0,0.082303,0,0.016263,0,0.028207
2584,2025/26,27,GKS Katowice,Wisła Płock,3.0,1.0,4.0,1.8827,2.183,4.0656,1,915.6305,0.5505,0.6349,0.0978,0.1193,-0.0615,0.017152,0.069733,0.141756,0.19211,0.195263,0.158774,0.107586,0.062487,0.031756,0.014346,0.005832,0.002156,0.00073,0.000319,0.982848,0.017152,1,0.017301,0.913115,0.086885,1,0.090894,0.771359,0.228641,1,0.259602,0.579249,0.420751,1,0.546023,0.383986,0.616014,0,0.484486,0.225212,0.774788,0,0.255166,0.117626,0.882374,0,0.125139,0.055139,0.944861,0,0.056717,0.152179,0.286507,0.269703,0.169257,0.079665,0.029997,0.009413,0.002532,0.000596,0.000125,2.8e-05,0.112703,0.24603,0.268542,0.195409,0.106645,0.046561,0.01694,0.005283,0.001442,0.00035,9.4e-05,0.847821,0.152179,0.561314,0.438686,0.291611,0.708389,0.122355,0.877645,0.04269,0.95731,0.012693,0.987307,0.887297,0.112703,0.641266,0.358734,0.372724,0.627276,0.177315,0.822685,0.07067,0.92933,0.024109,0.975891,1,0.165086,1,0.119576,1,0.577475,0,1.025174,1,1.232335,0,0.466369,0,0.130513,0,0.195182,0,0.043628,0,0.073291,0,0.012774,0,0.024404
2585,2025/26,27,Raków Częstochowa,Widzew Łódź,2.0,3.0,5.0,1.9408,2.2412,4.1819,1,915.6305,0.5505,0.6349,0.0978,0.1193,-0.0615,0.015269,0.063853,0.133516,0.186118,0.194584,0.162747,0.113433,0.067767,0.035425,0.016461,0.006884,0.002617,0.000912,0.000414,0.984731,0.015269,1,0.015387,0.920878,0.079122,1,0.082428,0.787362,0.212638,1,0.239067,0.601244,0.398756,1,0.508755,0.40666,0.59334,1,0.899778,0.243913,0.756087,0,0.279598,0.130479,0.869521,0,0.139813,0.062712,0.937288,0,0.064765,0.143589,0.278678,0.270429,0.174949,0.084885,0.032949,0.010658,0.002955,0.000717,0.000155,3.6e-05,0.106331,0.238309,0.267049,0.199503,0.111782,0.050105,0.018716,0.005992,0.001679,0.000418,0.000116,0.856411,0.143589,0.577733,0.422267,0.307304,0.692696,0.132355,0.867645,0.04747,0.95253,0.014521,0.985479,0.893668,0.106332,0.65536,0.34464,0.388311,0.611689,0.188808,0.811192,0.077026,0.922974,0.026921,0.973079,1,0.155005,1,0.112421,1,0.548643,1,0.422571,0,0.367164,1,0.945949,0,0.141973,0,0.209251,0,0.048634,0,0.080154,0,0.014627,0,0.02729
2586,2025/26,27,Jagiellonia Białystok,Lech Poznań,3.0,1.0,4.0,1.977,2.2295,4.2065,1,915.6305,0.5505,0.6349,0.0978,0.1193,-0.0615,0.014898,0.06267,0.131811,0.184821,0.194363,0.163517,0.114639,0.06889,0.036223,0.01693,0.007122,0.002723,0.000955,0.000437,0.985102,0.014898,1,0.01501,0.922432,0.077568,1,0.080742,0.790621,0.209379,1,0.234937,0.6058,0.3942,1,0.501206,0.411437,0.588563,0,0.530072,0.24792,0.75208,0,0.284912,0.13328,0.86672,0,0.14304,0.06439,0.93561,0,0.066557,0.138484,0.273783,0.270634,0.178348,0.088149,0.034854,0.011484,0.003244,0.000802,0.000176,4.2e-05,0.107582,0.239855,0.267378,0.198706,0.110754,0.049385,0.018351,0.005845,0.001629,0.000404,0.000112,0.861516,0.138484,0.587733,0.412267,0.317098,0.682902,0.13875,0.86125,0.050602,0.949398,0.015748,0.984252,0.892417,0.107583,0.652563,0.347437,0.385185,0.614815,0.186478,0.813522,0.075725,0.924275,0.026339,0.973661,1,0.149062,1,0.113822,1,0.531483,0,1.057172,1,1.148544,0,0.486434,0,0.14937,0,0.206382,0,0.051927,0,0.078746,0,0.015873,0,0.026692
2587,2025/26,28,Wisła Płock,Lechia Gdańsk,2.0,2.0,4.0,1.922,2.1463,4.0683,1,926.3014,0.5467,0.6286,0.095,0.1155,-0.0495,0.017106,0.069592,0.141563,0.191975,0.195254,0.158872,0.107724,0.062608,0.031839,0.014392,0.005855,0.002166,0.000734,0.000321,0.982894,0.017106,1,0.017254,0.913302,0.086698,1,0.090689,0.771739,0.228261,1,0.259109,0.579765,0.420235,1,0.545133,0.38451,0.61549,0,0.485337,0.225639,0.774361,0,0.255717,0.117915,0.882085,0,0.125467,0.055307,0.944693,0,0.056895,0.146314,0.281216,0.270248,0.173139,0.083193,0.03198,0.010244,0.002813,0.000676,0.000144,3.3e-05,0.116916,0.250937,0.269293,0.192661,0.103377,0.044376,0.015874,0.004867,0.001306,0.000311,8.2e-05,0.853686,0.146314,0.57247,0.42753,0.302222,0.697778,0.129083,0.870917,0.04589,0.95411,0.01391,0.98609,0.883084,0.116916,0.632147,0.367853,0.362854,0.637146,0.170193,0.829807,0.066816,0.933184,0.02244,0.97756,1,0.158192,1,0.124335,1,0.557795,1,0.458633,0,0.359854,0,0.450756,0,0.138209,0,0.186562,0,0.046976,0,0.069153,0,0.014008,0,0.022696
2588,2025/26,28,Legia Warszawa,Górnik Zabrze,4.0,3.0,7.0,1.9958,2.1057,4.1015,1,926.3014,0.5467,0.6286,0.095,0.1155,-0.0495,0.016547,0.067869,0.139183,0.190289,0.195119,0.160058,0.109414,0.064109,0.032868,0.014979,0.006144,0.002291,0.000783,0.000346,0.983453,0.016547,1,0.016686,0.915584,0.084416,1,0.088193,0.7764,0.2236,1,0.253087,0.586112,0.413888,1,0.534245,0.390992,0.609008,1,0.939068,0.230934,0.769066,1,1.465622,0.12152,0.87848,1,2.107675,0.057411,0.942589,0,0.059125,0.135905,0.271239,0.270669,0.180067,0.089845,0.035862,0.011929,0.003401,0.000848,0.000188,4.5e-05,0.12176,0.256391,0.269941,0.189472,0.099743,0.042006,0.014742,0.004435,0.001167,0.000273,7e-05,0.864095,0.135905,0.592856,0.407144,0.322187,0.677813,0.142119,0.857881,0.052275,0.947725,0.016412,0.983588,0.878239,0.121761,0.621848,0.378152,0.351907,0.648093,0.162435,0.837565,0.062693,0.937307,0.020687,0.979313,1,0.146073,1,0.129837,1,0.522804,1,0.47506,1,1.132623,1,1.044388,1,1.951091,0,0.177256,0,0.053691,0,0.064744,0,0.016548,0,0.020904
2589,2025/26,28,Motor Lublin,Raków Częstochowa,3.0,0.0,3.0,2.0039,2.2688,4.2728,1,926.3014,0.5467,0.6286,0.095,0.1155,-0.0495,0.013943,0.059575,0.127276,0.181274,0.193636,0.165473,0.117838,0.071928,0.038416,0.018238,0.007793,0.003027,0.001078,0.000504,0.986057,0.013943,1,0.014041,0.926482,0.073518,1,0.076361,0.799205,0.200795,1,0.224137,0.617931,0.382069,0,0.962154,0.424295,0.575705,0,0.55216,0.258822,0.741178,0,0.299515,0.140984,0.859016,0,0.151968,0.069056,0.930944,0,0.071557,0.134809,0.270143,0.27067,0.180798,0.090575,0.036301,0.012124,0.003471,0.000869,0.000194,4.7e-05,0.103436,0.234676,0.266217,0.201331,0.114195,0.051817,0.019594,0.006351,0.001801,0.000454,0.000128,0.865191,0.134809,0.595049,0.404951,0.324379,0.675621,0.143581,0.856419,0.053005,0.946995,0.016705,0.983295,0.896563,0.103437,0.661887,0.338113,0.39567,0.60433,0.19434,0.80566,0.080145,0.919855,0.028328,0.971672,1,0.144805,0,2.268793,1,0.519112,0,1.084375,1,1.125843,0,0.503635,0,0.154996,0,0.216093,0,0.054461,0,0.083539,0,0.016846,0,0.028737
2590,2025/26,28,Zagłębie Lubin,Radomiak Radom,2.0,4.0,6.0,2.0294,2.2792,4.3086,1,926.3014,0.5467,0.6286,0.095,0.1155,-0.0495,0.013453,0.057962,0.124866,0.179332,0.193167,0.166455,0.119531,0.073573,0.039624,0.018969,0.008173,0.003201,0.001149,0.000544,0.986547,0.013453,1,0.013544,0.928586,0.071414,1,0.074092,0.80372,0.19628,1,0.218505,0.624387,0.375613,1,0.470984,0.43122,0.56878,1,0.841136,0.264765,0.735235,1,1.328912,0.145234,0.854766,0,0.156928,0.071661,0.928339,0,0.074359,0.131414,0.266692,0.270613,0.18306,0.092876,0.037696,0.01275,0.003696,0.000938,0.000211,5.2e-05,0.102366,0.233313,0.265883,0.202,0.1151,0.052467,0.01993,0.006489,0.001849,0.000468,0.000133,0.868585,0.131415,0.601893,0.398107,0.33128,0.66872,0.14822,0.85178,0.055344,0.944656,0.017648,0.982352,0.897633,0.102367,0.66432,0.33568,0.398437,0.601563,0.196437,0.803563,0.081337,0.918663,0.02887,0.97113,1,0.14089,1,0.107994,1,0.507676,1,0.408991,0,0.40239,1,0.920206,0,0.160427,1,1.627414,0,0.056934,0,0.084836,0,0.017806,0,0.029295
2591,2025/26,28,Korona Kielce,Jagiellonia Białystok,0.0,1.0,1.0,1.946,2.0897,4.0358,1,926.3014,0.5467,0.6286,0.095,0.1155,-0.0495,0.017672,0.071321,0.143917,0.193605,0.195336,0.157666,0.10605,0.061142,0.030844,0.013831,0.005582,0.002048,0.000689,0.000297,0.982328,0.017672,1,0.01783,0.911007,0.088993,0,2.419192,0.767089,0.232911,0,1.4571,0.573484,0.426516,0,0.852105,0.378148,0.621852,0,0.475054,0.220483,0.779517,0,0.24908,0.114433,0.885567,0,0.121527,0.053291,0.946709,0,0.054764,0.142844,0.277975,0.27047,0.175445,0.085354,0.03322,0.010774,0.002995,0.000729,0.000158,3.7e-05,0.123724,0.258547,0.270142,0.188172,0.098306,0.041086,0.01431,0.004272,0.001116,0.000259,6.6e-05,0.857156,0.142844,0.579181,0.420819,0.308711,0.691289,0.133266,0.866734,0.047912,0.952088,0.014693,0.985307,0.876275,0.123725,0.617729,0.382271,0.347586,0.652414,0.159414,0.840586,0.061108,0.938892,0.020023,0.979977,0,1.946002,1,0.132075,0,0.865552,0,0.961625,0,0.369197,0,0.427076,0,0.143023,0,0.173656,0,0.049098,0,0.063055,0,0.014802,0,0.020226
2592,2025/26,28,Cracovia,Arka Gdynia,1.0,0.0,1.0,1.9652,2.2356,4.2008,1,926.3014,0.5467,0.6286,0.095,0.1155,-0.0495,0.014983,0.062941,0.132202,0.185121,0.194416,0.163342,0.114363,0.068631,0.036039,0.016821,0.007066,0.002699,0.000945,0.000431,0.985017,0.014983,1,0.015096,0.922076,0.077924,0,2.552025,0.789874,0.210126,0,1.560048,0.604753,0.395247,0,0.928245,0.410338,0.589662,0,0.528205,0.246995,0.753005,0,0.283684,0.132633,0.867367,0,0.142293,0.064001,0.935999,0,0.066141,0.140128,0.275379,0.270588,0.177253,0.087084,0.034228,0.011211,0.003147,0.000773,0.000169,4e-05,0.106928,0.239048,0.267208,0.199123,0.11129,0.04976,0.018541,0.005921,0.001655,0.000411,0.000114,0.859872,0.140128,0.584493,0.415507,0.313905,0.686095,0.136652,0.863348,0.049568,0.950432,0.01534,0.98466,0.893071,0.106929,0.654023,0.345977,0.386815,0.613185,0.187692,0.812308,0.076402,0.923598,0.026642,0.973358,1,0.150972,0,2.23559,0,0.878256,0,1.061383,0,0.376739,0,0.489089,0,0.146937,0,0.207876,0,0.050839,0,0.079478,0,0.015459,0,0.027003
2593,2025/26,28,Lech Poznań,GKS Katowice,1.0,0.0,1.0,1.9533,2.1855,4.1388,1,926.3014,0.5467,0.6286,0.095,0.1155,-0.0495,0.015942,0.065982,0.136542,0.188372,0.194908,0.161336,0.111289,0.0658,0.034041,0.015654,0.006479,0.002438,0.000841,0.000376,0.984058,0.015942,1,0.016071,0.918076,0.081924,0,2.501964,0.781534,0.218466,0,1.521126,0.593162,0.406838,0,0.899341,0.398254,0.601746,0,0.507921,0.236919,0.763081,0,0.270391,0.12563,0.87437,0,0.134251,0.05983,0.94017,0,0.061694,0.141805,0.276988,0.270521,0.176136,0.086012,0.033601,0.010939,0.003052,0.000745,0.000162,3.8e-05,0.112422,0.245697,0.268486,0.195592,0.106866,0.046711,0.017015,0.005312,0.001451,0.000352,9.5e-05,0.858194,0.141806,0.581206,0.418794,0.310685,0.689315,0.134549,0.865451,0.048538,0.951462,0.014936,0.985064,0.887578,0.112422,0.641881,0.358119,0.373395,0.626605,0.177803,0.822197,0.070937,0.929063,0.024226,0.975774,1,0.152925,0,2.185496,0,0.870376,0,1.02689,0,0.372057,0,0.467439,0,0.144505,0,0.195775,0,0.049756,0,0.073579,0,0.015049,0,0.024524
2594,2025/26,28,Piast Gliwice,Pogoń Szczecin,1.0,1.0,2.0,1.9211,2.1826,4.1038,1,926.3014,0.5467,0.6286,0.095,0.1155,-0.0495,0.01651,0.067755,0.139024,0.190175,0.195108,0.160136,0.109527,0.064211,0.032938,0.015019,0.006163,0.002299,0.000786,0.000348,0.98349,0.01651,1,0.016648,0.915735,0.084265,1,0.088028,0.776711,0.223289,0,1.499287,0.586536,0.413464,0,0.883185,0.391427,0.608573,0,0.496639,0.231291,0.768709,0,0.263043,0.121764,0.878236,0,0.12984,0.057554,0.942446,0,0.059276,0.146446,0.281337,0.270238,0.173052,0.083112,0.031933,0.010225,0.002806,0.000674,0.000144,3.3e-05,0.112748,0.246084,0.268551,0.19538,0.106609,0.046537,0.016929,0.005278,0.00144,0.000349,9.4e-05,0.853554,0.146446,0.572217,0.427783,0.301979,0.698021,0.128927,0.871073,0.045815,0.954185,0.013882,0.986118,0.887251,0.112749,0.641168,0.358832,0.372616,0.627384,0.177236,0.822764,0.070627,0.929373,0.02409,0.97591,1,0.158346,1,0.119627,0,0.849139,0,1.024901,0,0.359506,0,0.466196,0,0.138029,0,0.195086,0,0.046898,0,0.073245,0,0.013979,0,0.024385
2595,2025/26,28,Widzew Łódź,Bruk-Bet Termalica Nieciecza,3.0,3.0,6.0,1.9285,2.2733,4.2018,1,926.3014,0.5467,0.6286,0.095,0.1155,-0.0495,0.014968,0.062894,0.132135,0.185069,0.194407,0.163372,0.11441,0.068676,0.03607,0.01684,0.007076,0.002703,0.000946,0.000432,0.985032,0.014968,1,0.015082,0.922137,0.077863,1,0.081061,0.790002,0.209998,1,0.235719,0.604933,0.395067,1,0.502637,0.410526,0.589474,1,0.890315,0.247154,0.752846,1,1.397744,0.132744,0.867256,0,0.142421,0.064068,0.935932,0,0.066212,0.145366,0.280338,0.270316,0.173768,0.083778,0.032313,0.010386,0.002861,0.00069,0.000148,3.4e-05,0.102972,0.234086,0.266074,0.201622,0.114587,0.052098,0.019739,0.00641,0.001822,0.00046,0.00013,0.854634,0.145366,0.574295,0.425705,0.303979,0.696021,0.130211,0.869789,0.046432,0.953568,0.014119,0.985881,0.897027,0.102973,0.662942,0.337058,0.396868,0.603132,0.195246,0.804754,0.080659,0.919341,0.028561,0.971439,1,0.157082,1,0.108669,1,0.554612,1,0.411068,1,1.190797,1,0.924152,0,0.139505,0,0.217219,0,0.047545,0,0.084098,0,0.01422,0,0.028977
2596,2025/26,29,Arka Gdynia,Jagiellonia Białystok,2.0,4.0,6.0,1.968,2.2462,4.2142,1,941.145,0.5426,0.6216,0.0949,0.119,-0.0489,0.014783,0.062301,0.131276,0.18441,0.194287,0.163755,0.115017,0.069245,0.036477,0.01708,0.007198,0.002758,0.000968,0.000444,0.985217,0.014783,1,0.014894,0.922915,0.077085,1,0.080218,0.791639,0.208361,1,0.233649,0.607229,0.392771,1,0.498849,0.412942,0.587058,1,0.884448,0.249187,0.750813,1,1.389551,0.13417,0.86583,0,0.144066,0.064925,0.935075,0,0.067129,0.139736,0.275001,0.270601,0.177514,0.087337,0.034376,0.011275,0.00317,0.00078,0.000171,4.1e-05,0.105801,0.237649,0.266904,0.19984,0.11222,0.050414,0.018873,0.006056,0.0017,0.000424,0.000118,0.860264,0.139736,0.585263,0.414737,0.314663,0.685337,0.137149,0.862851,0.049812,0.950188,0.015436,0.984564,0.894199,0.105801,0.65655,0.34345,0.389646,0.610354,0.189806,0.810194,0.077586,0.922414,0.027173,0.972827,1,0.150516,1,0.111827,1,0.535694,1,0.420756,0,0.377845,1,0.942517,0,0.147513,1,1.661753,0,0.051095,0,0.080761,0,0.015556,0,0.027549
2597,2025/26,29,Bruk-Bet Termalica Nieciecza,Wisła Płock,2.0,0.0,2.0,1.8658,2.1627,4.0284,1,941.145,0.5426,0.6216,0.0949,0.119,-0.0489,0.017803,0.071716,0.144451,0.193969,0.195347,0.157388,0.105671,0.060812,0.030622,0.013706,0.005522,0.002022,0.000679,0.000292,0.982197,0.017803,1,0.017963,0.910481,0.089519,1,0.093782,0.76603,0.23397,0,1.452564,0.572061,0.427939,0,0.848775,0.376714,0.623286,0,0.472749,0.219326,0.780674,0,0.247598,0.113655,0.886345,0,0.120649,0.052843,0.947157,0,0.054291,0.154772,0.288774,0.269397,0.167547,0.078152,0.029163,0.009069,0.002417,0.000564,0.000117,2.6e-05,0.115014,0.248741,0.268976,0.193905,0.10484,0.045347,0.016345,0.00505,0.001365,0.000328,8.7e-05,0.845228,0.154772,0.556453,0.443547,0.287056,0.712944,0.119509,0.880491,0.041356,0.958644,0.012193,0.987807,0.884985,0.115015,0.636244,0.363756,0.367268,0.632732,0.173363,0.826637,0.068523,0.931477,0.023176,0.976824,1,0.168149,0,2.162693,1,0.586173,0,1.011272,0,0.338352,0,0.457708,0,0.127276,0,0.19039,0,0.042235,0,0.070984,0,0.012268,0,0.023449
2598,2025/26,29,Legia Warszawa,Zagłębie Lubin,1.0,3.0,4.0,1.9402,2.1278,4.068,1,941.145,0.5426,0.6216,0.0949,0.119,-0.0489,0.017112,0.06961,0.141587,0.191991,0.195255,0.15886,0.107707,0.062593,0.031828,0.014386,0.005852,0.002164,0.000734,0.00032,0.982888,0.017112,1,0.01726,0.913278,0.086722,1,0.090715,0.771692,0.228308,1,0.25917,0.5797,0.4203,1,0.545244,0.384445,0.615555,0,0.485231,0.225585,0.774415,0,0.255648,0.117879,0.882121,0,0.125426,0.055286,0.944714,0,0.056873,0.143675,0.278759,0.270424,0.174892,0.084831,0.032918,0.010645,0.00295,0.000716,0.000154,3.6e-05,0.119099,0.253419,0.269612,0.191227,0.101723,0.043289,0.015352,0.004667,0.001241,0.000293,7.7e-05,0.856325,0.143675,0.577566,0.422434,0.307142,0.692858,0.13225,0.86775,0.047419,0.952581,0.014501,0.985499,0.880901,0.119099,0.627482,0.372518,0.357869,0.642131,0.166642,0.833358,0.064919,0.935081,0.02163,0.97837,1,0.155105,1,0.12681,0,0.861722,1,0.46604,0,0.36693,1,1.027588,0,0.141852,0,0.182292,0,0.04858,0,0.067122,0,0.014607,0,0.021867
2599,2025/26,29,Lechia Gdańsk,Piast Gliwice,1.0,3.0,4.0,1.9258,2.1836,4.1094,1,941.145,0.5426,0.6216,0.0949,0.119,-0.0489,0.016418,0.067468,0.138626,0.189888,0.19508,0.160331,0.10981,0.064464,0.033114,0.01512,0.006213,0.002321,0.000795,0.000352,0.983582,0.016418,1,0.016554,0.916114,0.083886,1,0.087614,0.777488,0.222512,1,0.251686,0.5876,0.4124,1,0.531708,0.39252,0.60748,0,0.498437,0.232189,0.767811,0,0.264212,0.122379,0.877621,0,0.13054,0.057914,0.942086,0,0.059659,0.145759,0.280703,0.270289,0.173507,0.083535,0.032174,0.010327,0.002841,0.000684,0.000146,3.4e-05,0.112635,0.24595,0.268529,0.195453,0.106698,0.046597,0.016958,0.00529,0.001444,0.00035,9.4e-05,0.854241,0.145759,0.573538,0.426462,0.303249,0.696751,0.129742,0.870258,0.046207,0.953793,0.014032,0.985968,0.887364,0.112636,0.641414,0.358586,0.372885,0.627115,0.177432,0.822568,0.070734,0.929266,0.024137,0.975863,1,0.157542,1,0.1195,0,0.852232,1,0.44408,0,0.361327,1,0.986485,0,0.138966,0,0.195324,0,0.047309,0,0.07336,0,0.014131,0,0.024433
2600,2025/26,29,Górnik Zabrze,Korona Kielce,0.0,3.0,3.0,2.0003,2.2029,4.2032,1,941.145,0.5426,0.6216,0.0949,0.119,-0.0489,0.014947,0.062827,0.132038,0.184995,0.194394,0.163416,0.114479,0.06874,0.036116,0.016867,0.00709,0.002709,0.000949,0.000434,0.985053,0.014947,1,0.01506,0.922226,0.077774,1,0.080965,0.790188,0.209812,1,0.235485,0.605193,0.394807,0,0.929358,0.410799,0.589201,0,0.528988,0.247383,0.752617,0,0.284199,0.132904,0.867096,0,0.142606,0.064164,0.935836,0,0.066316,0.135295,0.27063,0.270671,0.180474,0.090251,0.036106,0.012037,0.00344,0.00086,0.000191,4.6e-05,0.110482,0.243381,0.268072,0.196846,0.108408,0.047762,0.017536,0.005519,0.00152,0.000372,0.000101,0.864705,0.135295,0.594075,0.405925,0.323405,0.676595,0.14293,0.85707,0.05268,0.94732,0.016574,0.983426,0.889517,0.110483,0.646136,0.353864,0.378063,0.621937,0.181218,0.818782,0.07281,0.92719,0.025047,0.974953,0,2.000298,1,0.117077,0,0.901587,1,0.436745,0,0.390682,1,0.972694,0,0.154236,0,0.199937,0,0.054118,0,0.075597,0,0.016713,0,0.025366
2601,2025/26,29,Radomiak Radom,Widzew Łódź,4.0,2.0,6.0,2.0113,2.2717,4.283,1,941.145,0.5426,0.6216,0.0949,0.119,-0.0489,0.013801,0.059111,0.126586,0.180722,0.193508,0.165758,0.118323,0.072397,0.038759,0.018445,0.0079,0.003076,0.001098,0.000515,0.986199,0.013801,1,0.013898,0.927087,0.072913,1,0.075708,0.800501,0.199499,1,0.222517,0.619779,0.380221,1,0.478393,0.426271,0.573729,1,0.85268,0.260513,0.739487,1,1.345103,0.14219,0.85781,0,0.153372,0.069793,0.930207,0,0.072348,0.133815,0.269141,0.270662,0.181461,0.091243,0.036703,0.012304,0.003535,0.000889,0.000199,4.8e-05,0.103137,0.234296,0.266125,0.201518,0.114447,0.051998,0.019687,0.006389,0.001814,0.000458,0.00013,0.866185,0.133815,0.597044,0.402956,0.326382,0.673618,0.144921,0.855079,0.053678,0.946322,0.016975,0.983025,0.896862,0.103138,0.662567,0.337433,0.396442,0.603558,0.194924,0.805076,0.080476,0.919524,0.028478,0.971522,1,0.143657,1,0.108853,1,0.515764,1,0.411634,1,1.119687,0,0.504913,1,1.931567,0,0.216819,0,0.055172,0,0.083899,0,0.017121,0,0.028891
2602,2025/26,29,Pogoń Szczecin,Lech Poznań,3.0,3.0,6.0,2.0192,2.1914,4.2106,1,941.145,0.5426,0.6216,0.0949,0.119,-0.0489,0.014838,0.062476,0.13153,0.184605,0.194323,0.163642,0.114838,0.069076,0.036356,0.017009,0.007162,0.002741,0.000962,0.000441,0.985162,0.014838,1,0.014949,0.922686,0.077314,1,0.080466,0.791156,0.208844,1,0.23426,0.606551,0.393449,1,0.499966,0.412228,0.587772,1,0.886179,0.248585,0.751415,1,1.391969,0.133747,0.866253,0,0.143578,0.064671,0.935329,0,0.066857,0.132762,0.268072,0.270646,0.182163,0.091956,0.037135,0.012497,0.003605,0.00091,0.000204,5e-05,0.11176,0.244911,0.268349,0.19602,0.10739,0.047067,0.01719,0.005382,0.001474,0.000359,9.7e-05,0.867238,0.132762,0.599166,0.400834,0.32852,0.67148,0.146357,0.853643,0.054402,0.945598,0.017266,0.982734,0.888239,0.111761,0.643328,0.356672,0.374979,0.625021,0.178959,0.821041,0.071569,0.928431,0.024502,0.975498,1,0.142442,1,0.118514,1,0.512217,1,0.441101,1,1.113158,1,0.980885,0,0.158242,0,0.197182,0,0.055938,0,0.074259,0,0.017417,0,0.024807
2603,2025/26,29,GKS Katowice,Motor Lublin,2.0,5.0,7.0,2.0282,2.1338,4.162,1,941.145,0.5426,0.6216,0.0949,0.119,-0.0489,0.015576,0.064829,0.134909,0.187164,0.194744,0.162105,0.112447,0.066858,0.034783,0.016085,0.006695,0.002533,0.000879,0.000396,0.984424,0.015576,1,0.015699,0.919595,0.080405,1,0.083822,0.784686,0.215314,1,0.242472,0.597522,0.402478,1,0.514963,0.402779,0.597221,1,0.909368,0.240674,0.759326,1,1.424312,0.128227,0.871773,1,2.05395,0.06137,0.93863,0,0.063334,0.131572,0.266855,0.270617,0.182955,0.092767,0.03763,0.01272,0.003686,0.000934,0.000211,5.2e-05,0.118387,0.252613,0.269513,0.191696,0.10226,0.043641,0.01552,0.004731,0.001262,0.000299,7.8e-05,0.868428,0.131572,0.601573,0.398427,0.330956,0.669044,0.148,0.852,0.055233,0.944767,0.017603,0.982397,0.881613,0.118387,0.629,0.371,0.359487,0.640513,0.167791,0.832209,0.065531,0.934469,0.02189,0.97811,1,0.141071,1,0.126002,1,0.508207,1,0.463624,0,0.401905,1,1.023077,0,0.160169,1,1.785036,0,0.056817,1,2.725232,0,0.01776,0,0.022133
2604,2025/26,29,Raków Częstochowa,Cracovia,1.0,2.0,3.0,1.8662,2.2436,4.1098,1,941.145,0.5426,0.6216,0.0949,0.119,-0.0489,0.01641,0.067444,0.138592,0.189864,0.195078,0.160348,0.109834,0.064486,0.033128,0.015128,0.006217,0.002323,0.000796,0.000352,0.98359,0.01641,1,0.016546,0.916146,0.083854,1,0.08758,0.777554,0.222446,1,0.251602,0.58769,0.41231,0,0.88598,0.392612,0.607388,0,0.498588,0.232265,0.767735,0,0.26431,0.122431,0.877569,0,0.130599,0.057945,0.942055,0,0.059691,0.15471,0.288721,0.269405,0.167588,0.078188,0.029183,0.009077,0.00242,0.000565,0.000117,2.6e-05,0.106076,0.237992,0.266979,0.199665,0.111992,0.050253,0.018791,0.006023,0.001689,0.000421,0.000117,0.845289,0.154711,0.556569,0.443431,0.287164,0.712836,0.119576,0.880424,0.041387,0.958613,0.012204,0.987796,0.893923,0.106077,0.655931,0.344069,0.388952,0.611048,0.189287,0.810713,0.077295,0.922705,0.027042,0.972958,1,0.168077,1,0.112136,0,0.813213,1,0.4217,0,0.338504,0,0.49258,0,0.127352,0,0.209841,0,0.042268,0,0.080446,0,0.012279,0,0.027414
2605,2025/26,30,Wisła Płock,Radomiak Radom,3.0,2.0,5.0,1.9968,2.1663,4.1631,1,948.0391,0.5344,0.6168,0.1015,0.1167,-0.0451,0.015559,0.064774,0.13483,0.187105,0.194735,0.162141,0.112502,0.066909,0.034819,0.016106,0.006705,0.002538,0.00088,0.000397,0.984441,0.015559,1,0.015681,0.919667,0.080333,1,0.083743,0.784837,0.215163,1,0.242279,0.597732,0.402268,1,0.514613,0.402997,0.597003,1,0.908827,0.240856,0.759144,0,0.275563,0.128353,0.871647,0,0.137371,0.061445,0.938555,0,0.063413,0.135769,0.271104,0.27067,0.180158,0.089935,0.035916,0.011953,0.00341,0.000851,0.000189,4.6e-05,0.114601,0.24826,0.268903,0.194175,0.10516,0.045562,0.01645,0.005091,0.001379,0.000332,8.9e-05,0.864231,0.135769,0.593127,0.406873,0.322457,0.677543,0.142299,0.857701,0.052365,0.947635,0.016448,0.983552,0.885399,0.114601,0.637139,0.362861,0.368236,0.631764,0.174062,0.825938,0.068901,0.931099,0.02334,0.97666,1,0.145915,1,0.121717,1,0.522347,1,0.450767,1,1.131785,0,0.459239,0,0.1535,0,0.191236,0,0.053786,0,0.07139,0,0.016585,0,0.023617
2606,2025/26,30,Lechia Gdańsk,Raków Częstochowa,2.0,2.0,4.0,2.0317,2.1943,4.226,1,948.0391,0.5344,0.6168,0.1015,0.1167,-0.0451,0.01461,0.061743,0.130464,0.183782,0.194168,0.164112,0.115591,0.069785,0.036864,0.01731,0.007315,0.00281,0.00099,0.000456,0.98539,0.01461,1,0.014718,0.923647,0.076353,1,0.079425,0.793183,0.206817,1,0.231701,0.609401,0.390599,1,0.495278,0.415234,0.584766,0,0.536543,0.251121,0.748879,0,0.289178,0.13553,0.86447,0,0.145639,0.065745,0.934255,0,0.068006,0.131112,0.266381,0.270603,0.183262,0.093083,0.037823,0.012808,0.003717,0.000944,0.000213,5.3e-05,0.111437,0.244525,0.268281,0.19623,0.107647,0.047242,0.017277,0.005416,0.001486,0.000362,9.8e-05,0.868887,0.131113,0.602506,0.397494,0.331903,0.668097,0.148641,0.851359,0.055558,0.944442,0.017735,0.982265,0.888563,0.111437,0.644038,0.355962,0.375757,0.624243,0.179527,0.820473,0.071881,0.928119,0.024639,0.975361,1,0.140542,1,0.11815,1,0.506658,1,0.439998,0,0.403322,0,0.471216,0,0.160921,0,0.197874,0,0.057161,0,0.074595,0,0.017894,0,0.024948
2607,2025/26,30,Zagłębie Lubin,Bruk-Bet Termalica Nieciecza,6.0,2.0,8.0,1.8975,2.287,4.1845,1,948.0391,0.5344,0.6168,0.1015,0.1167,-0.0451,0.01523,0.06373,0.133338,0.185984,0.194562,0.162828,0.113559,0.067884,0.035507,0.016509,0.006908,0.002628,0.000916,0.000416,0.98477,0.01523,1,0.015347,0.92104,0.07896,1,0.082252,0.787702,0.212298,1,0.238635,0.601718,0.398282,1,0.507966,0.407156,0.592844,1,0.898559,0.244327,0.755673,1,1.409246,0.130768,0.869232,1,2.034327,0.062885,0.937115,1,2.766452,0.149943,0.284517,0.269935,0.170734,0.080992,0.030736,0.00972,0.002635,0.000625,0.000132,3e-05,0.101571,0.232292,0.265626,0.202496,0.115777,0.052956,0.020185,0.006595,0.001885,0.000479,0.000137,0.850057,0.149943,0.56554,0.43446,0.295605,0.704395,0.124871,0.875129,0.043879,0.956121,0.013142,0.986858,0.898428,0.101572,0.666136,0.333864,0.40051,0.59949,0.198014,0.801986,0.082237,0.917763,0.029281,0.970719,1,0.162452,1,0.107109,1,0.569974,1,0.406261,1,1.218731,0,0.511676,1,2.080474,0,0.220664,1,3.126319,0,0.085816,1,4.331942,0,0.029718
2608,2025/26,30,Korona Kielce,GKS Katowice,2.0,0.0,2.0,1.954,2.0543,4.0083,1,948.0391,0.5344,0.6168,0.1015,0.1167,-0.0451,0.018163,0.072805,0.145915,0.194959,0.195365,0.156618,0.10463,0.059913,0.030019,0.01337,0.005359,0.001953,0.000652,0.000279,0.981837,0.018163,1,0.01833,0.909031,0.090969,1,0.095376,0.763116,0.236884,0,1.440187,0.568158,0.431842,0,0.839695,0.372793,0.627207,0,0.466478,0.216175,0.783825,0,0.243569,0.111545,0.888455,0,0.118271,0.051632,0.948368,0,0.053012,0.141706,0.276894,0.270525,0.176202,0.086075,0.033638,0.010955,0.003058,0.000747,0.000162,3.8e-05,0.128183,0.263325,0.270475,0.185212,0.09512,0.039081,0.013381,0.003927,0.001008,0.00023,5.8e-05,0.858294,0.141706,0.5814,0.4186,0.310875,0.689125,0.134673,0.865327,0.048598,0.951402,0.01496,0.98504,0.871817,0.128183,0.608492,0.391508,0.338017,0.661983,0.152805,0.847195,0.057685,0.942315,0.018604,0.981396,1,0.152809,0,2.054296,1,0.542316,0,0.937749,0,0.372333,0,0.412515,0,0.144648,0,0.165824,0,0.049819,0,0.059416,0,0.015073,0,0.018779
2609,2025/26,30,Cracovia,Pogoń Szczecin,3.0,4.0,7.0,1.8877,2.1052,3.9929,1,948.0391,0.5344,0.6168,0.1015,0.1167,-0.0451,0.018446,0.073652,0.147044,0.195712,0.195366,0.156016,0.103827,0.059225,0.02956,0.013115,0.005237,0.001901,0.000632,0.000269,0.981554,0.018446,1,0.018618,0.907902,0.092098,1,0.096619,0.760858,0.239142,1,0.273308,0.565147,0.434853,1,0.57067,0.369781,0.630219,1,0.994844,0.213765,0.786235,1,1.542879,0.109938,0.890062,1,2.207838,0.050713,0.949287,0,0.052045,0.15142,0.285835,0.269785,0.169758,0.080113,0.030246,0.009516,0.002566,0.000606,0.000127,2.9e-05,0.121821,0.256458,0.269948,0.189431,0.099698,0.041977,0.014728,0.004429,0.001166,0.000273,7e-05,0.84858,0.15142,0.562745,0.437255,0.29296,0.70704,0.123202,0.876798,0.043089,0.956911,0.012843,0.987157,0.878178,0.121822,0.62172,0.37828,0.351772,0.648228,0.162341,0.837659,0.062643,0.937357,0.020666,0.979334,1,0.164191,1,0.129906,1,0.574929,1,0.475265,1,1.227719,1,1.044772,0,0.131479,1,1.818056,0,0.044045,0,0.064691,0,0.012926,0,0.020883
2610,2025/26,30,Lech Poznań,Legia Warszawa,0.0,1.0,1.0,1.8952,2.2057,4.1009,1,948.0391,0.5344,0.6168,0.1015,0.1167,-0.0451,0.016558,0.067903,0.139231,0.190323,0.195123,0.160034,0.10938,0.064079,0.032847,0.014967,0.006138,0.002288,0.000782,0.000345,0.983442,0.016558,1,0.016697,0.915538,0.084462,0,2.471457,0.776307,0.223693,0,1.49748,0.585984,0.414016,0,0.88185,0.390861,0.609139,0,0.495709,0.230827,0.769173,0,0.262439,0.121447,0.878553,0,0.129479,0.057368,0.942632,0,0.059079,0.150288,0.284826,0.269901,0.170506,0.080786,0.030621,0.009672,0.002619,0.00062,0.000131,3e-05,0.110173,0.243009,0.268003,0.197045,0.108655,0.047932,0.017621,0.005552,0.001531,0.000375,0.000102,0.849712,0.150288,0.564885,0.435115,0.294984,0.705016,0.124478,0.875522,0.043692,0.956308,0.013072,0.986928,0.889826,0.110174,0.646817,0.353183,0.378814,0.621186,0.181769,0.818231,0.073114,0.926886,0.025181,0.974819,0,1.895202,1,0.116729,0,0.832145,0,1.040769,0,0.349535,0,0.476125,0,0.132935,0,0.200611,0,0.044675,0,0.075925,0,0.013158,0,0.025503
2611,2025/26,30,Jagiellonia Białystok,Górnik Zabrze,4.0,3.0,7.0,2.0917,2.127,4.2187,1,948.0391,0.5344,0.6168,0.1015,0.1167,-0.0451,0.014717,0.062088,0.130967,0.184172,0.194243,0.163891,0.115236,0.06945,0.036624,0.017167,0.007242,0.002778,0.000977,0.000448,0.985283,0.014717,1,0.014827,0.923194,0.076806,1,0.079916,0.792227,0.207773,1,0.232907,0.608056,0.391944,1,0.497489,0.413813,0.586187,1,0.882341,0.249921,0.750079,1,1.386609,0.134686,0.865314,1,2.004811,0.065236,0.934764,0,0.067461,0.123477,0.258277,0.270119,0.188336,0.098486,0.0412,0.014363,0.004292,0.001122,0.000261,6.7e-05,0.119194,0.253526,0.269625,0.191164,0.101652,0.043243,0.01533,0.004658,0.001238,0.000293,7.6e-05,0.876523,0.123477,0.618246,0.381754,0.348127,0.651873,0.159791,0.840209,0.061305,0.938695,0.020105,0.979895,0.880805,0.119195,0.627279,0.372721,0.357654,0.642346,0.166489,0.833511,0.064838,0.935162,0.021595,0.978405,1,0.131792,1,0.126919,1,0.480869,1,0.466364,1,1.055188,1,1.028189,1,1.833889,0,0.182108,0,0.063265,0,0.067036,0,0.02031,0,0.021832
2612,2025/26,30,Piast Gliwice,Arka Gdynia,2.0,2.0,4.0,1.9793,2.2109,4.1902,1,948.0391,0.5344,0.6168,0.1015,0.1167,-0.0451,0.015144,0.063455,0.132943,0.185685,0.194513,0.163008,0.113838,0.068143,0.035691,0.016617,0.006963,0.002652,0.000926,0.000421,0.984856,0.015144,1,0.01526,0.921401,0.078599,1,0.08186,0.788458,0.211542,1,0.237676,0.602773,0.397227,1,0.506215,0.40826,0.59174,0,0.524689,0.245252,0.754748,0,0.281372,0.131414,0.868586,0,0.140889,0.063271,0.936729,0,0.065361,0.138166,0.273472,0.270641,0.17856,0.088356,0.034977,0.011538,0.003263,0.000807,0.000178,4.3e-05,0.109602,0.242319,0.267872,0.197412,0.109115,0.048248,0.017779,0.005615,0.001552,0.000381,0.000104,0.861834,0.138166,0.588362,0.411638,0.317721,0.682279,0.139161,0.860839,0.050805,0.949195,0.015828,0.984172,0.890397,0.109603,0.648078,0.351922,0.380207,0.619793,0.182795,0.817205,0.07368,0.92632,0.025431,0.974569,1,0.148693,1,0.116088,1,0.530413,1,0.433744,0,0.382317,0,0.47837,0,0.149848,0,0.201865,0,0.052141,0,0.076536,0,0.015955,0,0.02576
2613,2025/26,30,Widzew Łódź,Motor Lublin,2.0,1.0,3.0,2.0825,2.2634,4.3459,1,948.0391,0.5344,0.6168,0.1015,0.1167,-0.0451,0.01296,0.056324,0.122387,0.177293,0.192623,0.167423,0.121266,0.075287,0.040898,0.019749,0.008583,0.003391,0.001228,0.000588,0.98704,0.01296,1,0.013045,0.930716,0.069284,1,0.071801,0.808329,0.191671,1,0.212787,0.631035,0.368965,0,0.997055,0.438412,0.561588,0,0.576987,0.270989,0.729011,0,0.316067,0.149723,0.850277,0,0.162193,0.074436,0.925564,0,0.077352,0.124618,0.259518,0.270223,0.18758,0.097659,0.040675,0.014118,0.0042,0.001093,0.000253,6.4e-05,0.103996,0.235385,0.266385,0.200979,0.113724,0.051481,0.01942,0.006279,0.001777,0.000447,0.000126,0.875381,0.124619,0.615864,0.384136,0.345641,0.654359,0.158062,0.841938,0.060403,0.939597,0.019728,0.980272,0.896003,0.103997,0.660618,0.339382,0.394232,0.605768,0.193253,0.806747,0.079529,0.920471,0.028049,0.971951,1,0.133096,1,0.109812,1,0.484729,0,1.080629,0,0.424099,0,0.501258,0,0.172049,0,0.214745,0,0.062304,0,0.08287,0,0.019925,0,0.02845
2614,2025/26,31,Arka Gdynia,Górnik Zabrze,0.0,2.0,2.0,2.0658,2.2224,4.2881,1,955.8806,0.5416,0.6193,0.1024,0.1136,-0.047,0.01373,0.058878,0.126239,0.180443,0.193441,0.165901,0.118567,0.072633,0.038933,0.01855,0.007954,0.003101,0.001108,0.000521,0.98627,0.01373,1,0.013826,0.927391,0.072609,1,0.07538,0.801152,0.198848,0,1.615216,0.620709,0.379291,0,0.969452,0.427268,0.572732,0,0.557337,0.261367,0.738633,0,0.302954,0.1428,0.8572,0,0.154084,0.070167,0.929833,0,0.07275,0.126717,0.261772,0.270384,0.186186,0.096156,0.039728,0.013678,0.004037,0.001042,0.000239,6e-05,0.108349,0.240794,0.267571,0.198216,0.110129,0.04895,0.018131,0.005756,0.001599,0.000395,0.000109,0.873283,0.126717,0.611511,0.388489,0.341127,0.658873,0.154941,0.845059,0.058785,0.941215,0.019057,0.980943,0.891651,0.108349,0.650856,0.349144,0.383286,0.616714,0.185069,0.814931,0.07494,0.92506,0.02599,0.97401,0,2.065799,1,0.11468,0,0.94549,1,0.429467,0,0.417224,0,0.48335,0,0.168349,0,0.204652,0,0.060584,0,0.077897,0,0.019241,0,0.026334
2615,2025/26,31,Legia Warszawa,Widzew Łódź,4.0,2.0,6.0,2.0585,2.2404,4.2989,1,955.8806,0.5416,0.6193,0.1024,0.1136,-0.047,0.013584,0.058395,0.125516,0.17986,0.193299,0.166194,0.119075,0.073127,0.039296,0.01877,0.008069,0.003153,0.00113,0.000533,0.986416,0.013584,1,0.013677,0.928021,0.071979,1,0.0747,0.802505,0.197495,1,0.220017,0.622645,0.377355,1,0.473778,0.429346,0.570654,1,0.845492,0.263152,0.736848,1,1.335024,0.144077,0.855923,0,0.155575,0.07095,0.92905,0,0.073593,0.127645,0.262758,0.270444,0.185569,0.095499,0.039317,0.013489,0.003967,0.001021,0.000233,5.9e-05,0.106416,0.238414,0.267072,0.199449,0.111711,0.050056,0.018691,0.005982,0.001675,0.000417,0.000116,0.872354,0.127646,0.609597,0.390403,0.339153,0.660847,0.153584,0.846416,0.058085,0.941915,0.018768,0.981232,0.893583,0.106417,0.655169,0.344831,0.388097,0.611903,0.188648,0.811352,0.076937,0.923063,0.026881,0.973119,1,0.13656,1,0.112516,1,0.494957,1,0.422862,1,1.081304,0,0.491182,1,1.873508,0,0.209053,0,0.05984,0,0.080058,0,0.018946,0,0.027249
2616,2025/26,31,Motor Lublin,Lech Poznań,0.0,0.0,0.0,1.9603,2.2574,4.2177,1,955.8806,0.5416,0.6193,0.1024,0.1136,-0.047,0.014732,0.062136,0.131037,0.184225,0.194253,0.163861,0.115187,0.069404,0.036591,0.017148,0.007232,0.002773,0.000975,0.000448,0.985268,0.014732,0,4.217723,0.923132,0.076868,0,2.565662,0.792095,0.207905,0,1.570675,0.60787,0.39213,0,0.936162,0.413617,0.586383,0,0.533782,0.249756,0.750244,0,0.287357,0.13457,0.86543,0,0.144528,0.065166,0.934834,0,0.067386,0.140816,0.276042,0.270563,0.176795,0.086643,0.033969,0.011098,0.003108,0.000762,0.000166,3.9e-05,0.104622,0.236174,0.26657,0.200585,0.1132,0.051108,0.019228,0.006201,0.00175,0.000439,0.000123,0.859184,0.140816,0.583142,0.416858,0.312579,0.687421,0.135785,0.864215,0.049142,0.950858,0.015173,0.984827,0.895377,0.104623,0.659203,0.340797,0.392633,0.607367,0.192049,0.807951,0.078849,0.921151,0.027741,0.972259,0,1.960301,0,2.257392,0,0.87501,0,1.076468,0,0.374808,0,0.498622,0,0.145934,0,0.213254,0,0.050391,0,0.082131,0,0.015289,0,0.028133
2617,2025/26,31,Zagłębie Lubin,Cracovia,2.0,2.0,4.0,1.924,2.3237,4.2477,1,955.8806,0.5416,0.6193,0.1024,0.1136,-0.047,0.014297,0.060729,0.12898,0.182623,0.193933,0.164754,0.116638,0.070778,0.03758,0.017737,0.007534,0.002909,0.00103,0.000478,0.985703,0.014297,1,0.0144,0.924974,0.075026,1,0.07799,0.795994,0.204006,1,0.228164,0.61337,0.38663,1,0.488786,0.419437,0.580563,0,0.543758,0.254683,0.745317,0,0.293946,0.138046,0.861954,0,0.148553,0.067268,0.932732,0,0.069637,0.146022,0.280946,0.27027,0.173333,0.083373,0.032082,0.010288,0.002828,0.00068,0.000145,3.4e-05,0.097911,0.227515,0.264338,0.204748,0.118943,0.055278,0.021408,0.007107,0.002064,0.000533,0.000155,0.853978,0.146022,0.573032,0.426968,0.302763,0.697237,0.12943,0.87057,0.046056,0.953944,0.013974,0.986026,0.902088,0.097912,0.674573,0.325427,0.410235,0.589765,0.205487,0.794513,0.086544,0.913456,0.031267,0.968733,1,0.15785,1,0.103043,1,0.556814,1,0.393675,0,0.36063,0,0.528031,0,0.138607,0,0.230026,0,0.04715,0,0.09052,0,0.014073,0,0.031766
2618,2025/26,31,Radomiak Radom,Lechia Gdańsk,1.0,2.0,3.0,1.9934,2.288,4.2813,1,955.8806,0.5416,0.6193,0.1024,0.1136,-0.047,0.013824,0.059186,0.126698,0.180812,0.193529,0.165712,0.118245,0.072321,0.038704,0.018412,0.007883,0.003068,0.001095,0.000513,0.986176,0.013824,1,0.013921,0.92699,0.07301,1,0.075813,0.800292,0.199708,1,0.222778,0.619481,0.380519,0,0.966218,0.425952,0.574048,0,0.555042,0.26024,0.73976,0,0.301429,0.141995,0.858005,0,0.153145,0.069674,0.930326,0,0.07222,0.136231,0.271564,0.270668,0.17985,0.089628,0.035733,0.011872,0.003381,0.000842,0.000187,4.5e-05,0.101469,0.232162,0.265593,0.202559,0.115864,0.053019,0.020218,0.006608,0.00189,0.00048,0.000137,0.863768,0.136232,0.592205,0.407795,0.321537,0.678463,0.141687,0.858313,0.052059,0.947941,0.016326,0.983674,0.89853,0.10147,0.666368,0.333632,0.400776,0.599224,0.198217,0.801783,0.082353,0.917647,0.029334,0.970666,1,0.146451,1,0.106995,0,0.896991,1,0.405913,0,0.387925,0,0.51212,0,0.152786,0,0.220917,0,0.053463,0,0.085942,0,0.016461,0,0.029773
2619,2025/26,31,Pogoń Szczecin,Wisła Płock,1.0,2.0,3.0,1.9716,2.1015,4.0731,1,955.8806,0.5416,0.6193,0.1024,0.1136,-0.047,0.017025,0.069343,0.14122,0.191734,0.195238,0.159045,0.107968,0.062823,0.031986,0.014476,0.005896,0.002183,0.000741,0.000324,0.982975,0.017025,1,0.017171,0.913633,0.086367,1,0.090326,0.772413,0.227587,1,0.258236,0.580679,0.419321,0,0.869119,0.385441,0.614559,0,0.486851,0.226397,0.773603,0,0.256696,0.118429,0.881571,0,0.12605,0.055606,0.944394,0,0.057212,0.139234,0.274514,0.270615,0.177848,0.087662,0.034567,0.011359,0.003199,0.000788,0.000173,4.1e-05,0.122273,0.256956,0.269997,0.189133,0.099366,0.041763,0.014628,0.004391,0.001154,0.000269,6.9e-05,0.860766,0.139234,0.586252,0.413748,0.315637,0.684363,0.137788,0.862212,0.050127,0.949873,0.01556,0.98444,0.877727,0.122273,0.62077,0.37923,0.350773,0.649227,0.16164,0.83836,0.062275,0.937725,0.020511,0.979489,1,0.149933,1,0.13042,0,0.882498,1,0.476795,0,0.379267,0,0.431973,0,0.148254,0,0.176308,0,0.051427,0,0.064299,0,0.015682,0,0.020724
2620,2025/26,31,Korona Kielce,Piast Gliwice,2.0,0.0,2.0,1.8497,2.0218,3.8715,1,955.8806,0.5416,0.6193,0.1024,0.1136,-0.047,0.020827,0.080632,0.156083,0.201426,0.194955,0.150954,0.097403,0.053871,0.02607,0.011215,0.004342,0.001528,0.000493,0.000201,0.979173,0.020827,1,0.021047,0.898541,0.101459,1,0.106982,0.742458,0.257542,0,1.356574,0.541033,0.458967,0,0.778777,0.346078,0.653922,0,0.424767,0.195123,0.804877,0,0.217066,0.09772,0.90228,0,0.10283,0.043849,0.956151,0,0.044839,0.157284,0.290929,0.269066,0.165897,0.076715,0.02838,0.008749,0.002312,0.000535,0.00011,2.4e-05,0.132417,0.26772,0.270639,0.182392,0.09219,0.037278,0.012561,0.003628,0.000917,0.000206,5.1e-05,0.842716,0.157284,0.551787,0.448213,0.282721,0.717279,0.116824,0.883176,0.040109,0.959891,0.01173,0.98827,0.867583,0.132417,0.599862,0.400138,0.329224,0.670776,0.146831,0.853169,0.054641,0.945359,0.017363,0.982637,1,0.171125,0,2.021799,1,0.594593,0,0.915946,0,0.33229,0,0.39932,0,0.124231,0,0.158798,0,0.040936,0,0.056191,0,0.011799,0,0.017516
2621,2025/26,31,GKS Katowice,Bruk-Bet Termalica Nieciecza,0.0,1.0,1.0,2.015,2.1873,4.2024,1,955.8806,0.5416,0.6193,0.1024,0.1136,-0.047,0.01496,0.062868,0.132097,0.18504,0.194402,0.16339,0.114437,0.068701,0.036089,0.016851,0.007081,0.002705,0.000947,0.000433,0.98504,0.01496,1,0.015073,0.922172,0.077828,0,2.553259,0.790076,0.209924,0,1.561009,0.605036,0.394964,0,0.928961,0.410635,0.589365,0,0.528709,0.247245,0.752755,0,0.284015,0.132808,0.867192,0,0.142494,0.064106,0.935894,0,0.066253,0.13332,0.268641,0.270655,0.18179,0.091577,0.036905,0.012394,0.003568,0.000899,0.000201,4.9e-05,0.112219,0.245457,0.268444,0.195723,0.107026,0.04682,0.017068,0.005333,0.001458,0.000354,9.6e-05,0.866679,0.133321,0.598039,0.401961,0.327383,0.672617,0.145593,0.854407,0.054016,0.945984,0.017111,0.982889,0.88778,0.11222,0.642323,0.357677,0.373878,0.626122,0.178156,0.821844,0.071129,0.928871,0.02431,0.97569,0,2.014996,1,0.119031,0,0.9114,0,1.028125,0,0.396579,0,0.46821,0,0.157348,0,0.196205,0,0.05553,0,0.073785,0,0.017259,0,0.02461
2622,2025/26,31,Raków Częstochowa,Jagiellonia Białystok,1.0,4.0,5.0,1.915,2.2274,4.1424,1,955.8806,0.5416,0.6193,0.1024,0.1136,-0.047,0.015884,0.0658,0.136285,0.188183,0.194884,0.161458,0.111471,0.065966,0.034157,0.015722,0.006513,0.002453,0.000847,0.000379,0.984116,0.015884,1,0.016012,0.918316,0.081684,1,0.085214,0.782031,0.217969,1,0.245861,0.593848,0.406152,1,0.521132,0.398965,0.601035,1,0.918883,0.237507,0.762493,0,0.271161,0.126035,0.873965,0,0.134715,0.06007,0.93993,0,0.061949,0.147342,0.28216,0.270168,0.172457,0.082564,0.031622,0.010093,0.002761,0.000661,0.000141,3.2e-05,0.107808,0.240132,0.267435,0.198562,0.110569,0.049256,0.018286,0.005818,0.00162,0.000401,0.000111,0.852658,0.147342,0.570498,0.429502,0.300331,0.699669,0.127873,0.872127,0.04531,0.95469,0.013688,0.986312,0.892191,0.107809,0.652059,0.347941,0.384623,0.615377,0.186061,0.813939,0.075492,0.924508,0.026236,0.973764,1,0.159397,1,0.114075,0,0.845129,1,0.42762,0,0.357148,1,0.955492,0,0.13682,1,1.681681,0,0.046369,0,0.078494,0,0.013783,0,0.026586
2623,2025/26,32,Wisła Płock,Motor Lublin,2.0,2.0,4.0,1.9946,2.1745,4.1691,1,974.0112,0.5338,0.6124,0.1005,0.1198,-0.0467,0.015467,0.064482,0.134414,0.186794,0.194689,0.162334,0.112797,0.06718,0.03501,0.016217,0.006761,0.002563,0.00089,0.000402,0.984533,0.015467,1,0.015588,0.920051,0.079949,1,0.083326,0.785637,0.214363,1,0.24126,0.598843,0.401157,1,0.512756,0.404154,0.595846,0,0.517773,0.24182,0.75818,0,0.276834,0.129023,0.870977,0,0.138139,0.061843,0.938157,0,0.063838,0.136068,0.271401,0.270669,0.179959,0.089736,0.035798,0.0119,0.003391,0.000845,0.000187,4.5e-05,0.113665,0.247164,0.26873,0.194784,0.10589,0.046051,0.01669,0.005185,0.001409,0.00034,9.1e-05,0.863932,0.136068,0.59253,0.40747,0.321862,0.678138,0.141903,0.858097,0.052167,0.947833,0.016369,0.983631,0.886335,0.113665,0.63917,0.36083,0.37044,0.62956,0.175656,0.824344,0.069767,0.930233,0.023715,0.976285,1,0.146261,1,0.12066,1,0.523354,1,0.447585,0,0.388404,0,0.462734,0,0.153038,0,0.193167,0,0.053577,0,0.07232,0,0.016504,0,0.024001
2624,2025/26,32,Bruk-Bet Termalica Nieciecza,Legia Warszawa,2.0,1.0,3.0,1.9091,2.1945,4.1036,1,974.0112,0.5338,0.6124,0.1005,0.1198,-0.0467,0.016513,0.067764,0.139037,0.190184,0.195109,0.16013,0.109518,0.064202,0.032933,0.015016,0.006162,0.002299,0.000786,0.000347,0.983487,0.016513,1,0.016651,0.915723,0.084277,1,0.088041,0.776686,0.223314,1,0.252719,0.586502,0.413498,0,0.883102,0.391393,0.608607,0,0.496582,0.231263,0.768737,0,0.263006,0.121745,0.878255,0,0.129818,0.057542,0.942458,0,0.059264,0.148214,0.282955,0.270095,0.171879,0.082034,0.031322,0.009966,0.002718,0.000649,0.000138,3.2e-05,0.111414,0.244499,0.268276,0.196244,0.107664,0.047254,0.017283,0.005418,0.001486,0.000362,9.8e-05,0.851786,0.148214,0.568831,0.431169,0.298737,0.701263,0.126858,0.873142,0.044824,0.955176,0.013502,0.986498,0.888585,0.111415,0.644087,0.355913,0.375811,0.624189,0.179567,0.820433,0.071902,0.928098,0.024648,0.975352,1,0.16042,1,0.118125,1,0.564172,0,1.033069,0,0.354872,0,0.471302,0,0.135657,0,0.197923,0,0.04586,0,0.074618,0,0.013594,0,0.024957
2625,2025/26,32,Górnik Zabrze,Zagłębie Lubin,0.0,1.0,1.0,1.8406,2.1578,3.9984,1,974.0112,0.5338,0.6124,0.1005,0.1198,-0.0467,0.018344,0.073349,0.14664,0.195444,0.195367,0.156232,0.104114,0.05947,0.029723,0.013205,0.00528,0.001919,0.000639,0.000273,0.981656,0.018344,1,0.018515,0.908306,0.091694,0,2.389303,0.761666,0.238334,0,1.434082,0.566222,0.433778,0,0.835223,0.370856,0.629144,0,0.463394,0.214624,0.785376,0,0.241592,0.11051,0.88949,0,0.117107,0.05104,0.94896,0,0.052389,0.158722,0.292144,0.26886,0.164955,0.075904,0.027942,0.008572,0.002254,0.000519,0.000106,2.3e-05,0.115579,0.249397,0.269074,0.193536,0.104403,0.045056,0.016204,0.004995,0.001347,0.000323,8.6e-05,0.841278,0.158722,0.549134,0.450866,0.280274,0.719726,0.115319,0.884681,0.039415,0.960585,0.011473,0.988527,0.88442,0.11558,0.635024,0.364976,0.36595,0.63405,0.172414,0.827586,0.068011,0.931989,0.022955,0.977045,0,1.840601,1,0.122823,0,0.796585,0,1.007924,0,0.328885,0,0.455627,0,0.122528,0,0.189242,0,0.040213,0,0.070434,0,0.011539,0,0.023223
2626,2025/26,32,Cracovia,Radomiak Radom,5.0,4.0,9.0,2.0575,2.2183,4.2758,1,974.0112,0.5338,0.6124,0.1005,0.1198,-0.0467,0.013902,0.05944,0.127075,0.181113,0.193599,0.165556,0.11798,0.072065,0.038516,0.018298,0.007824,0.003041,0.001084,0.000507,0.986098,0.013902,1,0.013999,0.926659,0.073341,1,0.07617,0.799584,0.200416,1,0.223664,0.618471,0.381529,1,0.480506,0.424871,0.575129,1,0.855969,0.259315,0.740685,1,1.349712,0.141335,0.858665,1,1.95662,0.069271,0.930729,1,2.669733,0.127773,0.262893,0.270451,0.185484,0.095409,0.039261,0.013463,0.003957,0.001018,0.000233,5.8e-05,0.108794,0.241338,0.26768,0.197931,0.109768,0.0487,0.018005,0.005706,0.001582,0.00039,0.000107,0.872227,0.127773,0.609334,0.390666,0.338883,0.661117,0.153398,0.846602,0.05799,0.94201,0.018729,0.981271,0.891205,0.108795,0.649868,0.350132,0.382188,0.617812,0.184257,0.815743,0.07449,0.92551,0.02579,0.97421,1,0.136706,1,0.115181,1,0.495389,1,0.430986,1,1.0821,1,0.961843,1,1.874719,1,1.691424,1,2.847485,0,0.07741,0,0.018907,0,0.026128
2627,2025/26,32,Lech Poznań,Arka Gdynia,1.0,4.0,5.0,1.9311,2.1855,4.1166,1,974.0112,0.5338,0.6124,0.1005,0.1198,-0.0467,0.0163,0.067099,0.138111,0.189516,0.195041,0.160582,0.110176,0.064793,0.033341,0.01525,0.006278,0.002349,0.000806,0.000358,0.9837,0.0163,1,0.016434,0.916601,0.083399,1,0.087083,0.778491,0.221509,1,0.250398,0.588974,0.411026,1,0.529373,0.393933,0.606067,1,0.931574,0.233351,0.766649,0,0.265726,0.123175,0.876825,0,0.131448,0.058382,0.941618,0,0.060156,0.144989,0.279988,0.270342,0.174019,0.084012,0.032447,0.010443,0.002881,0.000695,0.000149,3.5e-05,0.112422,0.245697,0.268486,0.195592,0.106866,0.046711,0.017015,0.005312,0.001451,0.000352,9.5e-05,0.855011,0.144989,0.575024,0.424976,0.304682,0.695318,0.130663,0.869337,0.046651,0.953349,0.014203,0.985797,0.887578,0.112422,0.641881,0.358119,0.373395,0.626605,0.177803,0.822197,0.070937,0.929063,0.024226,0.975774,1,0.156641,1,0.119259,0,0.855723,1,0.443352,0,0.363386,1,0.985118,0,0.140024,1,1.727079,0,0.047774,0,0.073579,0,0.014305,0,0.024524
2628,2025/26,32,Raków Częstochowa,Korona Kielce,1.0,2.0,3.0,1.943,2.201,4.1441,1,974.0112,0.5338,0.6124,0.1005,0.1198,-0.0467,0.015858,0.065718,0.13617,0.188099,0.194873,0.161512,0.111553,0.06604,0.034209,0.015752,0.006528,0.002459,0.000849,0.00038,0.984142,0.015858,1,0.015986,0.918423,0.081577,1,0.085097,0.782253,0.217747,1,0.245577,0.594155,0.405845,0,0.901783,0.399282,0.600718,0,0.50963,0.23777,0.76223,0,0.271506,0.126217,0.873783,0,0.134923,0.060177,0.939823,0,0.062064,0.143273,0.27838,0.270447,0.175159,0.085084,0.033063,0.010707,0.002972,0.000722,0.000156,3.6e-05,0.110692,0.243634,0.268119,0.19671,0.10824,0.047647,0.017479,0.005496,0.001512,0.00037,0.000101,0.856726,0.143274,0.578346,0.421654,0.307899,0.692101,0.13274,0.86726,0.047657,0.952343,0.014593,0.985407,0.889307,0.110693,0.645673,0.354327,0.377554,0.622446,0.180844,0.819156,0.072604,0.927396,0.024957,0.975043,1,0.154637,1,0.117313,0,0.86357,1,0.437462,0,0.368023,0,0.474098,0,0.142416,0,0.199481,0,0.04883,0,0.075375,0,0.014701,0,0.025274
2629,2025/26,32,Jagiellonia Białystok,Pogoń Szczecin,1.0,0.0,1.0,1.9415,2.197,4.1385,1,974.0112,0.5338,0.6124,0.1005,0.1198,-0.0467,0.015947,0.065995,0.136561,0.188386,0.194909,0.161327,0.111276,0.065788,0.034033,0.01565,0.006477,0.002437,0.00084,0.000376,0.984053,0.015947,1,0.016075,0.918058,0.081942,0,2.501749,0.781498,0.218502,0,1.520959,0.593112,0.406888,0,0.899217,0.398203,0.601797,0,0.507834,0.236876,0.763124,0,0.270334,0.1256,0.8744,0,0.134217,0.059812,0.940188,0,0.061675,0.143489,0.278583,0.270434,0.175016,0.084948,0.032985,0.010674,0.00296,0.000718,0.000155,3.6e-05,0.111136,0.244166,0.268216,0.196424,0.107886,0.047405,0.017358,0.005448,0.001496,0.000365,9.9e-05,0.856511,0.143489,0.577928,0.422072,0.307494,0.692506,0.132478,0.867522,0.047529,0.952471,0.014544,0.985456,0.888863,0.111137,0.644697,0.355303,0.376481,0.623519,0.180057,0.819943,0.072172,0.927828,0.024767,0.975233,1,0.154888,0,2.196992,0,0.862579,0,1.034784,0,0.367438,0,0.472376,0,0.142114,0,0.19852,0,0.048696,0,0.074909,0,0.014651,0,0.025079
2630,2025/26,32,Piast Gliwice,GKS Katowice,2.0,1.0,3.0,2.0222,2.1814,4.2036,1,974.0112,0.5338,0.6124,0.1005,0.1198,-0.0467,0.014942,0.062809,0.132012,0.184975,0.19439,0.163428,0.114498,0.068757,0.036129,0.016874,0.007093,0.002711,0.00095,0.000434,0.985058,0.014942,1,0.015054,0.92225,0.07775,1,0.080939,0.790238,0.209762,1,0.235421,0.605263,0.394737,0,0.929536,0.410873,0.589127,0,0.529114,0.247446,0.752554,0,0.284282,0.132948,0.867052,0,0.142656,0.064191,0.935809,0,0.066344,0.132364,0.267666,0.270637,0.182428,0.092226,0.0373,0.012571,0.003632,0.000918,0.000206,5.1e-05,0.112883,0.246244,0.268578,0.195292,0.106503,0.046465,0.016893,0.005264,0.001435,0.000348,9.4e-05,0.867636,0.132364,0.599969,0.400031,0.329332,0.670668,0.146904,0.853096,0.054678,0.945322,0.017378,0.982622,0.887116,0.112884,0.640872,0.359128,0.372294,0.627706,0.177002,0.822998,0.070499,0.929501,0.024035,0.975965,1,0.141983,1,0.11978,1,0.510877,0,1.024076,0,0.399481,0,0.465683,0,0.158883,0,0.194802,0,0.05623,0,0.073107,0,0.017531,0,0.024329
2631,2025/26,32,Widzew Łódź,Lechia Gdańsk,4.0,2.0,6.0,2.0422,2.2583,4.3005,1,974.0112,0.5338,0.6124,0.1005,0.1198,-0.0467,0.013561,0.058321,0.125406,0.179771,0.193277,0.166239,0.119152,0.073203,0.039351,0.018803,0.008086,0.003161,0.001133,0.000535,0.986439,0.013561,1,0.013654,0.928117,0.071883,1,0.074597,0.802712,0.197288,1,0.21976,0.622941,0.377059,1,0.473304,0.429664,0.570336,1,0.844752,0.263425,0.736575,1,1.333986,0.144273,0.855727,0,0.155804,0.07107,0.92893,0,0.073722,0.129743,0.264961,0.270552,0.184174,0.09403,0.038406,0.013072,0.003814,0.000974,0.000221,5.5e-05,0.104528,0.236056,0.266542,0.200644,0.113279,0.051163,0.019257,0.006213,0.001754,0.00044,0.000124,0.870257,0.129743,0.605296,0.394704,0.334744,0.665256,0.15057,0.84943,0.056541,0.943459,0.018135,0.981865,0.895471,0.104529,0.659416,0.340584,0.392873,0.607127,0.192229,0.807771,0.078951,0.921049,0.027787,0.972213,1,0.138967,1,0.110405,1,0.502038,1,0.416401,1,1.094389,0,0.499017,1,1.893327,0,0.213477,0,0.058202,0,0.082242,0,0.018301,0,0.02818
2632,2025/26,33,Arka Gdynia,Bruk-Bet Termalica Nieciecza,1.0,4.0,5.0,1.9615,2.2168,4.1783,1,985.4888,0.5214,0.597,0.1166,0.121,-0.0499,0.015325,0.064032,0.133772,0.186311,0.194615,0.16263,0.113252,0.067599,0.035306,0.016391,0.006849,0.002601,0.000906,0.00041,0.984675,0.015325,1,0.015444,0.920643,0.079357,1,0.082683,0.786871,0.213129,1,0.239691,0.600559,0.399441,1,0.509894,0.405945,0.594055,1,0.901538,0.243315,0.756685,0,0.278808,0.130063,0.869937,0,0.139334,0.062463,0.937537,0,0.064499,0.140647,0.27588,0.270569,0.176907,0.086751,0.034032,0.011126,0.003118,0.000764,0.000167,3.9e-05,0.108957,0.241536,0.267719,0.197826,0.109635,0.048608,0.017959,0.005687,0.001576,0.000388,0.000107,0.859353,0.140647,0.583473,0.416527,0.312904,0.687096,0.135997,0.864003,0.049246,0.950754,0.015214,0.984786,0.891042,0.108958,0.649506,0.350494,0.381787,0.618213,0.18396,0.81604,0.074325,0.925675,0.025717,0.974283,1,0.151575,1,0.115364,0,0.875804,1,0.431543,0,0.375281,1,0.962892,0,0.146179,1,1.693037,0,0.0505,0,0.077232,0,0.015331,0,0.026053
2633,2025/26,33,Wisła Płock,Górnik Zabrze,3.0,1.0,4.0,2.0177,2.1187,4.1364,1,985.4888,0.5214,0.597,0.1166,0.121,-0.0499,0.015981,0.066103,0.136713,0.188498,0.194923,0.161254,0.111167,0.06569,0.033964,0.01561,0.006457,0.002428,0.000837,0.000374,0.984019,0.015981,1,0.01611,0.917916,0.082084,1,0.08565,0.781203,0.218797,1,0.246921,0.592705,0.407295,1,0.523059,0.397781,0.602219,0,0.507135,0.236527,0.763473,0,0.269878,0.12536,0.87464,0,0.133943,0.05967,0.94033,0,0.061524,0.132961,0.268275,0.270649,0.18203,0.09182,0.037053,0.01246,0.003592,0.000906,0.000203,5e-05,0.120188,0.254642,0.269755,0.19051,0.100908,0.042759,0.015099,0.00457,0.00121,0.000285,7.4e-05,0.867039,0.132961,0.598764,0.401236,0.328114,0.671886,0.146084,0.853916,0.054264,0.945736,0.017211,0.982789,0.879812,0.120188,0.62517,0.37483,0.355415,0.644585,0.164905,0.835095,0.063997,0.936003,0.021238,0.978762,1,0.142671,1,0.128047,1,0.512888,0,0.981283,1,1.114394,0,0.439149,0,0.157922,0,0.18021,0,0.055792,0,0.066137,0,0.017361,0,0.021467
2634,2025/26,33,Lechia Gdańsk,Legia Warszawa,4.0,3.0,7.0,1.9729,2.1691,4.142,1,985.4888,0.5214,0.597,0.1166,0.121,-0.0499,0.015891,0.065821,0.136315,0.188205,0.194886,0.161444,0.11145,0.065947,0.034144,0.015714,0.006509,0.002451,0.000846,0.000379,0.984109,0.015891,1,0.016019,0.918288,0.081712,1,0.085244,0.781974,0.218026,1,0.245934,0.593769,0.406231,1,0.521266,0.398882,0.601118,1,0.919089,0.237438,0.762562,1,1.437847,0.125988,0.874012,1,2.071566,0.060042,0.939958,0,0.06192,0.139053,0.274338,0.27062,0.177969,0.087779,0.034636,0.011389,0.00321,0.000792,0.000174,4.1e-05,0.11428,0.247886,0.268844,0.194383,0.105409,0.045729,0.016532,0.005123,0.001389,0.000335,9e-05,0.860947,0.139053,0.586609,0.413391,0.315989,0.684011,0.13802,0.86198,0.050241,0.949759,0.015605,0.984395,0.885719,0.114281,0.637833,0.362167,0.368989,0.631011,0.174606,0.825394,0.069196,0.930804,0.023468,0.976532,1,0.149722,1,0.121356,1,0.533397,1,0.449679,1,1.152048,1,0.996988,1,1.980357,0,0.191894,0,0.051547,0,0.071707,0,0.015728,0,0.023748
2635,2025/26,33,Motor Lublin,Cracovia,2.0,5.0,7.0,1.85,2.1709,4.0209,1,985.4888,0.5214,0.597,0.1166,0.121,-0.0499,0.017937,0.072122,0.144998,0.194341,0.195356,0.157102,0.105282,0.060475,0.030396,0.01358,0.00546,0.001996,0.000669,0.000287,0.982063,0.017937,1,0.0181,0.909941,0.090059,1,0.094375,0.764943,0.235057,1,0.267954,0.570603,0.429397,1,0.561062,0.375246,0.624754,1,0.980173,0.218145,0.781855,1,1.522596,0.112863,0.887137,1,2.18158,0.052388,0.947612,0,0.05381,0.157237,0.290889,0.269072,0.165928,0.076742,0.028394,0.008755,0.002314,0.000535,0.00011,2.4e-05,0.114075,0.247645,0.268806,0.194517,0.105569,0.045836,0.016584,0.005143,0.001396,0.000337,9e-05,0.842763,0.157237,0.551874,0.448126,0.282802,0.717198,0.116874,0.883126,0.040132,0.959868,0.011738,0.988262,0.885925,0.114075,0.638279,0.361721,0.369473,0.630527,0.174956,0.825044,0.069386,0.930614,0.02355,0.97645,1,0.171069,1,0.121123,1,0.594436,1,0.44898,0,0.332403,1,0.995678,0,0.124287,1,1.743221,0,0.04096,1,2.66807,0,0.011807,0,0.023832
2636,2025/26,33,Zagłębie Lubin,Pogoń Szczecin,1.0,3.0,4.0,1.934,2.2896,4.2236,1,985.4888,0.5214,0.597,0.1166,0.121,-0.0499,0.014645,0.061856,0.13063,0.183911,0.194193,0.16404,0.115474,0.069674,0.036785,0.017263,0.007291,0.0028,0.000985,0.000453,0.985355,0.014645,1,0.014754,0.923498,0.076502,1,0.079586,0.792869,0.207131,1,0.232098,0.608958,0.391042,1,0.496006,0.414765,0.585235,0,0.535742,0.250726,0.749274,0,0.28865,0.135252,0.864748,0,0.145317,0.065577,0.934423,0,0.067826,0.144569,0.279596,0.270369,0.174298,0.084273,0.032597,0.010507,0.002903,0.000702,0.000151,3.5e-05,0.101307,0.231952,0.265539,0.202659,0.116002,0.05312,0.020271,0.00663,0.001898,0.000483,0.000138,0.855431,0.144569,0.575835,0.424165,0.305466,0.694534,0.131168,0.868832,0.046895,0.953105,0.014298,0.985702,0.898692,0.101308,0.66674,0.33326,0.4012,0.5988,0.198541,0.801459,0.082539,0.917461,0.029419,0.970581,1,0.15615,1,0.106815,0,0.857633,1,0.405355,0,0.364514,1,0.913295,0,0.140605,0,0.221321,0,0.04803,0,0.086145,0,0.014401,0,0.02986
2637,2025/26,33,Radomiak Radom,Lech Poznań,2.0,3.0,5.0,1.9815,2.2779,4.2594,1,985.4888,0.5214,0.597,0.1166,0.121,-0.0499,0.014131,0.060188,0.128182,0.181994,0.193797,0.165093,0.1172,0.071315,0.03797,0.01797,0.007654,0.002964,0.001052,0.00049,0.985869,0.014131,1,0.014231,0.925682,0.074318,1,0.077225,0.797499,0.202501,1,0.226274,0.615505,0.384495,1,0.485312,0.421708,0.578292,1,0.863443,0.256615,0.743385,0,0.296541,0.139415,0.860585,0,0.150142,0.0681,0.9319,0,0.07053,0.137862,0.273174,0.270647,0.178763,0.088554,0.035094,0.01159,0.003281,0.000813,0.000179,4.3e-05,0.102499,0.233483,0.265925,0.201917,0.114987,0.052386,0.019888,0.006472,0.001843,0.000466,0.000132,0.862138,0.137862,0.588963,0.411037,0.318316,0.681684,0.139554,0.860446,0.050999,0.949001,0.015905,0.984095,0.8975,0.1025,0.664017,0.335983,0.398091,0.601909,0.196174,0.803826,0.081187,0.918813,0.028802,0.971198,1,0.14834,1,0.108142,1,0.529392,1,0.409448,0,0.383189,1,0.921075,0,0.150304,0,0.218372,0,0.052345,0,0.084673,0,0.016033,0,0.029225
2638,2025/26,33,Korona Kielce,Widzew Łódź,3.0,3.0,6.0,2.0104,1.9773,3.9877,1,985.4888,0.5214,0.597,0.1166,0.121,-0.0499,0.018543,0.073942,0.147429,0.195966,0.195363,0.155809,0.103553,0.058991,0.029405,0.013029,0.005195,0.001883,0.000626,0.000266,0.981457,0.018543,1,0.018717,0.907515,0.092485,1,0.097045,0.760087,0.239913,1,0.274323,0.56412,0.43588,1,0.572488,0.368757,0.631243,1,0.997617,0.212948,0.787052,1,1.546708,0.109395,0.890605,0,0.115854,0.050404,0.949596,0,0.051718,0.133935,0.269263,0.270663,0.18138,0.091162,0.036654,0.012282,0.003527,0.000886,0.000198,4.8e-05,0.138443,0.273742,0.270635,0.178376,0.088176,0.03487,0.011491,0.003246,0.000802,0.000176,4.2e-05,0.866065,0.133935,0.596802,0.403198,0.326138,0.673862,0.144758,0.855242,0.053596,0.946404,0.016942,0.983058,0.861557,0.138443,0.587815,0.412185,0.317179,0.682821,0.138804,0.861196,0.050628,0.949372,0.015758,0.984242,1,0.143795,1,0.149014,1,0.51617,1,0.531343,1,1.120435,1,1.148289,0,0.156371,0,0.149433,0,0.055086,0,0.051955,0,0.017087,0,0.015883
2639,2025/26,33,GKS Katowice,Jagiellonia Białystok,3.0,1.0,4.0,2.0142,2.2009,4.2151,1,985.4888,0.5214,0.597,0.1166,0.121,-0.0499,0.014771,0.06226,0.131216,0.184364,0.194279,0.163781,0.11506,0.069284,0.036505,0.017097,0.007207,0.002762,0.00097,0.000445,0.985229,0.014771,1,0.014881,0.922969,0.077031,1,0.080159,0.791753,0.208247,1,0.233506,0.607389,0.392611,1,0.498585,0.413111,0.586889,0,0.532919,0.249329,0.750671,0,0.286788,0.134269,0.865731,0,0.144182,0.064985,0.935015,0,0.067193,0.133427,0.268749,0.270657,0.181719,0.091505,0.036862,0.012374,0.003561,0.000896,0.000201,4.9e-05,0.110703,0.243647,0.268122,0.196703,0.108231,0.047641,0.017476,0.005495,0.001512,0.00037,0.000101,0.866573,0.133427,0.597824,0.402176,0.327167,0.672833,0.145448,0.854552,0.053943,0.946057,0.017081,0.982919,0.889296,0.110704,0.645649,0.354351,0.377527,0.622473,0.180824,0.819176,0.072593,0.927407,0.024952,0.975048,1,0.143209,1,0.117325,1,0.514459,0,1.037467,1,1.117285,0,0.474055,0,0.157178,0,0.199456,0,0.055452,0,0.075363,0,0.017229,0,0.025269
2640,2025/26,33,Piast Gliwice,Raków Częstochowa,6.0,1.0,7.0,2.0191,2.1553,4.1743,1,985.4888,0.5214,0.597,0.1166,0.121,-0.0499,0.015386,0.064225,0.134047,0.186518,0.194647,0.162504,0.113057,0.06742,0.035179,0.016316,0.006811,0.002585,0.000899,0.000407,0.984614,0.015386,1,0.015505,0.92039,0.07961,1,0.082958,0.786343,0.213657,1,0.240363,0.599824,0.400176,1,0.511119,0.405177,0.594823,1,0.903431,0.242673,0.757327,1,1.416038,0.129616,0.870384,1,2.043176,0.062197,0.937803,0,0.064215,0.132775,0.268086,0.270646,0.182154,0.091947,0.03713,0.012495,0.003604,0.00091,0.000204,5e-05,0.115868,0.249731,0.269123,0.193347,0.10418,0.044908,0.016132,0.004967,0.001338,0.00032,8.5e-05,0.867225,0.132775,0.599139,0.400861,0.328493,0.671507,0.146339,0.853661,0.054393,0.945607,0.017263,0.982737,0.884131,0.115869,0.6344,0.3656,0.365277,0.634723,0.17193,0.82807,0.06775,0.93225,0.022842,0.977158,1,0.142457,1,0.12315,1,0.512262,0,1.006215,1,1.11324,0,0.454567,1,1.921829,0,0.188658,1,2.91152,0,0.070154,1,4.05919,0,0.023107
2641,2025/26,34,Bruk-Bet Termalica Nieciecza,Lechia Gdańsk,3.0,4.0,7.0,1.9567,2.1339,4.0906,1,986.9479,0.5232,0.5966,0.1211,0.1212,-0.0519,0.01673,0.068434,0.139967,0.190848,0.19517,0.159671,0.108858,0.063613,0.032527,0.014784,0.006047,0.002249,0.000767,0.000337,0.98327,0.01673,1,0.016871,0.914837,0.085163,1,0.08901,0.77487,0.22513,1,0.25506,0.584022,0.415978,1,0.537817,0.388852,0.611148,1,0.944557,0.229181,0.770819,1,1.473244,0.120323,0.879677,1,2.117574,0.05671,0.94329,0,0.058382,0.141324,0.276529,0.270542,0.176456,0.086318,0.03378,0.011016,0.003079,0.000753,0.000164,3.9e-05,0.118375,0.2526,0.269511,0.191703,0.102269,0.043646,0.015523,0.004732,0.001262,0.000299,7.8e-05,0.858676,0.141324,0.582147,0.417853,0.311605,0.688395,0.135149,0.864851,0.048831,0.951169,0.015051,0.984949,0.881625,0.118375,0.629025,0.370975,0.359514,0.640486,0.16781,0.83219,0.065541,0.934459,0.021895,0.978105,1,0.152364,1,0.125988,1,0.541032,1,0.463584,1,1.166019,1,1.023002,0,0.145198,1,1.784923,0,0.050064,0,0.067788,0,0.015165,0,0.022138
2642,2025/26,34,Legia Warszawa,Motor Lublin,1.0,2.0,3.0,2.009,2.218,4.2269,1,986.9479,0.5232,0.5966,0.1211,0.1212,-0.0519,0.014597,0.061701,0.130403,0.183735,0.194159,0.164139,0.115634,0.069825,0.036893,0.017327,0.007324,0.002814,0.000991,0.000457,0.985403,0.014597,1,0.014705,0.923702,0.076298,1,0.079366,0.793299,0.206701,1,0.231555,0.609565,0.390435,0,0.940493,0.415406,0.584594,0,0.536838,0.251267,0.748733,0,0.289373,0.135633,0.864367,0,0.145758,0.065807,0.934193,0,0.068073,0.134123,0.269453,0.270665,0.181255,0.091036,0.036578,0.012248,0.003515,0.000883,0.000197,4.8e-05,0.108827,0.241377,0.267687,0.19791,0.109741,0.048681,0.017996,0.005702,0.001581,0.00039,0.000107,0.865877,0.134123,0.596424,0.403576,0.325759,0.674241,0.144504,0.855496,0.053468,0.946532,0.01689,0.98311,0.891173,0.108827,0.649796,0.350204,0.382108,0.617892,0.184198,0.815802,0.074457,0.925543,0.025775,0.974225,1,0.144012,1,0.115217,0,0.90739,1,0.431097,0,0.394168,0,0.481442,0,0.156074,0,0.203584,0,0.054951,0,0.077375,0,0.017034,0,0.026113
2643,2025/26,34,Górnik Zabrze,Radomiak Radom,0.0,5.0,5.0,1.9601,2.2239,4.1839,1,986.9479,0.5232,0.5966,0.1211,0.1212,-0.0519,0.015238,0.063756,0.133376,0.186013,0.194567,0.162811,0.113532,0.067859,0.03549,0.016499,0.006903,0.002626,0.000915,0.000416,0.984762,0.015238,1,0.015356,0.921005,0.078995,1,0.082289,0.787629,0.212371,1,0.238728,0.601616,0.398384,1,0.508135,0.40705,0.59295,1,0.89882,0.244239,0.755761,0,0.280029,0.130706,0.869294,0,0.140074,0.062848,0.937152,0,0.064909,0.140844,0.276069,0.270561,0.176776,0.086625,0.033959,0.011094,0.003106,0.000761,0.000166,3.9e-05,0.108186,0.240596,0.26753,0.19832,0.110261,0.049042,0.018177,0.005775,0.001605,0.000397,0.000109,0.859155,0.140845,0.583087,0.416913,0.312525,0.687475,0.135749,0.864251,0.049125,0.950875,0.015166,0.984834,0.891813,0.108187,0.651217,0.348783,0.383687,0.616313,0.185367,0.814633,0.075106,0.924894,0.026064,0.973936,0,1.960095,1,0.114499,0,0.874878,1,0.428912,0,0.37473,1,0.957928,0,0.145892,1,1.685418,0,0.050373,1,2.588855,0,0.015282,0,0.02641
2644,2025/26,34,Pogoń Szczecin,GKS Katowice,2.0,2.0,4.0,2.0523,2.1564,4.2087,1,986.9479,0.5232,0.5966,0.1211,0.1212,-0.0519,0.014866,0.062567,0.131662,0.184706,0.194342,0.163584,0.114745,0.068989,0.036294,0.016972,0.007143,0.002733,0.000959,0.000439,0.985134,0.014866,1,0.014978,0.922567,0.077433,1,0.080595,0.790905,0.209095,1,0.234577,0.606199,0.393801,1,0.500547,0.411857,0.588143,0,0.530785,0.248273,0.751727,0,0.285382,0.133528,0.866472,0,0.143326,0.064539,0.935461,0,0.066716,0.128439,0.263596,0.270489,0.185041,0.09494,0.038969,0.013329,0.003908,0.001003,0.000229,5.7e-05,0.115741,0.249584,0.269101,0.19343,0.104278,0.044973,0.016163,0.004979,0.001342,0.000322,8.5e-05,0.871561,0.128439,0.607965,0.392035,0.337476,0.662524,0.152435,0.847565,0.057495,0.942505,0.018526,0.981474,0.884258,0.115742,0.634675,0.365325,0.365573,0.634427,0.172143,0.827857,0.067865,0.932135,0.022892,0.977108,1,0.137469,1,0.123006,1,0.497638,1,0.454642,0,0.411698,0,0.455033,0,0.165388,0,0.188915,0,0.059214,0,0.070278,0,0.0187,0,0.023158
2645,2025/26,34,Cracovia,Korona Kielce,0.0,0.0,0.0,2.0381,2.2262,4.2643,1,986.9479,0.5232,0.5966,0.1211,0.1212,-0.0519,0.014062,0.059965,0.127854,0.181734,0.19374,0.165231,0.117432,0.071537,0.038132,0.018067,0.007704,0.002987,0.001061,0.000495,0.985938,0.014062,0,4.26426,0.925973,0.074027,0,2.603319,0.798119,0.201881,0,1.600077,0.616385,0.383615,0,0.958117,0.422646,0.577354,0,0.549299,0.257414,0.742586,0,0.297617,0.139983,0.860017,0,0.150803,0.068446,0.931554,0,0.070901,0.130276,0.265516,0.270574,0.183819,0.09366,0.038178,0.012968,0.003776,0.000962,0.000218,5.4e-05,0.107938,0.240291,0.267468,0.198479,0.110464,0.049183,0.018248,0.005804,0.001615,0.000399,0.00011,0.869724,0.130276,0.604208,0.395792,0.333635,0.666365,0.149816,0.850184,0.056156,0.943844,0.017978,0.982022,0.892062,0.107938,0.65177,0.34823,0.384302,0.615698,0.185823,0.814177,0.07536,0.92464,0.026177,0.973823,0,2.0381,0,2.226198,0,0.926866,0,1.054892,0,0.405918,0,0.484999,0,0.162302,0,0.205577,0,0.057794,0,0.078351,0,0.018142,0,0.026526
2646,2025/26,34,Lech Poznań,Wisła Płock,1.0,2.0,3.0,1.8301,2.106,3.9361,1,986.9479,0.5232,0.5966,0.1211,0.1212,-0.0519,0.019525,0.076851,0.151245,0.198437,0.195266,0.153716,0.10084,0.056702,0.027898,0.012201,0.004802,0.001718,0.000564,0.000235,0.980475,0.019525,1,0.019718,0.903625,0.096375,1,0.101341,0.75238,0.24762,1,0.284514,0.553943,0.446057,0,0.807308,0.358677,0.641323,0,0.444221,0.20496,0.79504,0,0.229363,0.10412,0.89588,0,0.109949,0.047418,0.952582,0,0.04858,0.160398,0.293544,0.268607,0.163859,0.07497,0.02744,0.00837,0.002188,0.000501,0.000102,2.2e-05,0.121724,0.256351,0.269937,0.189496,0.09977,0.042023,0.01475,0.004438,0.001168,0.000273,7.1e-05,0.839602,0.160398,0.546059,0.453941,0.277452,0.722548,0.113593,0.886407,0.038623,0.961377,0.011183,0.988817,0.878276,0.121724,0.621925,0.378075,0.351988,0.648012,0.162492,0.837508,0.062723,0.937277,0.0207,0.9793,1,0.174827,1,0.129794,0,0.789788,1,0.474936,0,0.324971,0,0.433846,0,0.120579,0,0.177324,0,0.039389,0,0.064776,0,0.011246,0,0.020917
2647,2025/26,34,Raków Częstochowa,Arka Gdynia,1.0,2.0,3.0,1.9169,2.2433,4.1602,1,986.9479,0.5232,0.5966,0.1211,0.1212,-0.0519,0.015605,0.06492,0.135038,0.18726,0.194758,0.162045,0.112355,0.066774,0.034724,0.016051,0.006677,0.002525,0.000875,0.000394,0.984395,0.015605,1,0.015728,0.919475,0.080525,1,0.083952,0.784437,0.215563,1,0.242789,0.597178,0.402822,0,0.909259,0.40242,0.59758,0,0.514867,0.240375,0.759625,0,0.274931,0.12802,0.87198,0,0.136989,0.061247,0.938753,0,0.063203,0.147062,0.281903,0.27019,0.172643,0.082735,0.031719,0.010134,0.002775,0.000665,0.000142,3.3e-05,0.106108,0.238032,0.266988,0.199645,0.111966,0.050235,0.018782,0.006019,0.001688,0.000421,0.000117,0.852938,0.147062,0.571034,0.428966,0.300844,0.699156,0.128201,0.871799,0.045467,0.954533,0.013748,0.986252,0.893891,0.106109,0.65586,0.34414,0.388872,0.611128,0.189227,0.810773,0.077261,0.922739,0.027027,0.972973,1,0.159068,1,0.112171,0,0.846378,1,0.421808,0,0.357881,0,0.492449,0,0.137196,0,0.209767,0,0.046533,0,0.080409,0,0.013843,0,0.027399
2648,2025/26,34,Jagiellonia Białystok,Zagłębie Lubin,1.0,3.0,4.0,1.8902,2.1248,4.015,1,986.9479,0.5232,0.5966,0.1211,0.1212,-0.0519,0.018043,0.072441,0.145427,0.19463,0.195361,0.156876,0.104977,0.060212,0.030219,0.013481,0.005413,0.001976,0.000661,0.000283,0.981957,0.018043,1,0.018207,0.909516,0.090484,1,0.094842,0.76409,0.23591,1,0.26907,0.569459,0.430541,1,0.563068,0.374098,0.625902,0,0.468562,0.217222,0.782778,0,0.244906,0.112245,0.887755,0,0.11906,0.052033,0.947967,0,0.053436,0.151042,0.285499,0.269825,0.170008,0.080337,0.030371,0.009568,0.002584,0.00061,0.000128,2.9e-05,0.119457,0.253822,0.26966,0.190991,0.101455,0.043114,0.015268,0.004635,0.001231,0.000291,7.6e-05,0.848958,0.151042,0.563459,0.436541,0.293635,0.706365,0.123627,0.876373,0.04329,0.95671,0.012919,0.987081,0.880543,0.119457,0.626721,0.373279,0.35706,0.64294,0.166069,0.833931,0.064614,0.935386,0.0215,0.9785,1,0.163746,1,0.127217,0,0.828873,1,0.467254,0,0.347623,1,1.029851,0,0.131963,0,0.181605,0,0.044255,0,0.066796,0,0.013003,0,0.021734
2649,2025/26,34,Widzew Łódź,Piast Gliwice,1.0,1.0,2.0,2.0142,2.1617,4.1759,1,986.9479,0.5232,0.5966,0.1211,0.1212,-0.0519,0.015361,0.064146,0.133934,0.186434,0.194634,0.162556,0.113137,0.067493,0.035231,0.016347,0.006826,0.002591,0.000902,0.000408,0.984639,0.015361,1,0.01548,0.920493,0.079507,1,0.082846,0.786559,0.213441,0,1.544394,0.600125,0.399875,0,0.916603,0.405491,0.594509,0,0.52002,0.242936,0.757064,0,0.278307,0.129799,0.870201,0,0.139031,0.062306,0.937694,0,0.064331,0.133427,0.268749,0.270657,0.181719,0.091505,0.036862,0.012374,0.003561,0.000896,0.000201,4.9e-05,0.115129,0.248875,0.268996,0.19383,0.10475,0.045288,0.016316,0.005039,0.001362,0.000327,8.7e-05,0.866573,0.133427,0.597824,0.402176,0.327167,0.672833,0.145448,0.854552,0.053943,0.946057,0.017081,0.982919,0.88487,0.11513,0.635995,0.364005,0.366999,0.633001,0.173169,0.826831,0.068419,0.931581,0.023131,0.976869,1,0.143209,1,0.122315,0,0.910865,0,1.010588,0,0.396258,0,0.457283,0,0.157178,0,0.190155,0,0.055452,0,0.070872,0,0.017229,0,0.023403
