match_id,sezon,kolejka,gospodarz,gosc,celne_gosp_rzecz,celne_gosc_rzecz,suma_rzecz,lambda_home,lambda_away,lambda_suma,fit_success,fit_fun,coef_b_home,coef_b_away,coef_w_for,coef_w_against,coef_w_total,p_sum_0,p_sum_1,p_sum_2,p_sum_3,p_sum_4,p_sum_5,p_sum_6,p_sum_7,p_sum_8,p_sum_9,p_sum_10,p_sum_11,p_sum_12,p_sum_13,p_sum_14,p_sum_15,p_sum_16,p_sum_17,p_sum_18,p_sum_19,p_sum_20,p_sum_21,p_sum_22,p_sum_23,p_sum_24,p_sum_25,p_sum_26_plus,p_over_3_5,p_under_3_5,over_3_5_rzecz,ll_over_3_5,p_over_4_5,p_under_4_5,over_4_5_rzecz,ll_over_4_5,p_over_5_5,p_under_5_5,over_5_5_rzecz,ll_over_5_5,p_over_6_5,p_under_6_5,over_6_5_rzecz,ll_over_6_5,p_over_7_5,p_under_7_5,over_7_5_rzecz,ll_over_7_5,p_over_8_5,p_under_8_5,over_8_5_rzecz,ll_over_8_5,p_over_9_5,p_under_9_5,over_9_5_rzecz,ll_over_9_5,p_over_10_5,p_under_10_5,over_10_5_rzecz,ll_over_10_5,p_over_11_5,p_under_11_5,over_11_5_rzecz,ll_over_11_5,p_over_12_5,p_under_12_5,over_12_5_rzecz,ll_over_12_5,p_over_13_5,p_under_13_5,over_13_5_rzecz,ll_over_13_5,p_over_14_5,p_under_14_5,over_14_5_rzecz,ll_over_14_5,p_over_15_5,p_under_15_5,over_15_5_rzecz,ll_over_15_5
2344,2025/26,1,Jagiellonia Białystok,Bruk-Bet Termalica Nieciecza,4.0,6.0,10.0,4.7773,3.7296,8.5069,1,-2397.8517,0.8154,0.6648,0.0629,0.2475,0.1537,0.000202,0.001719,0.007311,0.020733,0.044093,0.075019,0.106363,0.129261,0.137451,0.129921,0.110523,0.085474,0.060593,0.039651,0.024094,0.013664,0.007265,0.003635,0.001718,0.000769,0.000327,0.000133,5.1e-05,1.9e-05,7e-06,2e-06,1e-06,0.970035,0.029965,1,0.030423,0.925942,0.074058,1,0.076943,0.850924,0.149076,1,0.161433,0.744561,0.255439,1,0.294961,0.6153,0.3847,1,0.485645,0.477849,0.522151,1,0.738461,0.347927,0.652073,1,1.055761,0.237404,0.762596,0,0.271027,0.15193,0.84807,0,0.164792,0.091337,0.908663,0,0.095781,0.051686,0.948314,0,0.053069,0.027592,0.972408,0,0.02798,0.013928,0.986072,0,0.014026
2345,2025/26,1,Lech Poznań,Cracovia,2.0,5.0,7.0,4.7713,4.2797,9.051,1,-2397.8517,0.8154,0.6648,0.0629,0.2475,0.1537,0.000117,0.001061,0.004804,0.014493,0.032793,0.059362,0.089547,0.115784,0.130995,0.131737,0.119235,0.098108,0.073998,0.05152,0.033307,0.020098,0.011369,0.006053,0.003044,0.00145,0.000656,0.000283,0.000116,4.6e-05,1.7e-05,6e-06,3e-06,0.979525,0.020475,1,0.020687,0.946732,0.053268,1,0.054739,0.887371,0.112629,1,0.119493,0.797824,0.202176,1,0.225867,0.68204,0.31796,0,1.14583,0.551045,0.448955,0,0.800834,0.419309,0.580691,0,0.543536,0.300074,0.699926,0,0.356781,0.201966,0.798034,0,0.225604,0.127968,0.872032,0,0.136929,0.076448,0.923552,0,0.079528,0.043141,0.956859,0,0.044099,0.023043,0.976957,0,0.023313
2346,2025/26,1,Widzew Łódź,Zagłębie Lubin,4.0,2.0,6.0,4.3743,3.9807,8.3549,1,-2397.8517,0.8154,0.6648,0.0629,0.2475,0.1537,0.000235,0.001965,0.00821,0.022865,0.04776,0.079806,0.111129,0.132639,0.138523,0.128594,0.10744,0.081604,0.056817,0.036515,0.021792,0.012138,0.006338,0.003115,0.001446,0.000636,0.000266,0.000106,4e-05,1.5e-05,5e-06,2e-06,1e-06,0.966724,0.033276,1,0.033843,0.918964,0.081036,1,0.084509,0.839158,0.160842,1,0.175356,0.728029,0.271971,0,1.302061,0.595391,0.404609,0,0.904833,0.456868,0.543132,0,0.610402,0.328273,0.671727,0,0.397904,0.220834,0.779166,0,0.249531,0.139229,0.860771,0,0.149927,0.082413,0.917587,0,0.086008,0.045898,0.954102,0,0.046984,0.024106,0.975894,0,0.024401,0.011968,0.988032,0,0.01204
2347,2025/26,1,Wisła Płock,Korona Kielce,8.0,1.0,9.0,4.9298,3.9064,8.8363,1,-2397.8517,0.8154,0.6648,0.0629,0.2475,0.1537,0.000145,0.001284,0.005675,0.016715,0.036925,0.065256,0.096104,0.121314,0.133995,0.131557,0.116247,0.093381,0.068761,0.046738,0.029499,0.017377,0.009597,0.004988,0.002449,0.001139,0.000503,0.000212,8.5e-05,3.3e-05,1.2e-05,4e-06,2e-06,0.97618,0.02382,1,0.024109,0.939254,0.060746,1,0.062669,0.873998,0.126002,1,0.134677,0.777894,0.222106,1,0.251165,0.65658,0.34342,1,0.420711,0.522585,0.477415,1,0.648967,0.391028,0.608972,0,0.495983,0.274781,0.725219,0,0.321281,0.1814,0.8186,0,0.20016,0.112638,0.887362,0,0.119503,0.065901,0.934099,0,0.068172,0.036401,0.963599,0,0.03708,0.019024,0.980976,0,0.019207
2348,2025/26,1,GKS Katowice,Raków Częstochowa,0.0,4.0,4.0,4.6408,4.1915,8.8323,1,-2397.8517,0.8154,0.6648,0.0629,0.2475,0.1537,0.000146,0.001289,0.005692,0.016759,0.037005,0.065369,0.096226,0.121414,0.134045,0.131547,0.116187,0.09329,0.068664,0.046651,0.029431,0.01733,0.009566,0.00497,0.002439,0.001134,0.000501,0.000211,8.5e-05,3.2e-05,1.2e-05,4e-06,2e-06,0.976113,0.023887,1,0.024176,0.939108,0.060892,0,2.798654,0.873739,0.126261,0,2.069408,0.777514,0.222486,0,1.50289,0.6561,0.3439,0,1.067405,0.522055,0.477945,0,0.73826,0.390508,0.609492,0,0.495129,0.274321,0.725679,0,0.320648,0.181031,0.818969,0,0.199709,0.112367,0.887633,0,0.119197,0.065716,0.934284,0,0.067975,0.036285,0.963715,0,0.03696,0.018955,0.981045,0,0.019137
2349,2025/26,1,Górnik Zabrze,Lechia Gdańsk,6.0,6.0,12.0,4.6644,3.5882,8.2525,1,-2397.8517,0.8154,0.6648,0.0629,0.2475,0.1537,0.000261,0.002151,0.008874,0.024411,0.050362,0.083123,0.11433,0.134788,0.139043,0.127495,0.105216,0.078936,0.054285,0.034461,0.020314,0.011176,0.005764,0.002798,0.001283,0.000557,0.00023,9e-05,3.4e-05,1.2e-05,4e-06,1e-06,1e-06,0.964304,0.035696,1,0.036348,0.913942,0.086058,1,0.089988,0.830819,0.169181,1,0.185344,0.716489,0.283511,1,0.333393,0.581701,0.418299,1,0.541799,0.442658,0.557342,1,0.814957,0.315163,0.684837,1,1.154665,0.209947,0.790053,1,1.560898,0.131011,0.868989,1,2.032472,0.076726,0.923274,0,0.079829,0.042265,0.957735,0,0.043184,0.021951,0.978049,0,0.022196,0.010775,0.989225,0,0.010834
2350,2025/26,1,Motor Lublin,Arka Gdynia,5.0,1.0,6.0,4.6512,4.219,8.8702,1,-2397.8517,0.8154,0.6648,0.0629,0.2475,0.1537,0.000141,0.001246,0.005528,0.016344,0.036244,0.064299,0.095058,0.120455,0.133557,0.131631,0.11676,0.094153,0.069597,0.047487,0.030087,0.017792,0.009864,0.005147,0.002536,0.001184,0.000525,0.000222,8.9e-05,3.4e-05,1.3e-05,5e-06,2e-06,0.976741,0.023259,1,0.023534,0.940497,0.059503,1,0.061347,0.876198,0.123802,1,0.132163,0.78114,0.21886,0,1.519324,0.660686,0.339314,0,1.080828,0.527128,0.472872,0,0.748932,0.395497,0.604503,0,0.503349,0.278738,0.721262,0,0.326752,0.184584,0.815416,0,0.204057,0.114988,0.885012,0,0.122154,0.067501,0.932499,0,0.069887,0.037413,0.962587,0,0.038131,0.019621,0.980379,0,0.019816
2351,2025/26,1,Legia Warszawa,Piast Gliwice,2.0,3.0,5.0,4.6702,3.6856,8.3558,1,-2397.8517,0.8154,0.6648,0.0629,0.2475,0.1537,0.000235,0.001964,0.008205,0.022852,0.047738,0.079777,0.111101,0.13262,0.138518,0.128603,0.107458,0.081627,0.056839,0.036533,0.021805,0.012146,0.006343,0.003118,0.001447,0.000637,0.000266,0.000106,4e-05,1.5e-05,5e-06,2e-06,1e-06,0.966744,0.033256,1,0.033822,0.919006,0.080994,1,0.084462,0.839229,0.160771,0,1.827773,0.728128,0.271872,0,1.302424,0.595508,0.404492,0,0.905124,0.456991,0.543009,0,0.610629,0.328387,0.671613,0,0.398074,0.220929,0.779071,0,0.249653,0.139302,0.860698,0,0.150011,0.082463,0.917537,0,0.086063,0.04593,0.95407,0,0.047018,0.024125,0.975875,0,0.024421,0.011979,0.988021,0,0.012051
2352,2025/26,1,Radomiak Radom,Pogoń Szczecin,8.0,1.0,9.0,4.7351,3.786,8.5211,1,-2397.8517,0.8154,0.6648,0.0629,0.2475,0.1537,0.000199,0.001698,0.007233,0.020543,0.043762,0.074581,0.105919,0.128935,0.137334,0.130026,0.110797,0.085829,0.060946,0.039948,0.024315,0.013813,0.007356,0.003687,0.001746,0.000783,0.000334,0.000135,5.2e-05,1.9e-05,7e-06,2e-06,1e-06,0.970328,0.029672,1,0.030121,0.926565,0.073435,1,0.076271,0.851984,0.148016,1,0.160187,0.746065,0.253935,1,0.292942,0.61713,0.38287,1,0.482675,0.479796,0.520204,1,0.734393,0.34977,0.65023,0,0.430429,0.238973,0.761027,0,0.273086,0.153145,0.846855,0,0.166225,0.092198,0.907802,0,0.096729,0.05225,0.94775,0,0.053664,0.027935,0.972065,0,0.028333,0.014123,0.985877,0,0.014223
2353,2025/26,2,Arka Gdynia,Radomiak Radom,4.0,3.0,7.0,3.9823,3.929,7.9113,1,-2420.1608,0.8264,0.6732,0.0564,0.2492,0.151,0.000367,0.0029,0.011472,0.030253,0.059835,0.094674,0.124832,0.141082,0.139517,0.12264,0.097023,0.06978,0.046004,0.027996,0.01582,0.008344,0.004126,0.00192,0.000844,0.000351,0.000139,5.2e-05,1.9e-05,6e-06,2e-06,1e-06,0.0,0.955008,0.044992,1,0.046036,0.895173,0.104827,1,0.110739,0.800499,0.199501,1,0.22252,0.675667,0.324333,1,0.392055,0.534584,0.465416,0,0.764824,0.395067,0.604933,0,0.502638,0.272427,0.727573,0,0.318041,0.175404,0.824596,0,0.192862,0.105624,0.894376,0,0.111629,0.059621,0.940379,0,0.061472,0.031625,0.968375,0,0.032135,0.015804,0.984196,0,0.015931,0.007461,0.992539,0,0.007489
2354,2025/26,2,Lechia Gdańsk,Lech Poznań,7.0,11.0,18.0,4.7101,3.818,8.5281,1,-2420.1608,0.8264,0.6732,0.0564,0.2492,0.151,0.000198,0.001687,0.007194,0.020451,0.043601,0.074367,0.105701,0.128775,0.137275,0.130077,0.11093,0.086002,0.061119,0.040095,0.024424,0.013886,0.007401,0.003713,0.001759,0.00079,0.000337,0.000137,5.3e-05,2e-05,7e-06,2e-06,1e-06,0.97047,0.02953,1,0.029975,0.926869,0.073131,1,0.075943,0.852502,0.147498,1,0.159579,0.746801,0.253199,1,0.291956,0.618026,0.381974,1,0.481224,0.480751,0.519249,1,0.732405,0.350674,0.649326,1,1.047897,0.239744,0.760256,1,1.428183,0.153742,0.846258,1,1.872479,0.092623,0.907377,1,2.37922,0.052528,0.947472,1,2.946404,0.028105,0.971895,1,3.571818,0.014219,0.985781,1,4.253174
2355,2025/26,2,Pogoń Szczecin,Motor Lublin,5.0,8.0,13.0,4.9653,3.5921,8.5574,1,-2420.1608,0.8264,0.6732,0.0564,0.2492,0.151,0.000192,0.001644,0.007034,0.020065,0.042927,0.073468,0.104782,0.128095,0.13702,0.130281,0.111487,0.08673,0.061849,0.040713,0.024885,0.014197,0.007593,0.003822,0.001817,0.000818,0.00035,0.000143,5.6e-05,2.1e-05,7e-06,3e-06,1e-06,0.971064,0.028936,1,0.029363,0.928137,0.071863,1,0.074575,0.854669,0.145331,1,0.157041,0.749887,0.250113,1,0.287833,0.621792,0.378208,1,0.47515,0.484772,0.515228,1,0.724076,0.354491,0.645509,1,1.037072,0.243005,0.756995,1,1.414675,0.156274,0.843726,1,1.856143,0.094425,0.905575,1,2.359945,0.053713,0.946287,0,0.055209,0.028828,0.971172,0,0.029251,0.014631,0.985369,0,0.014739
2356,2025/26,2,Korona Kielce,Legia Warszawa,2.0,5.0,7.0,4.8087,3.7338,8.5425,1,-2420.1608,0.8264,0.6732,0.0564,0.2492,0.151,0.000195,0.001666,0.007115,0.02026,0.043268,0.073924,0.105249,0.128441,0.137151,0.130179,0.111205,0.086361,0.061478,0.040398,0.02465,0.014038,0.007495,0.003766,0.001787,0.000804,0.000343,0.00014,5.4e-05,2e-05,7e-06,2e-06,1e-06,0.970764,0.029236,1,0.029672,0.927495,0.072505,1,0.075267,0.853571,0.146429,1,0.158326,0.748322,0.251678,1,0.289921,0.619881,0.380119,0,0.967271,0.48273,0.51727,0,0.659191,0.352551,0.647449,0,0.434715,0.241346,0.758654,0,0.276209,0.154985,0.845015,0,0.168401,0.093507,0.906493,0,0.098172,0.053109,0.946891,0,0.054571,0.028459,0.971541,0,0.028871,0.01442,0.98558,0,0.014525
2357,2025/26,2,Cracovia,Bruk-Bet Termalica Nieciecza,3.0,4.0,7.0,4.5657,4.2333,8.799,1,-2420.1608,0.8264,0.6732,0.0564,0.2492,0.151,0.000151,0.001328,0.005841,0.017131,0.037684,0.066316,0.097253,0.122248,0.134458,0.131456,0.115669,0.092525,0.067844,0.04592,0.028861,0.01693,0.00931,0.004819,0.002356,0.001091,0.00048,0.000201,8e-05,3.1e-05,1.1e-05,4e-06,2e-06,0.97555,0.02445,1,0.024754,0.937866,0.062134,1,0.064148,0.87155,0.12845,1,0.137482,0.774297,0.225703,1,0.2558,0.652049,0.347951,0,1.055693,0.517591,0.482409,0,0.728962,0.386135,0.613865,0,0.48798,0.270466,0.729534,0,0.31535,0.177941,0.822059,0,0.195943,0.110097,0.889903,0,0.116643,0.064177,0.935823,0,0.066329,0.035316,0.964684,0,0.035954,0.018386,0.981614,0,0.018557
2358,2025/26,2,GKS Katowice,Zagłębie Lubin,8.0,3.0,11.0,4.7201,4.1899,8.9101,1,-2420.1608,0.8264,0.6732,0.0564,0.2492,0.151,0.000135,0.001203,0.00536,0.015919,0.035459,0.063188,0.093835,0.119439,0.133026,0.131696,0.117342,0.095047,0.070573,0.04837,0.030784,0.018286,0.010183,0.005337,0.002642,0.001239,0.000552,0.000234,9.5e-05,3.7e-05,1.4e-05,5e-06,2e-06,0.977384,0.022616,1,0.022876,0.941925,0.058075,1,0.05983,0.878737,0.121263,1,0.12927,0.784902,0.215098,1,0.242196,0.665464,0.334536,1,0.407271,0.532438,0.467562,1,0.630288,0.400742,0.599258,1,0.914437,0.2834,0.7166,1,1.260894,0.188353,0.811647,0,0.20869,0.11778,0.88222,0,0.125314,0.06941,0.93059,0,0.071936,0.038626,0.961374,0,0.039391,0.02034,0.97966,0,0.020549
2359,2025/26,2,Raków Częstochowa,Wisła Płock,3.0,5.0,8.0,4.9308,4.2783,9.2091,1,-2420.1608,0.8264,0.6732,0.0564,0.2492,0.151,0.0001,0.000922,0.004246,0.013033,0.030005,0.055264,0.084822,0.111591,0.128456,0.131441,0.121045,0.101338,0.077769,0.055091,0.036239,0.022248,0.012805,0.006937,0.003549,0.00172,0.000792,0.000347,0.000145,5.8e-05,2.2e-05,8e-06,4e-06,0.981699,0.018301,1,0.01847,0.951694,0.048306,1,0.049512,0.89643,0.10357,1,0.109335,0.811608,0.188392,1,0.208738,0.700017,0.299983,1,0.356651,0.571561,0.428439,0,0.847606,0.44012,0.55988,0,0.580033,0.319075,0.680925,0,0.384303,0.217737,0.782263,0,0.245564,0.139967,0.860033,0,0.150785,0.084876,0.915124,0,0.088696,0.048638,0.951362,0,0.04986,0.026389,0.973611,0,0.026744
2360,2025/26,2,Jagiellonia Białystok,Widzew Łódź,5.0,7.0,12.0,4.8241,3.539,8.3632,1,-2420.1608,0.8264,0.6732,0.0564,0.2492,0.151,0.000233,0.001951,0.008159,0.022745,0.047555,0.079542,0.11087,0.132461,0.138474,0.128676,0.107614,0.081817,0.057021,0.036683,0.021913,0.012218,0.006386,0.003142,0.00146,0.000642,0.000269,0.000107,4.1e-05,1.5e-05,5e-06,2e-06,1e-06,0.966912,0.033088,1,0.033648,0.919357,0.080643,1,0.084081,0.839815,0.160185,1,0.174574,0.728944,0.271056,1,0.316158,0.596483,0.403517,1,0.516704,0.458009,0.541991,1,0.780866,0.329334,0.670666,1,1.110684,0.22172,0.77828,1,1.506339,0.139903,0.860097,1,1.966807,0.082882,0.917118,0,0.086519,0.046199,0.953801,0,0.047301,0.024286,0.975714,0,0.024586,0.012069,0.987931,0,0.012142
2361,2025/26,2,Piast Gliwice,Górnik Zabrze,0.0,4.0,4.0,4.6559,3.8292,8.485,1,-2420.1608,0.8264,0.6732,0.0564,0.2492,0.151,0.000207,0.001752,0.007435,0.021028,0.044606,0.075697,0.107049,0.12976,0.137627,0.129753,0.110096,0.084924,0.060049,0.039194,0.023754,0.013437,0.007126,0.003557,0.001677,0.000749,0.000318,0.000128,5e-05,1.8e-05,6e-06,2e-06,1e-06,0.969578,0.030422,1,0.030894,0.924972,0.075028,0,2.589888,0.849274,0.150726,0,1.892292,0.742225,0.257775,0,1.355667,0.612465,0.387535,0,0.947949,0.474838,0.525162,0,0.644048,0.345085,0.654915,0,0.42325,0.234989,0.765011,0,0.267866,0.150065,0.849935,0,0.162596,0.090016,0.909984,0,0.094329,0.050823,0.949177,0,0.05216,0.027068,0.972932,0,0.027441,0.013631,0.986369,0,0.013725
2362,2025/26,3,Wisła Płock,Piast Gliwice,3.0,1.0,4.0,4.7993,2.9786,7.7779,1,-2467.2831,0.8393,0.6915,0.0506,0.2434,0.1537,0.000419,0.003258,0.012671,0.032851,0.063878,0.099366,0.128809,0.143123,0.139149,0.120253,0.093531,0.066134,0.042865,0.025646,0.014248,0.007388,0.003591,0.001643,0.00071,0.000291,0.000113,4.2e-05,1.5e-05,5e-06,2e-06,1e-06,0.0,0.950801,0.049199,1,0.050451,0.886923,0.113077,0,2.179687,0.787557,0.212443,0,1.54908,0.658747,0.341253,0,1.075132,0.515625,0.484375,0,0.724895,0.376476,0.623524,0,0.472368,0.256223,0.743777,0,0.296014,0.162692,0.837308,0,0.177563,0.096558,0.903442,0,0.101544,0.053694,0.946306,0,0.055189,0.028048,0.971952,0,0.028449,0.0138,0.9862,0,0.013896,0.006412,0.993588,0,0.006433
2363,2025/26,3,Bruk-Bet Termalica Nieciecza,Pogoń Szczecin,7.0,2.0,9.0,4.9522,4.0045,8.9567,1,-2467.2831,0.8393,0.6915,0.0506,0.2434,0.1537,0.000129,0.001154,0.005169,0.015433,0.034557,0.061903,0.092408,0.118239,0.132379,0.131742,0.117997,0.096079,0.071712,0.049408,0.03161,0.018874,0.010566,0.005567,0.00277,0.001306,0.000585,0.000249,0.000102,4e-05,1.5e-05,5e-06,3e-06,0.978115,0.021885,1,0.022128,0.943558,0.056442,1,0.058098,0.881654,0.118346,1,0.125955,0.789246,0.210754,1,0.236677,0.671007,0.328993,1,0.398976,0.538628,0.461372,1,0.61873,0.406886,0.593114,0,0.522369,0.288889,0.711111,0,0.340927,0.192811,0.807189,0,0.214197,0.121098,0.878902,0,0.129082,0.07169,0.92831,0,0.07439,0.040081,0.959919,0,0.040906,0.021206,0.978794,0,0.021434
2364,2025/26,3,Legia Warszawa,Arka Gdynia,3.0,0.0,3.0,4.9482,3.1203,8.0685,1,-2467.2831,0.8393,0.6915,0.0506,0.2434,0.1537,0.000313,0.002527,0.010196,0.027423,0.055317,0.089264,0.120038,0.138361,0.139546,0.125103,0.100939,0.074039,0.049782,0.030897,0.017807,0.009578,0.00483,0.002292,0.001028,0.000436,0.000176,6.8e-05,2.5e-05,9e-06,3e-06,1e-06,0.0,0.959539,0.040461,0,3.207425,0.904223,0.095777,0,2.345731,0.814959,0.185041,0,1.687175,0.69492,0.30508,0,1.187183,0.556559,0.443441,0,0.813191,0.417013,0.582987,0,0.539591,0.291911,0.708089,0,0.345185,0.190971,0.809029,0,0.211921,0.116932,0.883068,0,0.124354,0.067151,0.932849,0,0.069511,0.036253,0.963747,0,0.036927,0.018446,0.981554,0,0.018619,0.008868,0.991132,0,0.008908
2365,2025/26,3,Motor Lublin,Jagiellonia Białystok,1.0,7.0,8.0,4.5854,4.2389,8.8243,1,-2467.2831,0.8393,0.6915,0.0506,0.2434,0.1537,0.000147,0.001298,0.005728,0.016848,0.037168,0.065597,0.096474,0.121616,0.134146,0.131527,0.116063,0.093106,0.068466,0.046474,0.029293,0.017233,0.009504,0.004933,0.002418,0.001123,0.000496,0.000208,8.4e-05,3.2e-05,1.2e-05,4e-06,2e-06,0.975979,0.024021,1,0.024315,0.93881,0.06119,1,0.063142,0.873214,0.126786,1,0.135575,0.77674,0.22326,1,0.25265,0.655124,0.344876,1,0.42293,0.520978,0.479022,0,0.736009,0.389451,0.610549,0,0.493398,0.273389,0.726611,0,0.319364,0.180282,0.819718,0,0.198795,0.111816,0.888184,0,0.118577,0.065342,0.934658,0,0.067575,0.036049,0.963951,0,0.036715,0.018817,0.981183,0,0.018996
2366,2025/26,3,Zagłębie Lubin,Korona Kielce,2.0,5.0,7.0,4.7725,4.0195,8.7921,1,-2467.2831,0.8393,0.6915,0.0506,0.2434,0.1537,0.000152,0.001336,0.005872,0.01721,0.037827,0.066516,0.097469,0.122422,0.134543,0.131435,0.115558,0.092363,0.067672,0.045767,0.028742,0.016847,0.009257,0.004788,0.002339,0.001082,0.000476,0.000199,8e-05,3e-05,1.1e-05,4e-06,2e-06,0.97543,0.02457,1,0.024877,0.937603,0.062397,1,0.064429,0.871086,0.128914,1,0.138014,0.773617,0.226383,1,0.256678,0.651195,0.348805,0,1.053241,0.516652,0.483348,0,0.727018,0.385217,0.614783,0,0.486486,0.269659,0.730341,0,0.314244,0.177296,0.822704,0,0.195159,0.109624,0.890376,0,0.116111,0.063857,0.936143,0,0.065987,0.035115,0.964885,0,0.035746,0.018268,0.981732,0,0.018437
2367,2025/26,3,Radomiak Radom,Raków Częstochowa,6.0,5.0,11.0,4.5088,3.6379,8.1467,1,-2467.2831,0.8393,0.6915,0.0506,0.2434,0.1537,0.00029,0.00236,0.009613,0.026105,0.053168,0.086628,0.117623,0.136891,0.139401,0.126184,0.102799,0.076134,0.051687,0.03239,0.018848,0.010237,0.005212,0.002498,0.00113,0.000485,0.000197,7.7e-05,2.8e-05,1e-05,3e-06,1e-06,0.0,0.961632,0.038368,1,0.039123,0.908464,0.091536,1,0.096,0.821836,0.178164,1,0.196214,0.704213,0.295787,1,0.350674,0.567323,0.432677,1,0.566827,0.427921,0.572079,1,0.848816,0.301737,0.698263,1,1.198199,0.198938,0.801062,1,1.614761,0.122805,0.877195,0,0.131025,0.071118,0.928882,0,0.073774,0.038728,0.961272,0,0.039497,0.019879,0.980121,0,0.02008,0.009643,0.990357,0,0.009689
2368,2025/26,3,Cracovia,Lechia Gdańsk,6.0,2.0,8.0,4.6962,4.1196,8.8158,1,-2467.2831,0.8393,0.6915,0.0506,0.2434,0.1537,0.000148,0.001308,0.005765,0.016942,0.03734,0.065837,0.096735,0.121828,0.134252,0.131504,0.115932,0.092912,0.068258,0.046288,0.029148,0.017131,0.009439,0.004895,0.002397,0.001112,0.00049,0.000206,8.2e-05,3.2e-05,1.2e-05,4e-06,2e-06,0.975836,0.024164,1,0.024461,0.938495,0.061505,1,0.063477,0.872658,0.127342,1,0.136211,0.775924,0.224076,1,0.253701,0.654096,0.345904,1,0.424501,0.519844,0.480156,0,0.733645,0.38834,0.61166,0,0.491579,0.272409,0.727591,0,0.318016,0.179497,0.820503,0,0.197837,0.111239,0.888761,0,0.117926,0.06495,0.93505,0,0.067155,0.035802,0.964198,0,0.036459,0.018671,0.981329,0,0.018848
2369,2025/26,3,Lech Poznań,Górnik Zabrze,5.0,1.0,6.0,4.7322,4.247,8.9792,1,-2467.2831,0.8393,0.6915,0.0506,0.2434,0.1537,0.000126,0.001131,0.00508,0.015204,0.034129,0.061291,0.091723,0.117657,0.132058,0.131752,0.118303,0.096569,0.072259,0.04991,0.032011,0.019162,0.010754,0.00568,0.002833,0.001339,0.000601,0.000257,0.000105,4.1e-05,1.5e-05,6e-06,3e-06,0.978459,0.021541,1,0.021776,0.94433,0.05567,1,0.05728,0.883039,0.116961,1,0.124386,0.791316,0.208684,0,1.566933,0.673659,0.326341,0,1.119812,0.541601,0.458399,0,0.780015,0.409848,0.590152,0,0.527376,0.291545,0.708455,0,0.344669,0.194976,0.805024,0,0.216883,0.122717,0.877283,0,0.130925,0.072807,0.927193,0,0.075593,0.040796,0.959204,0,0.041651,0.021634,0.978366,0,0.021871
2370,2025/26,3,Widzew Łódź,GKS Katowice,4.0,3.0,7.0,4.4266,3.9849,8.4114,1,-2467.2831,0.8393,0.6915,0.0506,0.2434,0.1537,0.000222,0.00187,0.007864,0.02205,0.046369,0.078006,0.109357,0.131407,0.138166,0.12913,0.108617,0.083057,0.058219,0.03767,0.022633,0.012692,0.006672,0.003301,0.001543,0.000683,0.000287,0.000115,4.4e-05,1.6e-05,6e-06,2e-06,1e-06,0.967993,0.032007,1,0.03253,0.921624,0.078376,1,0.081618,0.843618,0.156382,1,0.170055,0.734261,0.265739,1,0.30889,0.602854,0.397146,0,0.923452,0.464688,0.535312,0,0.624906,0.335558,0.664442,0,0.408808,0.226941,0.773059,0,0.2574,0.143884,0.856116,0,0.155349,0.085664,0.914336,0,0.089557,0.047994,0.952006,0,0.049184,0.025362,0.974638,0,0.025689,0.01267,0.98733,0,0.012751
2371,2025/26,4,Arka Gdynia,Pogoń Szczecin,5.0,3.0,8.0,4.3224,3.6657,7.9881,1,-2483.7449,0.8191,0.672,0.0546,0.2505,0.154,0.000339,0.002712,0.010831,0.028839,0.057593,0.092012,0.1225,0.139793,0.139585,0.123892,0.098966,0.071869,0.047841,0.029397,0.016773,0.008933,0.00446,0.002096,0.00093,0.000391,0.000156,5.9e-05,2.2e-05,7e-06,2e-06,1e-06,0.0,0.957279,0.042721,1,0.043661,0.899686,0.100314,1,0.10571,0.807674,0.192326,1,0.213597,0.685173,0.314827,1,0.378083,0.545381,0.454619,1,0.606271,0.405795,0.594205,0,0.520531,0.281904,0.718096,0,0.331151,0.182937,0.817063,0,0.20204,0.111069,0.888931,0,0.117735,0.063227,0.936773,0,0.065315,0.03383,0.96617,0,0.034416,0.017057,0.982943,0,0.017204,0.008124,0.991876,0,0.008158
2372,2025/26,4,Legia Warszawa,GKS Katowice,7.0,6.0,13.0,4.6962,3.4872,8.1834,1,-2483.7449,0.8191,0.672,0.0546,0.2505,0.154,0.000279,0.002285,0.00935,0.025506,0.052181,0.085404,0.116483,0.136176,0.139298,0.126659,0.10365,0.07711,0.052586,0.033102,0.019349,0.010556,0.005399,0.002599,0.001182,0.000509,0.000208,8.1e-05,3e-05,1.1e-05,4e-06,1e-06,1e-06,0.962579,0.037421,1,0.038139,0.910398,0.089602,1,0.093873,0.824994,0.175006,1,0.192379,0.708511,0.291489,1,0.34459,0.572335,0.427665,1,0.558031,0.433037,0.566963,1,0.836931,0.306378,0.693622,1,1.182935,0.202728,0.797272,1,1.595891,0.125618,0.874382,1,2.074514,0.073032,0.926968,1,2.616857,0.03993,0.96007,0,0.040749,0.020581,0.979419,0,0.020795,0.010024,0.989976,0,0.010075
2373,2025/26,4,Lechia Gdańsk,Motor Lublin,9.0,4.0,13.0,5.008,3.9447,8.9527,1,-2483.7449,0.8191,0.672,0.0546,0.2505,0.154,0.000129,0.001158,0.005185,0.015474,0.034633,0.062011,0.092529,0.118341,0.132435,0.131739,0.117943,0.095992,0.071616,0.04932,0.031539,0.018824,0.010533,0.005547,0.002759,0.0013,0.000582,0.000248,0.000101,3.9e-05,1.5e-05,5e-06,3e-06,0.978054,0.021946,1,0.022191,0.943421,0.056579,1,0.058243,0.88141,0.11859,1,0.126233,0.788881,0.211119,1,0.23714,0.67054,0.32946,1,0.399672,0.538106,0.461894,1,0.619701,0.406366,0.593634,1,0.9005,0.288423,0.711577,1,1.243325,0.192431,0.807569,1,1.648015,0.120815,0.879185,1,2.113491,0.071495,0.928505,0,0.07418,0.039956,0.960044,0,0.040776,0.021132,0.978868,0,0.021358
2374,2025/26,4,Górnik Zabrze,Bruk-Bet Termalica Nieciecza,5.0,2.0,7.0,4.4435,3.8924,8.3359,1,-2483.7449,0.8191,0.672,0.0546,0.2505,0.154,0.00024,0.001999,0.00833,0.023146,0.048236,0.080418,0.111725,0.133047,0.138632,0.128402,0.107034,0.081111,0.056344,0.036129,0.021512,0.011955,0.006228,0.003054,0.001414,0.000621,0.000259,0.000103,3.9e-05,1.4e-05,5e-06,2e-06,1e-06,0.966285,0.033715,1,0.034296,0.918049,0.081951,1,0.085504,0.837632,0.162368,1,0.177177,0.725906,0.274094,1,0.320334,0.59286,0.40714,0,0.898598,0.454227,0.545773,0,0.605553,0.325825,0.674175,0,0.394266,0.218791,0.781209,0,0.246912,0.137679,0.862321,0,0.148128,0.081335,0.918665,0,0.084833,0.045206,0.954794,0,0.046259,0.023694,0.976306,0,0.023979,0.011739,0.988261,0,0.011808
2375,2025/26,4,Korona Kielce,Radomiak Radom,3.0,3.0,6.0,4.4984,3.7952,8.2936,1,-2483.7449,0.8191,0.672,0.0546,0.2505,0.154,0.00025,0.002074,0.008602,0.02378,0.049305,0.081784,0.113047,0.133938,0.138854,0.127956,0.106122,0.080012,0.055299,0.035279,0.0209,0.011556,0.00599,0.002922,0.001346,0.000588,0.000244,9.6e-05,3.6e-05,1.3e-05,5e-06,1e-06,1e-06,0.965294,0.034706,1,0.035322,0.915989,0.084011,1,0.087751,0.834206,0.165794,1,0.181275,0.721159,0.278841,0,1.277112,0.58722,0.41278,0,0.884841,0.448366,0.551634,0,0.594871,0.32041,0.67959,0,0.386266,0.214288,0.785712,0,0.241165,0.134276,0.865724,0,0.144189,0.078977,0.921023,0,0.08227,0.043697,0.956303,0,0.044681,0.022798,0.977202,0,0.023062,0.011242,0.988758,0,0.011306
2376,2025/26,4,Raków Częstochowa,Zagłębie Lubin,3.0,5.0,8.0,4.909,3.8814,8.7905,1,-2483.7449,0.8191,0.672,0.0546,0.2505,0.154,0.000152,0.001338,0.00588,0.017228,0.03786,0.066562,0.097519,0.122462,0.134562,0.13143,0.115533,0.092326,0.067632,0.045732,0.028715,0.016828,0.009245,0.004781,0.002335,0.00108,0.000475,0.000199,7.9e-05,3e-05,1.1e-05,4e-06,2e-06,0.975403,0.024597,1,0.024905,0.937542,0.062458,1,0.064494,0.87098,0.12902,1,0.138136,0.773461,0.226539,1,0.25688,0.650999,0.349001,1,0.429247,0.516436,0.483564,0,0.726572,0.385007,0.614993,0,0.486144,0.269474,0.730526,0,0.313991,0.177148,0.822852,0,0.194979,0.109516,0.890484,0,0.11599,0.063783,0.936217,0,0.065908,0.035069,0.964931,0,0.035698,0.018241,0.981759,0,0.018409
2377,2025/26,4,Jagiellonia Białystok,Cracovia,8.0,4.0,12.0,4.6429,4.0184,8.6614,1,-2483.7449,0.8191,0.672,0.0546,0.2505,0.154,0.000173,0.0015,0.006495,0.018751,0.040603,0.070335,0.101532,0.12563,0.136015,0.130897,0.113375,0.089271,0.064434,0.04293,0.026559,0.015336,0.008302,0.00423,0.002035,0.000928,0.000402,0.000166,6.5e-05,2.5e-05,9e-06,3e-06,1e-06,0.973081,0.026919,1,0.027288,0.932479,0.067521,1,0.069909,0.862144,0.137856,1,0.148333,0.760612,0.239388,1,0.273632,0.634982,0.365018,1,0.454159,0.498967,0.501033,1,0.695216,0.368069,0.631931,1,0.999484,0.254695,0.745305,1,1.36769,0.165424,0.834576,1,1.799245,0.10099,0.89901,0,0.106461,0.05806,0.94194,0,0.059814,0.031501,0.968499,0,0.032008,0.016165,0.983835,0,0.016297
2378,2025/26,4,Piast Gliwice,Lech Poznań,3.0,6.0,9.0,4.4779,3.9454,8.4233,1,-2483.7449,0.8191,0.672,0.0546,0.2505,0.154,0.00022,0.00185,0.007794,0.021883,0.046081,0.077631,0.108985,0.131145,0.138084,0.129237,0.10886,0.08336,0.058514,0.037914,0.022812,0.01281,0.006744,0.003342,0.001564,0.000693,0.000292,0.000117,4.5e-05,1.6e-05,6e-06,2e-06,1e-06,0.968254,0.031746,1,0.032261,0.922173,0.077827,1,0.081023,0.844542,0.155458,1,0.168961,0.735557,0.264443,1,0.307127,0.604413,0.395587,1,0.503498,0.466328,0.533672,1,0.762866,0.337092,0.662908,0,0.411118,0.228232,0.771768,0,0.259071,0.144871,0.855129,0,0.156503,0.086357,0.913643,0,0.090315,0.048443,0.951557,0,0.049656,0.025631,0.974369,0,0.025966,0.012821,0.987179,0,0.012904
2379,2025/26,4,Widzew Łódź,Wisła Płock,6.0,1.0,7.0,4.1456,3.8592,8.0048,1,-2483.7449,0.8191,0.672,0.0546,0.2505,0.154,0.000334,0.002672,0.010696,0.02854,0.057114,0.091438,0.121991,0.139502,0.139586,0.124152,0.099381,0.072321,0.048243,0.029706,0.016985,0.009064,0.004535,0.002135,0.00095,0.0004,0.00016,6.1e-05,2.2e-05,8e-06,3e-06,1e-06,0.0,0.957758,0.042242,1,0.04316,0.900644,0.099356,1,0.104645,0.809206,0.190794,1,0.211701,0.687216,0.312784,1,0.375107,0.547714,0.452286,0,0.79344,0.408127,0.591873,0,0.524464,0.283976,0.716024,0,0.334041,0.184594,0.815406,0,0.20407,0.112273,0.887727,0,0.119091,0.06403,0.93597,0,0.066172,0.034324,0.965676,0,0.034927,0.017339,0.982661,0,0.017491,0.008275,0.991725,0,0.008309
2380,2025/26,5,Wisła Płock,Legia Warszawa,4.0,3.0,7.0,4.8839,3.0646,7.9485,1,-2528.3534,0.8275,0.6767,0.0524,0.2482,0.1549,0.000353,0.002807,0.011157,0.029561,0.058742,0.093381,0.123706,0.140468,0.139563,0.123257,0.097971,0.070792,0.046891,0.02867,0.016277,0.008625,0.004285,0.002003,0.000885,0.00037,0.000147,5.6e-05,2e-05,7e-06,2e-06,1e-06,0.0,0.956121,0.043879,1,0.044871,0.897379,0.102621,1,0.108277,0.803998,0.196002,1,0.218158,0.680292,0.319708,1,0.385234,0.539824,0.460176,0,0.776146,0.40026,0.59974,0,0.51126,0.277003,0.722997,0,0.324351,0.179033,0.820967,0,0.197272,0.10824,0.89176,0,0.114558,0.061349,0.938651,0,0.063312,0.032679,0.967321,0,0.033225,0.016402,0.983598,0,0.016538,0.007776,0.992224,0,0.007807
2381,2025/26,5,Bruk-Bet Termalica Nieciecza,Raków Częstochowa,3.0,10.0,13.0,4.6728,3.4391,8.1119,1,-2528.3534,0.8275,0.6767,0.0524,0.2482,0.1549,0.0003,0.002433,0.009869,0.026686,0.054117,0.087798,0.118701,0.137555,0.139478,0.125714,0.101978,0.075202,0.050836,0.031721,0.01838,0.00994,0.005039,0.002405,0.001084,0.000463,0.000188,7.2e-05,2.7e-05,9e-06,3e-06,1e-06,0.0,0.960712,0.039288,1,0.04008,0.906595,0.093405,1,0.09806,0.818796,0.181204,1,0.19992,0.700095,0.299905,1,0.356539,0.56254,0.43746,1,0.575293,0.423062,0.576938,1,0.860238,0.297347,0.702653,1,1.212854,0.19537,0.80463,1,1.632861,0.120167,0.879833,1,2.11887,0.069331,0.930669,1,2.668857,0.03761,0.96239,0,0.038336,0.019231,0.980769,0,0.019418,0.009291,0.990709,0,0.009335
2382,2025/26,5,Motor Lublin,Piast Gliwice,1.0,4.0,5.0,4.3315,3.9628,8.2942,1,-2528.3534,0.8275,0.6767,0.0524,0.2482,0.1549,0.00025,0.002073,0.008598,0.02377,0.049289,0.081763,0.113027,0.133925,0.138851,0.127963,0.106136,0.080029,0.055315,0.035292,0.020909,0.011561,0.005993,0.002924,0.001347,0.000588,0.000244,9.6e-05,3.6e-05,1.3e-05,5e-06,2e-06,1e-06,0.965309,0.034691,1,0.035307,0.91602,0.08398,1,0.087717,0.834257,0.165743,0,1.797317,0.72123,0.27877,0,1.277367,0.587304,0.412696,0,0.885045,0.448453,0.551547,0,0.595029,0.32049,0.67951,0,0.386384,0.214355,0.785645,0,0.24125,0.134326,0.865674,0,0.144247,0.079011,0.920989,0,0.082308,0.043719,0.956281,0,0.044704,0.022811,0.977189,0,0.023075,0.011249,0.988751,0,0.011313
2383,2025/26,5,Zagłębie Lubin,Lechia Gdańsk,9.0,2.0,11.0,4.5578,4.2074,8.7652,1,-2528.3534,0.8275,0.6767,0.0524,0.2482,0.1549,0.000156,0.001368,0.005995,0.017517,0.038385,0.067291,0.098302,0.123091,0.134864,0.131346,0.115127,0.091737,0.067008,0.045179,0.028286,0.016529,0.009055,0.004669,0.002273,0.001049,0.00046,0.000192,7.6e-05,2.9e-05,1.1e-05,4e-06,2e-06,0.974963,0.025037,1,0.025355,0.936578,0.063422,1,0.065522,0.869288,0.130712,1,0.140081,0.770985,0.229015,1,0.260086,0.647895,0.352105,1,0.434027,0.51303,0.48697,1,0.66742,0.381685,0.618315,1,0.96316,0.266558,0.733442,1,1.322163,0.174821,0.825179,0,0.192155,0.107814,0.892186,0,0.11408,0.062634,0.937366,0,0.064682,0.034348,0.965652,0,0.034952,0.017819,0.982181,0,0.01798
2384,2025/26,5,Radomiak Radom,Jagiellonia Białystok,5.0,5.0,10.0,4.6912,3.8009,8.492,1,-2528.3534,0.8275,0.6767,0.0524,0.2482,0.1549,0.000205,0.001742,0.007395,0.020934,0.044442,0.075481,0.106831,0.129601,0.137572,0.129807,0.110232,0.085099,0.060222,0.039339,0.023862,0.013509,0.00717,0.003582,0.00169,0.000755,0.000321,0.00013,5e-05,1.8e-05,7e-06,2e-06,1e-06,0.969724,0.030276,1,0.030744,0.925282,0.074718,1,0.077657,0.849801,0.150199,1,0.162753,0.74297,0.25703,1,0.2971,0.613368,0.386632,1,0.48879,0.475796,0.524204,1,0.742765,0.345989,0.654011,1,1.061348,0.235757,0.764243,0,0.268869,0.150657,0.849343,0,0.163293,0.090435,0.909565,0,0.094789,0.051096,0.948904,0,0.052448,0.027234,0.972766,0,0.027612,0.013725,0.986275,0,0.01382
2385,2025/26,5,Pogoń Szczecin,Górnik Zabrze,3.0,6.0,9.0,4.4156,3.9463,8.3619,1,-2528.3534,0.8275,0.6767,0.0524,0.2482,0.1549,0.000234,0.001953,0.008167,0.022763,0.047586,0.079582,0.110909,0.132488,0.138482,0.128664,0.107587,0.081785,0.05699,0.036657,0.021895,0.012206,0.006379,0.003138,0.001458,0.000641,0.000268,0.000107,4.1e-05,1.5e-05,5e-06,2e-06,1e-06,0.966883,0.033117,1,0.033677,0.919298,0.080702,1,0.084145,0.839716,0.160284,1,0.174691,0.728807,0.271193,1,0.316346,0.596319,0.403681,1,0.516979,0.457838,0.542162,1,0.78124,0.329174,0.670826,0,0.399246,0.221587,0.778413,0,0.250498,0.139802,0.860198,0,0.150592,0.082811,0.917189,0,0.086442,0.046154,0.953846,0,0.047253,0.024259,0.975741,0,0.024558,0.012054,0.987946,0,0.012127
2386,2025/26,5,Cracovia,Widzew Łódź,2.0,4.0,6.0,4.7677,3.9444,8.7121,1,-2528.3534,0.8275,0.6767,0.0524,0.2482,0.1549,0.000165,0.001434,0.006246,0.018139,0.039506,0.068836,0.099951,0.124398,0.135471,0.131137,0.114248,0.090485,0.065693,0.044025,0.027396,0.015912,0.008664,0.00444,0.002149,0.000985,0.000429,0.000178,7.1e-05,2.7e-05,1e-05,3e-06,2e-06,0.974017,0.025983,1,0.026326,0.934511,0.065489,1,0.067732,0.865675,0.134325,1,0.144246,0.765724,0.234276,0,1.451253,0.641326,0.358674,0,1.025341,0.505855,0.494145,0,0.704926,0.374718,0.625282,0,0.469552,0.26047,0.73953,0,0.30174,0.169985,0.830015,0,0.186311,0.104292,0.895708,0,0.11014,0.060267,0.939733,0,0.062159,0.03287,0.96713,0,0.033423,0.016958,0.983042,0,0.017104
2387,2025/26,5,GKS Katowice,Arka Gdynia,10.0,3.0,13.0,4.5834,3.5405,8.124,1,-2528.3534,0.8275,0.6767,0.0524,0.2482,0.1549,0.000296,0.002408,0.00978,0.026483,0.053786,0.087391,0.118327,0.137326,0.139454,0.12588,0.102264,0.075526,0.051131,0.031953,0.018542,0.010042,0.005099,0.002437,0.0011,0.00047,0.000191,7.4e-05,2.7e-05,1e-05,3e-06,1e-06,0.0,0.961034,0.038966,1,0.039746,0.907248,0.092752,1,0.09734,0.819856,0.180144,1,0.198626,0.701529,0.298471,1,0.354493,0.564203,0.435797,1,0.572341,0.424749,0.575251,1,0.856257,0.298869,0.701131,1,1.207749,0.196605,0.803395,1,1.626557,0.121079,0.878921,1,2.11131,0.069948,0.930052,1,2.659999,0.037996,0.962004,0,0.038736,0.019454,0.980546,0,0.019646,0.009412,0.990588,0,0.009457
2388,2025/26,5,Lech Poznań,Korona Kielce,8.0,2.0,10.0,5.0154,4.0029,9.0183,1,-2528.3534,0.8275,0.6767,0.0524,0.2482,0.1549,0.000121,0.001093,0.004927,0.014812,0.033395,0.060234,0.090534,0.116638,0.131485,0.131753,0.118819,0.097414,0.073209,0.050787,0.032715,0.019669,0.011086,0.005881,0.002947,0.001399,0.000631,0.000271,0.000111,4.4e-05,1.6e-05,6e-06,3e-06,0.979047,0.020953,1,0.021176,0.945652,0.054348,1,0.055881,0.885418,0.114582,1,0.121695,0.794884,0.205116,1,0.229559,0.678246,0.321754,1,0.388246,0.54676,0.45324,1,0.603745,0.415007,0.584993,1,0.87946,0.296188,0.703812,0,0.351243,0.198774,0.801226,0,0.221612,0.125565,0.874435,0,0.134177,0.074778,0.925222,0,0.077722,0.042063,0.957937,0,0.042973,0.022394,0.977606,0,0.022649
2389,2025/26,6,Wisła Płock,Zagłębie Lubin,4.0,3.0,7.0,4.7182,3.2715,7.9896,1,-2573.1374,0.8378,0.6861,0.0547,0.237,0.1583,0.000339,0.002708,0.010819,0.028812,0.05755,0.09196,0.122455,0.139767,0.139586,0.123915,0.099004,0.071909,0.047877,0.029425,0.016792,0.008944,0.004466,0.002099,0.000932,0.000392,0.000157,6e-05,2.2e-05,8e-06,3e-06,1e-06,0.0,0.957322,0.042678,1,0.043615,0.899772,0.100228,1,0.105613,0.807812,0.192188,1,0.213426,0.685358,0.314642,1,0.377814,0.545591,0.454409,0,0.788757,0.406005,0.593995,0,0.520885,0.28209,0.71791,0,0.331411,0.183086,0.816914,0,0.202222,0.111177,0.888823,0,0.117857,0.063299,0.936701,0,0.065392,0.033875,0.966125,0,0.034462,0.017082,0.982918,0,0.01723,0.008138,0.991862,0,0.008171
2390,2025/26,6,Legia Warszawa,Jagiellonia Białystok,8.0,1.0,9.0,4.7043,3.7926,8.4969,1,-2573.1374,0.8378,0.6861,0.0547,0.237,0.1583,0.000204,0.001734,0.007368,0.020868,0.044328,0.07533,0.106679,0.129491,0.137533,0.129845,0.110327,0.085222,0.060343,0.039441,0.023937,0.013559,0.007201,0.003599,0.001699,0.00076,0.000323,0.000131,5e-05,1.9e-05,7e-06,2e-06,1e-06,0.969826,0.030174,1,0.030639,0.925497,0.074503,1,0.077424,0.850167,0.149833,1,0.162322,0.743489,0.256511,1,0.296402,0.613998,0.386002,1,0.487764,0.476465,0.523535,1,0.741362,0.34662,0.65338,0,0.425596,0.236293,0.763707,0,0.269571,0.151071,0.848929,0,0.16378,0.090728,0.909272,0,0.095111,0.051288,0.948712,0,0.05265,0.02735,0.97265,0,0.027731,0.013791,0.986209,0,0.013887
2391,2025/26,6,Lechia Gdańsk,Arka Gdynia,3.0,1.0,4.0,5.2627,3.617,8.8798,1,-2573.1374,0.8378,0.6861,0.0547,0.237,0.1583,0.000139,0.001236,0.005487,0.016241,0.036055,0.064031,0.094764,0.120212,0.133431,0.131649,0.116901,0.094369,0.069831,0.047699,0.030254,0.01791,0.00994,0.005192,0.002561,0.001197,0.000531,0.000225,9.1e-05,3.5e-05,1.3e-05,5e-06,2e-06,0.976897,0.023103,1,0.023374,0.940842,0.059158,0,2.827542,0.87681,0.12319,0,2.094031,0.782046,0.217954,0,1.523473,0.661835,0.338165,0,1.08422,0.528403,0.471597,0,0.751631,0.396754,0.603246,0,0.505431,0.279853,0.720147,0,0.3283,0.185485,0.814515,0,0.205162,0.115654,0.884346,0,0.122906,0.067955,0.932045,0,0.070374,0.037701,0.962299,0,0.03843,0.019792,0.980208,0,0.01999
2392,2025/26,6,Górnik Zabrze,GKS Katowice,6.0,1.0,7.0,4.7949,3.7489,8.5438,1,-2573.1374,0.8378,0.6861,0.0547,0.237,0.1583,0.000195,0.001664,0.007108,0.020243,0.043237,0.073883,0.105207,0.12841,0.137139,0.130188,0.111231,0.086394,0.061512,0.040427,0.024671,0.014052,0.007504,0.003771,0.00179,0.000805,0.000344,0.00014,5.4e-05,2e-05,7e-06,2e-06,1e-06,0.970791,0.029209,1,0.029644,0.927554,0.072446,1,0.075205,0.853671,0.146329,1,0.15821,0.748464,0.251536,1,0.289732,0.620054,0.379946,0,0.967726,0.482915,0.517085,0,0.659547,0.352726,0.647274,0,0.434986,0.241495,0.758505,0,0.276407,0.155101,0.844899,0,0.168538,0.09359,0.90641,0,0.098263,0.053163,0.946837,0,0.054628,0.028492,0.971508,0,0.028906,0.014439,0.985561,0,0.014545
2393,2025/26,6,Radomiak Radom,Bruk-Bet Termalica Nieciecza,4.0,2.0,6.0,4.7577,3.7627,8.5204,1,-2573.1374,0.8378,0.6861,0.0547,0.237,0.1583,0.000199,0.001699,0.007236,0.020552,0.043778,0.074602,0.10594,0.128951,0.137339,0.130022,0.110784,0.085812,0.06093,0.039934,0.024304,0.013806,0.007352,0.003685,0.001744,0.000782,0.000333,0.000135,5.2e-05,1.9e-05,7e-06,2e-06,1e-06,0.970314,0.029686,1,0.030136,0.926536,0.073464,1,0.076302,0.851934,0.148066,1,0.160246,0.745995,0.254005,0,1.3704,0.617044,0.382956,0,0.959835,0.479705,0.520295,0,0.653359,0.349683,0.650317,0,0.430296,0.238899,0.761101,0,0.272989,0.153087,0.846913,0,0.166157,0.092158,0.907842,0,0.096684,0.052223,0.947777,0,0.053636,0.027919,0.972081,0,0.028316,0.014113,0.985887,0,0.014214
2394,2025/26,6,Korona Kielce,Motor Lublin,8.0,2.0,10.0,4.73,3.6843,8.4142,1,-2573.1374,0.8378,0.6861,0.0547,0.237,0.1583,0.000222,0.001865,0.007848,0.022011,0.046301,0.077917,0.109269,0.131345,0.138147,0.129156,0.108675,0.083129,0.058289,0.037727,0.022675,0.012719,0.006689,0.003311,0.001548,0.000685,0.000288,0.000116,4.4e-05,1.6e-05,6e-06,2e-06,1e-06,0.968055,0.031945,1,0.032467,0.921754,0.078246,1,0.081477,0.843837,0.156163,1,0.169796,0.734567,0.265433,1,0.308473,0.603222,0.396778,1,0.50547,0.465075,0.534925,1,0.765556,0.33592,0.66408,1,1.090883,0.227245,0.772755,0,0.257793,0.144116,0.855884,0,0.155621,0.085827,0.914173,0,0.089736,0.0481,0.9519,0,0.049295,0.025425,0.974575,0,0.025754,0.012706,0.987294,0,0.012787
2395,2025/26,6,Raków Częstochowa,Lech Poznań,7.0,3.0,10.0,4.7171,4.2499,8.9671,1,-2573.1374,0.8378,0.6861,0.0547,0.237,0.1583,0.000128,0.001144,0.005128,0.015327,0.034359,0.06162,0.092092,0.117971,0.132231,0.131748,0.118139,0.096306,0.071965,0.04964,0.031794,0.019007,0.010652,0.005619,0.002799,0.001321,0.000592,0.000253,0.000103,4e-05,1.5e-05,5e-06,3e-06,0.978274,0.021726,1,0.021965,0.943915,0.056085,1,0.057719,0.882295,0.117705,1,0.125229,0.790203,0.209797,1,0.235465,0.672233,0.327767,1,0.397151,0.540001,0.459999,1,0.616184,0.408253,0.591747,1,0.895867,0.290114,0.709886,0,0.342651,0.193809,0.806191,0,0.215434,0.121844,0.878156,0,0.129931,0.072204,0.927796,0,0.074944,0.04041,0.95959,0,0.041249,0.021403,0.978597,0,0.021635
2396,2025/26,6,Piast Gliwice,Cracovia,1.0,2.0,3.0,4.5738,3.9483,8.522,1,-2573.1374,0.8378,0.6861,0.0547,0.237,0.1583,0.000199,0.001696,0.007227,0.020531,0.043741,0.074552,0.10589,0.128914,0.137326,0.130033,0.110815,0.085852,0.060969,0.039968,0.024329,0.013822,0.007362,0.003691,0.001747,0.000784,0.000334,0.000136,5.2e-05,1.9e-05,7e-06,2e-06,1e-06,0.970347,0.029653,0,3.51818,0.926606,0.073394,0,2.611909,0.852053,0.147947,0,1.910903,0.746163,0.253837,0,1.371065,0.61725,0.38275,0,0.960372,0.479923,0.520077,0,0.653779,0.34989,0.65011,0,0.430614,0.239076,0.760924,0,0.273221,0.153224,0.846776,0,0.166319,0.092255,0.907745,0,0.096791,0.052287,0.947713,0,0.053703,0.027958,0.972042,0,0.028356,0.014136,0.985864,0,0.014236
2397,2025/26,6,Widzew Łódź,Pogoń Szczecin,4.0,4.0,8.0,4.8664,3.4445,8.3109,1,-2573.1374,0.8378,0.6861,0.0547,0.237,0.1583,0.000246,0.002043,0.00849,0.023519,0.048865,0.081223,0.112506,0.133576,0.138767,0.128142,0.106498,0.080463,0.055727,0.035626,0.021149,0.011718,0.006087,0.002976,0.001374,0.000601,0.00025,9.9e-05,3.7e-05,1.3e-05,5e-06,2e-06,1e-06,0.965703,0.034297,1,0.034899,0.916838,0.083162,1,0.086825,0.835615,0.164385,1,0.179588,0.723109,0.276891,1,0.324196,0.589533,0.410467,1,0.528424,0.450766,0.549234,0,0.599231,0.322624,0.677376,0,0.389529,0.216126,0.783874,0,0.243507,0.135663,0.864337,0,0.145793,0.079936,0.920064,0,0.083313,0.04431,0.95569,0,0.045322,0.023161,0.976839,0,0.023434,0.011443,0.988557,0,0.011509
2398,2025/26,7,Arka Gdynia,Wisła Płock,2.0,4.0,6.0,4.3767,3.627,8.0038,1,-2591.6899,0.8379,0.6815,0.0616,0.2375,0.1507,0.000334,0.002675,0.010705,0.028559,0.057145,0.091475,0.122024,0.139521,0.139586,0.124135,0.099355,0.072292,0.048217,0.029686,0.016971,0.009056,0.00453,0.002133,0.000948,0.000399,0.00016,6.1e-05,2.2e-05,8e-06,3e-06,1e-06,0.0,0.957727,0.042273,1,0.043192,0.900582,0.099418,1,0.104714,0.809107,0.190893,1,0.211824,0.687084,0.312916,0,1.161819,0.547563,0.452437,0,0.793106,0.407976,0.592024,0,0.524209,0.283841,0.716159,0,0.333853,0.184487,0.815513,0,0.203938,0.112195,0.887805,0,0.119003,0.063978,0.936022,0,0.066116,0.034292,0.965708,0,0.034894,0.017321,0.982679,0,0.017472,0.008265,0.991735,0,0.008299
2399,2025/26,7,Bruk-Bet Termalica Nieciecza,Korona Kielce,5.0,9.0,14.0,4.8798,4.1738,9.0535,1,-2591.6899,0.8379,0.6815,0.0616,0.2375,0.1507,0.000117,0.001059,0.004794,0.014468,0.032746,0.059294,0.08947,0.115717,0.130956,0.131735,0.119266,0.098162,0.074059,0.051577,0.033354,0.020131,0.011391,0.006066,0.003051,0.001454,0.000658,0.000284,0.000117,4.6e-05,1.7e-05,6e-06,3e-06,0.979562,0.020438,1,0.02065,0.946816,0.053184,1,0.054651,0.887522,0.112478,1,0.119322,0.798052,0.201948,1,0.225582,0.682335,0.317665,1,0.382235,0.551379,0.448621,1,0.595333,0.419644,0.580356,1,0.868349,0.300377,0.699623,1,1.202715,0.202216,0.797784,1,1.598421,0.128156,0.871844,1,2.054506,0.076579,0.923421,1,2.569428,0.043226,0.956774,0,0.044188,0.023094,0.976906,0,0.023365
2400,2025/26,7,Zagłębie Lubin,Piast Gliwice,2.0,5.0,7.0,4.1768,3.8028,7.9795,1,-2591.6899,0.8379,0.6815,0.0616,0.2375,0.1507,0.000342,0.002732,0.010901,0.028994,0.05784,0.092307,0.122762,0.139941,0.139583,0.123756,0.098752,0.071636,0.047635,0.029239,0.016665,0.008865,0.004421,0.002075,0.00092,0.000386,0.000154,5.9e-05,2.1e-05,7e-06,2e-06,1e-06,0.0,0.957031,0.042969,1,0.04392,0.899191,0.100809,1,0.10626,0.806883,0.193117,1,0.214577,0.684121,0.315879,1,0.37962,0.54418,0.45582,0,0.785658,0.404597,0.595403,0,0.518518,0.280841,0.719159,0,0.329673,0.182089,0.817911,0,0.201002,0.110453,0.889547,0,0.117043,0.062818,0.937182,0,0.064878,0.033579,0.966421,0,0.034155,0.016913,0.983087,0,0.017058,0.008048,0.991952,0,0.008081
2401,2025/26,7,Górnik Zabrze,Motor Lublin,3.0,3.0,6.0,5.1911,3.5321,8.7231,1,-2591.6899,0.8379,0.6815,0.0616,0.2375,0.1507,0.000163,0.00142,0.006193,0.018008,0.039271,0.068513,0.099608,0.124128,0.135348,0.131184,0.114433,0.090747,0.065966,0.044264,0.02758,0.016039,0.008744,0.004487,0.002174,0.000998,0.000435,0.000181,7.2e-05,2.7e-05,1e-05,3e-06,2e-06,0.974216,0.025784,1,0.026122,0.934945,0.065055,1,0.067267,0.866432,0.133568,1,0.143371,0.766824,0.233176,0,1.455962,0.642696,0.357304,0,1.029169,0.507348,0.492652,0,0.707953,0.376164,0.623836,0,0.471868,0.261731,0.738269,0,0.303447,0.170984,0.829016,0,0.187516,0.105018,0.894982,0,0.110951,0.060753,0.939247,0,0.062677,0.033173,0.966827,0,0.033736,0.017134,0.982866,0,0.017283
2402,2025/26,7,Pogoń Szczecin,Raków Częstochowa,3.0,3.0,6.0,4.3153,4.0986,8.4139,1,-2591.6899,0.8379,0.6815,0.0616,0.2375,0.1507,0.000222,0.001866,0.00785,0.022015,0.046309,0.077928,0.10928,0.131353,0.138149,0.129153,0.108668,0.08312,0.058281,0.037721,0.02267,0.012716,0.006687,0.00331,0.001547,0.000685,0.000288,0.000115,4.4e-05,1.6e-05,6e-06,2e-06,1e-06,0.968047,0.031953,1,0.032474,0.921738,0.078262,1,0.081494,0.843811,0.156189,1,0.169827,0.734531,0.265469,0,1.326257,0.603178,0.396822,0,0.924267,0.465029,0.534971,0,0.625543,0.335876,0.664124,0,0.409287,0.227209,0.772791,0,0.257746,0.144088,0.855912,0,0.155588,0.085808,0.914192,0,0.089714,0.048087,0.951913,0,0.049282,0.025417,0.974583,0,0.025746,0.012701,0.987299,0,0.012783
2403,2025/26,7,Cracovia,Legia Warszawa,2.0,5.0,7.0,4.6927,4.1631,8.8558,1,-2591.6899,0.8379,0.6815,0.0616,0.2375,0.1507,0.000143,0.001262,0.00559,0.016501,0.036532,0.064704,0.095501,0.12082,0.133745,0.131602,0.116544,0.093826,0.069242,0.047169,0.029837,0.017615,0.00975,0.005079,0.002499,0.001165,0.000516,0.000217,8.8e-05,3.4e-05,1.2e-05,4e-06,2e-06,0.976504,0.023496,1,0.023776,0.939972,0.060028,1,0.061905,0.875268,0.124732,1,0.133225,0.779767,0.220233,1,0.24876,0.658947,0.341053,0,1.075717,0.525202,0.474798,0,0.744866,0.3936,0.6064,0,0.500216,0.277056,0.722944,0,0.324424,0.18323,0.81677,0,0.202397,0.113987,0.886013,0,0.121024,0.066818,0.933182,0,0.069155,0.036981,0.963019,0,0.037682,0.019366,0.980634,0,0.019556
2404,2025/26,7,GKS Katowice,Radomiak Radom,8.0,4.0,12.0,4.623,4.2112,8.8341,1,-2591.6899,0.8379,0.6815,0.0616,0.2375,0.1507,0.000146,0.001287,0.005684,0.016739,0.036968,0.065316,0.096169,0.121367,0.134022,0.131552,0.116215,0.093333,0.06871,0.046692,0.029463,0.017352,0.009581,0.004979,0.002443,0.001136,0.000502,0.000211,8.5e-05,3.3e-05,1.2e-05,4e-06,2e-06,0.976144,0.023856,1,0.024145,0.939177,0.060823,1,0.062752,0.87386,0.12614,1,0.134835,0.777692,0.222308,1,0.251425,0.656325,0.343675,1,0.421099,0.522303,0.477697,1,0.649507,0.390751,0.609249,1,0.939684,0.274536,0.725464,1,1.292672,0.181203,0.818797,1,1.708135,0.112494,0.887506,0,0.11934,0.065802,0.934198,0,0.068067,0.036339,0.963661,0,0.037016,0.018987,0.981013,0,0.01917
2405,2025/26,7,Lech Poznań,Widzew Łódź,5.0,3.0,8.0,4.9889,3.8847,8.8735,1,-2591.6899,0.8379,0.6815,0.0616,0.2375,0.1507,0.00014,0.001243,0.005514,0.016308,0.036178,0.064206,0.094956,0.12037,0.133514,0.131638,0.116809,0.094228,0.069678,0.047561,0.030145,0.017833,0.00989,0.005162,0.002545,0.001189,0.000527,0.000223,9e-05,3.5e-05,1.3e-05,5e-06,2e-06,0.976795,0.023205,1,0.023478,0.940617,0.059383,1,0.06122,0.876411,0.123589,1,0.13192,0.781455,0.218545,1,0.246598,0.661085,0.338915,1,0.413873,0.527571,0.472429,0,0.749868,0.395934,0.604066,0,0.504071,0.279125,0.720875,0,0.327289,0.184897,0.815103,0,0.20444,0.115219,0.884781,0,0.122415,0.067658,0.932342,0,0.070056,0.037513,0.962487,0,0.038235,0.01968,0.98032,0,0.019876
2406,2025/26,7,Jagiellonia Białystok,Lechia Gdańsk,4.0,4.0,8.0,4.9809,4.0355,9.0164,1,-2591.6899,0.8379,0.6815,0.0616,0.2375,0.1507,0.000121,0.001095,0.004935,0.014831,0.033431,0.060285,0.090593,0.116689,0.131514,0.131754,0.118794,0.097373,0.073163,0.050743,0.03268,0.019644,0.01107,0.005871,0.002941,0.001396,0.000629,0.00027,0.000111,4.3e-05,1.6e-05,6e-06,3e-06,0.979018,0.020982,1,0.021205,0.945587,0.054413,1,0.055949,0.885302,0.114698,1,0.121826,0.79471,0.20529,1,0.229779,0.678021,0.321979,1,0.388577,0.546507,0.453493,0,0.790776,0.414753,0.585247,0,0.535722,0.295959,0.704041,0,0.350919,0.198586,0.801414,0,0.221378,0.125424,0.874576,0,0.134016,0.07468,0.92532,0,0.077616,0.042,0.958,0,0.042908,0.022356,0.977644,0,0.02261
2407,2025/26,8,Wisła Płock,Cracovia,4.0,1.0,5.0,4.5973,3.3191,7.9165,1,-2622.0655,0.82,0.6698,0.0641,0.2434,0.1518,0.000365,0.002887,0.011428,0.030156,0.059681,0.094493,0.124675,0.140998,0.139525,0.122727,0.097156,0.069921,0.046127,0.02809,0.015884,0.008383,0.004148,0.001931,0.000849,0.000354,0.00014,5.3e-05,1.9e-05,7e-06,2e-06,1e-06,0.0,0.955165,0.044835,1,0.045871,0.895483,0.104517,1,0.110392,0.80099,0.19901,0,1.614401,0.676315,0.323685,0,1.127985,0.535317,0.464683,0,0.766401,0.395792,0.604208,0,0.503837,0.273065,0.726935,0,0.318918,0.175909,0.824091,0,0.193474,0.105987,0.894013,0,0.112035,0.05986,0.94014,0,0.061726,0.03177,0.96823,0,0.032286,0.015887,0.984113,0,0.016014,0.007504,0.992496,0,0.007532
2408,2025/26,8,Legia Warszawa,Radomiak Radom,6.0,5.0,11.0,4.7959,3.584,8.3799,1,-2622.0655,0.82,0.6698,0.0641,0.2434,0.1518,0.000229,0.001923,0.008056,0.022502,0.047141,0.079007,0.110346,0.132098,0.138371,0.128838,0.107965,0.082249,0.057436,0.037024,0.022161,0.012381,0.006484,0.003196,0.001488,0.000656,0.000275,0.00011,4.2e-05,1.5e-05,5e-06,2e-06,1e-06,0.96729,0.03271,1,0.033256,0.92015,0.07985,1,0.083219,0.841142,0.158858,1,0.172994,0.730797,0.269203,1,0.31362,0.598699,0.401301,1,0.512997,0.460328,0.539672,1,0.775817,0.33149,0.66851,1,1.104157,0.223525,0.776475,1,1.498231,0.141277,0.858723,0,0.152309,0.08384,0.91616,0,0.087565,0.046816,0.953184,0,0.047948,0.024655,0.975345,0,0.024964,0.012275,0.987725,0,0.012351
2409,2025/26,8,Lechia Gdańsk,GKS Katowice,3.0,3.0,6.0,4.912,4.1376,9.0496,1,-2622.0655,0.82,0.6698,0.0641,0.2434,0.1518,0.000117,0.001063,0.004809,0.014506,0.032818,0.059398,0.089588,0.115819,0.131015,0.131738,0.119218,0.09808,0.073965,0.051489,0.033283,0.02008,0.011357,0.006046,0.00304,0.001448,0.000655,0.000282,0.000116,4.6e-05,1.7e-05,6e-06,3e-06,0.979505,0.020495,1,0.020708,0.946688,0.053312,1,0.054786,0.88729,0.11271,1,0.119583,0.797702,0.202298,0,1.598014,0.681883,0.318117,0,1.145335,0.550867,0.449133,0,0.800437,0.41913,0.58087,0,0.543228,0.299912,0.700088,0,0.356549,0.201833,0.798167,0,0.225437,0.127867,0.872133,0,0.136814,0.076378,0.923622,0,0.079453,0.043096,0.956904,0,0.044052,0.023016,0.976984,0,0.023285
2410,2025/26,8,Motor Lublin,Bruk-Bet Termalica Nieciecza,2.0,6.0,8.0,4.4462,4.0595,8.5057,1,-2622.0655,0.82,0.6698,0.0641,0.2434,0.1518,0.000202,0.001721,0.007318,0.020749,0.044121,0.075056,0.106401,0.129288,0.137461,0.129912,0.1105,0.085444,0.060563,0.039626,0.024075,0.013652,0.007257,0.003631,0.001716,0.000768,0.000327,0.000132,5.1e-05,1.9e-05,7e-06,2e-06,1e-06,0.97001,0.02999,1,0.030449,0.925889,0.074111,1,0.077001,0.850833,0.149167,1,0.161539,0.744432,0.255568,1,0.295133,0.615144,0.384856,1,0.485899,0.477683,0.522317,0,0.64948,0.347771,0.652229,0,0.427359,0.237271,0.762729,0,0.270852,0.151827,0.848173,0,0.164671,0.091264,0.908736,0,0.0957,0.051638,0.948362,0,0.053019,0.027563,0.972437,0,0.02795,0.013911,0.986089,0,0.014009
2411,2025/26,8,Korona Kielce,Pogoń Szczecin,6.0,10.0,16.0,4.8741,3.4842,8.3583,1,-2622.0655,0.82,0.6698,0.0641,0.2434,0.1518,0.000234,0.001959,0.008189,0.022815,0.047675,0.079696,0.111022,0.132565,0.138503,0.128628,0.107512,0.081693,0.056901,0.036585,0.021842,0.012171,0.006358,0.003126,0.001452,0.000639,0.000267,0.000106,4e-05,1.5e-05,5e-06,2e-06,1e-06,0.966802,0.033198,1,0.033762,0.919127,0.080873,1,0.084331,0.83943,0.16057,1,0.175032,0.728409,0.271591,1,0.316893,0.595844,0.404156,1,0.517777,0.457341,0.542659,1,0.782327,0.328713,0.671287,1,1.112572,0.221201,0.778799,1,1.508684,0.139508,0.860492,1,1.969632,0.082607,0.917393,1,2.493661,0.046022,0.953978,1,3.078627,0.024181,0.975819,1,3.722207,0.01201,0.98799,1,4.422034
2412,2025/26,8,Lech Poznań,Zagłębie Lubin,6.0,4.0,10.0,4.9208,3.8493,8.7701,1,-2622.0655,0.82,0.6698,0.0641,0.2434,0.1518,0.000155,0.001362,0.005973,0.017461,0.038283,0.06715,0.098151,0.12297,0.134807,0.131362,0.115206,0.091851,0.067128,0.045286,0.028369,0.016586,0.009091,0.00469,0.002285,0.001055,0.000463,0.000193,7.7e-05,2.9e-05,1.1e-05,4e-06,2e-06,0.975049,0.024951,1,0.025268,0.936765,0.063235,1,0.065323,0.869616,0.130384,1,0.139704,0.771465,0.228535,1,0.259464,0.648495,0.351505,1,0.433101,0.513688,0.486312,1,0.666139,0.382326,0.617674,1,0.961483,0.26712,0.73288,0,0.310773,0.175269,0.824731,0,0.192698,0.108141,0.891859,0,0.114447,0.062855,0.937145,0,0.064917,0.034486,0.965514,0,0.035095,0.0179,0.9821,0,0.018062
2413,2025/26,8,Raków Częstochowa,Górnik Zabrze,1.0,7.0,8.0,4.7049,4.1336,8.8385,1,-2622.0655,0.82,0.6698,0.0641,0.2434,0.1518,0.000145,0.001282,0.005665,0.016691,0.036881,0.065194,0.096036,0.121258,0.133967,0.131562,0.116281,0.093431,0.068816,0.046787,0.029537,0.017404,0.009614,0.004998,0.002454,0.001142,0.000505,0.000212,8.5e-05,3.3e-05,1.2e-05,4e-06,2e-06,0.976216,0.023784,1,0.024071,0.939336,0.060664,1,0.062582,0.874142,0.125858,1,0.134513,0.778106,0.221894,1,0.250893,0.656848,0.343152,1,0.420303,0.522881,0.477119,0,0.739988,0.391318,0.608682,0,0.496459,0.275037,0.724963,0,0.321635,0.181606,0.818394,0,0.200411,0.11279,0.88721,0,0.119674,0.066004,0.933996,0,0.068283,0.036466,0.963534,0,0.037148,0.019062,0.980938,0,0.019246
2414,2025/26,8,Piast Gliwice,Jagiellonia Białystok,4.0,6.0,10.0,4.3635,3.8307,8.1942,1,-2622.0655,0.82,0.6698,0.0641,0.2434,0.1518,0.000276,0.002264,0.009274,0.025332,0.051894,0.085046,0.116147,0.135962,0.139263,0.126795,0.103898,0.077397,0.052851,0.033313,0.019498,0.010651,0.005455,0.002629,0.001197,0.000516,0.000212,8.3e-05,3.1e-05,1.1e-05,4e-06,1e-06,1e-06,0.962854,0.037146,1,0.037853,0.91096,0.08904,1,0.093256,0.825915,0.174085,1,0.191264,0.709767,0.290233,1,0.342818,0.573805,0.426195,1,0.555465,0.434542,0.565458,1,0.833462,0.307748,0.692252,1,1.178476,0.203849,0.796151,0,0.227967,0.126452,0.873548,0,0.135192,0.073602,0.926398,0,0.076451,0.040289,0.959711,0,0.041123,0.02079,0.97921,0,0.02101,0.010139,0.989861,0,0.010191
2415,2025/26,8,Widzew Łódź,Arka Gdynia,8.0,5.0,13.0,4.8122,3.2094,8.0216,1,-2622.0655,0.82,0.6698,0.0641,0.2434,0.1518,0.000328,0.002633,0.010562,0.028242,0.056636,0.090862,0.121477,0.139206,0.139582,0.124409,0.099796,0.072775,0.048648,0.030018,0.0172,0.009198,0.004611,0.002176,0.00097,0.000409,0.000164,6.3e-05,2.3e-05,8e-06,3e-06,1e-06,0.0,0.958235,0.041765,1,0.042663,0.901599,0.098401,1,0.103586,0.810737,0.189263,1,0.209812,0.689259,0.310741,1,0.372138,0.550053,0.449947,1,0.59774,0.410471,0.589529,1,0.890451,0.286062,0.713938,1,1.251546,0.186266,0.813734,1,1.680578,0.113491,0.886509,1,2.17603,0.064843,0.935157,1,2.73578,0.034825,0.965175,0,0.035446,0.017626,0.982374,0,0.017783,0.008428,0.991572,0,0.008464
2416,2025/26,9,Arka Gdynia,Korona Kielce,3.0,0.0,3.0,4.6118,3.843,8.4547,1,-2670.3717,0.8268,0.6823,0.0581,0.2485,0.1479,0.000213,0.0018,0.007609,0.021444,0.045326,0.076644,0.108,0.130444,0.137859,0.129507,0.109494,0.084159,0.059295,0.038563,0.023289,0.013127,0.006936,0.00345,0.00162,0.000721,0.000305,0.000123,4.7e-05,1.7e-05,6e-06,2e-06,1e-06,0.968934,0.031066,0,3.471645,0.923608,0.076392,0,2.571881,0.846965,0.153035,0,1.877087,0.738965,0.261035,0,1.343099,0.60852,0.39148,0,0.937822,0.470661,0.529339,0,0.636127,0.341155,0.658845,0,0.417267,0.23166,0.76834,0,0.263523,0.147502,0.852498,0,0.159584,0.088207,0.911793,0,0.092342,0.049644,0.950356,0,0.050919,0.026355,0.973645,0,0.026709,0.013229,0.986771,0,0.013317
2417,2025/26,9,Bruk-Bet Termalica Nieciecza,Lech Poznań,2.0,9.0,11.0,4.8172,4.732,9.5492,1,-2670.3717,0.8268,0.6823,0.0581,0.2485,0.1479,7.1e-05,0.00068,0.003249,0.010342,0.024689,0.047152,0.075043,0.102371,0.122195,0.129651,0.123806,0.107476,0.085526,0.062823,0.04285,0.027279,0.016281,0.009145,0.004852,0.002438,0.001164,0.000529,0.00023,9.5e-05,3.8e-05,1.4e-05,8e-06,0.985657,0.014343,1,0.014446,0.960968,0.039032,1,0.039814,0.913817,0.086183,1,0.090125,0.838773,0.161227,1,0.175815,0.736402,0.263598,1,0.305979,0.614207,0.385793,1,0.487423,0.484556,0.515444,1,0.724522,0.36075,0.63925,1,1.01957,0.253274,0.746726,0,0.292056,0.167748,0.832252,0,0.18362,0.104925,0.895075,0,0.110847,0.062074,0.937926,0,0.064085,0.034795,0.965205,0,0.035415
2418,2025/26,9,Zagłębie Lubin,Motor Lublin,4.0,6.0,10.0,4.782,3.9507,8.7327,1,-2670.3717,0.8268,0.6823,0.0581,0.2485,0.1479,0.000161,0.001408,0.006147,0.017895,0.039067,0.068233,0.09931,0.123892,0.135239,0.131223,0.114594,0.090974,0.066204,0.044473,0.027741,0.01615,0.008815,0.004528,0.002197,0.00101,0.000441,0.000183,7.3e-05,2.8e-05,1e-05,4e-06,2e-06,0.974389,0.025611,1,0.025945,0.935322,0.064678,1,0.066865,0.867089,0.132911,1,0.142614,0.76778,0.23222,1,0.264253,0.643888,0.356112,1,0.440231,0.508648,0.491352,1,0.675998,0.377425,0.622575,1,0.974383,0.262831,0.737169,0,0.304938,0.171857,0.828143,0,0.188569,0.105653,0.894347,0,0.111661,0.06118,0.93882,0,0.063131,0.033439,0.966561,0,0.034011,0.017289,0.982711,0,0.01744
2419,2025/26,9,Górnik Zabrze,Widzew Łódź,7.0,5.0,12.0,4.775,3.6913,8.4663,1,-2670.3717,0.8268,0.6823,0.0581,0.2485,0.1479,0.00021,0.001782,0.007542,0.021285,0.045051,0.076283,0.107638,0.130185,0.137772,0.129602,0.109724,0.084451,0.059582,0.038803,0.023465,0.013244,0.007008,0.00349,0.001642,0.000731,0.00031,0.000125,4.8e-05,1.8e-05,6e-06,2e-06,1e-06,0.969181,0.030819,1,0.031304,0.92413,0.07587,1,0.078903,0.847847,0.152153,1,0.165055,0.740209,0.259791,1,0.300823,0.610024,0.389976,1,0.494257,0.472252,0.527748,1,0.750244,0.34265,0.65735,1,1.071047,0.232925,0.767075,1,1.457038,0.148475,0.851525,1,1.907341,0.088893,0.911107,0,0.093095,0.05009,0.94991,0,0.051388,0.026625,0.973375,0,0.026986,0.013381,0.986619,0,0.013471
2420,2025/26,9,Radomiak Radom,Piast Gliwice,4.0,2.0,6.0,4.2435,3.5489,7.7924,1,-2670.3717,0.8268,0.6823,0.0581,0.2485,0.1479,0.000413,0.003217,0.012535,0.032559,0.063429,0.098852,0.128381,0.142914,0.139204,0.120526,0.093918,0.066531,0.043203,0.025896,0.014414,0.007488,0.003647,0.001672,0.000724,0.000297,0.000116,4.3e-05,1.5e-05,5e-06,2e-06,1e-06,0.0,0.951275,0.048725,1,0.049952,0.887847,0.112153,1,0.118956,0.788995,0.211005,1,0.236995,0.660614,0.339386,0,1.080616,0.5177,0.4823,0,0.729189,0.378496,0.621504,0,0.475613,0.25797,0.74203,0,0.298366,0.164052,0.835948,0,0.179189,0.097521,0.902479,0,0.10261,0.054318,0.945682,0,0.055849,0.028422,0.971578,0,0.028834,0.014008,0.985992,0,0.014107,0.00652,0.99348,0,0.006541
2421,2025/26,9,Pogoń Szczecin,Lechia Gdańsk,10.0,9.0,19.0,4.7927,3.8463,8.639,1,-2670.3717,0.8268,0.6823,0.0581,0.2485,0.1479,0.000177,0.00153,0.006607,0.019027,0.041094,0.071002,0.10223,0.126167,0.136244,0.130779,0.11298,0.08873,0.063878,0.042449,0.026194,0.015086,0.008146,0.004139,0.001987,0.000903,0.00039,0.000161,6.3e-05,2.4e-05,9e-06,3e-06,1e-06,0.972659,0.027341,1,0.027722,0.931565,0.068435,1,0.070889,0.860563,0.139437,1,0.150168,0.758333,0.241667,1,0.276633,0.632166,0.367834,1,0.458603,0.495922,0.504078,1,0.701336,0.365143,0.634857,1,1.007466,0.252163,0.747837,1,1.377678,0.163433,0.836567,1,1.811351,0.099555,0.900445,1,2.307044,0.057106,0.942894,1,2.862852,0.030911,0.969089,1,3.476632,0.015825,0.984175,1,4.146151
2422,2025/26,9,GKS Katowice,Cracovia,5.0,6.0,11.0,4.7819,3.9007,8.6826,1,-2670.3717,0.8268,0.6823,0.0581,0.2485,0.1479,0.00017,0.001472,0.00639,0.018493,0.040141,0.069706,0.100871,0.125117,0.135792,0.131002,0.113744,0.089781,0.06496,0.043386,0.026908,0.015575,0.008452,0.004317,0.002082,0.000952,0.000413,0.000171,6.7e-05,2.5e-05,9e-06,3e-06,2e-06,0.973476,0.026524,1,0.026882,0.933335,0.066665,1,0.068991,0.863629,0.136371,1,0.146612,0.762758,0.237242,1,0.270814,0.637641,0.362359,1,0.44998,0.501849,0.498151,1,0.689456,0.370847,0.629153,1,0.991966,0.257103,0.742897,1,1.358278,0.167323,0.832677,0,0.183109,0.102362,0.897638,0,0.107989,0.058976,0.941024,0,0.060786,0.032068,0.967932,0,0.032594,0.016493,0.983507,0,0.016631
2423,2025/26,9,Raków Częstochowa,Legia Warszawa,3.0,2.0,5.0,4.679,4.2043,8.8834,1,-2670.3717,0.8268,0.6823,0.0581,0.2485,0.1479,0.000139,0.001232,0.005472,0.016203,0.035983,0.063931,0.094653,0.12012,0.133384,0.131655,0.116954,0.09445,0.069919,0.047779,0.030317,0.017954,0.009968,0.005209,0.002571,0.001202,0.000534,0.000226,9.1e-05,3.5e-05,1.3e-05,5e-06,2e-06,0.976955,0.023045,1,0.023315,0.940972,0.059028,1,0.060842,0.877041,0.122959,0,2.095908,0.782388,0.217612,0,1.525043,0.662268,0.337732,0,1.085504,0.528885,0.471115,0,0.752653,0.39723,0.60277,0,0.506219,0.280275,0.719725,0,0.328886,0.185825,0.814175,0,0.20558,0.115906,0.884094,0,0.123192,0.068127,0.931873,0,0.070559,0.037811,0.962189,0,0.038544,0.019856,0.980144,0,0.020056
2424,2025/26,9,Wisła Płock,Jagiellonia Białystok,4.0,9.0,13.0,4.7015,3.4329,8.1344,1,-2670.3717,0.8268,0.6823,0.0581,0.2485,0.1479,0.000293,0.002386,0.009703,0.026309,0.053502,0.087041,0.118004,0.137127,0.139431,0.126021,0.10251,0.075805,0.051386,0.032153,0.018682,0.010131,0.005151,0.002465,0.001114,0.000477,0.000194,7.5e-05,2.8e-05,1e-05,3e-06,1e-06,0.0,0.961309,0.038691,1,0.039459,0.907808,0.092192,1,0.096723,0.820767,0.179233,1,0.197516,0.702763,0.297237,1,0.352735,0.565636,0.434364,1,0.569804,0.426205,0.573795,1,0.852834,0.300185,0.699815,1,1.203357,0.197675,0.802325,1,1.621132,0.121869,0.878131,1,2.104805,0.070484,0.929516,1,2.652374,0.03833,0.96167,0,0.039084,0.019648,0.980352,0,0.019844,0.009517,0.990483,0,0.009563
2425,2025/26,10,Wisła Płock,GKS Katowice,4.0,5.0,9.0,4.6139,3.8538,8.4677,1,-2723.6675,0.8149,0.6757,0.0611,0.2476,0.1534,0.00021,0.001779,0.007534,0.021265,0.045017,0.076238,0.107593,0.130152,0.137761,0.129614,0.109753,0.084487,0.059618,0.038833,0.023487,0.013259,0.007017,0.003495,0.001644,0.000733,0.00031,0.000125,4.8e-05,1.8e-05,6e-06,2e-06,1e-06,0.969211,0.030789,1,0.031273,0.924195,0.075805,1,0.078833,0.847957,0.152043,1,0.164926,0.740364,0.259636,1,0.300614,0.610211,0.389789,1,0.49395,0.47245,0.52755,1,0.749824,0.342836,0.657164,0,0.419822,0.233083,0.766917,0,0.265377,0.148596,0.851404,0,0.160869,0.088979,0.911021,0,0.093189,0.050146,0.949854,0,0.051447,0.026659,0.973341,0,0.027021,0.0134,0.9866,0,0.01349
2426,2025/26,10,Legia Warszawa,Pogoń Szczecin,6.0,1.0,7.0,5.0891,3.7591,8.8482,1,-2723.6675,0.8149,0.6757,0.0611,0.2476,0.1534,0.000144,0.001271,0.005623,0.016584,0.036685,0.064919,0.095736,0.121012,0.133843,0.131585,0.116429,0.093653,0.069055,0.047001,0.029705,0.017523,0.00969,0.005044,0.002479,0.001155,0.000511,0.000215,8.7e-05,3.3e-05,1.2e-05,4e-06,2e-06,0.976378,0.023622,1,0.023905,0.939694,0.060306,1,0.062201,0.874775,0.125225,1,0.133789,0.779039,0.220961,1,0.249694,0.658027,0.341973,0,1.073023,0.524184,0.475816,0,0.742724,0.392599,0.607401,0,0.498566,0.27617,0.72383,0,0.323198,0.182516,0.817484,0,0.201525,0.113461,0.886539,0,0.12043,0.06646,0.93354,0,0.068772,0.036755,0.963245,0,0.037447,0.019232,0.980768,0,0.01942
2427,2025/26,10,Motor Lublin,Radomiak Radom,4.0,5.0,9.0,4.5257,4.1817,8.7074,1,-2723.6675,0.8149,0.6757,0.0611,0.2476,0.1534,0.000165,0.00144,0.006269,0.018194,0.039606,0.068973,0.100097,0.124512,0.135522,0.131117,0.114169,0.090374,0.065577,0.043924,0.027319,0.015858,0.00863,0.00442,0.002138,0.00098,0.000427,0.000177,7e-05,2.7e-05,1e-05,3e-06,2e-06,0.973932,0.026068,1,0.026414,0.934326,0.065674,1,0.06793,0.865353,0.134647,1,0.144618,0.765256,0.234744,1,0.267545,0.640744,0.359256,1,0.445125,0.505222,0.494778,1,0.682758,0.374105,0.625895,0,0.468572,0.259936,0.740064,0,0.301019,0.169562,0.830438,0,0.185802,0.103985,0.896015,0,0.109798,0.060061,0.939939,0,0.06194,0.032742,0.967258,0,0.03329,0.016884,0.983116,0,0.017028
2428,2025/26,10,Zagłębie Lubin,Arka Gdynia,7.0,3.0,10.0,4.9195,3.7986,8.7181,1,-2723.6675,0.8149,0.6757,0.0611,0.2476,0.1534,0.000164,0.001426,0.006217,0.018067,0.039378,0.06866,0.099764,0.124251,0.135404,0.131163,0.114349,0.090628,0.065842,0.044155,0.027496,0.015981,0.008708,0.004466,0.002163,0.000992,0.000433,0.00018,7.1e-05,2.7e-05,1e-05,3e-06,2e-06,0.974126,0.025874,1,0.026215,0.934748,0.065252,1,0.067478,0.866088,0.133912,1,0.143769,0.766324,0.233676,1,0.266151,0.642073,0.357927,1,0.443053,0.506669,0.493331,1,0.679897,0.375506,0.624494,1,0.979481,0.261157,0.738843,0,0.30267,0.170529,0.829471,0,0.186967,0.104687,0.895313,0,0.110582,0.060532,0.939468,0,0.062441,0.033035,0.966965,0,0.033593,0.017054,0.982946,0,0.017201
2429,2025/26,10,Korona Kielce,Lechia Gdańsk,7.0,3.0,10.0,4.9522,4.0094,8.9617,1,-2723.6675,0.8149,0.6757,0.0611,0.2476,0.1534,0.000128,0.001149,0.005149,0.015382,0.034462,0.061768,0.092257,0.118111,0.132309,0.131745,0.118065,0.096187,0.071833,0.049519,0.031698,0.018938,0.010607,0.005592,0.002784,0.001313,0.000588,0.000251,0.000102,4e-05,1.5e-05,5e-06,3e-06,0.978191,0.021809,1,0.02205,0.943729,0.056271,1,0.057916,0.881961,0.118039,1,0.125607,0.789704,0.210296,1,0.236097,0.671593,0.328407,1,0.398102,0.539285,0.460715,1,0.617512,0.40754,0.59246,1,0.897616,0.289475,0.710525,0,0.341751,0.193287,0.806713,0,0.214788,0.121454,0.878546,0,0.129487,0.071936,0.928064,0,0.074654,0.040238,0.959762,0,0.04107,0.0213,0.9787,0,0.02153
2430,2025/26,10,Cracovia,Górnik Zabrze,3.0,2.0,5.0,4.1925,4.1792,8.3717,1,-2723.6675,0.8149,0.6757,0.0611,0.2476,0.1534,0.000231,0.001937,0.008106,0.022621,0.047344,0.07927,0.110604,0.132277,0.138422,0.128758,0.107792,0.082036,0.057232,0.036856,0.022039,0.0123,0.006436,0.003169,0.001474,0.000649,0.000272,0.000108,4.1e-05,1.5e-05,5e-06,2e-06,1e-06,0.967104,0.032896,1,0.033449,0.91976,0.08024,1,0.083643,0.84049,0.15951,0,1.835647,0.729886,0.270114,0,1.30891,0.597609,0.402391,0,0.91033,0.459186,0.540814,0,0.61468,0.330428,0.669572,0,0.401116,0.222636,0.777364,0,0.251846,0.140599,0.859401,0,0.15152,0.083368,0.916632,0,0.087049,0.046512,0.953488,0,0.047628,0.024473,0.975527,0,0.024777,0.012173,0.987827,0,0.012248
2431,2025/26,10,Lech Poznań,Jagiellonia Białystok,6.0,3.0,9.0,5.111,4.1618,9.2728,1,-2723.6675,0.8149,0.6757,0.0611,0.2476,0.1534,9.4e-05,0.000871,0.004039,0.012484,0.02894,0.053671,0.082947,0.109879,0.127361,0.131223,0.121681,0.102575,0.079264,0.056538,0.037448,0.02315,0.013417,0.007318,0.00377,0.00184,0.000853,0.000377,0.000159,6.4e-05,2.5e-05,9e-06,5e-06,0.982513,0.017487,1,0.017642,0.953573,0.046427,1,0.04754,0.899902,0.100098,1,0.10547,0.816955,0.183045,1,0.202171,0.707076,0.292924,1,0.346617,0.579714,0.420286,1,0.54522,0.448492,0.551508,0,0.595099,0.326811,0.673189,0,0.395729,0.224236,0.775764,0,0.253907,0.144973,0.855027,0,0.156622,0.088434,0.911566,0,0.092591,0.050986,0.949014,0,0.052332,0.027836,0.972164,0,0.028231
2432,2025/26,10,Piast Gliwice,Bruk-Bet Termalica Nieciecza,7.0,7.0,14.0,4.0931,3.8374,7.9305,1,-2723.6675,0.8149,0.6757,0.0611,0.2476,0.1534,0.00036,0.002852,0.011308,0.029894,0.059268,0.094005,0.124251,0.140767,0.139544,0.122962,0.097515,0.070304,0.046462,0.028343,0.016056,0.008489,0.004207,0.001963,0.000865,0.000361,0.000143,5.4e-05,1.9e-05,7e-06,2e-06,1e-06,0.0,0.955586,0.044414,1,0.04543,0.896318,0.103682,1,0.109459,0.802314,0.197686,1,0.220256,0.678063,0.321937,1,0.388515,0.537296,0.462704,1,0.621207,0.397752,0.602248,1,0.921928,0.27479,0.72521,1,1.291748,0.177275,0.822725,1,1.730051,0.106972,0.893028,1,2.23519,0.06051,0.93949,1,2.804946,0.032167,0.967833,1,3.436827,0.016111,0.983889,0,0.016242,0.007622,0.992378,0,0.007652
2433,2025/26,10,Widzew Łódź,Raków Częstochowa,1.0,6.0,7.0,4.5761,3.8467,8.4228,1,-2723.6675,0.8149,0.6757,0.0611,0.2476,0.1534,0.00022,0.001851,0.007797,0.02189,0.046094,0.077647,0.109001,0.131157,0.138088,0.129232,0.108849,0.083347,0.058501,0.037903,0.022804,0.012805,0.006741,0.00334,0.001563,0.000693,0.000292,0.000117,4.5e-05,1.6e-05,6e-06,2e-06,1e-06,0.968242,0.031758,1,0.032273,0.922148,0.077852,1,0.081049,0.844501,0.155499,1,0.169009,0.7355,0.2645,1,0.307205,0.604343,0.395657,0,0.927208,0.466255,0.533745,0,0.627837,0.337023,0.662977,0,0.411015,0.228174,0.771826,0,0.258996,0.144827,0.855173,0,0.156452,0.086326,0.913674,0,0.090282,0.048423,0.951577,0,0.049635,0.025619,0.974381,0,0.025953,0.012815,0.987185,0,0.012897
2434,2025/26,11,Arka Gdynia,Cracovia,3.0,1.0,4.0,4.1608,3.467,7.6278,1,-2763.7487,0.8165,0.6779,0.0654,0.2509,0.1449,0.000487,0.003713,0.014159,0.036002,0.068654,0.104737,0.133152,0.145095,0.138345,0.117252,0.089438,0.06202,0.039423,0.023132,0.012603,0.006409,0.003055,0.001371,0.000581,0.000233,8.9e-05,3.2e-05,1.1e-05,4e-06,1e-06,0.0,0.0,0.945639,0.054361,1,0.055894,0.876985,0.123015,0,2.095451,0.772249,0.227751,0,1.479501,0.639096,0.360904,0,1.019145,0.494002,0.505998,0,0.681222,0.355657,0.644343,0,0.439524,0.238404,0.761596,0,0.272339,0.148966,0.851034,0,0.161303,0.086946,0.913054,0,0.09096,0.047523,0.952477,0,0.048689,0.024391,0.975609,0,0.024693,0.011788,0.988212,0,0.011858,0.005379,0.994621,0,0.005393
2435,2025/26,11,Bruk-Bet Termalica Nieciecza,Widzew Łódź,4.0,10.0,14.0,4.7308,4.5801,9.3109,1,-2763.7487,0.8165,0.6779,0.0654,0.2509,0.1449,9e-05,0.000842,0.00392,0.012166,0.028319,0.052736,0.081836,0.108852,0.126689,0.131066,0.122034,0.103295,0.080148,0.057404,0.038177,0.023698,0.01379,0.007553,0.003907,0.001915,0.000891,0.000395,0.000167,6.8e-05,2.6e-05,1e-05,5e-06,0.982982,0.017018,1,0.017165,0.954662,0.045338,1,0.046398,0.901927,0.098073,1,0.103222,0.820091,0.179909,1,0.19834,0.711238,0.288762,1,0.340748,0.584549,0.415451,1,0.536915,0.453483,0.546517,1,0.790797,0.331449,0.668551,1,1.104281,0.228154,0.771846,1,1.477736,0.148006,0.851994,1,1.910502,0.090602,0.909398,1,2.401275,0.052425,0.947575,0,0.053849,0.028728,0.971272,0,0.029148
2436,2025/26,11,Lechia Gdańsk,Wisła Płock,5.0,1.0,6.0,4.5898,3.9612,8.551,1,-2763.7487,0.8165,0.6779,0.0654,0.2509,0.1449,0.000193,0.001653,0.007069,0.020148,0.043072,0.073663,0.104982,0.128243,0.137076,0.130238,0.111367,0.086573,0.06169,0.040578,0.024785,0.014129,0.007551,0.003798,0.001804,0.000812,0.000347,0.000141,5.5e-05,2e-05,7e-06,2e-06,1e-06,0.970936,0.029064,1,0.029495,0.927864,0.072136,1,0.07487,0.854201,0.145799,1,0.157589,0.749219,0.250781,0,1.383177,0.620976,0.379024,0,0.970157,0.4839,0.5161,0,0.661455,0.353662,0.646338,0,0.436433,0.242296,0.757704,0,0.277462,0.155723,0.844277,0,0.169274,0.094032,0.905968,0,0.098752,0.053454,0.946546,0,0.054936,0.02867,0.97133,0,0.029089,0.014541,0.985459,0,0.014647
2437,2025/26,11,Górnik Zabrze,Legia Warszawa,6.0,3.0,9.0,4.621,3.8632,8.4842,1,-2763.7487,0.8165,0.6779,0.0654,0.2509,0.1449,0.000207,0.001754,0.00744,0.02104,0.044627,0.075724,0.107076,0.129779,0.137634,0.129746,0.110079,0.084903,0.060027,0.039176,0.023741,0.013428,0.00712,0.003554,0.001675,0.000748,0.000317,0.000128,4.9e-05,1.8e-05,6e-06,2e-06,1e-06,0.96956,0.03044,1,0.030913,0.924933,0.075067,1,0.078034,0.849209,0.150791,1,0.16345,0.742133,0.257867,1,0.298227,0.612354,0.387646,1,0.490446,0.47472,0.52528,1,0.745031,0.344974,0.655026,0,0.42308,0.234895,0.765105,0,0.267742,0.149992,0.850008,0,0.16251,0.089965,0.910035,0,0.094272,0.050789,0.949211,0,0.052124,0.027048,0.972952,0,0.027421,0.01362,0.98638,0,0.013713
2438,2025/26,11,Radomiak Radom,Zagłębie Lubin,5.0,7.0,12.0,4.9122,3.8165,8.7288,1,-2763.7487,0.8165,0.6779,0.0654,0.2509,0.1449,0.000162,0.001413,0.006166,0.017941,0.039151,0.068349,0.099433,0.12399,0.135284,0.131207,0.114528,0.09088,0.066106,0.044386,0.027674,0.016104,0.008786,0.004511,0.002188,0.001005,0.000439,0.000182,7.2e-05,2.7e-05,1e-05,3e-06,2e-06,0.974318,0.025682,1,0.026018,0.935166,0.064834,1,0.067031,0.866817,0.133183,1,0.142927,0.767384,0.232616,1,0.264768,0.643395,0.356605,1,0.440997,0.50811,0.49189,1,0.677057,0.376903,0.623097,1,0.975767,0.262376,0.737624,1,1.337978,0.171495,0.828505,1,1.763199,0.105389,0.894611,0,0.111367,0.061003,0.938997,0,0.062943,0.033329,0.966671,0,0.033897,0.017225,0.982775,0,0.017375
2439,2025/26,11,Pogoń Szczecin,Piast Gliwice,10.0,2.0,12.0,4.2969,3.8422,8.1391,1,-2763.7487,0.8165,0.6779,0.0654,0.2509,0.1449,0.000292,0.002376,0.009668,0.02623,0.053373,0.086882,0.117857,0.137036,0.13942,0.126084,0.102621,0.075932,0.051501,0.032244,0.018746,0.010172,0.005174,0.002477,0.00112,0.00048,0.000195,7.6e-05,2.8e-05,1e-05,3e-06,1e-06,0.0,0.961434,0.038566,1,0.03933,0.908061,0.091939,1,0.096444,0.821179,0.178821,1,0.197014,0.703322,0.296678,1,0.351941,0.566285,0.433715,1,0.568657,0.426866,0.573134,1,0.851286,0.300782,0.699218,1,1.201371,0.19816,0.80184,1,1.618679,0.122229,0.877771,1,2.101861,0.070727,0.929273,0,0.073353,0.038483,0.961517,0,0.039243,0.019737,0.980263,0,0.019934,0.009565,0.990435,0,0.009611
2440,2025/26,11,GKS Katowice,Lech Poznań,5.0,3.0,8.0,4.8297,4.4973,9.327,1,-2763.7487,0.8165,0.6779,0.0654,0.2509,0.1449,8.9e-05,0.00083,0.003871,0.012034,0.028061,0.052345,0.08137,0.108419,0.126402,0.130994,0.122177,0.103595,0.080519,0.057769,0.038486,0.023931,0.01395,0.007654,0.003966,0.001947,0.000908,0.000403,0.000171,6.9e-05,2.7e-05,1e-05,5e-06,0.983176,0.016824,1,0.016967,0.955115,0.044885,1,0.045924,0.90277,0.09723,1,0.102288,0.8214,0.1786,1,0.196745,0.712982,0.287018,1,0.3383,0.58658,0.41342,0,0.88329,0.455586,0.544414,0,0.608045,0.333408,0.666592,0,0.405578,0.229814,0.770186,0,0.261123,0.149295,0.850705,0,0.16169,0.091526,0.908474,0,0.09599,0.05304,0.94696,0,0.054499,0.02911,0.97089,0,0.029542
2441,2025/26,11,Raków Częstochowa,Motor Lublin,8.0,2.0,10.0,5.0103,3.8318,8.8421,1,-2763.7487,0.8165,0.6779,0.0654,0.2509,0.1449,0.000145,0.001278,0.005649,0.016651,0.036807,0.06509,0.095923,0.121166,0.13392,0.131571,0.116337,0.093515,0.068906,0.046867,0.0296,0.017449,0.009643,0.005015,0.002464,0.001147,0.000507,0.000213,8.6e-05,3.3e-05,1.2e-05,4e-06,2e-06,0.976278,0.023722,1,0.024008,0.939471,0.060529,1,0.062439,0.87438,0.12562,1,0.13424,0.778457,0.221543,1,0.250441,0.657291,0.342709,1,0.419628,0.523371,0.476629,1,0.647465,0.3918,0.6082,1,0.937004,0.275463,0.724537,0,0.322222,0.181948,0.818052,0,0.200829,0.113042,0.886958,0,0.119958,0.066175,0.933825,0,0.068466,0.036575,0.963425,0,0.03726,0.019126,0.980874,0,0.019311
2442,2025/26,11,Jagiellonia Białystok,Korona Kielce,6.0,3.0,9.0,5.1167,4.2016,9.3183,1,-2763.7487,0.8165,0.6779,0.0654,0.2509,0.1449,9e-05,0.000836,0.003897,0.012105,0.0282,0.052556,0.081621,0.108653,0.126557,0.131033,0.1221,0.103433,0.080318,0.057572,0.038319,0.023805,0.013864,0.007599,0.003934,0.001929,0.000899,0.000399,0.000169,6.8e-05,2.7e-05,1e-05,5e-06,0.983071,0.016929,1,0.017074,0.954871,0.045129,1,0.046179,0.902315,0.097685,1,0.102791,0.820694,0.179306,1,0.197605,0.712041,0.287959,1,0.33962,0.585483,0.414517,1,0.535317,0.45445,0.54555,0,0.605961,0.33235,0.66765,0,0.403991,0.228917,0.771083,0,0.259959,0.148598,0.851402,0,0.160871,0.091027,0.908973,0,0.09544,0.052708,0.947292,0,0.054147,0.028903,0.971097,0,0.029329
2443,2025/26,12,Wisła Płock,Bruk-Bet Termalica Nieciecza,7.0,2.0,9.0,4.4783,3.7744,8.2527,1,-2811.311,0.8044,0.6609,0.0635,0.251,0.1564,0.000261,0.00215,0.008872,0.024407,0.050357,0.083117,0.114324,0.134784,0.139042,0.127497,0.10522,0.078942,0.05429,0.034465,0.020316,0.011178,0.005765,0.002799,0.001283,0.000557,0.00023,9e-05,3.4e-05,1.2e-05,4e-06,1e-06,1e-06,0.964309,0.035691,1,0.036343,0.913952,0.086048,1,0.089977,0.830835,0.169165,1,0.185324,0.716512,0.283488,1,0.333361,0.581728,0.418272,1,0.541752,0.442686,0.557314,1,0.814894,0.315189,0.684811,0,0.378612,0.209969,0.790031,0,0.235683,0.131027,0.868973,0,0.140443,0.076737,0.923263,0,0.079841,0.042272,0.957728,0,0.043191,0.021955,0.978045,0,0.0222,0.010778,0.989222,0,0.010836
2444,2025/26,12,Motor Lublin,GKS Katowice,9.0,4.0,13.0,4.2753,4.3342,8.6095,1,-2811.311,0.8044,0.6609,0.0635,0.251,0.1564,0.000182,0.00157,0.006759,0.019397,0.041749,0.071888,0.103152,0.12687,0.136535,0.130611,0.112449,0.088012,0.063145,0.041819,0.025717,0.014761,0.007943,0.004022,0.001924,0.000872,0.000375,0.000154,6e-05,2.3e-05,8e-06,3e-06,1e-06,0.972092,0.027908,1,0.028305,0.930343,0.069657,1,0.072202,0.858455,0.141545,1,0.152621,0.755303,0.244697,1,0.280637,0.628433,0.371567,1,0.464526,0.491897,0.508103,1,0.709485,0.361287,0.638713,1,1.018084,0.248837,0.751163,1,1.390956,0.160826,0.839174,1,1.827435,0.097681,0.902319,1,2.326048,0.055862,0.944138,0,0.057483,0.030145,0.969855,0,0.030609,0.015385,0.984615,0,0.015504
2445,2025/26,12,Zagłębie Lubin,Legia Warszawa,5.0,2.0,7.0,4.7171,4.195,8.9121,1,-2811.311,0.8044,0.6609,0.0635,0.251,0.1564,0.000135,0.001201,0.005351,0.015897,0.035418,0.06313,0.093771,0.119386,0.132997,0.131699,0.117372,0.095094,0.070624,0.048416,0.030821,0.018312,0.0102,0.005347,0.002647,0.001242,0.000553,0.000235,9.5e-05,3.7e-05,1.4e-05,5e-06,2e-06,0.977417,0.022583,1,0.022842,0.941998,0.058002,1,0.059752,0.878868,0.121132,1,0.129121,0.785097,0.214903,1,0.241948,0.665711,0.334289,0,1.09575,0.532714,0.467286,0,0.760814,0.401015,0.598985,0,0.512519,0.283644,0.716356,0,0.333578,0.18855,0.81145,0,0.208933,0.117926,0.882074,0,0.12548,0.06951,0.93049,0,0.072044,0.038689,0.961311,0,0.039458,0.020378,0.979622,0,0.020588
2446,2025/26,12,Korona Kielce,Górnik Zabrze,4.0,3.0,7.0,4.4157,4.0275,8.4432,1,-2811.311,0.8044,0.6609,0.0635,0.251,0.1564,0.000215,0.001818,0.007676,0.021604,0.045601,0.077004,0.10836,0.130702,0.137943,0.12941,0.109264,0.083867,0.059009,0.038325,0.023113,0.01301,0.006865,0.00341,0.001599,0.000711,0.0003,0.000121,4.6e-05,1.7e-05,6e-06,2e-06,1e-06,0.968687,0.031313,1,0.031814,0.923086,0.076914,1,0.080033,0.846082,0.153918,1,0.167139,0.737722,0.262278,1,0.304189,0.60702,0.39298,0,0.933996,0.469077,0.530923,0,0.633138,0.339667,0.660333,0,0.415011,0.230404,0.769596,0,0.261889,0.146536,0.853464,0,0.158452,0.087527,0.912473,0,0.091597,0.049202,0.950798,0,0.050454,0.026089,0.973911,0,0.026435,0.013078,0.986922,0,0.013165
2447,2025/26,12,Cracovia,Raków Częstochowa,4.0,1.0,5.0,4.0735,4.1961,8.2696,1,-2811.311,0.8044,0.6609,0.0635,0.251,0.1564,0.000256,0.002119,0.00876,0.024146,0.049921,0.082565,0.113797,0.134437,0.138968,0.12769,0.105595,0.079385,0.054707,0.0348,0.020556,0.011333,0.005857,0.002849,0.001309,0.00057,0.000236,9.3e-05,3.5e-05,1.3e-05,4e-06,1e-06,1e-06,0.964719,0.035281,1,0.035918,0.914799,0.085201,1,0.089051,0.832234,0.167766,0,1.785184,0.718437,0.281563,0,1.267399,0.584,0.416,0,0.877071,0.445033,0.554967,0,0.588846,0.317343,0.682657,0,0.381763,0.211748,0.788252,0,0.237937,0.132363,0.867637,0,0.141982,0.077657,0.922343,0,0.080838,0.042856,0.957144,0,0.043802,0.0223,0.9777,0,0.022553,0.010968,0.989032,0,0.011028
2448,2025/26,12,Lech Poznań,Pogoń Szczecin,12.0,6.0,18.0,5.2902,4.0378,9.328,1,-2811.311,0.8044,0.6609,0.0635,0.251,0.1564,8.9e-05,0.000829,0.003868,0.012025,0.028043,0.052318,0.081338,0.108389,0.126382,0.130989,0.122187,0.103615,0.080544,0.057794,0.038507,0.023947,0.013961,0.00766,0.00397,0.001949,0.000909,0.000404,0.000171,6.9e-05,2.7e-05,1e-05,5e-06,0.983189,0.016811,1,0.016954,0.955145,0.044855,1,0.045892,0.902827,0.097173,1,0.102224,0.821489,0.178511,1,0.196636,0.713101,0.286899,1,0.338133,0.586718,0.413282,1,0.53321,0.45573,0.54427,1,0.785856,0.333543,0.666457,1,1.097985,0.229927,0.770073,1,1.469991,0.149384,0.850616,1,1.901238,0.09159,0.90841,1,2.390434,0.053083,0.946917,1,2.935905,0.029136,0.970864,1,3.535776
2449,2025/26,12,Jagiellonia Białystok,Arka Gdynia,7.0,1.0,8.0,5.2545,3.7997,9.0542,1,-2811.311,0.8044,0.6609,0.0635,0.251,0.1564,0.000117,0.001058,0.004791,0.014461,0.032733,0.059275,0.089449,0.115698,0.130945,0.131734,0.119275,0.098177,0.074076,0.051593,0.033367,0.020141,0.011397,0.00607,0.003053,0.001455,0.000659,0.000284,0.000117,4.6e-05,1.7e-05,6e-06,3e-06,0.979572,0.020428,1,0.020639,0.946839,0.053161,1,0.054626,0.887564,0.112436,1,0.119275,0.798115,0.201885,1,0.225503,0.682417,0.317583,1,0.382115,0.551472,0.448528,0,0.801783,0.419737,0.580263,0,0.544274,0.300462,0.699538,0,0.357335,0.202285,0.797715,0,0.226004,0.128209,0.871791,0,0.137205,0.076616,0.923384,0,0.07971,0.043249,0.956751,0,0.044212,0.023109,0.976891,0,0.02338
2450,2025/26,12,Piast Gliwice,Lechia Gdańsk,3.0,3.0,6.0,4.818,4.0493,8.8674,1,-2811.311,0.8044,0.6609,0.0635,0.251,0.1564,0.000141,0.00125,0.00554,0.016375,0.036301,0.064379,0.095145,0.120527,0.133594,0.131626,0.116717,0.094089,0.069527,0.047424,0.030038,0.017757,0.009841,0.005133,0.002529,0.00118,0.000523,0.000221,8.9e-05,3.4e-05,1.3e-05,4e-06,2e-06,0.976694,0.023306,1,0.023581,0.940393,0.059607,1,0.061457,0.876015,0.123985,1,0.132373,0.780869,0.219131,0,1.518087,0.660343,0.339657,0,1.079818,0.526748,0.473252,0,0.748128,0.395123,0.604877,0,0.502729,0.278405,0.721595,0,0.326292,0.184317,0.815683,0,0.203729,0.11479,0.88521,0,0.12193,0.067365,0.932635,0,0.069742,0.037328,0.962672,0,0.038042,0.019571,0.980429,0,0.019765
2451,2025/26,12,Widzew Łódź,Radomiak Radom,6.0,6.0,12.0,4.8269,3.8822,8.7091,1,-2811.311,0.8044,0.6609,0.0635,0.251,0.1564,0.000165,0.001438,0.00626,0.018174,0.039569,0.068923,0.100043,0.12447,0.135503,0.131124,0.114198,0.090415,0.06562,0.043961,0.027347,0.015878,0.008643,0.004428,0.002142,0.000982,0.000428,0.000177,7e-05,2.7e-05,1e-05,3e-06,2e-06,0.973963,0.026037,1,0.026382,0.934394,0.065606,1,0.067857,0.865471,0.134529,1,0.144481,0.765428,0.234572,1,0.26732,0.640958,0.359042,1,0.444791,0.505455,0.494545,1,0.682297,0.37433,0.62567,1,0.982616,0.260132,0.739868,1,1.346564,0.169717,0.830283,1,1.773621,0.104098,0.895902,0,0.109924,0.060137,0.939863,0,0.062021,0.032789,0.967211,0,0.033339,0.016911,0.983089,0,0.017056
2452,2025/26,13,Arka Gdynia,Piast Gliwice,3.0,4.0,7.0,4.0395,3.3643,7.4037,1,-2860.6229,0.8124,0.659,0.0536,0.2496,0.1662,0.000609,0.004509,0.016691,0.041191,0.076242,0.112895,0.139307,0.147341,0.136359,0.112174,0.083051,0.055899,0.034488,0.019642,0.010387,0.005127,0.002372,0.001033,0.000425,0.000166,6.1e-05,2.2e-05,7e-06,2e-06,1e-06,0.0,0.0,0.937001,0.062999,1,0.065071,0.860759,0.139241,1,0.149941,0.747864,0.252136,1,0.290534,0.608557,0.391443,1,0.496664,0.461216,0.538784,0,0.61844,0.324857,0.675143,0,0.39283,0.212683,0.787317,0,0.239124,0.129632,0.870368,0,0.138839,0.073734,0.926266,0,0.076593,0.039245,0.960755,0,0.040036,0.019604,0.980396,0,0.019799,0.009217,0.990783,0,0.009259,0.00409,0.99591,0,0.004098
2453,2025/26,13,Bruk-Bet Termalica Nieciecza,Zagłębie Lubin,3.0,6.0,9.0,4.8148,4.7895,9.6042,1,-2860.6229,0.8124,0.659,0.0536,0.2496,0.1662,6.7e-05,0.000648,0.00311,0.009958,0.023909,0.045926,0.073515,0.100865,0.121092,0.129222,0.124108,0.10836,0.086726,0.064073,0.043955,0.028144,0.016894,0.009544,0.005092,0.002574,0.001236,0.000565,0.000247,0.000103,4.1e-05,1.6e-05,9e-06,0.986217,0.013783,1,0.013879,0.962307,0.037693,1,0.038422,0.916381,0.083619,1,0.087324,0.842866,0.157134,1,0.170948,0.742001,0.257999,1,0.298405,0.620909,0.379091,1,0.476571,0.491687,0.508313,0,0.676658,0.367579,0.632421,0,0.458201,0.259219,0.740781,0,0.300051,0.172493,0.827507,0,0.189338,0.10842,0.89158,0,0.11476,0.064465,0.935535,0,0.066637,0.036322,0.963678,0,0.036998
2454,2025/26,13,Legia Warszawa,Lech Poznań,4.0,2.0,6.0,4.7246,3.8674,8.5919,1,-2860.6229,0.8124,0.659,0.0536,0.2496,0.1662,0.000186,0.001595,0.006851,0.01962,0.042143,0.072418,0.103701,0.127285,0.136703,0.130505,0.112129,0.087582,0.062708,0.041445,0.025435,0.014569,0.007824,0.003954,0.001887,0.000853,0.000367,0.00015,5.9e-05,2.2e-05,8e-06,3e-06,1e-06,0.971749,0.028251,1,0.028657,0.929606,0.070394,1,0.072994,0.857189,0.142811,1,0.154097,0.753487,0.246513,0,1.400341,0.626202,0.373798,0,0.98404,0.489499,0.510501,0,0.672363,0.358995,0.641005,0,0.444717,0.246866,0.753134,0,0.283512,0.159284,0.840716,0,0.173502,0.096576,0.903424,0,0.101564,0.055132,0.944868,0,0.05671,0.029696,0.970304,0,0.030146,0.015127,0.984873,0,0.015243
2455,2025/26,13,Motor Lublin,Widzew Łódź,5.0,4.0,9.0,4.626,4.2524,8.8783,1,-2860.6229,0.8124,0.659,0.0536,0.2496,0.1662,0.000139,0.001237,0.005493,0.016257,0.036083,0.064072,0.094809,0.120249,0.133451,0.131646,0.11688,0.094336,0.069795,0.047667,0.030228,0.017892,0.009928,0.005185,0.002557,0.001195,0.00053,0.000224,9.1e-05,3.5e-05,1.3e-05,5e-06,2e-06,0.976873,0.023127,1,0.023399,0.94079,0.05921,1,0.061036,0.876718,0.123282,1,0.13157,0.781909,0.218091,1,0.246017,0.661661,0.338339,1,0.413003,0.52821,0.47179,1,0.638261,0.396564,0.603436,0,0.505115,0.279684,0.720316,0,0.328065,0.185348,0.814652,0,0.204994,0.115553,0.884447,0,0.122792,0.067886,0.932114,0,0.0703,0.037658,0.962342,0,0.038385,0.019766,0.980234,0,0.019964
2456,2025/26,13,Górnik Zabrze,Jagiellonia Białystok,6.0,3.0,9.0,4.967,3.8962,8.8633,1,-2860.6229,0.8124,0.659,0.0536,0.2496,0.1662,0.000141,0.001254,0.005558,0.01642,0.036383,0.064495,0.095272,0.120631,0.133648,0.131617,0.116656,0.093995,0.069425,0.047334,0.029966,0.017707,0.009809,0.005114,0.002518,0.001175,0.000521,0.00022,8.9e-05,3.4e-05,1.3e-05,4e-06,2e-06,0.976627,0.023373,1,0.023651,0.940244,0.059756,1,0.061616,0.875749,0.124251,1,0.132675,0.780478,0.219522,1,0.247849,0.659846,0.340154,1,0.415748,0.526198,0.473802,1,0.642077,0.394581,0.605419,0,0.501834,0.277925,0.722075,0,0.325626,0.183929,0.816071,0,0.203254,0.114504,0.885496,0,0.121607,0.06717,0.93283,0,0.069533,0.037204,0.962796,0,0.037914,0.019498,0.980502,0,0.01969
2457,2025/26,13,Radomiak Radom,Wisła Płock,2.0,3.0,5.0,4.7559,3.7933,8.5492,1,-2860.6229,0.8124,0.659,0.0536,0.2496,0.1662,0.000194,0.001656,0.007079,0.020173,0.043115,0.073719,0.10504,0.128286,0.137093,0.130225,0.111332,0.086527,0.061644,0.040539,0.024755,0.014109,0.007539,0.003791,0.001801,0.00081,0.000346,0.000141,5.5e-05,2e-05,7e-06,2e-06,1e-06,0.970899,0.029101,1,0.029533,0.927784,0.072216,1,0.074957,0.854064,0.145936,0,1.924589,0.749024,0.250976,0,1.3824,0.620738,0.379262,0,0.969529,0.483646,0.516354,0,0.660962,0.35342,0.64658,0,0.436059,0.242089,0.757911,0,0.277189,0.155562,0.844438,0,0.169084,0.093918,0.906082,0,0.098625,0.053379,0.946621,0,0.054856,0.028624,0.971376,0,0.029041,0.014514,0.985486,0,0.014621
2458,2025/26,13,Pogoń Szczecin,Cracovia,3.0,7.0,10.0,4.8367,3.7056,8.5423,1,-2860.6229,0.8124,0.659,0.0536,0.2496,0.1662,0.000195,0.001666,0.007116,0.020263,0.043274,0.073931,0.105256,0.128446,0.137153,0.130177,0.111201,0.086355,0.061473,0.040393,0.024647,0.014036,0.007494,0.003765,0.001787,0.000803,0.000343,0.00014,5.4e-05,2e-05,7e-06,2e-06,1e-06,0.970759,0.029241,1,0.029677,0.927486,0.072514,1,0.075278,0.853555,0.146445,1,0.158345,0.748299,0.251701,1,0.289953,0.619852,0.380148,1,0.478274,0.482699,0.517301,1,0.728361,0.352522,0.647478,1,1.042642,0.241321,0.758679,0,0.276176,0.154966,0.845034,0,0.168378,0.093493,0.906507,0,0.098157,0.0531,0.9469,0,0.054561,0.028453,0.971547,0,0.028866,0.014417,0.985583,0,0.014522
2459,2025/26,13,GKS Katowice,Korona Kielce,4.0,3.0,7.0,5.2159,4.121,9.3369,1,-2860.6229,0.8124,0.659,0.0536,0.2496,0.1662,8.8e-05,0.000823,0.003841,0.011953,0.027902,0.052103,0.08108,0.108149,0.126222,0.130947,0.122265,0.10378,0.080749,0.057996,0.038679,0.024076,0.01405,0.007717,0.004003,0.001967,0.000918,0.000408,0.000173,7e-05,2.7e-05,1e-05,6e-06,0.983295,0.016705,1,0.016846,0.955394,0.044606,1,0.045632,0.903291,0.096709,1,0.101711,0.822211,0.177789,1,0.195758,0.714062,0.285938,0,1.251981,0.58784,0.41216,0,0.886344,0.456893,0.543107,0,0.610449,0.334628,0.665372,0,0.407409,0.230849,0.769151,0,0.262467,0.1501,0.8499,0,0.162636,0.092104,0.907896,0,0.096626,0.053425,0.946575,0,0.054906,0.029349,0.970651,0,0.029789
2460,2025/26,13,Raków Częstochowa,Lechia Gdańsk,4.0,5.0,9.0,5.1755,3.8712,9.0468,1,-2860.6229,0.8124,0.659,0.0536,0.2496,0.1662,0.000118,0.001065,0.004819,0.014533,0.03287,0.059473,0.089673,0.115894,0.131058,0.13174,0.119182,0.09802,0.073897,0.051425,0.033231,0.020042,0.011332,0.006031,0.003031,0.001443,0.000653,0.000281,0.000116,4.5e-05,1.7e-05,6e-06,3e-06,0.979464,0.020536,1,0.020749,0.946595,0.053405,1,0.054884,0.887122,0.112878,1,0.119773,0.797448,0.202552,1,0.226338,0.681555,0.318445,1,0.383379,0.550497,0.449503,1,0.596935,0.418757,0.581243,0,0.542586,0.299575,0.700425,0,0.356068,0.201555,0.798445,0,0.225089,0.127658,0.872342,0,0.136574,0.076233,0.923767,0,0.079295,0.043001,0.956999,0,0.043953,0.022959,0.977041,0,0.023227
2461,2025/26,14,Wisła Płock,Pogoń Szczecin,5.0,9.0,14.0,5.1602,3.8981,9.0583,1,-2886.2706,0.8148,0.6663,0.0561,0.2549,0.1547,0.000116,0.001055,0.004776,0.014422,0.032659,0.059167,0.089325,0.115591,0.130883,0.131731,0.119326,0.098263,0.074175,0.051685,0.033441,0.020195,0.011433,0.006092,0.003066,0.001462,0.000662,0.000286,0.000118,4.6e-05,1.7e-05,6e-06,3e-06,0.979631,0.020369,1,0.020579,0.946972,0.053028,1,0.054485,0.887806,0.112194,1,0.119002,0.79848,0.20152,1,0.225045,0.682889,0.317111,1,0.381423,0.552006,0.447994,1,0.594195,0.420276,0.579724,1,0.866844,0.30095,0.69905,1,1.200813,0.202686,0.797314,1,1.596095,0.128512,0.871488,1,2.051736,0.076827,0.923173,1,2.5662,0.043386,0.956614,0,0.044355,0.023191,0.976809,0,0.023464
2462,2025/26,14,Bruk-Bet Termalica Nieciecza,GKS Katowice,7.0,7.0,14.0,4.768,4.615,9.383,1,-2886.2706,0.8148,0.6663,0.0561,0.2549,0.1547,8.4e-05,0.00079,0.003704,0.011585,0.027175,0.050997,0.07975,0.106899,0.12538,0.130716,0.12265,0.104621,0.081805,0.059044,0.039572,0.024754,0.014517,0.008012,0.004177,0.002063,0.000968,0.000432,0.000184,7.5e-05,2.9e-05,1.1e-05,6e-06,0.983838,0.016162,1,0.016294,0.956663,0.043337,1,0.044304,0.905666,0.094334,1,0.099084,0.825916,0.174084,1,0.191262,0.719017,0.280983,1,0.329871,0.593637,0.406363,1,0.521488,0.462921,0.537079,1,0.770198,0.340271,0.659729,1,1.078013,0.23565,0.76435,1,1.445408,0.153845,0.846155,1,1.87181,0.094801,0.905199,1,2.35598,0.055228,0.944772,0,0.056812,0.030474,0.969526,0,0.030948
2463,2025/26,14,Lechia Gdańsk,Radomiak Radom,4.0,5.0,9.0,4.9273,4.0725,8.9998,1,-2886.2706,0.8148,0.6663,0.0561,0.2549,0.1547,0.000123,0.001111,0.004999,0.014996,0.03374,0.060732,0.091096,0.117121,0.131758,0.131756,0.118578,0.097016,0.072761,0.050372,0.032381,0.019428,0.010928,0.005785,0.002893,0.00137,0.000617,0.000264,0.000108,4.2e-05,1.6e-05,6e-06,3e-06,0.978771,0.021229,1,0.021458,0.945031,0.054969,1,0.056538,0.884299,0.115701,1,0.12296,0.793203,0.206797,1,0.231675,0.676083,0.323917,1,0.39144,0.544325,0.455675,1,0.608209,0.412569,0.587431,0,0.531997,0.293991,0.706009,0,0.348128,0.196975,0.803025,0,0.219369,0.124214,0.875786,0,0.132634,0.073842,0.926158,0,0.076711,0.041461,0.958539,0,0.042345,0.022032,0.977968,0,0.022279
2464,2025/26,14,Górnik Zabrze,Arka Gdynia,11.0,2.0,13.0,5.2796,3.4526,8.7323,1,-2886.2706,0.8148,0.6663,0.0561,0.2549,0.1547,0.000161,0.001408,0.00615,0.0179,0.039077,0.068246,0.099324,0.123903,0.135245,0.131221,0.114586,0.090963,0.066193,0.044463,0.027733,0.016145,0.008811,0.004526,0.002196,0.001009,0.000441,0.000183,7.3e-05,2.8e-05,1e-05,4e-06,2e-06,0.974381,0.025619,1,0.025953,0.935304,0.064696,1,0.066884,0.867058,0.132942,1,0.14265,0.767734,0.232266,1,0.264312,0.643831,0.356169,1,0.440319,0.508586,0.491414,1,0.67612,0.377365,0.622635,1,0.974543,0.262779,0.737221,1,1.336443,0.171815,0.828185,1,1.761335,0.105622,0.894378,1,2.247887,0.061159,0.938841,0,0.06311,0.033426,0.966574,0,0.033998,0.017282,0.982718,0,0.017433
2465,2025/26,14,Cracovia,Zagłębie Lubin,3.0,3.0,6.0,4.5784,3.8724,8.4508,1,-2886.2706,0.8148,0.6663,0.0561,0.2549,0.1547,0.000214,0.001806,0.007632,0.021499,0.045421,0.076768,0.108124,0.130533,0.137888,0.129473,0.109415,0.084058,0.059196,0.038481,0.023228,0.013086,0.006912,0.003436,0.001613,0.000717,0.000303,0.000122,4.7e-05,1.7e-05,6e-06,2e-06,1e-06,0.968849,0.031151,1,0.031646,0.923429,0.076571,1,0.079662,0.846661,0.153339,1,0.166455,0.738537,0.261463,0,1.341462,0.608004,0.391996,0,0.936503,0.470115,0.529885,0,0.635096,0.340642,0.659358,0,0.416489,0.231227,0.768773,0,0.26296,0.147169,0.852831,0,0.159194,0.087972,0.912028,0,0.092085,0.049491,0.950509,0,0.050758,0.026263,0.973737,0,0.026614,0.013177,0.986823,0,0.013264
2466,2025/26,14,Lech Poznań,Motor Lublin,3.0,2.0,5.0,5.4513,3.8162,9.2674,1,-2886.2706,0.8148,0.6663,0.0561,0.2549,0.1547,9.4e-05,0.000875,0.004056,0.01253,0.029029,0.053805,0.083106,0.110025,0.127456,0.131243,0.121629,0.102471,0.079137,0.056415,0.037344,0.023072,0.013364,0.007285,0.003751,0.00183,0.000848,0.000374,0.000158,6.3e-05,2.5e-05,9e-06,5e-06,0.982445,0.017555,1,0.017711,0.953415,0.046585,1,0.047705,0.89961,0.10039,0,2.298695,0.816504,0.183496,0,1.695565,0.706479,0.293521,0,1.225807,0.579023,0.420977,0,0.865177,0.44778,0.55222,0,0.593808,0.326151,0.673849,0,0.394749,0.22368,0.77632,0,0.25319,0.144543,0.855457,0,0.156119,0.088128,0.911872,0,0.092255,0.050783,0.949217,0,0.052118,0.027711,0.972289,0,0.028102
2467,2025/26,14,Jagiellonia Białystok,Raków Częstochowa,6.0,5.0,11.0,4.3796,3.9497,8.3292,1,-2886.2706,0.8148,0.6663,0.0561,0.2549,0.1547,0.000241,0.00201,0.008372,0.023245,0.048402,0.080631,0.111933,0.133188,0.138669,0.128334,0.106893,0.08094,0.05618,0.035995,0.021415,0.011892,0.00619,0.003033,0.001404,0.000615,0.000256,0.000102,3.8e-05,1.4e-05,5e-06,2e-06,1e-06,0.966132,0.033868,1,0.034455,0.917729,0.082271,1,0.085853,0.837098,0.162902,1,0.177814,0.725166,0.274834,1,0.321355,0.591978,0.408022,1,0.524286,0.453309,0.546691,1,0.791182,0.324975,0.675025,1,1.124008,0.218082,0.781918,1,1.522884,0.137142,0.862858,0,0.147506,0.080962,0.919038,0,0.084428,0.044967,0.955033,0,0.046009,0.023551,0.976449,0,0.023833,0.01166,0.98834,0,0.011728
2468,2025/26,14,Piast Gliwice,Korona Kielce,2.0,4.0,6.0,4.7334,3.9832,8.7166,1,-2886.2706,0.8148,0.6663,0.0561,0.2549,0.1547,0.000164,0.001428,0.006224,0.018085,0.03941,0.068704,0.099811,0.124287,0.135421,0.131157,0.114324,0.090593,0.065805,0.044123,0.027472,0.015964,0.008697,0.004459,0.002159,0.000991,0.000432,0.000179,7.1e-05,2.7e-05,1e-05,3e-06,2e-06,0.974099,0.025901,1,0.026242,0.934689,0.065311,1,0.067541,0.865985,0.134015,1,0.143887,0.766175,0.233825,0,1.453181,0.641887,0.358113,0,1.026908,0.506467,0.493533,0,0.706165,0.37531,0.62469,0,0.4705,0.260986,0.739014,0,0.302439,0.170394,0.829606,0,0.186804,0.104589,0.895411,0,0.110472,0.060466,0.939534,0,0.062371,0.032994,0.967006,0,0.033551,0.01703,0.98297,0,0.017177
2469,2025/26,14,Widzew Łódź,Legia Warszawa,3.0,3.0,6.0,4.7038,3.9162,8.62,1,-2886.2706,0.8148,0.6663,0.0561,0.2549,0.1547,0.00018,0.001556,0.006704,0.019264,0.041514,0.07157,0.102822,0.126619,0.136433,0.130673,0.11264,0.088269,0.063407,0.042044,0.025887,0.014877,0.008015,0.004064,0.001946,0.000883,0.000381,0.000156,6.1e-05,2.3e-05,8e-06,3e-06,1e-06,0.972296,0.027704,1,0.028095,0.930782,0.069218,1,0.07173,0.859213,0.140787,1,0.151739,0.75639,0.24361,0,1.412188,0.629771,0.370229,0,0.993634,0.493339,0.506661,0,0.679913,0.362666,0.637334,0,0.450462,0.250026,0.749974,0,0.287716,0.161756,0.838244,0,0.176446,0.098349,0.901651,0,0.103528,0.056305,0.943695,0,0.057952,0.030418,0.969582,0,0.03089,0.015541,0.984459,0,0.015663
2470,2025/26,15,Arka Gdynia,Lech Poznań,7.0,6.0,13.0,4.3296,3.7971,8.1267,1,-2932.5019,0.7906,0.6452,0.0603,0.2586,0.1621,0.000296,0.002402,0.009759,0.026437,0.053711,0.087299,0.118242,0.137274,0.139448,0.125917,0.102329,0.0756,0.051198,0.032005,0.018578,0.010065,0.005112,0.002444,0.001103,0.000472,0.000192,7.4e-05,2.7e-05,1e-05,3e-06,1e-06,0.0,0.961107,0.038893,1,0.03967,0.907395,0.092605,1,0.097177,0.820097,0.179903,1,0.198333,0.701855,0.298145,1,0.354029,0.564581,0.435419,1,0.571672,0.425133,0.574867,1,0.855354,0.299216,0.700784,1,1.20659,0.196887,0.803113,1,1.625126,0.121287,0.878713,1,2.109595,0.070089,0.929911,1,2.657988,0.038084,0.961916,0,0.038828,0.019505,0.980495,0,0.019698,0.00944,0.99056,0,0.009484
2471,2025/26,15,Legia Warszawa,Bruk-Bet Termalica Nieciecza,6.0,7.0,13.0,4.7474,3.6443,8.3917,1,-2932.5019,0.7906,0.6452,0.0603,0.2586,0.1621,0.000227,0.001903,0.007984,0.022332,0.046851,0.078632,0.109976,0.131841,0.138296,0.128949,0.10821,0.082551,0.057729,0.037265,0.022337,0.012496,0.006554,0.003235,0.001508,0.000666,0.00028,0.000112,4.3e-05,1.6e-05,5e-06,2e-06,1e-06,0.967555,0.032445,1,0.032983,0.920703,0.079297,1,0.082617,0.842071,0.157929,1,0.171891,0.732095,0.267905,1,0.311845,0.600254,0.399746,1,0.510403,0.461958,0.538042,1,0.772282,0.333009,0.666991,1,1.099586,0.224799,0.775201,1,1.492549,0.142248,0.857752,1,1.950186,0.084519,0.915481,1,2.47078,0.047254,0.952746,0,0.048407,0.024917,0.975083,0,0.025233,0.012421,0.987579,0,0.012499
2472,2025/26,15,Lechia Gdańsk,Widzew Łódź,3.0,3.0,6.0,4.9702,4.2638,9.234,1,-2932.5019,0.7906,0.6452,0.0603,0.2586,0.1621,9.8e-05,0.000902,0.004164,0.012816,0.029586,0.054638,0.084088,0.110924,0.128034,0.131362,0.1213,0.101825,0.078354,0.055656,0.036709,0.022598,0.013042,0.007084,0.003634,0.001766,0.000815,0.000359,0.00015,6e-05,2.3e-05,9e-06,5e-06,0.982021,0.017979,1,0.018143,0.952435,0.047565,1,0.048733,0.897797,0.102203,1,0.107811,0.813709,0.186291,0,1.680444,0.702785,0.297215,0,1.213298,0.574751,0.425249,0,0.85508,0.443388,0.556612,0,0.585888,0.322089,0.677911,0,0.388739,0.220264,0.779736,0,0.248799,0.141909,0.858091,0,0.153045,0.086254,0.913746,0,0.090202,0.049545,0.950455,0,0.050814,0.026947,0.973053,0,0.027317
2473,2025/26,15,Motor Lublin,Wisła Płock,4.0,2.0,6.0,4.4561,3.9109,8.367,1,-2932.5019,0.7906,0.6452,0.0603,0.2586,0.1621,0.000232,0.001945,0.008135,0.022689,0.04746,0.079419,0.11075,0.132378,0.138451,0.128713,0.107694,0.081916,0.057116,0.036761,0.02197,0.012255,0.006409,0.003154,0.001466,0.000646,0.00027,0.000108,4.1e-05,1.5e-05,5e-06,2e-06,1e-06,0.966999,0.033001,1,0.033558,0.919539,0.080461,1,0.083883,0.84012,0.15988,1,0.17421,0.72937,0.27063,0,1.307004,0.596992,0.403008,0,0.9088,0.458542,0.541458,0,0.613489,0.329828,0.670172,0,0.400221,0.222134,0.777866,0,0.251201,0.140218,0.859782,0,0.151076,0.083101,0.916899,0,0.086758,0.04634,0.95366,0,0.047448,0.024371,0.975629,0,0.024672,0.012116,0.987884,0,0.01219
2474,2025/26,15,Zagłębie Lubin,Górnik Zabrze,3.0,2.0,5.0,4.4732,4.0413,8.5145,1,-2932.5019,0.7906,0.6452,0.0603,0.2586,0.1621,0.000201,0.001708,0.007269,0.020632,0.043917,0.074786,0.106127,0.129088,0.137389,0.129978,0.110669,0.085663,0.060781,0.039809,0.024211,0.013743,0.007313,0.003663,0.001733,0.000776,0.000331,0.000134,5.2e-05,1.9e-05,7e-06,2e-06,1e-06,0.970191,0.029809,1,0.030262,0.926274,0.073726,1,0.076585,0.851489,0.148511,0,1.907094,0.745362,0.254638,0,1.367912,0.616274,0.383726,0,0.957827,0.478885,0.521115,0,0.651784,0.348907,0.651093,0,0.429103,0.238238,0.761762,0,0.272121,0.152575,0.847425,0,0.165554,0.091794,0.908206,0,0.096285,0.051985,0.948015,0,0.053385,0.027774,0.972226,0,0.028167,0.014031,0.985969,0,0.014131
2475,2025/26,15,Radomiak Radom,Cracovia,8.0,2.0,10.0,4.5448,3.7661,8.3108,1,-2932.5019,0.7906,0.6452,0.0603,0.2586,0.1621,0.000246,0.002043,0.00849,0.02352,0.048867,0.081225,0.112508,0.133577,0.138767,0.128141,0.106496,0.080461,0.055725,0.035625,0.021148,0.011717,0.006086,0.002975,0.001374,0.000601,0.00025,9.9e-05,3.7e-05,1.3e-05,5e-06,2e-06,1e-06,0.965702,0.034298,1,0.0349,0.916835,0.083165,1,0.086828,0.835609,0.164391,1,0.179594,0.723101,0.276899,1,0.324206,0.589524,0.410476,1,0.528439,0.450757,0.549243,1,0.796827,0.322616,0.677384,1,1.131294,0.216119,0.783881,0,0.243498,0.135658,0.864342,0,0.145787,0.079933,0.920067,0,0.083309,0.044308,0.955692,0,0.045319,0.02316,0.97684,0,0.023432,0.011443,0.988557,0,0.011509
2476,2025/26,15,Pogoń Szczecin,Jagiellonia Białystok,10.0,5.0,15.0,5.2688,4.4145,9.6833,1,-2932.5019,0.7906,0.6452,0.0603,0.2586,0.1621,6.2e-05,0.000603,0.002922,0.00943,0.022829,0.044211,0.071352,0.098703,0.119471,0.128542,0.124471,0.109571,0.088418,0.065859,0.045553,0.029407,0.017797,0.010137,0.005453,0.002779,0.001346,0.00062,0.000273,0.000115,4.6e-05,1.8e-05,1e-05,0.986982,0.013018,1,0.013103,0.964154,0.035846,1,0.036505,0.919942,0.080058,1,0.083444,0.84859,0.15141,1,0.164179,0.749887,0.250113,1,0.287833,0.630416,0.369584,1,0.461376,0.501874,0.498126,1,0.689407,0.377403,0.622597,1,0.974441,0.267832,0.732168,1,1.317396,0.179414,0.820586,1,1.718057,0.113555,0.886445,1,2.175468,0.068002,0.931998,1,2.688212,0.038596,0.961404,0,0.03936
2477,2025/26,15,Korona Kielce,Raków Częstochowa,2.0,5.0,7.0,4.4824,3.8845,8.3669,1,-2932.5019,0.7906,0.6452,0.0603,0.2586,0.1621,0.000232,0.001945,0.008136,0.022691,0.047463,0.079424,0.110754,0.132381,0.138452,0.128712,0.107691,0.081913,0.057113,0.036758,0.021968,0.012253,0.006408,0.003154,0.001466,0.000646,0.00027,0.000108,4.1e-05,1.5e-05,5e-06,2e-06,1e-06,0.966996,0.033004,1,0.033561,0.919532,0.080468,1,0.08389,0.840109,0.159891,1,0.174224,0.729354,0.270646,1,0.315596,0.596973,0.403027,0,0.908752,0.458522,0.541478,0,0.613452,0.32981,0.67019,0,0.400194,0.222118,0.777882,0,0.251181,0.140206,0.859794,0,0.151062,0.083093,0.916907,0,0.086749,0.046335,0.953665,0,0.047443,0.024367,0.975633,0,0.024669,0.012114,0.987886,0,0.012188
2478,2025/26,15,GKS Katowice,Piast Gliwice,3.0,6.0,9.0,4.5677,3.9042,8.4718,1,-2932.5019,0.7906,0.6452,0.0603,0.2586,0.1621,0.000209,0.001773,0.00751,0.021208,0.044919,0.076109,0.107464,0.130059,0.13773,0.129647,0.109835,0.084591,0.05972,0.038919,0.023551,0.013301,0.007043,0.00351,0.001652,0.000737,0.000312,0.000126,4.8e-05,1.8e-05,6e-06,2e-06,1e-06,0.969299,0.030701,1,0.031182,0.92438,0.07562,1,0.078632,0.848272,0.151728,1,0.164554,0.740808,0.259192,1,0.300014,0.610749,0.389251,1,0.493069,0.473019,0.526981,1,0.748619,0.343372,0.656628,0,0.420637,0.233537,0.766463,0,0.265969,0.148946,0.851054,0,0.161279,0.089225,0.910775,0,0.09346,0.050307,0.949693,0,0.051616,0.026756,0.973244,0,0.02712,0.013455,0.986545,0,0.013546
2479,2025/26,16,Bruk-Bet Termalica Nieciecza,Arka Gdynia,4.0,2.0,6.0,5.2997,4.2912,9.5909,1,-2978.179,0.7884,0.6434,0.066,0.2563,0.1606,6.8e-05,0.000656,0.003143,0.01005,0.024096,0.046221,0.073883,0.10123,0.121361,0.129329,0.124038,0.108149,0.086437,0.06377,0.043687,0.027933,0.016744,0.009446,0.005033,0.002541,0.001218,0.000556,0.000243,0.000101,4e-05,1.6e-05,9e-06,0.986083,0.013917,1,0.014015,0.961987,0.038013,1,0.038755,0.915766,0.084234,1,0.087995,0.841882,0.158118,0,1.844416,0.740652,0.259348,0,1.349586,0.619292,0.380708,0,0.965721,0.489963,0.510037,0,0.673271,0.365924,0.634076,0,0.455587,0.257775,0.742225,0,0.298103,0.171338,0.828662,0,0.187943,0.107568,0.892432,0,0.113804,0.063881,0.936119,0,0.066012,0.035948,0.964052,0,0.03661
2480,2025/26,16,Legia Warszawa,Lechia Gdańsk,3.0,5.0,8.0,5.1037,3.7836,8.8873,1,-2978.179,0.7884,0.6434,0.066,0.2563,0.1606,0.000138,0.001228,0.005455,0.016161,0.035907,0.063822,0.094534,0.120021,0.133332,0.131662,0.117011,0.094537,0.070015,0.047864,0.030385,0.018002,0.009999,0.005228,0.002581,0.001207,0.000536,0.000227,9.2e-05,3.5e-05,1.3e-05,5e-06,2e-06,0.977018,0.022982,1,0.02325,0.941111,0.058889,1,0.060694,0.877289,0.122711,1,0.130918,0.782756,0.217244,1,0.244935,0.662735,0.337265,1,0.411381,0.529402,0.470598,0,0.753752,0.397741,0.602259,0,0.507067,0.280729,0.719271,0,0.329518,0.186192,0.813808,0,0.206031,0.116178,0.883822,0,0.123499,0.068313,0.931687,0,0.070758,0.037928,0.962072,0,0.038666,0.019926,0.980074,0,0.020127
2481,2025/26,16,Górnik Zabrze,Wisła Płock,3.0,1.0,4.0,4.7966,3.6034,8.4,1,-2978.179,0.7884,0.6434,0.066,0.2563,0.1606,0.000225,0.001889,0.007934,0.022214,0.046649,0.07837,0.109717,0.13166,0.138242,0.129026,0.108381,0.082763,0.057934,0.037434,0.02246,0.012578,0.006603,0.003263,0.001523,0.000673,0.000283,0.000113,4.3e-05,1.6e-05,6e-06,2e-06,1e-06,0.967739,0.032261,1,0.032793,0.92109,0.07891,0,2.539448,0.84272,0.15728,0,1.849731,0.733003,0.266997,0,1.32052,0.601344,0.398656,0,0.919655,0.463101,0.536899,0,0.621946,0.334076,0.665924,0,0.406579,0.225695,0.774305,0,0.255789,0.142931,0.857069,0,0.154237,0.084997,0.915003,0,0.088828,0.047563,0.952437,0,0.048731,0.025103,0.974897,0,0.025423,0.012525,0.987475,0,0.012604
2482,2025/26,16,Pogoń Szczecin,Zagłębie Lubin,6.0,5.0,11.0,5.2306,4.3886,9.6192,1,-2978.179,0.7884,0.6434,0.066,0.2563,0.1606,6.6e-05,0.000639,0.003074,0.009856,0.023702,0.045599,0.073104,0.100457,0.120789,0.129099,0.124183,0.108594,0.087048,0.06441,0.044255,0.02838,0.017062,0.009654,0.005159,0.002612,0.001256,0.000575,0.000252,0.000105,4.2e-05,1.6e-05,9e-06,0.986364,0.013636,1,0.01373,0.962662,0.037338,1,0.038053,0.917063,0.082937,1,0.086579,0.843959,0.156041,1,0.169651,0.743502,0.256498,1,0.296384,0.622712,0.377288,1,0.47367,0.493613,0.506387,1,0.706003,0.369431,0.630569,1,0.995792,0.260837,0.739163,0,0.302237,0.173789,0.826211,0,0.190905,0.109378,0.890622,0,0.115836,0.065123,0.934877,0,0.06734,0.036743,0.963257,0,0.037435
2483,2025/26,16,Cracovia,Motor Lublin,2.0,5.0,7.0,4.8363,3.7872,8.6234,1,-2978.179,0.7884,0.6434,0.066,0.2563,0.1606,0.00018,0.001551,0.006687,0.019221,0.041438,0.071468,0.102717,0.126539,0.136399,0.130692,0.112701,0.088352,0.063491,0.042116,0.025942,0.014914,0.008038,0.004077,0.001953,0.000887,0.000382,0.000157,6.2e-05,2.3e-05,8e-06,3e-06,1e-06,0.972361,0.027639,1,0.028028,0.930922,0.069078,1,0.071579,0.859454,0.140546,1,0.151458,0.756737,0.243263,1,0.278739,0.630199,0.369801,0,0.99479,0.4938,0.5062,0,0.680823,0.363108,0.636892,0,0.451154,0.250406,0.749594,0,0.288224,0.162055,0.837945,0,0.176802,0.098563,0.901437,0,0.103766,0.056447,0.943553,0,0.058103,0.030505,0.969495,0,0.03098,0.015592,0.984408,0,0.015714
2484,2025/26,16,Lech Poznań,Radomiak Radom,5.0,5.0,10.0,5.211,3.8912,9.1022,1,-2978.179,0.7884,0.6434,0.066,0.2563,0.1606,0.000111,0.001014,0.004615,0.014004,0.031866,0.058011,0.088004,0.114434,0.130201,0.13168,0.119858,0.09918,0.07523,0.052674,0.034246,0.020781,0.011822,0.00633,0.003201,0.001533,0.000698,0.000302,0.000125,5e-05,1.9e-05,7e-06,4e-06,0.980255,0.019745,1,0.019942,0.948389,0.051611,1,0.05299,0.890379,0.109621,1,0.116108,0.802375,0.197625,1,0.22018,0.687941,0.312059,1,0.374053,0.55774,0.44226,1,0.583862,0.42606,0.57394,1,0.853174,0.306202,0.693798,0,0.365575,0.207023,0.792977,0,0.231961,0.131793,0.868207,0,0.141325,0.079119,0.920881,0,0.082424,0.044872,0.955128,0,0.04591,0.024091,0.975909,0,0.024386
2485,2025/26,16,Raków Częstochowa,Piast Gliwice,3.0,5.0,8.0,4.4703,3.832,8.3024,1,-2978.179,0.7884,0.6434,0.066,0.2563,0.1606,0.000248,0.002058,0.008545,0.023647,0.049082,0.0815,0.112774,0.133755,0.138811,0.128051,0.106312,0.08024,0.055515,0.035454,0.021025,0.011637,0.006039,0.002949,0.00136,0.000594,0.000247,9.8e-05,3.7e-05,1.3e-05,5e-06,2e-06,1e-06,0.965501,0.034499,1,0.035108,0.916419,0.083581,1,0.087282,0.834919,0.165081,1,0.180421,0.722145,0.277855,1,0.325529,0.58839,0.41161,1,0.530366,0.449579,0.550421,0,0.597072,0.321528,0.678472,0,0.387912,0.215216,0.784784,0,0.242347,0.134976,0.865024,0,0.144998,0.079461,0.920539,0,0.082795,0.044006,0.955994,0,0.045004,0.022981,0.977019,0,0.023249,0.011343,0.988657,0,0.011408
2486,2025/26,16,Jagiellonia Białystok,GKS Katowice,5.0,4.0,9.0,5.2571,4.0356,9.2927,1,-2978.179,0.7884,0.6434,0.066,0.2563,0.1606,9.2e-05,0.000856,0.003976,0.012317,0.028614,0.053181,0.082366,0.109343,0.127012,0.131143,0.121868,0.102953,0.079726,0.05699,0.037828,0.023435,0.013611,0.00744,0.003841,0.001879,0.000873,0.000386,0.000163,6.6e-05,2.6e-05,9e-06,5e-06,0.982759,0.017241,1,0.017391,0.954145,0.045855,1,0.04694,0.900964,0.099036,1,0.10429,0.818599,0.181401,1,0.200161,0.709256,0.290744,1,0.343539,0.582244,0.417756,1,0.540866,0.4511,0.5489,0,0.59984,0.329233,0.670767,0,0.399333,0.22628,0.77372,0,0.256545,0.146553,0.853447,0,0.158472,0.089563,0.910437,0,0.09383,0.051735,0.948265,0,0.053121,0.028299,0.971701,0,0.028708
2487,2025/26,16,Widzew Łódź,Korona Kielce,5.0,5.0,10.0,4.9202,3.7855,8.7057,1,-2978.179,0.7884,0.6434,0.066,0.2563,0.1606,0.000166,0.001442,0.006277,0.018215,0.039644,0.069025,0.100152,0.124555,0.135542,0.131109,0.114139,0.090332,0.065533,0.043886,0.027289,0.015838,0.008618,0.004413,0.002134,0.000978,0.000426,0.000176,7e-05,2.6e-05,1e-05,3e-06,2e-06,0.9739,0.0261,1,0.026447,0.934256,0.065744,1,0.068005,0.865231,0.134769,1,0.144759,0.765079,0.234921,1,0.267776,0.640524,0.359476,1,0.445468,0.504983,0.495017,1,0.683231,0.373874,0.626126,1,0.983837,0.259735,0.740265,0,0.300747,0.169403,0.830597,0,0.18561,0.103869,0.896131,0,0.109669,0.059984,0.940016,0,0.061858,0.032694,0.967306,0,0.033241,0.016856,0.983144,0,0.017
2488,2025/26,17,Arka Gdynia,Raków Częstochowa,2.0,6.0,8.0,4.1202,3.7928,7.913,1,-3006.6843,0.7891,0.6471,0.072,0.2494,0.1594,0.000366,0.002896,0.011458,0.030221,0.059785,0.094615,0.12478,0.141055,0.13952,0.122669,0.097067,0.069826,0.046044,0.028027,0.015841,0.008357,0.004133,0.001924,0.000846,0.000352,0.000139,5.3e-05,1.9e-05,6e-06,2e-06,1e-06,0.0,0.95506,0.04494,1,0.045982,0.895275,0.104725,1,0.110624,0.80066,0.19934,1,0.222318,0.67588,0.32412,1,0.391739,0.534826,0.465174,1,0.625814,0.395306,0.604694,0,0.503032,0.272637,0.727363,0,0.31833,0.17557,0.82443,0,0.193063,0.105744,0.894256,0,0.111763,0.059699,0.940301,0,0.061556,0.031673,0.968327,0,0.032185,0.015831,0.984169,0,0.015958,0.007475,0.992525,0,0.007503
2489,2025/26,17,Wisła Płock,Lech Poznań,2.0,2.0,4.0,4.6301,4.2942,8.9242,1,-3006.6843,0.7891,0.6471,0.072,0.2494,0.1594,0.000133,0.001188,0.005301,0.015769,0.035183,0.062796,0.0934,0.119075,0.132832,0.131713,0.117544,0.095363,0.07092,0.048685,0.031034,0.018464,0.010298,0.005406,0.00268,0.001259,0.000562,0.000239,9.7e-05,3.8e-05,1.4e-05,5e-06,3e-06,0.977608,0.022392,1,0.022646,0.942426,0.057574,0,2.854679,0.87963,0.12037,0,2.117186,0.78623,0.21377,0,1.542854,0.667155,0.332845,0,1.100078,0.534323,0.465677,0,0.764263,0.40261,0.59739,0,0.515185,0.285066,0.714934,0,0.335565,0.189703,0.810297,0,0.210354,0.118783,0.881217,0,0.126451,0.070098,0.929902,0,0.072676,0.039064,0.960936,0,0.039847,0.0206,0.9794,0,0.020815
2490,2025/26,17,Lechia Gdańsk,Bruk-Bet Termalica Nieciecza,10.0,3.0,13.0,4.867,4.1407,9.0077,1,-3006.6843,0.7891,0.6471,0.072,0.2494,0.1594,0.000122,0.001103,0.004968,0.014918,0.033594,0.06052,0.090858,0.116917,0.131643,0.131755,0.118681,0.097185,0.072951,0.050547,0.032522,0.01953,0.010995,0.005826,0.002915,0.001382,0.000622,0.000267,0.000109,4.3e-05,1.6e-05,6e-06,3e-06,0.978888,0.021112,1,0.021338,0.945294,0.054706,1,0.056259,0.884774,0.115226,1,0.122423,0.793916,0.206084,1,0.230777,0.677,0.323,1,0.390085,0.545356,0.454644,1,0.606316,0.413601,0.586399,1,0.882853,0.294921,0.705079,1,1.221049,0.197736,0.802264,1,1.620824,0.124785,0.875215,1,2.081165,0.074237,0.925763,0,0.077137,0.041715,0.958285,0,0.04261,0.022185,0.977815,0,0.022435
2491,2025/26,17,Motor Lublin,Legia Warszawa,1.0,4.0,5.0,4.6223,3.8755,8.4979,1,-3006.6843,0.7891,0.6471,0.072,0.2494,0.1594,0.000204,0.001733,0.007362,0.020854,0.044304,0.075299,0.106647,0.129467,0.137525,0.129852,0.110347,0.085247,0.060368,0.039462,0.023953,0.01357,0.007207,0.003603,0.001701,0.000761,0.000323,0.000131,5.1e-05,1.9e-05,7e-06,2e-06,1e-06,0.969847,0.030153,1,0.030617,0.925543,0.074457,1,0.077375,0.850244,0.149756,0,1.898747,0.743597,0.256403,0,1.361006,0.61413,0.38587,0,0.952254,0.476605,0.523395,0,0.647418,0.346752,0.653248,0,0.425799,0.236405,0.763595,0,0.269718,0.151158,0.848842,0,0.163882,0.09079,0.90921,0,0.095179,0.051328,0.948672,0,0.052692,0.027375,0.972625,0,0.027756,0.013805,0.986195,0,0.013901
2492,2025/26,17,Zagłębie Lubin,Jagiellonia Białystok,4.0,4.0,8.0,5.0522,4.0843,9.1365,1,-3006.6843,0.7891,0.6471,0.072,0.2494,0.1594,0.000108,0.000984,0.004494,0.013685,0.031259,0.057119,0.086979,0.113526,0.129654,0.131621,0.120255,0.099883,0.076049,0.053448,0.03488,0.021246,0.012132,0.00652,0.00331,0.001591,0.000727,0.000316,0.000131,5.2e-05,2e-05,7e-06,4e-06,0.98073,0.01927,1,0.019458,0.949471,0.050529,1,0.05185,0.892352,0.107648,1,0.113895,0.805373,0.194627,1,0.21645,0.691847,0.308153,1,0.36839,0.562193,0.437807,0,0.825977,0.430572,0.569428,0,0.563124,0.310317,0.689683,0,0.371523,0.210434,0.789566,0,0.236272,0.134385,0.865615,0,0.144315,0.080937,0.919063,0,0.084401,0.046057,0.953943,0,0.047151,0.024811,0.975189,0,0.025124
2493,2025/26,17,Radomiak Radom,Górnik Zabrze,8.0,2.0,10.0,4.478,3.8643,8.3423,1,-3006.6843,0.7891,0.6471,0.072,0.2494,0.1594,0.000238,0.001987,0.00829,0.023052,0.048076,0.080212,0.111525,0.13291,0.138596,0.128467,0.107171,0.081277,0.056503,0.036259,0.021606,0.012016,0.006265,0.003074,0.001425,0.000626,0.000261,0.000104,3.9e-05,1.4e-05,5e-06,2e-06,1e-06,0.966433,0.033567,1,0.034143,0.918358,0.081642,1,0.085169,0.838146,0.161854,1,0.176563,0.726621,0.273379,1,0.319351,0.593711,0.406289,1,0.521363,0.455115,0.544885,1,0.787206,0.326647,0.673353,1,1.118875,0.219476,0.780524,0,0.24779,0.138199,0.861801,0,0.148731,0.081696,0.918304,0,0.085227,0.045437,0.954563,0,0.046502,0.023832,0.976168,0,0.02412,0.011815,0.988185,0,0.011886
2494,2025/26,17,Korona Kielce,Cracovia,4.0,3.0,7.0,4.5471,3.8823,8.4295,1,-3006.6843,0.7891,0.6471,0.072,0.2494,0.1594,0.000218,0.00184,0.007757,0.021796,0.045933,0.077437,0.108793,0.131009,0.138042,0.12929,0.108985,0.083517,0.058667,0.038041,0.022904,0.012871,0.006781,0.003362,0.001575,0.000699,0.000294,0.000118,4.5e-05,1.7e-05,6e-06,2e-06,1e-06,0.968388,0.031612,1,0.032123,0.922455,0.077545,1,0.080717,0.845018,0.154982,1,0.168398,0.736225,0.263775,1,0.30622,0.605216,0.394784,0,0.929417,0.467175,0.532825,0,0.629562,0.337884,0.662116,0,0.412315,0.228899,0.771101,0,0.259936,0.145383,0.854617,0,0.157102,0.086716,0.913284,0,0.090709,0.048676,0.951324,0,0.0499,0.025771,0.974229,0,0.026109,0.0129,0.9871,0,0.012984
2495,2025/26,17,GKS Katowice,Pogoń Szczecin,5.0,3.0,8.0,5.2948,4.2911,9.5859,1,-3006.6843,0.7891,0.6471,0.072,0.2494,0.1594,6.9e-05,0.000658,0.003156,0.010084,0.024167,0.046332,0.074023,0.101368,0.121462,0.129369,0.124012,0.108069,0.086328,0.063656,0.043586,0.027854,0.016688,0.00941,0.005011,0.002528,0.001212,0.000553,0.000241,0.0001,4e-05,1.5e-05,9e-06,0.986032,0.013968,1,0.014066,0.961865,0.038135,1,0.038881,0.915533,0.084467,1,0.088249,0.84151,0.15849,1,0.172557,0.740143,0.259857,1,0.300912,0.61868,0.38132,0,0.964117,0.489311,0.510689,0,0.671995,0.3653,0.6347,0,0.454603,0.257231,0.742769,0,0.29737,0.170903,0.829097,0,0.187418,0.107247,0.892753,0,0.113445,0.063661,0.936339,0,0.065778,0.035807,0.964193,0,0.036464
2496,2025/26,17,Piast Gliwice,Widzew Łódź,3.0,4.0,7.0,4.648,4.0913,8.7394,1,-3006.6843,0.7891,0.6471,0.072,0.2494,0.1594,0.00016,0.0014,0.006116,0.017817,0.038927,0.068039,0.099103,0.123729,0.135164,0.13125,0.114704,0.091131,0.066369,0.044617,0.027852,0.016227,0.008863,0.004557,0.002212,0.001018,0.000445,0.000185,7.4e-05,2.8e-05,1e-05,4e-06,2e-06,0.974507,0.025493,1,0.025823,0.93558,0.06442,1,0.066588,0.867541,0.132459,1,0.142092,0.768438,0.231562,1,0.263396,0.644709,0.355291,0,1.034818,0.509545,0.490455,0,0.712422,0.378296,0.621704,0,0.475291,0.263592,0.736408,0,0.305971,0.172461,0.827539,0,0.189299,0.106092,0.893908,0,0.112153,0.061475,0.938525,0,0.063446,0.033623,0.966377,0,0.034202,0.017396,0.982604,0,0.017549
2497,2025/26,18,Arka Gdynia,Motor Lublin,6.0,2.0,8.0,4.568,3.7876,8.3556,1,-3031.847,0.7858,0.6434,0.0773,0.2464,0.1584,0.000235,0.001964,0.008206,0.022855,0.047742,0.079784,0.111107,0.132624,0.138519,0.128601,0.107454,0.081622,0.056834,0.036529,0.021802,0.012145,0.006342,0.003117,0.001447,0.000636,0.000266,0.000106,4e-05,1.5e-05,5e-06,2e-06,1e-06,0.96674,0.03326,1,0.033826,0.918997,0.081003,1,0.084472,0.839214,0.160786,1,0.17529,0.728107,0.271893,1,0.317307,0.595483,0.404517,1,0.518382,0.456964,0.543036,0,0.61058,0.328363,0.671637,0,0.398037,0.220909,0.779091,0,0.249627,0.139286,0.860714,0,0.149993,0.082452,0.917548,0,0.086051,0.045923,0.954077,0,0.047011,0.024121,0.975879,0,0.024417,0.011977,0.988023,0,0.012049
2498,2025/26,18,Bruk-Bet Termalica Nieciecza,Jagiellonia Białystok,1.0,7.0,8.0,5.0713,4.6025,9.6738,1,-3031.847,0.7858,0.6434,0.0773,0.2464,0.1584,6.3e-05,0.000609,0.002944,0.009492,0.022956,0.044414,0.071609,0.098962,0.119667,0.128627,0.124432,0.10943,0.088217,0.065646,0.045361,0.029254,0.017688,0.010065,0.005409,0.002754,0.001332,0.000614,0.00027,0.000113,4.6e-05,1.8e-05,1e-05,0.986893,0.013107,1,0.013194,0.963937,0.036063,1,0.036729,0.919524,0.080476,1,0.0839,0.847915,0.152085,1,0.164975,0.748953,0.251047,1,0.289079,0.629286,0.370714,0,0.992325,0.500659,0.499341,0,0.694466,0.376228,0.623772,0,0.47197,0.266797,0.733203,0,0.310333,0.17858,0.82142,0,0.196721,0.112934,0.887066,0,0.119836,0.067573,0.932427,0,0.069964,0.038319,0.961681,0,0.039072
2499,2025/26,18,Lechia Gdańsk,Górnik Zabrze,5.0,4.0,9.0,4.5759,3.907,8.4829,1,-3031.847,0.7858,0.6434,0.0773,0.2464,0.1584,0.000207,0.001756,0.007447,0.021058,0.044657,0.075765,0.107117,0.129809,0.137644,0.129736,0.110053,0.08487,0.059995,0.039149,0.023721,0.013415,0.007112,0.003549,0.001673,0.000747,0.000317,0.000128,4.9e-05,1.8e-05,6e-06,2e-06,1e-06,0.969532,0.030468,1,0.030941,0.924875,0.075125,1,0.078097,0.84911,0.15089,1,0.163566,0.741993,0.258007,1,0.298415,0.612184,0.387816,1,0.490722,0.47454,0.52546,1,0.74541,0.344804,0.655196,0,0.422821,0.234751,0.765249,0,0.267554,0.149881,0.850119,0,0.162379,0.089886,0.910114,0,0.094186,0.050738,0.949262,0,0.05207,0.027017,0.972983,0,0.027389,0.013602,0.986398,0,0.013696
2500,2025/26,18,Pogoń Szczecin,Radomiak Radom,4.0,5.0,9.0,5.2072,4.474,9.6811,1,-3031.847,0.7858,0.6434,0.0773,0.2464,0.1584,6.2e-05,0.000605,0.002927,0.009444,0.022857,0.044257,0.07141,0.098762,0.119516,0.128561,0.124462,0.109539,0.088372,0.065811,0.045509,0.029372,0.017772,0.010121,0.005443,0.002774,0.001343,0.000619,0.000272,0.000115,4.6e-05,1.8e-05,1e-05,0.986962,0.013038,1,0.013123,0.964105,0.035895,1,0.036555,0.919848,0.080152,1,0.083547,0.848438,0.151562,1,0.164359,0.749676,0.250324,1,0.288114,0.63016,0.36984,1,0.461781,0.501599,0.498401,0,0.696351,0.377137,0.622863,0,0.473429,0.267598,0.732402,0,0.311426,0.179226,0.820774,0,0.197507,0.113414,0.886586,0,0.120378,0.067905,0.932095,0,0.070321,0.038533,0.961467,0,0.039295
2501,2025/26,18,Korona Kielce,Wisła Płock,3.0,4.0,7.0,4.457,3.7226,8.1796,1,-3031.847,0.7858,0.6434,0.0773,0.2464,0.1584,0.00028,0.002293,0.009377,0.025567,0.052283,0.085531,0.116601,0.136251,0.13931,0.126611,0.103563,0.077009,0.052492,0.033028,0.019297,0.010523,0.00538,0.002588,0.001176,0.000506,0.000207,8.1e-05,3e-05,1.1e-05,4e-06,1e-06,1e-06,0.962482,0.037518,1,0.03824,0.910199,0.089801,1,0.094092,0.824669,0.175331,1,0.192774,0.708067,0.291933,1,0.345216,0.571817,0.428183,0,0.848204,0.432507,0.567493,0,0.566527,0.305896,0.694104,0,0.365134,0.202334,0.797666,0,0.226065,0.125324,0.874676,0,0.133902,0.072832,0.927168,0,0.075621,0.039804,0.960196,0,0.040618,0.020507,0.979493,0,0.02072,0.009984,0.990016,0,0.010034
2502,2025/26,18,Cracovia,Lech Poznań,7.0,6.0,13.0,4.4462,3.9384,8.3846,1,-3031.847,0.7858,0.6434,0.0773,0.2464,0.1584,0.000228,0.001915,0.008027,0.022435,0.047026,0.078859,0.1102,0.131997,0.138342,0.128882,0.108062,0.082368,0.057552,0.037119,0.022231,0.012426,0.006512,0.003212,0.001496,0.00066,0.000277,0.000111,4.2e-05,1.5e-05,5e-06,2e-06,1e-06,0.967395,0.032605,1,0.033148,0.920369,0.079631,1,0.082981,0.84151,0.15849,1,0.172557,0.73131,0.26869,1,0.312917,0.599314,0.400686,1,0.51197,0.460972,0.539028,1,0.774418,0.33209,0.66791,1,1.102348,0.224028,0.775972,1,1.495982,0.14166,0.85834,1,1.954325,0.084108,0.915892,1,2.475651,0.046989,0.953011,0,0.048129,0.024759,0.975241,0,0.02507,0.012332,0.987668,0,0.012409
2503,2025/26,18,Raków Częstochowa,GKS Katowice,3.0,0.0,3.0,5.0097,4.074,9.0837,1,-3031.847,0.7858,0.6434,0.0773,0.2464,0.1584,0.000114,0.001031,0.004683,0.014179,0.032199,0.058497,0.088562,0.114924,0.130491,0.131705,0.119636,0.098795,0.074785,0.052256,0.033905,0.020532,0.011657,0.006229,0.003143,0.001503,0.000683,0.000295,0.000122,4.8e-05,1.8e-05,7e-06,3e-06,0.979994,0.020006,0,3.911719,0.947795,0.052205,0,2.952576,0.889298,0.110702,0,2.200912,0.800736,0.199264,0,1.613126,0.685813,0.314187,0,1.157765,0.555321,0.444679,0,0.810403,0.423617,0.576383,0,0.550982,0.30398,0.69602,0,0.362377,0.205186,0.794814,0,0.229647,0.130401,0.869599,0,0.139723,0.078145,0.921855,0,0.081367,0.04424,0.95576,0,0.045248,0.023708,0.976292,0,0.023993
2504,2025/26,18,Piast Gliwice,Legia Warszawa,6.0,7.0,13.0,4.2368,3.969,8.2058,1,-3031.847,0.7858,0.6434,0.0773,0.2464,0.1584,0.000273,0.002241,0.009193,0.025146,0.051586,0.084661,0.115785,0.135731,0.139224,0.126939,0.104164,0.077705,0.053136,0.033541,0.019659,0.010755,0.005516,0.002662,0.001214,0.000524,0.000215,8.4e-05,3.1e-05,1.1e-05,4e-06,1e-06,1e-06,0.963147,0.036853,1,0.037549,0.911562,0.088438,1,0.092596,0.826901,0.173099,1,0.19007,0.711116,0.288884,1,0.34092,0.575384,0.424616,1,0.552717,0.436161,0.563839,1,0.829744,0.309222,0.690778,1,1.173695,0.205059,0.794941,1,1.58446,0.127354,0.872646,1,2.060786,0.074218,0.925782,1,2.600753,0.040677,0.959323,0,0.041528,0.021018,0.978982,0,0.021242,0.010263,0.989737,0,0.010316
2505,2025/26,18,Zagłębie Lubin,Widzew Łódź,6.0,6.0,12.0,4.7791,3.9723,8.7514,1,-3031.847,0.7858,0.6434,0.0773,0.2464,0.1584,0.000158,0.001385,0.00606,0.017677,0.038674,0.06769,0.09873,0.123432,0.135025,0.131296,0.114902,0.091414,0.066667,0.044879,0.028054,0.016367,0.008952,0.004609,0.002241,0.001032,0.000452,0.000188,7.5e-05,2.8e-05,1e-05,4e-06,2e-06,0.974721,0.025279,1,0.025604,0.936047,0.063953,1,0.066089,0.868358,0.131642,1,0.141152,0.769628,0.230372,1,0.261848,0.646196,0.353804,1,0.436653,0.511171,0.488829,1,0.671052,0.379875,0.620125,1,0.967913,0.264973,0.735027,1,1.328127,0.173559,0.826441,1,1.751236,0.106893,0.893107,0,0.113048,0.062014,0.937986,0,0.06402,0.03396,0.96604,0,0.03455,0.017592,0.982408,0,0.017749
2506,2025/26,19,Wisła Płock,Raków Częstochowa,5.0,11.0,16.0,4.2435,4.1091,8.3526,1,-3073.5106,0.7954,0.6549,0.0777,0.2457,0.1524,0.000236,0.001969,0.008225,0.022899,0.047817,0.07988,0.111201,0.132688,0.138537,0.128571,0.107391,0.081545,0.056759,0.036468,0.021758,0.012116,0.006325,0.003108,0.001442,0.000634,0.000265,0.000105,4e-05,1.5e-05,5e-06,2e-06,1e-06,0.966671,0.033329,1,0.033897,0.918854,0.081146,1,0.084628,0.838974,0.161026,1,0.175576,0.727773,0.272227,1,0.317766,0.595085,0.404915,1,0.519051,0.456548,0.543452,1,0.784061,0.327977,0.672023,1,1.114812,0.220586,0.779414,1,1.511467,0.139041,0.860959,1,1.972984,0.082282,0.917718,1,2.497604,0.045813,0.954187,1,3.083177,0.024056,0.975944,1,3.727377,0.01194,0.98806,1,4.427834
2507,2025/26,19,Bruk-Bet Termalica Nieciecza,Cracovia,1.0,4.0,5.0,4.5984,4.4119,9.0103,1,-3073.5106,0.7954,0.6549,0.0777,0.2457,0.1524,0.000122,0.001101,0.004958,0.014892,0.033544,0.060449,0.090778,0.116848,0.131604,0.131755,0.118715,0.097242,0.073015,0.050607,0.03257,0.019564,0.011018,0.00584,0.002923,0.001386,0.000625,0.000268,0.00011,4.3e-05,1.6e-05,6e-06,3e-06,0.978927,0.021073,1,0.021298,0.945383,0.054617,1,0.056165,0.884934,0.115066,0,2.162248,0.794156,0.205844,0,1.580638,0.677308,0.322692,0,1.131058,0.545704,0.454296,0,0.789007,0.413949,0.586051,0,0.534349,0.295234,0.704766,0,0.34989,0.197992,0.802008,0,0.220637,0.124978,0.875022,0,0.133506,0.074371,0.925629,0,0.077282,0.041801,0.958199,0,0.0427,0.022237,0.977763,0,0.022488
2508,2025/26,19,Legia Warszawa,Korona Kielce,8.0,3.0,11.0,4.7174,3.7192,8.4366,1,-3073.5106,0.7954,0.6549,0.0777,0.2457,0.1524,0.000217,0.001829,0.007715,0.021696,0.04576,0.077212,0.108568,0.13085,0.137991,0.129353,0.10913,0.083699,0.058844,0.038188,0.023013,0.012943,0.006825,0.003387,0.001587,0.000705,0.000297,0.000119,4.6e-05,1.7e-05,6e-06,2e-06,1e-06,0.968543,0.031457,1,0.031962,0.922783,0.077217,1,0.080361,0.845571,0.154429,1,0.167744,0.737002,0.262998,1,0.305164,0.606153,0.393847,1,0.500623,0.468162,0.531838,1,0.758941,0.338809,0.661191,1,1.082318,0.22968,0.77032,1,1.47107,0.145981,0.854019,0,0.157802,0.087137,0.912863,0,0.091169,0.048948,0.951052,0,0.050187,0.025936,0.974064,0,0.026278,0.012992,0.987008,0,0.013078
2509,2025/26,19,Motor Lublin,Pogoń Szczecin,7.0,4.0,11.0,4.9045,4.3615,9.266,1,-3073.5106,0.7954,0.6549,0.0777,0.2457,0.1524,9.5e-05,0.000876,0.00406,0.012541,0.029052,0.053839,0.083146,0.110062,0.12748,0.131249,0.121615,0.102445,0.079105,0.056384,0.037318,0.023053,0.01335,0.007277,0.003746,0.001827,0.000846,0.000373,0.000157,6.3e-05,2.4e-05,9e-06,5e-06,0.982427,0.017573,1,0.017729,0.953375,0.046625,1,0.047747,0.899536,0.100464,1,0.105876,0.81639,0.18361,1,0.202864,0.706327,0.293673,1,0.347677,0.578847,0.421153,1,0.546717,0.447598,0.552402,1,0.803859,0.325983,0.674017,1,1.12091,0.223538,0.776462,0,0.253008,0.144433,0.855567,0,0.155991,0.08805,0.91195,0,0.09217,0.050732,0.949268,0,0.052064,0.027679,0.972321,0,0.028069
2510,2025/26,19,Zagłębie Lubin,GKS Katowice,1.0,7.0,8.0,5.0744,3.8648,8.9392,1,-3073.5106,0.7954,0.6549,0.0777,0.2457,0.1524,0.000131,0.001172,0.00524,0.015614,0.034893,0.062383,0.092943,0.118691,0.132625,0.131728,0.117755,0.095694,0.071285,0.049018,0.031299,0.018652,0.010421,0.00548,0.002721,0.00128,0.000572,0.000244,9.9e-05,3.8e-05,1.4e-05,5e-06,3e-06,0.977843,0.022157,1,0.022406,0.94295,0.05705,1,0.058742,0.880566,0.119434,1,0.12719,0.787623,0.212377,1,0.238735,0.668933,0.331067,1,0.402072,0.536308,0.463692,0,0.768535,0.40458,0.59542,0,0.518488,0.286825,0.713175,0,0.338029,0.191132,0.808868,0,0.212119,0.119846,0.880154,0,0.127659,0.070829,0.929171,0,0.073462,0.03953,0.96047,0,0.040333,0.020878,0.979122,0,0.021099
2511,2025/26,19,Górnik Zabrze,Piast Gliwice,8.0,1.0,9.0,4.6477,3.5245,8.1722,1,-3073.5106,0.7954,0.6549,0.0777,0.2457,0.1524,0.000282,0.002308,0.00943,0.025688,0.052482,0.085778,0.116832,0.136396,0.139332,0.126516,0.103391,0.076812,0.05231,0.032883,0.019195,0.010458,0.005341,0.002568,0.001166,0.000501,0.000205,8e-05,3e-05,1.1e-05,4e-06,1e-06,1e-06,0.962292,0.037708,1,0.038438,0.90981,0.09019,1,0.09452,0.824031,0.175969,1,0.193547,0.707199,0.292801,1,0.346443,0.570803,0.429197,1,0.560712,0.431471,0.568529,1,0.840555,0.304955,0.695045,0,0.363779,0.201564,0.798436,0,0.2251,0.124752,0.875248,0,0.133248,0.072442,0.927558,0,0.0752,0.039559,0.960441,0,0.040363,0.020364,0.979636,0,0.020574,0.009906,0.990094,0,0.009956
2512,2025/26,19,Radomiak Radom,Arka Gdynia,5.0,8.0,13.0,5.4013,3.5673,8.9686,1,-3073.5106,0.7954,0.6549,0.0777,0.2457,0.1524,0.000127,0.001142,0.005122,0.015312,0.034331,0.061579,0.092046,0.117932,0.13221,0.131748,0.118159,0.096338,0.072001,0.049673,0.031821,0.019026,0.010665,0.005626,0.002803,0.001323,0.000593,0.000253,0.000103,4e-05,1.5e-05,5e-06,3e-06,0.978297,0.021703,1,0.021942,0.943967,0.056033,1,0.057664,0.882387,0.117613,1,0.125124,0.790341,0.209659,1,0.235291,0.672409,0.327591,1,0.396888,0.540199,0.459801,1,0.615818,0.408451,0.591549,1,0.895384,0.290291,0.709709,1,1.236871,0.193953,0.806047,1,1.64014,0.121951,0.878049,1,2.104132,0.072278,0.927722,0,0.075024,0.040457,0.959543,0,0.041298,0.021431,0.978569,0,0.021664
2513,2025/26,19,Lech Poznań,Lechia Gdańsk,5.0,8.0,13.0,5.2077,3.8896,9.0973,1,-3073.5106,0.7954,0.6549,0.0777,0.2457,0.1524,0.000112,0.001019,0.004633,0.01405,0.031954,0.058139,0.088152,0.114564,0.130278,0.131687,0.1198,0.099078,0.075112,0.052563,0.034156,0.020715,0.011778,0.006303,0.003186,0.001525,0.000694,0.000301,0.000124,4.9e-05,1.9e-05,7e-06,4e-06,0.980187,0.019813,1,0.020012,0.948233,0.051767,1,0.053155,0.890094,0.109906,1,0.116429,0.801942,0.198058,1,0.220719,0.687378,0.312622,1,0.37487,0.5571,0.4429,1,0.58501,0.425414,0.574586,1,0.854693,0.305614,0.694386,1,1.185433,0.206536,0.793464,1,1.577282,0.131423,0.868577,1,2.029331,0.07886,0.92114,0,0.082144,0.044704,0.955296,0,0.045734,0.023989,0.976011,0,0.024281
2514,2025/26,19,Widzew Łódź,Jagiellonia Białystok,3.0,3.0,6.0,5.0555,4.1775,9.233,1,-3073.5106,0.7954,0.6549,0.0777,0.2457,0.1524,9.8e-05,0.000903,0.004167,0.012824,0.029601,0.054662,0.084116,0.110949,0.12805,0.131365,0.12129,0.101807,0.078332,0.055634,0.036691,0.022585,0.013033,0.007078,0.003631,0.001764,0.000815,0.000358,0.00015,6e-05,2.3e-05,9e-06,5e-06,0.982009,0.017991,1,0.018155,0.952407,0.047593,1,0.048762,0.897746,0.102254,1,0.107869,0.81363,0.18637,0,1.680019,0.70268,0.29732,0,1.212947,0.57463,0.42537,0,0.854797,0.443265,0.556735,0,0.585666,0.321975,0.678025,0,0.388571,0.220168,0.779832,0,0.248677,0.141836,0.858164,0,0.15296,0.086201,0.913799,0,0.090145,0.04951,0.95049,0,0.050778,0.026926,0.973074,0,0.027295
2515,2025/26,20,Arka Gdynia,Legia Warszawa,2.0,7.0,9.0,4.4361,3.8283,8.2644,1,-3129.1978,0.799,0.6646,0.0859,0.2438,0.1431,0.000258,0.002128,0.008794,0.024227,0.050055,0.082735,0.113959,0.134544,0.138991,0.127631,0.10548,0.079248,0.054578,0.034697,0.020482,0.011285,0.005829,0.002834,0.001301,0.000566,0.000234,9.2e-05,3.5e-05,1.2e-05,4e-06,1e-06,1e-06,0.964593,0.035407,1,0.036049,0.914538,0.085462,1,0.089336,0.831803,0.168197,1,0.18416,0.717844,0.282156,1,0.331504,0.583299,0.416701,1,0.539055,0.444309,0.555691,1,0.811236,0.316678,0.683322,0,0.380788,0.211198,0.788802,0,0.23724,0.13195,0.86805,0,0.141506,0.077372,0.922628,0,0.080529,0.042675,0.957325,0,0.043613,0.022193,0.977807,0,0.022443,0.010909,0.989091,0,0.010969
2516,2025/26,20,Lechia Gdańsk,Cracovia,7.0,5.0,12.0,4.7028,3.6649,8.3677,1,-3129.1978,0.799,0.6646,0.0859,0.2438,0.1431,0.000232,0.001943,0.008131,0.022679,0.047442,0.079397,0.110728,0.132363,0.138447,0.12872,0.107709,0.081935,0.057134,0.036775,0.02198,0.012262,0.006413,0.003156,0.001467,0.000646,0.00027,0.000108,4.1e-05,1.5e-05,5e-06,2e-06,1e-06,0.967015,0.032985,1,0.033541,0.919573,0.080427,1,0.083846,0.840176,0.159824,1,0.174144,0.729448,0.270552,1,0.315467,0.597086,0.402914,1,0.515695,0.458639,0.541361,1,0.779492,0.329919,0.670081,1,1.108908,0.22221,0.77779,1,1.504134,0.140275,0.859725,1,1.964149,0.083142,0.916858,0,0.086802,0.046366,0.953634,0,0.047476,0.024386,0.975614,0,0.024688,0.012124,0.987876,0,0.012198
2517,2025/26,20,Górnik Zabrze,Lech Poznań,4.0,4.0,8.0,4.9635,3.7047,8.6682,1,-3129.1978,0.799,0.6646,0.0859,0.2438,0.1431,0.000172,0.001491,0.006461,0.018667,0.040453,0.07013,0.101318,0.125464,0.135944,0.130932,0.113495,0.089436,0.064605,0.043077,0.026672,0.015413,0.00835,0.004258,0.00205,0.000935,0.000405,0.000167,6.6e-05,2.5e-05,9e-06,3e-06,2e-06,0.97321,0.02679,1,0.027156,0.932757,0.067243,1,0.06961,0.862627,0.137373,1,0.147773,0.761309,0.238691,1,0.272716,0.635845,0.364155,1,0.4528,0.499902,0.500098,0,0.692951,0.36897,0.63103,0,0.460401,0.255475,0.744525,0,0.295008,0.166038,0.833962,0,0.181568,0.101434,0.898566,0,0.106955,0.058356,0.941644,0,0.060128,0.031684,0.968316,0,0.032197,0.016271,0.983729,0,0.016405
2518,2025/26,20,Pogoń Szczecin,Bruk-Bet Termalica Nieciecza,6.0,8.0,14.0,5.2469,4.1412,9.3881,1,-3129.1978,0.799,0.6646,0.0859,0.2438,0.1431,8.4e-05,0.000786,0.003689,0.011545,0.027096,0.050875,0.079604,0.106761,0.125285,0.130688,0.122691,0.104713,0.081921,0.05916,0.039672,0.024829,0.014569,0.008046,0.004196,0.002073,0.000973,0.000435,0.000186,7.6e-05,3e-05,1.1e-05,6e-06,0.983897,0.016103,1,0.016234,0.956801,0.043199,1,0.04416,0.905926,0.094074,1,0.098798,0.826322,0.173678,1,0.19077,0.719561,0.280439,1,0.329114,0.594276,0.405724,1,0.520412,0.463588,0.536412,1,0.76876,0.340896,0.659104,1,1.076177,0.236183,0.763817,1,1.443146,0.154262,0.845738,1,1.869101,0.095102,0.904898,1,2.352806,0.05543,0.94457,0,0.057026,0.030601,0.969399,0,0.031079
2519,2025/26,20,Korona Kielce,Zagłębie Lubin,5.0,3.0,8.0,4.6742,4.0365,8.7107,1,-3129.1978,0.799,0.6646,0.0859,0.2438,0.1431,0.000165,0.001436,0.006253,0.018155,0.039536,0.068878,0.099995,0.124432,0.135486,0.131131,0.114224,0.090452,0.065658,0.043994,0.027373,0.015896,0.008654,0.004434,0.002146,0.000984,0.000428,0.000178,7e-05,2.7e-05,1e-05,3e-06,2e-06,0.973991,0.026009,1,0.026353,0.934455,0.065545,1,0.067792,0.865578,0.134422,1,0.144358,0.765583,0.234417,1,0.267118,0.64115,0.35885,1,0.444491,0.505664,0.494336,0,0.70454,0.374533,0.625467,0,0.469257,0.260309,0.739691,0,0.301523,0.169857,0.830143,0,0.186157,0.104199,0.895801,0,0.110037,0.060205,0.939795,0,0.062093,0.032832,0.967168,0,0.033383,0.016936,0.983064,0,0.017081
2520,2025/26,20,GKS Katowice,Widzew Łódź,4.0,1.0,5.0,4.8018,4.0223,8.8241,1,-3129.1978,0.799,0.6646,0.0859,0.2438,0.1431,0.000147,0.001298,0.005729,0.01685,0.037172,0.065601,0.096479,0.12162,0.134148,0.131526,0.11606,0.093103,0.068462,0.046471,0.02929,0.017231,0.009503,0.004933,0.002418,0.001123,0.000495,0.000208,8.4e-05,3.2e-05,1.2e-05,4e-06,2e-06,0.975976,0.024024,1,0.024317,0.938804,0.061196,1,0.063148,0.873203,0.126797,0,2.065169,0.776724,0.223276,0,1.499349,0.655105,0.344895,0,1.064515,0.520957,0.479043,0,0.735964,0.38943,0.61057,0,0.493363,0.27337,0.72663,0,0.319338,0.180267,0.819733,0,0.198777,0.111805,0.888195,0,0.118564,0.065335,0.934665,0,0.067567,0.036044,0.963956,0,0.03671,0.018814,0.981186,0,0.018993
2521,2025/26,20,Raków Częstochowa,Radomiak Radom,5.0,1.0,6.0,4.8605,4.0916,8.9521,1,-3129.1978,0.799,0.6646,0.0859,0.2438,0.1431,0.000129,0.001159,0.005188,0.01548,0.034645,0.062029,0.092548,0.118357,0.132443,0.131739,0.117934,0.095978,0.071601,0.049306,0.031528,0.018816,0.010528,0.005544,0.002757,0.001299,0.000581,0.000248,0.000101,3.9e-05,1.5e-05,5e-06,3e-06,0.978044,0.021956,1,0.022201,0.943399,0.056601,1,0.058266,0.881371,0.118629,1,0.126277,0.788823,0.211177,0,1.555057,0.670465,0.329535,0,1.110074,0.538022,0.461978,0,0.772238,0.406283,0.593717,0,0.521353,0.288349,0.711651,0,0.340168,0.192371,0.807629,0,0.213652,0.12077,0.87923,0,0.128709,0.071464,0.928536,0,0.074146,0.039936,0.960064,0,0.040756,0.02112,0.97888,0,0.021346
2522,2025/26,20,Jagiellonia Białystok,Motor Lublin,11.0,5.0,16.0,5.1057,3.9937,9.0994,1,-3129.1978,0.799,0.6646,0.0859,0.2438,0.1431,0.000112,0.001017,0.004626,0.01403,0.031917,0.058085,0.088089,0.114509,0.130245,0.131684,0.119824,0.099121,0.075162,0.05261,0.034194,0.020743,0.011797,0.006314,0.003192,0.001529,0.000696,0.000301,0.000125,4.9e-05,1.9e-05,7e-06,4e-06,0.980216,0.019784,1,0.019983,0.948299,0.051701,1,0.053086,0.890214,0.109786,1,0.116293,0.802125,0.197875,1,0.220491,0.687616,0.312384,1,0.374525,0.557371,0.442629,1,0.584525,0.425687,0.574313,1,0.854052,0.305862,0.694138,1,1.18462,0.206741,0.793259,1,1.576288,0.131579,0.868421,1,2.028146,0.078969,0.921031,1,2.538695,0.044775,0.955225,1,3.106102,0.024032,0.975968,1,3.728369
2523,2025/26,20,Piast Gliwice,Wisła Płock,3.0,4.0,7.0,4.331,3.9562,8.2872,1,-3129.1978,0.799,0.6646,0.0859,0.2438,0.1431,0.000252,0.002086,0.008644,0.023877,0.049469,0.081992,0.113248,0.134072,0.138885,0.127886,0.105982,0.079845,0.055141,0.035151,0.020807,0.011496,0.005954,0.002903,0.001336,0.000583,0.000242,9.5e-05,3.6e-05,1.3e-05,4e-06,1e-06,1e-06,0.965141,0.034859,1,0.035481,0.915672,0.084328,1,0.088097,0.83368,0.16632,1,0.181906,0.720432,0.279568,1,0.327904,0.58636,0.41364,0,0.88276,0.447475,0.552525,0,0.593256,0.319589,0.680411,0,0.385058,0.213607,0.786393,0,0.240299,0.133763,0.866237,0,0.143597,0.078622,0.921378,0,0.081885,0.043471,0.956529,0,0.044444,0.022664,0.977336,0,0.022925,0.011168,0.988832,0,0.011231
2524,2025/26,21,Wisła Płock,Widzew Łódź,1.0,4.0,5.0,4.5872,4.1951,8.7822,1,-3176.947,0.7905,0.6566,0.0848,0.2484,0.1456,0.000153,0.001347,0.005917,0.017322,0.03803,0.066798,0.097773,0.122667,0.134662,0.131403,0.115402,0.092135,0.067429,0.045552,0.028575,0.01673,0.009183,0.004744,0.002315,0.00107,0.00047,0.000196,7.8e-05,3e-05,1.1e-05,4e-06,2e-06,0.975261,0.024739,1,0.025051,0.93723,0.06277,1,0.064826,0.870432,0.129568,0,2.043547,0.772658,0.227342,0,1.481301,0.649991,0.350009,0,1.049797,0.51533,0.48467,0,0.724286,0.383926,0.616074,0,0.484389,0.268525,0.731475,0,0.312692,0.17639,0.82361,0,0.194058,0.108961,0.891039,0,0.115367,0.063408,0.936592,0,0.065508,0.034833,0.965167,0,0.035454,0.018103,0.981897,0,0.018269
2525,2025/26,21,Bruk-Bet Termalica Nieciecza,Górnik Zabrze,3.0,3.0,6.0,4.5083,4.5347,9.043,1,-3176.947,0.7905,0.6566,0.0848,0.2484,0.1456,0.000118,0.001069,0.004834,0.01457,0.03294,0.059575,0.089789,0.115994,0.131116,0.131742,0.119134,0.097938,0.073804,0.051339,0.033161,0.019992,0.011299,0.00601,0.00302,0.001437,0.00065,0.00028,0.000115,4.5e-05,1.7e-05,6e-06,3e-06,0.979408,0.020592,1,0.020806,0.946468,0.053532,1,0.055018,0.886893,0.113107,1,0.120031,0.797104,0.202896,0,1.595062,0.68111,0.31889,0,1.142909,0.549994,0.450006,0,0.798493,0.418251,0.581749,0,0.541717,0.299117,0.700883,0,0.355415,0.201179,0.798821,0,0.224618,0.127375,0.872625,0,0.136249,0.076035,0.923965,0,0.079082,0.042874,0.957126,0,0.04382,0.022882,0.977118,0,0.023148
2526,2025/26,21,Motor Lublin,Lechia Gdańsk,3.0,9.0,12.0,4.8818,4.2603,9.1422,1,-3176.947,0.7905,0.6566,0.0848,0.2484,0.1456,0.000107,0.000979,0.004474,0.013633,0.031159,0.056973,0.086809,0.113375,0.129562,0.131609,0.12032,0.099999,0.076184,0.053576,0.034986,0.021323,0.012184,0.006552,0.003328,0.001601,0.000732,0.000319,0.000132,5.3e-05,2e-05,7e-06,4e-06,0.980807,0.019193,1,0.019379,0.949648,0.050352,1,0.051664,0.892675,0.107325,1,0.113532,0.805866,0.194134,1,0.215838,0.692491,0.307509,1,0.367461,0.562928,0.437072,1,0.574603,0.431319,0.568681,1,0.840908,0.310999,0.689001,1,1.167965,0.211001,0.788999,1,1.555894,0.134817,0.865183,0,0.144814,0.081241,0.918759,0,0.084731,0.046255,0.953745,0,0.047359,0.024932,0.975068,0,0.025248
2527,2025/26,21,Zagłębie Lubin,Raków Częstochowa,2.0,9.0,11.0,4.3117,4.314,8.6257,1,-3176.947,0.7905,0.6566,0.0848,0.2484,0.1456,0.000179,0.001548,0.006675,0.019192,0.041387,0.071399,0.102644,0.126483,0.136376,0.130705,0.112743,0.088408,0.063549,0.042166,0.025979,0.014939,0.008054,0.004087,0.001958,0.000889,0.000383,0.000157,6.2e-05,2.3e-05,8e-06,3e-06,1e-06,0.972406,0.027594,1,0.027982,0.931019,0.068981,1,0.071476,0.85962,0.14038,1,0.151265,0.756976,0.243024,1,0.278424,0.630492,0.369508,1,0.461254,0.494116,0.505884,1,0.704985,0.363411,0.636589,1,1.012221,0.250668,0.749332,1,1.383626,0.16226,0.83774,0,0.177047,0.098711,0.901289,0,0.103929,0.056545,0.943455,0,0.058207,0.030566,0.969434,0,0.031043,0.015626,0.984374,0,0.01575
2528,2025/26,21,Radomiak Radom,Korona Kielce,6.0,2.0,8.0,5.0076,3.8563,8.8639,1,-3176.947,0.7905,0.6566,0.0848,0.2484,0.1456,0.000141,0.001253,0.005555,0.016413,0.036371,0.064478,0.095253,0.120616,0.13364,0.131619,0.116665,0.094009,0.06944,0.047347,0.029977,0.017714,0.009813,0.005117,0.00252,0.001175,0.000521,0.00022,8.9e-05,3.4e-05,1.3e-05,4e-06,2e-06,0.976637,0.023363,1,0.02364,0.940266,0.059734,1,0.061593,0.875788,0.124212,1,0.132631,0.780535,0.219465,1,0.247776,0.659919,0.340081,1,0.415638,0.526279,0.473721,0,0.747136,0.39466,0.60534,0,0.501965,0.277995,0.722005,0,0.325724,0.183986,0.816014,0,0.203324,0.114546,0.885454,0,0.121655,0.067199,0.932801,0,0.069563,0.037222,0.962778,0,0.037933,0.019508,0.980492,0,0.019701
2529,2025/26,21,Pogoń Szczecin,Arka Gdynia,4.0,1.0,5.0,5.5611,4.1782,9.7393,1,-3176.947,0.7905,0.6566,0.0848,0.2484,0.1456,5.9e-05,0.000574,0.002795,0.009072,0.022089,0.043026,0.069841,0.097172,0.118298,0.128016,0.124678,0.110389,0.089592,0.06712,0.046693,0.030317,0.018454,0.010572,0.00572,0.002932,0.001428,0.000662,0.000293,0.000124,5e-05,2e-05,1.1e-05,0.987501,0.012499,1,0.012578,0.965411,0.034589,1,0.035201,0.922385,0.077615,0,2.555993,0.852544,0.147456,0,1.914223,0.755372,0.244628,0,1.408015,0.637073,0.362927,0,1.013555,0.509058,0.490942,0,0.711429,0.38438,0.61562,0,0.485125,0.273991,0.726009,0,0.320193,0.184399,0.815601,0,0.20383,0.117279,0.882721,0,0.124746,0.070585,0.929415,0,0.0732,0.040268,0.959732,0,0.041101
2530,2025/26,21,Cracovia,Jagiellonia Białystok,3.0,4.0,7.0,4.6909,4.0813,8.7722,1,-3176.947,0.7905,0.6566,0.0848,0.2484,0.1456,0.000155,0.00136,0.005963,0.017437,0.03824,0.067089,0.098086,0.122918,0.134782,0.13137,0.11524,0.0919,0.06718,0.045332,0.028404,0.016611,0.009107,0.004699,0.00229,0.001057,0.000464,0.000194,7.7e-05,2.9e-05,1.1e-05,4e-06,2e-06,0.975085,0.024915,1,0.02523,0.936846,0.063154,1,0.065236,0.869757,0.130243,1,0.139541,0.771672,0.228328,1,0.259196,0.648754,0.351246,0,1.046268,0.513972,0.486028,0,0.72149,0.382603,0.617397,0,0.482242,0.267363,0.732637,0,0.311105,0.175463,0.824537,0,0.192933,0.108282,0.891718,0,0.114606,0.06295,0.93705,0,0.065019,0.034546,0.965454,0,0.035157,0.017935,0.982065,0,0.018098
2531,2025/26,21,GKS Katowice,Legia Warszawa,2.0,4.0,6.0,4.5437,4.0276,8.5712,1,-3176.947,0.7905,0.6566,0.0848,0.2484,0.1456,0.000189,0.001624,0.00696,0.019885,0.042611,0.073045,0.104348,0.127771,0.136895,0.130373,0.111746,0.087073,0.062194,0.041006,0.025105,0.014345,0.007685,0.003875,0.001845,0.000832,0.000357,0.000146,5.7e-05,2.1e-05,8e-06,3e-06,1e-06,0.971341,0.028659,1,0.029078,0.92873,0.07127,1,0.073937,0.855685,0.144315,1,0.155853,0.751336,0.248664,0,1.391654,0.623565,0.376435,0,0.977011,0.486671,0.513329,0,0.666838,0.356298,0.643702,0,0.440519,0.244552,0.755448,0,0.280444,0.157479,0.842521,0,0.171356,0.095285,0.904715,0,0.100135,0.054279,0.945721,0,0.055808,0.029174,0.970826,0,0.029608,0.014829,0.985171,0,0.01494
2532,2025/26,21,Lech Poznań,Piast Gliwice,10.0,7.0,17.0,4.7709,3.9269,8.6978,1,-3176.947,0.7905,0.6566,0.0848,0.2484,0.1456,0.000167,0.001452,0.006315,0.018309,0.039812,0.069256,0.100396,0.124746,0.135628,0.131074,0.114005,0.090145,0.065339,0.043716,0.027159,0.015749,0.008561,0.00438,0.002117,0.000969,0.000421,0.000175,6.9e-05,2.6e-05,9e-06,3e-06,2e-06,0.973757,0.026243,1,0.026594,0.933945,0.066055,1,0.068338,0.864689,0.135311,1,0.145386,0.764293,0.235707,1,0.268804,0.639547,0.360453,1,0.446996,0.503919,0.496081,1,0.68534,0.372845,0.627155,1,0.986591,0.25884,0.74116,1,1.351545,0.168695,0.831305,1,1.779665,0.103356,0.896644,1,2.269578,0.05964,0.94036,1,2.819429,0.032481,0.967519,1,3.427113,0.016732,0.983268,1,4.090428
2533,2025/26,22,Arka Gdynia,GKS Katowice,6.0,5.0,11.0,4.5922,3.9069,8.4991,1,-3211.684,0.7664,0.6396,0.101,0.2466,0.1445,0.000204,0.001731,0.007355,0.020838,0.044275,0.07526,0.106608,0.129439,0.137515,0.129862,0.110371,0.085278,0.060399,0.039488,0.023972,0.013583,0.007215,0.003607,0.001703,0.000762,0.000324,0.000131,5.1e-05,1.9e-05,7e-06,2e-06,1e-06,0.969873,0.030127,1,0.03059,0.925598,0.074402,1,0.077316,0.850337,0.149663,1,0.162122,0.74373,0.25627,1,0.296078,0.614291,0.385709,1,0.487287,0.476776,0.523224,1,0.740709,0.346914,0.653086,1,1.058679,0.236542,0.763458,1,1.441628,0.151264,0.848736,0,0.164007,0.090865,0.909135,0,0.095261,0.051377,0.948623,0,0.052744,0.027405,0.972595,0,0.027787,0.013822,0.986178,0,0.013918
2534,2025/26,22,Legia Warszawa,Wisła Płock,4.0,4.0,8.0,4.7115,3.6267,8.3383,1,-3211.684,0.7664,0.6396,0.101,0.2466,0.1445,0.000239,0.001994,0.008315,0.023111,0.048176,0.080341,0.11165,0.132996,0.138619,0.128427,0.107086,0.081173,0.056404,0.036178,0.021547,0.011978,0.006242,0.003062,0.001418,0.000622,0.000259,0.000103,3.9e-05,1.4e-05,5e-06,2e-06,1e-06,0.966341,0.033659,1,0.034239,0.918165,0.081835,1,0.085379,0.837824,0.162176,1,0.176947,0.726174,0.273826,1,0.319966,0.593178,0.406822,1,0.522261,0.454559,0.545441,0,0.606161,0.326132,0.673868,0,0.394721,0.219047,0.780953,0,0.24724,0.137873,0.862127,0,0.148353,0.08147,0.91853,0,0.08498,0.045292,0.954708,0,0.04635,0.023745,0.976255,0,0.024031,0.011767,0.988233,0,0.011837
2535,2025/26,22,Lechia Gdańsk,Zagłębie Lubin,7.0,5.0,12.0,4.9916,3.7262,8.7178,1,-3211.684,0.7664,0.6396,0.101,0.2466,0.1445,0.000164,0.001427,0.006219,0.018071,0.039385,0.068669,0.099774,0.124258,0.135407,0.131162,0.114344,0.090621,0.065834,0.044148,0.027491,0.015978,0.008706,0.004464,0.002162,0.000992,0.000432,0.00018,7.1e-05,2.7e-05,1e-05,3e-06,2e-06,0.97412,0.02588,1,0.026221,0.934736,0.065264,1,0.067492,0.866066,0.133934,1,0.143794,0.766292,0.233708,1,0.266192,0.642034,0.357966,1,0.443114,0.506626,0.493374,1,0.679981,0.375465,0.624535,1,0.97959,0.261121,0.738879,1,1.342771,0.1705,0.8295,1,1.769018,0.104666,0.895334,0,0.110559,0.060518,0.939482,0,0.062426,0.033026,0.966974,0,0.033584,0.017049,0.982951,0,0.017196
2536,2025/26,22,Górnik Zabrze,Pogoń Szczecin,2.0,2.0,4.0,5.272,3.9242,9.1962,1,-3211.684,0.7664,0.6396,0.101,0.2466,0.1445,0.000101,0.000933,0.004289,0.013146,0.030224,0.055589,0.085202,0.111935,0.128672,0.131478,0.12091,0.101084,0.077466,0.0548,0.035997,0.022069,0.012684,0.006862,0.003506,0.001697,0.00078,0.000342,0.000143,5.7e-05,2.2e-05,8e-06,4e-06,0.981531,0.018469,1,0.018642,0.951307,0.048693,0,3.022224,0.895718,0.104282,0,2.260654,0.810515,0.189485,0,1.663447,0.698581,0.301419,0,1.199253,0.569909,0.430091,0,0.843757,0.43843,0.56157,0,0.57702,0.31752,0.68248,0,0.382022,0.216436,0.783564,0,0.243903,0.13897,0.86103,0,0.149626,0.08417,0.91583,0,0.087925,0.048174,0.951826,0,0.049373,0.026105,0.973895,0,0.026451
2537,2025/26,22,Korona Kielce,Lech Poznań,1.0,4.0,5.0,4.69,4.1652,8.8552,1,-3211.684,0.7664,0.6396,0.101,0.2466,0.1445,0.000143,0.001263,0.005592,0.016507,0.036543,0.06472,0.095519,0.120834,0.133752,0.131601,0.116535,0.093814,0.069228,0.047156,0.029827,0.017608,0.009745,0.005076,0.002497,0.001164,0.000515,0.000217,8.7e-05,3.4e-05,1.2e-05,4e-06,2e-06,0.976495,0.023505,1,0.023786,0.939952,0.060048,1,0.061927,0.875231,0.124769,0,2.081295,0.779713,0.220287,0,1.512823,0.658878,0.341122,0,1.075516,0.525126,0.474874,0,0.744706,0.393526,0.606474,0,0.500093,0.27699,0.72301,0,0.324332,0.183177,0.816823,0,0.202332,0.113948,0.886052,0,0.12098,0.066792,0.933208,0,0.069127,0.036964,0.963036,0,0.037665,0.019356,0.980644,0,0.019546
2538,2025/26,22,Raków Częstochowa,Bruk-Bet Termalica Nieciecza,4.0,5.0,9.0,5.1976,3.8471,9.0446,1,-3211.684,0.7664,0.6396,0.101,0.2466,0.1445,0.000118,0.001067,0.004827,0.014554,0.032909,0.05953,0.089739,0.11595,0.131091,0.131741,0.119155,0.097974,0.073845,0.051377,0.033192,0.020014,0.011314,0.006019,0.003025,0.00144,0.000651,0.00028,0.000115,4.5e-05,1.7e-05,6e-06,3e-06,0.979433,0.020567,1,0.020782,0.946524,0.053476,1,0.054959,0.886993,0.113007,1,0.119918,0.797255,0.202745,1,0.226581,0.681304,0.318696,1,0.383746,0.550213,0.449787,1,0.597449,0.418472,0.581528,0,0.542097,0.299317,0.700683,0,0.3557,0.201343,0.798657,0,0.224824,0.127498,0.872502,0,0.136391,0.076122,0.923878,0,0.079175,0.04293,0.95707,0,0.043878,0.022916,0.977084,0,0.023183
2539,2025/26,22,Jagiellonia Białystok,Radomiak Radom,3.0,2.0,5.0,5.2389,4.2022,9.4411,1,-3211.684,0.7664,0.6396,0.101,0.2466,0.1445,7.9e-05,0.00075,0.003538,0.011135,0.026282,0.049626,0.078087,0.105319,0.124291,0.130383,0.123097,0.105652,0.083123,0.060367,0.04071,0.025623,0.015119,0.008397,0.004404,0.002188,0.001033,0.000464,0.000199,8.2e-05,3.2e-05,1.2e-05,7e-06,0.984498,0.015502,1,0.015624,0.958216,0.041784,1,0.042682,0.90859,0.09141,0,2.392404,0.830503,0.169497,0,1.77492,0.725184,0.274816,0,1.291654,0.600893,0.399107,0,0.918525,0.470509,0.529491,0,0.63584,0.347413,0.652587,0,0.426811,0.241761,0.758239,0,0.276757,0.158638,0.841362,0,0.172733,0.098271,0.901729,0,0.103441,0.057561,0.942439,0,0.059284,0.031938,0.968062,0,0.032459
2540,2025/26,22,Piast Gliwice,Motor Lublin,4.0,6.0,10.0,4.8438,3.9912,8.835,1,-3211.684,0.7664,0.6396,0.101,0.2466,0.1445,0.000146,0.001286,0.005681,0.016729,0.036951,0.065292,0.096143,0.121346,0.134011,0.131554,0.116228,0.093352,0.06873,0.04671,0.029477,0.017362,0.009587,0.004983,0.002446,0.001137,0.000502,0.000211,8.5e-05,3.3e-05,1.2e-05,4e-06,2e-06,0.976159,0.023841,1,0.02413,0.939208,0.060792,1,0.062719,0.873916,0.126084,1,0.134771,0.777773,0.222227,1,0.251321,0.656427,0.343573,1,0.420943,0.522416,0.477584,1,0.64929,0.390862,0.609138,1,0.9394,0.274634,0.725366,0,0.32108,0.181282,0.818718,0,0.200016,0.112552,0.887448,0,0.119405,0.065842,0.934158,0,0.068109,0.036364,0.963636,0,0.037042,0.019002,0.980998,0,0.019185
2541,2025/26,22,Widzew Łódź,Cracovia,4.0,1.0,5.0,4.592,3.916,8.508,1,-3211.684,0.7664,0.6396,0.101,0.2466,0.1445,0.000202,0.001717,0.007306,0.020718,0.044068,0.074986,0.10633,0.129236,0.137443,0.129929,0.110544,0.0855,0.06062,0.039673,0.02411,0.013675,0.007272,0.003639,0.00172,0.00077,0.000328,0.000133,5.1e-05,1.9e-05,7e-06,2e-06,1e-06,0.970057,0.029943,1,0.030401,0.925989,0.074011,1,0.076893,0.851003,0.148997,0,1.903829,0.744673,0.255327,0,1.36521,0.615437,0.384563,0,0.955646,0.477994,0.522006,0,0.650076,0.348065,0.651935,0,0.42781,0.237521,0.762479,0,0.27118,0.15202,0.84798,0,0.164899,0.091401,0.908599,0,0.095851,0.051728,0.948272,0,0.053113,0.027618,0.972382,0,0.028006,0.013942,0.986058,0,0.01404
2542,2025/26,23,Arka Gdynia,Lechia Gdańsk,3.0,7.0,10.0,4.7411,4.3582,9.0993,1,-3233.9725,0.7775,0.6509,0.0954,0.2438,0.1447,0.000112,0.001017,0.004626,0.014032,0.031919,0.058088,0.088094,0.114513,0.130248,0.131684,0.119823,0.099118,0.075159,0.052607,0.034192,0.020741,0.011796,0.006314,0.003192,0.001528,0.000695,0.000301,0.000125,4.9e-05,1.9e-05,7e-06,4e-06,0.980214,0.019786,1,0.019985,0.948294,0.051706,1,0.05309,0.890206,0.109794,1,0.116302,0.802112,0.197888,1,0.220507,0.6876,0.3124,1,0.374549,0.557352,0.442648,1,0.584558,0.425668,0.574332,1,0.854095,0.305845,0.694155,0,0.36506,0.206727,0.793273,0,0.231588,0.131569,0.868431,0,0.141067,0.078962,0.921038,0,0.082254,0.04477,0.95523,0,0.045803,0.024029,0.975971,0,0.024322
2543,2025/26,23,Bruk-Bet Termalica Nieciecza,Radomiak Radom,3.0,4.0,7.0,4.555,4.4926,9.0476,1,-3233.9725,0.7775,0.6509,0.0954,0.2438,0.1447,0.000118,0.001065,0.004816,0.014526,0.032856,0.059453,0.08965,0.115874,0.131047,0.131739,0.119192,0.098036,0.073915,0.051443,0.033245,0.020052,0.011339,0.006035,0.003033,0.001444,0.000653,0.000282,0.000116,4.6e-05,1.7e-05,6e-06,3e-06,0.979475,0.020525,1,0.020738,0.94662,0.05338,1,0.054858,0.887167,0.112833,1,0.119722,0.797517,0.202483,1,0.226253,0.681643,0.318357,0,1.144581,0.550596,0.449404,0,0.799833,0.418857,0.581143,0,0.542758,0.299665,0.700335,0,0.356197,0.20163,0.79837,0,0.225183,0.127714,0.872286,0,0.136638,0.076272,0.923728,0,0.079337,0.043027,0.956973,0,0.04398,0.022974,0.977026,0,0.023242
2544,2025/26,23,Motor Lublin,Korona Kielce,4.0,5.0,9.0,4.759,3.9614,8.7205,1,-3233.9725,0.7775,0.6509,0.0954,0.2438,0.1447,0.000163,0.001423,0.006206,0.018039,0.039327,0.068591,0.099691,0.124193,0.135377,0.131173,0.114389,0.090684,0.065901,0.044207,0.027536,0.016008,0.008725,0.004476,0.002168,0.000995,0.000434,0.00018,7.1e-05,2.7e-05,1e-05,3e-06,2e-06,0.974169,0.025831,1,0.026171,0.934841,0.065159,1,0.067379,0.86625,0.13375,1,0.143581,0.76656,0.23344,1,0.265843,0.642367,0.357633,1,0.442595,0.50699,0.49301,1,0.679265,0.375817,0.624183,0,0.471311,0.261428,0.738572,0,0.303036,0.170744,0.829256,0,0.187226,0.104843,0.895157,0,0.110756,0.060636,0.939364,0,0.062552,0.0331,0.9669,0,0.03366,0.017092,0.982908,0,0.01724
2545,2025/26,23,Zagłębie Lubin,Wisła Płock,4.0,4.0,8.0,4.255,3.8685,8.1235,1,-3233.9725,0.7775,0.6509,0.0954,0.2438,0.1447,0.000296,0.002408,0.009783,0.02649,0.053798,0.087405,0.11834,0.137334,0.139455,0.125874,0.102254,0.075515,0.051121,0.031945,0.018536,0.010039,0.005097,0.002436,0.001099,0.00047,0.000191,7.4e-05,2.7e-05,1e-05,3e-06,1e-06,0.0,0.961023,0.038977,1,0.039757,0.907225,0.092775,1,0.097365,0.81982,0.18018,1,0.198671,0.70148,0.29852,1,0.354563,0.564146,0.435854,1,0.572443,0.424691,0.575309,0,0.552848,0.298817,0.701183,0,0.354986,0.196563,0.803437,0,0.218856,0.121048,0.878952,0,0.129025,0.069927,0.930073,0,0.072492,0.037982,0.962018,0,0.038722,0.019446,0.980554,0,0.019638,0.009408,0.990592,0,0.009452
2546,2025/26,23,Pogoń Szczecin,Widzew Łódź,3.0,1.0,4.0,4.8615,4.2312,9.0927,1,-3233.9725,0.7775,0.6509,0.0954,0.2438,0.1447,0.000112,0.001023,0.00465,0.014094,0.032037,0.058261,0.088291,0.114686,0.130351,0.131693,0.119745,0.098982,0.075001,0.052459,0.034071,0.020653,0.011737,0.006278,0.003171,0.001518,0.00069,0.000299,0.000123,4.9e-05,1.8e-05,7e-06,4e-06,0.980121,0.019879,1,0.020079,0.948084,0.051916,0,2.958132,0.889824,0.110176,0,2.205672,0.801533,0.198467,0,1.61713,0.686846,0.313154,0,1.161062,0.556496,0.443504,0,0.813048,0.424803,0.575197,0,0.553042,0.305058,0.694942,0,0.363927,0.206076,0.793924,0,0.230768,0.131075,0.868925,0,0.140499,0.078617,0.921383,0,0.081879,0.044546,0.955454,0,0.045569,0.023893,0.976107,0,0.024183
2547,2025/26,23,Cracovia,Piast Gliwice,4.0,5.0,9.0,4.6233,3.96,8.5833,1,-3233.9725,0.7775,0.6509,0.0954,0.2438,0.1447,0.000187,0.001607,0.006896,0.01973,0.042337,0.072678,0.10397,0.127487,0.136783,0.130451,0.11197,0.087371,0.062494,0.041262,0.025298,0.014476,0.007766,0.003921,0.00187,0.000845,0.000362,0.000148,5.8e-05,2.2e-05,8e-06,3e-06,1e-06,0.97158,0.02842,1,0.028831,0.929244,0.070756,1,0.073384,0.856566,0.143434,1,0.154824,0.752596,0.247404,1,0.284227,0.625109,0.374891,1,0.46983,0.488325,0.511675,1,0.716773,0.357875,0.642125,0,0.442972,0.245904,0.754096,0,0.282236,0.158533,0.841467,0,0.172609,0.096039,0.903961,0,0.100969,0.054777,0.945223,0,0.056334,0.029479,0.970521,0,0.029922,0.015003,0.984997,0,0.015116
2548,2025/26,23,GKS Katowice,Górnik Zabrze,6.0,5.0,11.0,4.4503,3.8165,8.2668,1,-3233.9725,0.7775,0.6509,0.0954,0.2438,0.1447,0.000257,0.002124,0.008778,0.024189,0.049993,0.082656,0.113884,0.134494,0.13898,0.127658,0.105533,0.079311,0.054638,0.034745,0.020516,0.011307,0.005842,0.002841,0.001305,0.000568,0.000235,9.2e-05,3.5e-05,1.2e-05,4e-06,1e-06,1e-06,0.964652,0.035348,1,0.035988,0.914659,0.085341,1,0.089204,0.832003,0.167997,1,0.183919,0.718119,0.281881,1,0.33112,0.583625,0.416375,1,0.538497,0.444645,0.555355,1,0.81048,0.316986,0.683014,1,1.148897,0.211453,0.788547,1,1.553752,0.132142,0.867858,0,0.141727,0.077504,0.922496,0,0.080672,0.042759,0.957241,0,0.0437,0.022243,0.977757,0,0.022494,0.010936,0.989064,0,0.010996
2549,2025/26,23,Lech Poznań,Raków Częstochowa,11.0,7.0,18.0,4.6183,4.4595,9.0777,1,-3233.9725,0.7775,0.6509,0.0954,0.2438,0.1447,0.000114,0.001037,0.004705,0.014236,0.032307,0.058654,0.088741,0.115081,0.130584,0.131712,0.119564,0.09867,0.074641,0.052121,0.033796,0.020452,0.011604,0.006196,0.003125,0.001493,0.000678,0.000293,0.000121,4.8e-05,1.8e-05,7e-06,3e-06,0.979909,0.020091,1,0.020296,0.947602,0.052398,1,0.05382,0.888948,0.111052,1,0.117717,0.800207,0.199793,1,0.222885,0.685125,0.314875,1,0.378153,0.554541,0.445459,1,0.589614,0.42283,0.57717,1,0.860786,0.303265,0.696735,1,1.193147,0.204596,0.795404,1,1.58672,0.129954,0.870046,1,2.040573,0.077833,0.922167,1,2.553186,0.044038,0.955962,1,3.122711,0.023585,0.976415,1,3.747138
2550,2025/26,23,Jagiellonia Białystok,Legia Warszawa,5.0,1.0,6.0,4.7141,4.0087,8.7227,1,-3233.9725,0.7775,0.6509,0.0954,0.2438,0.1447,0.000163,0.00142,0.006195,0.018013,0.03928,0.068526,0.099621,0.124138,0.135353,0.131182,0.114426,0.090737,0.065956,0.044255,0.027573,0.016034,0.008741,0.004485,0.002173,0.000998,0.000435,0.000181,7.2e-05,2.7e-05,1e-05,3e-06,2e-06,0.974209,0.025791,1,0.02613,0.934929,0.065071,1,0.067285,0.866403,0.133597,1,0.143405,0.766782,0.233218,0,1.455781,0.642644,0.357356,0,1.029022,0.507291,0.492709,0,0.707837,0.376109,0.623891,0,0.47178,0.261683,0.738317,0,0.303381,0.170946,0.829054,0,0.18747,0.10499,0.89501,0,0.11092,0.060735,0.939265,0,0.062657,0.033162,0.966838,0,0.033724,0.017128,0.982872,0,0.017276
2551,2025/26,24,Wisła Płock,Arka Gdynia,1.0,5.0,6.0,4.7841,4.0714,8.8555,1,-3276.4075,0.7746,0.6487,0.1045,0.2364,0.1449,0.000143,0.001263,0.005591,0.016504,0.036538,0.064712,0.09551,0.120827,0.133748,0.131601,0.11654,0.09382,0.069235,0.047163,0.029832,0.017612,0.009748,0.005078,0.002498,0.001164,0.000516,0.000217,8.8e-05,3.4e-05,1.2e-05,4e-06,2e-06,0.9765,0.0235,1,0.023781,0.939962,0.060038,1,0.061916,0.87525,0.12475,1,0.133246,0.779739,0.220261,0,1.512944,0.658912,0.341088,0,1.075615,0.525164,0.474836,0,0.744785,0.393563,0.606437,0,0.500154,0.277023,0.722977,0,0.324378,0.183203,0.816797,0,0.202365,0.113968,0.886032,0,0.121002,0.066805,0.933195,0,0.069141,0.036973,0.963027,0,0.037674,0.019361,0.980639,0,0.019551
2552,2025/26,24,Legia Warszawa,Cracovia,4.0,3.0,7.0,4.8485,3.7801,8.6286,1,-3276.4075,0.7746,0.6487,0.1045,0.2364,0.1449,0.000179,0.001544,0.00666,0.019157,0.041324,0.071313,0.102555,0.126415,0.136348,0.130721,0.112794,0.088477,0.063619,0.042227,0.026025,0.014971,0.008074,0.004098,0.001964,0.000892,0.000385,0.000158,6.2e-05,2.3e-05,8e-06,3e-06,1e-06,0.97246,0.02754,1,0.027926,0.931136,0.068864,1,0.07135,0.859823,0.140177,1,0.151029,0.757267,0.242733,1,0.278039,0.630852,0.369148,0,0.996557,0.494504,0.505496,0,0.682214,0.363782,0.636218,0,0.452215,0.250988,0.749012,0,0.289001,0.162511,0.837489,0,0.177347,0.098892,0.901108,0,0.10413,0.056665,0.943335,0,0.058334,0.03064,0.96936,0,0.031119,0.015669,0.984331,0,0.015793
2553,2025/26,24,Lechia Gdańsk,Jagiellonia Białystok,7.0,2.0,9.0,5.1798,4.0974,9.2771,1,-3276.4075,0.7746,0.6487,0.1045,0.2364,0.1449,9.4e-05,0.000868,0.004025,0.012447,0.028869,0.053565,0.082821,0.109763,0.127286,0.131206,0.121722,0.102657,0.079364,0.056636,0.03753,0.023211,0.013459,0.007344,0.003785,0.001848,0.000857,0.000379,0.00016,6.4e-05,2.5e-05,9e-06,5e-06,0.982566,0.017434,1,0.017588,0.953697,0.046303,1,0.047409,0.900132,0.099868,1,0.105213,0.817311,0.182689,1,0.201735,0.707548,0.292452,1,0.34595,0.580262,0.419738,1,0.544276,0.449056,0.550944,0,0.596122,0.327334,0.672666,0,0.396507,0.224677,0.775323,0,0.254476,0.145313,0.854687,0,0.157021,0.088677,0.911323,0,0.092858,0.051147,0.948853,0,0.052502,0.027936,0.972064,0,0.028334
2554,2025/26,24,Motor Lublin,Górnik Zabrze,0.0,2.0,2.0,4.6146,4.0295,8.6442,1,-3276.4075,0.7746,0.6487,0.1045,0.2364,0.1449,0.000176,0.001523,0.006581,0.018963,0.04098,0.070847,0.102069,0.126043,0.136192,0.130807,0.113072,0.088856,0.064007,0.04256,0.026279,0.015144,0.008182,0.00416,0.001998,0.000909,0.000393,0.000162,6.4e-05,2.4e-05,9e-06,3e-06,1e-06,0.972757,0.027243,0,3.602963,0.931778,0.068222,0,2.684982,0.860931,0.139069,0,1.972783,0.758862,0.241138,0,1.422386,0.632819,0.367181,0,1.001901,0.496628,0.503372,0,0.686425,0.365821,0.634179,0,0.455423,0.252749,0.747251,0,0.291354,0.163893,0.836107,0,0.178999,0.099886,0.900114,0,0.105234,0.057326,0.942674,0,0.059035,0.031047,0.968953,0,0.031539,0.015903,0.984097,0,0.016031
2555,2025/26,24,Radomiak Radom,GKS Katowice,2.0,2.0,4.0,4.8672,3.911,8.7781,1,-3276.4075,0.7746,0.6487,0.1045,0.2364,0.1449,0.000154,0.001352,0.005936,0.017369,0.038116,0.066917,0.097901,0.12277,0.134711,0.13139,0.115336,0.092039,0.067328,0.045462,0.028505,0.016682,0.009152,0.004726,0.002305,0.001065,0.000467,0.000195,7.8e-05,3e-05,1.1e-05,4e-06,2e-06,0.975189,0.024811,1,0.025124,0.937073,0.062927,0,2.765786,0.870156,0.129844,0,2.041425,0.772255,0.227745,0,1.479531,0.649486,0.350514,0,1.048354,0.514775,0.485225,0,0.723143,0.383385,0.616615,0,0.483511,0.26805,0.73195,0,0.312043,0.176011,0.823989,0,0.193598,0.108683,0.891317,0,0.115055,0.063221,0.936779,0,0.065308,0.034716,0.965284,0,0.035333,0.018034,0.981966,0,0.018199
2556,2025/26,24,Korona Kielce,Bruk-Bet Termalica Nieciecza,4.0,2.0,6.0,4.7865,4.0638,8.8502,1,-3276.4075,0.7746,0.6487,0.1045,0.2364,0.1449,0.000143,0.001269,0.005614,0.016562,0.036644,0.064861,0.095673,0.120961,0.133817,0.13159,0.11646,0.0937,0.069105,0.047046,0.029741,0.017547,0.009706,0.005053,0.002484,0.001157,0.000512,0.000216,8.7e-05,3.3e-05,1.2e-05,4e-06,2e-06,0.976412,0.023588,1,0.02387,0.939768,0.060232,1,0.062122,0.874907,0.125093,1,0.133638,0.779234,0.220766,0,1.510652,0.658273,0.341727,0,1.073743,0.524456,0.475544,0,0.743296,0.392867,0.607133,0,0.499007,0.276407,0.723593,0,0.323526,0.182707,0.817293,0,0.201758,0.113602,0.886398,0,0.120589,0.066556,0.933444,0,0.068874,0.036815,0.963185,0,0.03751,0.019268,0.980732,0,0.019456
2557,2025/26,24,Raków Częstochowa,Pogoń Szczecin,6.0,1.0,7.0,5.1442,3.906,9.0502,1,-3276.4075,0.7746,0.6487,0.1045,0.2364,0.1449,0.000117,0.001062,0.004807,0.0145,0.032807,0.059383,0.089571,0.115804,0.131007,0.131737,0.119225,0.098092,0.073979,0.051502,0.033293,0.020087,0.011362,0.006049,0.003041,0.001449,0.000656,0.000283,0.000116,4.6e-05,1.7e-05,6e-06,3e-06,0.979514,0.020486,1,0.020699,0.946706,0.053294,1,0.054766,0.887324,0.112676,1,0.119545,0.797753,0.202247,1,0.225956,0.681949,0.318051,0,1.145543,0.550942,0.449058,0,0.800604,0.419205,0.580795,0,0.543357,0.29998,0.70002,0,0.356647,0.201889,0.798111,0,0.225507,0.12791,0.87209,0,0.136862,0.076408,0.923592,0,0.079484,0.043115,0.956885,0,0.044072,0.023027,0.976973,0,0.023297
2558,2025/26,24,Piast Gliwice,Zagłębie Lubin,3.0,5.0,8.0,4.7353,4.1987,8.9339,1,-3276.4075,0.7746,0.6487,0.1045,0.2364,0.1449,0.000132,0.001178,0.005261,0.015668,0.034995,0.062528,0.093104,0.118826,0.132698,0.131724,0.117681,0.095577,0.071157,0.048901,0.031205,0.018586,0.010378,0.005454,0.002707,0.001273,0.000569,0.000242,9.8e-05,3.8e-05,1.4e-05,5e-06,3e-06,0.977761,0.022239,1,0.02249,0.942766,0.057234,1,0.058937,0.880238,0.119762,1,0.127563,0.787134,0.212866,1,0.239357,0.668308,0.331692,1,0.403006,0.53561,0.46439,0,0.767031,0.403887,0.596113,0,0.517325,0.286206,0.713794,0,0.337161,0.190629,0.809371,0,0.211497,0.119472,0.880528,0,0.127233,0.070571,0.929429,0,0.073185,0.039366,0.960634,0,0.040161,0.02078,0.97922,0,0.020999
2559,2025/26,24,Widzew Łódź,Lech Poznań,4.0,6.0,10.0,4.4539,4.2514,8.7053,1,-3276.4075,0.7746,0.6487,0.1045,0.2364,0.1449,0.000166,0.001443,0.006279,0.01822,0.039652,0.069036,0.100163,0.124564,0.135546,0.131107,0.114133,0.090323,0.065524,0.043877,0.027283,0.015834,0.008615,0.004411,0.002134,0.000978,0.000425,0.000176,7e-05,2.6e-05,1e-05,3e-06,2e-06,0.973893,0.026107,1,0.026454,0.934241,0.065759,1,0.06802,0.865205,0.134795,1,0.144788,0.765042,0.234958,1,0.267824,0.640478,0.359522,1,0.44554,0.504932,0.495068,1,0.683331,0.373825,0.626175,1,0.983967,0.259692,0.740308,0,0.30069,0.169369,0.830631,0,0.18557,0.103845,0.896155,0,0.109642,0.059967,0.940033,0,0.061841,0.032684,0.967316,0,0.03323,0.01685,0.98315,0,0.016994
2560,2025/26,25,Arka Gdynia,Widzew Łódź,1.0,1.0,2.0,4.4248,4.0143,8.4391,1,-3285.4003,0.7716,0.6433,0.0925,0.2346,0.1594,0.000216,0.001825,0.0077,0.021661,0.045701,0.077134,0.10849,0.130794,0.137973,0.129374,0.10918,0.083762,0.058906,0.038239,0.02305,0.012968,0.00684,0.003396,0.001592,0.000707,0.000298,0.00012,4.6e-05,1.7e-05,6e-06,2e-06,1e-06,0.968597,0.031403,0,3.460854,0.922896,0.077104,0,2.562606,0.845762,0.154238,0,1.86926,0.737272,0.262728,0,1.336635,0.606478,0.393522,0,0.932617,0.468504,0.531496,0,0.63206,0.33913,0.66087,0,0.414199,0.229951,0.770049,0,0.2613,0.146189,0.853811,0,0.158045,0.087283,0.912717,0,0.091329,0.049043,0.950957,0,0.050287,0.025993,0.974007,0,0.026337,0.013025,0.986975,0,0.01311
2561,2025/26,25,Bruk-Bet Termalica Nieciecza,Motor Lublin,7.0,5.0,12.0,4.5253,4.1213,8.6466,1,-3285.4003,0.7716,0.6433,0.0925,0.2346,0.1594,0.000176,0.001519,0.006569,0.018933,0.040926,0.070774,0.101993,0.125984,0.136167,0.13082,0.113115,0.088915,0.064067,0.042613,0.026318,0.015171,0.008199,0.00417,0.002003,0.000912,0.000394,0.000162,6.4e-05,2.4e-05,9e-06,3e-06,1e-06,0.972803,0.027197,1,0.027573,0.931877,0.068123,1,0.070554,0.861103,0.138897,1,0.149541,0.759111,0.240889,1,0.275608,0.633127,0.366873,1,0.457085,0.49696,0.50304,1,0.699247,0.366139,0.633861,1,1.004741,0.253024,0.746976,1,1.374269,0.16411,0.83589,1,1.807219,0.100042,0.899958,0,0.105408,0.05743,0.94257,0,0.059145,0.031111,0.968889,0,0.031606,0.01594,0.98406,0,0.016069
2562,2025/26,25,Zagłębie Lubin,Lech Poznań,1.0,4.0,5.0,4.5124,4.3348,8.8472,1,-3285.4003,0.7716,0.6433,0.0925,0.2346,0.1594,0.000144,0.001272,0.005627,0.016595,0.036705,0.064947,0.095767,0.121038,0.133856,0.131583,0.116414,0.09363,0.06903,0.046979,0.029688,0.01751,0.009682,0.005039,0.002477,0.001153,0.00051,0.000215,8.6e-05,3.3e-05,1.2e-05,4e-06,2e-06,0.976362,0.023638,1,0.023922,0.939657,0.060343,1,0.062241,0.874709,0.125291,0,2.07712,0.778943,0.221057,0,1.509333,0.657905,0.342095,0,1.072666,0.524049,0.475951,0,0.742441,0.392466,0.607534,0,0.498348,0.276052,0.723948,0,0.323036,0.182422,0.817578,0,0.201409,0.113392,0.886608,0,0.120352,0.066413,0.933587,0,0.068721,0.036725,0.963275,0,0.037416,0.019215,0.980785,0,0.019402
2563,2025/26,25,Górnik Zabrze,Raków Częstochowa,6.0,3.0,9.0,4.6311,4.0331,8.6642,1,-3285.4003,0.7716,0.6433,0.0925,0.2346,0.1594,0.000173,0.001496,0.006481,0.018717,0.040541,0.070251,0.101444,0.125562,0.135986,0.130912,0.113424,0.089339,0.064504,0.04299,0.026605,0.015367,0.008322,0.004241,0.002041,0.000931,0.000403,0.000166,6.6e-05,2.5e-05,9e-06,3e-06,2e-06,0.973134,0.026866,1,0.027234,0.932593,0.067407,1,0.069787,0.862342,0.137658,1,0.148104,0.760897,0.239103,1,0.273257,0.635336,0.364664,1,0.453602,0.49935,0.50065,1,0.694449,0.368438,0.631562,0,0.459559,0.255014,0.744986,0,0.29439,0.165675,0.834325,0,0.181133,0.101171,0.898829,0,0.106663,0.058181,0.941819,0,0.059943,0.031576,0.968424,0,0.032085,0.016209,0.983791,0,0.016341
2564,2025/26,25,Radomiak Radom,Legia Warszawa,1.0,6.0,7.0,4.5393,3.9476,8.4869,1,-3285.4003,0.7716,0.6433,0.0925,0.2346,0.1594,0.000206,0.00175,0.007424,0.021003,0.044563,0.07564,0.106991,0.129718,0.137613,0.129767,0.110132,0.084971,0.060095,0.039232,0.023783,0.013456,0.007138,0.003563,0.00168,0.00075,0.000318,0.000129,5e-05,1.8e-05,6e-06,2e-06,1e-06,0.969617,0.030383,1,0.030854,0.925054,0.074946,1,0.077903,0.849414,0.150586,1,0.163208,0.742423,0.257577,1,0.297836,0.612705,0.387295,0,0.948569,0.475092,0.524908,0,0.644533,0.345325,0.654675,0,0.423617,0.235193,0.764807,0,0.268132,0.150222,0.849778,0,0.16278,0.090127,0.909873,0,0.094451,0.050895,0.949105,0,0.052236,0.027112,0.972888,0,0.027487,0.013656,0.986344,0,0.01375
2565,2025/26,25,Pogoń Szczecin,Korona Kielce,7.0,4.0,11.0,4.6925,3.8338,8.5263,1,-3285.4003,0.7716,0.6433,0.0925,0.2346,0.1594,0.000198,0.00169,0.007204,0.020474,0.043642,0.074421,0.105756,0.128815,0.13729,0.130064,0.110897,0.085958,0.061076,0.040058,0.024396,0.013867,0.00739,0.003706,0.001756,0.000788,0.000336,0.000136,5.3e-05,2e-05,7e-06,2e-06,1e-06,0.970434,0.029566,1,0.030011,0.926793,0.073207,1,0.076025,0.852372,0.147628,1,0.159732,0.746616,0.253384,1,0.292204,0.617801,0.382199,1,0.481589,0.480511,0.519489,1,0.732905,0.350447,0.649553,1,1.048546,0.23955,0.76045,1,1.428993,0.153592,0.846408,0,0.166753,0.092516,0.907484,0,0.097079,0.052458,0.947542,0,0.053884,0.028062,0.971938,0,0.028463,0.014195,0.985805,0,0.014296
2566,2025/26,25,Cracovia,Wisła Płock,7.0,2.0,9.0,4.2872,3.6963,7.9835,1,-3285.4003,0.7716,0.6433,0.0925,0.2346,0.1594,0.000341,0.002723,0.010869,0.028924,0.057727,0.092173,0.122643,0.139873,0.139584,0.123818,0.09885,0.071742,0.047729,0.029311,0.016714,0.008896,0.004439,0.002085,0.000925,0.000388,0.000155,5.9e-05,2.1e-05,7e-06,2e-06,1e-06,0.0,0.957144,0.042856,1,0.043802,0.899416,0.100584,1,0.106009,0.807243,0.192757,1,0.21413,0.6846,0.3154,1,0.37892,0.544727,0.455273,1,0.60747,0.405143,0.594857,1,0.903515,0.281325,0.718675,0,0.330346,0.182475,0.817525,0,0.201474,0.110733,0.889267,0,0.117358,0.063004,0.936996,0,0.065076,0.033693,0.966307,0,0.034274,0.016979,0.983021,0,0.017124,0.008083,0.991917,0,0.008116
2567,2025/26,25,GKS Katowice,Lechia Gdańsk,7.0,1.0,8.0,4.6643,4.4633,9.1276,1,-3285.4003,0.7716,0.6433,0.0925,0.2346,0.1594,0.000109,0.000992,0.004525,0.013768,0.031416,0.057351,0.087246,0.113763,0.129798,0.131638,0.120153,0.099701,0.075835,0.053246,0.034715,0.021124,0.012051,0.00647,0.003281,0.001576,0.000719,0.000313,0.00013,5.1e-05,2e-05,7e-06,4e-06,0.980607,0.019393,1,0.019583,0.949191,0.050809,1,0.052145,0.89184,0.10816,1,0.114469,0.804594,0.195406,1,0.217418,0.690831,0.309169,1,0.369861,0.561033,0.438967,0,0.82333,0.429395,0.570605,0,0.561058,0.309242,0.690758,0,0.369965,0.209541,0.790459,0,0.235142,0.133706,0.866294,0,0.143531,0.08046,0.91954,0,0.083882,0.045746,0.954254,0,0.046825,0.024622,0.975378,0,0.02493
2568,2025/26,25,Jagiellonia Białystok,Piast Gliwice,5.0,7.0,12.0,5.1352,3.7595,8.8947,1,-3285.4003,0.7716,0.6433,0.0925,0.2346,0.1594,0.000137,0.00122,0.005424,0.016081,0.03576,0.063614,0.094305,0.119831,0.133233,0.131674,0.11712,0.094704,0.070197,0.04803,0.030515,0.018095,0.010059,0.005263,0.002601,0.001218,0.000541,0.000229,9.3e-05,3.6e-05,1.3e-05,5e-06,2e-06,0.977138,0.022862,1,0.023127,0.941379,0.058621,1,0.06041,0.877764,0.122236,1,0.130377,0.783459,0.216541,1,0.244036,0.663629,0.336371,1,0.410033,0.530396,0.469604,1,0.634131,0.398722,0.601278,1,0.919491,0.281602,0.718398,1,1.267261,0.186898,0.813102,1,1.677195,0.1167,0.8833,0,0.124091,0.06867,0.93133,0,0.071142,0.038155,0.961845,0,0.038902,0.020061,0.979939,0,0.020265
2569,2025/26,26,Jagiellonia Białystok,Wisła Płock,8.0,3.0,11.0,4.7328,3.6329,8.3657,1,-3317.5512,0.777,0.6479,0.0916,0.2369,0.1545,0.000233,0.001947,0.008143,0.022708,0.047492,0.079461,0.110791,0.132406,0.138459,0.128701,0.107667,0.081883,0.057084,0.036734,0.021951,0.012242,0.006401,0.00315,0.001464,0.000645,0.00027,0.000107,4.1e-05,1.5e-05,5e-06,2e-06,1e-06,0.966969,0.033031,1,0.033589,0.919477,0.080523,1,0.08395,0.840017,0.159983,1,0.174334,0.729226,0.270774,1,0.315772,0.59682,0.40318,1,0.51614,0.458361,0.541639,1,0.780098,0.329661,0.670339,1,1.109692,0.221994,0.778006,1,1.505107,0.140111,0.859889,0,0.150952,0.083027,0.916973,0,0.086677,0.046293,0.953707,0,0.047398,0.024342,0.975658,0,0.024643,0.0121,0.9879,0,0.012174
2570,2025/26,26,Legia Warszawa,Raków Częstochowa,2.0,4.0,6.0,4.9274,4.261,9.1884,1,-3317.5512,0.777,0.6479,0.0916,0.2369,0.1545,0.000102,0.000939,0.004315,0.013215,0.030357,0.055788,0.085434,0.112143,0.128803,0.1315,0.120828,0.100929,0.077282,0.054623,0.03585,0.02196,0.012611,0.006816,0.00348,0.001683,0.000773,0.000338,0.000141,5.6e-05,2.2e-05,8e-06,4e-06,0.981428,0.018572,1,0.018746,0.951071,0.048929,1,0.050167,0.895283,0.104717,1,0.110615,0.80985,0.19015,0,1.65994,0.697707,0.302293,0,1.196357,0.568904,0.431096,0,0.841425,0.437404,0.562596,0,0.575194,0.316577,0.683423,0,0.380641,0.215648,0.784352,0,0.242897,0.138366,0.861634,0,0.148925,0.083743,0.916257,0,0.087459,0.047893,0.952107,0,0.049078,0.025933,0.974067,0,0.026275
2571,2025/26,26,Lechia Gdańsk,Pogoń Szczecin,7.0,7.0,14.0,5.4421,3.8641,9.3063,1,-3317.5512,0.777,0.6479,0.0916,0.2369,0.1545,9.1e-05,0.000846,0.003934,0.012204,0.028394,0.052849,0.081971,0.108978,0.126772,0.131086,0.121992,0.103208,0.08004,0.057298,0.038088,0.02363,0.013744,0.007524,0.00389,0.001905,0.000887,0.000393,0.000166,6.7e-05,2.6e-05,1e-05,5e-06,0.982925,0.017075,1,0.017223,0.954531,0.045469,1,0.046536,0.901682,0.098318,1,0.103494,0.81971,0.18029,1,0.198804,0.710732,0.289268,1,0.341459,0.58396,0.41604,1,0.537922,0.452874,0.547126,1,0.792141,0.330882,0.669118,1,1.105992,0.227674,0.772326,1,1.47984,0.147634,0.852366,1,1.913019,0.090336,0.909664,1,2.404219,0.052248,0.947752,0,0.053663,0.028618,0.971382,0,0.029035
2572,2025/26,26,Motor Lublin,Zagłębie Lubin,1.0,1.0,2.0,4.6759,3.9676,8.6435,1,-3317.5512,0.777,0.6479,0.0916,0.2369,0.1545,0.000176,0.001524,0.006584,0.018971,0.040994,0.070866,0.102089,0.126058,0.136198,0.130804,0.11306,0.08884,0.063991,0.042547,0.026268,0.015137,0.008177,0.004158,0.001996,0.000908,0.000393,0.000162,6.3e-05,2.4e-05,9e-06,3e-06,1e-06,0.972745,0.027255,0,3.602513,0.931751,0.068249,0,2.684593,0.860885,0.139115,0,1.972453,0.758796,0.241204,0,1.422112,0.632738,0.367262,0,1.001679,0.496539,0.503461,0,0.68625,0.365736,0.634264,0,0.45529,0.252676,0.747324,0,0.291256,0.163836,0.836164,0,0.17893,0.099845,0.900155,0,0.105188,0.057298,0.942702,0,0.059005,0.03103,0.96897,0,0.031522,0.015894,0.984106,0,0.016021
2573,2025/26,26,Korona Kielce,Arka Gdynia,4.0,5.0,9.0,4.7473,3.763,8.5103,1,-3317.5512,0.777,0.6479,0.0916,0.2369,0.1545,0.000201,0.001714,0.007292,0.020687,0.044013,0.074913,0.106256,0.129182,0.137423,0.129947,0.110589,0.085559,0.060678,0.039723,0.024147,0.0137,0.007287,0.003648,0.001725,0.000773,0.000329,0.000133,5.2e-05,1.9e-05,7e-06,2e-06,1e-06,0.970106,0.029894,1,0.03035,0.926093,0.073907,1,0.076781,0.85118,0.14882,1,0.161132,0.744923,0.255077,1,0.294474,0.615741,0.384259,1,0.484929,0.478317,0.521683,1,0.737481,0.348371,0.651629,0,0.428279,0.237781,0.762219,0,0.271522,0.152222,0.847778,0,0.165136,0.091544,0.908456,0,0.096008,0.051821,0.948179,0,0.053212,0.027674,0.972326,0,0.028065,0.013975,0.986025,0,0.014073
2574,2025/26,26,Cracovia,GKS Katowice,2.0,4.0,6.0,4.6883,3.8792,8.5675,1,-3317.5512,0.777,0.6479,0.0916,0.2369,0.1545,0.00019,0.001629,0.00698,0.019934,0.042697,0.073161,0.104467,0.12786,0.136929,0.130348,0.111675,0.08698,0.0621,0.040926,0.025045,0.014305,0.00766,0.00386,0.001837,0.000829,0.000355,0.000145,5.6e-05,2.1e-05,7e-06,3e-06,1e-06,0.971266,0.028734,1,0.029155,0.928569,0.071431,1,0.074111,0.855408,0.144592,1,0.156177,0.750941,0.249059,0,1.390066,0.623082,0.376918,0,0.975727,0.486153,0.513847,0,0.665829,0.355804,0.644196,0,0.439753,0.244129,0.755871,0,0.279885,0.157149,0.842851,0,0.170966,0.09505,0.90495,0,0.099876,0.054124,0.945876,0,0.055644,0.029079,0.970921,0,0.02951,0.014774,0.985226,0,0.014885
2575,2025/26,26,Lech Poznań,Bruk-Bet Termalica Nieciecza,9.0,5.0,14.0,5.4392,4.229,9.6682,1,-3317.5512,0.777,0.6479,0.0916,0.2369,0.1545,6.3e-05,0.000612,0.002957,0.009529,0.023032,0.044535,0.071762,0.099116,0.119784,0.128677,0.124408,0.109345,0.088098,0.065519,0.045246,0.029163,0.017622,0.010022,0.005383,0.002739,0.001324,0.00061,0.000268,0.000113,4.5e-05,1.8e-05,1e-05,0.986839,0.013161,1,0.013248,0.963808,0.036192,1,0.036863,0.919273,0.080727,1,0.084172,0.847511,0.152489,1,0.165452,0.748395,0.251605,1,0.289825,0.628611,0.371389,1,0.464243,0.499933,0.500067,1,0.69328,0.375526,0.624474,1,0.979428,0.26618,0.73382,1,1.323581,0.178083,0.821917,1,1.725507,0.112564,0.887436,1,2.184235,0.067317,0.932683,0,0.06969,0.038154,0.961846,0,0.038901
2576,2025/26,26,Piast Gliwice,Radomiak Radom,9.0,2.0,11.0,4.6177,4.0399,8.6577,1,-3317.5512,0.777,0.6479,0.0916,0.2369,0.1545,0.000174,0.001505,0.006513,0.018797,0.040684,0.070445,0.101648,0.125719,0.136054,0.130878,0.11331,0.089182,0.064342,0.04285,0.026499,0.015294,0.008276,0.004215,0.002027,0.000924,0.0004,0.000165,6.5e-05,2.4e-05,9e-06,3e-06,1e-06,0.973012,0.026988,1,0.027359,0.932328,0.067672,1,0.07007,0.861883,0.138117,1,0.148635,0.760235,0.239765,1,0.274127,0.634517,0.365483,1,0.454892,0.498463,0.501537,1,0.696226,0.367585,0.632415,1,1.000801,0.254275,0.745725,1,1.369339,0.165093,0.834907,0,0.180436,0.100752,0.899248,0,0.106196,0.057902,0.942098,0,0.059646,0.031403,0.968597,0,0.031907,0.016109,0.983891,0,0.01624
2577,2025/26,26,Widzew Łódź,Górnik Zabrze,0.0,2.0,2.0,4.3471,3.9563,8.3035,1,-3317.5512,0.777,0.6479,0.0916,0.2369,0.1545,0.000248,0.002056,0.008538,0.023631,0.049054,0.081464,0.112739,0.133732,0.138805,0.128063,0.106337,0.08027,0.055543,0.035477,0.021042,0.011648,0.006045,0.002953,0.001362,0.000595,0.000247,9.8e-05,3.7e-05,1.3e-05,5e-06,2e-06,1e-06,0.965528,0.034472,0,3.367605,0.916474,0.083526,0,2.482598,0.83501,0.16499,0,1.801873,0.722272,0.277728,0,1.281113,0.58854,0.41146,0,0.888044,0.449735,0.550265,0,0.597355,0.321672,0.678328,0,0.388125,0.215336,0.784664,0,0.242499,0.135066,0.864934,0,0.145102,0.079523,0.920477,0,0.082863,0.044046,0.955954,0,0.045046,0.023005,0.976995,0,0.023273,0.011357,0.988643,0,0.011422
2578,2025/26,27,Arka Gdynia,Zagłębie Lubin,5.0,2.0,7.0,4.4781,3.9049,8.383,1,-3351.0384,0.7618,0.6319,0.0924,0.234,0.1662,0.000229,0.001917,0.008037,0.022457,0.047065,0.078909,0.110249,0.132031,0.138352,0.128867,0.108029,0.082328,0.057513,0.037087,0.022207,0.012411,0.006502,0.003206,0.001493,0.000659,0.000276,0.00011,4.2e-05,1.5e-05,5e-06,2e-06,1e-06,0.96736,0.03264,1,0.033185,0.920295,0.079705,1,0.083061,0.841386,0.158614,1,0.172705,0.731137,0.268863,1,0.313155,0.599106,0.400894,0,0.914058,0.460754,0.539246,0,0.617584,0.331887,0.668113,0,0.403298,0.223858,0.776142,0,0.25342,0.14153,0.85847,0,0.152604,0.084018,0.915982,0,0.087758,0.046931,0.953069,0,0.048068,0.024724,0.975276,0,0.025034,0.012313,0.987687,0,0.012389
2579,2025/26,27,Bruk-Bet Termalica Nieciecza,Piast Gliwice,5.0,7.0,12.0,4.8577,4.2652,9.1228,1,-3351.0384,0.7618,0.6319,0.0924,0.234,0.1662,0.000109,0.000996,0.004542,0.013812,0.0315,0.057474,0.087388,0.113889,0.129874,0.131646,0.120099,0.099604,0.075722,0.053139,0.034627,0.02106,0.012008,0.006444,0.003266,0.001568,0.000715,0.000311,0.000129,5.1e-05,1.9e-05,7e-06,4e-06,0.980542,0.019458,1,0.01965,0.949042,0.050958,1,0.052303,0.891568,0.108432,1,0.114774,0.80418,0.19582,1,0.217932,0.690291,0.309709,1,0.370642,0.560417,0.439583,1,0.579074,0.428771,0.571229,1,0.846832,0.308672,0.691328,1,1.175475,0.209069,0.790931,1,1.565092,0.133347,0.866653,0,0.143116,0.080208,0.919792,0,0.083608,0.045581,0.954419,0,0.046653,0.024522,0.975478,0,0.024827
2580,2025/26,27,Lechia Gdańsk,Korona Kielce,9.0,4.0,13.0,5.3333,3.888,9.2213,1,-3351.0384,0.7618,0.6319,0.0924,0.234,0.1662,9.9e-05,0.000912,0.004205,0.012926,0.029799,0.054956,0.084462,0.111264,0.12825,0.131403,0.121171,0.101578,0.078057,0.055368,0.036469,0.022419,0.012921,0.007009,0.003591,0.001743,0.000803,0.000353,0.000148,5.9e-05,2.3e-05,8e-06,4e-06,0.981858,0.018142,1,0.018309,0.952059,0.047941,1,0.049128,0.897103,0.102897,1,0.108585,0.812641,0.187359,1,0.207466,0.701377,0.298623,1,0.354709,0.573128,0.426872,1,0.556647,0.441724,0.558276,1,0.817069,0.320553,0.679447,1,1.137707,0.218975,0.781025,1,1.518796,0.140919,0.859081,1,1.959573,0.085551,0.914449,0,0.089433,0.049082,0.950918,0,0.050327,0.026662,0.973338,0,0.027024
2581,2025/26,27,Górnik Zabrze,Cracovia,4.0,3.0,7.0,4.6916,3.4443,8.1359,1,-3351.0384,0.7618,0.6319,0.0924,0.234,0.1662,0.000293,0.002382,0.009692,0.026283,0.05346,0.086989,0.117956,0.137098,0.139427,0.126041,0.102546,0.075846,0.051423,0.032183,0.018703,0.010144,0.005158,0.002469,0.001116,0.000478,0.000194,7.5e-05,2.8e-05,1e-05,3e-06,1e-06,0.0,0.96135,0.03865,1,0.039417,0.90789,0.09211,1,0.096632,0.8209,0.1791,1,0.197353,0.702944,0.297056,1,0.352478,0.565846,0.434154,0,0.834356,0.426419,0.573581,0,0.555856,0.300378,0.699622,0,0.357215,0.197832,0.802168,0,0.220437,0.121986,0.878014,0,0.130092,0.070562,0.929438,0,0.073176,0.03838,0.96162,0,0.039136,0.019677,0.980323,0,0.019873,0.009533,0.990467,0,0.009579
2582,2025/26,27,Radomiak Radom,Motor Lublin,2.0,3.0,5.0,4.6603,3.9381,8.5985,1,-3351.0384,0.7618,0.6319,0.0924,0.234,0.1662,0.000184,0.001585,0.006816,0.019536,0.041996,0.07222,0.103496,0.12713,0.136641,0.130545,0.112249,0.087743,0.062871,0.041584,0.02554,0.01464,0.007868,0.003979,0.001901,0.00086,0.00037,0.000151,5.9e-05,2.2e-05,8e-06,3e-06,1e-06,0.971878,0.028122,1,0.028525,0.929882,0.070118,1,0.072697,0.857662,0.142338,0,1.949554,0.754166,0.245834,0,1.403099,0.627036,0.372964,0,0.986273,0.490395,0.509605,0,0.674119,0.35985,0.64015,0,0.446053,0.247601,0.752399,0,0.284489,0.159859,0.840141,0,0.174185,0.096988,0.903012,0,0.102019,0.055404,0.944596,0,0.056998,0.029864,0.970136,0,0.030319,0.015223,0.984777,0,0.01534
2583,2025/26,27,Pogoń Szczecin,Legia Warszawa,1.0,6.0,7.0,4.4185,4.1372,8.5558,1,-3351.0384,0.7618,0.6319,0.0924,0.234,0.1662,0.000192,0.001646,0.007043,0.020087,0.042964,0.073518,0.104834,0.128133,0.137034,0.13027,0.111456,0.08669,0.061808,0.040678,0.024859,0.014179,0.007582,0.003816,0.001814,0.000817,0.000349,0.000142,5.5e-05,2.1e-05,7e-06,3e-06,1e-06,0.971031,0.028969,1,0.029397,0.928067,0.071933,1,0.074651,0.854549,0.145451,1,0.157181,0.749715,0.250285,1,0.288062,0.621582,0.378418,0,0.971757,0.484548,0.515452,0,0.662711,0.354278,0.645722,0,0.437386,0.242822,0.757178,0,0.278157,0.156132,0.843868,0,0.16976,0.094324,0.905676,0,0.099074,0.053646,0.946354,0,0.055139,0.028787,0.971213,0,0.029209,0.014607,0.985393,0,0.014715
2584,2025/26,27,GKS Katowice,Wisła Płock,5.0,4.0,9.0,4.753,3.5438,8.2967,1,-3351.0384,0.7618,0.6319,0.0924,0.234,0.1662,0.000249,0.002069,0.008581,0.023732,0.049225,0.081682,0.112949,0.133873,0.138839,0.12799,0.10619,0.080094,0.055376,0.035342,0.020944,0.011585,0.006007,0.002932,0.001351,0.00059,0.000245,9.7e-05,3.6e-05,1.3e-05,5e-06,2e-06,1e-06,0.965368,0.034632,1,0.035246,0.916143,0.083857,1,0.087583,0.834461,0.165539,1,0.18097,0.721511,0.278489,1,0.326407,0.587638,0.412362,1,0.531644,0.448799,0.551201,1,0.801179,0.320809,0.679191,0,0.386853,0.214619,0.785381,0,0.241587,0.134526,0.865474,0,0.144478,0.079149,0.920851,0,0.082457,0.043807,0.956193,0,0.044796,0.022863,0.977137,0,0.023128,0.011278,0.988722,0,0.011342
2585,2025/26,27,Raków Częstochowa,Widzew Łódź,2.0,2.0,4.0,4.6373,3.2624,7.8997,1,-3351.0384,0.7618,0.6319,0.0924,0.234,0.1662,0.000371,0.00293,0.011572,0.030471,0.060178,0.095077,0.12518,0.141269,0.139498,0.122444,0.096727,0.069465,0.045729,0.027788,0.01568,0.008258,0.004077,0.001895,0.000831,0.000346,0.000137,5.1e-05,1.8e-05,6e-06,2e-06,1e-06,0.0,0.954657,0.045343,1,0.046403,0.894479,0.105521,0,2.248844,0.799402,0.200598,0,1.60645,0.674221,0.325779,0,1.121537,0.532952,0.467048,0,0.761323,0.393454,0.606546,0,0.499975,0.27101,0.72899,0,0.316096,0.174284,0.825716,0,0.191504,0.104819,0.895181,0,0.11073,0.05909,0.94091,0,0.060908,0.031302,0.968698,0,0.031802,0.015622,0.984378,0,0.015746,0.007365,0.992635,0,0.007392
2586,2025/26,27,Jagiellonia Białystok,Lech Poznań,3.0,3.0,6.0,4.7777,4.1649,8.9426,1,-3351.0384,0.7618,0.6319,0.0924,0.234,0.1662,0.000131,0.001169,0.005226,0.015578,0.034827,0.062289,0.092838,0.118602,0.132577,0.131731,0.117802,0.095769,0.071369,0.049094,0.031359,0.018696,0.010449,0.005497,0.002731,0.001285,0.000575,0.000245,9.9e-05,3.9e-05,1.4e-05,5e-06,3e-06,0.977897,0.022103,1,0.022351,0.943069,0.056931,1,0.058615,0.88078,0.11922,1,0.126947,0.787942,0.212058,0,1.550897,0.66934,0.33066,0,1.106666,0.536764,0.463236,0,0.769518,0.405032,0.594968,0,0.519248,0.28723,0.71277,0,0.338596,0.19146,0.80854,0,0.212526,0.120091,0.879909,0,0.127937,0.070997,0.929003,0,0.073643,0.039638,0.960362,0,0.040445,0.020942,0.979058,0,0.021164
2587,2025/26,28,Wisła Płock,Lechia Gdańsk,4.0,2.0,6.0,4.3123,4.7596,9.0718,1,-3377.0349,0.7405,0.6124,0.0874,0.2416,0.1763,0.000115,0.001042,0.004726,0.014292,0.032413,0.058809,0.088918,0.115236,0.130675,0.131718,0.119493,0.098547,0.0745,0.051989,0.033688,0.020374,0.011552,0.006165,0.003107,0.001483,0.000673,0.000291,0.00012,4.7e-05,1.8e-05,6e-06,3e-06,0.979825,0.020175,1,0.020381,0.947412,0.052588,1,0.054021,0.888603,0.111397,1,0.118105,0.799685,0.200315,0,1.607864,0.684449,0.315551,0,1.153436,0.553774,0.446226,0,0.80693,0.422056,0.577944,0,0.548279,0.302564,0.697436,0,0.360344,0.204017,0.795983,0,0.228177,0.129516,0.870484,0,0.138706,0.077528,0.922472,0,0.080698,0.04384,0.95616,0,0.044829,0.023465,0.976535,0,0.023745
2588,2025/26,28,Legia Warszawa,Górnik Zabrze,1.0,2.0,3.0,4.4832,3.6895,8.1727,1,-3377.0349,0.7405,0.6124,0.0874,0.2416,0.1763,0.000282,0.002307,0.009426,0.025679,0.052467,0.08576,0.116815,0.136385,0.13933,0.126523,0.103404,0.076826,0.052323,0.032894,0.019203,0.010462,0.005344,0.002569,0.001167,0.000502,0.000205,8e-05,3e-05,1.1e-05,4e-06,1e-06,1e-06,0.962306,0.037694,0,3.278249,0.909839,0.090161,0,2.406156,0.824079,0.175921,0,1.73772,0.707264,0.292736,0,1.228484,0.570878,0.429122,0,0.846015,0.431548,0.568452,0,0.564839,0.305025,0.694975,0,0.36388,0.201621,0.798379,0,0.225172,0.124795,0.875205,0,0.133297,0.072471,0.927529,0,0.075232,0.039577,0.960423,0,0.040382,0.020374,0.979626,0,0.020585,0.009912,0.990088,0,0.009961
2589,2025/26,28,Motor Lublin,Raków Częstochowa,4.0,5.0,9.0,4.3958,4.2057,8.6015,1,-3377.0349,0.7405,0.6124,0.0874,0.2416,0.1763,0.000184,0.001581,0.0068,0.019498,0.041928,0.072128,0.103402,0.127059,0.136612,0.130563,0.112304,0.087817,0.062946,0.041649,0.025589,0.014673,0.007888,0.003991,0.001907,0.000863,0.000371,0.000152,5.9e-05,2.2e-05,8e-06,3e-06,1e-06,0.971937,0.028063,1,0.028465,0.930009,0.069991,1,0.072561,0.857881,0.142119,1,0.15329,0.754479,0.245521,1,0.281728,0.62742,0.37258,1,0.466139,0.490808,0.509192,1,0.711703,0.360245,0.639755,0,0.446669,0.247941,0.752059,0,0.28494,0.160124,0.839876,0,0.174501,0.097178,0.902822,0,0.10223,0.055529,0.944471,0,0.057131,0.029941,0.970059,0,0.030398,0.015267,0.984733,0,0.015385
2590,2025/26,28,Zagłębie Lubin,Radomiak Radom,3.0,0.0,3.0,4.3786,3.7931,8.1716,1,-3377.0349,0.7405,0.6124,0.0874,0.2416,0.1763,0.000283,0.002309,0.009434,0.025697,0.052497,0.085797,0.11685,0.136407,0.139333,0.126509,0.103378,0.076797,0.052296,0.032873,0.019187,0.010453,0.005339,0.002566,0.001165,0.000501,0.000205,8e-05,3e-05,1.1e-05,4e-06,1e-06,1e-06,0.962277,0.037723,0,3.277494,0.909781,0.090219,0,2.405511,0.823984,0.176016,0,1.73718,0.707134,0.292866,0,1.228041,0.570727,0.429273,0,0.845663,0.431394,0.568606,0,0.564567,0.304885,0.695115,0,0.363678,0.201507,0.798493,0,0.225029,0.12471,0.87529,0,0.1332,0.072413,0.927587,0,0.075169,0.039541,0.960459,0,0.040344,0.020353,0.979647,0,0.020563,0.0099,0.9901,0,0.00995
2591,2025/26,28,Korona Kielce,Jagiellonia Białystok,5.0,4.0,9.0,4.5746,4.008,8.5826,1,-3377.0349,0.7405,0.6124,0.0874,0.2416,0.1763,0.000187,0.001608,0.0069,0.019739,0.042354,0.072701,0.103994,0.127505,0.13679,0.130446,0.111956,0.087352,0.062476,0.041246,0.025286,0.014468,0.007761,0.003918,0.001868,0.000844,0.000362,0.000148,5.8e-05,2.2e-05,8e-06,3e-06,1e-06,0.971565,0.028435,1,0.028847,0.929212,0.070788,1,0.073419,0.85651,0.14349,1,0.154889,0.752517,0.247483,1,0.284332,0.625012,0.374988,1,0.469985,0.488221,0.511779,1,0.716987,0.357775,0.642225,0,0.442817,0.245819,0.754181,0,0.282123,0.158467,0.841533,0,0.17253,0.095991,0.904009,0,0.100916,0.054745,0.945255,0,0.056301,0.029459,0.970541,0,0.029902,0.014992,0.985008,0,0.015105
2592,2025/26,28,Cracovia,Arka Gdynia,7.0,4.0,11.0,4.6838,3.7613,8.4451,1,-3377.0349,0.7405,0.6124,0.0874,0.2416,0.1763,0.000215,0.001815,0.007665,0.021578,0.045556,0.076945,0.108302,0.13066,0.13793,0.129425,0.109301,0.083914,0.059056,0.038364,0.023142,0.013029,0.006877,0.003416,0.001603,0.000712,0.000301,0.000121,4.6e-05,1.7e-05,6e-06,2e-06,1e-06,0.968727,0.031273,1,0.031772,0.923171,0.076829,1,0.079941,0.846226,0.153774,1,0.166969,0.737924,0.262076,1,0.303915,0.607264,0.392736,1,0.498792,0.469334,0.530666,1,0.75644,0.339909,0.660091,1,1.079078,0.230608,0.769392,1,1.467038,0.146693,0.853307,0,0.158636,0.087638,0.912362,0,0.091718,0.049274,0.950726,0,0.050529,0.026132,0.973868,0,0.026479,0.013103,0.986897,0,0.013189
2593,2025/26,28,Lech Poznań,GKS Katowice,6.0,9.0,15.0,5.1871,4.2774,9.4645,1,-3377.0349,0.7405,0.6124,0.0874,0.2416,0.1763,7.8e-05,0.000734,0.003474,0.010959,0.02593,0.049083,0.077424,0.104683,0.123846,0.130238,0.123263,0.106056,0.083647,0.060898,0.041169,0.025976,0.015366,0.008555,0.004498,0.002241,0.00106,0.000478,0.000206,8.5e-05,3.3e-05,1.3e-05,7e-06,0.984756,0.015244,1,0.015362,0.958825,0.041175,1,0.042046,0.909742,0.090258,1,0.094594,0.832318,0.167682,1,0.183541,0.727635,0.272365,1,0.317956,0.603789,0.396211,1,0.504531,0.473551,0.526449,1,0.747496,0.350288,0.649712,1,1.049,0.244232,0.755768,1,1.409638,0.160584,0.839416,1,1.828936,0.099686,0.900314,1,2.305729,0.058517,0.941483,1,2.838441,0.03254,0.96746,0,0.033082
2594,2025/26,28,Piast Gliwice,Pogoń Szczecin,2.0,3.0,5.0,5.2339,4.0116,9.2455,1,-3377.0349,0.7405,0.6124,0.0874,0.2416,0.1763,9.7e-05,0.000893,0.004126,0.012717,0.029393,0.05435,0.083749,0.110615,0.127836,0.131323,0.121415,0.102049,0.078624,0.055917,0.036927,0.022761,0.013152,0.007153,0.003674,0.001788,0.000826,0.000364,0.000153,6.1e-05,2.4e-05,9e-06,5e-06,0.982168,0.017832,1,0.017993,0.952775,0.047225,1,0.048377,0.898424,0.101576,0,2.286951,0.814675,0.185325,0,1.685644,0.70406,0.29594,0,1.217598,0.576224,0.423776,0,0.85855,0.444901,0.555099,0,0.588608,0.323486,0.676514,0,0.390802,0.221437,0.778563,0,0.250306,0.142813,0.857187,0,0.154099,0.086896,0.913104,0,0.090905,0.049969,0.950031,0,0.051261,0.027208,0.972792,0,0.027585
2595,2025/26,28,Widzew Łódź,Bruk-Bet Termalica Nieciecza,8.0,2.0,10.0,4.4839,4.117,8.6009,1,-3377.0349,0.7405,0.6124,0.0874,0.2416,0.1763,0.000184,0.001582,0.006803,0.019505,0.04194,0.072145,0.103419,0.127072,0.136617,0.13056,0.112294,0.087803,0.062932,0.041637,0.02558,0.014667,0.007885,0.003989,0.001906,0.000863,0.000371,0.000152,5.9e-05,2.2e-05,8e-06,3e-06,1e-06,0.971926,0.028074,1,0.028476,0.929985,0.070015,1,0.072586,0.85784,0.14216,1,0.153337,0.754421,0.245579,1,0.281805,0.627349,0.372651,1,0.466253,0.490731,0.509269,1,0.711858,0.360172,0.639828,1,1.021175,0.247878,0.752122,0,0.284857,0.160075,0.839925,0,0.174443,0.097143,0.902857,0,0.102191,0.055506,0.944494,0,0.057106,0.029926,0.970074,0,0.030383,0.015259,0.984741,0,0.015377
2596,2025/26,29,Arka Gdynia,Jagiellonia Białystok,7.0,5.0,12.0,4.6333,4.0799,8.7132,1,-3403.8332,0.7431,0.6145,0.0893,0.243,0.1708,0.000164,0.001432,0.006241,0.018126,0.039483,0.068805,0.099918,0.124372,0.135459,0.131142,0.114266,0.090511,0.06572,0.044048,0.027414,0.015924,0.008672,0.004445,0.002152,0.000987,0.00043,0.000178,7.1e-05,2.7e-05,1e-05,3e-06,2e-06,0.974037,0.025963,1,0.026306,0.934553,0.065447,1,0.067686,0.865749,0.134251,1,0.14416,0.765831,0.234169,1,0.266794,0.641459,0.358541,1,0.444009,0.506001,0.493999,1,0.681217,0.374859,0.625141,1,0.981206,0.260593,0.739407,1,1.344796,0.170082,0.829918,1,1.771475,0.104362,0.895638,0,0.110219,0.060314,0.939686,0,0.062209,0.0329,0.9671,0,0.033453,0.016975,0.983025,0,0.017121
2597,2025/26,29,Bruk-Bet Termalica Nieciecza,Wisła Płock,7.0,7.0,14.0,4.6133,3.8536,8.4668,1,-3403.8332,0.7431,0.6145,0.0893,0.243,0.1708,0.00021,0.001781,0.007539,0.021277,0.045038,0.076266,0.107621,0.130173,0.137768,0.129606,0.109735,0.084464,0.059595,0.038814,0.023474,0.01325,0.007011,0.003492,0.001643,0.000732,0.00031,0.000125,4.8e-05,1.8e-05,6e-06,2e-06,1e-06,0.969192,0.030808,1,0.031292,0.924154,0.075846,1,0.078876,0.847888,0.152112,1,0.165006,0.740267,0.259733,1,0.300744,0.610095,0.389905,1,0.494141,0.472326,0.527674,1,0.750085,0.34272,0.65728,1,1.070842,0.232985,0.767015,1,1.456782,0.14852,0.85148,1,1.907032,0.088925,0.911075,1,2.419959,0.050111,0.949889,1,2.993509,0.026638,0.973362,0,0.026999,0.013388,0.986612,0,0.013478
2598,2025/26,29,Legia Warszawa,Zagłębie Lubin,3.0,1.0,4.0,4.4211,3.6807,8.1017,1,-3403.8332,0.7431,0.6145,0.0893,0.243,0.1708,0.000303,0.002455,0.009945,0.026856,0.054395,0.088139,0.119014,0.137745,0.139497,0.125574,0.101737,0.074931,0.05059,0.031528,0.018245,0.009854,0.00499,0.002378,0.00107,0.000456,0.000185,7.1e-05,2.6e-05,9e-06,3e-06,1e-06,0.0,0.960441,0.039559,1,0.040362,0.906046,0.093954,0,2.36495,0.817907,0.182093,0,1.703236,0.698893,0.301107,0,1.20029,0.561148,0.438852,0,0.823592,0.421651,0.578349,0,0.547577,0.296076,0.703924,0,0.351085,0.194339,0.805661,0,0.216093,0.119408,0.880592,0,0.127161,0.068818,0.931182,0,0.071301,0.037291,0.962709,0,0.038004,0.019045,0.980955,0,0.019229,0.009191,0.990809,0,0.009233
2599,2025/26,29,Lechia Gdańsk,Piast Gliwice,6.0,2.0,8.0,5.2817,4.2585,9.5402,1,-3403.8332,0.7431,0.6145,0.0893,0.243,0.1708,7.2e-05,0.000686,0.003272,0.010405,0.024817,0.047352,0.075292,0.102615,0.122372,0.129717,0.123753,0.10733,0.08533,0.06262,0.042672,0.02714,0.016183,0.009082,0.004813,0.002417,0.001153,0.000524,0.000227,9.4e-05,3.7e-05,1.4e-05,8e-06,0.985565,0.014435,1,0.01454,0.960748,0.039252,1,0.040044,0.913395,0.086605,1,0.090587,0.838103,0.161897,1,0.176614,0.735488,0.264512,1,0.307221,0.613116,0.386884,0,0.949631,0.483399,0.516601,0,0.660485,0.359646,0.640354,0,0.445734,0.252315,0.747685,0,0.290774,0.166986,0.833014,0,0.182704,0.104365,0.895635,0,0.110223,0.061693,0.938307,0,0.063678,0.034552,0.965448,0,0.035164
2600,2025/26,29,Górnik Zabrze,Korona Kielce,6.0,3.0,9.0,4.8033,3.4638,8.2672,1,-3403.8332,0.7431,0.6145,0.0893,0.243,0.1708,0.000257,0.002123,0.008776,0.024184,0.049983,0.082644,0.113873,0.134487,0.138979,0.127662,0.105541,0.079321,0.054647,0.034752,0.020521,0.01131,0.005844,0.002842,0.001305,0.000568,0.000235,9.2e-05,3.5e-05,1.2e-05,4e-06,1e-06,1e-06,0.96466,0.03534,1,0.035979,0.914677,0.085323,1,0.089184,0.832032,0.167968,1,0.183884,0.71816,0.28184,1,0.331063,0.583673,0.416327,1,0.538415,0.444694,0.555306,1,0.810369,0.317032,0.682968,0,0.381307,0.211491,0.788509,0,0.237611,0.13217,0.86783,0,0.141759,0.077523,0.922477,0,0.080693,0.042772,0.957228,0,0.043713,0.02225,0.97775,0,0.022502,0.01094,0.98906,0,0.011
2601,2025/26,29,Radomiak Radom,Widzew Łódź,5.0,2.0,7.0,3.8893,3.5631,7.4523,1,-3403.8332,0.7431,0.6145,0.0893,0.243,0.1708,0.00058,0.004323,0.016108,0.040015,0.074551,0.111115,0.138011,0.146929,0.136871,0.113334,0.08446,0.05722,0.035535,0.020371,0.010844,0.005387,0.002509,0.0011,0.000455,0.000179,6.7e-05,2.4e-05,8e-06,3e-06,1e-06,0.0,0.0,0.938974,0.061026,1,0.062968,0.864423,0.135577,1,0.145693,0.753307,0.246693,1,0.283282,0.615296,0.384704,1,0.485652,0.468367,0.531633,0,0.631801,0.331496,0.668504,0,0.402713,0.218162,0.781838,0,0.246108,0.133702,0.866298,0,0.143527,0.076482,0.923518,0,0.079565,0.040947,0.959053,0,0.041809,0.020576,0.979424,0,0.020791,0.009733,0.990267,0,0.00978,0.004345,0.995655,0,0.004355
2602,2025/26,29,Pogoń Szczecin,Lech Poznań,3.0,11.0,14.0,4.3864,4.3769,8.7632,1,-3403.8332,0.7431,0.6145,0.0893,0.243,0.1708,0.000156,0.00137,0.006005,0.01754,0.038426,0.067348,0.098363,0.12314,0.134887,0.131339,0.115095,0.091691,0.066959,0.045136,0.028253,0.016506,0.00904,0.00466,0.002269,0.001046,0.000458,0.000191,7.6e-05,2.9e-05,1.1e-05,4e-06,2e-06,0.974929,0.025071,1,0.025391,0.936502,0.063498,1,0.065603,0.869155,0.130845,1,0.140234,0.770791,0.229209,1,0.260337,0.647652,0.352348,1,0.434402,0.512764,0.487236,1,0.667939,0.381426,0.618574,1,0.963839,0.266331,0.733669,1,1.323015,0.17464,0.82536,1,1.745027,0.107681,0.892319,1,2.228578,0.062545,0.937455,1,2.771868,0.034292,0.965708,0,0.034894,0.017787,0.982213,0,0.017947
2603,2025/26,29,GKS Katowice,Motor Lublin,8.0,8.0,16.0,4.9945,3.6643,8.6588,1,-3403.8332,0.7431,0.6145,0.0893,0.243,0.1708,0.000174,0.001503,0.006508,0.018783,0.040659,0.070411,0.101613,0.125692,0.136042,0.130884,0.11333,0.089209,0.06437,0.042874,0.026517,0.015307,0.008284,0.004219,0.00203,0.000925,0.0004,0.000165,6.5e-05,2.4e-05,9e-06,3e-06,1e-06,0.973033,0.026967,1,0.027337,0.932374,0.067626,1,0.070021,0.861962,0.138038,1,0.148544,0.76035,0.23965,1,0.273977,0.634658,0.365342,1,0.454669,0.498616,0.501384,1,0.695919,0.367732,0.632268,1,1.000401,0.254402,0.745598,1,1.368838,0.165194,0.834806,1,1.800636,0.100824,0.899176,1,2.294379,0.05795,0.94205,1,2.848178,0.031433,0.968567,1,3.459901,0.016126,0.983874,1,4.127328
2604,2025/26,29,Raków Częstochowa,Cracovia,7.0,6.0,13.0,4.7622,3.5336,8.2959,1,-3403.8332,0.7431,0.6145,0.0893,0.243,0.1708,0.00025,0.00207,0.008587,0.023745,0.049247,0.08171,0.112976,0.133891,0.138843,0.127981,0.106171,0.080071,0.055355,0.035325,0.020932,0.011577,0.006002,0.002929,0.00135,0.000589,0.000244,9.7e-05,3.6e-05,1.3e-05,5e-06,2e-06,1e-06,0.965348,0.034652,1,0.035267,0.916101,0.083899,1,0.087629,0.834391,0.165609,1,0.181053,0.721415,0.278585,1,0.326541,0.587524,0.412476,1,0.531838,0.448681,0.551319,1,0.801443,0.3207,0.6793,1,1.137249,0.214529,0.785471,1,1.539311,0.134457,0.865543,1,2.006508,0.079102,0.920898,1,2.537017,0.043777,0.956223,0,0.044764,0.022845,0.977155,0,0.02311,0.011268,0.988732,0,0.011332
2605,2025/26,30,Wisła Płock,Radomiak Radom,2.0,6.0,8.0,4.5058,3.7228,8.2286,1,-3469.073,0.7355,0.6072,0.0843,0.2471,0.1784,0.000267,0.002196,0.009036,0.024786,0.050987,0.083911,0.115078,0.135275,0.13914,0.127214,0.104679,0.078305,0.053695,0.033987,0.019976,0.010958,0.005636,0.002728,0.001247,0.00054,0.000222,8.7e-05,3.3e-05,1.2e-05,4e-06,1e-06,1e-06,0.963715,0.036285,1,0.03696,0.912728,0.087272,1,0.091318,0.828817,0.171183,1,0.187756,0.713739,0.286261,1,0.337237,0.578464,0.421536,1,0.547378,0.439325,0.560675,0,0.578613,0.312111,0.687889,0,0.374127,0.207432,0.792568,0,0.232477,0.129127,0.870873,0,0.138259,0.075432,0.924568,0,0.078428,0.041445,0.958555,0,0.042328,0.021468,0.978532,0,0.021702,0.01051,0.98949,0,0.010566
2606,2025/26,30,Lechia Gdańsk,Raków Częstochowa,6.0,4.0,10.0,5.0531,4.2023,9.2554,1,-3469.073,0.7355,0.6072,0.0843,0.2471,0.1784,9.6e-05,0.000885,0.004094,0.012632,0.029228,0.054104,0.083459,0.110349,0.127665,0.131288,0.121512,0.10224,0.078856,0.056142,0.037115,0.022901,0.013247,0.007212,0.003708,0.001806,0.000836,0.000368,0.000155,6.2e-05,2.4e-05,9e-06,5e-06,0.982293,0.017707,1,0.017865,0.953065,0.046935,1,0.048072,0.898961,0.101039,1,0.106516,0.815502,0.184498,1,0.203952,0.705153,0.294847,1,0.349341,0.577487,0.422513,1,0.549069,0.446199,0.553801,1,0.80699,0.324687,0.675313,0,0.392579,0.222447,0.777553,0,0.251604,0.143592,0.856408,0,0.155008,0.08745,0.91255,0,0.091513,0.050335,0.949665,0,0.051646,0.027434,0.972566,0,0.027817
2607,2025/26,30,Zagłębie Lubin,Bruk-Bet Termalica Nieciecza,2.0,8.0,10.0,4.6682,4.1509,8.8191,1,-3469.073,0.7355,0.6072,0.0843,0.2471,0.1784,0.000148,0.001304,0.005751,0.016906,0.037273,0.065743,0.096633,0.121745,0.134211,0.131513,0.115983,0.092988,0.068339,0.046361,0.029204,0.01717,0.009464,0.00491,0.002406,0.001117,0.000492,0.000207,8.3e-05,3.2e-05,1.2e-05,4e-06,2e-06,0.975892,0.024108,1,0.024404,0.938618,0.061382,1,0.063346,0.872875,0.127125,1,0.135963,0.776243,0.223757,1,0.25329,0.654497,0.345503,1,0.423888,0.520287,0.479713,1,0.653375,0.388774,0.611226,1,0.944758,0.272791,0.727209,0,0.318541,0.179803,0.820197,0,0.198211,0.111464,0.888536,0,0.11818,0.065103,0.934897,0,0.067319,0.035898,0.964102,0,0.036559,0.018728,0.981272,0,0.018905
2608,2025/26,30,Korona Kielce,GKS Katowice,4.0,5.0,9.0,4.402,4.1847,8.5867,1,-3469.073,0.7355,0.6072,0.0843,0.2471,0.1784,0.000187,0.001602,0.006878,0.019687,0.042261,0.072576,0.103865,0.127408,0.136752,0.130472,0.112032,0.087453,0.062578,0.041334,0.025351,0.014512,0.007788,0.003934,0.001877,0.000848,0.000364,0.000149,5.8e-05,2.2e-05,8e-06,3e-06,1e-06,0.971647,0.028353,1,0.028763,0.929386,0.070614,1,0.073231,0.856809,0.143191,1,0.15454,0.752944,0.247056,1,0.283764,0.625536,0.374464,1,0.469146,0.488784,0.511216,1,0.715834,0.358312,0.641688,0,0.443653,0.24628,0.75372,0,0.282734,0.158827,0.841173,0,0.172958,0.096249,0.903751,0,0.101201,0.054915,0.945085,0,0.05648,0.029564,0.970436,0,0.03001,0.015051,0.984949,0,0.015166
2609,2025/26,30,Cracovia,Pogoń Szczecin,4.0,2.0,6.0,4.9283,3.8993,8.8275,1,-3469.073,0.7355,0.6072,0.0843,0.2471,0.1784,0.000147,0.001294,0.005713,0.016812,0.037102,0.065504,0.096373,0.121533,0.134105,0.131535,0.116113,0.093181,0.068547,0.046546,0.029349,0.017272,0.009529,0.004948,0.002427,0.001127,0.000498,0.000209,8.4e-05,3.2e-05,1.2e-05,4e-06,2e-06,0.976034,0.023966,1,0.024258,0.938932,0.061068,1,0.063013,0.873428,0.126572,1,0.13533,0.777055,0.222945,0,1.50083,0.655522,0.344478,0,1.065724,0.521416,0.478584,0,0.736924,0.389881,0.610119,0,0.494102,0.273768,0.726232,0,0.319886,0.180587,0.819413,0,0.199167,0.11204,0.88796,0,0.118829,0.065494,0.934506,0,0.067737,0.036145,0.963855,0,0.036814,0.018873,0.981127,0,0.019053
2610,2025/26,30,Lech Poznań,Legia Warszawa,7.0,0.0,7.0,4.6974,4.288,8.9854,1,-3469.073,0.7355,0.6072,0.0843,0.2471,0.1784,0.000125,0.001125,0.005055,0.015141,0.034011,0.061121,0.091533,0.117495,0.131968,0.131754,0.118387,0.096705,0.072411,0.05005,0.032123,0.019242,0.010806,0.005712,0.002851,0.001348,0.000606,0.000259,0.000106,4.1e-05,1.5e-05,6e-06,3e-06,0.978554,0.021446,1,0.021679,0.944543,0.055457,1,0.057055,0.883421,0.116579,1,0.123953,0.791888,0.208112,1,0.233335,0.674393,0.325607,0,1.122064,0.542425,0.457575,0,0.781815,0.410671,0.589329,0,0.528771,0.292284,0.707716,0,0.345713,0.19558,0.80442,0,0.217633,0.123168,0.876832,0,0.13144,0.073119,0.926881,0,0.07593,0.040996,0.959004,0,0.04186,0.021754,0.978246,0,0.021994
2611,2025/26,30,Jagiellonia Białystok,Górnik Zabrze,7.0,4.0,11.0,4.4778,3.7317,8.2095,1,-3469.073,0.7355,0.6072,0.0843,0.2471,0.1784,0.000272,0.002233,0.009168,0.025088,0.05149,0.084541,0.115672,0.135659,0.139211,0.126983,0.104247,0.077801,0.053225,0.033612,0.01971,0.010787,0.005535,0.002673,0.001219,0.000527,0.000216,8.5e-05,3.2e-05,1.1e-05,4e-06,1e-06,1e-06,0.963239,0.036761,1,0.037454,0.911749,0.088251,1,0.09239,0.827209,0.172791,1,0.189698,0.711536,0.288464,1,0.340329,0.575878,0.424122,1,0.55186,0.436667,0.563333,1,0.828584,0.309684,0.690316,1,1.172203,0.205437,0.794563,1,1.582614,0.127636,0.872364,0,0.136549,0.074411,0.925589,0,0.077325,0.040799,0.959201,0,0.041655,0.02109,0.97891,0,0.021315,0.010302,0.989698,0,0.010356
2612,2025/26,30,Piast Gliwice,Arka Gdynia,12.0,3.0,15.0,4.9519,4.0657,9.0176,1,-3469.073,0.7355,0.6072,0.0843,0.2471,0.1784,0.000121,0.001093,0.00493,0.01482,0.033409,0.060254,0.090558,0.116659,0.131497,0.131753,0.118809,0.097397,0.07319,0.050769,0.032701,0.019659,0.01108,0.005877,0.002944,0.001397,0.00063,0.000271,0.000111,4.3e-05,1.6e-05,6e-06,3e-06,0.979035,0.020965,1,0.021188,0.945626,0.054374,1,0.055908,0.885372,0.114628,1,0.121748,0.794814,0.205186,1,0.229647,0.678155,0.321845,1,0.388379,0.546658,0.453342,1,0.603931,0.414905,0.585095,1,0.879706,0.296096,0.703904,1,1.217073,0.198698,0.801302,1,1.615968,0.125508,0.874492,1,2.075387,0.074739,0.925261,1,2.593758,0.042038,0.957962,1,3.169189,0.022379,0.977621,0,0.022633
2613,2025/26,30,Widzew Łódź,Motor Lublin,5.0,1.0,6.0,4.5372,3.8524,8.3897,1,-3469.073,0.7355,0.6072,0.0843,0.2471,0.1784,0.000227,0.001906,0.007996,0.022361,0.046901,0.078696,0.110039,0.131885,0.138309,0.12893,0.108168,0.0825,0.057679,0.037224,0.022307,0.012476,0.006542,0.003229,0.001505,0.000664,0.000279,0.000111,4.2e-05,1.5e-05,5e-06,2e-06,1e-06,0.96751,0.03249,1,0.03303,0.920609,0.079391,1,0.08272,0.841912,0.158088,1,0.172079,0.731873,0.268127,0,1.316294,0.599988,0.400012,0,0.91626,0.461679,0.538321,0,0.6193,0.332749,0.667251,0,0.404589,0.224581,0.775419,0,0.254351,0.142081,0.857919,0,0.153246,0.084403,0.915597,0,0.088178,0.047179,0.952821,0,0.048328,0.024872,0.975128,0,0.025187,0.012396,0.987604,0,0.012473
2614,2025/26,31,Arka Gdynia,Górnik Zabrze,2.0,2.0,4.0,4.4648,3.9174,8.3822,1,-3512.7173,0.7336,0.6005,0.0793,0.2404,0.1929,0.000229,0.001919,0.008041,0.022468,0.047083,0.078933,0.110272,0.132047,0.138356,0.12886,0.108013,0.082309,0.057494,0.037072,0.022196,0.012403,0.006498,0.003204,0.001492,0.000658,0.000276,0.00011,4.2e-05,1.5e-05,5e-06,2e-06,1e-06,0.967343,0.032657,1,0.033202,0.92026,0.07974,0,2.528981,0.841327,0.158673,0,1.84091,0.731055,0.268945,0,1.313247,0.599008,0.400992,0,0.913813,0.460651,0.539349,0,0.617393,0.331791,0.668209,0,0.403155,0.223778,0.776222,0,0.253317,0.141469,0.858531,0,0.152533,0.083975,0.916025,0,0.087711,0.046903,0.953097,0,0.048039,0.024707,0.975293,0,0.025017,0.012304,0.987696,0,0.01238
2615,2025/26,31,Legia Warszawa,Widzew Łódź,4.0,1.0,5.0,4.0349,3.5474,7.5823,1,-3512.7173,0.7336,0.6005,0.0793,0.2404,0.1929,0.000509,0.003862,0.014643,0.037009,0.070153,0.106384,0.134439,0.145622,0.138018,0.116277,0.088164,0.060771,0.038399,0.022396,0.01213,0.006131,0.002906,0.001296,0.000546,0.000218,8.3e-05,3e-05,1e-05,3e-06,1e-06,0.0,0.0,0.943976,0.056024,1,0.057654,0.873823,0.126177,1,0.134877,0.767439,0.232561,0,1.458603,0.633,0.367,0,1.002395,0.487379,0.512621,0,0.668218,0.349361,0.650639,0,0.4298,0.233084,0.766916,0,0.265378,0.14492,0.85508,0,0.15656,0.084149,0.915851,0,0.087901,0.04575,0.95425,0,0.046829,0.023354,0.976646,0,0.023631,0.011224,0.988776,0,0.011288,0.005093,0.994907,0,0.005106
2616,2025/26,31,Motor Lublin,Lech Poznań,1.0,6.0,7.0,4.0455,4.4335,8.479,1,-3512.7173,0.7336,0.6005,0.0793,0.2404,0.1929,0.000208,0.001762,0.007469,0.021111,0.044749,0.075886,0.107239,0.129897,0.137675,0.129705,0.109977,0.084772,0.059898,0.039068,0.023661,0.013375,0.007088,0.003535,0.001665,0.000743,0.000315,0.000127,4.9e-05,1.8e-05,6e-06,2e-06,1e-06,0.969451,0.030549,1,0.031026,0.924702,0.075298,1,0.078284,0.848816,0.151184,1,0.163913,0.741577,0.258423,1,0.298976,0.61168,0.38832,0,0.945926,0.474006,0.525994,0,0.642465,0.344301,0.655699,0,0.422053,0.234324,0.765676,0,0.266997,0.149552,0.850448,0,0.161992,0.089654,0.910346,0,0.09393,0.050586,0.949414,0,0.05191,0.026925,0.973075,0,0.027294,0.01355,0.98645,0,0.013643
2617,2025/26,31,Zagłębie Lubin,Cracovia,3.0,3.0,6.0,4.213,4.2163,8.4293,1,-3512.7173,0.7336,0.6005,0.0793,0.2404,0.1929,0.000218,0.001841,0.007758,0.021799,0.045937,0.077443,0.108798,0.131013,0.138043,0.129289,0.108981,0.083512,0.058662,0.038037,0.022902,0.01287,0.00678,0.003362,0.001574,0.000698,0.000294,0.000118,4.5e-05,1.7e-05,6e-06,2e-06,1e-06,0.968384,0.031616,1,0.032127,0.922447,0.077553,1,0.080726,0.845004,0.154996,1,0.168415,0.736205,0.263795,0,1.332584,0.605192,0.394808,0,0.929357,0.46715,0.53285,0,0.629515,0.337861,0.662139,0,0.412279,0.22888,0.77112,0,0.259911,0.145368,0.854632,0,0.157084,0.086706,0.913294,0,0.090697,0.048669,0.951331,0,0.049893,0.025767,0.974233,0,0.026105,0.012898,0.987102,0,0.012982
2618,2025/26,31,Radomiak Radom,Lechia Gdańsk,5.0,7.0,12.0,4.2726,4.1,8.3726,1,-3512.7173,0.7336,0.6005,0.0793,0.2404,0.1929,0.000231,0.001935,0.008101,0.022607,0.047321,0.07924,0.110574,0.132256,0.138417,0.128768,0.107812,0.082061,0.057255,0.036875,0.022053,0.012309,0.006441,0.003172,0.001476,0.00065,0.000272,0.000109,4.1e-05,1.5e-05,5e-06,2e-06,1e-06,0.967126,0.032874,1,0.033427,0.919805,0.080195,1,0.083594,0.840565,0.159435,1,0.173681,0.729991,0.270009,1,0.314723,0.597734,0.402266,1,0.514609,0.459318,0.540682,1,0.778013,0.33055,0.66945,1,1.106997,0.222738,0.777262,1,1.501759,0.140677,0.859323,1,1.961287,0.083422,0.916578,0,0.087108,0.046547,0.953453,0,0.047665,0.024494,0.975506,0,0.024799,0.012185,0.987815,0,0.012259
2619,2025/26,31,Pogoń Szczecin,Wisła Płock,7.0,3.0,10.0,4.6357,4.0405,8.6761,1,-3512.7173,0.7336,0.6005,0.0793,0.2404,0.1929,0.000171,0.00148,0.006421,0.018571,0.04028,0.069896,0.101071,0.125272,0.13586,0.130971,0.113633,0.089627,0.064801,0.043248,0.026802,0.015502,0.008406,0.00429,0.002068,0.000944,0.00041,0.000169,6.7e-05,2.5e-05,9e-06,3e-06,2e-06,0.973357,0.026643,1,0.027004,0.933077,0.066923,1,0.069268,0.863181,0.136819,1,0.147131,0.76211,0.23789,1,0.271664,0.636838,0.363162,1,0.45124,0.500978,0.499022,1,0.691193,0.370006,0.629994,1,0.994235,0.256374,0.743626,0,0.296217,0.166747,0.833253,0,0.182418,0.101946,0.898054,0,0.107525,0.058698,0.941302,0,0.060491,0.031896,0.968104,0,0.032416,0.016394,0.983606,0,0.016529
2620,2025/26,31,Korona Kielce,Piast Gliwice,7.0,4.0,11.0,4.8289,4.2246,9.0534,1,-3512.7173,0.7336,0.6005,0.0793,0.2404,0.1929,0.000117,0.001059,0.004795,0.014469,0.032749,0.059297,0.089474,0.11572,0.130958,0.131735,0.119265,0.09816,0.074057,0.051574,0.033352,0.02013,0.01139,0.006066,0.003051,0.001454,0.000658,0.000284,0.000117,4.6e-05,1.7e-05,6e-06,3e-06,0.97956,0.02044,1,0.020652,0.946812,0.053188,1,0.054655,0.887515,0.112485,1,0.11933,0.798041,0.201959,1,0.225595,0.682321,0.317679,1,0.382255,0.551363,0.448637,1,0.595361,0.419628,0.580372,1,0.868385,0.300364,0.699636,1,1.202762,0.202204,0.797796,0,0.225902,0.128147,0.871853,0,0.137135,0.076573,0.923427,0,0.079664,0.043222,0.956778,0,0.044184,0.023092,0.976908,0,0.023363
2621,2025/26,31,GKS Katowice,Bruk-Bet Termalica Nieciecza,7.0,1.0,8.0,5.3493,4.1443,9.4936,1,-3512.7173,0.7336,0.6005,0.0793,0.2404,0.1929,7.5e-05,0.000715,0.003395,0.010743,0.025497,0.048411,0.0766,0.103888,0.123284,0.130046,0.123461,0.106554,0.084299,0.061562,0.041746,0.026421,0.015677,0.008755,0.004618,0.002307,0.001095,0.000495,0.000214,8.8e-05,3.5e-05,1.3e-05,7e-06,0.985072,0.014928,1,0.01504,0.959575,0.040425,1,0.041264,0.911164,0.088836,1,0.093032,0.834564,0.165436,1,0.180846,0.730676,0.269324,1,0.313785,0.607392,0.392608,0,0.934944,0.477346,0.522654,0,0.648837,0.353886,0.646114,0,0.436779,0.247332,0.752668,0,0.284131,0.163033,0.836967,0,0.177971,0.101472,0.898528,0,0.106997,0.059726,0.940274,0,0.061584,0.033305,0.966695,0,0.033872
2622,2025/26,31,Raków Częstochowa,Jagiellonia Białystok,3.0,7.0,10.0,4.8889,3.8889,8.7778,1,-3512.7173,0.7336,0.6005,0.0793,0.2404,0.1929,0.000154,0.001353,0.005937,0.017373,0.038123,0.066927,0.097912,0.122778,0.134715,0.131389,0.11533,0.092031,0.067319,0.045455,0.028499,0.016677,0.009149,0.004724,0.002304,0.001064,0.000467,0.000195,7.8e-05,3e-05,1.1e-05,4e-06,2e-06,0.975183,0.024817,1,0.02513,0.93706,0.06294,1,0.065008,0.870133,0.129867,1,0.139109,0.772221,0.227779,1,0.258485,0.649443,0.350557,1,0.431641,0.514728,0.485272,1,0.664117,0.383339,0.616661,1,0.958836,0.268009,0.731991,0,0.311987,0.175978,0.824022,0,0.193558,0.108659,0.891341,0,0.115029,0.063205,0.936795,0,0.065291,0.034706,0.965294,0,0.035322,0.018028,0.981972,0,0.018193
2623,2025/26,32,Wisła Płock,Motor Lublin,4.0,6.0,10.0,4.6123,3.9521,8.5643,1,-3543.3032,0.7141,0.5818,0.0845,0.2412,0.199,0.000191,0.001634,0.006997,0.019975,0.042768,0.073256,0.104565,0.127933,0.136957,0.130328,0.111617,0.086902,0.062021,0.040859,0.024995,0.014271,0.007639,0.003848,0.001831,0.000825,0.000353,0.000144,5.6e-05,2.1e-05,7e-06,3e-06,1e-06,0.971203,0.028797,1,0.02922,0.928435,0.071565,1,0.074255,0.855178,0.144822,1,0.156445,0.750613,0.249387,1,0.286865,0.62268,0.37732,1,0.473722,0.485723,0.514277,1,0.722117,0.355396,0.644604,1,1.034524,0.243779,0.756221,0,0.279421,0.156877,0.843123,0,0.170642,0.094855,0.905145,0,0.09966,0.053996,0.946004,0,0.055508,0.029001,0.970999,0,0.029429,0.014729,0.985271,0,0.014839
2624,2025/26,32,Bruk-Bet Termalica Nieciecza,Legia Warszawa,4.0,1.0,5.0,4.3694,3.9918,8.3612,1,-3543.3032,0.7141,0.5818,0.0845,0.2412,0.199,0.000234,0.001955,0.008171,0.022773,0.047603,0.079604,0.110931,0.132503,0.138486,0.128657,0.107573,0.081767,0.056973,0.036643,0.021884,0.012199,0.006375,0.003135,0.001456,0.000641,0.000268,0.000107,4.1e-05,1.5e-05,5e-06,2e-06,1e-06,0.966867,0.033133,1,0.033694,0.919264,0.080736,1,0.084182,0.83966,0.16034,0,1.830458,0.728728,0.271272,0,1.304635,0.596226,0.403774,0,0.906899,0.45774,0.54226,0,0.612009,0.329083,0.670917,0,0.39911,0.221511,0.778489,0,0.2504,0.139744,0.860256,0,0.150525,0.082771,0.917229,0,0.086398,0.046128,0.953872,0,0.047226,0.024244,0.975756,0,0.024542,0.012045,0.987955,0,0.012118
2625,2025/26,32,Górnik Zabrze,Zagłębie Lubin,5.0,6.0,11.0,4.5301,3.1474,7.6775,1,-3543.3032,0.7141,0.5818,0.0845,0.2412,0.199,0.000463,0.003556,0.013649,0.034931,0.067046,0.102949,0.131732,0.144482,0.138657,0.118282,0.090811,0.063382,0.040551,0.023949,0.013133,0.006722,0.003226,0.001457,0.000621,0.000251,9.6e-05,3.5e-05,1.2e-05,4e-06,1e-06,0.0,0.0,0.9474,0.0526,1,0.054033,0.880354,0.119646,1,0.127431,0.777405,0.222595,1,0.251794,0.645673,0.354327,1,0.437462,0.501191,0.498809,1,0.690767,0.362534,0.637466,1,1.014636,0.244252,0.755748,1,1.409554,0.153441,0.846559,1,1.874438,0.090059,0.909941,0,0.094376,0.049508,0.950492,0,0.050776,0.02556,0.97444,0,0.025892,0.012426,0.987574,0,0.012504,0.005704,0.994296,0,0.005721
2626,2025/26,32,Cracovia,Radomiak Radom,4.0,1.0,5.0,4.6699,3.6525,8.3224,1,-3543.3032,0.7141,0.5818,0.0845,0.2412,0.199,0.000243,0.002022,0.008416,0.023347,0.048575,0.080852,0.112147,0.133333,0.138706,0.128263,0.106745,0.080761,0.056011,0.035857,0.021315,0.011826,0.006151,0.003011,0.001392,0.00061,0.000254,0.000101,3.8e-05,1.4e-05,5e-06,2e-06,1e-06,0.965972,0.034028,1,0.034621,0.917396,0.082604,1,0.086216,0.836544,0.163456,0,1.811212,0.724397,0.275603,0,1.288792,0.591063,0.408937,0,0.894195,0.452357,0.547643,0,0.602132,0.324094,0.675906,0,0.391701,0.217349,0.782651,0,0.245068,0.136588,0.863412,0,0.146863,0.080577,0.919423,0,0.084009,0.04472,0.95528,0,0.045751,0.023405,0.976595,0,0.023683,0.011578,0.988422,0,0.011646
2627,2025/26,32,Lech Poznań,Arka Gdynia,7.0,2.0,9.0,5.6015,4.1803,9.7819,1,-3543.3032,0.7141,0.5818,0.0845,0.2412,0.199,5.6e-05,0.000552,0.002701,0.008808,0.021541,0.042142,0.068705,0.096009,0.117393,0.127592,0.124808,0.110987,0.090472,0.068076,0.047565,0.031018,0.018964,0.010912,0.00593,0.003053,0.001493,0.000696,0.000309,0.000132,5.4e-05,2.1e-05,1.2e-05,0.987881,0.012119,1,0.012193,0.96634,0.03366,1,0.034239,0.924198,0.075802,1,0.078829,0.855494,0.144506,1,0.156077,0.759485,0.240515,1,0.275115,0.642092,0.357908,1,0.443024,0.5145,0.4855,0,0.722577,0.389692,0.610308,0,0.493791,0.278705,0.721295,0,0.326707,0.188233,0.811767,0,0.208542,0.120157,0.879843,0,0.128012,0.072592,0.927408,0,0.075362,0.041574,0.958426,0,0.042463
2628,2025/26,32,Raków Częstochowa,Korona Kielce,5.0,3.0,8.0,4.9548,3.8418,8.7966,1,-3543.3032,0.7141,0.5818,0.0845,0.2412,0.199,0.000151,0.00133,0.005852,0.017158,0.037733,0.066385,0.097328,0.122308,0.134487,0.131449,0.115631,0.092469,0.067785,0.045868,0.02882,0.016901,0.009292,0.004808,0.00235,0.001088,0.000478,0.0002,8e-05,3.1e-05,1.1e-05,4e-06,2e-06,0.975509,0.024491,1,0.024796,0.937775,0.062225,1,0.064245,0.87139,0.12861,1,0.137665,0.774063,0.225937,1,0.256103,0.651755,0.348245,1,0.428087,0.517267,0.482733,0,0.728292,0.385818,0.614182,0,0.487465,0.270188,0.729812,0,0.314968,0.177719,0.822281,0,0.195673,0.109934,0.890066,0,0.116459,0.064066,0.935934,0,0.066211,0.035246,0.964754,0,0.035882,0.018345,0.981655,0,0.018515
2629,2025/26,32,Jagiellonia Białystok,Pogoń Szczecin,14.0,3.0,17.0,5.0243,3.8265,8.8507,1,-3543.3032,0.7141,0.5818,0.0845,0.2412,0.199,0.000143,0.001268,0.005612,0.016556,0.036634,0.064847,0.095657,0.120948,0.13381,0.131591,0.116468,0.093711,0.069118,0.047057,0.029749,0.017554,0.00971,0.005055,0.002486,0.001158,0.000512,0.000216,8.7e-05,3.3e-05,1.2e-05,4e-06,2e-06,0.976421,0.023579,1,0.023862,0.939787,0.060213,1,0.062102,0.87494,0.12506,1,0.1336,0.779283,0.220717,1,0.249382,0.658334,0.341666,1,0.418042,0.524524,0.475476,1,0.645263,0.392933,0.607067,1,0.934115,0.276466,0.723534,1,1.285668,0.182755,0.817245,1,1.699611,0.113637,0.886363,1,2.174747,0.06658,0.93342,1,2.709355,0.03683,0.96317,1,3.301432,0.019277,0.980723,1,3.948851
2630,2025/26,32,Piast Gliwice,GKS Katowice,3.0,4.0,7.0,4.7988,4.3153,9.1141,1,-3543.3032,0.7141,0.5818,0.0845,0.2412,0.199,0.00011,0.001003,0.004573,0.013892,0.031654,0.0577,0.087648,0.114119,0.130012,0.131661,0.119998,0.099425,0.075515,0.052942,0.034466,0.020942,0.011929,0.006396,0.003238,0.001553,0.000708,0.000307,0.000127,5e-05,1.9e-05,7e-06,4e-06,0.980421,0.019579,1,0.019773,0.948767,0.051233,1,0.052592,0.891067,0.108933,1,0.115335,0.803419,0.196581,1,0.218878,0.6893,0.3107,0,1.168928,0.559288,0.440712,0,0.819364,0.427627,0.572373,0,0.557964,0.307629,0.692371,0,0.367633,0.208204,0.791796,0,0.233451,0.132689,0.867311,0,0.142358,0.079747,0.920253,0,0.083107,0.045281,0.954719,0,0.046338,0.024339,0.975661,0,0.02464
2631,2025/26,32,Widzew Łódź,Lechia Gdańsk,4.0,2.0,6.0,4.3019,4.0036,8.3055,1,-3543.3032,0.7141,0.5818,0.0845,0.2412,0.199,0.000247,0.002053,0.008525,0.0236,0.049003,0.081399,0.112676,0.13369,0.138795,0.128084,0.10638,0.080321,0.055592,0.035517,0.02107,0.011667,0.006056,0.002959,0.001365,0.000597,0.000248,9.8e-05,3.7e-05,1.3e-05,5e-06,2e-06,1e-06,0.965575,0.034425,1,0.035032,0.916572,0.083428,1,0.087115,0.835173,0.164827,1,0.180117,0.722496,0.277504,0,1.281921,0.588806,0.411194,0,0.888691,0.450011,0.549989,0,0.597858,0.321927,0.678073,0,0.388501,0.215547,0.784453,0,0.242769,0.135226,0.864774,0,0.145287,0.079634,0.920366,0,0.082984,0.044117,0.955883,0,0.04512,0.023046,0.976954,0,0.023316,0.01138,0.98862,0,0.011445
2632,2025/26,33,Arka Gdynia,Bruk-Bet Termalica Nieciecza,4.0,4.0,8.0,4.877,4.065,8.942,1,-3581.8338,0.7122,0.5768,0.0892,0.2397,0.1979,0.000131,0.001169,0.005228,0.015584,0.034838,0.062305,0.092855,0.118617,0.132585,0.131731,0.117794,0.095757,0.071355,0.049082,0.031349,0.018688,0.010445,0.005494,0.002729,0.001284,0.000574,0.000245,9.9e-05,3.9e-05,1.4e-05,5e-06,3e-06,0.977888,0.022112,1,0.022361,0.943049,0.056951,1,0.058637,0.880745,0.119255,1,0.126988,0.787889,0.212111,1,0.238398,0.669272,0.330728,1,0.401564,0.536688,0.463312,0,0.769354,0.404957,0.595043,0,0.519121,0.287162,0.712838,0,0.338501,0.191406,0.808594,0,0.212458,0.12005,0.87995,0,0.127891,0.070969,0.929031,0,0.073613,0.03962,0.96038,0,0.040426,0.020931,0.979069,0,0.021153
2633,2025/26,33,Wisła Płock,Górnik Zabrze,1.0,5.0,6.0,4.0742,4.1169,8.1911,1,-3581.8338,0.7122,0.5768,0.0892,0.2397,0.1979,0.000277,0.00227,0.009296,0.025382,0.051976,0.085149,0.116244,0.136024,0.139273,0.126756,0.103827,0.077315,0.052774,0.033252,0.019455,0.010624,0.005439,0.002621,0.001193,0.000514,0.000211,8.2e-05,3.1e-05,1.1e-05,4e-06,1e-06,1e-06,0.962775,0.037225,1,0.037935,0.910799,0.089201,1,0.093433,0.82565,0.17435,1,0.191584,0.709407,0.290593,0,1.235831,0.573383,0.426617,0,0.851869,0.43411,0.56589,0,0.569355,0.307354,0.692646,0,0.367236,0.203527,0.796473,0,0.227562,0.126212,0.873788,0,0.134918,0.073438,0.926562,0,0.076274,0.040185,0.959815,0,0.041015,0.02073,0.97927,0,0.020948,0.010106,0.989894,0,0.010157
2634,2025/26,33,Lechia Gdańsk,Legia Warszawa,6.0,4.0,10.0,4.7521,3.739,8.4911,1,-3581.8338,0.7122,0.5768,0.0892,0.2397,0.1979,0.000205,0.001743,0.007401,0.020946,0.044464,0.07551,0.10686,0.129623,0.137579,0.1298,0.110214,0.085076,0.060199,0.03932,0.023848,0.013499,0.007164,0.003578,0.001688,0.000754,0.00032,0.000129,5e-05,1.8e-05,7e-06,2e-06,1e-06,0.969705,0.030295,1,0.030764,0.92524,0.07476,1,0.077702,0.849731,0.150269,1,0.162836,0.742871,0.257129,1,0.297233,0.613248,0.386752,1,0.488986,0.475669,0.524331,1,0.743034,0.345869,0.654131,1,1.061696,0.235655,0.764345,0,0.268735,0.150578,0.849422,0,0.1632,0.090379,0.909621,0,0.094728,0.05106,0.94894,0,0.052409,0.027212,0.972788,0,0.027589,0.013713,0.986287,0,0.013808
2635,2025/26,33,Motor Lublin,Cracovia,7.0,7.0,14.0,4.3396,4.0747,8.4142,1,-3581.8338,0.7122,0.5768,0.0892,0.2397,0.1979,0.000222,0.001865,0.007848,0.022011,0.046301,0.077918,0.10927,0.131346,0.138147,0.129156,0.108675,0.083128,0.058289,0.037727,0.022675,0.012719,0.006689,0.003311,0.001548,0.000685,0.000288,0.000116,4.4e-05,1.6e-05,6e-06,2e-06,1e-06,0.968054,0.031946,1,0.032467,0.921753,0.078247,1,0.081478,0.843836,0.156164,1,0.169797,0.734566,0.265434,1,0.308475,0.603221,0.396779,1,0.505472,0.465074,0.534926,1,0.765559,0.335918,0.664082,1,1.090887,0.227244,0.772756,1,1.481732,0.144115,0.855885,1,1.937142,0.085827,0.914173,1,2.455425,0.0481,0.9519,1,3.034483,0.025425,0.974575,0,0.025754,0.012705,0.987295,0,0.012787
2636,2025/26,33,Zagłębie Lubin,Pogoń Szczecin,3.0,5.0,8.0,4.3508,4.0911,8.4419,1,-3581.8338,0.7122,0.5768,0.0892,0.2397,0.1979,0.000216,0.00182,0.007684,0.021623,0.045634,0.077047,0.108403,0.130732,0.137953,0.129398,0.109236,0.083832,0.058975,0.038297,0.023093,0.012996,0.006857,0.003405,0.001597,0.00071,0.000299,0.00012,4.6e-05,1.7e-05,6e-06,2e-06,1e-06,0.968657,0.031343,1,0.031844,0.923024,0.076976,1,0.080101,0.845977,0.154023,1,0.167263,0.737574,0.262426,1,0.304389,0.606841,0.393159,1,0.499488,0.468888,0.531112,0,0.632783,0.33949,0.66051,0,0.414744,0.230254,0.769746,0,0.261695,0.146422,0.853578,0,0.158318,0.087447,0.912553,0,0.091509,0.04915,0.95085,0,0.050399,0.026057,0.973943,0,0.026403,0.013061,0.986939,0,0.013147
2637,2025/26,33,Radomiak Radom,Lech Poznań,2.0,5.0,7.0,3.9938,4.4185,8.4123,1,-3581.8338,0.7122,0.5768,0.0892,0.2397,0.1979,0.000222,0.001869,0.00786,0.022039,0.046349,0.07798,0.109332,0.13139,0.13816,0.129138,0.108634,0.083078,0.058239,0.037686,0.022645,0.0127,0.006677,0.003304,0.001544,0.000684,0.000288,0.000115,4.4e-05,1.6e-05,6e-06,2e-06,1e-06,0.968011,0.031989,1,0.032512,0.921661,0.078339,1,0.081577,0.843681,0.156319,1,0.169981,0.734349,0.265651,1,0.30877,0.60296,0.39704,0,0.923718,0.4648,0.5352,0,0.625114,0.335662,0.664338,0,0.408964,0.227028,0.772972,0,0.257513,0.14395,0.85605,0,0.155427,0.085711,0.914289,0,0.089609,0.048025,0.951975,0,0.049216,0.02538,0.97462,0,0.025707,0.01268,0.98732,0,0.012761
2638,2025/26,33,Korona Kielce,Widzew Łódź,2.0,3.0,5.0,4.3667,3.531,7.8976,1,-3581.8338,0.7122,0.5768,0.0892,0.2397,0.1979,0.000372,0.002935,0.011589,0.03051,0.060239,0.095149,0.125242,0.141302,0.139494,0.122408,0.096674,0.069409,0.04568,0.027751,0.015655,0.008242,0.004069,0.00189,0.000829,0.000345,0.000136,5.1e-05,1.8e-05,6e-06,2e-06,1e-06,0.0,0.954594,0.045406,1,0.046469,0.894355,0.105645,1,0.111652,0.799206,0.200794,0,1.605476,0.673964,0.326036,0,1.120747,0.532662,0.467338,0,0.760701,0.393167,0.606833,0,0.499502,0.270759,0.729241,0,0.315751,0.174085,0.825915,0,0.191263,0.104677,0.895323,0,0.11057,0.058996,0.941004,0,0.060808,0.031245,0.968755,0,0.031744,0.01559,0.98441,0,0.015713,0.007348,0.992652,0,0.007375
2639,2025/26,33,GKS Katowice,Jagiellonia Białystok,5.0,8.0,13.0,5.0195,4.1942,9.2137,1,-3581.8338,0.7122,0.5768,0.0892,0.2397,0.1979,0.0001,0.000918,0.00423,0.012993,0.029927,0.055148,0.084687,0.111468,0.128379,0.131427,0.121093,0.101428,0.077877,0.055195,0.036325,0.022312,0.012849,0.006964,0.003565,0.001729,0.000796,0.000349,0.000146,5.9e-05,2.3e-05,8e-06,4e-06,0.981759,0.018241,1,0.018409,0.951831,0.048169,1,0.049367,0.896683,0.103317,1,0.109053,0.811996,0.188004,1,0.20826,0.700528,0.299472,1,0.355921,0.572149,0.427851,1,0.558355,0.440722,0.559278,1,0.819341,0.319629,0.680371,1,1.140593,0.218201,0.781799,1,1.522337,0.140324,0.859676,1,1.963801,0.085129,0.914871,0,0.088972,0.048804,0.951196,0,0.050035,0.026492,0.973508,0,0.026849
2640,2025/26,33,Piast Gliwice,Raków Częstochowa,9.0,5.0,14.0,5.0957,4.1457,9.2414,1,-3581.8338,0.7122,0.5768,0.0892,0.2397,0.1979,9.7e-05,0.000896,0.00414,0.012752,0.029462,0.054454,0.083871,0.110726,0.127907,0.131337,0.121374,0.101969,0.078528,0.055823,0.036849,0.022702,0.013112,0.007128,0.00366,0.00178,0.000822,0.000362,0.000152,6.1e-05,2.4e-05,9e-06,5e-06,0.982115,0.017885,1,0.018047,0.952653,0.047347,1,0.048504,0.8982,0.1018,1,0.107363,0.814329,0.185671,1,0.205391,0.703603,0.296397,1,0.351541,0.575696,0.424304,1,0.552175,0.444359,0.555641,1,0.811123,0.322985,0.677015,1,1.130149,0.221016,0.778984,1,1.509519,0.142489,0.857511,1,1.948492,0.086665,0.913335,1,2.4457,0.049817,0.950183,0,0.0511,0.027115,0.972885,0,0.027489
2641,2025/26,34,Bruk-Bet Termalica Nieciecza,Lechia Gdańsk,5.0,4.0,9.0,4.6458,4.4561,9.1019,1,-3629.4908,0.6834,0.552,0.0887,0.2454,0.2108,0.000111,0.001014,0.004617,0.014007,0.031872,0.05802,0.088015,0.114443,0.130206,0.13168,0.119854,0.099173,0.075222,0.052666,0.03424,0.020777,0.011819,0.006328,0.0032,0.001533,0.000698,0.000302,0.000125,5e-05,1.9e-05,7e-06,4e-06,0.980251,0.019749,1,0.019947,0.948378,0.051622,1,0.053002,0.890359,0.109641,1,0.116131,0.802344,0.197656,1,0.220218,0.687901,0.312099,1,0.374111,0.557695,0.442305,1,0.583944,0.426014,0.573986,0,0.555151,0.30616,0.69384,0,0.365515,0.206988,0.793012,0,0.231917,0.131766,0.868234,0,0.141294,0.0791,0.9209,0,0.082404,0.04486,0.95514,0,0.045898,0.024084,0.975916,0,0.024378
2642,2025/26,34,Legia Warszawa,Motor Lublin,11.0,5.0,16.0,4.4992,3.6856,8.1848,1,-3629.4908,0.6834,0.552,0.0887,0.2454,0.2108,0.000279,0.002282,0.00934,0.025483,0.052144,0.085358,0.11644,0.136148,0.139293,0.126677,0.103682,0.077147,0.05262,0.033129,0.019368,0.010568,0.005406,0.002603,0.001184,0.00051,0.000209,8.1e-05,3e-05,1.1e-05,4e-06,1e-06,1e-06,0.962615,0.037385,1,0.038102,0.910471,0.089529,1,0.093794,0.825113,0.174887,1,0.192235,0.708673,0.291327,1,0.344361,0.572525,0.427475,1,0.5577,0.433231,0.566769,1,0.836484,0.306555,0.693445,1,1.182359,0.202872,0.797128,1,1.595179,0.125725,0.874275,1,2.073659,0.073105,0.926895,1,2.615855,0.039976,0.960024,1,3.219479,0.020607,0.979393,1,3.882101,0.010039,0.989961,1,4.601273
2643,2025/26,34,Górnik Zabrze,Radomiak Radom,11.0,3.0,14.0,4.5328,3.3469,7.8797,1,-3629.4908,0.6834,0.552,0.0887,0.2454,0.2108,0.000378,0.002981,0.011745,0.03085,0.060773,0.095775,0.12578,0.141587,0.139459,0.1221,0.096212,0.06892,0.045256,0.027431,0.015439,0.008111,0.003994,0.001851,0.00081,0.000336,0.000132,5e-05,1.8e-05,6e-06,2e-06,1e-06,0.0,0.954045,0.045955,1,0.047044,0.893273,0.106727,1,0.112864,0.797498,0.202502,1,0.226276,0.671718,0.328282,1,0.397916,0.530131,0.469869,1,0.634632,0.390672,0.609328,1,0.939888,0.268571,0.731429,1,1.314639,0.172359,0.827641,1,1.758173,0.103439,0.896561,1,2.268773,0.058183,0.941817,1,2.844167,0.030751,0.969249,1,3.481821,0.015312,0.984688,0,0.01543,0.007201,0.992799,0,0.007227
2644,2025/26,34,Pogoń Szczecin,GKS Katowice,2.0,3.0,5.0,4.3382,4.4729,8.811,1,-3629.4908,0.6834,0.552,0.0887,0.2454,0.2108,0.000149,0.001314,0.005787,0.016996,0.037439,0.065974,0.096883,0.121948,0.134311,0.131491,0.115857,0.092801,0.068139,0.046183,0.029066,0.017073,0.009402,0.004873,0.002385,0.001106,0.000487,0.000204,8.2e-05,3.1e-05,1.2e-05,4e-06,2e-06,0.975754,0.024246,1,0.024545,0.938316,0.061684,1,0.063669,0.872341,0.127659,0,2.058396,0.775458,0.224542,0,1.493694,0.65351,0.34649,0,1.059901,0.519199,0.480801,0,0.732301,0.387708,0.612292,0,0.490546,0.271851,0.728149,0,0.31725,0.17905,0.82095,0,0.197293,0.110911,0.889089,0,0.117557,0.064728,0.935272,0,0.066918,0.035662,0.964338,0,0.036314,0.018589,0.981411,0,0.018764
2645,2025/26,34,Cracovia,Korona Kielce,1.0,2.0,3.0,5.1469,3.8001,8.9469,1,-3629.4908,0.6834,0.552,0.0887,0.2454,0.2108,0.00013,0.001164,0.005208,0.015533,0.034744,0.06217,0.092706,0.118491,0.132516,0.131735,0.117863,0.095865,0.071475,0.049191,0.031436,0.018751,0.010485,0.005518,0.002743,0.001292,0.000578,0.000246,0.0001,3.9e-05,1.5e-05,5e-06,3e-06,0.977964,0.022036,0,3.815068,0.94322,0.05678,0,2.868569,0.88105,0.11895,0,2.129048,0.788344,0.211656,0,1.552791,0.669853,0.330147,0,1.108218,0.537337,0.462663,0,0.770756,0.405602,0.594398,0,0.520206,0.287739,0.712261,0,0.339312,0.191875,0.808125,0,0.213038,0.1204,0.8796,0,0.128288,0.07121,0.92879,0,0.073872,0.039773,0.960227,0,0.040586,0.021023,0.978977,0,0.021247
2646,2025/26,34,Lech Poznań,Wisła Płock,3.0,5.0,8.0,5.642,4.095,9.7369,1,-3629.4908,0.6834,0.552,0.0887,0.2454,0.2108,5.9e-05,0.000575,0.0028,0.009087,0.02212,0.043076,0.069904,0.097236,0.118348,0.128038,0.12467,0.110355,0.089543,0.067067,0.046645,0.030279,0.018426,0.010554,0.005709,0.002926,0.001424,0.00066,0.000292,0.000124,5e-05,2e-05,1.1e-05,0.987479,0.012521,1,0.0126,0.965359,0.034641,1,0.035255,0.922284,0.077716,1,0.080903,0.852379,0.147621,1,0.159724,0.755143,0.244857,1,0.280848,0.636795,0.363205,0,1.012788,0.508756,0.491244,0,0.710815,0.384086,0.615914,0,0.484648,0.273731,0.726269,0,0.319835,0.184188,0.815812,0,0.203571,0.117121,0.882879,0,0.124567,0.070475,0.929525,0,0.073082,0.040197,0.959803,0,0.041027
2647,2025/26,34,Raków Częstochowa,Arka Gdynia,5.0,2.0,7.0,4.941,3.7192,8.6602,1,-3629.4908,0.6834,0.552,0.0887,0.2454,0.2108,0.000173,0.001501,0.0065,0.018765,0.040628,0.070369,0.101568,0.125657,0.136027,0.130891,0.113355,0.089243,0.064405,0.042905,0.02654,0.015323,0.008294,0.004225,0.002033,0.000927,0.000401,0.000165,6.5e-05,2.5e-05,9e-06,3e-06,1e-06,0.97306,0.02694,1,0.02731,0.932432,0.067568,1,0.069959,0.862063,0.137937,1,0.148426,0.760495,0.239505,1,0.273785,0.634838,0.365162,0,1.007415,0.498811,0.501189,0,0.690772,0.36792,0.63208,0,0.458739,0.254565,0.745435,0,0.293787,0.165322,0.834678,0,0.180709,0.100916,0.899084,0,0.106379,0.058011,0.941989,0,0.059762,0.031471,0.968529,0,0.031977,0.016148,0.983852,0,0.01628
2648,2025/26,34,Jagiellonia Białystok,Zagłębie Lubin,4.0,5.0,9.0,5.3422,3.5093,8.8515,1,-3629.4908,0.6834,0.552,0.0887,0.2454,0.2108,0.000143,0.001267,0.005609,0.016548,0.036619,0.064826,0.095634,0.120929,0.1338,0.131592,0.116479,0.093728,0.069136,0.047074,0.029762,0.017563,0.009716,0.005059,0.002488,0.001159,0.000513,0.000216,8.7e-05,3.3e-05,1.2e-05,4e-06,2e-06,0.976433,0.023567,1,0.023849,0.939814,0.060186,1,0.062073,0.874988,0.125012,1,0.133545,0.779354,0.220646,1,0.24929,0.658425,0.341575,1,0.417905,0.524624,0.475376,1,0.645073,0.393032,0.606968,0,0.499279,0.276553,0.723447,0,0.323728,0.182825,0.817175,0,0.201902,0.113689,0.886311,0,0.120687,0.066615,0.933385,0,0.068937,0.036853,0.963147,0,0.037549,0.01929,0.98071,0,0.019478
2649,2025/26,34,Widzew Łódź,Piast Gliwice,2.0,3.0,5.0,4.7119,3.9867,8.6986,1,-3629.4908,0.6834,0.552,0.0887,0.2454,0.2108,0.000167,0.001451,0.006311,0.018299,0.039795,0.069232,0.100371,0.124727,0.135619,0.131077,0.114019,0.090164,0.065359,0.043733,0.027173,0.015758,0.008567,0.004384,0.002118,0.00097,0.000422,0.000175,6.9e-05,2.6e-05,9e-06,3e-06,2e-06,0.973772,0.026228,1,0.026579,0.933977,0.066023,1,0.068304,0.864744,0.135256,0,2.000589,0.764374,0.235626,0,1.445508,0.639647,0.360353,0,1.020671,0.504028,0.495972,0,0.701236,0.372951,0.627049,0,0.466731,0.258932,0.741068,0,0.299663,0.168767,0.831233,0,0.184846,0.103408,0.896592,0,0.109155,0.059675,0.940325,0,0.06153,0.032502,0.967498,0,0.033042,0.016745,0.983255,0,0.016887
