match_id,sezon,kolejka,gospodarz,gosc,zk_gosp_rzecz,zk_gosc_rzecz,suma_rzecz,referee_name,referee_full_name,ref_matches_before,ref_reliability_k10,league_yc_avg_before,ref_yc_shrunk_before,ref_yc_delta_raw,ref_yc_log_ratio,lambda_home,lambda_away,lambda_suma,fit_success,fit_fun,coef_b_home,coef_b_away,coef_w_for,coef_w_against,coef_w_total,coef_w_ref,model_variant,use_referee,p_sum_0,p_sum_1,p_sum_2,p_sum_3,p_sum_4,p_sum_5,p_sum_6,p_sum_7,p_sum_8,p_sum_9,p_sum_10,p_sum_11,p_sum_12,p_sum_13_plus,p_over_0_5,p_under_0_5,over_0_5_rzecz,ll_over_0_5,p_over_1_5,p_under_1_5,over_1_5_rzecz,ll_over_1_5,p_over_2_5,p_under_2_5,over_2_5_rzecz,ll_over_2_5,p_over_3_5,p_under_3_5,over_3_5_rzecz,ll_over_3_5,p_over_4_5,p_under_4_5,over_4_5_rzecz,ll_over_4_5,p_over_5_5,p_under_5_5,over_5_5_rzecz,ll_over_5_5,p_over_6_5,p_under_6_5,over_6_5_rzecz,ll_over_6_5,p_over_7_5,p_under_7_5,over_7_5_rzecz,ll_over_7_5
2344,2025/26,1,Jagiellonia Białystok,Bruk-Bet Termalica Nieciecza,1.0,0.0,1.0,Malec P.,Pawel Malec,22.0,0.6875,4.2141,4.2544,0.040300000000000225,0.008512487374502609,1.9944,2.1813,4.1756,1,648.6064,0.5363,0.5967,0.1121,0.1106,-0.0353,0.7066,referee,1,0.015365,0.06416,0.133955,0.186449,0.194636,0.162546,0.113122,0.06748,0.035221,0.016341,0.006824,0.00259,0.000901,0.000408,0.984635,0.015365,1,0.015485,0.920474,0.079526,0,2.531676,0.786519,0.213481,0,1.544209,0.60007,0.39993,0,0.916466,0.405434,0.594566,0,0.519924,0.242888,0.757112,0,0.278244,0.129766,0.870234,0,0.138993,0.062286,0.937714,0,0.06431
2345,2025/26,1,Lech Poznań,Cracovia,1.0,2.0,3.0,Sylwestrzak D.,Damian Sylwestrzak,39.0,0.7959,4.2088,4.3896,0.18079999999999963,0.037677402052938236,1.9312,2.1971,4.1284,1,648.6064,0.5363,0.5967,0.1121,0.1106,-0.0353,0.7066,referee,1,0.016109,0.066505,0.137278,0.188911,0.194973,0.160984,0.110767,0.065326,0.033711,0.015464,0.006384,0.002396,0.000824,0.000367,0.983891,0.016109,1,0.01624,0.917386,0.082614,1,0.086227,0.780108,0.219892,1,0.248323,0.591197,0.408803,0,0.894522,0.396224,0.603776,0,0.504551,0.23524,0.76476,0,0.268193,0.124473,0.875527,0,0.132929,0.059146,0.940854,0,0.060968
2346,2025/26,1,Widzew Łódź,Zagłębie Lubin,3.0,4.0,7.0,Raczkowski P.,Pawel Raczkowski,37.0,0.7872,4.2068,5.0653,0.8584999999999994,0.1675426200226633,2.3107,2.4531,4.7638,1,648.6064,0.5363,0.5967,0.1121,0.1106,-0.0353,0.7066,referee,1,0.008534,0.040652,0.096827,0.153754,0.183111,0.174459,0.138513,0.094263,0.056131,0.02971,0.014153,0.006129,0.002433,0.00133,0.991466,0.008534,1,0.00857,0.950815,0.049185,1,0.050436,0.853987,0.146013,1,0.157839,0.700234,0.299766,1,0.356341,0.517123,0.482877,1,0.659475,0.342664,0.657336,1,1.071006,0.20415,0.79585,1,1.588898,0.109887,0.890113,0,0.116407
2347,2025/26,1,Wisła Płock,Korona Kielce,1.0,3.0,4.0,Kos D.,Damian Kos,27.0,0.7297,4.2114,4.895,0.6835999999999993,0.1354874949337288,2.2479,2.4253,4.6732,1,648.6064,0.5363,0.5967,0.1121,0.1106,-0.0353,0.7066,referee,1,0.009343,0.04366,0.102015,0.15891,0.185654,0.173518,0.135147,0.090223,0.052704,0.027366,0.012789,0.005433,0.002116,0.001125,0.990657,0.009343,1,0.009387,0.946998,0.053002,1,0.054459,0.844983,0.155017,1,0.168439,0.686073,0.313927,1,0.376772,0.500419,0.499581,0,0.693986,0.326901,0.673099,0,0.395863,0.191754,0.808246,0,0.212889,0.101531,0.898469,0,0.107063
2348,2025/26,1,GKS Katowice,Raków Częstochowa,1.0,1.0,2.0,Przybyl J.,Jaroslaw Przybyl,42.0,0.8077,4.211,4.5598,0.3487999999999998,0.0714267571086098,2.0234,2.2359,4.2593,1,648.6064,0.5363,0.5967,0.1121,0.1106,-0.0353,0.7066,referee,1,0.014132,0.060193,0.12819,0.182,0.193799,0.16509,0.117195,0.07131,0.037966,0.017968,0.007653,0.002963,0.001052,0.00049,0.985868,0.014132,1,0.014233,0.925675,0.074325,1,0.077232,0.797486,0.202514,0,1.596945,0.615486,0.384514,0,0.955775,0.421687,0.578313,0,0.54764,0.256597,0.743403,0,0.296517,0.139402,0.860598,0,0.150128,0.068092,0.931908,0,0.070521
2349,2025/26,1,Górnik Zabrze,Lechia Gdańsk,1.0,1.0,2.0,Kochanek M.,Marcin Kochanek,20.0,0.6667,4.2075,4.1025,-0.10499999999999954,-0.02255734742407456,2.0139,2.0937,4.1076,1,648.6064,0.5363,0.5967,0.1121,0.1106,-0.0353,0.7066,referee,1,0.016448,0.067561,0.138755,0.189981,0.195089,0.160268,0.109719,0.064382,0.033057,0.015087,0.006197,0.002314,0.000792,0.000351,0.983552,0.016448,1,0.016585,0.915991,0.084009,1,0.087748,0.777237,0.222763,0,1.501646,0.587256,0.412744,0,0.884927,0.392166,0.607834,0,0.497854,0.231898,0.768102,0,0.263833,0.12218,0.87782,0,0.130313,0.057797,0.942203,0,0.059535
2350,2025/26,1,Motor Lublin,Arka Gdynia,2.0,4.0,6.0,Frankowski B.,Bartosz Frankowski,30.0,0.75,4.2039,4.126,-0.07789999999999964,-0.01669938805771176,2.0014,2.1304,4.1319,1,648.6064,0.5363,0.5967,0.1121,0.1106,-0.0353,0.7066,referee,1,0.016053,0.066329,0.13703,0.18873,0.194952,0.161103,0.110942,0.065485,0.033822,0.015528,0.006416,0.00241,0.00083,0.00037,0.983947,0.016053,1,0.016183,0.917618,0.082382,1,0.085974,0.780588,0.219412,1,0.247708,0.591858,0.408142,1,0.524489,0.396906,0.603094,1,0.924056,0.235803,0.764197,1,1.444758,0.124861,0.875139,0,0.133372,0.059375,0.940625,0,0.061211
2351,2025/26,1,Legia Warszawa,Piast Gliwice,3.0,1.0,4.0,Al-Emara M.,Mohammad Al-Emara,0.0,0.0,4.2068,4.2068,0.0,0.0,1.8167,2.1262,3.9429,1,648.6064,0.5363,0.5967,0.1121,0.1106,-0.0353,0.7066,referee,1,0.019392,0.07646,0.150738,0.198115,0.195286,0.153999,0.1012,0.057003,0.028095,0.012308,0.004853,0.00174,0.000572,0.000239,0.980608,0.019392,1,0.019582,0.904148,0.095852,1,0.100762,0.75341,0.24659,1,0.283145,0.555296,0.444704,1,0.588254,0.360009,0.639991,0,0.446302,0.20601,0.79399,0,0.230685,0.10481,0.89519,0,0.110719,0.047806,0.952194,0,0.048987
2352,2025/26,1,Radomiak Radom,Pogoń Szczecin,1.0,1.0,2.0,Lasyk P.,Piotr Lasyk,46.0,0.8214,4.2065,3.8583,-0.3482000000000003,-0.07686245893506483,1.9097,2.0578,3.9675,1,648.6064,0.5363,0.5967,0.1121,0.1106,-0.0353,0.7066,referee,1,0.018921,0.075068,0.148916,0.196941,0.195341,0.155003,0.102495,0.058093,0.02881,0.012701,0.005039,0.001817,0.000601,0.000253,0.981079,0.018921,1,0.019102,0.906011,0.093989,1,0.098704,0.757094,0.242906,0,1.415083,0.560153,0.439847,0,0.821328,0.364812,0.635188,0,0.453834,0.209809,0.790191,0,0.235481,0.107314,0.892686,0,0.113521,0.049222,0.950778,0,0.050474
2353,2025/26,2,Arka Gdynia,Radomiak Radom,1.0,3.0,4.0,Arys K.,Karol Arys,36.0,0.7826,4.2029,3.4354,-0.7674999999999996,-0.17816681116763977,1.7222,1.9247,3.6469,1,662.9649,0.5228,0.5844,0.1153,0.1091,-0.0261,0.7227,referee,1,0.026072,0.095082,0.173376,0.210762,0.192157,0.140155,0.085188,0.044382,0.020232,0.008198,0.00299,0.000991,0.000301,0.000113,0.973928,0.026072,1,0.026418,0.878846,0.121154,1,0.129145,0.70547,0.29453,1,0.348891,0.494708,0.505292,1,0.703787,0.302551,0.697449,0,0.360326,0.162396,0.837604,0,0.17721,0.077208,0.922792,0,0.080351,0.032826,0.967174,0,0.033377
2354,2025/26,2,Lechia Gdańsk,Lech Poznań,3.0,3.0,6.0,Frankowski B.,Bartosz Frankowski,31.0,0.7561,4.2087,4.1728,-0.03590000000000071,-0.007653397694440622,2.0269,2.1515,4.1784,1,662.9649,0.5228,0.5844,0.1153,0.1091,-0.0261,0.7227,referee,1,0.015323,0.064025,0.133762,0.186304,0.194613,0.162635,0.113259,0.067606,0.035311,0.016394,0.00685,0.002602,0.000906,0.000411,0.984677,0.015323,1,0.015442,0.920652,0.079348,1,0.082674,0.78689,0.21311,1,0.239667,0.600585,0.399415,1,0.50985,0.405972,0.594028,1,0.901471,0.243337,0.756663,1,1.413306,0.130079,0.869921,0,0.139352,0.062473,0.937527,0,0.064509
2355,2025/26,2,Pogoń Szczecin,Motor Lublin,2.0,1.0,3.0,Gryckiewicz P.,Patryk Gryckiewicz,27.0,0.7297,4.2115,4.5977,0.38619999999999965,0.07878312895120798,2.2034,2.2812,4.4846,1,662.9649,0.5228,0.5844,0.1153,0.1091,-0.0261,0.7227,referee,1,0.011281,0.050593,0.113444,0.169583,0.190128,0.17053,0.12746,0.081658,0.045775,0.022809,0.010229,0.00417,0.001559,0.000781,0.988719,0.011281,1,0.011346,0.938126,0.061874,1,0.063871,0.824682,0.175318,1,0.192757,0.655099,0.344901,0,1.064498,0.464971,0.535029,0,0.625434,0.294441,0.705559,0,0.348765,0.166981,0.833019,0,0.182699,0.085323,0.914677,0,0.089185
2356,2025/26,2,Korona Kielce,Legia Warszawa,0.0,1.0,1.0,Marciniak S.,Szymon Marciniak,55.0,0.8462,4.2077,4.0166,-0.1910999999999996,-0.041439967641270004,1.9394,2.2046,4.144,1,662.9649,0.5228,0.5844,0.1153,0.1091,-0.0261,0.7227,referee,1,0.01586,0.065722,0.136175,0.188102,0.194873,0.16151,0.111549,0.066037,0.034207,0.01575,0.006527,0.002459,0.000849,0.00038,0.98414,0.01586,1,0.015987,0.918418,0.081582,0,2.506151,0.782243,0.217757,0,1.524376,0.594141,0.405859,0,0.901749,0.399268,0.600732,0,0.509606,0.237758,0.762242,0,0.271491,0.126209,0.873791,0,0.134914,0.060172,0.939828,0,0.062059
2357,2025/26,2,Cracovia,Bruk-Bet Termalica Nieciecza,3.0,5.0,8.0,Przybyl J.,Jaroslaw Przybyl,43.0,0.8113,4.2026,4.5099,0.3072999999999997,0.06330040756635924,1.9629,1.9714,3.9343,1,662.9649,0.5228,0.5844,0.1153,0.1091,-0.0261,0.7227,referee,1,0.019559,0.076952,0.151376,0.19852,0.19526,0.153643,0.100747,0.056624,0.027847,0.012173,0.004789,0.001713,0.000562,0.000234,0.980441,0.019559,1,0.019753,0.903489,0.096511,1,0.101491,0.752113,0.247887,1,0.284869,0.553593,0.446407,1,0.591326,0.358332,0.641668,1,1.026294,0.204689,0.795311,1,1.586262,0.103943,0.896057,1,2.263915,0.047319,0.952681,1,3.050853
2358,2025/26,2,GKS Katowice,Zagłębie Lubin,1.0,1.0,2.0,Szczerbowicz M.,Marcin Szczerbowicz,23.0,0.697,4.2099,4.2151,0.005199999999999427,0.0011034483878251677,1.9109,2.1358,4.0467,1,662.9649,0.5228,0.5844,0.1153,0.1091,-0.0261,0.7227,referee,1,0.01748,0.070737,0.143125,0.193061,0.195314,0.158075,0.106613,0.061633,0.031176,0.014018,0.005673,0.002087,0.000704,0.000305,0.98252,0.01748,1,0.017635,0.911782,0.088218,1,0.092354,0.768657,0.231343,0,1.463854,0.575596,0.424404,0,0.857069,0.380282,0.619718,0,0.478491,0.222207,0.777793,0,0.251295,0.115594,0.884406,0,0.122839,0.053962,0.946038,0,0.055472
2359,2025/26,2,Raków Częstochowa,Wisła Płock,4.0,4.0,8.0,Raczkowski P.,Pawel Raczkowski,38.0,0.7917,4.2026,5.1047,0.9020999999999999,0.17548998420070583,2.2909,2.5675,4.8585,1,662.9649,0.5228,0.5844,0.1153,0.1091,-0.0261,0.7227,referee,1,0.007762,0.037713,0.091615,0.148369,0.180211,0.17511,0.141794,0.098414,0.059768,0.032264,0.015676,0.006924,0.002803,0.001578,0.992238,0.007762,1,0.007793,0.954524,0.045476,1,0.046542,0.86291,0.13709,1,0.147445,0.714541,0.285459,1,0.336115,0.53433,0.46567,1,0.626741,0.359221,0.640779,1,1.023819,0.217427,0.782573,1,1.525894,0.119012,0.880988,1,2.128529
2360,2025/26,2,Jagiellonia Białystok,Widzew Łódź,2.0,3.0,5.0,Myc W.,Wojciech Myc,29.0,0.7436,4.2086,4.1561,-0.052499999999999325,-0.011212436066987186,1.9306,2.1153,4.0459,1,662.9649,0.5228,0.5844,0.1153,0.1091,-0.0261,0.7227,referee,1,0.017494,0.070778,0.143181,0.1931,0.195316,0.158046,0.106573,0.061598,0.031152,0.014004,0.005666,0.002084,0.000703,0.000304,0.982506,0.017494,1,0.017649,0.911728,0.088272,1,0.092414,0.768546,0.231454,1,0.263254,0.575447,0.424553,1,0.552608,0.380131,0.619869,1,0.967239,0.222085,0.777915,0,0.251138,0.115512,0.884488,0,0.122746,0.053914,0.946086,0,0.055422
2361,2025/26,2,Piast Gliwice,Górnik Zabrze,2.0,1.0,3.0,Kwiatkowski T.,Tomasz Kwiatkowski,35.0,0.7778,4.2096,4.1577,-0.051899999999999835,-0.011081214668050565,2.072,2.1084,4.1804,1,662.9649,0.5228,0.5844,0.1153,0.1091,-0.0261,0.7227,referee,1,0.015293,0.063929,0.133624,0.1862,0.194597,0.162698,0.113357,0.067697,0.035375,0.016431,0.006869,0.00261,0.000909,0.000412,0.984707,0.015293,1,0.015411,0.920779,0.079221,1,0.082536,0.787155,0.212845,1,0.23933,0.600955,0.399045,0,0.918681,0.406358,0.593642,0,0.521479,0.24366,0.75634,0,0.279265,0.130303,0.869697,0,0.139611,0.062607,0.937393,0,0.064652
2362,2025/26,3,Wisła Płock,Piast Gliwice,3.0,5.0,8.0,Gryckiewicz P.,Patryk Gryckiewicz,28.0,0.7368,4.2063,4.5543,0.34799999999999986,0.07133732944833904,1.9026,2.3168,4.2194,1,670.5252,0.5544,0.6177,0.1063,0.1167,-0.0592,0.7585,referee,1,0.014708,0.062058,0.130923,0.184137,0.194236,0.163911,0.115267,0.069479,0.036645,0.01718,0.007249,0.002781,0.000978,0.000449,0.985292,0.014708,1,0.014817,0.923234,0.076766,1,0.079872,0.792312,0.207688,1,0.2328,0.608175,0.391825,1,0.497293,0.413939,0.586061,1,0.882038,0.250028,0.749972,1,1.386184,0.13476,0.86524,1,2.004257,0.065281,0.934719,1,2.729054
2363,2025/26,3,Bruk-Bet Termalica Nieciecza,Pogoń Szczecin,0.0,2.0,2.0,Rzucidlo P.,Piotr Rzucidlo,5.0,0.3333,4.212,4.0747,-0.13729999999999976,-0.02957132354234626,1.9219,2.095,4.0169,1,670.5252,0.5544,0.6177,0.1063,0.1167,-0.0592,0.7585,referee,1,0.018009,0.072339,0.145289,0.194538,0.19536,0.156948,0.105074,0.060296,0.030275,0.013513,0.005428,0.001982,0.000663,0.000285,0.981991,0.018009,1,0.018173,0.909652,0.090348,1,0.094693,0.764363,0.235637,0,1.445462,0.569825,0.430175,0,0.843563,0.374465,0.625535,0,0.469148,0.217517,0.782483,0,0.245283,0.112443,0.887557,0,0.119282,0.052146,0.947854,0,0.053555
2364,2025/26,3,Legia Warszawa,Arka Gdynia,3.0,3.0,6.0,Lasyk P.,Piotr Lasyk,47.0,0.8246,4.2094,3.8262,-0.38319999999999954,-0.08487095283142176,1.8244,2.1735,3.9979,1,670.5252,0.5544,0.6177,0.1063,0.1167,-0.0592,0.7585,referee,1,0.018354,0.073378,0.146679,0.19547,0.195367,0.156211,0.104086,0.059446,0.029708,0.013196,0.005276,0.001917,0.000639,0.000272,0.981646,0.018354,1,0.018525,0.908268,0.091732,1,0.096216,0.761588,0.238412,1,0.272349,0.566119,0.433881,1,0.568951,0.370752,0.629248,1,0.992222,0.214541,0.785459,1,1.539255,0.110455,0.889545,0,0.117045,0.051008,0.948992,0,0.052355
2365,2025/26,3,Motor Lublin,Jagiellonia Białystok,2.0,1.0,3.0,Kwiatkowski T.,Tomasz Kwiatkowski,36.0,0.7826,4.2123,4.1331,-0.07920000000000016,-0.016949921066997886,1.9976,2.1797,4.1773,1,670.5252,0.5544,0.6177,0.1063,0.1167,-0.0592,0.7585,referee,1,0.01534,0.064079,0.133839,0.186362,0.194622,0.1626,0.113205,0.067556,0.035275,0.016373,0.006839,0.002597,0.000904,0.00041,0.98466,0.01534,1,0.015459,0.920581,0.079419,1,0.08275,0.786743,0.213257,1,0.239854,0.600381,0.399619,0,0.917245,0.405759,0.594241,0,0.52047,0.243159,0.756841,0,0.278602,0.129954,0.870046,0,0.13921,0.062399,0.937601,0,0.06443
2366,2025/26,3,Zagłębie Lubin,Korona Kielce,2.0,2.0,4.0,Myc W.,Wojciech Myc,30.0,0.75,4.2124,4.1781,-0.0343,-0.00730528779962647,1.9953,2.174,4.1693,1,670.5252,0.5544,0.6177,0.1063,0.1167,-0.0592,0.7585,referee,1,0.015463,0.06447,0.134398,0.186782,0.194687,0.162342,0.112809,0.06719,0.035017,0.016222,0.006763,0.002563,0.000891,0.000402,0.984537,0.015463,1,0.015584,0.920067,0.079933,1,0.083309,0.785668,0.214332,1,0.24122,0.598887,0.401113,1,0.512683,0.404199,0.595801,0,0.517849,0.241858,0.758142,0,0.276884,0.129049,0.870951,0,0.13817,0.061859,0.938141,0,0.063855
2367,2025/26,3,Radomiak Radom,Raków Częstochowa,3.0,3.0,6.0,Sylwestrzak D.,Damian Sylwestrzak,40.0,0.8,4.2104,4.3621,0.15169999999999995,0.031697613237681166,2.0683,2.1499,4.2181,1,670.5252,0.5544,0.6177,0.1063,0.1167,-0.0592,0.7585,referee,1,0.014726,0.062117,0.131008,0.184203,0.194249,0.163873,0.115207,0.069422,0.036604,0.017156,0.007236,0.002775,0.000975,0.000448,0.985274,0.014726,1,0.014836,0.923157,0.076843,1,0.079956,0.792149,0.207851,1,0.233006,0.607945,0.392055,1,0.49767,0.413697,0.586303,1,0.882622,0.249823,0.750177,1,1.387001,0.134617,0.865383,0,0.144583,0.065195,0.934805,0,0.067417
2368,2025/26,3,Cracovia,Lechia Gdańsk,3.0,2.0,5.0,Piszczelok M.,Mateusz Piszczelok,1.0,0.0909,4.2132,4.012,-0.20120000000000005,-0.04362656866129089,1.9677,2.1385,4.1062,1,670.5252,0.5544,0.6177,0.1063,0.1167,-0.0592,0.7585,referee,1,0.01647,0.067628,0.138849,0.190049,0.195096,0.160222,0.109651,0.064322,0.033015,0.015063,0.006185,0.002309,0.00079,0.000349,0.98353,0.01647,1,0.016607,0.915902,0.084098,1,0.087846,0.777053,0.222947,1,0.252247,0.587004,0.412996,1,0.532724,0.391908,0.608092,1,0.936729,0.231686,0.768314,0,0.263556,0.122034,0.877966,0,0.130147,0.057712,0.942288,0,0.059444
2369,2025/26,3,Lech Poznań,Górnik Zabrze,2.0,1.0,3.0,Marciniak S.,Szymon Marciniak,56.0,0.8485,4.2085,3.971,-0.23749999999999982,-0.05175728871613727,1.8845,2.0903,3.9748,1,670.5252,0.5544,0.6177,0.1063,0.1167,-0.0592,0.7585,referee,1,0.018783,0.074658,0.148375,0.196589,0.195351,0.155297,0.10288,0.058419,0.029025,0.012819,0.005095,0.001841,0.00061,0.000258,0.981217,0.018783,1,0.018961,0.90656,0.09344,1,0.098098,0.758184,0.241816,1,0.276829,0.561596,0.438404,0,0.824614,0.366245,0.633755,0,0.456092,0.210947,0.789053,0,0.236922,0.108067,0.891933,0,0.114364,0.049649,0.950351,0,0.050924
2370,2025/26,3,Widzew Łódź,GKS Katowice,4.0,2.0,6.0,Frankowski B.,Bartosz Frankowski,32.0,0.7619,4.2066,4.2159,0.00930000000000053,0.0019739990490679205,1.9913,2.1988,4.1901,1,670.5252,0.5544,0.6177,0.1063,0.1167,-0.0592,0.7585,referee,1,0.015145,0.063458,0.132947,0.185688,0.194513,0.163006,0.113836,0.068141,0.03569,0.016616,0.006962,0.002652,0.000926,0.000421,0.984855,0.015145,1,0.01526,0.921398,0.078602,1,0.081863,0.788451,0.211549,1,0.237685,0.602763,0.397237,1,0.506231,0.40825,0.59175,1,0.895876,0.245244,0.754756,1,1.405503,0.131408,0.868592,0,0.140882,0.063267,0.936733,0,0.065357
2371,2025/26,4,Arka Gdynia,Pogoń Szczecin,3.0,3.0,6.0,Marciniak S.,Szymon Marciniak,57.0,0.8507,4.2231,3.9587,-0.26439999999999975,-0.05760811995026338,1.7625,2.137,3.8995,1,676.3768,0.5606,0.6219,0.0974,0.118,-0.0548,0.7696,referee,1,0.020252,0.078974,0.153979,0.200146,0.195116,0.15217,0.098897,0.055093,0.026854,0.011635,0.004537,0.001608,0.000523,0.000215,0.979748,0.020252,1,0.02046,0.900774,0.099226,1,0.104501,0.746795,0.253205,1,0.291965,0.546649,0.453351,1,0.603948,0.351533,0.648467,1,1.045451,0.199363,0.800637,1,1.612628,0.100466,0.899534,0,0.105878,0.045373,0.954627,0,0.046434
2372,2025/26,4,Legia Warszawa,GKS Katowice,3.0,1.0,4.0,Kos D.,Damian Kos,28.0,0.7368,4.2252,4.875,0.6497999999999999,0.12884868592149856,2.152,2.439,4.591,1,676.3768,0.5606,0.6219,0.0974,0.118,-0.0548,0.7696,referee,1,0.010143,0.046565,0.106891,0.163578,0.187747,0.172389,0.131906,0.086511,0.049647,0.025325,0.011627,0.004853,0.001857,0.000962,0.989857,0.010143,1,0.010195,0.943292,0.056708,1,0.05838,0.836401,0.163599,1,0.178647,0.672823,0.327177,1,0.396273,0.485076,0.514924,0,0.663736,0.312687,0.687313,0,0.374966,0.180781,0.819219,0,0.199404,0.09427,0.90573,0,0.099014
2373,2025/26,4,Lechia Gdańsk,Motor Lublin,2.0,2.0,4.0,Kuzma L.,Lukasz Kuzma,36.0,0.7826,4.2287,4.2454,0.01670000000000016,0.003525404480909655,2.0763,2.1163,4.1926,1,676.3768,0.5606,0.6219,0.0974,0.118,-0.0548,0.7696,referee,1,0.015107,0.063336,0.132772,0.185555,0.194491,0.163086,0.11396,0.068256,0.035771,0.016664,0.006987,0.002663,0.00093,0.000424,0.984893,0.015107,1,0.015222,0.921558,0.078442,1,0.08169,0.788785,0.211215,1,0.237261,0.603231,0.396769,1,0.505456,0.40874,0.59126,0,0.525499,0.245654,0.754346,0,0.281904,0.131695,0.868305,0,0.141212,0.063439,0.936561,0,0.065541
2374,2025/26,4,Górnik Zabrze,Bruk-Bet Termalica Nieciecza,3.0,3.0,6.0,Arys K.,Karol Arys,37.0,0.7872,4.2144,3.4499,-0.7645000000000004,-0.17693139240469913,1.7724,1.8952,3.6676,1,676.3768,0.5606,0.6219,0.0974,0.118,-0.0548,0.7696,referee,1,0.025537,0.093661,0.171757,0.209979,0.19253,0.141225,0.086326,0.04523,0.020736,0.00845,0.003099,0.001033,0.000316,0.00012,0.974463,0.025537,1,0.025869,0.880801,0.119199,1,0.126924,0.709044,0.290956,1,0.343837,0.499065,0.500935,1,0.695018,0.306535,0.693465,1,1.182422,0.16531,0.83469,1,1.79993,0.078984,0.921016,0,0.082278,0.033754,0.966246,0,0.034337
2375,2025/26,4,Korona Kielce,Radomiak Radom,5.0,3.0,8.0,Raczkowski P.,Pawel Raczkowski,39.0,0.7959,4.2172,5.1668,0.9496000000000002,0.18340918128938077,2.2824,2.5702,4.8525,1,676.3768,0.5606,0.6219,0.0974,0.118,-0.0548,0.7696,referee,1,0.007809,0.037891,0.091935,0.148705,0.180399,0.175079,0.141596,0.098157,0.059539,0.032102,0.015577,0.006872,0.002779,0.001561,0.992191,0.007809,1,0.007839,0.9543,0.0457,1,0.046777,0.862365,0.137635,1,0.148076,0.71366,0.28634,1,0.337348,0.533261,0.466739,1,0.628745,0.358182,0.641818,1,1.026714,0.216586,0.783414,1,1.529766,0.118429,0.881571,1,2.133439
2376,2025/26,4,Raków Częstochowa,Zagłębie Lubin,2.0,4.0,6.0,Raczkowski P.,Pawel Raczkowski,40.0,0.8,4.2248,5.225,1.0001999999999995,0.19201731743278216,2.3602,2.6302,4.9904,1,676.3768,0.5606,0.6219,0.0974,0.118,-0.0548,0.7696,referee,1,0.006803,0.033951,0.084713,0.140916,0.175805,0.175466,0.14594,0.104041,0.0649,0.035986,0.017958,0.008147,0.003388,0.001985,0.993197,0.006803,1,0.006827,0.959246,0.040754,1,0.041608,0.874533,0.125467,1,0.134065,0.733617,0.266383,1,0.309768,0.557812,0.442188,1,0.583734,0.382346,0.617654,1,0.96143,0.236406,0.763594,0,0.269719,0.132365,0.867635,0,0.141984
2377,2025/26,4,Jagiellonia Białystok,Cracovia,2.0,3.0,5.0,Gryckiewicz P.,Patryk Gryckiewicz,29.0,0.7436,4.2276,4.6481,0.42050000000000054,0.08521004040869373,2.0642,2.3289,4.3931,1,676.3768,0.5606,0.6219,0.0974,0.118,-0.0548,0.7696,referee,1,0.012363,0.054311,0.119296,0.174691,0.191856,0.168567,0.12342,0.077456,0.042534,0.020761,0.009121,0.003642,0.001333,0.000648,0.987637,0.012363,1,0.01244,0.933326,0.066674,1,0.069001,0.81403,0.18597,1,0.205758,0.639339,0.360661,1,0.44732,0.447483,0.552517,1,0.804117,0.278916,0.721084,0,0.327,0.155496,0.844504,0,0.169006,0.07804,0.92196,0,0.081253
2378,2025/26,4,Piast Gliwice,Lech Poznań,1.0,2.0,3.0,Przybyl J.,Jaroslaw Przybyl,44.0,0.8148,4.2259,4.5789,0.35299999999999976,0.07203668371224192,2.1858,2.2168,4.4026,1,676.3768,0.5606,0.6219,0.0974,0.118,-0.0548,0.7696,referee,1,0.012246,0.053913,0.118679,0.174163,0.191691,0.168787,0.123849,0.077893,0.042866,0.020969,0.009232,0.003695,0.001356,0.000661,0.987754,0.012246,1,0.012322,0.933841,0.066159,1,0.068449,0.815162,0.184838,1,0.204368,0.640999,0.359001,0,1.024429,0.449307,0.550693,0,0.596579,0.280521,0.719479,0,0.329228,0.156672,0.843328,0,0.170399,0.078779,0.921221,0,0.082055
2379,2025/26,4,Widzew Łódź,Wisła Płock,2.0,3.0,5.0,Kwiatkowski T.,Tomasz Kwiatkowski,37.0,0.7872,4.224,4.1115,-0.11249999999999982,-0.024102714641479395,2.1621,2.2836,4.4457,1,676.3768,0.5606,0.6219,0.0974,0.118,-0.0548,0.7696,referee,1,0.011729,0.052143,0.115906,0.171762,0.1909,0.169737,0.125767,0.079874,0.044387,0.021926,0.009748,0.00394,0.001459,0.000722,0.988271,0.011729,1,0.011798,0.936128,0.063872,1,0.066003,0.820221,0.179779,1,0.198181,0.64846,0.35154,1,0.433155,0.457559,0.542441,1,0.781848,0.287822,0.712178,0,0.339428,0.162056,0.837944,0,0.176804,0.082181,0.917819,0,0.085756
2380,2025/26,5,Wisła Płock,Legia Warszawa,0.0,2.0,2.0,Kuzma L.,Lukasz Kuzma,37.0,0.7872,4.2205,4.2384,0.017900000000000027,0.00378479979018409,1.9343,2.3576,4.2919,1,679.1105,0.5643,0.6253,0.0934,0.1153,-0.0488,0.7719,referee,1,0.013678,0.058707,0.125983,0.180237,0.193392,0.166005,0.118747,0.072808,0.039061,0.018628,0.007995,0.003119,0.001116,0.000525,0.986322,0.013678,1,0.013773,0.927615,0.072385,1,0.075138,0.801633,0.198367,0,1.617634,0.621396,0.378604,0,0.971264,0.428004,0.571996,0,0.558624,0.261999,0.738001,0,0.30381,0.143252,0.856748,0,0.154611,0.070444,0.929556,0,0.073048
2381,2025/26,5,Bruk-Bet Termalica Nieciecza,Raków Częstochowa,2.0,4.0,6.0,Marciniak S.,Szymon Marciniak,58.0,0.8529,4.2171,3.9878,-0.22930000000000028,-0.04983160004504472,1.695,2.0623,3.7573,1,679.1105,0.5643,0.6253,0.0934,0.1153,-0.0488,0.7719,referee,1,0.023346,0.087719,0.164794,0.206395,0.193874,0.145689,0.091234,0.048971,0.023,0.009602,0.003608,0.001232,0.000386,0.000151,0.976654,0.023346,1,0.023623,0.888936,0.111064,1,0.117731,0.724142,0.275858,1,0.322768,0.517747,0.482253,1,0.658269,0.323873,0.676127,1,1.127403,0.178184,0.821816,1,1.724939,0.08695,0.91305,0,0.090965,0.037979,0.962021,0,0.038719
2382,2025/26,5,Motor Lublin,Piast Gliwice,4.0,2.0,6.0,Arys K.,Karol Arys,38.0,0.7917,4.22,3.5042,-0.7157999999999998,-0.16446498934200182,1.7348,1.8917,3.6265,1,679.1105,0.5643,0.6253,0.0934,0.1153,-0.0488,0.7719,referee,1,0.026609,0.096498,0.174975,0.211516,0.191765,0.139087,0.084067,0.043552,0.019743,0.007955,0.002885,0.000951,0.000287,0.000107,0.973391,0.026609,1,0.02697,0.876892,0.123108,1,0.131371,0.701917,0.298083,1,0.35394,0.490401,0.509599,1,0.712532,0.298636,0.701364,1,1.208531,0.159548,0.840452,1,1.835409,0.075482,0.924518,0,0.078482,0.031929,0.968071,0,0.03245
2383,2025/26,5,Zagłębie Lubin,Lechia Gdańsk,0.0,0.0,0.0,Frankowski B.,Bartosz Frankowski,33.0,0.7674,4.2284,4.2624,0.034000000000000696,0.0071648639629586786,2.0911,2.178,4.2691,1,679.1105,0.5643,0.6253,0.0934,0.1153,-0.0488,0.7719,referee,1,0.013995,0.059744,0.127526,0.181474,0.193681,0.165368,0.117662,0.071758,0.038293,0.018164,0.007754,0.003009,0.001071,0.0005,0.986005,0.013995,0,4.269082,0.926261,0.073739,0,2.607226,0.798735,0.201265,0,1.603132,0.617261,0.382739,0,0.960402,0.42358,0.57642,0,0.550918,0.258211,0.741789,0,0.298691,0.140549,0.859451,0,0.151462,0.068791,0.931209,0,0.071272
2384,2025/26,5,Radomiak Radom,Jagiellonia Białystok,6.0,1.0,7.0,Myc W.,Wojciech Myc,31.0,0.7561,4.2198,4.1756,-0.04420000000000002,-0.009408929066874183,2.0525,2.1749,4.2273,1,679.1105,0.5643,0.6253,0.0934,0.1153,-0.0488,0.7719,referee,1,0.014591,0.061682,0.130375,0.183713,0.194154,0.164151,0.115654,0.069844,0.036907,0.017335,0.007328,0.002816,0.000992,0.000457,0.985409,0.014591,1,0.014699,0.923727,0.076273,1,0.079339,0.793352,0.206648,1,0.231489,0.609639,0.390361,1,0.494889,0.415484,0.584516,1,0.87831,0.251333,0.748667,1,1.380976,0.135679,0.864321,1,1.997461,0.065835,0.934165,0,0.068103
2385,2025/26,5,Pogoń Szczecin,Górnik Zabrze,2.0,0.0,2.0,Przybyl J.,Jaroslaw Przybyl,45.0,0.8182,4.2241,4.5498,0.3257000000000003,0.06667157193027862,2.1241,2.2662,4.3904,1,679.1105,0.5643,0.6253,0.0934,0.1153,-0.0488,0.7719,referee,1,0.012396,0.054424,0.11947,0.174839,0.191902,0.168504,0.123299,0.077333,0.04244,0.020703,0.009089,0.003628,0.001327,0.000645,0.987604,0.012396,1,0.012474,0.93318,0.06682,1,0.069157,0.81371,0.18629,0,1.680452,0.638871,0.361129,0,1.01852,0.446969,0.553031,0,0.592341,0.278465,0.721535,0,0.326374,0.155165,0.844835,0,0.168614,0.077832,0.922168,0,0.081028
2386,2025/26,5,Cracovia,Widzew Łódź,2.0,1.0,3.0,Kochanek M.,Marcin Kochanek,21.0,0.6774,4.2219,4.0393,-0.18259999999999987,-0.039438445828402946,1.9788,2.1103,4.0891,1,679.1105,0.5643,0.6253,0.0934,0.1153,-0.0488,0.7719,referee,1,0.016754,0.06851,0.140072,0.190923,0.195176,0.159619,0.108783,0.063547,0.032481,0.014758,0.006035,0.002243,0.000764,0.000336,0.983246,0.016754,1,0.016896,0.914736,0.085264,1,0.08912,0.774664,0.225336,1,0.255325,0.583742,0.416258,0,0.876449,0.388566,0.611434,0,0.491948,0.228947,0.771053,0,0.259998,0.120164,0.879836,0,0.128019,0.056617,0.943383,0,0.058283
2387,2025/26,5,GKS Katowice,Arka Gdynia,1.0,4.0,5.0,Sylwestrzak D.,Damian Sylwestrzak,41.0,0.8039,4.2227,4.3966,0.1739000000000006,0.03616041677436921,2.0739,2.2367,4.3106,1,679.1105,0.5643,0.6253,0.0934,0.1153,-0.0488,0.7719,referee,1,0.013426,0.057873,0.124734,0.179224,0.193139,0.166508,0.119624,0.073664,0.039692,0.01901,0.008195,0.003211,0.001154,0.000546,0.986574,0.013426,1,0.013517,0.928701,0.071299,1,0.073969,0.803967,0.196033,1,0.218197,0.624743,0.375257,1,0.470415,0.431603,0.568397,1,0.840248,0.265095,0.734905,0,0.308015,0.145471,0.854529,0,0.157205,0.071807,0.928193,0,0.074516
2388,2025/26,5,Lech Poznań,Korona Kielce,1.0,1.0,2.0,Lasyk P.,Piotr Lasyk,48.0,0.8276,4.2239,3.8662,-0.35770000000000035,-0.07874166401083116,1.8547,2.0293,3.884,1,679.1105,0.5643,0.6253,0.0934,0.1153,-0.0488,0.7719,referee,1,0.020569,0.079888,0.155142,0.200857,0.195032,0.1515,0.098071,0.054415,0.026419,0.011401,0.004428,0.001564,0.000506,0.000207,0.979431,0.020569,1,0.020783,0.899543,0.100457,1,0.105868,0.744401,0.255599,0,1.364145,0.543544,0.456456,0,0.784262,0.348512,0.651488,0,0.428496,0.197011,0.802989,0,0.219415,0.09894,0.90106,0,0.104184,0.044525,0.955475,0,0.045546
2389,2025/26,6,Wisła Płock,Zagłębie Lubin,1.0,0.0,1.0,Arys K.,Karol Arys,39.0,0.7959,4.2199,3.5551,-0.6648000000000001,-0.1518122647565956,1.7694,2.0785,3.8479,1,692.8112,0.5591,0.6167,0.095,0.1149,-0.0438,0.747,referee,1,0.021325,0.082055,0.157869,0.202488,0.194788,0.149905,0.096136,0.052846,0.025418,0.010867,0.004182,0.001463,0.000469,0.00019,0.978675,0.021325,1,0.021555,0.89662,0.10338,0,2.269348,0.738751,0.261249,0,1.342282,0.536263,0.463737,0,0.768438,0.341475,0.658525,0,0.417753,0.191571,0.808429,0,0.212662,0.095435,0.904565,0,0.100301,0.042589,0.957411,0,0.043522
2390,2025/26,6,Legia Warszawa,Jagiellonia Białystok,1.0,3.0,4.0,Sylwestrzak D.,Damian Sylwestrzak,43.0,0.8113,4.2224,4.4948,0.2723999999999993,0.05608022631451015,2.1689,2.3023,4.4713,1,692.8112,0.5591,0.6167,0.095,0.1149,-0.0438,0.747,referee,1,0.011433,0.051119,0.114284,0.170331,0.190399,0.170265,0.126883,0.081047,0.045298,0.022504,0.010062,0.00409,0.001524,0.00076,0.988567,0.011433,1,0.011499,0.937448,0.062552,1,0.064594,0.823164,0.176836,1,0.194599,0.652833,0.347167,1,0.426433,0.462434,0.537566,0,0.620704,0.292169,0.707831,0,0.34555,0.165286,0.834714,0,0.180666,0.084239,0.915761,0,0.088
2391,2025/26,6,Lechia Gdańsk,Arka Gdynia,3.0,3.0,6.0,Raczkowski P.,Pawel Raczkowski,41.0,0.8039,4.2221,5.2396,1.0175,0.1951359055858577,2.3379,2.5163,4.8542,1,692.8112,0.5591,0.6167,0.095,0.1149,-0.0438,0.747,referee,1,0.007796,0.037842,0.091847,0.148613,0.180348,0.175087,0.14165,0.098228,0.059602,0.032146,0.015604,0.006886,0.002785,0.001566,0.992204,0.007796,1,0.007826,0.954362,0.045638,1,0.046713,0.862515,0.137485,1,0.147903,0.713902,0.286098,1,0.337009,0.533555,0.466445,1,0.628194,0.358467,0.641533,1,1.025918,0.216817,0.783183,0,0.244389,0.118589,0.881411,0,0.126232
2392,2025/26,6,Górnik Zabrze,GKS Katowice,0.0,1.0,1.0,Marciniak S.,Szymon Marciniak,59.0,0.8551,4.22,4.0174,-0.20259999999999945,-0.04387219249546925,1.9611,2.0319,3.993,1,692.8112,0.5591,0.6167,0.095,0.1149,-0.0438,0.747,referee,1,0.018444,0.073647,0.147037,0.195707,0.195366,0.15602,0.103832,0.059229,0.029563,0.013116,0.005237,0.001901,0.000633,0.000269,0.981556,0.018444,1,0.018616,0.907909,0.092091,0,2.38498,0.760872,0.239128,0,1.430757,0.565165,0.434835,0,0.832789,0.3698,0.6302,0,0.461717,0.21378,0.78622,0,0.240518,0.109948,0.890052,0,0.116475,0.050719,0.949281,0,0.052051
2393,2025/26,6,Radomiak Radom,Bruk-Bet Termalica Nieciecza,1.0,2.0,3.0,Kos D.,Damian Kos,29.0,0.7436,4.2207,4.8515,0.6307999999999998,0.12541980175619538,2.2911,2.423,4.7141,1,692.8112,0.5591,0.6167,0.095,0.1149,-0.0438,0.747,referee,1,0.008968,0.042277,0.099649,0.156583,0.184535,0.173982,0.136693,0.092054,0.054244,0.028412,0.013394,0.00574,0.002255,0.001214,0.991032,0.008968,1,0.009009,0.948754,0.051246,1,0.052605,0.849106,0.150894,1,0.163572,0.692522,0.307478,0,1.179353,0.507987,0.492013,0,0.70925,0.334005,0.665995,0,0.406473,0.197312,0.802688,0,0.219789,0.105258,0.894742,0,0.111219
2394,2025/26,6,Korona Kielce,Motor Lublin,4.0,5.0,9.0,Sylwestrzak D.,Damian Sylwestrzak,42.0,0.8077,4.2152,4.4068,0.19159999999999933,0.039830665175166535,2.1468,2.2965,4.4433,1,692.8112,0.5591,0.6167,0.095,0.1149,-0.0438,0.747,referee,1,0.011757,0.052239,0.116058,0.171895,0.190946,0.169687,0.125662,0.079765,0.044303,0.021872,0.009719,0.003926,0.001454,0.000718,0.988243,0.011757,1,0.011827,0.936004,0.063996,1,0.066136,0.819945,0.180055,1,0.198517,0.648051,0.351949,1,0.433786,0.457105,0.542895,1,0.782842,0.287419,0.712581,1,1.246816,0.161757,0.838243,1,1.821662,0.081991,0.918009,1,2.50114
2395,2025/26,6,Raków Częstochowa,Lech Poznań,3.0,1.0,4.0,Marciniak S.,Szymon Marciniak,62.0,0.8611,4.2384,3.9498,-0.2886000000000002,-0.06284037463269798,1.9597,2.1641,4.1239,1,692.8112,0.5591,0.6167,0.095,0.1149,-0.0438,0.747,referee,1,0.016182,0.066732,0.137597,0.189144,0.195,0.16083,0.11054,0.065122,0.033569,0.015382,0.006343,0.002378,0.000817,0.000364,0.983818,0.016182,1,0.016314,0.917086,0.082914,1,0.086554,0.779489,0.220511,1,0.249117,0.590345,0.409655,1,0.527048,0.395345,0.604655,0,0.503097,0.234515,0.765485,0,0.267245,0.123974,0.876026,0,0.13236,0.058853,0.941147,0,0.060655
2396,2025/26,6,Piast Gliwice,Cracovia,1.0,0.0,1.0,Myc W.,Wojciech Myc,32.0,0.7619,4.2247,4.244,0.01929999999999943,0.0040765948289165355,1.9858,2.096,4.0819,1,692.8112,0.5591,0.6167,0.095,0.1149,-0.0438,0.747,referee,1,0.016876,0.068886,0.140591,0.191291,0.195205,0.15936,0.108414,0.063219,0.032256,0.01463,0.005972,0.002216,0.000754,0.000331,0.983124,0.016876,1,0.01702,0.914238,0.085762,0,2.456182,0.773647,0.226353,0,1.485661,0.582357,0.417643,0,0.873127,0.387151,0.612849,0,0.489637,0.227791,0.772209,0,0.2585,0.119377,0.880623,0,0.127125,0.056158,0.943842,0,0.057796
2397,2025/26,6,Widzew Łódź,Pogoń Szczecin,1.0,4.0,5.0,Kuzma L.,Lukasz Kuzma,38.0,0.7917,4.2188,4.1914,-0.02740000000000009,-0.0058234846091642645,2.0131,2.1895,4.2026,1,692.8112,0.5591,0.6167,0.095,0.1149,-0.0438,0.747,referee,1,0.014957,0.062859,0.132084,0.18503,0.1944,0.163395,0.114446,0.06871,0.036095,0.016854,0.007083,0.002706,0.000948,0.000433,0.985043,0.014957,1,0.01507,0.922184,0.077816,1,0.081011,0.7901,0.2099,1,0.235596,0.60507,0.39493,1,0.502411,0.41067,0.58933,1,0.889964,0.247275,0.752725,0,0.284055,0.132829,0.867171,0,0.142519,0.064119,0.935881,0,0.066267
2398,2025/26,7,Arka Gdynia,Wisła Płock,1.0,2.0,3.0,Malec P.,Pawel Malec,23.0,0.697,4.215,4.1561,-0.05889999999999951,-0.012570728223695538,2.0692,2.3173,4.3865,1,704.5182,0.5462,0.606,0.0905,0.1187,-0.0326,0.7867,referee,1,0.012444,0.054587,0.119722,0.175054,0.191968,0.168413,0.123124,0.077155,0.042305,0.020619,0.009044,0.003607,0.001318,0.00064,0.987556,0.012444,1,0.012522,0.932969,0.067031,1,0.069384,0.813246,0.186754,1,0.206721,0.638192,0.361808,0,1.016643,0.446224,0.553776,0,0.590996,0.277811,0.722189,0,0.325469,0.154687,0.845313,0,0.168049,0.077533,0.922467,0,0.080703
2399,2025/26,7,Bruk-Bet Termalica Nieciecza,Korona Kielce,0.0,2.0,2.0,Myc W.,Wojciech Myc,33.0,0.7674,4.2204,4.1675,-0.05289999999999928,-0.011269945335715903,1.8846,2.1997,4.0843,1,704.5182,0.5462,0.606,0.0905,0.1187,-0.0326,0.7867,referee,1,0.016835,0.06876,0.140418,0.191168,0.195196,0.159447,0.108537,0.063328,0.032331,0.014672,0.005993,0.002225,0.000757,0.000332,0.983165,0.016835,1,0.016979,0.914405,0.085595,1,0.089482,0.773987,0.226013,0,1.487162,0.582819,0.417181,0,0.874234,0.387623,0.612377,0,0.490407,0.228176,0.771824,0,0.258999,0.119639,0.880361,0,0.127423,0.056311,0.943689,0,0.057958
2400,2025/26,7,Zagłębie Lubin,Piast Gliwice,3.0,3.0,6.0,Krasny S.,Sebastian Krasny,17.0,0.6296,4.2171,4.0434,-0.1737000000000002,-0.03751857354562671,1.9546,2.0602,4.0149,1,704.5182,0.5462,0.606,0.0905,0.1187,-0.0326,0.7867,referee,1,0.018045,0.072449,0.145437,0.194637,0.195361,0.156871,0.104969,0.060206,0.030215,0.013479,0.005412,0.001975,0.000661,0.000283,0.981955,0.018045,1,0.01821,0.909506,0.090494,1,0.094854,0.764069,0.235931,1,0.269097,0.569432,0.430568,1,0.563116,0.37407,0.62593,1,0.983312,0.2172,0.7828,1,1.526938,0.11223,0.88777,0,0.119043,0.052025,0.947975,0,0.053427
2401,2025/26,7,Górnik Zabrze,Motor Lublin,5.0,4.0,9.0,Kos D.,Damian Kos,30.0,0.75,4.2197,4.8049,0.5852000000000004,0.11688568349145356,2.2335,2.3429,4.5763,1,704.5182,0.5462,0.606,0.0905,0.1187,-0.0326,0.7867,referee,1,0.010293,0.047102,0.107778,0.164409,0.188098,0.172159,0.13131,0.085845,0.049107,0.02497,0.011427,0.004754,0.001813,0.000935,0.989707,0.010293,1,0.010346,0.942605,0.057395,1,0.059108,0.834827,0.165173,1,0.180531,0.670418,0.329582,1,0.399854,0.48232,0.51768,1,0.729147,0.310161,0.689839,1,1.170665,0.178851,0.821149,1,1.721202,0.093006,0.906994,1,2.375093
2402,2025/26,7,Pogoń Szczecin,Raków Częstochowa,4.0,3.0,7.0,Frankowski B.,Bartosz Frankowski,34.0,0.7727,4.2269,4.1652,-0.06170000000000009,-0.013138890685931548,1.9523,2.0923,4.0446,1,704.5182,0.5462,0.606,0.0905,0.1187,-0.0326,0.7867,referee,1,0.017517,0.070848,0.143276,0.193164,0.195319,0.157997,0.106506,0.061539,0.031113,0.013982,0.005655,0.002079,0.000701,0.000304,0.982483,0.017517,1,0.017672,0.911636,0.088364,1,0.092515,0.76836,0.23164,1,0.263497,0.575196,0.424804,1,0.553045,0.379877,0.620123,1,0.967908,0.22188,0.77812,1,1.50562,0.115373,0.884627,1,2.159581,0.053834,0.946166,0,0.055337
2403,2025/26,7,Cracovia,Legia Warszawa,4.0,2.0,6.0,Lasyk P.,Piotr Lasyk,49.0,0.8305,4.231,3.8358,-0.3952,-0.08723045903673232,1.806,2.071,3.8771,1,704.5182,0.5462,0.606,0.0905,0.1187,-0.0326,0.7867,referee,1,0.020712,0.080301,0.155665,0.201174,0.19499,0.151198,0.0977,0.054113,0.026225,0.011297,0.00438,0.001544,0.000499,0.000204,0.979288,0.020712,1,0.020929,0.898988,0.101012,1,0.106486,0.743323,0.256677,1,0.296625,0.542149,0.457851,1,0.612214,0.347159,0.652841,1,1.057972,0.195961,0.804039,1,1.629838,0.098261,0.901739,0,0.10343,0.044148,0.955852,0,0.045153
2404,2025/26,7,GKS Katowice,Radomiak Radom,3.0,6.0,9.0,Kwiatkowski T.,Tomasz Kwiatkowski,38.0,0.7917,4.2132,4.1278,-0.08539999999999992,-0.01828548967117727,1.9179,2.1003,4.0182,1,704.5182,0.5462,0.606,0.0905,0.1187,-0.0326,0.7867,referee,1,0.017985,0.072268,0.145195,0.194474,0.195359,0.156998,0.105142,0.060354,0.030315,0.013534,0.005438,0.001987,0.000665,0.000286,0.982015,0.017985,1,0.018149,0.909746,0.090254,1,0.094589,0.764552,0.235448,1,0.268465,0.570078,0.429922,1,0.561982,0.374719,0.625281,1,0.981578,0.217721,0.782279,1,1.52454,0.112579,0.887421,1,2.184097,0.052225,0.947775,1,2.952197
2405,2025/26,7,Lech Poznań,Widzew Łódź,3.0,0.0,3.0,Gryckiewicz P.,Patryk Gryckiewicz,30.0,0.75,4.2336,4.6584,0.4248000000000003,0.0859404415097702,2.1143,2.2453,4.3596,1,704.5182,0.5462,0.606,0.0905,0.1187,-0.0326,0.7867,referee,1,0.012784,0.055732,0.121483,0.176539,0.192409,0.167765,0.121897,0.075917,0.041371,0.02004,0.008737,0.003463,0.001258,0.000605,0.987216,0.012784,1,0.012866,0.931485,0.068515,1,0.070976,0.810001,0.189999,1,0.21072,0.633462,0.366538,0,1.003653,0.441053,0.558947,0,0.5817,0.273288,0.726712,0,0.319225,0.151391,0.848609,0,0.164156,0.075473,0.924527,0,0.078473
2406,2025/26,7,Jagiellonia Białystok,Lechia Gdańsk,4.0,4.0,8.0,Rzucidlo P.,Piotr Rzucidlo,6.0,0.375,4.2318,3.9574,-0.2744,-0.05974004339237271,1.9406,2.0591,3.9997,1,704.5182,0.5462,0.606,0.0905,0.1187,-0.0326,0.7867,referee,1,0.018321,0.07328,0.146548,0.195382,0.195367,0.156281,0.104179,0.059526,0.029761,0.013226,0.00529,0.001923,0.000641,0.000273,0.981679,0.018321,1,0.018491,0.908399,0.091601,1,0.096072,0.761851,0.238149,1,0.272005,0.566468,0.433532,1,0.568334,0.371102,0.628898,1,0.99128,0.21482,0.78518,1,1.537953,0.110641,0.889359,1,2.201463,0.051115,0.948885,1,2.973681
2407,2025/26,8,Wisła Płock,Cracovia,2.0,2.0,4.0,Przybyl J.,Jaroslaw Przybyl,46.0,0.8214,4.2396,4.5071,0.26750000000000007,0.05490416122706665,2.0157,2.3058,4.3214,1,703.3333,0.5611,0.6192,0.0878,0.1113,-0.0315,0.7713,referee,1,0.013281,0.057393,0.12401,0.178633,0.192986,0.166794,0.120131,0.074162,0.040061,0.019235,0.008312,0.003266,0.001176,0.000559,0.986719,0.013281,1,0.01337,0.929326,0.070674,1,0.073296,0.805316,0.194684,1,0.216521,0.626683,0.373317,1,0.467314,0.433697,0.566303,0,0.568626,0.266902,0.733098,0,0.310477,0.146771,0.853229,0,0.158728,0.072609,0.927391,0,0.07538
2408,2025/26,8,Legia Warszawa,Radomiak Radom,1.0,2.0,3.0,Marciniak S.,Szymon Marciniak,60.0,0.8571,4.243,3.9776,-0.2654000000000005,-0.057582658300431966,1.9607,2.14,4.1008,1,703.3333,0.5611,0.6192,0.0878,0.1113,-0.0315,0.7713,referee,1,0.01656,0.067909,0.139239,0.190329,0.195123,0.16003,0.109374,0.064074,0.032844,0.014965,0.006137,0.002288,0.000782,0.000345,0.98344,0.01656,1,0.016699,0.915531,0.084469,1,0.088251,0.776291,0.223709,1,0.253228,0.585962,0.414038,0,0.881798,0.390839,0.609161,0,0.495673,0.230809,0.769191,0,0.262415,0.121434,0.878566,0,0.129465,0.05736,0.94264,0,0.059071
2409,2025/26,8,Lechia Gdańsk,GKS Katowice,3.0,1.0,4.0,Malec P.,Pawel Malec,24.0,0.7059,4.2374,4.1286,-0.10880000000000045,-0.02323401544291981,1.9692,2.0195,3.9886,1,703.3333,0.5611,0.6192,0.0878,0.1113,-0.0315,0.7713,referee,1,0.018525,0.07389,0.14736,0.195921,0.195364,0.155846,0.103602,0.059033,0.029432,0.013044,0.005203,0.001887,0.000627,0.000266,0.981475,0.018525,1,0.018699,0.907585,0.092415,1,0.096968,0.760225,0.239775,1,0.274141,0.564304,0.435696,1,0.572163,0.36894,0.63106,0,0.460355,0.213094,0.786906,0,0.239646,0.109492,0.890508,0,0.115963,0.050459,0.949541,0,0.051777
2410,2025/26,8,Motor Lublin,Bruk-Bet Termalica Nieciecza,2.0,4.0,6.0,Kuzma L.,Lukasz Kuzma,39.0,0.7959,4.2412,4.2125,-0.028699999999999726,-0.006071715449079029,2.0214,2.1734,4.1948,1,703.3333,0.5611,0.6192,0.0878,0.1113,-0.0315,0.7713,referee,1,0.015074,0.063232,0.132623,0.185441,0.194471,0.163153,0.114065,0.068354,0.035841,0.016705,0.007007,0.002672,0.000934,0.000426,0.984926,0.015074,1,0.015189,0.921694,0.078306,1,0.081542,0.789071,0.210929,1,0.236899,0.60363,0.39637,1,0.504794,0.409158,0.590842,1,0.893653,0.246005,0.753995,1,1.402402,0.13194,0.86806,0,0.141495,0.063586,0.936414,0,0.065698
2411,2025/26,8,Korona Kielce,Pogoń Szczecin,1.0,1.0,2.0,Lasyk P.,Piotr Lasyk,50.0,0.8333,4.2393,3.8732,-0.36609999999999987,-0.0803944388982325,1.9084,2.0789,3.9873,1,703.3333,0.5611,0.6192,0.0878,0.1113,-0.0315,0.7713,referee,1,0.01855,0.073965,0.147459,0.195986,0.195363,0.155793,0.103532,0.058973,0.029393,0.013022,0.005192,0.001882,0.000625,0.000266,0.98145,0.01855,1,0.018724,0.907485,0.092515,1,0.097078,0.760027,0.239973,0,1.427227,0.56404,0.43596,0,0.830206,0.368678,0.631322,0,0.459938,0.212884,0.787116,0,0.23938,0.109353,0.890647,0,0.115807,0.05038,0.94962,0,0.051693
2412,2025/26,8,Lech Poznań,Zagłębie Lubin,3.0,3.0,6.0,Kos D.,Damian Kos,31.0,0.7561,4.237,4.9115,0.6745000000000001,0.13312229481144944,2.2155,2.3552,4.5707,1,703.3333,0.5611,0.6192,0.0878,0.1113,-0.0315,0.7713,referee,1,0.010351,0.04731,0.108119,0.164728,0.18823,0.172069,0.13108,0.08559,0.048901,0.024834,0.011351,0.004717,0.001797,0.000925,0.989649,0.010351,1,0.010405,0.94234,0.05766,1,0.05939,0.83422,0.16578,1,0.181258,0.669493,0.330507,1,0.401235,0.481262,0.518738,1,0.731343,0.309193,0.690807,1,1.173789,0.178114,0.821886,0,0.196153,0.092524,0.907476,0,0.097088
2413,2025/26,8,Raków Częstochowa,Górnik Zabrze,1.0,6.0,7.0,Frankowski B.,Bartosz Frankowski,35.0,0.7778,4.239,4.2309,-0.008099999999999774,-0.0017106837401337227,2.0556,2.2162,4.2718,1,703.3333,0.5611,0.6192,0.0878,0.1113,-0.0315,0.7713,referee,1,0.013956,0.059619,0.127341,0.181326,0.193648,0.165446,0.117793,0.071884,0.038385,0.018219,0.007783,0.003022,0.001076,0.000503,0.986044,0.013956,1,0.014055,0.926425,0.073575,1,0.076422,0.799084,0.200916,1,0.224289,0.617759,0.382241,1,0.481657,0.424111,0.575889,1,0.85776,0.258665,0.741335,1,1.352221,0.140872,0.859128,1,1.959901,0.068988,0.931012,0,0.071483
2414,2025/26,8,Piast Gliwice,Jagiellonia Białystok,6.0,3.0,9.0,Raczkowski P.,Pawel Raczkowski,42.0,0.8077,4.236,5.2569,1.0209000000000001,0.1952062378030368,2.3789,2.4,4.7789,1,703.3333,0.5611,0.6192,0.0878,0.1113,-0.0315,0.7713,referee,1,0.008405,0.040168,0.09598,0.152892,0.182664,0.174586,0.139054,0.094932,0.056709,0.030112,0.01439,0.006252,0.00249,0.001367,0.991595,0.008405,1,0.008441,0.951426,0.048574,1,0.049793,0.855446,0.144554,1,0.156132,0.702554,0.297446,1,0.353033,0.51989,0.48011,1,0.654137,0.345305,0.654695,1,1.063328,0.206251,0.793749,1,1.578663,0.111319,0.888681,1,2.195358
2415,2025/26,8,Widzew Łódź,Arka Gdynia,0.0,1.0,1.0,Sylwestrzak D.,Damian Sylwestrzak,44.0,0.8148,4.2438,4.4896,0.24580000000000002,0.05051724393906687,2.1347,2.436,4.5706,1,703.3333,0.5611,0.6192,0.0878,0.1113,-0.0315,0.7713,referee,1,0.010351,0.047312,0.108124,0.164731,0.188232,0.172068,0.131077,0.085586,0.048898,0.024833,0.01135,0.004716,0.001796,0.000925,0.989649,0.010351,1,0.010405,0.942336,0.057664,0,2.853128,0.834213,0.165787,0,1.797049,0.669481,0.330519,0,1.107092,0.481249,0.518751,0,0.656332,0.309181,0.690819,0,0.369878,0.178104,0.821896,0,0.196142,0.092518,0.907482,0,0.097082
2416,2025/26,9,Arka Gdynia,Korona Kielce,3.0,2.0,5.0,Piszczelok M.,Mateusz Piszczelok,2.0,0.1667,4.238,4.115,-0.12300000000000022,-0.026303237781778455,1.9136,2.1725,4.086,1,709.0196,0.5694,0.6292,0.0845,0.1123,-0.0382,0.8206,referee,1,0.016806,0.06867,0.140294,0.19108,0.195189,0.159508,0.108625,0.063406,0.032385,0.014703,0.006008,0.002232,0.00076,0.000334,0.983194,0.016806,1,0.016949,0.914523,0.085477,1,0.089352,0.77423,0.22577,1,0.255887,0.583149,0.416851,1,0.539312,0.38796,0.61204,1,0.946852,0.228452,0.771548,0,0.259356,0.119826,0.880174,0,0.127636,0.05642,0.94358,0,0.058074
2417,2025/26,9,Bruk-Bet Termalica Nieciecza,Lech Poznań,1.0,1.0,2.0,Kwiatkowski T.,Tomasz Kwiatkowski,39.0,0.7959,4.2391,4.2325,-0.006599999999999717,-0.0013936401596832404,1.9345,2.1951,4.1295,1,709.0196,0.5694,0.6292,0.0845,0.1123,-0.0382,0.8206,referee,1,0.01609,0.066446,0.137195,0.188851,0.194966,0.161024,0.110825,0.065379,0.033748,0.015485,0.006395,0.002401,0.000826,0.000368,0.98391,0.01609,1,0.016221,0.917463,0.082537,1,0.086143,0.780268,0.219732,0,1.515346,0.591417,0.408583,0,0.89506,0.396451,0.603549,0,0.504928,0.235427,0.764573,0,0.268438,0.124602,0.875398,0,0.133077,0.059223,0.940777,0,0.061049
2418,2025/26,9,Zagłębie Lubin,Motor Lublin,3.0,4.0,7.0,Karski L.,Lukasz Karski,1.0,0.0909,4.2308,4.1189,-0.11190000000000033,-0.02393773988844372,2.0317,2.1534,4.185,1,709.0196,0.5694,0.6292,0.0845,0.1123,-0.0382,0.8206,referee,1,0.015222,0.063704,0.133301,0.185956,0.194557,0.162845,0.113585,0.067908,0.035525,0.016519,0.006913,0.00263,0.000917,0.000417,0.984778,0.015222,1,0.015339,0.921074,0.078926,1,0.082215,0.787773,0.212227,1,0.238546,0.601817,0.398183,1,0.507803,0.407259,0.592741,1,0.898306,0.244414,0.755586,1,1.408893,0.130829,0.869171,1,2.033867,0.062921,0.937079,0,0.064987
2419,2025/26,9,Górnik Zabrze,Widzew Łódź,4.0,1.0,5.0,Raczkowski P.,Pawel Raczkowski,43.0,0.8113,4.2348,5.3273,1.0925000000000002,0.20761428420690775,2.4318,2.5617,4.9935,1,709.0196,0.5694,0.6292,0.0845,0.1123,-0.0382,0.8206,referee,1,0.006782,0.033865,0.084553,0.140739,0.175695,0.175467,0.146033,0.104174,0.065024,0.036078,0.018015,0.008178,0.003403,0.001995,0.993218,0.006782,1,0.006805,0.959353,0.040647,1,0.041496,0.8748,0.1252,1,0.13376,0.734062,0.265938,1,0.309162,0.558367,0.441633,1,0.58274,0.3829,0.6171,0,0.482724,0.236867,0.763133,0,0.270323,0.132694,0.867306,0,0.142363
2420,2025/26,9,Radomiak Radom,Piast Gliwice,0.0,1.0,1.0,Arys K.,Karol Arys,40.0,0.8,4.2358,3.5072,-0.7286000000000001,-0.16705792389900487,1.7566,1.8648,3.6214,1,709.0196,0.5694,0.6292,0.0845,0.1123,-0.0382,0.8206,referee,1,0.026745,0.096853,0.175374,0.211701,0.191665,0.13882,0.083788,0.043347,0.019622,0.007896,0.002859,0.000941,0.000284,0.000106,0.973255,0.026745,1,0.027109,0.876402,0.123598,0,2.090722,0.701029,0.298971,0,1.207407,0.489328,0.510672,0,0.672028,0.297663,0.702337,0,0.353342,0.158844,0.841156,0,0.172978,0.075056,0.924944,0,0.078022,0.031709,0.968291,0,0.032222
2421,2025/26,9,Pogoń Szczecin,Lechia Gdańsk,3.0,3.0,6.0,Kochanek M.,Marcin Kochanek,22.0,0.6875,4.2359,4.0112,-0.22470000000000034,-0.04860858898308251,1.9447,2.0371,3.9818,1,709.0196,0.5694,0.6292,0.0845,0.1123,-0.0382,0.8206,referee,1,0.018653,0.074271,0.147864,0.196253,0.195359,0.155574,0.103243,0.058727,0.02923,0.012932,0.005149,0.001864,0.000618,0.000262,0.981347,0.018653,1,0.018829,0.907077,0.092923,1,0.097528,0.759212,0.240788,1,0.275474,0.562959,0.437041,1,0.574548,0.3676,0.6324,1,1.000759,0.212026,0.787974,1,1.551047,0.108783,0.891217,0,0.115167,0.050055,0.949945,0,0.051351
2422,2025/26,9,GKS Katowice,Cracovia,2.0,1.0,3.0,Marciniak S.,Szymon Marciniak,61.0,0.8592,4.243,3.9638,-0.27920000000000034,-0.06066942568749689,1.8612,2.0839,3.9451,1,709.0196,0.5694,0.6292,0.0845,0.1123,-0.0382,0.8206,referee,1,0.019349,0.076335,0.150574,0.19801,0.195293,0.15409,0.101317,0.057101,0.028158,0.012343,0.004869,0.001746,0.000574,0.00024,0.980651,0.019349,1,0.019539,0.904316,0.095684,1,0.100577,0.753742,0.246258,1,0.282706,0.555731,0.444269,0,0.811326,0.360439,0.639561,0,0.446973,0.206349,0.793651,0,0.231112,0.105032,0.894968,0,0.110968,0.047932,0.952068,0,0.049119
2423,2025/26,9,Raków Częstochowa,Legia Warszawa,1.0,3.0,4.0,Przybyl J.,Jaroslaw Przybyl,47.0,0.8246,4.2311,4.4967,0.26560000000000006,0.05461996093229682,2.0682,2.4369,4.5052,1,709.0196,0.5694,0.6292,0.0845,0.1123,-0.0382,0.8206,referee,1,0.011052,0.04979,0.112156,0.168428,0.189698,0.170924,0.12834,0.082599,0.046515,0.023284,0.01049,0.004296,0.001613,0.000813,0.988948,0.011052,1,0.011113,0.939158,0.060842,1,0.062772,0.827002,0.172998,1,0.189949,0.658574,0.341426,1,0.417678,0.468876,0.531124,0,0.632759,0.297951,0.702049,0,0.353753,0.169611,0.830389,0,0.185861,0.087012,0.912988,0,0.091032
2424,2025/26,9,Wisła Płock,Jagiellonia Białystok,0.0,2.0,2.0,Lasyk P.,Piotr Lasyk,51.0,0.8361,4.2412,3.8428,-0.3984000000000001,-0.08777096684764807,1.9216,2.0733,3.9949,1,709.0196,0.5694,0.6292,0.0845,0.1123,-0.0382,0.8206,referee,1,0.01841,0.073545,0.146902,0.195618,0.195366,0.156092,0.103928,0.059311,0.029617,0.013146,0.005252,0.001907,0.000635,0.00027,0.98159,0.01841,1,0.018582,0.908044,0.091956,1,0.096462,0.761143,0.238857,0,1.431888,0.565525,0.434475,0,0.833617,0.370159,0.629841,0,0.462288,0.214067,0.785933,0,0.240883,0.110139,0.889861,0,0.11669,0.050828,0.949172,0,0.052165
2425,2025/26,10,Wisła Płock,GKS Katowice,1.0,1.0,2.0,Raczkowski P.,Pawel Raczkowski,44.0,0.8148,4.2381,5.3219,1.0838,0.20599045748207345,2.3016,2.5675,4.8691,1,720.2217,0.5673,0.6261,0.0967,0.109,-0.0453,0.8448,referee,1,0.00768,0.037395,0.091041,0.147764,0.17987,0.175162,0.142148,0.098876,0.06018,0.032558,0.015853,0.007017,0.002847,0.001608,0.99232,0.00768,1,0.00771,0.954925,0.045075,1,0.046123,0.863884,0.136116,0,1.994245,0.71612,0.28388,0,1.259204,0.53625,0.46375,0,0.76841,0.361088,0.638912,0,0.447989,0.218941,0.781059,0,0.247104,0.120064,0.879936,0,0.127906
2426,2025/26,10,Legia Warszawa,Pogoń Szczecin,2.0,3.0,5.0,Myc W.,Wojciech Myc,34.0,0.7727,4.2324,4.121,-0.11139999999999972,-0.0238213415092412,1.9468,2.1229,4.0697,1,720.2217,0.5673,0.6261,0.0967,0.109,-0.0453,0.8448,referee,1,0.017083,0.069522,0.141466,0.191907,0.19525,0.158921,0.107793,0.062669,0.03188,0.014416,0.005867,0.002171,0.000736,0.000322,0.982917,0.017083,1,0.017231,0.913395,0.086605,1,0.090587,0.771929,0.228071,1,0.258862,0.580022,0.419978,1,0.544689,0.384773,0.615227,1,0.955103,0.225852,0.774148,0,0.255992,0.11806,0.88194,0,0.125631,0.055391,0.944609,0,0.056984
2427,2025/26,10,Motor Lublin,Radomiak Radom,1.0,3.0,4.0,Rzucidlo P.,Piotr Rzucidlo,7.0,0.4118,4.2386,4.1992,-0.03939999999999966,-0.008349451968020949,2.0267,2.1845,4.2112,1,720.2217,0.5673,0.6261,0.0967,0.109,-0.0453,0.8448,referee,1,0.014829,0.062447,0.131487,0.184573,0.194317,0.163661,0.114868,0.069104,0.036376,0.017021,0.007168,0.002744,0.000963,0.000441,0.985171,0.014829,1,0.01494,0.922725,0.077275,1,0.080424,0.791237,0.208763,1,0.234157,0.606665,0.393335,1,0.499779,0.412347,0.587653,0,0.531619,0.248686,0.751314,0,0.285932,0.133818,0.866182,0,0.14366,0.064713,0.935287,0,0.066902
2428,2025/26,10,Zagłębie Lubin,Arka Gdynia,0.0,3.0,3.0,Lasyk P.,Piotr Lasyk,52.0,0.8387,4.2382,3.8126,-0.42559999999999976,-0.09411634625502496,1.8694,2.0538,3.9232,1,720.2217,0.5673,0.6261,0.0967,0.109,-0.0453,0.8448,referee,1,0.019779,0.077595,0.152208,0.199045,0.195221,0.153176,0.100156,0.056132,0.027527,0.011999,0.004707,0.001679,0.000549,0.000228,0.980221,0.019779,1,0.019977,0.902627,0.097373,1,0.102446,0.750419,0.249581,1,0.287123,0.551374,0.448626,0,0.801567,0.356154,0.643846,0,0.440295,0.202977,0.797023,0,0.226872,0.102822,0.897178,0,0.108501,0.046689,0.953311,0,0.047815
2429,2025/26,10,Korona Kielce,Lechia Gdańsk,2.0,1.0,3.0,Arys K.,Karol Arys,41.0,0.8039,4.2349,3.4578,-0.7770999999999995,-0.1792722917581775,1.7849,1.8558,3.6407,1,720.2217,0.5673,0.6261,0.0967,0.109,-0.0453,0.8448,referee,1,0.026234,0.095509,0.17386,0.210992,0.192041,0.139833,0.084849,0.04413,0.020083,0.008124,0.002958,0.000979,0.000297,0.000112,0.973766,0.026234,1,0.026584,0.878258,0.121742,1,0.129815,0.704397,0.295603,1,0.350413,0.493405,0.506595,0,0.680044,0.301365,0.698635,0,0.358626,0.161531,0.838469,0,0.176178,0.076683,0.923317,0,0.079782,0.032553,0.967447,0,0.033094
2430,2025/26,10,Cracovia,Górnik Zabrze,1.0,3.0,4.0,Gryckiewicz P.,Patryk Gryckiewicz,31.0,0.7561,4.2331,4.6178,0.3846999999999996,0.0781442802599086,2.2229,2.3163,4.5392,1,720.2217,0.5673,0.6261,0.0967,0.109,-0.0453,0.8448,referee,1,0.010682,0.048487,0.110047,0.166509,0.188954,0.17154,0.129776,0.084154,0.047749,0.024083,0.010932,0.004511,0.001706,0.00087,0.989318,0.010682,1,0.010739,0.940831,0.059169,1,0.060992,0.830784,0.169216,1,0.185386,0.664275,0.335725,1,0.409059,0.475321,0.524679,0,0.644969,0.303781,0.696219,0,0.362091,0.174005,0.825995,0,0.191166,0.08985,0.91015,0,0.094146
2431,2025/26,10,Lech Poznań,Jagiellonia Białystok,1.0,4.0,5.0,Frankowski B.,Bartosz Frankowski,36.0,0.7826,4.2335,4.2899,0.056400000000000006,0.011844647791368734,2.0898,2.1214,4.2111,1,720.2217,0.5673,0.6261,0.0967,0.109,-0.0453,0.8448,referee,1,0.014829,0.062449,0.131491,0.184575,0.194318,0.16366,0.114866,0.069102,0.036375,0.01702,0.007167,0.002744,0.000963,0.000441,0.985171,0.014829,1,0.014941,0.922722,0.077278,1,0.080428,0.791231,0.208769,1,0.234166,0.606656,0.393344,1,0.499794,0.412338,0.587662,1,0.885912,0.248678,0.751322,0,0.285921,0.133812,0.866188,0,0.143654,0.06471,0.93529,0,0.066899
2432,2025/26,10,Piast Gliwice,Bruk-Bet Termalica Nieciecza,1.0,3.0,4.0,Malec P.,Pawel Malec,25.0,0.7143,4.2328,4.1236,-0.10920000000000041,-0.023343371096368637,2.0008,2.1097,4.1106,1,720.2217,0.5673,0.6261,0.0967,0.109,-0.0453,0.8448,referee,1,0.016398,0.067406,0.138539,0.189826,0.195074,0.160374,0.109872,0.06452,0.033152,0.015141,0.006224,0.002326,0.000797,0.000353,0.983602,0.016398,1,0.016534,0.916196,0.083804,1,0.087525,0.777657,0.222343,1,0.25147,0.587831,0.412169,1,0.531316,0.392757,0.607243,0,0.498826,0.232384,0.767616,0,0.264465,0.122512,0.877488,0,0.130692,0.057993,0.942007,0,0.059742
2433,2025/26,10,Widzew Łódź,Raków Częstochowa,3.0,4.0,7.0,Kuzma L.,Lukasz Kuzma,40.0,0.8,4.2346,4.2469,0.012299999999999756,0.0025945276380028304,2.0464,2.2485,4.2949,1,720.2217,0.5673,0.6261,0.0967,0.109,-0.0453,0.8448,referee,1,0.013637,0.058572,0.125781,0.180074,0.193352,0.166087,0.118889,0.072946,0.039162,0.018689,0.008027,0.003134,0.001122,0.000528,0.986363,0.013637,1,0.013731,0.927791,0.072209,1,0.074949,0.80201,0.19799,1,0.220635,0.621936,0.378064,1,0.474919,0.428584,0.571416,1,0.847269,0.262497,0.737503,1,1.337517,0.143608,0.856392,1,1.94067,0.070662,0.929338,0,0.073283
2434,2025/26,11,Arka Gdynia,Cracovia,0.0,2.0,2.0,Myc W.,Wojciech Myc,35.0,0.7778,4.2344,4.141,-0.09339999999999993,-0.019925142404769502,1.9473,2.1685,4.1158,1,730.3175,0.561,0.6276,0.1029,0.1049,-0.0452,0.8248,referee,1,0.016313,0.067141,0.138169,0.189559,0.195046,0.160554,0.110134,0.064756,0.033315,0.015235,0.006271,0.002346,0.000805,0.000357,0.983687,0.016313,1,0.016448,0.916546,0.083454,1,0.087143,0.778376,0.221624,0,1.506775,0.588818,0.411182,0,0.888719,0.393772,0.606228,0,0.500499,0.233218,0.766782,0,0.265553,0.123084,0.876916,0,0.131344,0.058329,0.941671,0,0.060099
2435,2025/26,11,Bruk-Bet Termalica Nieciecza,Widzew Łódź,1.0,2.0,3.0,Lasyk P.,Piotr Lasyk,53.0,0.8413,4.2312,3.7986,-0.4326000000000003,-0.09588948182503731,1.788,2.0155,3.8035,1,730.3175,0.561,0.6276,0.1029,0.1049,-0.0452,0.8248,referee,1,0.022293,0.084791,0.161251,0.204438,0.194394,0.147875,0.09374,0.050934,0.024216,0.010234,0.003892,0.001346,0.000427,0.00017,0.977707,0.022293,1,0.022545,0.892916,0.107084,1,0.113263,0.731665,0.268335,1,0.312433,0.527226,0.472774,0,0.749139,0.332832,0.667168,0,0.404714,0.184958,0.815042,0,0.204515,0.091218,0.908782,0,0.09565,0.040284,0.959716,0,0.041118
2436,2025/26,11,Lechia Gdańsk,Wisła Płock,1.0,3.0,4.0,Piszczelok M.,Mateusz Piszczelok,3.0,0.2308,4.2365,4.1819,-0.05460000000000065,-0.011594455886675625,2.0325,2.1997,4.2322,1,730.3175,0.561,0.6276,0.1029,0.1049,-0.0452,0.8248,referee,1,0.01452,0.061452,0.13004,0.183452,0.194103,0.164297,0.115891,0.070068,0.037068,0.017431,0.007377,0.002838,0.001001,0.000462,0.98548,0.01452,1,0.014626,0.924028,0.075972,1,0.079013,0.793988,0.206012,1,0.230687,0.610536,0.389464,1,0.493418,0.416433,0.583567,0,0.538596,0.252136,0.747864,0,0.290534,0.136245,0.863755,0,0.146466,0.066177,0.933823,0,0.068469
2437,2025/26,11,Górnik Zabrze,Legia Warszawa,1.0,1.0,2.0,Kuzma L.,Lukasz Kuzma,41.0,0.8039,4.2277,4.2996,0.0719000000000003,0.015093754794098801,1.9798,2.2532,4.233,1,730.3175,0.561,0.6276,0.1029,0.1049,-0.0452,0.8248,referee,1,0.014509,0.061417,0.129988,0.183412,0.194095,0.16432,0.115927,0.070102,0.037093,0.017446,0.007385,0.002842,0.001002,0.000463,0.985491,0.014509,1,0.014615,0.924074,0.075926,1,0.078963,0.794086,0.205914,0,1.580296,0.610674,0.389326,0,0.943337,0.416579,0.583421,0,0.538846,0.252259,0.747741,0,0.290699,0.136332,0.863668,0,0.146567,0.06623,0.93377,0,0.068525
2438,2025/26,11,Radomiak Radom,Zagłębie Lubin,0.0,3.0,3.0,Krasny S.,Sebastian Krasny,18.0,0.6429,4.2295,4.1177,-0.11179999999999968,-0.023922743036510763,1.9735,2.111,4.0845,1,730.3175,0.561,0.6276,0.1029,0.1049,-0.0452,0.8248,referee,1,0.016832,0.068749,0.140402,0.191157,0.195195,0.159455,0.108549,0.063338,0.032338,0.014676,0.005994,0.002226,0.000758,0.000333,0.983168,0.016832,1,0.016975,0.91442,0.08558,1,0.089466,0.774018,0.225982,1,0.25616,0.582861,0.417139,0,0.874335,0.387666,0.612334,0,0.490477,0.228211,0.771789,0,0.259044,0.119663,0.880337,0,0.12745,0.056325,0.943675,0,0.057973
2439,2025/26,11,Pogoń Szczecin,Piast Gliwice,2.0,1.0,3.0,Sylwestrzak D.,Damian Sylwestrzak,45.0,0.8182,4.2361,4.4248,0.18869999999999987,0.03906965243876903,2.0863,2.2151,4.3015,1,730.3175,0.561,0.6276,0.1029,0.1049,-0.0452,0.8248,referee,1,0.013548,0.058279,0.125342,0.179719,0.193264,0.166264,0.119197,0.073246,0.039383,0.018823,0.008097,0.003166,0.001135,0.000536,0.986452,0.013548,1,0.013641,0.928173,0.071827,1,0.074537,0.802831,0.197169,1,0.219611,0.623112,0.376888,0,0.975808,0.429848,0.570152,0,0.561852,0.263584,0.736416,0,0.30596,0.144386,0.855614,0,0.155936,0.07114,0.92886,0,0.073797
2440,2025/26,11,GKS Katowice,Lech Poznań,1.0,3.0,4.0,Arys K.,Karol Arys,42.0,0.8077,4.2246,3.447,-0.7775999999999996,-0.1798271045968114,1.6907,1.8591,3.5498,1,730.3175,0.561,0.6276,0.1029,0.1049,-0.0452,0.8248,referee,1,0.028731,0.101989,0.181019,0.214192,0.190084,0.134951,0.079841,0.040488,0.017965,0.007086,0.002515,0.000812,0.00024,8.7e-05,0.971269,0.028731,1,0.029152,0.86928,0.13072,1,0.14009,0.688261,0.311739,1,0.373587,0.474069,0.525931,1,0.746402,0.283986,0.716014,0,0.334055,0.149035,0.850965,0,0.161384,0.069194,0.930806,0,0.071704,0.028706,0.971294,0,0.029126
2441,2025/26,11,Raków Częstochowa,Motor Lublin,1.0,3.0,4.0,Kos D.,Damian Kos,32.0,0.7619,4.2243,4.9343,0.71,0.14001131560766078,2.3265,2.6145,4.941,1,730.3175,0.561,0.6276,0.1029,0.1049,-0.0452,0.8248,referee,1,0.007147,0.035316,0.087247,0.143696,0.1775,0.175406,0.144447,0.101959,0.062972,0.034572,0.017082,0.007673,0.003159,0.001823,0.992853,0.007147,1,0.007173,0.957537,0.042463,1,0.043391,0.87029,0.12971,1,0.138929,0.726594,0.273406,1,0.319387,0.549094,0.450906,0,0.796496,0.373688,0.626312,0,0.467906,0.229241,0.770759,0,0.260379,0.127282,0.872718,0,0.136143
2442,2025/26,11,Jagiellonia Białystok,Korona Kielce,1.0,1.0,2.0,Kwiatkowski T.,Tomasz Kwiatkowski,40.0,0.8,4.2239,4.1848,-0.03910000000000036,-0.008311504264989278,1.9602,2.1728,4.133,1,730.3175,0.561,0.6276,0.1029,0.1049,-0.0452,0.8248,referee,1,0.016035,0.066273,0.136953,0.188673,0.194945,0.16114,0.110998,0.065536,0.033857,0.015548,0.006426,0.002414,0.000832,0.000371,0.983965,0.016035,1,0.016165,0.917691,0.082309,1,0.085894,0.780739,0.219261,0,1.517492,0.592066,0.407934,0,0.896649,0.397121,0.602879,0,0.506038,0.235981,0.764019,0,0.269162,0.124983,0.875017,0,0.133512,0.059448,0.940552,0,0.061288
2443,2025/26,12,Wisła Płock,Bruk-Bet Termalica Nieciecza,0.0,1.0,1.0,Przybyl J.,Jaroslaw Przybyl,48.0,0.8276,4.2142,4.4852,0.2709999999999999,0.055894292542390867,2.0305,2.3649,4.3954,1,747.4826,0.561,0.633,0.1156,0.1046,-0.0644,0.8214,referee,1,0.012334,0.054212,0.119142,0.17456,0.191816,0.168622,0.123527,0.077565,0.042616,0.020813,0.009148,0.003655,0.001339,0.000652,0.987666,0.012334,1,0.01241,0.933454,0.066546,0,2.709864,0.814312,0.185688,0,1.683687,0.639752,0.360248,0,1.020963,0.447936,0.552064,0,0.594092,0.279315,0.720685,0,0.327553,0.155788,0.844212,0,0.169351,0.078223,0.921777,0,0.081452
2444,2025/26,12,Motor Lublin,GKS Katowice,2.0,3.0,5.0,Kwiatkowski T.,Tomasz Kwiatkowski,41.0,0.8039,4.2208,4.1413,-0.07949999999999946,-0.016983777349826257,1.9562,2.1419,4.0981,1,747.4826,0.561,0.633,0.1156,0.1046,-0.0644,0.8214,referee,1,0.016603,0.068043,0.139426,0.190462,0.195136,0.159939,0.109242,0.063956,0.032762,0.014918,0.006114,0.002278,0.000778,0.000343,0.983397,0.016603,1,0.016743,0.915353,0.084647,1,0.088445,0.775928,0.224072,1,0.253696,0.585465,0.414535,1,0.535348,0.39033,0.60967,1,0.940763,0.230391,0.769609,0,0.261873,0.121149,0.878851,0,0.12914,0.057193,0.942807,0,0.058894
2445,2025/26,12,Zagłębie Lubin,Legia Warszawa,2.0,1.0,3.0,Gryckiewicz P.,Patryk Gryckiewicz,32.0,0.7619,4.2193,4.5998,0.3805000000000005,0.07754083976061876,2.021,2.3707,4.3917,1,747.4826,0.561,0.633,0.1156,0.1046,-0.0644,0.8214,referee,1,0.01238,0.054368,0.119383,0.174765,0.191879,0.168536,0.12336,0.077394,0.042487,0.020732,0.009105,0.003635,0.00133,0.000647,0.98762,0.01238,1,0.012457,0.933253,0.066747,1,0.069079,0.81387,0.18613,1,0.205955,0.639104,0.360896,0,1.019167,0.447225,0.552775,0,0.592804,0.27869,0.72131,0,0.326686,0.15533,0.84467,0,0.168809,0.077936,0.922064,0,0.08114
2446,2025/26,12,Korona Kielce,Górnik Zabrze,2.0,0.0,2.0,Marciniak S.,Szymon Marciniak,63.0,0.863,4.2216,3.9482,-0.27339999999999964,-0.05964820524033132,1.9237,2.0557,3.9794,1,747.4826,0.561,0.633,0.1156,0.1046,-0.0644,0.8214,referee,1,0.018696,0.0744,0.148035,0.196365,0.195356,0.155482,0.103122,0.058624,0.029162,0.012894,0.005131,0.001856,0.000616,0.000261,0.981304,0.018696,1,0.018873,0.906904,0.093096,1,0.097718,0.75887,0.24113,0,1.422418,0.562504,0.437496,0,0.826689,0.367148,0.632852,0,0.457519,0.211666,0.788334,0,0.237833,0.108544,0.891456,0,0.114899,0.049919,0.950081,0,0.051208
2447,2025/26,12,Cracovia,Raków Częstochowa,3.0,4.0,7.0,Sylwestrzak D.,Damian Sylwestrzak,46.0,0.8214,4.2185,4.3962,0.17770000000000064,0.036968441569651844,2.1245,2.278,4.4025,1,747.4826,0.561,0.633,0.1156,0.1046,-0.0644,0.8214,referee,1,0.012246,0.053915,0.118681,0.174166,0.191692,0.168786,0.123847,0.077891,0.042865,0.020968,0.009231,0.003695,0.001355,0.000661,0.987754,0.012246,1,0.012322,0.933838,0.066162,1,0.068452,0.815157,0.184843,1,0.204375,0.640991,0.359009,1,0.444739,0.449299,0.550701,1,0.800066,0.280514,0.719486,1,1.271133,0.156667,0.843333,1,1.853635,0.078775,0.921225,0,0.082051
2448,2025/26,12,Lech Poznań,Pogoń Szczecin,1.0,0.0,1.0,Myc W.,Wojciech Myc,36.0,0.7826,4.2176,4.0908,-0.12680000000000025,-0.02724589487978113,1.8753,2.0736,3.949,1,747.4826,0.561,0.633,0.1156,0.1046,-0.0644,0.8214,referee,1,0.019274,0.076114,0.150286,0.197826,0.195303,0.15425,0.101522,0.057272,0.028271,0.012405,0.004899,0.001759,0.000579,0.000243,0.980726,0.019274,1,0.019462,0.904612,0.095388,0,2.349804,0.754326,0.245674,0,1.403751,0.5565,0.4435,0,0.813059,0.361198,0.638802,0,0.44816,0.206948,0.793052,0,0.231867,0.105427,0.894573,0,0.111408,0.048154,0.951846,0,0.049352
2449,2025/26,12,Jagiellonia Białystok,Arka Gdynia,1.0,1.0,2.0,Arys K.,Karol Arys,43.0,0.8113,4.2224,3.4571,-0.7653000000000003,-0.17680571118992128,1.6779,1.9785,3.6564,1,747.4826,0.561,0.633,0.1156,0.1046,-0.0644,0.8214,referee,1,0.025826,0.094429,0.172634,0.210405,0.192331,0.140647,0.08571,0.04477,0.020462,0.008313,0.00304,0.00101,0.000308,0.000116,0.974174,0.025826,1,0.026165,0.879745,0.120255,1,0.128123,0.707111,0.292889,0,1.227962,0.496706,0.503294,0,0.68658,0.304375,0.695625,0,0.362945,0.163728,0.836272,0,0.178802,0.078019,0.921981,0,0.08123,0.033249,0.966751,0,0.033814
2450,2025/26,12,Piast Gliwice,Lechia Gdańsk,2.0,3.0,5.0,Frankowski B.,Bartosz Frankowski,37.0,0.7872,4.2131,4.3007,0.08760000000000012,0.01841587499012043,2.0956,2.1339,4.2295,1,747.4826,0.561,0.633,0.1156,0.1046,-0.0644,0.8214,referee,1,0.014559,0.061578,0.130224,0.183596,0.194131,0.164217,0.115761,0.069945,0.036979,0.017378,0.00735,0.002826,0.000996,0.000459,0.985441,0.014559,1,0.014666,0.923863,0.076137,1,0.079192,0.793639,0.206361,1,0.231127,0.610043,0.389957,1,0.494225,0.415912,0.584088,1,0.877282,0.251695,0.748305,0,0.289944,0.135934,0.864066,0,0.146106,0.065989,0.934011,0,0.068268
2451,2025/26,12,Widzew Łódź,Radomiak Radom,2.0,2.0,4.0,Raczkowski P.,Pawel Raczkowski,45.0,0.8182,4.2219,5.2585,1.0366,0.19846576315492448,2.4469,2.7106,5.1575,1,747.4826,0.561,0.633,0.1156,0.1046,-0.0644,0.8214,referee,1,0.005756,0.029687,0.076556,0.131612,0.169697,0.175042,0.150463,0.110859,0.071469,0.040956,0.021123,0.009904,0.004257,0.002621,0.994244,0.005756,1,0.005773,0.964557,0.035443,1,0.036087,0.888001,0.111999,1,0.118783,0.756389,0.243611,1,0.2792,0.586692,0.413308,0,0.883563,0.41165,0.58835,0,0.530434,0.261187,0.738813,0,0.302711,0.150329,0.849671,0,0.162906
2452,2025/26,13,Arka Gdynia,Piast Gliwice,2.0,4.0,6.0,Kuzma L.,Lukasz Kuzma,42.0,0.8077,4.2091,4.2518,0.04269999999999996,0.00902668666541695,2.0123,2.1959,4.2082,1,762.7406,0.5585,0.6291,0.1157,0.1086,-0.068,0.8267,referee,1,0.014873,0.062589,0.131694,0.184731,0.194346,0.16357,0.114722,0.068968,0.036279,0.016963,0.007138,0.002731,0.000958,0.000438,0.985127,0.014873,1,0.014985,0.922538,0.077462,1,0.080627,0.790844,0.209156,1,0.234654,0.606113,0.393887,1,0.500688,0.411767,0.588233,1,0.887298,0.248197,0.751803,1,1.393531,0.133475,0.866525,0,0.143264,0.064507,0.935493,0,0.066682
2453,2025/26,13,Bruk-Bet Termalica Nieciecza,Zagłębie Lubin,3.0,2.0,5.0,Kochanek M.,Marcin Kochanek,23.0,0.697,4.2097,4.0636,-0.14609999999999967,-0.0315124259921673,1.8351,2.1542,3.9892,1,762.7406,0.5585,0.6291,0.1157,0.1086,-0.068,0.8267,referee,1,0.018514,0.073857,0.147316,0.195892,0.195364,0.15587,0.103634,0.05906,0.02945,0.013054,0.005207,0.001889,0.000628,0.000267,0.981486,0.018514,1,0.018688,0.907629,0.092371,1,0.096919,0.760314,0.239686,1,0.274024,0.564422,0.435578,1,0.571953,0.369058,0.630942,1,0.996801,0.213188,0.786812,0,0.239766,0.109554,0.890446,0,0.116033,0.050495,0.949505,0,0.051814
2454,2025/26,13,Legia Warszawa,Lech Poznań,1.0,2.0,3.0,Lasyk P.,Piotr Lasyk,54.0,0.8438,4.2179,3.7841,-0.4338000000000002,-0.09645329035560013,1.8507,2.0095,3.8602,1,762.7406,0.5585,0.6291,0.1157,0.1086,-0.068,0.8267,referee,1,0.021064,0.081311,0.156938,0.201937,0.194879,0.150454,0.096796,0.053379,0.025757,0.011047,0.004264,0.001497,0.000481,0.000196,0.978936,0.021064,1,0.021289,0.897625,0.102375,1,0.108003,0.740686,0.259314,1,0.300178,0.538749,0.461251,0,0.773814,0.343871,0.656129,0,0.421397,0.193417,0.806583,0,0.214949,0.096621,0.903379,0,0.101613,0.043242,0.956758,0,0.044205
2455,2025/26,13,Motor Lublin,Widzew Łódź,1.0,2.0,3.0,Piszczelok M.,Mateusz Piszczelok,4.0,0.2857,4.2108,4.1506,-0.06020000000000003,-0.012861501451872703,1.9773,2.1607,4.138,1,762.7406,0.5585,0.6291,0.1157,0.1086,-0.068,0.8267,referee,1,0.015955,0.066022,0.136598,0.188413,0.194913,0.161309,0.111249,0.065764,0.034016,0.01564,0.006472,0.002435,0.00084,0.000375,0.984045,0.015955,1,0.016084,0.918023,0.081977,1,0.085532,0.781426,0.218574,1,0.246635,0.593012,0.406988,0,0.898972,0.398099,0.601901,0,0.507663,0.23679,0.76321,0,0.270222,0.125541,0.874459,0,0.13415,0.059777,0.940223,0,0.061638
2456,2025/26,13,Górnik Zabrze,Jagiellonia Białystok,0.0,1.0,1.0,Frankowski B.,Bartosz Frankowski,38.0,0.7917,4.2163,4.3159,0.09959999999999969,0.020898349787900505,2.0851,2.1807,4.2658,1,762.7406,0.5585,0.6291,0.1157,0.1086,-0.068,0.8267,referee,1,0.01404,0.059893,0.127747,0.181649,0.193721,0.165276,0.117506,0.071609,0.038184,0.018098,0.00772,0.002994,0.001064,0.000497,0.98596,0.01404,1,0.01414,0.926066,0.073934,0,2.604588,0.798319,0.201681,0,1.601069,0.61667,0.38333,0,0.958859,0.422949,0.577051,0,0.549825,0.257673,0.742327,0,0.297965,0.140166,0.859834,0,0.151017,0.068558,0.931442,0,0.071021
2457,2025/26,13,Radomiak Radom,Wisła Płock,1.0,1.0,2.0,Arys K.,Karol Arys,44.0,0.8148,4.2115,3.4281,-0.7833999999999999,-0.18185048024803763,1.704,1.9941,3.6981,1,762.7406,0.5585,0.6291,0.1157,0.1086,-0.068,0.8267,referee,1,0.024772,0.091607,0.169384,0.208797,0.193036,0.142771,0.087996,0.046488,0.021489,0.00883,0.003265,0.001098,0.000338,0.00013,0.975228,0.024772,1,0.025084,0.883621,0.116379,1,0.123727,0.714237,0.285763,0,1.252594,0.50544,0.49456,0,0.704088,0.312405,0.687595,0,0.374555,0.169634,0.830366,0,0.185888,0.081638,0.918362,0,0.085163,0.03515,0.96485,0,0.035783
2458,2025/26,13,Pogoń Szczecin,Cracovia,2.0,4.0,6.0,Raczkowski P.,Pawel Raczkowski,46.0,0.8214,4.2116,5.2342,1.0226000000000006,0.19642069341555968,2.2794,2.5077,4.787,1,762.7406,0.5585,0.6291,0.1157,0.1086,-0.068,0.8267,referee,1,0.008337,0.039911,0.095527,0.15243,0.182421,0.17465,0.139342,0.09529,0.057019,0.030328,0.014518,0.006318,0.00252,0.001388,0.991663,0.008337,1,0.008372,0.951752,0.048248,1,0.049451,0.856224,0.143776,1,0.155223,0.703794,0.296206,1,0.351269,0.521373,0.478627,1,0.651289,0.346723,0.653277,1,1.059228,0.207381,0.792619,0,0.232413,0.112091,0.887909,0,0.118886
2459,2025/26,13,GKS Katowice,Korona Kielce,4.0,3.0,7.0,Krasny S.,Sebastian Krasny,19.0,0.6552,4.2141,4.0738,-0.14029999999999987,-0.03021364845566521,1.892,2.125,4.0171,1,762.7406,0.5585,0.6291,0.1157,0.1086,-0.068,0.8267,referee,1,0.018006,0.07233,0.145278,0.19453,0.19536,0.156954,0.105083,0.060303,0.03028,0.013515,0.005429,0.001983,0.000664,0.000285,0.981994,0.018006,1,0.01817,0.909664,0.090336,1,0.09468,0.764386,0.235614,1,0.268683,0.569856,0.430144,1,0.562372,0.374496,0.625504,1,0.982174,0.217542,0.782458,1,1.525365,0.112459,0.887541,1,2.185166,0.052156,0.947844,0,0.053565
2460,2025/26,13,Raków Częstochowa,Lechia Gdańsk,1.0,3.0,4.0,Rzucidlo P.,Piotr Rzucidlo,8.0,0.4444,4.2118,4.1732,-0.038600000000000634,-0.008225938765890728,2.036,2.2402,4.2763,1,762.7406,0.5585,0.6291,0.1157,0.1086,-0.068,0.8267,referee,1,0.013895,0.059417,0.127041,0.181087,0.193593,0.16557,0.118003,0.072087,0.038533,0.018309,0.007829,0.003044,0.001085,0.000508,0.986105,0.013895,1,0.013992,0.926688,0.073312,1,0.076138,0.799647,0.200353,1,0.223585,0.618561,0.381439,1,0.48036,0.424968,0.575032,0,0.553329,0.259398,0.740602,0,0.300291,0.141394,0.858606,0,0.152445,0.069307,0.930693,0,0.071825
2461,2025/26,14,Wisła Płock,Pogoń Szczecin,1.0,1.0,2.0,Malec P.,Pawel Malec,26.0,0.7222,4.2095,4.1138,-0.0956999999999999,-0.020529932805886997,1.8608,2.133,3.9938,1,772.5519,0.5646,0.6394,0.1037,0.1087,-0.0654,0.8477,referee,1,0.018429,0.073603,0.146978,0.195668,0.195366,0.156051,0.103873,0.059264,0.029586,0.013129,0.005244,0.001904,0.000634,0.00027,0.981571,0.018429,1,0.018601,0.907968,0.092032,1,0.096546,0.760989,0.239011,0,1.431247,0.565321,0.434679,0,0.833147,0.369955,0.630045,0,0.461964,0.213904,0.786096,0,0.240676,0.110031,0.889969,0,0.116568,0.050766,0.949234,0,0.0521
2462,2025/26,14,Bruk-Bet Termalica Nieciecza,GKS Katowice,1.0,2.0,3.0,Marciniak T.,Tomasz Marciniak,1.0,0.0909,4.2085,4.0077,-0.2008000000000001,-0.04358234036336506,1.8658,2.043,3.9089,1,772.5519,0.5646,0.6394,0.1037,0.1087,-0.0654,0.8477,referee,1,0.020064,0.078425,0.153276,0.199712,0.195161,0.152571,0.099396,0.055504,0.027119,0.011778,0.004604,0.001636,0.000533,0.00022,0.979936,0.020064,1,0.020268,0.901511,0.098489,1,0.103683,0.748235,0.251765,1,0.290039,0.548523,0.451477,0,0.795231,0.353362,0.646638,0,0.435969,0.200791,0.799209,0,0.224133,0.101395,0.898605,0,0.106911,0.045891,0.954109,0,0.046978
2463,2025/26,14,Lechia Gdańsk,Radomiak Radom,2.0,4.0,6.0,Szczerbowicz M.,Marcin Szczerbowicz,24.0,0.7059,4.2065,4.149,-0.05750000000000011,-0.012292389296690187,1.9617,2.1789,4.1406,1,772.5519,0.5646,0.6394,0.1037,0.1087,-0.0654,0.8477,referee,1,0.015913,0.06589,0.136412,0.188277,0.194896,0.161397,0.111381,0.065884,0.0341,0.015688,0.006496,0.002445,0.000844,0.000378,0.984087,0.015913,1,0.016041,0.918197,0.081803,1,0.085343,0.781785,0.218215,1,0.246176,0.593508,0.406492,1,0.521705,0.398612,0.601388,1,0.919766,0.237215,0.762785,1,1.43879,0.125834,0.874166,0,0.134485,0.05995,0.94005,0,0.061823
2464,2025/26,14,Górnik Zabrze,Arka Gdynia,1.0,3.0,4.0,Kwiatkowski T.,Tomasz Kwiatkowski,42.0,0.8077,4.2052,4.1548,-0.05039999999999978,-0.010769334852364532,1.9211,2.1958,4.1169,1,772.5519,0.5646,0.6394,0.1037,0.1087,-0.0654,0.8477,referee,1,0.016295,0.067086,0.138092,0.189503,0.19504,0.160591,0.110189,0.064805,0.033349,0.015255,0.00628,0.00235,0.000806,0.000358,0.983705,0.016295,1,0.01643,0.916619,0.083381,1,0.087064,0.778526,0.221474,1,0.250352,0.589024,0.410976,1,0.529289,0.393984,0.606016,0,0.500849,0.233393,0.766607,0,0.265781,0.123204,0.876796,0,0.131481,0.058399,0.941601,0,0.060174
2465,2025/26,14,Cracovia,Zagłębie Lubin,0.0,0.0,0.0,Arys K.,Karol Arys,45.0,0.8182,4.209,3.4016,-0.8073999999999995,-0.18808884584771168,1.7257,1.9042,3.6299,1,772.5519,0.5646,0.6394,0.1037,0.1087,-0.0654,0.8477,referee,1,0.026518,0.096259,0.174706,0.21139,0.191833,0.139268,0.084255,0.043692,0.019825,0.007996,0.002902,0.000958,0.00029,0.000108,0.973482,0.026518,0,3.629928,0.877223,0.122777,0,2.097387,0.702517,0.297483,0,1.212398,0.491127,0.508873,0,0.675556,0.299294,0.700706,0,0.355666,0.160026,0.839974,0,0.174384,0.07577,0.92423,0,0.078795,0.032079,0.967921,0,0.032605
2466,2025/26,14,Lech Poznań,Motor Lublin,2.0,1.0,3.0,Krasny S.,Sebastian Krasny,20.0,0.6667,4.2049,4.1683,-0.036599999999999966,-0.007809539114914887,2.0208,2.1483,4.1691,1,772.5519,0.5646,0.6394,0.1037,0.1087,-0.0654,0.8477,referee,1,0.015466,0.064478,0.13441,0.18679,0.194689,0.162336,0.1128,0.067183,0.035012,0.016219,0.006762,0.002563,0.00089,0.000402,0.984534,0.015466,1,0.015586,0.920056,0.079944,1,0.083321,0.785646,0.214354,1,0.241248,0.598856,0.401144,0,0.913435,0.404168,0.595832,0,0.517796,0.241831,0.758169,0,0.276849,0.129031,0.870969,0,0.138148,0.061848,0.938152,0,0.063843
2467,2025/26,14,Jagiellonia Białystok,Raków Częstochowa,5.0,2.0,7.0,Raczkowski P.,Pawel Raczkowski,47.0,0.8246,4.2033,5.2462,1.0429000000000004,0.200274376774211,2.3732,2.63,5.0033,1,772.5519,0.5646,0.6394,0.1037,0.1087,-0.0654,0.8477,referee,1,0.006716,0.033602,0.084059,0.14019,0.175352,0.175467,0.146319,0.104582,0.065407,0.036361,0.018192,0.008275,0.00345,0.002029,0.993284,0.006716,1,0.006739,0.959683,0.040317,1,0.041153,0.875624,0.124376,1,0.132819,0.735433,0.264567,1,0.307295,0.560081,0.439919,1,0.579674,0.384614,0.615386,1,0.955516,0.238295,0.761705,1,1.434247,0.133713,0.866287,0,0.143539
2468,2025/26,14,Piast Gliwice,Korona Kielce,2.0,1.0,3.0,Kos D.,Damian Kos,33.0,0.7674,4.2068,4.9086,0.7017999999999995,0.13898200772445324,2.2292,2.4322,4.6614,1,772.5519,0.5646,0.6394,0.1037,0.1087,-0.0654,0.8477,referee,1,0.009453,0.044064,0.102701,0.159578,0.185966,0.173373,0.134694,0.089695,0.052263,0.027069,0.012618,0.005347,0.002077,0.0011,0.990547,0.009453,1,0.009498,0.946483,0.053517,1,0.055003,0.843781,0.156219,1,0.169862,0.684203,0.315797,0,1.152655,0.498237,0.501763,0,0.689628,0.324864,0.675136,0,0.392842,0.19017,0.80983,0,0.210931,0.100475,0.899525,0,0.105888
2469,2025/26,14,Widzew Łódź,Legia Warszawa,3.0,3.0,6.0,Gryckiewicz P.,Patryk Gryckiewicz,33.0,0.7674,4.2071,4.5598,0.35270000000000046,0.07225494967885626,2.1238,2.4534,4.5771,1,772.5519,0.5646,0.6394,0.1037,0.1087,-0.0654,0.8477,referee,1,0.010285,0.047074,0.107731,0.164365,0.188079,0.172172,0.131342,0.085881,0.049136,0.024989,0.011438,0.004759,0.001815,0.000936,0.989715,0.010285,1,0.010338,0.942642,0.057358,1,0.059069,0.834911,0.165089,1,0.18043,0.670546,0.329454,1,0.399663,0.482467,0.517533,1,0.728843,0.310295,0.689705,1,1.170232,0.178954,0.821046,0,0.197176,0.093073,0.906927,0,0.097693
2470,2025/26,15,Arka Gdynia,Lech Poznań,3.0,3.0,6.0,Gryckiewicz P.,Patryk Gryckiewicz,34.0,0.7727,4.2153,4.5944,0.3791000000000002,0.07732935644332173,2.1255,2.38,4.5054,1,783.9431,0.5623,0.6354,0.1089,0.1111,-0.0713,0.8959,referee,1,0.011049,0.04978,0.11214,0.168412,0.189693,0.170929,0.128352,0.082611,0.046525,0.023291,0.010493,0.004298,0.001614,0.000814,0.988951,0.011049,1,0.01111,0.939171,0.060829,1,0.062757,0.827032,0.172968,1,0.189912,0.65862,0.34138,1,0.417609,0.468927,0.531073,1,0.757308,0.297998,0.702002,1,1.21067,0.169646,0.830354,0,0.185903,0.087034,0.912966,0,0.091057
2471,2025/26,15,Legia Warszawa,Bruk-Bet Termalica Nieciecza,1.0,4.0,5.0,Arys K.,Karol Arys,46.0,0.8214,4.2177,3.3425,-0.8752,-0.20519819626781066,1.632,1.8743,3.5063,1,783.9431,0.5623,0.6354,0.1089,0.1111,-0.0713,0.8959,referee,1,0.030009,0.105218,0.184462,0.215591,0.18898,0.132523,0.077444,0.038791,0.017002,0.006624,0.002322,0.00074,0.000216,7.7e-05,0.969991,0.030009,1,0.030468,0.864773,0.135227,1,0.145288,0.680312,0.319688,1,0.385204,0.464721,0.535279,1,0.766319,0.27574,0.72426,1,1.288296,0.143217,0.856783,0,0.15457,0.065773,0.934227,0,0.068036,0.026982,0.973018,0,0.027352
2472,2025/26,15,Lechia Gdańsk,Widzew Łódź,2.0,4.0,6.0,Myc W.,Wojciech Myc,37.0,0.7872,4.2068,4.0227,-0.18409999999999993,-0.0398991109703406,1.9549,2.072,4.027,1,783.9431,0.5623,0.6354,0.1089,0.1111,-0.0713,0.8959,referee,1,0.017828,0.071794,0.144556,0.194041,0.195349,0.157333,0.105596,0.060747,0.030578,0.013682,0.00551,0.002017,0.000677,0.000291,0.982172,0.017828,1,0.017989,0.910377,0.089623,1,0.093896,0.765821,0.234179,1,0.266807,0.57178,0.42822,1,0.559001,0.376431,0.623569,1,0.977021,0.219098,0.780902,1,1.518236,0.113502,0.886498,0,0.120477,0.052755,0.947245,0,0.054198
2473,2025/26,15,Motor Lublin,Wisła Płock,3.0,6.0,9.0,Sylwestrzak D.,Damian Sylwestrzak,47.0,0.8246,4.2092,4.4402,0.23099999999999987,0.047887773988356974,2.0654,2.4081,4.4735,1,783.9431,0.5623,0.6354,0.1089,0.1111,-0.0713,0.8959,referee,1,0.011408,0.051032,0.114145,0.170208,0.190355,0.170309,0.126979,0.081148,0.045377,0.022555,0.01009,0.004103,0.00153,0.000763,0.988592,0.011408,1,0.011473,0.93756,0.06244,1,0.064474,0.823416,0.176584,1,0.194294,0.653208,0.346792,1,0.42586,0.462853,0.537147,1,0.770346,0.292544,0.707456,1,1.229141,0.165565,0.834435,1,1.798392,0.084417,0.915583,1,2.471986
2474,2025/26,15,Zagłębie Lubin,Górnik Zabrze,5.0,1.0,6.0,Kos D.,Damian Kos,34.0,0.7727,4.2033,4.8644,0.6611000000000002,0.13152014385536748,2.1531,2.4012,4.5544,1,783.9431,0.5623,0.6354,0.1089,0.1111,-0.0713,0.8959,referee,1,0.010521,0.047917,0.109116,0.165651,0.18861,0.1718,0.130407,0.084846,0.048303,0.024443,0.011132,0.004609,0.001749,0.000896,0.989479,0.010521,1,0.010577,0.941562,0.058438,1,0.060215,0.832447,0.167553,1,0.183386,0.666796,0.333204,1,0.405272,0.478186,0.521814,1,0.737756,0.306386,0.693614,1,1.18291,0.175979,0.824021,0,0.193559,0.091133,0.908867,0,0.095556
2475,2025/26,15,Radomiak Radom,Cracovia,2.0,3.0,5.0,Przybyl J.,Jaroslaw Przybyl,49.0,0.8305,4.2057,4.4247,0.21899999999999942,0.04548881919628833,2.0035,2.2453,4.2487,1,783.9431,0.5623,0.6354,0.1089,0.1111,-0.0713,0.8959,referee,1,0.014282,0.060681,0.12891,0.182568,0.193921,0.164784,0.116688,0.070825,0.037615,0.017757,0.007545,0.002914,0.001032,0.000479,0.985718,0.014282,1,0.014385,0.925036,0.074964,1,0.077922,0.796127,0.203873,1,0.227997,0.613559,0.386441,1,0.488479,0.419638,0.580362,1,0.868363,0.254854,0.745146,0,0.294175,0.138166,0.861834,0,0.148693,0.067341,0.932659,0,0.069716
2476,2025/26,15,Pogoń Szczecin,Jagiellonia Białystok,2.0,1.0,3.0,Lasyk P.,Piotr Lasyk,55.0,0.8462,4.2188,3.7721,-0.4466999999999999,-0.09944902036192493,1.8864,1.9475,3.8338,1,783.9431,0.5623,0.6354,0.1089,0.1111,-0.0713,0.8959,referee,1,0.021626,0.082912,0.158935,0.203111,0.194675,0.149271,0.09538,0.052239,0.025035,0.010664,0.004089,0.001425,0.000455,0.000183,0.978374,0.021626,1,0.021864,0.895462,0.104538,1,0.110415,0.736527,0.263473,1,0.30581,0.533415,0.466585,0,0.762315,0.33874,0.66126,0,0.413609,0.18947,0.81053,0,0.210067,0.09409,0.90591,0,0.098815,0.041851,0.958149,0,0.042752
2477,2025/26,15,Korona Kielce,Raków Częstochowa,3.0,2.0,5.0,Kuzma L.,Lukasz Kuzma,43.0,0.8113,4.2172,4.2863,0.06909999999999972,0.01454226711292339,2.1419,2.221,4.3629,1,783.9431,0.5623,0.6354,0.1089,0.1111,-0.0713,0.8959,referee,1,0.012741,0.055588,0.121264,0.176355,0.192356,0.167847,0.12205,0.076071,0.041486,0.020111,0.008774,0.00348,0.001265,0.000609,0.987259,0.012741,1,0.012823,0.93167,0.06833,1,0.070776,0.810406,0.189594,1,0.21022,0.634051,0.365949,1,0.455626,0.441695,0.558305,1,0.817135,0.273848,0.726152,0,0.319996,0.151798,0.848202,0,0.164636,0.075727,0.924273,0,0.078748
2478,2025/26,15,GKS Katowice,Piast Gliwice,2.0,2.0,4.0,Raczkowski P.,Pawel Raczkowski,48.0,0.8276,4.2156,5.2786,1.0629999999999997,0.20328527737690116,2.4295,2.6534,5.0829,1,783.9431,0.5623,0.6354,0.1089,0.1111,-0.0713,0.8959,referee,1,0.006202,0.031524,0.080116,0.13574,0.172489,0.175348,0.148546,0.107864,0.068533,0.038705,0.019673,0.009091,0.003851,0.002319,0.993798,0.006202,1,0.006221,0.962274,0.037726,1,0.038456,0.882159,0.117841,1,0.125384,0.746418,0.253582,1,0.292469,0.57393,0.42607,0,0.853151,0.398581,0.601419,0,0.508464,0.250035,0.749965,0,0.287728,0.142171,0.857829,0,0.15335
2479,2025/26,16,Bruk-Bet Termalica Nieciecza,Arka Gdynia,3.0,4.0,7.0,Przybyl J.,Jaroslaw Przybyl,50.0,0.8333,4.2182,4.4364,0.2181999999999995,0.04520894966629663,1.9207,2.3437,4.2645,1,784.8604,0.5723,0.6451,0.1157,0.1136,-0.0878,0.8935,referee,1,0.01406,0.059956,0.12784,0.181723,0.193737,0.165237,0.117441,0.071546,0.038138,0.018071,0.007706,0.002988,0.001062,0.000495,0.98594,0.01406,1,0.014159,0.925984,0.074016,1,0.076898,0.798144,0.201856,1,0.225466,0.616421,0.383579,1,0.483825,0.422683,0.577317,1,0.861132,0.257446,0.742554,1,1.356944,0.140005,0.859995,1,1.966074,0.06846,0.93154,0,0.070916
2480,2025/26,16,Legia Warszawa,Lechia Gdańsk,4.0,0.0,4.0,Malec P.,Pawel Malec,27.0,0.7297,4.2216,4.0599,-0.16169999999999973,-0.03484703174526671,1.9722,2.1312,4.1034,1,784.8604,0.5723,0.6451,0.1157,0.1136,-0.0878,0.8935,referee,1,0.016516,0.067773,0.13905,0.190193,0.19511,0.160124,0.109509,0.064194,0.032927,0.015013,0.00616,0.002298,0.000786,0.000347,0.983484,0.016516,1,0.016654,0.915711,0.084289,1,0.088054,0.776661,0.223339,1,0.252751,0.586468,0.413532,1,0.533637,0.391358,0.608642,0,0.496525,0.231234,0.768766,0,0.262969,0.121725,0.878275,0,0.129796,0.057531,0.942469,0,0.059252
2481,2025/26,16,Górnik Zabrze,Wisła Płock,1.0,3.0,4.0,Arys K.,Karol Arys,47.0,0.8246,4.2219,3.3723,-0.8495999999999997,-0.1983626152200959,1.68,1.9063,3.5863,1,784.8604,0.5723,0.6451,0.1157,0.1136,-0.0878,0.8935,referee,1,0.027701,0.099344,0.178138,0.212951,0.190926,0.136943,0.081853,0.041935,0.018799,0.007491,0.002686,0.000876,0.000262,9.6e-05,0.972299,0.027701,1,0.028092,0.872955,0.127045,1,0.135871,0.694817,0.305183,1,0.364106,0.481867,0.518133,1,0.730088,0.290941,0.709059,0,0.343816,0.153998,0.846002,0,0.167234,0.072146,0.927854,0,0.07488,0.03021,0.96979,0,0.030676
2482,2025/26,16,Pogoń Szczecin,Zagłębie Lubin,2.0,1.0,3.0,Kuzma L.,Lukasz Kuzma,44.0,0.8148,4.2228,4.3005,0.0777000000000001,0.016318235104723966,2.0816,2.183,4.2646,1,784.8604,0.5723,0.6451,0.1157,0.1136,-0.0878,0.8935,referee,1,0.014058,0.059951,0.127832,0.181717,0.193736,0.16524,0.117447,0.071552,0.038142,0.018073,0.007708,0.002988,0.001062,0.000495,0.985942,0.014058,1,0.014158,0.925992,0.074008,1,0.07689,0.79816,0.20184,1,0.225447,0.616443,0.383557,0,0.958267,0.422707,0.577293,0,0.549405,0.257467,0.742533,0,0.297687,0.14002,0.85998,0,0.150846,0.068468,0.931532,0,0.070925
2483,2025/26,16,Cracovia,Motor Lublin,3.0,1.0,4.0,Marciniak S.,Szymon Marciniak,64.0,0.8649,4.2213,3.9218,-0.2995000000000001,-0.06553733239514314,1.9822,2.173,4.1552,1,784.8604,0.5723,0.6451,0.1157,0.1136,-0.0878,0.8935,referee,1,0.015682,0.065163,0.135384,0.187517,0.194794,0.161883,0.11211,0.066549,0.034566,0.015959,0.006631,0.002505,0.000867,0.00039,0.984318,0.015682,1,0.015807,0.919154,0.080846,1,0.084301,0.78377,0.21623,1,0.243639,0.596253,0.403747,1,0.51709,0.401459,0.598541,0,0.51326,0.239576,0.760424,0,0.27388,0.127467,0.872533,0,0.136354,0.060918,0.939082,0,0.062852
2484,2025/26,16,Lech Poznań,Radomiak Radom,0.0,2.0,2.0,Lasyk P.,Piotr Lasyk,56.0,0.8485,4.2181,3.7603,-0.45779999999999976,-0.10206659584571232,1.8089,2.0347,3.8437,1,784.8604,0.5723,0.6451,0.1157,0.1136,-0.0878,0.8935,referee,1,0.021415,0.082312,0.15819,0.202677,0.194755,0.149714,0.095908,0.052663,0.025302,0.010806,0.004153,0.001451,0.000465,0.000188,0.978585,0.021415,1,0.021648,0.896272,0.103728,1,0.109511,0.738082,0.261918,0,1.339724,0.535405,0.464595,0,0.76659,0.340651,0.659349,0,0.416502,0.190936,0.809064,0,0.211878,0.095028,0.904972,0,0.099851,0.042365,0.957635,0,0.043289
2485,2025/26,16,Raków Częstochowa,Piast Gliwice,0.0,2.0,2.0,Kwiatkowski T.,Tomasz Kwiatkowski,43.0,0.8113,4.221,4.1549,-0.06610000000000049,-0.014100213342988166,2.0357,2.2609,4.2967,1,784.8604,0.5723,0.6451,0.1157,0.1136,-0.0878,0.8935,referee,1,0.013614,0.058495,0.125666,0.179981,0.193329,0.166134,0.11897,0.073025,0.03922,0.018724,0.008045,0.003142,0.001125,0.00053,0.986386,0.013614,1,0.013708,0.927891,0.072109,1,0.074841,0.802226,0.197774,0,1.620629,0.622245,0.377755,0,0.973509,0.428916,0.571084,0,0.560218,0.262782,0.737218,0,0.304872,0.143812,0.856188,0,0.155265,0.070787,0.929213,0,0.073418
2486,2025/26,16,Jagiellonia Białystok,GKS Katowice,5.0,2.0,7.0,Myc W.,Wojciech Myc,39.0,0.7959,4.211,4.0227,-0.1882999999999999,-0.04079103908060788,1.9615,2.0458,4.0073,1,784.8604,0.5723,0.6451,0.1157,0.1136,-0.0878,0.8935,referee,1,0.018183,0.072865,0.145994,0.195012,0.195366,0.156576,0.104573,0.059865,0.029987,0.013352,0.00535,0.001949,0.000651,0.000278,0.981817,0.018183,1,0.018351,0.908952,0.091048,1,0.095463,0.762958,0.237042,1,0.270552,0.567946,0.432054,1,0.565728,0.372581,0.627419,1,0.987301,0.216005,0.783995,1,1.532454,0.111432,0.888568,1,2.194345,0.051567,0.948433,0,0.052944
2487,2025/26,16,Widzew Łódź,Korona Kielce,6.0,4.0,10.0,Raczkowski P.,Pawel Raczkowski,49.0,0.8305,4.2151,5.2568,1.0417000000000005,0.19961164000582055,2.399,2.6797,5.0787,1,784.8604,0.5723,0.6451,0.1157,0.1136,-0.0878,0.8935,referee,1,0.006228,0.03163,0.08032,0.135974,0.172643,0.17536,0.148433,0.107693,0.068367,0.03858,0.019593,0.009046,0.003829,0.002303,0.993772,0.006228,1,0.006248,0.962142,0.037858,1,0.038594,0.881821,0.118179,1,0.125766,0.745847,0.254153,1,0.293235,0.573204,0.426796,1,0.556513,0.397844,0.602156,1,0.921695,0.249411,0.750589,1,1.388655,0.141718,0.858282,1,1.953917
2488,2025/26,17,Arka Gdynia,Raków Częstochowa,1.0,3.0,4.0,Arys K.,Karol Arys,48.0,0.8276,4.2132,3.3816,-0.8315999999999995,-0.19411964308945473,1.7169,1.9357,3.6526,1,789.7621,0.5772,0.6452,0.1219,0.1112,-0.0928,0.9404,referee,1,0.025925,0.094691,0.172933,0.21055,0.192261,0.140449,0.0855,0.044613,0.020369,0.008267,0.003019,0.001003,0.000305,0.000115,0.974075,0.025925,1,0.026267,0.879384,0.120616,1,0.128534,0.706451,0.293549,1,0.347502,0.495901,0.504099,1,0.701379,0.30364,0.69636,0,0.361889,0.163191,0.836809,0,0.178159,0.077691,0.922309,0,0.080875,0.033078,0.966922,0,0.033637
2489,2025/26,17,Wisła Płock,Lech Poznań,0.0,2.0,2.0,Myc W.,Wojciech Myc,38.0,0.7917,4.2129,4.0652,-0.1477000000000004,-0.031841105111268586,1.8558,2.1236,3.9794,1,789.7621,0.5772,0.6452,0.1219,0.1112,-0.0928,0.9404,referee,1,0.018697,0.074404,0.14804,0.196369,0.195356,0.155479,0.103118,0.058621,0.029159,0.012893,0.005131,0.001856,0.000615,0.000261,0.981303,0.018697,1,0.018874,0.906899,0.093101,1,0.097724,0.758859,0.241141,0,1.422373,0.56249,0.43751,0,0.826656,0.367134,0.632866,0,0.457496,0.211654,0.788346,0,0.237819,0.108536,0.891464,0,0.11489,0.049915,0.950085,0,0.051204
2490,2025/26,17,Lechia Gdańsk,Bruk-Bet Termalica Nieciecza,1.0,2.0,3.0,Piszczelok M.,Mateusz Piszczelok,5.0,0.3333,4.2219,4.0813,-0.14060000000000006,-0.03022846032679216,1.9627,2.2101,4.1728,1,789.7621,0.5772,0.6452,0.1219,0.1112,-0.0928,0.9404,referee,1,0.015409,0.0643,0.134154,0.186599,0.194659,0.162454,0.112981,0.06735,0.035129,0.016287,0.006796,0.002578,0.000897,0.000406,0.984591,0.015409,1,0.015529,0.920291,0.079709,1,0.083065,0.786137,0.213863,1,0.240624,0.599538,0.400462,0,0.915136,0.404879,0.595121,0,0.51899,0.242424,0.757576,0,0.277632,0.129443,0.870557,0,0.138622,0.062094,0.937906,0,0.064105
2491,2025/26,17,Motor Lublin,Legia Warszawa,0.0,3.0,3.0,Lasyk P.,Piotr Lasyk,57.0,0.8507,4.211,3.733,-0.4780000000000002,-0.10698923817911732,1.8095,2.0552,3.8647,1,789.7621,0.5772,0.6452,0.1219,0.1112,-0.0928,0.9404,referee,1,0.020969,0.081041,0.156598,0.201734,0.19491,0.150653,0.097038,0.053574,0.025881,0.011114,0.004295,0.001509,0.000486,0.000198,0.979031,0.020969,1,0.021192,0.89799,0.10201,1,0.107596,0.741392,0.258608,1,0.299226,0.539658,0.460342,0,0.775785,0.344748,0.655252,0,0.422735,0.194095,0.805905,0,0.215789,0.097057,0.902943,0,0.102096,0.043482,0.956518,0,0.044456
2492,2025/26,17,Zagłębie Lubin,Jagiellonia Białystok,2.0,3.0,5.0,Marciniak S.,Szymon Marciniak,65.0,0.8667,4.21,3.9213,-0.28869999999999996,-0.06325413753577669,1.9288,2.0084,3.9371,1,789.7621,0.5772,0.6452,0.1219,0.1112,-0.0928,0.9404,referee,1,0.019504,0.07679,0.151166,0.198387,0.195269,0.15376,0.100896,0.056749,0.027928,0.012218,0.00481,0.001722,0.000565,0.000236,0.980496,0.019504,1,0.019697,0.903706,0.096294,1,0.101251,0.75254,0.24746,1,0.284301,0.554153,0.445847,1,0.590315,0.358883,0.641117,1,1.024758,0.205123,0.794877,0,0.229568,0.104227,0.895773,0,0.110068,0.047478,0.952522,0,0.048643
2493,2025/26,17,Radomiak Radom,Górnik Zabrze,3.0,2.0,5.0,Sylwestrzak D.,Damian Sylwestrzak,48.0,0.8276,4.2212,4.5209,0.2997000000000005,0.061546195930133996,2.1512,2.3457,4.4969,1,789.7621,0.5772,0.6452,0.1219,0.1112,-0.0928,0.9404,referee,1,0.011143,0.050111,0.112672,0.168892,0.189873,0.170768,0.127988,0.082222,0.046218,0.023093,0.010385,0.004245,0.001591,0.0008,0.988857,0.011143,1,0.011206,0.938746,0.061254,1,0.063211,0.826074,0.173926,1,0.191071,0.657182,0.342818,1,0.419794,0.467309,0.532691,1,0.760764,0.296541,0.703459,0,0.351746,0.168553,0.831447,0,0.184588,0.086332,0.913668,0,0.090288
2494,2025/26,17,Korona Kielce,Cracovia,0.0,3.0,3.0,Gryckiewicz P.,Patryk Gryckiewicz,35.0,0.7778,4.2203,4.6267,0.40639999999999965,0.08258982043914598,2.1641,2.3189,4.483,1,789.7621,0.5772,0.6452,0.1219,0.1112,-0.0928,0.9404,referee,1,0.0113,0.050656,0.113545,0.169674,0.190161,0.170498,0.12739,0.081584,0.045717,0.022772,0.010209,0.004161,0.001554,0.000778,0.9887,0.0113,1,0.011364,0.938044,0.061956,1,0.063958,0.824499,0.175501,1,0.192979,0.654825,0.345175,0,1.063704,0.464664,0.535336,0,0.62486,0.294165,0.705835,0,0.348374,0.166775,0.833225,0,0.182452,0.085191,0.914809,0,0.08904
2495,2025/26,17,GKS Katowice,Pogoń Szczecin,0.0,0.0,0.0,Krasny S.,Sebastian Krasny,21.0,0.6774,4.2187,4.1351,-0.08359999999999967,-0.017875564174456127,1.8937,2.182,4.0757,1,789.7621,0.5772,0.6452,0.1219,0.1112,-0.0928,0.9404,referee,1,0.016981,0.069209,0.141036,0.191605,0.195229,0.159137,0.108098,0.062939,0.032065,0.01452,0.005918,0.002193,0.000745,0.000326,0.983019,0.016981,0,4.075656,0.91381,0.08619,0,2.4512,0.772774,0.227226,0,1.48181,0.581169,0.418831,0,0.870288,0.38594,0.61406,0,0.487663,0.226803,0.773197,0,0.257222,0.118705,0.881295,0,0.126363,0.055766,0.944234,0,0.057382
2496,2025/26,17,Piast Gliwice,Widzew Łódź,1.0,3.0,4.0,Przybyl J.,Jaroslaw Przybyl,51.0,0.8361,4.2222,4.4791,0.2568999999999999,0.05297435911191961,2.1855,2.228,4.4135,1,789.7621,0.5772,0.6452,0.1219,0.1112,-0.0928,0.9404,referee,1,0.012113,0.05346,0.117972,0.173556,0.191497,0.169035,0.124339,0.078396,0.04325,0.021209,0.009361,0.003756,0.001381,0.000676,0.987887,0.012113,1,0.012187,0.934428,0.065572,1,0.067821,0.816456,0.183544,1,0.202782,0.6429,0.3571,1,0.441766,0.451403,0.548597,0,0.60039,0.282368,0.717632,0,0.331798,0.158029,0.841971,0,0.17201,0.079633,0.920367,0,0.082983
2497,2025/26,18,Arka Gdynia,Motor Lublin,2.0,3.0,5.0,Raczkowski P.,Pawel Raczkowski,50.0,0.8333,4.2118,5.3353,1.1235,0.21385567767187208,2.4956,2.8708,5.3664,1,805.236,0.5647,0.6394,0.1229,0.1162,-0.0919,0.9442,referee,1,0.004671,0.025066,0.067258,0.12031,0.161408,0.173236,0.154942,0.118783,0.079679,0.04751,0.025496,0.012438,0.005562,0.00364,0.995329,0.004671,1,0.004682,0.970263,0.029737,1,0.030188,0.903005,0.096995,1,0.102027,0.782695,0.217305,1,0.245013,0.621286,0.378714,1,0.475963,0.44805,0.55195,0,0.594299,0.293108,0.706892,0,0.346878,0.174326,0.825674,0,0.191555
2498,2025/26,18,Bruk-Bet Termalica Nieciecza,Jagiellonia Białystok,1.0,2.0,3.0,Przybyl J.,Jaroslaw Przybyl,52.0,0.8387,4.225,4.4718,0.24680000000000035,0.0509143866322368,2.0433,2.2929,4.3362,1,805.236,0.5647,0.6394,0.1229,0.1162,-0.0919,0.9442,referee,1,0.013086,0.056744,0.123026,0.177823,0.192769,0.167178,0.12082,0.074843,0.040567,0.019545,0.008475,0.003341,0.001207,0.000576,0.986914,0.013086,1,0.013172,0.93017,0.06983,1,0.072387,0.807144,0.192856,1,0.214253,0.629322,0.370678,0,0.99242,0.436552,0.563448,0,0.573681,0.269374,0.730626,0,0.313854,0.148555,0.851445,0,0.16082,0.073712,0.926288,0,0.07657
2499,2025/26,18,Lechia Gdańsk,Górnik Zabrze,5.0,1.0,6.0,Malec P.,Pawel Malec,28.0,0.7368,4.2094,4.0551,-0.15429999999999922,-0.03331302701093075,2.0139,2.2254,4.2393,1,805.236,0.5647,0.6394,0.1229,0.1162,-0.0919,0.9442,referee,1,0.014418,0.06112,0.129554,0.183073,0.194026,0.164508,0.116233,0.070393,0.037302,0.017571,0.007449,0.002871,0.001014,0.000469,0.985582,0.014418,1,0.014522,0.924462,0.075538,1,0.078543,0.794908,0.205092,1,0.229529,0.611835,0.388165,1,0.491293,0.417808,0.582192,1,0.872733,0.253301,0.746699,1,1.373178,0.137068,0.862932,0,0.147419,0.066675,0.933325,0,0.069002
2500,2025/26,18,Pogoń Szczecin,Radomiak Radom,5.0,2.0,7.0,Lasyk P.,Piotr Lasyk,58.0,0.8529,4.2128,3.7225,-0.4902999999999995,-0.10985484152552227,1.873,2.0127,3.8857,1,805.236,0.5647,0.6394,0.1229,0.1162,-0.0919,0.9442,referee,1,0.020533,0.079786,0.155013,0.200779,0.195042,0.151575,0.098163,0.05449,0.026467,0.011427,0.00444,0.001568,0.000508,0.000208,0.979467,0.020533,1,0.020747,0.899681,0.100319,1,0.105715,0.744668,0.255332,1,0.294817,0.543889,0.456111,1,0.609009,0.348847,0.651153,1,1.053121,0.197272,0.802728,1,1.623171,0.099109,0.900891,1,2.311535,0.044619,0.955381,0,0.045645
2501,2025/26,18,Korona Kielce,Wisła Płock,1.0,1.0,2.0,Mucha S.,Sebastian Mucha,0.0,0.0,4.2241,4.2241,0.0,0.0,2.0111,2.2825,4.2936,1,805.236,0.5647,0.6394,0.1229,0.1162,-0.0919,0.9442,referee,1,0.013656,0.058632,0.125871,0.180147,0.19337,0.166051,0.118826,0.072885,0.039117,0.018662,0.008013,0.003128,0.001119,0.000527,0.986344,0.013656,1,0.01375,0.927713,0.072287,1,0.075033,0.801842,0.198158,0,1.618689,0.621695,0.378305,0,0.972055,0.428326,0.571674,0,0.559186,0.262275,0.737725,0,0.304184,0.143449,0.856551,0,0.154842,0.070565,0.929435,0,0.073178
2502,2025/26,18,Cracovia,Lech Poznań,3.0,4.0,7.0,Sylwestrzak D.,Damian Sylwestrzak,49.0,0.8305,4.2234,4.5294,0.30600000000000005,0.0627718134415618,2.1049,2.3639,4.4688,1,805.236,0.5647,0.6394,0.1229,0.1162,-0.0919,0.9442,referee,1,0.011461,0.051219,0.114442,0.170471,0.190449,0.170214,0.126775,0.080932,0.045208,0.022447,0.010031,0.004075,0.001518,0.000756,0.988539,0.011461,1,0.011528,0.93732,0.06268,1,0.064731,0.822878,0.177122,1,0.194947,0.652406,0.347594,1,0.427088,0.461957,0.538043,1,0.772283,0.291743,0.708257,1,1.231883,0.164968,0.835032,1,1.802003,0.084036,0.915964,0,0.087778
2503,2025/26,18,Raków Częstochowa,GKS Katowice,2.0,0.0,2.0,Kwiatkowski T.,Tomasz Kwiatkowski,44.0,0.8148,4.227,4.1161,-0.1109,-0.023740559061794286,1.9521,2.1896,4.1417,1,805.236,0.5647,0.6394,0.1229,0.1162,-0.0919,0.9442,referee,1,0.015896,0.065836,0.136336,0.188221,0.194888,0.161434,0.111435,0.065933,0.034134,0.015708,0.006506,0.00245,0.000845,0.000378,0.984104,0.015896,1,0.016024,0.918268,0.081732,1,0.085266,0.781932,0.218068,0,1.52295,0.593712,0.406288,0,0.900692,0.398823,0.601177,0,0.508866,0.23739,0.76261,0,0.271008,0.125955,0.874045,0,0.134623,0.060022,0.939978,0,0.061899
2504,2025/26,18,Piast Gliwice,Legia Warszawa,3.0,4.0,7.0,Kuzma L.,Lukasz Kuzma,45.0,0.8182,4.2164,4.2757,0.059299999999999464,0.012494763326681646,1.9791,2.1948,4.1739,1,805.236,0.5647,0.6394,0.1229,0.1162,-0.0919,0.9442,referee,1,0.015393,0.064247,0.134079,0.186543,0.194651,0.162489,0.113034,0.067398,0.035164,0.016308,0.006807,0.002583,0.000898,0.000406,0.984607,0.015393,1,0.015512,0.92036,0.07964,1,0.08299,0.786281,0.213719,1,0.240441,0.599738,0.400262,1,0.511262,0.405087,0.594913,1,0.903653,0.242598,0.757402,1,1.416348,0.129564,0.870436,1,2.043579,0.062166,0.937834,0,0.064182
2505,2025/26,18,Zagłębie Lubin,Widzew Łódź,2.0,6.0,8.0,Marciniak T.,Tomasz Marciniak,2.0,0.1667,4.2201,3.9334,-0.2867000000000006,-0.06266320177319273,1.9176,1.9871,3.9047,1,805.236,0.5647,0.6394,0.1229,0.1162,-0.0919,0.9442,referee,1,0.020148,0.078669,0.153589,0.199905,0.195141,0.152393,0.099174,0.05532,0.027001,0.011714,0.004574,0.001624,0.000528,0.000218,0.979852,0.020148,1,0.020353,0.901183,0.098817,1,0.104047,0.747594,0.252406,1,0.290896,0.547688,0.452312,1,0.602049,0.352547,0.647453,1,1.042572,0.200154,0.799846,1,1.608668,0.10098,0.89902,1,2.292833,0.04566,0.95434,1,3.086541
2506,2025/26,19,Wisła Płock,Raków Częstochowa,3.0,1.0,4.0,Kwiatkowski T.,Tomasz Kwiatkowski,45.0,0.8182,4.2211,4.0766,-0.14449999999999985,-0.031085458929504872,1.8488,2.1559,4.0047,1,808.6644,0.5698,0.6427,0.1275,0.1094,-0.0911,0.9182,referee,1,0.01823,0.073006,0.146183,0.195138,0.195366,0.156476,0.104439,0.059749,0.02991,0.013309,0.00533,0.00194,0.000648,0.000277,0.98177,0.01823,1,0.018398,0.908764,0.091236,1,0.09567,0.762581,0.237419,1,0.271046,0.567443,0.432557,1,0.566614,0.372077,0.627923,0,0.465338,0.215601,0.784399,0,0.242838,0.111162,0.888838,0,0.11784,0.051413,0.948587,0,0.052781
2507,2025/26,19,Bruk-Bet Termalica Nieciecza,Cracovia,0.0,0.0,0.0,Kos D.,Damian Kos,35.0,0.7778,4.2164,4.8925,0.6760999999999999,0.13396330256079314,2.1521,2.4751,4.6272,1,808.6644,0.5698,0.6427,0.1275,0.1094,-0.0911,0.9182,referee,1,0.009782,0.045262,0.10472,0.161521,0.18685,0.17292,0.133357,0.088154,0.050989,0.026215,0.01213,0.005103,0.001968,0.001031,0.990218,0.009782,0,4.627244,0.944956,0.055044,0,2.899624,0.840236,0.159764,0,1.83406,0.678715,0.321285,0,1.135427,0.491866,0.508134,0,0.677009,0.318946,0.681054,0,0.384114,0.185589,0.814411,0,0.20529,0.097435,0.902565,0,0.102515
2508,2025/26,19,Legia Warszawa,Korona Kielce,0.0,0.0,0.0,Gryckiewicz P.,Patryk Gryckiewicz,36.0,0.7826,4.2208,4.5915,0.37070000000000025,0.07559420586876109,2.1801,2.3648,4.5449,1,808.6644,0.5698,0.6427,0.1275,0.1094,-0.0911,0.9182,referee,1,0.010621,0.048272,0.109696,0.166186,0.188825,0.171639,0.130014,0.084415,0.047957,0.024218,0.011007,0.004548,0.001722,0.000879,0.989379,0.010621,0,4.544917,0.941107,0.058893,0,2.832035,0.831411,0.168589,0,1.780294,0.665225,0.334775,0,1.094298,0.4764,0.5236,0,0.647027,0.304761,0.695239,0,0.3635,0.174747,0.825253,0,0.192065,0.090332,0.909668,0,0.094675
2509,2025/26,19,Motor Lublin,Pogoń Szczecin,2.0,3.0,5.0,Kuzma L.,Lukasz Kuzma,46.0,0.8214,4.2154,4.3242,0.10880000000000045,0.022811169817238852,1.9744,2.2936,4.2679,1,808.6644,0.5698,0.6427,0.1275,0.1094,-0.0911,0.9182,referee,1,0.014011,0.059797,0.127604,0.181535,0.193695,0.165336,0.117607,0.071706,0.038254,0.018141,0.007742,0.003004,0.001068,0.000499,0.985989,0.014011,1,0.01411,0.926193,0.073807,1,0.076673,0.798589,0.201411,1,0.224909,0.617053,0.382947,1,0.4828,0.423358,0.576642,1,0.859538,0.258022,0.741978,0,0.298435,0.140415,0.859585,0,0.151305,0.068709,0.931291,0,0.071183
2510,2025/26,19,Zagłębie Lubin,GKS Katowice,0.0,4.0,4.0,Frankowski B.,Bartosz Frankowski,39.0,0.7959,4.2212,4.2492,0.02800000000000047,0.0059131782367234376,2.046,2.1792,4.2252,1,808.6644,0.5698,0.6427,0.1275,0.1094,-0.0911,0.9182,referee,1,0.014622,0.061781,0.130519,0.183825,0.194176,0.164088,0.115552,0.069748,0.036838,0.017294,0.007307,0.002807,0.000988,0.000455,0.985378,0.014622,1,0.01473,0.923597,0.076403,1,0.079479,0.793078,0.206922,1,0.231834,0.609253,0.390747,1,0.495522,0.415077,0.584923,0,0.536275,0.250989,0.749011,0,0.289001,0.135437,0.864563,0,0.145531,0.065689,0.934311,0,0.067946
2511,2025/26,19,Górnik Zabrze,Piast Gliwice,1.0,0.0,1.0,Lasyk P.,Piotr Lasyk,59.0,0.8551,4.2232,3.7715,-0.4517000000000002,-0.1005214823744256,1.9329,2.03,3.9628,1,808.6644,0.5698,0.6427,0.1275,0.1094,-0.0911,0.9182,referee,1,0.019009,0.07533,0.14926,0.197165,0.195333,0.154815,0.102251,0.057886,0.028674,0.012626,0.005003,0.001803,0.000595,0.000251,0.980991,0.019009,1,0.019192,0.905661,0.094339,0,2.360861,0.756401,0.243599,0,1.412231,0.559236,0.440764,0,0.819246,0.363903,0.636097,0,0.452405,0.209089,0.790911,0,0.23457,0.106838,0.893162,0,0.112987,0.048952,0.951048,0,0.05019
2512,2025/26,19,Radomiak Radom,Arka Gdynia,3.0,3.0,6.0,Przybyl J.,Jaroslaw Przybyl,53.0,0.8413,4.2209,4.4478,0.22689999999999966,0.04694357395461579,2.0587,2.346,4.4047,1,808.6644,0.5698,0.6427,0.1275,0.1094,-0.0911,0.9182,referee,1,0.01222,0.053825,0.11854,0.174045,0.191654,0.168835,0.123945,0.077991,0.042941,0.021016,0.009257,0.003707,0.001361,0.000664,0.98778,0.01222,1,0.012295,0.933956,0.066044,1,0.068326,0.815415,0.184585,1,0.204058,0.64137,0.35863,1,0.444148,0.449717,0.550283,1,0.799137,0.280881,0.719119,1,1.269823,0.156936,0.843064,0,0.170713,0.078945,0.921055,0,0.082236
2513,2025/26,19,Lech Poznań,Lechia Gdańsk,1.0,2.0,3.0,Arys K.,Karol Arys,49.0,0.8305,4.2191,3.3931,-0.8260000000000001,-0.1924123480208504,1.6767,1.7694,3.4461,1,808.6644,0.5698,0.6427,0.1275,0.1094,-0.0911,0.9182,referee,1,0.031869,0.109824,0.189234,0.217374,0.187275,0.129075,0.074135,0.036497,0.015722,0.00602,0.002075,0.00065,0.000187,6.5e-05,0.968131,0.031869,1,0.032388,0.858307,0.141693,1,0.152793,0.669074,0.330926,1,0.401861,0.451699,0.548301,0,0.600931,0.264424,0.735576,0,0.307102,0.135349,0.864651,0,0.14543,0.061215,0.938785,0,0.063168,0.024718,0.975282,0,0.025028
2514,2025/26,19,Widzew Łódź,Jagiellonia Białystok,4.0,3.0,7.0,Raczkowski P.,Pawel Raczkowski,51.0,0.8361,4.2175,5.3307,1.1132,0.21185806350480862,2.3767,2.7418,5.1185,1,808.6644,0.5698,0.6427,0.1275,0.1094,-0.0911,0.9182,referee,1,0.005985,0.030634,0.0784,0.133763,0.171168,0.175225,0.149482,0.109304,0.069934,0.039773,0.020358,0.009473,0.004041,0.002459,0.994015,0.005985,1,0.006003,0.963381,0.036619,1,0.037306,0.884982,0.115018,1,0.122188,0.751218,0.248782,1,0.286059,0.580051,0.419949,1,0.54464,0.404825,0.595175,1,0.904299,0.255343,0.744657,1,1.365147,0.146039,0.853961,0,0.15787
2515,2025/26,20,Arka Gdynia,Legia Warszawa,1.0,5.0,6.0,Myc W.,Wojciech Myc,40.0,0.8,4.2115,4.0823,-0.12919999999999998,-0.02780527318435455,1.9064,2.204,4.1105,1,824.1388,0.5668,0.6403,0.1182,0.1122,-0.0846,0.9168,referee,1,0.0164,0.067413,0.138548,0.189832,0.195074,0.160369,0.109865,0.064514,0.033148,0.015139,0.006223,0.002325,0.000797,0.000353,0.9836,0.0164,1,0.016536,0.916187,0.083813,1,0.087535,0.777639,0.222361,1,0.251493,0.587806,0.412194,1,0.531358,0.392732,0.607268,1,0.934628,0.232363,0.767637,1,1.459455,0.122498,0.877502,0,0.130676,0.057984,0.942016,0,0.059733
2516,2025/26,20,Lechia Gdańsk,Cracovia,1.0,4.0,5.0,Kwiatkowski T.,Tomasz Kwiatkowski,46.0,0.8214,4.2146,4.074,-0.14060000000000006,-0.030275981255120765,1.8829,2.1144,3.9973,1,824.1388,0.5668,0.6403,0.1182,0.1122,-0.0846,0.9168,referee,1,0.018366,0.073412,0.146725,0.1955,0.195367,0.156187,0.104054,0.059419,0.029689,0.013186,0.005271,0.001915,0.000638,0.000272,0.981634,0.018366,1,0.018536,0.908222,0.091778,1,0.096266,0.761497,0.238503,1,0.272468,0.565998,0.434002,1,0.569165,0.370631,0.629369,1,0.992548,0.214444,0.785556,0,0.241364,0.11039,0.88961,0,0.116973,0.050972,0.949028,0,0.052317
2517,2025/26,20,Górnik Zabrze,Lech Poznań,1.0,3.0,4.0,Sylwestrzak D.,Damian Sylwestrzak,50.0,0.8333,4.2137,4.569,0.3552999999999997,0.07267039722201707,2.1818,2.3265,4.5083,1,824.1388,0.5668,0.6403,0.1182,0.1122,-0.0846,0.9168,referee,1,0.011017,0.049667,0.111958,0.168249,0.189631,0.170984,0.128476,0.082745,0.04663,0.023358,0.010531,0.004316,0.001622,0.000818,0.988983,0.011017,1,0.011078,0.939316,0.060684,1,0.062603,0.827358,0.172642,1,0.189518,0.659109,0.340891,1,0.416866,0.469479,0.530521,0,0.633896,0.298495,0.701505,0,0.354527,0.170019,0.829981,0,0.186353,0.087275,0.912725,0,0.091321
2518,2025/26,20,Pogoń Szczecin,Bruk-Bet Termalica Nieciecza,3.0,2.0,5.0,Piszczelok M.,Mateusz Piszczelok,6.0,0.375,4.2119,4.0075,-0.2043999999999997,-0.04434854761788576,1.9544,2.1634,4.1178,1,824.1388,0.5668,0.6403,0.1182,0.1122,-0.0846,0.9168,referee,1,0.016281,0.06704,0.138028,0.189456,0.195035,0.160622,0.110234,0.064846,0.033378,0.015271,0.006288,0.002354,0.000808,0.000359,0.983719,0.016281,1,0.016415,0.916679,0.083321,1,0.086998,0.778651,0.221349,1,0.250192,0.589195,0.410805,1,0.528998,0.39416,0.60584,1,0.930998,0.233538,0.766462,0,0.26597,0.123304,0.876696,0,0.131594,0.058458,0.941542,0,0.060236
2519,2025/26,20,Korona Kielce,Zagłębie Lubin,1.0,0.0,1.0,Rzucidlo P.,Piotr Rzucidlo,9.0,0.4737,4.2156,4.1661,-0.0495000000000001,-0.010552556433160776,1.9856,2.1398,4.1254,1,824.1388,0.5668,0.6403,0.1182,0.1122,-0.0846,0.9168,referee,1,0.016157,0.066654,0.137487,0.189063,0.194991,0.160883,0.110618,0.065192,0.033618,0.01541,0.006357,0.002384,0.00082,0.000365,0.983843,0.016157,1,0.016289,0.917189,0.082811,0,2.491197,0.779702,0.220298,0,1.512774,0.590639,0.409361,0,0.893157,0.395648,0.604352,0,0.503598,0.234764,0.765236,0,0.267571,0.124146,0.875854,0,0.132556,0.058954,0.941046,0,0.060763
2520,2025/26,20,GKS Katowice,Widzew Łódź,4.0,1.0,5.0,Kos D.,Damian Kos,36.0,0.7826,4.2129,4.7854,0.5724999999999998,0.11464487255309153,2.2011,2.3897,4.5907,1,824.1388,0.5668,0.6403,0.1182,0.1122,-0.0846,0.9168,referee,1,0.010145,0.046575,0.106907,0.163593,0.187753,0.172385,0.131895,0.086499,0.049637,0.025319,0.011623,0.004851,0.001856,0.000961,0.989855,0.010145,1,0.010197,0.94328,0.05672,1,0.058393,0.836373,0.163627,1,0.178681,0.67278,0.32722,1,0.396337,0.485027,0.514973,1,0.723551,0.312642,0.687358,0,0.3749,0.180746,0.819254,0,0.199362,0.094247,0.905753,0,0.098989
2521,2025/26,20,Raków Częstochowa,Radomiak Radom,1.0,1.0,2.0,Kuzma L.,Lukasz Kuzma,47.0,0.8246,4.2139,4.3358,0.12190000000000012,0.025530984522314837,2.0337,2.3508,4.3844,1,824.1388,0.5668,0.6403,0.1182,0.1122,-0.0846,0.9168,referee,1,0.01247,0.054674,0.119856,0.175168,0.192003,0.168365,0.123031,0.07706,0.042233,0.020574,0.009021,0.003596,0.001314,0.000637,0.98753,0.01247,1,0.012548,0.932857,0.067143,1,0.069504,0.813,0.187,0,1.676647,0.637833,0.362167,0,1.015649,0.44583,0.55417,0,0.590284,0.277465,0.722535,0,0.32499,0.154434,0.845566,0,0.167749,0.077374,0.922626,0,0.080532
2522,2025/26,20,Jagiellonia Białystok,Motor Lublin,2.0,1.0,3.0,Gryckiewicz P.,Patryk Gryckiewicz,37.0,0.7872,4.2135,4.4922,0.2787000000000006,0.0574459625130781,2.2035,2.4009,4.6044,1,824.1388,0.5668,0.6403,0.1182,0.1122,-0.0846,0.9168,referee,1,0.010008,0.046081,0.106087,0.16282,0.187421,0.172591,0.132445,0.087118,0.05014,0.025651,0.011811,0.004944,0.001897,0.000987,0.989992,0.010008,1,0.010059,0.943911,0.056089,1,0.057723,0.837824,0.162176,1,0.176947,0.675004,0.324996,0,1.123942,0.487583,0.512417,0,0.668617,0.314992,0.685008,0,0.378325,0.182548,0.817452,0,0.201563,0.09543,0.90457,0,0.100295
2523,2025/26,20,Piast Gliwice,Wisła Płock,2.0,1.0,3.0,Arys K.,Karol Arys,50.0,0.8333,4.2111,3.3852,-0.8258999999999999,-0.19274696386230694,1.6781,1.9208,3.5989,1,824.1388,0.5668,0.6403,0.1182,0.1122,-0.0846,0.9168,referee,1,0.027353,0.098442,0.177143,0.212508,0.191199,0.137622,0.082548,0.042441,0.019093,0.007635,0.002748,0.000899,0.00027,0.0001,0.972647,0.027353,1,0.027734,0.874204,0.125796,1,0.134441,0.697061,0.302939,1,0.360882,0.484554,0.515446,0,0.662722,0.293354,0.706646,0,0.347226,0.155732,0.844268,0,0.169286,0.073184,0.926816,0,0.076,0.030743,0.969257,0,0.031226
2524,2025/26,21,Wisła Płock,Widzew Łódź,3.0,4.0,7.0,Gryckiewicz P.,Patryk Gryckiewicz,38.0,0.7917,4.2128,4.461,0.24820000000000064,0.05132512209357132,2.0117,2.1269,4.1387,1,836.6572,0.5618,0.6356,0.1134,0.1156,-0.0792,0.9131,referee,1,0.015944,0.065987,0.136549,0.188377,0.194908,0.161332,0.111284,0.065795,0.034038,0.015653,0.006478,0.002437,0.000841,0.000376,0.984056,0.015944,1,0.016072,0.918069,0.081931,1,0.085483,0.78152,0.21848,1,0.246515,0.593143,0.406857,1,0.522321,0.398234,0.601766,1,0.920715,0.236902,0.763098,1,1.44011,0.125618,0.874382,1,2.07451,0.059823,0.940177,0,0.061687
2525,2025/26,21,Bruk-Bet Termalica Nieciecza,Górnik Zabrze,1.0,0.0,1.0,Malec P.,Pawel Malec,29.0,0.7436,4.23,4.1103,-0.1197000000000008,-0.025632271690721575,1.9367,2.1641,4.1008,1,836.6572,0.5618,0.6356,0.1134,0.1156,-0.0792,0.9131,referee,1,0.01656,0.067908,0.139238,0.190328,0.195123,0.160031,0.109375,0.064075,0.032845,0.014965,0.006137,0.002288,0.000782,0.000345,0.98344,0.01656,1,0.016698,0.915532,0.084468,0,2.471382,0.776294,0.223706,0,1.497422,0.585966,0.414034,0,0.881807,0.390843,0.609157,0,0.495679,0.230812,0.769188,0,0.262419,0.121436,0.878564,0,0.129467,0.057362,0.942638,0,0.059073
2526,2025/26,21,Motor Lublin,Lechia Gdańsk,3.0,7.0,10.0,Raczkowski P.,Pawel Raczkowski,52.0,0.8387,4.2221,5.3584,1.1362999999999994,0.21562291285846613,2.4929,2.7637,5.2566,1,836.6572,0.5618,0.6356,0.1134,0.1156,-0.0792,0.9131,referee,1,0.005213,0.027403,0.072023,0.126198,0.165843,0.174354,0.152752,0.114708,0.075372,0.044022,0.023141,0.011058,0.004844,0.00307,0.994787,0.005213,1,0.005227,0.967384,0.032616,1,0.03316,0.895362,0.104638,1,0.110528,0.769164,0.230836,1,0.262452,0.603321,0.396679,1,0.505307,0.428966,0.571034,1,0.846377,0.276215,0.723785,1,1.286577,0.161507,0.838493,1,1.823207
2527,2025/26,21,Zagłębie Lubin,Raków Częstochowa,3.0,3.0,6.0,Szczerbowicz M.,Marcin Szczerbowicz,25.0,0.7143,4.2164,4.2047,-0.011700000000000266,-0.002483787671284876,2.1359,2.3755,4.5114,1,836.6572,0.5618,0.6356,0.1134,0.1156,-0.0792,0.9131,referee,1,0.010983,0.04955,0.11177,0.168078,0.189566,0.17104,0.128604,0.082883,0.046739,0.023429,0.01057,0.004335,0.00163,0.000823,0.989017,0.010983,1,0.011044,0.939466,0.060534,1,0.062444,0.827696,0.172304,1,0.189109,0.659618,0.340382,1,0.416095,0.470052,0.529948,1,0.754912,0.299012,0.700988,1,1.207272,0.170408,0.829592,0,0.186821,0.087525,0.912475,0,0.091595
2528,2025/26,21,Radomiak Radom,Korona Kielce,2.0,4.0,6.0,Stefanski D.,Daniel Stefanski,36.0,0.7826,4.2096,4.8064,0.5968,0.11931066049729466,2.2392,2.4174,4.6566,1,836.6572,0.5618,0.6356,0.1134,0.1156,-0.0792,0.9131,referee,1,0.009499,0.044233,0.102987,0.159855,0.186094,0.173311,0.134506,0.089476,0.052081,0.026947,0.012548,0.005312,0.002061,0.00109,0.990501,0.009499,1,0.009545,0.946268,0.053732,1,0.05523,0.843281,0.156719,1,0.170455,0.683426,0.316574,1,0.380638,0.497332,0.502668,1,0.698498,0.324021,0.675979,1,1.126948,0.189515,0.810485,0,0.210123,0.100039,0.899961,0,0.105404
2529,2025/26,21,Pogoń Szczecin,Arka Gdynia,3.0,4.0,7.0,Frankowski B.,Bartosz Frankowski,40.0,0.8,4.2293,4.2459,0.016599999999999504,0.0035038874078634485,2.0197,2.2263,4.2461,1,836.6572,0.5618,0.6356,0.1134,0.1156,-0.0792,0.9131,referee,1,0.01432,0.060805,0.129092,0.182711,0.193951,0.164706,0.116559,0.070703,0.037526,0.017704,0.007517,0.002902,0.001027,0.000476,0.98568,0.01432,1,0.014424,0.924875,0.075125,1,0.078097,0.795783,0.204217,1,0.228429,0.613072,0.386928,1,0.489273,0.419121,0.580879,1,0.869596,0.254415,0.745585,1,1.36879,0.137855,0.862145,1,1.981551,0.067152,0.932848,0,0.069513
2530,2025/26,21,Cracovia,Jagiellonia Białystok,3.0,4.0,7.0,Lasyk P.,Piotr Lasyk,60.0,0.8571,4.2186,3.7312,-0.4874000000000005,-0.10902650466084296,1.8238,1.9621,3.7858,1,836.6572,0.5618,0.6356,0.1134,0.1156,-0.0792,0.9131,referee,1,0.02269,0.0859,0.162601,0.205194,0.194209,0.147049,0.092784,0.050181,0.023747,0.009989,0.003782,0.001302,0.000411,0.000163,0.97731,0.02269,1,0.022951,0.891411,0.108589,1,0.11495,0.728809,0.271191,1,0.316343,0.523615,0.476385,1,0.646999,0.329406,0.670594,1,1.110463,0.182358,0.817642,1,1.701786,0.089574,0.910426,1,2.412694,0.039393,0.960607,0,0.04019
2531,2025/26,21,GKS Katowice,Legia Warszawa,2.0,3.0,5.0,Sylwestrzak D.,Damian Sylwestrzak,51.0,0.8361,4.2119,4.5593,0.3474000000000004,0.07113691009535494,2.1299,2.3892,4.5191,1,836.6572,0.5618,0.6356,0.1134,0.1156,-0.0792,0.9131,referee,1,0.010899,0.049254,0.111291,0.167644,0.189399,0.171182,0.12893,0.083235,0.047018,0.023609,0.010669,0.004383,0.001651,0.000836,0.989101,0.010899,1,0.010959,0.939847,0.060153,1,0.062038,0.828556,0.171444,1,0.188071,0.660912,0.339088,1,0.414135,0.471512,0.528488,1,0.75181,0.300331,0.699669,0,0.357148,0.1714,0.8286,0,0.188018,0.088165,0.911835,0,0.092297
2532,2025/26,21,Lech Poznań,Piast Gliwice,0.0,2.0,2.0,Myc W.,Wojciech Myc,41.0,0.8039,4.2328,4.1241,-0.1086999999999998,-0.02323523610053435,1.8898,2.0689,3.9587,1,836.6572,0.5618,0.6356,0.1134,0.1156,-0.0792,0.9131,referee,1,0.019087,0.075561,0.149563,0.197361,0.195325,0.154648,0.102035,0.057705,0.028555,0.01256,0.004972,0.001789,0.00059,0.000248,0.980913,0.019087,1,0.019272,0.905352,0.094648,1,0.099431,0.755789,0.244211,0,1.409723,0.558428,0.441572,0,0.817415,0.363103,0.636897,0,0.451148,0.208455,0.791545,0,0.233769,0.10642,0.89358,0,0.112519,0.048715,0.951285,0,0.049942
2533,2025/26,22,Arka Gdynia,GKS Katowice,4.0,2.0,6.0,Malec P.,Pawel Malec,30.0,0.75,4.232,4.033,-0.19899999999999984,-0.04296397415742814,1.8435,2.1492,3.9927,1,834.7242,0.5477,0.6262,0.115,0.1197,-0.0691,0.9563,referee,1,0.018449,0.073662,0.147057,0.195721,0.195366,0.156009,0.103817,0.059217,0.029555,0.013112,0.005235,0.0019,0.000632,0.000269,0.981551,0.018449,1,0.018621,0.907889,0.092111,1,0.096633,0.760832,0.239168,1,0.273343,0.565111,0.434889,1,0.570733,0.369746,0.630254,1,0.99494,0.213737,0.786263,1,1.54301,0.109919,0.890081,0,0.116443,0.050703,0.949297,0,0.052033
2534,2025/26,22,Legia Warszawa,Wisła Płock,1.0,1.0,2.0,Przybyl J.,Jaroslaw Przybyl,54.0,0.8438,4.2316,4.4737,0.24209999999999976,0.04990061824194747,1.976,2.3025,4.2785,1,834.7242,0.5477,0.6262,0.115,0.1197,-0.0691,0.9563,referee,1,0.013864,0.059316,0.12689,0.180966,0.193565,0.165633,0.118109,0.07219,0.038608,0.018354,0.007853,0.003054,0.001089,0.00051,0.986136,0.013864,1,0.013961,0.926821,0.073179,1,0.075995,0.79993,0.20007,0,1.60909,0.618965,0.381035,0,0.964863,0.4254,0.5746,0,0.554081,0.259767,0.740233,0,0.30079,0.141657,0.858343,0,0.152752,0.069468,0.930532,0,0.071998
2535,2025/26,22,Lechia Gdańsk,Zagłębie Lubin,2.0,4.0,6.0,Krasny S.,Sebastian Krasny,22.0,0.6875,4.2361,4.0113,-0.2248000000000001,-0.048628651907608456,1.8676,2.1286,3.9962,1,834.7242,0.5477,0.6262,0.115,0.1197,-0.0691,0.9563,referee,1,0.018386,0.073474,0.146806,0.195554,0.195366,0.156143,0.103996,0.059369,0.029656,0.013168,0.005262,0.001912,0.000637,0.000271,0.981614,0.018386,1,0.018557,0.90814,0.09186,1,0.096356,0.761334,0.238666,1,0.272683,0.56578,0.43422,1,0.56955,0.370414,0.629586,1,0.993135,0.21427,0.78573,1,1.540517,0.110275,0.889725,0,0.116842,0.050906,0.949094,0,0.052247
2536,2025/26,22,Górnik Zabrze,Pogoń Szczecin,3.0,5.0,8.0,Myc W.,Wojciech Myc,42.0,0.8077,4.2289,4.0825,-0.14640000000000075,-0.031447916586746505,1.9312,2.08,4.0112,1,834.7242,0.5477,0.6262,0.115,0.1197,-0.0691,0.9563,referee,1,0.018111,0.072648,0.145703,0.194817,0.195364,0.15673,0.10478,0.060042,0.030105,0.013418,0.005382,0.001963,0.000656,0.000281,0.981889,0.018111,1,0.018277,0.909241,0.090759,1,0.095145,0.763538,0.236462,1,0.269793,0.568721,0.431279,1,0.564365,0.373357,0.626643,1,0.98522,0.216627,0.783373,1,1.529577,0.111847,0.888153,1,2.190619,0.051805,0.948195,1,2.960267
2537,2025/26,22,Korona Kielce,Lech Poznań,1.0,1.0,2.0,Lasyk P.,Piotr Lasyk,61.0,0.8592,4.2342,3.7795,-0.4547000000000003,-0.10097657743062594,1.7836,1.977,3.7606,1,834.7242,0.5477,0.6262,0.115,0.1197,-0.0691,0.9563,referee,1,0.023269,0.087506,0.164539,0.206257,0.193915,0.145849,0.091414,0.049111,0.023086,0.009647,0.003628,0.00124,0.000389,0.000152,0.976731,0.023269,1,0.023544,0.889226,0.110774,1,0.117404,0.724687,0.275313,0,1.289847,0.51843,0.48157,0,0.730704,0.324516,0.675484,0,0.392325,0.178667,0.821333,0,0.196826,0.087253,0.912747,0,0.091296,0.038142,0.961858,0,0.038888
2538,2025/26,22,Raków Częstochowa,Bruk-Bet Termalica Nieciecza,0.0,3.0,3.0,Raczkowski P.,Pawel Raczkowski,53.0,0.8413,4.2335,5.4339,1.2004000000000001,0.22601678310072737,2.3518,2.8401,5.1919,1,834.7242,0.5477,0.6262,0.115,0.1197,-0.0691,0.9563,referee,1,0.005562,0.028875,0.074957,0.129723,0.168377,0.174839,0.151291,0.112212,0.072824,0.04201,0.021811,0.010295,0.004454,0.00277,0.994438,0.005562,1,0.005577,0.965564,0.034436,1,0.035043,0.890606,0.109394,1,0.115853,0.760883,0.239117,0,1.430801,0.592506,0.407494,0,0.897728,0.417667,0.582333,0,0.540712,0.266376,0.733624,0,0.309759,0.154164,0.845836,0,0.16743
2539,2025/26,22,Jagiellonia Białystok,Radomiak Radom,3.0,5.0,8.0,Sylwestrzak D.,Damian Sylwestrzak,52.0,0.8387,4.2314,4.5696,0.3382000000000005,0.06904077723100022,2.1466,2.3879,4.5345,1,834.7242,0.5477,0.6262,0.115,0.1197,-0.0691,0.9563,referee,1,0.010732,0.048665,0.110336,0.166773,0.189059,0.171458,0.12958,0.083941,0.047579,0.023972,0.01087,0.004481,0.001693,0.000862,0.989268,0.010732,1,0.01079,0.940603,0.059397,1,0.061234,0.830268,0.169732,1,0.186007,0.663494,0.336506,1,0.410235,0.474436,0.525564,1,0.74563,0.302977,0.697023,1,1.194098,0.173397,0.826603,1,1.752171,0.089457,0.910543,1,2.414002
2540,2025/26,22,Piast Gliwice,Motor Lublin,3.0,1.0,4.0,Kwiatkowski T.,Tomasz Kwiatkowski,47.0,0.8246,4.226,4.0923,-0.13370000000000015,-0.02869819087097536,2.058,2.2243,4.2822,1,834.7242,0.5477,0.6262,0.115,0.1197,-0.0691,0.9563,referee,1,0.013812,0.059145,0.126637,0.180763,0.193517,0.165737,0.118288,0.072362,0.038734,0.01843,0.007892,0.003072,0.001096,0.000514,0.986188,0.013812,1,0.013908,0.927043,0.072957,1,0.075755,0.800407,0.199593,1,0.222635,0.619644,0.380356,1,0.47861,0.426127,0.573873,0,0.555347,0.260389,0.739611,0,0.301632,0.142102,0.857898,0,0.15327,0.069739,0.930261,0,0.07229
2541,2025/26,22,Widzew Łódź,Cracovia,5.0,4.0,9.0,Stefanski D.,Daniel Stefanski,37.0,0.7872,4.2257,4.8353,0.6096000000000004,0.12132941747909842,2.1191,2.5619,4.681,1,834.7242,0.5477,0.6262,0.115,0.1197,-0.0691,0.9563,referee,1,0.00927,0.043393,0.10156,0.158466,0.185444,0.173612,0.135445,0.090573,0.052996,0.027564,0.012903,0.005491,0.002142,0.001141,0.99073,0.00927,1,0.009313,0.947337,0.052663,1,0.0541,0.845777,0.154223,1,0.167499,0.687311,0.312689,1,0.374969,0.501867,0.498133,1,0.689421,0.328255,0.671745,1,1.113965,0.19281,0.80719,1,1.646051,0.102236,0.897764,1,2.280467
2542,2025/26,23,Arka Gdynia,Lechia Gdańsk,0.0,1.0,1.0,Raczkowski P.,Pawel Raczkowski,54.0,0.8438,4.2383,5.3966,1.1583000000000006,0.21869749202943622,2.503,2.8685,5.3715,1,836.5087,0.5401,0.6194,0.1135,0.1195,-0.0567,0.9548,referee,1,0.004647,0.024963,0.067044,0.120041,0.1612,0.173176,0.155034,0.118966,0.079878,0.047673,0.025608,0.012505,0.005597,0.003668,0.995353,0.004647,1,0.004658,0.97039,0.02961,0,3.51963,0.903346,0.096654,0,2.336614,0.783304,0.216696,0,1.52926,0.622105,0.377895,0,0.973138,0.448929,0.551071,0,0.595892,0.293895,0.706105,0,0.347991,0.174929,0.825071,0,0.192285
2543,2025/26,23,Bruk-Bet Termalica Nieciecza,Radomiak Radom,2.0,1.0,3.0,Kuzma L.,Lukasz Kuzma,48.0,0.8276,4.2356,4.2992,0.0636000000000001,0.013340802801402152,1.9654,2.2019,4.1673,1,836.5087,0.5401,0.6194,0.1135,0.1195,-0.0567,0.9548,referee,1,0.015494,0.064568,0.134538,0.186887,0.194703,0.162277,0.112709,0.067099,0.034953,0.016184,0.006744,0.002555,0.000887,0.000401,0.984506,0.015494,1,0.015615,0.919937,0.080063,1,0.08345,0.7854,0.2146,1,0.241563,0.598513,0.401487,0,0.91258,0.40381,0.59619,0,0.517196,0.241533,0.758467,0,0.276456,0.128824,0.871176,0,0.137911,0.061725,0.938275,0,0.063712
2544,2025/26,23,Motor Lublin,Korona Kielce,4.0,1.0,5.0,Kos D.,Damian Kos,37.0,0.7872,4.234,4.7945,0.5605000000000002,0.11189803479657989,2.2569,2.6281,4.885,1,836.5087,0.5401,0.6194,0.1135,0.1195,-0.0567,0.9548,referee,1,0.007559,0.036926,0.090192,0.146863,0.179357,0.175232,0.142668,0.099562,0.060795,0.032998,0.01612,0.007159,0.002914,0.001653,0.992441,0.007559,1,0.007588,0.955515,0.044485,1,0.045505,0.865323,0.134677,1,0.144653,0.718459,0.281541,1,0.330646,0.539103,0.460897,1,0.61785,0.36387,0.63613,0,0.452353,0.221202,0.778798,0,0.250004,0.12164,0.87836,0,0.129699
2545,2025/26,23,Zagłębie Lubin,Wisła Płock,1.0,1.0,2.0,Piszczelok M.,Mateusz Piszczelok,7.0,0.4118,4.2311,4.0771,-0.15399999999999991,-0.03309212380079507,1.8937,2.2239,4.1176,1,836.5087,0.5401,0.6194,0.1135,0.1195,-0.0567,0.9548,referee,1,0.016284,0.067051,0.138043,0.189467,0.195036,0.160615,0.110224,0.064836,0.033371,0.015268,0.006287,0.002353,0.000807,0.000359,0.983716,0.016284,1,0.016418,0.916666,0.083334,1,0.087013,0.778623,0.221377,0,1.507887,0.589156,0.410844,0,0.889541,0.39412,0.60588,0,0.501073,0.233505,0.766495,0,0.265927,0.123281,0.876719,0,0.131569,0.058444,0.941556,0,0.060222
2546,2025/26,23,Pogoń Szczecin,Widzew Łódź,3.0,2.0,5.0,Lasyk P.,Piotr Lasyk,62.0,0.8611,4.2349,3.7549,-0.47999999999999954,-0.10688934710430908,1.8661,1.9928,3.8589,1,836.5087,0.5401,0.6194,0.1135,0.1195,-0.0567,0.9548,referee,1,0.021091,0.081389,0.157036,0.201995,0.194869,0.150396,0.096727,0.053323,0.025721,0.011028,0.004256,0.001493,0.00048,0.000195,0.978909,0.021091,1,0.021317,0.897519,0.102481,1,0.108121,0.740483,0.259517,1,0.300453,0.538487,0.461513,1,0.618991,0.343618,0.656382,1,1.068225,0.193222,0.806778,0,0.214707,0.096495,0.903505,0,0.101474,0.043173,0.956827,0,0.044132
2547,2025/26,23,Cracovia,Piast Gliwice,3.0,1.0,4.0,Szczerbowicz M.,Marcin Szczerbowicz,26.0,0.7222,4.2343,4.2595,0.02519999999999989,0.00530874026916317,1.9407,2.2253,4.1659,1,836.5087,0.5401,0.6194,0.1135,0.1195,-0.0567,0.9548,referee,1,0.015515,0.064636,0.134634,0.186958,0.194714,0.162233,0.112642,0.067037,0.034909,0.016159,0.006732,0.002549,0.000885,0.000399,0.984485,0.015515,1,0.015637,0.919849,0.080151,1,0.083546,0.785216,0.214784,1,0.241797,0.598258,0.401742,1,0.513734,0.403544,0.596456,0,0.51675,0.241311,0.758689,0,0.276164,0.12867,0.87133,0,0.137734,0.061633,0.938367,0,0.063614
2548,2025/26,23,GKS Katowice,Górnik Zabrze,3.0,1.0,4.0,Gryckiewicz P.,Patryk Gryckiewicz,39.0,0.7959,4.2359,4.5175,0.2816000000000001,0.05776001919443852,2.2023,2.3506,4.5529,1,836.5087,0.5401,0.6194,0.1135,0.1195,-0.0567,0.9548,referee,1,0.010537,0.047974,0.109209,0.165737,0.188645,0.171774,0.130344,0.084777,0.048247,0.024407,0.011112,0.004599,0.001745,0.000893,0.989463,0.010537,1,0.010593,0.941489,0.058511,1,0.060292,0.83228,0.16772,1,0.183586,0.666543,0.333457,1,0.405651,0.477898,0.522102,0,0.649893,0.306124,0.693876,0,0.365462,0.17578,0.82422,0,0.193318,0.091003,0.908997,0,0.095414
2549,2025/26,23,Lech Poznań,Raków Częstochowa,4.0,1.0,5.0,Frankowski B.,Bartosz Frankowski,41.0,0.8039,4.2341,4.3008,0.06669999999999998,0.013990936039095514,2.0809,2.2801,4.3611,1,836.5087,0.5401,0.6194,0.1135,0.1195,-0.0567,0.9548,referee,1,0.012765,0.055668,0.121386,0.176458,0.192386,0.167801,0.121965,0.075986,0.041422,0.020072,0.008753,0.00347,0.001261,0.000607,0.987235,0.012765,1,0.012847,0.931567,0.068433,1,0.070887,0.810181,0.189819,1,0.210498,0.633723,0.366277,1,0.456143,0.441338,0.558662,1,0.817945,0.273537,0.726463,0,0.319567,0.151571,0.848429,0,0.164369,0.075586,0.924414,0,0.078595
2550,2025/26,23,Jagiellonia Białystok,Legia Warszawa,1.0,0.0,1.0,Arys K.,Karol Arys,51.0,0.8361,4.235,3.3828,-0.8522000000000003,-0.1984251837821076,1.6651,1.877,3.5422,1,836.5087,0.5401,0.6194,0.1135,0.1195,-0.0567,0.9548,referee,1,0.028951,0.102548,0.181621,0.214443,0.189898,0.13453,0.079421,0.040189,0.017794,0.007003,0.002481,0.000799,0.000236,8.5e-05,0.971049,0.028951,1,0.029378,0.868501,0.131499,0,2.028756,0.68688,0.31312,0,1.161169,0.472436,0.527564,0,0.639486,0.282538,0.717462,0,0.332036,0.148008,0.851992,0,0.160179,0.068587,0.931413,0,0.071053,0.028399,0.971601,0,0.02881
2551,2025/26,24,Wisła Płock,Arka Gdynia,2.0,1.0,3.0,Kuzma L.,Lukasz Kuzma,49.0,0.8305,4.2189,4.2744,0.05550000000000033,0.011692589997812197,1.9597,2.2129,4.1726,1,853.0995,0.5495,0.6215,0.1075,0.1166,-0.0562,0.937,referee,1,0.015412,0.064308,0.134166,0.186607,0.194661,0.162449,0.112973,0.067342,0.035124,0.016284,0.006795,0.002577,0.000896,0.000405,0.984588,0.015412,1,0.015532,0.920281,0.079719,1,0.083077,0.786115,0.213885,1,0.240652,0.599508,0.400492,0,0.915061,0.404847,0.595153,0,0.518937,0.242398,0.757602,0,0.277597,0.129425,0.870575,0,0.138601,0.062083,0.937917,0,0.064093
2552,2025/26,24,Legia Warszawa,Cracovia,1.0,3.0,4.0,Gryckiewicz P.,Patryk Gryckiewicz,40.0,0.8,4.2236,4.5047,0.28109999999999946,0.05780625016577701,1.9943,2.2947,4.289,1,853.0995,0.5495,0.6215,0.1075,0.1166,-0.0562,0.937,referee,1,0.013718,0.058837,0.126178,0.180394,0.193429,0.165926,0.11861,0.072675,0.038963,0.018568,0.007964,0.003105,0.00111,0.000522,0.986282,0.013718,1,0.013813,0.927445,0.072555,1,0.075322,0.801267,0.198733,1,0.221561,0.620873,0.379127,1,0.476629,0.427444,0.572556,0,0.557644,0.261518,0.738482,0,0.303159,0.142908,0.857092,0,0.15421,0.070233,0.929767,0,0.072821
2553,2025/26,24,Lechia Gdańsk,Jagiellonia Białystok,1.0,2.0,3.0,Lasyk P.,Piotr Lasyk,63.0,0.863,4.2283,3.771,-0.45730000000000004,-0.10171773800813844,1.7976,2.0497,3.8473,1,853.0995,0.5495,0.6215,0.1075,0.1166,-0.0562,0.937,referee,1,0.021336,0.082088,0.15791,0.202512,0.194784,0.14988,0.096107,0.052822,0.025403,0.010859,0.004178,0.001461,0.000469,0.00019,0.978664,0.021336,1,0.021567,0.896576,0.103424,1,0.109172,0.738666,0.261334,1,0.30291,0.536153,0.463847,0,0.768201,0.34137,0.65863,0,0.417593,0.191489,0.808511,0,0.212562,0.095383,0.904617,0,0.100243,0.04256,0.95744,0,0.043492
2554,2025/26,24,Motor Lublin,Górnik Zabrze,0.0,0.0,0.0,Frankowski B.,Bartosz Frankowski,42.0,0.8077,4.2233,4.3122,0.08889999999999976,0.018646652161935062,2.1163,2.3544,4.4707,1,853.0995,0.5495,0.6215,0.1075,0.1166,-0.0562,0.937,referee,1,0.011439,0.051142,0.114321,0.170364,0.190411,0.170253,0.126858,0.08102,0.045277,0.022491,0.010055,0.004087,0.001523,0.000759,0.988561,0.011439,0,4.470684,0.937418,0.062582,0,2.77128,0.823098,0.176902,0,1.732157,0.652734,0.347266,0,1.057663,0.462323,0.537677,0,0.620497,0.29207,0.70793,0,0.34541,0.165212,0.834788,0,0.180577,0.084191,0.915809,0,0.087948
2555,2025/26,24,Radomiak Radom,GKS Katowice,2.0,4.0,6.0,Kos D.,Damian Kos,38.0,0.7917,4.2182,4.7955,0.5772999999999993,0.11543003237099203,2.205,2.4388,4.6438,1,853.0995,0.5495,0.6215,0.1075,0.1166,-0.0562,0.937,referee,1,0.009621,0.044678,0.103738,0.16058,0.186426,0.173145,0.134009,0.088902,0.051605,0.026627,0.012365,0.00522,0.00202,0.001064,0.990379,0.009621,1,0.009668,0.945701,0.054299,1,0.055829,0.841963,0.158037,1,0.172019,0.681383,0.318617,1,0.383631,0.494957,0.505043,1,0.703284,0.321812,0.678188,1,1.133787,0.187803,0.812197,0,0.208013,0.098902,0.901098,0,0.104141
2556,2025/26,24,Korona Kielce,Bruk-Bet Termalica Nieciecza,1.0,0.0,1.0,Arys K.,Karol Arys,52.0,0.8387,4.2268,3.343,-0.8837999999999999,-0.2069951292000165,1.5539,1.7525,3.3064,1,853.0995,0.5495,0.6215,0.1075,0.1166,-0.0562,0.937,referee,1,0.036649,0.121175,0.200325,0.220783,0.182497,0.120681,0.066502,0.031412,0.012982,0.004769,0.001577,0.000474,0.000131,4.3e-05,0.963351,0.036649,1,0.037337,0.842176,0.157824,0,1.846273,0.641851,0.358149,0,1.026806,0.421068,0.578932,0,0.546571,0.238571,0.761429,0,0.272558,0.11789,0.88211,0,0.125439,0.051388,0.948612,0,0.052755,0.019976,0.980024,0,0.020179
2557,2025/26,24,Raków Częstochowa,Pogoń Szczecin,0.0,3.0,3.0,Przybyl J.,Jaroslaw Przybyl,55.0,0.8462,4.2203,4.4339,0.21360000000000046,0.04425739347067137,1.9409,2.2913,4.2322,1,853.0995,0.5495,0.6215,0.1075,0.1166,-0.0562,0.937,referee,1,0.014521,0.061454,0.130042,0.183454,0.194103,0.164296,0.115889,0.070066,0.037067,0.01743,0.007377,0.002838,0.001001,0.000462,0.985479,0.014521,1,0.014627,0.924026,0.075974,1,0.079015,0.793984,0.206016,1,0.230692,0.61053,0.38947,0,0.942968,0.416427,0.583573,0,0.538585,0.25213,0.74787,0,0.290526,0.136241,0.863759,0,0.146462,0.066175,0.933825,0,0.068466
2558,2025/26,24,Piast Gliwice,Zagłębie Lubin,1.0,3.0,4.0,Myc W.,Wojciech Myc,43.0,0.8113,4.2229,4.1553,-0.06759999999999966,-0.01441666222276905,1.9924,2.1592,4.1516,1,853.0995,0.5495,0.6215,0.1075,0.1166,-0.0562,0.937,referee,1,0.01574,0.065345,0.135642,0.187708,0.19482,0.161762,0.111927,0.066382,0.034448,0.015891,0.006597,0.00249,0.000861,0.000387,0.98426,0.01574,1,0.015865,0.918915,0.081085,1,0.084561,0.783273,0.216727,1,0.244273,0.595565,0.404435,1,0.518244,0.400745,0.599255,0,0.512068,0.238983,0.761017,0,0.2731,0.127056,0.872944,0,0.135884,0.060674,0.939326,0,0.062593
2559,2025/26,24,Widzew Łódź,Lech Poznań,3.0,2.0,5.0,Marciniak S.,Szymon Marciniak,66.0,0.8684,4.2226,3.9372,-0.2854000000000001,-0.06233594851195501,1.8517,2.1773,4.0291,1,853.0995,0.5495,0.6215,0.1075,0.1166,-0.0562,0.937,referee,1,0.017791,0.071681,0.144404,0.193937,0.195346,0.157412,0.105704,0.060841,0.030642,0.013717,0.005527,0.002024,0.00068,0.000293,0.982209,0.017791,1,0.017951,0.910528,0.089472,1,0.093731,0.766124,0.233876,1,0.266412,0.572186,0.427814,1,0.55829,0.37684,0.62316,1,0.975934,0.219428,0.780572,0,0.247728,0.113724,0.886276,0,0.120727,0.052883,0.947117,0,0.054332
2560,2025/26,25,Arka Gdynia,Widzew Łódź,2.0,1.0,3.0,Sylwestrzak D.,Damian Sylwestrzak,53.0,0.8413,4.2173,4.6218,0.4045000000000005,0.08226933774245326,2.1523,2.4686,4.6209,1,868.3843,0.5332,0.6081,0.1061,0.1186,-0.0436,0.9591,referee,1,0.009844,0.045486,0.105095,0.161879,0.187009,0.172831,0.133107,0.087869,0.050754,0.026059,0.012042,0.005059,0.001948,0.001019,0.990156,0.009844,1,0.009892,0.94467,0.05533,1,0.056919,0.839575,0.160425,1,0.174859,0.677696,0.322304,0,1.132261,0.490688,0.509312,0,0.674694,0.317857,0.682143,0,0.382515,0.184749,0.815251,0,0.20426,0.096881,0.903119,0,0.101901
2561,2025/26,25,Bruk-Bet Termalica Nieciecza,Motor Lublin,3.0,6.0,9.0,Piszczelok M.,Mateusz Piszczelok,8.0,0.4444,4.2174,3.9541,-0.26329999999999965,-0.05743278005571506,1.9335,2.0428,3.9764,1,868.3843,0.5332,0.6081,0.1061,0.1186,-0.0436,0.9591,referee,1,0.018753,0.074571,0.14826,0.196513,0.195353,0.15536,0.102962,0.058488,0.029071,0.012844,0.005107,0.001846,0.000612,0.000259,0.981247,0.018753,1,0.018931,0.906676,0.093324,1,0.09797,0.758416,0.241584,1,0.276524,0.561902,0.438098,1,0.576427,0.366549,0.633451,1,1.003623,0.211189,0.788811,1,1.555,0.108228,0.891772,1,2.223518,0.04974,0.95026,1,3.00095
2562,2025/26,25,Zagłębie Lubin,Lech Poznań,1.0,3.0,4.0,Stefanski D.,Daniel Stefanski,38.0,0.7917,4.2158,4.92,0.7042000000000002,0.13917724249674457,2.2481,2.6008,4.8489,1,868.3843,0.5332,0.6081,0.1061,0.1186,-0.0436,0.9591,referee,1,0.007837,0.038002,0.092133,0.148913,0.180515,0.175059,0.141473,0.097998,0.059397,0.032001,0.015517,0.00684,0.002764,0.001551,0.992163,0.007837,1,0.007868,0.954161,0.045839,1,0.046923,0.862028,0.137972,1,0.148467,0.713115,0.286885,1,0.338112,0.5326,0.4674,0,0.76057,0.357541,0.642459,0,0.442453,0.216068,0.783932,0,0.243433,0.11807,0.88193,0,0.125643
2563,2025/26,25,Górnik Zabrze,Raków Częstochowa,0.0,0.0,0.0,Raczkowski P.,Pawel Raczkowski,55.0,0.8462,4.2156,5.3255,1.1098999999999997,0.21136867124202352,2.5626,2.7577,5.3203,1,868.3843,0.5332,0.6081,0.1061,0.1186,-0.0436,0.9591,referee,1,0.004892,0.026024,0.069227,0.122769,0.163291,0.17375,0.154066,0.117096,0.077872,0.046033,0.024491,0.011845,0.005252,0.003391,0.995108,0.004892,0,5.320253,0.969084,0.030916,0,3.476493,0.899857,0.100143,0,2.301155,0.777088,0.222912,0,1.500976,0.613796,0.386204,0,0.951391,0.440046,0.559954,0,0.579901,0.285981,0.714019,0,0.336845,0.168885,0.831115,0,0.184987
2564,2025/26,25,Radomiak Radom,Legia Warszawa,2.0,1.0,3.0,Lasyk P.,Piotr Lasyk,64.0,0.8649,4.2232,3.7599,-0.46330000000000027,-0.10324085015660933,1.7462,2.0517,3.7979,1,868.3843,0.5332,0.6081,0.1061,0.1186,-0.0436,0.9591,referee,1,0.022418,0.085141,0.161679,0.204679,0.194337,0.147614,0.093437,0.050695,0.024067,0.010156,0.003857,0.001332,0.000421,0.000168,0.977582,0.022418,1,0.022673,0.89244,0.10756,1,0.113796,0.730762,0.269238,1,0.313668,0.526083,0.473917,0,0.746722,0.331746,0.668254,0,0.403086,0.184132,0.815868,0,0.203502,0.090695,0.909305,0,0.095074,0.04,0.96,0,0.040822
2565,2025/26,25,Pogoń Szczecin,Korona Kielce,0.0,1.0,1.0,Kos D.,Damian Kos,39.0,0.7959,4.2105,4.8185,0.6080000000000005,0.12139724920299733,2.359,2.4968,4.8558,1,868.3843,0.5332,0.6081,0.1061,0.1186,-0.0436,0.9591,referee,1,0.007783,0.037792,0.091756,0.148518,0.180294,0.175096,0.141706,0.0983,0.059666,0.032192,0.015632,0.006901,0.002792,0.00157,0.992217,0.007783,1,0.007813,0.954425,0.045575,0,3.088398,0.862669,0.137331,0,1.985361,0.714151,0.285849,0,1.252292,0.533857,0.466143,0,0.763262,0.358761,0.641239,0,0.444353,0.217054,0.782946,0,0.244692,0.118754,0.881246,0,0.126418
2566,2025/26,25,Cracovia,Wisła Płock,0.0,3.0,3.0,Kwiatkowski T.,Tomasz Kwiatkowski,48.0,0.8276,4.2217,4.0899,-0.13180000000000014,-0.028310666900777992,1.9042,2.1778,4.082,1,868.3843,0.5332,0.6081,0.1061,0.1186,-0.0436,0.9591,referee,1,0.016873,0.068877,0.140579,0.191282,0.195205,0.159366,0.108423,0.063226,0.032262,0.014632,0.005973,0.002217,0.000754,0.000331,0.983127,0.016873,1,0.017017,0.91425,0.08575,1,0.089651,0.773671,0.226329,1,0.256609,0.582389,0.417611,0,0.873204,0.387184,0.612816,0,0.48969,0.227818,0.772182,0,0.258535,0.119395,0.880605,0,0.127146,0.056168,0.943832,0,0.057807
2567,2025/26,25,GKS Katowice,Lechia Gdańsk,1.0,2.0,3.0,Kochanek M.,Marcin Kochanek,24.0,0.7059,4.2202,4.0942,-0.12600000000000033,-0.027056533216119005,1.9683,2.1105,4.0788,1,868.3843,0.5332,0.6081,0.1061,0.1186,-0.0436,0.9591,referee,1,0.016928,0.069047,0.140813,0.191447,0.195217,0.159249,0.108257,0.063079,0.032161,0.014575,0.005945,0.002204,0.000749,0.000328,0.983072,0.016928,1,0.017073,0.914025,0.085975,1,0.089897,0.773213,0.226787,1,0.257201,0.581765,0.418235,0,0.871713,0.386548,0.613452,0,0.488653,0.227299,0.772701,0,0.257863,0.119042,0.880958,0,0.126745,0.055963,0.944037,0,0.05759
2568,2025/26,25,Jagiellonia Białystok,Piast Gliwice,0.0,3.0,3.0,Szczerbowicz M.,Marcin Szczerbowicz,27.0,0.7297,4.2188,4.2483,0.029500000000000526,0.0062321292645513005,1.9791,2.1594,4.1385,1,868.3843,0.5332,0.6081,0.1061,0.1186,-0.0436,0.9591,referee,1,0.015947,0.065998,0.136564,0.188389,0.19491,0.161325,0.111273,0.065786,0.034031,0.015649,0.006476,0.002436,0.00084,0.000376,0.984053,0.015947,1,0.016076,0.918055,0.081945,1,0.085498,0.781491,0.218509,1,0.246552,0.593102,0.406898,0,0.899194,0.398193,0.601807,0,0.507818,0.236867,0.763133,0,0.270324,0.125594,0.874406,0,0.134211,0.059809,0.940191,0,0.061672
2569,2025/26,26,Jagiellonia Białystok,Wisła Płock,0.0,2.0,2.0,Lasyk P.,Piotr Lasyk,65.0,0.8667,4.2038,3.7472,-0.45660000000000034,-0.10211075039832496,1.7671,1.9848,3.752,1,886.0492,0.5397,0.6211,0.0958,0.1144,-0.0422,0.8858,referee,1,0.023472,0.088065,0.165208,0.206618,0.193805,0.14543,0.090941,0.048744,0.022861,0.00953,0.003576,0.00122,0.000381,0.000149,0.976528,0.023472,1,0.023752,0.888463,0.111537,1,0.118262,0.723255,0.276745,0,1.28466,0.516638,0.483362,0,0.726988,0.322832,0.677168,0,0.389836,0.177402,0.822598,0,0.195288,0.086461,0.913539,0,0.090429,0.037717,0.962283,0,0.038446
2570,2025/26,26,Legia Warszawa,Raków Częstochowa,1.0,3.0,4.0,Kuzma L.,Lukasz Kuzma,50.0,0.8333,4.196,4.2493,0.053300000000000125,0.01128615623990914,2.0303,2.2271,4.2574,1,886.0492,0.5397,0.6211,0.0958,0.1144,-0.0422,0.8858,referee,1,0.014159,0.060282,0.128321,0.182104,0.193821,0.165034,0.117103,0.071222,0.037902,0.017929,0.007633,0.002954,0.001048,0.000488,0.985841,0.014159,1,0.01426,0.925559,0.074441,1,0.077357,0.797238,0.202762,1,0.226601,0.615135,0.384865,1,0.485914,0.421313,0.578687,0,0.546994,0.256279,0.743721,0,0.296089,0.139176,0.860824,0,0.149866,0.067955,0.932045,0,0.070374
2571,2025/26,26,Lechia Gdańsk,Pogoń Szczecin,1.0,0.0,1.0,Myc W.,Wojciech Myc,44.0,0.8148,4.2012,4.1484,-0.0528000000000004,-0.011294720909980516,1.8746,2.1986,4.0732,1,886.0492,0.5397,0.6211,0.0958,0.1144,-0.0422,0.8858,referee,1,0.017023,0.069337,0.141212,0.191729,0.195238,0.159048,0.107973,0.062828,0.031989,0.014477,0.005897,0.002184,0.000741,0.000324,0.982977,0.017023,1,0.017169,0.91364,0.08636,0,2.449229,0.772427,0.227573,0,1.480286,0.580698,0.419302,0,0.869165,0.385461,0.614539,0,0.486883,0.226412,0.773588,0,0.256716,0.11844,0.88156,0,0.126062,0.055612,0.944388,0,0.057218
2572,2025/26,26,Motor Lublin,Zagłębie Lubin,0.0,0.0,0.0,Kos D.,Damian Kos,40.0,0.8,4.2067,4.7413,0.5346000000000002,0.10758253364148906,2.1185,2.5024,4.6209,1,886.0492,0.5397,0.6211,0.0958,0.1144,-0.0422,0.8858,referee,1,0.009844,0.045487,0.105096,0.16188,0.187009,0.172831,0.133107,0.087868,0.050754,0.026059,0.012042,0.005059,0.001948,0.001019,0.990156,0.009844,0,4.62093,0.94467,0.05533,0,2.894433,0.839574,0.160426,0,1.829922,0.677694,0.322306,0,1.132254,0.490685,0.509315,0,0.674689,0.317854,0.682146,0,0.382512,0.184748,0.815252,0,0.204258,0.09688,0.90312,0,0.1019
2573,2025/26,26,Korona Kielce,Arka Gdynia,1.0,1.0,2.0,Przybyl J.,Jaroslaw Przybyl,56.0,0.8485,4.1957,4.4084,0.2126999999999999,0.0443008267918692,2.0172,2.1624,4.1796,1,886.0492,0.5397,0.6211,0.0958,0.1144,-0.0422,0.8858,referee,1,0.015305,0.063968,0.13368,0.186242,0.194604,0.162673,0.113317,0.06766,0.035349,0.016416,0.006861,0.002607,0.000908,0.000412,0.984695,0.015305,1,0.015423,0.920727,0.079273,1,0.082591,0.787048,0.212952,0,1.546688,0.600806,0.399194,0,0.918308,0.406202,0.593798,0,0.521217,0.24353,0.75647,0,0.279092,0.130213,0.869787,0,0.139507,0.062553,0.937447,0,0.064595
2574,2025/26,26,Cracovia,GKS Katowice,2.0,1.0,3.0,Malec P.,Pawel Malec,31.0,0.7561,4.1974,4.0725,-0.12490000000000023,-0.026949062876902907,1.9495,2.1672,4.1167,1,886.0492,0.5397,0.6211,0.0958,0.1144,-0.0422,0.8858,referee,1,0.016299,0.067097,0.138108,0.189514,0.195041,0.160583,0.110177,0.064795,0.033342,0.015251,0.006278,0.00235,0.000806,0.000358,0.983701,0.016299,1,0.016433,0.916604,0.083396,1,0.08708,0.778495,0.221505,1,0.250392,0.588981,0.411019,0,0.889116,0.39394,0.60606,0,0.500776,0.233357,0.766643,0,0.265734,0.123179,0.876821,0,0.131453,0.058385,0.941615,0,0.060158
2575,2025/26,26,Lech Poznań,Bruk-Bet Termalica Nieciecza,0.0,5.0,5.0,Gryckiewicz P.,Patryk Gryckiewicz,41.0,0.8039,4.1931,4.4888,0.2957000000000001,0.061102054964501384,1.9601,2.3305,4.2906,1,886.0492,0.5397,0.6211,0.0958,0.1144,-0.0422,0.8858,referee,1,0.013697,0.058768,0.126074,0.180311,0.193409,0.165968,0.118683,0.072746,0.039015,0.0186,0.00798,0.003113,0.001113,0.000523,0.986303,0.013697,1,0.013792,0.927535,0.072465,1,0.075224,0.801461,0.198539,1,0.221319,0.621151,0.378849,1,0.476182,0.427741,0.572259,1,0.849237,0.261773,0.738227,0,0.303505,0.14309,0.85691,0,0.154423,0.070345,0.929655,0,0.072941
2576,2025/26,26,Piast Gliwice,Radomiak Radom,3.0,3.0,6.0,Frankowski B.,Bartosz Frankowski,43.0,0.8113,4.2017,4.2267,0.025000000000000355,0.0053031391519555715,2.0047,2.246,4.2507,1,886.0492,0.5397,0.6211,0.0958,0.1144,-0.0422,0.8858,referee,1,0.014255,0.060592,0.128779,0.182465,0.193899,0.16484,0.11678,0.070913,0.037679,0.017795,0.007564,0.002923,0.001035,0.000481,0.985745,0.014255,1,0.014357,0.925153,0.074847,1,0.077796,0.796374,0.203626,1,0.227686,0.613909,0.386091,1,0.487908,0.42001,0.57999,1,0.867476,0.25517,0.74483,1,1.365824,0.13839,0.86161,0,0.148953,0.067477,0.932523,0,0.069862
2577,2025/26,26,Widzew Łódź,Górnik Zabrze,0.0,1.0,1.0,Arys K.,Karol Arys,53.0,0.8413,4.1941,3.3006,-0.8934999999999995,-0.21114745198886387,1.7317,1.8196,3.5513,1,886.0492,0.5397,0.6211,0.0958,0.1144,-0.0422,0.8858,referee,1,0.028688,0.10188,0.180902,0.214143,0.190119,0.135033,0.079923,0.040547,0.017999,0.007102,0.002522,0.000814,0.000241,8.8e-05,0.971312,0.028688,1,0.029108,0.869431,0.130569,0,2.035856,0.68853,0.31147,0,1.166452,0.474387,0.525613,0,0.64319,0.284268,0.715732,0,0.334449,0.149235,0.850765,0,0.16162,0.069313,0.930687,0,0.071832,0.028766,0.971234,0,0.029188
2578,2025/26,27,Arka Gdynia,Zagłębie Lubin,3.0,3.0,6.0,Gryckiewicz P.,Patryk Gryckiewicz,42.0,0.8077,4.1874,4.4976,0.31020000000000003,0.06407973946158596,1.9948,2.3539,4.3486,1,905.0495,0.5378,0.6216,0.1083,0.116,-0.0598,0.8993,referee,1,0.012925,0.056204,0.122205,0.177142,0.192581,0.167492,0.121394,0.075414,0.040993,0.019807,0.008613,0.003405,0.001234,0.000591,0.987075,0.012925,1,0.013009,0.930871,0.069129,1,0.071634,0.808666,0.191334,1,0.212369,0.631525,0.368475,1,0.459618,0.438944,0.561056,1,0.823384,0.271452,0.728548,1,1.303971,0.150058,0.849942,0,0.162587,0.074644,0.925356,0,0.077577
2579,2025/26,27,Bruk-Bet Termalica Nieciecza,Piast Gliwice,3.0,3.0,6.0,Kos D.,Damian Kos,41.0,0.8039,4.1882,4.6448,0.4565999999999999,0.09293778235776617,2.0528,2.3608,4.4136,1,905.0495,0.5378,0.6216,0.1083,0.116,-0.0598,0.8993,referee,1,0.012111,0.053454,0.117963,0.173549,0.191495,0.169038,0.124345,0.078402,0.043255,0.021212,0.009362,0.003757,0.001382,0.000676,0.987889,0.012111,1,0.012185,0.934435,0.065565,1,0.067813,0.816471,0.183529,1,0.202763,0.642923,0.357077,1,0.441731,0.451428,0.548572,1,0.79534,0.28239,0.71761,1,1.264466,0.158045,0.841955,0,0.172029,0.079643,0.920357,0,0.082994
2580,2025/26,27,Lechia Gdańsk,Korona Kielce,4.0,0.0,4.0,Kwiatkowski T.,Tomasz Kwiatkowski,49.0,0.8305,4.1904,4.0662,-0.12420000000000009,-0.026836517504652102,1.9582,2.2029,4.1611,1,905.0495,0.5378,0.6216,0.1083,0.116,-0.0598,0.8993,referee,1,0.01559,0.064873,0.134972,0.18721,0.19475,0.162075,0.112402,0.066817,0.034754,0.016068,0.006686,0.002529,0.000877,0.000395,0.98441,0.01559,1,0.015713,0.919537,0.080463,1,0.083885,0.784565,0.215435,1,0.242626,0.597355,0.402645,1,0.515244,0.402604,0.597396,0,0.515175,0.240529,0.759471,0,0.275133,0.128127,0.871873,0,0.137111,0.06131,0.93869,0,0.06327
2581,2025/26,27,Górnik Zabrze,Cracovia,0.0,2.0,2.0,Kuzma L.,Lukasz Kuzma,51.0,0.8361,4.1903,4.2443,0.05400000000000027,0.011447351172711562,1.9075,2.2405,4.148,1,905.0495,0.5378,0.6216,0.1083,0.116,-0.0598,0.8993,referee,1,0.015796,0.065523,0.135894,0.187895,0.194846,0.161643,0.111749,0.066219,0.034334,0.015824,0.006564,0.002475,0.000856,0.000384,0.984204,0.015796,1,0.015922,0.918681,0.081319,1,0.084817,0.782787,0.217213,0,1.526878,0.594893,0.405107,0,0.903603,0.400047,0.599953,0,0.510904,0.238404,0.761596,0,0.272339,0.126655,0.873345,0,0.135425,0.060437,0.939563,0,0.06234
2582,2025/26,27,Radomiak Radom,Motor Lublin,0.0,3.0,3.0,Nagamine K.,Koki Nagamine,0.0,0.0,4.1901,4.1901,0.0,0.0,1.9951,2.2591,4.2542,1,905.0495,0.5378,0.6216,0.1083,0.116,-0.0598,0.8993,referee,1,0.014204,0.060429,0.128538,0.182275,0.193858,0.164943,0.11695,0.071075,0.037796,0.017866,0.0076,0.002939,0.001042,0.000484,0.985796,0.014204,1,0.014306,0.925367,0.074633,1,0.077565,0.796829,0.203171,1,0.227115,0.614555,0.385445,0,0.953356,0.420696,0.579304,0,0.545928,0.255753,0.744247,0,0.295383,0.138804,0.861196,0,0.149433,0.067728,0.932272,0,0.070131
2583,2025/26,27,Pogoń Szczecin,Legia Warszawa,2.0,1.0,3.0,Myc W.,Wojciech Myc,45.0,0.8182,4.1887,4.0889,-0.09980000000000011,-0.021515014598778137,1.9458,2.2071,4.1529,1,905.0495,0.5378,0.6216,0.1083,0.116,-0.0598,0.8993,referee,1,0.015719,0.06528,0.135549,0.18764,0.194811,0.161805,0.111993,0.066442,0.03449,0.015915,0.006609,0.002495,0.000864,0.000388,0.984281,0.015719,1,0.015844,0.919001,0.080999,1,0.084468,0.783452,0.216548,1,0.244046,0.595812,0.404188,0,0.905875,0.401001,0.598999,0,0.512495,0.239196,0.760804,0,0.273379,0.127203,0.872797,0,0.136052,0.060761,0.939239,0,0.062686
2584,2025/26,27,GKS Katowice,Wisła Płock,3.0,1.0,4.0,Stefanski D.,Daniel Stefanski,39.0,0.7959,4.1877,4.8955,0.7077999999999998,0.14062321576865155,2.1315,2.4672,4.5987,1,905.0495,0.5378,0.6216,0.1083,0.116,-0.0598,0.8993,referee,1,0.010064,0.046284,0.106424,0.163139,0.187559,0.172507,0.132219,0.086863,0.049933,0.025514,0.011733,0.004905,0.00188,0.000976,0.989936,0.010064,1,0.010115,0.943651,0.056349,1,0.057998,0.837227,0.162773,1,0.17766,0.674088,0.325912,1,0.394394,0.48653,0.51347,0,0.666563,0.314023,0.685977,0,0.376911,0.181804,0.818196,0,0.200654,0.094941,0.905059,0,0.099755
2585,2025/26,27,Raków Częstochowa,Widzew Łódź,2.0,3.0,5.0,Raczkowski P.,Pawel Raczkowski,56.0,0.8485,4.1875,5.2405,1.053,0.2026469232552004,2.2989,2.6835,4.9824,1,905.0495,0.5378,0.6216,0.1083,0.116,-0.0598,0.8993,referee,1,0.006858,0.034168,0.085118,0.141364,0.176083,0.175462,0.145703,0.103707,0.064588,0.035756,0.017815,0.008069,0.00335,0.001958,0.993142,0.006858,1,0.006881,0.958975,0.041025,1,0.041891,0.873856,0.126144,1,0.13484,0.732492,0.267508,1,0.311303,0.556409,0.443591,1,0.586251,0.380947,0.619053,0,0.479565,0.235244,0.764756,0,0.268198,0.131537,0.868463,0,0.14103
2586,2025/26,27,Jagiellonia Białystok,Lech Poznań,3.0,1.0,4.0,Przybyl J.,Jaroslaw Przybyl,57.0,0.8507,4.1885,4.3714,0.18290000000000006,0.038268668236776104,2.0387,2.2996,4.3383,1,905.0495,0.5378,0.6216,0.1083,0.116,-0.0598,0.8993,referee,1,0.013059,0.056653,0.122888,0.177709,0.192738,0.167231,0.120916,0.074939,0.040638,0.019589,0.008498,0.003352,0.001212,0.000579,0.986941,0.013059,1,0.013145,0.930288,0.069712,1,0.072261,0.8074,0.1926,1,0.213936,0.629691,0.370309,1,0.462525,0.436953,0.563047,0,0.574393,0.269722,0.730278,0,0.314331,0.148806,0.851194,0,0.161115,0.073868,0.926132,0,0.076738
2587,2025/26,28,Wisła Płock,Lechia Gdańsk,2.0,2.0,4.0,Nagamine K.,Koki Nagamine,1.0,0.0909,4.1895,4.0813,-0.10820000000000007,-0.0233431663217476,1.8649,2.0937,3.9585,1,915.4144,0.5323,0.6135,0.1061,0.1129,-0.0479,0.9069,referee,1,0.019091,0.075573,0.14958,0.197371,0.195325,0.154639,0.102024,0.057695,0.028548,0.012557,0.004971,0.001789,0.00059,0.000248,0.980909,0.019091,1,0.019276,0.905335,0.094665,1,0.09945,0.755756,0.244244,1,0.280037,0.558384,0.441616,1,0.582708,0.36306,0.63694,0,0.45108,0.208421,0.791579,0,0.233725,0.106397,0.893603,0,0.112494,0.048702,0.951298,0,0.049928
2588,2025/26,28,Legia Warszawa,Górnik Zabrze,4.0,3.0,7.0,Kos D.,Damian Kos,42.0,0.8077,4.1855,4.6703,0.4847999999999999,0.09845808033439418,2.1627,2.2687,4.4314,1,915.4144,0.5323,0.6135,0.1061,0.1129,-0.0479,0.9069,referee,1,0.011898,0.052723,0.11682,0.172559,0.19117,0.169431,0.125136,0.079219,0.043881,0.021606,0.009575,0.003857,0.001424,0.000701,0.988102,0.011898,1,0.011969,0.935379,0.064621,1,0.066803,0.818559,0.181441,1,0.200209,0.646001,0.353999,1,0.436955,0.454831,0.545169,1,0.78783,0.2854,0.7146,1,1.253863,0.160264,0.839736,1,1.830933,0.081045,0.918955,0,0.084518
2589,2025/26,28,Motor Lublin,Raków Częstochowa,3.0,0.0,3.0,Frankowski B.,Bartosz Frankowski,44.0,0.8148,4.193,4.258,0.06500000000000039,0.013755375068485565,2.0144,2.2796,4.294,1,915.4144,0.5323,0.6135,0.1061,0.1129,-0.0479,0.9069,referee,1,0.013651,0.058616,0.125847,0.180127,0.193365,0.16606,0.118843,0.072901,0.039129,0.018669,0.008016,0.003129,0.00112,0.000527,0.986349,0.013651,1,0.013745,0.927734,0.072266,1,0.075011,0.801887,0.198113,1,0.220788,0.62176,0.37824,0,0.972226,0.428395,0.571605,0,0.559307,0.262335,0.737665,0,0.304265,0.143492,0.856508,0,0.154891,0.070591,0.929409,0,0.073206
2590,2025/26,28,Zagłębie Lubin,Radomiak Radom,2.0,4.0,6.0,Lasyk P.,Piotr Lasyk,66.0,0.8684,4.1888,3.7222,-0.4665999999999997,-0.1048203669616612,1.8353,2.063,3.8983,1,915.4144,0.5323,0.6135,0.1061,0.1129,-0.0479,0.9069,referee,1,0.020276,0.079041,0.154065,0.200199,0.19511,0.152121,0.098836,0.055042,0.026822,0.011618,0.004529,0.001605,0.000521,0.000215,0.979724,0.020276,1,0.020484,0.900683,0.099317,1,0.104602,0.746618,0.253382,1,0.292201,0.54642,0.45358,1,0.604368,0.35131,0.64869,1,1.046088,0.199189,0.800811,1,1.613503,0.100352,0.899648,0,0.105752,0.04531,0.95469,0,0.046368
2591,2025/26,28,Korona Kielce,Jagiellonia Białystok,0.0,1.0,1.0,Malec P.,Pawel Malec,32.0,0.7619,4.1893,4.0451,-0.14420000000000055,-0.031233587999780932,1.874,2.0261,3.9001,1,915.4144,0.5323,0.6135,0.1061,0.1129,-0.0479,0.9069,referee,1,0.020241,0.07894,0.153935,0.200119,0.195119,0.152195,0.098928,0.055118,0.02687,0.011644,0.004541,0.00161,0.000523,0.000216,0.979759,0.020241,1,0.020448,0.900819,0.099181,0,2.310812,0.746884,0.253116,0,1.373908,0.546765,0.453235,0,0.791345,0.351646,0.648354,0,0.433319,0.199451,0.800549,0,0.222458,0.100523,0.899477,0,0.105942,0.045405,0.954595,0,0.046468
2592,2025/26,28,Cracovia,Arka Gdynia,1.0,0.0,1.0,Arys K.,Karol Arys,54.0,0.8438,4.1916,3.2643,-0.9273000000000002,-0.2202117546739426,1.6031,1.8233,3.4265,1,915.4144,0.5323,0.6135,0.1061,0.1129,-0.0479,0.9069,referee,1,0.032502,0.111367,0.190797,0.217918,0.186672,0.127924,0.073054,0.03576,0.015316,0.005831,0.001998,0.000622,0.000178,6.2e-05,0.967498,0.032502,1,0.033042,0.856131,0.143869,0,1.938852,0.665335,0.334665,0,1.094624,0.447416,0.552584,0,0.59315,0.260745,0.739255,0,0.302112,0.132821,0.867179,0,0.142509,0.059766,0.940234,0,0.061627,0.024007,0.975993,0,0.0243
2593,2025/26,28,Lech Poznań,GKS Katowice,1.0,0.0,1.0,Sylwestrzak D.,Damian Sylwestrzak,54.0,0.8438,4.1879,4.5919,0.4039999999999999,0.0826663208642775,2.0836,2.3447,4.4283,1,915.4144,0.5323,0.6135,0.1061,0.1129,-0.0479,0.9069,referee,1,0.011934,0.05285,0.117018,0.172731,0.191227,0.169363,0.124999,0.079077,0.043772,0.021538,0.009538,0.00384,0.001417,0.000697,0.988066,0.011934,1,0.012006,0.935216,0.064784,0,2.736697,0.818198,0.181802,0,1.704839,0.645468,0.354532,0,1.036955,0.45424,0.54576,0,0.605577,0.284877,0.715123,0,0.335301,0.159878,0.840122,0,0.174208,0.080801,0.919199,0,0.084252
2594,2025/26,28,Piast Gliwice,Pogoń Szczecin,1.0,1.0,2.0,Kuzma L.,Lukasz Kuzma,52.0,0.8387,4.1842,4.2071,0.02289999999999992,0.0048768637754943445,1.9229,2.1779,4.1008,1,915.4144,0.5323,0.6135,0.1061,0.1129,-0.0479,0.9069,referee,1,0.01656,0.067908,0.139237,0.190327,0.195123,0.160032,0.109376,0.064075,0.032845,0.014966,0.006137,0.002288,0.000782,0.000345,0.98344,0.01656,1,0.016698,0.915533,0.084467,1,0.088249,0.776296,0.223704,0,1.49743,0.585968,0.414032,0,0.881813,0.390845,0.609155,0,0.495683,0.230814,0.769186,0,0.262422,0.121438,0.878562,0,0.129469,0.057362,0.942638,0,0.059073
2595,2025/26,28,Widzew Łódź,Bruk-Bet Termalica Nieciecza,3.0,3.0,6.0,Stefanski D.,Daniel Stefanski,40.0,0.8,4.1909,4.8782,0.6872999999999996,0.13672928399835138,2.1857,2.5621,4.7478,1,915.4144,0.5323,0.6135,0.1061,0.1129,-0.0479,0.9069,referee,1,0.008671,0.041168,0.097727,0.154663,0.183576,0.174316,0.137936,0.093556,0.055523,0.02929,0.013906,0.006002,0.002375,0.001292,0.991329,0.008671,1,0.008709,0.950162,0.049838,1,0.051123,0.852434,0.147566,1,0.159659,0.697771,0.302229,1,0.359864,0.514195,0.485805,1,0.665152,0.339879,0.660121,1,1.079165,0.201943,0.798057,0,0.225576,0.108388,0.891612,0,0.114724
2596,2025/26,29,Arka Gdynia,Jagiellonia Białystok,2.0,4.0,6.0,Myc W.,Wojciech Myc,46.0,0.8214,4.1876,4.0692,-0.1183999999999994,-0.025582589524655086,1.9124,2.1798,4.0923,1,929.5916,0.5271,0.6054,0.1069,0.1164,-0.0471,0.9282,referee,1,0.016702,0.068347,0.139847,0.190763,0.195162,0.159731,0.108943,0.063689,0.032579,0.014813,0.006062,0.002255,0.000769,0.000339,0.983298,0.016702,1,0.016843,0.914951,0.085049,1,0.088884,0.775105,0.224895,1,0.254757,0.584342,0.415658,1,0.537269,0.38918,0.61082,1,0.943714,0.229449,0.770551,1,1.472073,0.120506,0.879494,0,0.128409,0.056817,0.943183,0,0.058495
2597,2025/26,29,Bruk-Bet Termalica Nieciecza,Wisła Płock,2.0,0.0,2.0,Szczerbowicz M.,Marcin Szczerbowicz,28.0,0.7368,4.1897,4.2078,0.01809999999999956,0.003852093084667496,1.863,2.1523,4.0153,1,929.5916,0.5271,0.6054,0.1069,0.1164,-0.0471,0.9282,referee,1,0.018037,0.072425,0.145404,0.194615,0.195361,0.156888,0.104993,0.060226,0.030228,0.013486,0.005415,0.001977,0.000661,0.000284,0.981963,0.018037,1,0.018202,0.909538,0.090462,1,0.094818,0.764134,0.235866,0,1.44449,0.569518,0.430482,0,0.842851,0.374157,0.625843,0,0.468656,0.21727,0.78273,0,0.244967,0.112277,0.887723,0,0.119095,0.052051,0.947949,0,0.053455
2598,2025/26,29,Legia Warszawa,Zagłębie Lubin,1.0,3.0,4.0,Nagamine K.,Koki Nagamine,2.0,0.1667,4.1817,4.0681,-0.11359999999999992,-0.024563928301611027,1.8832,2.0634,3.9466,1,929.5916,0.5271,0.6054,0.1069,0.1164,-0.0471,0.9282,referee,1,0.01932,0.076248,0.150461,0.197938,0.195297,0.154153,0.101397,0.057168,0.028203,0.012367,0.004881,0.001751,0.000576,0.000241,0.98068,0.01932,1,0.019509,0.904433,0.095567,1,0.100448,0.753972,0.246028,1,0.2824,0.556034,0.443966,1,0.586926,0.360737,0.639263,0,0.44744,0.206585,0.793415,0,0.231408,0.105187,0.894813,0,0.111141,0.048019,0.951981,0,0.04921
2599,2025/26,29,Lechia Gdańsk,Piast Gliwice,1.0,3.0,4.0,Raczkowski P.,Pawel Raczkowski,57.0,0.8507,4.1858,5.2367,1.0508999999999995,0.20234747326330127,2.3153,2.6202,4.9355,1,929.5916,0.5271,0.6054,0.1069,0.1164,-0.0471,0.9282,referee,1,0.007187,0.03547,0.087532,0.144005,0.177685,0.175394,0.144277,0.101726,0.062759,0.034417,0.016986,0.007622,0.003135,0.001806,0.992813,0.007187,1,0.007213,0.957343,0.042657,1,0.043593,0.869812,0.130188,1,0.139479,0.725807,0.274193,1,0.320472,0.548121,0.451879,0,0.794342,0.372727,0.627273,0,0.466374,0.22845,0.77155,0,0.259354,0.126724,0.873276,0,0.135504
2600,2025/26,29,Górnik Zabrze,Korona Kielce,0.0,3.0,3.0,Sylwestrzak D.,Damian Sylwestrzak,55.0,0.8462,4.1848,4.5361,0.35130000000000017,0.07230874766954032,2.1095,2.3365,4.446,1,929.5916,0.5271,0.6054,0.1069,0.1164,-0.0471,0.9282,referee,1,0.011725,0.052131,0.115887,0.171745,0.190894,0.169743,0.12578,0.079888,0.044398,0.021933,0.009751,0.003941,0.00146,0.000722,0.988275,0.011725,1,0.011795,0.936144,0.063856,1,0.065986,0.820257,0.179743,1,0.198138,0.648512,0.351488,0,1.04558,0.457618,0.542382,0,0.611784,0.287874,0.712126,0,0.339501,0.162094,0.837906,0,0.17685,0.082206,0.917794,0,0.085782
2601,2025/26,29,Radomiak Radom,Widzew Łódź,4.0,2.0,6.0,Przybyl J.,Jaroslaw Przybyl,58.0,0.8529,4.1834,4.3652,0.18179999999999996,0.0380834828763692,2.0713,2.3481,4.4194,1,929.5916,0.5271,0.6054,0.1069,0.1164,-0.0471,0.9282,referee,1,0.012041,0.053215,0.117589,0.173226,0.19139,0.169167,0.124604,0.078668,0.043459,0.02134,0.009431,0.003789,0.001395,0.000684,0.987959,0.012041,1,0.012114,0.934744,0.065256,1,0.067482,0.817155,0.182845,1,0.201926,0.643929,0.356071,1,0.440167,0.452539,0.547461,1,0.792882,0.283372,0.716628,1,1.260996,0.158768,0.841232,0,0.172887,0.080099,0.919901,0,0.08349
2602,2025/26,29,Pogoń Szczecin,Lech Poznań,3.0,3.0,6.0,Gryckiewicz P.,Patryk Gryckiewicz,43.0,0.8113,4.1855,4.5256,0.3400999999999996,0.07007221622050364,2.1487,2.3281,4.4768,1,929.5916,0.5271,0.6054,0.1069,0.1164,-0.0471,0.9282,referee,1,0.011369,0.050899,0.113933,0.17002,0.190287,0.170376,0.127124,0.081302,0.045497,0.022631,0.010132,0.004123,0.001538,0.000769,0.988631,0.011369,1,0.011435,0.937731,0.062269,1,0.064292,0.823798,0.176202,1,0.19383,0.653778,0.346222,1,0.424987,0.463491,0.536509,1,0.768968,0.293115,0.706885,1,1.22719,0.165991,0.834009,0,0.181511,0.084689,0.915311,0,0.088492
2603,2025/26,29,GKS Katowice,Motor Lublin,2.0,5.0,7.0,Marciniak T.,Tomasz Marciniak,3.0,0.2308,4.1815,4.2165,0.03500000000000014,0.007448427710964101,2.0349,2.1408,4.1757,1,929.5916,0.5271,0.6054,0.1069,0.1164,-0.0471,0.9282,referee,1,0.015364,0.064156,0.133948,0.186444,0.194635,0.162549,0.113127,0.067484,0.035224,0.016343,0.006824,0.002591,0.000901,0.000408,0.984636,0.015364,1,0.015483,0.920481,0.079519,1,0.082859,0.786532,0.213468,1,0.240121,0.600088,0.399912,1,0.510679,0.405453,0.594547,1,0.902751,0.242904,0.757096,1,1.415091,0.129776,0.870224,1,2.041942,0.062292,0.937708,0,0.064317
2604,2025/26,29,Raków Częstochowa,Cracovia,1.0,2.0,3.0,Marciniak S.,Szymon Marciniak,67.0,0.8701,4.1871,3.9464,-0.24069999999999991,-0.05271927431599743,1.7552,2.131,3.8862,1,929.5916,0.5271,0.6054,0.1069,0.1164,-0.0471,0.9282,referee,1,0.020523,0.079758,0.154977,0.200757,0.195045,0.151596,0.098188,0.054511,0.02648,0.011434,0.004443,0.00157,0.000508,0.000208,0.979477,0.020523,1,0.020737,0.899718,0.100282,1,0.105673,0.744741,0.255259,1,0.294719,0.543984,0.456016,0,0.785228,0.34894,0.65106,0,0.429153,0.197344,0.802656,0,0.219829,0.099155,0.900845,0,0.104423,0.044644,0.955356,0,0.045672
2605,2025/26,30,Wisła Płock,Radomiak Radom,3.0,2.0,5.0,Stefanski D.,Daniel Stefanski,41.0,0.8039,4.1936,4.9007,0.7070999999999996,0.14032869616915078,2.2535,2.4602,4.7137,1,936.4763,0.5187,0.6003,0.1132,0.1143,-0.0433,0.9241,referee,1,0.008971,0.042288,0.099667,0.156601,0.184544,0.173979,0.136682,0.09204,0.054232,0.028404,0.013389,0.005737,0.002254,0.001213,0.991029,0.008971,1,0.009012,0.948741,0.051259,1,0.052619,0.849075,0.150925,1,0.163608,0.692474,0.307526,1,0.367485,0.507929,0.492071,1,0.677413,0.333951,0.666049,0,0.406392,0.197269,0.802731,0,0.219736,0.105229,0.894771,0,0.111187
2606,2025/26,30,Lechia Gdańsk,Raków Częstochowa,2.0,2.0,4.0,Nagamine K.,Koki Nagamine,3.0,0.2308,4.1931,4.0716,-0.12150000000000016,-0.026230091875513173,1.9714,2.122,4.0934,1,936.4763,0.5187,0.6003,0.1132,0.1143,-0.0433,0.9241,referee,1,0.016683,0.068289,0.139766,0.190705,0.195157,0.15977,0.109,0.06374,0.032614,0.014833,0.006072,0.00226,0.000771,0.000339,0.983317,0.016683,1,0.016824,0.915028,0.084972,1,0.0888,0.775262,0.224738,1,0.254554,0.584557,0.415443,1,0.536902,0.389399,0.610601,0,0.493312,0.229629,0.770371,0,0.260883,0.120629,0.879371,0,0.128548,0.056889,0.943111,0,0.058571
2607,2025/26,30,Zagłębie Lubin,Bruk-Bet Termalica Nieciecza,6.0,2.0,8.0,Kos D.,Damian Kos,43.0,0.8113,4.1856,4.7143,0.5286999999999997,0.10691087546197142,2.0854,2.5127,4.5981,1,936.4763,0.5187,0.6003,0.1132,0.1143,-0.0433,0.9241,referee,1,0.010071,0.046306,0.106461,0.163174,0.187574,0.172497,0.132194,0.086835,0.04991,0.025499,0.011725,0.004901,0.001878,0.000975,0.989929,0.010071,1,0.010122,0.943623,0.056377,1,0.058029,0.837162,0.162838,1,0.177738,0.673987,0.326013,1,0.394544,0.486414,0.513586,1,0.720695,0.313916,0.686084,1,1.158628,0.181722,0.818278,1,1.705275,0.094888,0.905112,1,2.355063
2608,2025/26,30,Korona Kielce,GKS Katowice,2.0,0.0,2.0,Frankowski B.,Bartosz Frankowski,45.0,0.8182,4.1929,4.2351,0.04220000000000024,0.008952117485516053,1.9458,2.0592,4.005,1,936.4763,0.5187,0.6003,0.1132,0.1143,-0.0433,0.9241,referee,1,0.018225,0.07299,0.146161,0.195124,0.195366,0.156487,0.104455,0.059763,0.029918,0.013314,0.005332,0.001941,0.000648,0.000277,0.981775,0.018225,1,0.018393,0.908785,0.091215,1,0.095646,0.762624,0.237376,0,1.438112,0.567501,0.432499,0,0.838175,0.372135,0.627865,0,0.465429,0.215647,0.784353,0,0.242896,0.111193,0.888807,0,0.117875,0.05143,0.94857,0,0.0528
2609,2025/26,30,Cracovia,Pogoń Szczecin,3.0,4.0,7.0,Sylwestrzak D.,Damian Sylwestrzak,56.0,0.8485,4.1904,4.5137,0.3232999999999997,0.06665629880911306,1.9977,2.2214,4.219,1,936.4763,0.5187,0.6003,0.1132,0.1143,-0.0433,0.9241,referee,1,0.014713,0.062073,0.130945,0.184155,0.194239,0.163901,0.115251,0.069464,0.036634,0.017173,0.007246,0.002779,0.000977,0.000449,0.985287,0.014713,1,0.014822,0.923214,0.076786,1,0.079894,0.792268,0.207732,1,0.232855,0.608114,0.391886,1,0.497394,0.413874,0.586126,1,0.882193,0.249973,0.750027,1,1.386402,0.134722,0.865278,1,2.004541,0.065258,0.934742,0,0.067485
2610,2025/26,30,Lech Poznań,Legia Warszawa,0.0,1.0,1.0,Lasyk P.,Piotr Lasyk,67.0,0.8701,4.1945,3.7525,-0.4419999999999997,-0.09888456542858526,1.7118,2.0042,3.716,1,936.4763,0.5187,0.6003,0.1132,0.1143,-0.0433,0.9241,referee,1,0.024331,0.090415,0.16799,0.208084,0.193309,0.143667,0.088978,0.047234,0.02194,0.009059,0.003366,0.001137,0.000352,0.000136,0.975669,0.024331,1,0.024632,0.885254,0.114746,0,2.165035,0.717264,0.282736,0,1.263241,0.50918,0.49082,0,0.711678,0.315871,0.684129,0,0.379608,0.172203,0.827797,0,0.188988,0.083225,0.916775,0,0.086894,0.035991,0.964009,0,0.036655
2611,2025/26,30,Jagiellonia Białystok,Górnik Zabrze,4.0,3.0,7.0,Kwiatkowski T.,Tomasz Kwiatkowski,50.0,0.8333,4.1899,4.065,-0.12489999999999934,-0.026992746222319175,2.0309,2.0493,4.0802,1,936.4763,0.5187,0.6003,0.1132,0.1143,-0.0433,0.9241,referee,1,0.016904,0.068972,0.14071,0.191375,0.195212,0.159301,0.10833,0.063144,0.032205,0.0146,0.005957,0.00221,0.000751,0.000329,0.983096,0.016904,1,0.017049,0.914124,0.085876,1,0.089789,0.773414,0.226586,1,0.256941,0.582039,0.417961,1,0.541217,0.386827,0.613173,1,0.949777,0.227527,0.772473,1,1.480488,0.119197,0.880803,1,2.126979,0.056053,0.943947,0,0.057685
2612,2025/26,30,Piast Gliwice,Arka Gdynia,2.0,2.0,4.0,Marciniak S.,Szymon Marciniak,68.0,0.8718,4.1896,3.9346,-0.25500000000000034,-0.05590987093773214,1.8699,2.0867,3.9566,1,936.4763,0.5187,0.6003,0.1132,0.1143,-0.0433,0.9241,referee,1,0.019128,0.075683,0.149723,0.197464,0.19532,0.15456,0.101921,0.057609,0.028492,0.012525,0.004956,0.001783,0.000588,0.000247,0.980872,0.019128,1,0.019314,0.905188,0.094812,1,0.099612,0.755465,0.244535,1,0.280422,0.558001,0.441999,1,0.583395,0.36268,0.63732,0,0.450484,0.20812,0.79188,0,0.233346,0.106199,0.893801,0,0.112272,0.04859,0.95141,0,0.04981
2613,2025/26,30,Widzew Łódź,Motor Lublin,2.0,1.0,3.0,Kuzma L.,Lukasz Kuzma,53.0,0.8413,4.1909,4.1732,-0.017700000000000493,-0.00378039984191636,2.074,2.2468,4.3208,1,936.4763,0.5187,0.6003,0.1132,0.1143,-0.0433,0.9241,referee,1,0.013289,0.057419,0.124049,0.178665,0.192995,0.166779,0.120104,0.074135,0.040041,0.019223,0.008306,0.003263,0.001175,0.000558,0.986711,0.013289,1,0.013378,0.929292,0.070708,1,0.073332,0.805243,0.194757,1,0.216612,0.626578,0.373422,0,0.985046,0.433583,0.566417,0,0.568425,0.266804,0.733196,0,0.310343,0.146701,0.853299,0,0.158645,0.072565,0.927435,0,0.075333
2614,2025/26,31,Arka Gdynia,Górnik Zabrze,0.0,2.0,2.0,Szczerbowicz M.,Marcin Szczerbowicz,29.0,0.7436,4.1748,4.1474,-0.02740000000000009,-0.005878457639489687,2.04,2.1856,4.2256,1,943.5295,0.526,0.6027,0.1147,0.1115,-0.0464,0.9506,referee,1,0.014617,0.061765,0.130496,0.183807,0.194173,0.164098,0.115568,0.069763,0.036849,0.017301,0.007311,0.002808,0.000989,0.000455,0.985383,0.014617,1,0.014725,0.923618,0.076382,1,0.079457,0.793122,0.206878,0,1.575625,0.609315,0.390685,0,0.939852,0.415142,0.584858,0,0.536386,0.251044,0.748956,0,0.289075,0.135475,0.864525,0,0.145576,0.065712,0.934288,0,0.067971
2615,2025/26,31,Legia Warszawa,Widzew Łódź,4.0,2.0,6.0,Myc W.,Wojciech Myc,47.0,0.8246,4.1893,4.1034,-0.08590000000000053,-0.018488156679941525,2.0056,2.1935,4.1991,1,943.5295,0.526,0.6027,0.1147,0.1115,-0.0464,0.9506,referee,1,0.015009,0.063025,0.132324,0.185213,0.194432,0.163288,0.114277,0.068551,0.035982,0.016788,0.007049,0.002691,0.000942,0.00043,0.984991,0.015009,1,0.015123,0.921966,0.078034,1,0.081247,0.789642,0.210358,1,0.236176,0.604429,0.395571,1,0.503472,0.409997,0.590003,1,0.891607,0.246709,0.753291,1,1.399546,0.132432,0.867568,0,0.142062,0.063881,0.936119,0,0.066013
2616,2025/26,31,Motor Lublin,Lech Poznań,0.0,0.0,0.0,Arys K.,Karol Arys,55.0,0.8462,4.1889,3.2291,-0.9598000000000004,-0.22903109569309077,1.5672,1.8059,3.373,1,943.5295,0.526,0.6027,0.1147,0.1115,-0.0464,0.9506,referee,1,0.034285,0.115645,0.195038,0.219291,0.184919,0.124748,0.07013,0.033793,0.014248,0.00534,0.001801,0.000552,0.000155,5.3e-05,0.965715,0.034285,0,3.373047,0.85007,0.14993,0,1.897587,0.655032,0.344968,0,1.064304,0.435741,0.564259,0,0.572242,0.250822,0.749178,0,0.288778,0.126073,0.873927,0,0.134759,0.055943,0.944057,0,0.057569,0.02215,0.97785,0,0.022399
2617,2025/26,31,Zagłębie Lubin,Cracovia,2.0,2.0,4.0,Kwiatkowski T.,Tomasz Kwiatkowski,51.0,0.8361,4.1842,4.1122,-0.07200000000000006,-0.015490176771159048,1.8877,2.2787,4.1664,1,943.5295,0.526,0.6027,0.1147,0.1115,-0.0464,0.9506,referee,1,0.015508,0.064612,0.1346,0.186933,0.19471,0.162248,0.112665,0.067058,0.034924,0.016168,0.006736,0.002551,0.000886,0.0004,0.984492,0.015508,1,0.015629,0.91988,0.08012,1,0.083512,0.78528,0.21472,1,0.241715,0.598347,0.401653,1,0.513585,0.403637,0.596363,0,0.516905,0.241389,0.758611,0,0.276266,0.128723,0.871277,0,0.137796,0.061665,0.938335,0,0.063648
2618,2025/26,31,Radomiak Radom,Lechia Gdańsk,1.0,2.0,3.0,Marciniak S.,Szymon Marciniak,69.0,0.8734,4.1791,3.9341,-0.2450000000000001,-0.053781119804398925,1.8859,2.1629,4.0488,1,943.5295,0.526,0.6027,0.1147,0.1115,-0.0464,0.9506,referee,1,0.017444,0.070626,0.142974,0.192956,0.195309,0.158153,0.106721,0.061727,0.03124,0.014054,0.00569,0.002094,0.000707,0.000307,0.982556,0.017444,1,0.017598,0.911931,0.088069,1,0.092191,0.768957,0.231043,1,0.26272,0.576001,0.423999,0,0.858024,0.380692,0.619308,0,0.479152,0.222539,0.777461,0,0.251722,0.115818,0.884182,0,0.123092,0.054091,0.945909,0,0.055609
2619,2025/26,31,Pogoń Szczecin,Wisła Płock,1.0,2.0,3.0,Raczkowski P.,Pawel Raczkowski,58.0,0.8529,4.184,5.2182,1.0342000000000002,0.1995016248177368,2.3779,2.5121,4.89,1,943.5295,0.526,0.6027,0.1147,0.1115,-0.0464,0.9506,referee,1,0.007521,0.03678,0.089926,0.14658,0.179194,0.175252,0.142831,0.099778,0.060989,0.033138,0.016204,0.007204,0.002935,0.001668,0.992479,0.007521,1,0.00755,0.955699,0.044301,1,0.045312,0.865773,0.134227,1,0.144133,0.719193,0.280807,0,1.270088,0.539999,0.460001,0,0.776526,0.364747,0.635253,0,0.453731,0.221916,0.778084,0,0.25092,0.122138,0.877862,0,0.130266
2620,2025/26,31,Korona Kielce,Piast Gliwice,2.0,0.0,2.0,Gryckiewicz P.,Patryk Gryckiewicz,44.0,0.8148,4.1914,4.554,0.3626000000000005,0.07444896358961639,1.9604,2.1584,4.1188,1,943.5295,0.526,0.6027,0.1147,0.1115,-0.0464,0.9506,referee,1,0.016265,0.066991,0.137959,0.189406,0.195029,0.160656,0.110284,0.06489,0.033408,0.015289,0.006297,0.002358,0.000809,0.000359,0.983735,0.016265,1,0.016398,0.916745,0.083255,1,0.086926,0.778786,0.221214,0,1.508624,0.58938,0.41062,0,0.890086,0.39435,0.60565,0,0.501454,0.233695,0.766305,0,0.266175,0.123411,0.876589,0,0.131717,0.058521,0.941479,0,0.060303
2621,2025/26,31,GKS Katowice,Bruk-Bet Termalica Nieciecza,0.0,1.0,1.0,Malec P.,Pawel Malec,33.0,0.7674,4.1826,3.9727,-0.20989999999999975,-0.04586125810092945,1.9192,2.0862,4.0054,1,943.5295,0.526,0.6027,0.1147,0.1115,-0.0464,0.9506,referee,1,0.018217,0.072965,0.146128,0.195102,0.195366,0.156505,0.104478,0.059782,0.029932,0.013321,0.005336,0.001943,0.000648,0.000277,0.981783,0.018217,1,0.018385,0.908818,0.091182,0,2.394897,0.762689,0.237311,0,1.438386,0.567588,0.432412,0,0.838376,0.372222,0.627778,0,0.465568,0.215717,0.784283,0,0.242985,0.111239,0.888761,0,0.117927,0.051457,0.948543,0,0.052828
2622,2025/26,31,Raków Częstochowa,Jagiellonia Białystok,1.0,4.0,5.0,Marciniak S.,Szymon Marciniak,71.0,0.8765,4.1724,3.8855,-0.2868999999999997,-0.06336921389010453,1.7793,2.0876,3.8668,1,943.5295,0.526,0.6027,0.1147,0.1115,-0.0464,0.9506,referee,1,0.020924,0.080911,0.156436,0.201637,0.194924,0.150748,0.097153,0.053668,0.025941,0.011145,0.00431,0.001515,0.000488,0.000199,0.979076,0.020924,1,0.021146,0.898164,0.101836,1,0.107402,0.741729,0.258271,1,0.298772,0.540092,0.459908,1,0.616016,0.345167,0.654833,1,1.063726,0.194419,0.805581,0,0.216192,0.097266,0.902734,0,0.102327,0.043598,0.956402,0,0.044577
2623,2025/26,32,Wisła Płock,Motor Lublin,2.0,2.0,4.0,Raczkowski P.,Pawel Raczkowski,59.0,0.8551,4.1723,5.1844,1.0121000000000002,0.19607412494239962,2.3937,2.6184,5.0121,1,961.0719,0.5165,0.5941,0.1137,0.119,-0.0466,0.9666,referee,1,0.006657,0.033365,0.083615,0.139696,0.175042,0.175465,0.146574,0.104949,0.065752,0.036617,0.018353,0.008362,0.003493,0.002059,0.993343,0.006657,1,0.006679,0.959977,0.040023,1,0.040845,0.876362,0.123638,1,0.131976,0.736666,0.263334,1,0.30562,0.561624,0.438376,0,0.824679,0.386159,0.613841,0,0.48802,0.239585,0.760415,0,0.273891,0.134636,0.865364,0,0.144605
2624,2025/26,32,Bruk-Bet Termalica Nieciecza,Legia Warszawa,2.0,1.0,3.0,Arys K.,Karol Arys,56.0,0.8485,4.1721,3.1776,-0.9945000000000004,-0.23934828389656904,1.5056,1.7316,3.2372,1,961.0719,0.5165,0.5941,0.1137,0.119,-0.0466,0.9666,referee,1,0.039275,0.127141,0.205787,0.222055,0.179707,0.116348,0.062773,0.029029,0.011747,0.004225,0.001368,0.000403,0.000109,3.5e-05,0.960725,0.039275,1,0.040067,0.833584,0.166416,1,0.182021,0.627797,0.372203,1,0.465538,0.405742,0.594258,0,0.520442,0.226035,0.773965,0,0.256229,0.109687,0.890313,0,0.116183,0.046915,0.953085,0,0.048051,0.017885,0.982115,0,0.018047
2625,2025/26,32,Górnik Zabrze,Zagłębie Lubin,0.0,1.0,1.0,Marciniak S.,Szymon Marciniak,70.0,0.875,4.1773,3.9222,-0.25509999999999966,-0.05608371055256001,1.7203,2.0271,3.7474,1,961.0719,0.5165,0.5941,0.1137,0.119,-0.0466,0.9666,referee,1,0.023578,0.088359,0.165558,0.206805,0.193747,0.14521,0.090694,0.048553,0.022743,0.00947,0.003549,0.001209,0.000378,0.000147,0.976422,0.023578,1,0.023861,0.888063,0.111937,0,2.189819,0.722505,0.277495,0,1.281952,0.515699,0.484301,0,0.725049,0.321953,0.678047,0,0.388538,0.176742,0.823258,0,0.194486,0.086049,0.913951,0,0.089978,0.037496,0.962504,0,0.038217
2626,2025/26,32,Cracovia,Radomiak Radom,5.0,4.0,9.0,Stefanski D.,Daniel Stefanski,42.0,0.8077,4.1695,4.898,0.7284999999999995,0.14497651502817743,2.3563,2.5406,4.8969,1,961.0719,0.5165,0.5941,0.1137,0.119,-0.0466,0.9666,referee,1,0.007469,0.036577,0.089559,0.146188,0.178968,0.175279,0.143055,0.100076,0.061258,0.033331,0.016322,0.007266,0.002965,0.001688,0.992531,0.007469,1,0.007498,0.955953,0.044047,1,0.045046,0.866394,0.133606,1,0.143415,0.720207,0.279793,1,0.328217,0.541239,0.458761,1,0.613895,0.36596,0.63404,1,1.005231,0.222905,0.777095,1,1.501007,0.12283,0.87717,1,2.096954
2627,2025/26,32,Lech Poznań,Arka Gdynia,1.0,4.0,5.0,Frankowski B.,Bartosz Frankowski,46.0,0.8214,4.1777,4.1925,0.014800000000000146,0.003158953343026738,1.913,2.1802,4.0932,1,961.0719,0.5165,0.5941,0.1137,0.119,-0.0466,0.9666,referee,1,0.016686,0.0683,0.139782,0.190717,0.195158,0.159763,0.108989,0.06373,0.032607,0.01483,0.00607,0.002259,0.00077,0.000339,0.983314,0.016686,1,0.016827,0.915013,0.084987,1,0.088817,0.775231,0.224769,1,0.254594,0.584515,0.415485,1,0.536973,0.389357,0.610643,1,0.943259,0.229594,0.770406,0,0.260838,0.120605,0.879395,0,0.128521,0.056875,0.943125,0,0.058556
2628,2025/26,32,Raków Częstochowa,Korona Kielce,1.0,2.0,3.0,Kuzma L.,Lukasz Kuzma,54.0,0.8438,4.1787,4.1529,-0.025800000000000267,-0.005529612443672338,1.9063,2.1712,4.0775,1,961.0719,0.5165,0.5941,0.1137,0.119,-0.0466,0.9666,referee,1,0.01695,0.069112,0.140903,0.191511,0.195222,0.159204,0.108193,0.063023,0.032122,0.014553,0.005934,0.0022,0.000747,0.000327,0.98305,0.01695,1,0.017095,0.913938,0.086062,1,0.089992,0.773036,0.226964,1,0.25743,0.581525,0.418475,0,0.871138,0.386303,0.613697,0,0.488254,0.227099,0.772901,0,0.257604,0.118906,0.881094,0,0.126591,0.055883,0.944117,0,0.057506
2629,2025/26,32,Jagiellonia Białystok,Pogoń Szczecin,1.0,0.0,1.0,Myc W.,Wojciech Myc,48.0,0.8276,4.1738,4.1334,-0.04039999999999999,-0.008681505445337523,1.9172,2.1652,4.0824,1,961.0719,0.5165,0.5941,0.1137,0.119,-0.0466,0.9666,referee,1,0.016867,0.068857,0.140551,0.191263,0.195203,0.15938,0.108442,0.063244,0.032273,0.014639,0.005976,0.002218,0.000755,0.000331,0.983133,0.016867,1,0.017011,0.914276,0.085724,0,2.456625,0.773725,0.226275,0,1.486004,0.582462,0.417538,0,0.87338,0.387259,0.612741,0,0.489813,0.227879,0.772121,0,0.258614,0.119436,0.880564,0,0.127193,0.056193,0.943807,0,0.057833
2630,2025/26,32,Piast Gliwice,GKS Katowice,2.0,1.0,3.0,Sylwestrzak D.,Damian Sylwestrzak,57.0,0.8507,4.1708,4.5479,0.37710000000000043,0.0776419519975986,2.1673,2.3302,4.4975,1,961.0719,0.5165,0.5941,0.1137,0.119,-0.0466,0.9666,referee,1,0.011137,0.050087,0.112634,0.168858,0.18986,0.17078,0.128014,0.082249,0.04624,0.023107,0.010392,0.004249,0.001593,0.000801,0.988863,0.011137,1,0.011199,0.938776,0.061224,1,0.063178,0.826142,0.173858,1,0.190988,0.657285,0.342715,0,1.070855,0.467425,0.532575,0,0.630031,0.296645,0.703355,0,0.351893,0.168631,0.831369,0,0.184681,0.086382,0.913618,0,0.090342
2631,2025/26,32,Widzew Łódź,Lechia Gdańsk,4.0,2.0,6.0,Przybyl J.,Jaroslaw Przybyl,59.0,0.8551,4.1702,4.387,0.21679999999999922,0.045376720971779694,2.1334,2.3475,4.4809,1,961.0719,0.5165,0.5941,0.1137,0.119,-0.0466,0.9666,referee,1,0.011323,0.050738,0.113676,0.169791,0.190204,0.170457,0.1273,0.081488,0.045643,0.022724,0.010183,0.004148,0.001549,0.000775,0.988677,0.011323,1,0.011388,0.937939,0.062061,1,0.064071,0.824262,0.175738,1,0.193267,0.654471,0.345529,1,0.423928,0.464267,0.535733,1,0.767295,0.29381,0.70619,1,1.224822,0.16651,0.83349,0,0.182133,0.085021,0.914979,0,0.088855
2632,2025/26,33,Arka Gdynia,Bruk-Bet Termalica Nieciecza,1.0,4.0,5.0,Kuzma L.,Lukasz Kuzma,55.0,0.8462,4.185,4.1362,-0.048799999999999955,-0.010470850504929352,1.927,2.1805,4.1075,1,971.6581,0.5045,0.5792,0.1292,0.1195,-0.0492,0.9902,referee,1,0.016449,0.067564,0.13876,0.189985,0.19509,0.160266,0.109715,0.064379,0.033054,0.015086,0.006196,0.002314,0.000792,0.00035,0.983551,0.016449,1,0.016586,0.915987,0.084013,1,0.087753,0.777227,0.222773,1,0.252023,0.587242,0.412758,1,0.532318,0.392153,0.607847,1,0.936104,0.231887,0.768113,0,0.263818,0.122172,0.877828,0,0.130304,0.057793,0.942207,0,0.05953
2633,2025/26,33,Wisła Płock,Górnik Zabrze,3.0,1.0,4.0,Myc W.,Wojciech Myc,49.0,0.8305,4.1752,4.0805,-0.09470000000000045,-0.020463780101116935,1.9649,2.0536,4.0184,1,971.6581,0.5045,0.5792,0.1292,0.1195,-0.0492,0.9902,referee,1,0.017981,0.072256,0.145177,0.194462,0.195359,0.157007,0.105154,0.060365,0.030322,0.013538,0.00544,0.001987,0.000666,0.000286,0.982019,0.017981,1,0.018145,0.909763,0.090237,1,0.094571,0.764586,0.235414,1,0.26842,0.570124,0.429876,1,0.561901,0.374766,0.625234,0,0.469629,0.217758,0.782242,0,0.245591,0.112604,0.887396,0,0.119464,0.052239,0.947761,0,0.053653
2634,2025/26,33,Lechia Gdańsk,Legia Warszawa,4.0,3.0,7.0,Sylwestrzak D.,Damian Sylwestrzak,58.0,0.8529,4.179,4.5263,0.3472999999999997,0.07159971506997431,2.1067,2.3118,4.4185,1,971.6581,0.5045,0.5792,0.1292,0.1195,-0.0492,0.9902,referee,1,0.012053,0.053255,0.117652,0.17328,0.191408,0.169146,0.124561,0.078624,0.043424,0.021319,0.00942,0.003784,0.001393,0.000683,0.987947,0.012053,1,0.012126,0.934693,0.065307,1,0.067538,0.817041,0.182959,1,0.202067,0.64376,0.35624,1,0.440429,0.452353,0.547647,1,0.793293,0.283207,0.716793,1,1.261577,0.158646,0.841354,1,1.841077,0.080023,0.919977,0,0.083406
2635,2025/26,33,Motor Lublin,Cracovia,2.0,5.0,7.0,Marciniak S.,Szymon Marciniak,72.0,0.878,4.175,3.8994,-0.27559999999999985,-0.06076099475116448,1.7276,2.0347,3.7623,1,971.6581,0.5045,0.5792,0.1292,0.1195,-0.0492,0.9902,referee,1,0.023231,0.087401,0.164413,0.206189,0.193935,0.145927,0.091503,0.04918,0.023128,0.009668,0.003637,0.001244,0.00039,0.000153,0.976769,0.023231,1,0.023505,0.889368,0.110632,1,0.117244,0.724954,0.275046,1,0.321646,0.518765,0.481235,1,0.656304,0.324831,0.675169,1,1.124451,0.178904,0.821096,1,1.720907,0.087401,0.912599,1,2.437247,0.038222,0.961778,0,0.038971
2636,2025/26,33,Zagłębie Lubin,Pogoń Szczecin,1.0,3.0,4.0,Malec P.,Pawel Malec,34.0,0.7727,4.1733,3.903,-0.2703000000000002,-0.05957933347166211,1.8141,2.1415,3.9556,1,971.6581,0.5045,0.5792,0.1292,0.1195,-0.0492,0.9902,referee,1,0.019148,0.075741,0.149798,0.197512,0.195318,0.154519,0.101868,0.057564,0.028462,0.012509,0.004948,0.001779,0.000587,0.000246,0.980852,0.019148,1,0.019334,0.905112,0.094888,1,0.099697,0.755313,0.244687,1,0.280623,0.557801,0.442199,1,0.583753,0.362483,0.637517,0,0.450174,0.207964,0.792036,0,0.233148,0.106096,0.893904,0,0.112157,0.048532,0.951468,0,0.049749
2637,2025/26,33,Radomiak Radom,Lech Poznań,2.0,3.0,5.0,Arys K.,Karol Arys,57.0,0.8507,4.1781,3.1758,-1.0022999999999995,-0.24112124854096395,1.5523,1.7813,3.3337,1,971.6581,0.5045,0.5792,0.1292,0.1195,-0.0492,0.9902,referee,1,0.035662,0.118884,0.198161,0.220202,0.183521,0.12236,0.067985,0.032377,0.013492,0.004998,0.001666,0.000505,0.00014,4.7e-05,0.964338,0.035662,1,0.036313,0.845454,0.154546,1,0.167882,0.647293,0.352707,1,0.434957,0.42709,0.57291,1,0.85076,0.243569,0.756431,1,1.412353,0.121209,0.878791,0,0.129209,0.053225,0.946775,0,0.054693,0.020847,0.979153,0,0.021068
2638,2025/26,33,Korona Kielce,Widzew Łódź,3.0,3.0,6.0,Kwiatkowski T.,Tomasz Kwiatkowski,52.0,0.8387,4.1731,4.1086,-0.06449999999999978,-0.013898539767978502,1.9587,1.9447,3.9034,1,971.6581,0.5045,0.5792,0.1292,0.1195,-0.0492,0.9902,referee,1,0.020174,0.078745,0.153686,0.199965,0.195135,0.152338,0.099105,0.055264,0.026964,0.011695,0.004565,0.00162,0.000527,0.000217,0.979826,0.020174,1,0.02038,0.901081,0.098919,1,0.10416,0.747395,0.252605,1,0.291161,0.54743,0.45257,1,0.60252,0.352295,0.647705,1,1.043286,0.199957,0.800043,1,1.609651,0.100852,0.899148,0,0.106308,0.045588,0.954412,0,0.04666
2639,2025/26,33,GKS Katowice,Jagiellonia Białystok,3.0,1.0,4.0,Raczkowski P.,Pawel Raczkowski,60.0,0.8571,4.1821,5.1689,0.9867999999999997,0.19124836815672452,2.4173,2.6514,5.0687,1,971.6581,0.5045,0.5792,0.1292,0.1195,-0.0492,0.9902,referee,1,0.006291,0.031886,0.08081,0.136533,0.17301,0.175386,0.148162,0.107283,0.067973,0.038281,0.019404,0.008941,0.003777,0.002265,0.993709,0.006291,1,0.006311,0.961823,0.038177,1,0.038925,0.881013,0.118987,1,0.126683,0.74448,0.25552,1,0.295069,0.571471,0.428529,0,0.847396,0.396085,0.603915,0,0.504322,0.247923,0.752077,0,0.284917,0.14064,0.85936,0,0.151567
2640,2025/26,33,Piast Gliwice,Raków Częstochowa,6.0,1.0,7.0,Stefanski D.,Daniel Stefanski,43.0,0.8113,4.1819,4.9777,0.7957999999999998,0.15698129438188335,2.3455,2.4941,4.8396,1,971.6581,0.5045,0.5792,0.1292,0.1195,-0.0492,0.9902,referee,1,0.00791,0.038281,0.092633,0.149437,0.180806,0.175007,0.141162,0.097596,0.059042,0.031749,0.015365,0.00676,0.002726,0.001526,0.99209,0.00791,1,0.007941,0.953809,0.046191,1,0.047291,0.861176,0.138824,1,0.149456,0.71174,0.28826,1,0.340043,0.530934,0.469066,1,0.633118,0.355927,0.644073,1,1.03303,0.214765,0.785235,1,1.538212,0.117168,0.882832,0,0.124621
2641,2025/26,34,Bruk-Bet Termalica Nieciecza,Lechia Gdańsk,3.0,4.0,7.0,Gryckiewicz P.,Patryk Gryckiewicz,45.0,0.8182,4.1859,4.5065,0.3205999999999998,0.06617906847000632,2.0729,2.2636,4.3365,1,973.2264,0.5059,0.5784,0.1327,0.1202,-0.0503,0.9755,referee,1,0.013083,0.056732,0.123009,0.177809,0.192765,0.167184,0.120832,0.074855,0.040576,0.019551,0.008478,0.003342,0.001208,0.000577,0.986917,0.013083,1,0.013169,0.930185,0.069815,1,0.072372,0.807176,0.192824,1,0.214214,0.629367,0.370633,1,0.46304,0.436602,0.563398,1,0.828734,0.269417,0.730583,1,1.311494,0.148586,0.851414,1,1.906594,0.073731,0.926269,0,0.076591
2642,2025/26,34,Legia Warszawa,Motor Lublin,1.0,2.0,3.0,Przybyl J.,Jaroslaw Przybyl,60.0,0.8571,4.189,4.4127,0.2237,0.04660434872739372,2.0897,2.3122,4.4019,1,973.2264,0.5059,0.5784,0.1327,0.1202,-0.0503,0.9755,referee,1,0.012254,0.053941,0.118722,0.174201,0.191703,0.168771,0.123819,0.077862,0.042843,0.020954,0.009224,0.003691,0.001354,0.00066,0.987746,0.012254,1,0.01233,0.933804,0.066196,1,0.068488,0.815082,0.184918,1,0.204466,0.640882,0.359118,0,1.024104,0.449179,0.550821,0,0.596345,0.280408,0.719592,0,0.32907,0.156589,0.843411,0,0.170301,0.078726,0.921274,0,0.081998
2643,2025/26,34,Górnik Zabrze,Radomiak Radom,0.0,5.0,5.0,Marciniak S.,Szymon Marciniak,73.0,0.8795,4.1877,3.9383,-0.2494000000000005,-0.05467063681011575,1.8306,2.1007,3.9313,1,973.2264,0.5059,0.5784,0.1327,0.1202,-0.0503,0.9755,referee,1,0.019619,0.077127,0.151603,0.198664,0.19525,0.153516,0.100585,0.05649,0.02776,0.012126,0.004767,0.001704,0.000558,0.000233,0.980381,0.019619,1,0.019814,0.903255,0.096745,1,0.101751,0.751652,0.248348,1,0.285482,0.552988,0.447012,1,0.592419,0.357738,0.642262,1,1.027955,0.204222,0.795778,0,0.228434,0.103636,0.896364,0,0.109409,0.047146,0.952854,0,0.048294
2644,2025/26,34,Pogoń Szczecin,GKS Katowice,2.0,2.0,4.0,Sylwestrzak D.,Damian Sylwestrzak,59.0,0.8551,4.1886,4.5636,0.375,0.07694366234725569,2.2033,2.3009,4.5042,1,973.2264,0.5059,0.5784,0.1327,0.1202,-0.0503,0.9755,referee,1,0.011062,0.049826,0.112214,0.16848,0.189718,0.170907,0.128301,0.082557,0.046482,0.023263,0.010478,0.004291,0.00161,0.000812,0.988938,0.011062,1,0.011124,0.939112,0.060888,1,0.062821,0.826897,0.173103,1,0.190075,0.658417,0.341583,1,0.417916,0.468699,0.531301,0,0.632427,0.297792,0.702208,0,0.353526,0.169492,0.830508,0,0.185717,0.086935,0.913065,0,0.090948
2645,2025/26,34,Cracovia,Korona Kielce,0.0,0.0,0.0,Frankowski B.,Bartosz Frankowski,47.0,0.8246,4.1884,4.2085,0.02010000000000023,0.004278013101092881,2.0393,2.2176,4.2569,1,973.2264,0.5059,0.5784,0.1327,0.1202,-0.0503,0.9755,referee,1,0.014166,0.060302,0.128351,0.182128,0.193827,0.165022,0.117081,0.071201,0.037887,0.017921,0.007629,0.002952,0.001047,0.000487,0.985834,0.014166,0,4.256942,0.925532,0.074468,0,2.597392,0.797182,0.202818,0,1.595444,0.615054,0.384946,0,0.954652,0.421227,0.578773,0,0.546846,0.256206,0.743794,0,0.295991,0.139124,0.860876,0,0.149805,0.067923,0.932077,0,0.07034
2646,2025/26,34,Lech Poznań,Wisła Płock,1.0,2.0,3.0,Szczerbowicz M.,Marcin Szczerbowicz,30.0,0.75,4.1838,4.096,-0.08779999999999966,-0.018923386289103394,1.7728,2.046,3.8188,1,973.2264,0.5059,0.5784,0.1327,0.1202,-0.0503,0.9755,referee,1,0.021955,0.083841,0.160084,0.203774,0.194541,0.148581,0.094566,0.051589,0.024626,0.010449,0.00399,0.001385,0.000441,0.000177,0.978045,0.021955,1,0.0222,0.894204,0.105796,1,0.111821,0.73412,0.26588,1,0.309083,0.530345,0.469655,0,0.755757,0.335804,0.664196,0,0.409178,0.187223,0.812777,0,0.207298,0.092657,0.907343,0,0.097234,0.041068,0.958932,0,0.041935
2647,2025/26,34,Raków Częstochowa,Arka Gdynia,1.0,2.0,3.0,Stefanski D.,Daniel Stefanski,44.0,0.8148,4.1825,5.0153,0.8327999999999998,0.16369389298871218,2.2209,2.6167,4.8377,1,973.2264,0.5059,0.5784,0.1327,0.1202,-0.0503,0.9755,referee,1,0.007926,0.038342,0.092741,0.14955,0.180868,0.174995,0.141095,0.097509,0.058965,0.031694,0.015333,0.006743,0.002718,0.00152,0.992074,0.007926,1,0.007957,0.953733,0.046267,1,0.047372,0.860991,0.139009,1,0.149671,0.711441,0.288559,0,1.242856,0.530573,0.469427,0,0.756243,0.355578,0.644422,0,0.439401,0.214483,0.785517,0,0.241413,0.116974,0.883026,0,0.1244
2648,2025/26,34,Jagiellonia Białystok,Zagłębie Lubin,1.0,3.0,4.0,Myc W.,Wojciech Myc,50.0,0.8333,4.1812,4.0802,-0.10099999999999998,-0.021811822023534377,1.8379,2.0648,3.9027,1,973.2264,0.5059,0.5784,0.1327,0.1202,-0.0503,0.9755,referee,1,0.020187,0.078785,0.153737,0.199996,0.195132,0.152309,0.099069,0.055234,0.026945,0.011684,0.00456,0.001618,0.000526,0.000217,0.979813,0.020187,1,0.020394,0.901028,0.098972,1,0.104219,0.747292,0.252708,1,0.2913,0.547295,0.452705,1,0.602767,0.352163,0.647837,0,0.434116,0.199854,0.800146,0,0.222962,0.100785,0.899215,0,0.106233,0.045551,0.954449,0,0.046621
2649,2025/26,34,Widzew Łódź,Piast Gliwice,1.0,1.0,2.0,Arys K.,Karol Arys,58.0,0.8529,4.181,3.2031,-0.9779,-0.23434145562011488,1.602,1.7062,3.3081,1,973.2264,0.5059,0.5784,0.1327,0.1202,-0.0503,0.9755,referee,1,0.036584,0.121026,0.200185,0.220746,0.182565,0.12079,0.066598,0.031474,0.013015,0.004784,0.001583,0.000476,0.000131,4.3e-05,0.963416,0.036584,1,0.03727,0.84239,0.15761,1,0.171512,0.642205,0.357795,0,1.027795,0.421458,0.578542,0,0.547245,0.238894,0.761106,0,0.272982,0.118104,0.881896,0,0.125681,0.051506,0.948494,0,0.052879,0.020032,0.979968,0,0.020235
