flash_team,klub_slug,flash_name,review_current_status,review_existing_player_slug,review_proposed_status,review_proposed_player_slug,review_evidence,final_status,player_slug,match_method,identity_clubs_all,identity_seasons_all,identity_target_season_clubs,identity_season_club_path,identity_sample_name,identity_in_target_club,prior_available,prior_source_season,prior_missing_reason,prior_prev_name,prior_prev_klub_slug,prior_gk_bramki-stracone,prior_gk_czyste-konta,prior_gk_gk-dlugie-podania-celne,prior_gk_gk-mecze-rozegrane,prior_gk_gk-minuty-rozegrane,prior_gk_gk-piastkowania,prior_gk_gk-podania,prior_gk_gk-podania-celne,prior_gk_gk-rzuty-karne-przeciwko,prior_gk_obronione-rzuty-karne,prior_gk_obronione-strzaly,prior_pole_asysty,prior_pole_celne-strzaly,prior_pole_celnosc-strzalow,prior_pole_dogodne-szanse,prior_pole_dosrodkowania,prior_pole_dosrodkowania-celne,prior_pole_dryblingi,prior_pole_faule,prior_pole_faule-wywalczone,prior_pole_gole,prior_pole_gole-z-gry,prior_pole_gole-z-pola-karnego,prior_pole_gole-z-rzutow-karnych,prior_pole_kanadyjska,prior_pole_karne-wykonane,prior_pole_kluczowe-podania,prior_pole_konwersja-strzalow,prior_pole_minuty,prior_pole_odbiory,prior_pole_podania,prior_pole_podania-celne,prior_pole_podania-celne-w-polowie-przeciwnika,prior_pole_podania-w-polowie-przeciwnika,prior_pole_pojedynki-obronne-wygrane,prior_pole_pojedynki-wygrane,prior_pole_przechwyty,prior_pole_rzuty-rozne,prior_pole_spalone,prior_pole_strzaly,prior_pole_stworzone-dogodne-szanse,prior_pole_wybicia,prior_pole_xa,prior_pole_xg,prior_pole_xgot,prior_pole_zablokowane-strzaly
Arka Gdynia,arka-gdynia,Abramowicz D.,matched_existing,dawid-abramowicz,matched_existing,dawid-abramowicz,already_in_player_mapping_csv,matched_existing,dawid-abramowicz,existing_mapping,arka-gdynia | puszcza-niepolomice | radomiak-radom,2023/24 | 2024/25 | 2025/26,arka-gdynia,2023/24:radomiak-radom | 2024/25:puszcza-niepolomice | 2025/26:arka-gdynia,Dawid AbramowiczRadomiak Radom,1.0,1,2024/25,,Dawid AbramowiczPuszcza Niepołomice,puszcza-niepolomice,0.0,0.0,0.0,0.0,0.0,0.0,0.0,0.0,0.0,0.0,0.0,4.0,9.0,53.0,7.0,100.0,24.0,26.0,26.0,34.0,1.0,0.0,1.0,0.0,5.0,0.0,27.0,6.0,2385.0,20.0,580.0,0.0,273.0,476.0,20.0,106.0,17.0,8.0,3.0,17.0,6.0,83.0,4.2,2.8,2.6,7.0
Arka Gdynia,arka-gdynia,Celestine J.,matched_existing,julien-albert-marc-celestine,matched_existing,julien-albert-marc-celestine,already_in_player_mapping_csv,matched_existing,julien-albert-marc-celestine,existing_mapping,arka-gdynia,2025/26,arka-gdynia,2025/26:arka-gdynia,Julien Albert Marc CélestineArka Gdynia,1.0,0,,mapped_but_no_previous_season_ranking,,,,,,,,,,,,,,,,,,,,,,,,,,,,,,,,,,,,,,,,,,,,,,,,
Arka Gdynia,arka-gdynia,Espiau Hernandez E. D.,matched_existing,eduardo-david-espiau-hernandez,matched_existing,eduardo-david-espiau-hernandez,already_in_player_mapping_csv,matched_existing,eduardo-david-espiau-hernandez,existing_mapping,arka-gdynia,2025/26,arka-gdynia,2025/26:arka-gdynia,Eduardo David Espiau HernándezArka Gdynia,1.0,0,,mapped_but_no_previous_season_ranking,,,,,,,,,,,,,,,,,,,,,,,,,,,,,,,,,,,,,,,,,,,,,,,,
Arka Gdynia,arka-gdynia,Gaprindashvili T.,matched_existing,tornike-gaprindashvili,matched_existing,tornike-gaprindashvili,already_in_player_mapping_csv,matched_existing,tornike-gaprindashvili,existing_mapping,arka-gdynia | zagebie-lubin,2023/24 | 2025/26,arka-gdynia,2023/24:zagebie-lubin | 2025/26:arka-gdynia,Tornike GaprindashviliKGHM Zagłębie Lubin,1.0,0,,mapped_but_no_previous_season_ranking,,,,,,,,,,,,,,,,,,,,,,,,,,,,,,,,,,,,,,,,,,,,,,,,
Arka Gdynia,arka-gdynia,Gohlike O.,unresolved,,no_candidate,,no_strict_candidate,no_candidate,,review_no_candidate,,,,,,,0,,unmapped_flash_player,,,,,,,,,,,,,,,,,,,,,,,,,,,,,,,,,,,,,,,,,,,,,,,,
Arka Gdynia,arka-gdynia,Gojny D.,matched_existing,dawid-gojny,matched_existing,dawid-gojny,already_in_player_mapping_csv,matched_existing,dawid-gojny,existing_mapping,arka-gdynia,2025/26,arka-gdynia,2025/26:arka-gdynia,Dawid GojnyArka Gdynia,1.0,0,,mapped_but_no_previous_season_ranking,,,,,,,,,,,,,,,,,,,,,,,,,,,,,,,,,,,,,,,,,,,,,,,,
Arka Gdynia,arka-gdynia,Gozdecki N.,unresolved,,no_candidate,,no_strict_candidate,no_candidate,,review_no_candidate,,,,,,,0,,unmapped_flash_player,,,,,,,,,,,,,,,,,,,,,,,,,,,,,,,,,,,,,,,,,,,,,,,,
Arka Gdynia,arka-gdynia,Grobelny J.,matched_existing,jedrzej-grobelny,matched_existing,jedrzej-grobelny,already_in_player_mapping_csv,matched_existing,jedrzej-grobelny,existing_mapping,arka-gdynia | warta-poznan,2023/24 | 2025/26,arka-gdynia,2023/24:warta-poznan | 2025/26:arka-gdynia,Jędrzej GrobelnyWarta Poznań,1.0,0,,mapped_but_no_previous_season_ranking,,,,,,,,,,,,,,,,,,,,,,,,,,,,,,,,,,,,,,,,,,,,,,,,
Arka Gdynia,arka-gdynia,Gutkovskis V.,matched_existing,vladislavs-gutkovskis,matched_existing,vladislavs-gutkovskis,already_in_player_mapping_csv,matched_existing,vladislavs-gutkovskis,existing_mapping,arka-gdynia,2025/26,arka-gdynia,2025/26:arka-gdynia,Vladislavs GutkovskisArka Gdynia,1.0,0,,mapped_but_no_previous_season_ranking,,,,,,,,,,,,,,,,,,,,,,,,,,,,,,,,,,,,,,,,,,,,,,,,
Arka Gdynia,arka-gdynia,Hermoso K.,matched_existing,enrique-gomez-hermoso,matched_existing,enrique-gomez-hermoso,already_in_player_mapping_csv,matched_existing,enrique-gomez-hermoso,existing_mapping,arka-gdynia,2025/26,arka-gdynia,2025/26:arka-gdynia,Kike HermosoArka Gdynia,1.0,0,,mapped_but_no_previous_season_ranking,,,,,,,,,,,,,,,,,,,,,,,,,,,,,,,,,,,,,,,,,,,,,,,,
Arka Gdynia,arka-gdynia,Jakubczyk K.,matched_existing,kamil-jakubczyk,matched_existing,kamil-jakubczyk,already_in_player_mapping_csv,matched_existing,kamil-jakubczyk,existing_mapping,arka-gdynia,2025/26,arka-gdynia,2025/26:arka-gdynia,Kamil JakubczykArka Gdynia,1.0,0,,mapped_but_no_previous_season_ranking,,,,,,,,,,,,,,,,,,,,,,,,,,,,,,,,,,,,,,,,,,,,,,,,
Arka Gdynia,arka-gdynia,Kerk S.,matched_existing,sebastian-kerk,matched_existing,sebastian-kerk,already_in_player_mapping_csv,matched_existing,sebastian-kerk,existing_mapping,arka-gdynia | widzew-lodz,2023/24 | 2024/25 | 2025/26,arka-gdynia,2023/24:widzew-lodz | 2024/25:widzew-lodz | 2025/26:arka-gdynia,Sebastian KerkWidzew Łódź,1.0,1,2024/25,,Sebastian KerkWidzew Łódź,widzew-lodz,0.0,0.0,0.0,0.0,0.0,0.0,0.0,0.0,0.0,0.0,0.0,1.0,7.0,29.0,0.0,40.0,10.0,15.0,10.0,19.0,1.0,1.0,1.0,0.0,2.0,0.0,52.0,4.0,1550.0,5.0,695.0,0.0,386.0,637.0,5.0,38.0,1.0,71.0,2.0,24.0,0.0,12.0,5.0,2.5,2.4,10.0
Arka Gdynia,arka-gdynia,Kocyła D.,matched_existing,dawid-kocya,matched_existing,dawid-kocya,already_in_player_mapping_csv,matched_existing,dawid-kocya,existing_mapping,arka-gdynia,2025/26,arka-gdynia,2025/26:arka-gdynia,Dawid KocyłaArka Gdynia,1.0,0,,mapped_but_no_previous_season_ranking,,,,,,,,,,,,,,,,,,,,,,,,,,,,,,,,,,,,,,,,,,,,,,,,
Arka Gdynia,arka-gdynia,Krzepisz K.,unresolved,,no_candidate,,no_strict_candidate,no_candidate,,review_no_candidate,,,,,,,0,,unmapped_flash_player,,,,,,,,,,,,,,,,,,,,,,,,,,,,,,,,,,,,,,,,,,,,,,,,
Arka Gdynia,arka-gdynia,Kubiak O.,matched_existing,oskar-kubiak,matched_existing,oskar-kubiak,already_in_player_mapping_csv,matched_existing,oskar-kubiak,existing_mapping,arka-gdynia,2025/26,arka-gdynia,2025/26:arka-gdynia,Oskar KubiakArka Gdynia,1.0,0,,mapped_but_no_previous_season_ranking,,,,,,,,,,,,,,,,,,,,,,,,,,,,,,,,,,,,,,,,,,,,,,,,
Arka Gdynia,arka-gdynia,Marcjanik M.,matched_existing,micha-piotr-marcjanik,matched_existing,micha-piotr-marcjanik,already_in_player_mapping_csv,matched_existing,micha-piotr-marcjanik,existing_mapping,arka-gdynia,2025/26,arka-gdynia,2025/26:arka-gdynia,Michał Piotr MarcjanikArka Gdynia,1.0,0,,mapped_but_no_previous_season_ranking,,,,,,,,,,,,,,,,,,,,,,,,,,,,,,,,,,,,,,,,,,,,,,,,
Arka Gdynia,arka-gdynia,Navarro M.,matched_existing,marc-navarro-ceciliano,matched_existing,marc-navarro-ceciliano,already_in_player_mapping_csv,matched_existing,marc-navarro-ceciliano,existing_mapping,arka-gdynia,2025/26,arka-gdynia,2025/26:arka-gdynia,Marc Navarro CecilianoArka Gdynia,1.0,0,,mapped_but_no_previous_season_ranking,,,,,,,,,,,,,,,,,,,,,,,,,,,,,,,,,,,,,,,,,,,,,,,,
Arka Gdynia,arka-gdynia,Nguiamba A.,matched_existing,aurelien-thomas-nguiamba,matched_existing,aurelien-thomas-nguiamba,already_in_player_mapping_csv,matched_existing,aurelien-thomas-nguiamba,existing_mapping,arka-gdynia | jagiellonia-bialystok,2023/24 | 2024/25 | 2025/26,arka-gdynia,2023/24:jagiellonia-bialystok | 2024/25:jagiellonia-bialystok | 2025/26:arka-gdynia,Aurélien Thomas NguiambaJagiellonia Białystok,1.0,1,2024/25,,Aurélien Thomas NguiambaJagiellonia Białystok,jagiellonia-bialystok,0.0,0.0,0.0,0.0,0.0,0.0,0.0,0.0,0.0,0.0,0.0,1.0,0.0,0.0,0.0,3.0,1.0,1.0,14.0,5.0,0.0,0.0,0.0,0.0,1.0,0.0,1.0,0.0,371.0,7.0,277.0,0.0,120.0,141.0,7.0,23.0,1.0,0.0,0.0,0.0,1.0,4.0,0.5,0.0,0.0,0.0
Arka Gdynia,arka-gdynia,Oliveira J.,matched_existing,joao-pedro-abreu-de-oliveira,matched_existing,joao-pedro-abreu-de-oliveira,already_in_player_mapping_csv,matched_existing,joao-pedro-abreu-de-oliveira,existing_mapping,arka-gdynia,2025/26,arka-gdynia,2025/26:arka-gdynia,João Pedro Abreu de OliveiraArka Gdynia,1.0,0,,mapped_but_no_previous_season_ranking,,,,,,,,,,,,,,,,,,,,,,,,,,,,,,,,,,,,,,,,,,,,,,,,
Arka Gdynia,arka-gdynia,Percan,unresolved,,no_candidate,,no_strict_candidate,no_candidate,,review_no_candidate,,,,,,,0,,unmapped_flash_player,,,,,,,,,,,,,,,,,,,,,,,,,,,,,,,,,,,,,,,,,,,,,,,,
Arka Gdynia,arka-gdynia,Perea L.,matched_existing,luis-perea-hernandez,matched_existing,luis-perea-hernandez,already_in_player_mapping_csv,matched_existing,luis-perea-hernandez,existing_mapping,arka-gdynia,2025/26,arka-gdynia,2025/26:arka-gdynia,Luis Perea HernándezArka Gdynia,1.0,0,,mapped_but_no_previous_season_ranking,,,,,,,,,,,,,,,,,,,,,,,,,,,,,,,,,,,,,,,,,,,,,,,,
Arka Gdynia,arka-gdynia,Petrovic Z.,unresolved,,no_candidate,,no_strict_candidate,no_candidate,,review_no_candidate,,,,,,,0,,unmapped_flash_player,,,,,,,,,,,,,,,,,,,,,,,,,,,,,,,,,,,,,,,,,,,,,,,,
Arka Gdynia,arka-gdynia,Predenkiewicz M.,matched_existing,marcel-predenkiewicz,matched_existing,marcel-predenkiewicz,already_in_player_mapping_csv,matched_existing,marcel-predenkiewicz,existing_mapping,arka-gdynia,2025/26,arka-gdynia,2025/26:arka-gdynia,Marcel PredenkiewiczArka Gdynia,1.0,0,,mapped_but_no_previous_season_ranking,,,,,,,,,,,,,,,,,,,,,,,,,,,,,,,,,,,,,,,,,,,,,,,,
Arka Gdynia,arka-gdynia,Ratajczyk A.,unresolved,,no_candidate,,no_strict_candidate,no_candidate,,review_no_candidate,,,,,,,0,,unmapped_flash_player,,,,,,,,,,,,,,,,,,,,,,,,,,,,,,,,,,,,,,,,,,,,,,,,
Arka Gdynia,arka-gdynia,Rusyn N.,matched_existing,nazarii-rusyn,matched_existing,nazarii-rusyn,already_in_player_mapping_csv,matched_existing,nazarii-rusyn,existing_mapping,arka-gdynia,2025/26,arka-gdynia,2025/26:arka-gdynia,Nazarii RusynArka Gdynia,1.0,0,,mapped_but_no_previous_season_ranking,,,,,,,,,,,,,,,,,,,,,,,,,,,,,,,,,,,,,,,,,,,,,,,,
Arka Gdynia,arka-gdynia,Rzuchowski M.,matched_existing,micha-rzuchowski,matched_existing,micha-rzuchowski,already_in_player_mapping_csv,matched_existing,micha-rzuchowski,existing_mapping,arka-gdynia | slask-wroclaw,2023/24 | 2025/26,arka-gdynia,2023/24:slask-wroclaw | 2025/26:arka-gdynia,Michał RzuchowskiŚląsk Wrocław,1.0,0,,mapped_but_no_previous_season_ranking,,,,,,,,,,,,,,,,,,,,,,,,,,,,,,,,,,,,,,,,,,,,,,,,
Arka Gdynia,arka-gdynia,Sidibe A.,matched_existing,alassane-sidibe,matched_existing,alassane-sidibe,already_in_player_mapping_csv,matched_existing,alassane-sidibe,existing_mapping,arka-gdynia,2025/26,arka-gdynia,2025/26:arka-gdynia,Alassane SidibeArka Gdynia,1.0,0,,mapped_but_no_previous_season_ranking,,,,,,,,,,,,,,,,,,,,,,,,,,,,,,,,,,,,,,,,,,,,,,,,
Arka Gdynia,arka-gdynia,Sobczak S.,matched_existing,szymon-sobczak,matched_existing,szymon-sobczak,already_in_player_mapping_csv,matched_existing,szymon-sobczak,existing_mapping,arka-gdynia,2025/26,arka-gdynia,2025/26:arka-gdynia,Szymon SobczakArka Gdynia,1.0,0,,mapped_but_no_previous_season_ranking,,,,,,,,,,,,,,,,,,,,,,,,,,,,,,,,,,,,,,,,,,,,,,,,
Arka Gdynia,arka-gdynia,Stolc P.,unresolved,,no_candidate,,no_strict_candidate,no_candidate,,review_no_candidate,,,,,,,0,,unmapped_flash_player,,,,,,,,,,,,,,,,,,,,,,,,,,,,,,,,,,,,,,,,,,,,,,,,
Arka Gdynia,arka-gdynia,Szota S.,matched_existing,serafin-jan-szota,matched_existing,serafin-jan-szota,already_in_player_mapping_csv,matched_existing,serafin-jan-szota,existing_mapping,arka-gdynia | slask-wroclaw | widzew-lodz,2023/24 | 2024/25 | 2025/26,arka-gdynia,2023/24:widzew-lodz | 2024/25:slask-wroclaw | 2025/26:arka-gdynia,Serafin Jan SzotaWidzew Łódź,1.0,1,2024/25,,Serafin Jan SzotaŚląsk Wrocław,slask-wroclaw,0.0,0.0,0.0,0.0,0.0,0.0,0.0,0.0,0.0,0.0,0.0,0.0,1.0,13.0,0.0,8.0,1.0,3.0,20.0,7.0,1.0,1.0,0.0,0.0,1.0,0.0,4.0,13.0,1700.0,12.0,857.0,0.0,233.0,317.0,12.0,63.0,12.0,0.0,1.0,8.0,0.0,99.0,0.6,0.7,0.7,4.0
Arka Gdynia,arka-gdynia,Szysz P.,matched_existing,patryk-konrad-szysz,matched_existing,patryk-konrad-szysz,already_in_player_mapping_csv,matched_existing,patryk-konrad-szysz,existing_mapping,arka-gdynia,2025/26,arka-gdynia,2025/26:arka-gdynia,Patryk Konrad SzyszArka Gdynia,1.0,0,,mapped_but_no_previous_season_ranking,,,,,,,,,,,,,,,,,,,,,,,,,,,,,,,,,,,,,,,,,,,,,,,,
Arka Gdynia,arka-gdynia,Vitalucci H.,matched_existing,hide-kengei-vitalucci,matched_existing,hide-kengei-vitalucci,already_in_player_mapping_csv,matched_existing,hide-kengei-vitalucci,existing_mapping,arka-gdynia,2025/26,arka-gdynia,2025/26:arka-gdynia,Hide Kengei VitalucciArka Gdynia,1.0,0,,mapped_but_no_previous_season_ranking,,,,,,,,,,,,,,,,,,,,,,,,,,,,,,,,,,,,,,,,,,,,,,,,
Arka Gdynia,arka-gdynia,Vlad A.,unresolved,,no_candidate,,no_strict_candidate,no_candidate,,review_no_candidate,,,,,,,0,,unmapped_flash_player,,,,,,,,,,,,,,,,,,,,,,,,,,,,,,,,,,,,,,,,,,,,,,,,
Arka Gdynia,arka-gdynia,Węglarz D.,matched_existing,damian-weglarz,matched_existing,damian-weglarz,already_in_player_mapping_csv,matched_existing,damian-weglarz,existing_mapping,arka-gdynia,2025/26,arka-gdynia,2025/26:arka-gdynia,Damian WęglarzArka Gdynia,1.0,0,,mapped_but_no_previous_season_ranking,,,,,,,,,,,,,,,,,,,,,,,,,,,,,,,,,,,,,,,,,,,,,,,,
Arka Gdynia,arka-gdynia,Zacharewicz W.,unresolved,,no_candidate,,no_strict_candidate,no_candidate,,review_no_candidate,,,,,,,0,,unmapped_flash_player,,,,,,,,,,,,,,,,,,,,,,,,,,,,,,,,,,,,,,,,,,,,,,,,
Arka Gdynia,arka-gdynia,Zator D.,matched_existing,dominick-lukasz-zator,matched_existing,dominick-lukasz-zator,already_in_player_mapping_csv,matched_existing,dominick-lukasz-zator,existing_mapping,arka-gdynia | korona-kielce,2023/24 | 2024/25 | 2025/26,arka-gdynia,2023/24:korona-kielce | 2024/25:korona-kielce | 2025/26:arka-gdynia,Dominick Lukasz ZatorKorona Kielce,1.0,1,2024/25,,Dominick Lukasz ZatorKorona Kielce,korona-kielce,0.0,0.0,0.0,0.0,0.0,0.0,0.0,0.0,0.0,0.0,0.0,0.0,1.0,33.0,0.0,14.0,6.0,3.0,8.0,4.0,0.0,0.0,0.0,0.0,0.0,0.0,5.0,0.0,549.0,2.0,242.0,0.0,94.0,130.0,2.0,25.0,6.0,0.0,1.0,3.0,0.0,21.0,0.7,0.4,0.0,2.0
Bruk-Bet Termalica Nieciecza,nieciecza,Ambrosiewicz M.,matched_existing,maciej-ambrosiewicz,matched_existing,maciej-ambrosiewicz,already_in_player_mapping_csv,matched_existing,maciej-ambrosiewicz,existing_mapping,nieciecza,2025/26,nieciecza,2025/26:nieciecza,Maciej AmbrosiewiczNieciecza,1.0,0,,mapped_but_no_previous_season_ranking,,,,,,,,,,,,,,,,,,,,,,,,,,,,,,,,,,,,,,,,,,,,,,,,
Bruk-Bet Termalica Nieciecza,nieciecza,Biniek D.,matched_existing,dominik-andrzej-biniek,matched_existing,dominik-andrzej-biniek,already_in_player_mapping_csv,matched_existing,dominik-andrzej-biniek,existing_mapping,nieciecza,2025/26,nieciecza,2025/26:nieciecza,Dominik Andrzej BiniekNieciecza,1.0,0,,mapped_but_no_previous_season_ranking,,,,,,,,,,,,,,,,,,,,,,,,,,,,,,,,,,,,,,,,,,,,,,,,
Bruk-Bet Termalica Nieciecza,nieciecza,Boboc R.,matched_existing,radu-stefanita-boboc,matched_existing,radu-stefanita-boboc,already_in_player_mapping_csv,matched_existing,radu-stefanita-boboc,existing_mapping,nieciecza,2025/26,nieciecza,2025/26:nieciecza,Radu Ștefăniță BobocNieciecza,1.0,0,,mapped_but_no_previous_season_ranking,,,,,,,,,,,,,,,,,,,,,,,,,,,,,,,,,,,,,,,,,,,,,,,,
Bruk-Bet Termalica Nieciecza,nieciecza,Chovan A.,matched_existing,adrian-chovan,matched_existing,adrian-chovan,already_in_player_mapping_csv,matched_existing,adrian-chovan,existing_mapping,nieciecza,2025/26,nieciecza,2025/26:nieciecza,Adrián ChovanNieciecza,1.0,0,,mapped_but_no_previous_season_ranking,,,,,,,,,,,,,,,,,,,,,,,,,,,,,,,,,,,,,,,,,,,,,,,,
Bruk-Bet Termalica Nieciecza,nieciecza,Deisadze D.,matched_existing,diego-deisadze,matched_existing,diego-deisadze,already_in_player_mapping_csv,matched_existing,diego-deisadze,existing_mapping,nieciecza,2025/26,nieciecza,2025/26:nieciecza,Diego DeisadzeNieciecza,1.0,0,,mapped_but_no_previous_season_ranking,,,,,,,,,,,,,,,,,,,,,,,,,,,,,,,,,,,,,,,,,,,,,,,,
Bruk-Bet Termalica Nieciecza,nieciecza,Durdov I.,matched_existing,ivan-durdov,matched_existing,ivan-durdov,already_in_player_mapping_csv,matched_existing,ivan-durdov,existing_mapping,nieciecza,2025/26,nieciecza,2025/26:nieciecza,Ivan DurdovNieciecza,1.0,0,,mapped_but_no_previous_season_ranking,,,,,,,,,,,,,,,,,,,,,,,,,,,,,,,,,,,,,,,,,,,,,,,,
Bruk-Bet Termalica Nieciecza,nieciecza,Fassbender M.,matched_existing,morgan-kwasi-fabender,matched_existing,morgan-kwasi-fabender,already_in_player_mapping_csv,matched_existing,morgan-kwasi-fabender,existing_mapping,nieciecza,2025/26,nieciecza,2025/26:nieciecza,Morgan Kwasi FaßbenderNieciecza,1.0,0,,mapped_but_no_previous_season_ranking,,,,,,,,,,,,,,,,,,,,,,,,,,,,,,,,,,,,,,,,,,,,,,,,
Bruk-Bet Termalica Nieciecza,nieciecza,Guerrero S.,matched_existing,sergio-guerrero-romero,matched_existing,sergio-guerrero-romero,already_in_player_mapping_csv,matched_existing,sergio-guerrero-romero,existing_mapping,nieciecza,2025/26,nieciecza,2025/26:nieciecza,Sergio Guerrero RomeroNieciecza,1.0,0,,mapped_but_no_previous_season_ranking,,,,,,,,,,,,,,,,,,,,,,,,,,,,,,,,,,,,,,,,,,,,,,,,
Bruk-Bet Termalica Nieciecza,nieciecza,Hilbrycht D.,matched_existing,damian-hilbrycht,matched_existing,damian-hilbrycht,already_in_player_mapping_csv,matched_existing,damian-hilbrycht,existing_mapping,nieciecza,2025/26,nieciecza,2025/26:nieciecza,Damian HilbrychtNieciecza,1.0,0,,mapped_but_no_previous_season_ranking,,,,,,,,,,,,,,,,,,,,,,,,,,,,,,,,,,,,,,,,,,,,,,,,
Bruk-Bet Termalica Nieciecza,nieciecza,Isik G.,matched_existing,gabriel-isik,matched_existing,gabriel-isik,already_in_player_mapping_csv,matched_existing,gabriel-isik,existing_mapping,nieciecza,2025/26,nieciecza,2025/26:nieciecza,Gabriel IsikNieciecza,1.0,0,,mapped_but_no_previous_season_ranking,,,,,,,,,,,,,,,,,,,,,,,,,,,,,,,,,,,,,,,,,,,,,,,,
Bruk-Bet Termalica Nieciecza,nieciecza,Jakubik W.,matched_existing,wojciech-jakubik,matched_existing,wojciech-jakubik,already_in_player_mapping_csv,matched_existing,wojciech-jakubik,existing_mapping,nieciecza,2025/26,nieciecza,2025/26:nieciecza,Wojciech JakubikNieciecza,1.0,0,,mapped_but_no_previous_season_ranking,,,,,,,,,,,,,,,,,,,,,,,,,,,,,,,,,,,,,,,,,,,,,,,,
Bruk-Bet Termalica Nieciecza,nieciecza,Janicki M.,unresolved,,review_high_confidence,rafa-janicki,all_flash_tokens_in_slug | suffix_exact | present_in_target_season,rejected_manual,,manual_reject_wrong_person_rafa_janicki_is_not_m_janicki,,,,,,,0,,unmapped_flash_player,,,,,,,,,,,,,,,,,,,,,,,,,,,,,,,,,,,,,,,,,,,,,,,,
Bruk-Bet Termalica Nieciecza,nieciecza,Jimenez J.,matched_existing,jesus-jimenez-nunez,matched_existing,jesus-jimenez-nunez,already_in_player_mapping_csv,matched_existing,jesus-jimenez-nunez,existing_mapping,nieciecza,2025/26,nieciecza,2025/26:nieciecza,Jesús Jiménez NúñezNieciecza,1.0,0,,mapped_but_no_previous_season_ranking,,,,,,,,,,,,,,,,,,,,,,,,,,,,,,,,,,,,,,,,,,,,,,,,
Bruk-Bet Termalica Nieciecza,nieciecza,Kasperkiewicz A.,matched_existing,arkadiusz-kasperkiewicz,matched_existing,arkadiusz-kasperkiewicz,already_in_player_mapping_csv,matched_existing,arkadiusz-kasperkiewicz,existing_mapping,nieciecza,2025/26,nieciecza,2025/26:nieciecza,Arkadiusz KasperkiewiczNieciecza,1.0,0,,mapped_but_no_previous_season_ranking,,,,,,,,,,,,,,,,,,,,,,,,,,,,,,,,,,,,,,,,,,,,,,,,
Bruk-Bet Termalica Nieciecza,nieciecza,Kopacz B.,matched_existing,bartosz-kopacz,matched_existing,bartosz-kopacz,already_in_player_mapping_csv,matched_existing,bartosz-kopacz,existing_mapping,nieciecza | zagebie-lubin,2023/24 | 2024/25 | 2025/26,nieciecza,2023/24:zagebie-lubin | 2024/25:zagebie-lubin | 2025/26:nieciecza,Bartosz KopaczKGHM Zagłębie Lubin,1.0,1,2024/25,,Bartosz KopaczKGHM Zagłębie Lubin,zagebie-lubin,0.0,0.0,0.0,0.0,0.0,0.0,0.0,0.0,0.0,0.0,0.0,0.0,0.0,0.0,0.0,2.0,1.0,3.0,4.0,4.0,0.0,0.0,0.0,0.0,0.0,0.0,4.0,0.0,374.0,6.0,207.0,0.0,60.0,87.0,6.0,32.0,5.0,0.0,0.0,1.0,0.0,24.0,0.1,0.1,0.0,1.0
Bruk-Bet Termalica Nieciecza,nieciecza,Kozik M.,unresolved,,no_candidate,,no_strict_candidate,no_candidate,,review_no_candidate,,,,,,,0,,unmapped_flash_player,,,,,,,,,,,,,,,,,,,,,,,,,,,,,,,,,,,,,,,,,,,,,,,,
Bruk-Bet Termalica Nieciecza,nieciecza,Kubica K.,matched_existing,krzysztof-kubica,matched_existing,krzysztof-kubica,already_in_player_mapping_csv,matched_existing,krzysztof-kubica,existing_mapping,motor-lublin | nieciecza,2024/25 | 2025/26,nieciecza,2024/25:motor-lublin | 2025/26:nieciecza,Krzysztof KubicaMotor Lublin,1.0,1,2024/25,,Krzysztof KubicaMotor Lublin,motor-lublin,0.0,0.0,0.0,0.0,0.0,0.0,0.0,0.0,0.0,0.0,0.0,0.0,1.0,25.0,0.0,2.0,1.0,3.0,5.0,5.0,0.0,0.0,0.0,0.0,0.0,0.0,1.0,0.0,180.0,2.0,66.0,0.0,23.0,43.0,2.0,11.0,3.0,0.0,0.0,4.0,0.0,6.0,0.1,0.2,0.0,0.0
Bruk-Bet Termalica Nieciecza,nieciecza,Kurzawa R.,matched_existing,rafa-maciej-kurzawa,matched_existing,rafa-maciej-kurzawa,already_in_player_mapping_csv,matched_existing,rafa-maciej-kurzawa,existing_mapping,nieciecza | pogon-szczecin,2023/24 | 2024/25 | 2025/26,nieciecza,2023/24:pogon-szczecin | 2024/25:pogon-szczecin | 2025/26:nieciecza,Rafał Maciej KurzawaPogoń Szczecin,1.0,1,2024/25,,Rafał Maciej KurzawaPogoń Szczecin,pogon-szczecin,0.0,0.0,0.0,0.0,0.0,0.0,0.0,0.0,0.0,0.0,0.0,2.0,8.0,42.0,1.0,24.0,8.0,26.0,29.0,21.0,1.0,1.0,1.0,0.0,3.0,0.0,33.0,5.0,1991.0,32.0,1110.0,0.0,573.0,769.0,32.0,125.0,22.0,26.0,0.0,19.0,3.0,30.0,2.5,1.0,1.2,6.0
Bruk-Bet Termalica Nieciecza,nieciecza,Masoero L.,matched_existing,lucas-gabriel-masoero-masi,matched_existing,lucas-gabriel-masoero-masi,already_in_player_mapping_csv,matched_existing,lucas-gabriel-masoero-masi,existing_mapping,nieciecza,2025/26,nieciecza,2025/26:nieciecza,Lucas Gabriel Masoero MasiNieciecza,1.0,0,,mapped_but_no_previous_season_ranking,,,,,,,,,,,,,,,,,,,,,,,,,,,,,,,,,,,,,,,,,,,,,,,,
Bruk-Bet Termalica Nieciecza,nieciecza,Matysik M.,matched_existing,miosz-matysik,matched_existing,miosz-matysik,already_in_player_mapping_csv,matched_existing,miosz-matysik,existing_mapping,jagiellonia-bialystok | nieciecza,2023/24 | 2025/26,nieciecza,2023/24:jagiellonia-bialystok | 2025/26:nieciecza,Miłosz MatysikJagiellonia Białystok,1.0,0,,mapped_but_no_previous_season_ranking,,,,,,,,,,,,,,,,,,,,,,,,,,,,,,,,,,,,,,,,,,,,,,,,
Bruk-Bet Termalica Nieciecza,nieciecza,Mleczko M.,matched_existing,miosz-stefan-mleczko,matched_existing,miosz-stefan-mleczko,already_in_player_mapping_csv,matched_existing,miosz-stefan-mleczko,existing_mapping,nieciecza,2025/26,nieciecza,2025/26:nieciecza,Miłosz Stefan MleczkoNieciecza,1.0,0,,mapped_but_no_previous_season_ranking,,,,,,,,,,,,,,,,,,,,,,,,,,,,,,,,,,,,,,,,,,,,,,,,
Bruk-Bet Termalica Nieciecza,nieciecza,Mrosek N.,unresolved,,no_candidate,,no_strict_candidate,no_candidate,,review_no_candidate,,,,,,,0,,unmapped_flash_player,,,,,,,,,,,,,,,,,,,,,,,,,,,,,,,,,,,,,,,,,,,,,,,,
Bruk-Bet Termalica Nieciecza,nieciecza,Putivtsev A.,matched_existing,artem-putivtsev,matched_existing,artem-putivtsev,already_in_player_mapping_csv,matched_existing,artem-putivtsev,existing_mapping,nieciecza,2025/26,nieciecza,2025/26:nieciecza,Artem PutivtsevNieciecza,1.0,0,,mapped_but_no_previous_season_ranking,,,,,,,,,,,,,,,,,,,,,,,,,,,,,,,,,,,,,,,,,,,,,,,,
Bruk-Bet Termalica Nieciecza,nieciecza,Strzałek I.,matched_existing,igor-strzaek,matched_existing,igor-strzaek,already_in_player_mapping_csv,matched_existing,igor-strzaek,existing_mapping,legia-warszawa | nieciecza,2023/24 | 2024/25 | 2025/26,nieciecza,2023/24:legia-warszawa | 2024/25:legia-warszawa | 2025/26:nieciecza,Igor StrzałekLegia Warszawa,1.0,1,2024/25,,Igor StrzałekLegia Warszawa,legia-warszawa,0.0,0.0,0.0,0.0,0.0,0.0,0.0,0.0,0.0,0.0,0.0,0.0,0.0,0.0,0.0,1.0,0.0,2.0,0.0,0.0,0.0,0.0,0.0,0.0,0.0,0.0,0.0,0.0,20.0,0.0,11.0,0.0,6.0,7.0,0.0,2.0,1.0,0.0,0.0,0.0,0.0,0.0,0.0,0.0,0.0,0.0
Bruk-Bet Termalica Nieciecza,nieciecza,Surowiec K.,unresolved,,no_candidate,,no_strict_candidate,no_candidate,,review_no_candidate,,,,,,,0,,unmapped_flash_player,,,,,,,,,,,,,,,,,,,,,,,,,,,,,,,,,,,,,,,,,,,,,,,,
Bruk-Bet Termalica Nieciecza,nieciecza,Surowiec P.,unresolved,,no_candidate,,no_strict_candidate,no_candidate,,review_no_candidate,,,,,,,0,,unmapped_flash_player,,,,,,,,,,,,,,,,,,,,,,,,,,,,,,,,,,,,,,,,,,,,,,,,
Bruk-Bet Termalica Nieciecza,nieciecza,Thiago Dombroski,matched_existing,thiago-dombroski-moreira,matched_existing,thiago-dombroski-moreira,already_in_player_mapping_csv,matched_existing,thiago-dombroski-moreira,existing_mapping,nieciecza,2025/26,nieciecza,2025/26:nieciecza,Thiago DombroskiNieciecza,1.0,0,,mapped_but_no_previous_season_ranking,,,,,,,,,,,,,,,,,,,,,,,,,,,,,,,,,,,,,,,,,,,,,,,,
Bruk-Bet Termalica Nieciecza,nieciecza,Trubeha A.,matched_existing,andrzej-trubeha,matched_existing,andrzej-trubeha,already_in_player_mapping_csv,matched_existing,andrzej-trubeha,existing_mapping,nieciecza,2025/26,nieciecza,2025/26:nieciecza,Andrzej TrubehaNieciecza,1.0,0,,mapped_but_no_previous_season_ranking,,,,,,,,,,,,,,,,,,,,,,,,,,,,,,,,,,,,,,,,,,,,,,,,
Bruk-Bet Termalica Nieciecza,nieciecza,Wolski M.,matched_existing,maciej-wolski,matched_existing,maciej-wolski,already_in_player_mapping_csv,matched_existing,maciej-wolski,existing_mapping,nieciecza,2025/26,nieciecza,2025/26:nieciecza,Maciej WolskiNieciecza,1.0,0,,mapped_but_no_previous_season_ranking,,,,,,,,,,,,,,,,,,,,,,,,,,,,,,,,,,,,,,,,,,,,,,,,
Bruk-Bet Termalica Nieciecza,nieciecza,Zapolnik K.,matched_existing,kamil-zapolnik,matched_existing,kamil-zapolnik,already_in_player_mapping_csv,matched_existing,kamil-zapolnik,existing_mapping,nieciecza | puszcza-niepolomice,2023/24 | 2025/26,nieciecza,2023/24:puszcza-niepolomice | 2025/26:nieciecza,Kamil ZapolnikPuszcza Niepołomice,1.0,0,,mapped_but_no_previous_season_ranking,,,,,,,,,,,,,,,,,,,,,,,,,,,,,,,,,,,,,,,,,,,,,,,,
Cracovia,cracovia,Al Ammari A.,matched_existing,amir-fouad-aboud-al-ammari,matched_existing,amir-fouad-aboud-al-ammari,already_in_player_mapping_csv,matched_existing,amir-fouad-aboud-al-ammari,existing_mapping,cracovia,2024/25 | 2025/26,cracovia,2024/25:cracovia | 2025/26:cracovia,Amir Al AmmariCracovia,1.0,1,2024/25,,Amir Al AmmariCracovia,cracovia,0.0,0.0,0.0,0.0,0.0,0.0,0.0,0.0,0.0,0.0,0.0,4.0,3.0,27.0,0.0,8.0,2.0,5.0,24.0,14.0,1.0,1.0,1.0,0.0,5.0,0.0,14.0,9.0,1102.0,13.0,485.0,0.0,197.0,295.0,13.0,51.0,14.0,4.0,2.0,11.0,0.0,22.0,1.0,1.1,1.0,5.0
Cracovia,cracovia,Aleksic M.,matched_existing,milan-aleksic,matched_existing,milan-aleksic,already_in_player_mapping_csv,matched_existing,milan-aleksic,existing_mapping,cracovia,2025/26,cracovia,2025/26:cracovia,Milan AleksićCracovia,1.0,0,,mapped_but_no_previous_season_ranking,,,,,,,,,,,,,,,,,,,,,,,,,,,,,,,,,,,,,,,,,,,,,,,,
Cracovia,cracovia,Atanasov J.,matched_existing,jani-atanasov,matched_existing,jani-atanasov,already_in_player_mapping_csv,matched_existing,jani-atanasov,existing_mapping,cracovia | puszcza-niepolomice,2023/24 | 2024/25 | 2025/26,cracovia,2023/24:cracovia | 2024/25:puszcza-niepolomice | 2025/26:cracovia,Jani AtanasovCracovia,1.0,1,2024/25,,Jani AtanasovPuszcza Niepołomice,puszcza-niepolomice,0.0,0.0,0.0,0.0,0.0,0.0,0.0,0.0,0.0,0.0,0.0,1.0,3.0,18.0,0.0,23.0,3.0,20.0,25.0,9.0,2.0,0.0,0.0,0.0,3.0,0.0,14.0,12.0,1103.0,20.0,509.0,0.0,220.0,368.0,20.0,68.0,13.0,12.0,0.0,17.0,2.0,27.0,1.0,0.9,0.6,14.0
Cracovia,cracovia,Batoum J.,matched_existing,jean-florent-batoum-1,matched_existing,jean-florent-batoum-1,already_in_player_mapping_csv,matched_existing,jean-florent-batoum-1,existing_mapping,cracovia,2025/26,cracovia,2025/26:cracovia,Jean Florent BatoumCracovia,1.0,0,,mapped_but_no_previous_season_ranking,,,,,,,,,,,,,,,,,,,,,,,,,,,,,,,,,,,,,,,,,,,,,,,,
Cracovia,cracovia,Biedrzycki B.,matched_existing,bartosz-biedrzycki,matched_existing,bartosz-biedrzycki,already_in_player_mapping_csv,matched_existing,bartosz-biedrzycki,existing_mapping,cracovia,2024/25 | 2025/26,cracovia,2024/25:cracovia | 2025/26:cracovia,Bartosz BiedrzyckiCracovia,1.0,1,2024/25,,Bartosz BiedrzyckiCracovia,cracovia,0.0,0.0,0.0,0.0,0.0,0.0,0.0,0.0,0.0,0.0,0.0,2.0,2.0,33.0,0.0,31.0,10.0,15.0,8.0,13.0,0.0,0.0,0.0,0.0,2.0,0.0,4.0,0.0,680.0,6.0,268.0,0.0,144.0,209.0,6.0,47.0,12.0,1.0,0.0,6.0,0.0,17.0,0.9,1.0,0.2,3.0
Cracovia,cracovia,Bogacz W.,matched_existing,wiktor-bogacz,matched_existing,wiktor-bogacz,already_in_player_mapping_csv,matched_existing,wiktor-bogacz,existing_mapping,cracovia,2025/26,cracovia,2025/26:cracovia,Wiktor BogaczCracovia,1.0,0,,mapped_but_no_previous_season_ranking,,,,,,,,,,,,,,,,,,,,,,,,,,,,,,,,,,,,,,,,,,,,,,,,
Cracovia,cracovia,Bzdyl F.,matched_existing,fabian-bzdyl,matched_existing,fabian-bzdyl,already_in_player_mapping_csv,matched_existing,fabian-bzdyl,existing_mapping,cracovia,2023/24 | 2024/25 | 2025/26,cracovia,2023/24:cracovia | 2024/25:cracovia | 2025/26:cracovia,Fabian BzdylCracovia,1.0,1,2024/25,,Fabian BzdylCracovia,cracovia,0.0,0.0,0.0,0.0,0.0,0.0,0.0,0.0,0.0,0.0,0.0,0.0,2.0,50.0,0.0,1.0,0.0,11.0,7.0,10.0,2.0,2.0,1.0,0.0,2.0,0.0,3.0,50.0,401.0,5.0,171.0,0.0,86.0,109.0,5.0,29.0,3.0,1.0,0.0,4.0,0.0,4.0,0.3,0.6,0.5,2.0
Cracovia,cracovia,Charpentier G.,matched_existing,gabriel-andre-joseph-charpentier,matched_existing,gabriel-andre-joseph-charpentier,already_in_player_mapping_csv,matched_existing,gabriel-andre-joseph-charpentier,existing_mapping,cracovia,2025/26,cracovia,2025/26:cracovia,Gabriel André Joseph CharpentierCracovia,1.0,0,,mapped_but_no_previous_season_ranking,,,,,,,,,,,,,,,,,,,,,,,,,,,,,,,,,,,,,,,,,,,,,,,,
Cracovia,cracovia,Cymerys K.,unresolved,,no_candidate,,no_strict_candidate,no_candidate,,review_no_candidate,,,,,,,0,,unmapped_flash_player,,,,,,,,,,,,,,,,,,,,,,,,,,,,,,,,,,,,,,,,,,,,,,,,
Cracovia,cracovia,Dominguez M.,matched_existing,maxime-dominguez,matched_existing,maxime-dominguez,already_in_player_mapping_csv,matched_existing,maxime-dominguez,existing_mapping,cracovia,2025/26,cracovia,2025/26:cracovia,Maxime DominguezCracovia,1.0,0,,mapped_but_no_previous_season_ranking,,,,,,,,,,,,,,,,,,,,,,,,,,,,,,,,,,,,,,,,,,,,,,,,
Cracovia,cracovia,Glik K.,matched_existing,kamil-jacek-glik,matched_existing,kamil-jacek-glik,already_in_player_mapping_csv,matched_existing,kamil-jacek-glik,existing_mapping,cracovia,2023/24 | 2024/25 | 2025/26,cracovia,2023/24:cracovia | 2024/25:cracovia | 2025/26:cracovia,Kamil Jacek GlikCracovia,1.0,1,2024/25,,Kamil Jacek GlikCracovia,cracovia,0.0,0.0,0.0,0.0,0.0,0.0,0.0,0.0,0.0,0.0,0.0,0.0,3.0,38.0,0.0,0.0,0.0,0.0,6.0,5.0,0.0,0.0,0.0,0.0,0.0,0.0,2.0,0.0,810.0,3.0,335.0,0.0,58.0,91.0,3.0,38.0,13.0,0.0,0.0,8.0,0.0,64.0,0.3,0.7,0.2,1.0
Cracovia,cracovia,Golonka K.,unresolved,,no_candidate,,no_strict_candidate,no_candidate,,review_no_candidate,,,,,,,0,,unmapped_flash_player,,,,,,,,,,,,,,,,,,,,,,,,,,,,,,,,,,,,,,,,,,,,,,,,
Cracovia,cracovia,Hasic A.,matched_existing,ajdin-hasic,matched_existing,ajdin-hasic,already_in_player_mapping_csv,matched_existing,ajdin-hasic,existing_mapping,cracovia,2024/25 | 2025/26,cracovia,2024/25:cracovia | 2025/26:cracovia,Ajdin HasićCracovia,1.0,1,2024/25,,Ajdin HasićCracovia,cracovia,0.0,0.0,0.0,0.0,0.0,0.0,0.0,0.0,0.0,0.0,0.0,7.0,23.0,46.0,0.0,68.0,11.0,88.0,25.0,56.0,3.0,1.0,2.0,1.0,10.0,1.0,45.0,6.0,2127.0,12.0,821.0,0.0,462.0,709.0,12.0,130.0,4.0,64.0,4.0,50.0,0.0,13.0,5.9,5.2,5.6,29.0
Cracovia,cracovia,Henriksson G.,matched_existing,gustav-niklas-henriksson,matched_existing,gustav-niklas-henriksson,already_in_player_mapping_csv,matched_existing,gustav-niklas-henriksson,existing_mapping,cracovia,2024/25 | 2025/26,cracovia,2024/25:cracovia | 2025/26:cracovia,Gustav Niklas HenrikssonCracovia,1.0,1,2024/25,,Gustav Niklas HenrikssonCracovia,cracovia,0.0,0.0,0.0,0.0,0.0,0.0,0.0,0.0,0.0,0.0,0.0,1.0,1.0,50.0,0.0,1.0,1.0,0.0,17.0,3.0,1.0,0.0,1.0,0.0,2.0,0.0,1.0,50.0,1350.0,9.0,570.0,0.0,126.0,161.0,9.0,57.0,4.0,0.0,1.0,2.0,0.0,74.0,0.2,0.7,0.1,0.0
Cracovia,cracovia,Janasik P.,unresolved,,auto_same_club_history,patryk-janasik,all_flash_tokens_in_slug | suffix_exact | initial_match_any_given_token | same_club_history,matched_auto_same_club_history,patryk-janasik,review_auto_same_club_history,cracovia | slask-wroclaw,2023/24 | 2024/25,,2023/24:slask-wroclaw | 2024/25:cracovia,Patryk JanasikŚląsk Wrocław,0.0,1,2024/25,,Patryk JanasikCracovia,cracovia,0.0,0.0,0.0,0.0,0.0,0.0,0.0,0.0,0.0,0.0,0.0,0.0,0.0,0.0,0.0,8.0,1.0,3.0,3.0,1.0,0.0,0.0,0.0,0.0,0.0,0.0,4.0,0.0,460.0,8.0,172.0,0.0,68.0,99.0,8.0,17.0,7.0,1.0,2.0,0.0,0.0,14.0,0.2,0.1,0.0,2.0
Cracovia,cracovia,Jugas J.,unresolved,,auto_same_club_history,jakub-jugas,all_flash_tokens_in_slug | suffix_exact | initial_match_any_given_token | same_club_history,matched_auto_same_club_history,jakub-jugas,review_auto_same_club_history,cracovia,2023/24 | 2024/25,,2023/24:cracovia | 2024/25:cracovia,Jakub JugasCracovia,0.0,1,2024/25,,Jakub JugasCracovia,cracovia,0.0,0.0,0.0,0.0,0.0,0.0,0.0,0.0,0.0,0.0,0.0,1.0,2.0,20.0,0.0,24.0,6.0,12.0,23.0,14.0,2.0,0.0,2.0,0.0,3.0,0.0,14.0,20.0,2033.0,11.0,918.0,0.0,325.0,462.0,11.0,90.0,10.0,0.0,4.0,10.0,0.0,81.0,1.1,1.0,1.8,0.0
Cracovia,cracovia,Kakabadze O.,matched_existing,otar-kakabadze,matched_existing,otar-kakabadze,already_in_player_mapping_csv,matched_existing,otar-kakabadze,existing_mapping,cracovia,2023/24 | 2024/25 | 2025/26,cracovia,2023/24:cracovia | 2024/25:cracovia | 2025/26:cracovia,Otar KakabadzeCracovia,1.0,1,2024/25,,Otar KakabadzeCracovia,cracovia,0.0,0.0,0.0,0.0,0.0,0.0,0.0,0.0,0.0,0.0,0.0,2.0,7.0,29.0,0.0,126.0,23.0,75.0,41.0,24.0,3.0,3.0,3.0,0.0,5.0,0.0,39.0,13.0,2632.0,34.0,1139.0,0.0,512.0,829.0,34.0,148.0,45.0,0.0,1.0,24.0,0.0,72.0,3.4,1.4,2.2,7.0
Cracovia,cracovia,Kameri D.,matched_existing,dijon-kameri,matched_existing,dijon-kameri,already_in_player_mapping_csv,matched_existing,dijon-kameri,existing_mapping,cracovia,2025/26,cracovia,2025/26:cracovia,Dijon KameriCracovia,1.0,0,,mapped_but_no_previous_season_ranking,,,,,,,,,,,,,,,,,,,,,,,,,,,,,,,,,,,,,,,,,,,,,,,,
Cracovia,cracovia,Klich M.,matched_existing,mateusz-andrzej-klich,matched_existing,mateusz-andrzej-klich,already_in_player_mapping_csv,matched_existing,mateusz-andrzej-klich,existing_mapping,cracovia,2025/26,cracovia,2025/26:cracovia,Mateusz Andrzej KlichCracovia,1.0,0,,mapped_but_no_previous_season_ranking,,,,,,,,,,,,,,,,,,,,,,,,,,,,,,,,,,,,,,,,,,,,,,,,
Cracovia,cracovia,Knap K.,matched_existing,karol-knap,matched_existing,karol-knap,already_in_player_mapping_csv,matched_existing,karol-knap,existing_mapping,cracovia | stal-mielec,2023/24 | 2024/25 | 2025/26,cracovia,2023/24:cracovia | 2024/25:stal-mielec | 2025/26:cracovia,Karol KnapCracovia,1.0,1,2024/25,,Karol KnapStal Mielec,stal-mielec,0.0,0.0,0.0,0.0,0.0,0.0,0.0,0.0,0.0,0.0,0.0,1.0,4.0,50.0,0.0,8.0,2.0,9.0,13.0,14.0,0.0,0.0,0.0,0.0,1.0,0.0,12.0,0.0,702.0,8.0,216.0,0.0,106.0,155.0,8.0,34.0,5.0,5.0,1.0,8.0,0.0,12.0,1.0,0.7,0.6,4.0
Cracovia,cracovia,Madejski S.,matched_existing,sebastian-madejski,matched_existing,sebastian-madejski,already_in_player_mapping_csv,matched_existing,sebastian-madejski,existing_mapping,cracovia,2023/24 | 2024/25 | 2025/26,cracovia,2023/24:cracovia | 2024/25:cracovia | 2025/26:cracovia,Sebastian MadejskiCracovia,1.0,1,2024/25,,Sebastian MadejskiCracovia,cracovia,17.0,3.0,55.0,11.0,990.0,2.0,253.0,0.0,1.0,0.0,29.0,0.0,0.0,0.0,0.0,0.0,0.0,0.0,0.0,1.0,0.0,0.0,0.0,0.0,0.0,0.0,1.0,0.0,990.0,1.0,253.0,0.0,34.0,102.0,1.0,5.0,0.0,0.0,0.0,0.0,0.0,5.0,0.0,0.0,0.0,0.0
Cracovia,cracovia,Maigaard M.,matched_existing,mikkel-maigaard-jakobsen,matched_existing,mikkel-maigaard-jakobsen,already_in_player_mapping_csv,matched_existing,mikkel-maigaard-jakobsen,existing_mapping,cracovia,2023/24 | 2024/25 | 2025/26,cracovia,2023/24:cracovia | 2024/25:cracovia | 2025/26:cracovia,Mikkel Maigaard JakobsenCracovia,1.0,1,2024/25,,Mikkel Maigaard JakobsenCracovia,cracovia,0.0,0.0,0.0,0.0,0.0,0.0,0.0,0.0,0.0,0.0,0.0,5.0,15.0,41.0,0.0,62.0,16.0,24.0,12.0,33.0,6.0,4.0,2.0,0.0,11.0,0.0,61.0,16.0,2736.0,16.0,1601.0,0.0,834.0,1113.0,16.0,84.0,22.0,73.0,0.0,37.0,0.0,42.0,5.6,3.1,4.1,11.0
Cracovia,cracovia,Minchev M.,matched_existing,martin-yankov-minchev,matched_existing,martin-yankov-minchev,already_in_player_mapping_csv,matched_existing,martin-yankov-minchev,existing_mapping,cracovia,2024/25 | 2025/26,cracovia,2024/25:cracovia | 2025/26:cracovia,Martin Yankov MinchevCracovia,1.0,1,2024/25,,Martin Yankov MinchevCracovia,cracovia,0.0,0.0,0.0,0.0,0.0,0.0,0.0,0.0,0.0,0.0,0.0,0.0,2.0,25.0,0.0,13.0,1.0,7.0,8.0,10.0,1.0,0.0,1.0,0.0,1.0,0.0,4.0,13.0,331.0,7.0,79.0,0.0,36.0,65.0,7.0,36.0,1.0,0.0,2.0,8.0,0.0,4.0,0.7,1.3,0.9,5.0
Cracovia,cracovia,Olafsson D.,matched_existing,davi-kristjan-olafsson,matched_existing,davi-kristjan-olafsson,already_in_player_mapping_csv,matched_existing,davi-kristjan-olafsson,existing_mapping,cracovia,2023/24 | 2024/25 | 2025/26,cracovia,2023/24:cracovia | 2024/25:cracovia | 2025/26:cracovia,Davíð Kristján ÓlafssonCracovia,1.0,1,2024/25,,Davíð Kristján ÓlafssonCracovia,cracovia,0.0,0.0,0.0,0.0,0.0,0.0,0.0,0.0,0.0,0.0,0.0,3.0,5.0,29.0,0.0,75.0,14.0,12.0,21.0,18.0,4.0,3.0,4.0,0.0,7.0,0.0,19.0,24.0,2213.0,19.0,663.0,0.0,287.0,476.0,19.0,81.0,13.0,0.0,4.0,17.0,0.0,60.0,2.3,3.3,3.3,4.0
Cracovia,cracovia,Perkovic M.,matched_existing,mauro-perkovic,matched_existing,mauro-perkovic,already_in_player_mapping_csv,matched_existing,mauro-perkovic,existing_mapping,cracovia,2024/25 | 2025/26,cracovia,2024/25:cracovia | 2025/26:cracovia,Mauro PerkovićCracovia,1.0,1,2024/25,,Mauro PerkovićCracovia,cracovia,0.0,0.0,0.0,0.0,0.0,0.0,0.0,0.0,0.0,0.0,0.0,0.0,3.0,60.0,0.0,3.0,1.0,1.0,4.0,2.0,2.0,1.0,2.0,0.0,2.0,0.0,1.0,40.0,581.0,10.0,312.0,0.0,94.0,139.0,10.0,38.0,3.0,0.0,1.0,5.0,0.0,35.0,0.2,0.7,0.8,0.0
Cracovia,cracovia,Piła D.,matched_existing,dominik-pia,matched_existing,dominik-pia,already_in_player_mapping_csv,matched_existing,dominik-pia,existing_mapping,cracovia | lechia-gdansk,2024/25 | 2025/26,cracovia,2024/25:lechia-gdansk | 2025/26:cracovia,Dominik PiłaLechia Gdańsk,1.0,1,2024/25,,Dominik PiłaLechia Gdańsk,lechia-gdansk,0.0,0.0,0.0,0.0,0.0,0.0,0.0,0.0,0.0,0.0,0.0,1.0,2.0,15.0,1.0,76.0,19.0,56.0,41.0,25.0,1.0,0.0,1.0,0.0,2.0,0.0,21.0,8.0,2969.0,59.0,1166.0,0.0,549.0,790.0,59.0,183.0,50.0,0.0,0.0,13.0,4.0,119.0,3.2,1.2,1.0,7.0
Cracovia,cracovia,Praszelik M.,matched_existing,mateusz-jakub-praszelik,matched_existing,mateusz-jakub-praszelik,already_in_player_mapping_csv,matched_existing,mateusz-jakub-praszelik,existing_mapping,cracovia,2025/26,cracovia,2025/26:cracovia,Mateusz Jakub PraszelikCracovia,1.0,0,,mapped_but_no_previous_season_ranking,,,,,,,,,,,,,,,,,,,,,,,,,,,,,,,,,,,,,,,,,,,,,,,,
Cracovia,cracovia,Rakoczy M.,matched_existing,micha-miosz-rakoczy,matched_existing,micha-miosz-rakoczy,already_in_player_mapping_csv,matched_existing,micha-miosz-rakoczy,existing_mapping,cracovia,2023/24 | 2024/25 | 2025/26,cracovia,2023/24:cracovia | 2024/25:cracovia | 2025/26:cracovia,Michał Miłosz RakoczyCracovia,1.0,1,2024/25,,Michał Miłosz RakoczyCracovia,cracovia,0.0,0.0,0.0,0.0,0.0,0.0,0.0,0.0,0.0,0.0,0.0,0.0,2.0,50.0,0.0,5.0,0.0,16.0,3.0,4.0,0.0,0.0,0.0,0.0,0.0,0.0,2.0,0.0,232.0,3.0,72.0,0.0,36.0,65.0,3.0,15.0,1.0,2.0,0.0,4.0,0.0,9.0,0.5,0.7,1.0,1.0
Cracovia,cracovia,Ravas H.,matched_existing,henrich-ravas,matched_existing,henrich-ravas,already_in_player_mapping_csv,matched_existing,henrich-ravas,existing_mapping,cracovia | widzew-lodz,2023/24 | 2024/25 | 2025/26,cracovia,2023/24:widzew-lodz | 2024/25:cracovia | 2025/26:cracovia,Henrich RavasWidzew Łódź,1.0,1,2024/25,,Henrich RavasCracovia,cracovia,36.0,3.0,100.0,23.0,2070.0,12.0,499.0,0.0,3.0,0.0,69.0,0.0,0.0,0.0,0.0,0.0,0.0,0.0,0.0,1.0,0.0,0.0,0.0,0.0,0.0,0.0,0.0,0.0,2070.0,0.0,499.0,0.0,59.0,213.0,0.0,5.0,0.0,0.0,0.0,0.0,0.0,19.0,0.0,0.0,0.0,0.0
Cracovia,cracovia,Sans P.,matched_existing,pau-sans-lopez,matched_existing,pau-sans-lopez,already_in_player_mapping_csv,matched_existing,pau-sans-lopez,existing_mapping,cracovia,2025/26,cracovia,2025/26:cracovia,Pau Sans LópezCracovia,1.0,0,,mapped_but_no_previous_season_ranking,,,,,,,,,,,,,,,,,,,,,,,,,,,,,,,,,,,,,,,,,,,,,,,,
Cracovia,cracovia,Selan B.,matched_existing,beno-selan,matched_existing,beno-selan,already_in_player_mapping_csv,matched_existing,beno-selan,existing_mapping,cracovia,2025/26,cracovia,2025/26:cracovia,Beno SelanCracovia,1.0,0,,mapped_but_no_previous_season_ranking,,,,,,,,,,,,,,,,,,,,,,,,,,,,,,,,,,,,,,,,,,,,,,,,
Cracovia,cracovia,Skovgaard A.,unresolved,,review_high_confidence,andreas-skovgaard-larsen,all_flash_tokens_in_slug | initial_match_any_given_token | same_club_history,matched_manual_review,andreas-skovgaard-larsen,manual_accept_review_high_confidence,cracovia,2023/24 | 2024/25,,2023/24:cracovia | 2024/25:cracovia,Andreas Skovgaard LarsenCracovia,0.0,1,2024/25,,Andreas Skovgaard LarsenCracovia,cracovia,0.0,0.0,0.0,0.0,0.0,0.0,0.0,0.0,0.0,0.0,0.0,0.0,0.0,0.0,0.0,5.0,1.0,1.0,5.0,4.0,0.0,0.0,0.0,0.0,0.0,0.0,1.0,0.0,450.0,6.0,276.0,0.0,96.0,140.0,6.0,39.0,6.0,0.0,0.0,0.0,0.0,26.0,0.2,0.2,0.0,1.0
Cracovia,cracovia,Stojilkovic F.,matched_existing,filip-stojilkovic,matched_existing,filip-stojilkovic,already_in_player_mapping_csv,matched_existing,filip-stojilkovic,existing_mapping,cracovia,2025/26,cracovia,2025/26:cracovia,Filip StojilkovićCracovia,1.0,0,,mapped_but_no_previous_season_ranking,,,,,,,,,,,,,,,,,,,,,,,,,,,,,,,,,,,,,,,,,,,,,,,,
Cracovia,cracovia,Sutalo B.,matched_existing,bosko-sutalo,matched_existing,bosko-sutalo,already_in_player_mapping_csv,matched_existing,bosko-sutalo,existing_mapping,cracovia,2025/26,cracovia,2025/26:cracovia,Boško ŠutaloCracovia,1.0,0,,mapped_but_no_previous_season_ranking,,,,,,,,,,,,,,,,,,,,,,,,,,,,,,,,,,,,,,,,,,,,,,,,
Cracovia,cracovia,Tabisz M.,matched_existing,mateusz-tabisz,matched_existing,mateusz-tabisz,already_in_player_mapping_csv,matched_existing,mateusz-tabisz,existing_mapping,cracovia,2025/26,cracovia,2025/26:cracovia,Mateusz TabiszCracovia,1.0,0,,mapped_but_no_previous_season_ranking,,,,,,,,,,,,,,,,,,,,,,,,,,,,,,,,,,,,,,,,,,,,,,,,
Cracovia,cracovia,Traore B.,matched_existing,brahim-traore,matched_existing,brahim-traore,already_in_player_mapping_csv,matched_existing,brahim-traore,existing_mapping,cracovia,2025/26,cracovia,2025/26:cracovia,Brahim TraoréCracovia,1.0,0,,mapped_but_no_previous_season_ranking,,,,,,,,,,,,,,,,,,,,,,,,,,,,,,,,,,,,,,,,,,,,,,,,
Cracovia,cracovia,Wójcik O.,matched_existing,oskar-wojcik,matched_existing,oskar-wojcik,already_in_player_mapping_csv,matched_existing,oskar-wojcik,existing_mapping,cracovia,2024/25 | 2025/26,cracovia,2024/25:cracovia | 2025/26:cracovia,Oskar WójcikCracovia,1.0,1,2024/25,,Oskar WójcikCracovia,cracovia,0.0,0.0,0.0,0.0,0.0,0.0,0.0,0.0,0.0,0.0,0.0,0.0,0.0,0.0,0.0,0.0,0.0,0.0,0.0,0.0,0.0,0.0,0.0,0.0,0.0,0.0,0.0,0.0,1.0,0.0,0.0,0.0,0.0,0.0,0.0,0.0,0.0,0.0,0.0,0.0,0.0,0.0,0.0,0.0,0.0,0.0
Cracovia,cracovia,Zahiroleslam K.,matched_existing,kahveh-zahiroleslam,matched_existing,kahveh-zahiroleslam,already_in_player_mapping_csv,matched_existing,kahveh-zahiroleslam,existing_mapping,cracovia,2025/26,cracovia,2025/26:cracovia,Kahveh ZahiroleslamCracovia,1.0,0,,mapped_but_no_previous_season_ranking,,,,,,,,,,,,,,,,,,,,,,,,,,,,,,,,,,,,,,,,,,,,,,,,
GKS Katowice,gks-katowice,Bosch J.,matched_existing,jesse-bosch,matched_existing,jesse-bosch,already_in_player_mapping_csv,matched_existing,jesse-bosch,existing_mapping,gks-katowice,2025/26,gks-katowice,2025/26:gks-katowice,Jesse BoschGKS Katowice,1.0,0,,mapped_but_no_previous_season_ranking,,,,,,,,,,,,,,,,,,,,,,,,,,,,,,,,,,,,,,,,,,,,,,,,
GKS Katowice,gks-katowice,Bród A.,matched_existing,alan-brod,matched_existing,alan-brod,already_in_player_mapping_csv,matched_existing,alan-brod,existing_mapping,gks-katowice,2024/25 | 2025/26,gks-katowice,2024/25:gks-katowice | 2025/26:gks-katowice,Alan BródGKS Katowice,1.0,1,2024/25,,Alan BródGKS Katowice,gks-katowice,0.0,0.0,0.0,0.0,0.0,0.0,0.0,0.0,0.0,0.0,0.0,0.0,0.0,0.0,0.0,2.0,2.0,1.0,1.0,0.0,0.0,0.0,0.0,0.0,0.0,0.0,0.0,0.0,33.0,0.0,6.0,0.0,4.0,6.0,0.0,0.0,0.0,0.0,0.0,0.0,0.0,0.0,0.1,0.0,0.0,0.0
GKS Katowice,gks-katowice,Buksa A.,matched_existing,aleksander-buksa,matched_existing,aleksander-buksa,already_in_player_mapping_csv,matched_existing,aleksander-buksa,existing_mapping,gks-katowice | gornik-zabrze,2024/25 | 2025/26,gks-katowice,2024/25:gornik-zabrze | 2025/26:gks-katowice,Aleksander BuksaGórnik Zabrze,1.0,1,2024/25,,Aleksander BuksaGórnik Zabrze,gornik-zabrze,0.0,0.0,0.0,0.0,0.0,0.0,0.0,0.0,0.0,0.0,0.0,0.0,10.0,63.0,4.0,1.0,0.0,6.0,16.0,6.0,1.0,1.0,1.0,0.0,1.0,0.0,9.0,6.0,957.0,5.0,166.0,0.0,57.0,98.0,5.0,42.0,2.0,0.0,3.0,16.0,0.0,9.0,0.3,3.2,4.5,2.0
GKS Katowice,gks-katowice,Błąd A.,matched_existing,adrian-bad,matched_existing,adrian-bad,already_in_player_mapping_csv,matched_existing,adrian-bad,existing_mapping,gks-katowice,2024/25 | 2025/26,gks-katowice,2024/25:gks-katowice | 2025/26:gks-katowice,Adrian BłądGKS Katowice,1.0,1,2024/25,,Adrian BłądGKS Katowice,gks-katowice,0.0,0.0,0.0,0.0,0.0,0.0,0.0,0.0,0.0,0.0,0.0,3.0,14.0,32.0,2.0,67.0,14.0,33.0,14.0,14.0,2.0,2.0,1.0,0.0,5.0,0.0,29.0,5.0,2516.0,34.0,889.0,0.0,433.0,667.0,34.0,81.0,13.0,1.0,8.0,44.0,7.0,20.0,3.7,2.9,2.7,12.0
GKS Katowice,gks-katowice,Czerwiński A.,matched_existing,alan-czerwinski,matched_existing,alan-czerwinski,already_in_player_mapping_csv,matched_existing,alan-czerwinski,existing_mapping,gks-katowice | lech-poznan,2023/24 | 2024/25 | 2025/26,gks-katowice,2023/24:lech-poznan | 2024/25:gks-katowice | 2025/26:gks-katowice,Alan CzerwińskiLech Poznań,1.0,1,2024/25,,Alan CzerwińskiGKS Katowice,gks-katowice,0.0,0.0,0.0,0.0,0.0,0.0,0.0,0.0,0.0,0.0,0.0,3.0,2.0,20.0,0.0,74.0,24.0,11.0,22.0,13.0,0.0,0.0,0.0,0.0,3.0,0.0,32.0,0.0,2333.0,13.0,1176.0,0.0,474.0,686.0,13.0,67.0,10.0,22.0,3.0,10.0,3.0,88.0,3.5,0.7,1.1,2.0
GKS Katowice,gks-katowice,Galan B.,matched_existing,borja-galan-gonzalez,matched_existing,borja-galan-gonzalez,already_in_player_mapping_csv,matched_existing,borja-galan-gonzalez,existing_mapping,gks-katowice,2024/25 | 2025/26,gks-katowice,2024/25:gks-katowice | 2025/26:gks-katowice,Borja Galán GonzálezGKS Katowice,1.0,1,2024/25,,Borja Galán GonzálezGKS Katowice,gks-katowice,0.0,0.0,0.0,0.0,0.0,0.0,0.0,0.0,0.0,0.0,0.0,3.0,14.0,52.0,2.0,83.0,17.0,83.0,27.0,58.0,1.0,1.0,1.0,0.0,4.0,0.0,42.0,4.0,2234.0,24.0,812.0,0.0,361.0,568.0,24.0,189.0,14.0,21.0,2.0,27.0,3.0,51.0,4.2,2.9,3.1,18.0
GKS Katowice,gks-katowice,Gruszkowski K.,matched_existing,konrad-jan-gruszkowski,matched_existing,konrad-jan-gruszkowski,already_in_player_mapping_csv,matched_existing,konrad-jan-gruszkowski,existing_mapping,gks-katowice,2024/25 | 2025/26,gks-katowice,2024/25:gks-katowice | 2025/26:gks-katowice,Konrad Jan GruszkowskiGKS Katowice,1.0,1,2024/25,,Konrad Jan GruszkowskiGKS Katowice,gks-katowice,0.0,0.0,0.0,0.0,0.0,0.0,0.0,0.0,0.0,0.0,0.0,0.0,1.0,100.0,0.0,12.0,3.0,2.0,17.0,1.0,0.0,0.0,0.0,0.0,0.0,0.0,3.0,0.0,334.0,6.0,145.0,0.0,81.0,109.0,6.0,11.0,4.0,0.0,0.0,1.0,0.0,12.0,0.3,0.0,0.1,1.0
GKS Katowice,gks-katowice,Jaroszek B.,unresolved,,auto_same_club_history,bartosz-jaroszek,all_flash_tokens_in_slug | suffix_exact | initial_match_any_given_token | same_club_history,matched_auto_same_club_history,bartosz-jaroszek,review_auto_same_club_history,gks-katowice,2024/25,,2024/25:gks-katowice,Bartosz JaroszekGKS Katowice,0.0,1,2024/25,,Bartosz JaroszekGKS Katowice,gks-katowice,0.0,0.0,0.0,0.0,0.0,0.0,0.0,0.0,0.0,0.0,0.0,0.0,0.0,0.0,0.0,0.0,0.0,0.0,0.0,0.0,0.0,0.0,0.0,0.0,0.0,0.0,0.0,0.0,15.0,0.0,9.0,0.0,2.0,3.0,0.0,1.0,0.0,0.0,0.0,0.0,0.0,1.0,0.0,0.0,0.0,0.0
GKS Katowice,gks-katowice,Jirka E.,unresolved,,auto_transfer_candidate,erik-jirka,all_flash_tokens_in_slug | suffix_exact | initial_match_any_given_token | present_in_target_season,matched_auto_transfer_candidate,erik-jirka,review_auto_transfer_candidate,piast-gliwice,2024/25 | 2025/26,piast-gliwice,2024/25:piast-gliwice | 2025/26:piast-gliwice,Erik JirkaPiast Gliwice,0.0,1,2024/25,,Erik JirkaPiast Gliwice,piast-gliwice,0.0,0.0,0.0,0.0,0.0,0.0,0.0,0.0,0.0,0.0,0.0,1.0,9.0,39.0,2.0,34.0,7.0,19.0,7.0,11.0,0.0,0.0,0.0,0.0,1.0,0.0,6.0,0.0,1006.0,8.0,331.0,0.0,190.0,290.0,8.0,52.0,8.0,1.0,11.0,23.0,2.0,17.0,0.8,1.7,2.2,7.0
GKS Katowice,gks-katowice,Jędrych A.,matched_existing,arkadiusz-jedrych,matched_existing,arkadiusz-jedrych,already_in_player_mapping_csv,matched_existing,arkadiusz-jedrych,existing_mapping,gks-katowice,2024/25 | 2025/26,gks-katowice,2024/25:gks-katowice | 2025/26:gks-katowice,Arkadiusz JędrychGKS Katowice,1.0,1,2024/25,,Arkadiusz JędrychGKS Katowice,gks-katowice,0.0,0.0,0.0,0.0,0.0,0.0,0.0,0.0,0.0,0.0,0.0,0.0,9.0,39.0,4.0,5.0,0.0,6.0,17.0,13.0,4.0,0.0,4.0,2.0,4.0,3.0,9.0,17.0,3060.0,16.0,1859.0,0.0,309.0,530.0,16.0,141.0,37.0,0.0,2.0,23.0,1.0,264.0,0.8,4.0,5.0,5.0
GKS Katowice,gks-katowice,Klemenz L.,matched_existing,lukas-rafael-klemenz,matched_existing,lukas-rafael-klemenz,already_in_player_mapping_csv,matched_existing,lukas-rafael-klemenz,existing_mapping,gks-katowice,2024/25 | 2025/26,gks-katowice,2024/25:gks-katowice | 2025/26:gks-katowice,Lukas Rafael KlemenzGKS Katowice,1.0,1,2024/25,,Lukas Rafael KlemenzGKS Katowice,gks-katowice,0.0,0.0,0.0,0.0,0.0,0.0,0.0,0.0,0.0,0.0,0.0,1.0,7.0,47.0,3.0,2.0,1.0,6.0,21.0,18.0,1.0,1.0,1.0,0.0,2.0,0.0,7.0,7.0,1985.0,24.0,1042.0,0.0,278.0,363.0,24.0,106.0,28.0,0.0,3.0,15.0,0.0,84.0,0.4,1.7,2.2,1.0
GKS Katowice,gks-katowice,Kokosinski J.,matched_existing,jakub-kokosinski,matched_existing,jakub-kokosinski,already_in_player_mapping_csv,matched_existing,jakub-kokosinski,existing_mapping,gks-katowice,2025/26,gks-katowice,2025/26:gks-katowice,Jakub KokosińskiGKS Katowice,1.0,0,,mapped_but_no_previous_season_ranking,,,,,,,,,,,,,,,,,,,,,,,,,,,,,,,,,,,,,,,,,,,,,,,,
GKS Katowice,gks-katowice,Kowalczyk M.,matched_existing,mateusz-kowalczyk,matched_existing,mateusz-kowalczyk,already_in_player_mapping_csv,matched_existing,mateusz-kowalczyk,existing_mapping,gks-katowice,2024/25 | 2025/26,gks-katowice,2024/25:gks-katowice | 2025/26:gks-katowice,Mateusz KowalczykGKS Katowice,1.0,1,2024/25,,Mateusz KowalczykGKS Katowice,gks-katowice,0.0,0.0,0.0,0.0,0.0,0.0,0.0,0.0,0.0,0.0,0.0,4.0,8.0,42.0,2.0,10.0,4.0,45.0,52.0,49.0,3.0,2.0,3.0,0.0,7.0,0.0,25.0,16.0,2472.0,51.0,981.0,0.0,379.0,484.0,51.0,183.0,48.0,0.0,0.0,19.0,6.0,52.0,1.7,2.0,0.9,8.0
GKS Katowice,gks-katowice,Kudła D.,matched_existing,dawid-kuda,matched_existing,dawid-kuda,already_in_player_mapping_csv,matched_existing,dawid-kuda,existing_mapping,gks-katowice,2024/25 | 2025/26,gks-katowice,2024/25:gks-katowice | 2025/26:gks-katowice,Dawid KudłaGKS Katowice,1.0,1,2024/25,,Dawid KudłaGKS Katowice,gks-katowice,47.0,9.0,179.0,34.0,3060.0,14.0,916.0,0.0,3.0,0.0,113.0,0.0,0.0,0.0,0.0,1.0,0.0,2.0,0.0,2.0,0.0,0.0,0.0,0.0,0.0,0.0,1.0,0.0,3060.0,2.0,916.0,0.0,99.0,305.0,2.0,18.0,0.0,0.0,0.0,0.0,0.0,25.0,0.0,0.0,0.0,1.0
GKS Katowice,gks-katowice,Kuusk M.,matched_existing,marten-kuusk,matched_existing,marten-kuusk,already_in_player_mapping_csv,matched_existing,marten-kuusk,existing_mapping,gks-katowice,2024/25 | 2025/26,gks-katowice,2024/25:gks-katowice | 2025/26:gks-katowice,Märten KuuskGKS Katowice,1.0,1,2024/25,,Märten KuuskGKS Katowice,gks-katowice,0.0,0.0,0.0,0.0,0.0,0.0,0.0,0.0,0.0,0.0,0.0,2.0,5.0,63.0,2.0,7.0,5.0,3.0,17.0,11.0,1.0,0.0,1.0,0.0,3.0,0.0,4.0,13.0,1898.0,17.0,903.0,0.0,225.0,299.0,17.0,70.0,22.0,0.0,4.0,8.0,1.0,90.0,0.5,0.9,2.0,2.0
GKS Katowice,gks-katowice,Markovic E.,matched_existing,eman-markovic,matched_existing,eman-markovic,already_in_player_mapping_csv,matched_existing,eman-markovic,existing_mapping,gks-katowice,2025/26,gks-katowice,2025/26:gks-katowice,Eman MarkovićGKS Katowice,1.0,0,,mapped_but_no_previous_season_ranking,,,,,,,,,,,,,,,,,,,,,,,,,,,,,,,,,,,,,,,,,,,,,,,,
GKS Katowice,gks-katowice,Marzec M.,unresolved,,auto_same_club_history,mateusz-marzec,all_flash_tokens_in_slug | suffix_exact | initial_match_any_given_token | same_club_history,matched_auto_same_club_history,mateusz-marzec,review_auto_same_club_history,gks-katowice,2024/25,,2024/25:gks-katowice,Mateusz MarzecGKS Katowice,0.0,1,2024/25,,Mateusz MarzecGKS Katowice,gks-katowice,0.0,0.0,0.0,0.0,0.0,0.0,0.0,0.0,0.0,0.0,0.0,0.0,4.0,40.0,1.0,14.0,6.0,12.0,10.0,7.0,2.0,1.0,1.0,0.0,2.0,0.0,2.0,20.0,297.0,5.0,143.0,0.0,72.0,100.0,5.0,20.0,5.0,0.0,2.0,10.0,1.0,11.0,0.8,0.5,0.4,4.0
GKS Katowice,gks-katowice,Milewski S.,matched_existing,sebastian-milewski,matched_existing,sebastian-milewski,already_in_player_mapping_csv,matched_existing,sebastian-milewski,existing_mapping,gks-katowice,2024/25 | 2025/26,gks-katowice,2024/25:gks-katowice | 2025/26:gks-katowice,Sebastian MilewskiGKS Katowice,1.0,1,2024/25,,Sebastian MilewskiGKS Katowice,gks-katowice,0.0,0.0,0.0,0.0,0.0,0.0,0.0,0.0,0.0,0.0,0.0,0.0,2.0,40.0,3.0,3.0,1.0,13.0,6.0,9.0,1.0,1.0,1.0,0.0,1.0,0.0,8.0,20.0,562.0,9.0,288.0,0.0,117.0,165.0,9.0,34.0,6.0,3.0,0.0,5.0,1.0,18.0,0.3,1.3,0.9,4.0
GKS Katowice,gks-katowice,Nowak B.,matched_existing,bartosz-nowak,matched_existing,bartosz-nowak,already_in_player_mapping_csv,matched_existing,bartosz-nowak,existing_mapping,gks-katowice | rakow-czestochowa,2023/24 | 2024/25 | 2025/26,gks-katowice,2023/24:rakow-czestochowa | 2024/25:rakow-czestochowa | 2025/26:gks-katowice,Bartosz NowakRaków Częstochowa,1.0,1,2024/25,,Bartosz NowakRaków Częstochowa,rakow-czestochowa,0.0,0.0,0.0,0.0,0.0,0.0,0.0,0.0,0.0,0.0,0.0,7.0,11.0,38.0,3.0,23.0,4.0,71.0,16.0,13.0,2.0,1.0,2.0,1.0,9.0,1.0,59.0,7.0,2270.0,9.0,838.0,0.0,437.0,694.0,9.0,67.0,12.0,104.0,5.0,29.0,13.0,9.0,6.6,3.1,1.8,11.0
GKS Katowice,gks-katowice,Olsen M.,matched_existing,marius-berntsen-olsen,matched_existing,marius-berntsen-olsen,already_in_player_mapping_csv,matched_existing,marius-berntsen-olsen,existing_mapping,gks-katowice,2025/26,gks-katowice,2025/26:gks-katowice,Marius Berntsen OlsenGKS Katowice,1.0,0,,mapped_but_no_previous_season_ranking,,,,,,,,,,,,,,,,,,,,,,,,,,,,,,,,,,,,,,,,,,,,,,,,
GKS Katowice,gks-katowice,Paluszek A.,matched_existing,aleksander-paluszek,matched_existing,aleksander-paluszek,already_in_player_mapping_csv,matched_existing,aleksander-paluszek,existing_mapping,gks-katowice | slask-wroclaw,2023/24 | 2024/25 | 2025/26,gks-katowice,2023/24:slask-wroclaw | 2024/25:slask-wroclaw | 2025/26:gks-katowice,Aleksander PaluszekŚląsk Wrocław,1.0,1,2024/25,,Aleksander PaluszekŚląsk Wrocław,slask-wroclaw,0.0,0.0,0.0,0.0,0.0,0.0,0.0,0.0,0.0,0.0,0.0,0.0,2.0,18.0,0.0,0.0,0.0,3.0,26.0,15.0,1.0,0.0,1.0,0.0,1.0,0.0,4.0,9.0,1686.0,18.0,800.0,0.0,180.0,271.0,18.0,106.0,19.0,0.0,2.0,11.0,0.0,117.0,0.3,1.4,0.9,3.0
GKS Katowice,gks-katowice,Pankowski W.,unresolved,,no_candidate,,no_strict_candidate,no_candidate,,review_no_candidate,,,,,,,0,,unmapped_flash_player,,,,,,,,,,,,,,,,,,,,,,,,,,,,,,,,,,,,,,,,,,,,,,,,
GKS Katowice,gks-katowice,Rasak D.,matched_existing,damian-rasak,matched_existing,damian-rasak,already_in_player_mapping_csv,matched_existing,damian-rasak,existing_mapping,gks-katowice | gornik-zabrze,2023/24 | 2024/25 | 2025/26,gks-katowice,2023/24:gornik-zabrze | 2024/25:gornik-zabrze | 2025/26:gks-katowice,Damian RasakGórnik Zabrze,1.0,1,2024/25,,Damian RasakGórnik Zabrze,gornik-zabrze,0.0,0.0,0.0,0.0,0.0,0.0,0.0,0.0,0.0,0.0,0.0,2.0,14.0,54.0,1.0,9.0,1.0,14.0,11.0,20.0,4.0,2.0,2.0,0.0,6.0,0.0,20.0,15.0,1528.0,14.0,998.0,0.0,448.0,531.0,14.0,64.0,16.0,5.0,1.0,26.0,3.0,22.0,1.6,1.7,2.2,7.0
GKS Katowice,gks-katowice,Rejczyk F.,matched_existing,filip-rejczyk,matched_existing,filip-rejczyk,already_in_player_mapping_csv,matched_existing,filip-rejczyk,existing_mapping,gks-katowice | legia-warszawa | slask-wroclaw,2023/24 | 2024/25 | 2025/26,gks-katowice,2023/24:legia-warszawa | 2024/25:slask-wroclaw | 2025/26:gks-katowice,Filip RejczykLegia Warszawa,1.0,1,2024/25,,Filip RejczykŚląsk Wrocław,slask-wroclaw,0.0,0.0,0.0,0.0,0.0,0.0,0.0,0.0,0.0,0.0,0.0,0.0,0.0,0.0,0.0,3.0,1.0,1.0,0.0,0.0,0.0,0.0,0.0,0.0,0.0,0.0,1.0,0.0,70.0,4.0,38.0,0.0,23.0,28.0,4.0,5.0,2.0,0.0,0.0,1.0,0.0,2.0,0.2,0.2,0.0,0.0
GKS Katowice,gks-katowice,Rogala G.,matched_existing,grzegorz-rogala,matched_existing,grzegorz-rogala,already_in_player_mapping_csv,matched_existing,grzegorz-rogala,existing_mapping,gks-katowice,2024/25 | 2025/26,gks-katowice,2024/25:gks-katowice | 2025/26:gks-katowice,Grzegorz RogalaGKS Katowice,1.0,1,2024/25,,Grzegorz RogalaGKS Katowice,gks-katowice,0.0,0.0,0.0,0.0,0.0,0.0,0.0,0.0,0.0,0.0,0.0,1.0,4.0,36.0,3.0,30.0,7.0,10.0,5.0,1.0,0.0,0.0,0.0,0.0,1.0,0.0,5.0,0.0,803.0,4.0,276.0,0.0,121.0,185.0,4.0,18.0,6.0,0.0,0.0,11.0,0.0,14.0,0.8,1.0,0.2,3.0
GKS Katowice,gks-katowice,Rosołek M.,matched_existing,maciej-rosoek,matched_existing,maciej-rosoek,already_in_player_mapping_csv,matched_existing,maciej-rosoek,existing_mapping,gks-katowice | legia-warszawa,2023/24 | 2024/25 | 2025/26,gks-katowice,2023/24:legia-warszawa | 2024/25:legia-warszawa | 2025/26:gks-katowice,Maciej RosołekLegia Warszawa,1.0,1,2024/25,,Maciej RosołekLegia Warszawa,legia-warszawa,0.0,0.0,0.0,0.0,0.0,0.0,0.0,0.0,0.0,0.0,0.0,3.0,18.0,47.0,6.0,28.0,6.0,29.0,29.0,29.0,4.0,2.0,4.0,0.0,7.0,0.0,16.0,11.0,2141.0,19.0,477.0,0.0,214.0,371.0,19.0,139.0,10.0,0.0,8.0,38.0,3.0,35.0,1.1,5.3,5.3,8.0
GKS Katowice,gks-katowice,Shkurin I.,unresolved,,auto_transfer_candidate,ilya-shkurin,all_flash_tokens_in_slug | suffix_exact | initial_match_any_given_token | present_in_target_season,matched_auto_transfer_candidate,ilya-shkurin,review_auto_transfer_candidate,legia-warszawa | stal-mielec,2023/24 | 2024/25 | 2025/26,legia-warszawa,2023/24:stal-mielec | 2024/25:legia-warszawa | 2025/26:legia-warszawa,Ilya ShkurinStal Mielec,0.0,1,2024/25,,Ilya ShkurinLegia Warszawa,legia-warszawa,0.0,0.0,0.0,0.0,0.0,0.0,0.0,0.0,0.0,0.0,0.0,4.0,24.0,44.0,0.0,2.0,1.0,52.0,24.0,30.0,2.0,2.0,7.0,0.0,6.0,1.0,26.0,4.0,2299.0,10.0,441.0,0.0,220.0,332.0,10.0,123.0,6.0,0.0,4.0,54.0,0.0,36.0,1.2,5.0,3.4,11.0
GKS Katowice,gks-katowice,Strączek R.,matched_existing,rafa-straczek,matched_existing,rafa-straczek,already_in_player_mapping_csv,matched_existing,rafa-straczek,existing_mapping,gks-katowice,2025/26,gks-katowice,2025/26:gks-katowice,Rafał StrączekGKS Katowice,1.0,0,,mapped_but_no_previous_season_ranking,,,,,,,,,,,,,,,,,,,,,,,,,,,,,,,,,,,,,,,,,,,,,,,,
GKS Katowice,gks-katowice,Swatowski M.,unresolved,,no_candidate,,no_strict_candidate,no_candidate,,review_no_candidate,,,,,,,0,,unmapped_flash_player,,,,,,,,,,,,,,,,,,,,,,,,,,,,,,,,,,,,,,,,,,,,,,,,
GKS Katowice,gks-katowice,Szczuka P.,unresolved,,no_candidate,,no_strict_candidate,no_candidate,,review_no_candidate,,,,,,,0,,unmapped_flash_player,,,,,,,,,,,,,,,,,,,,,,,,,,,,,,,,,,,,,,,,,,,,,,,,
GKS Katowice,gks-katowice,Trepka L.,unresolved,,no_candidate,,no_strict_candidate,no_candidate,,review_no_candidate,,,,,,,0,,unmapped_flash_player,,,,,,,,,,,,,,,,,,,,,,,,,,,,,,,,,,,,,,,,,,,,,,,,
GKS Katowice,gks-katowice,Wasielewski M.,matched_existing,marcin-wasielewski,matched_existing,marcin-wasielewski,already_in_player_mapping_csv,matched_existing,marcin-wasielewski,existing_mapping,gks-katowice,2024/25 | 2025/26,gks-katowice,2024/25:gks-katowice | 2025/26:gks-katowice,Marcin WasielewskiGKS Katowice,1.0,1,2024/25,,Marcin WasielewskiGKS Katowice,gks-katowice,0.0,0.0,0.0,0.0,0.0,0.0,0.0,0.0,0.0,0.0,0.0,3.0,9.0,56.0,4.0,98.0,23.0,30.0,34.0,57.0,2.0,2.0,2.0,0.0,5.0,0.0,25.0,13.0,2584.0,21.0,767.0,0.0,371.0,541.0,21.0,124.0,20.0,1.0,3.0,16.0,7.0,56.0,4.1,2.2,2.0,11.0
GKS Katowice,gks-katowice,Wdowiak M.,unresolved,,auto_transfer_candidate,mateusz-wdowiak,all_flash_tokens_in_slug | suffix_exact | initial_match_any_given_token | present_in_target_season,matched_auto_transfer_candidate,mateusz-wdowiak,review_auto_transfer_candidate,zagebie-lubin,2023/24 | 2024/25 | 2025/26,zagebie-lubin,2023/24:zagebie-lubin | 2024/25:zagebie-lubin | 2025/26:zagebie-lubin,Mateusz WdowiakKGHM Zagłębie Lubin,0.0,1,2024/25,,Mateusz WdowiakKGHM Zagłębie Lubin,zagebie-lubin,0.0,0.0,0.0,0.0,0.0,0.0,0.0,0.0,0.0,0.0,0.0,3.0,24.0,53.0,0.0,72.0,14.0,51.0,16.0,26.0,4.0,3.0,3.0,0.0,7.0,0.0,37.0,9.0,2072.0,16.0,625.0,0.0,341.0,491.0,16.0,102.0,15.0,2.0,3.0,45.0,0.0,20.0,3.0,5.3,6.5,15.0
GKS Katowice,gks-katowice,Wędrychowski M.,matched_existing,marcel-wedrychowski,matched_existing,marcel-wedrychowski,already_in_player_mapping_csv,matched_existing,marcel-wedrychowski,existing_mapping,gks-katowice | pogon-szczecin,2023/24 | 2024/25 | 2025/26,gks-katowice,2023/24:pogon-szczecin | 2024/25:pogon-szczecin | 2025/26:gks-katowice,Marcel WędrychowskiPogoń Szczecin,1.0,1,2024/25,,Marcel WędrychowskiPogoń Szczecin,pogon-szczecin,0.0,0.0,0.0,0.0,0.0,0.0,0.0,0.0,0.0,0.0,0.0,0.0,3.0,60.0,0.0,12.0,2.0,13.0,7.0,11.0,1.0,1.0,1.0,0.0,1.0,0.0,6.0,20.0,467.0,20.0,161.0,0.0,101.0,133.0,20.0,45.0,4.0,0.0,0.0,5.0,0.0,1.0,0.6,0.4,0.8,4.0
GKS Katowice,gks-katowice,Zrelak A.,matched_existing,adam-zrelak,matched_existing,adam-zrelak,already_in_player_mapping_csv,matched_existing,adam-zrelak,existing_mapping,gks-katowice | warta-poznan,2023/24 | 2024/25 | 2025/26,gks-katowice,2023/24:warta-poznan | 2024/25:gks-katowice | 2025/26:gks-katowice,Adam ZreľákWarta Poznań,1.0,1,2024/25,,Adam ZreľákGKS Katowice,gks-katowice,0.0,0.0,0.0,0.0,0.0,0.0,0.0,0.0,0.0,0.0,0.0,1.0,10.0,67.0,8.0,4.0,2.0,7.0,18.0,7.0,3.0,2.0,3.0,0.0,4.0,0.0,7.0,20.0,836.0,4.0,189.0,0.0,89.0,133.0,4.0,40.0,4.0,0.0,16.0,15.0,3.0,13.0,0.7,2.8,5.5,5.0
GKS Katowice,gks-katowice,Łukasiak K.,matched_existing,kacper-ukasiak,matched_existing,kacper-ukasiak,already_in_player_mapping_csv,matched_existing,kacper-ukasiak,existing_mapping,gks-katowice | pogon-szczecin,2024/25 | 2025/26,gks-katowice,2024/25:pogon-szczecin | 2025/26:gks-katowice,Kacper ŁukasiakPogoń Szczecin,1.0,1,2024/25,,Kacper ŁukasiakPogoń Szczecin,pogon-szczecin,0.0,0.0,0.0,0.0,0.0,0.0,0.0,0.0,0.0,0.0,0.0,4.0,9.0,60.0,6.0,6.0,3.0,17.0,17.0,24.0,2.0,2.0,2.0,0.0,6.0,0.0,16.0,13.0,1415.0,13.0,662.0,0.0,334.0,407.0,13.0,66.0,10.0,0.0,0.0,15.0,2.0,10.0,1.2,2.8,2.9,3.0
GKS Katowice,gks-katowice,Łukowski J.,matched_existing,jakub-ukowski,matched_existing,jakub-ukowski,already_in_player_mapping_csv,matched_existing,jakub-ukowski,existing_mapping,gks-katowice | korona-kielce | widzew-lodz,2023/24 | 2024/25 | 2025/26,gks-katowice,2023/24:korona-kielce | 2024/25:widzew-lodz | 2025/26:gks-katowice,Jakub ŁukowskiKorona Kielce,1.0,1,2024/25,,Jakub ŁukowskiWidzew Łódź,widzew-lodz,0.0,0.0,0.0,0.0,0.0,0.0,0.0,0.0,0.0,0.0,0.0,1.0,9.0,60.0,0.0,13.0,3.0,24.0,12.0,27.0,3.0,3.0,1.0,0.0,4.0,0.0,9.0,20.0,1220.0,5.0,260.0,0.0,132.0,207.0,5.0,52.0,6.0,2.0,2.0,15.0,0.0,10.0,0.6,1.8,1.8,7.0
Górnik Zabrze,gornik-zabrze,Abdullahi A.,matched_existing,abbati-abdullahi,matched_existing,abbati-abdullahi,already_in_player_mapping_csv,matched_existing,abbati-abdullahi,existing_mapping,gornik-zabrze,2024/25 | 2025/26,gornik-zabrze,2024/25:gornik-zabrze | 2025/26:gornik-zabrze,Abbati AbdullahiGórnik Zabrze,1.0,1,2024/25,,Abbati AbdullahiGórnik Zabrze,gornik-zabrze,0.0,0.0,0.0,0.0,0.0,0.0,0.0,0.0,0.0,0.0,0.0,0.0,0.0,0.0,0.0,0.0,0.0,0.0,0.0,1.0,0.0,0.0,0.0,0.0,0.0,0.0,1.0,0.0,28.0,0.0,7.0,0.0,2.0,4.0,0.0,2.0,1.0,0.0,0.0,2.0,0.0,0.0,0.0,0.2,0.0,0.0
Górnik Zabrze,gornik-zabrze,Ambros L.,matched_existing,lukas-ambros,matched_existing,lukas-ambros,already_in_player_mapping_csv,matched_existing,lukas-ambros,existing_mapping,gornik-zabrze,2024/25 | 2025/26,gornik-zabrze,2024/25:gornik-zabrze | 2025/26:gornik-zabrze,Lukáš AmbrosGórnik Zabrze,1.0,1,2024/25,,Lukáš AmbrosGórnik Zabrze,gornik-zabrze,0.0,0.0,0.0,0.0,0.0,0.0,0.0,0.0,0.0,0.0,0.0,1.0,9.0,45.0,4.0,9.0,1.0,33.0,19.0,20.0,1.0,1.0,1.0,0.0,2.0,0.0,17.0,5.0,1000.0,16.0,487.0,0.0,247.0,298.0,16.0,65.0,4.0,6.0,3.0,20.0,4.0,7.0,1.4,2.4,0.9,6.0
Górnik Zabrze,gornik-zabrze,Balabuch A.,unresolved,,no_candidate,,no_strict_candidate,no_candidate,,review_no_candidate,,,,,,,0,,unmapped_flash_player,,,,,,,,,,,,,,,,,,,,,,,,,,,,,,,,,,,,,,,,,,,,,,,,
Górnik Zabrze,gornik-zabrze,Bochniewicz P.,matched_existing,pawe-piotr-bochniewicz,matched_existing,pawe-piotr-bochniewicz,already_in_player_mapping_csv,matched_existing,pawe-piotr-bochniewicz,existing_mapping,gornik-zabrze,2025/26,gornik-zabrze,2025/26:gornik-zabrze,Paweł Piotr BochniewiczGórnik Zabrze,1.0,0,,mapped_but_no_previous_season_ranking,,,,,,,,,,,,,,,,,,,,,,,,,,,,,,,,,,,,,,,,,,,,,,,,
Górnik Zabrze,gornik-zabrze,Domingues B.,matched_existing,brandon-jose-domingues,matched_existing,brandon-jose-domingues,already_in_player_mapping_csv,matched_existing,brandon-jose-domingues,existing_mapping,gornik-zabrze,2025/26,gornik-zabrze,2025/26:gornik-zabrze,Brandon José DominguèsGórnik Zabrze,1.0,0,,mapped_but_no_previous_season_ranking,,,,,,,,,,,,,,,,,,,,,,,,,,,,,,,,,,,,,,,,,,,,,,,,
Górnik Zabrze,gornik-zabrze,Donio B.,matched_existing,bastien-donio,matched_existing,bastien-donio,already_in_player_mapping_csv,matched_existing,bastien-donio,existing_mapping,gornik-zabrze,2025/26,gornik-zabrze,2025/26:gornik-zabrze,Bastien DonioGórnik Zabrze,1.0,0,,mapped_but_no_previous_season_ranking,,,,,,,,,,,,,,,,,,,,,,,,,,,,,,,,,,,,,,,,,,,,,,,,
Górnik Zabrze,gornik-zabrze,Dziegielewski N.,matched_existing,natan-dziegielewski,matched_existing,natan-dziegielewski,already_in_player_mapping_csv,matched_existing,natan-dziegielewski,existing_mapping,gornik-zabrze,2025/26,gornik-zabrze,2025/26:gornik-zabrze,Natan DzięgielewskiGórnik Zabrze,1.0,0,,mapped_but_no_previous_season_ranking,,,,,,,,,,,,,,,,,,,,,,,,,,,,,,,,,,,,,,,,,,,,,,,,
Górnik Zabrze,gornik-zabrze,Gabriel Barbosa,matched_existing,gabriel-barbosa-avelino,matched_existing,gabriel-barbosa-avelino,already_in_player_mapping_csv,matched_existing,gabriel-barbosa-avelino,existing_mapping,gornik-zabrze,2025/26,gornik-zabrze,2025/26:gornik-zabrze,Gabriel BarbosaGórnik Zabrze,1.0,0,,mapped_but_no_previous_season_ranking,,,,,,,,,,,,,,,,,,,,,,,,,,,,,,,,,,,,,,,,,,,,,,,,
Górnik Zabrze,gornik-zabrze,Goh Young-Jun,matched_existing,young-jun-goh,matched_existing,young-jun-goh,already_in_player_mapping_csv,matched_existing,young-jun-goh,existing_mapping,gornik-zabrze,2025/26,gornik-zabrze,2025/26:gornik-zabrze,Goh Young-JunGórnik Zabrze,1.0,0,,mapped_but_no_previous_season_ranking,,,,,,,,,,,,,,,,,,,,,,,,,,,,,,,,,,,,,,,,,,,,,,,,
Górnik Zabrze,gornik-zabrze,Hellebrand P.,matched_existing,patrik-hellebrand,matched_existing,patrik-hellebrand,already_in_player_mapping_csv,matched_existing,patrik-hellebrand,existing_mapping,gornik-zabrze,2024/25 | 2025/26,gornik-zabrze,2024/25:gornik-zabrze | 2025/26:gornik-zabrze,Patrik HellebrandGórnik Zabrze,1.0,1,2024/25,,Patrik HellebrandGórnik Zabrze,gornik-zabrze,0.0,0.0,0.0,0.0,0.0,0.0,0.0,0.0,0.0,0.0,0.0,0.0,8.0,38.0,1.0,7.0,2.0,28.0,16.0,54.0,2.0,1.0,1.0,0.0,2.0,0.0,27.0,10.0,2560.0,55.0,2154.0,0.0,1018.0,1109.0,55.0,166.0,47.0,13.0,2.0,21.0,0.0,24.0,1.4,1.1,1.2,9.0
Górnik Zabrze,gornik-zabrze,Ikia Dimi Y.,matched_existing,yvan-ikia-dimi-1,matched_existing,yvan-ikia-dimi-1,already_in_player_mapping_csv,matched_existing,yvan-ikia-dimi-1,existing_mapping,gornik-zabrze,2025/26,gornik-zabrze,2025/26:gornik-zabrze,Yvan Ikia DimiGórnik Zabrze,1.0,0,,mapped_but_no_previous_season_ranking,,,,,,,,,,,,,,,,,,,,,,,,,,,,,,,,,,,,,,,,,,,,,,,,
Górnik Zabrze,gornik-zabrze,Ismaheel T.,matched_existing,taofeek-ajibade-ismaheel,matched_existing,taofeek-ajibade-ismaheel,already_in_player_mapping_csv,matched_existing,taofeek-ajibade-ismaheel,existing_mapping,gornik-zabrze,2024/25 | 2025/26,gornik-zabrze,2024/25:gornik-zabrze | 2025/26:gornik-zabrze,Taofeek Ajibade IsmaheelGórnik Zabrze,1.0,1,2024/25,,Taofeek Ajibade IsmaheelGórnik Zabrze,gornik-zabrze,0.0,0.0,0.0,0.0,0.0,0.0,0.0,0.0,0.0,0.0,0.0,4.0,20.0,49.0,13.0,47.0,5.0,77.0,18.0,53.0,3.0,3.0,3.0,0.0,7.0,0.0,29.0,7.0,2050.0,18.0,760.0,0.0,431.0,583.0,18.0,135.0,16.0,1.0,7.0,41.0,8.0,14.0,4.3,5.9,5.5,16.0
Górnik Zabrze,gornik-zabrze,Janicki R.,matched_existing,rafa-janicki,matched_existing,rafa-janicki,already_in_player_mapping_csv,matched_existing,rafa-janicki,existing_mapping,gornik-zabrze,2023/24 | 2024/25 | 2025/26,gornik-zabrze,2023/24:gornik-zabrze | 2024/25:gornik-zabrze | 2025/26:gornik-zabrze,Rafał JanickiGórnik Zabrze,1.0,1,2024/25,,Rafał JanickiGórnik Zabrze,gornik-zabrze,0.0,0.0,0.0,0.0,0.0,0.0,0.0,0.0,0.0,0.0,0.0,1.0,2.0,25.0,2.0,1.0,1.0,5.0,21.0,10.0,0.0,0.0,0.0,0.0,1.0,0.0,6.0,0.0,2366.0,26.0,1696.0,0.0,390.0,489.0,26.0,93.0,31.0,1.0,1.0,8.0,0.0,132.0,0.6,1.3,0.2,1.0
Górnik Zabrze,gornik-zabrze,Janza E.,matched_existing,erik-janza,matched_existing,erik-janza,already_in_player_mapping_csv,matched_existing,erik-janza,existing_mapping,gornik-zabrze,2023/24 | 2024/25 | 2025/26,gornik-zabrze,2023/24:gornik-zabrze | 2024/25:gornik-zabrze | 2025/26:gornik-zabrze,Erik JanžaGórnik Zabrze,1.0,1,2024/25,,Erik JanžaGórnik Zabrze,gornik-zabrze,0.0,0.0,0.0,0.0,0.0,0.0,0.0,0.0,0.0,0.0,0.0,8.0,6.0,40.0,0.0,116.0,27.0,14.0,21.0,34.0,2.0,1.0,1.0,0.0,10.0,0.0,59.0,13.0,2516.0,25.0,1614.0,0.0,742.0,1028.0,25.0,105.0,23.0,69.0,3.0,15.0,12.0,57.0,5.9,0.8,0.8,7.0
Górnik Zabrze,gornik-zabrze,Josema,matched_existing,jose-manuel-sanchez-guillen,matched_existing,jose-manuel-sanchez-guillen,already_in_player_mapping_csv,matched_existing,jose-manuel-sanchez-guillen,existing_mapping,gornik-zabrze | ruch-chorzow,2023/24 | 2024/25 | 2025/26,gornik-zabrze,2023/24:ruch-chorzow | 2024/25:gornik-zabrze | 2025/26:gornik-zabrze,JosemaRuch Chorzów,1.0,1,2024/25,,JosemaGórnik Zabrze,gornik-zabrze,0.0,0.0,0.0,0.0,0.0,0.0,0.0,0.0,0.0,0.0,0.0,0.0,3.0,60.0,1.0,26.0,6.0,9.0,20.0,21.0,3.0,1.0,2.0,0.0,3.0,0.0,8.0,60.0,1966.0,31.0,1482.0,0.0,392.0,527.0,31.0,109.0,39.0,0.0,0.0,5.0,1.0,94.0,1.3,0.4,1.3,2.0
Górnik Zabrze,gornik-zabrze,Khlan M.,matched_existing,maksym-khlan,matched_existing,maksym-khlan,already_in_player_mapping_csv,matched_existing,maksym-khlan,existing_mapping,gornik-zabrze | lechia-gdansk,2024/25 | 2025/26,gornik-zabrze,2024/25:lechia-gdansk | 2025/26:gornik-zabrze,Maksym KhlanLechia Gdańsk,1.0,1,2024/25,,Maksym KhlanLechia Gdańsk,lechia-gdansk,0.0,0.0,0.0,0.0,0.0,0.0,0.0,0.0,0.0,0.0,0.0,3.0,21.0,51.0,3.0,35.0,3.0,101.0,36.0,40.0,4.0,3.0,4.0,0.0,7.0,0.0,21.0,10.0,2467.0,21.0,704.0,0.0,391.0,553.0,21.0,121.0,15.0,3.0,7.0,41.0,3.0,23.0,3.2,3.4,5.9,13.0
Górnik Zabrze,gornik-zabrze,Kmet M.,matched_existing,matus-kmet,matched_existing,matus-kmet,already_in_player_mapping_csv,matched_existing,matus-kmet,existing_mapping,gornik-zabrze,2024/25 | 2025/26,gornik-zabrze,2024/25:gornik-zabrze | 2025/26:gornik-zabrze,Matúš KmeťGórnik Zabrze,1.0,1,2024/25,,Matúš KmeťGórnik Zabrze,gornik-zabrze,0.0,0.0,0.0,0.0,0.0,0.0,0.0,0.0,0.0,0.0,0.0,2.0,1.0,50.0,0.0,18.0,3.0,15.0,7.0,3.0,1.0,1.0,1.0,0.0,3.0,0.0,6.0,50.0,463.0,12.0,260.0,0.0,112.0,162.0,12.0,31.0,5.0,12.0,0.0,2.0,1.0,11.0,0.3,0.1,0.3,1.0
Górnik Zabrze,gornik-zabrze,Kubicki J.,matched_existing,jarosaw-kubicki,matched_existing,jarosaw-kubicki,already_in_player_mapping_csv,matched_existing,jarosaw-kubicki,existing_mapping,gornik-zabrze | jagiellonia-bialystok,2023/24 | 2024/25 | 2025/26,gornik-zabrze,2023/24:jagiellonia-bialystok | 2024/25:jagiellonia-bialystok | 2025/26:gornik-zabrze,Jarosław KubickiJagiellonia Białystok,1.0,1,2024/25,,Jarosław KubickiJagiellonia Białystok,jagiellonia-bialystok,0.0,0.0,0.0,0.0,0.0,0.0,0.0,0.0,0.0,0.0,0.0,3.0,8.0,44.0,6.0,18.0,2.0,23.0,24.0,13.0,5.0,5.0,3.0,0.0,8.0,0.0,28.0,28.0,1951.0,18.0,774.0,0.0,400.0,515.0,18.0,72.0,14.0,26.0,0.0,18.0,6.0,27.0,4.1,3.5,4.0,11.0
Górnik Zabrze,gornik-zabrze,Liseth S.,matched_existing,sondre-liseth,matched_existing,sondre-liseth,already_in_player_mapping_csv,matched_existing,sondre-liseth,existing_mapping,gornik-zabrze,2024/25 | 2025/26,gornik-zabrze,2024/25:gornik-zabrze | 2025/26:gornik-zabrze,Sondre LisethGórnik Zabrze,1.0,1,2024/25,,Sondre LisethGórnik Zabrze,gornik-zabrze,0.0,0.0,0.0,0.0,0.0,0.0,0.0,0.0,0.0,0.0,0.0,0.0,0.0,0.0,0.0,1.0,0.0,6.0,4.0,6.0,0.0,0.0,0.0,0.0,0.0,0.0,3.0,0.0,222.0,6.0,111.0,0.0,65.0,77.0,6.0,24.0,2.0,0.0,0.0,1.0,1.0,3.0,0.3,0.0,0.0,0.0
Górnik Zabrze,gornik-zabrze,Loska T.,matched_existing,tomasz-loska,matched_existing,tomasz-loska,already_in_player_mapping_csv,matched_existing,tomasz-loska,existing_mapping,gornik-zabrze | slask-wroclaw,2024/25 | 2025/26,gornik-zabrze,2024/25:slask-wroclaw | 2025/26:gornik-zabrze,Tomasz LoskaŚląsk Wrocław,1.0,1,2024/25,,Tomasz LoskaŚląsk Wrocław,slask-wroclaw,2.0,0.0,6.0,1.0,90.0,0.0,27.0,0.0,0.0,0.0,1.0,0.0,0.0,0.0,0.0,0.0,0.0,0.0,0.0,0.0,0.0,0.0,0.0,0.0,0.0,0.0,0.0,0.0,90.0,0.0,27.0,0.0,2.0,5.0,0.0,1.0,0.0,0.0,0.0,0.0,0.0,0.0,0.0,0.0,0.0,0.0
Górnik Zabrze,gornik-zabrze,Lukoszek K.,matched_existing,kamil-lukoszek,matched_existing,kamil-lukoszek,already_in_player_mapping_csv,matched_existing,kamil-lukoszek,existing_mapping,gornik-zabrze,2023/24 | 2024/25 | 2025/26,gornik-zabrze,2023/24:gornik-zabrze | 2024/25:gornik-zabrze | 2025/26:gornik-zabrze,Kamil LukoszekGórnik Zabrze,1.0,1,2024/25,,Kamil LukoszekGórnik Zabrze,gornik-zabrze,0.0,0.0,0.0,0.0,0.0,0.0,0.0,0.0,0.0,0.0,0.0,3.0,10.0,48.0,5.0,14.0,3.0,16.0,13.0,30.0,4.0,2.0,3.0,1.0,7.0,1.0,13.0,19.0,1083.0,14.0,342.0,0.0,186.0,234.0,14.0,59.0,6.0,5.0,2.0,21.0,3.0,11.0,1.3,3.5,3.2,13.0
Górnik Zabrze,gornik-zabrze,Massimo R.,matched_existing,roberto-massimo,matched_existing,roberto-massimo,already_in_player_mapping_csv,matched_existing,roberto-massimo,existing_mapping,gornik-zabrze,2025/26,gornik-zabrze,2025/26:gornik-zabrze,Roberto MassimoGórnik Zabrze,1.0,0,,mapped_but_no_previous_season_ranking,,,,,,,,,,,,,,,,,,,,,,,,,,,,,,,,,,,,,,,,,,,,,,,,
Górnik Zabrze,gornik-zabrze,Olkowski P.,matched_existing,pawe-mirosaw-olkowski,matched_existing,pawe-mirosaw-olkowski,already_in_player_mapping_csv,matched_existing,pawe-mirosaw-olkowski,existing_mapping,gornik-zabrze,2023/24 | 2024/25 | 2025/26,gornik-zabrze,2023/24:gornik-zabrze | 2024/25:gornik-zabrze | 2025/26:gornik-zabrze,Paweł Mirosław OlkowskiGórnik Zabrze,1.0,1,2024/25,,Paweł Mirosław OlkowskiGórnik Zabrze,gornik-zabrze,0.0,0.0,0.0,0.0,0.0,0.0,0.0,0.0,0.0,0.0,0.0,1.0,3.0,50.0,2.0,20.0,3.0,28.0,12.0,6.0,1.0,1.0,1.0,0.0,2.0,0.0,6.0,17.0,734.0,11.0,318.0,0.0,133.0,209.0,11.0,58.0,9.0,4.0,4.0,6.0,1.0,27.0,0.7,1.1,1.3,1.0
Górnik Zabrze,gornik-zabrze,Pietryga P.,unresolved,,no_candidate,,no_strict_candidate,no_candidate,,review_no_candidate,,,,,,,0,,unmapped_flash_player,,,,,,,,,,,,,,,,,,,,,,,,,,,,,,,,,,,,,,,,,,,,,,,,
Górnik Zabrze,gornik-zabrze,Pingot M.,matched_existing,maksymilian-pingot,matched_existing,maksymilian-pingot,already_in_player_mapping_csv,matched_existing,maksymilian-pingot,existing_mapping,gornik-zabrze | lech-poznan | stal-mielec,2023/24 | 2024/25 | 2025/26,gornik-zabrze,2023/24:stal-mielec | 2024/25:lech-poznan | 2025/26:gornik-zabrze,Maksymilian PingotStal Mielec,1.0,1,2024/25,,Maksymilian PingotLech Poznań,lech-poznan,0.0,0.0,0.0,0.0,0.0,0.0,0.0,0.0,0.0,0.0,0.0,0.0,0.0,0.0,0.0,2.0,0.0,1.0,5.0,0.0,0.0,0.0,0.0,0.0,0.0,0.0,1.0,0.0,212.0,4.0,168.0,0.0,58.0,65.0,4.0,12.0,2.0,0.0,0.0,1.0,0.0,10.0,0.1,0.0,0.0,1.0
Górnik Zabrze,gornik-zabrze,Podolski L.,matched_existing,ukasz-jozef-podolski,matched_existing,ukasz-jozef-podolski,already_in_player_mapping_csv,matched_existing,ukasz-jozef-podolski,existing_mapping,gornik-zabrze,2023/24 | 2024/25 | 2025/26,gornik-zabrze,2023/24:gornik-zabrze | 2024/25:gornik-zabrze | 2025/26:gornik-zabrze,Łukasz Józef PodolskiGórnik Zabrze,1.0,1,2024/25,,Łukasz Józef PodolskiGórnik Zabrze,gornik-zabrze,0.0,0.0,0.0,0.0,0.0,0.0,0.0,0.0,0.0,0.0,0.0,3.0,26.0,58.0,4.0,39.0,11.0,17.0,5.0,26.0,5.0,5.0,4.0,0.0,8.0,0.0,44.0,11.0,2123.0,6.0,1045.0,0.0,602.0,783.0,6.0,57.0,4.0,26.0,2.0,45.0,5.0,14.0,2.7,5.3,5.5,33.0
Górnik Zabrze,gornik-zabrze,Rakoczy M.,unresolved,,auto_transfer_candidate,micha-miosz-rakoczy,all_flash_tokens_in_slug | suffix_exact | initial_match_any_given_token | present_in_target_season,matched_auto_transfer_candidate,micha-miosz-rakoczy,review_auto_transfer_candidate,cracovia,2023/24 | 2024/25 | 2025/26,cracovia,2023/24:cracovia | 2024/25:cracovia | 2025/26:cracovia,Michał Miłosz RakoczyCracovia,0.0,1,2024/25,,Michał Miłosz RakoczyCracovia,cracovia,0.0,0.0,0.0,0.0,0.0,0.0,0.0,0.0,0.0,0.0,0.0,0.0,2.0,50.0,0.0,5.0,0.0,16.0,3.0,4.0,0.0,0.0,0.0,0.0,0.0,0.0,2.0,0.0,232.0,3.0,72.0,0.0,36.0,65.0,3.0,15.0,1.0,2.0,0.0,4.0,0.0,9.0,0.5,0.7,1.0,1.0
Górnik Zabrze,gornik-zabrze,Rupanov B.,matched_existing,borislav-ivanov-rupanov,matched_existing,borislav-ivanov-rupanov,already_in_player_mapping_csv,matched_existing,borislav-ivanov-rupanov,existing_mapping,gornik-zabrze,2025/26,gornik-zabrze,2025/26:gornik-zabrze,Borislav Ivanov RupanovGórnik Zabrze,1.0,0,,mapped_but_no_previous_season_ranking,,,,,,,,,,,,,,,,,,,,,,,,,,,,,,,,,,,,,,,,,,,,,,,,
Górnik Zabrze,gornik-zabrze,Sadilek L.,matched_existing,lukas-sadilek,matched_existing,lukas-sadilek,already_in_player_mapping_csv,matched_existing,lukas-sadilek,existing_mapping,gornik-zabrze,2025/26,gornik-zabrze,2025/26:gornik-zabrze,Lukáš SadílekGórnik Zabrze,1.0,0,,mapped_but_no_previous_season_ranking,,,,,,,,,,,,,,,,,,,,,,,,,,,,,,,,,,,,,,,,,,,,,,,,
Górnik Zabrze,gornik-zabrze,Sauer M.,matched_existing,mathias-dahl-sauer,matched_existing,mathias-dahl-sauer,already_in_player_mapping_csv,matched_existing,mathias-dahl-sauer,existing_mapping,gornik-zabrze,2025/26,gornik-zabrze,2025/26:gornik-zabrze,Mathias Dahl SauerGórnik Zabrze,1.0,0,,mapped_but_no_previous_season_ranking,,,,,,,,,,,,,,,,,,,,,,,,,,,,,,,,,,,,,,,,,,,,,,,,
Górnik Zabrze,gornik-zabrze,Sow O.,matched_existing,ousmane-sow,matched_existing,ousmane-sow,already_in_player_mapping_csv,matched_existing,ousmane-sow,existing_mapping,gornik-zabrze,2024/25 | 2025/26,gornik-zabrze,2024/25:gornik-zabrze | 2025/26:gornik-zabrze,Ousmane SowGórnik Zabrze,1.0,1,2024/25,,Ousmane SowGórnik Zabrze,gornik-zabrze,0.0,0.0,0.0,0.0,0.0,0.0,0.0,0.0,0.0,0.0,0.0,0.0,10.0,53.0,6.0,8.0,2.0,27.0,7.0,10.0,1.0,1.0,1.0,0.0,1.0,0.0,6.0,5.0,430.0,3.0,131.0,0.0,72.0,101.0,3.0,46.0,3.0,0.0,3.0,19.0,0.0,9.0,0.8,3.8,2.8,5.0
Górnik Zabrze,gornik-zabrze,Szala D.,matched_existing,dominik-jerzy-szala,matched_existing,dominik-jerzy-szala,already_in_player_mapping_csv,matched_existing,dominik-jerzy-szala,existing_mapping,gornik-zabrze,2023/24 | 2024/25 | 2025/26,gornik-zabrze,2023/24:gornik-zabrze | 2024/25:gornik-zabrze | 2025/26:gornik-zabrze,Dominik Jerzy SzalaGórnik Zabrze,1.0,1,2024/25,,Dominik Jerzy SzalaGórnik Zabrze,gornik-zabrze,0.0,0.0,0.0,0.0,0.0,0.0,0.0,0.0,0.0,0.0,0.0,0.0,0.0,0.0,0.0,7.0,0.0,4.0,24.0,4.0,0.0,0.0,0.0,0.0,0.0,0.0,3.0,0.0,1037.0,14.0,688.0,0.0,199.0,264.0,14.0,40.0,22.0,0.0,0.0,5.0,0.0,50.0,0.1,0.2,0.0,1.0
Górnik Zabrze,gornik-zabrze,Szcześniak K.,matched_existing,kryspin-szczesniak,matched_existing,kryspin-szczesniak,already_in_player_mapping_csv,matched_existing,kryspin-szczesniak,existing_mapping,gornik-zabrze,2023/24 | 2024/25 | 2025/26,gornik-zabrze,2023/24:gornik-zabrze | 2024/25:gornik-zabrze | 2025/26:gornik-zabrze,Kryspin SzcześniakGórnik Zabrze,1.0,1,2024/25,,Kryspin SzcześniakGórnik Zabrze,gornik-zabrze,0.0,0.0,0.0,0.0,0.0,0.0,0.0,0.0,0.0,0.0,0.0,0.0,1.0,50.0,2.0,3.0,2.0,7.0,26.0,21.0,1.0,0.0,1.0,0.0,1.0,0.0,3.0,50.0,2267.0,22.0,1399.0,0.0,294.0,407.0,22.0,102.0,30.0,0.0,1.0,2.0,0.0,137.0,0.2,0.5,0.1,1.0
Górnik Zabrze,gornik-zabrze,Sáček M.,matched_existing,michal-sacek,matched_existing,michal-sacek,already_in_player_mapping_csv,matched_existing,michal-sacek,existing_mapping,gornik-zabrze | jagiellonia-bialystok,2023/24 | 2024/25 | 2025/26,gornik-zabrze,2023/24:jagiellonia-bialystok | 2024/25:jagiellonia-bialystok | 2025/26:gornik-zabrze,Michal SáčekJagiellonia Białystok,1.0,1,2024/25,,Michal SáčekJagiellonia Białystok,jagiellonia-bialystok,0.0,0.0,0.0,0.0,0.0,0.0,0.0,0.0,0.0,0.0,0.0,3.0,0.0,0.0,0.0,29.0,4.0,22.0,14.0,26.0,0.0,0.0,0.0,0.0,3.0,0.0,11.0,0.0,1659.0,22.0,1126.0,0.0,495.0,571.0,22.0,88.0,32.0,0.0,0.0,5.0,7.0,48.0,1.5,0.1,0.0,1.0
Górnik Zabrze,gornik-zabrze,Tsirigotis T.,matched_existing,theodoros-tsirigotis,matched_existing,theodoros-tsirigotis,already_in_player_mapping_csv,matched_existing,theodoros-tsirigotis,existing_mapping,gornik-zabrze,2025/26,gornik-zabrze,2025/26:gornik-zabrze,Theodoros TsirigotisGórnik Zabrze,1.0,0,,mapped_but_no_previous_season_ranking,,,,,,,,,,,,,,,,,,,,,,,,,,,,,,,,,,,,,,,,,,,,,,,,
Górnik Zabrze,gornik-zabrze,Zahovic L.,matched_existing,luka-zahovic,matched_existing,luka-zahovic,already_in_player_mapping_csv,matched_existing,luka-zahovic,existing_mapping,gornik-zabrze | pogon-szczecin,2023/24 | 2024/25 | 2025/26,gornik-zabrze,2023/24:pogon-szczecin | 2024/25:gornik-zabrze | 2025/26:gornik-zabrze,Luka ZahovićPogoń Szczecin,1.0,1,2024/25,,Luka ZahovićGórnik Zabrze,gornik-zabrze,0.0,0.0,0.0,0.0,0.0,0.0,0.0,0.0,0.0,0.0,0.0,5.0,21.0,51.0,16.0,8.0,3.0,27.0,27.0,33.0,8.0,7.0,8.0,1.0,13.0,1.0,32.0,20.0,2147.0,11.0,695.0,0.0,318.0,418.0,11.0,73.0,6.0,23.0,14.0,41.0,6.0,14.0,2.0,9.3,9.2,8.0
Górnik Zabrze,gornik-zabrze,Zmrzly O.,matched_existing,ondrej-zmrzly,matched_existing,ondrej-zmrzly,already_in_player_mapping_csv,matched_existing,ondrej-zmrzly,existing_mapping,gornik-zabrze,2025/26,gornik-zabrze,2025/26:gornik-zabrze,Ondřej ZmrzlýGórnik Zabrze,1.0,0,,mapped_but_no_previous_season_ranking,,,,,,,,,,,,,,,,,,,,,,,,,,,,,,,,,,,,,,,,,,,,,,,,
Górnik Zabrze,gornik-zabrze,Łubik M.,matched_existing,marcel-ubik,matched_existing,marcel-ubik,already_in_player_mapping_csv,matched_existing,marcel-ubik,existing_mapping,gornik-zabrze,2025/26,gornik-zabrze,2025/26:gornik-zabrze,Marcel ŁubikGórnik Zabrze,1.0,0,,mapped_but_no_previous_season_ranking,,,,,,,,,,,,,,,,,,,,,,,,,,,,,,,,,,,,,,,,,,,,,,,,
Jagiellonia Białystok,jagiellonia-bialystok,Abramowicz S.,matched_existing,sawomir-abramowicz,matched_existing,sawomir-abramowicz,already_in_player_mapping_csv,matched_existing,sawomir-abramowicz,existing_mapping,jagiellonia-bialystok,2024/25 | 2025/26,jagiellonia-bialystok,2024/25:jagiellonia-bialystok | 2025/26:jagiellonia-bialystok,Sławomir AbramowiczJagiellonia Białystok,1.0,1,2024/25,,Sławomir AbramowiczJagiellonia Białystok,jagiellonia-bialystok,36.0,10.0,116.0,31.0,2790.0,18.0,832.0,0.0,4.0,0.0,98.0,0.0,0.0,0.0,0.0,0.0,0.0,0.0,1.0,8.0,0.0,0.0,0.0,0.0,0.0,0.0,0.0,0.0,2790.0,0.0,832.0,0.0,60.0,205.0,0.0,16.0,0.0,0.0,0.0,0.0,0.0,40.0,0.0,0.0,0.0,0.0
Jagiellonia Białystok,jagiellonia-bialystok,Bazdar S.,matched_existing,samed-bazdar,matched_existing,samed-bazdar,already_in_player_mapping_csv,matched_existing,samed-bazdar,existing_mapping,jagiellonia-bialystok,2025/26,jagiellonia-bialystok,2025/26:jagiellonia-bialystok,Samed BaždarJagiellonia Białystok,1.0,0,,mapped_but_no_previous_season_ranking,,,,,,,,,,,,,,,,,,,,,,,,,,,,,,,,,,,,,,,,,,,,,,,,
Jagiellonia Białystok,jagiellonia-bialystok,Cantero A.,matched_existing,alejandro-cantero-sanchez,matched_existing,alejandro-cantero-sanchez,already_in_player_mapping_csv,matched_existing,alejandro-cantero-sanchez,existing_mapping,jagiellonia-bialystok,2025/26,jagiellonia-bialystok,2025/26:jagiellonia-bialystok,Álex CanteroJagiellonia Białystok,1.0,0,,mapped_but_no_previous_season_ranking,,,,,,,,,,,,,,,,,,,,,,,,,,,,,,,,,,,,,,,,,,,,,,,,
Jagiellonia Białystok,jagiellonia-bialystok,Costa S. T.,unresolved,,review_high_confidence,tomas-costa-silva,all_flash_tokens_in_slug | initial_match_any_given_token | same_club_history,matched_manual_review,tomas-costa-silva,manual_accept_review_high_confidence,jagiellonia-bialystok,2024/25,,2024/25:jagiellonia-bialystok,Tomás SilvaJagiellonia Białystok,0.0,1,2024/25,,Tomás SilvaJagiellonia Białystok,jagiellonia-bialystok,0.0,0.0,0.0,0.0,0.0,0.0,0.0,0.0,0.0,0.0,0.0,0.0,2.0,40.0,0.0,12.0,4.0,11.0,10.0,19.0,1.0,1.0,1.0,0.0,1.0,0.0,7.0,20.0,581.0,14.0,271.0,0.0,155.0,191.0,14.0,59.0,6.0,2.0,0.0,5.0,0.0,25.0,0.3,0.3,0.2,1.0
Jagiellonia Białystok,jagiellonia-bialystok,Damasiewicz A.,unresolved,,no_candidate,,no_strict_candidate,no_candidate,,review_no_candidate,,,,,,,0,,unmapped_flash_player,,,,,,,,,,,,,,,,,,,,,,,,,,,,,,,,,,,,,,,,,,,,,,,,
Jagiellonia Białystok,jagiellonia-bialystok,Dieguez A.,unresolved,,auto_same_club_history,adrian-dieguez-grande,all_flash_tokens_in_slug | initial_match_any_given_token | same_club_history | present_in_target_season,matched_auto_same_club_history,adrian-dieguez-grande,review_auto_same_club_history,jagiellonia-bialystok | radomiak-radom,2023/24 | 2024/25 | 2025/26,radomiak-radom,2023/24:jagiellonia-bialystok | 2024/25:jagiellonia-bialystok | 2025/26:radomiak-radom,Adrián Diéguez GrandeJagiellonia Białystok,0.0,1,2024/25,,Adrián Diéguez GrandeJagiellonia Białystok,jagiellonia-bialystok,0.0,0.0,0.0,0.0,0.0,0.0,0.0,0.0,0.0,0.0,0.0,2.0,1.0,50.0,1.0,3.0,0.0,3.0,10.0,10.0,0.0,0.0,0.0,0.0,2.0,0.0,4.0,0.0,1302.0,10.0,1147.0,0.0,362.0,482.0,10.0,48.0,15.0,1.0,1.0,2.0,1.0,68.0,1.2,0.4,0.0,0.0
Jagiellonia Białystok,jagiellonia-bialystok,Drachal D.,matched_existing,dawid-drachal,matched_existing,dawid-drachal,already_in_player_mapping_csv,matched_existing,dawid-drachal,existing_mapping,jagiellonia-bialystok | rakow-czestochowa,2023/24 | 2024/25 | 2025/26,jagiellonia-bialystok,2023/24:rakow-czestochowa | 2024/25:rakow-czestochowa | 2025/26:jagiellonia-bialystok,Dawid DrachalRaków Częstochowa,1.0,1,2024/25,,Dawid DrachalRaków Częstochowa,rakow-czestochowa,0.0,0.0,0.0,0.0,0.0,0.0,0.0,0.0,0.0,0.0,0.0,1.0,6.0,50.0,3.0,10.0,1.0,20.0,10.0,14.0,1.0,1.0,1.0,0.0,2.0,0.0,3.0,8.0,607.0,12.0,173.0,0.0,89.0,130.0,12.0,50.0,10.0,0.0,3.0,12.0,1.0,7.0,0.1,0.4,0.9,2.0
Jagiellonia Białystok,jagiellonia-bialystok,Flach L.,matched_existing,leon-maximilian-flach,matched_existing,leon-maximilian-flach,already_in_player_mapping_csv,matched_existing,leon-maximilian-flach,existing_mapping,jagiellonia-bialystok,2024/25 | 2025/26,jagiellonia-bialystok,2024/25:jagiellonia-bialystok | 2025/26:jagiellonia-bialystok,Leon Maximilian FlachJagiellonia Białystok,1.0,1,2024/25,,Leon Maximilian FlachJagiellonia Białystok,jagiellonia-bialystok,0.0,0.0,0.0,0.0,0.0,0.0,0.0,0.0,0.0,0.0,0.0,0.0,1.0,20.0,0.0,8.0,2.0,4.0,13.0,13.0,0.0,0.0,0.0,0.0,0.0,0.0,9.0,0.0,816.0,18.0,271.0,0.0,113.0,160.0,18.0,56.0,20.0,0.0,0.0,5.0,2.0,21.0,0.9,0.3,0.0,2.0
Jagiellonia Białystok,jagiellonia-bialystok,Hirosawa T.,unresolved,,no_candidate,,no_strict_candidate,no_candidate,,review_no_candidate,,,,,,,0,,unmapped_flash_player,,,,,,,,,,,,,,,,,,,,,,,,,,,,,,,,,,,,,,,,,,,,,,,,
Jagiellonia Białystok,jagiellonia-bialystok,Jackson A.,matched_existing,aziel-christopher-jackson,matched_existing,aziel-christopher-jackson,already_in_player_mapping_csv,matched_existing,aziel-christopher-jackson,existing_mapping,jagiellonia-bialystok,2025/26,jagiellonia-bialystok,2025/26:jagiellonia-bialystok,Aziel Christopher JacksonJagiellonia Białystok,1.0,0,,mapped_but_no_previous_season_ranking,,,,,,,,,,,,,,,,,,,,,,,,,,,,,,,,,,,,,,,,,,,,,,,,
Jagiellonia Białystok,jagiellonia-bialystok,Jesús I. B.,matched_existing,jesus-imaz-balleste,matched_existing,jesus-imaz-balleste,already_in_player_mapping_csv,matched_existing,jesus-imaz-balleste,existing_mapping,jagiellonia-bialystok,2023/24 | 2024/25 | 2025/26,jagiellonia-bialystok,2023/24:jagiellonia-bialystok | 2024/25:jagiellonia-bialystok | 2025/26:jagiellonia-bialystok,Jesús Imaz BallestéJagiellonia Białystok,1.0,1,2024/25,,Jesús Imaz BallestéJagiellonia Białystok,jagiellonia-bialystok,0.0,0.0,0.0,0.0,0.0,0.0,0.0,0.0,0.0,0.0,0.0,6.0,41.0,51.0,26.0,31.0,4.0,27.0,14.0,24.0,16.0,15.0,16.0,0.0,22.0,0.0,31.0,20.0,2676.0,20.0,942.0,0.0,467.0,670.0,20.0,77.0,7.0,0.0,9.0,81.0,5.0,23.0,4.1,14.6,15.4,25.0
Jagiellonia Białystok,jagiellonia-bialystok,Jóźwiak K.,matched_existing,kamil-jan-jozwiak,matched_existing,kamil-jan-jozwiak,already_in_player_mapping_csv,matched_existing,kamil-jan-jozwiak,existing_mapping,jagiellonia-bialystok,2025/26,jagiellonia-bialystok,2025/26:jagiellonia-bialystok,Kamil Jan JóźwiakJagiellonia Białystok,1.0,0,,mapped_but_no_previous_season_ranking,,,,,,,,,,,,,,,,,,,,,,,,,,,,,,,,,,,,,,,,,,,,,,,,
Jagiellonia Białystok,jagiellonia-bialystok,Kobayashi Y.,matched_existing,yuki-kobayashi,matched_existing,yuki-kobayashi,already_in_player_mapping_csv,matched_existing,yuki-kobayashi,existing_mapping,jagiellonia-bialystok,2025/26,jagiellonia-bialystok,2025/26:jagiellonia-bialystok,Yuki KobayashiJagiellonia Białystok,1.0,0,,mapped_but_no_previous_season_ranking,,,,,,,,,,,,,,,,,,,,,,,,,,,,,,,,,,,,,,,,,,,,,,,,
Jagiellonia Białystok,jagiellonia-bialystok,Konstantopoulos A.,unresolved,,auto_transfer_candidate,apostolos-chrysovalantis-konstantopoulos,all_flash_tokens_in_slug | suffix_exact | initial_match_any_given_token | present_in_target_season,matched_auto_transfer_candidate,apostolos-chrysovalantis-konstantopoulos,review_auto_transfer_candidate,rakow-czestochowa,2025/26,rakow-czestochowa,2025/26:rakow-czestochowa,Apostolos-Chrysovalantis KonstantopoulosRaków Częstochowa,0.0,0,,mapped_but_no_previous_season_ranking,,,,,,,,,,,,,,,,,,,,,,,,,,,,,,,,,,,,,,,,,,,,,,,,
Jagiellonia Białystok,jagiellonia-bialystok,Kozlowski E.,matched_existing,eryk-kozowski,matched_existing,eryk-kozowski,already_in_player_mapping_csv,matched_existing,eryk-kozowski,existing_mapping,jagiellonia-bialystok,2025/26,jagiellonia-bialystok,2025/26:jagiellonia-bialystok,Eryk KozłowskiJagiellonia Białystok,1.0,0,,mapped_but_no_previous_season_ranking,,,,,,,,,,,,,,,,,,,,,,,,,,,,,,,,,,,,,,,,,,,,,,,,
Jagiellonia Białystok,jagiellonia-bialystok,Krasiewicz B.,unresolved,,no_candidate,,no_strict_candidate,no_candidate,,review_no_candidate,,,,,,,0,,unmapped_flash_player,,,,,,,,,,,,,,,,,,,,,,,,,,,,,,,,,,,,,,,,,,,,,,,,
Jagiellonia Białystok,jagiellonia-bialystok,Kuczynski M.,unresolved,,no_candidate,,no_strict_candidate,no_candidate,,review_no_candidate,,,,,,,0,,unmapped_flash_player,,,,,,,,,,,,,,,,,,,,,,,,,,,,,,,,,,,,,,,,,,,,,,,,
Jagiellonia Białystok,jagiellonia-bialystok,Lozano S.,matched_existing,sergio-lozano-lluch,matched_existing,sergio-lozano-lluch,already_in_player_mapping_csv,matched_existing,sergio-lozano-lluch,existing_mapping,jagiellonia-bialystok,2025/26,jagiellonia-bialystok,2025/26:jagiellonia-bialystok,Sergio Lozano LluchJagiellonia Białystok,1.0,0,,mapped_but_no_previous_season_ranking,,,,,,,,,,,,,,,,,,,,,,,,,,,,,,,,,,,,,,,,,,,,,,,,
Jagiellonia Białystok,jagiellonia-bialystok,Mazurek B.,matched_existing,bartosz-mazurek,matched_existing,bartosz-mazurek,already_in_player_mapping_csv,matched_existing,bartosz-mazurek,existing_mapping,jagiellonia-bialystok,2024/25 | 2025/26,jagiellonia-bialystok,2024/25:jagiellonia-bialystok | 2025/26:jagiellonia-bialystok,Bartosz MazurekJagiellonia Białystok,1.0,1,2024/25,,Bartosz MazurekJagiellonia Białystok,jagiellonia-bialystok,0.0,0.0,0.0,0.0,0.0,0.0,0.0,0.0,0.0,0.0,0.0,0.0,0.0,0.0,0.0,0.0,0.0,4.0,1.0,0.0,0.0,0.0,0.0,0.0,0.0,0.0,0.0,0.0,50.0,1.0,18.0,0.0,7.0,13.0,1.0,5.0,0.0,0.0,0.0,0.0,0.0,0.0,0.0,0.0,0.0,0.0
Jagiellonia Białystok,jagiellonia-bialystok,Miki Villar,matched_existing,miguel-villar-alonso,matched_existing,miguel-villar-alonso,already_in_player_mapping_csv,matched_existing,miguel-villar-alonso,existing_mapping,jagiellonia-bialystok,2024/25 | 2025/26,jagiellonia-bialystok,2024/25:jagiellonia-bialystok | 2025/26:jagiellonia-bialystok,Miguel Villar AlonsoJagiellonia Białystok,1.0,1,2024/25,,Miguel Villar AlonsoJagiellonia Białystok,jagiellonia-bialystok,0.0,0.0,0.0,0.0,0.0,0.0,0.0,0.0,0.0,0.0,0.0,4.0,4.0,44.0,3.0,42.0,6.0,36.0,11.0,15.0,2.0,1.0,2.0,0.0,6.0,0.0,17.0,22.0,1317.0,17.0,342.0,0.0,209.0,295.0,17.0,61.0,23.0,0.0,1.0,9.0,7.0,20.0,3.5,1.3,0.5,11.0
Jagiellonia Białystok,jagiellonia-bialystok,Montoia G.,matched_existing,guilherme-manuel-serrao-montoia,matched_existing,guilherme-manuel-serrao-montoia,already_in_player_mapping_csv,matched_existing,guilherme-manuel-serrao-montoia,existing_mapping,jagiellonia-bialystok,2025/26,jagiellonia-bialystok,2025/26:jagiellonia-bialystok,Guilherme MontóiaJagiellonia Białystok,1.0,0,,mapped_but_no_previous_season_ranking,,,,,,,,,,,,,,,,,,,,,,,,,,,,,,,,,,,,,,,,,,,,,,,,
Jagiellonia Białystok,jagiellonia-bialystok,Nahuel M.,matched_existing,matias-nahuel-leiva-esquivel,matched_existing,matias-nahuel-leiva-esquivel,already_in_player_mapping_csv,matched_existing,matias-nahuel-leiva-esquivel,existing_mapping,jagiellonia-bialystok | slask-wroclaw,2023/24 | 2024/25 | 2025/26,jagiellonia-bialystok,2023/24:slask-wroclaw | 2024/25:slask-wroclaw | 2025/26:jagiellonia-bialystok,Matías Nahuel Leiva EsquivelŚląsk Wrocław,1.0,1,2024/25,,Matías Nahuel Leiva EsquivelŚląsk Wrocław,slask-wroclaw,0.0,0.0,0.0,0.0,0.0,0.0,0.0,0.0,0.0,0.0,0.0,0.0,6.0,60.0,0.0,8.0,1.0,20.0,3.0,6.0,0.0,0.0,0.0,0.0,0.0,0.0,8.0,0.0,506.0,3.0,204.0,0.0,120.0,167.0,3.0,19.0,2.0,6.0,1.0,10.0,0.0,3.0,0.9,0.5,1.3,3.0
Jagiellonia Białystok,jagiellonia-bialystok,Pankiewicz S.,unresolved,,no_candidate,,no_strict_candidate,no_candidate,,review_no_candidate,,,,,,,0,,unmapped_flash_player,,,,,,,,,,,,,,,,,,,,,,,,,,,,,,,,,,,,,,,,,,,,,,,,
Jagiellonia Białystok,jagiellonia-bialystok,Pelmard A.,matched_existing,andy-joseph-pelmard,matched_existing,andy-joseph-pelmard,already_in_player_mapping_csv,matched_existing,andy-joseph-pelmard,existing_mapping,jagiellonia-bialystok,2025/26,jagiellonia-bialystok,2025/26:jagiellonia-bialystok,Andy Joseph PelmardJagiellonia Białystok,1.0,0,,mapped_but_no_previous_season_ranking,,,,,,,,,,,,,,,,,,,,,,,,,,,,,,,,,,,,,,,,,,,,,,,,
Jagiellonia Białystok,jagiellonia-bialystok,Piekutowski M.,matched_existing,miosz-piekutowski,matched_existing,miosz-piekutowski,already_in_player_mapping_csv,matched_existing,miosz-piekutowski,existing_mapping,jagiellonia-bialystok,2025/26,jagiellonia-bialystok,2025/26:jagiellonia-bialystok,Miłosz PiekutowskiJagiellonia Białystok,1.0,0,,mapped_but_no_previous_season_ranking,,,,,,,,,,,,,,,,,,,,,,,,,,,,,,,,,,,,,,,,,,,,,,,,
Jagiellonia Białystok,jagiellonia-bialystok,Pietuszewski O.,matched_existing,oskar-pietuszewski,matched_existing,oskar-pietuszewski,already_in_player_mapping_csv,matched_existing,oskar-pietuszewski,existing_mapping,jagiellonia-bialystok,2024/25 | 2025/26,jagiellonia-bialystok,2024/25:jagiellonia-bialystok | 2025/26:jagiellonia-bialystok,Oskar PietuszewskiJagiellonia Białystok,1.0,1,2024/25,,Oskar PietuszewskiJagiellonia Białystok,jagiellonia-bialystok,0.0,0.0,0.0,0.0,0.0,0.0,0.0,0.0,0.0,0.0,0.0,1.0,2.0,25.0,0.0,9.0,1.0,46.0,13.0,22.0,1.0,1.0,1.0,0.0,2.0,0.0,7.0,13.0,453.0,2.0,125.0,0.0,58.0,108.0,2.0,49.0,3.0,1.0,0.0,8.0,3.0,4.0,1.3,0.6,0.9,5.0
Jagiellonia Białystok,jagiellonia-bialystok,Polak C.,matched_existing,cezary-polak,matched_existing,cezary-polak,already_in_player_mapping_csv,matched_existing,cezary-polak,existing_mapping,jagiellonia-bialystok,2024/25 | 2025/26,jagiellonia-bialystok,2024/25:jagiellonia-bialystok | 2025/26:jagiellonia-bialystok,Cezary PolakJagiellonia Białystok,1.0,1,2024/25,,Cezary PolakJagiellonia Białystok,jagiellonia-bialystok,0.0,0.0,0.0,0.0,0.0,0.0,0.0,0.0,0.0,0.0,0.0,0.0,0.0,0.0,0.0,22.0,8.0,8.0,14.0,6.0,0.0,0.0,0.0,0.0,0.0,0.0,7.0,0.0,644.0,7.0,325.0,0.0,128.0,187.0,7.0,32.0,10.0,1.0,0.0,8.0,1.0,26.0,0.5,0.3,0.0,0.0
Jagiellonia Białystok,jagiellonia-bialystok,Pozo A.,matched_existing,alejandro-pozo-pozo,matched_existing,alejandro-pozo-pozo,already_in_player_mapping_csv,matched_existing,alejandro-pozo-pozo,existing_mapping,jagiellonia-bialystok,2025/26,jagiellonia-bialystok,2025/26:jagiellonia-bialystok,Alejandro Pozo PozoJagiellonia Białystok,1.0,0,,mapped_but_no_previous_season_ranking,,,,,,,,,,,,,,,,,,,,,,,,,,,,,,,,,,,,,,,,,,,,,,,,
Jagiellonia Białystok,jagiellonia-bialystok,Prip L.,matched_existing,louka-daniel-prip-andreasen,matched_existing,louka-daniel-prip-andreasen,already_in_player_mapping_csv,matched_existing,louka-daniel-prip-andreasen,existing_mapping,jagiellonia-bialystok,2025/26,jagiellonia-bialystok,2025/26:jagiellonia-bialystok,Louka Daniel Prip AndreasenJagiellonia Białystok,1.0,0,,mapped_but_no_previous_season_ranking,,,,,,,,,,,,,,,,,,,,,,,,,,,,,,,,,,,,,,,,,,,,,,,,
Jagiellonia Białystok,jagiellonia-bialystok,Pululu A.,matched_existing,afimico-pululu,matched_existing,afimico-pululu,already_in_player_mapping_csv,matched_existing,afimico-pululu,existing_mapping,jagiellonia-bialystok,2023/24 | 2024/25 | 2025/26,jagiellonia-bialystok,2023/24:jagiellonia-bialystok | 2024/25:jagiellonia-bialystok | 2025/26:jagiellonia-bialystok,Afimico PululuJagiellonia Białystok,1.0,1,2024/25,,Afimico PululuJagiellonia Białystok,jagiellonia-bialystok,0.0,0.0,0.0,0.0,0.0,0.0,0.0,0.0,0.0,0.0,0.0,1.0,27.0,66.0,17.0,5.0,1.0,84.0,62.0,83.0,10.0,6.0,10.0,4.0,11.0,4.0,33.0,24.0,2095.0,11.0,440.0,0.0,249.0,334.0,11.0,171.0,3.0,0.0,22.0,41.0,2.0,5.0,2.3,9.3,8.9,15.0
Jagiellonia Białystok,jagiellonia-bialystok,Rallis D.,matched_existing,dimitris-rallis,matched_existing,dimitris-rallis,already_in_player_mapping_csv,matched_existing,dimitris-rallis,existing_mapping,jagiellonia-bialystok,2025/26,jagiellonia-bialystok,2025/26:jagiellonia-bialystok,Dimitris RallisJagiellonia Białystok,1.0,0,,mapped_but_no_previous_season_ranking,,,,,,,,,,,,,,,,,,,,,,,,,,,,,,,,,,,,,,,,,,,,,,,,
Jagiellonia Białystok,jagiellonia-bialystok,Romanczuk T.,matched_existing,taras-romanczuk,matched_existing,taras-romanczuk,already_in_player_mapping_csv,matched_existing,taras-romanczuk,existing_mapping,jagiellonia-bialystok,2023/24 | 2024/25 | 2025/26,jagiellonia-bialystok,2023/24:jagiellonia-bialystok | 2024/25:jagiellonia-bialystok | 2025/26:jagiellonia-bialystok,Taras RomanczukJagiellonia Białystok,1.0,1,2024/25,,Taras RomanczukJagiellonia Białystok,jagiellonia-bialystok,0.0,0.0,0.0,0.0,0.0,0.0,0.0,0.0,0.0,0.0,0.0,3.0,7.0,29.0,1.0,4.0,0.0,11.0,34.0,28.0,2.0,1.0,2.0,0.0,5.0,0.0,16.0,8.0,2005.0,37.0,1114.0,0.0,494.0,649.0,37.0,156.0,32.0,0.0,1.0,24.0,3.0,58.0,2.7,2.2,2.3,7.0
Jagiellonia Białystok,jagiellonia-bialystok,Stojinović D.,matched_existing,dusan-stojinovic,matched_existing,dusan-stojinovic,already_in_player_mapping_csv,matched_existing,dusan-stojinovic,existing_mapping,jagiellonia-bialystok,2023/24 | 2024/25 | 2025/26,jagiellonia-bialystok,2023/24:jagiellonia-bialystok | 2024/25:jagiellonia-bialystok | 2025/26:jagiellonia-bialystok,Dušan StojinovićJagiellonia Białystok,1.0,1,2024/25,,Dušan StojinovićJagiellonia Białystok,jagiellonia-bialystok,0.0,0.0,0.0,0.0,0.0,0.0,0.0,0.0,0.0,0.0,0.0,0.0,3.0,38.0,0.0,3.0,0.0,5.0,21.0,13.0,0.0,0.0,0.0,0.0,0.0,0.0,1.0,0.0,1422.0,9.0,1016.0,0.0,279.0,374.0,9.0,66.0,16.0,0.0,0.0,8.0,0.0,75.0,0.4,0.9,0.8,3.0
Jagiellonia Białystok,jagiellonia-bialystok,Sylla Y.,matched_existing,youssuf-sylla,matched_existing,youssuf-sylla,already_in_player_mapping_csv,matched_existing,youssuf-sylla,existing_mapping,jagiellonia-bialystok,2025/26,jagiellonia-bialystok,2025/26:jagiellonia-bialystok,Youssuf SyllaJagiellonia Białystok,1.0,0,,mapped_but_no_previous_season_ranking,,,,,,,,,,,,,,,,,,,,,,,,,,,,,,,,,,,,,,,,,,,,,,,,
Jagiellonia Białystok,jagiellonia-bialystok,Szmyt K.,unresolved,,auto_transfer_candidate,kajetan-szmyt,all_flash_tokens_in_slug | suffix_exact | initial_match_any_given_token | present_in_target_season,matched_auto_transfer_candidate,kajetan-szmyt,review_auto_transfer_candidate,warta-poznan | zagebie-lubin,2023/24 | 2024/25 | 2025/26,zagebie-lubin,2023/24:warta-poznan | 2024/25:zagebie-lubin | 2025/26:zagebie-lubin,Kajetan SzmytWarta Poznań,0.0,1,2024/25,,Kajetan SzmytKGHM Zagłębie Lubin,zagebie-lubin,0.0,0.0,0.0,0.0,0.0,0.0,0.0,0.0,0.0,0.0,0.0,1.0,8.0,57.0,0.0,37.0,6.0,49.0,11.0,10.0,2.0,2.0,2.0,0.0,3.0,0.0,24.0,14.0,1408.0,9.0,405.0,0.0,231.0,353.0,9.0,48.0,6.0,24.0,4.0,14.0,0.0,10.0,2.1,1.2,1.9,6.0
Jagiellonia Białystok,jagiellonia-bialystok,Vital B.,matched_existing,bernardo-maria-morais-cardoso-vital,matched_existing,bernardo-maria-morais-cardoso-vital,already_in_player_mapping_csv,matched_existing,bernardo-maria-morais-cardoso-vital,existing_mapping,jagiellonia-bialystok,2025/26,jagiellonia-bialystok,2025/26:jagiellonia-bialystok,Bernardo VitalJagiellonia Białystok,1.0,0,,mapped_but_no_previous_season_ranking,,,,,,,,,,,,,,,,,,,,,,,,,,,,,,,,,,,,,,,,,,,,,,,,
Jagiellonia Białystok,jagiellonia-bialystok,Wdowik B.,matched_existing,bartomiej-wdowik,matched_existing,bartomiej-wdowik,already_in_player_mapping_csv,matched_existing,bartomiej-wdowik,existing_mapping,jagiellonia-bialystok,2023/24 | 2025/26,jagiellonia-bialystok,2023/24:jagiellonia-bialystok | 2025/26:jagiellonia-bialystok,Bartłomiej WdowikJagiellonia Białystok,1.0,0,,mapped_but_no_previous_season_ranking,,,,,,,,,,,,,,,,,,,,,,,,,,,,,,,,,,,,,,,,,,,,,,,,
Jagiellonia Białystok,jagiellonia-bialystok,Wojtuszek N.,matched_existing,norbert-wojtuszek,matched_existing,norbert-wojtuszek,already_in_player_mapping_csv,matched_existing,norbert-wojtuszek,existing_mapping,gornik-zabrze | jagiellonia-bialystok,2023/24 | 2024/25 | 2025/26,jagiellonia-bialystok,2023/24:gornik-zabrze | 2024/25:jagiellonia-bialystok | 2025/26:jagiellonia-bialystok,Norbert WojtuszekGórnik Zabrze,1.0,1,2024/25,,Norbert WojtuszekJagiellonia Białystok,jagiellonia-bialystok,0.0,0.0,0.0,0.0,0.0,0.0,0.0,0.0,0.0,0.0,0.0,1.0,3.0,21.0,3.0,22.0,6.0,31.0,25.0,14.0,2.0,1.0,2.0,0.0,3.0,0.0,19.0,14.0,1773.0,40.0,1044.0,0.0,405.0,492.0,40.0,126.0,37.0,0.0,3.0,14.0,2.0,58.0,0.8,0.3,0.7,5.0
Jagiellonia Białystok,jagiellonia-bialystok,Zalewski Z.,matched_existing,zachary-zalewski,matched_existing,zachary-zalewski,already_in_player_mapping_csv,matched_existing,zachary-zalewski,existing_mapping,jagiellonia-bialystok,2025/26,jagiellonia-bialystok,2025/26:jagiellonia-bialystok,Zachary ZalewskiJagiellonia Białystok,1.0,0,,mapped_but_no_previous_season_ranking,,,,,,,,,,,,,,,,,,,,,,,,,,,,,,,,,,,,,,,,,,,,,,,,
Korona Kielce,korona-kielce,Antonin,matched_existing,antonio-cortes-heredia,matched_existing,antonio-cortes-heredia,already_in_player_mapping_csv,matched_existing,antonio-cortes-heredia,existing_mapping,korona-kielce,2025/26,korona-kielce,2025/26:korona-kielce,Antoñín CortésKorona Kielce,1.0,0,,mapped_but_no_previous_season_ranking,,,,,,,,,,,,,,,,,,,,,,,,,,,,,,,,,,,,,,,,,,,,,,,,
Korona Kielce,korona-kielce,Budnicki J.,matched_existing,jakub-budnicki,matched_existing,jakub-budnicki,already_in_player_mapping_csv,matched_existing,jakub-budnicki,existing_mapping,korona-kielce,2025/26,korona-kielce,2025/26:korona-kielce,Jakub BudnickiKorona Kielce,1.0,0,,mapped_but_no_previous_season_ranking,,,,,,,,,,,,,,,,,,,,,,,,,,,,,,,,,,,,,,,,,,,,,,,,
Korona Kielce,korona-kielce,Bąk D.,unresolved,,auto_same_club_history,daniel-bak,all_flash_tokens_in_slug | suffix_exact | initial_match_any_given_token | same_club_history,matched_auto_same_club_history,daniel-bak,review_auto_same_club_history,korona-kielce,2023/24 | 2024/25,,2023/24:korona-kielce | 2024/25:korona-kielce,Daniel BąkKorona Kielce,0.0,1,2024/25,,Daniel BąkKorona Kielce,korona-kielce,0.0,0.0,0.0,0.0,0.0,0.0,0.0,0.0,0.0,0.0,0.0,0.0,1.0,50.0,0.0,0.0,0.0,5.0,2.0,0.0,0.0,0.0,0.0,0.0,0.0,0.0,0.0,0.0,97.0,1.0,10.0,0.0,1.0,6.0,1.0,5.0,0.0,0.0,2.0,2.0,0.0,1.0,0.0,0.0,0.1,0.0
Korona Kielce,korona-kielce,Błanik D.,matched_existing,dawid-banik,matched_existing,dawid-banik,already_in_player_mapping_csv,matched_existing,dawid-banik,existing_mapping,korona-kielce,2023/24 | 2024/25 | 2025/26,korona-kielce,2023/24:korona-kielce | 2024/25:korona-kielce | 2025/26:korona-kielce,Dawid BłanikKorona Kielce,1.0,1,2024/25,,Dawid BłanikKorona Kielce,korona-kielce,0.0,0.0,0.0,0.0,0.0,0.0,0.0,0.0,0.0,0.0,0.0,6.0,13.0,59.0,0.0,21.0,1.0,50.0,12.0,24.0,4.0,4.0,4.0,0.0,10.0,0.0,20.0,18.0,1062.0,12.0,226.0,0.0,146.0,277.0,12.0,62.0,9.0,60.0,2.0,22.0,0.0,13.0,3.8,2.4,3.3,13.0
Korona Kielce,korona-kielce,Cebula M.,matched_existing,marcin-cebula,matched_existing,marcin-cebula,already_in_player_mapping_csv,matched_existing,marcin-cebula,existing_mapping,korona-kielce | rakow-czestochowa | slask-wroclaw,2023/24 | 2024/25 | 2025/26,korona-kielce,2023/24:rakow-czestochowa | 2024/25:slask-wroclaw | 2025/26:korona-kielce,Marcin CebulaRaków Częstochowa,1.0,1,2024/25,,Marcin CebulaŚląsk Wrocław,slask-wroclaw,0.0,0.0,0.0,0.0,0.0,0.0,0.0,0.0,0.0,0.0,0.0,0.0,2.0,67.0,0.0,4.0,1.0,11.0,4.0,5.0,0.0,0.0,0.0,0.0,0.0,0.0,2.0,0.0,455.0,3.0,119.0,0.0,50.0,63.0,3.0,20.0,2.0,0.0,0.0,3.0,0.0,5.0,0.4,0.3,0.3,3.0
Korona Kielce,korona-kielce,Ciszek K.,matched_existing,konrad-ciszek,matched_existing,konrad-ciszek,already_in_player_mapping_csv,matched_existing,konrad-ciszek,existing_mapping,korona-kielce,2024/25 | 2025/26,korona-kielce,2024/25:korona-kielce | 2025/26:korona-kielce,Konrad CiszekKorona Kielce,1.0,1,2024/25,,Konrad CiszekKorona Kielce,korona-kielce,0.0,0.0,0.0,0.0,0.0,0.0,0.0,0.0,0.0,0.0,0.0,0.0,0.0,0.0,0.0,2.0,0.0,1.0,4.0,1.0,0.0,0.0,0.0,0.0,0.0,0.0,0.0,0.0,109.0,6.0,30.0,0.0,12.0,18.0,6.0,17.0,0.0,0.0,0.0,0.0,0.0,10.0,0.0,0.0,0.0,1.0
Korona Kielce,korona-kielce,Davidovic S.,matched_existing,stjepan-davidovic,matched_existing,stjepan-davidovic,already_in_player_mapping_csv,matched_existing,stjepan-davidovic,existing_mapping,korona-kielce,2025/26,korona-kielce,2025/26:korona-kielce,Stjepan DavidovićKorona Kielce,1.0,0,,mapped_but_no_previous_season_ranking,,,,,,,,,,,,,,,,,,,,,,,,,,,,,,,,,,,,,,,,,,,,,,,,
Korona Kielce,korona-kielce,Dziekoński X.,matched_existing,xavier-dziekonski,matched_existing,xavier-dziekonski,already_in_player_mapping_csv,matched_existing,xavier-dziekonski,existing_mapping,korona-kielce,2023/24 | 2024/25 | 2025/26,korona-kielce,2023/24:korona-kielce | 2024/25:korona-kielce | 2025/26:korona-kielce,Xavier DziekońskiKorona Kielce,1.0,1,2024/25,,Xavier DziekońskiKorona Kielce,korona-kielce,26.0,4.0,77.0,17.0,1530.0,5.0,556.0,0.0,2.0,0.0,51.0,0.0,0.0,0.0,0.0,0.0,0.0,0.0,1.0,4.0,0.0,0.0,0.0,0.0,0.0,0.0,0.0,0.0,1530.0,0.0,556.0,0.0,45.0,174.0,0.0,8.0,0.0,0.0,0.0,0.0,0.0,13.0,0.1,0.0,0.0,0.0
Korona Kielce,korona-kielce,Długosz W.,matched_existing,wiktor-dugosz,matched_existing,wiktor-dugosz,already_in_player_mapping_csv,matched_existing,wiktor-dugosz,existing_mapping,korona-kielce | ruch-chorzow,2023/24 | 2024/25 | 2025/26,korona-kielce,2023/24:ruch-chorzow | 2024/25:korona-kielce | 2025/26:korona-kielce,Wiktor DługoszRuch Chorzów,1.0,1,2024/25,,Wiktor DługoszKorona Kielce,korona-kielce,0.0,0.0,0.0,0.0,0.0,0.0,0.0,0.0,0.0,0.0,0.0,2.0,9.0,41.0,0.0,46.0,8.0,50.0,34.0,30.0,3.0,2.0,2.0,0.0,5.0,0.0,15.0,14.0,1994.0,28.0,414.0,0.0,188.0,310.0,28.0,112.0,19.0,0.0,2.0,22.0,0.0,31.0,2.0,2.2,2.2,9.0
Korona Kielce,korona-kielce,Glowinski M.,matched_existing,mateusz-gowinski,matched_existing,mateusz-gowinski,already_in_player_mapping_csv,matched_existing,mateusz-gowinski,existing_mapping,korona-kielce,2025/26,korona-kielce,2025/26:korona-kielce,Mateusz GłowińskiKorona Kielce,1.0,0,,mapped_but_no_previous_season_ranking,,,,,,,,,,,,,,,,,,,,,,,,,,,,,,,,,,,,,,,,,,,,,,,,
Korona Kielce,korona-kielce,Gustafson S.,matched_existing,simon-gustafson,matched_existing,simon-gustafson,already_in_player_mapping_csv,matched_existing,simon-gustafson,existing_mapping,korona-kielce,2025/26,korona-kielce,2025/26:korona-kielce,Simon GustafsonKorona Kielce,1.0,0,,mapped_but_no_previous_season_ranking,,,,,,,,,,,,,,,,,,,,,,,,,,,,,,,,,,,,,,,,,,,,,,,,
Korona Kielce,korona-kielce,Hancko A.,matched_existing,adam-hancko,matched_existing,adam-hancko,already_in_player_mapping_csv,matched_existing,adam-hancko,existing_mapping,korona-kielce,2025/26,korona-kielce,2025/26:korona-kielce,Adam HańćkoKorona Kielce,1.0,0,,mapped_but_no_previous_season_ranking,,,,,,,,,,,,,,,,,,,,,,,,,,,,,,,,,,,,,,,,,,,,,,,,
Korona Kielce,korona-kielce,Kamiński W.,matched_existing,wojciech-kaminski,matched_existing,wojciech-kaminski,already_in_player_mapping_csv,matched_existing,wojciech-kaminski,existing_mapping,korona-kielce,2024/25 | 2025/26,korona-kielce,2024/25:korona-kielce | 2025/26:korona-kielce,Wojciech KamińskiKorona Kielce,1.0,1,2024/25,,Wojciech KamińskiKorona Kielce,korona-kielce,0.0,0.0,0.0,0.0,0.0,0.0,0.0,0.0,0.0,0.0,0.0,0.0,1.0,100.0,0.0,0.0,0.0,3.0,4.0,1.0,0.0,0.0,0.0,0.0,0.0,0.0,2.0,0.0,348.0,2.0,126.0,0.0,49.0,67.0,2.0,8.0,5.0,0.0,0.0,1.0,0.0,10.0,0.1,0.1,0.0,1.0
Korona Kielce,korona-kielce,Mamla R.,unresolved,,auto_same_club_history,rafa-mamla,all_flash_tokens_in_slug | suffix_exact | initial_match_any_given_token | same_club_history,matched_auto_same_club_history,rafa-mamla,review_auto_same_club_history,korona-kielce,2024/25,,2024/25:korona-kielce,Rafał MamlaKorona Kielce,0.0,1,2024/25,,Rafał MamlaKorona Kielce,korona-kielce,19.0,4.0,83.0,17.0,1530.0,7.0,420.0,0.0,6.0,0.0,42.0,0.0,0.0,0.0,0.0,0.0,0.0,0.0,2.0,3.0,0.0,0.0,0.0,0.0,0.0,0.0,1.0,0.0,1530.0,1.0,420.0,0.0,55.0,235.0,1.0,12.0,0.0,0.0,0.0,0.0,0.0,11.0,0.0,0.0,0.0,0.0
Korona Kielce,korona-kielce,Matuszewski K.,matched_existing,konrad-matuszewski,matched_existing,konrad-matuszewski,already_in_player_mapping_csv,matched_existing,konrad-matuszewski,existing_mapping,korona-kielce | warta-poznan,2023/24 | 2024/25 | 2025/26,korona-kielce,2023/24:warta-poznan | 2024/25:korona-kielce | 2025/26:korona-kielce,Konrad MatuszewskiWarta Poznań,1.0,1,2024/25,,Konrad MatuszewskiKorona Kielce,korona-kielce,0.0,0.0,0.0,0.0,0.0,0.0,0.0,0.0,0.0,0.0,0.0,1.0,6.0,75.0,0.0,56.0,15.0,21.0,15.0,23.0,0.0,0.0,0.0,0.0,1.0,0.0,24.0,0.0,1813.0,26.0,606.0,0.0,276.0,428.0,26.0,100.0,12.0,14.0,2.0,8.0,0.0,61.0,1.9,1.0,1.1,3.0
Korona Kielce,korona-kielce,Minuczyc K.,matched_existing,kacper-minuczyc,matched_existing,kacper-minuczyc,already_in_player_mapping_csv,matched_existing,kacper-minuczyc,existing_mapping,korona-kielce,2025/26,korona-kielce,2025/26:korona-kielce,Kacper MinuczycKorona Kielce,1.0,0,,mapped_but_no_previous_season_ranking,,,,,,,,,,,,,,,,,,,,,,,,,,,,,,,,,,,,,,,,,,,,,,,,
Korona Kielce,korona-kielce,Niedbala M.,unresolved,,no_candidate,,no_strict_candidate,no_candidate,,review_no_candidate,,,,,,,0,,unmapped_flash_player,,,,,,,,,,,,,,,,,,,,,,,,,,,,,,,,,,,,,,,,,,,,,,,,
Korona Kielce,korona-kielce,Nikolov V.,matched_existing,vladimir-nikolaev-nikolov,matched_existing,vladimir-nikolaev-nikolov,already_in_player_mapping_csv,matched_existing,vladimir-nikolaev-nikolov,existing_mapping,korona-kielce,2025/26,korona-kielce,2025/26:korona-kielce,Vladimir Nikolaev NikolovKorona Kielce,1.0,0,,mapped_but_no_previous_season_ranking,,,,,,,,,,,,,,,,,,,,,,,,,,,,,,,,,,,,,,,,,,,,,,,,
Korona Kielce,korona-kielce,Niski N.,matched_existing,nikodem-niski,matched_existing,nikodem-niski,already_in_player_mapping_csv,matched_existing,nikodem-niski,existing_mapping,korona-kielce,2025/26,korona-kielce,2025/26:korona-kielce,Nikodem NiskiKorona Kielce,1.0,0,,mapped_but_no_previous_season_ranking,,,,,,,,,,,,,,,,,,,,,,,,,,,,,,,,,,,,,,,,,,,,,,,,
Korona Kielce,korona-kielce,Nono,matched_existing,david-gonzalez-plata,matched_existing,david-gonzalez-plata,already_in_player_mapping_csv,matched_existing,david-gonzalez-plata,existing_mapping,korona-kielce,2023/24 | 2024/25 | 2025/26,korona-kielce,2023/24:korona-kielce | 2024/25:korona-kielce | 2025/26:korona-kielce,NonoKorona Kielce,1.0,1,2024/25,,NonoKorona Kielce,korona-kielce,0.0,0.0,0.0,0.0,0.0,0.0,0.0,0.0,0.0,0.0,0.0,1.0,3.0,50.0,0.0,10.0,2.0,26.0,20.0,33.0,0.0,0.0,0.0,0.0,1.0,0.0,21.0,0.0,1257.0,21.0,743.0,0.0,331.0,444.0,21.0,86.0,21.0,1.0,0.0,6.0,0.0,14.0,0.8,0.5,0.6,8.0
Korona Kielce,korona-kielce,Pięczek M.,matched_existing,marcel-pieczek,matched_existing,marcel-pieczek,already_in_player_mapping_csv,matched_existing,marcel-pieczek,existing_mapping,korona-kielce | puszcza-niepolomice,2023/24 | 2024/25 | 2025/26,korona-kielce,2023/24:puszcza-niepolomice | 2024/25:korona-kielce | 2025/26:korona-kielce,Marcel PięczekPuszcza Niepołomice,1.0,1,2024/25,,Marcel PięczekKorona Kielce,korona-kielce,0.0,0.0,0.0,0.0,0.0,0.0,0.0,0.0,0.0,0.0,0.0,5.0,2.0,50.0,0.0,39.0,11.0,21.0,17.0,16.0,0.0,0.0,0.0,0.0,5.0,0.0,20.0,0.0,2057.0,16.0,968.0,0.0,338.0,509.0,16.0,77.0,22.0,45.0,0.0,4.0,0.0,85.0,2.8,0.3,0.2,2.0
Korona Kielce,korona-kielce,Popov V.,matched_existing,viktor-nikolaev-popov,matched_existing,viktor-nikolaev-popov,already_in_player_mapping_csv,matched_existing,viktor-nikolaev-popov,existing_mapping,korona-kielce,2025/26,korona-kielce,2025/26:korona-kielce,Viktor Nikolaev PopovKorona Kielce,1.0,0,,mapped_but_no_previous_season_ranking,,,,,,,,,,,,,,,,,,,,,,,,,,,,,,,,,,,,,,,,,,,,,,,,
Korona Kielce,korona-kielce,Remacle M.,matched_existing,martin-christophe-jannick-remacle,matched_existing,martin-christophe-jannick-remacle,already_in_player_mapping_csv,matched_existing,martin-christophe-jannick-remacle,existing_mapping,korona-kielce,2023/24 | 2024/25 | 2025/26,korona-kielce,2023/24:korona-kielce | 2024/25:korona-kielce | 2025/26:korona-kielce,Martin Christophe Jannick RemacleKorona Kielce,1.0,1,2024/25,,Martin Christophe Jannick RemacleKorona Kielce,korona-kielce,0.0,0.0,0.0,0.0,0.0,0.0,0.0,0.0,0.0,0.0,0.0,0.0,8.0,25.0,0.0,28.0,5.0,41.0,28.0,43.0,1.0,1.0,0.0,0.0,1.0,0.0,30.0,3.0,2078.0,28.0,877.0,0.0,407.0,572.0,28.0,131.0,22.0,12.0,0.0,32.0,0.0,28.0,1.7,3.0,1.0,16.0
Korona Kielce,korona-kielce,Resta P.,matched_existing,pau-resta-tell,matched_existing,pau-resta-tell,already_in_player_mapping_csv,matched_existing,pau-resta-tell,existing_mapping,korona-kielce,2024/25 | 2025/26,korona-kielce,2024/25:korona-kielce | 2025/26:korona-kielce,Pau Resta TellKorona Kielce,1.0,1,2024/25,,Pau Resta TellKorona Kielce,korona-kielce,0.0,0.0,0.0,0.0,0.0,0.0,0.0,0.0,0.0,0.0,0.0,0.0,8.0,36.0,0.0,0.0,0.0,2.0,21.0,9.0,4.0,0.0,4.0,0.0,4.0,0.0,7.0,18.0,2153.0,23.0,1110.0,0.0,277.0,380.0,23.0,122.0,30.0,0.0,1.0,22.0,0.0,153.0,0.4,2.7,4.4,2.0
Korona Kielce,korona-kielce,Rubezic S.,matched_existing,slobodan-rubezic,matched_existing,slobodan-rubezic,already_in_player_mapping_csv,matched_existing,slobodan-rubezic,existing_mapping,korona-kielce,2025/26,korona-kielce,2025/26:korona-kielce,Slobodan RubežićKorona Kielce,1.0,0,,mapped_but_no_previous_season_ranking,,,,,,,,,,,,,,,,,,,,,,,,,,,,,,,,,,,,,,,,,,,,,,,,
Korona Kielce,korona-kielce,Smolarczyk B.,matched_existing,bartomiej-smolarczyk,matched_existing,bartomiej-smolarczyk,already_in_player_mapping_csv,matched_existing,bartomiej-smolarczyk,existing_mapping,korona-kielce,2024/25 | 2025/26,korona-kielce,2024/25:korona-kielce | 2025/26:korona-kielce,Bartłomiej SmolarczykKorona Kielce,1.0,1,2024/25,,Bartłomiej SmolarczykKorona Kielce,korona-kielce,0.0,0.0,0.0,0.0,0.0,0.0,0.0,0.0,0.0,0.0,0.0,0.0,1.0,25.0,0.0,0.0,0.0,2.0,7.0,1.0,0.0,0.0,0.0,0.0,0.0,0.0,2.0,0.0,1042.0,9.0,421.0,0.0,97.0,126.0,9.0,45.0,14.0,0.0,0.0,4.0,0.0,68.0,0.1,0.3,0.0,0.0
Korona Kielce,korona-kielce,Sotiriou K.,matched_existing,konstantinos-sotiriou,matched_existing,konstantinos-sotiriou,already_in_player_mapping_csv,matched_existing,konstantinos-sotiriou,existing_mapping,korona-kielce,2024/25 | 2025/26,korona-kielce,2024/25:korona-kielce | 2025/26:korona-kielce,Konstantinos SotiriouKorona Kielce,1.0,1,2024/25,,Konstantinos SotiriouKorona Kielce,korona-kielce,0.0,0.0,0.0,0.0,0.0,0.0,0.0,0.0,0.0,0.0,0.0,0.0,1.0,25.0,0.0,3.0,2.0,2.0,7.0,5.0,1.0,0.0,1.0,0.0,1.0,0.0,4.0,25.0,831.0,7.0,369.0,0.0,103.0,154.0,7.0,54.0,13.0,0.0,1.0,4.0,0.0,46.0,0.5,0.4,0.5,1.0
Korona Kielce,korona-kielce,Strzebonski M.,matched_existing,miosz-strzebonski,matched_existing,miosz-strzebonski,already_in_player_mapping_csv,matched_existing,miosz-strzebonski,existing_mapping,korona-kielce,2023/24 | 2024/25 | 2025/26,korona-kielce,2023/24:korona-kielce | 2024/25:korona-kielce | 2025/26:korona-kielce,Miłosz StrzebońskiKorona Kielce,1.0,1,2024/25,,Miłosz StrzebońskiKorona Kielce,korona-kielce,0.0,0.0,0.0,0.0,0.0,0.0,0.0,0.0,0.0,0.0,0.0,0.0,1.0,33.0,0.0,8.0,2.0,6.0,18.0,7.0,0.0,0.0,0.0,0.0,0.0,0.0,11.0,0.0,725.0,8.0,258.0,0.0,104.0,155.0,8.0,23.0,11.0,4.0,0.0,3.0,0.0,12.0,0.4,0.2,0.1,5.0
Korona Kielce,korona-kielce,Stępiński M.,matched_existing,mariusz-pawe-stepinski,matched_existing,mariusz-pawe-stepinski,already_in_player_mapping_csv,matched_existing,mariusz-pawe-stepinski,existing_mapping,korona-kielce,2025/26,korona-kielce,2025/26:korona-kielce,Mariusz Paweł StępińskiKorona Kielce,1.0,0,,mapped_but_no_previous_season_ranking,,,,,,,,,,,,,,,,,,,,,,,,,,,,,,,,,,,,,,,,,,,,,,,,
Korona Kielce,korona-kielce,Svetlin T.,matched_existing,tamar-svetlin,matched_existing,tamar-svetlin,already_in_player_mapping_csv,matched_existing,tamar-svetlin,existing_mapping,korona-kielce,2025/26,korona-kielce,2025/26:korona-kielce,Tamar SvetlinKorona Kielce,1.0,0,,mapped_but_no_previous_season_ranking,,,,,,,,,,,,,,,,,,,,,,,,,,,,,,,,,,,,,,,,,,,,,,,,
Korona Kielce,korona-kielce,Zwoźny H.,matched_existing,hubert-zwozny,matched_existing,hubert-zwozny,already_in_player_mapping_csv,matched_existing,hubert-zwozny,existing_mapping,korona-kielce,2024/25 | 2025/26,korona-kielce,2024/25:korona-kielce | 2025/26:korona-kielce,Hubert ZwoźnyKorona Kielce,1.0,1,2024/25,,Hubert ZwoźnyKorona Kielce,korona-kielce,0.0,0.0,0.0,0.0,0.0,0.0,0.0,0.0,0.0,0.0,0.0,0.0,1.0,25.0,0.0,47.0,7.0,39.0,25.0,19.0,0.0,0.0,0.0,0.0,0.0,0.0,15.0,0.0,1712.0,41.0,482.0,0.0,168.0,297.0,41.0,118.0,15.0,0.0,0.0,4.0,0.0,53.0,0.9,0.2,0.0,5.0
Lech Poznań,lech-poznan,Agnero Y.,matched_existing,mel-yannick-joel-agnero,matched_existing,mel-yannick-joel-agnero,already_in_player_mapping_csv,matched_existing,mel-yannick-joel-agnero,existing_mapping,lech-poznan,2025/26,lech-poznan,2025/26:lech-poznan,Mel Yannick Joel AgneroLech Poznań,1.0,0,,mapped_but_no_previous_season_ranking,,,,,,,,,,,,,,,,,,,,,,,,,,,,,,,,,,,,,,,,,,,,,,,,
Lech Poznań,lech-poznan,Andersson E.,unresolved,,auto_same_club_history,nils-erik-elias-andersson,all_flash_tokens_in_slug | suffix_exact | initial_match_any_given_token | same_club_history,matched_auto_same_club_history,nils-erik-elias-andersson,review_auto_same_club_history,lech-poznan,2023/24 | 2024/25,,2023/24:lech-poznan | 2024/25:lech-poznan,Nils Erik Elias AnderssonLech Poznań,0.0,1,2024/25,,Nils Erik Elias AnderssonLech Poznań,lech-poznan,0.0,0.0,0.0,0.0,0.0,0.0,0.0,0.0,0.0,0.0,0.0,0.0,0.0,0.0,0.0,11.0,3.0,0.0,0.0,0.0,0.0,0.0,0.0,0.0,0.0,0.0,0.0,0.0,169.0,2.0,139.0,0.0,71.0,92.0,2.0,6.0,1.0,2.0,0.0,1.0,0.0,4.0,0.2,0.0,0.0,0.0
Lech Poznań,lech-poznan,Andreev P.,matched_existing,plamen-plamenov-andreev,matched_existing,plamen-plamenov-andreev,already_in_player_mapping_csv,matched_existing,plamen-plamenov-andreev,existing_mapping,lech-poznan,2025/26,lech-poznan,2025/26:lech-poznan,Plamen Plamenov AndreevLech Poznań,1.0,0,,mapped_but_no_previous_season_ranking,,,,,,,,,,,,,,,,,,,,,,,,,,,,,,,,,,,,,,,,,,,,,,,,
Lech Poznań,lech-poznan,Baranski B.,unresolved,,auto_transfer_candidate,bartomiej-pawe-baranski,all_flash_tokens_in_slug | suffix_exact | initial_match_any_given_token,matched_auto_transfer_candidate,bartomiej-pawe-baranski,review_auto_transfer_candidate,ruch-chorzow,2023/24,,2023/24:ruch-chorzow,Bartłomiej Paweł BarańskiRuch Chorzów,0.0,0,,mapped_but_no_previous_season_ranking,,,,,,,,,,,,,,,,,,,,,,,,,,,,,,,,,,,,,,,,,,,,,,,,
Lech Poznań,lech-poznan,Bengtsson L.,matched_existing,erik-martin-leo-bengtsson,matched_existing,erik-martin-leo-bengtsson,already_in_player_mapping_csv,matched_existing,erik-martin-leo-bengtsson,existing_mapping,lech-poznan,2025/26,lech-poznan,2025/26:lech-poznan,Erik Martin Leo BengtssonLech Poznań,1.0,0,,mapped_but_no_previous_season_ranking,,,,,,,,,,,,,,,,,,,,,,,,,,,,,,,,,,,,,,,,,,,,,,,,
Lech Poznań,lech-poznan,Bąkowski K.,unresolved,,auto_transfer_candidate,krzysztof-maciej-bakowski,all_flash_tokens_in_slug | suffix_exact | initial_match_any_given_token,matched_auto_transfer_candidate,krzysztof-maciej-bakowski,review_auto_transfer_candidate,radomiak-radom,2023/24,,2023/24:radomiak-radom,Krzysztof Maciej BąkowskiRadomiak Radom,0.0,0,,mapped_but_no_previous_season_ranking,,,,,,,,,,,,,,,,,,,,,,,,,,,,,,,,,,,,,,,,,,,,,,,,
Lech Poznań,lech-poznan,Douglas A.,matched_existing,alex-raymond-douglas,matched_existing,alex-raymond-douglas,already_in_player_mapping_csv,matched_existing,alex-raymond-douglas,existing_mapping,lech-poznan,2024/25 | 2025/26,lech-poznan,2024/25:lech-poznan | 2025/26:lech-poznan,Alex Raymond DouglasLech Poznań,1.0,1,2024/25,,Alex Raymond DouglasLech Poznań,lech-poznan,0.0,0.0,0.0,0.0,0.0,0.0,0.0,0.0,0.0,0.0,0.0,0.0,0.0,0.0,0.0,1.0,0.0,35.0,28.0,12.0,0.0,0.0,0.0,0.0,0.0,0.0,4.0,0.0,1875.0,11.0,1204.0,0.0,432.0,526.0,11.0,92.0,14.0,0.0,1.0,2.0,0.0,55.0,0.6,0.3,0.0,3.0
Lech Poznań,lech-poznan,Dudek S.,matched_existing,sammy-dudek,matched_existing,sammy-dudek,already_in_player_mapping_csv,matched_existing,sammy-dudek,existing_mapping,lech-poznan,2024/25 | 2025/26,lech-poznan,2024/25:lech-poznan | 2025/26:lech-poznan,Sammy DudekLech Poznań,1.0,1,2024/25,,Sammy DudekLech Poznań,lech-poznan,0.0,0.0,0.0,0.0,0.0,0.0,0.0,0.0,0.0,0.0,0.0,0.0,0.0,0.0,0.0,0.0,0.0,0.0,1.0,0.0,0.0,0.0,0.0,0.0,0.0,0.0,0.0,0.0,23.0,0.0,13.0,0.0,7.0,9.0,0.0,0.0,2.0,0.0,0.0,0.0,0.0,1.0,0.0,0.0,0.0,0.0
Lech Poznań,lech-poznan,Fiabema B.,matched_existing,bryan-benjamin-solhaug-fiabema,matched_existing,bryan-benjamin-solhaug-fiabema,already_in_player_mapping_csv,matched_existing,bryan-benjamin-solhaug-fiabema,existing_mapping,lech-poznan,2024/25 | 2025/26,lech-poznan,2024/25:lech-poznan | 2025/26:lech-poznan,Bryan Benjamin Solhaug FiabemaLech Poznań,1.0,1,2024/25,,Bryan Benjamin Solhaug FiabemaLech Poznań,lech-poznan,0.0,0.0,0.0,0.0,0.0,0.0,0.0,0.0,0.0,0.0,0.0,1.0,7.0,47.0,3.0,7.0,0.0,18.0,10.0,11.0,0.0,0.0,0.0,0.0,1.0,0.0,9.0,0.0,607.0,8.0,184.0,0.0,104.0,143.0,8.0,46.0,0.0,0.0,3.0,15.0,0.0,12.0,0.5,1.5,1.3,8.0
Lech Poznań,lech-poznan,Gholizadeh A.,matched_existing,ali-gholizadeh-nojedeh,matched_existing,ali-gholizadeh-nojedeh,already_in_player_mapping_csv,matched_existing,ali-gholizadeh-nojedeh,existing_mapping,lech-poznan,2023/24 | 2024/25 | 2025/26,lech-poznan,2023/24:lech-poznan | 2024/25:lech-poznan | 2025/26:lech-poznan,Ali Gholizadeh NojedehLech Poznań,1.0,1,2024/25,,Ali Gholizadeh NojedehLech Poznań,lech-poznan,0.0,0.0,0.0,0.0,0.0,0.0,0.0,0.0,0.0,0.0,0.0,5.0,12.0,57.0,4.0,37.0,12.0,62.0,16.0,21.0,8.0,7.0,8.0,0.0,13.0,0.0,28.0,38.0,1641.0,19.0,770.0,0.0,449.0,595.0,19.0,94.0,9.0,9.0,4.0,21.0,4.0,17.0,5.3,2.6,7.0,12.0
Lech Poznań,lech-poznan,Gmur T.,unresolved,,no_candidate,,no_strict_candidate,no_candidate,,review_no_candidate,,,,,,,0,,unmapped_flash_player,,,,,,,,,,,,,,,,,,,,,,,,,,,,,,,,,,,,,,,,,,,,,,,,
Lech Poznań,lech-poznan,Gumny R.,matched_existing,robert-krzysztof-gumny,matched_existing,robert-krzysztof-gumny,already_in_player_mapping_csv,matched_existing,robert-krzysztof-gumny,existing_mapping,lech-poznan,2025/26,lech-poznan,2025/26:lech-poznan,Robert Krzysztof GumnyLech Poznań,1.0,0,,mapped_but_no_previous_season_ranking,,,,,,,,,,,,,,,,,,,,,,,,,,,,,,,,,,,,,,,,,,,,,,,,
Lech Poznań,lech-poznan,Gurgul M.,matched_existing,micha-gurgul,matched_existing,micha-gurgul,already_in_player_mapping_csv,matched_existing,micha-gurgul,existing_mapping,lech-poznan,2023/24 | 2024/25 | 2025/26,lech-poznan,2023/24:lech-poznan | 2024/25:lech-poznan | 2025/26:lech-poznan,Michał GurgulLech Poznań,1.0,1,2024/25,,Michał GurgulLech Poznań,lech-poznan,0.0,0.0,0.0,0.0,0.0,0.0,0.0,0.0,0.0,0.0,0.0,0.0,1.0,25.0,0.0,39.0,7.0,10.0,28.0,14.0,0.0,0.0,0.0,0.0,0.0,0.0,17.0,0.0,2455.0,23.0,1708.0,0.0,699.0,886.0,23.0,87.0,23.0,0.0,2.0,4.0,0.0,68.0,1.7,0.7,0.1,5.0
Lech Poznań,lech-poznan,Hakans D.,matched_existing,daniel-noel-mikael-hakans,matched_existing,daniel-noel-mikael-hakans,already_in_player_mapping_csv,matched_existing,daniel-noel-mikael-hakans,existing_mapping,lech-poznan,2024/25 | 2025/26,lech-poznan,2024/25:lech-poznan | 2025/26:lech-poznan,Daniel Noel Mikael HåkansLech Poznań,1.0,1,2024/25,,Daniel Noel Mikael HåkansLech Poznań,lech-poznan,0.0,0.0,0.0,0.0,0.0,0.0,0.0,0.0,0.0,0.0,0.0,6.0,4.0,44.0,4.0,13.0,3.0,35.0,14.0,11.0,1.0,1.0,1.0,0.0,7.0,0.0,11.0,11.0,1124.0,15.0,264.0,0.0,163.0,208.0,15.0,46.0,2.0,0.0,5.0,9.0,5.0,3.0,2.5,2.1,1.2,2.0
Lech Poznań,lech-poznan,Ishak M.,matched_existing,mikael-ishak,matched_existing,mikael-ishak,already_in_player_mapping_csv,matched_existing,mikael-ishak,existing_mapping,lech-poznan,2023/24 | 2024/25 | 2025/26,lech-poznan,2023/24:lech-poznan | 2024/25:lech-poznan | 2025/26:lech-poznan,Mikael IshakLech Poznań,1.0,1,2024/25,,Mikael IshakLech Poznań,lech-poznan,0.0,0.0,0.0,0.0,0.0,0.0,0.0,0.0,0.0,0.0,0.0,5.0,45.0,59.0,35.0,10.0,3.0,17.0,20.0,39.0,21.0,18.0,21.0,3.0,26.0,4.0,29.0,28.0,2753.0,10.0,517.0,0.0,261.0,356.0,10.0,97.0,1.0,0.0,24.0,76.0,5.0,46.0,3.1,18.3,20.2,24.0
Lech Poznań,lech-poznan,Ismaheel T.,unresolved,,auto_transfer_candidate,taofeek-ajibade-ismaheel,all_flash_tokens_in_slug | suffix_exact | initial_match_any_given_token | present_in_target_season,matched_auto_transfer_candidate,taofeek-ajibade-ismaheel,review_auto_transfer_candidate,gornik-zabrze,2024/25 | 2025/26,gornik-zabrze,2024/25:gornik-zabrze | 2025/26:gornik-zabrze,Taofeek Ajibade IsmaheelGórnik Zabrze,0.0,1,2024/25,,Taofeek Ajibade IsmaheelGórnik Zabrze,gornik-zabrze,0.0,0.0,0.0,0.0,0.0,0.0,0.0,0.0,0.0,0.0,0.0,4.0,20.0,49.0,13.0,47.0,5.0,77.0,18.0,53.0,3.0,3.0,3.0,0.0,7.0,0.0,29.0,7.0,2050.0,18.0,760.0,0.0,431.0,583.0,18.0,135.0,16.0,1.0,7.0,41.0,8.0,14.0,4.3,5.9,5.5,16.0
Lech Poznań,lech-poznan,Jagiełło F.,matched_existing,filip-wojciech-jagieo,matched_existing,filip-wojciech-jagieo,already_in_player_mapping_csv,matched_existing,filip-wojciech-jagieo,existing_mapping,lech-poznan,2024/25 | 2025/26,lech-poznan,2024/25:lech-poznan | 2025/26:lech-poznan,Filip Wojciech JagiełłoLech Poznań,1.0,1,2024/25,,Filip Wojciech JagiełłoLech Poznań,lech-poznan,0.0,0.0,0.0,0.0,0.0,0.0,0.0,0.0,0.0,0.0,0.0,2.0,7.0,58.0,4.0,13.0,2.0,10.0,7.0,24.0,2.0,2.0,2.0,0.0,4.0,0.0,13.0,17.0,989.0,7.0,706.0,0.0,373.0,455.0,7.0,44.0,15.0,14.0,1.0,12.0,1.0,10.0,1.7,2.1,1.6,10.0
Lech Poznań,lech-poznan,Jakobczyk K.,matched_existing,kamil-jakobczyk,matched_existing,kamil-jakobczyk,already_in_player_mapping_csv,matched_existing,kamil-jakobczyk,existing_mapping,lech-poznan,2025/26,lech-poznan,2025/26:lech-poznan,Kamil JakóbczykLech Poznań,1.0,0,,mapped_but_no_previous_season_ranking,,,,,,,,,,,,,,,,,,,,,,,,,,,,,,,,,,,,,,,,,,,,,,,,
Lech Poznań,lech-poznan,Janyszka H.,matched_existing,hubert-janyszka,matched_existing,hubert-janyszka,already_in_player_mapping_csv,matched_existing,hubert-janyszka,existing_mapping,lech-poznan,2025/26,lech-poznan,2025/26:lech-poznan,Hubert JanyszkaLech Poznań,1.0,0,,mapped_but_no_previous_season_ranking,,,,,,,,,,,,,,,,,,,,,,,,,,,,,,,,,,,,,,,,,,,,,,,,
Lech Poznań,lech-poznan,Kozubal A.,matched_existing,antoni-kozubal,matched_existing,antoni-kozubal,already_in_player_mapping_csv,matched_existing,antoni-kozubal,existing_mapping,lech-poznan,2024/25 | 2025/26,lech-poznan,2024/25:lech-poznan | 2025/26:lech-poznan,Antoni KozubalLech Poznań,1.0,1,2024/25,,Antoni KozubalLech Poznań,lech-poznan,0.0,0.0,0.0,0.0,0.0,0.0,0.0,0.0,0.0,0.0,0.0,5.0,11.0,39.0,3.0,17.0,3.0,30.0,45.0,67.0,1.0,1.0,1.0,0.0,6.0,0.0,36.0,4.0,2731.0,34.0,1621.0,0.0,805.0,1014.0,34.0,164.0,34.0,50.0,1.0,28.0,8.0,36.0,4.4,3.2,3.0,25.0
Lech Poznań,lech-poznan,Lisman K.,matched_existing,kornel-lisman,matched_existing,kornel-lisman,already_in_player_mapping_csv,matched_existing,kornel-lisman,existing_mapping,lech-poznan,2024/25 | 2025/26,lech-poznan,2024/25:lech-poznan | 2025/26:lech-poznan,Kornel LismanLech Poznań,1.0,1,2024/25,,Kornel LismanLech Poznań,lech-poznan,0.0,0.0,0.0,0.0,0.0,0.0,0.0,0.0,0.0,0.0,0.0,0.0,3.0,75.0,1.0,12.0,2.0,19.0,1.0,4.0,1.0,1.0,1.0,0.0,1.0,0.0,4.0,25.0,360.0,5.0,79.0,0.0,43.0,67.0,5.0,20.0,1.0,0.0,2.0,4.0,1.0,6.0,0.5,1.0,1.2,2.0
Lech Poznań,lech-poznan,Milic A.,matched_existing,antonio-milic,matched_existing,antonio-milic,already_in_player_mapping_csv,matched_existing,antonio-milic,existing_mapping,lech-poznan,2023/24 | 2024/25 | 2025/26,lech-poznan,2023/24:lech-poznan | 2024/25:lech-poznan | 2025/26:lech-poznan,Antonio MilićLech Poznań,1.0,1,2024/25,,Antonio MilićLech Poznań,lech-poznan,0.0,0.0,0.0,0.0,0.0,0.0,0.0,0.0,0.0,0.0,0.0,3.0,4.0,21.0,3.0,12.0,3.0,9.0,29.0,8.0,0.0,0.0,0.0,0.0,3.0,0.0,16.0,0.0,2606.0,12.0,2161.0,0.0,663.0,813.0,12.0,102.0,36.0,0.0,2.0,19.0,4.0,121.0,1.8,1.8,1.4,4.0
Lech Poznań,lech-poznan,Monka W.,matched_existing,wojciech-monka,matched_existing,wojciech-monka,already_in_player_mapping_csv,matched_existing,wojciech-monka,existing_mapping,lech-poznan,2024/25 | 2025/26,lech-poznan,2024/25:lech-poznan | 2025/26:lech-poznan,Wojciech MońkaLech Poznań,1.0,1,2024/25,,Wojciech MońkaLech Poznań,lech-poznan,0.0,0.0,0.0,0.0,0.0,0.0,0.0,0.0,0.0,0.0,0.0,1.0,0.0,0.0,0.0,3.0,1.0,1.0,2.0,0.0,0.0,0.0,0.0,0.0,1.0,0.0,1.0,0.0,504.0,2.0,301.0,0.0,97.0,122.0,2.0,12.0,4.0,0.0,0.0,0.0,1.0,26.0,0.3,0.0,0.0,0.0
Lech Poznań,lech-poznan,Moutinho J.,matched_existing,joao-gervasio-braganca-moutinho,matched_existing,joao-gervasio-braganca-moutinho,already_in_player_mapping_csv,matched_existing,joao-gervasio-braganca-moutinho,existing_mapping,jagiellonia-bialystok | lech-poznan,2024/25 | 2025/26,lech-poznan,2024/25:jagiellonia-bialystok | 2025/26:lech-poznan,João MoutinhoJagiellonia Białystok,1.0,1,2024/25,,João MoutinhoJagiellonia Białystok,jagiellonia-bialystok,0.0,0.0,0.0,0.0,0.0,0.0,0.0,0.0,0.0,0.0,0.0,3.0,6.0,60.0,0.0,73.0,22.0,29.0,32.0,22.0,0.0,0.0,0.0,0.0,3.0,0.0,35.0,0.0,2332.0,36.0,1263.0,0.0,561.0,850.0,36.0,144.0,29.0,55.0,0.0,10.0,4.0,63.0,4.8,0.3,0.6,4.0
Lech Poznań,lech-poznan,Mrozek B.,matched_existing,bartosz-mrozek,matched_existing,bartosz-mrozek,already_in_player_mapping_csv,matched_existing,bartosz-mrozek,existing_mapping,lech-poznan,2023/24 | 2024/25 | 2025/26,lech-poznan,2023/24:lech-poznan | 2024/25:lech-poznan | 2025/26:lech-poznan,Bartosz MrozekLech Poznań,1.0,1,2024/25,,Bartosz MrozekLech Poznań,lech-poznan,31.0,14.0,107.0,34.0,3060.0,12.0,1104.0,0.0,3.0,0.0,111.0,0.0,0.0,0.0,0.0,0.0,0.0,0.0,0.0,5.0,0.0,0.0,0.0,0.0,0.0,0.0,0.0,0.0,3060.0,0.0,1104.0,0.0,43.0,190.0,0.0,9.0,0.0,0.0,0.0,0.0,0.0,36.0,0.0,0.0,0.0,0.0
Lech Poznań,lech-poznan,Murawski R.,matched_existing,radosaw-pawe-murawski,matched_existing,radosaw-pawe-murawski,already_in_player_mapping_csv,matched_existing,radosaw-pawe-murawski,existing_mapping,lech-poznan,2023/24 | 2024/25 | 2025/26,lech-poznan,2023/24:lech-poznan | 2024/25:lech-poznan | 2025/26:lech-poznan,Radosław Paweł MurawskiLech Poznań,1.0,1,2024/25,,Radosław Paweł MurawskiLech Poznań,lech-poznan,0.0,0.0,0.0,0.0,0.0,0.0,0.0,0.0,0.0,0.0,0.0,1.0,3.0,33.0,0.0,10.0,1.0,13.0,54.0,43.0,0.0,0.0,0.0,0.0,1.0,0.0,16.0,0.0,1997.0,27.0,1513.0,0.0,779.0,943.0,27.0,127.0,42.0,0.0,0.0,9.0,2.0,43.0,2.1,0.8,0.3,16.0
Lech Poznań,lech-poznan,Ouma T.,matched_existing,timothy-noor-ouma,matched_existing,timothy-noor-ouma,already_in_player_mapping_csv,matched_existing,timothy-noor-ouma,existing_mapping,lech-poznan,2025/26,lech-poznan,2025/26:lech-poznan,Timothy Noor OumaLech Poznań,1.0,0,,mapped_but_no_previous_season_ranking,,,,,,,,,,,,,,,,,,,,,,,,,,,,,,,,,,,,,,,,,,,,,,,,
Lech Poznań,lech-poznan,Palma L.,matched_existing,luis-enrique-palma-oseguera,matched_existing,luis-enrique-palma-oseguera,already_in_player_mapping_csv,matched_existing,luis-enrique-palma-oseguera,existing_mapping,lech-poznan,2025/26,lech-poznan,2025/26:lech-poznan,Luis Enrique Palma OsegueraLech Poznań,1.0,0,,mapped_but_no_previous_season_ranking,,,,,,,,,,,,,,,,,,,,,,,,,,,,,,,,,,,,,,,,,,,,,,,,
Lech Poznań,lech-poznan,Pereira J.,matched_existing,joel-vieira-pereira,matched_existing,joel-vieira-pereira,already_in_player_mapping_csv,matched_existing,joel-vieira-pereira,existing_mapping,lech-poznan,2023/24 | 2024/25 | 2025/26,lech-poznan,2023/24:lech-poznan | 2024/25:lech-poznan | 2025/26:lech-poznan,Joel PereiraLech Poznań,1.0,1,2024/25,,Joel PereiraLech Poznań,lech-poznan,0.0,0.0,0.0,0.0,0.0,0.0,0.0,0.0,0.0,0.0,0.0,7.0,6.0,40.0,2.0,121.0,27.0,24.0,22.0,28.0,2.0,1.0,1.0,0.0,9.0,0.0,46.0,13.0,2250.0,23.0,1138.0,0.0,584.0,880.0,23.0,110.0,11.0,39.0,1.0,15.0,9.0,32.0,5.2,1.7,0.9,2.0
Lech Poznań,lech-poznan,Pruchniewski M.,unresolved,,no_candidate,,no_strict_candidate,no_candidate,,review_no_candidate,,,,,,,0,,unmapped_flash_player,,,,,,,,,,,,,,,,,,,,,,,,,,,,,,,,,,,,,,,,,,,,,,,,
Lech Poznań,lech-poznan,Rodriguez P.,matched_existing,pablo-rodriguez-delgado,matched_existing,pablo-rodriguez-delgado,already_in_player_mapping_csv,matched_existing,pablo-rodriguez-delgado,existing_mapping,lech-poznan,2025/26,lech-poznan,2025/26:lech-poznan,Pablo Rodríguez DelgadoLech Poznań,1.0,0,,mapped_but_no_previous_season_ranking,,,,,,,,,,,,,,,,,,,,,,,,,,,,,,,,,,,,,,,,,,,,,,,,
Lech Poznań,lech-poznan,Salamon B.,unresolved,,auto_same_club_history,bartosz-salamon,all_flash_tokens_in_slug | suffix_exact | initial_match_any_given_token | same_club_history,matched_auto_same_club_history,bartosz-salamon,review_auto_same_club_history,lech-poznan,2023/24 | 2024/25,,2023/24:lech-poznan | 2024/25:lech-poznan,Bartosz SalamonLech Poznań,0.0,1,2024/25,,Bartosz SalamonLech Poznań,lech-poznan,0.0,0.0,0.0,0.0,0.0,0.0,0.0,0.0,0.0,0.0,0.0,1.0,2.0,40.0,0.0,5.0,2.0,0.0,12.0,8.0,0.0,0.0,0.0,0.0,1.0,0.0,3.0,0.0,1185.0,4.0,885.0,0.0,292.0,382.0,4.0,66.0,10.0,0.0,0.0,5.0,1.0,61.0,0.5,0.4,0.2,3.0
Lech Poznań,lech-poznan,Skrzypczak M.,matched_existing,mateusz-skrzypczak,matched_existing,mateusz-skrzypczak,already_in_player_mapping_csv,matched_existing,mateusz-skrzypczak,existing_mapping,jagiellonia-bialystok | lech-poznan,2023/24 | 2024/25 | 2025/26,lech-poznan,2023/24:jagiellonia-bialystok | 2024/25:jagiellonia-bialystok | 2025/26:lech-poznan,Mateusz SkrzypczakJagiellonia Białystok,1.0,1,2024/25,,Mateusz SkrzypczakJagiellonia Białystok,jagiellonia-bialystok,0.0,0.0,0.0,0.0,0.0,0.0,0.0,0.0,0.0,0.0,0.0,0.0,3.0,25.0,2.0,1.0,0.0,4.0,11.0,24.0,2.0,0.0,2.0,1.0,2.0,1.0,5.0,17.0,2252.0,11.0,1769.0,0.0,563.0,661.0,11.0,77.0,17.0,0.0,0.0,12.0,0.0,100.0,1.4,1.8,1.1,1.0
Lech Poznań,lech-poznan,Szymczak F.,matched_existing,filip-szymczak,matched_existing,filip-szymczak,already_in_player_mapping_csv,matched_existing,filip-szymczak,existing_mapping,lech-poznan,2023/24 | 2025/26,lech-poznan,2023/24:lech-poznan | 2025/26:lech-poznan,Filip SzymczakLech Poznań,1.0,0,,mapped_but_no_previous_season_ranking,,,,,,,,,,,,,,,,,,,,,,,,,,,,,,,,,,,,,,,,,,,,,,,,
Lech Poznań,lech-poznan,Szymczak W.,matched_existing,filip-szymczak,matched_existing,filip-szymczak,already_in_player_mapping_csv,matched_existing,filip-szymczak,existing_mapping,lech-poznan,2023/24 | 2025/26,lech-poznan,2023/24:lech-poznan | 2025/26:lech-poznan,Filip SzymczakLech Poznań,1.0,0,,mapped_but_no_previous_season_ranking,,,,,,,,,,,,,,,,,,,,,,,,,,,,,,,,,,,,,,,,,,,,,,,,
Lech Poznań,lech-poznan,Thordarson G.,matched_existing,gisli-gottskalk-orarson,matched_existing,gisli-gottskalk-orarson,already_in_player_mapping_csv,matched_existing,gisli-gottskalk-orarson,existing_mapping,lech-poznan,2024/25 | 2025/26,lech-poznan,2024/25:lech-poznan | 2025/26:lech-poznan,Gísli Gottskálk ÞórðarsonLech Poznań,1.0,1,2024/25,,Gísli Gottskálk ÞórðarsonLech Poznań,lech-poznan,0.0,0.0,0.0,0.0,0.0,0.0,0.0,0.0,0.0,0.0,0.0,1.0,0.0,0.0,0.0,3.0,0.0,9.0,8.0,1.0,0.0,0.0,0.0,0.0,1.0,0.0,5.0,0.0,235.0,3.0,123.0,0.0,63.0,85.0,3.0,13.0,4.0,0.0,0.0,2.0,0.0,1.0,0.3,0.1,0.0,0.0
Lech Poznań,lech-poznan,Walemark P.,matched_existing,jens-patrik-walemark,matched_existing,jens-patrik-walemark,already_in_player_mapping_csv,matched_existing,jens-patrik-walemark,existing_mapping,lech-poznan,2024/25 | 2025/26,lech-poznan,2024/25:lech-poznan | 2025/26:lech-poznan,Jens Patrik WålemarkLech Poznań,1.0,1,2024/25,,Jens Patrik WålemarkLech Poznań,lech-poznan,0.0,0.0,0.0,0.0,0.0,0.0,0.0,0.0,0.0,0.0,0.0,3.0,21.0,58.0,6.0,49.0,5.0,39.0,25.0,35.0,8.0,6.0,6.0,0.0,11.0,0.0,17.0,22.0,1297.0,12.0,273.0,0.0,147.0,265.0,12.0,83.0,3.0,18.0,0.0,36.0,9.0,11.0,2.8,3.5,5.4,18.0
Lechia Gdańsk,lechia-gdansk,Awad M.,matched_existing,mohamed-awad-alla-hassan-ibrahim,matched_existing,mohamed-awad-alla-hassan-ibrahim,already_in_player_mapping_csv,matched_existing,mohamed-awad-alla-hassan-ibrahim,existing_mapping,lechia-gdansk,2025/26,lechia-gdansk,2025/26:lechia-gdansk,Mohamed Awad AllaLechia Gdańsk,1.0,0,,mapped_but_no_previous_season_ranking,,,,,,,,,,,,,,,,,,,,,,,,,,,,,,,,,,,,,,,,,,,,,,,,
Lechia Gdańsk,lechia-gdansk,Bambecki I.,unresolved,,no_candidate,,no_strict_candidate,no_candidate,,review_no_candidate,,,,,,,0,,unmapped_flash_player,,,,,,,,,,,,,,,,,,,,,,,,,,,,,,,,,,,,,,,,,,,,,,,,
Lechia Gdańsk,lechia-gdansk,Bobcek T.,matched_existing,tomas-bobcek,matched_existing,tomas-bobcek,already_in_player_mapping_csv,matched_existing,tomas-bobcek,existing_mapping,lechia-gdansk,2024/25 | 2025/26,lechia-gdansk,2024/25:lechia-gdansk | 2025/26:lechia-gdansk,Tomáš BobčekLechia Gdańsk,1.0,1,2024/25,,Tomáš BobčekLechia Gdańsk,lechia-gdansk,0.0,0.0,0.0,0.0,0.0,0.0,0.0,0.0,0.0,0.0,0.0,1.0,15.0,45.0,13.0,4.0,1.0,21.0,21.0,21.0,8.0,7.0,8.0,0.0,9.0,0.0,11.0,24.0,1253.0,10.0,240.0,0.0,96.0,186.0,10.0,118.0,2.0,0.0,5.0,33.0,1.0,19.0,0.8,7.7,7.6,12.0
Lechia Gdańsk,lechia-gdansk,Brzek B.,unresolved,,no_candidate,,no_strict_candidate,no_candidate,,review_no_candidate,,,,,,,0,,unmapped_flash_player,,,,,,,,,,,,,,,,,,,,,,,,,,,,,,,,,,,,,,,,,,,,,,,,
Lechia Gdańsk,lechia-gdansk,Cirkovic A.,matched_existing,aleksandar-cirkovic,matched_existing,aleksandar-cirkovic,already_in_player_mapping_csv,matched_existing,aleksandar-cirkovic,existing_mapping,lechia-gdansk,2025/26,lechia-gdansk,2025/26:lechia-gdansk,Aleksandar ĆirkovićLechia Gdańsk,1.0,0,,mapped_but_no_previous_season_ranking,,,,,,,,,,,,,,,,,,,,,,,,,,,,,,,,,,,,,,,,,,,,,,,,
Lechia Gdańsk,lechia-gdansk,Dyachuk M.,matched_existing,maksym-diachuk,matched_existing,maksym-diachuk,already_in_player_mapping_csv,matched_existing,maksym-diachuk,existing_mapping,lechia-gdansk,2025/26,lechia-gdansk,2025/26:lechia-gdansk,Maksym DiachukLechia Gdańsk,1.0,0,,mapped_but_no_previous_season_ranking,,,,,,,,,,,,,,,,,,,,,,,,,,,,,,,,,,,,,,,,,,,,,,,,
Lechia Gdańsk,lechia-gdansk,Gutowski K.,unresolved,,no_candidate,,no_strict_candidate,no_candidate,,review_no_candidate,,,,,,,0,,unmapped_flash_player,,,,,,,,,,,,,,,,,,,,,,,,,,,,,,,,,,,,,,,,,,,,,,,,
Lechia Gdańsk,lechia-gdansk,Głogowski M.,matched_existing,micha-gogowski,matched_existing,micha-gogowski,already_in_player_mapping_csv,matched_existing,micha-gogowski,existing_mapping,lechia-gdansk,2024/25 | 2025/26,lechia-gdansk,2024/25:lechia-gdansk | 2025/26:lechia-gdansk,Michał GłogowskiLechia Gdańsk,1.0,1,2024/25,,Michał GłogowskiLechia Gdańsk,lechia-gdansk,0.0,0.0,0.0,0.0,0.0,0.0,0.0,0.0,0.0,0.0,0.0,0.0,3.0,38.0,1.0,0.0,0.0,10.0,6.0,7.0,1.0,1.0,1.0,0.0,1.0,0.0,0.0,13.0,234.0,2.0,52.0,0.0,20.0,42.0,2.0,28.0,0.0,0.0,1.0,8.0,0.0,5.0,0.6,1.5,1.5,1.0
Lechia Gdańsk,lechia-gdansk,Jaunzems A.,matched_existing,alvis-jaunzems,matched_existing,alvis-jaunzems,already_in_player_mapping_csv,matched_existing,alvis-jaunzems,existing_mapping,lechia-gdansk | stal-mielec,2023/24 | 2024/25 | 2025/26,lechia-gdansk,2023/24:stal-mielec | 2024/25:stal-mielec | 2025/26:lechia-gdansk,Alvis JaunzemsStal Mielec,1.0,1,2024/25,,Alvis JaunzemsStal Mielec,stal-mielec,0.0,0.0,0.0,0.0,0.0,0.0,0.0,0.0,0.0,0.0,0.0,1.0,4.0,29.0,0.0,75.0,20.0,28.0,16.0,16.0,1.0,0.0,1.0,0.0,2.0,0.0,27.0,7.0,2555.0,26.0,923.0,0.0,371.0,533.0,26.0,80.0,32.0,3.0,1.0,14.0,0.0,67.0,1.8,1.2,1.0,7.0
Lechia Gdańsk,lechia-gdansk,Kaczorowski M.,unresolved,,no_candidate,,no_strict_candidate,no_candidate,,review_no_candidate,,,,,,,0,,unmapped_flash_player,,,,,,,,,,,,,,,,,,,,,,,,,,,,,,,,,,,,,,,,,,,,,,,,
Lechia Gdańsk,lechia-gdansk,Kapić R.,matched_existing,rifet-kapic,matched_existing,rifet-kapic,already_in_player_mapping_csv,matched_existing,rifet-kapic,existing_mapping,lechia-gdansk,2024/25 | 2025/26,lechia-gdansk,2024/25:lechia-gdansk | 2025/26:lechia-gdansk,Rifet KapičLechia Gdańsk,1.0,1,2024/25,,Rifet KapičLechia Gdańsk,lechia-gdansk,0.0,0.0,0.0,0.0,0.0,0.0,0.0,0.0,0.0,0.0,0.0,5.0,10.0,56.0,1.0,47.0,10.0,36.0,11.0,12.0,4.0,2.0,2.0,1.0,9.0,1.0,60.0,22.0,2818.0,25.0,1885.0,0.0,1024.0,1319.0,25.0,73.0,44.0,60.0,1.0,18.0,9.0,47.0,5.2,2.2,3.6,14.0
Lechia Gdańsk,lechia-gdansk,Kałahur M.,matched_existing,miosz-kaahur,matched_existing,miosz-kaahur,already_in_player_mapping_csv,matched_existing,miosz-kaahur,existing_mapping,lechia-gdansk,2024/25 | 2025/26,lechia-gdansk,2024/25:lechia-gdansk | 2025/26:lechia-gdansk,Miłosz KałahurLechia Gdańsk,1.0,1,2024/25,,Miłosz KałahurLechia Gdańsk,lechia-gdansk,0.0,0.0,0.0,0.0,0.0,0.0,0.0,0.0,0.0,0.0,0.0,0.0,0.0,0.0,0.0,42.0,5.0,14.0,26.0,29.0,0.0,0.0,0.0,0.0,0.0,0.0,17.0,0.0,1819.0,14.0,614.0,0.0,310.0,434.0,14.0,67.0,17.0,13.0,2.0,1.0,0.0,53.0,1.2,0.2,0.0,4.0
Lechia Gdańsk,lechia-gdansk,Kurminowski D.,matched_existing,dawid-kurminowski,matched_existing,dawid-kurminowski,already_in_player_mapping_csv,matched_existing,dawid-kurminowski,existing_mapping,lechia-gdansk | zagebie-lubin,2023/24 | 2024/25 | 2025/26,lechia-gdansk,2023/24:zagebie-lubin | 2024/25:zagebie-lubin | 2025/26:lechia-gdansk,Dawid KurminowskiKGHM Zagłębie Lubin,1.0,1,2024/25,,Dawid KurminowskiKGHM Zagłębie Lubin,zagebie-lubin,0.0,0.0,0.0,0.0,0.0,0.0,0.0,0.0,0.0,0.0,0.0,0.0,14.0,52.0,0.0,2.0,0.0,23.0,19.0,17.0,4.0,2.0,4.0,1.0,4.0,1.0,5.0,15.0,1234.0,9.0,167.0,0.0,55.0,89.0,9.0,64.0,6.0,0.0,4.0,27.0,0.0,20.0,0.1,5.4,4.6,6.0
Lechia Gdańsk,lechia-gdansk,Kłudka B.,matched_existing,bartomiej-kudka,matched_existing,bartomiej-kudka,already_in_player_mapping_csv,matched_existing,bartomiej-kudka,existing_mapping,lechia-gdansk | zagebie-lubin,2023/24 | 2024/25 | 2025/26,lechia-gdansk,2023/24:zagebie-lubin | 2024/25:zagebie-lubin | 2025/26:lechia-gdansk,Bartłomiej KłudkaKGHM Zagłębie Lubin,1.0,1,2024/25,,Bartłomiej KłudkaKGHM Zagłębie Lubin,zagebie-lubin,0.0,0.0,0.0,0.0,0.0,0.0,0.0,0.0,0.0,0.0,0.0,0.0,2.0,40.0,0.0,64.0,5.0,39.0,20.0,21.0,0.0,0.0,0.0,0.0,0.0,0.0,11.0,0.0,1326.0,21.0,339.0,0.0,157.0,286.0,21.0,77.0,20.0,0.0,2.0,5.0,0.0,31.0,1.0,0.3,0.2,3.0
Lechia Gdańsk,lechia-gdansk,Mavraj I.,unresolved,,no_candidate,,no_strict_candidate,no_candidate,,review_no_candidate,,,,,,,0,,unmapped_flash_player,,,,,,,,,,,,,,,,,,,,,,,,,,,,,,,,,,,,,,,,,,,,,,,,
Lechia Gdańsk,lechia-gdansk,Mena C.,matched_existing,camilo-andres-mena-marquez,matched_existing,camilo-andres-mena-marquez,already_in_player_mapping_csv,matched_existing,camilo-andres-mena-marquez,existing_mapping,lechia-gdansk,2024/25 | 2025/26,lechia-gdansk,2024/25:lechia-gdansk | 2025/26:lechia-gdansk,Camilo Andrés Mena MárquezLechia Gdańsk,1.0,1,2024/25,,Camilo Andrés Mena MárquezLechia Gdańsk,lechia-gdansk,0.0,0.0,0.0,0.0,0.0,0.0,0.0,0.0,0.0,0.0,0.0,8.0,20.0,59.0,13.0,57.0,11.0,124.0,18.0,49.0,4.0,1.0,4.0,3.0,12.0,4.0,28.0,12.0,2097.0,29.0,641.0,0.0,395.0,541.0,29.0,171.0,21.0,6.0,4.0,34.0,9.0,15.0,4.1,6.2,5.8,8.0
Lechia Gdańsk,lechia-gdansk,Neugebauer T.,matched_existing,tomasz-neugebauer,matched_existing,tomasz-neugebauer,already_in_player_mapping_csv,matched_existing,tomasz-neugebauer,existing_mapping,lechia-gdansk,2024/25 | 2025/26,lechia-gdansk,2024/25:lechia-gdansk | 2025/26:lechia-gdansk,Tomasz NeugebauerLechia Gdańsk,1.0,1,2024/25,,Tomasz NeugebauerLechia Gdańsk,lechia-gdansk,0.0,0.0,0.0,0.0,0.0,0.0,0.0,0.0,0.0,0.0,0.0,0.0,3.0,20.0,1.0,8.0,1.0,11.0,29.0,11.0,2.0,2.0,1.0,0.0,2.0,0.0,13.0,13.0,1270.0,18.0,579.0,0.0,276.0,373.0,18.0,67.0,21.0,12.0,0.0,15.0,1.0,30.0,1.0,1.1,0.6,8.0
Lechia Gdańsk,lechia-gdansk,Olsson E.,matched_existing,elias-oskar-olsson,matched_existing,elias-oskar-olsson,already_in_player_mapping_csv,matched_existing,elias-oskar-olsson,existing_mapping,lechia-gdansk,2024/25 | 2025/26,lechia-gdansk,2024/25:lechia-gdansk | 2025/26:lechia-gdansk,Elias Oskar OlssonLechia Gdańsk,1.0,1,2024/25,,Elias Oskar OlssonLechia Gdańsk,lechia-gdansk,0.0,0.0,0.0,0.0,0.0,0.0,0.0,0.0,0.0,0.0,0.0,0.0,2.0,40.0,2.0,4.0,1.0,1.0,26.0,12.0,1.0,0.0,1.0,0.0,1.0,0.0,6.0,20.0,2863.0,21.0,1440.0,0.0,364.0,535.0,21.0,100.0,23.0,0.0,0.0,5.0,0.0,165.0,0.4,1.0,1.2,2.0
Lechia Gdańsk,lechia-gdansk,Paulsen A.,matched_existing,alexander-noah-paulsen,matched_existing,alexander-noah-paulsen,already_in_player_mapping_csv,matched_existing,alexander-noah-paulsen,existing_mapping,lechia-gdansk,2025/26,lechia-gdansk,2025/26:lechia-gdansk,Alexander Noah PaulsenLechia Gdańsk,1.0,0,,mapped_but_no_previous_season_ranking,,,,,,,,,,,,,,,,,,,,,,,,,,,,,,,,,,,,,,,,,,,,,,,,
Lechia Gdańsk,lechia-gdansk,Pllana B.,matched_existing,bujar-pllana,matched_existing,bujar-pllana,already_in_player_mapping_csv,matched_existing,bujar-pllana,existing_mapping,lechia-gdansk,2024/25 | 2025/26,lechia-gdansk,2024/25:lechia-gdansk | 2025/26:lechia-gdansk,Bujar PllanaLechia Gdańsk,1.0,1,2024/25,,Bujar PllanaLechia Gdańsk,lechia-gdansk,0.0,0.0,0.0,0.0,0.0,0.0,0.0,0.0,0.0,0.0,0.0,3.0,6.0,38.0,2.0,1.0,1.0,7.0,30.0,12.0,1.0,0.0,1.0,0.0,4.0,0.0,6.0,6.0,2299.0,19.0,1071.0,0.0,288.0,444.0,19.0,107.0,29.0,0.0,0.0,16.0,3.0,134.0,0.3,1.5,0.9,7.0
Lechia Gdańsk,lechia-gdansk,Rodin M.,matched_existing,matej-rodin,matched_existing,matej-rodin,already_in_player_mapping_csv,matched_existing,matej-rodin,existing_mapping,lechia-gdansk | rakow-czestochowa,2023/24 | 2024/25 | 2025/26,lechia-gdansk,2023/24:rakow-czestochowa | 2024/25:rakow-czestochowa | 2025/26:lechia-gdansk,Matej RodinRaków Częstochowa,1.0,1,2024/25,,Matej RodinRaków Częstochowa,rakow-czestochowa,0.0,0.0,0.0,0.0,0.0,0.0,0.0,0.0,0.0,0.0,0.0,0.0,7.0,50.0,0.0,1.0,1.0,4.0,24.0,16.0,1.0,1.0,1.0,0.0,1.0,0.0,8.0,7.0,1393.0,7.0,848.0,0.0,227.0,325.0,7.0,103.0,19.0,0.0,3.0,14.0,0.0,67.0,0.6,1.9,3.3,4.0
Lechia Gdańsk,lechia-gdansk,Sarnavskyi B.,matched_existing,bohdan-sarnavskyi,matched_existing,bohdan-sarnavskyi,already_in_player_mapping_csv,matched_existing,bohdan-sarnavskyi,existing_mapping,lechia-gdansk,2024/25 | 2025/26,lechia-gdansk,2024/25:lechia-gdansk | 2025/26:lechia-gdansk,Bohdan SarnavskyiLechia Gdańsk,1.0,1,2024/25,,Bohdan SarnavskyiLechia Gdańsk,lechia-gdansk,24.0,3.0,71.0,14.0,1260.0,11.0,384.0,0.0,3.0,0.0,40.0,0.0,0.0,0.0,0.0,0.0,0.0,0.0,0.0,1.0,0.0,0.0,0.0,0.0,0.0,0.0,0.0,0.0,1260.0,0.0,384.0,0.0,40.0,123.0,0.0,4.0,1.0,0.0,0.0,0.0,0.0,15.0,0.0,0.0,0.0,0.0
Lechia Gdańsk,lechia-gdansk,Sezonienko K.,matched_existing,kacper-sezonienko,matched_existing,kacper-sezonienko,already_in_player_mapping_csv,matched_existing,kacper-sezonienko,existing_mapping,lechia-gdansk,2024/25 | 2025/26,lechia-gdansk,2024/25:lechia-gdansk | 2025/26:lechia-gdansk,Kacper SezonienkoLechia Gdańsk,1.0,1,2024/25,,Kacper SezonienkoLechia Gdańsk,lechia-gdansk,0.0,0.0,0.0,0.0,0.0,0.0,0.0,0.0,0.0,0.0,0.0,0.0,4.0,40.0,8.0,12.0,0.0,17.0,22.0,17.0,3.0,3.0,3.0,0.0,3.0,0.0,12.0,30.0,1067.0,20.0,231.0,0.0,97.0,167.0,20.0,75.0,7.0,0.0,2.0,10.0,1.0,18.0,0.9,3.5,3.2,3.0
Lechia Gdańsk,lechia-gdansk,Sinkiewicz D.,matched_existing,dorian-sinkiewicz,matched_existing,dorian-sinkiewicz,already_in_player_mapping_csv,matched_existing,dorian-sinkiewicz,existing_mapping,lechia-gdansk,2025/26,lechia-gdansk,2025/26:lechia-gdansk,Dorian SinkiewiczLechia Gdańsk,1.0,0,,mapped_but_no_previous_season_ranking,,,,,,,,,,,,,,,,,,,,,,,,,,,,,,,,,,,,,,,,,,,,,,,,
Lechia Gdańsk,lechia-gdansk,Szczepankiewicz B.,matched_existing,bartosz-szczepankiewicz,matched_existing,bartosz-szczepankiewicz,already_in_player_mapping_csv,matched_existing,bartosz-szczepankiewicz,existing_mapping,lechia-gdansk,2025/26,lechia-gdansk,2025/26:lechia-gdansk,Bartosz SzczepankiewiczLechia Gdańsk,1.0,0,,mapped_but_no_previous_season_ranking,,,,,,,,,,,,,,,,,,,,,,,,,,,,,,,,,,,,,,,,,,,,,,,,
Lechia Gdańsk,lechia-gdansk,Tsarenko A.,matched_existing,anton-tsarenko,matched_existing,anton-tsarenko,already_in_player_mapping_csv,matched_existing,anton-tsarenko,existing_mapping,lechia-gdansk,2024/25 | 2025/26,lechia-gdansk,2024/25:lechia-gdansk | 2025/26:lechia-gdansk,Anton TsarenkoLechia Gdańsk,1.0,1,2024/25,,Anton TsarenkoLechia Gdańsk,lechia-gdansk,0.0,0.0,0.0,0.0,0.0,0.0,0.0,0.0,0.0,0.0,0.0,2.0,5.0,50.0,1.0,13.0,3.0,37.0,8.0,28.0,2.0,2.0,1.0,0.0,4.0,0.0,23.0,20.0,1400.0,17.0,509.0,0.0,265.0,331.0,17.0,81.0,7.0,15.0,0.0,10.0,3.0,12.0,1.4,1.4,1.4,8.0
Lechia Gdańsk,lechia-gdansk,Viunnyk B.,matched_existing,bohdan-viunnyk,matched_existing,bohdan-viunnyk,already_in_player_mapping_csv,matched_existing,bohdan-viunnyk,existing_mapping,lechia-gdansk,2024/25 | 2025/26,lechia-gdansk,2024/25:lechia-gdansk | 2025/26:lechia-gdansk,Bohdan ViunnykLechia Gdańsk,1.0,1,2024/25,,Bohdan ViunnykLechia Gdańsk,lechia-gdansk,0.0,0.0,0.0,0.0,0.0,0.0,0.0,0.0,0.0,0.0,0.0,3.0,21.0,50.0,10.0,21.0,5.0,44.0,43.0,30.0,7.0,4.0,7.0,1.0,10.0,1.0,22.0,17.0,2346.0,9.0,431.0,0.0,195.0,314.0,9.0,107.0,8.0,0.0,8.0,42.0,6.0,20.0,2.3,7.1,8.1,17.0
Lechia Gdańsk,lechia-gdansk,Vojtko M.,matched_existing,matus-vojtko,matched_existing,matus-vojtko,already_in_player_mapping_csv,matched_existing,matus-vojtko,existing_mapping,lechia-gdansk,2025/26,lechia-gdansk,2025/26:lechia-gdansk,Matúš VojtkoLechia Gdańsk,1.0,0,,mapped_but_no_previous_season_ranking,,,,,,,,,,,,,,,,,,,,,,,,,,,,,,,,,,,,,,,,,,,,,,,,
Lechia Gdańsk,lechia-gdansk,Weirauch S.,matched_existing,szymon-weirauch,matched_existing,szymon-weirauch,already_in_player_mapping_csv,matched_existing,szymon-weirauch,existing_mapping,lechia-gdansk | zagebie-lubin,2023/24 | 2024/25 | 2025/26,lechia-gdansk,2023/24:zagebie-lubin | 2024/25:lechia-gdansk | 2025/26:lechia-gdansk,Szymon WeirauchKGHM Zagłębie Lubin,1.0,1,2024/25,,Szymon WeirauchLechia Gdańsk,lechia-gdansk,35.0,3.0,71.0,20.0,1800.0,6.0,459.0,0.0,4.0,1.0,60.0,0.0,0.0,0.0,0.0,0.0,0.0,0.0,0.0,2.0,0.0,0.0,0.0,0.0,0.0,0.0,0.0,0.0,1800.0,0.0,459.0,0.0,41.0,188.0,0.0,7.0,0.0,0.0,0.0,0.0,0.0,16.0,0.0,0.0,0.0,0.0
Lechia Gdańsk,lechia-gdansk,Wendt K.,unresolved,,auto_same_club_history,karl-sydney-wendt,all_flash_tokens_in_slug | suffix_exact | initial_match_any_given_token | same_club_history,matched_auto_same_club_history,karl-sydney-wendt,review_auto_same_club_history,lechia-gdansk,2024/25,,2024/25:lechia-gdansk,Karl Sydney WendtLechia Gdańsk,0.0,1,2024/25,,Karl Sydney WendtLechia Gdańsk,lechia-gdansk,0.0,0.0,0.0,0.0,0.0,0.0,0.0,0.0,0.0,0.0,0.0,0.0,3.0,100.0,0.0,4.0,1.0,4.0,2.0,2.0,1.0,1.0,1.0,0.0,1.0,0.0,3.0,33.0,244.0,4.0,92.0,0.0,46.0,65.0,4.0,11.0,7.0,0.0,0.0,3.0,0.0,2.0,0.2,0.4,0.8,2.0
Lechia Gdańsk,lechia-gdansk,Wójtowicz T.,matched_existing,tomasz-wojtowicz,matched_existing,tomasz-wojtowicz,already_in_player_mapping_csv,matched_existing,tomasz-wojtowicz,existing_mapping,lechia-gdansk | ruch-chorzow,2023/24 | 2024/25 | 2025/26,lechia-gdansk,2023/24:ruch-chorzow | 2024/25:lechia-gdansk | 2025/26:lechia-gdansk,Tomasz WójtowiczRuch Chorzów,1.0,1,2024/25,,Tomasz WójtowiczLechia Gdańsk,lechia-gdansk,0.0,0.0,0.0,0.0,0.0,0.0,0.0,0.0,0.0,0.0,0.0,0.0,2.0,29.0,1.0,33.0,5.0,14.0,8.0,13.0,1.0,1.0,1.0,0.0,1.0,0.0,4.0,14.0,786.0,12.0,291.0,0.0,143.0,230.0,12.0,52.0,9.0,1.0,0.0,7.0,1.0,10.0,0.9,0.7,0.4,3.0
Lechia Gdańsk,lechia-gdansk,Zhelizko I.,matched_existing,ivan-zhelizko,matched_existing,ivan-zhelizko,already_in_player_mapping_csv,matched_existing,ivan-zhelizko,existing_mapping,lechia-gdansk,2024/25 | 2025/26,lechia-gdansk,2024/25:lechia-gdansk | 2025/26:lechia-gdansk,Ivan ZhelizkoLechia Gdańsk,1.0,1,2024/25,,Ivan ZhelizkoLechia Gdańsk,lechia-gdansk,0.0,0.0,0.0,0.0,0.0,0.0,0.0,0.0,0.0,0.0,0.0,0.0,21.0,60.0,2.0,11.0,2.0,17.0,22.0,14.0,3.0,0.0,2.0,1.0,3.0,1.0,14.0,9.0,2197.0,29.0,1231.0,0.0,591.0,765.0,29.0,105.0,26.0,38.0,0.0,35.0,1.0,50.0,2.6,2.7,2.8,12.0
Legia Warszawa,legia-warszawa,Adamski R.,matched_existing,rafa-adamski,matched_existing,rafa-adamski,already_in_player_mapping_csv,matched_existing,rafa-adamski,existing_mapping,legia-warszawa | zagebie-lubin,2024/25 | 2025/26,legia-warszawa,2024/25:zagebie-lubin | 2025/26:legia-warszawa,Rafał AdamskiKGHM Zagłębie Lubin,1.0,1,2024/25,,Rafał AdamskiKGHM Zagłębie Lubin,zagebie-lubin,0.0,0.0,0.0,0.0,0.0,0.0,0.0,0.0,0.0,0.0,0.0,1.0,0.0,0.0,0.0,0.0,0.0,7.0,6.0,2.0,0.0,0.0,0.0,0.0,1.0,0.0,1.0,0.0,158.0,1.0,37.0,0.0,15.0,24.0,1.0,21.0,0.0,0.0,0.0,0.0,0.0,9.0,0.1,0.3,0.0,3.0
Legia Warszawa,legia-warszawa,Alfarela M.,matched_existing,allan-migouel-alfarela,matched_existing,allan-migouel-alfarela,already_in_player_mapping_csv,matched_existing,allan-migouel-alfarela,existing_mapping,legia-warszawa,2024/25 | 2025/26,legia-warszawa,2024/25:legia-warszawa | 2025/26:legia-warszawa,Allan Migouel AlfarelaLegia Warszawa,1.0,1,2024/25,,Allan Migouel AlfarelaLegia Warszawa,legia-warszawa,0.0,0.0,0.0,0.0,0.0,0.0,0.0,0.0,0.0,0.0,0.0,2.0,2.0,50.0,0.0,5.0,1.0,23.0,2.0,3.0,1.0,1.0,1.0,0.0,3.0,0.0,7.0,25.0,385.0,2.0,114.0,0.0,66.0,96.0,2.0,18.0,1.0,3.0,1.0,4.0,0.0,2.0,0.4,1.5,1.6,5.0
Legia Warszawa,legia-warszawa,Arreiol H.,matched_existing,henrique-miguel-sousa-arreiol,matched_existing,henrique-miguel-sousa-arreiol,already_in_player_mapping_csv,matched_existing,henrique-miguel-sousa-arreiol,existing_mapping,legia-warszawa,2025/26,legia-warszawa,2025/26:legia-warszawa,Henrique ArreiolLegia Warszawa,1.0,0,,mapped_but_no_previous_season_ranking,,,,,,,,,,,,,,,,,,,,,,,,,,,,,,,,,,,,,,,,,,,,,,,,
Legia Warszawa,legia-warszawa,Augustyniak R.,matched_existing,rafa-sylwester-augustyniak,matched_existing,rafa-sylwester-augustyniak,already_in_player_mapping_csv,matched_existing,rafa-sylwester-augustyniak,existing_mapping,legia-warszawa,2023/24 | 2024/25 | 2025/26,legia-warszawa,2023/24:legia-warszawa | 2024/25:legia-warszawa | 2025/26:legia-warszawa,Rafał Sylwester AugustyniakLegia Warszawa,1.0,1,2024/25,,Rafał Sylwester AugustyniakLegia Warszawa,legia-warszawa,0.0,0.0,0.0,0.0,0.0,0.0,0.0,0.0,0.0,0.0,0.0,2.0,10.0,67.0,0.0,10.0,2.0,19.0,27.0,14.0,4.0,2.0,3.0,2.0,6.0,3.0,16.0,27.0,1496.0,25.0,865.0,0.0,400.0,498.0,25.0,97.0,19.0,0.0,1.0,15.0,0.0,41.0,1.6,3.3,2.3,9.0
Legia Warszawa,legia-warszawa,Bichakhchyan V.,matched_existing,vahan-bichakhchyan,matched_existing,vahan-bichakhchyan,already_in_player_mapping_csv,matched_existing,vahan-bichakhchyan,existing_mapping,legia-warszawa | pogon-szczecin,2023/24 | 2024/25 | 2025/26,legia-warszawa,2023/24:pogon-szczecin | 2024/25:legia-warszawa | 2025/26:legia-warszawa,Vahan BichakhchyanPogoń Szczecin,1.0,1,2024/25,,Vahan BichakhchyanLegia Warszawa,legia-warszawa,0.0,0.0,0.0,0.0,0.0,0.0,0.0,0.0,0.0,0.0,0.0,5.0,16.0,43.0,3.0,45.0,9.0,69.0,21.0,23.0,2.0,1.0,1.0,0.0,7.0,0.0,29.0,5.0,1638.0,7.0,524.0,0.0,343.0,512.0,7.0,66.0,5.0,48.0,2.0,37.0,5.0,9.0,0.8,1.5,0.4,33.0
Legia Warszawa,legia-warszawa,Burch M.,matched_existing,marco-burch,matched_existing,marco-burch,already_in_player_mapping_csv,matched_existing,marco-burch,existing_mapping,legia-warszawa,2023/24 | 2024/25 | 2025/26,legia-warszawa,2023/24:legia-warszawa | 2024/25:legia-warszawa | 2025/26:legia-warszawa,Marco BurchLegia Warszawa,1.0,1,2024/25,,Marco BurchLegia Warszawa,legia-warszawa,0.0,0.0,0.0,0.0,0.0,0.0,0.0,0.0,0.0,0.0,0.0,1.0,4.0,80.0,0.0,3.0,1.0,7.0,10.0,8.0,3.0,0.0,3.0,0.0,4.0,0.0,4.0,60.0,1063.0,12.0,449.0,0.0,127.0,194.0,12.0,62.0,13.0,0.0,2.0,5.0,0.0,51.0,0.0,1.2,1.6,3.0
Legia Warszawa,legia-warszawa,Chodyna K.,matched_existing,kacper-chodyna,matched_existing,kacper-chodyna,already_in_player_mapping_csv,matched_existing,kacper-chodyna,existing_mapping,legia-warszawa | zagebie-lubin,2023/24 | 2024/25 | 2025/26,legia-warszawa,2023/24:zagebie-lubin | 2024/25:legia-warszawa | 2025/26:legia-warszawa,Kacper ChodynaKGHM Zagłębie Lubin,1.0,1,2024/25,,Kacper ChodynaLegia Warszawa,legia-warszawa,0.0,0.0,0.0,0.0,0.0,0.0,0.0,0.0,0.0,0.0,0.0,3.0,13.0,46.0,0.0,65.0,5.0,24.0,25.0,12.0,3.0,3.0,3.0,0.0,6.0,0.0,25.0,11.0,1664.0,10.0,608.0,0.0,374.0,553.0,10.0,48.0,2.0,21.0,5.0,28.0,0.0,16.0,4.0,4.0,3.2,10.0
Legia Warszawa,legia-warszawa,Colak A.,matched_existing,antonio-mirko-colak,matched_existing,antonio-mirko-colak,already_in_player_mapping_csv,matched_existing,antonio-mirko-colak,existing_mapping,legia-warszawa,2025/26,legia-warszawa,2025/26:legia-warszawa,Antonio-Mirko ČolakLegia Warszawa,1.0,0,,mapped_but_no_previous_season_ranking,,,,,,,,,,,,,,,,,,,,,,,,,,,,,,,,,,,,,,,,,,,,,,,,
Legia Warszawa,legia-warszawa,Elitim J.,matched_existing,juergen-farid-elitim-sepulveda,matched_existing,juergen-farid-elitim-sepulveda,already_in_player_mapping_csv,matched_existing,juergen-farid-elitim-sepulveda,existing_mapping,legia-warszawa,2023/24 | 2024/25 | 2025/26,legia-warszawa,2023/24:legia-warszawa | 2024/25:legia-warszawa | 2025/26:legia-warszawa,Juergen Farid Elitim SepúlvedaLegia Warszawa,1.0,1,2024/25,,Juergen Farid Elitim SepúlvedaLegia Warszawa,legia-warszawa,0.0,0.0,0.0,0.0,0.0,0.0,0.0,0.0,0.0,0.0,0.0,2.0,2.0,25.0,0.0,12.0,2.0,23.0,12.0,15.0,0.0,0.0,0.0,0.0,2.0,0.0,23.0,0.0,1017.0,9.0,593.0,0.0,369.0,460.0,9.0,48.0,13.0,24.0,0.0,8.0,0.0,13.0,2.0,1.1,0.2,9.0
Legia Warszawa,legia-warszawa,Goncalves C.,matched_existing,joaquim-claude-goncalves-araujo,matched_existing,joaquim-claude-goncalves-araujo,already_in_player_mapping_csv,matched_existing,joaquim-claude-goncalves-araujo,existing_mapping,legia-warszawa,2024/25 | 2025/26,legia-warszawa,2024/25:legia-warszawa | 2025/26:legia-warszawa,Claude GonçalvesLegia Warszawa,1.0,1,2024/25,,Claude GonçalvesLegia Warszawa,legia-warszawa,0.0,0.0,0.0,0.0,0.0,0.0,0.0,0.0,0.0,0.0,0.0,0.0,5.0,29.0,0.0,2.0,1.0,13.0,25.0,14.0,1.0,1.0,1.0,0.0,1.0,0.0,7.0,6.0,1078.0,20.0,466.0,0.0,243.0,293.0,20.0,69.0,11.0,0.0,0.0,17.0,0.0,17.0,0.6,2.1,1.6,4.0
Legia Warszawa,legia-warszawa,Gual M.,unresolved,,review_high_confidence,marc-gual-huguet,all_flash_tokens_in_slug | initial_match_any_given_token | same_club_history,matched_manual_review,marc-gual-huguet,manual_accept_review_high_confidence,legia-warszawa,2023/24 | 2024/25,,2023/24:legia-warszawa | 2024/25:legia-warszawa,Marc Gual HuguetLegia Warszawa,0.0,1,2024/25,,Marc Gual HuguetLegia Warszawa,legia-warszawa,0.0,0.0,0.0,0.0,0.0,0.0,0.0,0.0,0.0,0.0,0.0,4.0,24.0,46.0,0.0,27.0,7.0,54.0,20.0,21.0,9.0,8.0,9.0,1.0,13.0,1.0,28.0,17.0,2000.0,14.0,547.0,0.0,242.0,396.0,14.0,80.0,6.0,1.0,6.0,52.0,0.0,9.0,4.7,12.1,8.5,39.0
Legia Warszawa,legia-warszawa,Hindrich O.,matched_existing,otto-hindrich,matched_existing,otto-hindrich,already_in_player_mapping_csv,matched_existing,otto-hindrich,existing_mapping,legia-warszawa,2025/26,legia-warszawa,2025/26:legia-warszawa,Ottó HindrichLegia Warszawa,1.0,0,,mapped_but_no_previous_season_ranking,,,,,,,,,,,,,,,,,,,,,,,,,,,,,,,,,,,,,,,,,,,,,,,,
Legia Warszawa,legia-warszawa,Jędrzejczyk A.,matched_existing,artur-marcin-jedrzejczyk,matched_existing,artur-marcin-jedrzejczyk,already_in_player_mapping_csv,matched_existing,artur-marcin-jedrzejczyk,existing_mapping,legia-warszawa,2023/24 | 2024/25 | 2025/26,legia-warszawa,2023/24:legia-warszawa | 2024/25:legia-warszawa | 2025/26:legia-warszawa,Artur Marcin JędrzejczykLegia Warszawa,1.0,1,2024/25,,Artur Marcin JędrzejczykLegia Warszawa,legia-warszawa,0.0,0.0,0.0,0.0,0.0,0.0,0.0,0.0,0.0,0.0,0.0,0.0,0.0,0.0,0.0,4.0,2.0,1.0,16.0,5.0,0.0,0.0,0.0,0.0,0.0,0.0,1.0,0.0,681.0,9.0,479.0,0.0,198.0,251.0,9.0,60.0,13.0,0.0,0.0,1.0,0.0,31.0,0.2,0.0,0.0,0.0
Legia Warszawa,legia-warszawa,Kapuadi S.,matched_existing,steve-nkanu-kapuadi,matched_existing,steve-nkanu-kapuadi,already_in_player_mapping_csv,matched_existing,steve-nkanu-kapuadi,existing_mapping,legia-warszawa,2023/24 | 2024/25 | 2025/26,legia-warszawa,2023/24:legia-warszawa | 2024/25:legia-warszawa | 2025/26:legia-warszawa,Steve Nkanu KapuadiLegia Warszawa,1.0,1,2024/25,,Steve Nkanu KapuadiLegia Warszawa,legia-warszawa,0.0,0.0,0.0,0.0,0.0,0.0,0.0,0.0,0.0,0.0,0.0,0.0,7.0,54.0,0.0,4.0,1.0,17.0,38.0,4.0,3.0,2.0,3.0,0.0,3.0,0.0,7.0,23.0,2534.0,18.0,1606.0,0.0,549.0,732.0,18.0,116.0,17.0,0.0,0.0,13.0,0.0,110.0,0.6,3.8,3.2,5.0
Legia Warszawa,legia-warszawa,Kapustka B.,matched_existing,bartosz-kapustka,matched_existing,bartosz-kapustka,already_in_player_mapping_csv,matched_existing,bartosz-kapustka,existing_mapping,legia-warszawa,2023/24 | 2024/25 | 2025/26,legia-warszawa,2023/24:legia-warszawa | 2024/25:legia-warszawa | 2025/26:legia-warszawa,Bartosz KapustkaLegia Warszawa,1.0,1,2024/25,,Bartosz KapustkaLegia Warszawa,legia-warszawa,0.0,0.0,0.0,0.0,0.0,0.0,0.0,0.0,0.0,0.0,0.0,1.0,20.0,67.0,0.0,37.0,10.0,47.0,21.0,28.0,9.0,6.0,7.0,2.0,10.0,2.0,34.0,30.0,2024.0,24.0,1048.0,0.0,576.0,801.0,24.0,118.0,22.0,39.0,4.0,30.0,0.0,22.0,2.6,4.9,5.9,14.0
Legia Warszawa,legia-warszawa,Kobylak G.,unresolved,,auto_same_club_history,gabriel-kobylak,all_flash_tokens_in_slug | suffix_exact | initial_match_any_given_token | same_club_history,matched_auto_same_club_history,gabriel-kobylak,review_auto_same_club_history,legia-warszawa,2023/24 | 2024/25,,2023/24:legia-warszawa | 2024/25:legia-warszawa,Gabriel KobylakLegia Warszawa,0.0,1,2024/25,,Gabriel KobylakLegia Warszawa,legia-warszawa,11.0,2.0,22.0,7.0,585.0,3.0,157.0,0.0,1.0,0.0,23.0,0.0,0.0,0.0,0.0,0.0,0.0,0.0,0.0,2.0,0.0,0.0,0.0,0.0,0.0,0.0,0.0,0.0,585.0,0.0,157.0,0.0,9.0,62.0,0.0,6.0,0.0,0.0,0.0,0.0,0.0,4.0,0.0,0.0,0.0,0.0
Legia Warszawa,legia-warszawa,Kovacik S.,matched_existing,samuel-kovacik,matched_existing,samuel-kovacik,already_in_player_mapping_csv,matched_existing,samuel-kovacik,existing_mapping,legia-warszawa,2025/26,legia-warszawa,2025/26:legia-warszawa,Samuel KováčikLegia Warszawa,1.0,0,,mapped_but_no_previous_season_ranking,,,,,,,,,,,,,,,,,,,,,,,,,,,,,,,,,,,,,,,,,,,,,,,,
Legia Warszawa,legia-warszawa,Krasniqi E.,matched_existing,ermal-krasniqi,matched_existing,ermal-krasniqi,already_in_player_mapping_csv,matched_existing,ermal-krasniqi,existing_mapping,legia-warszawa,2025/26,legia-warszawa,2025/26:legia-warszawa,Ermal KrasniqiLegia Warszawa,1.0,0,,mapped_but_no_previous_season_ranking,,,,,,,,,,,,,,,,,,,,,,,,,,,,,,,,,,,,,,,,,,,,,,,,
Legia Warszawa,legia-warszawa,Kun P.,matched_existing,patryk-kun,matched_existing,patryk-kun,already_in_player_mapping_csv,matched_existing,patryk-kun,existing_mapping,legia-warszawa,2023/24 | 2024/25 | 2025/26,legia-warszawa,2023/24:legia-warszawa | 2024/25:legia-warszawa | 2025/26:legia-warszawa,Patryk KunLegia Warszawa,1.0,1,2024/25,,Patryk KunLegia Warszawa,legia-warszawa,0.0,0.0,0.0,0.0,0.0,0.0,0.0,0.0,0.0,0.0,0.0,0.0,0.0,0.0,0.0,9.0,3.0,4.0,15.0,6.0,0.0,0.0,0.0,0.0,0.0,0.0,4.0,0.0,442.0,7.0,193.0,0.0,90.0,118.0,7.0,24.0,7.0,0.0,1.0,1.0,0.0,18.0,0.5,0.3,0.0,2.0
Legia Warszawa,legia-warszawa,Leszczynski J.,matched_existing,jan-leszczynski,matched_existing,jan-leszczynski,already_in_player_mapping_csv,matched_existing,jan-leszczynski,existing_mapping,legia-warszawa,2025/26,legia-warszawa,2025/26:legia-warszawa,Jan LeszczyńskiLegia Warszawa,1.0,0,,mapped_but_no_previous_season_ranking,,,,,,,,,,,,,,,,,,,,,,,,,,,,,,,,,,,,,,,,,,,,,,,,
Legia Warszawa,legia-warszawa,Mendes-Dudzinski M.,unresolved,,no_candidate,,no_strict_candidate,no_candidate,,review_no_candidate,,,,,,,0,,unmapped_flash_player,,,,,,,,,,,,,,,,,,,,,,,,,,,,,,,,,,,,,,,,,,,,,,,,
Legia Warszawa,legia-warszawa,Morishita R.,matched_existing,ryoya-morishita,matched_existing,ryoya-morishita,already_in_player_mapping_csv,matched_existing,ryoya-morishita,existing_mapping,legia-warszawa,2023/24 | 2024/25 | 2025/26,legia-warszawa,2023/24:legia-warszawa | 2024/25:legia-warszawa | 2025/26:legia-warszawa,Ryoya MorishitaLegia Warszawa,1.0,1,2024/25,,Ryoya MorishitaLegia Warszawa,legia-warszawa,0.0,0.0,0.0,0.0,0.0,0.0,0.0,0.0,0.0,0.0,0.0,4.0,23.0,48.0,0.0,57.0,8.0,84.0,16.0,27.0,6.0,6.0,5.0,0.0,10.0,0.0,28.0,13.0,2369.0,11.0,857.0,0.0,472.0,675.0,11.0,83.0,10.0,2.0,15.0,48.0,0.0,17.0,3.6,5.2,5.8,10.0
Legia Warszawa,legia-warszawa,Nsame J.,matched_existing,jean-pierre-junior-nsame,matched_existing,jean-pierre-junior-nsame,already_in_player_mapping_csv,matched_existing,jean-pierre-junior-nsame,existing_mapping,legia-warszawa,2024/25 | 2025/26,legia-warszawa,2024/25:legia-warszawa | 2025/26:legia-warszawa,Jean-Pierre Junior NsameLegia Warszawa,1.0,1,2024/25,,Jean-Pierre Junior NsameLegia Warszawa,legia-warszawa,0.0,0.0,0.0,0.0,0.0,0.0,0.0,0.0,0.0,0.0,0.0,0.0,1.0,25.0,0.0,0.0,0.0,1.0,1.0,2.0,1.0,1.0,1.0,0.0,1.0,0.0,1.0,25.0,306.0,0.0,39.0,0.0,12.0,25.0,0.0,13.0,1.0,0.0,5.0,4.0,0.0,6.0,0.0,0.7,0.9,1.0
Legia Warszawa,legia-warszawa,Pankov R.,matched_existing,radovan-pankov,matched_existing,radovan-pankov,already_in_player_mapping_csv,matched_existing,radovan-pankov,existing_mapping,legia-warszawa,2023/24 | 2024/25 | 2025/26,legia-warszawa,2023/24:legia-warszawa | 2024/25:legia-warszawa | 2025/26:legia-warszawa,Radovan PankovLegia Warszawa,1.0,1,2024/25,,Radovan PankovLegia Warszawa,legia-warszawa,0.0,0.0,0.0,0.0,0.0,0.0,0.0,0.0,0.0,0.0,0.0,0.0,2.0,22.0,0.0,10.0,1.0,13.0,30.0,10.0,1.0,0.0,1.0,0.0,1.0,0.0,10.0,11.0,1649.0,14.0,1076.0,0.0,381.0,495.0,14.0,107.0,21.0,0.0,0.0,9.0,0.0,66.0,0.9,0.6,0.5,2.0
Legia Warszawa,legia-warszawa,Piątkowski K.,matched_existing,kamil-dawid-piatkowski,matched_existing,kamil-dawid-piatkowski,already_in_player_mapping_csv,matched_existing,kamil-dawid-piatkowski,existing_mapping,legia-warszawa,2025/26,legia-warszawa,2025/26:legia-warszawa,Kamil Dawid PiątkowskiLegia Warszawa,1.0,0,,mapped_but_no_previous_season_ranking,,,,,,,,,,,,,,,,,,,,,,,,,,,,,,,,,,,,,,,,,,,,,,,,
Legia Warszawa,legia-warszawa,Rajovic M.,matched_existing,mileta-rajovic,matched_existing,mileta-rajovic,already_in_player_mapping_csv,matched_existing,mileta-rajovic,existing_mapping,legia-warszawa,2025/26,legia-warszawa,2025/26:legia-warszawa,Mileta RajovićLegia Warszawa,1.0,0,,mapped_but_no_previous_season_ranking,,,,,,,,,,,,,,,,,,,,,,,,,,,,,,,,,,,,,,,,,,,,,,,,
Legia Warszawa,legia-warszawa,Reca A.,matched_existing,arkadiusz-reca,matched_existing,arkadiusz-reca,already_in_player_mapping_csv,matched_existing,arkadiusz-reca,existing_mapping,legia-warszawa,2025/26,legia-warszawa,2025/26:legia-warszawa,Arkadiusz RecaLegia Warszawa,1.0,0,,mapped_but_no_previous_season_ranking,,,,,,,,,,,,,,,,,,,,,,,,,,,,,,,,,,,,,,,,,,,,,,,,
Legia Warszawa,legia-warszawa,Shkurin I.,matched_existing,ilya-shkurin,matched_existing,ilya-shkurin,already_in_player_mapping_csv,matched_existing,ilya-shkurin,existing_mapping,legia-warszawa | stal-mielec,2023/24 | 2024/25 | 2025/26,legia-warszawa,2023/24:stal-mielec | 2024/25:legia-warszawa | 2025/26:legia-warszawa,Ilya ShkurinStal Mielec,1.0,1,2024/25,,Ilya ShkurinLegia Warszawa,legia-warszawa,0.0,0.0,0.0,0.0,0.0,0.0,0.0,0.0,0.0,0.0,0.0,4.0,24.0,44.0,0.0,2.0,1.0,52.0,24.0,30.0,2.0,2.0,7.0,0.0,6.0,1.0,26.0,4.0,2299.0,10.0,441.0,0.0,220.0,332.0,10.0,123.0,6.0,0.0,4.0,54.0,0.0,36.0,1.2,5.0,3.4,11.0
Legia Warszawa,legia-warszawa,Stojanovic P.,matched_existing,petar-stojanovic,matched_existing,petar-stojanovic,already_in_player_mapping_csv,matched_existing,petar-stojanovic,existing_mapping,legia-warszawa,2025/26,legia-warszawa,2025/26:legia-warszawa,Petar StojanovićLegia Warszawa,1.0,0,,mapped_but_no_previous_season_ranking,,,,,,,,,,,,,,,,,,,,,,,,,,,,,,,,,,,,,,,,,,,,,,,,
Legia Warszawa,legia-warszawa,Szymański D.,matched_existing,damian-dawid-szymanski,matched_existing,damian-dawid-szymanski,already_in_player_mapping_csv,matched_existing,damian-dawid-szymanski,existing_mapping,legia-warszawa,2025/26,legia-warszawa,2025/26:legia-warszawa,Damian Dawid SzymańskiLegia Warszawa,1.0,0,,mapped_but_no_previous_season_ranking,,,,,,,,,,,,,,,,,,,,,,,,,,,,,,,,,,,,,,,,,,,,,,,,
Legia Warszawa,legia-warszawa,Tobiasz K.,matched_existing,kacper-tobiasz,matched_existing,kacper-tobiasz,already_in_player_mapping_csv,matched_existing,kacper-tobiasz,existing_mapping,legia-warszawa,2023/24 | 2024/25 | 2025/26,legia-warszawa,2023/24:legia-warszawa | 2024/25:legia-warszawa | 2025/26:legia-warszawa,Kacper TobiaszLegia Warszawa,1.0,1,2024/25,,Kacper TobiaszLegia Warszawa,legia-warszawa,25.0,4.0,87.0,22.0,1935.0,10.0,564.0,0.0,5.0,2.0,55.0,0.0,0.0,0.0,0.0,0.0,0.0,0.0,0.0,3.0,0.0,0.0,0.0,0.0,0.0,0.0,1.0,0.0,1935.0,0.0,564.0,0.0,43.0,148.0,0.0,9.0,0.0,0.0,0.0,0.0,0.0,28.0,0.0,0.0,0.0,0.0
Legia Warszawa,legia-warszawa,Urbański K.,matched_existing,kacper-urbanski,matched_existing,kacper-urbanski,already_in_player_mapping_csv,matched_existing,kacper-urbanski,existing_mapping,legia-warszawa,2025/26,legia-warszawa,2025/26:legia-warszawa,Kacper UrbanskiLegia Warszawa,1.0,0,,mapped_but_no_previous_season_ranking,,,,,,,,,,,,,,,,,,,,,,,,,,,,,,,,,,,,,,,,,,,,,,,,
Legia Warszawa,legia-warszawa,Urbański W.,matched_existing,wojciech-urbanski,matched_existing,wojciech-urbanski,already_in_player_mapping_csv,matched_existing,wojciech-urbanski,existing_mapping,legia-warszawa,2023/24 | 2024/25 | 2025/26,legia-warszawa,2023/24:legia-warszawa | 2024/25:legia-warszawa | 2025/26:legia-warszawa,Wojciech UrbanskiLegia Warszawa,1.0,1,2024/25,,Wojciech UrbanskiLegia Warszawa,legia-warszawa,0.0,0.0,0.0,0.0,0.0,0.0,0.0,0.0,0.0,0.0,0.0,1.0,7.0,78.0,0.0,5.0,1.0,24.0,22.0,7.0,3.0,3.0,2.0,0.0,4.0,0.0,7.0,33.0,533.0,6.0,175.0,0.0,99.0,132.0,6.0,34.0,6.0,0.0,0.0,9.0,0.0,4.0,0.7,1.0,2.1,3.0
Legia Warszawa,legia-warszawa,Vinagre R.,matched_existing,ruben-goncalo-da-silva-nascimento-vinagre,matched_existing,ruben-goncalo-da-silva-nascimento-vinagre,already_in_player_mapping_csv,matched_existing,ruben-goncalo-da-silva-nascimento-vinagre,existing_mapping,legia-warszawa,2024/25 | 2025/26,legia-warszawa,2024/25:legia-warszawa | 2025/26:legia-warszawa,Rúben VinagreLegia Warszawa,1.0,1,2024/25,,Rúben VinagreLegia Warszawa,legia-warszawa,0.0,0.0,0.0,0.0,0.0,0.0,0.0,0.0,0.0,0.0,0.0,5.0,11.0,55.0,0.0,149.0,33.0,98.0,29.0,56.0,1.0,0.0,0.0,0.0,6.0,0.0,48.0,5.0,2662.0,27.0,1529.0,0.0,803.0,1137.0,27.0,176.0,29.0,110.0,1.0,20.0,0.0,53.0,8.9,1.5,1.1,7.0
Legia Warszawa,legia-warszawa,Weisshaupt N.,matched_existing,noah-raphael-weihaupt,matched_existing,noah-raphael-weihaupt,already_in_player_mapping_csv,matched_existing,noah-raphael-weihaupt,existing_mapping,legia-warszawa,2025/26,legia-warszawa,2025/26:legia-warszawa,Noah Raphael WeißhauptLegia Warszawa,1.0,0,,mapped_but_no_previous_season_ranking,,,,,,,,,,,,,,,,,,,,,,,,,,,,,,,,,,,,,,,,,,,,,,,,
Legia Warszawa,legia-warszawa,Wszołek P.,matched_existing,pawe-marek-wszoek,matched_existing,pawe-marek-wszoek,already_in_player_mapping_csv,matched_existing,pawe-marek-wszoek,existing_mapping,legia-warszawa,2023/24 | 2024/25 | 2025/26,legia-warszawa,2023/24:legia-warszawa | 2024/25:legia-warszawa | 2025/26:legia-warszawa,Paweł Marek WszołekLegia Warszawa,1.0,1,2024/25,,Paweł Marek WszołekLegia Warszawa,legia-warszawa,0.0,0.0,0.0,0.0,0.0,0.0,0.0,0.0,0.0,0.0,0.0,3.0,6.0,50.0,0.0,88.0,22.0,30.0,35.0,29.0,3.0,1.0,3.0,1.0,6.0,1.0,30.0,25.0,2540.0,19.0,977.0,0.0,545.0,732.0,19.0,151.0,21.0,0.0,3.0,12.0,0.0,51.0,6.6,2.4,2.8,8.0
Legia Warszawa,legia-warszawa,Zewlakow J.,matched_existing,jakub-zewakow,matched_existing,jakub-zewakow,already_in_player_mapping_csv,matched_existing,jakub-zewakow,existing_mapping,legia-warszawa,2025/26,legia-warszawa,2025/26:legia-warszawa,Jakub ŻewłakowLegia Warszawa,1.0,0,,mapped_but_no_previous_season_ranking,,,,,,,,,,,,,,,,,,,,,,,,,,,,,,,,,,,,,,,,,,,,,,,,
Legia Warszawa,legia-warszawa,Ziółkowski J.,matched_existing,jan-ziokowski,matched_existing,jan-ziokowski,already_in_player_mapping_csv,matched_existing,jan-ziokowski,existing_mapping,legia-warszawa,2023/24 | 2024/25 | 2025/26,legia-warszawa,2023/24:legia-warszawa | 2024/25:legia-warszawa | 2025/26:legia-warszawa,Jan ZiółkowskiLegia Warszawa,1.0,1,2024/25,,Jan ZiółkowskiLegia Warszawa,legia-warszawa,0.0,0.0,0.0,0.0,0.0,0.0,0.0,0.0,0.0,0.0,0.0,2.0,3.0,50.0,0.0,2.0,1.0,1.0,27.0,14.0,1.0,0.0,1.0,0.0,3.0,0.0,6.0,17.0,1373.0,22.0,744.0,0.0,195.0,278.0,22.0,91.0,17.0,0.0,0.0,6.0,0.0,76.0,0.8,0.7,0.8,1.0
Motor Lublin,motor-lublin,Bartoš M.,matched_existing,marek-kristian-bartos,matched_existing,marek-kristian-bartos,already_in_player_mapping_csv,matched_existing,marek-kristian-bartos,existing_mapping,motor-lublin,2024/25 | 2025/26,motor-lublin,2024/25:motor-lublin | 2025/26:motor-lublin,Marek Kristián BartošMotor Lublin,1.0,1,2024/25,,Marek Kristián BartošMotor Lublin,motor-lublin,0.0,0.0,0.0,0.0,0.0,0.0,0.0,0.0,0.0,0.0,0.0,1.0,3.0,33.0,0.0,1.0,0.0,3.0,20.0,18.0,2.0,0.0,1.0,0.0,3.0,0.0,1.0,22.0,1625.0,10.0,1016.0,0.0,274.0,361.0,10.0,71.0,23.0,0.0,0.0,9.0,0.0,72.0,0.2,0.8,1.1,4.0
Motor Lublin,motor-lublin,Brkic I.,matched_existing,ivan-brkic,matched_existing,ivan-brkic,already_in_player_mapping_csv,matched_existing,ivan-brkic,existing_mapping,motor-lublin,2024/25 | 2025/26,motor-lublin,2024/25:motor-lublin | 2025/26:motor-lublin,Ivan BrkićMotor Lublin,1.0,1,2024/25,,Ivan BrkićMotor Lublin,motor-lublin,12.0,4.0,33.0,10.0,900.0,4.0,237.0,0.0,2.0,1.0,28.0,0.0,0.0,0.0,0.0,0.0,0.0,1.0,0.0,0.0,0.0,0.0,0.0,0.0,0.0,0.0,0.0,0.0,900.0,0.0,237.0,0.0,16.0,56.0,0.0,6.0,0.0,0.0,0.0,0.0,0.0,10.0,0.0,0.0,0.0,0.0
Motor Lublin,motor-lublin,Brzozowski K.,unresolved,,no_candidate,,no_strict_candidate,no_candidate,,review_no_candidate,,,,,,,0,,unmapped_flash_player,,,,,,,,,,,,,,,,,,,,,,,,,,,,,,,,,,,,,,,,,,,,,,,,
Motor Lublin,motor-lublin,Czubak K.,matched_existing,karol-czubak,matched_existing,karol-czubak,already_in_player_mapping_csv,matched_existing,karol-czubak,existing_mapping,motor-lublin,2025/26,motor-lublin,2025/26:motor-lublin,Karol CzubakMotor Lublin,1.0,0,,mapped_but_no_previous_season_ranking,,,,,,,,,,,,,,,,,,,,,,,,,,,,,,,,,,,,,,,,,,,,,,,,
Motor Lublin,motor-lublin,Dadashov R.,matched_existing,renat-dadasov,matched_existing,renat-dadasov,already_in_player_mapping_csv,matched_existing,renat-dadasov,existing_mapping,motor-lublin | radomiak-radom,2024/25 | 2025/26,motor-lublin,2024/25:radomiak-radom | 2025/26:motor-lublin,Renat DadaşovRadomiak Radom,1.0,1,2024/25,,Renat DadaşovRadomiak Radom,radomiak-radom,0.0,0.0,0.0,0.0,0.0,0.0,0.0,0.0,0.0,0.0,0.0,2.0,6.0,50.0,0.0,2.0,0.0,7.0,11.0,13.0,2.0,2.0,2.0,0.0,4.0,0.0,3.0,17.0,530.0,2.0,102.0,0.0,47.0,84.0,2.0,44.0,0.0,0.0,0.0,12.0,0.0,10.0,0.7,2.1,3.1,3.0
Motor Lublin,motor-lublin,Ede B.,matched_existing,bright-ede,matched_existing,bright-ede,already_in_player_mapping_csv,matched_existing,bright-ede,existing_mapping,motor-lublin,2024/25 | 2025/26,motor-lublin,2024/25:motor-lublin | 2025/26:motor-lublin,Bright EdeMotor Lublin,1.0,1,2024/25,,Bright EdeMotor Lublin,motor-lublin,0.0,0.0,0.0,0.0,0.0,0.0,0.0,0.0,0.0,0.0,0.0,0.0,1.0,33.0,0.0,2.0,0.0,4.0,8.0,2.0,1.0,0.0,1.0,0.0,1.0,0.0,0.0,33.0,438.0,5.0,255.0,0.0,60.0,98.0,5.0,21.0,5.0,0.0,0.0,3.0,0.0,26.0,0.0,0.2,0.8,0.0
Motor Lublin,motor-lublin,Fabio Ronaldo,matched_existing,fabio-ronaldo-da-costa-conceicao,matched_existing,fabio-ronaldo-da-costa-conceicao,already_in_player_mapping_csv,matched_existing,fabio-ronaldo-da-costa-conceicao,existing_mapping,motor-lublin,2025/26,motor-lublin,2025/26:motor-lublin,Fábio RonaldoMotor Lublin,1.0,0,,mapped_but_no_previous_season_ranking,,,,,,,,,,,,,,,,,,,,,,,,,,,,,,,,,,,,,,,,,,,,,,,,
Motor Lublin,motor-lublin,Haxha F.,matched_existing,florian-haxha,matched_existing,florian-haxha,already_in_player_mapping_csv,matched_existing,florian-haxha,existing_mapping,motor-lublin,2025/26,motor-lublin,2025/26:motor-lublin,Florian HaxhaMotor Lublin,1.0,0,,mapped_but_no_previous_season_ranking,,,,,,,,,,,,,,,,,,,,,,,,,,,,,,,,,,,,,,,,,,,,,,,,
Motor Lublin,motor-lublin,Karasek K.,matched_existing,kacper-karasek,matched_existing,kacper-karasek,already_in_player_mapping_csv,matched_existing,kacper-karasek,existing_mapping,motor-lublin,2025/26,motor-lublin,2025/26:motor-lublin,Kacper KarasekMotor Lublin,1.0,0,,mapped_but_no_previous_season_ranking,,,,,,,,,,,,,,,,,,,,,,,,,,,,,,,,,,,,,,,,,,,,,,,,
Motor Lublin,motor-lublin,Kikis,matched_existing,christopher-serge-simon,matched_existing,christopher-serge-simon,already_in_player_mapping_csv,matched_existing,christopher-serge-simon,existing_mapping,motor-lublin,2024/25 | 2025/26,motor-lublin,2024/25:motor-lublin | 2025/26:motor-lublin,Christopher Serge SimonMotor Lublin,1.0,1,2024/25,,Christopher Serge SimonMotor Lublin,motor-lublin,0.0,0.0,0.0,0.0,0.0,0.0,0.0,0.0,0.0,0.0,0.0,0.0,7.0,32.0,0.0,17.0,5.0,19.0,18.0,6.0,2.0,2.0,1.0,0.0,2.0,0.0,11.0,9.0,840.0,9.0,370.0,0.0,183.0,257.0,9.0,36.0,13.0,1.0,0.0,22.0,0.0,17.0,1.3,1.4,1.9,6.0
Motor Lublin,motor-lublin,Król M.,matched_existing,micha-krol,matched_existing,micha-krol,already_in_player_mapping_csv,matched_existing,micha-krol,existing_mapping,motor-lublin,2024/25 | 2025/26,motor-lublin,2024/25:motor-lublin | 2025/26:motor-lublin,Michał KrólMotor Lublin,1.0,1,2024/25,,Michał KrólMotor Lublin,motor-lublin,0.0,0.0,0.0,0.0,0.0,0.0,0.0,0.0,0.0,0.0,0.0,6.0,15.0,54.0,0.0,69.0,19.0,52.0,13.0,31.0,3.0,2.0,3.0,0.0,9.0,0.0,18.0,11.0,1796.0,14.0,354.0,0.0,215.0,331.0,14.0,86.0,8.0,0.0,9.0,28.0,0.0,14.0,2.6,3.2,3.1,9.0
Motor Lublin,motor-lublin,Kukulski P.,unresolved,,no_candidate,,no_strict_candidate,no_candidate,,review_no_candidate,,,,,,,0,,unmapped_flash_player,,,,,,,,,,,,,,,,,,,,,,,,,,,,,,,,,,,,,,,,,,,,,,,,
Motor Lublin,motor-lublin,Lewandowski F.,matched_existing,franciszek-lewandowski,matched_existing,franciszek-lewandowski,already_in_player_mapping_csv,matched_existing,franciszek-lewandowski,existing_mapping,motor-lublin,2025/26,motor-lublin,2025/26:motor-lublin,Franciszek LewandowskiMotor Lublin,1.0,0,,mapped_but_no_previous_season_ranking,,,,,,,,,,,,,,,,,,,,,,,,,,,,,,,,,,,,,,,,,,,,,,,,
Motor Lublin,motor-lublin,Luberecki F.,matched_existing,filip-luberecki,matched_existing,filip-luberecki,already_in_player_mapping_csv,matched_existing,filip-luberecki,existing_mapping,motor-lublin,2024/25 | 2025/26,motor-lublin,2024/25:motor-lublin | 2025/26:motor-lublin,Filip LubereckiMotor Lublin,1.0,1,2024/25,,Filip LubereckiMotor Lublin,motor-lublin,0.0,0.0,0.0,0.0,0.0,0.0,0.0,0.0,0.0,0.0,0.0,1.0,0.0,0.0,0.0,33.0,6.0,25.0,35.0,17.0,0.0,0.0,0.0,0.0,1.0,0.0,14.0,0.0,2010.0,35.0,939.0,0.0,370.0,503.0,35.0,101.0,27.0,0.0,1.0,3.0,0.0,51.0,1.8,0.6,0.0,4.0
Motor Lublin,motor-lublin,Matthys H.,matched_existing,herve-jean-matthys,matched_existing,herve-jean-matthys,already_in_player_mapping_csv,matched_existing,herve-jean-matthys,existing_mapping,motor-lublin,2024/25 | 2025/26,motor-lublin,2024/25:motor-lublin | 2025/26:motor-lublin,Hervé Jean MatthysMotor Lublin,1.0,1,2024/25,,Hervé Jean MatthysMotor Lublin,motor-lublin,0.0,0.0,0.0,0.0,0.0,0.0,0.0,0.0,0.0,0.0,0.0,2.0,1.0,17.0,0.0,8.0,2.0,0.0,10.0,2.0,0.0,0.0,0.0,0.0,2.0,0.0,2.0,0.0,909.0,7.0,572.0,0.0,170.0,225.0,7.0,24.0,12.0,0.0,1.0,6.0,0.0,42.0,0.6,0.5,0.1,2.0
Motor Lublin,motor-lublin,Meyer P.,matched_existing,paskal-konrad-meyer,matched_existing,paskal-konrad-meyer,already_in_player_mapping_csv,matched_existing,paskal-konrad-meyer,existing_mapping,motor-lublin,2025/26,motor-lublin,2025/26:motor-lublin,Paskal Konrad MeyerMotor Lublin,1.0,0,,mapped_but_no_previous_season_ranking,,,,,,,,,,,,,,,,,,,,,,,,,,,,,,,,,,,,,,,,,,,,,,,,
Motor Lublin,motor-lublin,Najemski A.,matched_existing,arkadiusz-najemski,matched_existing,arkadiusz-najemski,already_in_player_mapping_csv,matched_existing,arkadiusz-najemski,existing_mapping,motor-lublin,2024/25 | 2025/26,motor-lublin,2024/25:motor-lublin | 2025/26:motor-lublin,Arkadiusz NajemskiMotor Lublin,1.0,1,2024/25,,Arkadiusz NajemskiMotor Lublin,motor-lublin,0.0,0.0,0.0,0.0,0.0,0.0,0.0,0.0,0.0,0.0,0.0,2.0,3.0,60.0,0.0,0.0,0.0,2.0,31.0,17.0,1.0,0.0,1.0,0.0,3.0,0.0,8.0,20.0,2003.0,21.0,1242.0,0.0,372.0,438.0,21.0,87.0,30.0,0.0,0.0,5.0,0.0,60.0,1.5,0.6,1.7,3.0
Motor Lublin,motor-lublin,Ndiaye M.,matched_existing,mbaye-jacques-ndiaye,matched_existing,mbaye-jacques-ndiaye,already_in_player_mapping_csv,matched_existing,mbaye-jacques-ndiaye,existing_mapping,motor-lublin,2024/25 | 2025/26,motor-lublin,2024/25:motor-lublin | 2025/26:motor-lublin,Mbaye Jacques N'DiayeMotor Lublin,1.0,1,2024/25,,Mbaye Jacques N'DiayeMotor Lublin,motor-lublin,0.0,0.0,0.0,0.0,0.0,0.0,0.0,0.0,0.0,0.0,0.0,0.0,18.0,42.0,0.0,40.0,8.0,51.0,31.0,26.0,4.0,3.0,3.0,0.0,4.0,0.0,16.0,9.0,1567.0,13.0,281.0,0.0,160.0,243.0,13.0,87.0,8.0,0.0,11.0,43.0,0.0,6.0,1.8,7.6,6.1,13.0
Motor Lublin,motor-lublin,Palacz K.,matched_existing,krystian-palacz,matched_existing,krystian-palacz,already_in_player_mapping_csv,matched_existing,krystian-palacz,existing_mapping,motor-lublin,2024/25 | 2025/26,motor-lublin,2024/25:motor-lublin | 2025/26:motor-lublin,Krystian PalaczMotor Lublin,1.0,1,2024/25,,Krystian PalaczMotor Lublin,motor-lublin,0.0,0.0,0.0,0.0,0.0,0.0,0.0,0.0,0.0,0.0,0.0,0.0,0.0,0.0,0.0,35.0,2.0,11.0,6.0,3.0,0.0,0.0,0.0,0.0,0.0,0.0,9.0,0.0,1038.0,13.0,414.0,0.0,163.0,246.0,13.0,33.0,13.0,1.0,0.0,3.0,0.0,37.0,1.0,0.2,0.0,3.0
Motor Lublin,motor-lublin,Rodrigues I.,matched_existing,ivo-tiago-dos-santos-rodrigues,matched_existing,ivo-tiago-dos-santos-rodrigues,already_in_player_mapping_csv,matched_existing,ivo-tiago-dos-santos-rodrigues,existing_mapping,motor-lublin,2025/26,motor-lublin,2025/26:motor-lublin,Ivo RodriguesMotor Lublin,1.0,0,,mapped_but_no_previous_season_ranking,,,,,,,,,,,,,,,,,,,,,,,,,,,,,,,,,,,,,,,,,,,,,,,,
Motor Lublin,motor-lublin,Samper S.,matched_existing,sergi-samper-montana,matched_existing,sergi-samper-montana,already_in_player_mapping_csv,matched_existing,sergi-samper-montana,existing_mapping,motor-lublin,2024/25 | 2025/26,motor-lublin,2024/25:motor-lublin | 2025/26:motor-lublin,Sergi Samper MontañaMotor Lublin,1.0,1,2024/25,,Sergi Samper MontañaMotor Lublin,motor-lublin,0.0,0.0,0.0,0.0,0.0,0.0,0.0,0.0,0.0,0.0,0.0,1.0,1.0,25.0,0.0,9.0,4.0,11.0,23.0,7.0,0.0,0.0,0.0,0.0,1.0,0.0,13.0,0.0,1508.0,15.0,999.0,0.0,477.0,593.0,15.0,52.0,23.0,0.0,0.0,4.0,0.0,60.0,2.5,0.3,0.0,2.0
Motor Lublin,motor-lublin,Santos T.,matched_existing,thomas-santos-christensen-1,matched_existing,thomas-santos-christensen-1,already_in_player_mapping_csv,matched_existing,thomas-santos-christensen-1,existing_mapping,motor-lublin,2025/26,motor-lublin,2025/26:motor-lublin,Thomas Santos ChristensenMotor Lublin,1.0,0,,mapped_but_no_previous_season_ranking,,,,,,,,,,,,,,,,,,,,,,,,,,,,,,,,,,,,,,,,,,,,,,,,
Motor Lublin,motor-lublin,Scalet M.,matched_existing,mathieu-scalet,matched_existing,mathieu-scalet,already_in_player_mapping_csv,matched_existing,mathieu-scalet,existing_mapping,motor-lublin,2024/25 | 2025/26,motor-lublin,2024/25:motor-lublin | 2025/26:motor-lublin,Mathieu ScaletMotor Lublin,1.0,1,2024/25,,Mathieu ScaletMotor Lublin,motor-lublin,0.0,0.0,0.0,0.0,0.0,0.0,0.0,0.0,0.0,0.0,0.0,2.0,4.0,20.0,0.0,12.0,1.0,19.0,29.0,25.0,1.0,1.0,1.0,0.0,3.0,0.0,8.0,5.0,1255.0,12.0,578.0,0.0,222.0,339.0,12.0,73.0,16.0,0.0,1.0,20.0,0.0,44.0,1.0,2.1,1.1,5.0
Motor Lublin,motor-lublin,Stolarski P.,matched_existing,pawe-stolarski,matched_existing,pawe-stolarski,already_in_player_mapping_csv,matched_existing,pawe-stolarski,existing_mapping,motor-lublin | pogon-szczecin,2023/24 | 2024/25 | 2025/26,motor-lublin,2023/24:pogon-szczecin | 2024/25:motor-lublin | 2025/26:motor-lublin,Paweł StolarskiPogoń Szczecin,1.0,1,2024/25,,Paweł StolarskiMotor Lublin,motor-lublin,0.0,0.0,0.0,0.0,0.0,0.0,0.0,0.0,0.0,0.0,0.0,1.0,3.0,30.0,0.0,29.0,4.0,17.0,24.0,24.0,2.0,0.0,2.0,0.0,3.0,0.0,8.0,20.0,1371.0,21.0,608.0,0.0,296.0,399.0,21.0,80.0,9.0,0.0,1.0,10.0,0.0,33.0,1.0,0.5,1.5,1.0
Motor Lublin,motor-lublin,Tratnik G.,matched_existing,gasper-tratnik,matched_existing,gasper-tratnik,already_in_player_mapping_csv,matched_existing,gasper-tratnik,existing_mapping,motor-lublin,2024/25 | 2025/26,motor-lublin,2024/25:motor-lublin | 2025/26:motor-lublin,Gašper TratnikMotor Lublin,1.0,1,2024/25,,Gašper TratnikMotor Lublin,motor-lublin,13.0,1.0,20.0,7.0,630.0,6.0,211.0,0.0,1.0,0.0,24.0,0.0,1.0,100.0,0.0,0.0,0.0,0.0,0.0,0.0,0.0,0.0,0.0,0.0,0.0,0.0,0.0,0.0,630.0,0.0,211.0,0.0,11.0,40.0,0.0,0.0,0.0,0.0,0.0,1.0,0.0,14.0,0.0,0.1,0.2,0.0
Motor Lublin,motor-lublin,Wolski B.,matched_existing,bartosz-wolski,matched_existing,bartosz-wolski,already_in_player_mapping_csv,matched_existing,bartosz-wolski,existing_mapping,motor-lublin,2024/25 | 2025/26,motor-lublin,2024/25:motor-lublin | 2025/26:motor-lublin,Bartosz WolskiMotor Lublin,1.0,1,2024/25,,Bartosz WolskiMotor Lublin,motor-lublin,0.0,0.0,0.0,0.0,0.0,0.0,0.0,0.0,0.0,0.0,0.0,7.0,6.0,33.0,0.0,87.0,20.0,36.0,16.0,36.0,2.0,1.0,2.0,1.0,9.0,1.0,74.0,11.0,2966.0,19.0,1372.0,0.0,735.0,1156.0,19.0,97.0,15.0,155.0,1.0,18.0,0.0,50.0,7.8,2.7,1.4,15.0
Motor Lublin,motor-lublin,Wójcik F.,matched_existing,filip-wojcik,matched_existing,filip-wojcik,already_in_player_mapping_csv,matched_existing,filip-wojcik,existing_mapping,motor-lublin,2024/25 | 2025/26,motor-lublin,2024/25:motor-lublin | 2025/26:motor-lublin,Filip WójcikMotor Lublin,1.0,1,2024/25,,Filip WójcikMotor Lublin,motor-lublin,0.0,0.0,0.0,0.0,0.0,0.0,0.0,0.0,0.0,0.0,0.0,5.0,1.0,20.0,0.0,45.0,9.0,39.0,27.0,38.0,0.0,0.0,0.0,0.0,5.0,0.0,12.0,0.0,1701.0,19.0,743.0,0.0,330.0,447.0,19.0,92.0,18.0,0.0,0.0,5.0,0.0,33.0,1.5,0.6,0.1,8.0
Motor Lublin,motor-lublin,van Hoeven B.,matched_existing,bradly-van-hoeven,matched_existing,bradly-van-hoeven,already_in_player_mapping_csv,matched_existing,bradly-van-hoeven,existing_mapping,motor-lublin,2024/25 | 2025/26,motor-lublin,2024/25:motor-lublin | 2025/26:motor-lublin,Bradly van HoevenMotor Lublin,1.0,1,2024/25,,Bradly van HoevenMotor Lublin,motor-lublin,0.0,0.0,0.0,0.0,0.0,0.0,0.0,0.0,0.0,0.0,0.0,0.0,4.0,67.0,0.0,23.0,1.0,25.0,10.0,12.0,2.0,2.0,2.0,0.0,2.0,0.0,7.0,33.0,621.0,4.0,130.0,0.0,64.0,118.0,4.0,32.0,6.0,0.0,8.0,6.0,0.0,4.0,0.8,1.9,1.9,2.0
Motor Lublin,motor-lublin,Łabojko J.,matched_existing,jakub-jan-abojko,matched_existing,jakub-jan-abojko,already_in_player_mapping_csv,matched_existing,jakub-jan-abojko,existing_mapping,motor-lublin,2024/25 | 2025/26,motor-lublin,2024/25:motor-lublin | 2025/26:motor-lublin,Jakub Jan ŁabojkoMotor Lublin,1.0,1,2024/25,,Jakub Jan ŁabojkoMotor Lublin,motor-lublin,0.0,0.0,0.0,0.0,0.0,0.0,0.0,0.0,0.0,0.0,0.0,0.0,1.0,33.0,0.0,1.0,0.0,4.0,16.0,4.0,1.0,1.0,0.0,0.0,1.0,0.0,6.0,33.0,873.0,9.0,533.0,0.0,249.0,312.0,9.0,34.0,8.0,0.0,0.0,3.0,0.0,38.0,0.9,0.3,0.4,4.0
Piast Gliwice,piast-gliwice,Barkovskiy G.,matched_existing,german-barkovskiy,matched_existing,german-barkovskiy,already_in_player_mapping_csv,matched_existing,german-barkovskiy,existing_mapping,piast-gliwice | puszcza-niepolomice,2024/25 | 2025/26,piast-gliwice,2024/25:puszcza-niepolomice | 2025/26:piast-gliwice,German BarkovskiyPuszcza Niepołomice,1.0,1,2024/25,,German BarkovskiyPuszcza Niepołomice,puszcza-niepolomice,0.0,0.0,0.0,0.0,0.0,0.0,0.0,0.0,0.0,0.0,0.0,2.0,6.0,38.0,2.0,3.0,2.0,18.0,25.0,23.0,3.0,2.0,2.0,0.0,5.0,0.0,7.0,19.0,966.0,6.0,209.0,0.0,90.0,173.0,6.0,88.0,5.0,0.0,7.0,16.0,2.0,19.0,0.6,1.3,2.8,5.0
Piast Gliwice,piast-gliwice,Boisgard Q.,matched_existing,quentin-boisgard,matched_existing,quentin-boisgard,already_in_player_mapping_csv,matched_existing,quentin-boisgard,existing_mapping,piast-gliwice,2025/26,piast-gliwice,2025/26:piast-gliwice,Quentin BoisgardPiast Gliwice,1.0,0,,mapped_but_no_previous_season_ranking,,,,,,,,,,,,,,,,,,,,,,,,,,,,,,,,,,,,,,,,,,,,,,,,
Piast Gliwice,piast-gliwice,Borowski F.,matched_existing,filip-borowski,matched_existing,filip-borowski,already_in_player_mapping_csv,matched_existing,filip-borowski,existing_mapping,piast-gliwice | warta-poznan,2023/24 | 2025/26,piast-gliwice,2023/24:warta-poznan | 2025/26:piast-gliwice,Filip BorowskiWarta Poznań,1.0,0,,mapped_but_no_previous_season_ranking,,,,,,,,,,,,,,,,,,,,,,,,,,,,,,,,,,,,,,,,,,,,,,,,
Piast Gliwice,piast-gliwice,Chrapek M.,matched_existing,micha-ukasz-chrapek,matched_existing,micha-ukasz-chrapek,already_in_player_mapping_csv,matched_existing,micha-ukasz-chrapek,existing_mapping,piast-gliwice,2023/24 | 2024/25 | 2025/26,piast-gliwice,2023/24:piast-gliwice | 2024/25:piast-gliwice | 2025/26:piast-gliwice,Michał Łukasz ChrapekPiast Gliwice,1.0,1,2024/25,,Michał Łukasz ChrapekPiast Gliwice,piast-gliwice,0.0,0.0,0.0,0.0,0.0,0.0,0.0,0.0,0.0,0.0,0.0,3.0,15.0,48.0,3.0,42.0,10.0,33.0,34.0,50.0,6.0,4.0,5.0,1.0,9.0,1.0,56.0,19.0,2610.0,21.0,1261.0,0.0,728.0,1040.0,21.0,123.0,17.0,83.0,10.0,31.0,9.0,28.0,5.9,4.4,4.9,16.0
Piast Gliwice,piast-gliwice,Czerwiński J.,matched_existing,jakub-czerwinski,matched_existing,jakub-czerwinski,already_in_player_mapping_csv,matched_existing,jakub-czerwinski,existing_mapping,piast-gliwice,2023/24 | 2024/25 | 2025/26,piast-gliwice,2023/24:piast-gliwice | 2024/25:piast-gliwice | 2025/26:piast-gliwice,Jakub CzerwińskiPiast Gliwice,1.0,1,2024/25,,Jakub CzerwińskiPiast Gliwice,piast-gliwice,0.0,0.0,0.0,0.0,0.0,0.0,0.0,0.0,0.0,0.0,0.0,1.0,10.0,50.0,8.0,3.0,1.0,4.0,42.0,20.0,2.0,0.0,2.0,0.0,3.0,0.0,10.0,10.0,2676.0,16.0,1291.0,0.0,352.0,491.0,16.0,111.0,28.0,0.0,1.0,20.0,1.0,136.0,1.4,2.7,3.6,5.0
Piast Gliwice,piast-gliwice,Dalmau A.,matched_existing,adrian-dalmau-vaquer,matched_existing,adrian-dalmau-vaquer,already_in_player_mapping_csv,matched_existing,adrian-dalmau-vaquer,existing_mapping,korona-kielce | piast-gliwice,2023/24 | 2024/25 | 2025/26,piast-gliwice,2023/24:korona-kielce | 2024/25:korona-kielce | 2025/26:piast-gliwice,Adrián Dalmau VaquerKorona Kielce,1.0,1,2024/25,,Adrián Dalmau VaquerKorona Kielce,korona-kielce,0.0,0.0,0.0,0.0,0.0,0.0,0.0,0.0,0.0,0.0,0.0,2.0,22.0,52.0,0.0,0.0,0.0,29.0,39.0,38.0,10.0,8.0,10.0,1.0,12.0,1.0,18.0,24.0,1884.0,5.0,343.0,0.0,146.0,225.0,5.0,106.0,5.0,0.0,9.0,42.0,0.0,31.0,1.0,10.1,8.1,8.0
Piast Gliwice,piast-gliwice,Daniel J.,unresolved,,no_candidate,,no_strict_candidate,no_candidate,,review_no_candidate,,,,,,,0,,unmapped_flash_player,,,,,,,,,,,,,,,,,,,,,,,,,,,,,,,,,,,,,,,,,,,,,,,,
Piast Gliwice,piast-gliwice,Drapiński I.,matched_existing,igor-drapinski,matched_existing,igor-drapinski,already_in_player_mapping_csv,matched_existing,igor-drapinski,existing_mapping,piast-gliwice,2024/25 | 2025/26,piast-gliwice,2024/25:piast-gliwice | 2025/26:piast-gliwice,Igor DrapińskiPiast Gliwice,1.0,1,2024/25,,Igor DrapińskiPiast Gliwice,piast-gliwice,0.0,0.0,0.0,0.0,0.0,0.0,0.0,0.0,0.0,0.0,0.0,0.0,1.0,25.0,1.0,56.0,10.0,10.0,42.0,12.0,0.0,0.0,0.0,0.0,0.0,0.0,12.0,0.0,2236.0,21.0,1010.0,0.0,364.0,551.0,21.0,92.0,32.0,2.0,1.0,4.0,0.0,97.0,1.1,0.3,0.1,2.0
Piast Gliwice,piast-gliwice,Dziczek P.,matched_existing,patryk-dziczek,matched_existing,patryk-dziczek,already_in_player_mapping_csv,matched_existing,patryk-dziczek,existing_mapping,piast-gliwice,2023/24 | 2024/25 | 2025/26,piast-gliwice,2023/24:piast-gliwice | 2024/25:piast-gliwice | 2025/26:piast-gliwice,Patryk DziczekPiast Gliwice,1.0,1,2024/25,,Patryk DziczekPiast Gliwice,piast-gliwice,0.0,0.0,0.0,0.0,0.0,0.0,0.0,0.0,0.0,0.0,0.0,1.0,6.0,27.0,3.0,28.0,9.0,16.0,43.0,17.0,0.0,0.0,0.0,0.0,1.0,1.0,23.0,0.0,1982.0,24.0,1182.0,0.0,592.0,791.0,24.0,111.0,24.0,0.0,0.0,22.0,2.0,61.0,2.0,2.4,2.0,8.0
Piast Gliwice,piast-gliwice,Felix J.,matched_existing,jorge-felix-munoz-garcia,matched_existing,jorge-felix-munoz-garcia,already_in_player_mapping_csv,matched_existing,jorge-felix-munoz-garcia,existing_mapping,piast-gliwice,2023/24 | 2024/25 | 2025/26,piast-gliwice,2023/24:piast-gliwice | 2024/25:piast-gliwice | 2025/26:piast-gliwice,Jorge Félix Muñoz GarcíaPiast Gliwice,1.0,1,2024/25,,Jorge Félix Muñoz GarcíaPiast Gliwice,piast-gliwice,0.0,0.0,0.0,0.0,0.0,0.0,0.0,0.0,0.0,0.0,0.0,1.0,15.0,38.0,11.0,5.0,1.0,31.0,21.0,34.0,7.0,3.0,7.0,1.0,8.0,1.0,19.0,18.0,1661.0,12.0,669.0,0.0,341.0,455.0,12.0,142.0,9.0,1.0,3.0,39.0,4.0,23.0,2.6,6.6,4.1,9.0
Piast Gliwice,piast-gliwice,Fikaj E.,matched_existing,elton-fikaj,matched_existing,elton-fikaj,already_in_player_mapping_csv,matched_existing,elton-fikaj,existing_mapping,piast-gliwice,2025/26,piast-gliwice,2025/26:piast-gliwice,Elton FikajPiast Gliwice,1.0,0,,mapped_but_no_previous_season_ranking,,,,,,,,,,,,,,,,,,,,,,,,,,,,,,,,,,,,,,,,,,,,,,,,
Piast Gliwice,piast-gliwice,Grelich J.,unresolved,,no_candidate,,no_strict_candidate,no_candidate,,review_no_candidate,,,,,,,0,,unmapped_flash_player,,,,,,,,,,,,,,,,,,,,,,,,,,,,,,,,,,,,,,,,,,,,,,,,
Piast Gliwice,piast-gliwice,Holec D.,matched_existing,dominik-holec,matched_existing,dominik-holec,already_in_player_mapping_csv,matched_existing,dominik-holec,existing_mapping,piast-gliwice,2025/26,piast-gliwice,2025/26:piast-gliwice,Dominik HolecPiast Gliwice,1.0,0,,mapped_but_no_previous_season_ranking,,,,,,,,,,,,,,,,,,,,,,,,,,,,,,,,,,,,,,,,,,,,,,,,
Piast Gliwice,piast-gliwice,Jirka E.,matched_existing,erik-jirka,matched_existing,erik-jirka,already_in_player_mapping_csv,matched_existing,erik-jirka,existing_mapping,piast-gliwice,2024/25 | 2025/26,piast-gliwice,2024/25:piast-gliwice | 2025/26:piast-gliwice,Erik JirkaPiast Gliwice,1.0,1,2024/25,,Erik JirkaPiast Gliwice,piast-gliwice,0.0,0.0,0.0,0.0,0.0,0.0,0.0,0.0,0.0,0.0,0.0,1.0,9.0,39.0,2.0,34.0,7.0,19.0,7.0,11.0,0.0,0.0,0.0,0.0,1.0,0.0,6.0,0.0,1006.0,8.0,331.0,0.0,190.0,290.0,8.0,52.0,8.0,1.0,11.0,23.0,2.0,17.0,0.8,1.7,2.2,7.0
Piast Gliwice,piast-gliwice,Juande,matched_existing,juan-de-dios-rivas-margalef,matched_existing,juan-de-dios-rivas-margalef,already_in_player_mapping_csv,matched_existing,juan-de-dios-rivas-margalef,existing_mapping,piast-gliwice,2025/26,piast-gliwice,2025/26:piast-gliwice,Juande RivasPiast Gliwice,1.0,0,,mapped_but_no_previous_season_ranking,,,,,,,,,,,,,,,,,,,,,,,,,,,,,,,,,,,,,,,,,,,,,,,,
Piast Gliwice,piast-gliwice,Katsantonis A.,matched_existing,andreas-katsantonis,matched_existing,andreas-katsantonis,already_in_player_mapping_csv,matched_existing,andreas-katsantonis,existing_mapping,piast-gliwice,2024/25 | 2025/26,piast-gliwice,2024/25:piast-gliwice | 2025/26:piast-gliwice,Andreas KatsantonisPiast Gliwice,1.0,1,2024/25,,Andreas KatsantonisPiast Gliwice,piast-gliwice,0.0,0.0,0.0,0.0,0.0,0.0,0.0,0.0,0.0,0.0,0.0,0.0,3.0,100.0,1.0,4.0,0.0,8.0,12.0,7.0,1.0,0.0,1.0,0.0,1.0,0.0,6.0,33.0,551.0,4.0,140.0,0.0,59.0,104.0,4.0,43.0,3.0,0.0,4.0,3.0,1.0,6.0,0.2,1.0,1.7,4.0
Piast Gliwice,piast-gliwice,Lewicki J.,matched_existing,jakub-lewicki,matched_existing,jakub-lewicki,already_in_player_mapping_csv,matched_existing,jakub-lewicki,existing_mapping,jagiellonia-bialystok | piast-gliwice,2023/24 | 2024/25 | 2025/26,piast-gliwice,2023/24:jagiellonia-bialystok | 2024/25:piast-gliwice | 2025/26:piast-gliwice,Jakub LewickiJagiellonia Białystok,1.0,1,2024/25,,Jakub LewickiPiast Gliwice,piast-gliwice,0.0,0.0,0.0,0.0,0.0,0.0,0.0,0.0,0.0,0.0,0.0,0.0,0.0,0.0,1.0,12.0,2.0,5.0,4.0,4.0,0.0,0.0,0.0,0.0,0.0,0.0,4.0,0.0,286.0,4.0,100.0,0.0,46.0,71.0,4.0,13.0,4.0,0.0,0.0,5.0,0.0,8.0,0.3,0.4,0.0,0.0
Piast Gliwice,piast-gliwice,Leśniak O.,matched_existing,oskar-lesniak,matched_existing,oskar-lesniak,already_in_player_mapping_csv,matched_existing,oskar-lesniak,existing_mapping,piast-gliwice,2023/24 | 2024/25 | 2025/26,piast-gliwice,2023/24:piast-gliwice | 2024/25:piast-gliwice | 2025/26:piast-gliwice,Oskar LeśniakPiast Gliwice,1.0,1,2024/25,,Oskar LeśniakPiast Gliwice,piast-gliwice,0.0,0.0,0.0,0.0,0.0,0.0,0.0,0.0,0.0,0.0,0.0,0.0,0.0,0.0,0.0,3.0,0.0,4.0,3.0,2.0,0.0,0.0,0.0,0.0,0.0,0.0,2.0,0.0,198.0,4.0,78.0,0.0,37.0,54.0,4.0,9.0,0.0,2.0,0.0,2.0,1.0,4.0,0.2,0.1,0.0,1.0
Piast Gliwice,piast-gliwice,Lima I.,matched_existing,ivan-correia-posser-lima,matched_existing,ivan-correia-posser-lima,already_in_player_mapping_csv,matched_existing,ivan-correia-posser-lima,existing_mapping,piast-gliwice,2025/26,piast-gliwice,2025/26:piast-gliwice,Ivan LimaPiast Gliwice,1.0,0,,mapped_but_no_previous_season_ranking,,,,,,,,,,,,,,,,,,,,,,,,,,,,,,,,,,,,,,,,,,,,,,,,
Piast Gliwice,piast-gliwice,Lokilo J.,matched_existing,jason-eyenga-lokilo,matched_existing,jason-eyenga-lokilo,already_in_player_mapping_csv,matched_existing,jason-eyenga-lokilo,existing_mapping,piast-gliwice,2025/26,piast-gliwice,2025/26:piast-gliwice,Jason Eyenga LokiloPiast Gliwice,1.0,0,,mapped_but_no_previous_season_ranking,,,,,,,,,,,,,,,,,,,,,,,,,,,,,,,,,,,,,,,,,,,,,,,,
Piast Gliwice,piast-gliwice,Lubowiecki K.,unresolved,,no_candidate,,no_strict_candidate,no_candidate,,review_no_candidate,,,,,,,0,,unmapped_flash_player,,,,,,,,,,,,,,,,,,,,,,,,,,,,,,,,,,,,,,,,,,,,,,,,
Piast Gliwice,piast-gliwice,Maziarz O.,matched_existing,oliwier-maziarz,matched_existing,oliwier-maziarz,already_in_player_mapping_csv,matched_existing,oliwier-maziarz,existing_mapping,piast-gliwice,2025/26,piast-gliwice,2025/26:piast-gliwice,Oliwier MaziarzPiast Gliwice,1.0,0,,mapped_but_no_previous_season_ranking,,,,,,,,,,,,,,,,,,,,,,,,,,,,,,,,,,,,,,,,,,,,,,,,
Piast Gliwice,piast-gliwice,Mokwa T.,matched_existing,tomasz-mokwa,matched_existing,tomasz-mokwa,already_in_player_mapping_csv,matched_existing,tomasz-mokwa,existing_mapping,piast-gliwice,2023/24 | 2024/25 | 2025/26,piast-gliwice,2023/24:piast-gliwice | 2024/25:piast-gliwice | 2025/26:piast-gliwice,Tomasz MokwaPiast Gliwice,1.0,1,2024/25,,Tomasz MokwaPiast Gliwice,piast-gliwice,0.0,0.0,0.0,0.0,0.0,0.0,0.0,0.0,0.0,0.0,0.0,0.0,1.0,50.0,1.0,2.0,0.0,5.0,5.0,3.0,1.0,0.0,1.0,0.0,1.0,0.0,3.0,50.0,282.0,2.0,113.0,0.0,48.0,67.0,2.0,9.0,0.0,0.0,0.0,2.0,0.0,6.0,0.1,0.2,0.8,0.0
Piast Gliwice,piast-gliwice,Mucha S.,matched_existing,szczepan-mucha,matched_existing,szczepan-mucha,already_in_player_mapping_csv,matched_existing,szczepan-mucha,existing_mapping,piast-gliwice,2024/25 | 2025/26,piast-gliwice,2024/25:piast-gliwice | 2025/26:piast-gliwice,Szczepan MuchaPiast Gliwice,1.0,1,2024/25,,Szczepan MuchaPiast Gliwice,piast-gliwice,0.0,0.0,0.0,0.0,0.0,0.0,0.0,0.0,0.0,0.0,0.0,0.0,0.0,0.0,0.0,0.0,0.0,1.0,3.0,0.0,0.0,0.0,0.0,0.0,0.0,0.0,0.0,0.0,32.0,2.0,7.0,0.0,5.0,7.0,2.0,3.0,1.0,0.0,1.0,0.0,0.0,3.0,0.0,0.2,0.0,2.0
Piast Gliwice,piast-gliwice,Pitan L.,matched_existing,levis-pitan,matched_existing,levis-pitan,already_in_player_mapping_csv,matched_existing,levis-pitan,existing_mapping,piast-gliwice,2024/25 | 2025/26,piast-gliwice,2024/25:piast-gliwice | 2025/26:piast-gliwice,Levis PitanPiast Gliwice,1.0,1,2024/25,,Levis PitanPiast Gliwice,piast-gliwice,0.0,0.0,0.0,0.0,0.0,0.0,0.0,0.0,0.0,0.0,0.0,0.0,0.0,0.0,0.0,0.0,0.0,0.0,0.0,0.0,0.0,0.0,0.0,0.0,0.0,0.0,0.0,0.0,5.0,0.0,6.0,0.0,3.0,3.0,0.0,0.0,0.0,0.0,0.0,0.0,0.0,1.0,0.0,0.0,0.0,0.0
Piast Gliwice,piast-gliwice,Plach F.,matched_existing,frantisek-plach,matched_existing,frantisek-plach,already_in_player_mapping_csv,matched_existing,frantisek-plach,existing_mapping,piast-gliwice,2023/24 | 2024/25 | 2025/26,piast-gliwice,2023/24:piast-gliwice | 2024/25:piast-gliwice | 2025/26:piast-gliwice,František PlachPiast Gliwice,1.0,1,2024/25,,František PlachPiast Gliwice,piast-gliwice,36.0,11.0,242.0,34.0,3060.0,14.0,1107.0,0.0,5.0,1.0,85.0,0.0,0.0,0.0,0.0,0.0,0.0,3.0,0.0,4.0,0.0,0.0,0.0,0.0,0.0,0.0,3.0,0.0,3060.0,0.0,1107.0,0.0,180.0,592.0,0.0,13.0,1.0,0.0,0.0,0.0,0.0,26.0,0.1,0.0,0.0,0.0
Piast Gliwice,piast-gliwice,Rychta D.,unresolved,,no_candidate,,no_strict_candidate,no_candidate,,review_no_candidate,,,,,,,0,,unmapped_flash_player,,,,,,,,,,,,,,,,,,,,,,,,,,,,,,,,,,,,,,,,,,,,,,,,
Piast Gliwice,piast-gliwice,Sanca L.,matched_existing,leandro-mario-balde-sanca,matched_existing,leandro-mario-balde-sanca,already_in_player_mapping_csv,matched_existing,leandro-mario-balde-sanca,existing_mapping,piast-gliwice,2025/26,piast-gliwice,2025/26:piast-gliwice,Leandro SancaPiast Gliwice,1.0,0,,mapped_but_no_previous_season_ranking,,,,,,,,,,,,,,,,,,,,,,,,,,,,,,,,,,,,,,,,,,,,,,,,
Piast Gliwice,piast-gliwice,Szymański K.,matched_existing,karol-szymanski,matched_existing,karol-szymanski,already_in_player_mapping_csv,matched_existing,karol-szymanski,existing_mapping,piast-gliwice,2023/24 | 2025/26,piast-gliwice,2023/24:piast-gliwice | 2025/26:piast-gliwice,Karol SzymańskiPiast Gliwice,1.0,0,,mapped_but_no_previous_season_ranking,,,,,,,,,,,,,,,,,,,,,,,,,,,,,,,,,,,,,,,,,,,,,,,,
Piast Gliwice,piast-gliwice,Tomasiewicz G.,matched_existing,grzegorz-tomasiewicz,matched_existing,grzegorz-tomasiewicz,already_in_player_mapping_csv,matched_existing,grzegorz-tomasiewicz,existing_mapping,piast-gliwice,2023/24 | 2024/25 | 2025/26,piast-gliwice,2023/24:piast-gliwice | 2024/25:piast-gliwice | 2025/26:piast-gliwice,Grzegorz TomasiewiczPiast Gliwice,1.0,1,2024/25,,Grzegorz TomasiewiczPiast Gliwice,piast-gliwice,0.0,0.0,0.0,0.0,0.0,0.0,0.0,0.0,0.0,0.0,0.0,2.0,5.0,24.0,0.0,16.0,4.0,13.0,9.0,48.0,0.0,0.0,0.0,0.0,2.0,0.0,20.0,0.0,2262.0,10.0,1147.0,0.0,587.0,742.0,10.0,87.0,25.0,1.0,0.0,21.0,2.0,45.0,2.4,1.3,0.8,11.0
Piast Gliwice,piast-gliwice,Twumasi E.,matched_existing,emmanuel-kapo-twumasi,matched_existing,emmanuel-kapo-twumasi,already_in_player_mapping_csv,matched_existing,emmanuel-kapo-twumasi,existing_mapping,piast-gliwice,2025/26,piast-gliwice,2025/26:piast-gliwice,Emmanuel Kapo TwumasiPiast Gliwice,1.0,0,,mapped_but_no_previous_season_ranking,,,,,,,,,,,,,,,,,,,,,,,,,,,,,,,,,,,,,,,,,,,,,,,,
Piast Gliwice,piast-gliwice,Vallejo H.,matched_existing,hugo-claudio-vallejo-aviles,matched_existing,hugo-claudio-vallejo-aviles,already_in_player_mapping_csv,matched_existing,hugo-claudio-vallejo-aviles,existing_mapping,piast-gliwice,2025/26,piast-gliwice,2025/26:piast-gliwice,Hugo Claudio Vallejo AvilésPiast Gliwice,1.0,0,,mapped_but_no_previous_season_ranking,,,,,,,,,,,,,,,,,,,,,,,,,,,,,,,,,,,,,,,,,,,,,,,,
Pogoń Szczecin,pogon-szczecin,Acosta K.,matched_existing,kellyn-kai-perry-acosta,matched_existing,kellyn-kai-perry-acosta,already_in_player_mapping_csv,matched_existing,kellyn-kai-perry-acosta,existing_mapping,pogon-szczecin,2025/26,pogon-szczecin,2025/26:pogon-szczecin,Kellyn Kai Perry-AcostaPogoń Szczecin,1.0,0,,mapped_but_no_previous_season_ranking,,,,,,,,,,,,,,,,,,,,,,,,,,,,,,,,,,,,,,,,,,,,,,,,
Pogoń Szczecin,pogon-szczecin,Agger M.,matched_existing,mads-agger,matched_existing,mads-agger,already_in_player_mapping_csv,matched_existing,mads-agger,existing_mapping,pogon-szczecin,2025/26,pogon-szczecin,2025/26:pogon-szczecin,Mads AggerPogoń Szczecin,1.0,0,,mapped_but_no_previous_season_ranking,,,,,,,,,,,,,,,,,,,,,,,,,,,,,,,,,,,,,,,,,,,,,,,,
Pogoń Szczecin,pogon-szczecin,Ali H.,matched_existing,hussein-haydar-hussein-ali,matched_existing,hussein-haydar-hussein-ali,already_in_player_mapping_csv,matched_existing,hussein-haydar-hussein-ali,existing_mapping,pogon-szczecin,2025/26,pogon-szczecin,2025/26:pogon-szczecin,Hussein AliPogoń Szczecin,1.0,0,,mapped_but_no_previous_season_ranking,,,,,,,,,,,,,,,,,,,,,,,,,,,,,,,,,,,,,,,,,,,,,,,,
Pogoń Szczecin,pogon-szczecin,Angielski K.,matched_existing,karol-jerzy-angielski,matched_existing,karol-jerzy-angielski,already_in_player_mapping_csv,matched_existing,karol-jerzy-angielski,existing_mapping,pogon-szczecin,2025/26,pogon-szczecin,2025/26:pogon-szczecin,Karol Jerzy AngielskiPogoń Szczecin,1.0,0,,mapped_but_no_previous_season_ranking,,,,,,,,,,,,,,,,,,,,,,,,,,,,,,,,,,,,,,,,,,,,,,,,
Pogoń Szczecin,pogon-szczecin,Bak M.,unresolved,,auto_same_club_history,mateusz-bak,all_flash_tokens_in_slug | suffix_exact | initial_match_any_given_token | same_club_history,matched_auto_same_club_history,mateusz-bak,review_auto_same_club_history,pogon-szczecin,2024/25,,2024/25:pogon-szczecin,Mateusz BąkPogoń Szczecin,0.0,1,2024/25,,Mateusz BąkPogoń Szczecin,pogon-szczecin,0.0,0.0,0.0,0.0,0.0,0.0,0.0,0.0,0.0,0.0,0.0,0.0,0.0,0.0,0.0,0.0,0.0,0.0,0.0,0.0,0.0,0.0,0.0,0.0,0.0,0.0,0.0,0.0,2.0,0.0,1.0,0.0,1.0,2.0,0.0,0.0,0.0,1.0,0.0,0.0,0.0,0.0,0.0,0.0,0.0,0.0
Pogoń Szczecin,pogon-szczecin,Biegański J.,matched_existing,jan-marek-bieganski,matched_existing,jan-marek-bieganski,already_in_player_mapping_csv,matched_existing,jan-marek-bieganski,existing_mapping,pogon-szczecin,2025/26,pogon-szczecin,2025/26:pogon-szczecin,Jan Marek BiegańskiPogoń Szczecin,1.0,0,,mapped_but_no_previous_season_ranking,,,,,,,,,,,,,,,,,,,,,,,,,,,,,,,,,,,,,,,,,,,,,,,,
Pogoń Szczecin,pogon-szczecin,Bochniarz K.,unresolved,,no_candidate,,no_strict_candidate,no_candidate,,review_no_candidate,,,,,,,0,,unmapped_flash_player,,,,,,,,,,,,,,,,,,,,,,,,,,,,,,,,,,,,,,,,,,,,,,,,
Pogoń Szczecin,pogon-szczecin,Brzyski I.,unresolved,,no_candidate,,no_strict_candidate,no_candidate,,review_no_candidate,,,,,,,0,,unmapped_flash_player,,,,,,,,,,,,,,,,,,,,,,,,,,,,,,,,,,,,,,,,,,,,,,,,
Pogoń Szczecin,pogon-szczecin,Cojocaru V.,matched_existing,valentin-alexandru-cojocaru,matched_existing,valentin-alexandru-cojocaru,already_in_player_mapping_csv,matched_existing,valentin-alexandru-cojocaru,existing_mapping,pogon-szczecin,2023/24 | 2024/25 | 2025/26,pogon-szczecin,2023/24:pogon-szczecin | 2024/25:pogon-szczecin | 2025/26:pogon-szczecin,Valentin Alexandru CojocaruPogoń Szczecin,1.0,1,2024/25,,Valentin Alexandru CojocaruPogoń Szczecin,pogon-szczecin,40.0,14.0,196.0,34.0,3060.0,13.0,1085.0,0.0,3.0,0.0,103.0,0.0,0.0,0.0,0.0,0.0,0.0,4.0,0.0,18.0,0.0,0.0,0.0,0.0,0.0,0.0,1.0,0.0,3060.0,1.0,1085.0,0.0,96.0,281.0,1.0,43.0,0.0,0.0,0.0,0.0,1.0,36.0,0.1,0.0,0.0,0.0
Pogoń Szczecin,pogon-szczecin,Cuic F.,matched_existing,filip-cuic,matched_existing,filip-cuic,already_in_player_mapping_csv,matched_existing,filip-cuic,existing_mapping,pogon-szczecin,2025/26,pogon-szczecin,2025/26:pogon-szczecin,Filip ČuićPogoń Szczecin,1.0,0,,mapped_but_no_previous_season_ranking,,,,,,,,,,,,,,,,,,,,,,,,,,,,,,,,,,,,,,,,,,,,,,,,
Pogoń Szczecin,pogon-szczecin,Czapliński J.,matched_existing,jacek-samuel-czaplinski,matched_existing,jacek-samuel-czaplinski,already_in_player_mapping_csv,matched_existing,jacek-samuel-czaplinski,existing_mapping,pogon-szczecin,2025/26,pogon-szczecin,2025/26:pogon-szczecin,Jacek Samuel CzaplińskiPogoń Szczecin,1.0,0,,mapped_but_no_previous_season_ranking,,,,,,,,,,,,,,,,,,,,,,,,,,,,,,,,,,,,,,,,,,,,,,,,
Pogoń Szczecin,pogon-szczecin,Greenwood S.,matched_existing,sam-greenwood,matched_existing,sam-greenwood,already_in_player_mapping_csv,matched_existing,sam-greenwood,existing_mapping,pogon-szczecin,2025/26,pogon-szczecin,2025/26:pogon-szczecin,Sam GreenwoodPogoń Szczecin,1.0,0,,mapped_but_no_previous_season_ranking,,,,,,,,,,,,,,,,,,,,,,,,,,,,,,,,,,,,,,,,,,,,,,,,
Pogoń Szczecin,pogon-szczecin,Grosicki K.,matched_existing,kamil-pawe-grosicki,matched_existing,kamil-pawe-grosicki,already_in_player_mapping_csv,matched_existing,kamil-pawe-grosicki,existing_mapping,pogon-szczecin,2023/24 | 2024/25 | 2025/26,pogon-szczecin,2023/24:pogon-szczecin | 2024/25:pogon-szczecin | 2025/26:pogon-szczecin,Kamil Paweł GrosickiPogoń Szczecin,1.0,1,2024/25,,Kamil Paweł GrosickiPogoń Szczecin,pogon-szczecin,0.0,0.0,0.0,0.0,0.0,0.0,0.0,0.0,0.0,0.0,0.0,10.0,24.0,45.0,12.0,152.0,30.0,60.0,8.0,7.0,7.0,7.0,5.0,0.0,17.0,0.0,76.0,13.0,2688.0,15.0,648.0,0.0,450.0,814.0,15.0,49.0,8.0,118.0,15.0,53.0,21.0,11.0,10.8,7.3,6.9,21.0
Pogoń Szczecin,pogon-szczecin,Huja M.,matched_existing,marian-fernando-huja,matched_existing,marian-fernando-huja,already_in_player_mapping_csv,matched_existing,marian-fernando-huja,existing_mapping,pogon-szczecin,2025/26,pogon-szczecin,2025/26:pogon-szczecin,Marian HujaPogoń Szczecin,1.0,0,,mapped_but_no_previous_season_ranking,,,,,,,,,,,,,,,,,,,,,,,,,,,,,,,,,,,,,,,,,,,,,,,,
Pogoń Szczecin,pogon-szczecin,Jakubowski R.,unresolved,,no_candidate,,no_strict_candidate,no_candidate,,review_no_candidate,,,,,,,0,,unmapped_flash_player,,,,,,,,,,,,,,,,,,,,,,,,,,,,,,,,,,,,,,,,,,,,,,,,
Pogoń Szczecin,pogon-szczecin,Juwara M.,matched_existing,musa-juwara,matched_existing,musa-juwara,already_in_player_mapping_csv,matched_existing,musa-juwara,existing_mapping,pogon-szczecin,2025/26,pogon-szczecin,2025/26:pogon-szczecin,Musa JuwaraPogoń Szczecin,1.0,0,,mapped_but_no_previous_season_ranking,,,,,,,,,,,,,,,,,,,,,,,,,,,,,,,,,,,,,,,,,,,,,,,,
Pogoń Szczecin,pogon-szczecin,Kamiński K.,matched_existing,krzysztof-kaminski,matched_existing,krzysztof-kaminski,already_in_player_mapping_csv,matched_existing,krzysztof-kaminski,existing_mapping,pogon-szczecin | ruch-chorzow,2023/24 | 2025/26,pogon-szczecin,2023/24:ruch-chorzow | 2025/26:pogon-szczecin,Krzysztof KamińskiRuch Chorzów,1.0,0,,mapped_but_no_previous_season_ranking,,,,,,,,,,,,,,,,,,,,,,,,,,,,,,,,,,,,,,,,,,,,,,,,
Pogoń Szczecin,pogon-szczecin,Keramitsis D.,matched_existing,dimitris-keramitsis,matched_existing,dimitris-keramitsis,already_in_player_mapping_csv,matched_existing,dimitris-keramitsis,existing_mapping,pogon-szczecin,2024/25 | 2025/26,pogon-szczecin,2024/25:pogon-szczecin | 2025/26:pogon-szczecin,Dimitris KeramitsisPogoń Szczecin,1.0,1,2024/25,,Dimitris KeramitsisPogoń Szczecin,pogon-szczecin,0.0,0.0,0.0,0.0,0.0,0.0,0.0,0.0,0.0,0.0,0.0,0.0,0.0,0.0,0.0,0.0,0.0,2.0,2.0,1.0,0.0,0.0,0.0,0.0,0.0,0.0,0.0,0.0,294.0,5.0,194.0,0.0,54.0,66.0,5.0,17.0,4.0,0.0,0.0,0.0,0.0,16.0,0.0,0.0,0.0,0.0
Pogoń Szczecin,pogon-szczecin,Kostorz K.,matched_existing,kacper-kostorz,matched_existing,kacper-kostorz,already_in_player_mapping_csv,matched_existing,kacper-kostorz,existing_mapping,pogon-szczecin,2025/26,pogon-szczecin,2025/26:pogon-szczecin,Kacper KostorzPogoń Szczecin,1.0,0,,mapped_but_no_previous_season_ranking,,,,,,,,,,,,,,,,,,,,,,,,,,,,,,,,,,,,,,,,,,,,,,,,
Pogoń Szczecin,pogon-szczecin,Koulouris E.,matched_existing,efthymios-koulouris,matched_existing,efthymios-koulouris,already_in_player_mapping_csv,matched_existing,efthymios-koulouris,existing_mapping,pogon-szczecin,2023/24 | 2024/25 | 2025/26,pogon-szczecin,2023/24:pogon-szczecin | 2024/25:pogon-szczecin | 2025/26:pogon-szczecin,Efthymios KoulourisPogoń Szczecin,1.0,1,2024/25,,Efthymios KoulourisPogoń Szczecin,pogon-szczecin,0.0,0.0,0.0,0.0,0.0,0.0,0.0,0.0,0.0,0.0,0.0,2.0,54.0,64.0,37.0,14.0,1.0,33.0,34.0,45.0,28.0,20.0,27.0,6.0,30.0,7.0,24.0,33.0,2813.0,5.0,666.0,0.0,333.0,491.0,5.0,113.0,8.0,0.0,15.0,84.0,3.0,33.0,1.8,20.7,27.1,24.0
Pogoń Szczecin,pogon-szczecin,Koutris L.,matched_existing,leonardo-pablo-koutris,matched_existing,leonardo-pablo-koutris,already_in_player_mapping_csv,matched_existing,leonardo-pablo-koutris,existing_mapping,pogon-szczecin,2023/24 | 2024/25 | 2025/26,pogon-szczecin,2023/24:pogon-szczecin | 2024/25:pogon-szczecin | 2025/26:pogon-szczecin,Leonárdo Páblo KoútrisPogoń Szczecin,1.0,1,2024/25,,Leonárdo Páblo KoútrisPogoń Szczecin,pogon-szczecin,0.0,0.0,0.0,0.0,0.0,0.0,0.0,0.0,0.0,0.0,0.0,6.0,5.0,33.0,1.0,98.0,22.0,41.0,17.0,40.0,0.0,0.0,0.0,0.0,6.0,0.0,24.0,0.0,2881.0,27.0,1440.0,0.0,614.0,903.0,27.0,132.0,31.0,16.0,4.0,15.0,4.0,83.0,4.4,0.9,0.6,4.0
Pogoń Szczecin,pogon-szczecin,Leo Borges,matched_existing,leonardo-borges-da-silva,matched_existing,leonardo-borges-da-silva,already_in_player_mapping_csv,matched_existing,leonardo-borges-da-silva,existing_mapping,pogon-szczecin,2023/24 | 2024/25 | 2025/26,pogon-szczecin,2023/24:pogon-szczecin | 2024/25:pogon-szczecin | 2025/26:pogon-szczecin,Léo BorgesPogoń Szczecin,1.0,1,2024/25,,Léo BorgesPogoń Szczecin,pogon-szczecin,0.0,0.0,0.0,0.0,0.0,0.0,0.0,0.0,0.0,0.0,0.0,2.0,7.0,50.0,2.0,28.0,10.0,22.0,34.0,8.0,1.0,0.0,1.0,0.0,3.0,0.0,9.0,7.0,2435.0,33.0,1833.0,0.0,539.0,725.0,33.0,111.0,41.0,0.0,0.0,14.0,2.0,132.0,1.8,1.7,2.0,11.0
Pogoń Szczecin,pogon-szczecin,Lis J.,matched_existing,jakub-lis,matched_existing,jakub-lis,already_in_player_mapping_csv,matched_existing,jakub-lis,existing_mapping,pogon-szczecin,2024/25 | 2025/26,pogon-szczecin,2024/25:pogon-szczecin | 2025/26:pogon-szczecin,Jakub LisPogoń Szczecin,1.0,1,2024/25,,Jakub LisPogoń Szczecin,pogon-szczecin,0.0,0.0,0.0,0.0,0.0,0.0,0.0,0.0,0.0,0.0,0.0,0.0,1.0,100.0,0.0,9.0,4.0,5.0,10.0,0.0,0.0,0.0,0.0,0.0,0.0,0.0,2.0,0.0,460.0,2.0,148.0,0.0,72.0,104.0,2.0,17.0,9.0,0.0,0.0,1.0,1.0,23.0,0.4,0.1,0.3,0.0
Pogoń Szczecin,pogon-szczecin,Loncar D.,matched_existing,danijel-loncar,matched_existing,danijel-loncar,already_in_player_mapping_csv,matched_existing,danijel-loncar,existing_mapping,pogon-szczecin,2023/24 | 2024/25 | 2025/26,pogon-szczecin,2023/24:pogon-szczecin | 2024/25:pogon-szczecin | 2025/26:pogon-szczecin,Danijel LončarPogoń Szczecin,1.0,1,2024/25,,Danijel LončarPogoń Szczecin,pogon-szczecin,0.0,0.0,0.0,0.0,0.0,0.0,0.0,0.0,0.0,0.0,0.0,1.0,3.0,33.0,2.0,0.0,0.0,0.0,23.0,4.0,0.0,0.0,0.0,0.0,1.0,0.0,7.0,0.0,1216.0,9.0,725.0,0.0,208.0,270.0,9.0,51.0,15.0,0.0,0.0,9.0,2.0,58.0,1.4,0.7,0.4,3.0
Pogoń Szczecin,pogon-szczecin,Mendy B.,matched_existing,benjamin-mendy,matched_existing,benjamin-mendy,already_in_player_mapping_csv,matched_existing,benjamin-mendy,existing_mapping,pogon-szczecin,2025/26,pogon-szczecin,2025/26:pogon-szczecin,Benjamin MendyPogoń Szczecin,1.0,0,,mapped_but_no_previous_season_ranking,,,,,,,,,,,,,,,,,,,,,,,,,,,,,,,,,,,,,,,,,,,,,,,,
Pogoń Szczecin,pogon-szczecin,Molnar R.,matched_existing,rajmund-molnar,matched_existing,rajmund-molnar,already_in_player_mapping_csv,matched_existing,rajmund-molnar,existing_mapping,pogon-szczecin,2025/26,pogon-szczecin,2025/26:pogon-szczecin,Rajmund MolnárPogoń Szczecin,1.0,0,,mapped_but_no_previous_season_ranking,,,,,,,,,,,,,,,,,,,,,,,,,,,,,,,,,,,,,,,,,,,,,,,,
Pogoń Szczecin,pogon-szczecin,Mukairu P.,matched_existing,paul-omo-mukairu,matched_existing,paul-omo-mukairu,already_in_player_mapping_csv,matched_existing,paul-omo-mukairu,existing_mapping,pogon-szczecin,2025/26,pogon-szczecin,2025/26:pogon-szczecin,Paul Omo MukairuPogoń Szczecin,1.0,0,,mapped_but_no_previous_season_ranking,,,,,,,,,,,,,,,,,,,,,,,,,,,,,,,,,,,,,,,,,,,,,,,,
Pogoń Szczecin,pogon-szczecin,Ndiaye M.,matched_existing,mor-ndiaye,matched_existing,mor-ndiaye,already_in_player_mapping_csv,matched_existing,mor-ndiaye,existing_mapping,pogon-szczecin,2025/26,pogon-szczecin,2025/26:pogon-szczecin,Mor NdiayePogoń Szczecin,1.0,0,,mapped_but_no_previous_season_ranking,,,,,,,,,,,,,,,,,,,,,,,,,,,,,,,,,,,,,,,,,,,,,,,,
Pogoń Szczecin,pogon-szczecin,Paryzek P.,matched_existing,patryk-paryzek,matched_existing,patryk-paryzek,already_in_player_mapping_csv,matched_existing,patryk-paryzek,existing_mapping,pogon-szczecin,2023/24 | 2024/25 | 2025/26,pogon-szczecin,2023/24:pogon-szczecin | 2024/25:pogon-szczecin | 2025/26:pogon-szczecin,Patryk ParyzekPogoń Szczecin,1.0,1,2024/25,,Patryk ParyzekPogoń Szczecin,pogon-szczecin,0.0,0.0,0.0,0.0,0.0,0.0,0.0,0.0,0.0,0.0,0.0,0.0,5.0,71.0,2.0,2.0,0.0,8.0,10.0,7.0,1.0,1.0,1.0,0.0,1.0,0.0,3.0,14.0,337.0,3.0,70.0,0.0,28.0,45.0,3.0,30.0,0.0,0.0,0.0,7.0,1.0,2.0,0.3,1.5,2.0,3.0
Pogoń Szczecin,pogon-szczecin,Peskovic A.,unresolved,,no_candidate,,no_strict_candidate,no_candidate,,review_no_candidate,,,,,,,0,,unmapped_flash_player,,,,,,,,,,,,,,,,,,,,,,,,,,,,,,,,,,,,,,,,,,,,,,,,
Pogoń Szczecin,pogon-szczecin,Pozo J.,matched_existing,jose-angel-pozo-la-rosa,matched_existing,jose-angel-pozo-la-rosa,already_in_player_mapping_csv,matched_existing,jose-angel-pozo-la-rosa,existing_mapping,pogon-szczecin | slask-wroclaw,2024/25 | 2025/26,pogon-szczecin,2024/25:slask-wroclaw | 2025/26:pogon-szczecin,José Ángel Pozo la RosaŚląsk Wrocław,1.0,1,2024/25,,José Ángel Pozo la RosaŚląsk Wrocław,slask-wroclaw,0.0,0.0,0.0,0.0,0.0,0.0,0.0,0.0,0.0,0.0,0.0,1.0,6.0,40.0,0.0,19.0,3.0,38.0,10.0,22.0,1.0,0.0,1.0,0.0,2.0,0.0,27.0,7.0,1240.0,5.0,564.0,0.0,313.0,410.0,5.0,57.0,2.0,3.0,1.0,15.0,6.0,9.0,2.8,1.9,1.9,13.0
Pogoń Szczecin,pogon-szczecin,Przyborek A.,matched_existing,adrian-przyborek,matched_existing,adrian-przyborek,already_in_player_mapping_csv,matched_existing,adrian-przyborek,existing_mapping,pogon-szczecin,2023/24 | 2024/25 | 2025/26,pogon-szczecin,2023/24:pogon-szczecin | 2024/25:pogon-szczecin | 2025/26:pogon-szczecin,Adrian PrzyborekPogoń Szczecin,1.0,1,2024/25,,Adrian PrzyborekPogoń Szczecin,pogon-szczecin,0.0,0.0,0.0,0.0,0.0,0.0,0.0,0.0,0.0,0.0,0.0,1.0,8.0,40.0,4.0,28.0,6.0,27.0,21.0,18.0,1.0,1.0,1.0,0.0,2.0,0.0,23.0,5.0,1428.0,13.0,481.0,0.0,241.0,361.0,13.0,64.0,9.0,0.0,3.0,20.0,2.0,19.0,3.1,2.3,1.8,10.0
Pogoń Szczecin,pogon-szczecin,Rojek S.,unresolved,,no_candidate,,no_strict_candidate,no_candidate,,review_no_candidate,,,,,,,0,,unmapped_flash_player,,,,,,,,,,,,,,,,,,,,,,,,,,,,,,,,,,,,,,,,,,,,,,,,
Pogoń Szczecin,pogon-szczecin,Smoliński K.,matched_existing,kacper-smolinski,matched_existing,kacper-smolinski,already_in_player_mapping_csv,matched_existing,kacper-smolinski,existing_mapping,pogon-szczecin,2023/24 | 2024/25 | 2025/26,pogon-szczecin,2023/24:pogon-szczecin | 2024/25:pogon-szczecin | 2025/26:pogon-szczecin,Kacper SmolińskiPogoń Szczecin,1.0,1,2024/25,,Kacper SmolińskiPogoń Szczecin,pogon-szczecin,0.0,0.0,0.0,0.0,0.0,0.0,0.0,0.0,0.0,0.0,0.0,0.0,0.0,0.0,0.0,4.0,0.0,1.0,6.0,0.0,0.0,0.0,0.0,0.0,0.0,0.0,4.0,0.0,320.0,4.0,155.0,0.0,77.0,112.0,4.0,13.0,3.0,3.0,0.0,1.0,1.0,8.0,0.4,0.1,0.0,1.0
Pogoń Szczecin,pogon-szczecin,Stanowski K.,unresolved,,no_candidate,,no_strict_candidate,no_candidate,,review_no_candidate,,,,,,,0,,unmapped_flash_player,,,,,,,,,,,,,,,,,,,,,,,,,,,,,,,,,,,,,,,,,,,,,,,,
Pogoń Szczecin,pogon-szczecin,Szalai At.,matched_existing,attila-arpad-szalai,matched_existing,attila-arpad-szalai,already_in_player_mapping_csv,matched_existing,attila-arpad-szalai,existing_mapping,pogon-szczecin,2025/26,pogon-szczecin,2025/26:pogon-szczecin,Attila Árpád SzalaiPogoń Szczecin,1.0,0,,mapped_but_no_previous_season_ranking,,,,,,,,,,,,,,,,,,,,,,,,,,,,,,,,,,,,,,,,,,,,,,,,
Pogoń Szczecin,pogon-szczecin,Ulvestad F.,matched_existing,fredrik-stense-ulvestad,matched_existing,fredrik-stense-ulvestad,already_in_player_mapping_csv,matched_existing,fredrik-stense-ulvestad,existing_mapping,pogon-szczecin,2023/24 | 2024/25 | 2025/26,pogon-szczecin,2023/24:pogon-szczecin | 2024/25:pogon-szczecin | 2025/26:pogon-szczecin,Fredrik Stensøe UlvestadPogoń Szczecin,1.0,1,2024/25,,Fredrik Stensøe UlvestadPogoń Szczecin,pogon-szczecin,0.0,0.0,0.0,0.0,0.0,0.0,0.0,0.0,0.0,0.0,0.0,3.0,16.0,50.0,9.0,19.0,5.0,13.0,33.0,38.0,6.0,3.0,6.0,0.0,9.0,0.0,18.0,19.0,2534.0,15.0,1279.0,0.0,611.0,759.0,15.0,137.0,22.0,0.0,0.0,32.0,3.0,42.0,2.1,5.8,5.6,13.0
Pogoń Szczecin,pogon-szczecin,Wahlqvist L.,matched_existing,rolf-linus-wahlqvist-egnell,matched_existing,rolf-linus-wahlqvist-egnell,already_in_player_mapping_csv,matched_existing,rolf-linus-wahlqvist-egnell,existing_mapping,pogon-szczecin,2023/24 | 2024/25 | 2025/26,pogon-szczecin,2023/24:pogon-szczecin | 2024/25:pogon-szczecin | 2025/26:pogon-szczecin,Rolf Linus Wahlqvist EgnellPogoń Szczecin,1.0,1,2024/25,,Rolf Linus Wahlqvist EgnellPogoń Szczecin,pogon-szczecin,0.0,0.0,0.0,0.0,0.0,0.0,0.0,0.0,0.0,0.0,0.0,1.0,7.0,37.0,4.0,39.0,11.0,16.0,38.0,15.0,2.0,1.0,2.0,0.0,3.0,0.0,34.0,11.0,2828.0,28.0,1290.0,0.0,534.0,730.0,28.0,121.0,31.0,0.0,2.0,19.0,7.0,142.0,3.8,2.8,2.8,4.0
Pogoń Szczecin,pogon-szczecin,Wojciechowski M.,matched_existing,maciej-wojciechowski,matched_existing,maciej-wojciechowski,already_in_player_mapping_csv,matched_existing,maciej-wojciechowski,existing_mapping,pogon-szczecin,2025/26,pogon-szczecin,2025/26:pogon-szczecin,Maciej WojciechowskiPogoń Szczecin,1.0,0,,mapped_but_no_previous_season_ranking,,,,,,,,,,,,,,,,,,,,,,,,,,,,,,,,,,,,,,,,,,,,,,,,
Pogoń Szczecin,pogon-szczecin,Ława N.,matched_existing,natan-awa,matched_existing,natan-awa,already_in_player_mapping_csv,matched_existing,natan-awa,existing_mapping,pogon-szczecin,2025/26,pogon-szczecin,2025/26:pogon-szczecin,Natan ŁawaPogoń Szczecin,1.0,0,,mapped_but_no_previous_season_ranking,,,,,,,,,,,,,,,,,,,,,,,,,,,,,,,,,,,,,,,,,,,,,,,,
Radomiak Radom,radomiak-radom,Alves R.,matched_existing,roberto-emanuel-oliveira-alves,matched_existing,roberto-emanuel-oliveira-alves,already_in_player_mapping_csv,matched_existing,roberto-emanuel-oliveira-alves,existing_mapping,radomiak-radom,2023/24 | 2024/25 | 2025/26,radomiak-radom,2023/24:radomiak-radom | 2024/25:radomiak-radom | 2025/26:radomiak-radom,Roberto Emanuel Oliveira AlvesRadomiak Radom,1.0,1,2024/25,,Roberto Emanuel Oliveira AlvesRadomiak Radom,radomiak-radom,0.0,0.0,0.0,0.0,0.0,0.0,0.0,0.0,0.0,0.0,0.0,3.0,3.0,38.0,0.0,33.0,10.0,20.0,33.0,35.0,0.0,0.0,0.0,0.0,3.0,0.0,51.0,0.0,1880.0,23.0,922.0,0.0,536.0,715.0,23.0,90.0,19.0,80.0,0.0,8.0,0.0,23.0,6.5,1.0,1.3,11.0
Radomiak Radom,radomiak-radom,Balde E.,matched_existing,elves-umar-balde,matched_existing,elves-umar-balde,already_in_player_mapping_csv,matched_existing,elves-umar-balde,existing_mapping,radomiak-radom,2025/26,radomiak-radom,2025/26:radomiak-radom,Elves BaldéRadomiak Radom,1.0,0,,mapped_but_no_previous_season_ranking,,,,,,,,,,,,,,,,,,,,,,,,,,,,,,,,,,,,,,,,,,,,,,,,
Radomiak Radom,radomiak-radom,Baro R.,matched_existing,romario-manuel-silva-baro,matched_existing,romario-manuel-silva-baro,already_in_player_mapping_csv,matched_existing,romario-manuel-silva-baro,existing_mapping,radomiak-radom,2025/26,radomiak-radom,2025/26:radomiak-radom,Romário BaróRadomiak Radom,1.0,0,,mapped_but_no_previous_season_ranking,,,,,,,,,,,,,,,,,,,,,,,,,,,,,,,,,,,,,,,,,,,,,,,,
Radomiak Radom,radomiak-radom,Blasco J.,matched_existing,jeremy-damien-blasco,matched_existing,jeremy-damien-blasco,already_in_player_mapping_csv,matched_existing,jeremy-damien-blasco,existing_mapping,radomiak-radom,2025/26,radomiak-radom,2025/26:radomiak-radom,Jérémy Damien BlascoRadomiak Radom,1.0,0,,mapped_but_no_previous_season_ranking,,,,,,,,,,,,,,,,,,,,,,,,,,,,,,,,,,,,,,,,,,,,,,,,
Radomiak Radom,radomiak-radom,Camara I.,matched_existing,ibrahima-camara,matched_existing,ibrahima-camara,already_in_player_mapping_csv,matched_existing,ibrahima-camara,existing_mapping,radomiak-radom,2025/26,radomiak-radom,2025/26:radomiak-radom,Ibrahima CamaráRadomiak Radom,1.0,0,,mapped_but_no_previous_season_ranking,,,,,,,,,,,,,,,,,,,,,,,,,,,,,,,,,,,,,,,,,,,,,,,,
Radomiak Radom,radomiak-radom,Capita,matched_existing,osvaldo-pedro-capemba,matched_existing,osvaldo-pedro-capemba,already_in_player_mapping_csv,matched_existing,osvaldo-pedro-capemba,existing_mapping,radomiak-radom,2024/25 | 2025/26,radomiak-radom,2024/25:radomiak-radom | 2025/26:radomiak-radom,CapitaRadomiak Radom,1.0,1,2024/25,,CapitaRadomiak Radom,radomiak-radom,0.0,0.0,0.0,0.0,0.0,0.0,0.0,0.0,0.0,0.0,0.0,1.0,15.0,58.0,0.0,8.0,1.0,38.0,8.0,16.0,6.0,6.0,5.0,0.0,7.0,0.0,3.0,23.0,831.0,11.0,102.0,0.0,50.0,78.0,11.0,57.0,3.0,0.0,1.0,26.0,0.0,14.0,0.3,4.1,5.5,2.0
Radomiak Radom,radomiak-radom,Cichocki M.,matched_existing,mateusz-cichocki,matched_existing,mateusz-cichocki,already_in_player_mapping_csv,matched_existing,mateusz-cichocki,existing_mapping,radomiak-radom,2023/24 | 2024/25 | 2025/26,radomiak-radom,2023/24:radomiak-radom | 2024/25:radomiak-radom | 2025/26:radomiak-radom,Mateusz CichockiRadomiak Radom,1.0,1,2024/25,,Mateusz CichockiRadomiak Radom,radomiak-radom,0.0,0.0,0.0,0.0,0.0,0.0,0.0,0.0,0.0,0.0,0.0,0.0,1.0,33.0,0.0,0.0,0.0,0.0,3.0,0.0,0.0,0.0,0.0,0.0,0.0,0.0,1.0,0.0,625.0,3.0,299.0,0.0,61.0,76.0,3.0,15.0,7.0,0.0,0.0,3.0,0.0,40.0,0.1,0.4,0.1,2.0
Radomiak Radom,radomiak-radom,Depu,matched_existing,laurindo-dilson-maria-aurelio,matched_existing,laurindo-dilson-maria-aurelio,already_in_player_mapping_csv,matched_existing,laurindo-dilson-maria-aurelio,existing_mapping,radomiak-radom,2025/26,radomiak-radom,2025/26:radomiak-radom,DepúRadomiak Radom,1.0,0,,mapped_but_no_previous_season_ranking,,,,,,,,,,,,,,,,,,,,,,,,,,,,,,,,,,,,,,,,,,,,,,,,
Radomiak Radom,radomiak-radom,Dieguez A.,matched_existing,adrian-dieguez-grande,matched_existing,adrian-dieguez-grande,already_in_player_mapping_csv,matched_existing,adrian-dieguez-grande,existing_mapping,jagiellonia-bialystok | radomiak-radom,2023/24 | 2024/25 | 2025/26,radomiak-radom,2023/24:jagiellonia-bialystok | 2024/25:jagiellonia-bialystok | 2025/26:radomiak-radom,Adrián Diéguez GrandeJagiellonia Białystok,1.0,1,2024/25,,Adrián Diéguez GrandeJagiellonia Białystok,jagiellonia-bialystok,0.0,0.0,0.0,0.0,0.0,0.0,0.0,0.0,0.0,0.0,0.0,2.0,1.0,50.0,1.0,3.0,0.0,3.0,10.0,10.0,0.0,0.0,0.0,0.0,2.0,0.0,4.0,0.0,1302.0,10.0,1147.0,0.0,362.0,482.0,10.0,48.0,15.0,1.0,1.0,2.0,1.0,68.0,1.2,0.4,0.0,0.0
Radomiak Radom,radomiak-radom,Donis C.,matched_existing,christos-donis,matched_existing,christos-donis,already_in_player_mapping_csv,matched_existing,christos-donis,existing_mapping,radomiak-radom,2023/24 | 2024/25 | 2025/26,radomiak-radom,2023/24:radomiak-radom | 2024/25:radomiak-radom | 2025/26:radomiak-radom,Christos DonisRadomiak Radom,1.0,1,2024/25,,Christos DonisRadomiak Radom,radomiak-radom,0.0,0.0,0.0,0.0,0.0,0.0,0.0,0.0,0.0,0.0,0.0,0.0,1.0,17.0,0.0,5.0,0.0,9.0,20.0,22.0,0.0,0.0,0.0,0.0,0.0,0.0,14.0,0.0,1582.0,18.0,656.0,0.0,266.0,356.0,18.0,78.0,22.0,17.0,1.0,6.0,0.0,39.0,1.4,0.6,0.0,1.0
Radomiak Radom,radomiak-radom,Golubickas P.,matched_existing,paulius-golubickas,matched_existing,paulius-golubickas,already_in_player_mapping_csv,matched_existing,paulius-golubickas,existing_mapping,radomiak-radom,2024/25 | 2025/26,radomiak-radom,2024/25:radomiak-radom | 2025/26:radomiak-radom,Paulius GolubickasRadomiak Radom,1.0,1,2024/25,,Paulius GolubickasRadomiak Radom,radomiak-radom,0.0,0.0,0.0,0.0,0.0,0.0,0.0,0.0,0.0,0.0,0.0,1.0,1.0,50.0,0.0,4.0,0.0,1.0,5.0,1.0,0.0,0.0,0.0,0.0,1.0,0.0,0.0,0.0,238.0,2.0,63.0,0.0,29.0,49.0,2.0,10.0,1.0,0.0,0.0,2.0,0.0,6.0,0.3,0.1,0.1,1.0
Radomiak Radom,radomiak-radom,Grzesik J.,matched_existing,jan-grzesik,matched_existing,jan-grzesik,already_in_player_mapping_csv,matched_existing,jan-grzesik,existing_mapping,radomiak-radom,2023/24 | 2024/25 | 2025/26,radomiak-radom,2023/24:radomiak-radom | 2024/25:radomiak-radom | 2025/26:radomiak-radom,Jan GrzesikRadomiak Radom,1.0,1,2024/25,,Jan GrzesikRadomiak Radom,radomiak-radom,0.0,0.0,0.0,0.0,0.0,0.0,0.0,0.0,0.0,0.0,0.0,7.0,12.0,38.0,0.0,64.0,22.0,27.0,37.0,39.0,5.0,5.0,5.0,0.0,12.0,0.0,44.0,16.0,2555.0,17.0,655.0,0.0,313.0,472.0,17.0,135.0,38.0,2.0,6.0,32.0,0.0,85.0,4.7,4.6,4.8,6.0
Radomiak Radom,radomiak-radom,Guilherme,unresolved,,review_needed,guilherme-da-gama-zimovski,all_flash_tokens_in_slug | same_club_history,rejected_manual,,manual_reject_no_current_ekstraklasa_org_data,,,,,,,0,,unmapped_flash_player,,,,,,,,,,,,,,,,,,,,,,,,,,,,,,,,,,,,,,,,,,,,,,,,
Radomiak Radom,radomiak-radom,Jerke M.,unresolved,,no_candidate,,no_strict_candidate,no_candidate,,review_no_candidate,,,,,,,0,,unmapped_flash_player,,,,,,,,,,,,,,,,,,,,,,,,,,,,,,,,,,,,,,,,,,,,,,,,
Radomiak Radom,radomiak-radom,Joao Pedro,matched_existing,joao-pedro-reginaldo,matched_existing,joao-pedro-reginaldo,already_in_player_mapping_csv,matched_existing,joao-pedro-reginaldo,existing_mapping,radomiak-radom,2025/26,radomiak-radom,2025/26:radomiak-radom,João PedroRadomiak Radom,1.0,0,,mapped_but_no_previous_season_ranking,,,,,,,,,,,,,,,,,,,,,,,,,,,,,,,,,,,,,,,,,,,,,,,,
Radomiak Radom,radomiak-radom,Jordao B.,matched_existing,bruno-andre-cavaco-jordao,matched_existing,bruno-andre-cavaco-jordao,already_in_player_mapping_csv,matched_existing,bruno-andre-cavaco-jordao,existing_mapping,radomiak-radom,2023/24 | 2024/25 | 2025/26,radomiak-radom,2023/24:radomiak-radom | 2024/25:radomiak-radom | 2025/26:radomiak-radom,Bruno JordãoRadomiak Radom,1.0,1,2024/25,,Bruno JordãoRadomiak Radom,radomiak-radom,0.0,0.0,0.0,0.0,0.0,0.0,0.0,0.0,0.0,0.0,0.0,0.0,2.0,20.0,0.0,11.0,5.0,32.0,28.0,13.0,0.0,0.0,0.0,0.0,0.0,0.0,16.0,0.0,1466.0,17.0,535.0,0.0,219.0,340.0,17.0,79.0,10.0,13.0,1.0,10.0,0.0,26.0,1.4,1.4,0.1,12.0
Radomiak Radom,radomiak-radom,Kaput M.,matched_existing,micha-kaput,matched_existing,micha-kaput,already_in_player_mapping_csv,matched_existing,micha-kaput,existing_mapping,radomiak-radom,2023/24 | 2025/26,radomiak-radom,2023/24:radomiak-radom | 2025/26:radomiak-radom,Michał KaputRadomiak Radom,1.0,0,,mapped_but_no_previous_season_ranking,,,,,,,,,,,,,,,,,,,,,,,,,,,,,,,,,,,,,,,,,,,,,,,,
Radomiak Radom,radomiak-radom,Kingue S.,matched_existing,steve-kingue,matched_existing,steve-kingue,already_in_player_mapping_csv,matched_existing,steve-kingue,existing_mapping,radomiak-radom,2024/25 | 2025/26,radomiak-radom,2024/25:radomiak-radom | 2025/26:radomiak-radom,Steve KingueRadomiak Radom,1.0,1,2024/25,,Steve KingueRadomiak Radom,radomiak-radom,0.0,0.0,0.0,0.0,0.0,0.0,0.0,0.0,0.0,0.0,0.0,0.0,2.0,25.0,0.0,1.0,1.0,4.0,9.0,4.0,0.0,0.0,0.0,0.0,0.0,0.0,3.0,0.0,962.0,7.0,443.0,0.0,103.0,171.0,7.0,40.0,5.0,0.0,0.0,8.0,0.0,72.0,0.3,0.9,0.5,4.0
Radomiak Radom,radomiak-radom,Koptas W.,unresolved,,auto_same_club_history,wiktor-koptas,all_flash_tokens_in_slug | suffix_exact | initial_match_any_given_token | same_club_history,matched_auto_same_club_history,wiktor-koptas,review_auto_same_club_history,radomiak-radom,2024/25,,2024/25:radomiak-radom,Wiktor KoptasRadomiak Radom,0.0,1,2024/25,,Wiktor KoptasRadomiak Radom,radomiak-radom,8.0,0.0,13.0,3.0,270.0,1.0,64.0,0.0,2.0,0.0,5.0,0.0,0.0,0.0,0.0,0.0,0.0,0.0,0.0,0.0,0.0,0.0,0.0,0.0,0.0,0.0,0.0,0.0,270.0,0.0,64.0,0.0,7.0,16.0,0.0,0.0,0.0,0.0,0.0,0.0,0.0,1.0,0.0,0.0,0.0,0.0
Radomiak Radom,radomiak-radom,Leandro,matched_existing,leandro-rossi-pereira,matched_existing,leandro-rossi-pereira,already_in_player_mapping_csv,matched_existing,leandro-rossi-pereira,existing_mapping,radomiak-radom,2023/24 | 2024/25 | 2025/26,radomiak-radom,2023/24:radomiak-radom | 2024/25:radomiak-radom | 2025/26:radomiak-radom,LeândroRadomiak Radom,1.0,1,2024/25,,LeândroRadomiak Radom,radomiak-radom,0.0,0.0,0.0,0.0,0.0,0.0,0.0,0.0,0.0,0.0,0.0,1.0,3.0,43.0,0.0,9.0,1.0,12.0,9.0,15.0,2.0,2.0,2.0,0.0,3.0,0.0,6.0,29.0,400.0,2.0,119.0,0.0,71.0,94.0,2.0,35.0,4.0,2.0,0.0,7.0,0.0,3.0,0.8,1.1,1.1,2.0
Radomiak Radom,radomiak-radom,Lopes V.,matched_existing,vasco-rafael-fortes-lopes,matched_existing,vasco-rafael-fortes-lopes,already_in_player_mapping_csv,matched_existing,vasco-rafael-fortes-lopes,existing_mapping,radomiak-radom,2025/26,radomiak-radom,2025/26:radomiak-radom,Vasco LopesRadomiak Radom,1.0,0,,mapped_but_no_previous_season_ranking,,,,,,,,,,,,,,,,,,,,,,,,,,,,,,,,,,,,,,,,,,,,,,,,
Radomiak Radom,radomiak-radom,Luquinhas,matched_existing,lucas-lima-linhares,matched_existing,lucas-lima-linhares,already_in_player_mapping_csv,matched_existing,lucas-lima-linhares,existing_mapping,legia-warszawa | radomiak-radom,2024/25 | 2025/26,radomiak-radom,2024/25:legia-warszawa | 2025/26:radomiak-radom,LuquinhasLegia Warszawa,1.0,1,2024/25,,LuquinhasLegia Warszawa,legia-warszawa,0.0,0.0,0.0,0.0,0.0,0.0,0.0,0.0,0.0,0.0,0.0,4.0,11.0,61.0,0.0,11.0,1.0,64.0,20.0,48.0,6.0,4.0,5.0,0.0,10.0,0.0,26.0,33.0,1806.0,17.0,603.0,0.0,385.0,479.0,17.0,121.0,9.0,0.0,2.0,18.0,0.0,11.0,2.6,4.0,4.7,14.0
Radomiak Radom,radomiak-radom,Majchrowicz F.,matched_existing,filip-majchrowicz,matched_existing,filip-majchrowicz,already_in_player_mapping_csv,matched_existing,filip-majchrowicz,existing_mapping,gornik-zabrze | radomiak-radom,2023/24 | 2024/25 | 2025/26,radomiak-radom,2023/24:radomiak-radom | 2024/25:gornik-zabrze | 2025/26:radomiak-radom,Filip MajchrowiczRadomiak Radom,1.0,1,2024/25,,Filip MajchrowiczGórnik Zabrze,gornik-zabrze,12.0,4.0,59.0,12.0,1080.0,12.0,371.0,0.0,3.0,2.0,30.0,0.0,0.0,0.0,0.0,0.0,0.0,0.0,1.0,3.0,0.0,0.0,0.0,0.0,0.0,0.0,0.0,0.0,1080.0,1.0,371.0,0.0,24.0,99.0,1.0,9.0,0.0,0.0,0.0,0.0,0.0,27.0,0.0,0.0,0.0,0.0
Radomiak Radom,radomiak-radom,Markiewicz O.,unresolved,,no_candidate,,no_strict_candidate,no_candidate,,review_no_candidate,,,,,,,0,,unmapped_flash_player,,,,,,,,,,,,,,,,,,,,,,,,,,,,,,,,,,,,,,,,,,,,,,,,
Radomiak Radom,radomiak-radom,Maurides,matched_existing,maurides-roque-junior,matched_existing,maurides-roque-junior,already_in_player_mapping_csv,matched_existing,maurides-roque-junior,existing_mapping,radomiak-radom,2025/26,radomiak-radom,2025/26:radomiak-radom,MauridesRadomiak Radom,1.0,0,,mapped_but_no_previous_season_ranking,,,,,,,,,,,,,,,,,,,,,,,,,,,,,,,,,,,,,,,,,,,,,,,,
Radomiak Radom,radomiak-radom,Molendowski M.,unresolved,,no_candidate,,no_strict_candidate,no_candidate,,review_no_candidate,,,,,,,0,,unmapped_flash_player,,,,,,,,,,,,,,,,,,,,,,,,,,,,,,,,,,,,,,,,,,,,,,,,
Radomiak Radom,radomiak-radom,Niziolek A.,unresolved,,no_candidate,,no_strict_candidate,no_candidate,,review_no_candidate,,,,,,,0,,unmapped_flash_player,,,,,,,,,,,,,,,,,,,,,,,,,,,,,,,,,,,,,,,,,,,,,,,,
Radomiak Radom,radomiak-radom,Soumah S.,matched_existing,salifou-soumah-1,matched_existing,salifou-soumah-1,already_in_player_mapping_csv,matched_existing,salifou-soumah-1,existing_mapping,radomiak-radom,2025/26,radomiak-radom,2025/26:radomiak-radom,Salifou SoumahRadomiak Radom,1.0,0,,mapped_but_no_previous_season_ranking,,,,,,,,,,,,,,,,,,,,,,,,,,,,,,,,,,,,,,,,,,,,,,,,
Radomiak Radom,radomiak-radom,Tapsoba A.,matched_existing,abdoul-fessal-tapsoba,matched_existing,abdoul-fessal-tapsoba,already_in_player_mapping_csv,matched_existing,abdoul-fessal-tapsoba,existing_mapping,radomiak-radom,2024/25 | 2025/26,radomiak-radom,2024/25:radomiak-radom | 2025/26:radomiak-radom,Abdoul Fessal TapsobaRadomiak Radom,1.0,1,2024/25,,Abdoul Fessal TapsobaRadomiak Radom,radomiak-radom,0.0,0.0,0.0,0.0,0.0,0.0,0.0,0.0,0.0,0.0,0.0,2.0,4.0,24.0,0.0,16.0,4.0,34.0,40.0,15.0,1.0,1.0,1.0,0.0,3.0,0.0,11.0,6.0,927.0,8.0,152.0,0.0,86.0,138.0,8.0,69.0,1.0,0.0,10.0,17.0,0.0,6.0,1.3,1.9,1.6,4.0
Radomiak Radom,radomiak-radom,Wilson-Esbrand J.,matched_existing,joshua-darius-kamani-wilson-esbrand,matched_existing,joshua-darius-kamani-wilson-esbrand,already_in_player_mapping_csv,matched_existing,joshua-darius-kamani-wilson-esbrand,existing_mapping,radomiak-radom,2025/26,radomiak-radom,2025/26:radomiak-radom,Joshua Darius Kamani Wilson-EsbrandRadomiak Radom,1.0,0,,mapped_but_no_previous_season_ranking,,,,,,,,,,,,,,,,,,,,,,,,,,,,,,,,,,,,,,,,,,,,,,,,
Radomiak Radom,radomiak-radom,Wolski R.,matched_existing,rafa-wolski,matched_existing,rafa-wolski,already_in_player_mapping_csv,matched_existing,rafa-wolski,existing_mapping,radomiak-radom,2023/24 | 2024/25 | 2025/26,radomiak-radom,2023/24:radomiak-radom | 2024/25:radomiak-radom | 2025/26:radomiak-radom,Rafał WolskiRadomiak Radom,1.0,1,2024/25,,Rafał WolskiRadomiak Radom,radomiak-radom,0.0,0.0,0.0,0.0,0.0,0.0,0.0,0.0,0.0,0.0,0.0,7.0,10.0,42.0,0.0,37.0,6.0,48.0,22.0,37.0,2.0,2.0,2.0,0.0,9.0,0.0,28.0,8.0,1694.0,31.0,518.0,0.0,266.0,427.0,31.0,121.0,19.0,40.0,0.0,24.0,0.0,6.0,3.8,2.6,1.1,13.0
Radomiak Radom,radomiak-radom,Zabicki A.,matched_existing,adam-zabicki,matched_existing,adam-zabicki,already_in_player_mapping_csv,matched_existing,adam-zabicki,existing_mapping,radomiak-radom,2025/26,radomiak-radom,2025/26:radomiak-radom,Adam ŻabickiRadomiak Radom,1.0,0,,mapped_but_no_previous_season_ranking,,,,,,,,,,,,,,,,,,,,,,,,,,,,,,,,,,,,,,,,,,,,,,,,
Radomiak Radom,radomiak-radom,Zie Ouattara,matched_existing,zie-mohamed-ouattara,matched_existing,zie-mohamed-ouattara,already_in_player_mapping_csv,matched_existing,zie-mohamed-ouattara,existing_mapping,radomiak-radom,2024/25 | 2025/26,radomiak-radom,2024/25:radomiak-radom | 2025/26:radomiak-radom,Zié Mohamed OuattaraRadomiak Radom,1.0,1,2024/25,,Zié Mohamed OuattaraRadomiak Radom,radomiak-radom,0.0,0.0,0.0,0.0,0.0,0.0,0.0,0.0,0.0,0.0,0.0,2.0,5.0,38.0,0.0,81.0,31.0,46.0,21.0,14.0,3.0,3.0,3.0,0.0,5.0,0.0,24.0,23.0,2248.0,38.0,1082.0,0.0,459.0,675.0,38.0,125.0,40.0,0.0,1.0,13.0,0.0,62.0,2.5,0.9,1.4,1.0
Raków Częstochowa,rakow-czestochowa,Abraham O.,matched_existing,abraham-emmanuel-ojo,matched_existing,abraham-emmanuel-ojo,already_in_player_mapping_csv,matched_existing,abraham-emmanuel-ojo,existing_mapping,rakow-czestochowa,2025/26,rakow-czestochowa,2025/26:rakow-czestochowa,Abraham Emmanuel OjoRaków Częstochowa,1.0,0,,mapped_but_no_previous_season_ranking,,,,,,,,,,,,,,,,,,,,,,,,,,,,,,,,,,,,,,,,,,,,,,,,
Raków Częstochowa,rakow-czestochowa,Adriano,matched_existing,adriano-luis-amorim-santos,matched_existing,adriano-luis-amorim-santos,already_in_player_mapping_csv,matched_existing,adriano-luis-amorim-santos,existing_mapping,rakow-czestochowa,2024/25 | 2025/26,rakow-czestochowa,2024/25:rakow-czestochowa | 2025/26:rakow-czestochowa,AdrianoRaków Częstochowa,1.0,1,2024/25,,AdrianoRaków Częstochowa,rakow-czestochowa,0.0,0.0,0.0,0.0,0.0,0.0,0.0,0.0,0.0,0.0,0.0,0.0,15.0,56.0,0.0,19.0,5.0,74.0,33.0,59.0,1.0,1.0,1.0,0.0,1.0,0.0,18.0,4.0,2064.0,20.0,504.0,0.0,299.0,401.0,20.0,152.0,14.0,0.0,6.0,27.0,0.0,22.0,1.6,2.8,2.2,9.0
Raków Częstochowa,rakow-czestochowa,Ameyaw M.,matched_existing,michael-ameyaw,matched_existing,michael-ameyaw,already_in_player_mapping_csv,matched_existing,michael-ameyaw,existing_mapping,piast-gliwice | rakow-czestochowa,2023/24 | 2024/25 | 2025/26,rakow-czestochowa,2023/24:piast-gliwice | 2024/25:piast-gliwice | 2025/26:rakow-czestochowa,Michael AmeyawPiast Gliwice,1.0,1,2024/25,,Michael AmeyawPiast Gliwice,piast-gliwice,0.0,0.0,0.0,0.0,0.0,0.0,0.0,0.0,0.0,0.0,0.0,3.0,10.0,45.0,4.0,23.0,8.0,47.0,20.0,21.0,3.0,2.0,3.0,0.0,6.0,0.0,13.0,14.0,1278.0,8.0,370.0,0.0,223.0,287.0,8.0,67.0,6.0,0.0,7.0,22.0,4.0,4.0,1.0,2.1,2.6,5.0
Raków Częstochowa,rakow-czestochowa,Arsenić Z.,matched_existing,zoran-arsenic,matched_existing,zoran-arsenic,already_in_player_mapping_csv,matched_existing,zoran-arsenic,existing_mapping,rakow-czestochowa,2023/24 | 2024/25 | 2025/26,rakow-czestochowa,2023/24:rakow-czestochowa | 2024/25:rakow-czestochowa | 2025/26:rakow-czestochowa,Zoran ArsenićRaków Częstochowa,1.0,1,2024/25,,Zoran ArsenićRaków Częstochowa,rakow-czestochowa,0.0,0.0,0.0,0.0,0.0,0.0,0.0,0.0,0.0,0.0,0.0,1.0,1.0,20.0,0.0,1.0,0.0,8.0,17.0,23.0,1.0,0.0,1.0,0.0,2.0,0.0,6.0,20.0,1700.0,18.0,1077.0,0.0,340.0,414.0,18.0,108.0,34.0,0.0,0.0,5.0,0.0,82.0,0.8,0.5,0.1,0.0
Raków Częstochowa,rakow-czestochowa,Barath P.,matched_existing,peter-barath,matched_existing,peter-barath,already_in_player_mapping_csv,matched_existing,peter-barath,existing_mapping,rakow-czestochowa,2023/24 | 2024/25 | 2025/26,rakow-czestochowa,2023/24:rakow-czestochowa | 2024/25:rakow-czestochowa | 2025/26:rakow-czestochowa,Péter BaráthRaków Częstochowa,1.0,1,2024/25,,Péter BaráthRaków Częstochowa,rakow-czestochowa,0.0,0.0,0.0,0.0,0.0,0.0,0.0,0.0,0.0,0.0,0.0,1.0,4.0,50.0,0.0,11.0,2.0,7.0,14.0,7.0,2.0,1.0,2.0,0.0,3.0,0.0,9.0,25.0,621.0,15.0,372.0,0.0,186.0,240.0,15.0,59.0,10.0,0.0,0.0,8.0,0.0,23.0,0.5,1.1,0.9,4.0
Raków Częstochowa,rakow-czestochowa,Brunes J.,matched_existing,jonatan-braut-brunes,matched_existing,jonatan-braut-brunes,already_in_player_mapping_csv,matched_existing,jonatan-braut-brunes,existing_mapping,rakow-czestochowa,2024/25 | 2025/26,rakow-czestochowa,2024/25:rakow-czestochowa | 2025/26:rakow-czestochowa,Jonatan Braut BrunesRaków Częstochowa,1.0,1,2024/25,,Jonatan Braut BrunesRaków Częstochowa,rakow-czestochowa,0.0,0.0,0.0,0.0,0.0,0.0,0.0,0.0,0.0,0.0,0.0,0.0,22.0,55.0,0.0,2.0,0.0,21.0,14.0,26.0,14.0,10.0,13.0,3.0,14.0,3.0,8.0,35.0,1992.0,4.0,322.0,0.0,141.0,223.0,4.0,78.0,3.0,0.0,8.0,40.0,0.0,20.0,0.7,11.1,10.8,15.0
Raków Częstochowa,rakow-czestochowa,Brusberg I.,matched_existing,isak-oliver-brusberg,matched_existing,isak-oliver-brusberg,already_in_player_mapping_csv,matched_existing,isak-oliver-brusberg,existing_mapping,rakow-czestochowa,2025/26,rakow-czestochowa,2025/26:rakow-czestochowa,Isak Oliver BrusbergRaków Częstochowa,1.0,0,,mapped_but_no_previous_season_ranking,,,,,,,,,,,,,,,,,,,,,,,,,,,,,,,,,,,,,,,,,,,,,,,,
Raków Częstochowa,rakow-czestochowa,Bulat M.,matched_existing,marko-bulat,matched_existing,marko-bulat,already_in_player_mapping_csv,matched_existing,marko-bulat,existing_mapping,rakow-czestochowa,2025/26,rakow-czestochowa,2025/26:rakow-czestochowa,Marko BulatRaków Częstochowa,1.0,0,,mapped_but_no_previous_season_ranking,,,,,,,,,,,,,,,,,,,,,,,,,,,,,,,,,,,,,,,,,,,,,,,,
Raków Częstochowa,rakow-czestochowa,Burkiewicz A.,unresolved,,no_candidate,,no_strict_candidate,no_candidate,,review_no_candidate,,,,,,,0,,unmapped_flash_player,,,,,,,,,,,,,,,,,,,,,,,,,,,,,,,,,,,,,,,,,,,,,,,,
Raków Częstochowa,rakow-czestochowa,Czeremski D.,unresolved,,no_candidate,,no_strict_candidate,no_candidate,,review_no_candidate,,,,,,,0,,unmapped_flash_player,,,,,,,,,,,,,,,,,,,,,,,,,,,,,,,,,,,,,,,,,,,,,,,,
Raków Częstochowa,rakow-czestochowa,Dawidowicz P.,matched_existing,pawe-marek-dawidowicz,matched_existing,pawe-marek-dawidowicz,already_in_player_mapping_csv,matched_existing,pawe-marek-dawidowicz,existing_mapping,rakow-czestochowa,2025/26,rakow-czestochowa,2025/26:rakow-czestochowa,Paweł Marek DawidowiczRaków Częstochowa,1.0,0,,mapped_but_no_previous_season_ranking,,,,,,,,,,,,,,,,,,,,,,,,,,,,,,,,,,,,,,,,,,,,,,,,
Raków Częstochowa,rakow-czestochowa,Diaby-Fadiga L.,matched_existing,mohamed-lamine-diaby-fadiga,matched_existing,mohamed-lamine-diaby-fadiga,already_in_player_mapping_csv,matched_existing,mohamed-lamine-diaby-fadiga,existing_mapping,jagiellonia-bialystok | rakow-czestochowa,2024/25 | 2025/26,rakow-czestochowa,2024/25:jagiellonia-bialystok | 2025/26:rakow-czestochowa,Mohamed Lamine Diaby-FadigaJagiellonia Białystok,1.0,1,2024/25,,Mohamed Lamine Diaby-FadigaJagiellonia Białystok,jagiellonia-bialystok,0.0,0.0,0.0,0.0,0.0,0.0,0.0,0.0,0.0,0.0,0.0,1.0,11.0,33.0,8.0,2.0,1.0,28.0,20.0,17.0,3.0,3.0,3.0,0.0,4.0,0.0,13.0,9.0,854.0,7.0,166.0,0.0,81.0,130.0,7.0,64.0,0.0,0.0,4.0,33.0,2.0,9.0,0.7,5.4,3.2,4.0
Raków Częstochowa,rakow-czestochowa,Diaz J.,unresolved,,auto_same_club_history,jesus-antonio-diaz-gomez,all_flash_tokens_in_slug | initial_match_any_given_token | same_club_history | present_in_target_season,matched_auto_same_club_history,jesus-antonio-diaz-gomez,review_auto_same_club_history,rakow-czestochowa | zagebie-lubin,2024/25 | 2025/26,zagebie-lubin,2024/25:rakow-czestochowa | 2025/26:zagebie-lubin,Jesús Antonio Díaz GómezRaków Częstochowa,0.0,1,2024/25,,Jesús Antonio Díaz GómezRaków Częstochowa,rakow-czestochowa,0.0,0.0,0.0,0.0,0.0,0.0,0.0,0.0,0.0,0.0,0.0,0.0,10.0,56.0,0.0,16.0,1.0,57.0,28.0,20.0,1.0,1.0,1.0,0.0,1.0,0.0,8.0,6.0,779.0,10.0,192.0,0.0,127.0,173.0,10.0,74.0,2.0,4.0,2.0,18.0,0.0,3.0,0.8,1.9,1.3,6.0
Raków Częstochowa,rakow-czestochowa,Ilenic M.,matched_existing,mitja-ilenic,matched_existing,mitja-ilenic,already_in_player_mapping_csv,matched_existing,mitja-ilenic,existing_mapping,rakow-czestochowa,2025/26,rakow-czestochowa,2025/26:rakow-czestochowa,Mitja IleničRaków Częstochowa,1.0,0,,mapped_but_no_previous_season_ranking,,,,,,,,,,,,,,,,,,,,,,,,,,,,,,,,,,,,,,,,,,,,,,,,
Raków Częstochowa,rakow-czestochowa,Kochergin V.,matched_existing,vladyslav-kochergin,matched_existing,vladyslav-kochergin,already_in_player_mapping_csv,matched_existing,vladyslav-kochergin,existing_mapping,rakow-czestochowa,2023/24 | 2024/25 | 2025/26,rakow-czestochowa,2023/24:rakow-czestochowa | 2024/25:rakow-czestochowa | 2025/26:rakow-czestochowa,Vladyslav KocherginRaków Częstochowa,1.0,1,2024/25,,Vladyslav KocherginRaków Częstochowa,rakow-czestochowa,0.0,0.0,0.0,0.0,0.0,0.0,0.0,0.0,0.0,0.0,0.0,5.0,19.0,48.0,0.0,19.0,4.0,49.0,21.0,22.0,5.0,4.0,2.0,0.0,10.0,0.0,58.0,13.0,2627.0,27.0,1437.0,0.0,759.0,1024.0,27.0,86.0,23.0,66.0,1.0,40.0,0.0,28.0,5.2,3.8,3.1,23.0
Raków Częstochowa,rakow-czestochowa,Konstantopoulos A.,matched_existing,apostolos-chrysovalantis-konstantopoulos,matched_existing,apostolos-chrysovalantis-konstantopoulos,already_in_player_mapping_csv,matched_existing,apostolos-chrysovalantis-konstantopoulos,existing_mapping,rakow-czestochowa,2025/26,rakow-czestochowa,2025/26:rakow-czestochowa,Apostolos-Chrysovalantis KonstantopoulosRaków Częstochowa,1.0,0,,mapped_but_no_previous_season_ranking,,,,,,,,,,,,,,,,,,,,,,,,,,,,,,,,,,,,,,,,,,,,,,,,
Raków Częstochowa,rakow-czestochowa,López I.,matched_existing,ivan-lopez-alvarez,matched_existing,ivan-lopez-alvarez,already_in_player_mapping_csv,matched_existing,ivan-lopez-alvarez,existing_mapping,rakow-czestochowa,2023/24 | 2024/25 | 2025/26,rakow-czestochowa,2023/24:rakow-czestochowa | 2024/25:rakow-czestochowa | 2025/26:rakow-czestochowa,Ivi LópezRaków Częstochowa,1.0,1,2024/25,,Ivi LópezRaków Częstochowa,rakow-czestochowa,0.0,0.0,0.0,0.0,0.0,0.0,0.0,0.0,0.0,0.0,0.0,7.0,25.0,50.0,0.0,52.0,12.0,52.0,17.0,16.0,8.0,6.0,7.0,1.0,15.0,1.0,36.0,16.0,1777.0,4.0,599.0,0.0,360.0,556.0,4.0,62.0,5.0,77.0,5.0,50.0,0.0,6.0,2.8,5.6,7.0,20.0
Raków Częstochowa,rakow-czestochowa,Makuch P.,matched_existing,patryk-makuch,matched_existing,patryk-makuch,already_in_player_mapping_csv,matched_existing,patryk-makuch,existing_mapping,cracovia | rakow-czestochowa,2023/24 | 2024/25 | 2025/26,rakow-czestochowa,2023/24:cracovia | 2024/25:rakow-czestochowa | 2025/26:rakow-czestochowa,Patryk MakuchCracovia,1.0,1,2024/25,,Patryk MakuchRaków Częstochowa,rakow-czestochowa,0.0,0.0,0.0,0.0,0.0,0.0,0.0,0.0,0.0,0.0,0.0,2.0,7.0,33.0,0.0,8.0,1.0,13.0,24.0,26.0,3.0,3.0,3.0,0.0,5.0,1.0,10.0,14.0,1079.0,8.0,234.0,0.0,105.0,202.0,8.0,124.0,3.0,0.0,5.0,21.0,0.0,10.0,1.0,3.2,2.5,8.0
Raków Częstochowa,rakow-czestochowa,Mircetic B.,matched_existing,bogdan-mircetic,matched_existing,bogdan-mircetic,already_in_player_mapping_csv,matched_existing,bogdan-mircetic,existing_mapping,rakow-czestochowa,2025/26,rakow-czestochowa,2025/26:rakow-czestochowa,Bogdan MirčetićRaków Częstochowa,1.0,0,,mapped_but_no_previous_season_ranking,,,,,,,,,,,,,,,,,,,,,,,,,,,,,,,,,,,,,,,,,,,,,,,,
Raków Częstochowa,rakow-czestochowa,Mosór A.,matched_existing,ariel-pawe-mosor,matched_existing,ariel-pawe-mosor,already_in_player_mapping_csv,matched_existing,ariel-pawe-mosor,existing_mapping,piast-gliwice | rakow-czestochowa,2023/24 | 2024/25 | 2025/26,rakow-czestochowa,2023/24:piast-gliwice | 2024/25:piast-gliwice | 2025/26:rakow-czestochowa,Ariel Paweł MosórPiast Gliwice,1.0,1,2024/25,,Ariel Paweł MosórPiast Gliwice,piast-gliwice,0.0,0.0,0.0,0.0,0.0,0.0,0.0,0.0,0.0,0.0,0.0,0.0,2.0,67.0,1.0,1.0,1.0,2.0,9.0,12.0,1.0,0.0,1.0,0.0,1.0,0.0,2.0,33.0,971.0,6.0,517.0,0.0,148.0,204.0,6.0,54.0,9.0,0.0,0.0,3.0,0.0,37.0,0.1,0.9,0.9,2.0
Raków Częstochowa,rakow-czestochowa,Mądrzyk J.,unresolved,,auto_transfer_candidate,jakub-madrzyk,all_flash_tokens_in_slug | suffix_exact | initial_match_any_given_token,matched_auto_transfer_candidate,jakub-madrzyk,review_auto_transfer_candidate,stal-mielec,2024/25,,2024/25:stal-mielec,Jakub MądrzykStal Mielec,0.0,1,2024/25,,Jakub MądrzykStal Mielec,stal-mielec,49.0,4.0,165.0,29.0,2610.0,11.0,942.0,0.0,5.0,0.0,96.0,0.0,0.0,0.0,0.0,0.0,0.0,3.0,0.0,4.0,0.0,0.0,0.0,0.0,0.0,0.0,0.0,0.0,2610.0,0.0,942.0,0.0,67.0,199.0,0.0,14.0,0.0,0.0,0.0,0.0,0.0,26.0,0.0,0.0,0.0,0.0
Raków Częstochowa,rakow-czestochowa,Napieraj J.,unresolved,,no_candidate,,no_strict_candidate,no_candidate,,review_no_candidate,,,,,,,0,,unmapped_flash_player,,,,,,,,,,,,,,,,,,,,,,,,,,,,,,,,,,,,,,,,,,,,,,,,
Raków Częstochowa,rakow-czestochowa,Otieno E.,matched_existing,erick-ouma-otieno,matched_existing,erick-ouma-otieno,already_in_player_mapping_csv,matched_existing,erick-ouma-otieno,existing_mapping,rakow-czestochowa,2023/24 | 2024/25 | 2025/26,rakow-czestochowa,2023/24:rakow-czestochowa | 2024/25:rakow-czestochowa | 2025/26:rakow-czestochowa,Erick Ouma OtienoRaków Częstochowa,1.0,1,2024/25,,Erick Ouma OtienoRaków Częstochowa,rakow-czestochowa,0.0,0.0,0.0,0.0,0.0,0.0,0.0,0.0,0.0,0.0,0.0,4.0,3.0,33.0,0.0,120.0,26.0,37.0,26.0,10.0,1.0,1.0,1.0,0.0,5.0,0.0,14.0,11.0,1455.0,13.0,457.0,0.0,263.0,411.0,13.0,65.0,15.0,1.0,3.0,9.0,0.0,26.0,2.8,0.9,0.7,1.0
Raków Częstochowa,rakow-czestochowa,Pieńko T.,unresolved,,auto_transfer_candidate,tomasz-pienko,all_flash_tokens_in_slug | suffix_exact | initial_match_any_given_token | present_in_target_season,matched_auto_transfer_candidate,tomasz-pienko,review_auto_transfer_candidate,zagebie-lubin,2023/24 | 2024/25 | 2025/26,zagebie-lubin,2023/24:zagebie-lubin | 2024/25:zagebie-lubin | 2025/26:zagebie-lubin,Tomasz PieńkoKGHM Zagłębie Lubin,0.0,1,2024/25,,Tomasz PieńkoKGHM Zagłębie Lubin,zagebie-lubin,0.0,0.0,0.0,0.0,0.0,0.0,0.0,0.0,0.0,0.0,0.0,2.0,32.0,59.0,0.0,60.0,8.0,88.0,26.0,48.0,7.0,5.0,6.0,2.0,9.0,2.0,41.0,13.0,2501.0,16.0,676.0,0.0,353.0,566.0,16.0,164.0,9.0,0.0,9.0,54.0,0.0,20.0,3.6,7.9,9.3,14.0
Raków Częstochowa,rakow-czestochowa,Plavsic S.,matched_existing,sran-plavsic,matched_existing,sran-plavsic,already_in_player_mapping_csv,matched_existing,sran-plavsic,existing_mapping,rakow-czestochowa,2023/24 | 2024/25 | 2025/26,rakow-czestochowa,2023/24:rakow-czestochowa | 2024/25:rakow-czestochowa | 2025/26:rakow-czestochowa,Srđan PlavšićRaków Częstochowa,1.0,1,2024/25,,Srđan PlavšićRaków Częstochowa,rakow-czestochowa,0.0,0.0,0.0,0.0,0.0,0.0,0.0,0.0,0.0,0.0,0.0,0.0,1.0,50.0,0.0,19.0,8.0,10.0,2.0,3.0,0.0,0.0,0.0,0.0,0.0,0.0,4.0,0.0,143.0,8.0,44.0,0.0,32.0,56.0,8.0,17.0,1.0,6.0,0.0,2.0,0.0,2.0,0.6,0.1,0.3,0.0
Raków Częstochowa,rakow-czestochowa,Racovitan B.,matched_existing,bogdan-racovitan,matched_existing,bogdan-racovitan,already_in_player_mapping_csv,matched_existing,bogdan-racovitan,existing_mapping,rakow-czestochowa,2023/24 | 2024/25 | 2025/26,rakow-czestochowa,2023/24:rakow-czestochowa | 2024/25:rakow-czestochowa | 2025/26:rakow-czestochowa,Bogdan RacovițanRaków Częstochowa,1.0,1,2024/25,,Bogdan RacovițanRaków Częstochowa,rakow-czestochowa,0.0,0.0,0.0,0.0,0.0,0.0,0.0,0.0,0.0,0.0,0.0,0.0,2.0,100.0,0.0,2.0,0.0,0.0,1.0,3.0,0.0,0.0,0.0,0.0,0.0,0.0,0.0,0.0,263.0,2.0,139.0,0.0,50.0,71.0,2.0,12.0,2.0,0.0,0.0,2.0,0.0,10.0,0.0,0.3,0.6,0.0
Raków Częstochowa,rakow-czestochowa,Repka O.,matched_existing,oskar-repka,matched_existing,oskar-repka,already_in_player_mapping_csv,matched_existing,oskar-repka,existing_mapping,gks-katowice | rakow-czestochowa,2024/25 | 2025/26,rakow-czestochowa,2024/25:gks-katowice | 2025/26:rakow-czestochowa,Oskar RepkaGKS Katowice,1.0,1,2024/25,,Oskar RepkaGKS Katowice,gks-katowice,0.0,0.0,0.0,0.0,0.0,0.0,0.0,0.0,0.0,0.0,0.0,2.0,15.0,38.0,8.0,7.0,3.0,18.0,23.0,37.0,8.0,3.0,8.0,0.0,10.0,0.0,26.0,20.0,2910.0,22.0,1510.0,0.0,577.0,826.0,22.0,173.0,25.0,0.0,1.0,40.0,1.0,68.0,2.7,5.6,5.2,19.0
Raków Częstochowa,rakow-czestochowa,Rocha L.,matched_existing,jean-carlos-silva-rocha,matched_existing,jean-carlos-silva-rocha,already_in_player_mapping_csv,matched_existing,jean-carlos-silva-rocha,existing_mapping,rakow-czestochowa,2023/24 | 2024/25 | 2025/26,rakow-czestochowa,2023/24:rakow-czestochowa | 2024/25:rakow-czestochowa | 2025/26:rakow-czestochowa,Jean Carlos Silva RochaRaków Częstochowa,1.0,1,2024/25,,Jean Carlos Silva RochaRaków Częstochowa,rakow-czestochowa,0.0,0.0,0.0,0.0,0.0,0.0,0.0,0.0,0.0,0.0,0.0,1.0,14.0,54.0,0.0,110.0,28.0,105.0,27.0,42.0,5.0,4.0,5.0,0.0,6.0,0.0,39.0,19.0,2748.0,33.0,1076.0,0.0,568.0,793.0,33.0,185.0,33.0,3.0,6.0,26.0,0.0,56.0,4.5,2.9,3.8,12.0
Raków Częstochowa,rakow-czestochowa,Rondic I.,matched_existing,imad-rondic,matched_existing,imad-rondic,already_in_player_mapping_csv,matched_existing,imad-rondic,existing_mapping,rakow-czestochowa | widzew-lodz,2023/24 | 2024/25 | 2025/26,rakow-czestochowa,2023/24:widzew-lodz | 2024/25:widzew-lodz | 2025/26:rakow-czestochowa,Imad RondićWidzew Łódź,1.0,1,2024/25,,Imad RondićWidzew Łódź,widzew-lodz,0.0,0.0,0.0,0.0,0.0,0.0,0.0,0.0,0.0,0.0,0.0,2.0,17.0,53.0,0.0,3.0,0.0,26.0,20.0,20.0,9.0,5.0,9.0,2.0,11.0,2.0,14.0,28.0,1513.0,9.0,311.0,0.0,131.0,192.0,9.0,101.0,8.0,0.0,10.0,32.0,0.0,26.0,1.2,7.6,8.5,9.0
Raków Częstochowa,rakow-czestochowa,Seck I.,matched_existing,ibrahima-seck,matched_existing,ibrahima-seck,already_in_player_mapping_csv,matched_existing,ibrahima-seck,existing_mapping,rakow-czestochowa,2024/25 | 2025/26,rakow-czestochowa,2024/25:rakow-czestochowa | 2025/26:rakow-czestochowa,Ibrahima SeckRaków Częstochowa,1.0,1,2024/25,,Ibrahima SeckRaków Częstochowa,rakow-czestochowa,0.0,0.0,0.0,0.0,0.0,0.0,0.0,0.0,0.0,0.0,0.0,0.0,0.0,0.0,0.0,0.0,0.0,0.0,0.0,0.0,0.0,0.0,0.0,0.0,0.0,0.0,0.0,0.0,6.0,0.0,0.0,0.0,0.0,0.0,0.0,0.0,0.0,0.0,0.0,0.0,0.0,0.0,0.0,0.1,0.0,1.0
Raków Częstochowa,rakow-czestochowa,Silva J. C.,unresolved,,review_needed,jean-carlos-silva-rocha,all_flash_tokens_in_slug | initial_match_any_given_token | same_club_history | same_club_target_season,matched_manual_review,jean-carlos-silva-rocha,manual_accept_review_needed,rakow-czestochowa,2023/24 | 2024/25 | 2025/26,rakow-czestochowa,2023/24:rakow-czestochowa | 2024/25:rakow-czestochowa | 2025/26:rakow-czestochowa,Jean Carlos Silva RochaRaków Częstochowa,1.0,1,2024/25,,Jean Carlos Silva RochaRaków Częstochowa,rakow-czestochowa,0.0,0.0,0.0,0.0,0.0,0.0,0.0,0.0,0.0,0.0,0.0,1.0,14.0,54.0,0.0,110.0,28.0,105.0,27.0,42.0,5.0,4.0,5.0,0.0,6.0,0.0,39.0,19.0,2748.0,33.0,1076.0,0.0,568.0,793.0,33.0,185.0,33.0,3.0,6.0,26.0,0.0,56.0,4.5,2.9,3.8,12.0
Raków Częstochowa,rakow-czestochowa,Struski K.,matched_existing,karol-struski,matched_existing,karol-struski,already_in_player_mapping_csv,matched_existing,karol-struski,existing_mapping,rakow-czestochowa,2025/26,rakow-czestochowa,2025/26:rakow-czestochowa,Karol StruskiRaków Częstochowa,1.0,0,,mapped_but_no_previous_season_ranking,,,,,,,,,,,,,,,,,,,,,,,,,,,,,,,,,,,,,,,,,,,,,,,,
Raków Częstochowa,rakow-czestochowa,Svarnas S.,matched_existing,efstratios-svarnas,matched_existing,efstratios-svarnas,already_in_player_mapping_csv,matched_existing,efstratios-svarnas,existing_mapping,rakow-czestochowa,2023/24 | 2024/25 | 2025/26,rakow-czestochowa,2023/24:rakow-czestochowa | 2024/25:rakow-czestochowa | 2025/26:rakow-czestochowa,Efstratios SvarnasRaków Częstochowa,1.0,1,2024/25,,Efstratios SvarnasRaków Częstochowa,rakow-czestochowa,0.0,0.0,0.0,0.0,0.0,0.0,0.0,0.0,0.0,0.0,0.0,0.0,5.0,42.0,0.0,22.0,5.0,9.0,29.0,12.0,2.0,0.0,2.0,0.0,2.0,0.0,7.0,17.0,2503.0,27.0,1556.0,0.0,592.0,724.0,27.0,121.0,44.0,0.0,3.0,12.0,0.0,84.0,1.2,1.1,1.9,0.0
Raków Częstochowa,rakow-czestochowa,Trelowski K.,matched_existing,kacper-trelowski,matched_existing,kacper-trelowski,already_in_player_mapping_csv,matched_existing,kacper-trelowski,existing_mapping,rakow-czestochowa | slask-wroclaw,2023/24 | 2024/25 | 2025/26,rakow-czestochowa,2023/24:slask-wroclaw | 2024/25:rakow-czestochowa | 2025/26:rakow-czestochowa,Kacper TrelowskiŚląsk Wrocław,1.0,1,2024/25,,Kacper TrelowskiRaków Częstochowa,rakow-czestochowa,23.0,17.0,178.0,34.0,3060.0,10.0,886.0,0.0,5.0,2.0,84.0,1.0,0.0,0.0,0.0,0.0,0.0,1.0,0.0,3.0,0.0,0.0,0.0,0.0,1.0,0.0,0.0,0.0,3060.0,1.0,886.0,0.0,118.0,347.0,1.0,12.0,0.0,0.0,0.0,0.0,0.0,32.0,0.3,0.0,0.0,0.0
Raków Częstochowa,rakow-czestochowa,Tudor F.,matched_existing,fran-tudor,matched_existing,fran-tudor,already_in_player_mapping_csv,matched_existing,fran-tudor,existing_mapping,rakow-czestochowa,2023/24 | 2024/25 | 2025/26,rakow-czestochowa,2023/24:rakow-czestochowa | 2024/25:rakow-czestochowa | 2025/26:rakow-czestochowa,Fran TudorRaków Częstochowa,1.0,1,2024/25,,Fran TudorRaków Częstochowa,rakow-czestochowa,0.0,0.0,0.0,0.0,0.0,0.0,0.0,0.0,0.0,0.0,0.0,3.0,1.0,13.0,0.0,63.0,11.0,30.0,27.0,33.0,0.0,0.0,0.0,0.0,3.0,0.0,23.0,0.0,2560.0,25.0,1469.0,0.0,702.0,955.0,25.0,117.0,35.0,10.0,4.0,8.0,0.0,53.0,3.4,0.7,0.0,6.0
Raków Częstochowa,rakow-czestochowa,Zolneczko W.,unresolved,,no_candidate,,no_strict_candidate,no_candidate,,review_no_candidate,,,,,,,0,,unmapped_flash_player,,,,,,,,,,,,,,,,,,,,,,,,,,,,,,,,,,,,,,,,,,,,,,,,
Raków Częstochowa,rakow-czestochowa,Zych O.,matched_existing,oliwier-zych,matched_existing,oliwier-zych,already_in_player_mapping_csv,matched_existing,oliwier-zych,existing_mapping,puszcza-niepolomice | rakow-czestochowa,2023/24 | 2025/26,rakow-czestochowa,2023/24:puszcza-niepolomice | 2025/26:rakow-czestochowa,Oliwier ZychPuszcza Niepołomice,1.0,0,,mapped_but_no_previous_season_ranking,,,,,,,,,,,,,,,,,,,,,,,,,,,,,,,,,,,,,,,,,,,,,,,,
Widzew Łódź,widzew-lodz,Akere S.,matched_existing,samuel-akere,matched_existing,samuel-akere,already_in_player_mapping_csv,matched_existing,samuel-akere,existing_mapping,widzew-lodz,2025/26,widzew-lodz,2025/26:widzew-lodz,Samuel AkereWidzew Łódź,1.0,0,,mapped_but_no_previous_season_ranking,,,,,,,,,,,,,,,,,,,,,,,,,,,,,,,,,,,,,,,,,,,,,,,,
Widzew Łódź,widzew-lodz,Alvarez F.,matched_existing,francisco-javier-alvarez-rodriguez,matched_existing,francisco-javier-alvarez-rodriguez,already_in_player_mapping_csv,matched_existing,francisco-javier-alvarez-rodriguez,existing_mapping,widzew-lodz,2023/24 | 2024/25 | 2025/26,widzew-lodz,2023/24:widzew-lodz | 2024/25:widzew-lodz | 2025/26:widzew-lodz,Francisco Javier Álvarez RodríguezWidzew Łódź,1.0,1,2024/25,,Francisco Javier Álvarez RodríguezWidzew Łódź,widzew-lodz,0.0,0.0,0.0,0.0,0.0,0.0,0.0,0.0,0.0,0.0,0.0,3.0,15.0,41.0,0.0,37.0,7.0,53.0,16.0,49.0,7.0,5.0,3.0,0.0,10.0,0.0,46.0,19.0,2511.0,23.0,1148.0,0.0,521.0,750.0,23.0,121.0,15.0,64.0,1.0,37.0,0.0,49.0,4.8,5.1,4.6,13.0
Widzew Łódź,widzew-lodz,Andreou S.,matched_existing,stelios-andreou,matched_existing,stelios-andreou,already_in_player_mapping_csv,matched_existing,stelios-andreou,existing_mapping,widzew-lodz,2025/26,widzew-lodz,2025/26:widzew-lodz,Stélios AndreouWidzew Łódź,1.0,0,,mapped_but_no_previous_season_ranking,,,,,,,,,,,,,,,,,,,,,,,,,,,,,,,,,,,,,,,,,,,,,,,,
Widzew Łódź,widzew-lodz,Ba P. M.,matched_existing,pape-meissa-ba,matched_existing,pape-meissa-ba,already_in_player_mapping_csv,matched_existing,pape-meissa-ba,existing_mapping,widzew-lodz,2025/26,widzew-lodz,2025/26:widzew-lodz,Pape Meïssa BaWidzew Łódź,1.0,0,,mapped_but_no_previous_season_ranking,,,,,,,,,,,,,,,,,,,,,,,,,,,,,,,,,,,,,,,,,,,,,,,,
Widzew Łódź,widzew-lodz,Baena Perez A.,matched_existing,angel-baena-perez,matched_existing,angel-baena-perez,already_in_player_mapping_csv,matched_existing,angel-baena-perez,existing_mapping,widzew-lodz,2025/26,widzew-lodz,2025/26:widzew-lodz,Ángel Baena PérezWidzew Łódź,1.0,0,,mapped_but_no_previous_season_ranking,,,,,,,,,,,,,,,,,,,,,,,,,,,,,,,,,,,,,,,,,,,,,,,,
Widzew Łódź,widzew-lodz,Bergier S.,matched_existing,sebastian-bergier,matched_existing,sebastian-bergier,already_in_player_mapping_csv,matched_existing,sebastian-bergier,existing_mapping,gks-katowice | widzew-lodz,2024/25 | 2025/26,widzew-lodz,2024/25:gks-katowice | 2025/26:widzew-lodz,Sebastian BergierGKS Katowice,1.0,1,2024/25,,Sebastian BergierGKS Katowice,gks-katowice,0.0,0.0,0.0,0.0,0.0,0.0,0.0,0.0,0.0,0.0,0.0,3.0,22.0,48.0,18.0,6.0,1.0,19.0,29.0,24.0,9.0,8.0,9.0,0.0,12.0,0.0,10.0,20.0,1287.0,2.0,264.0,0.0,121.0,182.0,2.0,68.0,6.0,0.0,8.0,46.0,4.0,21.0,1.5,7.9,8.8,9.0
Widzew Łódź,widzew-lodz,Bukari O.,matched_existing,osman-bukari,matched_existing,osman-bukari,already_in_player_mapping_csv,matched_existing,osman-bukari,existing_mapping,widzew-lodz,2025/26,widzew-lodz,2025/26:widzew-lodz,Osman BukariWidzew Łódź,1.0,0,,mapped_but_no_previous_season_ranking,,,,,,,,,,,,,,,,,,,,,,,,,,,,,,,,,,,,,,,,,,,,,,,,
Widzew Łódź,widzew-lodz,Cheng C.,matched_existing,christopher-cheng,matched_existing,christopher-cheng,already_in_player_mapping_csv,matched_existing,christopher-cheng,existing_mapping,widzew-lodz,2025/26,widzew-lodz,2025/26:widzew-lodz,Christopher ChengWidzew Łódź,1.0,0,,mapped_but_no_previous_season_ranking,,,,,,,,,,,,,,,,,,,,,,,,,,,,,,,,,,,,,,,,,,,,,,,,
Widzew Łódź,widzew-lodz,Cybulski K.,matched_existing,kamil-cybulski,matched_existing,kamil-cybulski,already_in_player_mapping_csv,matched_existing,kamil-cybulski,existing_mapping,widzew-lodz,2023/24 | 2024/25 | 2025/26,widzew-lodz,2023/24:widzew-lodz | 2024/25:widzew-lodz | 2025/26:widzew-lodz,Kamil CybulskiWidzew Łódź,1.0,1,2024/25,,Kamil CybulskiWidzew Łódź,widzew-lodz,0.0,0.0,0.0,0.0,0.0,0.0,0.0,0.0,0.0,0.0,0.0,1.0,9.0,50.0,0.0,38.0,8.0,35.0,10.0,28.0,1.0,1.0,1.0,0.0,2.0,0.0,12.0,6.0,1429.0,9.0,280.0,0.0,163.0,249.0,9.0,61.0,10.0,0.0,7.0,18.0,0.0,4.0,1.3,1.9,2.6,8.0
Widzew Łódź,widzew-lodz,Czyż S.,matched_existing,szymon-czyz,matched_existing,szymon-czyz,already_in_player_mapping_csv,matched_existing,szymon-czyz,existing_mapping,widzew-lodz,2024/25 | 2025/26,widzew-lodz,2024/25:widzew-lodz | 2025/26:widzew-lodz,Szymon CzyżWidzew Łódź,1.0,1,2024/25,,Szymon CzyżWidzew Łódź,widzew-lodz,0.0,0.0,0.0,0.0,0.0,0.0,0.0,0.0,0.0,0.0,0.0,0.0,1.0,33.0,0.0,11.0,2.0,8.0,10.0,7.0,0.0,0.0,0.0,0.0,0.0,0.0,7.0,0.0,706.0,8.0,234.0,0.0,92.0,130.0,8.0,30.0,8.0,2.0,0.0,3.0,0.0,13.0,0.9,0.3,0.1,3.0
Widzew Łódź,widzew-lodz,Drągowski B.,matched_existing,bartomiej-dragowski,matched_existing,bartomiej-dragowski,already_in_player_mapping_csv,matched_existing,bartomiej-dragowski,existing_mapping,widzew-lodz,2025/26,widzew-lodz,2025/26:widzew-lodz,Bartłomiej DrągowskiWidzew Łódź,1.0,0,,mapped_but_no_previous_season_ranking,,,,,,,,,,,,,,,,,,,,,,,,,,,,,,,,,,,,,,,,,,,,,,,,
Widzew Łódź,widzew-lodz,Fornalczyk M.,matched_existing,mariusz-fornalczyk,matched_existing,mariusz-fornalczyk,already_in_player_mapping_csv,matched_existing,mariusz-fornalczyk,existing_mapping,korona-kielce | pogon-szczecin | widzew-lodz,2023/24 | 2024/25 | 2025/26,widzew-lodz,2023/24:pogon-szczecin | 2024/25:korona-kielce | 2025/26:widzew-lodz,Mariusz FornalczykPogoń Szczecin,1.0,1,2024/25,,Mariusz FornalczykKorona Kielce,korona-kielce,0.0,0.0,0.0,0.0,0.0,0.0,0.0,0.0,0.0,0.0,0.0,3.0,24.0,46.0,0.0,49.0,6.0,112.0,27.0,64.0,4.0,4.0,2.0,0.0,7.0,0.0,30.0,8.0,2257.0,17.0,481.0,0.0,242.0,388.0,17.0,156.0,10.0,2.0,7.0,52.0,0.0,10.0,3.7,3.7,4.2,18.0
Widzew Łódź,widzew-lodz,Gallapeni D.,matched_existing,dion-gallapeni,matched_existing,dion-gallapeni,already_in_player_mapping_csv,matched_existing,dion-gallapeni,existing_mapping,widzew-lodz,2025/26,widzew-lodz,2025/26:widzew-lodz,Dion GallapeniWidzew Łódź,1.0,0,,mapped_but_no_previous_season_ranking,,,,,,,,,,,,,,,,,,,,,,,,,,,,,,,,,,,,,,,,,,,,,,,,
Widzew Łódź,widzew-lodz,Gikiewicz R.,unresolved,,auto_same_club_history,rafa-tadeusz-gikiewicz,all_flash_tokens_in_slug | suffix_exact | initial_match_any_given_token | same_club_history | present_in_target_season,matched_auto_same_club_history,rafa-tadeusz-gikiewicz,review_auto_same_club_history,widzew-lodz | zagebie-lubin,2023/24 | 2024/25 | 2025/26,zagebie-lubin,2023/24:widzew-lodz | 2024/25:widzew-lodz | 2025/26:zagebie-lubin,Rafał Tadeusz GikiewiczWidzew Łódź,0.0,1,2024/25,,Rafał Tadeusz GikiewiczWidzew Łódź,widzew-lodz,49.0,8.0,191.0,34.0,3060.0,9.0,1401.0,0.0,9.0,1.0,94.0,0.0,0.0,0.0,0.0,0.0,0.0,0.0,0.0,3.0,0.0,0.0,0.0,0.0,0.0,0.0,1.0,0.0,3060.0,1.0,1401.0,0.0,76.0,214.0,1.0,9.0,0.0,0.0,0.0,0.0,0.0,28.0,0.1,0.0,0.0,0.0
Widzew Łódź,widzew-lodz,Hanousek Mar.,matched_existing,marek-hanousek,matched_existing,marek-hanousek,already_in_player_mapping_csv,matched_existing,marek-hanousek,existing_mapping,widzew-lodz,2023/24 | 2024/25 | 2025/26,widzew-lodz,2023/24:widzew-lodz | 2024/25:widzew-lodz | 2025/26:widzew-lodz,Marek HanousekWidzew Łódź,1.0,1,2024/25,,Marek HanousekWidzew Łódź,widzew-lodz,0.0,0.0,0.0,0.0,0.0,0.0,0.0,0.0,0.0,0.0,0.0,1.0,1.0,13.0,0.0,3.0,0.0,4.0,27.0,10.0,0.0,0.0,0.0,0.0,1.0,0.0,7.0,0.0,1775.0,34.0,751.0,0.0,319.0,377.0,34.0,95.0,14.0,0.0,1.0,8.0,0.0,40.0,0.5,0.7,0.0,6.0
Widzew Łódź,widzew-lodz,Ilic V.,matched_existing,veljko-ilic,matched_existing,veljko-ilic,already_in_player_mapping_csv,matched_existing,veljko-ilic,existing_mapping,widzew-lodz,2025/26,widzew-lodz,2025/26:widzew-lodz,Veljko IlićWidzew Łódź,1.0,0,,mapped_but_no_previous_season_ranking,,,,,,,,,,,,,,,,,,,,,,,,,,,,,,,,,,,,,,,,,,,,,,,,
Widzew Łódź,widzew-lodz,Isaac C.,matched_existing,carlos-isaac-munoz-obejero,matched_existing,carlos-isaac-munoz-obejero,already_in_player_mapping_csv,matched_existing,carlos-isaac-munoz-obejero,existing_mapping,widzew-lodz,2025/26,widzew-lodz,2025/26:widzew-lodz,Carlos IsaacWidzew Łódź,1.0,0,,mapped_but_no_previous_season_ranking,,,,,,,,,,,,,,,,,,,,,,,,,,,,,,,,,,,,,,,,,,,,,,,,
Widzew Łódź,widzew-lodz,Kapuadi S.,unresolved,,auto_transfer_candidate,steve-nkanu-kapuadi,all_flash_tokens_in_slug | suffix_exact | initial_match_any_given_token | present_in_target_season,matched_auto_transfer_candidate,steve-nkanu-kapuadi,review_auto_transfer_candidate,legia-warszawa,2023/24 | 2024/25 | 2025/26,legia-warszawa,2023/24:legia-warszawa | 2024/25:legia-warszawa | 2025/26:legia-warszawa,Steve Nkanu KapuadiLegia Warszawa,0.0,1,2024/25,,Steve Nkanu KapuadiLegia Warszawa,legia-warszawa,0.0,0.0,0.0,0.0,0.0,0.0,0.0,0.0,0.0,0.0,0.0,0.0,7.0,54.0,0.0,4.0,1.0,17.0,38.0,4.0,3.0,2.0,3.0,0.0,3.0,0.0,7.0,23.0,2534.0,18.0,1606.0,0.0,549.0,732.0,18.0,116.0,17.0,0.0,0.0,13.0,0.0,110.0,0.6,3.8,3.2,5.0
Widzew Łódź,widzew-lodz,Kikolski M.,matched_existing,maciej-kikolski,matched_existing,maciej-kikolski,already_in_player_mapping_csv,matched_existing,maciej-kikolski,existing_mapping,radomiak-radom | widzew-lodz,2024/25 | 2025/26,widzew-lodz,2024/25:radomiak-radom | 2025/26:widzew-lodz,Maciej KikolskiRadomiak Radom,1.0,1,2024/25,,Maciej KikolskiRadomiak Radom,radomiak-radom,44.0,5.0,196.0,31.0,2790.0,16.0,866.0,0.0,4.0,0.0,88.0,0.0,0.0,0.0,0.0,0.0,0.0,0.0,0.0,8.0,0.0,0.0,0.0,0.0,0.0,0.0,1.0,0.0,2790.0,0.0,866.0,0.0,118.0,353.0,0.0,22.0,0.0,0.0,0.0,0.0,0.0,28.0,0.0,0.0,0.0,0.0
Widzew Łódź,widzew-lodz,Klukowski A.,matched_existing,antoni-klukowski,matched_existing,antoni-klukowski,already_in_player_mapping_csv,matched_existing,antoni-klukowski,existing_mapping,pogon-szczecin | widzew-lodz,2024/25 | 2025/26,widzew-lodz,2024/25:pogon-szczecin | 2025/26:widzew-lodz,Antoni KlukowskiPogoń Szczecin,1.0,1,2024/25,,Antoni KlukowskiPogoń Szczecin,pogon-szczecin,0.0,0.0,0.0,0.0,0.0,0.0,0.0,0.0,0.0,0.0,0.0,0.0,1.0,50.0,1.0,1.0,0.0,0.0,0.0,0.0,0.0,0.0,0.0,0.0,0.0,0.0,0.0,0.0,81.0,1.0,23.0,0.0,11.0,18.0,1.0,2.0,1.0,0.0,0.0,2.0,0.0,6.0,0.0,0.3,0.1,2.0
Widzew Łódź,widzew-lodz,Kornvig E.,matched_existing,emil-nestved-kornvig,matched_existing,emil-nestved-kornvig,already_in_player_mapping_csv,matched_existing,emil-nestved-kornvig,existing_mapping,widzew-lodz,2025/26,widzew-lodz,2025/26:widzew-lodz,Emil Nestved KornvigWidzew Łódź,1.0,0,,mapped_but_no_previous_season_ranking,,,,,,,,,,,,,,,,,,,,,,,,,,,,,,,,,,,,,,,,,,,,,,,,
Widzew Łódź,widzew-lodz,Kozlovsky S.,matched_existing,samuel-kozlovsky,matched_existing,samuel-kozlovsky,already_in_player_mapping_csv,matched_existing,samuel-kozlovsky,existing_mapping,widzew-lodz,2024/25 | 2025/26,widzew-lodz,2024/25:widzew-lodz | 2025/26:widzew-lodz,Samuel KozlovskýWidzew Łódź,1.0,1,2024/25,,Samuel KozlovskýWidzew Łódź,widzew-lodz,0.0,0.0,0.0,0.0,0.0,0.0,0.0,0.0,0.0,0.0,0.0,4.0,3.0,30.0,0.0,56.0,22.0,28.0,23.0,17.0,1.0,1.0,1.0,0.0,5.0,0.0,18.0,10.0,2331.0,28.0,981.0,0.0,384.0,521.0,28.0,114.0,44.0,0.0,0.0,10.0,0.0,95.0,3.3,0.7,0.3,4.0
Widzew Łódź,widzew-lodz,Krajewski M.,matched_existing,marcel-krajewski,matched_existing,marcel-krajewski,already_in_player_mapping_csv,matched_existing,marcel-krajewski,existing_mapping,widzew-lodz,2024/25 | 2025/26,widzew-lodz,2024/25:widzew-lodz | 2025/26:widzew-lodz,Marcel KrajewskiWidzew Łódź,1.0,1,2024/25,,Marcel KrajewskiWidzew Łódź,widzew-lodz,0.0,0.0,0.0,0.0,0.0,0.0,0.0,0.0,0.0,0.0,0.0,2.0,2.0,29.0,0.0,34.0,8.0,28.0,28.0,23.0,1.0,1.0,1.0,0.0,3.0,0.0,7.0,14.0,1503.0,22.0,665.0,0.0,221.0,321.0,22.0,97.0,18.0,0.0,0.0,7.0,0.0,50.0,0.6,0.8,1.0,7.0
Widzew Łódź,widzew-lodz,Krzywanski J.,unresolved,,auto_same_club_history,jan-krzywanski,all_flash_tokens_in_slug | suffix_exact | initial_match_any_given_token | same_club_history,matched_auto_same_club_history,jan-krzywanski,review_auto_same_club_history,widzew-lodz,2023/24,,2023/24:widzew-lodz,Jan KrzywańskiWidzew Łódź,0.0,0,,mapped_but_no_previous_season_ranking,,,,,,,,,,,,,,,,,,,,,,,,,,,,,,,,,,,,,,,,,,,,,,,,
Widzew Łódź,widzew-lodz,Lerager L.,matched_existing,lukas-reiff-lerager,matched_existing,lukas-reiff-lerager,already_in_player_mapping_csv,matched_existing,lukas-reiff-lerager,existing_mapping,widzew-lodz,2025/26,widzew-lodz,2025/26:widzew-lodz,Lukas Reiff LeragerWidzew Łódź,1.0,0,,mapped_but_no_previous_season_ranking,,,,,,,,,,,,,,,,,,,,,,,,,,,,,,,,,,,,,,,,,,,,,,,,
Widzew Łódź,widzew-lodz,Madej L.,unresolved,,auto_same_club_history,leon-madej,all_flash_tokens_in_slug | suffix_exact | initial_match_any_given_token | same_club_history,matched_auto_same_club_history,leon-madej,review_auto_same_club_history,widzew-lodz,2024/25,,2024/25:widzew-lodz,Leon MadejWidzew Łódź,0.0,1,2024/25,,Leon MadejWidzew Łódź,widzew-lodz,0.0,0.0,0.0,0.0,0.0,0.0,0.0,0.0,0.0,0.0,0.0,0.0,0.0,0.0,0.0,0.0,0.0,0.0,1.0,0.0,0.0,0.0,0.0,0.0,0.0,0.0,0.0,0.0,5.0,0.0,5.0,0.0,2.0,3.0,0.0,1.0,0.0,0.0,0.0,0.0,0.0,0.0,0.0,0.0,0.0,0.0
Widzew Łódź,widzew-lodz,Nawrocki K.,unresolved,,no_candidate,,no_strict_candidate,no_candidate,,review_no_candidate,,,,,,,0,,unmapped_flash_player,,,,,,,,,,,,,,,,,,,,,,,,,,,,,,,,,,,,,,,,,,,,,,,,
Widzew Łódź,widzew-lodz,Pawłowski B.,matched_existing,bartomiej-radosaw-pawowski,matched_existing,bartomiej-radosaw-pawowski,already_in_player_mapping_csv,matched_existing,bartomiej-radosaw-pawowski,existing_mapping,widzew-lodz,2023/24 | 2024/25 | 2025/26,widzew-lodz,2023/24:widzew-lodz | 2024/25:widzew-lodz | 2025/26:widzew-lodz,Bartłomiej Radosław PawłowskiWidzew Łódź,1.0,1,2024/25,,Bartłomiej Radosław PawłowskiWidzew Łódź,widzew-lodz,0.0,0.0,0.0,0.0,0.0,0.0,0.0,0.0,0.0,0.0,0.0,0.0,0.0,0.0,0.0,5.0,1.0,10.0,1.0,2.0,0.0,0.0,0.0,0.0,0.0,1.0,2.0,0.0,199.0,4.0,49.0,0.0,20.0,35.0,4.0,12.0,1.0,0.0,0.0,3.0,0.0,3.0,0.5,1.0,0.0,3.0
Widzew Łódź,widzew-lodz,Selahi L.,matched_existing,lindon-selahi,matched_existing,lindon-selahi,already_in_player_mapping_csv,matched_existing,lindon-selahi,existing_mapping,widzew-lodz,2025/26,widzew-lodz,2025/26:widzew-lodz,Lindon SelahiWidzew Łódź,1.0,0,,mapped_but_no_previous_season_ranking,,,,,,,,,,,,,,,,,,,,,,,,,,,,,,,,,,,,,,,,,,,,,,,,
Widzew Łódź,widzew-lodz,Shehu J.,matched_existing,juljan-shehu,matched_existing,juljan-shehu,already_in_player_mapping_csv,matched_existing,juljan-shehu,existing_mapping,widzew-lodz,2023/24 | 2024/25 | 2025/26,widzew-lodz,2023/24:widzew-lodz | 2024/25:widzew-lodz | 2025/26:widzew-lodz,Juljan ShehuWidzew Łódź,1.0,1,2024/25,,Juljan ShehuWidzew Łódź,widzew-lodz,0.0,0.0,0.0,0.0,0.0,0.0,0.0,0.0,0.0,0.0,0.0,0.0,13.0,37.0,0.0,8.0,2.0,53.0,37.0,62.0,4.0,2.0,4.0,0.0,4.0,0.0,20.0,11.0,2303.0,24.0,1146.0,0.0,457.0,557.0,24.0,161.0,32.0,3.0,4.0,35.0,0.0,62.0,1.5,4.3,4.9,12.0
Widzew Łódź,widzew-lodz,Teklic T.,matched_existing,tonio-teklic,matched_existing,tonio-teklic,already_in_player_mapping_csv,matched_existing,tonio-teklic,existing_mapping,widzew-lodz,2025/26,widzew-lodz,2025/26:widzew-lodz,Tonio TeklićWidzew Łódź,1.0,0,,mapped_but_no_previous_season_ranking,,,,,,,,,,,,,,,,,,,,,,,,,,,,,,,,,,,,,,,,,,,,,,,,
Widzew Łódź,widzew-lodz,Therkildsen P.,matched_existing,peter-nysted-therkildsen,matched_existing,peter-nysted-therkildsen,already_in_player_mapping_csv,matched_existing,peter-nysted-therkildsen,existing_mapping,widzew-lodz,2024/25 | 2025/26,widzew-lodz,2024/25:widzew-lodz | 2025/26:widzew-lodz,Peter Nysted TherkildsenWidzew Łódź,1.0,1,2024/25,,Peter Nysted TherkildsenWidzew Łódź,widzew-lodz,0.0,0.0,0.0,0.0,0.0,0.0,0.0,0.0,0.0,0.0,0.0,0.0,0.0,0.0,0.0,19.0,4.0,11.0,13.0,4.0,0.0,0.0,0.0,0.0,0.0,0.0,5.0,0.0,859.0,23.0,370.0,0.0,118.0,184.0,23.0,56.0,12.0,0.0,1.0,4.0,0.0,26.0,0.3,0.4,0.0,2.0
Widzew Łódź,widzew-lodz,Visus R.,matched_existing,ricardo-visus-contreras,matched_existing,ricardo-visus-contreras,already_in_player_mapping_csv,matched_existing,ricardo-visus-contreras,existing_mapping,widzew-lodz,2025/26,widzew-lodz,2025/26:widzew-lodz,Ricardo Visus ContrerasWidzew Łódź,1.0,0,,mapped_but_no_previous_season_ranking,,,,,,,,,,,,,,,,,,,,,,,,,,,,,,,,,,,,,,,,,,,,,,,,
Widzew Łódź,widzew-lodz,Volanakis P.,unresolved,,auto_same_club_history,polydefkis-volanakis,all_flash_tokens_in_slug | suffix_exact | initial_match_any_given_token | same_club_history,matched_auto_same_club_history,polydefkis-volanakis,review_auto_same_club_history,widzew-lodz,2024/25,,2024/25:widzew-lodz,Polydefkis VolanakisWidzew Łódź,0.0,1,2024/25,,Polydefkis VolanakisWidzew Łódź,widzew-lodz,0.0,0.0,0.0,0.0,0.0,0.0,0.0,0.0,0.0,0.0,0.0,0.0,0.0,0.0,0.0,2.0,0.0,4.0,8.0,5.0,0.0,0.0,0.0,0.0,0.0,0.0,2.0,0.0,570.0,4.0,291.0,0.0,46.0,91.0,4.0,27.0,3.0,0.0,0.0,1.0,0.0,31.0,0.1,0.2,0.0,1.0
Widzew Łódź,widzew-lodz,Wiśniewski P.,matched_existing,przemysaw-wisniewski,matched_existing,przemysaw-wisniewski,already_in_player_mapping_csv,matched_existing,przemysaw-wisniewski,existing_mapping,widzew-lodz,2025/26,widzew-lodz,2025/26:widzew-lodz,Przemysław WiśniewskiWidzew Łódź,1.0,0,,mapped_but_no_previous_season_ranking,,,,,,,,,,,,,,,,,,,,,,,,,,,,,,,,,,,,,,,,,,,,,,,,
Widzew Łódź,widzew-lodz,Zeqiri A.,matched_existing,andi-avdi-zeqiri,matched_existing,andi-avdi-zeqiri,already_in_player_mapping_csv,matched_existing,andi-avdi-zeqiri,existing_mapping,widzew-lodz,2025/26,widzew-lodz,2025/26:widzew-lodz,Andi Avdi ZeqiriWidzew Łódź,1.0,0,,mapped_but_no_previous_season_ranking,,,,,,,,,,,,,,,,,,,,,,,,,,,,,,,,,,,,,,,,,,,,,,,,
Widzew Łódź,widzew-lodz,Żyro M.,matched_existing,mateusz-zyro,matched_existing,mateusz-zyro,already_in_player_mapping_csv,matched_existing,mateusz-zyro,existing_mapping,widzew-lodz,2023/24 | 2024/25 | 2025/26,widzew-lodz,2023/24:widzew-lodz | 2024/25:widzew-lodz | 2025/26:widzew-lodz,Mateusz ŻyroWidzew Łódź,1.0,1,2024/25,,Mateusz ŻyroWidzew Łódź,widzew-lodz,0.0,0.0,0.0,0.0,0.0,0.0,0.0,0.0,0.0,0.0,0.0,0.0,5.0,45.0,0.0,11.0,1.0,2.0,20.0,9.0,2.0,0.0,2.0,0.0,2.0,0.0,6.0,18.0,2859.0,26.0,1837.0,0.0,413.0,613.0,26.0,98.0,35.0,0.0,2.0,11.0,0.0,152.0,0.9,1.5,2.1,1.0
Wisła Płock,wisla-plock,Barnowski D.,unresolved,,no_candidate,,no_strict_candidate,no_candidate,,review_no_candidate,,,,,,,0,,unmapped_flash_player,,,,,,,,,,,,,,,,,,,,,,,,,,,,,,,,,,,,,,,,,,,,,,,,
Wisła Płock,wisla-plock,Bokhno M.,matched_existing,matvey-bokhno,matched_existing,matvey-bokhno,already_in_player_mapping_csv,matched_existing,matvey-bokhno,existing_mapping,wisla-plock,2025/26,wisla-plock,2025/26:wisla-plock,Matvey BokhnoWisła Płock,1.0,0,,mapped_but_no_previous_season_ranking,,,,,,,,,,,,,,,,,,,,,,,,,,,,,,,,,,,,,,,,,,,,,,,,
Wisła Płock,wisla-plock,Borowski B.,matched_existing,bartosz-borowski,matched_existing,bartosz-borowski,already_in_player_mapping_csv,matched_existing,bartosz-borowski,existing_mapping,wisla-plock,2025/26,wisla-plock,2025/26:wisla-plock,Bartosz BorowskiWisła Płock,1.0,0,,mapped_but_no_previous_season_ranking,,,,,,,,,,,,,,,,,,,,,,,,,,,,,,,,,,,,,,,,,,,,,,,,
Wisła Płock,wisla-plock,Burek J.,matched_existing,jakub-burek,matched_existing,jakub-burek,already_in_player_mapping_csv,matched_existing,jakub-burek,existing_mapping,wisla-plock,2025/26,wisla-plock,2025/26:wisla-plock,Jakub BurekWisła Płock,1.0,0,,mapped_but_no_previous_season_ranking,,,,,,,,,,,,,,,,,,,,,,,,,,,,,,,,,,,,,,,,,,,,,,,,
Wisła Płock,wisla-plock,Custovic K.,matched_existing,kevin-custovic,matched_existing,kevin-custovic,already_in_player_mapping_csv,matched_existing,kevin-custovic,existing_mapping,wisla-plock,2025/26,wisla-plock,2025/26:wisla-plock,Kevin ČustovićWisła Płock,1.0,0,,mapped_but_no_previous_season_ranking,,,,,,,,,,,,,,,,,,,,,,,,,,,,,,,,,,,,,,,,,,,,,,,,
Wisła Płock,wisla-plock,Djalo M.,matched_existing,matchoi-bobo-djalo,matched_existing,matchoi-bobo-djalo,already_in_player_mapping_csv,matched_existing,matchoi-bobo-djalo,existing_mapping,wisla-plock,2025/26,wisla-plock,2025/26:wisla-plock,Matchoi DjalóWisła Płock,1.0,0,,mapped_but_no_previous_season_ranking,,,,,,,,,,,,,,,,,,,,,,,,,,,,,,,,,,,,,,,,,,,,,,,,
Wisła Płock,wisla-plock,Edmundsson A.,matched_existing,andrias-edmundsson,matched_existing,andrias-edmundsson,already_in_player_mapping_csv,matched_existing,andrias-edmundsson,existing_mapping,wisla-plock,2025/26,wisla-plock,2025/26:wisla-plock,Andrias EdmundssonWisła Płock,1.0,0,,mapped_but_no_previous_season_ranking,,,,,,,,,,,,,,,,,,,,,,,,,,,,,,,,,,,,,,,,,,,,,,,,
Wisła Płock,wisla-plock,Gallapeni D.,unresolved,,auto_transfer_candidate,dion-gallapeni,all_flash_tokens_in_slug | suffix_exact | initial_match_any_given_token | present_in_target_season,matched_auto_transfer_candidate,dion-gallapeni,review_auto_transfer_candidate,widzew-lodz,2025/26,widzew-lodz,2025/26:widzew-lodz,Dion GallapeniWidzew Łódź,0.0,0,,mapped_but_no_previous_season_ranking,,,,,,,,,,,,,,,,,,,,,,,,,,,,,,,,,,,,,,,,,,,,,,,,
Wisła Płock,wisla-plock,Haglind-Sangre M.,matched_existing,gustav-marcus-haglind-sangre,matched_existing,gustav-marcus-haglind-sangre,already_in_player_mapping_csv,matched_existing,gustav-marcus-haglind-sangre,existing_mapping,wisla-plock,2025/26,wisla-plock,2025/26:wisla-plock,Gustav Marcus Haglind-SangréWisła Płock,1.0,0,,mapped_but_no_previous_season_ranking,,,,,,,,,,,,,,,,,,,,,,,,,,,,,,,,,,,,,,,,,,,,,,,,
Wisła Płock,wisla-plock,Hamulic S.,matched_existing,said-hamulic,matched_existing,said-hamulic,already_in_player_mapping_csv,matched_existing,said-hamulic,existing_mapping,widzew-lodz | wisla-plock,2024/25 | 2025/26,wisla-plock,2024/25:widzew-lodz | 2025/26:wisla-plock,Saïd HamulićWidzew Łódź,1.0,1,2024/25,,Saïd HamulićWidzew Łódź,widzew-lodz,0.0,0.0,0.0,0.0,0.0,0.0,0.0,0.0,0.0,0.0,0.0,0.0,4.0,29.0,0.0,4.0,0.0,14.0,6.0,8.0,0.0,0.0,0.0,0.0,0.0,0.0,1.0,0.0,357.0,1.0,45.0,0.0,24.0,40.0,1.0,23.0,0.0,0.0,3.0,14.0,0.0,4.0,0.1,2.6,0.9,5.0
Wisła Płock,wisla-plock,Hiszpański F.,matched_existing,fabian-hiszpanski,matched_existing,fabian-hiszpanski,already_in_player_mapping_csv,matched_existing,fabian-hiszpanski,existing_mapping,wisla-plock,2025/26,wisla-plock,2025/26:wisla-plock,Fabian HiszpańskiWisła Płock,1.0,0,,mapped_but_no_previous_season_ranking,,,,,,,,,,,,,,,,,,,,,,,,,,,,,,,,,,,,,,,,,,,,,,,,
Wisła Płock,wisla-plock,Jimenez J.,matched_existing,jorge-jimenez-rodriguez,matched_existing,jorge-jimenez-rodriguez,already_in_player_mapping_csv,matched_existing,jorge-jimenez-rodriguez,existing_mapping,wisla-plock,2025/26,wisla-plock,2025/26:wisla-plock,Jorge Jiménez RodríguezWisła Płock,1.0,0,,mapped_but_no_previous_season_ranking,,,,,,,,,,,,,,,,,,,,,,,,,,,,,,,,,,,,,,,,,,,,,,,,
Wisła Płock,wisla-plock,Juric D.,matched_existing,deni-juric,matched_existing,deni-juric,already_in_player_mapping_csv,matched_existing,deni-juric,existing_mapping,wisla-plock,2025/26,wisla-plock,2025/26:wisla-plock,Deni JuricWisła Płock,1.0,0,,mapped_but_no_previous_season_ranking,,,,,,,,,,,,,,,,,,,,,,,,,,,,,,,,,,,,,,,,,,,,,,,,
Wisła Płock,wisla-plock,Kalandadze A.,matched_existing,aleksandre-kalandadze,matched_existing,aleksandre-kalandadze,already_in_player_mapping_csv,matched_existing,aleksandre-kalandadze,existing_mapping,wisla-plock,2025/26,wisla-plock,2025/26:wisla-plock,Aleksandre KalandadzeWisła Płock,1.0,0,,mapped_but_no_previous_season_ranking,,,,,,,,,,,,,,,,,,,,,,,,,,,,,,,,,,,,,,,,,,,,,,,,
Wisła Płock,wisla-plock,Kamiński M.,matched_existing,marcin-kaminski,matched_existing,marcin-kaminski,already_in_player_mapping_csv,matched_existing,marcin-kaminski,existing_mapping,wisla-plock,2025/26,wisla-plock,2025/26:wisla-plock,Marcin KamińskiWisła Płock,1.0,0,,mapped_but_no_previous_season_ranking,,,,,,,,,,,,,,,,,,,,,,,,,,,,,,,,,,,,,,,,,,,,,,,,
Wisła Płock,wisla-plock,Karamarko M.,matched_existing,marin-karamarko,matched_existing,marin-karamarko,already_in_player_mapping_csv,matched_existing,marin-karamarko,existing_mapping,wisla-plock,2025/26,wisla-plock,2025/26:wisla-plock,Marin KaramarkoWisła Płock,1.0,0,,mapped_but_no_previous_season_ranking,,,,,,,,,,,,,,,,,,,,,,,,,,,,,,,,,,,,,,,,,,,,,,,,
Wisła Płock,wisla-plock,Krawczyk P.,matched_existing,piotr-krawczyk,matched_existing,piotr-krawczyk,already_in_player_mapping_csv,matched_existing,piotr-krawczyk,existing_mapping,gornik-zabrze | wisla-plock,2023/24 | 2025/26,wisla-plock,2023/24:gornik-zabrze | 2025/26:wisla-plock,Piotr KrawczykGórnik Zabrze,1.0,0,,mapped_but_no_previous_season_ranking,,,,,,,,,,,,,,,,,,,,,,,,,,,,,,,,,,,,,,,,,,,,,,,,
Wisła Płock,wisla-plock,Kuchko G.,unresolved,,no_candidate,,no_strict_candidate,no_candidate,,review_no_candidate,,,,,,,0,,unmapped_flash_player,,,,,,,,,,,,,,,,,,,,,,,,,,,,,,,,,,,,,,,,,,,,,,,,
Wisła Płock,wisla-plock,Kun D.,matched_existing,dominik-kun,matched_existing,dominik-kun,already_in_player_mapping_csv,matched_existing,dominik-kun,existing_mapping,widzew-lodz | wisla-plock,2023/24 | 2025/26,wisla-plock,2023/24:widzew-lodz | 2025/26:wisla-plock,Dominik KunWidzew Łódź,1.0,0,,mapped_but_no_previous_season_ranking,,,,,,,,,,,,,,,,,,,,,,,,,,,,,,,,,,,,,,,,,,,,,,,,
Wisła Płock,wisla-plock,Lecoeuche Q.,matched_existing,quentin-lecoeuche,matched_existing,quentin-lecoeuche,already_in_player_mapping_csv,matched_existing,quentin-lecoeuche,existing_mapping,wisla-plock,2025/26,wisla-plock,2025/26:wisla-plock,Quentin LecoeucheWisła Płock,1.0,0,,mapped_but_no_previous_season_ranking,,,,,,,,,,,,,,,,,,,,,,,,,,,,,,,,,,,,,,,,,,,,,,,,
Wisła Płock,wisla-plock,Lesniewski M.,unresolved,,no_candidate,,no_strict_candidate,no_candidate,,review_no_candidate,,,,,,,0,,unmapped_flash_player,,,,,,,,,,,,,,,,,,,,,,,,,,,,,,,,,,,,,,,,,,,,,,,,
Wisła Płock,wisla-plock,Leszczyński R.,matched_existing,rafa-leszczynski,matched_existing,rafa-leszczynski,already_in_player_mapping_csv,matched_existing,rafa-leszczynski,existing_mapping,slask-wroclaw | wisla-plock,2023/24 | 2024/25 | 2025/26,wisla-plock,2023/24:slask-wroclaw | 2024/25:slask-wroclaw | 2025/26:wisla-plock,Rafał LeszczyńskiŚląsk Wrocław,1.0,1,2024/25,,Rafał LeszczyńskiŚląsk Wrocław,slask-wroclaw,51.0,4.0,180.0,33.0,2970.0,11.0,910.0,0.0,5.0,0.0,113.0,1.0,0.0,0.0,0.0,0.0,0.0,1.0,1.0,13.0,0.0,0.0,0.0,0.0,1.0,0.0,0.0,0.0,2970.0,0.0,910.0,0.0,115.0,407.0,0.0,25.0,0.0,0.0,0.0,0.0,0.0,27.0,0.0,0.0,0.0,0.0
Wisła Płock,wisla-plock,Mijuskovic N.,matched_existing,nemanja-mijuskovic,matched_existing,nemanja-mijuskovic,already_in_player_mapping_csv,matched_existing,nemanja-mijuskovic,existing_mapping,wisla-plock,2025/26,wisla-plock,2025/26:wisla-plock,Nemanja MijuškovićWisła Płock,1.0,0,,mapped_but_no_previous_season_ranking,,,,,,,,,,,,,,,,,,,,,,,,,,,,,,,,,,,,,,,,,,,,,,,,
Wisła Płock,wisla-plock,Nastic B.,matched_existing,bojan-nastic,matched_existing,bojan-nastic,already_in_player_mapping_csv,matched_existing,bojan-nastic,existing_mapping,jagiellonia-bialystok | wisla-plock,2023/24 | 2025/26,wisla-plock,2023/24:jagiellonia-bialystok | 2025/26:wisla-plock,Bojan NastićJagiellonia Białystok,1.0,0,,mapped_but_no_previous_season_ranking,,,,,,,,,,,,,,,,,,,,,,,,,,,,,,,,,,,,,,,,,,,,,,,,
Wisła Płock,wisla-plock,Niarchos G.,matched_existing,giannis-niarchos,matched_existing,giannis-niarchos,already_in_player_mapping_csv,matched_existing,giannis-niarchos,existing_mapping,wisla-plock,2025/26,wisla-plock,2025/26:wisla-plock,Giannis NiarchosWisła Płock,1.0,0,,mapped_but_no_previous_season_ranking,,,,,,,,,,,,,,,,,,,,,,,,,,,,,,,,,,,,,,,,,,,,,,,,
Wisła Płock,wisla-plock,Nowak W.,matched_existing,wiktor-nowak,matched_existing,wiktor-nowak,already_in_player_mapping_csv,matched_existing,wiktor-nowak,existing_mapping,wisla-plock,2025/26,wisla-plock,2025/26:wisla-plock,Wiktor NowakWisła Płock,1.0,0,,mapped_but_no_previous_season_ranking,,,,,,,,,,,,,,,,,,,,,,,,,,,,,,,,,,,,,,,,,,,,,,,,
Wisła Płock,wisla-plock,Pacheco D.,matched_existing,daniel-pacheco-lobato,matched_existing,daniel-pacheco-lobato,already_in_player_mapping_csv,matched_existing,daniel-pacheco-lobato,existing_mapping,gornik-zabrze | wisla-plock,2023/24 | 2025/26,wisla-plock,2023/24:gornik-zabrze | 2025/26:wisla-plock,Dani PachecoGórnik Zabrze,1.0,0,,mapped_but_no_previous_season_ranking,,,,,,,,,,,,,,,,,,,,,,,,,,,,,,,,,,,,,,,,,,,,,,,,
Wisła Płock,wisla-plock,Pomorski K.,matched_existing,krystian-pomorski,matched_existing,krystian-pomorski,already_in_player_mapping_csv,matched_existing,krystian-pomorski,existing_mapping,wisla-plock,2025/26,wisla-plock,2025/26:wisla-plock,Krystian PomorskiWisła Płock,1.0,0,,mapped_but_no_previous_season_ranking,,,,,,,,,,,,,,,,,,,,,,,,,,,,,,,,,,,,,,,,,,,,,,,,
Wisła Płock,wisla-plock,Pruszkowski S.,unresolved,,no_candidate,,no_strict_candidate,no_candidate,,review_no_candidate,,,,,,,0,,unmapped_flash_player,,,,,,,,,,,,,,,,,,,,,,,,,,,,,,,,,,,,,,,,,,,,,,,,
Wisła Płock,wisla-plock,Rogelj Z.,matched_existing,zan-rogelj,matched_existing,zan-rogelj,already_in_player_mapping_csv,matched_existing,zan-rogelj,existing_mapping,wisla-plock,2025/26,wisla-plock,2025/26:wisla-plock,Žan RogeljWisła Płock,1.0,0,,mapped_but_no_previous_season_ranking,,,,,,,,,,,,,,,,,,,,,,,,,,,,,,,,,,,,,,,,,,,,,,,,
Wisła Płock,wisla-plock,Rogowski N.,unresolved,,no_candidate,,no_strict_candidate,no_candidate,,review_no_candidate,,,,,,,0,,unmapped_flash_player,,,,,,,,,,,,,,,,,,,,,,,,,,,,,,,,,,,,,,,,,,,,,,,,
Wisła Płock,wisla-plock,Salvador I.,matched_existing,ivan-salvador-edu,matched_existing,ivan-salvador-edu,already_in_player_mapping_csv,matched_existing,ivan-salvador-edu,existing_mapping,wisla-plock,2025/26,wisla-plock,2025/26:wisla-plock,Iván Salvador EdúWisła Płock,1.0,0,,mapped_but_no_previous_season_ranking,,,,,,,,,,,,,,,,,,,,,,,,,,,,,,,,,,,,,,,,,,,,,,,,
Wisła Płock,wisla-plock,Sarapata D.,matched_existing,dominik-sarapata,matched_existing,dominik-sarapata,already_in_player_mapping_csv,matched_existing,dominik-sarapata,existing_mapping,gornik-zabrze | wisla-plock,2024/25 | 2025/26,wisla-plock,2024/25:gornik-zabrze | 2025/26:wisla-plock,Dominik SarapataGórnik Zabrze,1.0,1,2024/25,,Dominik SarapataGórnik Zabrze,gornik-zabrze,0.0,0.0,0.0,0.0,0.0,0.0,0.0,0.0,0.0,0.0,0.0,1.0,3.0,43.0,2.0,6.0,0.0,36.0,9.0,18.0,1.0,1.0,1.0,0.0,2.0,0.0,11.0,14.0,1210.0,6.0,558.0,0.0,304.0,356.0,6.0,54.0,10.0,0.0,0.0,7.0,2.0,21.0,1.8,1.1,0.7,5.0
Wisła Płock,wisla-plock,Savvidis K.,matched_existing,kyriakos-savvidis,matched_existing,kyriakos-savvidis,already_in_player_mapping_csv,matched_existing,kyriakos-savvidis,existing_mapping,wisla-plock,2025/26,wisla-plock,2025/26:wisla-plock,Kyriakos SavvidīsWisła Płock,1.0,0,,mapped_but_no_previous_season_ranking,,,,,,,,,,,,,,,,,,,,,,,,,,,,,,,,,,,,,,,,,,,,,,,,
Wisła Płock,wisla-plock,Sekulski L.,matched_existing,ukasz-sekulski,matched_existing,ukasz-sekulski,already_in_player_mapping_csv,matched_existing,ukasz-sekulski,existing_mapping,wisla-plock,2025/26,wisla-plock,2025/26:wisla-plock,Łukasz SekulskiWisła Płock,1.0,0,,mapped_but_no_previous_season_ranking,,,,,,,,,,,,,,,,,,,,,,,,,,,,,,,,,,,,,,,,,,,,,,,,
Wisła Płock,wisla-plock,Tavares T.,matched_existing,tomas-franco-tavares,matched_existing,tomas-franco-tavares,already_in_player_mapping_csv,matched_existing,tomas-franco-tavares,existing_mapping,wisla-plock,2025/26,wisla-plock,2025/26:wisla-plock,Tomás TavaresWisła Płock,1.0,0,,mapped_but_no_previous_season_ranking,,,,,,,,,,,,,,,,,,,,,,,,,,,,,,,,,,,,,,,,,,,,,,,,
Wisła Płock,wisla-plock,Tomczyk O.,unresolved,,no_candidate,,no_strict_candidate,no_candidate,,review_no_candidate,,,,,,,0,,unmapped_flash_player,,,,,,,,,,,,,,,,,,,,,,,,,,,,,,,,,,,,,,,,,,,,,,,,
Wisła Płock,wisla-plock,Zając F.,unresolved,,review_needed,jedrzej-zajac,all_flash_tokens_in_slug | suffix_exact,rejected_manual,,manual_reject_wrong_person_jedrzej_zajac_is_not_f_zajac,,,,,,,0,,unmapped_flash_player,,,,,,,,,,,,,,,,,,,,,,,,,,,,,,,,,,,,,,,,,,,,,,,,
Zagłębie Lubin,zagebie-lubin,Buric J.,matched_existing,jasmin-buric,matched_existing,jasmin-buric,already_in_player_mapping_csv,matched_existing,jasmin-buric,existing_mapping,zagebie-lubin,2023/24 | 2024/25 | 2025/26,zagebie-lubin,2023/24:zagebie-lubin | 2024/25:zagebie-lubin | 2025/26:zagebie-lubin,Jasmin BurićKGHM Zagłębie Lubin,1.0,1,2024/25,,Jasmin BurićKGHM Zagłębie Lubin,zagebie-lubin,6.0,0.0,25.0,4.0,360.0,5.0,116.0,0.0,0.0,0.0,10.0,0.0,0.0,0.0,0.0,0.0,0.0,0.0,0.0,0.0,0.0,0.0,0.0,0.0,0.0,0.0,0.0,0.0,360.0,0.0,116.0,0.0,17.0,68.0,0.0,1.0,0.0,0.0,0.0,0.0,0.0,8.0,0.0,0.0,0.0,0.0
Zagłębie Lubin,zagebie-lubin,Corluka J.,matched_existing,josip-corluka,matched_existing,josip-corluka,already_in_player_mapping_csv,matched_existing,josip-corluka,existing_mapping,zagebie-lubin,2024/25 | 2025/26,zagebie-lubin,2024/25:zagebie-lubin | 2025/26:zagebie-lubin,Josip ĆorlukaKGHM Zagłębie Lubin,1.0,1,2024/25,,Josip ĆorlukaKGHM Zagłębie Lubin,zagebie-lubin,0.0,0.0,0.0,0.0,0.0,0.0,0.0,0.0,0.0,0.0,0.0,0.0,2.0,29.0,0.0,31.0,6.0,4.0,9.0,2.0,0.0,0.0,0.0,0.0,0.0,0.0,9.0,0.0,964.0,13.0,276.0,0.0,101.0,198.0,13.0,42.0,14.0,0.0,2.0,7.0,0.0,42.0,0.8,0.2,0.5,1.0
Zagłębie Lubin,zagebie-lubin,Diaz J.,matched_existing,jesus-antonio-diaz-gomez,matched_existing,jesus-antonio-diaz-gomez,already_in_player_mapping_csv,matched_existing,jesus-antonio-diaz-gomez,existing_mapping,rakow-czestochowa | zagebie-lubin,2024/25 | 2025/26,zagebie-lubin,2024/25:rakow-czestochowa | 2025/26:zagebie-lubin,Jesús Antonio Díaz GómezRaków Częstochowa,1.0,1,2024/25,,Jesús Antonio Díaz GómezRaków Częstochowa,rakow-czestochowa,0.0,0.0,0.0,0.0,0.0,0.0,0.0,0.0,0.0,0.0,0.0,0.0,10.0,56.0,0.0,16.0,1.0,57.0,28.0,20.0,1.0,1.0,1.0,0.0,1.0,0.0,8.0,6.0,779.0,10.0,192.0,0.0,127.0,173.0,10.0,74.0,2.0,4.0,2.0,18.0,0.0,3.0,0.8,1.9,1.3,6.0
Zagłębie Lubin,zagebie-lubin,Dziewiatowski M.,matched_existing,mateusz-dziewiatowski,matched_existing,mateusz-dziewiatowski,already_in_player_mapping_csv,matched_existing,mateusz-dziewiatowski,existing_mapping,zagebie-lubin,2024/25 | 2025/26,zagebie-lubin,2024/25:zagebie-lubin | 2025/26:zagebie-lubin,Mateusz DziewiatowskiKGHM Zagłębie Lubin,1.0,1,2024/25,,Mateusz DziewiatowskiKGHM Zagłębie Lubin,zagebie-lubin,0.0,0.0,0.0,0.0,0.0,0.0,0.0,0.0,0.0,0.0,0.0,0.0,0.0,0.0,0.0,2.0,0.0,2.0,1.0,0.0,0.0,0.0,0.0,0.0,0.0,0.0,0.0,0.0,53.0,0.0,46.0,0.0,21.0,27.0,0.0,2.0,1.0,0.0,0.0,0.0,0.0,1.0,0.0,0.0,0.0,0.0
Zagłębie Lubin,zagebie-lubin,Dąbrowski D.,matched_existing,damian-dabrowski,matched_existing,damian-dabrowski,already_in_player_mapping_csv,matched_existing,damian-dabrowski,existing_mapping,zagebie-lubin,2023/24 | 2024/25 | 2025/26,zagebie-lubin,2023/24:zagebie-lubin | 2024/25:zagebie-lubin | 2025/26:zagebie-lubin,Damian DąbrowskiKGHM Zagłębie Lubin,1.0,1,2024/25,,Damian DąbrowskiKGHM Zagłębie Lubin,zagebie-lubin,0.0,0.0,0.0,0.0,0.0,0.0,0.0,0.0,0.0,0.0,0.0,4.0,7.0,29.0,0.0,33.0,7.0,12.0,29.0,13.0,1.0,1.0,0.0,0.0,5.0,0.0,68.0,4.0,2727.0,43.0,1647.0,0.0,836.0,1162.0,43.0,114.0,38.0,139.0,0.0,24.0,0.0,69.0,5.9,0.9,1.0,9.0
Zagłębie Lubin,zagebie-lubin,Gikiewicz R.,matched_existing,rafa-tadeusz-gikiewicz,matched_existing,rafa-tadeusz-gikiewicz,already_in_player_mapping_csv,matched_existing,rafa-tadeusz-gikiewicz,existing_mapping,widzew-lodz | zagebie-lubin,2023/24 | 2024/25 | 2025/26,zagebie-lubin,2023/24:widzew-lodz | 2024/25:widzew-lodz | 2025/26:zagebie-lubin,Rafał Tadeusz GikiewiczWidzew Łódź,1.0,1,2024/25,,Rafał Tadeusz GikiewiczWidzew Łódź,widzew-lodz,49.0,8.0,191.0,34.0,3060.0,9.0,1401.0,0.0,9.0,1.0,94.0,0.0,0.0,0.0,0.0,0.0,0.0,0.0,0.0,3.0,0.0,0.0,0.0,0.0,0.0,0.0,1.0,0.0,3060.0,1.0,1401.0,0.0,76.0,214.0,1.0,9.0,0.0,0.0,0.0,0.0,0.0,28.0,0.1,0.0,0.0,0.0
Zagłębie Lubin,zagebie-lubin,Grzybek M.,matched_existing,mateusz-grzybek,matched_existing,mateusz-grzybek,already_in_player_mapping_csv,matched_existing,mateusz-grzybek,existing_mapping,zagebie-lubin,2023/24 | 2024/25 | 2025/26,zagebie-lubin,2023/24:zagebie-lubin | 2024/25:zagebie-lubin | 2025/26:zagebie-lubin,Mateusz GrzybekKGHM Zagłębie Lubin,1.0,1,2024/25,,Mateusz GrzybekKGHM Zagłębie Lubin,zagebie-lubin,0.0,0.0,0.0,0.0,0.0,0.0,0.0,0.0,0.0,0.0,0.0,0.0,1.0,25.0,0.0,26.0,4.0,10.0,7.0,13.0,1.0,1.0,1.0,0.0,1.0,0.0,7.0,25.0,824.0,7.0,323.0,0.0,131.0,202.0,7.0,44.0,4.0,0.0,0.0,4.0,0.0,26.0,0.5,0.3,0.5,0.0
Zagłębie Lubin,zagebie-lubin,Hładun D.,matched_existing,dominik-hadun,matched_existing,dominik-hadun,already_in_player_mapping_csv,matched_existing,dominik-hadun,existing_mapping,legia-warszawa | zagebie-lubin,2023/24 | 2024/25 | 2025/26,zagebie-lubin,2023/24:legia-warszawa | 2024/25:zagebie-lubin | 2025/26:zagebie-lubin,Dominik HładunLegia Warszawa,1.0,1,2024/25,,Dominik HładunKGHM Zagłębie Lubin,zagebie-lubin,45.0,6.0,149.0,30.0,2700.0,16.0,749.0,0.0,3.0,0.0,98.0,0.0,0.0,0.0,0.0,0.0,0.0,0.0,0.0,3.0,0.0,0.0,0.0,0.0,0.0,0.0,0.0,0.0,2700.0,0.0,749.0,0.0,93.0,277.0,0.0,14.0,0.0,0.0,0.0,0.0,0.0,30.0,0.0,0.0,0.0,0.0
Zagłębie Lubin,zagebie-lubin,Kocaba F.,matched_existing,filip-kocaba,matched_existing,filip-kocaba,already_in_player_mapping_csv,matched_existing,filip-kocaba,existing_mapping,zagebie-lubin,2023/24 | 2025/26,zagebie-lubin,2023/24:zagebie-lubin | 2025/26:zagebie-lubin,Filip KocabaKGHM Zagłębie Lubin,1.0,0,,mapped_but_no_previous_season_ranking,,,,,,,,,,,,,,,,,,,,,,,,,,,,,,,,,,,,,,,,,,,,,,,,
Zagłębie Lubin,zagebie-lubin,Kolan J.,matched_existing,jakub-kolan,matched_existing,jakub-kolan,already_in_player_mapping_csv,matched_existing,jakub-kolan,existing_mapping,zagebie-lubin,2024/25 | 2025/26,zagebie-lubin,2024/25:zagebie-lubin | 2025/26:zagebie-lubin,Jakub KolanKGHM Zagłębie Lubin,1.0,1,2024/25,,Jakub KolanKGHM Zagłębie Lubin,zagebie-lubin,0.0,0.0,0.0,0.0,0.0,0.0,0.0,0.0,0.0,0.0,0.0,1.0,1.0,9.0,0.0,5.0,3.0,12.0,21.0,22.0,0.0,0.0,0.0,0.0,1.0,0.0,6.0,0.0,928.0,9.0,257.0,0.0,89.0,134.0,9.0,51.0,15.0,0.0,0.0,11.0,0.0,21.0,0.6,0.6,0.0,5.0
Zagłębie Lubin,zagebie-lubin,Kosidis M.,matched_existing,michalis-kosidis,matched_existing,michalis-kosidis,already_in_player_mapping_csv,matched_existing,michalis-kosidis,existing_mapping,puszcza-niepolomice | zagebie-lubin,2024/25 | 2025/26,zagebie-lubin,2024/25:puszcza-niepolomice | 2025/26:zagebie-lubin,Michalis KosidisPuszcza Niepołomice,1.0,1,2024/25,,Michalis KosidisPuszcza Niepołomice,puszcza-niepolomice,0.0,0.0,0.0,0.0,0.0,0.0,0.0,0.0,0.0,0.0,0.0,1.0,14.0,58.0,11.0,5.0,0.0,26.0,38.0,25.0,8.0,6.0,7.0,1.0,9.0,1.0,9.0,33.0,1958.0,4.0,368.0,0.0,138.0,268.0,4.0,137.0,3.0,0.0,10.0,24.0,1.0,38.0,0.7,5.1,5.9,6.0
Zagłębie Lubin,zagebie-lubin,Kowalczyk S.,matched_existing,sebastian-oskar-kowalczyk,matched_existing,sebastian-oskar-kowalczyk,already_in_player_mapping_csv,matched_existing,sebastian-oskar-kowalczyk,existing_mapping,pogon-szczecin | zagebie-lubin,2023/24 | 2025/26,zagebie-lubin,2023/24:pogon-szczecin | 2025/26:zagebie-lubin,Sebastian Oskar KowalczykPogoń Szczecin,1.0,0,,mapped_but_no_previous_season_ranking,,,,,,,,,,,,,,,,,,,,,,,,,,,,,,,,,,,,,,,,,,,,,,,,
Zagłębie Lubin,zagebie-lubin,Kłudka B.,unresolved,,no_candidate,,no_strict_candidate,no_candidate,,review_no_candidate,,,,,,,0,,unmapped_flash_player,,,,,,,,,,,,,,,,,,,,,,,,,,,,,,,,,,,,,,,,,,,,,,,,
Zagłębie Lubin,zagebie-lubin,Ligocki J.,matched_existing,jakub-ligocki,matched_existing,jakub-ligocki,already_in_player_mapping_csv,matched_existing,jakub-ligocki,existing_mapping,zagebie-lubin,2025/26,zagebie-lubin,2025/26:zagebie-lubin,Jakub LigockiKGHM Zagłębie Lubin,1.0,0,,mapped_but_no_previous_season_ranking,,,,,,,,,,,,,,,,,,,,,,,,,,,,,,,,,,,,,,,,,,,,,,,,
Zagłębie Lubin,zagebie-lubin,Lucic L.,matched_existing,luka-lucic,matched_existing,luka-lucic,already_in_player_mapping_csv,matched_existing,luka-lucic,existing_mapping,zagebie-lubin,2025/26,zagebie-lubin,2025/26:zagebie-lubin,Luka LučićKGHM Zagłębie Lubin,1.0,0,,mapped_but_no_previous_season_ranking,,,,,,,,,,,,,,,,,,,,,,,,,,,,,,,,,,,,,,,,,,,,,,,,
Zagłębie Lubin,zagebie-lubin,Makowski T.,matched_existing,tomasz-makowski,matched_existing,tomasz-makowski,already_in_player_mapping_csv,matched_existing,tomasz-makowski,existing_mapping,zagebie-lubin,2023/24 | 2024/25 | 2025/26,zagebie-lubin,2023/24:zagebie-lubin | 2024/25:zagebie-lubin | 2025/26:zagebie-lubin,Tomasz MakowskiKGHM Zagłębie Lubin,1.0,1,2024/25,,Tomasz MakowskiKGHM Zagłębie Lubin,zagebie-lubin,0.0,0.0,0.0,0.0,0.0,0.0,0.0,0.0,0.0,0.0,0.0,0.0,2.0,17.0,0.0,30.0,7.0,25.0,27.0,20.0,0.0,0.0,0.0,0.0,0.0,0.0,19.0,0.0,1311.0,20.0,618.0,0.0,297.0,413.0,20.0,88.0,9.0,0.0,0.0,12.0,0.0,36.0,1.1,1.0,0.2,8.0
Zagłębie Lubin,zagebie-lubin,Marek S.,unresolved,,review_needed,marek-mroz,all_flash_tokens_in_slug | same_club_history | same_club_target_season,rejected_manual,,manual_reject_wrong_person_marek_mroz_is_not_s_marek,,,,,,,0,,unmapped_flash_player,,,,,,,,,,,,,,,,,,,,,,,,,,,,,,,,,,,,,,,,,,,,,,,,
Zagłębie Lubin,zagebie-lubin,Matysek A.,unresolved,,no_candidate,,no_strict_candidate,no_candidate,,review_no_candidate,,,,,,,0,,unmapped_flash_player,,,,,,,,,,,,,,,,,,,,,,,,,,,,,,,,,,,,,,,,,,,,,,,,
Zagłębie Lubin,zagebie-lubin,Michalski D.,matched_existing,damian-michalski,matched_existing,damian-michalski,already_in_player_mapping_csv,matched_existing,damian-michalski,existing_mapping,zagebie-lubin,2024/25 | 2025/26,zagebie-lubin,2024/25:zagebie-lubin | 2025/26:zagebie-lubin,Damian MichalskiKGHM Zagłębie Lubin,1.0,1,2024/25,,Damian MichalskiKGHM Zagłębie Lubin,zagebie-lubin,0.0,0.0,0.0,0.0,0.0,0.0,0.0,0.0,0.0,0.0,0.0,0.0,1.0,25.0,0.0,1.0,0.0,1.0,7.0,1.0,1.0,1.0,1.0,0.0,1.0,0.0,2.0,25.0,547.0,5.0,188.0,0.0,47.0,75.0,5.0,26.0,5.0,0.0,1.0,4.0,0.0,37.0,0.1,0.6,0.3,2.0
Zagłębie Lubin,zagebie-lubin,Mlinaric M.,matched_existing,mihael-mlinaric,matched_existing,mihael-mlinaric,already_in_player_mapping_csv,matched_existing,mihael-mlinaric,existing_mapping,zagebie-lubin,2025/26,zagebie-lubin,2025/26:zagebie-lubin,Mihael MlinarićKGHM Zagłębie Lubin,1.0,0,,mapped_but_no_previous_season_ranking,,,,,,,,,,,,,,,,,,,,,,,,,,,,,,,,,,,,,,,,,,,,,,,,
Zagłębie Lubin,zagebie-lubin,Mróz M.,matched_existing,marek-mroz,matched_existing,marek-mroz,already_in_player_mapping_csv,matched_existing,marek-mroz,existing_mapping,zagebie-lubin,2023/24 | 2024/25 | 2025/26,zagebie-lubin,2023/24:zagebie-lubin | 2024/25:zagebie-lubin | 2025/26:zagebie-lubin,Marek MrózKGHM Zagłębie Lubin,1.0,1,2024/25,,Marek MrózKGHM Zagłębie Lubin,zagebie-lubin,0.0,0.0,0.0,0.0,0.0,0.0,0.0,0.0,0.0,0.0,0.0,1.0,9.0,33.0,0.0,29.0,6.0,57.0,22.0,37.0,2.0,1.0,1.0,0.0,3.0,0.0,31.0,7.0,1903.0,16.0,796.0,0.0,443.0,585.0,16.0,92.0,17.0,8.0,1.0,27.0,0.0,17.0,2.1,2.5,2.6,17.0
Zagłębie Lubin,zagebie-lubin,Nalepa M.,matched_existing,micha-jan-nalepa,matched_existing,micha-jan-nalepa,already_in_player_mapping_csv,matched_existing,micha-jan-nalepa,existing_mapping,zagebie-lubin,2023/24 | 2024/25 | 2025/26,zagebie-lubin,2023/24:zagebie-lubin | 2024/25:zagebie-lubin | 2025/26:zagebie-lubin,Michał Jan NalepaKGHM Zagłębie Lubin,1.0,1,2024/25,,Michał Jan NalepaKGHM Zagłębie Lubin,zagebie-lubin,0.0,0.0,0.0,0.0,0.0,0.0,0.0,0.0,0.0,0.0,0.0,0.0,7.0,44.0,0.0,2.0,1.0,8.0,24.0,12.0,0.0,0.0,0.0,0.0,0.0,0.0,6.0,0.0,1714.0,15.0,734.0,0.0,157.0,263.0,15.0,109.0,30.0,0.0,0.0,16.0,0.0,107.0,0.8,0.8,0.7,3.0
Zagłębie Lubin,zagebie-lubin,Nowogonski K.,matched_existing,kamil-nowogonski,matched_existing,kamil-nowogonski,already_in_player_mapping_csv,matched_existing,kamil-nowogonski,existing_mapping,zagebie-lubin,2024/25 | 2025/26,zagebie-lubin,2024/25:zagebie-lubin | 2025/26:zagebie-lubin,Kamil NowogońskiKGHM Zagłębie Lubin,1.0,1,2024/25,,Kamil NowogońskiKGHM Zagłębie Lubin,zagebie-lubin,0.0,0.0,0.0,0.0,0.0,0.0,0.0,0.0,0.0,0.0,0.0,0.0,0.0,0.0,0.0,1.0,0.0,0.0,0.0,0.0,0.0,0.0,0.0,0.0,0.0,0.0,0.0,0.0,4.0,0.0,1.0,0.0,1.0,2.0,0.0,0.0,0.0,0.0,0.0,0.0,0.0,0.0,0.0,0.0,0.0,0.0
Zagłębie Lubin,zagebie-lubin,Orlikowski I.,matched_existing,igor-orlikowski,matched_existing,igor-orlikowski,already_in_player_mapping_csv,matched_existing,igor-orlikowski,existing_mapping,zagebie-lubin,2024/25 | 2025/26,zagebie-lubin,2024/25:zagebie-lubin | 2025/26:zagebie-lubin,Igor OrlikowskiKGHM Zagłębie Lubin,1.0,1,2024/25,,Igor OrlikowskiKGHM Zagłębie Lubin,zagebie-lubin,0.0,0.0,0.0,0.0,0.0,0.0,0.0,0.0,0.0,0.0,0.0,0.0,5.0,42.0,0.0,8.0,2.0,3.0,26.0,7.0,3.0,0.0,3.0,0.0,3.0,0.0,8.0,25.0,2225.0,18.0,1002.0,0.0,263.0,413.0,18.0,82.0,21.0,0.0,0.0,12.0,0.0,105.0,0.7,2.0,2.2,5.0
Zagłębie Lubin,zagebie-lubin,Pieńko T.,matched_existing,tomasz-pienko,matched_existing,tomasz-pienko,already_in_player_mapping_csv,matched_existing,tomasz-pienko,existing_mapping,zagebie-lubin,2023/24 | 2024/25 | 2025/26,zagebie-lubin,2023/24:zagebie-lubin | 2024/25:zagebie-lubin | 2025/26:zagebie-lubin,Tomasz PieńkoKGHM Zagłębie Lubin,1.0,1,2024/25,,Tomasz PieńkoKGHM Zagłębie Lubin,zagebie-lubin,0.0,0.0,0.0,0.0,0.0,0.0,0.0,0.0,0.0,0.0,0.0,2.0,32.0,59.0,0.0,60.0,8.0,88.0,26.0,48.0,7.0,5.0,6.0,2.0,9.0,2.0,41.0,13.0,2501.0,16.0,676.0,0.0,353.0,566.0,16.0,164.0,9.0,0.0,9.0,54.0,0.0,20.0,3.6,7.9,9.3,14.0
Zagłębie Lubin,zagebie-lubin,Popielec C.,matched_existing,cyprian-popielec,matched_existing,cyprian-popielec,already_in_player_mapping_csv,matched_existing,cyprian-popielec,existing_mapping,zagebie-lubin,2025/26,zagebie-lubin,2025/26:zagebie-lubin,Cyprian PopielecKGHM Zagłębie Lubin,1.0,0,,mapped_but_no_previous_season_ranking,,,,,,,,,,,,,,,,,,,,,,,,,,,,,,,,,,,,,,,,,,,,,,,,
Zagłębie Lubin,zagebie-lubin,Radwański A.,matched_existing,adam-radwanski,matched_existing,adam-radwanski,already_in_player_mapping_csv,matched_existing,adam-radwanski,existing_mapping,zagebie-lubin,2024/25 | 2025/26,zagebie-lubin,2024/25:zagebie-lubin | 2025/26:zagebie-lubin,Adam RadwańskiKGHM Zagłębie Lubin,1.0,1,2024/25,,Adam RadwańskiKGHM Zagłębie Lubin,zagebie-lubin,0.0,0.0,0.0,0.0,0.0,0.0,0.0,0.0,0.0,0.0,0.0,3.0,5.0,38.0,0.0,25.0,7.0,33.0,31.0,22.0,1.0,1.0,0.0,0.0,4.0,0.0,26.0,8.0,1233.0,18.0,593.0,0.0,304.0,452.0,18.0,85.0,8.0,10.0,4.0,13.0,0.0,14.0,2.4,1.2,1.7,8.0
Zagłębie Lubin,zagebie-lubin,Reguła M.,matched_existing,marcel-wojciech-regua,matched_existing,marcel-wojciech-regua,already_in_player_mapping_csv,matched_existing,marcel-wojciech-regua,existing_mapping,zagebie-lubin,2024/25 | 2025/26,zagebie-lubin,2024/25:zagebie-lubin | 2025/26:zagebie-lubin,Marcel Wojciech RegułaKGHM Zagłębie Lubin,1.0,1,2024/25,,Marcel Wojciech RegułaKGHM Zagłębie Lubin,zagebie-lubin,0.0,0.0,0.0,0.0,0.0,0.0,0.0,0.0,0.0,0.0,0.0,3.0,1.0,20.0,0.0,5.0,2.0,8.0,8.0,6.0,1.0,0.0,1.0,0.0,4.0,0.0,2.0,20.0,329.0,3.0,62.0,0.0,36.0,51.0,3.0,19.0,3.0,0.0,0.0,5.0,0.0,4.0,0.4,0.8,0.8,3.0
Zagłębie Lubin,zagebie-lubin,Rocha L.,matched_existing,leonardo-miramar-rocha,matched_existing,leonardo-miramar-rocha,already_in_player_mapping_csv,matched_existing,leonardo-miramar-rocha,existing_mapping,radomiak-radom | zagebie-lubin,2023/24 | 2024/25 | 2025/26,zagebie-lubin,2023/24:radomiak-radom | 2024/25:radomiak-radom | 2025/26:zagebie-lubin,Leonardo RochaRadomiak Radom,1.0,1,2024/25,,Leonardo RochaRadomiak Radom,radomiak-radom,0.0,0.0,0.0,0.0,0.0,0.0,0.0,0.0,0.0,0.0,0.0,2.0,25.0,40.0,0.0,2.0,0.0,36.0,20.0,35.0,11.0,7.0,12.0,2.0,13.0,2.0,14.0,17.0,1715.0,4.0,295.0,0.0,121.0,228.0,4.0,172.0,1.0,0.0,3.0,63.0,0.0,30.0,0.8,8.1,8.4,18.0
Zagłębie Lubin,zagebie-lubin,Sochan K.,unresolved,,no_candidate,,no_strict_candidate,no_candidate,,review_no_candidate,,,,,,,0,,unmapped_flash_player,,,,,,,,,,,,,,,,,,,,,,,,,,,,,,,,,,,,,,,,,,,,,,,,
Zagłębie Lubin,zagebie-lubin,Sypek J.,matched_existing,jakub-sypek,matched_existing,jakub-sypek,already_in_player_mapping_csv,matched_existing,jakub-sypek,existing_mapping,widzew-lodz | zagebie-lubin,2024/25 | 2025/26,zagebie-lubin,2024/25:widzew-lodz | 2025/26:zagebie-lubin,Jakub SypekWidzew Łódź,1.0,1,2024/25,,Jakub SypekWidzew Łódź,widzew-lodz,0.0,0.0,0.0,0.0,0.0,0.0,0.0,0.0,0.0,0.0,0.0,2.0,14.0,52.0,0.0,54.0,12.0,70.0,23.0,41.0,5.0,5.0,5.0,0.0,7.0,0.0,24.0,19.0,2035.0,14.0,435.0,0.0,234.0,370.0,14.0,111.0,13.0,1.0,4.0,27.0,0.0,6.0,2.5,3.1,4.2,8.0
Zagłębie Lubin,zagebie-lubin,Szabo L.,matched_existing,levente-szabo,matched_existing,levente-szabo,already_in_player_mapping_csv,matched_existing,levente-szabo,existing_mapping,zagebie-lubin,2025/26,zagebie-lubin,2025/26:zagebie-lubin,Levente SzabóKGHM Zagłębie Lubin,1.0,0,,mapped_but_no_previous_season_ranking,,,,,,,,,,,,,,,,,,,,,,,,,,,,,,,,,,,,,,,,,,,,,,,,
Zagłębie Lubin,zagebie-lubin,Szmyt K.,matched_existing,kajetan-szmyt,matched_existing,kajetan-szmyt,already_in_player_mapping_csv,matched_existing,kajetan-szmyt,existing_mapping,warta-poznan | zagebie-lubin,2023/24 | 2024/25 | 2025/26,zagebie-lubin,2023/24:warta-poznan | 2024/25:zagebie-lubin | 2025/26:zagebie-lubin,Kajetan SzmytWarta Poznań,1.0,1,2024/25,,Kajetan SzmytKGHM Zagłębie Lubin,zagebie-lubin,0.0,0.0,0.0,0.0,0.0,0.0,0.0,0.0,0.0,0.0,0.0,1.0,8.0,57.0,0.0,37.0,6.0,49.0,11.0,10.0,2.0,2.0,2.0,0.0,3.0,0.0,24.0,14.0,1408.0,9.0,405.0,0.0,231.0,353.0,9.0,48.0,6.0,24.0,4.0,14.0,0.0,10.0,2.1,1.2,1.9,6.0
Zagłębie Lubin,zagebie-lubin,Urbański M.,unresolved,,review_needed,kacper-urbanski,all_flash_tokens_in_slug | suffix_exact | present_in_target_season,rejected_manual,,manual_reject_wrong_person_kacper_urbanski_is_not_m_urbanski,,,,,,,0,,unmapped_flash_player,,,,,,,,,,,,,,,,,,,,,,,,,,,,,,,,,,,,,,,,,,,,,,,,
Zagłębie Lubin,zagebie-lubin,Wdowiak M.,matched_existing,mateusz-wdowiak,matched_existing,mateusz-wdowiak,already_in_player_mapping_csv,matched_existing,mateusz-wdowiak,existing_mapping,zagebie-lubin,2023/24 | 2024/25 | 2025/26,zagebie-lubin,2023/24:zagebie-lubin | 2024/25:zagebie-lubin | 2025/26:zagebie-lubin,Mateusz WdowiakKGHM Zagłębie Lubin,1.0,1,2024/25,,Mateusz WdowiakKGHM Zagłębie Lubin,zagebie-lubin,0.0,0.0,0.0,0.0,0.0,0.0,0.0,0.0,0.0,0.0,0.0,3.0,24.0,53.0,0.0,72.0,14.0,51.0,16.0,26.0,4.0,3.0,3.0,0.0,7.0,0.0,37.0,9.0,2072.0,16.0,625.0,0.0,341.0,491.0,16.0,102.0,15.0,2.0,3.0,45.0,0.0,20.0,3.0,5.3,6.5,15.0
Zagłębie Lubin,zagebie-lubin,Woźniak A.,matched_existing,arkadiusz-wozniak,matched_existing,arkadiusz-wozniak,already_in_player_mapping_csv,matched_existing,arkadiusz-wozniak,existing_mapping,zagebie-lubin,2023/24 | 2024/25 | 2025/26,zagebie-lubin,2023/24:zagebie-lubin | 2024/25:zagebie-lubin | 2025/26:zagebie-lubin,Arkadiusz WoźniakKGHM Zagłębie Lubin,1.0,1,2024/25,,Arkadiusz WoźniakKGHM Zagłębie Lubin,zagebie-lubin,0.0,0.0,0.0,0.0,0.0,0.0,0.0,0.0,0.0,0.0,0.0,0.0,4.0,44.0,0.0,2.0,0.0,2.0,4.0,7.0,0.0,0.0,0.0,0.0,0.0,0.0,1.0,0.0,246.0,3.0,65.0,0.0,26.0,50.0,3.0,39.0,1.0,0.0,2.0,9.0,0.0,14.0,0.1,0.8,0.5,3.0
Zagłębie Lubin,zagebie-lubin,Yakuba R.,matched_existing,roman-yakuba,matched_existing,roman-yakuba,already_in_player_mapping_csv,matched_existing,roman-yakuba,existing_mapping,puszcza-niepolomice | zagebie-lubin,2023/24 | 2024/25 | 2025/26,zagebie-lubin,2023/24:puszcza-niepolomice | 2024/25:puszcza-niepolomice | 2025/26:zagebie-lubin,Roman YakubaPuszcza Niepołomice,1.0,1,2024/25,,Roman YakubaPuszcza Niepołomice,puszcza-niepolomice,0.0,0.0,0.0,0.0,0.0,0.0,0.0,0.0,0.0,0.0,0.0,0.0,5.0,50.0,2.0,4.0,1.0,11.0,31.0,13.0,3.0,0.0,3.0,0.0,3.0,0.0,9.0,30.0,2485.0,36.0,866.0,0.0,180.0,315.0,36.0,144.0,36.0,0.0,3.0,10.0,0.0,128.0,0.6,1.8,2.6,8.0
Zagłębie Lubin,zagebie-lubin,Ławniczak A.,matched_existing,aleks-awniczak,matched_existing,aleks-awniczak,already_in_player_mapping_csv,matched_existing,aleks-awniczak,existing_mapping,zagebie-lubin,2023/24 | 2024/25 | 2025/26,zagebie-lubin,2023/24:zagebie-lubin | 2024/25:zagebie-lubin | 2025/26:zagebie-lubin,Aleks ŁawniczakKGHM Zagłębie Lubin,1.0,1,2024/25,,Aleks ŁawniczakKGHM Zagłębie Lubin,zagebie-lubin,0.0,0.0,0.0,0.0,0.0,0.0,0.0,0.0,0.0,0.0,0.0,0.0,6.0,23.0,0.0,7.0,1.0,10.0,24.0,16.0,2.0,1.0,2.0,0.0,2.0,0.0,9.0,8.0,2970.0,22.0,1328.0,0.0,354.0,530.0,22.0,171.0,48.0,0.0,1.0,26.0,0.0,203.0,0.6,2.7,3.0,4.0
