match_id,sezon,kolejka,data_meczu,referee_name,referee_full_name,ref_matches_before,ref_reliability_k10,league_fouls_avg_before,league_yc_avg_before,league_dismissals_avg_before,ref_fouls_raw_avg_before,ref_yc_raw_avg_before,ref_dismissals_raw_avg_before,ref_fouls_shrunk_before,ref_yc_shrunk_before,ref_dismissals_shrunk_before
1684,2023/24,1,2023-07-21,Sylwestrzak D.,Damian Sylwestrzak,0,0.0,25.0,4.5,0.2,25.0,4.5,0.2,25.0,4.5,0.2
1685,2023/24,1,2023-07-21,Arys K.,Karol Arys,0,0.0,21.0,1.0,0.0,21.0,1.0,0.0,21.0,1.0,0.0
1686,2023/24,1,2023-07-22,Frankowski B.,Bartosz Frankowski,0,0.0,23.0,0.5,0.0,23.0,0.5,0.0,23.0,0.5,0.0
1687,2023/24,1,2023-07-22,Raczkowski P.,Pawel Raczkowski,0,0.0,23.0,1.6667,0.0,23.0,1.6667,0.0,23.0,1.6667,0.0
1688,2023/24,1,2023-07-22,Marciniak S.,Szymon Marciniak,0,0.0,23.0,2.25,0.0,23.0,2.25,0.0,23.0,2.25,0.0
1689,2023/24,1,2023-07-23,Musiał T.,Tomasz Musial,0,0.0,24.2,2.8,0.0,24.2,2.8,0.0,24.2,2.8,0.0
1690,2023/24,1,2023-07-23,Przybyl J.,Jaroslaw Przybyl,0,0.0,26.3333,2.6667,0.0,26.3333,2.6667,0.0,26.3333,2.6667,0.0
1691,2023/24,1,2023-07-23,Lasyk P.,Piotr Lasyk,0,0.0,26.5714,2.8571,0.0,26.5714,2.8571,0.0,26.5714,2.8571,0.0
1692,2023/24,1,2023-07-24,Kos D.,Damian Kos,0,0.0,26.5,2.875,0.0,26.5,2.875,0.0,26.5,2.875,0.0
1694,2023/24,2,2023-07-28,Sylwestrzak D.,Damian Sylwestrzak,1,0.0909,26.0,3.2222,0.0,21.0,1.0,0.0,25.5455,3.0202,0.0
1693,2023/24,2,2023-07-29,Gryckiewicz P.,Patryk Gryckiewicz,0,0.0,26.9,3.5,0.2,26.9,3.5,0.2,26.9,3.5,0.2
1695,2023/24,2,2023-07-29,Jakubik K.,Krzysztof Jakubik,0,0.0,27.3636,3.4545,0.1818,27.3636,3.4545,0.1818,27.3636,3.4545,0.1818
1697,2023/24,2,2023-07-29,Marciniak S.,Szymon Marciniak,1,0.0909,27.0833,3.3333,0.1667,29.0,5.0,0.0,27.2576,3.4848,0.1515
1698,2023/24,2,2023-07-30,Musiał T.,Tomasz Musial,1,0.0909,26.9231,3.2308,0.1538,37.0,2.0,0.0,27.8392,3.1189,0.1399
1699,2023/24,2,2023-07-30,Stefanski D.,Daniel Stefanski,0,0.0,26.4286,3.1429,0.1429,26.4286,3.1429,0.1429,26.4286,3.1429,0.1429
1701,2023/24,2,2023-07-30,Kwiatkowski T.,Tomasz Kwiatkowski,0,0.0,26.7333,3.3333,0.1333,26.7333,3.3333,0.1333,26.7333,3.3333,0.1333
1702,2023/24,3,2023-08-04,Frankowski B.,Bartosz Frankowski,1,0.0909,26.75,3.125,0.125,23.0,4.0,0.0,26.4091,3.2045,0.1136
1703,2023/24,3,2023-08-04,Marciniak S.,Szymon Marciniak,2,0.1667,26.6471,3.1765,0.1176,27.0,3.5,0.0,26.7059,3.2304,0.098
1704,2023/24,3,2023-08-05,Arys K.,Karol Arys,1,0.0909,27.5556,3.2778,0.1111,25.0,0.0,0.0,27.3232,2.9798,0.101
1705,2023/24,3,2023-08-05,Lasyk P.,Piotr Lasyk,1,0.0909,27.4737,3.2105,0.1053,26.0,3.0,0.0,27.3397,3.1914,0.0957
1706,2023/24,3,2023-08-05,Przybyl J.,Jaroslaw Przybyl,1,0.0909,28.2,3.5,0.2,28.0,4.0,0.0,28.1818,3.5455,0.1818
1708,2023/24,3,2023-08-06,Kos D.,Damian Kos,1,0.0909,27.8571,3.4286,0.1905,22.0,6.0,0.0,27.3247,3.6623,0.1732
1709,2023/24,3,2023-08-06,Malec P.,Pawel Malec,0,0.0,27.6364,3.5909,0.2273,27.6364,3.5909,0.2273,27.6364,3.5909,0.2273
1710,2023/24,3,2023-08-07,Kochanek M.,Marcin Kochanek,0,0.0,27.3913,3.6957,0.2609,27.3913,3.6957,0.2609,27.3913,3.6957,0.2609
1711,2023/24,4,2023-08-11,Stefanski D.,Daniel Stefanski,1,0.0909,27.8333,3.8333,0.25,31.0,6.0,0.0,28.1212,4.0303,0.2273
1714,2023/24,4,2023-08-11,Musiał T.,Tomasz Musial,2,0.1667,27.76,3.92,0.24,28.5,2.0,0.0,27.8833,3.6,0.2
1712,2023/24,4,2023-08-12,Raczkowski P.,Pawel Raczkowski,1,0.0909,27.8462,4.0385,0.2308,23.0,4.0,0.0,27.4056,4.035,0.2098
1717,2023/24,4,2023-08-12,Jakubik K.,Krzysztof Jakubik,1,0.0909,27.5556,4.0741,0.2222,24.0,2.0,0.0,27.2323,3.8855,0.202
1719,2023/24,4,2023-08-12,Kwiatkowski T.,Tomasz Kwiatkowski,1,0.0909,27.2857,4.0714,0.2143,27.0,0.0,0.0,27.2597,3.7013,0.1948
1715,2023/24,4,2023-08-13,Frankowski B.,Bartosz Frankowski,2,0.1667,27.2414,4.2069,0.2414,24.0,4.0,0.0,26.7011,4.1724,0.2011
1716,2023/24,4,2023-08-13,Przybyl J.,Jaroslaw Przybyl,2,0.1667,27.3667,4.1667,0.2333,24.5,3.0,0.0,26.8889,3.9722,0.1944
1718,2023/24,4,2023-08-14,Gryckiewicz P.,Patryk Gryckiewicz,1,0.0909,27.6452,4.2581,0.2258,32.0,3.0,0.0,28.0411,4.1437,0.2053
1721,2023/24,5,2023-08-18,Kos D.,Damian Kos,2,0.1667,27.5938,4.2812,0.2188,22.5,6.5,0.5,26.7448,4.651,0.2656
1722,2023/24,5,2023-08-18,Kuzma L.,Lukasz Kuzma,0,0.0,27.697,4.303,0.2121,27.697,4.303,0.2121,27.697,4.303,0.2121
1724,2023/24,5,2023-08-19,Kochanek M.,Marcin Kochanek,1,0.0909,27.8235,4.3824,0.2647,38.0,7.0,0.0,28.7487,4.6203,0.2406
1725,2023/24,5,2023-08-19,Malec P.,Pawel Malec,1,0.0909,27.9143,4.4857,0.2571,22.0,6.0,1.0,27.3766,4.6234,0.3247
1726,2023/24,5,2023-08-19,Musiał T.,Tomasz Musial,3,0.2308,27.8333,4.5278,0.25,29.0,3.6667,0.0,28.1026,4.3291,0.1923
1723,2023/24,5,2023-08-20,Sylwestrzak D.,Damian Sylwestrzak,2,0.1667,27.973,4.6216,0.2432,28.0,3.5,1.0,27.9775,4.4347,0.3694
1727,2023/24,5,2023-08-20,Lasyk P.,Piotr Lasyk,2,0.1667,28.0,4.6842,0.2895,34.0,6.0,1.0,29.0,4.9035,0.4079
1728,2023/24,5,2023-08-20,Marciniak S.,Szymon Marciniak,3,0.2308,27.8462,4.7179,0.2821,32.3333,4.0,0.0,28.8817,4.5523,0.217
1720,2023/24,5,2023-08-21,Raczkowski P.,Pawel Raczkowski,2,0.1667,27.6,4.775,0.275,21.5,4.5,0.0,26.5833,4.7292,0.2292
1735,2023/24,6,2023-08-25,Arys K.,Karol Arys,2,0.1667,27.5122,4.8293,0.2683,25.5,1.0,0.0,27.1768,4.1911,0.2236
1737,2023/24,6,2023-08-25,Stefanski D.,Daniel Stefanski,2,0.1667,27.5238,4.8333,0.2619,28.5,6.0,0.0,27.6865,5.0278,0.2183
1732,2023/24,6,2023-08-26,Marciniak S.,Szymon Marciniak,4,0.2857,27.5349,4.9302,0.2558,28.75,4.75,0.0,27.8821,4.8787,0.1827
1734,2023/24,6,2023-08-26,Gryckiewicz P.,Patryk Gryckiewicz,2,0.1667,27.5682,4.9318,0.25,29.0,4.0,0.0,27.8068,4.7765,0.2083
1736,2023/24,6,2023-08-26,Przybyl J.,Jaroslaw Przybyl,3,0.2308,27.6222,5.0889,0.2667,28.3333,4.3333,0.0,27.7863,4.9145,0.2051
1729,2023/24,6,2023-08-27,Kwiatkowski T.,Tomasz Kwiatkowski,2,0.1667,27.4783,5.0652,0.2609,26.5,4.0,0.5,27.3152,4.8877,0.3007
1730,2023/24,6,2023-08-27,Frankowski B.,Bartosz Frankowski,3,0.2308,27.3191,5.0426,0.2766,26.3333,3.6667,0.0,27.0917,4.725,0.2128
1707,2023/24,3,2023-08-30,Kos D.,Damian Kos,3,0.2308,27.2917,5.0417,0.3125,25.3333,6.0,0.3333,26.8397,5.2628,0.3173
1744,2023/24,7,2023-09-01,Frankowski B.,Bartosz Frankowski,4,0.2857,27.1224,5.0816,0.3061,26.25,4.0,0.5,26.8732,4.7726,0.3615
1745,2023/24,7,2023-09-01,Raczkowski P.,Pawel Raczkowski,3,0.2308,26.88,5.04,0.32,22.3333,5.3333,0.0,25.8308,5.1077,0.2462
1738,2023/24,7,2023-09-02,Lasyk P.,Piotr Lasyk,3,0.2308,27.1765,5.1176,0.3137,30.0,6.0,0.6667,27.8281,5.3213,0.3952
1740,2023/24,7,2023-09-02,Sylwestrzak D.,Damian Sylwestrzak,3,0.2308,27.1154,5.0769,0.3077,28.3333,4.6667,1.3333,27.3964,4.9822,0.5444
1742,2023/24,7,2023-09-02,Przybyl J.,Jaroslaw Przybyl,4,0.2857,27.0943,5.0377,0.3019,26.5,4.25,0.0,26.9245,4.8127,0.2156
1739,2023/24,7,2023-09-03,Szczerbowicz M.,Marcin Szczerbowicz,0,0.0,27.1852,5.037,0.2963,27.1852,5.037,0.2963,27.1852,5.037,0.2963
1741,2023/24,7,2023-09-03,Musiał T.,Tomasz Musial,4,0.2857,27.2182,5.0545,0.2909,30.0,4.75,0.0,28.013,4.9675,0.2078
1743,2023/24,7,2023-09-03,Jakubik K.,Krzysztof Jakubik,2,0.1667,27.1964,5.0,0.3036,22.0,3.0,0.0,26.3304,4.6667,0.253
1746,2023/24,7,2023-09-03,Malec P.,Pawel Malec,2,0.1667,27.3684,5.0175,0.2982,23.5,6.0,0.5,26.7237,5.1813,0.3319
1747,2023/24,8,2023-09-15,Musiał T.,Tomasz Musial,5,0.3333,27.3103,5.0862,0.2931,29.2,4.2,0.2,27.9402,4.7908,0.2621
1751,2023/24,8,2023-09-15,Stefanski D.,Daniel Stefanski,3,0.2308,27.4407,5.1186,0.2881,28.3333,7.0,0.0,27.6467,5.5528,0.2216
1749,2023/24,8,2023-09-16,Sylwestrzak D.,Damian Sylwestrzak,4,0.2857,27.6333,5.1333,0.3167,27.75,4.25,1.0,27.6667,4.881,0.5119
1750,2023/24,8,2023-09-16,Raczkowski P.,Pawel Raczkowski,4,0.2857,27.8197,5.1967,0.3115,27.25,6.25,0.0,27.6569,5.4977,0.2225
1752,2023/24,8,2023-09-16,Kuzma L.,Lukasz Kuzma,1,0.0909,27.7581,5.1613,0.3065,32.0,7.0,2.0,28.1437,5.3284,0.4604
1748,2023/24,8,2023-09-17,Lasyk P.,Piotr Lasyk,4,0.2857,27.9048,5.1429,0.3175,28.5,5.25,0.5,28.0748,5.1735,0.3696
1754,2023/24,8,2023-09-17,Marciniak S.,Szymon Marciniak,5,0.3333,27.9219,5.1562,0.3125,28.8,4.8,0.0,28.2146,5.0375,0.2083
1755,2023/24,8,2023-09-17,Kwiatkowski T.,Tomasz Kwiatkowski,3,0.2308,27.7231,5.1231,0.3077,24.3333,4.0,0.6667,26.9408,4.8639,0.3905
1753,2023/24,8,2023-09-18,Kochanek M.,Marcin Kochanek,2,0.1667,27.6212,5.0909,0.303,34.5,7.5,0.0,28.7677,5.4924,0.2525
1758,2023/24,9,2023-09-22,Kuzma L.,Lukasz Kuzma,2,0.1667,27.597,5.0746,0.3284,34.5,5.5,1.5,28.7475,5.1455,0.5236
1763,2023/24,9,2023-09-22,Stefanski D.,Daniel Stefanski,4,0.2857,27.6324,5.0882,0.3235,31.0,6.75,0.5,28.5945,5.563,0.3739
1756,2023/24,9,2023-09-23,Jakubik K.,Krzysztof Jakubik,3,0.2308,27.7536,5.1449,0.3478,27.0,4.0,0.0,27.5797,4.8807,0.2676
1759,2023/24,9,2023-09-23,Arys K.,Karol Arys,3,0.2308,27.7,5.1286,0.3429,26.3333,2.3333,0.0,27.3846,4.4835,0.2637
1761,2023/24,9,2023-09-23,Szczerbowicz M.,Marcin Szczerbowicz,1,0.0909,27.4789,5.0704,0.338,29.0,6.0,0.0,27.6172,5.1549,0.3073
1764,2023/24,9,2023-09-23,Frankowski B.,Bartosz Frankowski,5,0.3333,27.5833,5.0694,0.3333,24.0,3.8,0.6,26.3889,4.6463,0.4222
1757,2023/24,9,2023-09-24,Gryckiewicz P.,Patryk Gryckiewicz,3,0.2308,27.5616,5.0685,0.3562,29.3333,6.6667,0.3333,27.9705,5.4373,0.3509
1760,2023/24,9,2023-09-24,Marciniak S.,Szymon Marciniak,6,0.375,27.5811,5.0541,0.3784,26.5,4.5,0.0,27.1757,4.8463,0.2365
1762,2023/24,9,2023-09-24,Przybyl J.,Jaroslaw Przybyl,5,0.3333,27.5467,5.0133,0.3733,27.6,4.4,0.0,27.5644,4.8089,0.2489
1733,2023/24,6,2023-09-27,Musiał T.,Tomasz Musial,6,0.375,27.6711,5.0,0.3684,30.1667,4.6667,0.1667,28.6069,4.875,0.2928
1731,2023/24,6,2023-09-28,Marciniak S.,Szymon Marciniak,7,0.4118,27.5325,4.974,0.3766,26.2857,4.1429,0.0,27.0191,4.6318,0.2215
1767,2023/24,10,2023-09-29,Raczkowski P.,Pawel Raczkowski,5,0.3333,27.5385,4.9487,0.3718,26.6,5.6,0.0,27.2256,5.1658,0.2479
1771,2023/24,10,2023-09-29,Malec P.,Pawel Malec,3,0.2308,27.5949,4.9747,0.3671,23.6667,7.0,0.3333,26.6884,5.4421,0.3593
1769,2023/24,10,2023-09-30,Arys K.,Karol Arys,4,0.2857,27.5875,5.0,0.3625,22.75,2.0,0.0,26.2054,4.1429,0.2589
1772,2023/24,10,2023-09-30,Szczerbowicz M.,Marcin Szczerbowicz,2,0.1667,27.6173,4.9753,0.358,32.0,5.5,0.0,28.3477,5.0628,0.2984
1773,2023/24,10,2023-09-30,Frankowski B.,Bartosz Frankowski,6,0.375,27.622,4.9756,0.3537,24.3333,4.0,0.8333,26.3887,4.6098,0.5335
1766,2023/24,10,2023-10-01,Marciniak S.,Szymon Marciniak,8,0.4444,27.5663,4.9398,0.3494,26.5,4.0,0.0,27.0924,4.5221,0.1941
1768,2023/24,10,2023-10-01,Sylwestrzak D.,Damian Sylwestrzak,5,0.3333,27.6071,4.9286,0.369,30.0,5.2,0.8,28.4048,5.019,0.5127
1770,2023/24,10,2023-10-01,Musiał T.,Tomasz Musial,7,0.4118,27.4941,4.9059,0.3647,28.2857,4.4286,0.2857,27.8201,4.7093,0.3322
1765,2023/24,10,2023-10-02,Myc W.,Wojciech Myc,0,0.0,27.5349,4.907,0.3605,27.5349,4.907,0.3605,27.5349,4.907,0.3605
1776,2023/24,11,2023-10-06,Raczkowski P.,Pawel Raczkowski,6,0.375,27.5172,4.8736,0.3563,27.5,5.8333,0.0,27.5108,5.2335,0.2227
1777,2023/24,11,2023-10-06,Kuzma L.,Lukasz Kuzma,3,0.2308,27.4432,4.8409,0.3523,33.0,5.6667,1.0,28.7255,5.0315,0.5017
1775,2023/24,11,2023-10-07,Jakubik K.,Krzysztof Jakubik,4,0.2857,27.4719,4.7978,0.3483,26.25,4.0,0.0,27.1228,4.5698,0.2488
1779,2023/24,11,2023-10-07,Arys K.,Karol Arys,5,0.3333,27.3889,4.7667,0.3444,24.2,2.2,0.0,26.3259,3.9111,0.2296
1780,2023/24,11,2023-10-07,Frankowski B.,Bartosz Frankowski,7,0.4118,27.4066,4.7253,0.3407,24.1429,3.7143,0.7143,26.0627,4.309,0.4945
1781,2023/24,11,2023-10-07,Lasyk P.,Piotr Lasyk,5,0.3333,27.337,4.7283,0.337,28.6,5.4,0.4,27.758,4.9522,0.358
1774,2023/24,11,2023-10-08,Sylwestrzak D.,Damian Sylwestrzak,6,0.375,27.2688,4.6989,0.3333,28.0,4.8333,0.6667,27.543,4.7493,0.4583
1778,2023/24,11,2023-10-08,Marciniak S.,Szymon Marciniak,9,0.4737,27.2872,4.6702,0.3298,27.0,4.0,0.2222,27.1512,4.3527,0.2788
1782,2023/24,11,2023-10-08,Kwiatkowski T.,Tomasz Kwiatkowski,4,0.2857,27.3789,4.7474,0.3263,23.5,3.75,0.5,26.2707,4.4624,0.3759
1784,2023/24,12,2023-10-20,Frankowski B.,Bartosz Frankowski,8,0.4444,27.3958,4.7396,0.3229,23.75,3.875,0.625,25.7755,4.3553,0.4572
1786,2023/24,12,2023-10-20,Przybyl J.,Jaroslaw Przybyl,6,0.375,27.299,4.701,0.3196,29.1667,4.3333,0.0,27.9994,4.5631,0.1997
1785,2023/24,12,2023-10-21,Kos D.,Damian Kos,4,0.2857,27.2551,4.7041,0.3163,23.75,6.25,0.25,26.2536,5.1458,0.2974
1787,2023/24,12,2023-10-21,Jakubik K.,Krzysztof Jakubik,5,0.3333,27.2929,4.6768,0.3131,25.0,3.6,0.0,26.5286,4.3178,0.2088
1791,2023/24,12,2023-10-21,Lasyk P.,Piotr Lasyk,6,0.375,27.32,4.7,0.31,27.3333,4.8333,0.3333,27.325,4.75,0.3188
1783,2023/24,12,2023-10-22,Musiał T.,Tomasz Musial,8,0.4444,27.2376,4.6832,0.3069,28.625,4.5,0.25,27.8542,4.6018,0.2816
1788,2023/24,12,2023-10-22,Marciniak S.,Szymon Marciniak,10,0.5,27.2451,4.6961,0.3039,27.9,4.8,0.2,27.5725,4.748,0.252
1789,2023/24,12,2023-10-23,Gryckiewicz P.,Patryk Gryckiewicz,4,0.2857,27.3204,4.6893,0.301,29.25,6.0,0.75,27.8717,5.0638,0.4293
1713,2023/24,4,2023-10-24,Sylwestrzak D.,Damian Sylwestrzak,7,0.4118,27.4038,4.6731,0.2981,28.1429,4.4286,0.5714,27.7081,4.5724,0.4106
1794,2023/24,13,2023-10-27,Przybyl J.,Jaroslaw Przybyl,7,0.4118,27.4571,4.6857,0.2952,28.2857,4.4286,0.0,27.7983,4.5798,0.1737
1800,2023/24,13,2023-10-27,Marciniak S.,Szymon Marciniak,11,0.5238,27.4623,4.6792,0.2925,28.5455,4.7273,0.1818,28.0296,4.7044,0.2345
1792,2023/24,13,2023-10-28,Kuzma L.,Lukasz Kuzma,4,0.2857,27.4579,4.6636,0.2897,32.25,4.5,0.75,28.8271,4.6168,0.4212
1796,2023/24,13,2023-10-28,Lasyk P.,Piotr Lasyk,7,0.4118,27.4259,4.6667,0.287,26.1429,4.5714,0.2857,26.8976,4.6275,0.2865
1798,2023/24,13,2023-10-28,Raczkowski P.,Pawel Raczkowski,7,0.4118,27.2936,4.6514,0.2844,26.5714,5.2857,0.0,26.9962,4.9126,0.1673
1799,2023/24,13,2023-10-28,Myc W.,Wojciech Myc,1,0.0909,27.2455,4.7091,0.3,26.0,2.0,0.0,27.1322,4.4628,0.2727
1793,2023/24,13,2023-10-29,Szczerbowicz M.,Marcin Szczerbowicz,3,0.2308,27.3243,4.7387,0.2973,30.6667,5.3333,0.0,28.0956,4.876,0.2287
1795,2023/24,13,2023-10-29,Arys K.,Karol Arys,6,0.375,27.375,4.7411,0.2946,25.0,2.0,0.0,26.4844,3.7132,0.1842
1797,2023/24,13,2023-10-29,Sylwestrzak D.,Damian Sylwestrzak,8,0.4444,27.3451,4.7522,0.292,28.75,4.625,0.5,27.9695,4.6957,0.3845
1802,2023/24,14,2023-11-03,Marciniak S.,Szymon Marciniak,12,0.5455,27.2895,4.7368,0.2895,28.4167,4.5833,0.1667,27.9043,4.6531,0.2225
1804,2023/24,14,2023-11-03,Musiał T.,Tomasz Musial,9,0.4737,27.1913,4.7217,0.287,28.5556,4.6667,0.2222,27.8375,4.6957,0.2563
1803,2023/24,14,2023-11-04,Jakubik K.,Krzysztof Jakubik,6,0.375,27.2069,4.6983,0.2845,25.8333,4.1667,0.0,26.6918,4.4989,0.1778
1805,2023/24,14,2023-11-04,Malec P.,Pawel Malec,4,0.2857,27.2137,4.6752,0.2821,24.5,7.0,0.25,26.4383,5.3394,0.2729
1808,2023/24,14,2023-11-04,Kos D.,Damian Kos,5,0.3333,27.1441,4.6695,0.2966,25.2,5.4,0.2,26.496,4.913,0.2644
1806,2023/24,14,2023-11-05,Kuzma L.,Lukasz Kuzma,5,0.3333,27.0336,4.6471,0.2941,30.6,4.6,0.6,28.2224,4.6314,0.3961
1807,2023/24,14,2023-11-05,Kwiatkowski T.,Tomasz Kwiatkowski,5,0.3333,27.0333,4.6583,0.2917,24.6,3.8,0.4,26.2222,4.3722,0.3278
1809,2023/24,14,2023-11-05,Frankowski B.,Bartosz Frankowski,9,0.4737,27.0083,4.6446,0.2893,23.1111,3.5556,0.5556,25.1622,4.1288,0.4154
1801,2023/24,14,2023-11-06,Stefanski D.,Daniel Stefanski,5,0.3333,27.0,4.6393,0.2869,32.0,7.2,0.8,28.6667,5.4929,0.4579
1810,2023/24,15,2023-11-10,Szczerbowicz M.,Marcin Szczerbowicz,4,0.2857,27.0732,4.6504,0.2846,31.25,5.25,0.0,28.2666,4.8217,0.2033
1817,2023/24,15,2023-11-10,Kochanek M.,Marcin Kochanek,3,0.2308,27.0726,4.6532,0.3065,31.6667,6.3333,0.6667,28.1328,5.0409,0.3896
1811,2023/24,15,2023-11-11,Stefanski D.,Daniel Stefanski,6,0.375,27.12,4.64,0.304,32.6667,7.0,0.6667,29.2,5.525,0.44
1812,2023/24,15,2023-11-11,Arys K.,Karol Arys,7,0.4118,27.1111,4.627,0.3095,24.8571,2.5714,0.0,26.183,3.7806,0.1821
1818,2023/24,15,2023-11-11,Raczkowski P.,Pawel Raczkowski,8,0.4444,27.0472,4.6299,0.3071,26.0,6.0,0.25,26.5818,5.2388,0.2817
1813,2023/24,15,2023-11-12,Lasyk P.,Piotr Lasyk,8,0.4444,27.0781,4.6484,0.3125,24.5,4.375,0.25,25.9323,4.5269,0.2847
1814,2023/24,15,2023-11-12,Marciniak S.,Szymon Marciniak,13,0.5652,27.186,4.6512,0.3101,27.4615,4.4615,0.1538,27.3418,4.544,0.2218
1816,2023/24,15,2023-11-12,Przybyl J.,Jaroslaw Przybyl,8,0.4444,27.0846,4.6308,0.3077,28.25,4.375,0.0,27.6026,4.5171,0.1709
1815,2023/24,15,2023-11-13,Sylwestrzak D.,Damian Sylwestrzak,9,0.4737,27.0534,4.5954,0.313,27.8889,4.4444,0.4444,27.4492,4.5239,0.3753
1790,2023/24,12,2023-11-18,Kwiatkowski T.,Tomasz Kwiatkowski,6,0.375,27.1288,4.6136,0.3106,24.5,3.6667,0.3333,26.143,4.2585,0.3191
1819,2023/24,16,2023-11-24,Przybyl J.,Jaroslaw Przybyl,9,0.4737,27.0677,4.5789,0.3233,27.6667,3.8889,0.1111,27.3514,4.2521,0.2228
1827,2023/24,16,2023-11-24,Krasny S.,Sebastian Krasny,0,0.0,27.0299,4.5746,0.3284,27.0299,4.5746,0.3284,27.0299,4.5746,0.3284
1821,2023/24,16,2023-11-25,Kos D.,Damian Kos,6,0.375,27.0593,4.563,0.3259,23.3333,4.8333,0.1667,25.662,4.6644,0.2662
1822,2023/24,16,2023-11-25,Jakubik K.,Krzysztof Jakubik,7,0.4118,27.0882,4.5956,0.3235,26.1429,3.8571,0.0,26.699,4.2915,0.1903
1825,2023/24,16,2023-11-25,Raczkowski P.,Pawel Raczkowski,9,0.4737,26.9416,4.5693,0.3212,26.5556,6.1111,0.3333,26.7587,5.2997,0.3269
1820,2023/24,16,2023-11-26,Sylwestrzak D.,Damian Sylwestrzak,10,0.5,26.9058,4.5797,0.3188,28.8,4.7,0.4,27.8529,4.6399,0.3594
1823,2023/24,16,2023-11-26,Kwiatkowski T.,Tomasz Kwiatkowski,7,0.4118,26.8777,4.5827,0.3165,23.7143,3.1429,0.5714,25.5751,3.9898,0.4215
1826,2023/24,16,2023-11-26,Stefanski D.,Daniel Stefanski,7,0.4118,26.8286,4.6,0.3143,31.7143,6.4286,0.7143,28.8403,5.3529,0.479
1824,2023/24,16,2023-11-27,Lasyk P.,Piotr Lasyk,9,0.4737,26.844,4.5957,0.3121,26.3333,4.4444,0.2222,26.6021,4.5241,0.2695
1829,2023/24,17,2023-12-01,Przybyl J.,Jaroslaw Przybyl,10,0.5,26.8451,4.5915,0.3099,27.1,3.9,0.2,26.9725,4.2458,0.2549
1834,2023/24,17,2023-12-01,Arys K.,Karol Arys,8,0.4444,26.8462,4.6014,0.3147,24.125,2.875,0.0,25.6368,3.8341,0.1748
1831,2023/24,17,2023-12-02,Frankowski B.,Bartosz Frankowski,10,0.5,26.8819,4.6111,0.3264,23.4,3.6,0.5,25.141,4.1056,0.4132
1835,2023/24,17,2023-12-02,Musiał T.,Tomasz Musial,10,0.5,26.8345,4.6069,0.3241,28.6,4.4,0.2,27.7172,4.5034,0.2621
1828,2023/24,17,2023-12-03,Kwiatkowski T.,Tomasz Kwiatkowski,8,0.4444,26.7945,4.589,0.3219,23.25,3.625,0.5,25.2192,4.1606,0.4011
1830,2023/24,17,2023-12-03,Lasyk P.,Piotr Lasyk,10,0.5,26.7551,4.5918,0.3265,26.4,4.4,0.2,26.5776,4.4959,0.2633
1836,2023/24,17,2023-12-03,Marciniak S.,Szymon Marciniak,14,0.5833,26.6824,4.5676,0.3243,26.5,4.2857,0.1429,26.576,4.4032,0.2185
1840,2023/24,18,2023-12-08,Szczerbowicz M.,Marcin Szczerbowicz,5,0.3333,26.6309,4.5503,0.3221,30.4,5.2,0.6,27.8872,4.7669,0.4148
1843,2023/24,18,2023-12-08,Gryckiewicz P.,Patryk Gryckiewicz,5,0.3333,26.6,4.5333,0.32,30.6,5.4,0.6,27.9333,4.8222,0.4133
1837,2023/24,18,2023-12-09,Sylwestrzak D.,Damian Sylwestrzak,11,0.5238,26.5828,4.5364,0.3311,28.2727,4.7273,0.3636,27.468,4.6364,0.3482
1842,2023/24,18,2023-12-09,Kos D.,Damian Kos,7,0.4118,26.5526,4.5066,0.3289,24.4286,5.4286,0.1429,25.678,4.8862,0.2523
1845,2023/24,18,2023-12-09,Stefanski D.,Daniel Stefanski,8,0.4444,26.5425,4.5294,0.3399,31.375,6.125,0.625,28.6903,5.2386,0.4666
1838,2023/24,18,2023-12-10,Jakubik K.,Krzysztof Jakubik,8,0.4444,26.513,4.5195,0.3377,23.75,3.5,0.0,25.285,4.0664,0.1876
1839,2023/24,18,2023-12-10,Arys K.,Karol Arys,9,0.4737,26.5613,4.5161,0.3355,25.0,3.2222,0.2222,25.8217,3.9032,0.2818
1844,2023/24,18,2023-12-10,Musiał T.,Tomasz Musial,11,0.5238,26.5577,4.5192,0.3333,27.9091,4.1818,0.1818,27.2656,4.3425,0.254
1841,2023/24,18,2023-12-11,Raczkowski P.,Pawel Raczkowski,10,0.5,26.586,4.5287,0.3312,26.1,6.1,0.3,26.343,5.3143,0.3156
1846,2023/24,19,2023-12-15,Myc W.,Wojciech Myc,2,0.1667,26.6013,4.5506,0.3291,31.0,5.0,0.0,27.3344,4.6255,0.2743
1847,2023/24,19,2023-12-15,Przybyl J.,Jaroslaw Przybyl,11,0.5238,26.6289,4.5472,0.327,27.0909,4.0909,0.2727,26.8709,4.3082,0.2986
1850,2023/24,19,2023-12-16,Frankowski B.,Bartosz Frankowski,11,0.5238,26.5375,4.5188,0.325,23.0909,3.6364,0.4545,24.7321,4.0565,0.3929
1851,2023/24,19,2023-12-16,Stefanski D.,Daniel Stefanski,9,0.4737,26.6211,4.5342,0.3354,30.3333,5.7778,0.5556,28.3795,5.1232,0.4397
1853,2023/24,19,2023-12-16,Lasyk P.,Piotr Lasyk,11,0.5238,26.6975,4.5864,0.3457,25.4545,4.0909,0.1818,26.0464,4.3269,0.2598
1848,2023/24,19,2023-12-17,Kuzma L.,Lukasz Kuzma,6,0.375,26.6626,4.5828,0.3436,30.0,4.8333,0.5,27.9141,4.6768,0.4022
1852,2023/24,19,2023-12-17,Musiał T.,Tomasz Musial,12,0.5455,26.6585,4.5976,0.3415,28.1667,4.3333,0.1667,27.4812,4.4534,0.2461
1854,2023/24,19,2023-12-17,Jakubik K.,Krzysztof Jakubik,9,0.4737,26.697,4.5818,0.3394,24.8889,3.5556,0.0,25.8405,4.0957,0.1786
1849,2023/24,19,2023-12-18,Krasny S.,Sebastian Krasny,1,0.0909,26.7229,4.5723,0.3373,31.0,3.0,0.0,27.1117,4.4294,0.3067
1700,2023/24,2,2023-12-20,Arys K.,Karol Arys,10,0.5,26.7126,4.5808,0.3353,25.1,3.4,0.2,25.9063,3.9904,0.2677
1860,2023/24,20,2024-02-09,Sylwestrzak D.,Damian Sylwestrzak,12,0.5455,26.744,4.5833,0.3333,27.75,4.3333,0.3333,27.2927,4.447,0.3333
1861,2023/24,20,2024-02-09,Przybyl J.,Jaroslaw Przybyl,12,0.5455,26.7574,4.568,0.3314,25.8333,3.75,0.25,26.2534,4.1218,0.287
1855,2023/24,20,2024-02-10,Arys K.,Karol Arys,11,0.5238,26.7412,4.5647,0.3294,25.7273,3.5455,0.1818,26.2101,4.0308,0.2521
1857,2023/24,20,2024-02-10,Stefanski D.,Daniel Stefanski,10,0.5,26.6959,4.5673,0.3392,31.2,6.5,0.7,28.948,5.5336,0.5196
1858,2023/24,20,2024-02-10,Musiał T.,Tomasz Musial,13,0.5652,26.7151,4.5756,0.3372,28.5385,4.1538,0.1538,27.7457,4.3372,0.2336
1859,2023/24,20,2024-02-11,Marciniak S.,Szymon Marciniak,15,0.6,26.7688,4.5665,0.3353,26.0,4.1333,0.1333,26.3075,4.3066,0.2141
1862,2023/24,20,2024-02-11,Frankowski B.,Bartosz Frankowski,12,0.5455,26.7586,4.569,0.3333,24.5,3.9167,0.5833,25.5266,4.2132,0.4697
1863,2023/24,20,2024-02-11,Lasyk P.,Piotr Lasyk,12,0.5455,26.7371,4.5829,0.3314,25.0833,4.0833,0.1667,25.8351,4.3104,0.2416
1856,2023/24,20,2024-02-12,Raczkowski P.,Pawel Raczkowski,11,0.5238,26.733,4.5739,0.3295,26.3636,6.2727,0.2727,26.5395,5.4637,0.2998
1868,2023/24,21,2024-02-16,Malec P.,Pawel Malec,5,0.3333,26.7514,4.5819,0.3277,23.4,6.4,0.6,25.6343,5.1879,0.4185
1872,2023/24,21,2024-02-16,Musiał T.,Tomasz Musial,14,0.5833,26.7135,4.573,0.3315,29.0714,4.0714,0.1429,28.089,4.2804,0.2214
1865,2023/24,21,2024-02-17,Sylwestrzak D.,Damian Sylwestrzak,13,0.5652,26.6983,4.5642,0.3296,27.8462,4.1538,0.3077,27.3471,4.3323,0.3172
1869,2023/24,21,2024-02-17,Przybyl J.,Jaroslaw Przybyl,13,0.5652,26.7389,4.5556,0.3278,25.6923,3.7692,0.2308,26.1473,4.1111,0.2729
1870,2023/24,21,2024-02-17,Szczerbowicz M.,Marcin Szczerbowicz,6,0.375,26.7901,4.5801,0.326,29.0,4.6667,0.5,27.6188,4.6126,0.3912
1866,2023/24,21,2024-02-18,Kos D.,Damian Kos,8,0.4444,26.8132,4.5659,0.3242,24.5,5.75,0.375,25.7851,5.0922,0.3468
1867,2023/24,21,2024-02-18,Myc W.,Wojciech Myc,3,0.2308,26.8142,4.5738,0.3224,31.0,4.6667,0.0,27.7802,4.5952,0.248
1871,2023/24,21,2024-02-18,Marciniak S.,Szymon Marciniak,16,0.6154,26.8478,4.5815,0.3207,25.9375,4.1875,0.125,26.2876,4.339,0.2003
1864,2023/24,21,2024-02-19,Kwiatkowski T.,Tomasz Kwiatkowski,9,0.4737,26.827,4.5784,0.3189,23.0,3.7778,0.5556,25.0142,4.1991,0.431
1876,2023/24,22,2024-02-23,Arys K.,Karol Arys,12,0.5455,26.8441,4.5645,0.3172,25.1667,3.6667,0.3333,25.9291,4.0748,0.326
1877,2023/24,22,2024-02-23,Musiał T.,Tomasz Musial,15,0.6,26.8449,4.5508,0.3155,28.7333,4.0,0.1333,27.978,4.2203,0.2062
1873,2023/24,22,2024-02-24,Frankowski B.,Bartosz Frankowski,13,0.5652,26.8032,4.5479,0.3138,24.3846,4.1538,0.5385,25.4362,4.3252,0.4408
1875,2023/24,22,2024-02-24,Lasyk P.,Piotr Lasyk,13,0.5652,26.7937,4.545,0.3122,25.1538,4.0,0.1538,25.8668,4.2369,0.2227
1879,2023/24,22,2024-02-24,Raczkowski P.,Pawel Raczkowski,12,0.5455,26.7737,4.5368,0.3105,26.6667,6.25,0.25,26.7153,5.4713,0.2775
1874,2023/24,22,2024-02-25,Marciniak S.,Szymon Marciniak,17,0.6296,26.7225,4.534,0.3089,25.7647,4.1765,0.1176,26.1194,4.3089,0.1885
1878,2023/24,22,2024-02-25,Jakubik K.,Krzysztof Jakubik,10,0.5,26.7135,4.5417,0.3073,25.5,3.5,0.0,26.1068,4.0208,0.1536
1881,2023/24,22,2024-02-25,Stefanski D.,Daniel Stefanski,11,0.5238,26.6425,4.5233,0.3057,31.0909,6.4545,0.6364,28.9726,5.5349,0.4789
1880,2023/24,22,2024-02-26,Gryckiewicz P.,Patryk Gryckiewicz,6,0.375,26.634,4.5155,0.3144,29.5,5.3333,0.8333,27.7088,4.8222,0.509
1833,2023/24,17,2024-02-28,Krasny S.,Sebastian Krasny,2,0.1667,26.6667,4.5026,0.3128,28.0,4.5,0.0,26.8889,4.5021,0.2607
1882,2023/24,23,2024-03-01,Szczerbowicz M.,Marcin Szczerbowicz,7,0.4118,26.6684,4.5051,0.3214,29.2857,4.2857,0.4286,27.7461,4.4148,0.3655
1888,2023/24,23,2024-03-01,Raczkowski P.,Pawel Raczkowski,13,0.5652,26.6244,4.4924,0.3198,25.9231,6.0769,0.2308,26.228,5.388,0.2695
1883,2023/24,23,2024-03-02,Kwiatkowski T.,Tomasz Kwiatkowski,10,0.5,26.596,4.4798,0.3182,23.7,3.6,0.5,25.148,4.0399,0.4091
1885,2023/24,23,2024-03-02,Lasyk P.,Piotr Lasyk,14,0.5833,26.5678,4.4874,0.3166,25.0,3.9286,0.1429,25.6533,4.1614,0.2152
1890,2023/24,23,2024-03-02,Frankowski B.,Bartosz Frankowski,14,0.5833,26.54,4.485,0.315,24.4286,4.1429,0.5,25.3083,4.2854,0.4229
1884,2023/24,23,2024-03-03,Stefanski D.,Daniel Stefanski,12,0.5455,26.5124,4.5075,0.3134,30.5833,6.1667,0.75,28.7329,5.4125,0.5516
1887,2023/24,23,2024-03-03,Marciniak S.,Szymon Marciniak,18,0.6429,26.5198,4.5198,0.3218,25.7222,4.2778,0.1111,26.0071,4.3642,0.1864
1889,2023/24,23,2024-03-03,Arys K.,Karol Arys,13,0.5652,26.5074,4.5222,0.3202,25.3077,3.5385,0.3077,25.8293,3.9662,0.3131
1886,2023/24,23,2024-03-04,Przybyl J.,Jaroslaw Przybyl,14,0.5833,26.5147,4.5245,0.3186,26.4286,4.1429,0.2143,26.4645,4.3019,0.2578
1892,2023/24,24,2024-03-08,Lasyk P.,Piotr Lasyk,15,0.6,26.5122,4.522,0.3171,24.7333,3.9333,0.1333,25.4449,4.1688,0.2068
1894,2023/24,24,2024-03-08,Myc W.,Wojciech Myc,4,0.2857,26.5243,4.5243,0.3155,31.5,5.0,0.0,27.9459,4.6602,0.2254
1891,2023/24,24,2024-03-09,Musiał T.,Tomasz Musial,16,0.6154,26.5556,4.5362,0.3237,28.125,4.0,0.125,27.5214,4.2062,0.2014
1893,2023/24,24,2024-03-09,Kwiatkowski T.,Tomasz Kwiatkowski,11,0.5238,26.5529,4.5192,0.3221,23.4545,3.8182,0.4545,24.9299,4.152,0.3915
1896,2023/24,24,2024-03-09,Sylwestrzak D.,Damian Sylwestrzak,14,0.5833,26.5455,4.5072,0.3206,28.2857,4.0714,0.2857,27.5606,4.253,0.3002
1895,2023/24,24,2024-03-10,Jakubik K.,Krzysztof Jakubik,11,0.5238,26.5381,4.4952,0.3333,24.3636,3.2727,0.0,25.3991,3.8549,0.1587
1897,2023/24,24,2024-03-10,Malec P.,Pawel Malec,6,0.375,26.5213,4.4834,0.3318,22.8333,5.8333,0.6667,25.1383,4.9896,0.4573
1899,2023/24,24,2024-03-10,Marciniak S.,Szymon Marciniak,19,0.6552,26.5094,4.4717,0.3302,25.6316,4.3158,0.1053,25.9343,4.3696,0.1828
1898,2023/24,24,2024-03-11,Kochanek M.,Marcin Kochanek,4,0.2857,26.4836,4.4648,0.3286,32.0,5.5,0.5,28.0597,4.7606,0.3776
1832,2023/24,17,2024-03-12,Gryckiewicz P.,Patryk Gryckiewicz,7,0.4118,26.4766,4.4626,0.3271,30.0,4.8571,0.7143,27.9274,4.6251,0.4865
1696,2023/24,2,2024-03-13,Przybyl J.,Jaroslaw Przybyl,15,0.6,26.507,4.4651,0.3256,26.4,4.1333,0.2,26.4428,4.266,0.2502
1901,2023/24,25,2024-03-15,Szczerbowicz M.,Marcin Szczerbowicz,8,0.4444,26.5324,4.4676,0.3333,27.875,4.0,0.375,27.1291,4.2598,0.3519
1903,2023/24,25,2024-03-15,Jakubik K.,Krzysztof Jakubik,12,0.5455,26.53,4.4747,0.3318,24.25,3.1667,0.0,25.2863,3.7612,0.1508
1900,2023/24,25,2024-03-16,Raczkowski P.,Pawel Raczkowski,14,0.5833,26.5183,4.4679,0.3303,25.5714,5.7857,0.2143,25.966,5.2366,0.2626
1905,2023/24,25,2024-03-16,Stefanski D.,Daniel Stefanski,13,0.5652,26.484,4.4521,0.3288,30.3846,6.2308,0.8462,28.6887,5.4574,0.6212
1906,2023/24,25,2024-03-16,Marciniak S.,Szymon Marciniak,20,0.6667,26.4818,4.4682,0.3273,25.4,4.25,0.1,25.7606,4.3227,0.1758
1908,2023/24,25,2024-03-16,Arys K.,Karol Arys,14,0.5833,26.4887,4.4615,0.3258,25.5,3.6429,0.2857,25.912,3.984,0.3024
1902,2023/24,25,2024-03-17,Lasyk P.,Piotr Lasyk,16,0.6154,26.5045,4.4685,0.3243,25.0,4.0,0.125,25.5787,4.1802,0.2017
1904,2023/24,25,2024-03-17,Musiał T.,Tomasz Musial,17,0.6296,26.5202,4.4709,0.3229,28.0,3.8235,0.1176,27.4519,4.0633,0.1937
1907,2023/24,25,2024-03-17,Frankowski B.,Bartosz Frankowski,15,0.6,26.5223,4.4732,0.3259,24.2,4.4667,0.4667,25.1289,4.4693,0.4104
1910,2023/24,26,2024-03-30,Myc W.,Wojciech Myc,5,0.3333,26.5067,4.48,0.3244,31.8,5.4,0.4,28.2711,4.7867,0.3496
1911,2023/24,26,2024-03-30,Marciniak S.,Szymon Marciniak,21,0.6774,26.4823,4.469,0.3274,25.5238,4.1905,0.0952,25.833,4.2803,0.1701
1912,2023/24,26,2024-03-30,Malec P.,Pawel Malec,7,0.4118,26.4537,4.4714,0.326,23.0,5.2857,0.5714,25.0316,4.8067,0.4271
1914,2023/24,26,2024-03-30,Sylwestrzak D.,Damian Sylwestrzak,15,0.6,26.4079,4.4649,0.3246,28.0667,3.9333,0.4667,27.4032,4.146,0.4098
1909,2023/24,26,2024-04-01,Przybyl J.,Jaroslaw Przybyl,16,0.6154,26.4585,4.4585,0.3231,26.75,4.1875,0.3125,26.6379,4.2917,0.3166
1913,2023/24,26,2024-04-01,Kwiatkowski T.,Tomasz Kwiatkowski,12,0.5455,26.4391,4.4565,0.3217,23.5833,3.6667,0.4167,24.8814,4.0257,0.3735
1915,2023/24,26,2024-04-01,Stefanski D.,Daniel Stefanski,14,0.5833,26.4502,4.4502,0.3247,30.0714,6.3571,0.7857,28.5626,5.5626,0.5936
1917,2023/24,26,2024-04-01,Jakubik K.,Krzysztof Jakubik,13,0.5652,26.4397,4.4397,0.3233,24.2308,3.1538,0.0,25.1912,3.7129,0.1406
1916,2023/24,26,2024-04-02,Krasny S.,Sebastian Krasny,3,0.2308,26.4163,4.4292,0.3219,27.6667,4.6667,0.6667,26.7049,4.484,0.4015
1918,2023/24,27,2024-04-05,Kochanek M.,Marcin Kochanek,5,0.3333,26.3889,4.4145,0.3205,30.6,5.2,0.4,27.7926,4.6764,0.347
1923,2023/24,27,2024-04-05,Przybyl J.,Jaroslaw Przybyl,17,0.6296,26.3957,4.4255,0.3191,26.4706,4.1765,0.2941,26.4429,4.2687,0.3034
1920,2023/24,27,2024-04-06,Sylwestrzak D.,Damian Sylwestrzak,16,0.6154,26.3686,4.4237,0.3178,28.6875,3.875,0.4375,27.7956,4.086,0.3915
1924,2023/24,27,2024-04-06,Frankowski B.,Bartosz Frankowski,16,0.6154,26.4008,4.443,0.3249,24.125,4.5625,0.4375,25.0003,4.5166,0.3942
1926,2023/24,27,2024-04-06,Raczkowski P.,Pawel Raczkowski,15,0.6,26.4076,4.4538,0.3277,25.1333,5.4667,0.2,25.643,5.0615,0.2511
1921,2023/24,27,2024-04-07,Lasyk P.,Piotr Lasyk,17,0.6296,26.4226,4.4686,0.3347,25.2941,4.0588,0.1176,25.7121,4.2106,0.198
1922,2023/24,27,2024-04-07,Marciniak S.,Szymon Marciniak,22,0.6875,26.3875,4.4583,0.3333,25.2727,4.2273,0.0909,25.6211,4.2995,0.1667
1925,2023/24,27,2024-04-07,Arys K.,Karol Arys,15,0.6,26.3942,4.444,0.332,25.8,3.8,0.2667,26.0377,4.0576,0.2928
1919,2023/24,27,2024-04-08,Kuzma L.,Lukasz Kuzma,7,0.4118,26.3512,4.4421,0.3306,29.4286,5.1429,0.4286,27.6184,4.7307,0.3709
1930,2023/24,28,2024-04-12,Przybyl J.,Jaroslaw Przybyl,18,0.6429,26.3333,4.4362,0.3292,26.1111,4.1667,0.2778,26.1905,4.2629,0.2961
1934,2023/24,28,2024-04-12,Musiał T.,Tomasz Musial,18,0.6429,26.3197,4.4262,0.3279,27.9444,3.8889,0.1667,27.3642,4.0808,0.2242
1931,2023/24,28,2024-04-13,Frankowski B.,Bartosz Frankowski,17,0.6296,26.3388,4.4082,0.3265,24.3529,4.7059,0.4706,25.0884,4.5956,0.4172
1932,2023/24,28,2024-04-13,Lasyk P.,Piotr Lasyk,18,0.6429,26.3171,4.4106,0.3252,24.8889,3.9444,0.1111,25.399,4.1109,0.1876
1933,2023/24,28,2024-04-13,Kuzma L.,Lukasz Kuzma,8,0.4444,26.332,4.4089,0.3239,28.5,4.875,0.375,27.2955,4.6161,0.3466
1927,2023/24,28,2024-04-14,Marciniak S.,Szymon Marciniak,23,0.697,26.3024,4.4113,0.3226,25.3913,4.087,0.087,25.6674,4.1852,0.1584
1928,2023/24,28,2024-04-14,Raczkowski P.,Pawel Raczkowski,16,0.6154,26.2811,4.4056,0.3213,25.4375,5.625,0.3125,25.762,5.156,0.3159
1935,2023/24,28,2024-04-14,Kos D.,Damian Kos,9,0.4737,26.272,4.412,0.324,24.7778,5.7778,0.3333,25.5642,5.0589,0.3284
1929,2023/24,28,2024-04-15,Kwiatkowski T.,Tomasz Kwiatkowski,13,0.5652,26.2629,4.4143,0.3307,24.0,3.6154,0.4615,24.9839,3.9628,0.4046
1938,2023/24,29,2024-04-19,Przybyl J.,Jaroslaw Przybyl,19,0.6552,26.2381,4.4127,0.3294,25.9474,4.0526,0.2632,26.0476,4.1768,0.286
1941,2023/24,29,2024-04-19,Musiał T.,Tomasz Musial,19,0.6552,26.2609,4.4229,0.3281,28.1053,3.6842,0.1579,27.4693,3.9389,0.2166
1937,2023/24,29,2024-04-20,Kwiatkowski T.,Tomasz Kwiatkowski,14,0.5833,26.2402,4.4173,0.3346,23.7143,3.6429,0.4286,24.7667,3.9656,0.3894
1940,2023/24,29,2024-04-20,Frankowski B.,Bartosz Frankowski,18,0.6429,26.2275,4.4039,0.3333,24.1667,4.7222,0.4444,24.9027,4.6085,0.4048
1942,2023/24,29,2024-04-20,Kuzma L.,Lukasz Kuzma,9,0.4737,26.2188,4.3906,0.332,27.4444,4.8889,0.3333,26.7993,4.6266,0.3326
1936,2023/24,29,2024-04-21,Arys K.,Karol Arys,16,0.6154,26.1829,4.393,0.3307,25.1875,3.8125,0.25,25.5703,4.0358,0.2811
1939,2023/24,29,2024-04-21,Marciniak S.,Szymon Marciniak,24,0.7059,26.1899,4.3992,0.3295,25.2083,4.0417,0.0833,25.497,4.1468,0.1557
1944,2023/24,29,2024-04-21,Sylwestrzak D.,Damian Sylwestrzak,17,0.6296,26.1853,4.3938,0.3282,29.0,4.1765,0.5294,27.9575,4.257,0.4549
1943,2023/24,29,2024-04-22,Szczerbowicz M.,Marcin Szczerbowicz,9,0.4737,26.15,4.4,0.3346,27.6667,4.2222,0.3333,26.8684,4.3158,0.334
1946,2023/24,30,2024-04-26,Marciniak S.,Szymon Marciniak,25,0.7143,26.1264,4.387,0.3333,25.2,4.0,0.08,25.4647,4.1106,0.1524
1948,2023/24,30,2024-04-26,Musiał T.,Tomasz Musial,20,0.6667,26.0954,4.3855,0.3321,27.75,3.65,0.25,27.1985,3.8952,0.2774
1945,2023/24,30,2024-04-27,Stefanski D.,Daniel Stefanski,15,0.6,26.0837,4.3688,0.3308,29.6667,6.0667,0.7333,28.2335,5.3875,0.5723
1952,2023/24,30,2024-04-27,Raczkowski P.,Pawel Raczkowski,17,0.6296,26.0795,4.3712,0.3295,25.3529,5.6471,0.3529,25.6221,5.1745,0.3443
1953,2023/24,30,2024-04-27,Myc W.,Wojciech Myc,6,0.375,26.1057,4.3811,0.3321,30.0,4.8333,0.5,27.566,4.5507,0.395
1947,2023/24,30,2024-04-28,Przybyl J.,Jaroslaw Przybyl,20,0.6667,26.0827,4.3835,0.3308,26.25,4.2,0.25,26.1942,4.2612,0.2769
1950,2023/24,30,2024-04-28,Lasyk P.,Piotr Lasyk,19,0.6552,26.0599,4.3783,0.3296,25.1579,3.9474,0.1053,25.4689,4.096,0.1826
1951,2023/24,30,2024-04-28,Sylwestrzak D.,Damian Sylwestrzak,18,0.6429,26.0634,4.3806,0.3284,28.3333,4.2778,0.6111,27.5227,4.3145,0.5101
1949,2023/24,30,2024-04-29,Frankowski B.,Bartosz Frankowski,19,0.6552,26.0632,4.3792,0.3271,24.1579,4.5263,0.4211,24.8149,4.4756,0.3887
1954,2023/24,31,2024-05-03,Kuzma L.,Lukasz Kuzma,10,0.5,26.0407,4.3778,0.3259,26.4,4.9,0.3,26.2204,4.6389,0.313
1959,2023/24,31,2024-05-03,Musiał T.,Tomasz Musial,21,0.6774,26.0185,4.3838,0.3321,27.5238,3.4762,0.2381,27.0382,3.769,0.2684
1955,2023/24,31,2024-05-04,Stefanski D.,Daniel Stefanski,16,0.6154,25.9963,4.375,0.3309,29.375,6.0,0.6875,28.0755,5.375,0.5503
1960,2023/24,31,2024-05-04,Lasyk P.,Piotr Lasyk,20,0.6667,25.9817,4.3663,0.3297,25.25,4.0,0.1,25.4939,4.1221,0.1766
1962,2023/24,31,2024-05-04,Arys K.,Karol Arys,17,0.6296,25.9708,4.3577,0.3285,25.3529,3.9412,0.2353,25.5818,4.0954,0.2698
1956,2023/24,31,2024-05-05,Marciniak S.,Szymon Marciniak,26,0.7222,25.9491,4.3564,0.3345,24.9231,4.0,0.0769,25.2081,4.099,0.1485
1957,2023/24,31,2024-05-05,Przybyl J.,Jaroslaw Przybyl,21,0.6774,25.9384,4.3732,0.3333,25.9524,4.1429,0.2381,25.9479,4.2172,0.2688
1961,2023/24,31,2024-05-05,Frankowski B.,Bartosz Frankowski,20,0.6667,25.9314,4.3899,0.3357,23.95,4.5,0.4,24.6105,4.4633,0.3786
1958,2023/24,31,2024-05-06,Malec P.,Pawel Malec,8,0.4444,25.9317,4.3813,0.3345,22.125,5.0,0.5,24.2398,4.6563,0.4081
1966,2023/24,32,2024-05-10,Kwiatkowski T.,Tomasz Kwiatkowski,15,0.6,25.8781,4.3763,0.3333,23.6667,3.4667,0.4,24.5513,3.8305,0.3733
1971,2023/24,32,2024-05-10,Lasyk P.,Piotr Lasyk,21,0.6774,25.8536,4.3607,0.3321,25.1429,3.9048,0.0952,25.3721,4.0518,0.1717
1963,2023/24,32,2024-05-11,Szczerbowicz M.,Marcin Szczerbowicz,10,0.5,25.8434,4.363,0.3381,26.9,3.9,0.3,26.3717,4.1315,0.319
1964,2023/24,32,2024-05-11,Musiał T.,Tomasz Musial,22,0.6875,25.8333,4.3617,0.3369,27.1818,3.4091,0.2273,26.7604,3.7068,0.2615
1969,2023/24,32,2024-05-11,Kuzma L.,Lukasz Kuzma,11,0.5238,25.8657,4.3498,0.3357,25.8182,5.0,0.4545,25.8408,4.6904,0.3979
1965,2023/24,32,2024-05-12,Marciniak S.,Szymon Marciniak,27,0.7297,25.8697,4.3592,0.3415,24.8519,4.1852,0.0741,25.127,4.2322,0.1464
1967,2023/24,32,2024-05-12,Stefanski D.,Daniel Stefanski,17,0.6296,25.9053,4.3614,0.3404,28.9412,5.7647,0.6471,27.8168,5.245,0.5335
1970,2023/24,32,2024-05-12,Gryckiewicz P.,Patryk Gryckiewicz,8,0.4444,25.9231,4.3636,0.3392,30.375,4.875,0.625,27.9017,4.5909,0.4662
1968,2023/24,32,2024-05-13,Raczkowski P.,Pawel Raczkowski,18,0.6429,25.8571,4.3554,0.338,25.7778,5.7222,0.3889,25.8061,5.2341,0.3707
1973,2023/24,33,2024-05-17,Arys K.,Karol Arys,18,0.6429,25.8368,4.3542,0.3368,25.0556,3.9444,0.3333,25.3346,4.0908,0.3346
1977,2023/24,33,2024-05-17,Marciniak S.,Szymon Marciniak,28,0.7368,25.8304,4.3529,0.3426,25.25,4.2143,0.0714,25.4027,4.2508,0.1428
1975,2023/24,33,2024-05-18,Malec P.,Pawel Malec,9,0.4737,25.8069,4.3448,0.3414,20.8889,4.7778,0.4444,23.4773,4.5499,0.3902
1976,2023/24,33,2024-05-18,Przybyl J.,Jaroslaw Przybyl,22,0.6875,25.8144,4.3436,0.3402,25.8636,4.3636,0.2727,25.8483,4.3574,0.2938
1980,2023/24,33,2024-05-18,Frankowski B.,Bartosz Frankowski,21,0.6774,25.8116,4.3459,0.339,24.0476,4.381,0.381,24.6167,4.3696,0.3674
1972,2023/24,33,2024-05-19,Sylwestrzak D.,Damian Sylwestrzak,19,0.6552,25.8055,4.3413,0.3447,28.2105,4.2632,0.5789,27.3812,4.2901,0.4982
1978,2023/24,33,2024-05-19,Musiał T.,Tomasz Musial,23,0.697,25.8027,4.3435,0.3435,27.5217,3.3043,0.2174,27.0008,3.6193,0.2556
1979,2023/24,33,2024-05-19,Lasyk P.,Piotr Lasyk,22,0.6875,25.7966,4.3322,0.3424,25.0455,3.9545,0.1818,25.2802,4.0726,0.232
1974,2023/24,33,2024-05-20,Krasny S.,Sebastian Krasny,4,0.2857,25.7872,4.3412,0.3412,25.75,3.75,0.5,25.7765,4.1723,0.3866
1981,2023/24,34,2024-05-25,Raczkowski P.,Pawel Raczkowski,19,0.6552,25.7912,4.3468,0.3468,25.4737,5.6316,0.3684,25.5832,5.1886,0.361
1982,2023/24,34,2024-05-25,Stefanski D.,Daniel Stefanski,18,0.6429,25.7919,4.3523,0.3456,29.0556,5.7222,0.6111,27.89,5.233,0.5163
1983,2023/24,34,2024-05-25,Gryckiewicz P.,Patryk Gryckiewicz,9,0.4737,25.7993,4.3813,0.3478,27.7778,4.5556,0.5556,26.7365,4.4638,0.4462
1984,2023/24,34,2024-05-25,Przybyl J.,Jaroslaw Przybyl,23,0.697,25.8167,4.3833,0.3467,25.8261,4.3913,0.2609,25.8232,4.3889,0.2869
1985,2023/24,34,2024-05-25,Kuzma L.,Lukasz Kuzma,12,0.5455,25.794,4.3953,0.3455,25.9167,5.1667,0.5833,25.8609,4.8161,0.4752
1986,2023/24,34,2024-05-25,Szczerbowicz M.,Marcin Szczerbowicz,11,0.5238,25.7914,4.3974,0.3444,26.5455,3.9091,0.2727,26.1864,4.1416,0.3068
1987,2023/24,34,2024-05-25,Marciniak S.,Szymon Marciniak,29,0.7436,25.7822,4.4026,0.3432,25.0345,4.1379,0.069,25.2262,4.2058,0.1393
1988,2023/24,34,2024-05-25,Kos D.,Damian Kos,10,0.5,25.7895,4.4046,0.3421,24.7,5.7,0.5,25.2447,5.0523,0.4211
1989,2023/24,34,2024-05-25,Kochanek M.,Marcin Kochanek,6,0.375,25.7836,4.4,0.3443,30.1667,5.5,0.3333,27.4273,4.8125,0.3402
2014,2024/25,1,2024-07-19,Kos D.,Damian Kos,11,0.5238,25.781,4.3954,0.3464,24.6364,5.4545,0.5455,25.1815,4.9502,0.4507
2015,2024/25,1,2024-07-19,Gryckiewicz P.,Patryk Gryckiewicz,10,0.5,25.8046,4.4007,0.3453,28.1,4.6,0.5,26.9523,4.5003,0.4226
2016,2024/25,1,2024-07-20,Raczkowski P.,Pawel Raczkowski,20,0.6667,25.7792,4.3994,0.3442,25.5,5.65,0.35,25.5931,5.2331,0.3481
2017,2024/25,1,2024-07-20,Szczerbowicz M.,Marcin Szczerbowicz,12,0.5455,25.7702,4.4045,0.343,26.25,4.0833,0.25,26.0319,4.2293,0.2923
2018,2024/25,1,2024-07-20,Lasyk P.,Piotr Lasyk,23,0.697,25.7742,4.4032,0.3419,24.9565,4.087,0.1739,25.2043,4.1828,0.2248
2019,2024/25,1,2024-07-21,Stefanski D.,Daniel Stefanski,19,0.6552,25.7685,4.3923,0.3441,29.0,6.1053,0.6316,27.8857,5.5146,0.5324
2020,2024/25,1,2024-07-21,Sylwestrzak D.,Damian Sylwestrzak,20,0.6667,25.7692,4.391,0.3429,28.05,4.3,0.55,27.2897,4.3303,0.481
2021,2024/25,1,2024-07-21,Przybyl J.,Jaroslaw Przybyl,24,0.7059,25.7572,4.3866,0.3419,25.5417,4.5417,0.25,25.6051,4.4961,0.277
2022,2024/25,1,2024-07-22,Myc W.,Wojciech Myc,7,0.4118,25.7643,4.3854,0.3408,28.5714,4.8571,0.4286,26.9202,4.5796,0.3769
2023,2024/25,2,2024-07-26,Stefanski D.,Daniel Stefanski,20,0.6667,25.7619,4.3841,0.346,28.85,6.0,0.6,27.8206,5.4614,0.5153
2024,2024/25,2,2024-07-26,Sylwestrzak D.,Damian Sylwestrzak,21,0.6774,25.7373,4.3797,0.3449,27.7619,4.2381,0.5238,27.1088,4.2838,0.4661
2025,2024/25,2,2024-07-27,Kuzma L.,Lukasz Kuzma,13,0.5652,25.7319,4.3785,0.3438,25.8462,5.1538,0.5385,25.7965,4.8168,0.4538
2026,2024/25,2,2024-07-27,Lasyk P.,Piotr Lasyk,24,0.7059,25.7358,4.3648,0.3428,24.9167,3.9583,0.2083,25.1576,4.0779,0.2479
2027,2024/25,2,2024-07-27,Marciniak S.,Szymon Marciniak,30,0.75,25.7085,4.3542,0.3417,25.1333,4.1667,0.0667,25.2771,4.2136,0.1354
2028,2024/25,2,2024-07-28,Malec P.,Pawel Malec,10,0.5,25.7031,4.3531,0.3406,21.6,4.7,0.4,23.6516,4.5266,0.3703
2029,2024/25,2,2024-07-28,Raczkowski P.,Pawel Raczkowski,21,0.6774,25.6854,4.3458,0.3396,25.381,5.6667,0.3333,25.4791,5.2406,0.3353
2030,2024/25,2,2024-07-28,Arys K.,Karol Arys,19,0.6552,25.6832,4.3478,0.3385,25.0,3.9474,0.4211,25.2356,4.0855,0.3926
2031,2024/25,2,2024-07-29,Kwiatkowski T.,Tomasz Kwiatkowski,16,0.6154,25.7121,4.3498,0.3375,23.375,3.25,0.375,24.2739,3.673,0.3606
2032,2024/25,3,2024-08-02,Gryckiewicz P.,Patryk Gryckiewicz,11,0.5238,25.6944,4.3488,0.3364,27.1818,4.5455,0.4545,26.4735,4.4518,0.3983
2033,2024/25,3,2024-08-02,Marciniak S.,Szymon Marciniak,31,0.7561,25.6738,4.3508,0.3354,25.0968,4.1613,0.0645,25.2375,4.2075,0.1306
2034,2024/25,3,2024-08-03,Frankowski B.,Bartosz Frankowski,22,0.6875,25.6503,4.3374,0.3344,24.0455,4.3182,0.4545,24.547,4.3242,0.417
2035,2024/25,3,2024-08-03,Sylwestrzak D.,Damian Sylwestrzak,22,0.6875,25.6483,4.3303,0.3333,27.5909,4.2273,0.5,26.9838,4.2595,0.4479
2036,2024/25,3,2024-08-03,Szczerbowicz M.,Marcin Szczerbowicz,13,0.5652,25.6524,4.3293,0.3323,26.3077,4.0769,0.2308,26.0228,4.1866,0.2749
2037,2024/25,3,2024-08-04,Kochanek M.,Marcin Kochanek,7,0.4118,25.6383,4.3252,0.3313,29.4286,5.1429,0.4286,27.199,4.6619,0.3714
2039,2024/25,3,2024-08-04,Kuzma L.,Lukasz Kuzma,14,0.5833,25.6212,4.3242,0.3303,25.9286,4.7857,0.5,25.8005,4.5934,0.4293
2040,2024/25,3,2024-08-05,Przybyl J.,Jaroslaw Przybyl,25,0.7143,25.5952,4.3293,0.3293,25.64,4.52,0.24,25.6272,4.4655,0.2655
2047,2024/25,4,2024-08-09,Szczerbowicz M.,Marcin Szczerbowicz,14,0.5833,25.6084,4.3373,0.3283,25.9286,4.0,0.2143,25.7952,4.1406,0.2618
2048,2024/25,4,2024-08-09,Marciniak S.,Szymon Marciniak,32,0.7619,25.6126,4.3303,0.3273,24.875,4.0312,0.0625,25.0506,4.1025,0.1256
2041,2024/25,4,2024-08-10,Myc W.,Wojciech Myc,8,0.4444,25.6078,4.3263,0.3263,28.125,4.75,0.625,26.7265,4.5146,0.4591
2045,2024/25,4,2024-08-10,Kos D.,Damian Kos,12,0.5455,25.6478,4.3313,0.3254,25.3333,5.5,0.5,25.4763,4.9688,0.4206
2042,2024/25,4,2024-08-11,Raczkowski P.,Pawel Raczkowski,22,0.6875,25.631,4.3333,0.3244,25.3636,5.6364,0.3182,25.4472,5.2292,0.3201
2046,2024/25,4,2024-08-11,Malec P.,Pawel Malec,11,0.5238,25.6172,4.3294,0.3234,21.4545,4.4545,0.3636,23.4368,4.3949,0.3445
2049,2024/25,4,2024-08-11,Arys K.,Karol Arys,20,0.6667,25.6036,4.3254,0.3225,25.5,4.0,0.4,25.5345,4.1085,0.3742
2044,2024/25,4,2024-08-12,Kwiatkowski T.,Tomasz Kwiatkowski,17,0.6296,25.5634,4.3127,0.3245,23.1765,3.2941,0.3529,24.0605,3.6714,0.3424
2050,2024/25,5,2024-08-16,Gryckiewicz P.,Patryk Gryckiewicz,12,0.5455,25.5676,4.3059,0.3235,26.5,4.5833,0.4167,26.0762,4.4572,0.3743
2056,2024/25,5,2024-08-16,Kochanek M.,Marcin Kochanek,8,0.4444,25.566,4.3079,0.3226,28.25,5.0,0.375,26.7589,4.6155,0.3459
2052,2024/25,5,2024-08-17,Marciniak S.,Szymon Marciniak,33,0.7674,25.5468,4.3041,0.3216,24.8485,4.0,0.0606,25.0109,4.0707,0.1213
2053,2024/25,5,2024-08-17,Malec P.,Pawel Malec,12,0.5455,25.519,4.3003,0.3207,21.4167,4.3333,0.3333,23.2813,4.3183,0.3276
2055,2024/25,5,2024-08-17,Lasyk P.,Piotr Lasyk,25,0.7143,25.5087,4.3023,0.3198,24.6,3.84,0.2,24.8596,3.9721,0.2342
2051,2024/25,5,2024-08-18,Kuzma L.,Lukasz Kuzma,15,0.6,25.4899,4.2928,0.3188,25.3333,4.8667,0.4667,25.3959,4.6371,0.4075
2054,2024/25,5,2024-08-18,Sylwestrzak D.,Damian Sylwestrzak,23,0.697,25.4682,4.2948,0.3179,27.5652,4.2174,0.4783,26.9298,4.2408,0.4297
2058,2024/25,5,2024-08-18,Stefanski D.,Daniel Stefanski,21,0.6774,25.4669,4.2968,0.317,28.3333,5.8571,0.5714,27.4087,5.3538,0.4894
2057,2024/25,5,2024-08-19,Kos D.,Damian Kos,13,0.5652,25.4856,4.3017,0.319,24.9231,5.4615,0.4615,25.1677,4.9573,0.3996
2063,2024/25,6,2024-08-23,Myc W.,Wojciech Myc,9,0.4737,25.4642,4.3037,0.3181,29.3333,4.8889,0.5556,27.2969,4.5809,0.4306
2066,2024/25,6,2024-08-23,Gryckiewicz P.,Patryk Gryckiewicz,13,0.5652,25.4743,4.3029,0.3171,26.3846,4.6154,0.3846,25.9888,4.4795,0.3553
2059,2024/25,6,2024-08-24,Malec P.,Pawel Malec,13,0.5652,25.5014,4.3162,0.3219,21.4615,4.3846,0.3077,23.218,4.3549,0.3139
2064,2024/25,6,2024-08-24,Kuzma L.,Lukasz Kuzma,16,0.6154,25.4858,4.3097,0.3267,24.875,4.875,0.4375,25.1099,4.6576,0.3949
2065,2024/25,6,2024-08-24,Raczkowski P.,Pawel Raczkowski,23,0.697,25.4759,4.3088,0.3258,25.1739,5.5217,0.3043,25.2654,5.1542,0.3108
2060,2024/25,6,2024-08-25,Stefanski D.,Daniel Stefanski,22,0.6875,25.4887,4.3107,0.3249,28.5,5.8636,0.5909,27.559,5.3784,0.5078
2062,2024/25,6,2024-08-25,Lasyk P.,Piotr Lasyk,26,0.7222,25.4958,4.307,0.3239,24.3846,3.7308,0.1923,24.6933,3.8908,0.2289
2067,2024/25,6,2024-08-25,Marciniak S.,Szymon Marciniak,34,0.7727,25.4691,4.3146,0.3258,24.5882,3.9706,0.0588,24.7884,4.0488,0.1195
2061,2024/25,6,2024-08-26,Krasny S.,Sebastian Krasny,5,0.3333,25.4594,4.3193,0.3249,26.0,4.2,0.8,25.6396,4.2796,0.4833
2075,2024/25,7,2024-08-30,Szczerbowicz M.,Marcin Szczerbowicz,15,0.6,25.4637,4.3128,0.324,26.0,3.8667,0.2,25.7855,4.0451,0.2496
2076,2024/25,7,2024-08-30,Marciniak S.,Szymon Marciniak,35,0.7778,25.468,4.3092,0.3231,24.5143,4.0286,0.0571,24.7262,4.0909,0.1162
2070,2024/25,7,2024-08-31,Myc W.,Wojciech Myc,10,0.5,25.475,4.3056,0.325,29.3,4.8,0.5,27.3875,4.5528,0.4125
2073,2024/25,7,2024-08-31,Sylwestrzak D.,Damian Sylwestrzak,24,0.7059,25.4515,4.2964,0.3241,27.4583,4.25,0.4583,26.8681,4.2636,0.4189
2074,2024/25,7,2024-08-31,Przybyl J.,Jaroslaw Przybyl,26,0.7222,25.4779,4.2928,0.3232,25.8077,4.6154,0.2308,25.7161,4.5258,0.2564
2068,2024/25,7,2024-09-01,Arys K.,Karol Arys,21,0.6774,25.4904,4.2948,0.3223,24.8571,3.8095,0.4286,25.0614,3.9661,0.3943
2069,2024/25,7,2024-09-01,Kwiatkowski T.,Tomasz Kwiatkowski,18,0.6429,25.4863,4.294,0.3214,23.3889,3.2222,0.3333,24.138,3.605,0.3291
2071,2024/25,7,2024-09-01,Kos D.,Damian Kos,14,0.5833,25.474,4.3041,0.326,24.4286,5.4286,0.4286,24.8642,4.96,0.3858
2072,2024/25,7,2024-09-01,Raczkowski P.,Pawel Raczkowski,24,0.7059,25.4836,4.3115,0.3251,25.375,5.5,0.2917,25.4069,5.1504,0.3015
2078,2024/25,8,2024-09-13,Raczkowski P.,Pawel Raczkowski,25,0.7143,25.4877,4.3161,0.3243,25.44,5.52,0.28,25.4536,5.176,0.2926
2083,2024/25,8,2024-09-13,Gryckiewicz P.,Patryk Gryckiewicz,14,0.5833,25.4891,4.3179,0.3234,27.0,4.9286,0.5,26.3705,4.6741,0.4264
2077,2024/25,8,2024-09-14,Lasyk P.,Piotr Lasyk,27,0.7297,25.4878,4.3144,0.3225,24.0741,3.8519,0.2222,24.4562,3.9769,0.2493
2080,2024/25,8,2024-09-14,Stefanski D.,Daniel Stefanski,23,0.697,25.4676,4.3189,0.327,28.4783,5.7391,0.5652,27.5659,5.3088,0.493
2081,2024/25,8,2024-09-14,Sylwestrzak D.,Damian Sylwestrzak,25,0.7143,25.4798,4.3181,0.3288,27.76,4.2,0.44,27.1085,4.2337,0.4082
2079,2024/25,8,2024-09-15,Kuzma L.,Lukasz Kuzma,17,0.6296,25.4624,4.3226,0.328,24.7059,4.8235,0.4118,24.9861,4.638,0.3807
2082,2024/25,8,2024-09-15,Przybyl J.,Jaroslaw Przybyl,27,0.7297,25.4745,4.3244,0.3271,25.963,4.6296,0.2222,25.831,4.5471,0.2506
2084,2024/25,8,2024-09-15,Kwiatkowski T.,Tomasz Kwiatkowski,19,0.6552,25.4706,4.3342,0.3262,23.2632,3.4737,0.4211,24.0243,3.7704,0.3883
2089,2024/25,9,2024-09-20,Myc W.,Wojciech Myc,11,0.5238,25.4747,4.3307,0.3253,28.1818,4.4545,0.4545,26.8927,4.3956,0.393
2091,2024/25,9,2024-09-20,Raczkowski P.,Pawel Raczkowski,26,0.7222,25.4654,4.3324,0.3245,25.4615,5.5,0.2692,25.4626,5.1757,0.2846
2086,2024/25,9,2024-09-21,Stefanski D.,Daniel Stefanski,24,0.7059,25.4748,4.3475,0.3236,28.5417,5.6667,0.5833,27.6396,5.2787,0.5069
2087,2024/25,9,2024-09-21,Przybyl J.,Jaroslaw Przybyl,28,0.7368,25.4894,4.3413,0.3228,25.8929,4.75,0.2143,25.7867,4.6424,0.2428
2090,2024/25,9,2024-09-21,Krasny S.,Sebastian Krasny,6,0.375,25.4987,4.3404,0.3219,26.1667,3.8333,0.6667,25.7492,4.1502,0.4512
2094,2024/25,9,2024-09-21,Kuzma L.,Lukasz Kuzma,18,0.6429,25.4868,4.3579,0.3263,25.0,4.8333,0.3889,25.1739,4.6635,0.3665
2088,2024/25,9,2024-09-22,Lasyk P.,Piotr Lasyk,28,0.7368,25.4934,4.3543,0.3255,23.8571,3.9286,0.2857,24.2877,4.0406,0.2962
2092,2024/25,9,2024-09-22,Malec P.,Pawel Malec,14,0.5833,25.4895,4.3455,0.3246,21.3571,4.2143,0.4286,23.079,4.269,0.3853
2093,2024/25,9,2024-09-22,Kochanek M.,Marcin Kochanek,9,0.4737,25.47,4.342,0.3238,27.2222,4.7778,0.3333,26.3,4.5484,0.3283
2043,2024/25,4,2024-09-25,Malec P.,Pawel Malec,15,0.6,25.4453,4.3359,0.3229,21.1333,4.1333,0.4,22.8581,4.2144,0.3692
2096,2024/25,10,2024-09-27,Raczkowski P.,Pawel Raczkowski,27,0.7297,25.4234,4.3351,0.3221,25.5926,5.6667,0.2593,25.5469,5.3068,0.2762
2099,2024/25,10,2024-09-27,Marciniak S.,Szymon Marciniak,36,0.7826,25.4067,4.3368,0.3212,24.6111,4.0,0.0833,24.7841,4.0732,0.1351
2100,2024/25,10,2024-09-28,Kuzma L.,Lukasz Kuzma,19,0.6552,25.4005,4.3411,0.3204,25.1579,4.7368,0.3684,25.2416,4.6004,0.3519
2101,2024/25,10,2024-09-28,Szczerbowicz M.,Marcin Szczerbowicz,16,0.6154,25.3969,4.3351,0.3196,26.0625,3.8125,0.1875,25.8065,4.0135,0.2383
2103,2024/25,10,2024-09-28,Kos D.,Damian Kos,15,0.6,25.3985,4.3368,0.3188,24.7333,5.5333,0.4,24.9994,5.0547,0.3675
2097,2024/25,10,2024-09-29,Arys K.,Karol Arys,22,0.6875,25.441,4.341,0.3179,24.8182,3.8182,0.4091,25.0128,3.9816,0.3806
2098,2024/25,10,2024-09-29,Lasyk P.,Piotr Lasyk,29,0.7436,25.4373,4.3325,0.3171,23.8621,3.8276,0.2759,24.266,3.957,0.2864
2102,2024/25,10,2024-09-29,Myc W.,Wojciech Myc,12,0.5455,25.4464,4.3342,0.3163,27.6667,4.5,0.4167,26.6575,4.4246,0.3711
2095,2024/25,10,2024-09-30,Gryckiewicz P.,Patryk Gryckiewicz,15,0.6,25.4733,4.3308,0.3155,26.8667,4.8,0.4667,26.3093,4.6123,0.4062
2108,2024/25,11,2024-10-04,Arys K.,Karol Arys,23,0.697,25.4594,4.335,0.3198,24.7826,3.6957,0.3913,24.9877,3.8894,0.3696
2111,2024/25,11,2024-10-04,Stefanski D.,Daniel Stefanski,25,0.7143,25.443,4.3266,0.319,28.64,5.52,0.56,27.7266,5.179,0.4911
2104,2024/25,11,2024-10-05,Kwiatkowski T.,Tomasz Kwiatkowski,20,0.6667,25.4444,4.3283,0.3182,23.45,3.45,0.4,24.1148,3.7428,0.3727
2106,2024/25,11,2024-10-05,Kuzma L.,Lukasz Kuzma,20,0.6667,25.4232,4.3275,0.3174,25.1,4.6,0.35,25.2077,4.5092,0.3391
2109,2024/25,11,2024-10-05,Przybyl J.,Jaroslaw Przybyl,29,0.7436,25.4121,4.3266,0.3166,26.0,4.7241,0.2069,25.8492,4.6222,0.235
2110,2024/25,11,2024-10-05,Krasny S.,Sebastian Krasny,7,0.4118,25.416,4.3283,0.3158,25.4286,4.8571,0.8571,25.4212,4.5461,0.5387
2105,2024/25,11,2024-10-06,Marciniak S.,Szymon Marciniak,37,0.7872,25.4025,4.325,0.315,24.5676,4.0541,0.0811,24.7452,4.1117,0.1309
2107,2024/25,11,2024-10-06,Sylwestrzak D.,Damian Sylwestrzak,26,0.7222,25.3965,4.3317,0.3142,27.4231,4.2692,0.4231,26.8601,4.2866,0.3928
2112,2024/25,11,2024-10-06,Myc W.,Wojciech Myc,13,0.5652,25.393,4.3358,0.3184,28.3077,4.3846,0.3846,27.0404,4.3634,0.3558
2117,2024/25,12,2024-10-18,Kwiatkowski T.,Tomasz Kwiatkowski,21,0.6774,25.402,4.34,0.3176,23.1429,3.4762,0.381,23.8716,3.7548,0.3605
2118,2024/25,12,2024-10-18,Lasyk P.,Piotr Lasyk,30,0.75,25.3936,4.3441,0.3168,24.0333,3.8667,0.2667,24.3734,3.986,0.2792
2113,2024/25,12,2024-10-19,Przybyl J.,Jaroslaw Przybyl,30,0.75,25.3926,4.3407,0.316,26.0333,4.7333,0.2,25.8731,4.6352,0.229
2116,2024/25,12,2024-10-19,Stefanski D.,Daniel Stefanski,26,0.7222,25.4138,4.3424,0.3153,28.5385,5.5,0.5385,27.6705,5.1784,0.4765
2119,2024/25,12,2024-10-19,Sylwestrzak D.,Damian Sylwestrzak,27,0.7297,25.3956,4.3342,0.3145,27.2963,4.3333,0.4815,26.7826,4.3336,0.4364
2114,2024/25,12,2024-10-20,Gryckiewicz P.,Patryk Gryckiewicz,16,0.6154,25.3897,4.3333,0.3137,26.4375,4.875,0.5625,26.0345,4.6667,0.4668
2115,2024/25,12,2024-10-20,Szczerbowicz M.,Marcin Szczerbowicz,17,0.6296,25.3961,4.3301,0.313,26.0588,3.8824,0.1765,25.8134,4.0482,0.227
2121,2024/25,12,2024-10-20,Raczkowski P.,Pawel Raczkowski,28,0.7368,25.3732,4.339,0.3122,25.3571,5.6429,0.25,25.3614,5.2997,0.2664
2120,2024/25,12,2024-10-21,Malec P.,Pawel Malec,16,0.6154,25.3504,4.3333,0.3187,20.875,4.125,0.375,22.5963,4.2051,0.3534
2085,2024/25,8,2024-10-23,Kochanek M.,Marcin Kochanek,10,0.5,25.3641,4.3301,0.318,26.1,4.5,0.3,25.732,4.415,0.309
2126,2024/25,13,2024-10-25,Listkiewicz T.,Tomasz Listkiewicz,0,0.0,25.3487,4.3293,0.3172,25.3487,4.3293,0.3172,25.3487,4.3293,0.3172
2127,2024/25,13,2024-10-25,Przybyl J.,Jaroslaw Przybyl,31,0.7561,25.3406,4.3333,0.3164,26.2903,4.7419,0.1935,26.0587,4.6423,0.2235
2122,2024/25,13,2024-10-26,Kochanek M.,Marcin Kochanek,11,0.5238,25.3494,4.3325,0.3157,25.4545,4.4545,0.2727,25.4045,4.3964,0.2932
2124,2024/25,13,2024-10-26,Myc W.,Wojciech Myc,14,0.5833,25.3317,4.3365,0.3149,28.3571,4.5,0.3571,27.0966,4.4319,0.3395
2130,2024/25,13,2024-10-26,Marciniak S.,Szymon Marciniak,38,0.7917,25.3501,4.3333,0.3141,24.5263,4.1316,0.0789,24.6979,4.1736,0.1279
2123,2024/25,13,2024-10-27,Lasyk P.,Piotr Lasyk,31,0.7561,25.3565,4.3349,0.3134,24.0645,3.8387,0.2581,24.3796,3.9597,0.2716
2125,2024/25,13,2024-10-27,Arys K.,Karol Arys,24,0.7059,25.3723,4.3317,0.3126,24.5417,3.5833,0.375,24.786,3.8035,0.3567
2128,2024/25,13,2024-10-27,Kos D.,Damian Kos,16,0.6154,25.3524,4.3286,0.3119,25.8125,5.5625,0.375,25.6355,5.0879,0.3507
2129,2024/25,13,2024-10-27,Kuzma L.,Lukasz Kuzma,21,0.6774,25.3563,4.323,0.3135,24.9048,4.5714,0.3333,25.0504,4.4913,0.3269
2136,2024/25,14,2024-11-02,Kuzma L.,Lukasz Kuzma,22,0.6875,25.3412,4.3223,0.3128,24.6364,4.5455,0.3182,24.8566,4.4757,0.3165
2137,2024/25,14,2024-11-02,Raczkowski P.,Pawel Raczkowski,29,0.7436,25.331,4.3239,0.3121,25.0345,5.5172,0.3448,25.1105,5.2113,0.3364
2139,2024/25,14,2024-11-02,Kwiatkowski T.,Tomasz Kwiatkowski,22,0.6875,25.316,4.3302,0.3137,23.0909,3.5909,0.3636,23.7863,3.8219,0.348
2132,2024/25,14,2024-11-03,Stefanski D.,Daniel Stefanski,27,0.7297,25.3247,4.3318,0.3129,28.1481,5.3333,0.5185,27.3851,5.0626,0.463
2134,2024/25,14,2024-11-03,Gryckiewicz P.,Patryk Gryckiewicz,17,0.6296,25.3216,4.3333,0.3122,26.5294,4.7647,0.5294,26.0821,4.6049,0.449
2135,2024/25,14,2024-11-03,Sylwestrzak D.,Damian Sylwestrzak,28,0.7368,25.3232,4.3419,0.3162,27.1429,4.3214,0.4643,26.664,4.3268,0.4253
2138,2024/25,14,2024-11-03,Marciniak S.,Szymon Marciniak,39,0.7959,25.3318,4.3388,0.3154,24.6154,4.1538,0.0769,24.7616,4.1916,0.1256
2131,2024/25,14,2024-11-04,Myc W.,Wojciech Myc,15,0.6,25.3287,4.3333,0.3147,28.6667,4.4,0.3333,27.3315,4.3733,0.3259
2133,2024/25,14,2024-11-04,Malec P.,Pawel Malec,17,0.6296,25.307,4.3279,0.314,21.4706,4.0588,0.3529,22.8915,4.1585,0.3385
2144,2024/25,15,2024-11-08,Arys K.,Karol Arys,25,0.7143,25.3109,4.3341,0.3132,24.24,3.56,0.36,24.546,3.7812,0.3466
2145,2024/25,15,2024-11-08,Lasyk P.,Piotr Lasyk,32,0.7619,25.3148,4.3264,0.3125,24.3125,3.8125,0.25,24.5511,3.9349,0.2649
2140,2024/25,15,2024-11-09,Sylwestrzak D.,Damian Sylwestrzak,29,0.7436,25.3025,4.3233,0.3118,27.2069,4.2759,0.4483,26.7186,4.288,0.4133
2142,2024/25,15,2024-11-09,Kwiatkowski T.,Tomasz Kwiatkowski,23,0.697,25.2903,4.3341,0.3111,23.3478,3.6522,0.3478,23.9365,3.8588,0.3367
2147,2024/25,15,2024-11-09,Stefanski D.,Daniel Stefanski,28,0.7368,25.2805,4.3379,0.3103,28.0,5.3214,0.5,27.2843,5.0626,0.4501
2148,2024/25,15,2024-11-09,Kos D.,Damian Kos,17,0.6296,25.2523,4.3349,0.3096,25.8824,5.3529,0.4118,25.649,4.9759,0.3739
2141,2024/25,15,2024-11-10,Przybyl J.,Jaroslaw Przybyl,32,0.7619,25.2609,4.3387,0.3089,26.375,4.7188,0.1875,26.1097,4.6283,0.2164
2143,2024/25,15,2024-11-10,Marciniak S.,Szymon Marciniak,40,0.8,25.2717,4.347,0.3128,24.6,4.1,0.075,24.7343,4.1494,0.1226
2146,2024/25,15,2024-11-10,Kochanek M.,Marcin Kochanek,12,0.5455,25.2779,4.3508,0.3121,24.8333,4.5833,0.25,25.0354,4.4776,0.2782
2150,2024/25,16,2024-11-22,Arys K.,Karol Arys,26,0.7222,25.2727,4.3455,0.3114,24.3462,3.4615,0.3462,24.6035,3.7071,0.3365
2151,2024/25,16,2024-11-22,Gryckiewicz P.,Patryk Gryckiewicz,18,0.6429,25.2721,4.3401,0.3107,26.5,4.9444,0.6111,26.0615,4.7286,0.5038
2152,2024/25,16,2024-11-23,Kuzma L.,Lukasz Kuzma,23,0.697,25.2557,4.3371,0.31,24.4783,4.5652,0.3043,24.7138,4.4961,0.306
2153,2024/25,16,2024-11-23,Marciniak S.,Szymon Marciniak,41,0.8039,25.2506,4.3318,0.3093,24.6829,4.1463,0.0732,24.7942,4.1827,0.1195
2154,2024/25,16,2024-11-23,Lasyk P.,Piotr Lasyk,33,0.7674,25.2252,4.3221,0.3086,24.1818,3.7879,0.2424,24.4245,3.9121,0.2578
2149,2024/25,16,2024-11-24,Raczkowski P.,Pawel Raczkowski,30,0.75,25.2135,4.3191,0.3079,24.8333,5.5667,0.3667,24.9284,5.2548,0.352
2156,2024/25,16,2024-11-24,Krasny S.,Sebastian Krasny,8,0.4444,25.2152,4.3184,0.3094,24.75,4.625,0.75,25.0085,4.4547,0.5052
2157,2024/25,16,2024-11-24,Myc W.,Wojciech Myc,16,0.6154,25.2081,4.3154,0.3087,27.875,4.25,0.3125,26.8493,4.2752,0.311
2155,2024/25,16,2024-11-25,Szczerbowicz M.,Marcin Szczerbowicz,18,0.6429,25.2232,4.3125,0.308,25.5,4.1111,0.1667,25.4011,4.183,0.2172
2158,2024/25,17,2024-11-29,Kos D.,Damian Kos,18,0.6429,25.2383,4.3163,0.3118,26.0556,5.3889,0.3889,25.7637,5.0058,0.3614
2162,2024/25,17,2024-11-29,Myc W.,Wojciech Myc,17,0.6296,25.2378,4.3178,0.3133,28.1176,4.1765,0.2941,27.051,4.2288,0.3012
2159,2024/25,17,2024-11-30,Kochanek M.,Marcin Kochanek,13,0.5652,25.2395,4.3259,0.3126,24.6923,4.3846,0.2308,24.9302,4.3591,0.2664
2165,2024/25,17,2024-11-30,Kuzma L.,Lukasz Kuzma,24,0.7059,25.2235,4.3208,0.3119,24.4167,4.4583,0.2917,24.654,4.4179,0.2976
2166,2024/25,17,2024-11-30,Lasyk P.,Piotr Lasyk,34,0.7727,25.2053,4.3157,0.3113,24.0588,3.7647,0.2353,24.3194,3.8899,0.2526
2160,2024/25,17,2024-12-01,Sylwestrzak D.,Damian Sylwestrzak,30,0.75,25.2093,4.3238,0.3106,26.9667,4.4333,0.4333,26.5273,4.4059,0.4026
2163,2024/25,17,2024-12-01,Marciniak S.,Szymon Marciniak,42,0.8077,25.1978,4.3275,0.3099,24.4286,4.0476,0.0714,24.5765,4.1014,0.1173
2164,2024/25,17,2024-12-01,Arys K.,Karol Arys,27,0.7297,25.1908,4.3246,0.3092,24.3704,3.4074,0.3333,24.5921,3.6553,0.3268
2161,2024/25,17,2024-12-02,Kwiatkowski T.,Tomasz Kwiatkowski,24,0.7059,25.1794,4.3195,0.3085,23.25,3.75,0.3333,23.8175,3.9175,0.326
2167,2024/25,18,2024-12-06,Marciniak S.,Szymon Marciniak,43,0.8113,25.1703,4.3231,0.3079,24.3721,4.0233,0.0698,24.5227,4.0798,0.1147
2173,2024/25,18,2024-12-06,Gryckiewicz P.,Patryk Gryckiewicz,19,0.6552,25.183,4.329,0.3115,26.0526,4.8421,0.5789,25.7528,4.6652,0.4867
2170,2024/25,18,2024-12-07,Rzucidlo P.,Piotr Rzucidlo,0,0.0,25.2,4.337,0.3109,25.2,4.337,0.3109,25.2,4.337,0.3109
2174,2024/25,18,2024-12-07,Stefanski D.,Daniel Stefanski,29,0.7436,25.2191,4.3406,0.3102,27.4828,5.2414,0.4828,26.9023,5.0104,0.4385
2175,2024/25,18,2024-12-07,Jarzebak S.,Sebastian Jarzebak,0,0.0,25.2078,4.3355,0.3095,25.2078,4.3355,0.3095,25.2078,4.3355,0.3095
2168,2024/25,18,2024-12-08,Myc W.,Wojciech Myc,18,0.6429,25.1944,4.3348,0.3089,28.0,4.3889,0.2778,26.998,4.3696,0.2889
2171,2024/25,18,2024-12-08,Przybyl J.,Jaroslaw Przybyl,33,0.7674,25.1918,4.3319,0.3082,26.4848,4.8182,0.2424,26.1841,4.7051,0.2577
2172,2024/25,18,2024-12-08,Sylwestrzak D.,Damian Sylwestrzak,31,0.7561,25.2022,4.3312,0.3075,26.7419,4.4839,0.4194,26.3664,4.4466,0.3921
2169,2024/25,18,2024-12-09,Lasyk P.,Piotr Lasyk,35,0.7778,25.2039,4.3262,0.3069,24.1429,3.8857,0.2286,24.3786,3.9836,0.246
2038,2024/25,3,2024-12-14,Kuzma L.,Lukasz Kuzma,25,0.7143,25.2077,4.3233,0.3062,24.12,4.36,0.28,24.4308,4.3495,0.2875
2177,2024/25,19,2025-01-31,Krasny S.,Sebastian Krasny,9,0.4737,25.2244,4.3333,0.3098,24.4444,4.4444,0.6667,24.8549,4.386,0.4789
2180,2024/25,19,2025-01-31,Arys K.,Karol Arys,28,0.7368,25.2239,4.3305,0.3092,24.2143,3.3571,0.3214,24.48,3.6133,0.3182
2176,2024/25,19,2025-02-01,Kuzma L.,Lukasz Kuzma,26,0.7222,25.2106,4.3234,0.3085,24.4615,4.5385,0.3462,24.6696,4.4787,0.3357
2182,2024/25,19,2025-02-01,Lasyk P.,Piotr Lasyk,36,0.7826,25.2017,4.3206,0.3079,24.2222,3.8611,0.2222,24.4352,3.961,0.2408
2183,2024/25,19,2025-02-01,Kos D.,Damian Kos,19,0.6552,25.1992,4.3178,0.3072,26.0,5.3684,0.4211,25.7238,5.0061,0.3818
2178,2024/25,19,2025-02-02,Malec P.,Pawel Malec,18,0.6429,25.1945,4.3214,0.3066,21.7778,4.2222,0.3333,22.998,4.2576,0.3238
2179,2024/25,19,2025-02-02,Marciniak S.,Szymon Marciniak,44,0.8148,25.1962,4.3165,0.3059,24.5227,4.0909,0.1136,24.6474,4.1327,0.1492
2181,2024/25,19,2025-02-02,Przybyl J.,Jaroslaw Przybyl,34,0.7727,25.2084,4.3116,0.3053,26.5882,4.7941,0.2353,26.2746,4.6844,0.2512
2184,2024/25,19,2025-02-03,Stefanski D.,Daniel Stefanski,30,0.75,25.2164,4.3088,0.3067,27.2333,5.1333,0.4667,26.7291,4.9272,0.4267
2188,2024/25,20,2025-02-07,Sylwestrzak D.,Damian Sylwestrzak,32,0.7619,25.2285,4.3019,0.3061,26.7188,4.4062,0.4062,26.3639,4.3814,0.3824
2192,2024/25,20,2025-02-07,Szczerbowicz M.,Marcin Szczerbowicz,19,0.6552,25.2218,4.3033,0.3054,25.8421,4.2105,0.2632,25.6282,4.2425,0.2777
2187,2024/25,20,2025-02-08,Marciniak S.,Szymon Marciniak,45,0.8182,25.2338,4.3027,0.3048,24.6667,4.0444,0.1111,24.7698,4.0914,0.1463
2190,2024/25,20,2025-02-08,Lasyk P.,Piotr Lasyk,37,0.7872,25.2479,4.3062,0.3042,24.2162,3.8378,0.2162,24.4357,3.9375,0.2349
2191,2024/25,20,2025-02-08,Myc W.,Wojciech Myc,19,0.6552,25.2536,4.3119,0.3035,27.7895,4.3158,0.2632,26.915,4.3144,0.2771
2185,2024/25,20,2025-02-09,Kwiatkowski T.,Tomasz Kwiatkowski,25,0.7143,25.2469,4.3091,0.3029,23.16,3.84,0.32,23.7563,3.974,0.3151
2186,2024/25,20,2025-02-09,Kuzma L.,Lukasz Kuzma,27,0.7297,25.2464,4.3106,0.3023,24.3333,4.4815,0.3333,24.5801,4.4353,0.3249
2193,2024/25,20,2025-02-09,Stefanski D.,Daniel Stefanski,31,0.7561,25.2521,4.3182,0.3058,27.3548,5.0,0.4516,26.842,4.8337,0.416
2189,2024/25,20,2025-02-10,Gryckiewicz P.,Patryk Gryckiewicz,20,0.6667,25.2454,4.3155,0.3052,26.4,5.0,0.55,26.0151,4.7718,0.4684
2194,2024/25,21,2025-02-14,Kos D.,Damian Kos,20,0.6667,25.2551,4.3148,0.3045,25.85,5.4,0.4,25.6517,5.0383,0.3682
2199,2024/25,21,2025-02-14,Marciniak S.,Szymon Marciniak,46,0.8214,25.2628,4.3203,0.308,24.8261,4.087,0.1087,24.9041,4.1286,0.1443
2196,2024/25,21,2025-02-15,Przybyl J.,Jaroslaw Przybyl,35,0.7778,25.2623,4.3176,0.3074,26.6571,4.7429,0.2571,26.3472,4.6484,0.2683
2200,2024/25,21,2025-02-15,Myc W.,Wojciech Myc,20,0.6667,25.2638,4.317,0.3067,27.5,4.25,0.25,26.7546,4.2723,0.2689
2202,2024/25,21,2025-02-15,Arys K.,Karol Arys,29,0.7436,25.2571,4.3163,0.3061,24.0345,3.2759,0.3103,24.348,3.5426,0.3093
2195,2024/25,21,2025-02-16,Kwiatkowski T.,Tomasz Kwiatkowski,26,0.7222,25.2587,4.3198,0.3096,23.2308,3.8846,0.3077,23.7941,4.0055,0.3082
2197,2024/25,21,2025-02-16,Sylwestrzak D.,Damian Sylwestrzak,33,0.7674,25.2459,4.315,0.3089,26.5758,4.4242,0.3939,26.2665,4.3988,0.3742
2201,2024/25,21,2025-02-16,Krasny S.,Sebastian Krasny,10,0.5,25.2535,4.3124,0.3103,24.5,4.3,0.6,24.8768,4.3062,0.4552
2198,2024/25,21,2025-02-17,Kochanek M.,Marcin Kochanek,14,0.5833,25.251,4.3117,0.3097,24.2143,4.2143,0.2143,24.6463,4.2549,0.254
2208,2024/25,22,2025-02-21,Rzucidlo P.,Piotr Rzucidlo,1,0.0909,25.2263,4.3051,0.3091,34.0,6.0,0.0,26.0239,4.4591,0.281
2210,2024/25,22,2025-02-21,Arys K.,Karol Arys,30,0.75,25.2258,4.3085,0.3125,24.1,3.3667,0.3667,24.3815,3.6021,0.3531
2204,2024/25,22,2025-02-22,Krasny S.,Sebastian Krasny,11,0.5238,25.2213,4.3058,0.3119,24.4545,4.2727,0.5455,24.8197,4.2885,0.4342
2209,2024/25,22,2025-02-22,Kuzma L.,Lukasz Kuzma,28,0.7368,25.2149,4.2992,0.3112,24.4643,4.6071,0.3929,24.6618,4.5261,0.3714
2211,2024/25,22,2025-02-22,Szczerbowicz M.,Marcin Szczerbowicz,20,0.6667,25.2144,4.2946,0.3106,26.1,4.2,0.25,25.8048,4.2315,0.2702
2203,2024/25,22,2025-02-23,Stefanski D.,Daniel Stefanski,32,0.7619,25.204,4.29,0.31,27.1875,4.9375,0.4375,26.7152,4.7833,0.4071
2205,2024/25,22,2025-02-23,Lasyk P.,Piotr Lasyk,38,0.7917,25.2096,4.2894,0.3094,24.3158,3.9211,0.2105,24.502,3.9978,0.2311
2206,2024/25,22,2025-02-23,Kwiatkowski T.,Tomasz Kwiatkowski,27,0.7297,25.2072,4.2829,0.3088,23.0741,3.8148,0.2963,23.6506,3.9413,0.2997
2207,2024/25,22,2025-02-24,Kos D.,Damian Kos,21,0.6774,25.2068,4.2843,0.3082,26.0,5.4762,0.4762,25.7441,5.0917,0.422
2212,2024/25,23,2025-02-28,Arys K.,Karol Arys,31,0.7561,25.2004,4.2877,0.3075,24.0645,3.3548,0.3548,24.3416,3.5824,0.3433
2218,2024/25,23,2025-02-28,Krasny S.,Sebastian Krasny,12,0.5455,25.1842,4.2851,0.3069,24.25,4.0,0.5,24.6746,4.1296,0.4122
2214,2024/25,23,2025-03-01,Frankowski B.,Bartosz Frankowski,23,0.697,25.1818,4.2826,0.3063,24.087,4.2174,0.4348,24.4187,4.2372,0.3959
2216,2024/25,23,2025-03-01,Kuzma L.,Lukasz Kuzma,29,0.7436,25.1913,4.2781,0.3057,24.4828,4.5172,0.3793,24.6644,4.4559,0.3604
2220,2024/25,23,2025-03-01,Gryckiewicz P.,Patryk Gryckiewicz,21,0.6774,25.1988,4.2736,0.3071,26.5714,4.9524,0.5238,26.1287,4.7334,0.4539
2213,2024/25,23,2025-03-02,Myc W.,Wojciech Myc,21,0.6774,25.2102,4.2809,0.3065,27.2381,4.2381,0.2381,26.5839,4.2519,0.2602
2215,2024/25,23,2025-03-02,Kos D.,Damian Kos,22,0.6875,25.2098,4.2745,0.3059,25.8182,5.5,0.4545,25.6281,5.117,0.4081
2217,2024/25,23,2025-03-02,Kochanek M.,Marcin Kochanek,15,0.6,25.2153,4.272,0.3053,23.4667,4.0,0.2,24.1661,4.1088,0.2421
2219,2024/25,23,2025-03-03,Szczerbowicz M.,Marcin Szczerbowicz,21,0.6774,25.2285,4.2852,0.3086,25.8095,4.0952,0.2381,25.6221,4.1565,0.2608
2223,2024/25,24,2025-03-07,Malec P.,Pawel Malec,19,0.6552,25.23,4.2904,0.308,22.0,4.1053,0.3158,23.1138,4.1691,0.3131
2229,2024/25,24,2025-03-07,Marciniak S.,Szymon Marciniak,47,0.8246,25.2335,4.2938,0.3074,24.8298,4.0638,0.1064,24.9006,4.1042,0.1416
2221,2024/25,24,2025-03-08,Lasyk P.,Piotr Lasyk,39,0.7959,25.2291,4.2913,0.3068,24.3077,3.8462,0.2051,24.4957,3.937,0.2259
2224,2024/25,24,2025-03-08,Sylwestrzak D.,Damian Sylwestrzak,34,0.7727,25.2267,4.2888,0.3062,26.6471,4.3824,0.4118,26.3243,4.3611,0.3878
2227,2024/25,24,2025-03-08,Kuzma L.,Lukasz Kuzma,30,0.75,25.2166,4.2882,0.3056,24.6333,4.4333,0.4,24.7792,4.3971,0.3764
2222,2024/25,24,2025-03-09,Gryckiewicz P.,Patryk Gryckiewicz,22,0.6875,25.2394,4.2876,0.305,26.7727,5.0909,0.5,26.2936,4.8399,0.4391
2225,2024/25,24,2025-03-09,Frankowski B.,Bartosz Frankowski,24,0.7059,25.2293,4.289,0.3044,24.3333,4.125,0.4167,24.5968,4.1732,0.3837
2228,2024/25,24,2025-03-09,Kwiatkowski T.,Tomasz Kwiatkowski,28,0.7368,25.2192,4.2923,0.3038,23.1429,3.8571,0.2857,23.6893,3.9717,0.2905
2226,2024/25,24,2025-03-10,Przybyl J.,Jaroslaw Przybyl,36,0.7826,25.2226,4.2975,0.3033,26.6389,4.7222,0.25,26.331,4.6299,0.2616
2233,2024/25,25,2025-03-14,Frankowski B.,Bartosz Frankowski,25,0.7143,25.2222,4.3008,0.3027,24.16,4.2,0.4,24.4635,4.2288,0.3722
2320,2024/25,25,2025-03-14,Raczkowski P.,Pawel Raczkowski,31,0.7561,25.2084,4.2983,0.304,24.871,5.5161,0.3871,24.9533,5.2191,0.3668
2230,2024/25,25,2025-03-15,Marciniak S.,Szymon Marciniak,48,0.8276,25.2195,4.3073,0.3034,24.7917,4.0417,0.1042,24.8654,4.0875,0.1385
2237,2024/25,25,2025-03-15,Kos D.,Damian Kos,23,0.697,25.2057,4.3067,0.3029,25.913,5.3913,0.4348,25.6987,5.0626,0.3948
2238,2024/25,25,2025-03-15,Sylwestrzak D.,Damian Sylwestrzak,35,0.7778,25.2072,4.3042,0.3042,26.4571,4.3714,0.4,26.1794,4.3565,0.3787
2231,2024/25,25,2025-03-16,Stefanski D.,Daniel Stefanski,33,0.7674,25.203,4.3036,0.3036,27.2121,4.9091,0.4242,26.7449,4.7683,0.3962
2232,2024/25,25,2025-03-16,Lasyk P.,Piotr Lasyk,40,0.8,25.2159,4.3068,0.303,24.3,3.825,0.2,24.4832,3.9214,0.2206
2234,2024/25,25,2025-03-16,Szczerbowicz M.,Marcin Szczerbowicz,22,0.6875,25.2136,4.3025,0.3025,25.8182,4.2273,0.2273,25.6293,4.2508,0.2508
2236,2024/25,25,2025-03-16,Myc W.,Wojciech Myc,22,0.6875,25.2189,4.3019,0.3019,27.1364,4.0909,0.2273,26.5371,4.1568,0.2506
2244,2024/25,26,2025-03-28,Myc W.,Wojciech Myc,23,0.697,25.2241,4.3013,0.3013,27.1739,4.087,0.2174,26.5831,4.1519,0.2428
2246,2024/25,26,2025-03-28,Gryckiewicz P.,Patryk Gryckiewicz,23,0.697,25.2199,4.3026,0.3008,26.4783,5.087,0.4783,26.0969,4.8493,0.4245
2239,2024/25,26,2025-03-29,Krasny S.,Sebastian Krasny,13,0.5652,25.2083,4.2983,0.3002,24.2308,3.9231,0.4615,24.6558,4.0862,0.3914
2243,2024/25,26,2025-03-29,Raczkowski P.,Pawel Raczkowski,32,0.7619,25.2079,4.2996,0.3034,25.0625,5.625,0.375,25.0971,5.3094,0.3579
2247,2024/25,26,2025-03-29,Lasyk P.,Piotr Lasyk,41,0.8039,25.1944,4.2953,0.3028,24.2927,3.7805,0.1951,24.4695,3.8814,0.2162
2240,2024/25,26,2025-03-30,Kwiatkowski T.,Tomasz Kwiatkowski,29,0.7436,25.194,4.3022,0.3022,23.2759,3.9655,0.2759,23.7677,4.0519,0.2826
2242,2024/25,26,2025-03-30,Marciniak S.,Szymon Marciniak,49,0.8305,25.1881,4.298,0.3017,24.6531,4.0408,0.102,24.7437,4.0844,0.1359
2245,2024/25,26,2025-03-30,Kuzma L.,Lukasz Kuzma,31,0.7561,25.1952,4.3011,0.3011,25.0323,4.4194,0.3871,25.072,4.3905,0.3661
2241,2024/25,26,2025-03-31,Stefanski D.,Daniel Stefanski,34,0.7727,25.1967,4.2968,0.3006,27.3529,4.9412,0.4118,26.8629,4.7947,0.3865
2254,2024/25,27,2025-04-04,Lasyk P.,Piotr Lasyk,42,0.8077,25.1889,4.3019,0.3037,24.3095,3.881,0.1905,24.4786,3.9619,0.2123
2255,2024/25,27,2025-04-04,Kuzma L.,Lukasz Kuzma,32,0.7619,25.1774,4.2994,0.3031,25.0625,4.3438,0.375,25.0899,4.3332,0.3579
2250,2024/25,27,2025-04-05,Arys K.,Karol Arys,32,0.7619,25.1919,4.2989,0.3026,23.8438,3.3438,0.3438,24.1647,3.5712,0.3339
2253,2024/25,27,2025-04-05,Kwiatkowski T.,Tomasz Kwiatkowski,30,0.75,25.1915,4.3002,0.302,23.2333,3.9,0.2667,23.7229,4.0,0.2755
2256,2024/25,27,2025-04-05,Kochanek M.,Marcin Kochanek,16,0.6154,25.1893,4.2996,0.3015,24.0,4.4375,0.3125,24.4574,4.3845,0.3083
2248,2024/25,27,2025-04-06,Marciniak S.,Szymon Marciniak,50,0.8333,25.189,4.2972,0.3009,24.74,4.08,0.1,24.8148,4.1162,0.1335
2249,2024/25,27,2025-04-06,Araki Y.,Yusuke Araki,0,0.0,25.1978,4.2985,0.3004,25.1978,4.2985,0.3004,25.1978,4.2985,0.3004
2251,2024/25,27,2025-04-06,Raczkowski P.,Pawel Raczkowski,33,0.7674,25.1883,4.2943,0.2998,24.8485,5.5152,0.3636,24.9275,5.2312,0.3488
2252,2024/25,27,2025-04-07,Przybyl J.,Jaroslaw Przybyl,37,0.7872,25.1697,4.2883,0.2993,26.5946,4.7568,0.2432,26.2914,4.6571,0.2552
2259,2024/25,28,2025-04-11,Malec P.,Pawel Malec,20,0.6667,25.173,4.2878,0.2987,22.25,4.2,0.3,23.2243,4.2293,0.2996
2260,2024/25,28,2025-04-11,Myc W.,Wojciech Myc,24,0.7059,25.1673,4.2927,0.3,27.0,4.125,0.2083,26.461,4.1743,0.2353
2257,2024/25,28,2025-04-12,Kuzma L.,Lukasz Kuzma,33,0.7674,25.176,4.2958,0.2995,25.303,4.3333,0.3636,25.2735,4.3246,0.3487
2258,2024/25,28,2025-04-12,Rzucidlo P.,Piotr Rzucidlo,2,0.1667,25.1757,4.2917,0.2989,29.5,6.0,1.0,25.8964,4.5764,0.4158
2265,2024/25,28,2025-04-12,Krasny S.,Sebastian Krasny,14,0.5833,25.1609,4.2857,0.2984,24.2857,4.0,0.5714,24.6504,4.119,0.4577
2262,2024/25,28,2025-04-13,Sylwestrzak D.,Damian Sylwestrzak,36,0.7826,25.1606,4.2852,0.2978,26.3611,4.3611,0.3889,26.1001,4.3446,0.3691
2263,2024/25,28,2025-04-13,Araki Y.,Yusuke Araki,1,0.0909,25.1694,4.2865,0.3009,20.0,2.0,0.0,24.6994,4.0786,0.2735
2264,2024/25,28,2025-04-13,Frankowski B.,Bartosz Frankowski,26,0.7222,25.1637,4.2806,0.3004,23.9231,4.1538,0.4231,24.2677,4.189,0.389
2261,2024/25,28,2025-04-14,Marciniak S.,Szymon Marciniak,51,0.8361,25.1562,4.2747,0.2998,24.8431,4.098,0.098,24.8945,4.127,0.1311
2269,2024/25,29,2025-04-19,Stefanski D.,Daniel Stefanski,35,0.7778,25.1362,4.2688,0.2993,27.1714,5.0,0.4571,26.7192,4.8375,0.4221
2270,2024/25,29,2025-04-19,Sylwestrzak D.,Damian Sylwestrzak,37,0.7872,25.1485,4.2683,0.2987,26.4595,4.3784,0.4324,26.1805,4.355,0.404
2273,2024/25,29,2025-04-19,Przybyl J.,Jaroslaw Przybyl,38,0.7917,25.15,4.2696,0.3,26.6053,4.7368,0.2368,26.3021,4.6395,0.25
2274,2024/25,29,2025-04-19,Araki Y.,Yusuke Araki,2,0.1667,25.1497,4.2674,0.2995,21.0,1.5,0.0,24.4581,3.8061,0.2496
2266,2024/25,29,2025-04-21,Raczkowski P.,Pawel Raczkowski,34,0.7727,25.153,4.2651,0.2989,24.5588,5.3824,0.3529,24.6939,5.1284,0.3407
2267,2024/25,29,2025-04-21,Marciniak S.,Szymon Marciniak,52,0.8387,25.1421,4.2664,0.2984,24.6346,4.0385,0.0962,24.7165,4.0752,0.1288
2268,2024/25,29,2025-04-21,Gryckiewicz P.,Patryk Gryckiewicz,24,0.7059,25.133,4.2677,0.2979,26.1667,4.9583,0.4583,25.8626,4.7552,0.4111
2271,2024/25,29,2025-04-21,Kwiatkowski T.,Tomasz Kwiatkowski,31,0.7561,25.115,4.2655,0.2973,23.2581,3.9032,0.2581,23.711,3.9916,0.2676
2272,2024/25,29,2025-04-22,Musiał T.,Tomasz Musial,24,0.7059,25.1201,4.2703,0.2968,27.375,3.2083,0.2083,26.7118,3.5207,0.2344
2281,2024/25,30,2025-04-25,Kuzma L.,Lukasz Kuzma,34,0.7727,25.1164,4.2698,0.2998,25.2941,4.2647,0.3529,25.2537,4.2659,0.3409
2283,2024/25,30,2025-04-25,Frankowski B.,Bartosz Frankowski,27,0.7297,25.1197,4.2711,0.3046,23.8148,4.037,0.4074,24.1675,4.1003,0.3796
2275,2024/25,30,2025-04-26,Arys K.,Karol Arys,33,0.7674,25.109,4.2689,0.304,23.8788,3.3939,0.3333,24.1649,3.5974,0.3265
2279,2024/25,30,2025-04-26,Myc W.,Wojciech Myc,25,0.7143,25.1053,4.2649,0.3035,27.12,4.2,0.2,26.5444,4.2185,0.2296
2280,2024/25,30,2025-04-26,Kos D.,Damian Kos,24,0.7059,25.1051,4.2592,0.303,25.9167,5.2917,0.4583,25.678,4.988,0.4126
2276,2024/25,30,2025-04-27,Kochanek M.,Marcin Kochanek,17,0.6296,25.1049,4.2657,0.3094,24.0588,4.3529,0.2941,24.4463,4.3206,0.2998
2278,2024/25,30,2025-04-27,Kwiatkowski T.,Tomasz Kwiatkowski,32,0.7619,25.0908,4.2653,0.3089,23.4062,4.0,0.25,23.8073,4.0632,0.264
2282,2024/25,30,2025-04-27,Lasyk P.,Piotr Lasyk,43,0.8113,25.0993,4.2683,0.3084,24.186,3.8605,0.186,24.3584,3.9374,0.2091
2277,2024/25,30,2025-04-28,Krasny S.,Sebastian Krasny,15,0.6,25.0887,4.2609,0.3078,24.3333,4.0,0.5333,24.6355,4.1043,0.4431
2287,2024/25,31,2025-05-03,Arys K.,Karol Arys,34,0.7727,25.0851,4.2622,0.3073,23.8529,3.3529,0.3235,24.133,3.5596,0.3198
2290,2024/25,31,2025-05-03,Gryckiewicz P.,Patryk Gryckiewicz,25,0.7143,25.0641,4.2548,0.3068,25.72,4.88,0.44,25.5326,4.7014,0.4019
2292,2024/25,31,2025-05-03,Frankowski B.,Bartosz Frankowski,28,0.7368,25.0467,4.2474,0.3062,23.6429,4.0,0.3929,24.0123,4.0651,0.3701
2284,2024/25,31,2025-05-04,Lasyk P.,Piotr Lasyk,44,0.8148,25.0276,4.2504,0.3057,24.0682,3.7727,0.1818,24.2459,3.8612,0.2048
2285,2024/25,31,2025-05-04,Przybyl J.,Jaroslaw Przybyl,39,0.7959,25.019,4.2448,0.3052,26.5641,4.6923,0.2308,26.2488,4.601,0.246
2288,2024/25,31,2025-05-04,Raczkowski P.,Pawel Raczkowski,35,0.7778,25.0138,4.2427,0.3046,24.4,5.3714,0.3429,24.5364,5.1206,0.3344
2289,2024/25,31,2025-05-04,Przybyl J.,Jaroslaw Przybyl,40,0.8,25.0103,4.2388,0.3041,26.45,4.65,0.225,26.1621,4.5678,0.2408
2291,2024/25,31,2025-05-04,Lasyk P.,Piotr Lasyk,45,0.8182,25.0034,4.2367,0.3036,23.9778,3.7111,0.1778,24.1643,3.8067,0.2007
2286,2024/25,31,2025-05-05,Rzucidlo P.,Piotr Rzucidlo,3,0.2308,25.0103,4.2414,0.3082,25.3333,4.3333,0.6667,25.0848,4.2626,0.3909
2294,2024/25,32,2025-05-09,Marciniak S.,Szymon Marciniak,53,0.8413,25.0017,4.2376,0.3111,24.5472,4.0566,0.0943,24.6193,4.0853,0.1287
2298,2024/25,32,2025-05-09,Malec P.,Pawel Malec,21,0.6774,25.0034,4.2338,0.3106,22.2381,4.3333,0.3333,23.1301,4.3012,0.326
2295,2024/25,32,2025-05-10,Kochanek M.,Marcin Kochanek,18,0.6429,25.0017,4.2317,0.3101,23.6667,4.3333,0.2778,24.1435,4.297,0.2893
2300,2024/25,32,2025-05-10,Krasny S.,Sebastian Krasny,16,0.6154,24.9915,4.2245,0.3095,24.25,4.0625,0.5,24.5352,4.1248,0.4267
2301,2024/25,32,2025-05-10,Raczkowski P.,Pawel Raczkowski,36,0.7826,24.9949,4.2207,0.309,24.3611,5.2778,0.3333,24.4989,5.048,0.328
2293,2024/25,32,2025-05-11,Kos D.,Damian Kos,25,0.7143,24.9966,4.2237,0.3119,25.88,5.4,0.6,25.6276,5.0639,0.5177
2296,2024/25,32,2025-05-11,Kuzma L.,Lukasz Kuzma,35,0.7778,24.9882,4.2183,0.3113,25.3429,4.2857,0.4286,25.264,4.2707,0.4025
2297,2024/25,32,2025-05-11,Myc W.,Wojciech Myc,26,0.7222,24.9848,4.2162,0.3108,27.0385,4.0769,0.1923,26.468,4.1156,0.2252
2299,2024/25,32,2025-05-12,Kwiatkowski T.,Tomasz Kwiatkowski,33,0.7674,24.9865,4.2159,0.3103,23.6061,4.0606,0.2424,23.9271,4.0967,0.2582
2308,2024/25,33,2025-05-16,Marciniak T.,Tomasz Marciniak,0,0.0,24.9848,4.2155,0.3098,24.9848,4.2155,0.3098,24.9848,4.2155,0.3098
2310,2024/25,33,2025-05-16,Arys K.,Karol Arys,35,0.7778,24.9849,4.2118,0.3092,23.5429,3.2571,0.3143,23.8633,3.4693,0.3132
2304,2024/25,33,2025-05-17,Myc W.,Wojciech Myc,27,0.7297,24.9849,4.2081,0.3087,27.0,4.0741,0.1852,26.4554,4.1103,0.2186
2306,2024/25,33,2025-05-17,Przybyl J.,Jaroslaw Przybyl,41,0.8039,24.9648,4.2077,0.3082,26.3171,4.6098,0.2195,26.0519,4.5309,0.2369
2307,2024/25,33,2025-05-17,Gryckiewicz P.,Patryk Gryckiewicz,26,0.7222,24.9699,4.2107,0.3077,25.3077,4.6923,0.4231,25.2139,4.5585,0.391
2302,2024/25,33,2025-05-18,Sylwestrzak D.,Damian Sylwestrzak,38,0.7917,24.9482,4.2137,0.3072,26.4474,4.3947,0.4474,26.1351,4.357,0.4182
2303,2024/25,33,2025-05-18,Frankowski B.,Bartosz Frankowski,29,0.7436,24.9467,4.2167,0.3067,23.3103,4.069,0.3793,23.7299,4.1068,0.3607
2305,2024/25,33,2025-05-18,Piszczelok M.,Mateusz Piszczelok,0,0.0,24.9384,4.218,0.3062,24.9384,4.218,0.3062,24.9384,4.218,0.3062
2309,2024/25,33,2025-05-19,Kawalko G.,Grzegorz Kawalko,0,0.0,24.9369,4.2143,0.3056,24.9369,4.2143,0.3056,24.9369,4.2143,0.3056
2311,2024/25,34,2025-05-24,Rzucidlo P.,Piotr Rzucidlo,4,0.2857,24.9303,4.2139,0.3051,24.0,3.75,1.0,24.6645,4.0814,0.5037
2312,2024/25,34,2025-05-24,Myc W.,Wojciech Myc,28,0.7368,24.9238,4.2136,0.3079,26.5,4.0714,0.1786,26.0852,4.1088,0.2126
2313,2024/25,34,2025-05-24,Karski L.,Lukasz Karski,0,0.0,24.9306,4.2165,0.3074,24.9306,4.2165,0.3074,24.9306,4.2165,0.3074
2314,2024/25,34,2025-05-24,Marciniak S.,Szymon Marciniak,54,0.8438,24.9175,4.2145,0.3069,24.5741,4.0185,0.0926,24.6277,4.0491,0.1261
2315,2024/25,34,2025-05-24,Malyszek J.,Jacek Malyszek,0,0.0,24.9176,4.2109,0.3064,24.9176,4.2109,0.3064,24.9176,4.2109,0.3064
2316,2024/25,34,2025-05-24,Kochanek M.,Marcin Kochanek,19,0.6552,24.8997,4.2089,0.3059,23.4211,4.1053,0.2632,23.9309,4.141,0.2779
2317,2024/25,34,2025-05-24,Kos D.,Damian Kos,26,0.7222,24.8916,4.2069,0.3054,25.6538,5.2308,0.5769,25.4421,4.9464,0.5015
2318,2024/25,34,2025-05-24,Musiał T.,Tomasz Musial,25,0.7143,24.9033,4.2049,0.3049,27.2,3.24,0.28,26.5438,3.5157,0.2871
2319,2024/25,34,2025-05-24,Kwiatkowski T.,Tomasz Kwiatkowski,34,0.7727,24.9067,4.2095,0.3044,23.6176,4.0588,0.2353,23.9106,4.0931,0.251
2344,2025/26,1,2025-07-18,Malec P.,Pawel Malec,22,0.6875,24.9052,4.2141,0.3072,22.3182,4.2727,0.3182,23.1266,4.2544,0.3147
2345,2025/26,1,2025-07-18,Sylwestrzak D.,Damian Sylwestrzak,39,0.7959,24.8923,4.2088,0.3067,26.3846,4.4359,0.4359,26.0801,4.3896,0.4095
2346,2025/26,1,2025-07-19,Raczkowski P.,Pawel Raczkowski,37,0.7872,24.8876,4.2068,0.3062,24.4054,5.2973,0.3784,24.508,5.0653,0.363
2347,2025/26,1,2025-07-19,Kos D.,Damian Kos,27,0.7297,24.8927,4.2114,0.3057,25.8889,5.1481,0.5556,25.6196,4.895,0.488
2348,2025/26,1,2025-07-19,Przybyl J.,Jaroslaw Przybyl,42,0.8077,24.8929,4.211,0.3101,26.3571,4.6429,0.2143,26.0755,4.5598,0.2327
2349,2025/26,1,2025-07-20,Kochanek M.,Marcin Kochanek,20,0.6667,24.8865,4.2075,0.3096,23.25,4.05,0.25,23.7955,4.1025,0.2699
2350,2025/26,1,2025-07-20,Frankowski B.,Bartosz Frankowski,30,0.75,24.8754,4.2039,0.3091,23.2,4.1,0.3667,23.6189,4.126,0.3523
2351,2025/26,1,2025-07-20,Al-Emara M.,Mohammad Al-Emara,0,0.0,24.8756,4.2068,0.3086,24.8756,4.2068,0.3086,24.8756,4.2068,0.3086
2352,2025/26,1,2025-07-20,Lasyk P.,Piotr Lasyk,46,0.8214,24.8806,4.2065,0.3081,24.087,3.7826,0.2391,24.2287,3.8583,0.2514
2353,2025/26,2,2025-07-25,Arys K.,Karol Arys,36,0.7826,24.868,4.2029,0.3076,23.5833,3.2222,0.3056,23.8626,3.4354,0.306
2357,2025/26,2,2025-07-25,Przybyl J.,Jaroslaw Przybyl,43,0.8113,24.873,4.2026,0.3071,26.2326,4.5814,0.2093,25.976,4.5099,0.2277
2354,2025/26,2,2025-07-26,Frankowski B.,Bartosz Frankowski,31,0.7561,24.8844,4.2087,0.3066,23.2581,4.1613,0.3548,23.6547,4.1728,0.3431
2355,2025/26,2,2025-07-26,Gryckiewicz P.,Patryk Gryckiewicz,27,0.7297,24.883,4.2115,0.3061,24.8148,4.7407,0.4074,24.8332,4.5977,0.38
2361,2025/26,2,2025-07-26,Kwiatkowski T.,Tomasz Kwiatkowski,35,0.7778,24.8736,4.2096,0.3056,23.6286,4.1429,0.2857,23.9052,4.1577,0.2901
2356,2025/26,2,2025-07-27,Marciniak S.,Szymon Marciniak,55,0.8462,24.8674,4.2077,0.3051,24.5818,3.9818,0.0909,24.6258,4.0166,0.1239
2359,2025/26,2,2025-07-27,Raczkowski P.,Pawel Raczkowski,38,0.7917,24.8644,4.2026,0.3046,24.5,5.3421,0.3684,24.5759,5.1047,0.3551
2360,2025/26,2,2025-07-27,Myc W.,Wojciech Myc,29,0.7436,24.8854,4.2086,0.3041,26.5862,4.1379,0.1724,26.1501,4.1561,0.2062
2358,2025/26,2,2025-07-28,Szczerbowicz M.,Marcin Szczerbowicz,23,0.697,24.8935,4.2099,0.3037,25.913,4.2174,0.2174,25.6041,4.2151,0.2435
2362,2025/26,3,2025-08-01,Gryckiewicz P.,Patryk Gryckiewicz,28,0.7368,24.8937,4.2063,0.3032,24.6071,4.6786,0.3929,24.6825,4.5543,0.3693
2366,2025/26,3,2025-08-01,Myc W.,Wojciech Myc,30,0.75,24.8875,4.2124,0.3027,26.7,4.1667,0.1667,26.2469,4.1781,0.2007
2363,2025/26,3,2025-08-02,Rzucidlo P.,Piotr Rzucidlo,5,0.3333,24.9019,4.212,0.3022,23.4,3.8,1.2,24.4013,4.0747,0.6015
2369,2025/26,3,2025-08-02,Marciniak S.,Szymon Marciniak,56,0.8485,24.8973,4.2085,0.3017,24.5536,3.9286,0.0893,24.6057,3.971,0.1215
2370,2025/26,3,2025-08-02,Frankowski B.,Bartosz Frankowski,32,0.7619,24.8801,4.2066,0.3013,23.2812,4.2188,0.3438,23.6619,4.2159,0.3336
2364,2025/26,3,2025-08-03,Lasyk P.,Piotr Lasyk,47,0.8246,24.8614,4.2094,0.3008,23.9362,3.7447,0.234,24.0985,3.8262,0.2458
2365,2025/26,3,2025-08-03,Kwiatkowski T.,Tomasz Kwiatkowski,36,0.7826,24.8726,4.2123,0.3003,23.5556,4.1111,0.2778,23.8419,4.1331,0.2827
2367,2025/26,3,2025-08-03,Sylwestrzak D.,Damian Sylwestrzak,40,0.8,24.8681,4.2104,0.2998,26.275,4.4,0.425,25.9936,4.3621,0.4
2368,2025/26,3,2025-08-03,Piszczelok M.,Mateusz Piszczelok,1,0.0909,24.8824,4.2132,0.2994,24.0,2.0,0.0,24.8022,4.012,0.2722
2374,2025/26,4,2025-08-08,Arys K.,Karol Arys,37,0.7872,24.8842,4.2144,0.2989,23.7027,3.2432,0.2973,23.9541,3.4499,0.2976
2375,2025/26,4,2025-08-08,Raczkowski P.,Pawel Raczkowski,39,0.7959,24.8875,4.2172,0.2984,24.8462,5.4103,0.359,24.8546,5.1668,0.3466
2371,2025/26,4,2025-08-09,Marciniak S.,Szymon Marciniak,57,0.8507,24.897,4.2231,0.298,24.3684,3.9123,0.0877,24.4473,3.9587,0.1191
2378,2025/26,4,2025-08-09,Przybyl J.,Jaroslaw Przybyl,44,0.8148,24.9003,4.2259,0.2975,26.3636,4.6591,0.2045,26.0927,4.5789,0.2218
2379,2025/26,4,2025-08-09,Kwiatkowski T.,Tomasz Kwiatkowski,37,0.7872,24.8911,4.224,0.297,23.5135,4.0811,0.2703,23.8066,4.1115,0.276
2372,2025/26,4,2025-08-10,Kos D.,Damian Kos,28,0.7368,24.882,4.2252,0.2966,25.8571,5.1071,0.6429,25.6005,4.875,0.5517
2376,2025/26,4,2025-08-10,Raczkowski P.,Pawel Raczkowski,40,0.8,24.8806,4.2248,0.2961,25.0,5.475,0.35,24.9761,5.225,0.3392
2377,2025/26,4,2025-08-10,Gryckiewicz P.,Patryk Gryckiewicz,29,0.7436,24.8916,4.2276,0.2972,24.4828,4.7931,0.3793,24.5876,4.6481,0.3583
2373,2025/26,4,2025-08-11,Kuzma L.,Lukasz Kuzma,36,0.7826,24.9011,4.2287,0.2983,25.2778,4.25,0.4167,25.1959,4.2454,0.3909
2383,2025/26,5,2025-08-15,Frankowski B.,Bartosz Frankowski,33,0.7674,24.8981,4.2284,0.2978,22.9697,4.2727,0.3333,23.4182,4.2624,0.3251
2386,2025/26,5,2025-08-15,Kochanek M.,Marcin Kochanek,21,0.6774,24.8829,4.2219,0.2974,23.0,3.9524,0.2381,23.6074,4.0393,0.2572
2382,2025/26,5,2025-08-16,Arys K.,Karol Arys,38,0.7917,24.8862,4.22,0.2969,23.7895,3.3158,0.2895,24.0179,3.5042,0.291
2387,2025/26,5,2025-08-16,Sylwestrzak D.,Damian Sylwestrzak,41,0.8039,24.8986,4.2227,0.298,26.4634,4.439,0.4146,26.1566,4.3966,0.3918
2388,2025/26,5,2025-08-16,Lasyk P.,Piotr Lasyk,48,0.8276,24.908,4.2239,0.2975,24.1042,3.7917,0.2292,24.2428,3.8662,0.241
2380,2025/26,5,2025-08-17,Kuzma L.,Lukasz Kuzma,37,0.7872,24.9035,4.2205,0.2971,25.2162,4.2432,0.4054,25.1497,4.2384,0.3824
2381,2025/26,5,2025-08-17,Marciniak S.,Szymon Marciniak,58,0.8529,24.8869,4.2171,0.2966,24.4138,3.9483,0.0862,24.4834,3.9878,0.1172
2384,2025/26,5,2025-08-17,Myc W.,Wojciech Myc,31,0.7561,24.8962,4.2198,0.2962,26.9355,4.1613,0.1613,26.4381,4.1756,0.1942
2385,2025/26,5,2025-08-17,Przybyl J.,Jaroslaw Przybyl,45,0.8182,24.907,4.2241,0.2957,26.2,4.6222,0.2,25.9649,4.5498,0.2174
2393,2025/26,6,2025-08-22,Kos D.,Damian Kos,29,0.7436,24.9102,4.2207,0.2953,25.7931,5.069,0.6207,25.5667,4.8515,0.5373
2397,2025/26,6,2025-08-22,Kuzma L.,Lukasz Kuzma,38,0.7917,24.9073,4.2188,0.2948,24.9211,4.1842,0.3947,24.9182,4.1914,0.3739
2392,2025/26,6,2025-08-23,Marciniak S.,Szymon Marciniak,59,0.8551,24.9014,4.22,0.2959,24.5254,3.9831,0.0847,24.5799,4.0174,0.1153
2394,2025/26,6,2025-08-23,Sylwestrzak D.,Damian Sylwestrzak,42,0.8077,24.8939,4.2152,0.2955,26.5714,4.4524,0.4048,26.2488,4.4068,0.3837
2390,2025/26,6,2025-08-24,Sylwestrzak D.,Damian Sylwestrzak,43,0.8113,24.9002,4.2224,0.295,26.6279,4.5581,0.3953,26.3019,4.4948,0.3764
2391,2025/26,6,2025-08-24,Raczkowski P.,Pawel Raczkowski,41,0.8039,24.9154,4.2221,0.2946,25.1707,5.4878,0.3659,25.1207,5.2396,0.3519
2396,2025/26,6,2025-08-24,Myc W.,Wojciech Myc,32,0.7619,24.911,4.2247,0.2941,27.0938,4.25,0.1562,26.5741,4.244,0.1891
2389,2025/26,6,2025-08-25,Arys K.,Karol Arys,39,0.7959,24.9292,4.2199,0.2937,24.0256,3.3846,0.3077,24.21,3.5551,0.3048
2398,2025/26,7,2025-08-29,Malec P.,Pawel Malec,23,0.697,24.9278,4.215,0.2932,22.087,4.1304,0.3043,22.9478,4.1561,0.301
2404,2025/26,7,2025-08-29,Kwiatkowski T.,Tomasz Kwiatkowski,38,0.7917,24.9234,4.2132,0.2928,23.3947,4.1053,0.2632,23.7132,4.1278,0.2693
2399,2025/26,7,2025-08-30,Myc W.,Wojciech Myc,33,0.7674,24.9415,4.2204,0.2924,27.3939,4.1515,0.1515,26.8236,4.1675,0.1843
2400,2025/26,7,2025-08-30,Krasny S.,Sebastian Krasny,17,0.6296,24.9416,4.2171,0.2919,24.4118,3.9412,0.4706,24.608,4.0434,0.4044
2401,2025/26,7,2025-08-30,Kos D.,Damian Kos,30,0.75,24.9402,4.2197,0.2915,25.7,5.0,0.6,25.5101,4.8049,0.5229
2402,2025/26,7,2025-08-31,Frankowski B.,Bartosz Frankowski,34,0.7727,24.9373,4.2269,0.291,22.7353,4.1471,0.3235,23.2358,4.1652,0.3161
2403,2025/26,7,2025-08-31,Lasyk P.,Piotr Lasyk,49,0.8305,24.9389,4.231,0.2906,24.0612,3.7551,0.2245,24.21,3.8358,0.2357
2405,2025/26,7,2025-08-31,Gryckiewicz P.,Patryk Gryckiewicz,30,0.75,24.9464,4.2336,0.2902,24.7,4.8,0.4,24.7616,4.6584,0.3725
2406,2025/26,7,2025-08-31,Rzucidlo P.,Piotr Rzucidlo,6,0.375,24.9376,4.2318,0.2897,23.1667,3.5,1.0,24.2735,3.9574,0.5561
2409,2025/26,8,2025-09-12,Malec P.,Pawel Malec,24,0.7059,24.9496,4.2374,0.2893,22.0833,4.0833,0.2917,22.9263,4.1286,0.291
2412,2025/26,8,2025-09-12,Kos D.,Damian Kos,31,0.7561,24.9393,4.237,0.2889,25.6129,5.129,0.5806,25.4486,4.9115,0.5095
2407,2025/26,8,2025-09-13,Przybyl J.,Jaroslaw Przybyl,46,0.8214,24.9305,4.2396,0.2885,26.2174,4.5652,0.1957,25.9876,4.5071,0.2122
2411,2025/26,8,2025-09-13,Lasyk P.,Piotr Lasyk,50,0.8333,24.9291,4.2393,0.288,24.18,3.8,0.22,24.3048,3.8732,0.2313
2414,2025/26,8,2025-09-13,Raczkowski P.,Pawel Raczkowski,42,0.8077,24.9218,4.236,0.2876,25.0952,5.5,0.3571,25.0619,5.2569,0.3438
2408,2025/26,8,2025-09-14,Marciniak S.,Szymon Marciniak,60,0.8571,24.9205,4.243,0.2901,24.45,3.9333,0.0833,24.5172,3.9776,0.1129
2410,2025/26,8,2025-09-14,Kuzma L.,Lukasz Kuzma,39,0.7959,24.9309,4.2412,0.2897,24.8205,4.2051,0.4103,24.843,4.2125,0.3857
2415,2025/26,8,2025-09-14,Sylwestrzak D.,Damian Sylwestrzak,44,0.8148,24.9369,4.2438,0.2893,26.8182,4.5455,0.3864,26.4698,4.4896,0.3684
2413,2025/26,8,2025-09-15,Frankowski B.,Bartosz Frankowski,35,0.7778,24.9296,4.239,0.2889,22.8286,4.2286,0.3143,23.2955,4.2309,0.3086
2422,2025/26,9,2025-09-19,Marciniak S.,Szymon Marciniak,61,0.8592,24.9268,4.243,0.2884,24.5738,3.918,0.082,24.6235,3.9638,0.111
2424,2025/26,9,2025-09-19,Lasyk P.,Piotr Lasyk,51,0.8361,24.9181,4.2412,0.288,24.098,3.7647,0.2157,24.2325,3.8428,0.2275
2416,2025/26,9,2025-09-20,Piszczelok M.,Mateusz Piszczelok,2,0.1667,24.9124,4.238,0.2876,25.0,3.5,0.0,24.927,4.115,0.2397
2417,2025/26,9,2025-09-20,Kwiatkowski T.,Tomasz Kwiatkowski,39,0.7959,24.9155,4.2391,0.2872,23.7436,4.2308,0.2564,23.9827,4.2325,0.2627
2420,2025/26,9,2025-09-20,Arys K.,Karol Arys,40,0.8,24.8996,4.2358,0.2868,24.025,3.325,0.3,24.1999,3.5072,0.2974
2423,2025/26,9,2025-09-20,Przybyl J.,Jaroslaw Przybyl,47,0.8246,24.9128,4.2311,0.2863,26.1702,4.5532,0.1915,25.9496,4.4967,0.2081
2418,2025/26,9,2025-09-21,Karski L.,Lukasz Karski,1,0.0909,24.9245,4.2308,0.2859,17.0,3.0,0.0,24.2041,4.1189,0.2599
2419,2025/26,9,2025-09-21,Raczkowski P.,Pawel Raczkowski,43,0.8113,24.9304,4.2348,0.2855,25.0698,5.5814,0.3953,25.0435,5.3273,0.3746
2421,2025/26,9,2025-09-21,Kochanek M.,Marcin Kochanek,22,0.6875,24.9334,4.2359,0.2851,23.1818,3.9091,0.2273,23.7292,4.0112,0.2453
2395,2025/26,6,2025-09-24,Marciniak S.,Szymon Marciniak,62,0.8611,24.9263,4.2384,0.2847,24.4839,3.9032,0.0806,24.5453,3.9498,0.109
2425,2025/26,10,2025-09-26,Raczkowski P.,Pawel Raczkowski,44,0.8148,24.9264,4.2381,0.2857,25.1136,5.5682,0.3864,25.079,5.3219,0.3677
2429,2025/26,10,2025-09-27,Arys K.,Karol Arys,41,0.8039,24.9265,4.2349,0.2853,24.2683,3.2683,0.2927,24.3974,3.4578,0.2912
2430,2025/26,10,2025-09-27,Gryckiewicz P.,Patryk Gryckiewicz,31,0.7561,24.9266,4.2331,0.2863,24.5161,4.7419,0.3871,24.6162,4.6178,0.3625
2432,2025/26,10,2025-09-27,Malec P.,Pawel Malec,25,0.7143,24.9109,4.2328,0.2859,21.92,4.08,0.28,22.7745,4.1236,0.2817
2426,2025/26,10,2025-09-28,Myc W.,Wojciech Myc,34,0.7727,24.9067,4.2324,0.2869,27.3235,4.0882,0.1471,26.7743,4.121,0.1789
2431,2025/26,10,2025-09-28,Frankowski B.,Bartosz Frankowski,36,0.7826,24.9169,4.2335,0.2865,22.8333,4.3056,0.3056,23.2863,4.2899,0.3014
2433,2025/26,10,2025-09-28,Kuzma L.,Lukasz Kuzma,40,0.8,24.9142,4.2346,0.2861,24.925,4.25,0.4,24.9228,4.2469,0.3772
2427,2025/26,10,2025-09-29,Rzucidlo P.,Piotr Rzucidlo,7,0.4118,24.9186,4.2386,0.2857,24.5714,4.1429,0.8571,24.7756,4.1992,0.521
2428,2025/26,10,2025-09-29,Lasyk P.,Piotr Lasyk,52,0.8387,24.9173,4.2382,0.2853,24.0385,3.7308,0.2115,24.1802,3.8126,0.2234
2436,2025/26,11,2025-10-03,Piszczelok M.,Mateusz Piszczelok,3,0.2308,24.9259,4.2365,0.2849,25.6667,4.0,0.0,25.0969,4.1819,0.2192
2439,2025/26,11,2025-10-03,Sylwestrzak D.,Damian Sylwestrzak,45,0.8182,24.9161,4.2361,0.2845,26.6667,4.4667,0.3778,26.3484,4.4248,0.3608
2434,2025/26,11,2025-10-04,Myc W.,Wojciech Myc,35,0.7778,24.919,4.2344,0.2841,27.4571,4.1143,0.1429,26.8931,4.141,0.1742
2435,2025/26,11,2025-10-04,Lasyk P.,Piotr Lasyk,53,0.8413,24.9362,4.2312,0.2837,24.1698,3.717,0.2075,24.2915,3.7986,0.2196
2438,2025/26,11,2025-10-04,Krasny S.,Sebastian Krasny,18,0.6429,24.9448,4.2295,0.2833,24.3889,4.0556,0.4444,24.5874,4.1177,0.3869
2437,2025/26,11,2025-10-05,Kuzma L.,Lukasz Kuzma,41,0.8039,24.9434,4.2277,0.2829,25.0,4.3171,0.3902,24.9889,4.2996,0.3692
2440,2025/26,11,2025-10-05,Arys K.,Karol Arys,42,0.8077,24.9364,4.2246,0.2825,24.2857,3.2619,0.3095,24.4109,3.447,0.3043
2441,2025/26,11,2025-10-05,Kos D.,Damian Kos,32,0.7619,24.9464,4.2243,0.2821,25.4062,5.1562,0.5625,25.2968,4.9343,0.4957
2442,2025/26,11,2025-10-05,Kwiatkowski T.,Tomasz Kwiatkowski,40,0.8,24.9493,4.2239,0.2831,23.5,4.175,0.25,23.7899,4.1848,0.2566
2444,2025/26,12,2025-10-17,Kwiatkowski T.,Tomasz Kwiatkowski,41,0.8039,24.9409,4.2208,0.2827,23.3902,4.122,0.2439,23.6943,4.1413,0.2515
2451,2025/26,12,2025-10-17,Raczkowski P.,Pawel Raczkowski,45,0.8182,24.9396,4.2219,0.2851,25.1111,5.4889,0.3778,25.0799,5.2585,0.3609
2446,2025/26,12,2025-10-18,Marciniak S.,Szymon Marciniak,63,0.863,24.9439,4.2216,0.2847,24.4921,3.9048,0.0952,24.554,3.9482,0.1212
2447,2025/26,12,2025-10-18,Sylwestrzak D.,Damian Sylwestrzak,46,0.8214,24.9356,4.2185,0.2843,26.6739,4.4348,0.3696,26.3635,4.3962,0.3543
2449,2025/26,12,2025-10-18,Arys K.,Karol Arys,43,0.8113,24.9413,4.2224,0.2839,24.4651,3.2791,0.3023,24.555,3.4571,0.2989
2445,2025/26,12,2025-10-19,Gryckiewicz P.,Patryk Gryckiewicz,32,0.7619,24.9316,4.2193,0.2835,24.1875,4.7188,0.375,24.3647,4.5998,0.3532
2448,2025/26,12,2025-10-19,Myc W.,Wojciech Myc,36,0.7826,24.9386,4.2176,0.2845,27.7222,4.0556,0.1389,27.1171,4.0908,0.1705
2450,2025/26,12,2025-10-19,Frankowski B.,Bartosz Frankowski,37,0.7872,24.929,4.2131,0.2841,22.8378,4.3243,0.2973,23.2828,4.3007,0.2945
2443,2025/26,12,2025-10-20,Przybyl J.,Jaroslaw Przybyl,48,0.8276,24.9124,4.2142,0.2837,26.3125,4.5417,0.1875,26.0711,4.4852,0.2041
2453,2025/26,13,2025-10-24,Kochanek M.,Marcin Kochanek,23,0.697,24.8986,4.2097,0.2833,23.0435,4.0,0.2174,23.6056,4.0636,0.2374
2455,2025/26,13,2025-10-24,Piszczelok M.,Mateusz Piszczelok,4,0.2857,24.8932,4.2108,0.2857,23.75,4.0,0.0,24.5666,4.1506,0.2041
2452,2025/26,13,2025-10-25,Kuzma L.,Lukasz Kuzma,42,0.8077,24.8864,4.2091,0.2853,24.881,4.2619,0.381,24.882,4.2518,0.3626
2458,2025/26,13,2025-10-25,Raczkowski P.,Pawel Raczkowski,46,0.8214,24.8935,4.2116,0.2849,25.1739,5.4565,0.3696,25.1238,5.2342,0.3545
2459,2025/26,13,2025-10-25,Krasny S.,Sebastian Krasny,19,0.6552,24.8909,4.2141,0.2845,24.3684,4.0,0.4211,24.5486,4.0738,0.374
2454,2025/26,13,2025-10-26,Lasyk P.,Piotr Lasyk,54,0.8438,24.8897,4.2179,0.2841,24.2963,3.7037,0.2037,24.389,3.7841,0.2163
2456,2025/26,13,2025-10-26,Frankowski B.,Bartosz Frankowski,38,0.7917,24.8953,4.2163,0.2837,22.5789,4.3421,0.2895,23.0615,4.3159,0.2883
2460,2025/26,13,2025-10-26,Rzucidlo P.,Piotr Rzucidlo,8,0.4444,24.8803,4.2118,0.2834,24.5,4.125,0.75,24.7113,4.1732,0.4908
2457,2025/26,13,2025-10-27,Arys K.,Karol Arys,44,0.8148,24.8736,4.2115,0.283,24.3182,3.25,0.2955,24.421,3.4281,0.2931
2462,2025/26,14,2025-10-31,Marciniak T.,Tomasz Marciniak,1,0.0909,24.8793,4.2085,0.2826,25.0,2.0,0.0,24.8903,4.0077,0.2569
2468,2025/26,14,2025-10-31,Kos D.,Damian Kos,33,0.7674,24.8877,4.2068,0.2822,25.4545,5.1212,0.5758,25.3227,4.9086,0.5075
2464,2025/26,14,2025-11-02,Kwiatkowski T.,Tomasz Kwiatkowski,42,0.8077,24.8824,4.2052,0.2832,23.4048,4.1429,0.2857,23.6889,4.1548,0.2852
2466,2025/26,14,2025-11-02,Krasny S.,Sebastian Krasny,20,0.6667,24.8743,4.2049,0.2828,24.35,4.15,0.4,24.5248,4.1683,0.3609
2467,2025/26,14,2025-11-02,Raczkowski P.,Pawel Raczkowski,47,0.8246,24.8745,4.2033,0.2824,25.1277,5.4681,0.3617,25.0832,5.2462,0.3478
2469,2025/26,14,2025-11-02,Gryckiewicz P.,Patryk Gryckiewicz,33,0.7674,24.8896,4.2071,0.282,24.3636,4.6667,0.3939,24.486,4.5598,0.3679
2461,2025/26,14,2025-11-03,Malec P.,Pawel Malec,26,0.7222,24.8871,4.2095,0.2816,21.9231,4.0769,0.3077,22.7464,4.1138,0.3005
2463,2025/26,14,2025-11-03,Szczerbowicz M.,Marcin Szczerbowicz,24,0.7059,24.8696,4.2065,0.2812,25.875,4.125,0.2083,25.5793,4.149,0.2298
2465,2025/26,14,2025-11-03,Arys K.,Karol Arys,45,0.8182,24.867,4.209,0.2809,24.4222,3.2222,0.2889,24.5031,3.4016,0.2874
2474,2025/26,15,2025-11-07,Kos D.,Damian Kos,34,0.7727,24.8631,4.2033,0.2805,25.3235,5.0588,0.5882,25.2189,4.8644,0.5183
2475,2025/26,15,2025-11-07,Przybyl J.,Jaroslaw Przybyl,49,0.8305,24.862,4.2057,0.2801,26.0816,4.4694,0.1837,25.8749,4.4247,0.2
2472,2025/26,15,2025-11-08,Myc W.,Wojciech Myc,37,0.7872,24.8676,4.2068,0.2797,27.4595,3.973,0.1351,26.908,4.0227,0.1659
2473,2025/26,15,2025-11-08,Sylwestrzak D.,Damian Sylwestrzak,47,0.8246,24.8677,4.2092,0.2794,26.7234,4.4894,0.3617,26.3979,4.4402,0.3473
2478,2025/26,15,2025-11-08,Raczkowski P.,Pawel Raczkowski,48,0.8276,24.8774,4.2156,0.279,25.3542,5.5,0.3542,25.272,5.2786,0.3412
2470,2025/26,15,2025-11-09,Gryckiewicz P.,Patryk Gryckiewicz,34,0.7727,24.8789,4.2153,0.2786,24.3235,4.7059,0.3824,24.4497,4.5944,0.3588
2471,2025/26,15,2025-11-09,Arys K.,Karol Arys,46,0.8214,24.8925,4.2177,0.2809,24.3696,3.1522,0.2826,24.4629,3.3425,0.2823
2476,2025/26,15,2025-11-09,Lasyk P.,Piotr Lasyk,55,0.8462,24.8993,4.2188,0.2805,24.3818,3.6909,0.2,24.4614,3.7721,0.2124
2477,2025/26,15,2025-11-09,Kuzma L.,Lukasz Kuzma,43,0.8113,24.8887,4.2172,0.2802,25.0,4.3023,0.3721,24.979,4.2863,0.3547
2479,2025/26,16,2025-11-21,Przybyl J.,Jaroslaw Przybyl,50,0.8333,24.8876,4.2182,0.2798,26.14,4.48,0.18,25.9313,4.4364,0.1966
2481,2025/26,16,2025-11-21,Arys K.,Karol Arys,47,0.8246,24.8971,4.2219,0.2807,24.4894,3.1915,0.2766,24.5609,3.3723,0.2773
2480,2025/26,16,2025-11-22,Malec P.,Pawel Malec,27,0.7297,24.8932,4.2216,0.2804,21.5556,4.0,0.2963,22.4576,4.0599,0.292
2483,2025/26,16,2025-11-22,Marciniak S.,Szymon Marciniak,64,0.8649,24.8787,4.2213,0.28,24.4062,3.875,0.0938,24.4701,3.9218,0.1189
2485,2025/26,16,2025-11-22,Kwiatkowski T.,Tomasz Kwiatkowski,43,0.8113,24.8868,4.221,0.2796,23.3023,4.1395,0.2791,23.6013,4.1549,0.2792
2484,2025/26,16,2025-11-23,Lasyk P.,Piotr Lasyk,56,0.8485,24.875,4.2181,0.2793,24.25,3.6786,0.1964,24.3447,3.7603,0.209
2487,2025/26,16,2025-11-23,Raczkowski P.,Pawel Raczkowski,49,0.8305,24.8712,4.2151,0.2789,25.3673,5.4694,0.3469,25.2833,5.2568,0.3354
2482,2025/26,16,2025-11-24,Kuzma L.,Lukasz Kuzma,44,0.8148,24.8621,4.2228,0.2812,24.9773,4.3182,0.3636,24.9559,4.3005,0.3484
2493,2025/26,17,2025-11-28,Sylwestrzak D.,Damian Sylwestrzak,48,0.8276,24.8583,4.2212,0.2808,26.8333,4.5833,0.3542,26.4928,4.5209,0.3415
2496,2025/26,17,2025-11-28,Przybyl J.,Jaroslaw Przybyl,51,0.8361,24.8651,4.2222,0.2804,26.2549,4.5294,0.1961,26.0271,4.4791,0.2099
2490,2025/26,17,2025-11-29,Piszczelok M.,Mateusz Piszczelok,5,0.3333,24.8587,4.2219,0.2801,23.0,3.8,0.0,24.2391,4.0813,0.1867
2494,2025/26,17,2025-11-29,Gryckiewicz P.,Patryk Gryckiewicz,35,0.7778,24.8562,4.2203,0.2797,24.6286,4.7429,0.4286,24.6792,4.6267,0.3955
2495,2025/26,17,2025-11-29,Krasny S.,Sebastian Krasny,21,0.6774,24.8643,4.2187,0.2793,24.381,4.0952,0.381,24.5369,4.1351,0.3482
2488,2025/26,17,2025-11-30,Arys K.,Karol Arys,48,0.8276,24.8671,4.2132,0.2789,24.4375,3.2083,0.2708,24.5116,3.3816,0.2722
2489,2025/26,17,2025-11-30,Myc W.,Wojciech Myc,38,0.7917,24.8686,4.2129,0.2799,27.3947,4.0263,0.1316,26.8685,4.0652,0.1625
2492,2025/26,17,2025-11-30,Marciniak S.,Szymon Marciniak,65,0.8667,24.8635,4.21,0.2795,24.5077,3.8769,0.0923,24.5551,3.9213,0.1173
2491,2025/26,17,2025-12-01,Lasyk P.,Piotr Lasyk,57,0.8507,24.8768,4.211,0.2792,24.2105,3.6491,0.193,24.31,3.733,0.2058
2499,2025/26,18,2025-12-05,Malec P.,Pawel Malec,28,0.7368,24.8848,4.2094,0.2788,21.2857,4.0,0.2857,22.2328,4.0551,0.2839
2497,2025/26,18,2025-12-06,Raczkowski P.,Pawel Raczkowski,50,0.8333,24.8758,4.2118,0.2784,25.22,5.56,0.38,25.1626,5.3353,0.3631
2500,2025/26,18,2025-12-06,Lasyk P.,Piotr Lasyk,58,0.8529,24.8825,4.2128,0.2781,24.3276,3.6379,0.1897,24.4092,3.7225,0.2027
2504,2025/26,18,2025-12-06,Kuzma L.,Lukasz Kuzma,45,0.8182,24.8918,4.2164,0.2777,24.9111,4.2889,0.3556,24.9076,4.2757,0.3414
2505,2025/26,18,2025-12-06,Marciniak T.,Tomasz Marciniak,2,0.1667,24.901,4.2201,0.2773,28.0,2.5,0.0,25.4175,3.9334,0.2311
2498,2025/26,18,2025-12-07,Przybyl J.,Jaroslaw Przybyl,52,0.8387,24.8986,4.225,0.277,26.1346,4.5192,0.1923,25.9353,4.4718,0.206
2502,2025/26,18,2025-12-07,Sylwestrzak D.,Damian Sylwestrzak,49,0.8305,24.9026,4.2234,0.2766,26.898,4.5918,0.3469,26.5598,4.5294,0.335
2503,2025/26,18,2025-12-07,Kwiatkowski T.,Tomasz Kwiatkowski,44,0.8148,24.9079,4.227,0.2789,23.1364,4.0909,0.2727,23.4644,4.1161,0.2739
2501,2025/26,18,2025-12-08,Mucha S.,Sebastian Mucha,0,0.0,24.9028,4.2241,0.2785,24.9028,4.2241,0.2785,24.9028,4.2241,0.2785
2510,2025/26,19,2026-01-30,Frankowski B.,Bartosz Frankowski,39,0.7959,24.8991,4.2212,0.2781,22.359,4.2564,0.2821,22.8774,4.2492,0.2813
2512,2025/26,19,2026-01-30,Przybyl J.,Jaroslaw Przybyl,53,0.8413,24.9018,4.2209,0.2778,26.1698,4.4906,0.1887,25.9685,4.4478,0.2028
2511,2025/26,19,2026-01-31,Lasyk P.,Piotr Lasyk,59,0.8551,24.9226,4.2232,0.2774,24.4576,3.6949,0.1864,24.525,3.7715,0.1996
2513,2025/26,19,2026-01-31,Arys K.,Karol Arys,49,0.8305,24.9278,4.2191,0.2771,24.4694,3.2245,0.2857,24.5471,3.3931,0.2842
2514,2025/26,19,2026-01-31,Raczkowski P.,Pawel Raczkowski,51,0.8361,24.9318,4.2175,0.2767,25.3137,5.549,0.3725,25.2511,5.3307,0.3568
2506,2025/26,19,2026-02-01,Kwiatkowski T.,Tomasz Kwiatkowski,45,0.8182,24.9409,4.2211,0.2763,23.0889,4.0444,0.2667,23.4256,4.0766,0.2684
2508,2025/26,19,2026-02-01,Gryckiewicz P.,Patryk Gryckiewicz,36,0.7826,24.9332,4.2208,0.276,24.8056,4.6944,0.4167,24.8333,4.5915,0.3861
2509,2025/26,19,2026-02-01,Kuzma L.,Lukasz Kuzma,46,0.8214,24.9282,4.2154,0.2756,25.0652,4.3478,0.3478,25.0408,4.3242,0.3349
2507,2025/26,19,2026-02-02,Kos D.,Damian Kos,35,0.7778,24.927,4.2164,0.2753,25.2857,5.0857,0.5714,25.206,4.8925,0.5056
2486,2025/26,16,2026-02-04,Myc W.,Wojciech Myc,39,0.7959,24.9322,4.211,0.2749,27.2308,3.9744,0.1282,26.7617,4.0227,0.1582
2516,2025/26,20,2026-02-06,Kwiatkowski T.,Tomasz Kwiatkowski,46,0.8214,24.94,4.2146,0.2746,23.0,4.0435,0.2609,23.3464,4.074,0.2633
2519,2025/26,20,2026-02-06,Rzucidlo P.,Piotr Rzucidlo,9,0.4737,24.9477,4.2156,0.2768,24.0,4.1111,0.6667,24.4988,4.1661,0.4615
2515,2025/26,20,2026-02-07,Myc W.,Wojciech Myc,40,0.8,24.9516,4.2115,0.2764,27.325,4.05,0.125,26.8503,4.0823,0.1553
2517,2025/26,20,2026-02-07,Sylwestrzak D.,Damian Sylwestrzak,50,0.8333,24.9529,4.2137,0.2761,26.94,4.64,0.38,26.6088,4.569,0.3627
2522,2025/26,20,2026-02-07,Gryckiewicz P.,Patryk Gryckiewicz,37,0.7872,24.9632,4.2135,0.2757,24.7027,4.5676,0.4054,24.7581,4.4922,0.3778
2518,2025/26,20,2026-02-08,Piszczelok M.,Mateusz Piszczelok,6,0.375,24.9657,4.2119,0.2754,23.0,3.6667,0.0,24.2286,4.0075,0.1721
2520,2025/26,20,2026-02-08,Kos D.,Damian Kos,36,0.7826,24.9645,4.2129,0.275,25.3889,4.9444,0.5556,25.2966,4.7854,0.4946
2521,2025/26,20,2026-02-08,Kuzma L.,Lukasz Kuzma,47,0.8246,24.9684,4.2139,0.2747,25.0426,4.3617,0.3404,25.0295,4.3358,0.3289
2523,2025/26,20,2026-02-09,Arys K.,Karol Arys,50,0.8333,24.9684,4.2111,0.2743,24.54,3.22,0.28,24.6114,3.3852,0.2791
2528,2025/26,21,2026-02-13,Stefanski D.,Daniel Stefanski,36,0.7826,24.9558,4.2096,0.274,27.3056,4.9722,0.4444,26.7947,4.8064,0.4074
2531,2025/26,21,2026-02-13,Sylwestrzak D.,Damian Sylwestrzak,51,0.8361,24.9609,4.2119,0.2736,27.0588,4.6275,0.3725,26.7149,4.5593,0.3563
2524,2025/26,21,2026-02-14,Gryckiewicz P.,Patryk Gryckiewicz,38,0.7917,24.9622,4.2128,0.2733,24.7632,4.5263,0.3947,24.8046,4.461,0.3694
2527,2025/26,21,2026-02-14,Szczerbowicz M.,Marcin Szczerbowicz,25,0.7143,24.966,4.2164,0.273,25.76,4.2,0.2,25.5332,4.2047,0.2208
2530,2025/26,21,2026-02-14,Lasyk P.,Piotr Lasyk,60,0.8571,24.9761,4.2186,0.2726,24.5333,3.65,0.1833,24.5966,3.7312,0.1961
2526,2025/26,21,2026-02-15,Raczkowski P.,Pawel Raczkowski,52,0.8387,24.9824,4.2221,0.2723,25.4423,5.5769,0.3654,25.3681,5.3584,0.3504
2529,2025/26,21,2026-02-15,Frankowski B.,Bartosz Frankowski,40,0.8,24.9762,4.2293,0.2719,22.475,4.25,0.275,22.9752,4.2459,0.2744
2532,2025/26,21,2026-02-15,Myc W.,Wojciech Myc,41,0.8039,24.9825,4.2328,0.2716,27.2927,4.0976,0.122,26.8397,4.1241,0.1513
2525,2025/26,21,2026-02-16,Malec P.,Pawel Malec,29,0.7436,24.9788,4.23,0.2712,21.1724,4.069,0.2759,22.1484,4.1103,0.2747
2540,2025/26,22,2026-02-20,Kwiatkowski T.,Tomasz Kwiatkowski,47,0.8246,24.9738,4.226,0.2709,23.1702,4.0638,0.2979,23.4866,4.0923,0.2931
2541,2025/26,22,2026-02-20,Stefanski D.,Daniel Stefanski,37,0.7872,24.9763,4.2257,0.2706,27.3514,5.0,0.4324,26.846,4.8353,0.398
2534,2025/26,22,2026-02-21,Przybyl J.,Jaroslaw Przybyl,54,0.8438,24.9875,4.2316,0.2702,26.4444,4.5185,0.1852,26.2168,4.4737,0.1985
2536,2025/26,22,2026-02-21,Myc W.,Wojciech Myc,42,0.8077,24.9801,4.2289,0.2699,27.1667,4.0476,0.119,26.7462,4.0825,0.1481
2538,2025/26,22,2026-02-21,Raczkowski P.,Pawel Raczkowski,53,0.8413,24.9863,4.2335,0.2696,25.3396,5.6604,0.3585,25.2835,5.4339,0.3444
2533,2025/26,22,2026-02-22,Malec P.,Pawel Malec,30,0.75,24.9864,4.232,0.2692,21.1667,3.9667,0.2667,22.1216,4.033,0.2673
2537,2025/26,22,2026-02-22,Lasyk P.,Piotr Lasyk,61,0.8592,24.9864,4.2342,0.2689,24.623,3.7049,0.1803,24.6741,3.7795,0.1928
2539,2025/26,22,2026-02-22,Sylwestrzak D.,Damian Sylwestrzak,52,0.8387,24.9901,4.2314,0.2686,27.0385,4.6346,0.3654,26.7081,4.5696,0.3498
2535,2025/26,22,2026-02-23,Krasny S.,Sebastian Krasny,22,0.6875,25.0012,4.2361,0.2707,24.5,3.9091,0.3636,24.6566,4.0113,0.3346
2542,2025/26,23,2026-02-27,Raczkowski P.,Pawel Raczkowski,54,0.8438,25.0025,4.2383,0.2704,25.3333,5.6111,0.3519,25.2816,5.3966,0.3391
2547,2025/26,23,2026-02-27,Szczerbowicz M.,Marcin Szczerbowicz,26,0.7222,24.9988,4.2343,0.27,26.0385,4.2692,0.1923,25.7497,4.2595,0.2139
2544,2025/26,23,2026-02-28,Kos D.,Damian Kos,37,0.7872,25.0,4.234,0.2697,25.4595,4.9459,0.5405,25.3617,4.7945,0.4829
2546,2025/26,23,2026-02-28,Lasyk P.,Piotr Lasyk,62,0.8611,25.0049,4.2349,0.2694,24.6774,3.6774,0.1774,24.7229,3.7549,0.1902
2548,2025/26,23,2026-02-28,Gryckiewicz P.,Patryk Gryckiewicz,39,0.7959,25.0012,4.2359,0.2703,24.8462,4.5897,0.3846,24.8778,4.5175,0.3613
2543,2025/26,23,2026-03-01,Kuzma L.,Lukasz Kuzma,48,0.8276,24.9975,4.2356,0.2699,25.0417,4.3125,0.3333,25.0341,4.2992,0.3224
2549,2025/26,23,2026-03-01,Frankowski B.,Bartosz Frankowski,41,0.8039,24.9988,4.2341,0.2696,22.6585,4.3171,0.2683,23.1174,4.3008,0.2686
2550,2025/26,23,2026-03-01,Arys K.,Karol Arys,51,0.8361,25.0049,4.235,0.2693,24.3529,3.2157,0.2745,24.4598,3.3828,0.2737
2545,2025/26,23,2026-03-02,Piszczelok M.,Mateusz Piszczelok,7,0.4118,25.0086,4.2311,0.2689,23.1429,3.8571,0.0,24.2403,4.0771,0.1582
2553,2025/26,24,2026-03-06,Lasyk P.,Piotr Lasyk,63,0.863,24.9963,4.2283,0.2686,24.6349,3.6984,0.1905,24.6844,3.771,0.2012
2556,2025/26,24,2026-03-07,Arys K.,Karol Arys,52,0.8387,24.9878,4.2268,0.2683,24.4231,3.1731,0.2692,24.5142,3.343,0.2691
2558,2025/26,24,2026-03-07,Myc W.,Wojciech Myc,43,0.8113,24.9951,4.2229,0.268,27.2326,4.1395,0.1163,26.8104,4.1553,0.1449
2559,2025/26,24,2026-03-07,Marciniak S.,Szymon Marciniak,66,0.8684,24.9915,4.2226,0.2676,24.6667,3.8939,0.0909,24.7094,3.9372,0.1142
2552,2025/26,24,2026-03-08,Gryckiewicz P.,Patryk Gryckiewicz,40,0.8,25.0,4.2236,0.2673,24.775,4.575,0.375,24.82,4.5047,0.3535
2554,2025/26,24,2026-03-08,Frankowski B.,Bartosz Frankowski,42,0.8077,25.0109,4.2233,0.267,22.8333,4.3333,0.2619,23.2521,4.3122,0.2629
2555,2025/26,24,2026-03-08,Kos D.,Damian Kos,38,0.7917,25.0073,4.2182,0.2667,25.5526,4.9474,0.5263,25.439,4.7955,0.4722
2557,2025/26,24,2026-03-08,Przybyl J.,Jaroslaw Przybyl,55,0.8462,25.0206,4.2203,0.2663,26.3091,4.4727,0.1818,26.1109,4.4339,0.1948
2551,2025/26,24,2026-03-09,Kuzma L.,Lukasz Kuzma,49,0.8305,25.0181,4.2189,0.2684,25.0612,4.2857,0.3265,25.0539,4.2744,0.3167
2561,2025/26,25,2026-03-13,Piszczelok M.,Mateusz Piszczelok,8,0.4444,25.0121,4.2174,0.2681,22.125,3.625,0.0,23.7289,3.9541,0.149
2564,2025/26,25,2026-03-13,Lasyk P.,Piotr Lasyk,64,0.8649,25.0205,4.2232,0.2702,24.5312,3.6875,0.1875,24.5974,3.7599,0.1987
2566,2025/26,25,2026-03-14,Kwiatkowski T.,Tomasz Kwiatkowski,48,0.8276,25.0301,4.2217,0.2699,23.25,4.0625,0.2917,23.5569,4.0899,0.2879
2567,2025/26,25,2026-03-14,Kochanek M.,Marcin Kochanek,24,0.7059,25.0168,4.2202,0.2696,22.9583,4.0417,0.2917,23.5638,4.0942,0.2852
2568,2025/26,25,2026-03-14,Szczerbowicz M.,Marcin Szczerbowicz,27,0.7297,25.0072,4.2188,0.2692,26.037,4.2593,0.1852,25.7587,4.2483,0.2079
2560,2025/26,25,2026-03-15,Sylwestrzak D.,Damian Sylwestrzak,53,0.8413,25.0024,4.2173,0.2689,27.1698,4.6981,0.3962,26.8258,4.6218,0.376
2562,2025/26,25,2026-03-15,Stefanski D.,Daniel Stefanski,38,0.7917,25.0216,4.2158,0.2686,27.5263,5.1053,0.4211,27.0045,4.92,0.3893
2563,2025/26,25,2026-03-15,Raczkowski P.,Pawel Raczkowski,55,0.8462,25.0228,4.2156,0.2683,25.2727,5.5273,0.3455,25.2343,5.3255,0.3336
2565,2025/26,25,2026-03-16,Kos D.,Damian Kos,39,0.7959,25.0191,4.2105,0.2691,25.8205,4.9744,0.5128,25.657,4.8185,0.4631
2572,2025/26,26,2026-03-20,Kos D.,Damian Kos,40,0.8,25.0119,4.2067,0.2688,25.65,4.875,0.5,25.5224,4.7413,0.4538
2576,2025/26,26,2026-03-20,Frankowski B.,Bartosz Frankowski,43,0.8113,25.0143,4.2017,0.2685,22.814,4.2326,0.2558,23.2291,4.2267,0.2582
2569,2025/26,26,2026-03-21,Lasyk P.,Piotr Lasyk,65,0.8667,25.0024,4.2038,0.2682,24.6615,3.6769,0.1846,24.707,3.7472,0.1958
2571,2025/26,26,2026-03-21,Myc W.,Wojciech Myc,44,0.8148,24.9917,4.2012,0.2679,27.1136,4.1364,0.1136,26.7207,4.1484,0.1422
2574,2025/26,26,2026-03-21,Malec P.,Pawel Malec,31,0.7561,24.981,4.1974,0.2675,21.2903,4.0323,0.2581,22.1905,4.0725,0.2604
2570,2025/26,26,2026-03-22,Kuzma L.,Lukasz Kuzma,50,0.8333,24.981,4.196,0.2672,24.96,4.26,0.32,24.9635,4.2493,0.3112
2573,2025/26,26,2026-03-22,Przybyl J.,Jaroslaw Przybyl,56,0.8485,24.9858,4.1957,0.2669,26.25,4.4464,0.2143,26.0584,4.4084,0.2223
2575,2025/26,26,2026-03-22,Gryckiewicz P.,Patryk Gryckiewicz,41,0.8039,24.9917,4.1931,0.2666,25.0,4.561,0.3659,24.9984,4.4888,0.3464
2577,2025/26,26,2026-03-22,Arys K.,Karol Arys,53,0.8413,24.9905,4.1941,0.2686,24.5472,3.1321,0.2642,24.6175,3.3006,0.2649
2581,2025/26,27,2026-04-04,Kuzma L.,Lukasz Kuzma,51,0.8361,24.9917,4.1903,0.2683,25.0392,4.2549,0.3137,25.0314,4.2443,0.3063
2584,2025/26,27,2026-04-04,Stefanski D.,Daniel Stefanski,39,0.7959,24.987,4.1877,0.268,27.4872,5.0769,0.4103,26.9769,4.8955,0.3812
2585,2025/26,27,2026-04-04,Raczkowski P.,Pawel Raczkowski,56,0.8485,24.9788,4.1875,0.2677,25.2143,5.4286,0.3571,25.1786,5.2405,0.3436
2586,2025/26,27,2026-04-04,Przybyl J.,Jaroslaw Przybyl,57,0.8507,24.9847,4.1885,0.2697,26.3158,4.4035,0.2105,26.1171,4.3714,0.2194
2579,2025/26,27,2026-04-06,Kos D.,Damian Kos,41,0.8039,24.9871,4.1882,0.2694,25.6829,4.7561,0.4878,25.5465,4.6448,0.445
2580,2025/26,27,2026-04-06,Kwiatkowski T.,Tomasz Kwiatkowski,49,0.8305,24.98,4.1904,0.2714,23.0612,4.0408,0.2857,23.3864,4.0662,0.2833
2582,2025/26,27,2026-04-06,Nagamine K.,Koki Nagamine,0,0.0,24.9742,4.1901,0.2723,24.9742,4.1901,0.2723,24.9742,4.1901,0.2723
2583,2025/26,27,2026-04-06,Myc W.,Wojciech Myc,45,0.8182,24.9789,4.1887,0.272,26.8667,4.0667,0.1111,26.5234,4.0889,0.1404
2578,2025/26,27,2026-04-07,Gryckiewicz P.,Patryk Gryckiewicz,42,0.8077,24.9731,4.1874,0.2717,24.9762,4.5714,0.4048,24.9756,4.4976,0.3792
2587,2025/26,28,2026-04-10,Nagamine K.,Koki Nagamine,1,0.0909,24.9766,4.1895,0.2737,29.0,3.0,0.0,25.3424,4.0813,0.2488
2591,2025/26,28,2026-04-10,Malec P.,Pawel Malec,32,0.7619,24.9696,4.1893,0.2734,21.4062,4.0,0.25,22.2547,4.0451,0.2556
2588,2025/26,28,2026-04-11,Kos D.,Damian Kos,42,0.8077,24.9638,4.1855,0.273,25.5238,4.7857,0.5238,25.4161,4.6703,0.4756
2590,2025/26,28,2026-04-11,Lasyk P.,Piotr Lasyk,66,0.8684,24.9627,4.1888,0.2727,24.5303,3.6515,0.1818,24.5872,3.7222,0.1938
2595,2025/26,28,2026-04-11,Stefanski D.,Daniel Stefanski,40,0.8,24.9779,4.1909,0.2724,27.25,5.05,0.4,26.7956,4.8782,0.3745
2589,2025/26,28,2026-04-12,Frankowski B.,Bartosz Frankowski,44,0.8148,24.9872,4.193,0.2744,22.6364,4.2727,0.25,23.0717,4.258,0.2545
2592,2025/26,28,2026-04-12,Arys K.,Karol Arys,54,0.8438,24.9814,4.1916,0.2741,24.5741,3.0926,0.2593,24.6377,3.2643,0.2616
2593,2025/26,28,2026-04-12,Sylwestrzak D.,Damian Sylwestrzak,54,0.8438,24.9872,4.1879,0.2738,27.4259,4.6667,0.3889,27.0449,4.5919,0.3709
2594,2025/26,28,2026-04-13,Kuzma L.,Lukasz Kuzma,52,0.8387,24.9791,4.1842,0.2735,24.9615,4.2115,0.3077,24.9644,4.2071,0.3022
2598,2025/26,29,2026-04-17,Nagamine K.,Koki Nagamine,2,0.1667,24.9815,4.1817,0.2731,24.0,3.5,0.0,24.8179,4.0681,0.2276
2603,2025/26,29,2026-04-17,Marciniak T.,Tomasz Marciniak,3,0.2308,24.9873,4.1815,0.2728,26.3333,4.3333,0.0,25.2979,4.2165,0.2099
2600,2025/26,29,2026-04-18,Sylwestrzak D.,Damian Sylwestrzak,55,0.8462,24.9885,4.1848,0.2748,27.2545,4.6,0.3818,26.9059,4.5361,0.3654
2601,2025/26,29,2026-04-18,Przybyl J.,Jaroslaw Przybyl,58,0.8529,24.9827,4.1834,0.2745,26.3276,4.3966,0.2069,26.1298,4.3652,0.2168
2602,2025/26,29,2026-04-18,Gryckiewicz P.,Patryk Gryckiewicz,43,0.8113,24.985,4.1855,0.2742,25.0465,4.6047,0.4419,25.0349,4.5256,0.4102
2596,2025/26,29,2026-04-19,Myc W.,Wojciech Myc,46,0.8214,24.985,4.1876,0.2739,26.7174,4.0435,0.1087,26.408,4.0692,0.1382
2597,2025/26,29,2026-04-19,Szczerbowicz M.,Marcin Szczerbowicz,28,0.7368,24.9885,4.1897,0.2736,25.8571,4.2143,0.1786,25.6286,4.2078,0.2036
2604,2025/26,29,2026-04-19,Marciniak S.,Szymon Marciniak,67,0.8701,24.9851,4.1871,0.2732,24.7761,3.9104,0.0896,24.8033,3.9464,0.1134
2599,2025/26,29,2026-04-20,Raczkowski P.,Pawel Raczkowski,57,0.8507,24.9874,4.1858,0.2741,25.2982,5.4211,0.386,25.2518,5.2367,0.3693
2607,2025/26,30,2026-04-24,Kos D.,Damian Kos,43,0.8113,24.984,4.1856,0.2749,25.4884,4.8372,0.5116,25.3932,4.7143,0.467
2611,2025/26,30,2026-04-24,Kwiatkowski T.,Tomasz Kwiatkowski,50,0.8333,24.9863,4.1899,0.2769,23.0,4.04,0.3,23.331,4.065,0.2961
2606,2025/26,30,2026-04-25,Nagamine K.,Koki Nagamine,3,0.2308,24.9886,4.1931,0.2766,26.0,3.6667,0.0,25.222,4.0716,0.2127
2608,2025/26,30,2026-04-25,Frankowski B.,Bartosz Frankowski,45,0.8182,24.9897,4.1929,0.2763,22.5778,4.2444,0.2444,23.0163,4.2351,0.2502
2609,2025/26,30,2026-04-25,Sylwestrzak D.,Damian Sylwestrzak,56,0.8485,24.9806,4.1904,0.2759,27.125,4.5714,0.375,26.8001,4.5137,0.36
2605,2025/26,30,2026-04-26,Stefanski D.,Daniel Stefanski,41,0.8039,24.9909,4.1936,0.2779,27.3902,5.0732,0.439,26.9198,4.9007,0.4074
2610,2025/26,30,2026-04-26,Lasyk P.,Piotr Lasyk,67,0.8701,24.9909,4.1945,0.2776,24.7313,3.6866,0.1791,24.7651,3.7525,0.1919
2613,2025/26,30,2026-04-26,Kuzma L.,Lukasz Kuzma,53,0.8413,24.9909,4.1909,0.2784,25.0,4.1698,0.3019,24.9986,4.1732,0.2982
2612,2025/26,30,2026-04-27,Marciniak S.,Szymon Marciniak,68,0.8718,25.0023,4.1896,0.2781,24.8088,3.8971,0.1029,24.8336,3.9346,0.1254
2615,2025/26,31,2026-05-01,Myc W.,Wojciech Myc,47,0.8246,24.9943,4.1893,0.2778,26.7447,4.0851,0.1064,26.4376,4.1034,0.1365
2620,2025/26,31,2026-05-01,Gryckiewicz P.,Patryk Gryckiewicz,44,0.8148,25.0,4.1914,0.2775,25.0455,4.6364,0.4318,25.037,4.554,0.4032
2616,2025/26,31,2026-05-02,Arys K.,Karol Arys,55,0.8462,25.0023,4.1889,0.2771,24.6727,3.0545,0.2545,24.7234,3.2291,0.258
2617,2025/26,31,2026-05-03,Kwiatkowski T.,Tomasz Kwiatkowski,51,0.8361,24.9944,4.1842,0.2768,23.0784,4.098,0.2941,23.3925,4.1122,0.2913
2619,2025/26,31,2026-05-03,Raczkowski P.,Pawel Raczkowski,58,0.8529,24.9887,4.184,0.2777,25.2414,5.3966,0.3966,25.2042,5.2182,0.3791
2621,2025/26,31,2026-05-03,Malec P.,Pawel Malec,33,0.7674,24.9808,4.1826,0.2773,21.3636,3.9091,0.2424,22.2048,3.9727,0.2505
2618,2025/26,31,2026-05-04,Marciniak S.,Szymon Marciniak,69,0.8734,24.9741,4.1791,0.277,24.7101,3.8986,0.1014,24.7436,3.9341,0.1237
2627,2025/26,32,2026-05-08,Frankowski B.,Bartosz Frankowski,46,0.8214,24.9674,4.1777,0.2778,22.4565,4.1957,0.2391,22.9049,4.1925,0.246
2628,2025/26,32,2026-05-08,Kuzma L.,Lukasz Kuzma,54,0.8438,24.9618,4.1787,0.2775,25.1852,4.1481,0.2963,25.1503,4.1529,0.2934
2625,2025/26,32,2026-05-09,Marciniak S.,Szymon Marciniak,70,0.875,24.9618,4.1773,0.2772,24.6286,3.8857,0.1143,24.6702,3.9222,0.1347
2629,2025/26,32,2026-05-09,Myc W.,Wojciech Myc,48,0.8276,24.9529,4.1738,0.2769,26.8125,4.125,0.1042,26.4919,4.1334,0.1339
2631,2025/26,32,2026-05-09,Przybyl J.,Jaroslaw Przybyl,59,0.8551,24.9653,4.1702,0.2766,26.339,4.4237,0.2034,26.1399,4.387,0.214
2623,2025/26,32,2026-05-10,Raczkowski P.,Pawel Raczkowski,59,0.8551,24.9664,4.1723,0.2785,25.1186,5.3559,0.3898,25.0966,5.1844,0.3737
2624,2025/26,32,2026-05-10,Arys K.,Karol Arys,56,0.8485,24.9654,4.1721,0.2782,24.5536,3.0,0.25,24.616,3.1776,0.2543
2630,2025/26,32,2026-05-10,Sylwestrzak D.,Damian Sylwestrzak,57,0.8507,24.9721,4.1708,0.2779,27.2456,4.614,0.4035,26.9063,4.5479,0.3848
2626,2025/26,32,2026-05-11,Stefanski D.,Daniel Stefanski,42,0.8077,24.9744,4.1695,0.2776,27.3333,5.0714,0.4286,26.8797,4.898,0.3995
2614,2025/26,31,2026-05-13,Szczerbowicz M.,Marcin Szczerbowicz,29,0.7436,24.9677,4.1748,0.2784,25.7241,4.1379,0.1724,25.5302,4.1474,0.1996
2622,2025/26,31,2026-05-13,Marciniak S.,Szymon Marciniak,71,0.8765,24.9689,4.1724,0.2781,24.5211,3.8451,0.1127,24.5764,3.8855,0.1331
2636,2025/26,33,2026-05-15,Malec P.,Pawel Malec,34,0.7727,24.96,4.1733,0.2778,21.2941,3.8235,0.2353,22.1273,3.903,0.2449
2638,2025/26,33,2026-05-15,Kwiatkowski T.,Tomasz Kwiatkowski,52,0.8387,24.9545,4.1731,0.2775,23.0192,4.0962,0.3077,23.3314,4.1086,0.3028
2633,2025/26,33,2026-05-16,Myc W.,Wojciech Myc,49,0.8305,24.9701,4.1752,0.2772,27.0,4.0612,0.102,26.6559,4.0805,0.1317
2635,2025/26,33,2026-05-16,Marciniak S.,Szymon Marciniak,72,0.878,24.9679,4.175,0.2769,24.4167,3.8611,0.1111,24.4839,3.8994,0.1313
2637,2025/26,33,2026-05-16,Arys K.,Karol Arys,57,0.8507,24.969,4.1781,0.2765,24.6667,3.0,0.2456,24.7118,3.1758,0.2502
2634,2025/26,33,2026-05-17,Sylwestrzak D.,Damian Sylwestrzak,58,0.8529,24.9768,4.179,0.2762,27.2414,4.5862,0.3966,26.9084,4.5263,0.3789
2639,2025/26,33,2026-05-17,Raczkowski P.,Pawel Raczkowski,60,0.8571,24.9812,4.1821,0.2781,25.1,5.3333,0.3833,25.083,5.1689,0.3683
2640,2025/26,33,2026-05-17,Stefanski D.,Daniel Stefanski,43,0.8113,24.9813,4.1819,0.2778,27.1395,5.1628,0.4419,26.7323,4.9777,0.4109
2632,2025/26,33,2026-05-18,Kuzma L.,Lukasz Kuzma,55,0.8462,24.9791,4.185,0.2775,25.1818,4.1273,0.2909,25.1506,4.1362,0.2889
2641,2025/26,34,2026-05-23,Gryckiewicz P.,Patryk Gryckiewicz,45,0.8182,24.9846,4.1859,0.2772,25.0889,4.5778,0.4222,25.0699,4.5065,0.3959
2642,2025/26,34,2026-05-23,Przybyl J.,Jaroslaw Przybyl,60,0.8571,24.9901,4.189,0.2769,26.3333,4.45,0.2333,26.1414,4.4127,0.2396
2643,2025/26,34,2026-05-23,Marciniak S.,Szymon Marciniak,73,0.8795,24.9901,4.1877,0.2766,24.4384,3.9041,0.1096,24.5048,3.9383,0.1297
2644,2025/26,34,2026-05-23,Sylwestrzak D.,Damian Sylwestrzak,59,0.8551,24.9825,4.1886,0.2763,27.2712,4.6271,0.4237,26.9395,4.5636,0.4024
2645,2025/26,34,2026-05-23,Frankowski B.,Bartosz Frankowski,47,0.8246,24.9748,4.1884,0.2771,22.4043,4.2128,0.234,22.8552,4.2085,0.2416
2646,2025/26,34,2026-05-23,Szczerbowicz M.,Marcin Szczerbowicz,30,0.75,24.9759,4.1838,0.2768,25.7333,4.0667,0.1667,25.544,4.096,0.1942
2647,2025/26,34,2026-05-23,Stefanski D.,Daniel Stefanski,44,0.8148,24.9683,4.1825,0.2765,27.0455,5.2045,0.4318,26.6608,5.0153,0.4031
2648,2025/26,34,2026-05-23,Myc W.,Wojciech Myc,50,0.8333,24.9672,4.1812,0.2762,26.92,4.06,0.1,26.5945,4.0802,0.1294
2649,2025/26,34,2026-05-23,Arys K.,Karol Arys,58,0.8529,24.9738,4.181,0.2759,24.7931,3.0345,0.2414,24.8197,3.2031,0.2465
