flash_team,flash_name,expected_klub_slug,current_status,existing_player_slug,proposed_status,proposed_player_slug,evidence,candidate_count,top1_score,top1_relation,top1_clubs,top1_seasons,top1_path,top2_player_slug,top2_score,gap_top1_top2
Cracovia,Al Ammari A.,cracovia,unresolved,,auto_same_club_history,amir-fouad-aboud-al-ammari,all_flash_tokens_in_slug_ascii | suffix_exact_ascii | initial_match_any_given_token | same_club_history | same_club_target_season,1,125.0,same_club_target_season,cracovia,2024/25 | 2025/26,2024/25:cracovia | 2025/26:cracovia,,,999.0
Cracovia,Atanasov J.,cracovia,unresolved,,auto_same_club_history,jani-atanasov,all_flash_tokens_in_slug_ascii | suffix_exact_ascii | initial_match_any_given_token | same_club_history | present_in_target_season,1,121.0,same_club_history,cracovia | puszcza-niepolomice,2023/24 | 2024/25 | 2025/26,2023/24:cracovia | 2024/25:puszcza-niepolomice | 2025/26:cracovia,,,999.0
Cracovia,Biedrzycki B.,cracovia,unresolved,,auto_same_club_history,bartosz-biedrzycki,all_flash_tokens_in_slug_ascii | suffix_exact_ascii | initial_match_any_given_token | same_club_history | same_club_target_season,1,125.0,same_club_target_season,cracovia,2024/25 | 2025/26,2024/25:cracovia | 2025/26:cracovia,,,999.0
Cracovia,Bochnak M.,cracovia,unresolved,,auto_same_club_history,mateusz-bochnak,all_flash_tokens_in_slug_ascii | suffix_exact_ascii | initial_match_any_given_token | same_club_history | same_club_target_season,1,125.0,same_club_target_season,cracovia,2023/24 | 2024/25,2023/24:cracovia | 2024/25:cracovia,,,999.0
Cracovia,Burek J.,cracovia,unresolved,,auto_transfer_candidate,jakub-burek,all_flash_tokens_in_slug_ascii | suffix_exact_ascii | initial_match_any_given_token,1,105.0,historical_other_club,wisla-plock,2025/26,2025/26:wisla-plock,,,999.0
Cracovia,Bzdyl F.,cracovia,unresolved,,auto_same_club_history,fabian-bzdyl,all_flash_tokens_in_slug_ascii | suffix_exact_ascii | initial_match_any_given_token | same_club_history | same_club_target_season,1,125.0,same_club_target_season,cracovia,2023/24 | 2024/25 | 2025/26,2023/24:cracovia | 2024/25:cracovia | 2025/26:cracovia,,,999.0
Cracovia,Ghita V.,cracovia,unresolved,,auto_same_club_history,virgil-ghita,all_flash_tokens_in_slug_ascii | suffix_exact_ascii | initial_match_any_given_token | same_club_history | same_club_target_season,1,125.0,same_club_target_season,cracovia,2023/24 | 2024/25,2023/24:cracovia | 2024/25:cracovia,,,999.0
Cracovia,Glik K.,cracovia,unresolved,,auto_same_club_history,kamil-jacek-glik,all_flash_tokens_in_slug_ascii | suffix_exact_ascii | initial_match_any_given_token | same_club_history | same_club_target_season,1,125.0,same_club_target_season,cracovia,2023/24 | 2024/25 | 2025/26,2023/24:cracovia | 2024/25:cracovia | 2025/26:cracovia,,,999.0
Cracovia,Hasic A.,cracovia,unresolved,,auto_same_club_history,ajdin-hasic,all_flash_tokens_in_slug_ascii | suffix_exact_ascii | initial_match_any_given_token | same_club_history | same_club_target_season,1,125.0,same_club_target_season,cracovia,2024/25 | 2025/26,2024/25:cracovia | 2025/26:cracovia,,,999.0
Cracovia,Henriksson G.,cracovia,unresolved,,auto_same_club_history,gustav-niklas-henriksson,all_flash_tokens_in_slug_ascii | suffix_exact_ascii | initial_match_any_given_token | same_club_history | same_club_target_season,1,125.0,same_club_target_season,cracovia,2024/25 | 2025/26,2024/25:cracovia | 2025/26:cracovia,,,999.0
Cracovia,Hoskonen A.,cracovia,unresolved,,auto_same_club_history,arttu-hoskonen,all_flash_tokens_in_slug_ascii | suffix_exact_ascii | initial_match_any_given_token | same_club_history | same_club_target_season,1,125.0,same_club_target_season,cracovia,2023/24 | 2024/25,2023/24:cracovia | 2024/25:cracovia,,,999.0
Cracovia,Janasik P.,cracovia,unresolved,,auto_same_club_history,patryk-janasik,all_flash_tokens_in_slug_ascii | suffix_exact_ascii | initial_match_any_given_token | same_club_history | same_club_target_season,1,125.0,same_club_target_season,cracovia | slask-wroclaw,2023/24 | 2024/25,2023/24:slask-wroclaw | 2024/25:cracovia,,,999.0
Cracovia,Jaroszynski P.,cracovia,unresolved,,auto_same_club_history,pawe-jaroszynski,all_flash_tokens_in_slug_ascii | suffix_exact_ascii | initial_match_any_given_token | same_club_history | same_club_target_season,1,125.0,same_club_target_season,cracovia,2023/24 | 2024/25,2023/24:cracovia | 2024/25:cracovia,,,999.0
Cracovia,Jugas J.,cracovia,unresolved,,auto_same_club_history,jakub-jugas,all_flash_tokens_in_slug_ascii | suffix_exact_ascii | initial_match_any_given_token | same_club_history | same_club_target_season,1,125.0,same_club_target_season,cracovia,2023/24 | 2024/25,2023/24:cracovia | 2024/25:cracovia,,,999.0
Cracovia,Kakabadze O.,cracovia,unresolved,,auto_same_club_history,otar-kakabadze,all_flash_tokens_in_slug_ascii | suffix_exact_ascii | initial_match_any_given_token | same_club_history | same_club_target_season,1,125.0,same_club_target_season,cracovia,2023/24 | 2024/25 | 2025/26,2023/24:cracovia | 2024/25:cracovia | 2025/26:cracovia,,,999.0
Cracovia,Kallman B.,cracovia,unresolved,,auto_same_club_history,benjamin-kallman,all_flash_tokens_in_slug_ascii | suffix_exact_ascii | initial_match_any_given_token | same_club_history | same_club_target_season,1,125.0,same_club_target_season,cracovia,2023/24 | 2024/25,2023/24:cracovia | 2024/25:cracovia,,,999.0
Cracovia,Knap K.,cracovia,unresolved,,auto_same_club_history,karol-knap,all_flash_tokens_in_slug_ascii | suffix_exact_ascii | initial_match_any_given_token | same_club_history | present_in_target_season,1,121.0,same_club_history,cracovia | stal-mielec,2023/24 | 2024/25 | 2025/26,2023/24:cracovia | 2024/25:stal-mielec | 2025/26:cracovia,,,999.0
Cracovia,Lachowicz O.,cracovia,unresolved,,auto_same_club_history,oskar-lachowicz,all_flash_tokens_in_slug_ascii | suffix_exact_ascii | initial_match_any_given_token | same_club_history | same_club_target_season,1,125.0,same_club_target_season,cracovia,2024/25,2024/25:cracovia,,,999.0
Cracovia,Madejski S.,cracovia,unresolved,,auto_same_club_history,sebastian-madejski,all_flash_tokens_in_slug_ascii | suffix_exact_ascii | initial_match_any_given_token | same_club_history | same_club_target_season,1,125.0,same_club_target_season,cracovia,2023/24 | 2024/25 | 2025/26,2023/24:cracovia | 2024/25:cracovia | 2025/26:cracovia,,,999.0
Cracovia,Maigaard M.,cracovia,unresolved,,auto_same_club_history,mikkel-maigaard-jakobsen,all_flash_tokens_in_slug_ascii | initial_match_any_given_token | same_club_history | same_club_target_season,1,105.0,same_club_target_season,cracovia,2023/24 | 2024/25 | 2025/26,2023/24:cracovia | 2024/25:cracovia | 2025/26:cracovia,,,999.0
Cracovia,Minchev M.,cracovia,unresolved,,auto_same_club_history,martin-yankov-minchev,all_flash_tokens_in_slug_ascii | suffix_exact_ascii | initial_match_any_given_token | same_club_history | same_club_target_season,1,125.0,same_club_target_season,cracovia,2024/25 | 2025/26,2024/25:cracovia | 2025/26:cracovia,,,999.0
Cracovia,Olafsson D.,cracovia,unresolved,,auto_same_club_history,davi-kristjan-olafsson,all_flash_tokens_in_slug_ascii | suffix_exact_ascii | initial_match_any_given_token | same_club_history | same_club_target_season,1,125.0,same_club_target_season,cracovia,2023/24 | 2024/25 | 2025/26,2023/24:cracovia | 2024/25:cracovia | 2025/26:cracovia,,,999.0
Cracovia,Perkovic M.,cracovia,unresolved,,auto_same_club_history,mauro-perkovic,all_flash_tokens_in_slug_ascii | suffix_exact_ascii | initial_match_any_given_token | same_club_history | same_club_target_season,1,125.0,same_club_target_season,cracovia,2024/25 | 2025/26,2024/25:cracovia | 2025/26:cracovia,,,999.0
Cracovia,Polak D.,cracovia,unresolved,,auto_same_club_history,dawid-polak,all_flash_tokens_in_slug_ascii | suffix_exact_ascii | initial_match_any_given_token | same_club_history | same_club_target_season,2,125.0,same_club_target_season,cracovia,2024/25,2024/25:cracovia,cezary-polak,94,31.0
Cracovia,Pomietlo M.,cracovia,unresolved,,no_candidate,,no_strict_candidate,0,,,,,,,,
Cracovia,Rakoczy M.,cracovia,unresolved,,auto_same_club_history,micha-miosz-rakoczy,all_flash_tokens_in_slug_ascii | suffix_exact_ascii | initial_match_any_given_token | same_club_history | same_club_target_season,1,125.0,same_club_target_season,cracovia,2023/24 | 2024/25 | 2025/26,2023/24:cracovia | 2024/25:cracovia | 2025/26:cracovia,,,999.0
Cracovia,Ravas H.,cracovia,unresolved,,auto_same_club_history,henrich-ravas,all_flash_tokens_in_slug_ascii | suffix_exact_ascii | initial_match_any_given_token | same_club_history | same_club_target_season,1,125.0,same_club_target_season,cracovia | widzew-lodz,2023/24 | 2024/25 | 2025/26,2023/24:widzew-lodz | 2024/25:cracovia | 2025/26:cracovia,,,999.0
Cracovia,Rózga F.,cracovia,unresolved,,auto_same_club_history,filip-rozga,all_flash_tokens_in_slug_ascii | suffix_exact_ascii | initial_match_any_given_token | same_club_history | same_club_target_season,1,125.0,same_club_target_season,cracovia,2023/24 | 2024/25,2023/24:cracovia | 2024/25:cracovia,,,999.0
Cracovia,Skovgaard A.,cracovia,unresolved,,auto_same_club_history,andreas-skovgaard-larsen,all_flash_tokens_in_slug_ascii | initial_match_any_given_token | same_club_history | same_club_target_season,1,105.0,same_club_target_season,cracovia,2023/24 | 2024/25,2023/24:cracovia | 2024/25:cracovia,,,999.0
Cracovia,Smiglewski K.,cracovia,unresolved,,auto_same_club_history,kacper-smiglewski,all_flash_tokens_in_slug_ascii | suffix_exact_ascii | initial_match_any_given_token | same_club_history | same_club_target_season,1,125.0,same_club_target_season,cracovia,2023/24 | 2024/25,2023/24:cracovia | 2024/25:cracovia,,,999.0
Cracovia,Sokołowski P.,cracovia,unresolved,,auto_same_club_history,patryk-sokoowski,all_flash_tokens_in_slug_slugstyle | suffix_exact_slugstyle | initial_match_any_given_token | same_club_history | same_club_target_season,1,125.0,same_club_target_season,cracovia | legia-warszawa,2023/24 | 2024/25,2023/24:legia-warszawa | 2024/25:cracovia,,,999.0
Cracovia,Wójcik O.,cracovia,unresolved,,auto_same_club_history,oskar-wojcik,all_flash_tokens_in_slug_ascii | suffix_exact_ascii | initial_match_any_given_token | same_club_history | same_club_target_season,2,125.0,same_club_target_season,cracovia,2024/25 | 2025/26,2024/25:cracovia | 2025/26:cracovia,filip-wojcik,94,31.0
Cracovia,van Buren M.,cracovia,unresolved,,auto_same_club_history,mick-van-buren,all_flash_tokens_in_slug_ascii | suffix_exact_ascii | initial_match_any_given_token | same_club_history | same_club_target_season,1,125.0,same_club_target_season,cracovia,2024/25,2024/25:cracovia,,,999.0
GKS Katowice,Antczak J.,gks-katowice,unresolved,,no_candidate,,no_strict_candidate,0,,,,,,,,
GKS Katowice,Arak J.,gks-katowice,unresolved,,auto_same_club_history,jakub-arak,all_flash_tokens_in_slug_ascii | suffix_exact_ascii | initial_match_any_given_token | same_club_history | same_club_target_season,1,125.0,same_club_target_season,gks-katowice,2024/25,2024/25:gks-katowice,,,999.0
GKS Katowice,Baranowicz B.,gks-katowice,unresolved,,auto_same_club_history,bartosz-baranowicz,all_flash_tokens_in_slug_ascii | suffix_exact_ascii | initial_match_any_given_token | same_club_history | same_club_target_season,1,125.0,same_club_target_season,gks-katowice,2024/25,2024/25:gks-katowice,,,999.0
GKS Katowice,Bergier S.,gks-katowice,unresolved,,auto_same_club_history,sebastian-bergier,all_flash_tokens_in_slug_ascii | suffix_exact_ascii | initial_match_any_given_token | same_club_history | same_club_target_season,1,125.0,same_club_target_season,gks-katowice | widzew-lodz,2024/25 | 2025/26,2024/25:gks-katowice | 2025/26:widzew-lodz,,,999.0
GKS Katowice,Bród A.,gks-katowice,unresolved,,auto_same_club_history,alan-brod,all_flash_tokens_in_slug_ascii | suffix_exact_ascii | initial_match_any_given_token | same_club_history | same_club_target_season,1,125.0,same_club_target_season,gks-katowice,2024/25 | 2025/26,2024/25:gks-katowice | 2025/26:gks-katowice,,,999.0
GKS Katowice,Błąd A.,gks-katowice,unresolved,,auto_same_club_history,adrian-bad,all_flash_tokens_in_slug_slugstyle | suffix_exact_slugstyle | initial_match_any_given_token | same_club_history | same_club_target_season,1,125.0,same_club_target_season,gks-katowice,2024/25 | 2025/26,2024/25:gks-katowice | 2025/26:gks-katowice,,,999.0
GKS Katowice,Czerwiński A.,gks-katowice,unresolved,,auto_same_club_history,alan-czerwinski,all_flash_tokens_in_slug_ascii | suffix_exact_ascii | initial_match_any_given_token | same_club_history | same_club_target_season,2,125.0,same_club_target_season,gks-katowice | lech-poznan,2023/24 | 2024/25 | 2025/26,2023/24:lech-poznan | 2024/25:gks-katowice | 2025/26:gks-katowice,jakub-czerwinski,94,31.0
GKS Katowice,Drachal D.,gks-katowice,unresolved,,auto_transfer_candidate,dawid-drachal,all_flash_tokens_in_slug_ascii | suffix_exact_ascii | initial_match_any_given_token | present_in_target_season,1,109.0,other_club_target_season,jagiellonia-bialystok | rakow-czestochowa,2023/24 | 2024/25 | 2025/26,2023/24:rakow-czestochowa | 2024/25:rakow-czestochowa | 2025/26:jagiellonia-bialystok,,,999.0
GKS Katowice,Galan B.,gks-katowice,unresolved,,auto_same_club_history,borja-galan-gonzalez,all_flash_tokens_in_slug_ascii | initial_match_any_given_token | same_club_history | same_club_target_season,1,105.0,same_club_target_season,gks-katowice,2024/25 | 2025/26,2024/25:gks-katowice | 2025/26:gks-katowice,,,999.0
GKS Katowice,Gruszkowski K.,gks-katowice,unresolved,,auto_same_club_history,konrad-jan-gruszkowski,all_flash_tokens_in_slug_ascii | suffix_exact_ascii | initial_match_any_given_token | same_club_history | same_club_target_season,1,125.0,same_club_target_season,gks-katowice,2024/25 | 2025/26,2024/25:gks-katowice | 2025/26:gks-katowice,,,999.0
GKS Katowice,Jaroszek B.,gks-katowice,unresolved,,auto_same_club_history,bartosz-jaroszek,all_flash_tokens_in_slug_ascii | suffix_exact_ascii | initial_match_any_given_token | same_club_history | same_club_target_season,1,125.0,same_club_target_season,gks-katowice,2024/25,2024/25:gks-katowice,,,999.0
GKS Katowice,Jędrych A.,gks-katowice,unresolved,,auto_same_club_history,arkadiusz-jedrych,all_flash_tokens_in_slug_ascii | suffix_exact_ascii | initial_match_any_given_token | same_club_history | same_club_target_season,1,125.0,same_club_target_season,gks-katowice,2024/25 | 2025/26,2024/25:gks-katowice | 2025/26:gks-katowice,,,999.0
GKS Katowice,Klemenz L.,gks-katowice,unresolved,,auto_same_club_history,lukas-rafael-klemenz,all_flash_tokens_in_slug_ascii | suffix_exact_ascii | initial_match_any_given_token | same_club_history | same_club_target_season,1,125.0,same_club_target_season,gks-katowice,2024/25 | 2025/26,2024/25:gks-katowice | 2025/26:gks-katowice,,,999.0
GKS Katowice,Komor A.,gks-katowice,unresolved,,auto_same_club_history,aleksander-komor,all_flash_tokens_in_slug_ascii | suffix_exact_ascii | initial_match_any_given_token | same_club_history | same_club_target_season,1,125.0,same_club_target_season,gks-katowice,2024/25,2024/25:gks-katowice,,,999.0
GKS Katowice,Kowalczyk M.,gks-katowice,unresolved,,auto_same_club_history,mateusz-kowalczyk,all_flash_tokens_in_slug_ascii | suffix_exact_ascii | initial_match_any_given_token | same_club_history | same_club_target_season,2,125.0,same_club_target_season,gks-katowice,2024/25 | 2025/26,2024/25:gks-katowice | 2025/26:gks-katowice,sebastian-oskar-kowalczyk,90,35.0
GKS Katowice,Kudła D.,gks-katowice,unresolved,,auto_same_club_history,dawid-kuda,all_flash_tokens_in_slug_slugstyle | suffix_exact_slugstyle | initial_match_any_given_token | same_club_history | same_club_target_season,1,125.0,same_club_target_season,gks-katowice,2024/25 | 2025/26,2024/25:gks-katowice | 2025/26:gks-katowice,,,999.0
GKS Katowice,Kuusk M.,gks-katowice,unresolved,,auto_same_club_history,marten-kuusk,all_flash_tokens_in_slug_ascii | suffix_exact_ascii | initial_match_any_given_token | same_club_history | same_club_target_season,1,125.0,same_club_target_season,gks-katowice,2024/25 | 2025/26,2024/25:gks-katowice | 2025/26:gks-katowice,,,999.0
GKS Katowice,Mak M.,gks-katowice,unresolved,,auto_same_club_history,mateusz-mak,all_flash_tokens_in_slug_ascii | suffix_exact_ascii | initial_match_any_given_token | same_club_history | same_club_target_season,1,125.0,same_club_target_season,gks-katowice,2024/25,2024/25:gks-katowice,,,999.0
GKS Katowice,Marzec M.,gks-katowice,unresolved,,auto_same_club_history,mateusz-marzec,all_flash_tokens_in_slug_ascii | suffix_exact_ascii | initial_match_any_given_token | same_club_history | same_club_target_season,1,125.0,same_club_target_season,gks-katowice,2024/25,2024/25:gks-katowice,,,999.0
GKS Katowice,Milewski S.,gks-katowice,unresolved,,auto_same_club_history,sebastian-milewski,all_flash_tokens_in_slug_ascii | suffix_exact_ascii | initial_match_any_given_token | same_club_history | same_club_target_season,1,125.0,same_club_target_season,gks-katowice,2024/25 | 2025/26,2024/25:gks-katowice | 2025/26:gks-katowice,,,999.0
GKS Katowice,Nowak B.,gks-katowice,unresolved,,auto_same_club_history,bartosz-nowak,all_flash_tokens_in_slug_ascii | suffix_exact_ascii | initial_match_any_given_token | same_club_history | present_in_target_season,2,121.0,same_club_history,gks-katowice | rakow-czestochowa,2023/24 | 2024/25 | 2025/26,2023/24:rakow-czestochowa | 2024/25:rakow-czestochowa | 2025/26:gks-katowice,wiktor-nowak,90,31.0
GKS Katowice,Repka O.,gks-katowice,unresolved,,auto_same_club_history,oskar-repka,all_flash_tokens_in_slug_ascii | suffix_exact_ascii | initial_match_any_given_token | same_club_history | same_club_target_season,1,125.0,same_club_target_season,gks-katowice | rakow-czestochowa,2024/25 | 2025/26,2024/25:gks-katowice | 2025/26:rakow-czestochowa,,,999.0
GKS Katowice,Rogala G.,gks-katowice,unresolved,,auto_same_club_history,grzegorz-rogala,all_flash_tokens_in_slug_ascii | suffix_exact_ascii | initial_match_any_given_token | same_club_history | same_club_target_season,1,125.0,same_club_target_season,gks-katowice,2024/25 | 2025/26,2024/25:gks-katowice | 2025/26:gks-katowice,,,999.0
GKS Katowice,Shibata S.,gks-katowice,unresolved,,no_candidate,,no_strict_candidate,0,,,,,,,,
GKS Katowice,Strączek R.,gks-katowice,unresolved,,auto_same_club_history,rafa-straczek,all_flash_tokens_in_slug_ascii | suffix_exact_ascii | initial_match_any_given_token | same_club_history,1,117.0,same_club_history,gks-katowice,2025/26,2025/26:gks-katowice,,,999.0
GKS Katowice,Szczuka P.,gks-katowice,unresolved,,no_candidate,,no_strict_candidate,0,,,,,,,,
GKS Katowice,Szymczak F.,gks-katowice,unresolved,,auto_transfer_candidate,filip-szymczak,all_flash_tokens_in_slug_ascii | suffix_exact_ascii | initial_match_any_given_token,1,105.0,historical_other_club,lech-poznan,2023/24 | 2025/26,2023/24:lech-poznan | 2025/26:lech-poznan,,,999.0
GKS Katowice,Trepka L.,gks-katowice,unresolved,,no_candidate,,no_strict_candidate,0,,,,,,,,
GKS Katowice,Wasielewski M.,gks-katowice,unresolved,,auto_same_club_history,marcin-wasielewski,all_flash_tokens_in_slug_ascii | suffix_exact_ascii | initial_match_any_given_token | same_club_history | same_club_target_season,1,125.0,same_club_target_season,gks-katowice,2024/25 | 2025/26,2024/25:gks-katowice | 2025/26:gks-katowice,,,999.0
GKS Katowice,Zrelak A.,gks-katowice,unresolved,,auto_same_club_history,adam-zrelak,all_flash_tokens_in_slug_ascii | suffix_exact_ascii | initial_match_any_given_token | same_club_history | same_club_target_season,1,125.0,same_club_target_season,gks-katowice | warta-poznan,2023/24 | 2024/25 | 2025/26,2023/24:warta-poznan | 2024/25:gks-katowice | 2025/26:gks-katowice,,,999.0
Górnik Zabrze,Abdullahi A.,gornik-zabrze,unresolved,,auto_same_club_history,abbati-abdullahi,all_flash_tokens_in_slug_ascii | suffix_exact_ascii | initial_match_any_given_token | same_club_history | same_club_target_season,1,125.0,same_club_target_season,gornik-zabrze,2024/25 | 2025/26,2024/25:gornik-zabrze | 2025/26:gornik-zabrze,,,999.0
Górnik Zabrze,Ambros L.,gornik-zabrze,unresolved,,auto_same_club_history,lukas-ambros,all_flash_tokens_in_slug_ascii | suffix_exact_ascii | initial_match_any_given_token | same_club_history | same_club_target_season,1,125.0,same_club_target_season,gornik-zabrze,2024/25 | 2025/26,2024/25:gornik-zabrze | 2025/26:gornik-zabrze,,,999.0
Górnik Zabrze,Bakis S.,gornik-zabrze,unresolved,,no_candidate,,no_strict_candidate,0,,,,,,,,
Górnik Zabrze,Barczak N.,gornik-zabrze,unresolved,,auto_same_club_history,norbert-barczak,all_flash_tokens_in_slug_ascii | suffix_exact_ascii | initial_match_any_given_token | same_club_history,1,117.0,same_club_history,gornik-zabrze,2023/24,2023/24:gornik-zabrze,,,999.0
Górnik Zabrze,Buksa A.,gornik-zabrze,unresolved,,auto_same_club_history,aleksander-buksa,all_flash_tokens_in_slug_ascii | suffix_exact_ascii | initial_match_any_given_token | same_club_history | same_club_target_season,1,125.0,same_club_target_season,gks-katowice | gornik-zabrze,2024/25 | 2025/26,2024/25:gornik-zabrze | 2025/26:gks-katowice,,,999.0
Górnik Zabrze,Furukawa Y.,gornik-zabrze,unresolved,,auto_same_club_history,yosuke-furukawa,all_flash_tokens_in_slug_ascii | suffix_exact_ascii | initial_match_any_given_token | same_club_history | same_club_target_season,1,125.0,same_club_target_season,gornik-zabrze,2024/25,2024/25:gornik-zabrze,,,999.0
Górnik Zabrze,Hellebrand P.,gornik-zabrze,unresolved,,auto_same_club_history,patrik-hellebrand,all_flash_tokens_in_slug_ascii | suffix_exact_ascii | initial_match_any_given_token | same_club_history | same_club_target_season,1,125.0,same_club_target_season,gornik-zabrze,2024/25 | 2025/26,2024/25:gornik-zabrze | 2025/26:gornik-zabrze,,,999.0
Górnik Zabrze,Ismaheel T.,gornik-zabrze,unresolved,,auto_same_club_history,taofeek-ajibade-ismaheel,all_flash_tokens_in_slug_ascii | suffix_exact_ascii | initial_match_any_given_token | same_club_history | same_club_target_season,1,125.0,same_club_target_season,gornik-zabrze,2024/25 | 2025/26,2024/25:gornik-zabrze | 2025/26:gornik-zabrze,,,999.0
Górnik Zabrze,Janicki R.,gornik-zabrze,unresolved,,auto_same_club_history,rafa-janicki,all_flash_tokens_in_slug_ascii | suffix_exact_ascii | initial_match_any_given_token | same_club_history | same_club_target_season,1,125.0,same_club_target_season,gornik-zabrze,2023/24 | 2024/25 | 2025/26,2023/24:gornik-zabrze | 2024/25:gornik-zabrze | 2025/26:gornik-zabrze,,,999.0
Górnik Zabrze,Janza E.,gornik-zabrze,unresolved,,auto_same_club_history,erik-janza,all_flash_tokens_in_slug_ascii | suffix_exact_ascii | initial_match_any_given_token | same_club_history | same_club_target_season,1,125.0,same_club_target_season,gornik-zabrze,2023/24 | 2024/25 | 2025/26,2023/24:gornik-zabrze | 2024/25:gornik-zabrze | 2025/26:gornik-zabrze,,,999.0
Górnik Zabrze,Jelen M.,gornik-zabrze,unresolved,,no_candidate,,no_strict_candidate,0,,,,,,,,
Górnik Zabrze,Josema,gornik-zabrze,unresolved,,no_candidate,,no_strict_candidate,0,,,,,,,,
Górnik Zabrze,Kmet M.,gornik-zabrze,unresolved,,auto_same_club_history,matus-kmet,all_flash_tokens_in_slug_ascii | suffix_exact_ascii | initial_match_any_given_token | same_club_history | same_club_target_season,1,125.0,same_club_target_season,gornik-zabrze,2024/25 | 2025/26,2024/25:gornik-zabrze | 2025/26:gornik-zabrze,,,999.0
Górnik Zabrze,Kozuki S.,gornik-zabrze,unresolved,,auto_same_club_history,soichiro-kozuki,all_flash_tokens_in_slug_ascii | suffix_exact_ascii | initial_match_any_given_token | same_club_history | same_club_target_season,1,125.0,same_club_target_season,gornik-zabrze,2023/24 | 2024/25,2023/24:gornik-zabrze | 2024/25:gornik-zabrze,,,999.0
Górnik Zabrze,Krawczyk P.,gornik-zabrze,unresolved,,auto_same_club_history,piotr-krawczyk,all_flash_tokens_in_slug_ascii | suffix_exact_ascii | initial_match_any_given_token | same_club_history,1,117.0,same_club_history,gornik-zabrze | wisla-plock,2023/24 | 2025/26,2023/24:gornik-zabrze | 2025/26:wisla-plock,,,999.0
Górnik Zabrze,Liseth S.,gornik-zabrze,unresolved,,auto_same_club_history,sondre-liseth,all_flash_tokens_in_slug_ascii | suffix_exact_ascii | initial_match_any_given_token | same_club_history | same_club_target_season,1,125.0,same_club_target_season,gornik-zabrze,2024/25 | 2025/26,2024/25:gornik-zabrze | 2025/26:gornik-zabrze,,,999.0
Górnik Zabrze,Lukoszek K.,gornik-zabrze,unresolved,,auto_same_club_history,kamil-lukoszek,all_flash_tokens_in_slug_ascii | suffix_exact_ascii | initial_match_any_given_token | same_club_history | same_club_target_season,1,125.0,same_club_target_season,gornik-zabrze,2023/24 | 2024/25 | 2025/26,2023/24:gornik-zabrze | 2024/25:gornik-zabrze | 2025/26:gornik-zabrze,,,999.0
Górnik Zabrze,Majchrowicz F.,gornik-zabrze,unresolved,,auto_same_club_history,filip-majchrowicz,all_flash_tokens_in_slug_ascii | suffix_exact_ascii | initial_match_any_given_token | same_club_history | same_club_target_season,1,125.0,same_club_target_season,gornik-zabrze | radomiak-radom,2023/24 | 2024/25 | 2025/26,2023/24:radomiak-radom | 2024/25:gornik-zabrze | 2025/26:radomiak-radom,,,999.0
Górnik Zabrze,Marsenic M.,gornik-zabrze,unresolved,,no_candidate,,no_strict_candidate,0,,,,,,,,
Górnik Zabrze,Mazurek D.,gornik-zabrze,unresolved,,auto_same_club_history,dawid-mazurek,all_flash_tokens_in_slug_ascii | suffix_exact_ascii | initial_match_any_given_token | same_club_history | same_club_target_season,2,125.0,same_club_target_season,gornik-zabrze,2024/25,2024/25:gornik-zabrze,bartosz-mazurek,94,31.0
Górnik Zabrze,Nascimento F.,gornik-zabrze,unresolved,,auto_same_club_history,filipe-nascimento,all_flash_tokens_in_slug_ascii | suffix_exact_ascii | initial_match_any_given_token | same_club_history | same_club_target_season,1,125.0,same_club_target_season,gornik-zabrze,2023/24 | 2024/25,2023/24:gornik-zabrze | 2024/25:gornik-zabrze,,,999.0
Górnik Zabrze,Olkowski P.,gornik-zabrze,unresolved,,auto_same_club_history,pawe-mirosaw-olkowski,all_flash_tokens_in_slug_ascii | suffix_exact_ascii | initial_match_any_given_token | same_club_history | same_club_target_season,1,125.0,same_club_target_season,gornik-zabrze,2023/24 | 2024/25 | 2025/26,2023/24:gornik-zabrze | 2024/25:gornik-zabrze | 2025/26:gornik-zabrze,,,999.0
Górnik Zabrze,Podolski L.,gornik-zabrze,unresolved,,auto_same_club_history,ukasz-jozef-podolski,all_flash_tokens_in_slug_ascii | suffix_exact_ascii | same_club_history | same_club_target_season,1,110.0,same_club_target_season,gornik-zabrze,2023/24 | 2024/25 | 2025/26,2023/24:gornik-zabrze | 2024/25:gornik-zabrze | 2025/26:gornik-zabrze,,,999.0
Górnik Zabrze,Prebsl F.,gornik-zabrze,unresolved,,auto_same_club_history,filip-prebsl,all_flash_tokens_in_slug_ascii | suffix_exact_ascii | initial_match_any_given_token | same_club_history | same_club_target_season,1,125.0,same_club_target_season,gornik-zabrze,2024/25,2024/25:gornik-zabrze,,,999.0
Górnik Zabrze,Rasak D.,gornik-zabrze,unresolved,,auto_same_club_history,damian-rasak,all_flash_tokens_in_slug_ascii | suffix_exact_ascii | initial_match_any_given_token | same_club_history | same_club_target_season,1,125.0,same_club_target_season,gks-katowice | gornik-zabrze,2023/24 | 2024/25 | 2025/26,2023/24:gornik-zabrze | 2024/25:gornik-zabrze | 2025/26:gks-katowice,,,999.0
Górnik Zabrze,Sanchez M.,gornik-zabrze,unresolved,,auto_same_club_history,manuel-sanchez,all_flash_tokens_in_slug_ascii | suffix_exact_ascii | initial_match_any_given_token | same_club_history | same_club_target_season,3,125.0,same_club_target_season,gornik-zabrze,2024/25,2024/25:gornik-zabrze,jose-manuel-sanchez-guillen,105,20.0
Górnik Zabrze,Sarapata D.,gornik-zabrze,unresolved,,auto_same_club_history,dominik-sarapata,all_flash_tokens_in_slug_ascii | suffix_exact_ascii | initial_match_any_given_token | same_club_history | same_club_target_season,1,125.0,same_club_target_season,gornik-zabrze | wisla-plock,2024/25 | 2025/26,2024/25:gornik-zabrze | 2025/26:wisla-plock,,,999.0
Górnik Zabrze,Sow O.,gornik-zabrze,unresolved,,auto_same_club_history,ousmane-sow,all_flash_tokens_in_slug_ascii | suffix_exact_ascii | initial_match_any_given_token | same_club_history | same_club_target_season,1,125.0,same_club_target_season,gornik-zabrze,2024/25 | 2025/26,2024/25:gornik-zabrze | 2025/26:gornik-zabrze,,,999.0
Górnik Zabrze,Szafranski R.,gornik-zabrze,unresolved,,no_candidate,,no_strict_candidate,0,,,,,,,,
Górnik Zabrze,Szala D.,gornik-zabrze,unresolved,,auto_same_club_history,dominik-jerzy-szala,all_flash_tokens_in_slug_ascii | suffix_exact_ascii | initial_match_any_given_token | same_club_history | same_club_target_season,1,125.0,same_club_target_season,gornik-zabrze,2023/24 | 2024/25 | 2025/26,2023/24:gornik-zabrze | 2024/25:gornik-zabrze | 2025/26:gornik-zabrze,,,999.0
Górnik Zabrze,Szcześniak K.,gornik-zabrze,unresolved,,auto_same_club_history,kryspin-szczesniak,all_flash_tokens_in_slug_ascii | suffix_exact_ascii | initial_match_any_given_token | same_club_history | same_club_target_season,1,125.0,same_club_target_season,gornik-zabrze,2023/24 | 2024/25 | 2025/26,2023/24:gornik-zabrze | 2024/25:gornik-zabrze | 2025/26:gornik-zabrze,,,999.0
Górnik Zabrze,Szromnik M.,gornik-zabrze,unresolved,,auto_same_club_history,micha-szromnik,all_flash_tokens_in_slug_ascii | suffix_exact_ascii | initial_match_any_given_token | same_club_history | same_club_target_season,1,125.0,same_club_target_season,gornik-zabrze,2024/25,2024/25:gornik-zabrze,,,999.0
Górnik Zabrze,Tobolik A.,gornik-zabrze,unresolved,,auto_same_club_history,aleksander-tobolik,all_flash_tokens_in_slug_ascii | suffix_exact_ascii | initial_match_any_given_token | same_club_history | same_club_target_season,1,125.0,same_club_target_season,gornik-zabrze,2024/25,2024/25:gornik-zabrze,,,999.0
Górnik Zabrze,Wojtuszek N.,gornik-zabrze,unresolved,,auto_same_club_history,norbert-wojtuszek,all_flash_tokens_in_slug_ascii | suffix_exact_ascii | initial_match_any_given_token | same_club_history | present_in_target_season,1,121.0,same_club_history,gornik-zabrze | jagiellonia-bialystok,2023/24 | 2024/25 | 2025/26,2023/24:gornik-zabrze | 2024/25:jagiellonia-bialystok | 2025/26:jagiellonia-bialystok,,,999.0
Górnik Zabrze,Zahovic L.,gornik-zabrze,unresolved,,auto_same_club_history,luka-zahovic,all_flash_tokens_in_slug_ascii | suffix_exact_ascii | initial_match_any_given_token | same_club_history | same_club_target_season,1,125.0,same_club_target_season,gornik-zabrze | pogon-szczecin,2023/24 | 2024/25 | 2025/26,2023/24:pogon-szczecin | 2024/25:gornik-zabrze | 2025/26:gornik-zabrze,,,999.0
Górnik Zabrze,Zielonka N.,gornik-zabrze,unresolved,,auto_same_club_history,nikodem-zielonka,all_flash_tokens_in_slug_ascii | suffix_exact_ascii | initial_match_any_given_token | same_club_history | same_club_target_season,1,125.0,same_club_target_season,gornik-zabrze,2024/25,2024/25:gornik-zabrze,,,999.0
Jagiellonia Białystok,Abramowicz S.,jagiellonia-bialystok,unresolved,,auto_same_club_history,sawomir-abramowicz,all_flash_tokens_in_slug_ascii | suffix_exact_ascii | initial_match_any_given_token | same_club_history | same_club_target_season,2,125.0,same_club_target_season,jagiellonia-bialystok,2024/25 | 2025/26,2024/25:jagiellonia-bialystok | 2025/26:jagiellonia-bialystok,dawid-abramowicz,94,31.0
Jagiellonia Białystok,Churlinov D.,jagiellonia-bialystok,unresolved,,auto_same_club_history,darko-churlinov,all_flash_tokens_in_slug_ascii | suffix_exact_ascii | initial_match_any_given_token | same_club_history | same_club_target_season,1,125.0,same_club_target_season,jagiellonia-bialystok,2024/25,2024/25:jagiellonia-bialystok,,,999.0
Jagiellonia Białystok,Costa S. T.,jagiellonia-bialystok,unresolved,,auto_same_club_history,tomas-costa-silva,all_flash_tokens_in_slug_ascii | initial_match_any_given_token | same_club_history | same_club_target_season,1,105.0,same_club_target_season,jagiellonia-bialystok,2024/25,2024/25:jagiellonia-bialystok,,,999.0
Jagiellonia Białystok,Diaby-Fadiga L.,jagiellonia-bialystok,unresolved,,auto_same_club_history,mohamed-lamine-diaby-fadiga,all_flash_tokens_in_slug_ascii | suffix_exact_ascii | initial_match_any_given_token | same_club_history | same_club_target_season,1,125.0,same_club_target_season,jagiellonia-bialystok | rakow-czestochowa,2024/25 | 2025/26,2024/25:jagiellonia-bialystok | 2025/26:rakow-czestochowa,,,999.0
Jagiellonia Białystok,Dieguez A.,jagiellonia-bialystok,unresolved,,auto_same_club_history,adrian-dieguez-grande,all_flash_tokens_in_slug_ascii | initial_match_any_given_token | same_club_history | same_club_target_season,1,105.0,same_club_target_season,jagiellonia-bialystok | radomiak-radom,2023/24 | 2024/25 | 2025/26,2023/24:jagiellonia-bialystok | 2024/25:jagiellonia-bialystok | 2025/26:radomiak-radom,,,999.0
Jagiellonia Białystok,Ebosse E.,jagiellonia-bialystok,unresolved,,auto_same_club_history,enzo-ebosse,all_flash_tokens_in_slug_ascii | suffix_exact_ascii | initial_match_any_given_token | same_club_history | same_club_target_season,1,125.0,same_club_target_season,jagiellonia-bialystok,2024/25,2024/25:jagiellonia-bialystok,,,999.0
Jagiellonia Białystok,Flach L.,jagiellonia-bialystok,unresolved,,auto_same_club_history,leon-maximilian-flach,all_flash_tokens_in_slug_ascii | suffix_exact_ascii | initial_match_any_given_token | same_club_history | same_club_target_season,1,125.0,same_club_target_season,jagiellonia-bialystok,2024/25 | 2025/26,2024/25:jagiellonia-bialystok | 2025/26:jagiellonia-bialystok,,,999.0
Jagiellonia Białystok,Haliti J.,jagiellonia-bialystok,unresolved,,no_candidate,,no_strict_candidate,0,,,,,,,,
Jagiellonia Białystok,Hansen K.,jagiellonia-bialystok,unresolved,,auto_same_club_history,kristoffer-hansen,all_flash_tokens_in_slug_ascii | suffix_exact_ascii | initial_match_any_given_token | same_club_history | same_club_target_season,1,125.0,same_club_target_season,jagiellonia-bialystok,2024/25,2024/25:jagiellonia-bialystok,,,999.0
Jagiellonia Białystok,Jesús I. B.,jagiellonia-bialystok,unresolved,,no_candidate,,no_strict_candidate,0,,,,,,,,
Jagiellonia Białystok,Kovacik P.,jagiellonia-bialystok,unresolved,,auto_same_club_history,peter-kovacik,all_flash_tokens_in_slug_ascii | suffix_exact_ascii | initial_match_any_given_token | same_club_history | same_club_target_season,2,125.0,same_club_target_season,jagiellonia-bialystok,2024/25,2024/25:jagiellonia-bialystok,samuel-kovacik,90,35.0
Jagiellonia Białystok,Kozlowski E.,jagiellonia-bialystok,unresolved,,no_candidate,,no_strict_candidate,0,,,,,,,,
Jagiellonia Białystok,Kubicki J.,jagiellonia-bialystok,unresolved,,auto_same_club_history,jarosaw-kubicki,all_flash_tokens_in_slug_ascii | suffix_exact_ascii | initial_match_any_given_token | same_club_history | same_club_target_season,1,125.0,same_club_target_season,gornik-zabrze | jagiellonia-bialystok,2023/24 | 2024/25 | 2025/26,2023/24:jagiellonia-bialystok | 2024/25:jagiellonia-bialystok | 2025/26:gornik-zabrze,,,999.0
Jagiellonia Białystok,Laski W.,jagiellonia-bialystok,unresolved,,no_candidate,,no_strict_candidate,0,,,,,,,,
Jagiellonia Białystok,Lewicki J.,jagiellonia-bialystok,unresolved,,auto_same_club_history,jakub-lewicki,all_flash_tokens_in_slug_ascii | suffix_exact_ascii | initial_match_any_given_token | same_club_history | present_in_target_season,1,121.0,same_club_history,jagiellonia-bialystok | piast-gliwice,2023/24 | 2024/25 | 2025/26,2023/24:jagiellonia-bialystok | 2024/25:piast-gliwice | 2025/26:piast-gliwice,,,999.0
Jagiellonia Białystok,Listkowski M.,jagiellonia-bialystok,unresolved,,auto_transfer_candidate,marcin-listkowski,all_flash_tokens_in_slug_ascii | suffix_exact_ascii | initial_match_any_given_token | present_in_target_season,1,109.0,other_club_target_season,zagebie-lubin,2024/25,2024/25:zagebie-lubin,,,999.0
Jagiellonia Białystok,Marczuk D.,jagiellonia-bialystok,unresolved,,auto_same_club_history,dominik-marczuk,all_flash_tokens_in_slug_ascii | suffix_exact_ascii | initial_match_any_given_token | same_club_history | same_club_target_season,1,125.0,same_club_target_season,jagiellonia-bialystok,2023/24 | 2024/25,2023/24:jagiellonia-bialystok | 2024/25:jagiellonia-bialystok,,,999.0
Jagiellonia Białystok,Mazurek B.,jagiellonia-bialystok,unresolved,,auto_same_club_history,bartosz-mazurek,all_flash_tokens_in_slug_ascii | suffix_exact_ascii | initial_match_any_given_token | same_club_history | same_club_target_season,2,125.0,same_club_target_season,jagiellonia-bialystok,2024/25 | 2025/26,2024/25:jagiellonia-bialystok | 2025/26:jagiellonia-bialystok,dawid-mazurek,94,31.0
Jagiellonia Białystok,Miki Villar,jagiellonia-bialystok,unresolved,,no_candidate,,no_strict_candidate,0,,,,,,,,
Jagiellonia Białystok,Moutinho J.,jagiellonia-bialystok,unresolved,,auto_same_club_history,joao-gervasio-braganca-moutinho,all_flash_tokens_in_slug_ascii | suffix_exact_ascii | initial_match_any_given_token | same_club_history | same_club_target_season,1,125.0,same_club_target_season,jagiellonia-bialystok | lech-poznan,2024/25 | 2025/26,2024/25:jagiellonia-bialystok | 2025/26:lech-poznan,,,999.0
Jagiellonia Białystok,Nene,jagiellonia-bialystok,unresolved,,no_candidate,,no_strict_candidate,0,,,,,,,,
Jagiellonia Białystok,Nguiamba A.,jagiellonia-bialystok,unresolved,,auto_same_club_history,aurelien-thomas-nguiamba,all_flash_tokens_in_slug_ascii | suffix_exact_ascii | initial_match_any_given_token | same_club_history | same_club_target_season,1,125.0,same_club_target_season,arka-gdynia | jagiellonia-bialystok,2023/24 | 2024/25 | 2025/26,2023/24:jagiellonia-bialystok | 2024/25:jagiellonia-bialystok | 2025/26:arka-gdynia,,,999.0
Jagiellonia Białystok,Olszewski P.,jagiellonia-bialystok,unresolved,,auto_same_club_history,pawe-olszewski,all_flash_tokens_in_slug_ascii | suffix_exact_ascii | initial_match_any_given_token | same_club_history,1,117.0,same_club_history,jagiellonia-bialystok,2023/24,2023/24:jagiellonia-bialystok,,,999.0
Jagiellonia Białystok,Piekutowski M.,jagiellonia-bialystok,unresolved,,auto_same_club_history,miosz-piekutowski,all_flash_tokens_in_slug_ascii | suffix_exact_ascii | initial_match_any_given_token | same_club_history,1,117.0,same_club_history,jagiellonia-bialystok,2025/26,2025/26:jagiellonia-bialystok,,,999.0
Jagiellonia Białystok,Pietuszewski O.,jagiellonia-bialystok,unresolved,,auto_same_club_history,oskar-pietuszewski,all_flash_tokens_in_slug_ascii | suffix_exact_ascii | initial_match_any_given_token | same_club_history | same_club_target_season,1,125.0,same_club_target_season,jagiellonia-bialystok,2024/25 | 2025/26,2024/25:jagiellonia-bialystok | 2025/26:jagiellonia-bialystok,,,999.0
Jagiellonia Białystok,Polak C.,jagiellonia-bialystok,unresolved,,auto_same_club_history,cezary-polak,all_flash_tokens_in_slug_ascii | suffix_exact_ascii | initial_match_any_given_token | same_club_history | same_club_target_season,2,125.0,same_club_target_season,jagiellonia-bialystok,2024/25 | 2025/26,2024/25:jagiellonia-bialystok | 2025/26:jagiellonia-bialystok,dawid-polak,94,31.0
Jagiellonia Białystok,Pululu A.,jagiellonia-bialystok,unresolved,,auto_same_club_history,afimico-pululu,all_flash_tokens_in_slug_ascii | suffix_exact_ascii | initial_match_any_given_token | same_club_history | same_club_target_season,1,125.0,same_club_target_season,jagiellonia-bialystok,2023/24 | 2024/25 | 2025/26,2023/24:jagiellonia-bialystok | 2024/25:jagiellonia-bialystok | 2025/26:jagiellonia-bialystok,,,999.0
Jagiellonia Białystok,Retsos D.,jagiellonia-bialystok,unresolved,,no_candidate,,no_strict_candidate,0,,,,,,,,
Jagiellonia Białystok,Romanczuk T.,jagiellonia-bialystok,unresolved,,auto_same_club_history,taras-romanczuk,all_flash_tokens_in_slug_ascii | suffix_exact_ascii | initial_match_any_given_token | same_club_history | same_club_target_season,1,125.0,same_club_target_season,jagiellonia-bialystok,2023/24 | 2024/25 | 2025/26,2023/24:jagiellonia-bialystok | 2024/25:jagiellonia-bialystok | 2025/26:jagiellonia-bialystok,,,999.0
Jagiellonia Białystok,Rybak A.,jagiellonia-bialystok,unresolved,,auto_same_club_history,alan-rybak,all_flash_tokens_in_slug_ascii | suffix_exact_ascii | initial_match_any_given_token | same_club_history | same_club_target_season,1,125.0,same_club_target_season,jagiellonia-bialystok,2023/24 | 2024/25,2023/24:jagiellonia-bialystok | 2024/25:jagiellonia-bialystok,,,999.0
Jagiellonia Białystok,Semedo E.,jagiellonia-bialystok,unresolved,,review_needed,lisandro-pedro-varela-semedo,all_flash_tokens_in_slug_ascii | suffix_exact_ascii,1,90.0,historical_other_club,radomiak-radom,2023/24,2023/24:radomiak-radom,,,999.0
Jagiellonia Białystok,Skrzypczak M.,jagiellonia-bialystok,unresolved,,auto_same_club_history,mateusz-skrzypczak,all_flash_tokens_in_slug_ascii | suffix_exact_ascii | initial_match_any_given_token | same_club_history | same_club_target_season,1,125.0,same_club_target_season,jagiellonia-bialystok | lech-poznan,2023/24 | 2024/25 | 2025/26,2023/24:jagiellonia-bialystok | 2024/25:jagiellonia-bialystok | 2025/26:lech-poznan,,,999.0
Jagiellonia Białystok,Stojinović D.,jagiellonia-bialystok,unresolved,,auto_same_club_history,dusan-stojinovic,all_flash_tokens_in_slug_ascii | suffix_exact_ascii | initial_match_any_given_token | same_club_history | same_club_target_season,1,125.0,same_club_target_season,jagiellonia-bialystok,2023/24 | 2024/25 | 2025/26,2023/24:jagiellonia-bialystok | 2024/25:jagiellonia-bialystok | 2025/26:jagiellonia-bialystok,,,999.0
Jagiellonia Białystok,Stryjek M.,jagiellonia-bialystok,unresolved,,auto_same_club_history,maksymilian-stryjek,all_flash_tokens_in_slug_ascii | suffix_exact_ascii | initial_match_any_given_token | same_club_history | same_club_target_season,1,125.0,same_club_target_season,jagiellonia-bialystok,2024/25,2024/25:jagiellonia-bialystok,,,999.0
Jagiellonia Białystok,Stypulkowski S.,jagiellonia-bialystok,unresolved,,no_candidate,,no_strict_candidate,0,,,,,,,,
Jagiellonia Białystok,Suchocki J.,jagiellonia-bialystok,unresolved,,no_candidate,,no_strict_candidate,0,,,,,,,,
Jagiellonia Białystok,Sáček M.,jagiellonia-bialystok,unresolved,,no_candidate,,no_strict_candidate,0,,,,,,,,
Jagiellonia Białystok,Wojtuszek N.,jagiellonia-bialystok,unresolved,,auto_same_club_history,norbert-wojtuszek,all_flash_tokens_in_slug_ascii | suffix_exact_ascii | initial_match_any_given_token | same_club_history | same_club_target_season,1,125.0,same_club_target_season,gornik-zabrze | jagiellonia-bialystok,2023/24 | 2024/25 | 2025/26,2023/24:gornik-zabrze | 2024/25:jagiellonia-bialystok | 2025/26:jagiellonia-bialystok,,,999.0
Korona Kielce,Bąk D.,korona-kielce,unresolved,,auto_same_club_history,daniel-bak,all_flash_tokens_in_slug_ascii | suffix_exact_ascii | initial_match_any_given_token | same_club_history | same_club_target_season,2,125.0,same_club_target_season,korona-kielce,2023/24 | 2024/25,2023/24:korona-kielce | 2024/25:korona-kielce,mateusz-bak,94,31.0
Korona Kielce,Błanik D.,korona-kielce,unresolved,,auto_same_club_history,dawid-banik,all_flash_tokens_in_slug_slugstyle | suffix_exact_slugstyle | initial_match_any_given_token | same_club_history | same_club_target_season,1,125.0,same_club_target_season,korona-kielce,2023/24 | 2024/25 | 2025/26,2023/24:korona-kielce | 2024/25:korona-kielce | 2025/26:korona-kielce,,,999.0
Korona Kielce,Chojecki A.,korona-kielce,unresolved,,auto_same_club_history,adam-chojecki,all_flash_tokens_in_slug_ascii | suffix_exact_ascii | initial_match_any_given_token | same_club_history | same_club_target_season,1,125.0,same_club_target_season,korona-kielce,2024/25,2024/25:korona-kielce,,,999.0
Korona Kielce,Ciszek K.,korona-kielce,unresolved,,auto_same_club_history,konrad-ciszek,all_flash_tokens_in_slug_ascii | suffix_exact_ascii | initial_match_any_given_token | same_club_history | same_club_target_season,1,125.0,same_club_target_season,korona-kielce,2024/25 | 2025/26,2024/25:korona-kielce | 2025/26:korona-kielce,,,999.0
Korona Kielce,Dalmau A.,korona-kielce,unresolved,,auto_same_club_history,adrian-dalmau-vaquer,all_flash_tokens_in_slug_ascii | initial_match_any_given_token | same_club_history | same_club_target_season,1,105.0,same_club_target_season,korona-kielce | piast-gliwice,2023/24 | 2024/25 | 2025/26,2023/24:korona-kielce | 2024/25:korona-kielce | 2025/26:piast-gliwice,,,999.0
Korona Kielce,Dziekoński X.,korona-kielce,unresolved,,auto_same_club_history,xavier-dziekonski,all_flash_tokens_in_slug_ascii | suffix_exact_ascii | initial_match_any_given_token | same_club_history | same_club_target_season,1,125.0,same_club_target_season,korona-kielce,2023/24 | 2024/25 | 2025/26,2023/24:korona-kielce | 2024/25:korona-kielce | 2025/26:korona-kielce,,,999.0
Korona Kielce,Długosz W.,korona-kielce,unresolved,,auto_same_club_history,wiktor-dugosz,all_flash_tokens_in_slug_slugstyle | suffix_exact_slugstyle | initial_match_any_given_token | same_club_history | same_club_target_season,1,125.0,same_club_target_season,korona-kielce | ruch-chorzow,2023/24 | 2024/25 | 2025/26,2023/24:ruch-chorzow | 2024/25:korona-kielce | 2025/26:korona-kielce,,,999.0
Korona Kielce,Fornalczyk M.,korona-kielce,unresolved,,auto_same_club_history,mariusz-fornalczyk,all_flash_tokens_in_slug_ascii | suffix_exact_ascii | initial_match_any_given_token | same_club_history | same_club_target_season,1,125.0,same_club_target_season,korona-kielce | pogon-szczecin | widzew-lodz,2023/24 | 2024/25 | 2025/26,2023/24:pogon-szczecin | 2024/25:korona-kielce | 2025/26:widzew-lodz,,,999.0
Korona Kielce,Godinho M.,korona-kielce,unresolved,,auto_same_club_history,marcus-godinho,all_flash_tokens_in_slug_ascii | suffix_exact_ascii | initial_match_any_given_token | same_club_history | same_club_target_season,1,125.0,same_club_target_season,korona-kielce,2023/24 | 2024/25,2023/24:korona-kielce | 2024/25:korona-kielce,,,999.0
Korona Kielce,Hofmayster Y.,korona-kielce,unresolved,,no_candidate,,no_strict_candidate,0,,,,,,,,
Korona Kielce,Kamiński W.,korona-kielce,unresolved,,auto_same_club_history,wojciech-kaminski,all_flash_tokens_in_slug_ascii | suffix_exact_ascii | initial_match_any_given_token | same_club_history | same_club_target_season,4,125.0,same_club_target_season,korona-kielce,2024/25 | 2025/26,2024/25:korona-kielce | 2025/26:korona-kielce,wiktor-kaminski,105,20.0
Korona Kielce,Konstantyn J.,korona-kielce,unresolved,,auto_same_club_history,jakub-konstantyn,all_flash_tokens_in_slug_ascii | suffix_exact_ascii | initial_match_any_given_token | same_club_history | same_club_target_season,1,125.0,same_club_target_season,korona-kielce,2023/24 | 2024/25,2023/24:korona-kielce | 2024/25:korona-kielce,,,999.0
Korona Kielce,Kosmicki I.,korona-kielce,unresolved,,auto_same_club_history,igor-kosmicki,all_flash_tokens_in_slug_ascii | suffix_exact_ascii | initial_match_any_given_token | same_club_history | same_club_target_season,1,125.0,same_club_target_season,korona-kielce,2024/25,2024/25:korona-kielce,,,999.0
Korona Kielce,Kowalski J.,korona-kielce,unresolved,,no_candidate,,no_strict_candidate,0,,,,,,,,
Korona Kielce,Malarczyk P.,korona-kielce,unresolved,,auto_same_club_history,piotr-malarczyk,all_flash_tokens_in_slug_ascii | suffix_exact_ascii | initial_match_any_given_token | same_club_history | same_club_target_season,1,125.0,same_club_target_season,korona-kielce,2023/24 | 2024/25,2023/24:korona-kielce | 2024/25:korona-kielce,,,999.0
Korona Kielce,Mamla R.,korona-kielce,unresolved,,auto_same_club_history,rafa-mamla,all_flash_tokens_in_slug_ascii | suffix_exact_ascii | initial_match_any_given_token | same_club_history | same_club_target_season,1,125.0,same_club_target_season,korona-kielce,2024/25,2024/25:korona-kielce,,,999.0
Korona Kielce,Matuszewski K.,korona-kielce,unresolved,,auto_same_club_history,konrad-matuszewski,all_flash_tokens_in_slug_ascii | suffix_exact_ascii | initial_match_any_given_token | same_club_history | same_club_target_season,1,125.0,same_club_target_season,korona-kielce | warta-poznan,2023/24 | 2024/25 | 2025/26,2023/24:warta-poznan | 2024/25:korona-kielce | 2025/26:korona-kielce,,,999.0
Korona Kielce,Nagamatsu S.,korona-kielce,unresolved,,auto_same_club_history,shuma-nagamatsu,all_flash_tokens_in_slug_ascii | suffix_exact_ascii | initial_match_any_given_token | same_club_history | same_club_target_season,1,125.0,same_club_target_season,korona-kielce,2024/25,2024/25:korona-kielce,,,999.0
Korona Kielce,Niedbala M.,korona-kielce,unresolved,,no_candidate,,no_strict_candidate,0,,,,,,,,
Korona Kielce,Nono,korona-kielce,unresolved,,no_candidate,,no_strict_candidate,0,,,,,,,,
Korona Kielce,Pedro N.,korona-kielce,unresolved,,auto_same_club_history,pedro-nuno-fernandes-ferreira,all_flash_tokens_in_slug_ascii | initial_match_any_given_token | same_club_history | same_club_target_season,1,105.0,same_club_target_season,korona-kielce,2024/25,2024/25:korona-kielce,,,999.0
Korona Kielce,Pięczek M.,korona-kielce,unresolved,,auto_same_club_history,marcel-pieczek,all_flash_tokens_in_slug_ascii | suffix_exact_ascii | initial_match_any_given_token | same_club_history | same_club_target_season,1,125.0,same_club_target_season,korona-kielce | puszcza-niepolomice,2023/24 | 2024/25 | 2025/26,2023/24:puszcza-niepolomice | 2024/25:korona-kielce | 2025/26:korona-kielce,,,999.0
Korona Kielce,Remacle M.,korona-kielce,unresolved,,auto_same_club_history,martin-christophe-jannick-remacle,all_flash_tokens_in_slug_ascii | suffix_exact_ascii | initial_match_any_given_token | same_club_history | same_club_target_season,1,125.0,same_club_target_season,korona-kielce,2023/24 | 2024/25 | 2025/26,2023/24:korona-kielce | 2024/25:korona-kielce | 2025/26:korona-kielce,,,999.0
Korona Kielce,Resta P.,korona-kielce,unresolved,,auto_same_club_history,pau-resta-tell,all_flash_tokens_in_slug_ascii | initial_match_any_given_token | same_club_history | same_club_target_season,1,105.0,same_club_target_season,korona-kielce,2024/25 | 2025/26,2024/25:korona-kielce | 2025/26:korona-kielce,,,999.0
Korona Kielce,Shikavka Y.,korona-kielce,unresolved,,auto_same_club_history,evgeni-shikavka,all_flash_tokens_in_slug_ascii | suffix_exact_ascii | same_club_history | same_club_target_season,1,110.0,same_club_target_season,korona-kielce,2023/24 | 2024/25,2023/24:korona-kielce | 2024/25:korona-kielce,,,999.0
Korona Kielce,Smolarczyk B.,korona-kielce,unresolved,,auto_same_club_history,bartomiej-smolarczyk,all_flash_tokens_in_slug_ascii | suffix_exact_ascii | initial_match_any_given_token | same_club_history | same_club_target_season,1,125.0,same_club_target_season,korona-kielce,2024/25 | 2025/26,2024/25:korona-kielce | 2025/26:korona-kielce,,,999.0
Korona Kielce,Sotiriou K.,korona-kielce,unresolved,,auto_same_club_history,konstantinos-sotiriou,all_flash_tokens_in_slug_ascii | suffix_exact_ascii | initial_match_any_given_token | same_club_history | same_club_target_season,1,125.0,same_club_target_season,korona-kielce,2024/25 | 2025/26,2024/25:korona-kielce | 2025/26:korona-kielce,,,999.0
Korona Kielce,Strzebonski M.,korona-kielce,unresolved,,auto_same_club_history,miosz-strzebonski,all_flash_tokens_in_slug_ascii | suffix_exact_ascii | initial_match_any_given_token | same_club_history | same_club_target_season,1,125.0,same_club_target_season,korona-kielce,2023/24 | 2024/25 | 2025/26,2023/24:korona-kielce | 2024/25:korona-kielce | 2025/26:korona-kielce,,,999.0
Korona Kielce,Trejo D.,korona-kielce,unresolved,,no_candidate,,no_strict_candidate,0,,,,,,,,
Korona Kielce,Trojak M.,korona-kielce,unresolved,,auto_same_club_history,miosz-trojak,all_flash_tokens_in_slug_ascii | suffix_exact_ascii | initial_match_any_given_token | same_club_history | same_club_target_season,1,125.0,same_club_target_season,korona-kielce,2023/24 | 2024/25,2023/24:korona-kielce | 2024/25:korona-kielce,,,999.0
Korona Kielce,Zapytowski M.,korona-kielce,unresolved,,no_candidate,,no_strict_candidate,0,,,,,,,,
Korona Kielce,Zator D.,korona-kielce,unresolved,,auto_same_club_history,dominick-lukasz-zator,all_flash_tokens_in_slug_ascii | suffix_exact_ascii | initial_match_any_given_token | same_club_history | same_club_target_season,1,125.0,same_club_target_season,arka-gdynia | korona-kielce,2023/24 | 2024/25 | 2025/26,2023/24:korona-kielce | 2024/25:korona-kielce | 2025/26:arka-gdynia,,,999.0
Korona Kielce,Zwoźny H.,korona-kielce,unresolved,,auto_same_club_history,hubert-zwozny,all_flash_tokens_in_slug_ascii | suffix_exact_ascii | initial_match_any_given_token | same_club_history | same_club_target_season,1,125.0,same_club_target_season,korona-kielce,2024/25 | 2025/26,2024/25:korona-kielce | 2025/26:korona-kielce,,,999.0
Lech Poznań,Andersson E.,lech-poznan,unresolved,,auto_same_club_history,nils-erik-elias-andersson,all_flash_tokens_in_slug_ascii | suffix_exact_ascii | initial_match_any_given_token | same_club_history | same_club_target_season,1,125.0,same_club_target_season,lech-poznan,2023/24 | 2024/25,2023/24:lech-poznan | 2024/25:lech-poznan,,,999.0
Lech Poznań,Ba Loua A.,lech-poznan,unresolved,,auto_same_club_history,adriel-ba-loua,all_flash_tokens_in_slug_ascii | suffix_exact_ascii | initial_match_any_given_token | same_club_history | same_club_target_season,1,125.0,same_club_target_season,lech-poznan,2023/24 | 2024/25,2023/24:lech-poznan | 2024/25:lech-poznan,,,999.0
Lech Poznań,Bednarek F.,lech-poznan,unresolved,,auto_same_club_history,filip-bednarek,all_flash_tokens_in_slug_ascii | suffix_exact_ascii | initial_match_any_given_token | same_club_history,1,117.0,same_club_history,lech-poznan,2023/24,2023/24:lech-poznan,,,999.0
Lech Poznań,Brzyski I.,lech-poznan,unresolved,,no_candidate,,no_strict_candidate,0,,,,,,,,
Lech Poznań,Carstensen R.,lech-poznan,unresolved,,auto_same_club_history,rasmus-carstensen,all_flash_tokens_in_slug_ascii | suffix_exact_ascii | initial_match_any_given_token | same_club_history | same_club_target_season,1,125.0,same_club_target_season,lech-poznan,2024/25,2024/25:lech-poznan,,,999.0
Lech Poznań,Douglas A.,lech-poznan,unresolved,,auto_same_club_history,alex-raymond-douglas,all_flash_tokens_in_slug_ascii | suffix_exact_ascii | initial_match_any_given_token | same_club_history | same_club_target_season,1,125.0,same_club_target_season,lech-poznan,2024/25 | 2025/26,2024/25:lech-poznan | 2025/26:lech-poznan,,,999.0
Lech Poznań,Dudek S.,lech-poznan,unresolved,,auto_same_club_history,sammy-dudek,all_flash_tokens_in_slug_ascii | suffix_exact_ascii | initial_match_any_given_token | same_club_history | same_club_target_season,1,125.0,same_club_target_season,lech-poznan,2024/25 | 2025/26,2024/25:lech-poznan | 2025/26:lech-poznan,,,999.0
Lech Poznań,Fiabema B.,lech-poznan,unresolved,,auto_same_club_history,bryan-benjamin-solhaug-fiabema,all_flash_tokens_in_slug_ascii | suffix_exact_ascii | initial_match_any_given_token | same_club_history | same_club_target_season,1,125.0,same_club_target_season,lech-poznan,2024/25 | 2025/26,2024/25:lech-poznan | 2025/26:lech-poznan,,,999.0
Lech Poznań,Gholizadeh A.,lech-poznan,unresolved,,auto_same_club_history,ali-gholizadeh-nojedeh,all_flash_tokens_in_slug_ascii | initial_match_any_given_token | same_club_history | same_club_target_season,1,105.0,same_club_target_season,lech-poznan,2023/24 | 2024/25 | 2025/26,2023/24:lech-poznan | 2024/25:lech-poznan | 2025/26:lech-poznan,,,999.0
Lech Poznań,Gmur T.,lech-poznan,unresolved,,no_candidate,,no_strict_candidate,0,,,,,,,,
Lech Poznań,Gonzalez M.,lech-poznan,unresolved,,auto_same_club_history,mario-gonzalez,all_flash_tokens_in_slug_ascii | suffix_exact_ascii | initial_match_any_given_token | same_club_history | same_club_target_season,2,125.0,same_club_target_season,lech-poznan,2024/25,2024/25:lech-poznan,borja-galan-gonzalez,94,31.0
Lech Poznań,Gurgul M.,lech-poznan,unresolved,,auto_same_club_history,micha-gurgul,all_flash_tokens_in_slug_ascii | suffix_exact_ascii | initial_match_any_given_token | same_club_history | same_club_target_season,1,125.0,same_club_target_season,lech-poznan,2023/24 | 2024/25 | 2025/26,2023/24:lech-poznan | 2024/25:lech-poznan | 2025/26:lech-poznan,,,999.0
Lech Poznań,Hakans D.,lech-poznan,unresolved,,auto_same_club_history,daniel-noel-mikael-hakans,all_flash_tokens_in_slug_ascii | suffix_exact_ascii | initial_match_any_given_token | same_club_history | same_club_target_season,1,125.0,same_club_target_season,lech-poznan,2024/25 | 2025/26,2024/25:lech-poznan | 2025/26:lech-poznan,,,999.0
Lech Poznań,Hoffmann I.,lech-poznan,unresolved,,auto_same_club_history,ian-jakob-hoffmann,all_flash_tokens_in_slug_ascii | suffix_exact_ascii | initial_match_any_given_token | same_club_history | same_club_target_season,1,125.0,same_club_target_season,lech-poznan,2024/25,2024/25:lech-poznan,,,999.0
Lech Poznań,Hotic D.,lech-poznan,unresolved,,no_candidate,,no_strict_candidate,0,,,,,,,,
Lech Poznań,Ishak M.,lech-poznan,unresolved,,auto_same_club_history,mikael-ishak,all_flash_tokens_in_slug_ascii | suffix_exact_ascii | initial_match_any_given_token | same_club_history | same_club_target_season,1,125.0,same_club_target_season,lech-poznan,2023/24 | 2024/25 | 2025/26,2023/24:lech-poznan | 2024/25:lech-poznan | 2025/26:lech-poznan,,,999.0
Lech Poznań,Jagiełło F.,lech-poznan,unresolved,,auto_same_club_history,filip-wojciech-jagieo,all_flash_tokens_in_slug_slugstyle | suffix_exact_slugstyle | initial_match_any_given_token | same_club_history | same_club_target_season,1,125.0,same_club_target_season,lech-poznan,2024/25 | 2025/26,2024/25:lech-poznan | 2025/26:lech-poznan,,,999.0
Lech Poznań,Karlstrom J.,lech-poznan,unresolved,,auto_same_club_history,jesper-karlstrom,all_flash_tokens_in_slug_ascii | suffix_exact_ascii | initial_match_any_given_token | same_club_history | same_club_target_season,1,125.0,same_club_target_season,lech-poznan,2023/24 | 2024/25,2023/24:lech-poznan | 2024/25:lech-poznan,,,999.0
Lech Poznań,Kozubal A.,lech-poznan,unresolved,,auto_same_club_history,antoni-kozubal,all_flash_tokens_in_slug_ascii | suffix_exact_ascii | initial_match_any_given_token | same_club_history | same_club_target_season,1,125.0,same_club_target_season,lech-poznan,2024/25 | 2025/26,2024/25:lech-poznan | 2025/26:lech-poznan,,,999.0
Lech Poznań,Lisman K.,lech-poznan,unresolved,,auto_same_club_history,kornel-lisman,all_flash_tokens_in_slug_ascii | suffix_exact_ascii | initial_match_any_given_token | same_club_history | same_club_target_season,1,125.0,same_club_target_season,lech-poznan,2024/25 | 2025/26,2024/25:lech-poznan | 2025/26:lech-poznan,,,999.0
Lech Poznań,Loncar S.,lech-poznan,unresolved,,auto_same_club_history,stjepan-loncar,all_flash_tokens_in_slug_ascii | suffix_exact_ascii | initial_match_any_given_token | same_club_history | same_club_target_season,2,125.0,same_club_target_season,lech-poznan,2024/25,2024/25:lech-poznan,danijel-loncar,94,31.0
Lech Poznań,Milic A.,lech-poznan,unresolved,,auto_same_club_history,antonio-milic,all_flash_tokens_in_slug_ascii | suffix_exact_ascii | initial_match_any_given_token | same_club_history | same_club_target_season,1,125.0,same_club_target_season,lech-poznan,2023/24 | 2024/25 | 2025/26,2023/24:lech-poznan | 2024/25:lech-poznan | 2025/26:lech-poznan,,,999.0
Lech Poznań,Monka W.,lech-poznan,unresolved,,auto_same_club_history,wojciech-monka,all_flash_tokens_in_slug_ascii | suffix_exact_ascii | initial_match_any_given_token | same_club_history | same_club_target_season,1,125.0,same_club_target_season,lech-poznan,2024/25 | 2025/26,2024/25:lech-poznan | 2025/26:lech-poznan,,,999.0
Lech Poznań,Mrozek B.,lech-poznan,unresolved,,auto_same_club_history,bartosz-mrozek,all_flash_tokens_in_slug_ascii | suffix_exact_ascii | initial_match_any_given_token | same_club_history | same_club_target_season,1,125.0,same_club_target_season,lech-poznan,2023/24 | 2024/25 | 2025/26,2023/24:lech-poznan | 2024/25:lech-poznan | 2025/26:lech-poznan,,,999.0
Lech Poznań,Murawski R.,lech-poznan,unresolved,,auto_same_club_history,radosaw-pawe-murawski,all_flash_tokens_in_slug_ascii | suffix_exact_ascii | initial_match_any_given_token | same_club_history | same_club_target_season,1,125.0,same_club_target_season,lech-poznan,2023/24 | 2024/25 | 2025/26,2023/24:lech-poznan | 2024/25:lech-poznan | 2025/26:lech-poznan,,,999.0
Lech Poznań,Pereira J.,lech-poznan,unresolved,,auto_same_club_history,joel-vieira-pereira,all_flash_tokens_in_slug_ascii | suffix_exact_ascii | initial_match_any_given_token | same_club_history | same_club_target_season,2,125.0,same_club_target_season,lech-poznan,2023/24 | 2024/25 | 2025/26,2023/24:lech-poznan | 2024/25:lech-poznan | 2025/26:lech-poznan,leandro-rossi-pereira,94,31.0
Lech Poznań,Pingot M.,lech-poznan,unresolved,,auto_same_club_history,maksymilian-pingot,all_flash_tokens_in_slug_ascii | suffix_exact_ascii | initial_match_any_given_token | same_club_history | same_club_target_season,1,125.0,same_club_target_season,gornik-zabrze | lech-poznan | stal-mielec,2023/24 | 2024/25 | 2025/26,2023/24:stal-mielec | 2024/25:lech-poznan | 2025/26:gornik-zabrze,,,999.0
Lech Poznań,Salamon B.,lech-poznan,unresolved,,auto_same_club_history,bartosz-salamon,all_flash_tokens_in_slug_ascii | suffix_exact_ascii | initial_match_any_given_token | same_club_history | same_club_target_season,1,125.0,same_club_target_season,lech-poznan,2023/24 | 2024/25,2023/24:lech-poznan | 2024/25:lech-poznan,,,999.0
Lech Poznań,Sousa A.,lech-poznan,unresolved,,auto_same_club_history,afonso-gamelas-de-pinho-sousa,all_flash_tokens_in_slug_ascii | suffix_exact_ascii | initial_match_any_given_token | same_club_history | same_club_target_season,2,125.0,same_club_target_season,lech-poznan,2023/24 | 2024/25,2023/24:lech-poznan | 2024/25:lech-poznan,henrique-miguel-sousa-arreiol,85,40.0
Lech Poznań,Szymczak F.,lech-poznan,unresolved,,auto_same_club_history,filip-szymczak,all_flash_tokens_in_slug_ascii | suffix_exact_ascii | initial_match_any_given_token | same_club_history,1,117.0,same_club_history,lech-poznan,2023/24 | 2025/26,2023/24:lech-poznan | 2025/26:lech-poznan,,,999.0
Lech Poznań,Thordarson G.,lech-poznan,unresolved,,no_candidate,,no_strict_candidate,0,,,,,,,,
Lech Poznań,Velde K.,lech-poznan,unresolved,,auto_same_club_history,kristoffer-velde,all_flash_tokens_in_slug_ascii | suffix_exact_ascii | initial_match_any_given_token | same_club_history | same_club_target_season,1,125.0,same_club_target_season,lech-poznan,2023/24 | 2024/25,2023/24:lech-poznan | 2024/25:lech-poznan,,,999.0
Lech Poznań,Walemark P.,lech-poznan,unresolved,,auto_same_club_history,jens-patrik-walemark,all_flash_tokens_in_slug_ascii | suffix_exact_ascii | initial_match_any_given_token | same_club_history | same_club_target_season,1,125.0,same_club_target_season,lech-poznan,2024/25 | 2025/26,2024/25:lech-poznan | 2025/26:lech-poznan,,,999.0
Lech Poznań,Wichtowski M.,lech-poznan,unresolved,,no_candidate,,no_strict_candidate,0,,,,,,,,
Lechia Gdańsk,Bajko M.,lechia-gdansk,unresolved,,no_candidate,,no_strict_candidate,0,,,,,,,,
Lechia Gdańsk,Biegański J.,lechia-gdansk,unresolved,,auto_transfer_candidate,jan-marek-bieganski,all_flash_tokens_in_slug_ascii | suffix_exact_ascii | initial_match_any_given_token,1,105.0,historical_other_club,pogon-szczecin,2025/26,2025/26:pogon-szczecin,,,999.0
Lechia Gdańsk,Bobcek T.,lechia-gdansk,unresolved,,auto_same_club_history,tomas-bobcek,all_flash_tokens_in_slug_ascii | suffix_exact_ascii | initial_match_any_given_token | same_club_history | same_club_target_season,1,125.0,same_club_target_season,lechia-gdansk,2024/25 | 2025/26,2024/25:lechia-gdansk | 2025/26:lechia-gdansk,,,999.0
Lechia Gdańsk,Buletsa S.,lechia-gdansk,unresolved,,auto_same_club_history,serhii-buletsa,all_flash_tokens_in_slug_ascii | suffix_exact_ascii | initial_match_any_given_token | same_club_history | same_club_target_season,1,125.0,same_club_target_season,lechia-gdansk | zagebie-lubin,2023/24 | 2024/25,2023/24:zagebie-lubin | 2024/25:lechia-gdansk,,,999.0
Lechia Gdańsk,Chindris A.,lechia-gdansk,unresolved,,auto_same_club_history,andrei-chindris,all_flash_tokens_in_slug_ascii | suffix_exact_ascii | initial_match_any_given_token | same_club_history | same_club_target_season,1,125.0,same_club_target_season,lechia-gdansk,2024/25,2024/25:lechia-gdansk,,,999.0
Lechia Gdańsk,Conrado,lechia-gdansk,unresolved,,no_candidate,,no_strict_candidate,0,,,,,,,,
Lechia Gdańsk,D'Arrigo L.,lechia-gdansk,unresolved,,no_candidate,,no_strict_candidate,0,,,,,,,,
Lechia Gdańsk,Gueho L.,lechia-gdansk,unresolved,,auto_same_club_history,loup-diwan-gueho,all_flash_tokens_in_slug_ascii | suffix_exact_ascii | initial_match_any_given_token | same_club_history | same_club_target_season,1,125.0,same_club_target_season,lechia-gdansk,2024/25,2024/25:lechia-gdansk,,,999.0
Lechia Gdańsk,Gutowski K.,lechia-gdansk,unresolved,,no_candidate,,no_strict_candidate,0,,,,,,,,
Lechia Gdańsk,Głogowski M.,lechia-gdansk,unresolved,,auto_same_club_history,micha-gogowski,all_flash_tokens_in_slug_slugstyle | suffix_exact_slugstyle | initial_match_any_given_token | same_club_history | same_club_target_season,1,125.0,same_club_target_season,lechia-gdansk,2024/25 | 2025/26,2024/25:lechia-gdansk | 2025/26:lechia-gdansk,,,999.0
Lechia Gdańsk,Kapić R.,lechia-gdansk,unresolved,,auto_same_club_history,rifet-kapic,all_flash_tokens_in_slug_ascii | suffix_exact_ascii | initial_match_any_given_token | same_club_history | same_club_target_season,1,125.0,same_club_target_season,lechia-gdansk,2024/25 | 2025/26,2024/25:lechia-gdansk | 2025/26:lechia-gdansk,,,999.0
Lechia Gdańsk,Kardas A.,lechia-gdansk,unresolved,,auto_same_club_history,adam-kardas,all_flash_tokens_in_slug_ascii | suffix_exact_ascii | initial_match_any_given_token | same_club_history | same_club_target_season,1,125.0,same_club_target_season,lechia-gdansk,2024/25,2024/25:lechia-gdansk,,,999.0
Lechia Gdańsk,Kałahur M.,lechia-gdansk,unresolved,,auto_same_club_history,miosz-kaahur,all_flash_tokens_in_slug_slugstyle | suffix_exact_slugstyle | initial_match_any_given_token | same_club_history | same_club_target_season,1,125.0,same_club_target_season,lechia-gdansk,2024/25 | 2025/26,2024/25:lechia-gdansk | 2025/26:lechia-gdansk,,,999.0
Lechia Gdańsk,Khlan M.,lechia-gdansk,unresolved,,auto_same_club_history,maksym-khlan,all_flash_tokens_in_slug_ascii | suffix_exact_ascii | initial_match_any_given_token | same_club_history | same_club_target_season,1,125.0,same_club_target_season,gornik-zabrze | lechia-gdansk,2024/25 | 2025/26,2024/25:lechia-gdansk | 2025/26:gornik-zabrze,,,999.0
Lechia Gdańsk,Mena C.,lechia-gdansk,unresolved,,auto_same_club_history,camilo-andres-mena-marquez,all_flash_tokens_in_slug_ascii | initial_match_any_given_token | same_club_history | same_club_target_season,1,105.0,same_club_target_season,lechia-gdansk,2024/25 | 2025/26,2024/25:lechia-gdansk | 2025/26:lechia-gdansk,,,999.0
Lechia Gdańsk,Neugebauer T.,lechia-gdansk,unresolved,,auto_same_club_history,tomasz-neugebauer,all_flash_tokens_in_slug_ascii | suffix_exact_ascii | initial_match_any_given_token | same_club_history | same_club_target_season,1,125.0,same_club_target_season,lechia-gdansk,2024/25 | 2025/26,2024/25:lechia-gdansk | 2025/26:lechia-gdansk,,,999.0
Lechia Gdańsk,Olsson E.,lechia-gdansk,unresolved,,auto_same_club_history,elias-oskar-olsson,all_flash_tokens_in_slug_ascii | suffix_exact_ascii | initial_match_any_given_token | same_club_history | same_club_target_season,1,125.0,same_club_target_season,lechia-gdansk,2024/25 | 2025/26,2024/25:lechia-gdansk | 2025/26:lechia-gdansk,,,999.0
Lechia Gdańsk,Piła D.,lechia-gdansk,unresolved,,auto_same_club_history,dominik-pia,all_flash_tokens_in_slug_slugstyle | suffix_exact_slugstyle | initial_match_any_given_token | same_club_history | same_club_target_season,1,125.0,same_club_target_season,cracovia | lechia-gdansk,2024/25 | 2025/26,2024/25:lechia-gdansk | 2025/26:cracovia,,,999.0
Lechia Gdańsk,Pllana B.,lechia-gdansk,unresolved,,auto_same_club_history,bujar-pllana,all_flash_tokens_in_slug_ascii | suffix_exact_ascii | initial_match_any_given_token | same_club_history | same_club_target_season,1,125.0,same_club_target_season,lechia-gdansk,2024/25 | 2025/26,2024/25:lechia-gdansk | 2025/26:lechia-gdansk,,,999.0
Lechia Gdańsk,Sarnavskyi B.,lechia-gdansk,unresolved,,auto_same_club_history,bohdan-sarnavskyi,all_flash_tokens_in_slug_ascii | suffix_exact_ascii | initial_match_any_given_token | same_club_history | same_club_target_season,1,125.0,same_club_target_season,lechia-gdansk,2024/25 | 2025/26,2024/25:lechia-gdansk | 2025/26:lechia-gdansk,,,999.0
Lechia Gdańsk,Sezonienko K.,lechia-gdansk,unresolved,,auto_same_club_history,kacper-sezonienko,all_flash_tokens_in_slug_ascii | suffix_exact_ascii | initial_match_any_given_token | same_club_history | same_club_target_season,1,125.0,same_club_target_season,lechia-gdansk,2024/25 | 2025/26,2024/25:lechia-gdansk | 2025/26:lechia-gdansk,,,999.0
Lechia Gdańsk,Tsarenko A.,lechia-gdansk,unresolved,,auto_same_club_history,anton-tsarenko,all_flash_tokens_in_slug_ascii | suffix_exact_ascii | initial_match_any_given_token | same_club_history | same_club_target_season,1,125.0,same_club_target_season,lechia-gdansk,2024/25 | 2025/26,2024/25:lechia-gdansk | 2025/26:lechia-gdansk,,,999.0
Lechia Gdańsk,Viunnyk B.,lechia-gdansk,unresolved,,auto_same_club_history,bohdan-viunnyk,all_flash_tokens_in_slug_ascii | suffix_exact_ascii | initial_match_any_given_token | same_club_history | same_club_target_season,1,125.0,same_club_target_season,lechia-gdansk,2024/25 | 2025/26,2024/25:lechia-gdansk | 2025/26:lechia-gdansk,,,999.0
Lechia Gdańsk,Weirauch S.,lechia-gdansk,unresolved,,auto_same_club_history,szymon-weirauch,all_flash_tokens_in_slug_ascii | suffix_exact_ascii | initial_match_any_given_token | same_club_history | same_club_target_season,1,125.0,same_club_target_season,lechia-gdansk | zagebie-lubin,2023/24 | 2024/25 | 2025/26,2023/24:zagebie-lubin | 2024/25:lechia-gdansk | 2025/26:lechia-gdansk,,,999.0
Lechia Gdańsk,Wendt K.,lechia-gdansk,unresolved,,auto_same_club_history,karl-sydney-wendt,all_flash_tokens_in_slug_ascii | suffix_exact_ascii | initial_match_any_given_token | same_club_history | same_club_target_season,1,125.0,same_club_target_season,lechia-gdansk,2024/25,2024/25:lechia-gdansk,,,999.0
Lechia Gdańsk,Wójtowicz T.,lechia-gdansk,unresolved,,auto_same_club_history,tomasz-wojtowicz,all_flash_tokens_in_slug_ascii | suffix_exact_ascii | initial_match_any_given_token | same_club_history | same_club_target_season,1,125.0,same_club_target_season,lechia-gdansk | ruch-chorzow,2023/24 | 2024/25 | 2025/26,2023/24:ruch-chorzow | 2024/25:lechia-gdansk | 2025/26:lechia-gdansk,,,999.0
Lechia Gdańsk,Zhelizko I.,lechia-gdansk,unresolved,,auto_same_club_history,ivan-zhelizko,all_flash_tokens_in_slug_ascii | suffix_exact_ascii | initial_match_any_given_token | same_club_history | same_club_target_season,1,125.0,same_club_target_season,lechia-gdansk,2024/25 | 2025/26,2024/25:lechia-gdansk | 2025/26:lechia-gdansk,,,999.0
Legia Warszawa,Alfarela M.,legia-warszawa,unresolved,,auto_same_club_history,allan-migouel-alfarela,all_flash_tokens_in_slug_ascii | suffix_exact_ascii | initial_match_any_given_token | same_club_history | same_club_target_season,1,125.0,same_club_target_season,legia-warszawa,2024/25 | 2025/26,2024/25:legia-warszawa | 2025/26:legia-warszawa,,,999.0
Legia Warszawa,Augustyniak R.,legia-warszawa,unresolved,,auto_same_club_history,rafa-sylwester-augustyniak,all_flash_tokens_in_slug_ascii | suffix_exact_ascii | initial_match_any_given_token | same_club_history | same_club_target_season,1,125.0,same_club_target_season,legia-warszawa,2023/24 | 2024/25 | 2025/26,2023/24:legia-warszawa | 2024/25:legia-warszawa | 2025/26:legia-warszawa,,,999.0
Legia Warszawa,Bichakhchyan V.,legia-warszawa,unresolved,,auto_same_club_history,vahan-bichakhchyan,all_flash_tokens_in_slug_ascii | suffix_exact_ascii | initial_match_any_given_token | same_club_history | same_club_target_season,1,125.0,same_club_target_season,legia-warszawa | pogon-szczecin,2023/24 | 2024/25 | 2025/26,2023/24:pogon-szczecin | 2024/25:legia-warszawa | 2025/26:legia-warszawa,,,999.0
Legia Warszawa,Burch M.,legia-warszawa,unresolved,,auto_same_club_history,marco-burch,all_flash_tokens_in_slug_ascii | suffix_exact_ascii | initial_match_any_given_token | same_club_history | same_club_target_season,1,125.0,same_club_target_season,legia-warszawa,2023/24 | 2024/25 | 2025/26,2023/24:legia-warszawa | 2024/25:legia-warszawa | 2025/26:legia-warszawa,,,999.0
Legia Warszawa,Celhaka J.,legia-warszawa,unresolved,,auto_same_club_history,jurgen-celhaka,all_flash_tokens_in_slug_ascii | suffix_exact_ascii | initial_match_any_given_token | same_club_history | same_club_target_season,1,125.0,same_club_target_season,legia-warszawa,2023/24 | 2024/25,2023/24:legia-warszawa | 2024/25:legia-warszawa,,,999.0
Legia Warszawa,Chodyna K.,legia-warszawa,unresolved,,auto_same_club_history,kacper-chodyna,all_flash_tokens_in_slug_ascii | suffix_exact_ascii | initial_match_any_given_token | same_club_history | same_club_target_season,1,125.0,same_club_target_season,legia-warszawa | zagebie-lubin,2023/24 | 2024/25 | 2025/26,2023/24:zagebie-lubin | 2024/25:legia-warszawa | 2025/26:legia-warszawa,,,999.0
Legia Warszawa,Elitim J.,legia-warszawa,unresolved,,auto_same_club_history,juergen-farid-elitim-sepulveda,all_flash_tokens_in_slug_ascii | initial_match_any_given_token | same_club_history | same_club_target_season,1,105.0,same_club_target_season,legia-warszawa,2023/24 | 2024/25 | 2025/26,2023/24:legia-warszawa | 2024/25:legia-warszawa | 2025/26:legia-warszawa,,,999.0
Legia Warszawa,Goncalves C.,legia-warszawa,unresolved,,auto_same_club_history,joaquim-claude-goncalves-araujo,all_flash_tokens_in_slug_ascii | initial_match_any_given_token | same_club_history | same_club_target_season,1,105.0,same_club_target_season,legia-warszawa,2024/25 | 2025/26,2024/25:legia-warszawa | 2025/26:legia-warszawa,,,999.0
Legia Warszawa,Gual M.,legia-warszawa,unresolved,,auto_same_club_history,marc-gual-huguet,all_flash_tokens_in_slug_ascii | initial_match_any_given_token | same_club_history | same_club_target_season,1,105.0,same_club_target_season,legia-warszawa,2023/24 | 2024/25,2023/24:legia-warszawa | 2024/25:legia-warszawa,,,999.0
Legia Warszawa,Jędrzejczyk A.,legia-warszawa,unresolved,,auto_same_club_history,artur-marcin-jedrzejczyk,all_flash_tokens_in_slug_ascii | suffix_exact_ascii | initial_match_any_given_token | same_club_history | same_club_target_season,1,125.0,same_club_target_season,legia-warszawa,2023/24 | 2024/25 | 2025/26,2023/24:legia-warszawa | 2024/25:legia-warszawa | 2025/26:legia-warszawa,,,999.0
Legia Warszawa,Kapuadi S.,legia-warszawa,unresolved,,auto_same_club_history,steve-nkanu-kapuadi,all_flash_tokens_in_slug_ascii | suffix_exact_ascii | initial_match_any_given_token | same_club_history | same_club_target_season,1,125.0,same_club_target_season,legia-warszawa,2023/24 | 2024/25 | 2025/26,2023/24:legia-warszawa | 2024/25:legia-warszawa | 2025/26:legia-warszawa,,,999.0
Legia Warszawa,Kapustka B.,legia-warszawa,unresolved,,auto_same_club_history,bartosz-kapustka,all_flash_tokens_in_slug_ascii | suffix_exact_ascii | initial_match_any_given_token | same_club_history | same_club_target_season,1,125.0,same_club_target_season,legia-warszawa,2023/24 | 2024/25 | 2025/26,2023/24:legia-warszawa | 2024/25:legia-warszawa | 2025/26:legia-warszawa,,,999.0
Legia Warszawa,Kobylak G.,legia-warszawa,unresolved,,auto_same_club_history,gabriel-kobylak,all_flash_tokens_in_slug_ascii | suffix_exact_ascii | initial_match_any_given_token | same_club_history | same_club_target_season,1,125.0,same_club_target_season,legia-warszawa,2023/24 | 2024/25,2023/24:legia-warszawa | 2024/25:legia-warszawa,,,999.0
Legia Warszawa,Kovačević V.,legia-warszawa,unresolved,,no_candidate,,no_strict_candidate,0,,,,,,,,
Legia Warszawa,Kramer B.,legia-warszawa,unresolved,,auto_same_club_history,blaz-kramer,all_flash_tokens_in_slug_ascii | suffix_exact_ascii | initial_match_any_given_token | same_club_history | same_club_target_season,1,125.0,same_club_target_season,legia-warszawa,2023/24 | 2024/25,2023/24:legia-warszawa | 2024/25:legia-warszawa,,,999.0
Legia Warszawa,Kucharczyk M.,legia-warszawa,unresolved,,auto_same_club_history,micha-kucharczyk,all_flash_tokens_in_slug_ascii | suffix_exact_ascii | initial_match_any_given_token | same_club_history | same_club_target_season,1,125.0,same_club_target_season,legia-warszawa,2024/25,2024/25:legia-warszawa,,,999.0
Legia Warszawa,Kun P.,legia-warszawa,unresolved,,auto_same_club_history,patryk-kun,all_flash_tokens_in_slug_ascii | suffix_exact_ascii | initial_match_any_given_token | same_club_history | same_club_target_season,2,125.0,same_club_target_season,legia-warszawa,2023/24 | 2024/25 | 2025/26,2023/24:legia-warszawa | 2024/25:legia-warszawa | 2025/26:legia-warszawa,dominik-kun,90,35.0
Legia Warszawa,Luquinhas,legia-warszawa,unresolved,,no_candidate,,no_strict_candidate,0,,,,,,,,
Legia Warszawa,Majchrzak J.,legia-warszawa,unresolved,,auto_same_club_history,jordan-aleksander-majchrzak,all_flash_tokens_in_slug_ascii | suffix_exact_ascii | initial_match_any_given_token | same_club_history | same_club_target_season,1,125.0,same_club_target_season,legia-warszawa | puszcza-niepolomice,2023/24 | 2024/25,2023/24:puszcza-niepolomice | 2024/25:legia-warszawa,,,999.0
Legia Warszawa,Mendes-Dudzinski M.,legia-warszawa,unresolved,,no_candidate,,no_strict_candidate,0,,,,,,,,
Legia Warszawa,Morishita R.,legia-warszawa,unresolved,,auto_same_club_history,ryoya-morishita,all_flash_tokens_in_slug_ascii | suffix_exact_ascii | initial_match_any_given_token | same_club_history | same_club_target_season,1,125.0,same_club_target_season,legia-warszawa,2023/24 | 2024/25 | 2025/26,2023/24:legia-warszawa | 2024/25:legia-warszawa | 2025/26:legia-warszawa,,,999.0
Legia Warszawa,Mozie P.,legia-warszawa,unresolved,,auto_same_club_history,pascal-mozie,all_flash_tokens_in_slug_ascii | suffix_exact_ascii | initial_match_any_given_token | same_club_history | same_club_target_season,1,125.0,same_club_target_season,legia-warszawa,2024/25,2024/25:legia-warszawa,,,999.0
Legia Warszawa,Nsame J.,legia-warszawa,unresolved,,auto_same_club_history,jean-pierre-junior-nsame,all_flash_tokens_in_slug_ascii | suffix_exact_ascii | initial_match_any_given_token | same_club_history | same_club_target_season,1,125.0,same_club_target_season,legia-warszawa,2024/25 | 2025/26,2024/25:legia-warszawa | 2025/26:legia-warszawa,,,999.0
Legia Warszawa,Olewinski O.,legia-warszawa,unresolved,,auto_same_club_history,oliwier-olewinski,all_flash_tokens_in_slug_ascii | suffix_exact_ascii | initial_match_any_given_token | same_club_history | same_club_target_season,1,125.0,same_club_target_season,legia-warszawa,2024/25,2024/25:legia-warszawa,,,999.0
Legia Warszawa,Oyedele M.,legia-warszawa,unresolved,,no_candidate,,no_strict_candidate,0,,,,,,,,
Legia Warszawa,Pankov R.,legia-warszawa,unresolved,,auto_same_club_history,radovan-pankov,all_flash_tokens_in_slug_ascii | suffix_exact_ascii | initial_match_any_given_token | same_club_history | same_club_target_season,1,125.0,same_club_target_season,legia-warszawa,2023/24 | 2024/25 | 2025/26,2023/24:legia-warszawa | 2024/25:legia-warszawa | 2025/26:legia-warszawa,,,999.0
Legia Warszawa,Pekhart T.,legia-warszawa,unresolved,,auto_same_club_history,tomas-pekhart,all_flash_tokens_in_slug_ascii | suffix_exact_ascii | initial_match_any_given_token | same_club_history | same_club_target_season,1,125.0,same_club_target_season,legia-warszawa,2023/24 | 2024/25,2023/24:legia-warszawa | 2024/25:legia-warszawa,,,999.0
Legia Warszawa,Sergio Barcia,legia-warszawa,unresolved,,review_needed,sergio-barcia-laranxeira,all_flash_tokens_in_slug_ascii | same_club_history | same_club_target_season,1,90.0,same_club_target_season,legia-warszawa,2024/25,2024/25:legia-warszawa,,,999.0
Legia Warszawa,Shkurin I.,legia-warszawa,unresolved,,auto_same_club_history,ilya-shkurin,all_flash_tokens_in_slug_ascii | suffix_exact_ascii | initial_match_any_given_token | same_club_history | same_club_target_season,1,125.0,same_club_target_season,legia-warszawa | stal-mielec,2023/24 | 2024/25 | 2025/26,2023/24:stal-mielec | 2024/25:legia-warszawa | 2025/26:legia-warszawa,,,999.0
Legia Warszawa,Strzałek I.,legia-warszawa,unresolved,,auto_same_club_history,igor-strzaek,all_flash_tokens_in_slug_slugstyle | suffix_exact_slugstyle | initial_match_any_given_token | same_club_history | same_club_target_season,1,125.0,same_club_target_season,legia-warszawa | nieciecza,2023/24 | 2024/25 | 2025/26,2023/24:legia-warszawa | 2024/25:legia-warszawa | 2025/26:nieciecza,,,999.0
Legia Warszawa,Szczepaniak M.,legia-warszawa,unresolved,,auto_same_club_history,mateusz-szczepaniak,all_flash_tokens_in_slug_ascii | suffix_exact_ascii | initial_match_any_given_token | same_club_history | same_club_target_season,1,125.0,same_club_target_season,legia-warszawa,2024/25,2024/25:legia-warszawa,,,999.0
Legia Warszawa,Tobiasz K.,legia-warszawa,unresolved,,auto_same_club_history,kacper-tobiasz,all_flash_tokens_in_slug_ascii | suffix_exact_ascii | initial_match_any_given_token | same_club_history | same_club_target_season,1,125.0,same_club_target_season,legia-warszawa,2023/24 | 2024/25 | 2025/26,2023/24:legia-warszawa | 2024/25:legia-warszawa | 2025/26:legia-warszawa,,,999.0
Legia Warszawa,Urbański W.,legia-warszawa,unresolved,,auto_same_club_history,wojciech-urbanski,all_flash_tokens_in_slug_ascii | suffix_exact_ascii | initial_match_any_given_token | same_club_history | same_club_target_season,3,125.0,same_club_target_season,legia-warszawa,2023/24 | 2024/25 | 2025/26,2023/24:legia-warszawa | 2024/25:legia-warszawa | 2025/26:legia-warszawa,kacper-urbanski,102,23.0
Legia Warszawa,Vinagre R.,legia-warszawa,unresolved,,auto_same_club_history,ruben-goncalo-da-silva-nascimento-vinagre,all_flash_tokens_in_slug_ascii | suffix_exact_ascii | initial_match_any_given_token | same_club_history | same_club_target_season,1,125.0,same_club_target_season,legia-warszawa,2024/25 | 2025/26,2024/25:legia-warszawa | 2025/26:legia-warszawa,,,999.0
Legia Warszawa,Wszołek P.,legia-warszawa,unresolved,,auto_same_club_history,pawe-marek-wszoek,all_flash_tokens_in_slug_slugstyle | suffix_exact_slugstyle | initial_match_any_given_token | same_club_history | same_club_target_season,1,125.0,same_club_target_season,legia-warszawa,2023/24 | 2024/25 | 2025/26,2023/24:legia-warszawa | 2024/25:legia-warszawa | 2025/26:legia-warszawa,,,999.0
Legia Warszawa,Wyganowski A.,legia-warszawa,unresolved,,auto_same_club_history,aleksander-wyganowski,all_flash_tokens_in_slug_ascii | suffix_exact_ascii | initial_match_any_given_token | same_club_history | same_club_target_season,1,125.0,same_club_target_season,legia-warszawa,2024/25,2024/25:legia-warszawa,,,999.0
Legia Warszawa,Zielinski J. I.,legia-warszawa,unresolved,,review_needed,pawe-zielinski,all_flash_tokens_in_slug_ascii | suffix_exact_ascii,1,90.0,historical_other_club,widzew-lodz,2023/24,2023/24:widzew-lodz,,,999.0
Legia Warszawa,Ziółkowski J.,legia-warszawa,unresolved,,auto_same_club_history,jan-ziokowski,all_flash_tokens_in_slug_slugstyle | suffix_exact_slugstyle | initial_match_any_given_token | same_club_history | same_club_target_season,1,125.0,same_club_target_season,legia-warszawa,2023/24 | 2024/25 | 2025/26,2023/24:legia-warszawa | 2024/25:legia-warszawa | 2025/26:legia-warszawa,,,999.0
Motor Lublin,Augustin J.,motor-lublin,unresolved,,auto_same_club_history,jean-kevin-augustin,all_flash_tokens_in_slug_ascii | suffix_exact_ascii | initial_match_any_given_token | same_club_history | same_club_target_season,1,125.0,same_club_target_season,motor-lublin,2024/25,2024/25:motor-lublin,,,999.0
Motor Lublin,Bartnik I.,motor-lublin,unresolved,,no_candidate,,no_strict_candidate,0,,,,,,,,
Motor Lublin,Bartoš M.,motor-lublin,unresolved,,no_candidate,,no_strict_candidate,0,,,,,,,,
Motor Lublin,Brkic I.,motor-lublin,unresolved,,auto_same_club_history,ivan-brkic,all_flash_tokens_in_slug_ascii | suffix_exact_ascii | initial_match_any_given_token | same_club_history | same_club_target_season,1,125.0,same_club_target_season,motor-lublin,2024/25 | 2025/26,2024/25:motor-lublin | 2025/26:motor-lublin,,,999.0
Motor Lublin,Caliskaner K.,motor-lublin,unresolved,,auto_same_club_history,kaan-caliskaner,all_flash_tokens_in_slug_ascii | suffix_exact_ascii | initial_match_any_given_token | same_club_history | same_club_target_season,1,125.0,same_club_target_season,jagiellonia-bialystok | motor-lublin,2023/24 | 2024/25,2023/24:jagiellonia-bialystok | 2024/25:motor-lublin,,,999.0
Motor Lublin,Ceglarz P.,motor-lublin,unresolved,,auto_same_club_history,piotr-ceglarz,all_flash_tokens_in_slug_ascii | suffix_exact_ascii | initial_match_any_given_token | same_club_history | same_club_target_season,1,125.0,same_club_target_season,motor-lublin,2024/25,2024/25:motor-lublin,,,999.0
Motor Lublin,Ede B.,motor-lublin,unresolved,,auto_same_club_history,bright-ede,all_flash_tokens_in_slug_ascii | suffix_exact_ascii | initial_match_any_given_token | same_club_history | same_club_target_season,1,125.0,same_club_target_season,motor-lublin,2024/25 | 2025/26,2024/25:motor-lublin | 2025/26:motor-lublin,,,999.0
Motor Lublin,Gąsior M.,motor-lublin,unresolved,,auto_same_club_history,marcel-gasior,all_flash_tokens_in_slug_ascii | suffix_exact_ascii | initial_match_any_given_token | same_club_history | same_club_target_season,1,125.0,same_club_target_season,motor-lublin,2024/25,2024/25:motor-lublin,,,999.0
Motor Lublin,Jez O.,motor-lublin,unresolved,,no_candidate,,no_strict_candidate,0,,,,,,,,
Motor Lublin,Kikis,motor-lublin,unresolved,,no_candidate,,no_strict_candidate,0,,,,,,,,
Motor Lublin,Kruk K.,motor-lublin,unresolved,,auto_same_club_history,kamil-kruk,all_flash_tokens_in_slug_ascii | suffix_exact_ascii | initial_match_any_given_token | same_club_history | same_club_target_season,1,125.0,same_club_target_season,motor-lublin | zagebie-lubin,2023/24 | 2024/25,2023/24:zagebie-lubin | 2024/25:motor-lublin,,,999.0
Motor Lublin,Król M.,motor-lublin,unresolved,,auto_same_club_history,micha-krol,all_flash_tokens_in_slug_ascii | suffix_exact_ascii | initial_match_any_given_token | same_club_history | same_club_target_season,2,125.0,same_club_target_season,motor-lublin,2024/25 | 2025/26,2024/25:motor-lublin | 2025/26:motor-lublin,rafa-krol,110,15.0
Motor Lublin,Król R.,motor-lublin,unresolved,,auto_same_club_history,rafa-krol,all_flash_tokens_in_slug_ascii | suffix_exact_ascii | initial_match_any_given_token | same_club_history | same_club_target_season,2,125.0,same_club_target_season,motor-lublin,2024/25,2024/25:motor-lublin,micha-krol,110,15.0
Motor Lublin,Kubica K.,motor-lublin,unresolved,,auto_same_club_history,krzysztof-kubica,all_flash_tokens_in_slug_ascii | suffix_exact_ascii | initial_match_any_given_token | same_club_history | same_club_target_season,1,125.0,same_club_target_season,motor-lublin | nieciecza,2024/25 | 2025/26,2024/25:motor-lublin | 2025/26:nieciecza,,,999.0
Motor Lublin,Luberecki F.,motor-lublin,unresolved,,auto_same_club_history,filip-luberecki,all_flash_tokens_in_slug_ascii | suffix_exact_ascii | initial_match_any_given_token | same_club_history | same_club_target_season,1,125.0,same_club_target_season,motor-lublin,2024/25 | 2025/26,2024/25:motor-lublin | 2025/26:motor-lublin,,,999.0
Motor Lublin,Matthys H.,motor-lublin,unresolved,,auto_same_club_history,herve-jean-matthys,all_flash_tokens_in_slug_ascii | suffix_exact_ascii | initial_match_any_given_token | same_club_history | same_club_target_season,1,125.0,same_club_target_season,motor-lublin,2024/25 | 2025/26,2024/25:motor-lublin | 2025/26:motor-lublin,,,999.0
Motor Lublin,Mráz S.,motor-lublin,unresolved,,no_candidate,,no_strict_candidate,0,,,,,,,,
Motor Lublin,Najemski A.,motor-lublin,unresolved,,auto_same_club_history,arkadiusz-najemski,all_flash_tokens_in_slug_ascii | suffix_exact_ascii | initial_match_any_given_token | same_club_history | same_club_target_season,1,125.0,same_club_target_season,motor-lublin,2024/25 | 2025/26,2024/25:motor-lublin | 2025/26:motor-lublin,,,999.0
Motor Lublin,Ndiaye M.,motor-lublin,unresolved,,auto_same_club_history,mbaye-jacques-ndiaye,all_flash_tokens_in_slug_ascii | suffix_exact_ascii | initial_match_any_given_token | same_club_history | same_club_target_season,2,125.0,same_club_target_season,motor-lublin,2024/25 | 2025/26,2024/25:motor-lublin | 2025/26:motor-lublin,mor-ndiaye,105,20.0
Motor Lublin,Palacz K.,motor-lublin,unresolved,,auto_same_club_history,krystian-palacz,all_flash_tokens_in_slug_ascii | suffix_exact_ascii | initial_match_any_given_token | same_club_history | same_club_target_season,1,125.0,same_club_target_season,motor-lublin,2024/25 | 2025/26,2024/25:motor-lublin | 2025/26:motor-lublin,,,999.0
Motor Lublin,Romanowski P.,motor-lublin,unresolved,,auto_same_club_history,patryk-romanowski,all_flash_tokens_in_slug_ascii | suffix_exact_ascii | initial_match_any_given_token | same_club_history | same_club_target_season,1,125.0,same_club_target_season,motor-lublin,2024/25,2024/25:motor-lublin,,,999.0
Motor Lublin,Rosa K.,motor-lublin,unresolved,,auto_same_club_history,kacper-rosa,all_flash_tokens_in_slug_ascii | suffix_exact_ascii | initial_match_any_given_token | same_club_history | same_club_target_season,2,125.0,same_club_target_season,motor-lublin,2024/25,2024/25:motor-lublin,jose-angel-pozo-la-rosa,94,31.0
Motor Lublin,Rudol S.,motor-lublin,unresolved,,auto_same_club_history,sebastian-rudol,all_flash_tokens_in_slug_ascii | suffix_exact_ascii | initial_match_any_given_token | same_club_history | same_club_target_season,1,125.0,same_club_target_season,motor-lublin,2024/25,2024/25:motor-lublin,,,999.0
Motor Lublin,Samper S.,motor-lublin,unresolved,,auto_same_club_history,sergi-samper-montana,all_flash_tokens_in_slug_ascii | initial_match_any_given_token | same_club_history | same_club_target_season,1,105.0,same_club_target_season,motor-lublin,2024/25 | 2025/26,2024/25:motor-lublin | 2025/26:motor-lublin,,,999.0
Motor Lublin,Scalet M.,motor-lublin,unresolved,,auto_same_club_history,mathieu-scalet,all_flash_tokens_in_slug_ascii | suffix_exact_ascii | initial_match_any_given_token | same_club_history | same_club_target_season,1,125.0,same_club_target_season,motor-lublin,2024/25 | 2025/26,2024/25:motor-lublin | 2025/26:motor-lublin,,,999.0
Motor Lublin,Sefer A.,motor-lublin,unresolved,,auto_same_club_history,antonio-sefer,all_flash_tokens_in_slug_ascii | suffix_exact_ascii | initial_match_any_given_token | same_club_history | same_club_target_season,1,125.0,same_club_target_season,motor-lublin,2024/25,2024/25:motor-lublin,,,999.0
Motor Lublin,Stolarski P.,motor-lublin,unresolved,,auto_same_club_history,pawe-stolarski,all_flash_tokens_in_slug_ascii | suffix_exact_ascii | initial_match_any_given_token | same_club_history | same_club_target_season,1,125.0,same_club_target_season,motor-lublin | pogon-szczecin,2023/24 | 2024/25 | 2025/26,2023/24:pogon-szczecin | 2024/25:motor-lublin | 2025/26:motor-lublin,,,999.0
Motor Lublin,Tratnik G.,motor-lublin,unresolved,,auto_same_club_history,gasper-tratnik,all_flash_tokens_in_slug_ascii | suffix_exact_ascii | initial_match_any_given_token | same_club_history | same_club_target_season,1,125.0,same_club_target_season,motor-lublin,2024/25 | 2025/26,2024/25:motor-lublin | 2025/26:motor-lublin,,,999.0
Motor Lublin,Wełniak K.,motor-lublin,unresolved,,auto_same_club_history,kacper-weniak,all_flash_tokens_in_slug_slugstyle | suffix_exact_slugstyle | initial_match_any_given_token | same_club_history | same_club_target_season,1,125.0,same_club_target_season,motor-lublin,2024/25,2024/25:motor-lublin,,,999.0
Motor Lublin,Wolski B.,motor-lublin,unresolved,,auto_same_club_history,bartosz-wolski,all_flash_tokens_in_slug_ascii | suffix_exact_ascii | initial_match_any_given_token | same_club_history | same_club_target_season,3,125.0,same_club_target_season,motor-lublin,2024/25 | 2025/26,2024/25:motor-lublin | 2025/26:motor-lublin,rafa-wolski,94,31.0
Motor Lublin,Wójcik F.,motor-lublin,unresolved,,auto_same_club_history,filip-wojcik,all_flash_tokens_in_slug_ascii | suffix_exact_ascii | initial_match_any_given_token | same_club_history | same_club_target_season,2,125.0,same_club_target_season,motor-lublin,2024/25 | 2025/26,2024/25:motor-lublin | 2025/26:motor-lublin,oskar-wojcik,94,31.0
Motor Lublin,van Hoeven B.,motor-lublin,unresolved,,auto_same_club_history,bradly-van-hoeven,all_flash_tokens_in_slug_ascii | suffix_exact_ascii | initial_match_any_given_token | same_club_history | same_club_target_season,1,125.0,same_club_target_season,motor-lublin,2024/25 | 2025/26,2024/25:motor-lublin | 2025/26:motor-lublin,,,999.0
Motor Lublin,Łabojko J.,motor-lublin,unresolved,,auto_same_club_history,jakub-jan-abojko,all_flash_tokens_in_slug_slugstyle | suffix_exact_slugstyle | initial_match_any_given_token | same_club_history | same_club_target_season,1,125.0,same_club_target_season,motor-lublin,2024/25 | 2025/26,2024/25:motor-lublin | 2025/26:motor-lublin,,,999.0
Piast Gliwice,Ameyaw M.,piast-gliwice,unresolved,,auto_same_club_history,michael-ameyaw,all_flash_tokens_in_slug_ascii | suffix_exact_ascii | initial_match_any_given_token | same_club_history | same_club_target_season,1,125.0,same_club_target_season,piast-gliwice | rakow-czestochowa,2023/24 | 2024/25 | 2025/26,2023/24:piast-gliwice | 2024/25:piast-gliwice | 2025/26:rakow-czestochowa,,,999.0
Piast Gliwice,Chrapek M.,piast-gliwice,unresolved,,auto_same_club_history,micha-ukasz-chrapek,all_flash_tokens_in_slug_ascii | suffix_exact_ascii | initial_match_any_given_token | same_club_history | same_club_target_season,1,125.0,same_club_target_season,piast-gliwice,2023/24 | 2024/25 | 2025/26,2023/24:piast-gliwice | 2024/25:piast-gliwice | 2025/26:piast-gliwice,,,999.0
Piast Gliwice,Czerwiński J.,piast-gliwice,unresolved,,auto_same_club_history,jakub-czerwinski,all_flash_tokens_in_slug_ascii | suffix_exact_ascii | initial_match_any_given_token | same_club_history | same_club_target_season,2,125.0,same_club_target_season,piast-gliwice,2023/24 | 2024/25 | 2025/26,2023/24:piast-gliwice | 2024/25:piast-gliwice | 2025/26:piast-gliwice,alan-czerwinski,94,31.0
Piast Gliwice,Daniel J.,piast-gliwice,unresolved,,no_candidate,,no_strict_candidate,0,,,,,,,,
Piast Gliwice,Drapiński I.,piast-gliwice,unresolved,,auto_same_club_history,igor-drapinski,all_flash_tokens_in_slug_ascii | suffix_exact_ascii | initial_match_any_given_token | same_club_history | same_club_target_season,1,125.0,same_club_target_season,piast-gliwice,2024/25 | 2025/26,2024/25:piast-gliwice | 2025/26:piast-gliwice,,,999.0
Piast Gliwice,Dziczek P.,piast-gliwice,unresolved,,auto_same_club_history,patryk-dziczek,all_flash_tokens_in_slug_ascii | suffix_exact_ascii | initial_match_any_given_token | same_club_history | same_club_target_season,1,125.0,same_club_target_season,piast-gliwice,2023/24 | 2024/25 | 2025/26,2023/24:piast-gliwice | 2024/25:piast-gliwice | 2025/26:piast-gliwice,,,999.0
Piast Gliwice,Felix J.,piast-gliwice,unresolved,,auto_same_club_history,jorge-felix-munoz-garcia,all_flash_tokens_in_slug_ascii | initial_match_any_given_token | same_club_history | same_club_target_season,1,105.0,same_club_target_season,piast-gliwice,2023/24 | 2024/25 | 2025/26,2023/24:piast-gliwice | 2024/25:piast-gliwice | 2025/26:piast-gliwice,,,999.0
Piast Gliwice,Gale T.,piast-gliwice,unresolved,,auto_same_club_history,thierry-gale,all_flash_tokens_in_slug_ascii | suffix_exact_ascii | initial_match_any_given_token | same_club_history | same_club_target_season,1,125.0,same_club_target_season,piast-gliwice,2024/25,2024/25:piast-gliwice,,,999.0
Piast Gliwice,Huk T.,piast-gliwice,unresolved,,auto_same_club_history,tomas-huk,all_flash_tokens_in_slug_ascii | suffix_exact_ascii | initial_match_any_given_token | same_club_history | same_club_target_season,1,125.0,same_club_target_season,piast-gliwice,2023/24 | 2024/25,2023/24:piast-gliwice | 2024/25:piast-gliwice,,,999.0
Piast Gliwice,Jirka E.,piast-gliwice,unresolved,,auto_same_club_history,erik-jirka,all_flash_tokens_in_slug_ascii | suffix_exact_ascii | initial_match_any_given_token | same_club_history | same_club_target_season,1,125.0,same_club_target_season,piast-gliwice,2024/25 | 2025/26,2024/25:piast-gliwice | 2025/26:piast-gliwice,,,999.0
Piast Gliwice,Karbowy F.,piast-gliwice,unresolved,,auto_same_club_history,filip-karbowy,all_flash_tokens_in_slug_ascii | suffix_exact_ascii | initial_match_any_given_token | same_club_history | same_club_target_season,1,125.0,same_club_target_season,piast-gliwice,2023/24 | 2024/25,2023/24:piast-gliwice | 2024/25:piast-gliwice,,,999.0
Piast Gliwice,Katsantonis A.,piast-gliwice,unresolved,,auto_same_club_history,andreas-katsantonis,all_flash_tokens_in_slug_ascii | suffix_exact_ascii | initial_match_any_given_token | same_club_history | same_club_target_season,1,125.0,same_club_target_season,piast-gliwice,2024/25 | 2025/26,2024/25:piast-gliwice | 2025/26:piast-gliwice,,,999.0
Piast Gliwice,Kirejczyk G.,piast-gliwice,unresolved,,auto_same_club_history,gabriel-kirejczyk,all_flash_tokens_in_slug_ascii | suffix_exact_ascii | initial_match_any_given_token | same_club_history | same_club_target_season,1,125.0,same_club_target_season,piast-gliwice,2023/24 | 2024/25,2023/24:piast-gliwice | 2024/25:piast-gliwice,,,999.0
Piast Gliwice,Kopczyński M.,piast-gliwice,unresolved,,auto_same_club_history,mateusz-kopczynski,all_flash_tokens_in_slug_ascii | suffix_exact_ascii | initial_match_any_given_token | same_club_history | same_club_target_season,2,125.0,same_club_target_season,piast-gliwice,2024/25,2024/25:piast-gliwice,micha-kopczynski,105,20.0
Piast Gliwice,Kostadinov T.,piast-gliwice,unresolved,,auto_same_club_history,tihomir-kostadinov,all_flash_tokens_in_slug_ascii | suffix_exact_ascii | initial_match_any_given_token | same_club_history | same_club_target_season,1,125.0,same_club_target_season,piast-gliwice,2023/24 | 2024/25,2023/24:piast-gliwice | 2024/25:piast-gliwice,,,999.0
Piast Gliwice,Krykun S.,piast-gliwice,unresolved,,auto_same_club_history,serhij-krykun,all_flash_tokens_in_slug_ascii | suffix_exact_ascii | initial_match_any_given_token | same_club_history | same_club_target_season,1,125.0,same_club_target_season,piast-gliwice,2023/24 | 2024/25,2023/24:piast-gliwice | 2024/25:piast-gliwice,,,999.0
Piast Gliwice,Kądzior D.,piast-gliwice,unresolved,,auto_same_club_history,damian-kadzior,all_flash_tokens_in_slug_ascii | suffix_exact_ascii | initial_match_any_given_token | same_club_history | same_club_target_season,1,125.0,same_club_target_season,piast-gliwice,2023/24 | 2024/25,2023/24:piast-gliwice | 2024/25:piast-gliwice,,,999.0
Piast Gliwice,Lewicki J.,piast-gliwice,unresolved,,auto_same_club_history,jakub-lewicki,all_flash_tokens_in_slug_ascii | suffix_exact_ascii | initial_match_any_given_token | same_club_history | same_club_target_season,1,125.0,same_club_target_season,jagiellonia-bialystok | piast-gliwice,2023/24 | 2024/25 | 2025/26,2023/24:jagiellonia-bialystok | 2024/25:piast-gliwice | 2025/26:piast-gliwice,,,999.0
Piast Gliwice,Leśniak O.,piast-gliwice,unresolved,,auto_same_club_history,oskar-lesniak,all_flash_tokens_in_slug_ascii | suffix_exact_ascii | initial_match_any_given_token | same_club_history | same_club_target_season,1,125.0,same_club_target_season,piast-gliwice,2023/24 | 2024/25 | 2025/26,2023/24:piast-gliwice | 2024/25:piast-gliwice | 2025/26:piast-gliwice,,,999.0
Piast Gliwice,Miguelito,piast-gliwice,unresolved,,no_candidate,,no_strict_candidate,0,,,,,,,,
Piast Gliwice,Mokwa T.,piast-gliwice,unresolved,,auto_same_club_history,tomasz-mokwa,all_flash_tokens_in_slug_ascii | suffix_exact_ascii | initial_match_any_given_token | same_club_history | same_club_target_season,1,125.0,same_club_target_season,piast-gliwice,2023/24 | 2024/25 | 2025/26,2023/24:piast-gliwice | 2024/25:piast-gliwice | 2025/26:piast-gliwice,,,999.0
Piast Gliwice,Mosór A.,piast-gliwice,unresolved,,auto_same_club_history,ariel-pawe-mosor,all_flash_tokens_in_slug_ascii | suffix_exact_ascii | initial_match_any_given_token | same_club_history | same_club_target_season,1,125.0,same_club_target_season,piast-gliwice | rakow-czestochowa,2023/24 | 2024/25 | 2025/26,2023/24:piast-gliwice | 2024/25:piast-gliwice | 2025/26:rakow-czestochowa,,,999.0
Piast Gliwice,Mucha S.,piast-gliwice,unresolved,,auto_same_club_history,szczepan-mucha,all_flash_tokens_in_slug_ascii | suffix_exact_ascii | initial_match_any_given_token | same_club_history | same_club_target_season,1,125.0,same_club_target_season,piast-gliwice,2024/25 | 2025/26,2024/25:piast-gliwice | 2025/26:piast-gliwice,,,999.0
Piast Gliwice,Nobrega M.,piast-gliwice,unresolved,,auto_same_club_history,miguel-nobrega,all_flash_tokens_in_slug_ascii | suffix_exact_ascii | initial_match_any_given_token | same_club_history | same_club_target_season,1,125.0,same_club_target_season,piast-gliwice,2024/25,2024/25:piast-gliwice,,,999.0
Piast Gliwice,Piasecki F.,piast-gliwice,unresolved,,auto_same_club_history,fabian-piasecki,all_flash_tokens_in_slug_ascii | suffix_exact_ascii | initial_match_any_given_token | same_club_history | same_club_target_season,1,125.0,same_club_target_season,piast-gliwice,2023/24 | 2024/25,2023/24:piast-gliwice | 2024/25:piast-gliwice,,,999.0
Piast Gliwice,Pitan L.,piast-gliwice,unresolved,,auto_same_club_history,levis-pitan,all_flash_tokens_in_slug_ascii | suffix_exact_ascii | initial_match_any_given_token | same_club_history | same_club_target_season,1,125.0,same_club_target_season,piast-gliwice,2024/25 | 2025/26,2024/25:piast-gliwice | 2025/26:piast-gliwice,,,999.0
Piast Gliwice,Plach F.,piast-gliwice,unresolved,,auto_same_club_history,frantisek-plach,all_flash_tokens_in_slug_ascii | suffix_exact_ascii | initial_match_any_given_token | same_club_history | same_club_target_season,1,125.0,same_club_target_season,piast-gliwice,2023/24 | 2024/25 | 2025/26,2023/24:piast-gliwice | 2024/25:piast-gliwice | 2025/26:piast-gliwice,,,999.0
Piast Gliwice,Pyrka A.,piast-gliwice,unresolved,,auto_same_club_history,arkadiusz-pyrka,all_flash_tokens_in_slug_ascii | suffix_exact_ascii | initial_match_any_given_token | same_club_history | same_club_target_season,1,125.0,same_club_target_season,piast-gliwice,2023/24 | 2024/25,2023/24:piast-gliwice | 2024/25:piast-gliwice,,,999.0
Piast Gliwice,Rosołek M.,piast-gliwice,unresolved,,auto_transfer_candidate,maciej-rosoek,all_flash_tokens_in_slug_slugstyle | suffix_exact_slugstyle | initial_match_any_given_token | present_in_target_season,1,109.0,other_club_target_season,gks-katowice | legia-warszawa,2023/24 | 2024/25 | 2025/26,2023/24:legia-warszawa | 2024/25:legia-warszawa | 2025/26:gks-katowice,,,999.0
Piast Gliwice,Rychta D.,piast-gliwice,unresolved,,no_candidate,,no_strict_candidate,0,,,,,,,,
Piast Gliwice,Szczepański M.,piast-gliwice,unresolved,,auto_same_club_history,miosz-szczepanski,all_flash_tokens_in_slug_ascii | suffix_exact_ascii | initial_match_any_given_token | same_club_history | same_club_target_season,1,125.0,same_club_target_season,piast-gliwice,2023/24 | 2024/25,2023/24:piast-gliwice | 2024/25:piast-gliwice,,,999.0
Piast Gliwice,Szymański K.,piast-gliwice,unresolved,,auto_same_club_history,karol-szymanski,all_flash_tokens_in_slug_ascii | suffix_exact_ascii | initial_match_any_given_token | same_club_history,3,117.0,same_club_history,piast-gliwice,2023/24 | 2025/26,2023/24:piast-gliwice | 2025/26:piast-gliwice,damian-dawid-szymanski,90,27.0
Piast Gliwice,Tomasiewicz G.,piast-gliwice,unresolved,,auto_same_club_history,grzegorz-tomasiewicz,all_flash_tokens_in_slug_ascii | suffix_exact_ascii | initial_match_any_given_token | same_club_history | same_club_target_season,1,125.0,same_club_target_season,piast-gliwice,2023/24 | 2024/25 | 2025/26,2023/24:piast-gliwice | 2024/25:piast-gliwice | 2025/26:piast-gliwice,,,999.0
Piast Gliwice,Zedadka A.,piast-gliwice,unresolved,,auto_same_club_history,akim-zedadka,all_flash_tokens_in_slug_ascii | suffix_exact_ascii | initial_match_any_given_token | same_club_history | same_club_target_season,1,125.0,same_club_target_season,piast-gliwice,2024/25,2024/25:piast-gliwice,,,999.0
Pogoń Szczecin,Bak M.,pogon-szczecin,unresolved,,auto_same_club_history,mateusz-bak,all_flash_tokens_in_slug_ascii | suffix_exact_ascii | initial_match_any_given_token | same_club_history | same_club_target_season,2,125.0,same_club_target_season,pogon-szczecin,2024/25,2024/25:pogon-szczecin,daniel-bak,94,31.0
Pogoń Szczecin,Bichakhchyan V.,pogon-szczecin,unresolved,,auto_same_club_history,vahan-bichakhchyan,all_flash_tokens_in_slug_ascii | suffix_exact_ascii | initial_match_any_given_token | same_club_history | present_in_target_season,1,121.0,same_club_history,legia-warszawa | pogon-szczecin,2023/24 | 2024/25 | 2025/26,2023/24:pogon-szczecin | 2024/25:legia-warszawa | 2025/26:legia-warszawa,,,999.0
Pogoń Szczecin,Cojocaru V.,pogon-szczecin,unresolved,,auto_same_club_history,valentin-alexandru-cojocaru,all_flash_tokens_in_slug_ascii | suffix_exact_ascii | initial_match_any_given_token | same_club_history | same_club_target_season,1,125.0,same_club_target_season,pogon-szczecin,2023/24 | 2024/25 | 2025/26,2023/24:pogon-szczecin | 2024/25:pogon-szczecin | 2025/26:pogon-szczecin,,,999.0
Pogoń Szczecin,Gamboa J.,pogon-szczecin,unresolved,,auto_same_club_history,joao-pedro-da-costa-gamboa,all_flash_tokens_in_slug_ascii | suffix_exact_ascii | initial_match_any_given_token | same_club_history | same_club_target_season,1,125.0,same_club_target_season,pogon-szczecin,2023/24 | 2024/25,2023/24:pogon-szczecin | 2024/25:pogon-szczecin,,,999.0
Pogoń Szczecin,Gorgon A.,pogon-szczecin,unresolved,,auto_same_club_history,alexander-gorgon,all_flash_tokens_in_slug_ascii | suffix_exact_ascii | initial_match_any_given_token | same_club_history | same_club_target_season,1,125.0,same_club_target_season,pogon-szczecin,2023/24 | 2024/25,2023/24:pogon-szczecin | 2024/25:pogon-szczecin,,,999.0
Pogoń Szczecin,Grosicki K.,pogon-szczecin,unresolved,,auto_same_club_history,kamil-pawe-grosicki,all_flash_tokens_in_slug_ascii | suffix_exact_ascii | initial_match_any_given_token | same_club_history | same_club_target_season,1,125.0,same_club_target_season,pogon-szczecin,2023/24 | 2024/25 | 2025/26,2023/24:pogon-szczecin | 2024/25:pogon-szczecin | 2025/26:pogon-szczecin,,,999.0
Pogoń Szczecin,Kamiński K.,pogon-szczecin,unresolved,,auto_same_club_history,krzysztof-kaminski,all_flash_tokens_in_slug_ascii | suffix_exact_ascii | initial_match_any_given_token | same_club_history,4,117.0,same_club_history,pogon-szczecin | ruch-chorzow,2023/24 | 2025/26,2023/24:ruch-chorzow | 2025/26:pogon-szczecin,wojciech-kaminski,94,23.0
Pogoń Szczecin,Keramitsis D.,pogon-szczecin,unresolved,,auto_same_club_history,dimitris-keramitsis,all_flash_tokens_in_slug_ascii | suffix_exact_ascii | initial_match_any_given_token | same_club_history | same_club_target_season,1,125.0,same_club_target_season,pogon-szczecin,2024/25 | 2025/26,2024/25:pogon-szczecin | 2025/26:pogon-szczecin,,,999.0
Pogoń Szczecin,Klukowski A.,pogon-szczecin,unresolved,,auto_same_club_history,antoni-klukowski,all_flash_tokens_in_slug_ascii | suffix_exact_ascii | initial_match_any_given_token | same_club_history | same_club_target_season,1,125.0,same_club_target_season,pogon-szczecin | widzew-lodz,2024/25 | 2025/26,2024/25:pogon-szczecin | 2025/26:widzew-lodz,,,999.0
Pogoń Szczecin,Korczakowski O.,pogon-szczecin,unresolved,,auto_same_club_history,olaf-korczakowski,all_flash_tokens_in_slug_ascii | suffix_exact_ascii | initial_match_any_given_token | same_club_history | same_club_target_season,1,125.0,same_club_target_season,pogon-szczecin,2023/24 | 2024/25,2023/24:pogon-szczecin | 2024/25:pogon-szczecin,,,999.0
Pogoń Szczecin,Koulouris E.,pogon-szczecin,unresolved,,auto_same_club_history,efthymios-koulouris,all_flash_tokens_in_slug_ascii | suffix_exact_ascii | initial_match_any_given_token | same_club_history | same_club_target_season,1,125.0,same_club_target_season,pogon-szczecin,2023/24 | 2024/25 | 2025/26,2023/24:pogon-szczecin | 2024/25:pogon-szczecin | 2025/26:pogon-szczecin,,,999.0
Pogoń Szczecin,Koutris L.,pogon-szczecin,unresolved,,auto_same_club_history,leonardo-pablo-koutris,all_flash_tokens_in_slug_ascii | suffix_exact_ascii | initial_match_any_given_token | same_club_history | same_club_target_season,1,125.0,same_club_target_season,pogon-szczecin,2023/24 | 2024/25 | 2025/26,2023/24:pogon-szczecin | 2024/25:pogon-szczecin | 2025/26:pogon-szczecin,,,999.0
Pogoń Szczecin,Kurzawa R.,pogon-szczecin,unresolved,,auto_same_club_history,rafa-maciej-kurzawa,all_flash_tokens_in_slug_ascii | suffix_exact_ascii | initial_match_any_given_token | same_club_history | same_club_target_season,1,125.0,same_club_target_season,nieciecza | pogon-szczecin,2023/24 | 2024/25 | 2025/26,2023/24:pogon-szczecin | 2024/25:pogon-szczecin | 2025/26:nieciecza,,,999.0
Pogoń Szczecin,Leo Borges,pogon-szczecin,unresolved,,no_candidate,,no_strict_candidate,0,,,,,,,,
Pogoń Szczecin,Lis J.,pogon-szczecin,unresolved,,auto_same_club_history,jakub-lis,all_flash_tokens_in_slug_ascii | suffix_exact_ascii | initial_match_any_given_token | same_club_history | same_club_target_season,2,125.0,same_club_target_season,pogon-szczecin,2024/25 | 2025/26,2024/25:pogon-szczecin | 2025/26:pogon-szczecin,adrian-lis,90,35.0
Pogoń Szczecin,Lisowski W.,pogon-szczecin,unresolved,,auto_same_club_history,wojciech-lisowski,all_flash_tokens_in_slug_ascii | suffix_exact_ascii | initial_match_any_given_token | same_club_history | same_club_target_season,1,125.0,same_club_target_season,pogon-szczecin,2023/24 | 2024/25,2023/24:pogon-szczecin | 2024/25:pogon-szczecin,,,999.0
Pogoń Szczecin,Loncar D.,pogon-szczecin,unresolved,,auto_same_club_history,danijel-loncar,all_flash_tokens_in_slug_ascii | suffix_exact_ascii | initial_match_any_given_token | same_club_history | same_club_target_season,2,125.0,same_club_target_season,pogon-szczecin,2023/24 | 2024/25 | 2025/26,2023/24:pogon-szczecin | 2024/25:pogon-szczecin | 2025/26:pogon-szczecin,stjepan-loncar,94,31.0
Pogoń Szczecin,Luizao,pogon-szczecin,unresolved,,no_candidate,,no_strict_candidate,0,,,,,,,,
Pogoń Szczecin,Malec M.,pogon-szczecin,unresolved,,auto_same_club_history,mariusz-malec,all_flash_tokens_in_slug_ascii | suffix_exact_ascii | initial_match_any_given_token | same_club_history | same_club_target_season,1,125.0,same_club_target_season,pogon-szczecin,2023/24 | 2024/25,2023/24:pogon-szczecin | 2024/25:pogon-szczecin,,,999.0
Pogoń Szczecin,Paryzek P.,pogon-szczecin,unresolved,,auto_same_club_history,patryk-paryzek,all_flash_tokens_in_slug_ascii | suffix_exact_ascii | initial_match_any_given_token | same_club_history | same_club_target_season,1,125.0,same_club_target_season,pogon-szczecin,2023/24 | 2024/25 | 2025/26,2023/24:pogon-szczecin | 2024/25:pogon-szczecin | 2025/26:pogon-szczecin,,,999.0
Pogoń Szczecin,Przyborek A.,pogon-szczecin,unresolved,,auto_same_club_history,adrian-przyborek,all_flash_tokens_in_slug_ascii | suffix_exact_ascii | initial_match_any_given_token | same_club_history | same_club_target_season,1,125.0,same_club_target_season,pogon-szczecin,2023/24 | 2024/25 | 2025/26,2023/24:pogon-szczecin | 2024/25:pogon-szczecin | 2025/26:pogon-szczecin,,,999.0
Pogoń Szczecin,Smoliński K.,pogon-szczecin,unresolved,,auto_same_club_history,kacper-smolinski,all_flash_tokens_in_slug_ascii | suffix_exact_ascii | initial_match_any_given_token | same_club_history | same_club_target_season,1,125.0,same_club_target_season,pogon-szczecin,2023/24 | 2024/25 | 2025/26,2023/24:pogon-szczecin | 2024/25:pogon-szczecin | 2025/26:pogon-szczecin,,,999.0
Pogoń Szczecin,Ulvestad F.,pogon-szczecin,unresolved,,auto_same_club_history,fredrik-stense-ulvestad,all_flash_tokens_in_slug_ascii | suffix_exact_ascii | initial_match_any_given_token | same_club_history | same_club_target_season,1,125.0,same_club_target_season,pogon-szczecin,2023/24 | 2024/25 | 2025/26,2023/24:pogon-szczecin | 2024/25:pogon-szczecin | 2025/26:pogon-szczecin,,,999.0
Pogoń Szczecin,Wahlqvist L.,pogon-szczecin,unresolved,,auto_same_club_history,rolf-linus-wahlqvist-egnell,all_flash_tokens_in_slug_ascii | initial_match_any_given_token | same_club_history | same_club_target_season,1,105.0,same_club_target_season,pogon-szczecin,2023/24 | 2024/25 | 2025/26,2023/24:pogon-szczecin | 2024/25:pogon-szczecin | 2025/26:pogon-szczecin,,,999.0
Pogoń Szczecin,Wawrzynowicz S.,pogon-szczecin,unresolved,,auto_same_club_history,stanisaw-wawrzynowicz,all_flash_tokens_in_slug_ascii | suffix_exact_ascii | initial_match_any_given_token | same_club_history,1,117.0,same_club_history,pogon-szczecin,2023/24,2023/24:pogon-szczecin,,,999.0
Pogoń Szczecin,Wojciechowski M.,pogon-szczecin,unresolved,,auto_same_club_history,maciej-wojciechowski,all_flash_tokens_in_slug_ascii | suffix_exact_ascii | initial_match_any_given_token | same_club_history,1,117.0,same_club_history,pogon-szczecin,2025/26,2025/26:pogon-szczecin,,,999.0
Pogoń Szczecin,Wędrychowski M.,pogon-szczecin,unresolved,,auto_same_club_history,marcel-wedrychowski,all_flash_tokens_in_slug_ascii | suffix_exact_ascii | initial_match_any_given_token | same_club_history | same_club_target_season,1,125.0,same_club_target_season,gks-katowice | pogon-szczecin,2023/24 | 2024/25 | 2025/26,2023/24:pogon-szczecin | 2024/25:pogon-szczecin | 2025/26:gks-katowice,,,999.0
Pogoń Szczecin,Zawadzki J.,pogon-szczecin,unresolved,,no_candidate,,no_strict_candidate,0,,,,,,,,
Pogoń Szczecin,Zech B.,pogon-szczecin,unresolved,,auto_same_club_history,benedikt-zech,all_flash_tokens_in_slug_ascii | suffix_exact_ascii | initial_match_any_given_token | same_club_history | same_club_target_season,1,125.0,same_club_target_season,pogon-szczecin,2023/24 | 2024/25,2023/24:pogon-szczecin | 2024/25:pogon-szczecin,,,999.0
Pogoń Szczecin,Łukasiak K.,pogon-szczecin,unresolved,,auto_same_club_history,kacper-ukasiak,all_flash_tokens_in_slug_slugstyle | suffix_exact_slugstyle | initial_match_any_given_token | same_club_history | same_club_target_season,1,125.0,same_club_target_season,gks-katowice | pogon-szczecin,2024/25 | 2025/26,2024/25:pogon-szczecin | 2025/26:gks-katowice,,,999.0
Puszcza Niepołomice,Abramowicz D.,puszcza-niepolomice,unresolved,,auto_same_club_history,dawid-abramowicz,all_flash_tokens_in_slug_ascii | suffix_exact_ascii | initial_match_any_given_token | same_club_history | same_club_target_season,2,125.0,same_club_target_season,arka-gdynia | puszcza-niepolomice | radomiak-radom,2023/24 | 2024/25 | 2025/26,2023/24:radomiak-radom | 2024/25:puszcza-niepolomice | 2025/26:arka-gdynia,sawomir-abramowicz,94,31.0
Puszcza Niepołomice,Atanasov J.,puszcza-niepolomice,unresolved,,auto_same_club_history,jani-atanasov,all_flash_tokens_in_slug_ascii | suffix_exact_ascii | initial_match_any_given_token | same_club_history | same_club_target_season,1,125.0,same_club_target_season,cracovia | puszcza-niepolomice,2023/24 | 2024/25 | 2025/26,2023/24:cracovia | 2024/25:puszcza-niepolomice | 2025/26:cracovia,,,999.0
Puszcza Niepołomice,Barkovskiy G.,puszcza-niepolomice,unresolved,,auto_same_club_history,german-barkovskiy,all_flash_tokens_in_slug_ascii | suffix_exact_ascii | initial_match_any_given_token | same_club_history | same_club_target_season,1,125.0,same_club_target_season,piast-gliwice | puszcza-niepolomice,2024/25 | 2025/26,2024/25:puszcza-niepolomice | 2025/26:piast-gliwice,,,999.0
Puszcza Niepołomice,Blagaic J.,puszcza-niepolomice,unresolved,,auto_same_club_history,jakov-blagaic,all_flash_tokens_in_slug_ascii | suffix_exact_ascii | initial_match_any_given_token | same_club_history | same_club_target_season,1,125.0,same_club_target_season,puszcza-niepolomice,2024/25,2024/25:puszcza-niepolomice,,,999.0
Puszcza Niepołomice,Cholewiak M.,puszcza-niepolomice,unresolved,,auto_same_club_history,mateusz-cholewiak,all_flash_tokens_in_slug_ascii | suffix_exact_ascii | initial_match_any_given_token | same_club_history | same_club_target_season,1,125.0,same_club_target_season,puszcza-niepolomice,2023/24 | 2024/25,2023/24:puszcza-niepolomice | 2024/25:puszcza-niepolomice,,,999.0
Puszcza Niepołomice,Craciun A.,puszcza-niepolomice,unresolved,,auto_same_club_history,artur-craciun,all_flash_tokens_in_slug_ascii | suffix_exact_ascii | initial_match_any_given_token | same_club_history | same_club_target_season,1,125.0,same_club_target_season,puszcza-niepolomice,2023/24 | 2024/25,2023/24:puszcza-niepolomice | 2024/25:puszcza-niepolomice,,,999.0
Puszcza Niepołomice,Gil F.,puszcza-niepolomice,unresolved,,auto_same_club_history,filip-gil,all_flash_tokens_in_slug_ascii | suffix_exact_ascii | initial_match_any_given_token | same_club_history,1,117.0,same_club_history,puszcza-niepolomice,2023/24,2023/24:puszcza-niepolomice,,,999.0
Puszcza Niepołomice,Hajda W.,puszcza-niepolomice,unresolved,,auto_same_club_history,wojciech-hajda,all_flash_tokens_in_slug_ascii | suffix_exact_ascii | initial_match_any_given_token | same_club_history | same_club_target_season,1,125.0,same_club_target_season,puszcza-niepolomice,2023/24 | 2024/25,2023/24:puszcza-niepolomice | 2024/25:puszcza-niepolomice,,,999.0
Puszcza Niepołomice,Kidric R.,puszcza-niepolomice,unresolved,,auto_same_club_history,rok-kidric-1,all_flash_tokens_in_slug_ascii | initial_match_any_given_token | same_club_history | same_club_target_season,1,105.0,same_club_target_season,puszcza-niepolomice,2023/24 | 2024/25,2023/24:puszcza-niepolomice | 2024/25:puszcza-niepolomice,,,999.0
Puszcza Niepołomice,Kieliś P.,puszcza-niepolomice,unresolved,,auto_same_club_history,patryk-kielis-1,all_flash_tokens_in_slug_ascii | initial_match_any_given_token | same_club_history | same_club_target_season,1,105.0,same_club_target_season,puszcza-niepolomice,2024/25,2024/25:puszcza-niepolomice,,,999.0
Puszcza Niepołomice,Klimek A.,puszcza-niepolomice,unresolved,,auto_same_club_history,antoni-klimek,all_flash_tokens_in_slug_ascii | suffix_exact_ascii | initial_match_any_given_token | same_club_history | same_club_target_season,1,125.0,same_club_target_season,puszcza-niepolomice | widzew-lodz,2023/24 | 2024/25,2023/24:widzew-lodz | 2024/25:puszcza-niepolomice,,,999.0
Puszcza Niepołomice,Klisiewicz L.,puszcza-niepolomice,unresolved,,auto_same_club_history,lucjan-klisiewicz,all_flash_tokens_in_slug_ascii | suffix_exact_ascii | initial_match_any_given_token | same_club_history | same_club_target_season,1,125.0,same_club_target_season,puszcza-niepolomice,2024/25,2024/25:puszcza-niepolomice,,,999.0
Puszcza Niepołomice,Kogut D.,puszcza-niepolomice,unresolved,,auto_same_club_history,dawid-kogut,all_flash_tokens_in_slug_ascii | suffix_exact_ascii | initial_match_any_given_token | same_club_history | same_club_target_season,1,125.0,same_club_target_season,puszcza-niepolomice,2024/25,2024/25:puszcza-niepolomice,,,999.0
Puszcza Niepołomice,Kogut M.,puszcza-niepolomice,unresolved,,auto_same_club_history,dawid-kogut,all_flash_tokens_in_slug_ascii | suffix_exact_ascii | same_club_history | same_club_target_season,1,110.0,same_club_target_season,puszcza-niepolomice,2024/25,2024/25:puszcza-niepolomice,,,999.0
Puszcza Niepołomice,Komar K.,puszcza-niepolomice,unresolved,,auto_same_club_history,kewin-komar,all_flash_tokens_in_slug_ascii | suffix_exact_ascii | initial_match_any_given_token | same_club_history | same_club_target_season,1,125.0,same_club_target_season,puszcza-niepolomice,2023/24 | 2024/25,2023/24:puszcza-niepolomice | 2024/25:puszcza-niepolomice,,,999.0
Puszcza Niepołomice,Kosidis M.,puszcza-niepolomice,unresolved,,auto_same_club_history,michalis-kosidis,all_flash_tokens_in_slug_ascii | suffix_exact_ascii | initial_match_any_given_token | same_club_history | same_club_target_season,1,125.0,same_club_target_season,puszcza-niepolomice | zagebie-lubin,2024/25 | 2025/26,2024/25:puszcza-niepolomice | 2025/26:zagebie-lubin,,,999.0
Puszcza Niepołomice,Lee Jin-Hyun,puszcza-niepolomice,unresolved,,review_needed,jin-hyun-lee,all_flash_tokens_in_slug_ascii | same_club_history | same_club_target_season,1,90.0,same_club_target_season,puszcza-niepolomice,2023/24 | 2024/25,2023/24:puszcza-niepolomice | 2024/25:puszcza-niepolomice,,,999.0
Puszcza Niepołomice,Mroziński P.,puszcza-niepolomice,unresolved,,auto_same_club_history,piotr-mrozinski,all_flash_tokens_in_slug_ascii | suffix_exact_ascii | initial_match_any_given_token | same_club_history | same_club_target_season,1,125.0,same_club_target_season,puszcza-niepolomice,2023/24 | 2024/25,2023/24:puszcza-niepolomice | 2024/25:puszcza-niepolomice,,,999.0
Puszcza Niepołomice,Okoniewski K.,puszcza-niepolomice,unresolved,,auto_same_club_history,krystian-okoniewski,all_flash_tokens_in_slug_ascii | suffix_exact_ascii | initial_match_any_given_token | same_club_history | same_club_target_season,1,125.0,same_club_target_season,puszcza-niepolomice | radomiak-radom,2023/24 | 2024/25,2023/24:radomiak-radom | 2024/25:puszcza-niepolomice,,,999.0
Puszcza Niepołomice,Perchel M.,puszcza-niepolomice,unresolved,,auto_same_club_history,micha-perchel,all_flash_tokens_in_slug_ascii | suffix_exact_ascii | initial_match_any_given_token | same_club_history | same_club_target_season,1,125.0,same_club_target_season,puszcza-niepolomice,2024/25,2024/25:puszcza-niepolomice,,,999.0
Puszcza Niepołomice,Pieprzyca I.,puszcza-niepolomice,unresolved,,auto_same_club_history,igor-pieprzyca,all_flash_tokens_in_slug_ascii | suffix_exact_ascii | initial_match_any_given_token | same_club_history | same_club_target_season,1,125.0,same_club_target_season,puszcza-niepolomice,2023/24 | 2024/25,2023/24:puszcza-niepolomice | 2024/25:puszcza-niepolomice,,,999.0
Puszcza Niepołomice,Radecki M.,puszcza-niepolomice,unresolved,,auto_same_club_history,mateusz-radecki,all_flash_tokens_in_slug_ascii | suffix_exact_ascii | initial_match_any_given_token | same_club_history | same_club_target_season,1,125.0,same_club_target_season,puszcza-niepolomice,2024/25,2024/25:puszcza-niepolomice,,,999.0
Puszcza Niepołomice,Revenco I.,puszcza-niepolomice,unresolved,,auto_same_club_history,ioan-calin-revenco-1,all_flash_tokens_in_slug_ascii | initial_match_any_given_token | same_club_history | same_club_target_season,1,105.0,same_club_target_season,puszcza-niepolomice,2023/24 | 2024/25,2023/24:puszcza-niepolomice | 2024/25:puszcza-niepolomice,,,999.0
Puszcza Niepołomice,Sendor A.,puszcza-niepolomice,unresolved,,no_candidate,,no_strict_candidate,0,,,,,,,,
Puszcza Niepołomice,Serafin J.,puszcza-niepolomice,unresolved,,auto_same_club_history,jakub-serafin,all_flash_tokens_in_slug_ascii | suffix_exact_ascii | initial_match_any_given_token | same_club_history | same_club_target_season,2,125.0,same_club_target_season,puszcza-niepolomice,2023/24 | 2024/25,2023/24:puszcza-niepolomice | 2024/25:puszcza-niepolomice,serafin-jan-szota,89,36.0
Puszcza Niepołomice,Siemaszko A.,puszcza-niepolomice,unresolved,,auto_same_club_history,artur-siemaszko,all_flash_tokens_in_slug_ascii | suffix_exact_ascii | initial_match_any_given_token | same_club_history | same_club_target_season,1,125.0,same_club_target_season,puszcza-niepolomice,2023/24 | 2024/25,2023/24:puszcza-niepolomice | 2024/25:puszcza-niepolomice,,,999.0
Puszcza Niepołomice,Siplak M.,puszcza-niepolomice,unresolved,,auto_same_club_history,michal-siplak,all_flash_tokens_in_slug_ascii | suffix_exact_ascii | initial_match_any_given_token | same_club_history | same_club_target_season,1,125.0,same_club_target_season,gornik-zabrze | puszcza-niepolomice,2023/24 | 2024/25,2023/24:gornik-zabrze | 2024/25:puszcza-niepolomice,,,999.0
Puszcza Niepołomice,Sołowiej L.,puszcza-niepolomice,unresolved,,auto_same_club_history,ukasz-soowiej,all_flash_tokens_in_slug_slugstyle | suffix_exact_slugstyle | same_club_history | same_club_target_season,1,110.0,same_club_target_season,puszcza-niepolomice,2023/24 | 2024/25,2023/24:puszcza-niepolomice | 2024/25:puszcza-niepolomice,,,999.0
Puszcza Niepołomice,Stec J.,puszcza-niepolomice,unresolved,,auto_same_club_history,jakub-stec,all_flash_tokens_in_slug_ascii | suffix_exact_ascii | initial_match_any_given_token | same_club_history | same_club_target_season,1,125.0,same_club_target_season,puszcza-niepolomice,2023/24 | 2024/25,2023/24:puszcza-niepolomice | 2024/25:puszcza-niepolomice,,,999.0
Puszcza Niepołomice,Stępień K.,puszcza-niepolomice,unresolved,,auto_same_club_history,konrad-stepien,all_flash_tokens_in_slug_ascii | suffix_exact_ascii | initial_match_any_given_token | same_club_history | same_club_target_season,2,125.0,same_club_target_season,puszcza-niepolomice,2023/24 | 2024/25,2023/24:puszcza-niepolomice | 2024/25:puszcza-niepolomice,mateusz-stepien,94,31.0
Puszcza Niepołomice,Stępień M.,puszcza-niepolomice,unresolved,,review_needed,konrad-stepien,all_flash_tokens_in_slug_ascii | suffix_exact_ascii | same_club_history | same_club_target_season,2,110.0,same_club_target_season,puszcza-niepolomice,2023/24 | 2024/25,2023/24:puszcza-niepolomice | 2024/25:puszcza-niepolomice,mateusz-stepien,109,1.0
Puszcza Niepołomice,Szymonowicz D.,puszcza-niepolomice,unresolved,,auto_same_club_history,dawid-szymonowicz,all_flash_tokens_in_slug_ascii | suffix_exact_ascii | initial_match_any_given_token | same_club_history | same_club_target_season,1,125.0,same_club_target_season,puszcza-niepolomice | warta-poznan,2023/24 | 2024/25,2023/24:warta-poznan | 2024/25:puszcza-niepolomice,,,999.0
Puszcza Niepołomice,Tomalski H.,puszcza-niepolomice,unresolved,,auto_same_club_history,hubert-tomalski,all_flash_tokens_in_slug_ascii | suffix_exact_ascii | initial_match_any_given_token | same_club_history | same_club_target_season,1,125.0,same_club_target_season,puszcza-niepolomice,2023/24 | 2024/25,2023/24:puszcza-niepolomice | 2024/25:puszcza-niepolomice,,,999.0
Puszcza Niepołomice,Walski M.,puszcza-niepolomice,unresolved,,auto_same_club_history,micha-walski,all_flash_tokens_in_slug_ascii | suffix_exact_ascii | initial_match_any_given_token | same_club_history | same_club_target_season,1,125.0,same_club_target_season,puszcza-niepolomice,2023/24 | 2024/25,2023/24:puszcza-niepolomice | 2024/25:puszcza-niepolomice,,,999.0
Puszcza Niepołomice,Yakuba R.,puszcza-niepolomice,unresolved,,auto_same_club_history,roman-yakuba,all_flash_tokens_in_slug_ascii | suffix_exact_ascii | initial_match_any_given_token | same_club_history | same_club_target_season,1,125.0,same_club_target_season,puszcza-niepolomice | zagebie-lubin,2023/24 | 2024/25 | 2025/26,2023/24:puszcza-niepolomice | 2024/25:puszcza-niepolomice | 2025/26:zagebie-lubin,,,999.0
Puszcza Niepołomice,Zhukov G.,puszcza-niepolomice,unresolved,,auto_same_club_history,georgy-zhukov,all_flash_tokens_in_slug_ascii | suffix_exact_ascii | initial_match_any_given_token | same_club_history | same_club_target_season,1,125.0,same_club_target_season,puszcza-niepolomice,2024/25,2024/25:puszcza-niepolomice,,,999.0
Radomiak Radom,Agouzoul S.,radomiak-radom,unresolved,,auto_same_club_history,saad-agouzoul,all_flash_tokens_in_slug_ascii | suffix_exact_ascii | initial_match_any_given_token | same_club_history | same_club_target_season,1,125.0,same_club_target_season,radomiak-radom,2024/25,2024/25:radomiak-radom,,,999.0
Radomiak Radom,Alves R.,radomiak-radom,unresolved,,auto_same_club_history,roberto-emanuel-oliveira-alves,all_flash_tokens_in_slug_ascii | suffix_exact_ascii | initial_match_any_given_token | same_club_history | same_club_target_season,2,125.0,same_club_target_season,radomiak-radom,2023/24 | 2024/25 | 2025/26,2023/24:radomiak-radom | 2024/25:radomiak-radom | 2025/26:radomiak-radom,pedro-henrique-alves-de-almeida,82,43.0
Radomiak Radom,Banach D.,radomiak-radom,unresolved,,auto_same_club_history,dominik-banach,all_flash_tokens_in_slug_ascii | suffix_exact_ascii | initial_match_any_given_token | same_club_history | same_club_target_season,1,125.0,same_club_target_season,radomiak-radom,2024/25,2024/25:radomiak-radom,,,999.0
Radomiak Radom,Barbosa R.,radomiak-radom,unresolved,,auto_same_club_history,rafael-avelino-pereira-pinto-barbosa,all_flash_tokens_in_slug_ascii | suffix_exact_ascii | initial_match_any_given_token | same_club_history | same_club_target_season,1,125.0,same_club_target_season,radomiak-radom,2024/25,2024/25:radomiak-radom,,,999.0
Radomiak Radom,Burch M.,radomiak-radom,unresolved,,auto_transfer_candidate,marco-burch,all_flash_tokens_in_slug_ascii | suffix_exact_ascii | initial_match_any_given_token | present_in_target_season,1,109.0,other_club_target_season,legia-warszawa,2023/24 | 2024/25 | 2025/26,2023/24:legia-warszawa | 2024/25:legia-warszawa | 2025/26:legia-warszawa,,,999.0
Radomiak Radom,Capita,radomiak-radom,unresolved,,no_candidate,,no_strict_candidate,0,,,,,,,,
Radomiak Radom,Cichocki M.,radomiak-radom,unresolved,,auto_same_club_history,mateusz-cichocki,all_flash_tokens_in_slug_ascii | suffix_exact_ascii | initial_match_any_given_token | same_club_history | same_club_target_season,1,125.0,same_club_target_season,radomiak-radom,2023/24 | 2024/25 | 2025/26,2023/24:radomiak-radom | 2024/25:radomiak-radom | 2025/26:radomiak-radom,,,999.0
Radomiak Radom,Cielemęcki R.,radomiak-radom,unresolved,,auto_same_club_history,radosaw-cielemecki,all_flash_tokens_in_slug_ascii | suffix_exact_ascii | initial_match_any_given_token | same_club_history | same_club_target_season,1,125.0,same_club_target_season,radomiak-radom,2024/25,2024/25:radomiak-radom,,,999.0
Radomiak Radom,Dadashov R.,radomiak-radom,unresolved,,no_candidate,,no_strict_candidate,0,,,,,,,,
Radomiak Radom,Donis C.,radomiak-radom,unresolved,,auto_same_club_history,christos-donis,all_flash_tokens_in_slug_ascii | suffix_exact_ascii | initial_match_any_given_token | same_club_history | same_club_target_season,1,125.0,same_club_target_season,radomiak-radom,2023/24 | 2024/25 | 2025/26,2023/24:radomiak-radom | 2024/25:radomiak-radom | 2025/26:radomiak-radom,,,999.0
Radomiak Radom,Francisco Ramos,radomiak-radom,unresolved,,auto_same_club_history,francisco-ramos,all_flash_tokens_in_slug_ascii | suffix_exact_ascii | same_club_history | same_club_target_season,1,110.0,same_club_target_season,radomiak-radom,2024/25,2024/25:radomiak-radom,,,999.0
Radomiak Radom,Golubickas P.,radomiak-radom,unresolved,,auto_same_club_history,paulius-golubickas,all_flash_tokens_in_slug_ascii | suffix_exact_ascii | initial_match_any_given_token | same_club_history | same_club_target_season,1,125.0,same_club_target_season,radomiak-radom,2024/25 | 2025/26,2024/25:radomiak-radom | 2025/26:radomiak-radom,,,999.0
Radomiak Radom,Grzesik J.,radomiak-radom,unresolved,,auto_same_club_history,jan-grzesik,all_flash_tokens_in_slug_ascii | suffix_exact_ascii | initial_match_any_given_token | same_club_history | same_club_target_season,1,125.0,same_club_target_season,radomiak-radom,2023/24 | 2024/25 | 2025/26,2023/24:radomiak-radom | 2024/25:radomiak-radom | 2025/26:radomiak-radom,,,999.0
Radomiak Radom,Guilherme,radomiak-radom,unresolved,,review_needed,guilherme-da-gama-zimovski,all_flash_tokens_in_slug_ascii | same_club_history | same_club_target_season,1,90.0,same_club_target_season,radomiak-radom,2023/24 | 2024/25,2023/24:radomiak-radom | 2024/25:radomiak-radom,,,999.0
Radomiak Radom,Harcinski K.,radomiak-radom,unresolved,,no_candidate,,no_strict_candidate,0,,,,,,,,
Radomiak Radom,Henrique P.,radomiak-radom,unresolved,,auto_same_club_history,paulo-henrique-rodrigues-cabral,all_flash_tokens_in_slug_ascii | initial_match_any_given_token | same_club_history | same_club_target_season,2,105.0,same_club_target_season,radomiak-radom,2024/25,2024/25:radomiak-radom,pedro-henrique-alves-de-almeida,97,8.0
Radomiak Radom,Jakubik D.,radomiak-radom,unresolved,,auto_same_club_history,damian-jakubik,all_flash_tokens_in_slug_ascii | suffix_exact_ascii | initial_match_any_given_token | same_club_history | same_club_target_season,2,125.0,same_club_target_season,radomiak-radom,2023/24 | 2024/25,2023/24:radomiak-radom | 2024/25:radomiak-radom,wojciech-jakubik,90,35.0
Radomiak Radom,Jordao B.,radomiak-radom,unresolved,,auto_same_club_history,bruno-andre-cavaco-jordao,all_flash_tokens_in_slug_ascii | suffix_exact_ascii | initial_match_any_given_token | same_club_history | same_club_target_season,1,125.0,same_club_target_season,radomiak-radom,2023/24 | 2024/25 | 2025/26,2023/24:radomiak-radom | 2024/25:radomiak-radom | 2025/26:radomiak-radom,,,999.0
Radomiak Radom,Kaput M.,radomiak-radom,unresolved,,auto_same_club_history,micha-kaput,all_flash_tokens_in_slug_ascii | suffix_exact_ascii | initial_match_any_given_token | same_club_history,1,117.0,same_club_history,radomiak-radom,2023/24 | 2025/26,2023/24:radomiak-radom | 2025/26:radomiak-radom,,,999.0
Radomiak Radom,Kikolski M.,radomiak-radom,unresolved,,auto_same_club_history,maciej-kikolski,all_flash_tokens_in_slug_ascii | suffix_exact_ascii | initial_match_any_given_token | same_club_history | same_club_target_season,1,125.0,same_club_target_season,radomiak-radom | widzew-lodz,2024/25 | 2025/26,2024/25:radomiak-radom | 2025/26:widzew-lodz,,,999.0
Radomiak Radom,Kingue S.,radomiak-radom,unresolved,,auto_same_club_history,steve-kingue,all_flash_tokens_in_slug_ascii | suffix_exact_ascii | initial_match_any_given_token | same_club_history | same_club_target_season,1,125.0,same_club_target_season,radomiak-radom,2024/25 | 2025/26,2024/25:radomiak-radom | 2025/26:radomiak-radom,,,999.0
Radomiak Radom,Koptas W.,radomiak-radom,unresolved,,auto_same_club_history,wiktor-koptas,all_flash_tokens_in_slug_ascii | suffix_exact_ascii | initial_match_any_given_token | same_club_history | same_club_target_season,1,125.0,same_club_target_season,radomiak-radom,2024/25,2024/25:radomiak-radom,,,999.0
Radomiak Radom,Leandro,radomiak-radom,unresolved,,review_needed,leandro-rossi-pereira,all_flash_tokens_in_slug_ascii | same_club_history | same_club_target_season,1,90.0,same_club_target_season,radomiak-radom,2023/24 | 2024/25 | 2025/26,2023/24:radomiak-radom | 2024/25:radomiak-radom | 2025/26:radomiak-radom,,,999.0
Radomiak Radom,Luizao,radomiak-radom,unresolved,,no_candidate,,no_strict_candidate,0,,,,,,,,
Radomiak Radom,Mammadov R.,radomiak-radom,unresolved,,no_candidate,,no_strict_candidate,0,,,,,,,,
Radomiak Radom,Okoniewski K.,radomiak-radom,unresolved,,auto_same_club_history,krystian-okoniewski,all_flash_tokens_in_slug_ascii | suffix_exact_ascii | initial_match_any_given_token | same_club_history | present_in_target_season,1,121.0,same_club_history,puszcza-niepolomice | radomiak-radom,2023/24 | 2024/25,2023/24:radomiak-radom | 2024/25:puszcza-niepolomice,,,999.0
Radomiak Radom,Pawłowski D.,radomiak-radom,unresolved,,review_high_confidence,bartomiej-radosaw-pawowski,all_flash_tokens_in_slug_slugstyle | suffix_exact_slugstyle | present_in_target_season,1,94.0,other_club_target_season,widzew-lodz,2023/24 | 2024/25 | 2025/26,2023/24:widzew-lodz | 2024/25:widzew-lodz | 2025/26:widzew-lodz,,,999.0
Radomiak Radom,Pedro Perotti,radomiak-radom,unresolved,,no_candidate,,no_strict_candidate,0,,,,,,,,
Radomiak Radom,Peglow,radomiak-radom,unresolved,,auto_same_club_history,joao-peglow,all_flash_tokens_in_slug_ascii | suffix_exact_ascii | same_club_history | same_club_target_season,1,110.0,same_club_target_season,radomiak-radom,2023/24 | 2024/25,2023/24:radomiak-radom | 2024/25:radomiak-radom,,,999.0
Radomiak Radom,Pestka K.,radomiak-radom,unresolved,,auto_same_club_history,kamil-pestka,all_flash_tokens_in_slug_ascii | suffix_exact_ascii | initial_match_any_given_token | same_club_history | same_club_target_season,1,125.0,same_club_target_season,radomiak-radom | rakow-czestochowa,2023/24 | 2024/25,2023/24:rakow-czestochowa | 2024/25:radomiak-radom,,,999.0
Radomiak Radom,Rocha L.,radomiak-radom,unresolved,,auto_same_club_history,leonardo-miramar-rocha,all_flash_tokens_in_slug_ascii | suffix_exact_ascii | initial_match_any_given_token | same_club_history | same_club_target_season,2,125.0,same_club_target_season,radomiak-radom | zagebie-lubin,2023/24 | 2024/25 | 2025/26,2023/24:radomiak-radom | 2024/25:radomiak-radom | 2025/26:zagebie-lubin,jean-carlos-silva-rocha,94,31.0
Radomiak Radom,Rossi R.,radomiak-radom,unresolved,,review_needed,leandro-rossi-pereira,all_flash_tokens_in_slug_ascii | same_club_history | same_club_target_season,1,90.0,same_club_target_season,radomiak-radom,2023/24 | 2024/25 | 2025/26,2023/24:radomiak-radom | 2024/25:radomiak-radom | 2025/26:radomiak-radom,,,999.0
Radomiak Radom,Sarmiento J.,radomiak-radom,unresolved,,auto_same_club_history,jean-franco-sarmiento,all_flash_tokens_in_slug_ascii | suffix_exact_ascii | initial_match_any_given_token | same_club_history | same_club_target_season,1,125.0,same_club_target_season,radomiak-radom,2024/25,2024/25:radomiak-radom,,,999.0
Radomiak Radom,Snopczynski J.,radomiak-radom,unresolved,,auto_same_club_history,jakub-snopczynski,all_flash_tokens_in_slug_ascii | suffix_exact_ascii | initial_match_any_given_token | same_club_history,1,117.0,same_club_history,radomiak-radom,2023/24,2023/24:radomiak-radom,,,999.0
Radomiak Radom,Tapsoba A.,radomiak-radom,unresolved,,auto_same_club_history,abdoul-fessal-tapsoba,all_flash_tokens_in_slug_ascii | suffix_exact_ascii | initial_match_any_given_token | same_club_history | same_club_target_season,1,125.0,same_club_target_season,radomiak-radom,2024/25 | 2025/26,2024/25:radomiak-radom | 2025/26:radomiak-radom,,,999.0
Radomiak Radom,Vagner,radomiak-radom,unresolved,,review_needed,vagner-dias,all_flash_tokens_in_slug_ascii | same_club_history | same_club_target_season,1,90.0,same_club_target_season,radomiak-radom,2023/24 | 2024/25,2023/24:radomiak-radom | 2024/25:radomiak-radom,,,999.0
Radomiak Radom,Wolski R.,radomiak-radom,unresolved,,auto_same_club_history,rafa-wolski,all_flash_tokens_in_slug_ascii | suffix_exact_ascii | initial_match_any_given_token | same_club_history | same_club_target_season,3,125.0,same_club_target_season,radomiak-radom,2023/24 | 2024/25 | 2025/26,2023/24:radomiak-radom | 2024/25:radomiak-radom | 2025/26:radomiak-radom,bartosz-wolski,94,31.0
Radomiak Radom,Wu Shaocong,radomiak-radom,unresolved,,no_candidate,,no_strict_candidate,0,,,,,,,,
Radomiak Radom,Zie Ouattara,radomiak-radom,unresolved,,review_needed,zie-mohamed-ouattara,all_flash_tokens_in_slug_ascii | same_club_history | same_club_target_season,1,90.0,same_club_target_season,radomiak-radom,2024/25 | 2025/26,2024/25:radomiak-radom | 2025/26:radomiak-radom,,,999.0
Raków Częstochowa,Adriano,rakow-czestochowa,unresolved,,review_needed,adriano-luis-amorim-santos,all_flash_tokens_in_slug_ascii | same_club_history | same_club_target_season,1,90.0,same_club_target_season,rakow-czestochowa,2024/25 | 2025/26,2024/25:rakow-czestochowa | 2025/26:rakow-czestochowa,,,999.0
Raków Częstochowa,Ameyaw M.,rakow-czestochowa,unresolved,,auto_same_club_history,michael-ameyaw,all_flash_tokens_in_slug_ascii | suffix_exact_ascii | initial_match_any_given_token | same_club_history | present_in_target_season,1,121.0,same_club_history,piast-gliwice | rakow-czestochowa,2023/24 | 2024/25 | 2025/26,2023/24:piast-gliwice | 2024/25:piast-gliwice | 2025/26:rakow-czestochowa,,,999.0
Raków Częstochowa,Arsenić Z.,rakow-czestochowa,unresolved,,auto_same_club_history,zoran-arsenic,all_flash_tokens_in_slug_ascii | suffix_exact_ascii | initial_match_any_given_token | same_club_history | same_club_target_season,1,125.0,same_club_target_season,rakow-czestochowa,2023/24 | 2024/25 | 2025/26,2023/24:rakow-czestochowa | 2024/25:rakow-czestochowa | 2025/26:rakow-czestochowa,,,999.0
Raków Częstochowa,Barath P.,rakow-czestochowa,unresolved,,auto_same_club_history,peter-barath,all_flash_tokens_in_slug_ascii | suffix_exact_ascii | initial_match_any_given_token | same_club_history | same_club_target_season,1,125.0,same_club_target_season,rakow-czestochowa,2023/24 | 2024/25 | 2025/26,2023/24:rakow-czestochowa | 2024/25:rakow-czestochowa | 2025/26:rakow-czestochowa,,,999.0
Raków Częstochowa,Basse A.,rakow-czestochowa,unresolved,,auto_transfer_candidate,adam-basse,all_flash_tokens_in_slug_ascii | suffix_exact_ascii | initial_match_any_given_token | present_in_target_season,1,109.0,other_club_target_season,slask-wroclaw,2024/25,2024/25:slask-wroclaw,,,999.0
Raków Częstochowa,Berggren G.,rakow-czestochowa,unresolved,,auto_same_club_history,karl-gustav-vilhelm-berggren,all_flash_tokens_in_slug_ascii | suffix_exact_ascii | initial_match_any_given_token | same_club_history | same_club_target_season,1,125.0,same_club_target_season,rakow-czestochowa,2023/24 | 2024/25,2023/24:rakow-czestochowa | 2024/25:rakow-czestochowa,,,999.0
Raków Częstochowa,Brunes J.,rakow-czestochowa,unresolved,,auto_same_club_history,jonatan-braut-brunes,all_flash_tokens_in_slug_ascii | suffix_exact_ascii | initial_match_any_given_token | same_club_history | same_club_target_season,1,125.0,same_club_target_season,rakow-czestochowa,2024/25 | 2025/26,2024/25:rakow-czestochowa | 2025/26:rakow-czestochowa,,,999.0
Raków Częstochowa,Crnac A.,rakow-czestochowa,unresolved,,auto_same_club_history,ante-crnac,all_flash_tokens_in_slug_ascii | suffix_exact_ascii | initial_match_any_given_token | same_club_history | same_club_target_season,1,125.0,same_club_target_season,rakow-czestochowa,2023/24 | 2024/25,2023/24:rakow-czestochowa | 2024/25:rakow-czestochowa,,,999.0
Raków Częstochowa,Czyż S.,rakow-czestochowa,unresolved,,auto_transfer_candidate,szymon-czyz,all_flash_tokens_in_slug_ascii | suffix_exact_ascii | initial_match_any_given_token | present_in_target_season,1,109.0,other_club_target_season,widzew-lodz,2024/25 | 2025/26,2024/25:widzew-lodz | 2025/26:widzew-lodz,,,999.0
Raków Częstochowa,Diaz J.,rakow-czestochowa,unresolved,,auto_same_club_history,jesus-antonio-diaz-gomez,all_flash_tokens_in_slug_ascii | initial_match_any_given_token | same_club_history | same_club_target_season,1,105.0,same_club_target_season,rakow-czestochowa | zagebie-lubin,2024/25 | 2025/26,2024/25:rakow-czestochowa | 2025/26:zagebie-lubin,,,999.0
Raków Częstochowa,Drachal D.,rakow-czestochowa,unresolved,,auto_same_club_history,dawid-drachal,all_flash_tokens_in_slug_ascii | suffix_exact_ascii | initial_match_any_given_token | same_club_history | same_club_target_season,1,125.0,same_club_target_season,jagiellonia-bialystok | rakow-czestochowa,2023/24 | 2024/25 | 2025/26,2023/24:rakow-czestochowa | 2024/25:rakow-czestochowa | 2025/26:jagiellonia-bialystok,,,999.0
Raków Częstochowa,Ezeh D.,rakow-czestochowa,unresolved,,no_candidate,,no_strict_candidate,0,,,,,,,,
Raków Częstochowa,Kochergin V.,rakow-czestochowa,unresolved,,auto_same_club_history,vladyslav-kochergin,all_flash_tokens_in_slug_ascii | suffix_exact_ascii | initial_match_any_given_token | same_club_history | same_club_target_season,1,125.0,same_club_target_season,rakow-czestochowa,2023/24 | 2024/25 | 2025/26,2023/24:rakow-czestochowa | 2024/25:rakow-czestochowa | 2025/26:rakow-czestochowa,,,999.0
Raków Częstochowa,Kuciak D.,rakow-czestochowa,unresolved,,auto_same_club_history,dusan-kuciak,all_flash_tokens_in_slug_ascii | suffix_exact_ascii | initial_match_any_given_token | same_club_history,1,117.0,same_club_history,rakow-czestochowa,2023/24,2023/24:rakow-czestochowa,,,999.0
Raków Częstochowa,Lamprou L.,rakow-czestochowa,unresolved,,auto_same_club_history,lazaros-lamprou,all_flash_tokens_in_slug_ascii | suffix_exact_ascii | initial_match_any_given_token | same_club_history | same_club_target_season,1,125.0,same_club_target_season,rakow-czestochowa,2024/25,2024/25:rakow-czestochowa,,,999.0
Raków Częstochowa,Lederman B.,rakow-czestochowa,unresolved,,no_candidate,,no_strict_candidate,0,,,,,,,,
Raków Częstochowa,López I.,rakow-czestochowa,unresolved,,auto_same_club_history,ivan-lopez-alvarez,all_flash_tokens_in_slug_ascii | initial_match_any_given_token | same_club_history | same_club_target_season,2,105.0,same_club_target_season,rakow-czestochowa,2023/24 | 2024/25 | 2025/26,2023/24:rakow-czestochowa | 2024/25:rakow-czestochowa | 2025/26:rakow-czestochowa,pau-sans-lopez,90,15.0
Raków Częstochowa,Makuch P.,rakow-czestochowa,unresolved,,auto_same_club_history,patryk-makuch,all_flash_tokens_in_slug_ascii | suffix_exact_ascii | initial_match_any_given_token | same_club_history | same_club_target_season,1,125.0,same_club_target_season,cracovia | rakow-czestochowa,2023/24 | 2024/25 | 2025/26,2023/24:cracovia | 2024/25:rakow-czestochowa | 2025/26:rakow-czestochowa,,,999.0
Raków Częstochowa,Mosór A.,rakow-czestochowa,unresolved,,auto_same_club_history,ariel-pawe-mosor,all_flash_tokens_in_slug_ascii | suffix_exact_ascii | initial_match_any_given_token | same_club_history | present_in_target_season,1,121.0,same_club_history,piast-gliwice | rakow-czestochowa,2023/24 | 2024/25 | 2025/26,2023/24:piast-gliwice | 2024/25:piast-gliwice | 2025/26:rakow-czestochowa,,,999.0
Raków Częstochowa,Myszor J.,rakow-czestochowa,unresolved,,auto_same_club_history,jakub-myszor,all_flash_tokens_in_slug_ascii | suffix_exact_ascii | initial_match_any_given_token | same_club_history | same_club_target_season,1,125.0,same_club_target_season,cracovia | rakow-czestochowa,2023/24 | 2024/25,2023/24:cracovia | 2024/25:rakow-czestochowa,,,999.0
Raków Częstochowa,Nowak B.,rakow-czestochowa,unresolved,,auto_same_club_history,bartosz-nowak,all_flash_tokens_in_slug_ascii | suffix_exact_ascii | initial_match_any_given_token | same_club_history | same_club_target_season,2,125.0,same_club_target_season,gks-katowice | rakow-czestochowa,2023/24 | 2024/25 | 2025/26,2023/24:rakow-czestochowa | 2024/25:rakow-czestochowa | 2025/26:gks-katowice,wiktor-nowak,90,35.0
Raków Częstochowa,Nowakowski K.,rakow-czestochowa,unresolved,,no_candidate,,no_strict_candidate,0,,,,,,,,
Raków Częstochowa,Otieno E.,rakow-czestochowa,unresolved,,auto_same_club_history,erick-ouma-otieno,all_flash_tokens_in_slug_ascii | suffix_exact_ascii | initial_match_any_given_token | same_club_history | same_club_target_season,1,125.0,same_club_target_season,rakow-czestochowa,2023/24 | 2024/25 | 2025/26,2023/24:rakow-czestochowa | 2024/25:rakow-czestochowa | 2025/26:rakow-czestochowa,,,999.0
Raków Częstochowa,Pestka K.,rakow-czestochowa,unresolved,,auto_same_club_history,kamil-pestka,all_flash_tokens_in_slug_ascii | suffix_exact_ascii | initial_match_any_given_token | same_club_history | present_in_target_season,1,121.0,same_club_history,radomiak-radom | rakow-czestochowa,2023/24 | 2024/25,2023/24:rakow-czestochowa | 2024/25:radomiak-radom,,,999.0
Raków Częstochowa,Plavsic S.,rakow-czestochowa,unresolved,,auto_same_club_history,sran-plavsic,all_flash_tokens_in_slug_ascii | suffix_exact_ascii | initial_match_any_given_token | same_club_history | same_club_target_season,1,125.0,same_club_target_season,rakow-czestochowa,2023/24 | 2024/25 | 2025/26,2023/24:rakow-czestochowa | 2024/25:rakow-czestochowa | 2025/26:rakow-czestochowa,,,999.0
Raków Częstochowa,Racovitan B.,rakow-czestochowa,unresolved,,auto_same_club_history,bogdan-racovitan,all_flash_tokens_in_slug_ascii | suffix_exact_ascii | initial_match_any_given_token | same_club_history | same_club_target_season,1,125.0,same_club_target_season,rakow-czestochowa,2023/24 | 2024/25 | 2025/26,2023/24:rakow-czestochowa | 2024/25:rakow-czestochowa | 2025/26:rakow-czestochowa,,,999.0
Raków Częstochowa,Rocha L.,rakow-czestochowa,unresolved,,review_needed,jean-carlos-silva-rocha,all_flash_tokens_in_slug_ascii | suffix_exact_ascii | same_club_history | same_club_target_season,2,110.0,same_club_target_season,rakow-czestochowa,2023/24 | 2024/25 | 2025/26,2023/24:rakow-czestochowa | 2024/25:rakow-czestochowa | 2025/26:rakow-czestochowa,leonardo-miramar-rocha,109,1.0
Raków Częstochowa,Rodin M.,rakow-czestochowa,unresolved,,auto_same_club_history,matej-rodin,all_flash_tokens_in_slug_ascii | suffix_exact_ascii | initial_match_any_given_token | same_club_history | same_club_target_season,1,125.0,same_club_target_season,lechia-gdansk | rakow-czestochowa,2023/24 | 2024/25 | 2025/26,2023/24:rakow-czestochowa | 2024/25:rakow-czestochowa | 2025/26:lechia-gdansk,,,999.0
Raków Częstochowa,Rundić M.,rakow-czestochowa,unresolved,,auto_same_club_history,milan-rundic-1,all_flash_tokens_in_slug_ascii | initial_match_any_given_token | same_club_history | same_club_target_season,1,105.0,same_club_target_season,rakow-czestochowa,2023/24 | 2024/25,2023/24:rakow-czestochowa | 2024/25:rakow-czestochowa,,,999.0
Raków Częstochowa,Seck I.,rakow-czestochowa,unresolved,,auto_same_club_history,ibrahima-seck,all_flash_tokens_in_slug_ascii | suffix_exact_ascii | initial_match_any_given_token | same_club_history | same_club_target_season,1,125.0,same_club_target_season,rakow-czestochowa,2024/25 | 2025/26,2024/25:rakow-czestochowa | 2025/26:rakow-czestochowa,,,999.0
Raków Częstochowa,Silva J. C.,rakow-czestochowa,unresolved,,review_needed,tomas-costa-silva,all_flash_tokens_in_slug_ascii | suffix_exact_ascii | initial_match_any_given_token | present_in_target_season,5,109.0,other_club_target_season,jagiellonia-bialystok,2024/25,2024/25:jagiellonia-bialystok,jean-carlos-silva-rocha,105,4.0
Raków Częstochowa,Sourlis V.,rakow-czestochowa,unresolved,,no_candidate,,no_strict_candidate,0,,,,,,,,
Raków Częstochowa,Svarnas S.,rakow-czestochowa,unresolved,,auto_same_club_history,efstratios-svarnas,all_flash_tokens_in_slug_ascii | suffix_exact_ascii | same_club_history | same_club_target_season,1,110.0,same_club_target_season,rakow-czestochowa,2023/24 | 2024/25 | 2025/26,2023/24:rakow-czestochowa | 2024/25:rakow-czestochowa | 2025/26:rakow-czestochowa,,,999.0
Raków Częstochowa,Trelowski K.,rakow-czestochowa,unresolved,,auto_same_club_history,kacper-trelowski,all_flash_tokens_in_slug_ascii | suffix_exact_ascii | initial_match_any_given_token | same_club_history | same_club_target_season,1,125.0,same_club_target_season,rakow-czestochowa | slask-wroclaw,2023/24 | 2024/25 | 2025/26,2023/24:slask-wroclaw | 2024/25:rakow-czestochowa | 2025/26:rakow-czestochowa,,,999.0
Raków Częstochowa,Tudor F.,rakow-czestochowa,unresolved,,auto_same_club_history,fran-tudor,all_flash_tokens_in_slug_ascii | suffix_exact_ascii | initial_match_any_given_token | same_club_history | same_club_target_season,1,125.0,same_club_target_season,rakow-czestochowa,2023/24 | 2024/25 | 2025/26,2023/24:rakow-czestochowa | 2024/25:rakow-czestochowa | 2025/26:rakow-czestochowa,,,999.0
Raków Częstochowa,Walczak T.,rakow-czestochowa,unresolved,,auto_same_club_history,tomasz-walczak,all_flash_tokens_in_slug_ascii | suffix_exact_ascii | initial_match_any_given_token | same_club_history | same_club_target_season,1,125.0,same_club_target_season,rakow-czestochowa,2024/25,2024/25:rakow-czestochowa,,,999.0
Stal Mielec,Assayag R.,stal-mielec,unresolved,,no_candidate,,no_strict_candidate,0,,,,,,,,
Stal Mielec,Bagalianis P.,stal-mielec,unresolved,,no_candidate,,no_strict_candidate,0,,,,,,,,
Stal Mielec,Beauguel J.,stal-mielec,unresolved,,auto_same_club_history,jean-david-beauguel,all_flash_tokens_in_slug_ascii | suffix_exact_ascii | initial_match_any_given_token | same_club_history | same_club_target_season,1,125.0,same_club_target_season,stal-mielec,2024/25,2024/25:stal-mielec,,,999.0
Stal Mielec,Bukowski A.,stal-mielec,unresolved,,no_candidate,,no_strict_candidate,0,,,,,,,,
Stal Mielec,Cavaleiro I.,stal-mielec,unresolved,,auto_same_club_history,ivan-ricardo-neves-abreu-cavaleiro,all_flash_tokens_in_slug_ascii | suffix_exact_ascii | initial_match_any_given_token | same_club_history | same_club_target_season,1,125.0,same_club_target_season,stal-mielec,2024/25,2024/25:stal-mielec,,,999.0
Stal Mielec,Cetnar A.,stal-mielec,unresolved,,auto_same_club_history,alex-cetnar,all_flash_tokens_in_slug_ascii | suffix_exact_ascii | initial_match_any_given_token | same_club_history,1,117.0,same_club_history,stal-mielec,2023/24,2023/24:stal-mielec,,,999.0
Stal Mielec,Dadok R.,stal-mielec,unresolved,,auto_same_club_history,robert-dadok,all_flash_tokens_in_slug_ascii | suffix_exact_ascii | initial_match_any_given_token | same_club_history | same_club_target_season,1,125.0,same_club_target_season,ruch-chorzow | stal-mielec,2023/24 | 2024/25,2023/24:ruch-chorzow | 2024/25:stal-mielec,,,999.0
Stal Mielec,Domański M.,stal-mielec,unresolved,,auto_same_club_history,maciej-domanski,all_flash_tokens_in_slug_ascii | suffix_exact_ascii | initial_match_any_given_token | same_club_history | same_club_target_season,1,125.0,same_club_target_season,stal-mielec,2023/24 | 2024/25,2023/24:stal-mielec | 2024/25:stal-mielec,,,999.0
Stal Mielec,Dybowski K.,stal-mielec,unresolved,,no_candidate,,no_strict_candidate,0,,,,,,,,
Stal Mielec,Esselink B.,stal-mielec,unresolved,,auto_same_club_history,bert-esselink,all_flash_tokens_in_slug_ascii | suffix_exact_ascii | initial_match_any_given_token | same_club_history | same_club_target_season,1,125.0,same_club_target_season,stal-mielec,2023/24 | 2024/25,2023/24:stal-mielec | 2024/25:stal-mielec,,,999.0
Stal Mielec,Gerbowski F.,stal-mielec,unresolved,,auto_same_club_history,fryderyk-gerbowski,all_flash_tokens_in_slug_ascii | suffix_exact_ascii | initial_match_any_given_token | same_club_history | same_club_target_season,1,125.0,same_club_target_season,stal-mielec,2024/25,2024/25:stal-mielec,,,999.0
Stal Mielec,Getinger K.,stal-mielec,unresolved,,auto_same_club_history,krystian-getinger,all_flash_tokens_in_slug_ascii | suffix_exact_ascii | initial_match_any_given_token | same_club_history | same_club_target_season,1,125.0,same_club_target_season,stal-mielec,2023/24 | 2024/25,2023/24:stal-mielec | 2024/25:stal-mielec,,,999.0
Stal Mielec,Guillaumier M.,stal-mielec,unresolved,,auto_same_club_history,matthew-guillaumier,all_flash_tokens_in_slug_ascii | suffix_exact_ascii | initial_match_any_given_token | same_club_history | same_club_target_season,1,125.0,same_club_target_season,stal-mielec,2023/24 | 2024/25,2023/24:stal-mielec | 2024/25:stal-mielec,,,999.0
Stal Mielec,Hannola P.,stal-mielec,unresolved,,auto_same_club_history,pyry-hannola,all_flash_tokens_in_slug_ascii | suffix_exact_ascii | initial_match_any_given_token | same_club_history | same_club_target_season,1,125.0,same_club_target_season,stal-mielec,2024/25,2024/25:stal-mielec,,,999.0
Stal Mielec,Hinokio K.,stal-mielec,unresolved,,auto_same_club_history,koki-hinokio,all_flash_tokens_in_slug_ascii | suffix_exact_ascii | initial_match_any_given_token | same_club_history | same_club_target_season,1,125.0,same_club_target_season,stal-mielec,2023/24 | 2024/25,2023/24:stal-mielec | 2024/25:stal-mielec,,,999.0
Stal Mielec,Jaunzems A.,stal-mielec,unresolved,,auto_same_club_history,alvis-jaunzems,all_flash_tokens_in_slug_ascii | suffix_exact_ascii | initial_match_any_given_token | same_club_history | same_club_target_season,1,125.0,same_club_target_season,lechia-gdansk | stal-mielec,2023/24 | 2024/25 | 2025/26,2023/24:stal-mielec | 2024/25:stal-mielec | 2025/26:lechia-gdansk,,,999.0
Stal Mielec,Jałocha K.,stal-mielec,unresolved,,auto_same_club_history,konrad-jaocha,all_flash_tokens_in_slug_slugstyle | suffix_exact_slugstyle | initial_match_any_given_token | same_club_history | same_club_target_season,1,125.0,same_club_target_season,stal-mielec,2023/24 | 2024/25,2023/24:stal-mielec | 2024/25:stal-mielec,,,999.0
Stal Mielec,Knap K.,stal-mielec,unresolved,,auto_same_club_history,karol-knap,all_flash_tokens_in_slug_ascii | suffix_exact_ascii | initial_match_any_given_token | same_club_history | same_club_target_season,1,125.0,same_club_target_season,cracovia | stal-mielec,2023/24 | 2024/25 | 2025/26,2023/24:cracovia | 2024/25:stal-mielec | 2025/26:cracovia,,,999.0
Stal Mielec,Kochalski M.,stal-mielec,unresolved,,auto_same_club_history,mateusz-kochalski,all_flash_tokens_in_slug_ascii | suffix_exact_ascii | initial_match_any_given_token | same_club_history | same_club_target_season,1,125.0,same_club_target_season,stal-mielec,2023/24 | 2024/25,2023/24:stal-mielec | 2024/25:stal-mielec,,,999.0
Stal Mielec,Krykun S.,stal-mielec,unresolved,,auto_transfer_candidate,serhij-krykun,all_flash_tokens_in_slug_ascii | suffix_exact_ascii | initial_match_any_given_token | present_in_target_season,1,109.0,other_club_target_season,piast-gliwice,2023/24 | 2024/25,2023/24:piast-gliwice | 2024/25:piast-gliwice,,,999.0
Stal Mielec,Kądzior D.,stal-mielec,unresolved,,auto_transfer_candidate,damian-kadzior,all_flash_tokens_in_slug_ascii | suffix_exact_ascii | initial_match_any_given_token | present_in_target_season,1,109.0,other_club_target_season,piast-gliwice,2023/24 | 2024/25,2023/24:piast-gliwice | 2024/25:piast-gliwice,,,999.0
Stal Mielec,Matras M.,stal-mielec,unresolved,,auto_same_club_history,mateusz-matras,all_flash_tokens_in_slug_ascii | suffix_exact_ascii | initial_match_any_given_token | same_club_history | same_club_target_season,1,125.0,same_club_target_season,stal-mielec,2023/24 | 2024/25,2023/24:stal-mielec | 2024/25:stal-mielec,,,999.0
Stal Mielec,Mądrzyk J.,stal-mielec,unresolved,,auto_same_club_history,jakub-madrzyk,all_flash_tokens_in_slug_ascii | suffix_exact_ascii | initial_match_any_given_token | same_club_history | same_club_target_season,1,125.0,same_club_target_season,stal-mielec,2024/25,2024/25:stal-mielec,,,999.0
Stal Mielec,Niedzwiedz N.,stal-mielec,unresolved,,auto_same_club_history,natan-niedzwiedz,all_flash_tokens_in_slug_ascii | suffix_exact_ascii | initial_match_any_given_token | same_club_history | same_club_target_season,1,125.0,same_club_target_season,stal-mielec,2024/25,2024/25:stal-mielec,,,999.0
Stal Mielec,Pajnowski K.,stal-mielec,unresolved,,auto_same_club_history,kamil-pajnowski,all_flash_tokens_in_slug_ascii | suffix_exact_ascii | initial_match_any_given_token | same_club_history,1,117.0,same_club_history,stal-mielec,2023/24,2023/24:stal-mielec,,,999.0
Stal Mielec,Rafa Santos,stal-mielec,unresolved,,no_candidate,,no_strict_candidate,0,,,,,,,,
Stal Mielec,Senger M.,stal-mielec,unresolved,,auto_same_club_history,marvin-senger-1,all_flash_tokens_in_slug_ascii | initial_match_any_given_token | same_club_history | same_club_target_season,1,105.0,same_club_target_season,stal-mielec,2024/25,2024/25:stal-mielec,,,999.0
Stal Mielec,Shkurin I.,stal-mielec,unresolved,,auto_same_club_history,ilya-shkurin,all_flash_tokens_in_slug_ascii | suffix_exact_ascii | initial_match_any_given_token | same_club_history | present_in_target_season,1,121.0,same_club_history,legia-warszawa | stal-mielec,2023/24 | 2024/25 | 2025/26,2023/24:stal-mielec | 2024/25:legia-warszawa | 2025/26:legia-warszawa,,,999.0
Stal Mielec,Stępień M.,stal-mielec,unresolved,,auto_same_club_history,mateusz-stepien,all_flash_tokens_in_slug_ascii | suffix_exact_ascii | initial_match_any_given_token | same_club_history | same_club_target_season,2,125.0,same_club_target_season,stal-mielec,2023/24 | 2024/25,2023/24:stal-mielec | 2024/25:stal-mielec,konrad-stepien,94,31.0
Stal Mielec,Szady M.,stal-mielec,unresolved,,no_candidate,,no_strict_candidate,0,,,,,,,,
Stal Mielec,Tkacz D.,stal-mielec,unresolved,,auto_same_club_history,dawid-tkacz,all_flash_tokens_in_slug_ascii | suffix_exact_ascii | initial_match_any_given_token | same_club_history | same_club_target_season,1,125.0,same_club_target_season,stal-mielec | widzew-lodz,2023/24 | 2024/25,2023/24:widzew-lodz | 2024/25:stal-mielec,,,999.0
Stal Mielec,Wlazło P.,stal-mielec,unresolved,,auto_same_club_history,piotr-wlazo,all_flash_tokens_in_slug_slugstyle | suffix_exact_slugstyle | initial_match_any_given_token | same_club_history | same_club_target_season,1,125.0,same_club_target_season,stal-mielec,2023/24 | 2024/25,2023/24:stal-mielec | 2024/25:stal-mielec,,,999.0
Stal Mielec,Wolsztyński Ł.,stal-mielec,unresolved,,auto_same_club_history,ukasz-wolsztynski,all_flash_tokens_in_slug_ascii | suffix_exact_ascii | same_club_history | same_club_target_season,1,110.0,same_club_target_season,stal-mielec,2023/24 | 2024/25,2023/24:stal-mielec | 2024/25:stal-mielec,,,999.0
Stal Mielec,Wołkowicz K.,stal-mielec,unresolved,,auto_same_club_history,krzysztof-wokowicz,all_flash_tokens_in_slug_slugstyle | suffix_exact_slugstyle | initial_match_any_given_token | same_club_history | same_club_target_season,1,125.0,same_club_target_season,stal-mielec,2023/24 | 2024/25,2023/24:stal-mielec | 2024/25:stal-mielec,,,999.0
Stal Mielec,Zięba D.,stal-mielec,unresolved,,auto_same_club_history,dawid-zieba,all_flash_tokens_in_slug_ascii | suffix_exact_ascii | initial_match_any_given_token | same_club_history | same_club_target_season,1,125.0,same_club_target_season,stal-mielec,2024/25,2024/25:stal-mielec,,,999.0
Widzew Łódź,Alvarez F.,widzew-lodz,unresolved,,auto_same_club_history,francisco-javier-alvarez-rodriguez,all_flash_tokens_in_slug_ascii | initial_match_any_given_token | same_club_history | same_club_target_season,2,105.0,same_club_target_season,widzew-lodz,2023/24 | 2024/25 | 2025/26,2023/24:widzew-lodz | 2024/25:widzew-lodz | 2025/26:widzew-lodz,ivan-lopez-alvarez,94,11.0
Widzew Łódź,Biegański M.,widzew-lodz,unresolved,,auto_transfer_candidate,jan-marek-bieganski,all_flash_tokens_in_slug_ascii | suffix_exact_ascii | initial_match_any_given_token,1,105.0,historical_other_club,pogon-szczecin,2025/26,2025/26:pogon-szczecin,,,999.0
Widzew Łódź,Cybulski K.,widzew-lodz,unresolved,,auto_same_club_history,kamil-cybulski,all_flash_tokens_in_slug_ascii | suffix_exact_ascii | initial_match_any_given_token | same_club_history | same_club_target_season,1,125.0,same_club_target_season,widzew-lodz,2023/24 | 2024/25 | 2025/26,2023/24:widzew-lodz | 2024/25:widzew-lodz | 2025/26:widzew-lodz,,,999.0
Widzew Łódź,Czyż S.,widzew-lodz,unresolved,,auto_same_club_history,szymon-czyz,all_flash_tokens_in_slug_ascii | suffix_exact_ascii | initial_match_any_given_token | same_club_history | same_club_target_season,1,125.0,same_club_target_season,widzew-lodz,2024/25 | 2025/26,2024/25:widzew-lodz | 2025/26:widzew-lodz,,,999.0
Widzew Łódź,Diliberto N.,widzew-lodz,unresolved,,auto_same_club_history,noah-diliberto-1,all_flash_tokens_in_slug_ascii | initial_match_any_given_token | same_club_history | same_club_target_season,1,105.0,same_club_target_season,widzew-lodz,2023/24 | 2024/25,2023/24:widzew-lodz | 2024/25:widzew-lodz,,,999.0
Widzew Łódź,Gikiewicz R.,widzew-lodz,unresolved,,auto_same_club_history,rafa-tadeusz-gikiewicz,all_flash_tokens_in_slug_ascii | suffix_exact_ascii | initial_match_any_given_token | same_club_history | same_club_target_season,1,125.0,same_club_target_season,widzew-lodz | zagebie-lubin,2023/24 | 2024/25 | 2025/26,2023/24:widzew-lodz | 2024/25:widzew-lodz | 2025/26:zagebie-lubin,,,999.0
Widzew Łódź,Gong H.,widzew-lodz,unresolved,,auto_same_club_history,hilary-gong,all_flash_tokens_in_slug_ascii | suffix_exact_ascii | initial_match_any_given_token | same_club_history | same_club_target_season,1,125.0,same_club_target_season,widzew-lodz,2024/25,2024/25:widzew-lodz,,,999.0
Widzew Łódź,Gryzio D.,widzew-lodz,unresolved,,auto_same_club_history,daniel-gryzio,all_flash_tokens_in_slug_ascii | suffix_exact_ascii | initial_match_any_given_token | same_club_history | same_club_target_season,1,125.0,same_club_target_season,widzew-lodz,2024/25,2024/25:widzew-lodz,,,999.0
Widzew Łódź,Grzejszczak J.,widzew-lodz,unresolved,,no_candidate,,no_strict_candidate,0,,,,,,,,
Widzew Łódź,Hajrizi K.,widzew-lodz,unresolved,,no_candidate,,no_strict_candidate,0,,,,,,,,
Widzew Łódź,Hamulic S.,widzew-lodz,unresolved,,auto_same_club_history,said-hamulic,all_flash_tokens_in_slug_ascii | suffix_exact_ascii | initial_match_any_given_token | same_club_history | same_club_target_season,1,125.0,same_club_target_season,widzew-lodz | wisla-plock,2024/25 | 2025/26,2024/25:widzew-lodz | 2025/26:wisla-plock,,,999.0
Widzew Łódź,Hanousek Mar.,widzew-lodz,unresolved,,auto_same_club_history,marek-hanousek,all_flash_tokens_in_slug_ascii | suffix_exact_ascii | abbrev_match | same_club_history | same_club_target_season,1,125.0,same_club_target_season,widzew-lodz,2023/24 | 2024/25 | 2025/26,2023/24:widzew-lodz | 2024/25:widzew-lodz | 2025/26:widzew-lodz,,,999.0
Widzew Łódź,Ibiza,widzew-lodz,unresolved,,no_candidate,,no_strict_candidate,0,,,,,,,,
Widzew Łódź,Kastrati L. II.,widzew-lodz,unresolved,,no_candidate,,no_strict_candidate,0,,,,,,,,
Widzew Łódź,Kerk S.,widzew-lodz,unresolved,,auto_same_club_history,sebastian-kerk,all_flash_tokens_in_slug_ascii | suffix_exact_ascii | initial_match_any_given_token | same_club_history | same_club_target_season,1,125.0,same_club_target_season,arka-gdynia | widzew-lodz,2023/24 | 2024/25 | 2025/26,2023/24:widzew-lodz | 2024/25:widzew-lodz | 2025/26:arka-gdynia,,,999.0
Widzew Łódź,Klimek A.,widzew-lodz,unresolved,,auto_same_club_history,antoni-klimek,all_flash_tokens_in_slug_ascii | suffix_exact_ascii | initial_match_any_given_token | same_club_history | present_in_target_season,1,121.0,same_club_history,puszcza-niepolomice | widzew-lodz,2023/24 | 2024/25,2023/24:widzew-lodz | 2024/25:puszcza-niepolomice,,,999.0
Widzew Łódź,Kozlovsky S.,widzew-lodz,unresolved,,auto_same_club_history,samuel-kozlovsky,all_flash_tokens_in_slug_ascii | suffix_exact_ascii | initial_match_any_given_token | same_club_history | same_club_target_season,1,125.0,same_club_target_season,widzew-lodz,2024/25 | 2025/26,2024/25:widzew-lodz | 2025/26:widzew-lodz,,,999.0
Widzew Łódź,Krajewski M.,widzew-lodz,unresolved,,auto_same_club_history,marcel-krajewski,all_flash_tokens_in_slug_ascii | suffix_exact_ascii | initial_match_any_given_token | same_club_history | same_club_target_season,1,125.0,same_club_target_season,widzew-lodz,2024/25 | 2025/26,2024/25:widzew-lodz | 2025/26:widzew-lodz,,,999.0
Widzew Łódź,Krzywanski J.,widzew-lodz,unresolved,,auto_same_club_history,jan-krzywanski,all_flash_tokens_in_slug_ascii | suffix_exact_ascii | initial_match_any_given_token | same_club_history,1,117.0,same_club_history,widzew-lodz,2023/24,2023/24:widzew-lodz,,,999.0
Widzew Łódź,Kwiatkowski P.,widzew-lodz,unresolved,,auto_same_club_history,pawe-kwiatkowski,all_flash_tokens_in_slug_ascii | suffix_exact_ascii | initial_match_any_given_token | same_club_history | same_club_target_season,1,125.0,same_club_target_season,widzew-lodz,2023/24 | 2024/25,2023/24:widzew-lodz | 2024/25:widzew-lodz,,,999.0
Widzew Łódź,Madej L.,widzew-lodz,unresolved,,auto_same_club_history,leon-madej,all_flash_tokens_in_slug_ascii | suffix_exact_ascii | initial_match_any_given_token | same_club_history | same_club_target_season,1,125.0,same_club_target_season,widzew-lodz,2024/25,2024/25:widzew-lodz,,,999.0
Widzew Łódź,Nunes F.,widzew-lodz,unresolved,,auto_same_club_history,fabio-nunes,all_flash_tokens_in_slug_ascii | suffix_exact_ascii | initial_match_any_given_token | same_club_history | same_club_target_season,1,125.0,same_club_target_season,widzew-lodz,2023/24 | 2024/25,2023/24:widzew-lodz | 2024/25:widzew-lodz,,,999.0
Widzew Łódź,Pawłowski B.,widzew-lodz,unresolved,,auto_same_club_history,bartomiej-radosaw-pawowski,all_flash_tokens_in_slug_slugstyle | suffix_exact_slugstyle | initial_match_any_given_token | same_club_history | same_club_target_season,1,125.0,same_club_target_season,widzew-lodz,2023/24 | 2024/25 | 2025/26,2023/24:widzew-lodz | 2024/25:widzew-lodz | 2025/26:widzew-lodz,,,999.0
Widzew Łódź,Rondic I.,widzew-lodz,unresolved,,auto_same_club_history,imad-rondic,all_flash_tokens_in_slug_ascii | suffix_exact_ascii | initial_match_any_given_token | same_club_history | same_club_target_season,1,125.0,same_club_target_season,rakow-czestochowa | widzew-lodz,2023/24 | 2024/25 | 2025/26,2023/24:widzew-lodz | 2024/25:widzew-lodz | 2025/26:rakow-czestochowa,,,999.0
Widzew Łódź,Shehu J.,widzew-lodz,unresolved,,auto_same_club_history,juljan-shehu,all_flash_tokens_in_slug_ascii | suffix_exact_ascii | initial_match_any_given_token | same_club_history | same_club_target_season,1,125.0,same_club_target_season,widzew-lodz,2023/24 | 2024/25 | 2025/26,2023/24:widzew-lodz | 2024/25:widzew-lodz | 2025/26:widzew-lodz,,,999.0
Widzew Łódź,Silva L.,widzew-lodz,unresolved,,auto_same_club_history,luis-silva,all_flash_tokens_in_slug_ascii | suffix_exact_ascii | initial_match_any_given_token | same_club_history | same_club_target_season,4,125.0,same_club_target_season,widzew-lodz,2023/24 | 2024/25,2023/24:widzew-lodz | 2024/25:widzew-lodz,leonardo-borges-da-silva,109,16.0
Widzew Łódź,Sobol H.,widzew-lodz,unresolved,,auto_same_club_history,hubert-sobol,all_flash_tokens_in_slug_ascii | suffix_exact_ascii | initial_match_any_given_token | same_club_history | same_club_target_season,1,125.0,same_club_target_season,widzew-lodz,2024/25,2024/25:widzew-lodz,,,999.0
Widzew Łódź,Stachowicz N.,widzew-lodz,unresolved,,auto_same_club_history,nikodem-stachowicz,all_flash_tokens_in_slug_ascii | suffix_exact_ascii | initial_match_any_given_token | same_club_history | same_club_target_season,1,125.0,same_club_target_season,widzew-lodz,2024/25,2024/25:widzew-lodz,,,999.0
Widzew Łódź,Sypek J.,widzew-lodz,unresolved,,auto_same_club_history,jakub-sypek,all_flash_tokens_in_slug_ascii | suffix_exact_ascii | initial_match_any_given_token | same_club_history | same_club_target_season,1,125.0,same_club_target_season,widzew-lodz | zagebie-lubin,2024/25 | 2025/26,2024/25:widzew-lodz | 2025/26:zagebie-lubin,,,999.0
Widzew Łódź,Therkildsen P.,widzew-lodz,unresolved,,auto_same_club_history,peter-nysted-therkildsen,all_flash_tokens_in_slug_ascii | suffix_exact_ascii | initial_match_any_given_token | same_club_history | same_club_target_season,1,125.0,same_club_target_season,widzew-lodz,2024/25 | 2025/26,2024/25:widzew-lodz | 2025/26:widzew-lodz,,,999.0
Widzew Łódź,Tupta L.,widzew-lodz,unresolved,,auto_same_club_history,lubomir-tupta,all_flash_tokens_in_slug_ascii | suffix_exact_ascii | initial_match_any_given_token | same_club_history | same_club_target_season,1,125.0,same_club_target_season,widzew-lodz,2024/25,2024/25:widzew-lodz,,,999.0
Widzew Łódź,Volanakis P.,widzew-lodz,unresolved,,auto_same_club_history,polydefkis-volanakis,all_flash_tokens_in_slug_ascii | suffix_exact_ascii | initial_match_any_given_token | same_club_history | same_club_target_season,1,125.0,same_club_target_season,widzew-lodz,2024/25,2024/25:widzew-lodz,,,999.0
Widzew Łódź,Łukowski J.,widzew-lodz,unresolved,,auto_same_club_history,jakub-ukowski,all_flash_tokens_in_slug_slugstyle | suffix_exact_slugstyle | initial_match_any_given_token | same_club_history | same_club_target_season,1,125.0,same_club_target_season,gks-katowice | korona-kielce | widzew-lodz,2023/24 | 2024/25 | 2025/26,2023/24:korona-kielce | 2024/25:widzew-lodz | 2025/26:gks-katowice,,,999.0
Widzew Łódź,Żyro M.,widzew-lodz,unresolved,,auto_same_club_history,mateusz-zyro,all_flash_tokens_in_slug_ascii | suffix_exact_ascii | initial_match_any_given_token | same_club_history | same_club_target_season,1,125.0,same_club_target_season,widzew-lodz,2023/24 | 2024/25 | 2025/26,2023/24:widzew-lodz | 2024/25:widzew-lodz | 2025/26:widzew-lodz,,,999.0
Zagłębie Lubin,Abrahamsson A.,zagebie-lubin,unresolved,,auto_same_club_history,alexander-abrahamsson,all_flash_tokens_in_slug_ascii | suffix_exact_ascii | initial_match_any_given_token | same_club_history | same_club_target_season,1,125.0,same_club_target_season,zagebie-lubin,2024/25,2024/25:zagebie-lubin,,,999.0
Zagłębie Lubin,Adamczyk H.,zagebie-lubin,unresolved,,auto_same_club_history,hubert-adamczyk,all_flash_tokens_in_slug_ascii | suffix_exact_ascii | initial_match_any_given_token | same_club_history | same_club_target_season,1,125.0,same_club_target_season,zagebie-lubin,2024/25,2024/25:zagebie-lubin,,,999.0
Zagłębie Lubin,Adamski R.,zagebie-lubin,unresolved,,auto_same_club_history,rafa-adamski,all_flash_tokens_in_slug_ascii | suffix_exact_ascii | initial_match_any_given_token | same_club_history | same_club_target_season,1,125.0,same_club_target_season,legia-warszawa | zagebie-lubin,2024/25 | 2025/26,2024/25:zagebie-lubin | 2025/26:legia-warszawa,,,999.0
Zagłębie Lubin,Buric J.,zagebie-lubin,unresolved,,auto_same_club_history,jasmin-buric,all_flash_tokens_in_slug_ascii | suffix_exact_ascii | initial_match_any_given_token | same_club_history | same_club_target_season,1,125.0,same_club_target_season,zagebie-lubin,2023/24 | 2024/25 | 2025/26,2023/24:zagebie-lubin | 2024/25:zagebie-lubin | 2025/26:zagebie-lubin,,,999.0
Zagłębie Lubin,Corluka J.,zagebie-lubin,unresolved,,auto_same_club_history,josip-corluka,all_flash_tokens_in_slug_ascii | suffix_exact_ascii | initial_match_any_given_token | same_club_history | same_club_target_season,1,125.0,same_club_target_season,zagebie-lubin,2024/25 | 2025/26,2024/25:zagebie-lubin | 2025/26:zagebie-lubin,,,999.0
Zagłębie Lubin,Dziewiatowski M.,zagebie-lubin,unresolved,,auto_same_club_history,mateusz-dziewiatowski,all_flash_tokens_in_slug_ascii | suffix_exact_ascii | initial_match_any_given_token | same_club_history | same_club_target_season,1,125.0,same_club_target_season,zagebie-lubin,2024/25 | 2025/26,2024/25:zagebie-lubin | 2025/26:zagebie-lubin,,,999.0
Zagłębie Lubin,Dąbrowski D.,zagebie-lubin,unresolved,,auto_same_club_history,damian-dabrowski,all_flash_tokens_in_slug_ascii | suffix_exact_ascii | initial_match_any_given_token | same_club_history | same_club_target_season,1,125.0,same_club_target_season,zagebie-lubin,2023/24 | 2024/25 | 2025/26,2023/24:zagebie-lubin | 2024/25:zagebie-lubin | 2025/26:zagebie-lubin,,,999.0
Zagłębie Lubin,Fritzson L.,zagebie-lubin,unresolved,,auto_same_club_history,nils-ludvig-fritzson,all_flash_tokens_in_slug_ascii | suffix_exact_ascii | initial_match_any_given_token | same_club_history | same_club_target_season,1,125.0,same_club_target_season,zagebie-lubin,2024/25,2024/25:zagebie-lubin,,,999.0
Zagłębie Lubin,Grzybek M.,zagebie-lubin,unresolved,,auto_same_club_history,mateusz-grzybek,all_flash_tokens_in_slug_ascii | suffix_exact_ascii | initial_match_any_given_token | same_club_history | same_club_target_season,1,125.0,same_club_target_season,zagebie-lubin,2023/24 | 2024/25 | 2025/26,2023/24:zagebie-lubin | 2024/25:zagebie-lubin | 2025/26:zagebie-lubin,,,999.0
Zagłębie Lubin,Hładun D.,zagebie-lubin,unresolved,,auto_same_club_history,dominik-hadun,all_flash_tokens_in_slug_slugstyle | suffix_exact_slugstyle | initial_match_any_given_token | same_club_history | same_club_target_season,1,125.0,same_club_target_season,legia-warszawa | zagebie-lubin,2023/24 | 2024/25 | 2025/26,2023/24:legia-warszawa | 2024/25:zagebie-lubin | 2025/26:zagebie-lubin,,,999.0
Zagłębie Lubin,Jach J.,zagebie-lubin,unresolved,,auto_same_club_history,jarosaw-jach,all_flash_tokens_in_slug_ascii | suffix_exact_ascii | initial_match_any_given_token | same_club_history | same_club_target_season,1,125.0,same_club_target_season,zagebie-lubin,2024/25,2024/25:zagebie-lubin,,,999.0
Zagłębie Lubin,Kocaba F.,zagebie-lubin,unresolved,,auto_same_club_history,filip-kocaba,all_flash_tokens_in_slug_ascii | suffix_exact_ascii | initial_match_any_given_token | same_club_history,1,117.0,same_club_history,zagebie-lubin,2023/24 | 2025/26,2023/24:zagebie-lubin | 2025/26:zagebie-lubin,,,999.0
Zagłębie Lubin,Kolan J.,zagebie-lubin,unresolved,,auto_same_club_history,jakub-kolan,all_flash_tokens_in_slug_ascii | suffix_exact_ascii | initial_match_any_given_token | same_club_history | same_club_target_season,1,125.0,same_club_target_season,zagebie-lubin,2024/25 | 2025/26,2024/25:zagebie-lubin | 2025/26:zagebie-lubin,,,999.0
Zagłębie Lubin,Kolanko K.,zagebie-lubin,unresolved,,no_candidate,,no_strict_candidate,0,,,,,,,,
Zagłębie Lubin,Kopacz B.,zagebie-lubin,unresolved,,auto_same_club_history,bartosz-kopacz,all_flash_tokens_in_slug_ascii | suffix_exact_ascii | initial_match_any_given_token | same_club_history | same_club_target_season,1,125.0,same_club_target_season,nieciecza | zagebie-lubin,2023/24 | 2024/25 | 2025/26,2023/24:zagebie-lubin | 2024/25:zagebie-lubin | 2025/26:nieciecza,,,999.0
Zagłębie Lubin,Kurminowski D.,zagebie-lubin,unresolved,,auto_same_club_history,dawid-kurminowski,all_flash_tokens_in_slug_ascii | suffix_exact_ascii | initial_match_any_given_token | same_club_history | same_club_target_season,1,125.0,same_club_target_season,lechia-gdansk | zagebie-lubin,2023/24 | 2024/25 | 2025/26,2023/24:zagebie-lubin | 2024/25:zagebie-lubin | 2025/26:lechia-gdansk,,,999.0
Zagłębie Lubin,Kusztal P.,zagebie-lubin,unresolved,,auto_same_club_history,patryk-kusztal,all_flash_tokens_in_slug_ascii | suffix_exact_ascii | initial_match_any_given_token | same_club_history | same_club_target_season,1,125.0,same_club_target_season,zagebie-lubin,2023/24 | 2024/25,2023/24:zagebie-lubin | 2024/25:zagebie-lubin,,,999.0
Zagłębie Lubin,Kłudka B.,zagebie-lubin,unresolved,,auto_same_club_history,bartomiej-kudka,all_flash_tokens_in_slug_slugstyle | suffix_exact_slugstyle | initial_match_any_given_token | same_club_history | same_club_target_season,1,125.0,same_club_target_season,lechia-gdansk | zagebie-lubin,2023/24 | 2024/25 | 2025/26,2023/24:zagebie-lubin | 2024/25:zagebie-lubin | 2025/26:lechia-gdansk,,,999.0
Zagłębie Lubin,Lepczynski K.,zagebie-lubin,unresolved,,no_candidate,,no_strict_candidate,0,,,,,,,,
Zagłębie Lubin,Listkowski M.,zagebie-lubin,unresolved,,auto_same_club_history,marcin-listkowski,all_flash_tokens_in_slug_ascii | suffix_exact_ascii | initial_match_any_given_token | same_club_history | same_club_target_season,1,125.0,same_club_target_season,zagebie-lubin,2024/25,2024/25:zagebie-lubin,,,999.0
Zagłębie Lubin,Makowski T.,zagebie-lubin,unresolved,,auto_same_club_history,tomasz-makowski,all_flash_tokens_in_slug_ascii | suffix_exact_ascii | initial_match_any_given_token | same_club_history | same_club_target_season,1,125.0,same_club_target_season,zagebie-lubin,2023/24 | 2024/25 | 2025/26,2023/24:zagebie-lubin | 2024/25:zagebie-lubin | 2025/26:zagebie-lubin,,,999.0
Zagłębie Lubin,Mata L.,zagebie-lubin,unresolved,,auto_same_club_history,luis-mata,all_flash_tokens_in_slug_ascii | suffix_exact_ascii | initial_match_any_given_token | same_club_history | same_club_target_season,1,125.0,same_club_target_season,zagebie-lubin,2023/24 | 2024/25,2023/24:zagebie-lubin | 2024/25:zagebie-lubin,,,999.0
Zagłębie Lubin,Matys M.,zagebie-lubin,unresolved,,no_candidate,,no_strict_candidate,0,,,,,,,,
Zagłębie Lubin,Matysek A.,zagebie-lubin,unresolved,,no_candidate,,no_strict_candidate,0,,,,,,,,
Zagłębie Lubin,Michalski D.,zagebie-lubin,unresolved,,auto_same_club_history,damian-michalski,all_flash_tokens_in_slug_ascii | suffix_exact_ascii | initial_match_any_given_token | same_club_history | same_club_target_season,2,125.0,same_club_target_season,zagebie-lubin,2024/25 | 2025/26,2024/25:zagebie-lubin | 2025/26:zagebie-lubin,kacper-michalski,90,35.0
Zagłębie Lubin,Mikołajewski D.,zagebie-lubin,unresolved,,auto_same_club_history,daniel-mikoajewski-1,all_flash_tokens_in_slug_slugstyle | initial_match_any_given_token | same_club_history | same_club_target_season,1,105.0,same_club_target_season,zagebie-lubin,2024/25,2024/25:zagebie-lubin,,,999.0
Zagłębie Lubin,Mróz M.,zagebie-lubin,unresolved,,auto_same_club_history,marek-mroz,all_flash_tokens_in_slug_ascii | suffix_exact_ascii | initial_match_any_given_token | same_club_history | same_club_target_season,1,125.0,same_club_target_season,zagebie-lubin,2023/24 | 2024/25 | 2025/26,2023/24:zagebie-lubin | 2024/25:zagebie-lubin | 2025/26:zagebie-lubin,,,999.0
Zagłębie Lubin,Nalepa M.,zagebie-lubin,unresolved,,auto_same_club_history,micha-jan-nalepa,all_flash_tokens_in_slug_ascii | suffix_exact_ascii | initial_match_any_given_token | same_club_history | same_club_target_season,1,125.0,same_club_target_season,zagebie-lubin,2023/24 | 2024/25 | 2025/26,2023/24:zagebie-lubin | 2024/25:zagebie-lubin | 2025/26:zagebie-lubin,,,999.0
Zagłębie Lubin,Nowogonski K.,zagebie-lubin,unresolved,,auto_same_club_history,kamil-nowogonski,all_flash_tokens_in_slug_ascii | suffix_exact_ascii | initial_match_any_given_token | same_club_history | same_club_target_season,1,125.0,same_club_target_season,zagebie-lubin,2024/25 | 2025/26,2024/25:zagebie-lubin | 2025/26:zagebie-lubin,,,999.0
Zagłębie Lubin,Orlikowski I.,zagebie-lubin,unresolved,,auto_same_club_history,igor-orlikowski,all_flash_tokens_in_slug_ascii | suffix_exact_ascii | initial_match_any_given_token | same_club_history | same_club_target_season,1,125.0,same_club_target_season,zagebie-lubin,2024/25 | 2025/26,2024/25:zagebie-lubin | 2025/26:zagebie-lubin,,,999.0
Zagłębie Lubin,Pieńko T.,zagebie-lubin,unresolved,,auto_same_club_history,tomasz-pienko,all_flash_tokens_in_slug_ascii | suffix_exact_ascii | initial_match_any_given_token | same_club_history | same_club_target_season,1,125.0,same_club_target_season,zagebie-lubin,2023/24 | 2024/25 | 2025/26,2023/24:zagebie-lubin | 2024/25:zagebie-lubin | 2025/26:zagebie-lubin,,,999.0
Zagłębie Lubin,Radwański A.,zagebie-lubin,unresolved,,auto_same_club_history,adam-radwanski,all_flash_tokens_in_slug_ascii | suffix_exact_ascii | initial_match_any_given_token | same_club_history | same_club_target_season,1,125.0,same_club_target_season,zagebie-lubin,2024/25 | 2025/26,2024/25:zagebie-lubin | 2025/26:zagebie-lubin,,,999.0
Zagłębie Lubin,Reguła M.,zagebie-lubin,unresolved,,auto_same_club_history,marcel-wojciech-regua,all_flash_tokens_in_slug_slugstyle | suffix_exact_slugstyle | initial_match_any_given_token | same_club_history | same_club_target_season,1,125.0,same_club_target_season,zagebie-lubin,2024/25 | 2025/26,2024/25:zagebie-lubin | 2025/26:zagebie-lubin,,,999.0
Zagłębie Lubin,Sejk V.,zagebie-lubin,unresolved,,auto_same_club_history,vaclav-sejk,all_flash_tokens_in_slug_ascii | suffix_exact_ascii | initial_match_any_given_token | same_club_history | same_club_target_season,1,125.0,same_club_target_season,zagebie-lubin,2024/25,2024/25:zagebie-lubin,,,999.0
Zagłębie Lubin,Sochan K.,zagebie-lubin,unresolved,,no_candidate,,no_strict_candidate,0,,,,,,,,
Zagłębie Lubin,Szmyt K.,zagebie-lubin,unresolved,,auto_same_club_history,kajetan-szmyt,all_flash_tokens_in_slug_ascii | suffix_exact_ascii | initial_match_any_given_token | same_club_history | same_club_target_season,1,125.0,same_club_target_season,warta-poznan | zagebie-lubin,2023/24 | 2024/25 | 2025/26,2023/24:warta-poznan | 2024/25:zagebie-lubin | 2025/26:zagebie-lubin,,,999.0
Zagłębie Lubin,Wdowiak M.,zagebie-lubin,unresolved,,auto_same_club_history,mateusz-wdowiak,all_flash_tokens_in_slug_ascii | suffix_exact_ascii | initial_match_any_given_token | same_club_history | same_club_target_season,1,125.0,same_club_target_season,zagebie-lubin,2023/24 | 2024/25 | 2025/26,2023/24:zagebie-lubin | 2024/25:zagebie-lubin | 2025/26:zagebie-lubin,,,999.0
Zagłębie Lubin,Woźniak A.,zagebie-lubin,unresolved,,auto_same_club_history,arkadiusz-wozniak,all_flash_tokens_in_slug_ascii | suffix_exact_ascii | initial_match_any_given_token | same_club_history | same_club_target_season,1,125.0,same_club_target_season,zagebie-lubin,2023/24 | 2024/25 | 2025/26,2023/24:zagebie-lubin | 2024/25:zagebie-lubin | 2025/26:zagebie-lubin,,,999.0
Zagłębie Lubin,Ławniczak A.,zagebie-lubin,unresolved,,auto_same_club_history,aleks-awniczak,all_flash_tokens_in_slug_slugstyle | suffix_exact_slugstyle | initial_match_any_given_token | same_club_history | same_club_target_season,1,125.0,same_club_target_season,zagebie-lubin,2023/24 | 2024/25 | 2025/26,2023/24:zagebie-lubin | 2024/25:zagebie-lubin | 2025/26:zagebie-lubin,,,999.0
Śląsk Wrocław,Al Hamlawi A.,slask-wroclaw,unresolved,,no_candidate,,no_strict_candidate,0,,,,,,,,
Śląsk Wrocław,Baluta T.,slask-wroclaw,unresolved,,auto_same_club_history,tudor-baluta,all_flash_tokens_in_slug_ascii | suffix_exact_ascii | initial_match_any_given_token | same_club_history | same_club_target_season,1,125.0,same_club_target_season,slask-wroclaw,2024/25,2024/25:slask-wroclaw,,,999.0
Śląsk Wrocław,Bartolewski M.,slask-wroclaw,unresolved,,auto_same_club_history,mateusz-bartolewski,all_flash_tokens_in_slug_ascii | suffix_exact_ascii | initial_match_any_given_token | same_club_history | same_club_target_season,1,125.0,same_club_target_season,ruch-chorzow | slask-wroclaw,2023/24 | 2024/25,2023/24:ruch-chorzow | 2024/25:slask-wroclaw,,,999.0
Śląsk Wrocław,Basse A.,slask-wroclaw,unresolved,,auto_same_club_history,adam-basse,all_flash_tokens_in_slug_ascii | suffix_exact_ascii | initial_match_any_given_token | same_club_history | same_club_target_season,1,125.0,same_club_target_season,slask-wroclaw,2024/25,2024/25:slask-wroclaw,,,999.0
Śląsk Wrocław,Bejger Ł.,slask-wroclaw,unresolved,,auto_same_club_history,ukasz-bejger,all_flash_tokens_in_slug_ascii | suffix_exact_ascii | same_club_history | same_club_target_season,1,110.0,same_club_target_season,slask-wroclaw,2023/24 | 2024/25,2023/24:slask-wroclaw | 2024/25:slask-wroclaw,,,999.0
Śląsk Wrocław,Cebula M.,slask-wroclaw,unresolved,,auto_same_club_history,marcin-cebula,all_flash_tokens_in_slug_ascii | suffix_exact_ascii | initial_match_any_given_token | same_club_history | same_club_target_season,1,125.0,same_club_target_season,korona-kielce | rakow-czestochowa | slask-wroclaw,2023/24 | 2024/25 | 2025/26,2023/24:rakow-czestochowa | 2024/25:slask-wroclaw | 2025/26:korona-kielce,,,999.0
Śląsk Wrocław,Eyamba J.,slask-wroclaw,unresolved,,auto_same_club_history,junior-eyamba,all_flash_tokens_in_slug_ascii | suffix_exact_ascii | initial_match_any_given_token | same_club_history | same_club_target_season,1,125.0,same_club_target_season,slask-wroclaw,2024/25,2024/25:slask-wroclaw,,,999.0
Śląsk Wrocław,Gerstenstein L.,slask-wroclaw,unresolved,,auto_same_club_history,ukasz-gerstenstein,all_flash_tokens_in_slug_ascii | suffix_exact_ascii | same_club_history | same_club_target_season,1,110.0,same_club_target_season,slask-wroclaw | stal-mielec,2023/24 | 2024/25,2023/24:stal-mielec | 2024/25:slask-wroclaw,,,999.0
Śląsk Wrocław,Guercio T.,slask-wroclaw,unresolved,,auto_same_club_history,tommaso-guercio,all_flash_tokens_in_slug_ascii | suffix_exact_ascii | initial_match_any_given_token | same_club_history | same_club_target_season,1,125.0,same_club_target_season,slask-wroclaw,2023/24 | 2024/25,2023/24:slask-wroclaw | 2024/25:slask-wroclaw,,,999.0
Śląsk Wrocław,Ince B.,slask-wroclaw,unresolved,,auto_same_club_history,burak-ince,all_flash_tokens_in_slug_ascii | suffix_exact_ascii | initial_match_any_given_token | same_club_history | same_club_target_season,1,125.0,same_club_target_season,slask-wroclaw,2023/24 | 2024/25,2023/24:slask-wroclaw | 2024/25:slask-wroclaw,,,999.0
Śląsk Wrocław,Jasper S.,slask-wroclaw,unresolved,,auto_same_club_history,sylvester-jasper,all_flash_tokens_in_slug_ascii | suffix_exact_ascii | initial_match_any_given_token | same_club_history | same_club_target_season,1,125.0,same_club_target_season,slask-wroclaw,2024/25,2024/25:slask-wroclaw,,,999.0
Śląsk Wrocław,Jezierski J.,slask-wroclaw,unresolved,,auto_same_club_history,jakub-jezierski-1,all_flash_tokens_in_slug_ascii | initial_match_any_given_token | same_club_history | same_club_target_season,1,105.0,same_club_target_season,slask-wroclaw,2023/24 | 2024/25,2023/24:slask-wroclaw | 2024/25:slask-wroclaw,,,999.0
Śląsk Wrocław,Kurowski K.,slask-wroclaw,unresolved,,auto_same_club_history,krzysztof-kurowski,all_flash_tokens_in_slug_ascii | suffix_exact_ascii | initial_match_any_given_token | same_club_history | same_club_target_season,1,125.0,same_club_target_season,slask-wroclaw,2023/24 | 2024/25,2023/24:slask-wroclaw | 2024/25:slask-wroclaw,,,999.0
Śląsk Wrocław,Leszczyński R.,slask-wroclaw,unresolved,,auto_same_club_history,rafa-leszczynski,all_flash_tokens_in_slug_ascii | suffix_exact_ascii | initial_match_any_given_token | same_club_history | same_club_target_season,2,125.0,same_club_target_season,slask-wroclaw | wisla-plock,2023/24 | 2024/25 | 2025/26,2023/24:slask-wroclaw | 2024/25:slask-wroclaw | 2025/26:wisla-plock,jan-leszczynski,90,35.0
Śląsk Wrocław,Llinares M.,slask-wroclaw,unresolved,,auto_same_club_history,marc-llinares-barragan,all_flash_tokens_in_slug_ascii | initial_match_any_given_token | same_club_history | same_club_target_season,1,105.0,same_club_target_season,slask-wroclaw,2024/25,2024/25:slask-wroclaw,,,999.0
Śląsk Wrocław,Loska T.,slask-wroclaw,unresolved,,auto_same_club_history,tomasz-loska,all_flash_tokens_in_slug_ascii | suffix_exact_ascii | initial_match_any_given_token | same_club_history | same_club_target_season,1,125.0,same_club_target_season,gornik-zabrze | slask-wroclaw,2024/25 | 2025/26,2024/25:slask-wroclaw | 2025/26:gornik-zabrze,,,999.0
Śląsk Wrocław,Matsenko Y.,slask-wroclaw,unresolved,,auto_same_club_history,yehor-matsenko,all_flash_tokens_in_slug_ascii | suffix_exact_ascii | initial_match_any_given_token | same_club_history | same_club_target_season,1,125.0,same_club_target_season,slask-wroclaw,2023/24 | 2024/25,2023/24:slask-wroclaw | 2024/25:slask-wroclaw,,,999.0
Śląsk Wrocław,Musiolik S.,slask-wroclaw,unresolved,,auto_same_club_history,sebastian-musiolik,all_flash_tokens_in_slug_ascii | suffix_exact_ascii | initial_match_any_given_token | same_club_history | same_club_target_season,1,125.0,same_club_target_season,gornik-zabrze | slask-wroclaw,2023/24 | 2024/25,2023/24:gornik-zabrze | 2024/25:slask-wroclaw,,,999.0
Śląsk Wrocław,Muszynski H.,slask-wroclaw,unresolved,,no_candidate,,no_strict_candidate,0,,,,,,,,
Śląsk Wrocław,Nahuel M.,slask-wroclaw,unresolved,,auto_same_club_history,matias-nahuel-leiva-esquivel,all_flash_tokens_in_slug_ascii | initial_match_any_given_token | same_club_history | same_club_target_season,1,105.0,same_club_target_season,jagiellonia-bialystok | slask-wroclaw,2023/24 | 2024/25 | 2025/26,2023/24:slask-wroclaw | 2024/25:slask-wroclaw | 2025/26:jagiellonia-bialystok,,,999.0
Śląsk Wrocław,Ortiz A.,slask-wroclaw,unresolved,,auto_same_club_history,arnau-ortiz,all_flash_tokens_in_slug_ascii | suffix_exact_ascii | initial_match_any_given_token | same_club_history | same_club_target_season,1,125.0,same_club_target_season,slask-wroclaw,2024/25,2024/25:slask-wroclaw,,,999.0
Śląsk Wrocław,Paluszek A.,slask-wroclaw,unresolved,,auto_same_club_history,aleksander-paluszek,all_flash_tokens_in_slug_ascii | suffix_exact_ascii | initial_match_any_given_token | same_club_history | same_club_target_season,1,125.0,same_club_target_season,gks-katowice | slask-wroclaw,2023/24 | 2024/25 | 2025/26,2023/24:slask-wroclaw | 2024/25:slask-wroclaw | 2025/26:gks-katowice,,,999.0
Śląsk Wrocław,Petkov A.,slask-wroclaw,unresolved,,auto_same_club_history,aleks-milenov-petkov,all_flash_tokens_in_slug_ascii | suffix_exact_ascii | initial_match_any_given_token | same_club_history | same_club_target_season,1,125.0,same_club_target_season,slask-wroclaw,2023/24 | 2024/25,2023/24:slask-wroclaw | 2024/25:slask-wroclaw,,,999.0
Śląsk Wrocław,Petrov S.,slask-wroclaw,unresolved,,no_candidate,,no_strict_candidate,0,,,,,,,,
Śląsk Wrocław,Pokorny P.,slask-wroclaw,unresolved,,auto_same_club_history,peter-pokorny,all_flash_tokens_in_slug_ascii | suffix_exact_ascii | initial_match_any_given_token | same_club_history | same_club_target_season,1,125.0,same_club_target_season,slask-wroclaw,2023/24 | 2024/25,2023/24:slask-wroclaw | 2024/25:slask-wroclaw,,,999.0
Śląsk Wrocław,Pozo J.,slask-wroclaw,unresolved,,auto_same_club_history,jose-angel-pozo-la-rosa,all_flash_tokens_in_slug_ascii | initial_match_any_given_token | same_club_history | same_club_target_season,2,105.0,same_club_target_season,pogon-szczecin | slask-wroclaw,2024/25 | 2025/26,2024/25:slask-wroclaw | 2025/26:pogon-szczecin,alejandro-pozo-pozo,90,15.0
Śląsk Wrocław,Rejczyk F.,slask-wroclaw,unresolved,,auto_same_club_history,filip-rejczyk,all_flash_tokens_in_slug_ascii | suffix_exact_ascii | initial_match_any_given_token | same_club_history | same_club_target_season,1,125.0,same_club_target_season,gks-katowice | legia-warszawa | slask-wroclaw,2023/24 | 2024/25 | 2025/26,2023/24:legia-warszawa | 2024/25:slask-wroclaw | 2025/26:gks-katowice,,,999.0
Śląsk Wrocław,Rygiel S.,slask-wroclaw,unresolved,,auto_same_club_history,szymon-rygiel,all_flash_tokens_in_slug_ascii | suffix_exact_ascii | initial_match_any_given_token | same_club_history | same_club_target_season,1,125.0,same_club_target_season,slask-wroclaw,2024/25,2024/25:slask-wroclaw,,,999.0
Śląsk Wrocław,Samiec-Talar P.,slask-wroclaw,unresolved,,auto_same_club_history,piotr-samiec-talar,all_flash_tokens_in_slug_ascii | suffix_exact_ascii | initial_match_any_given_token | same_club_history | same_club_target_season,1,125.0,same_club_target_season,slask-wroclaw,2023/24 | 2024/25,2023/24:slask-wroclaw | 2024/25:slask-wroclaw,,,999.0
Śląsk Wrocław,Schierack S.,slask-wroclaw,unresolved,,auto_same_club_history,simon-schierack,all_flash_tokens_in_slug_ascii | suffix_exact_ascii | initial_match_any_given_token | same_club_history | same_club_target_season,1,125.0,same_club_target_season,slask-wroclaw,2024/25,2024/25:slask-wroclaw,,,999.0
Śląsk Wrocław,Schwarz P.,slask-wroclaw,unresolved,,auto_same_club_history,petr-schwarz,all_flash_tokens_in_slug_ascii | suffix_exact_ascii | initial_match_any_given_token | same_club_history | same_club_target_season,1,125.0,same_club_target_season,slask-wroclaw,2023/24 | 2024/25,2023/24:slask-wroclaw | 2024/25:slask-wroclaw,,,999.0
Śląsk Wrocław,Sharabura Y.,slask-wroclaw,unresolved,,auto_same_club_history,yehor-sharabura,all_flash_tokens_in_slug_ascii | suffix_exact_ascii | initial_match_any_given_token | same_club_history | same_club_target_season,1,125.0,same_club_target_season,slask-wroclaw,2024/25,2024/25:slask-wroclaw,,,999.0
Śląsk Wrocław,Sliczniak H.,slask-wroclaw,unresolved,,no_candidate,,no_strict_candidate,0,,,,,,,,
Śląsk Wrocław,Szota S.,slask-wroclaw,unresolved,,auto_same_club_history,serafin-jan-szota,all_flash_tokens_in_slug_ascii | suffix_exact_ascii | initial_match_any_given_token | same_club_history | same_club_target_season,1,125.0,same_club_target_season,arka-gdynia | slask-wroclaw | widzew-lodz,2023/24 | 2024/25 | 2025/26,2023/24:widzew-lodz | 2024/25:slask-wroclaw | 2025/26:arka-gdynia,,,999.0
Śląsk Wrocław,Udahl H.,slask-wroclaw,unresolved,,auto_same_club_history,henrik-udahl-1,all_flash_tokens_in_slug_ascii | initial_match_any_given_token | same_club_history | same_club_target_season,1,105.0,same_club_target_season,slask-wroclaw,2024/25,2024/25:slask-wroclaw,,,999.0
Śląsk Wrocław,Wolczek A.,slask-wroclaw,unresolved,,no_candidate,,no_strict_candidate,0,,,,,,,,
Śląsk Wrocław,Świerczok J.,slask-wroclaw,unresolved,,auto_same_club_history,jakub-swierczok,all_flash_tokens_in_slug_ascii | suffix_exact_ascii | initial_match_any_given_token | same_club_history | same_club_target_season,1,125.0,same_club_target_season,slask-wroclaw,2024/25,2024/25:slask-wroclaw,,,999.0
Śląsk Wrocław,Żukowski M.,slask-wroclaw,unresolved,,auto_same_club_history,mateusz-zukowski,all_flash_tokens_in_slug_ascii | suffix_exact_ascii | initial_match_any_given_token | same_club_history | same_club_target_season,1,125.0,same_club_target_season,slask-wroclaw,2023/24 | 2024/25,2023/24:slask-wroclaw | 2024/25:slask-wroclaw,,,999.0
