flash_team,expected_klub_slug,flash_name,candidate_player_slug,candidate_klub_slug,candidate_season,relation,score,reasons,candidate_nazwa
Cracovia,cracovia,Atanasov J.,jani-atanasov,cracovia,2025/26,future_season_same_club,109,exact_nonfirst_ascii | exact_nonfirst_slugstyle | last_token_exact | last_token_slugstyle | token_overlap_ascii:atanasov | token_overlap_slug:atanasov | sim>=0.92:1.000 | initial_match | same_club_bonus,Jani AtanasovCracovia
Cracovia,cracovia,Atanasov J.,jani-atanasov,cracovia,2023/24,same_season_same_club,107,exact_nonfirst_ascii | exact_nonfirst_slugstyle | last_token_exact | last_token_slugstyle | token_overlap_ascii:atanasov | token_overlap_slug:atanasov | sim>=0.92:1.000 | initial_match | same_club_bonus,Jani AtanasovCracovia
Cracovia,cracovia,Bitri E.,eneo-bitri,cracovia,2023/24,same_season_same_club,107,exact_nonfirst_ascii | exact_nonfirst_slugstyle | last_token_exact | last_token_slugstyle | token_overlap_ascii:bitri | token_overlap_slug:bitri | sim>=0.92:1.000 | initial_match | same_club_bonus,Eneo BitriCracovia
Cracovia,cracovia,Bochnak M.,mateusz-bochnak,cracovia,2024/25,future_season_same_club,107,exact_nonfirst_ascii | exact_nonfirst_slugstyle | last_token_exact | last_token_slugstyle | token_overlap_ascii:bochnak | token_overlap_slug:bochnak | sim>=0.92:1.000 | initial_match | same_club_bonus,Mateusz BochnakCracovia
Cracovia,cracovia,Bochnak M.,mateusz-bochnak,cracovia,2023/24,same_season_same_club,107,exact_nonfirst_ascii | exact_nonfirst_slugstyle | last_token_exact | last_token_slugstyle | token_overlap_ascii:bochnak | token_overlap_slug:bochnak | sim>=0.92:1.000 | initial_match | same_club_bonus,Mateusz BochnakCracovia
Cracovia,cracovia,Bzdyl F.,fabian-bzdyl,cracovia,2025/26,future_season_same_club,109,exact_nonfirst_ascii | exact_nonfirst_slugstyle | last_token_exact | last_token_slugstyle | token_overlap_ascii:bzdyl | token_overlap_slug:bzdyl | sim>=0.92:1.000 | initial_match | same_club_bonus,Fabian BzdylCracovia
Cracovia,cracovia,Bzdyl F.,fabian-bzdyl,cracovia,2024/25,future_season_same_club,107,exact_nonfirst_ascii | exact_nonfirst_slugstyle | last_token_exact | last_token_slugstyle | token_overlap_ascii:bzdyl | token_overlap_slug:bzdyl | sim>=0.92:1.000 | initial_match | same_club_bonus,Fabian BzdylCracovia
Cracovia,cracovia,Bzdyl F.,fabian-bzdyl,cracovia,2023/24,same_season_same_club,107,exact_nonfirst_ascii | exact_nonfirst_slugstyle | last_token_exact | last_token_slugstyle | token_overlap_ascii:bzdyl | token_overlap_slug:bzdyl | sim>=0.92:1.000 | initial_match | same_club_bonus,Fabian BzdylCracovia
Cracovia,cracovia,Ghita V.,virgil-ghita,cracovia,2024/25,future_season_same_club,107,exact_nonfirst_ascii | exact_nonfirst_slugstyle | last_token_exact | last_token_slugstyle | token_overlap_ascii:ghita | token_overlap_slug:ghita | sim>=0.92:1.000 | initial_match | same_club_bonus,Virgil Eugen GhițăCracovia
Cracovia,cracovia,Ghita V.,virgil-ghita,cracovia,2023/24,same_season_same_club,107,exact_nonfirst_ascii | exact_nonfirst_slugstyle | last_token_exact | last_token_slugstyle | token_overlap_ascii:ghita | token_overlap_slug:ghita | sim>=0.92:1.000 | initial_match | same_club_bonus,Virgil Eugen GhițăCracovia
Cracovia,cracovia,Glik K.,kamil-jacek-glik,cracovia,2025/26,future_season_same_club,101,last_token_exact | last_token_slugstyle | token_overlap_ascii:glik | token_overlap_slug:glik | initial_match | same_club_bonus,Kamil Jacek GlikCracovia
Cracovia,cracovia,Glik K.,kamil-jacek-glik,cracovia,2024/25,future_season_same_club,99,last_token_exact | last_token_slugstyle | token_overlap_ascii:glik | token_overlap_slug:glik | initial_match | same_club_bonus,Kamil Jacek GlikCracovia
Cracovia,cracovia,Glik K.,kamil-jacek-glik,cracovia,2023/24,same_season_same_club,99,last_token_exact | last_token_slugstyle | token_overlap_ascii:glik | token_overlap_slug:glik | initial_match | same_club_bonus,Kamil Jacek GlikCracovia
Cracovia,cracovia,Hoskonen A.,arttu-hoskonen,cracovia,2024/25,future_season_same_club,107,exact_nonfirst_ascii | exact_nonfirst_slugstyle | last_token_exact | last_token_slugstyle | token_overlap_ascii:hoskonen | token_overlap_slug:hoskonen | sim>=0.92:1.000 | initial_match | same_club_bonus,Arttu HoskonenCracovia
Cracovia,cracovia,Hoskonen A.,arttu-hoskonen,cracovia,2023/24,same_season_same_club,107,exact_nonfirst_ascii | exact_nonfirst_slugstyle | last_token_exact | last_token_slugstyle | token_overlap_ascii:hoskonen | token_overlap_slug:hoskonen | sim>=0.92:1.000 | initial_match | same_club_bonus,Arttu HoskonenCracovia
Cracovia,cracovia,Hrosso L.,lukas-hrosso,cracovia,2023/24,same_season_same_club,107,exact_nonfirst_ascii | exact_nonfirst_slugstyle | last_token_exact | last_token_slugstyle | token_overlap_ascii:hrosso | token_overlap_slug:hrosso | sim>=0.92:1.000 | initial_match | same_club_bonus,Lukáš HroššoCracovia
Cracovia,cracovia,Jaroszynski P.,pawe-jaroszynski,cracovia,2024/25,future_season_same_club,107,exact_nonfirst_ascii | exact_nonfirst_slugstyle | last_token_exact | last_token_slugstyle | token_overlap_ascii:jaroszynski | token_overlap_slug:jaroszynski | sim>=0.92:1.000 | initial_match | same_club_bonus,Paweł Kamil JaroszyńskiCracovia
Cracovia,cracovia,Jaroszynski P.,pawe-jaroszynski,cracovia,2023/24,same_season_same_club,107,exact_nonfirst_ascii | exact_nonfirst_slugstyle | last_token_exact | last_token_slugstyle | token_overlap_ascii:jaroszynski | token_overlap_slug:jaroszynski | sim>=0.92:1.000 | initial_match | same_club_bonus,Paweł Kamil JaroszyńskiCracovia
Cracovia,cracovia,Jodlowski K.,kacper-jodowski,cracovia,2023/24,same_season_same_club,97,sim>=0.92:0.941 | initial_match | same_club_bonus,Kacper JodłowskiCracovia
Cracovia,cracovia,Jugas J.,jakub-jugas,cracovia,2024/25,future_season_same_club,107,exact_nonfirst_ascii | exact_nonfirst_slugstyle | last_token_exact | last_token_slugstyle | token_overlap_ascii:jugas | token_overlap_slug:jugas | sim>=0.92:1.000 | initial_match | same_club_bonus,Jakub JugasCracovia
Cracovia,cracovia,Jugas J.,jakub-jugas,cracovia,2023/24,same_season_same_club,107,exact_nonfirst_ascii | exact_nonfirst_slugstyle | last_token_exact | last_token_slugstyle | token_overlap_ascii:jugas | token_overlap_slug:jugas | sim>=0.92:1.000 | initial_match | same_club_bonus,Jakub JugasCracovia
Cracovia,cracovia,Kakabadze O.,otar-kakabadze,cracovia,2025/26,future_season_same_club,109,exact_nonfirst_ascii | exact_nonfirst_slugstyle | last_token_exact | last_token_slugstyle | token_overlap_ascii:kakabadze | token_overlap_slug:kakabadze | sim>=0.92:1.000 | initial_match | same_club_bonus,Otar KakabadzeCracovia
Cracovia,cracovia,Kakabadze O.,otar-kakabadze,cracovia,2024/25,future_season_same_club,107,exact_nonfirst_ascii | exact_nonfirst_slugstyle | last_token_exact | last_token_slugstyle | token_overlap_ascii:kakabadze | token_overlap_slug:kakabadze | sim>=0.92:1.000 | initial_match | same_club_bonus,Otar KakabadzeCracovia
Cracovia,cracovia,Kakabadze O.,otar-kakabadze,cracovia,2023/24,same_season_same_club,107,exact_nonfirst_ascii | exact_nonfirst_slugstyle | last_token_exact | last_token_slugstyle | token_overlap_ascii:kakabadze | token_overlap_slug:kakabadze | sim>=0.92:1.000 | initial_match | same_club_bonus,Otar KakabadzeCracovia
Cracovia,cracovia,Kallman B.,benjamin-kallman,cracovia,2024/25,future_season_same_club,107,exact_nonfirst_ascii | exact_nonfirst_slugstyle | last_token_exact | last_token_slugstyle | token_overlap_ascii:kallman | token_overlap_slug:kallman | sim>=0.92:1.000 | initial_match | same_club_bonus,Paul Benjamin Sven-Eber KällmanCracovia
Cracovia,cracovia,Kallman B.,benjamin-kallman,cracovia,2023/24,same_season_same_club,107,exact_nonfirst_ascii | exact_nonfirst_slugstyle | last_token_exact | last_token_slugstyle | token_overlap_ascii:kallman | token_overlap_slug:kallman | sim>=0.92:1.000 | initial_match | same_club_bonus,Paul Benjamin Sven-Eber KällmanCracovia
Cracovia,cracovia,Knap K.,karol-knap,cracovia,2025/26,future_season_same_club,109,exact_nonfirst_ascii | exact_nonfirst_slugstyle | last_token_exact | last_token_slugstyle | token_overlap_ascii:knap | token_overlap_slug:knap | sim>=0.92:1.000 | initial_match | same_club_bonus,Karol KnapCracovia
Cracovia,cracovia,Knap K.,karol-knap,cracovia,2023/24,same_season_same_club,107,exact_nonfirst_ascii | exact_nonfirst_slugstyle | last_token_exact | last_token_slugstyle | token_overlap_ascii:knap | token_overlap_slug:knap | sim>=0.92:1.000 | initial_match | same_club_bonus,Karol KnapCracovia
Cracovia,cracovia,Kolec B.,bartomiej-kolec,cracovia,2023/24,same_season_same_club,107,exact_nonfirst_ascii | exact_nonfirst_slugstyle | last_token_exact | last_token_slugstyle | token_overlap_ascii:kolec | token_overlap_slug:kolec | sim>=0.92:1.000 | initial_match | same_club_bonus,Bartłomiej KolecCracovia
Cracovia,cracovia,Madejski S.,sebastian-madejski,cracovia,2025/26,future_season_same_club,109,exact_nonfirst_ascii | exact_nonfirst_slugstyle | last_token_exact | last_token_slugstyle | token_overlap_ascii:madejski | token_overlap_slug:madejski | sim>=0.92:1.000 | initial_match | same_club_bonus,Sebastian MadejskiCracovia
Cracovia,cracovia,Madejski S.,sebastian-madejski,cracovia,2024/25,future_season_same_club,107,exact_nonfirst_ascii | exact_nonfirst_slugstyle | last_token_exact | last_token_slugstyle | token_overlap_ascii:madejski | token_overlap_slug:madejski | sim>=0.92:1.000 | initial_match | same_club_bonus,Sebastian MadejskiCracovia
Cracovia,cracovia,Madejski S.,sebastian-madejski,cracovia,2023/24,same_season_same_club,107,exact_nonfirst_ascii | exact_nonfirst_slugstyle | last_token_exact | last_token_slugstyle | token_overlap_ascii:madejski | token_overlap_slug:madejski | sim>=0.92:1.000 | initial_match | same_club_bonus,Sebastian MadejskiCracovia
Cracovia,cracovia,Maigaard M.,mikkel-maigaard-jakobsen,cracovia,2025/26,future_season_same_club,95,token_overlap_ascii:maigaard | token_overlap_slug:maigaard | initial_match | same_club_bonus,Mikkel Maigaard JakobsenCracovia
Cracovia,cracovia,Maigaard M.,mikkel-maigaard-jakobsen,cracovia,2024/25,future_season_same_club,93,token_overlap_ascii:maigaard | token_overlap_slug:maigaard | initial_match | same_club_bonus,Mikkel Maigaard JakobsenCracovia
Cracovia,cracovia,Maigaard M.,mikkel-maigaard-jakobsen,cracovia,2023/24,same_season_same_club,93,token_overlap_ascii:maigaard | token_overlap_slug:maigaard | initial_match | same_club_bonus,Mikkel Maigaard JakobsenCracovia
Cracovia,cracovia,Makuch P.,patryk-makuch,cracovia,2023/24,same_season_same_club,107,exact_nonfirst_ascii | exact_nonfirst_slugstyle | last_token_exact | last_token_slugstyle | token_overlap_ascii:makuch | token_overlap_slug:makuch | sim>=0.92:1.000 | initial_match | same_club_bonus,Patryk MakuchCracovia
Cracovia,cracovia,Myszor J.,jakub-myszor,cracovia,2023/24,same_season_same_club,107,exact_nonfirst_ascii | exact_nonfirst_slugstyle | last_token_exact | last_token_slugstyle | token_overlap_ascii:myszor | token_overlap_slug:myszor | sim>=0.92:1.000 | initial_match | same_club_bonus,Jakub MyszorCracovia
Cracovia,cracovia,Ogorzaly K.,kamil-ogorzay,cracovia,2023/24,same_season_same_club,97,sim>=0.92:0.933 | initial_match | same_club_bonus,Kamil OgorzałyCracovia
Cracovia,cracovia,Olafsson D.,davi-kristjan-olafsson,cracovia,2025/26,future_season_same_club,101,last_token_exact | last_token_slugstyle | token_overlap_ascii:olafsson | token_overlap_slug:olafsson | initial_match | same_club_bonus,Davíð Kristján ÓlafssonCracovia
Cracovia,cracovia,Olafsson D.,davi-kristjan-olafsson,cracovia,2024/25,future_season_same_club,99,last_token_exact | last_token_slugstyle | token_overlap_ascii:olafsson | token_overlap_slug:olafsson | initial_match | same_club_bonus,Davíð Kristján ÓlafssonCracovia
Cracovia,cracovia,Olafsson D.,davi-kristjan-olafsson,cracovia,2023/24,same_season_same_club,99,last_token_exact | last_token_slugstyle | token_overlap_ascii:olafsson | token_overlap_slug:olafsson | initial_match | same_club_bonus,Davíð Kristján ÓlafssonCracovia
Cracovia,cracovia,Oshima T.,takuto-oshima,cracovia,2023/24,same_season_same_club,107,exact_nonfirst_ascii | exact_nonfirst_slugstyle | last_token_exact | last_token_slugstyle | token_overlap_ascii:oshima | token_overlap_slug:oshima | sim>=0.92:1.000 | initial_match | same_club_bonus,Takuto OshimaCracovia
Cracovia,cracovia,Rakoczy M.,micha-miosz-rakoczy,cracovia,2025/26,future_season_same_club,101,last_token_exact | last_token_slugstyle | token_overlap_ascii:rakoczy | token_overlap_slug:rakoczy | initial_match | same_club_bonus,Michał Miłosz RakoczyCracovia
Cracovia,cracovia,Rakoczy M.,micha-miosz-rakoczy,cracovia,2024/25,future_season_same_club,99,last_token_exact | last_token_slugstyle | token_overlap_ascii:rakoczy | token_overlap_slug:rakoczy | initial_match | same_club_bonus,Michał Miłosz RakoczyCracovia
Cracovia,cracovia,Rakoczy M.,micha-miosz-rakoczy,cracovia,2023/24,same_season_same_club,99,last_token_exact | last_token_slugstyle | token_overlap_ascii:rakoczy | token_overlap_slug:rakoczy | initial_match | same_club_bonus,Michał Miłosz RakoczyCracovia
Cracovia,cracovia,Rapa C.,cornel-rapa,cracovia,2023/24,same_season_same_club,107,exact_nonfirst_ascii | exact_nonfirst_slugstyle | last_token_exact | last_token_slugstyle | token_overlap_ascii:rapa | token_overlap_slug:rapa | sim>=0.92:1.000 | initial_match | same_club_bonus,Cornel Emilian RâpăCracovia
Cracovia,cracovia,Rózga F.,filip-rozga,cracovia,2024/25,future_season_same_club,107,exact_nonfirst_ascii | exact_nonfirst_slugstyle | last_token_exact | last_token_slugstyle | token_overlap_ascii:rozga | token_overlap_slug:rozga | sim>=0.92:1.000 | initial_match | same_club_bonus,Filip Jan RózgaCracovia
Cracovia,cracovia,Rózga F.,filip-rozga,cracovia,2023/24,same_season_same_club,107,exact_nonfirst_ascii | exact_nonfirst_slugstyle | last_token_exact | last_token_slugstyle | token_overlap_ascii:rozga | token_overlap_slug:rozga | sim>=0.92:1.000 | initial_match | same_club_bonus,Filip Jan RózgaCracovia
Cracovia,cracovia,Skovgaard A.,andreas-skovgaard-larsen,cracovia,2024/25,future_season_same_club,93,token_overlap_ascii:skovgaard | token_overlap_slug:skovgaard | initial_match | same_club_bonus,Andreas Skovgaard LarsenCracovia
Cracovia,cracovia,Skovgaard A.,andreas-skovgaard-larsen,cracovia,2023/24,same_season_same_club,93,token_overlap_ascii:skovgaard | token_overlap_slug:skovgaard | initial_match | same_club_bonus,Andreas Skovgaard LarsenCracovia
Cracovia,cracovia,Smiglewski K.,kacper-smiglewski,cracovia,2024/25,future_season_same_club,107,exact_nonfirst_ascii | exact_nonfirst_slugstyle | last_token_exact | last_token_slugstyle | token_overlap_ascii:smiglewski | token_overlap_slug:smiglewski | sim>=0.92:1.000 | initial_match | same_club_bonus,Kacper ŚmiglewskiCracovia
Cracovia,cracovia,Smiglewski K.,kacper-smiglewski,cracovia,2023/24,same_season_same_club,107,exact_nonfirst_ascii | exact_nonfirst_slugstyle | last_token_exact | last_token_slugstyle | token_overlap_ascii:smiglewski | token_overlap_slug:smiglewski | sim>=0.92:1.000 | initial_match | same_club_bonus,Kacper ŚmiglewskiCracovia
Cracovia,cracovia,Sokołowski P.,patryk-sokoowski,cracovia,2024/25,future_season_same_club,107,exact_nonfirst_slugstyle | last_token_slugstyle | token_overlap_slug:sokoowski | sim>=0.92:0.947 | initial_match | same_club_bonus,Patryk SokołowskiCracovia
Cracovia,cracovia,Zaucha P.,patryk-zaucha,cracovia,2023/24,same_season_same_club,107,exact_nonfirst_ascii | exact_nonfirst_slugstyle | last_token_exact | last_token_slugstyle | token_overlap_ascii:zaucha | token_overlap_slug:zaucha | sim>=0.92:1.000 | initial_match | same_club_bonus,Patryk ZauchaCracovia
Górnik Zabrze,gornik-zabrze,Barczak N.,norbert-barczak,gornik-zabrze,2023/24,same_season_same_club,107,exact_nonfirst_ascii | exact_nonfirst_slugstyle | last_token_exact | last_token_slugstyle | token_overlap_ascii:barczak | token_overlap_slug:barczak | sim>=0.92:1.000 | initial_match | same_club_bonus,Norbert BarczakGórnik Zabrze
Górnik Zabrze,gornik-zabrze,Bielica D.,daniel-bielica,gornik-zabrze,2023/24,same_season_same_club,107,exact_nonfirst_ascii | exact_nonfirst_slugstyle | last_token_exact | last_token_slugstyle | token_overlap_ascii:bielica | token_overlap_slug:bielica | sim>=0.92:1.000 | initial_match | same_club_bonus,Daniel BielicaGórnik Zabrze
Górnik Zabrze,gornik-zabrze,Chmarek M.,mateusz-chmarek,gornik-zabrze,2023/24,same_season_same_club,107,exact_nonfirst_ascii | exact_nonfirst_slugstyle | last_token_exact | last_token_slugstyle | token_overlap_ascii:chmarek | token_overlap_slug:chmarek | sim>=0.92:1.000 | initial_match | same_club_bonus,Mateusz ChmarekGórnik Zabrze
Górnik Zabrze,gornik-zabrze,Ennali L.,lawrence-ennali,gornik-zabrze,2023/24,same_season_same_club,107,exact_nonfirst_ascii | exact_nonfirst_slugstyle | last_token_exact | last_token_slugstyle | token_overlap_ascii:ennali | token_overlap_slug:ennali | sim>=0.92:1.000 | initial_match | same_club_bonus,Lawrence EnnaliGórnik Zabrze
Górnik Zabrze,gornik-zabrze,Janicki R.,rafa-janicki,gornik-zabrze,2025/26,future_season_same_club,109,exact_nonfirst_ascii | exact_nonfirst_slugstyle | last_token_exact | last_token_slugstyle | token_overlap_ascii:janicki | token_overlap_slug:janicki | sim>=0.92:1.000 | initial_match | same_club_bonus,Rafał JanickiGórnik Zabrze
Górnik Zabrze,gornik-zabrze,Janicki R.,rafa-janicki,gornik-zabrze,2024/25,future_season_same_club,107,exact_nonfirst_ascii | exact_nonfirst_slugstyle | last_token_exact | last_token_slugstyle | token_overlap_ascii:janicki | token_overlap_slug:janicki | sim>=0.92:1.000 | initial_match | same_club_bonus,Rafał JanickiGórnik Zabrze
Górnik Zabrze,gornik-zabrze,Janicki R.,rafa-janicki,gornik-zabrze,2023/24,same_season_same_club,107,exact_nonfirst_ascii | exact_nonfirst_slugstyle | last_token_exact | last_token_slugstyle | token_overlap_ascii:janicki | token_overlap_slug:janicki | sim>=0.92:1.000 | initial_match | same_club_bonus,Rafał JanickiGórnik Zabrze
Górnik Zabrze,gornik-zabrze,Janza E.,erik-janza,gornik-zabrze,2025/26,future_season_same_club,109,exact_nonfirst_ascii | exact_nonfirst_slugstyle | last_token_exact | last_token_slugstyle | token_overlap_ascii:janza | token_overlap_slug:janza | sim>=0.92:1.000 | initial_match | same_club_bonus,Erik JanžaGórnik Zabrze
Górnik Zabrze,gornik-zabrze,Janza E.,erik-janza,gornik-zabrze,2024/25,future_season_same_club,107,exact_nonfirst_ascii | exact_nonfirst_slugstyle | last_token_exact | last_token_slugstyle | token_overlap_ascii:janza | token_overlap_slug:janza | sim>=0.92:1.000 | initial_match | same_club_bonus,Erik JanžaGórnik Zabrze
Górnik Zabrze,gornik-zabrze,Janza E.,erik-janza,gornik-zabrze,2023/24,same_season_same_club,107,exact_nonfirst_ascii | exact_nonfirst_slugstyle | last_token_exact | last_token_slugstyle | token_overlap_ascii:janza | token_overlap_slug:janza | sim>=0.92:1.000 | initial_match | same_club_bonus,Erik JanžaGórnik Zabrze
Górnik Zabrze,gornik-zabrze,Jensen R.,richard-jensen,gornik-zabrze,2023/24,same_season_same_club,107,exact_nonfirst_ascii | exact_nonfirst_slugstyle | last_token_exact | last_token_slugstyle | token_overlap_ascii:jensen | token_overlap_slug:jensen | sim>=0.92:1.000 | initial_match | same_club_bonus,Richard Olav JensenGórnik Zabrze
Górnik Zabrze,gornik-zabrze,Kapralik A.,adrian-kapralik,gornik-zabrze,2023/24,same_season_same_club,107,exact_nonfirst_ascii | exact_nonfirst_slugstyle | last_token_exact | last_token_slugstyle | token_overlap_ascii:kapralik | token_overlap_slug:kapralik | sim>=0.92:1.000 | initial_match | same_club_bonus,Adrián KaprálikGórnik Zabrze
Górnik Zabrze,gornik-zabrze,Kozuki S.,soichiro-kozuki,gornik-zabrze,2024/25,future_season_same_club,107,exact_nonfirst_ascii | exact_nonfirst_slugstyle | last_token_exact | last_token_slugstyle | token_overlap_ascii:kozuki | token_overlap_slug:kozuki | sim>=0.92:1.000 | initial_match | same_club_bonus,Soichiro KozukiGórnik Zabrze
Górnik Zabrze,gornik-zabrze,Kozuki S.,soichiro-kozuki,gornik-zabrze,2023/24,same_season_same_club,107,exact_nonfirst_ascii | exact_nonfirst_slugstyle | last_token_exact | last_token_slugstyle | token_overlap_ascii:kozuki | token_overlap_slug:kozuki | sim>=0.92:1.000 | initial_match | same_club_bonus,Soichiro KozukiGórnik Zabrze
Górnik Zabrze,gornik-zabrze,Krawczyk P.,piotr-krawczyk,gornik-zabrze,2023/24,same_season_same_club,107,exact_nonfirst_ascii | exact_nonfirst_slugstyle | last_token_exact | last_token_slugstyle | token_overlap_ascii:krawczyk | token_overlap_slug:krawczyk | sim>=0.92:1.000 | initial_match | same_club_bonus,Piotr KrawczykGórnik Zabrze
Górnik Zabrze,gornik-zabrze,Lukoszek K.,kamil-lukoszek,gornik-zabrze,2025/26,future_season_same_club,109,exact_nonfirst_ascii | exact_nonfirst_slugstyle | last_token_exact | last_token_slugstyle | token_overlap_ascii:lukoszek | token_overlap_slug:lukoszek | sim>=0.92:1.000 | initial_match | same_club_bonus,Kamil LukoszekGórnik Zabrze
Górnik Zabrze,gornik-zabrze,Lukoszek K.,kamil-lukoszek,gornik-zabrze,2024/25,future_season_same_club,107,exact_nonfirst_ascii | exact_nonfirst_slugstyle | last_token_exact | last_token_slugstyle | token_overlap_ascii:lukoszek | token_overlap_slug:lukoszek | sim>=0.92:1.000 | initial_match | same_club_bonus,Kamil LukoszekGórnik Zabrze
Górnik Zabrze,gornik-zabrze,Lukoszek K.,kamil-lukoszek,gornik-zabrze,2023/24,same_season_same_club,107,exact_nonfirst_ascii | exact_nonfirst_slugstyle | last_token_exact | last_token_slugstyle | token_overlap_ascii:lukoszek | token_overlap_slug:lukoszek | sim>=0.92:1.000 | initial_match | same_club_bonus,Kamil LukoszekGórnik Zabrze
Górnik Zabrze,gornik-zabrze,Musiolik S.,sebastian-musiolik,gornik-zabrze,2023/24,same_season_same_club,107,exact_nonfirst_ascii | exact_nonfirst_slugstyle | last_token_exact | last_token_slugstyle | token_overlap_ascii:musiolik | token_overlap_slug:musiolik | sim>=0.92:1.000 | initial_match | same_club_bonus,Sebastian Karol MusiolikGórnik Zabrze
Górnik Zabrze,gornik-zabrze,Nascimento F.,filipe-nascimento,gornik-zabrze,2024/25,future_season_same_club,107,exact_nonfirst_ascii | exact_nonfirst_slugstyle | last_token_exact | last_token_slugstyle | token_overlap_ascii:nascimento | token_overlap_slug:nascimento | sim>=0.92:1.000 | initial_match | same_club_bonus,Filipe NascimentoGórnik Zabrze
Górnik Zabrze,gornik-zabrze,Nascimento F.,filipe-nascimento,gornik-zabrze,2023/24,same_season_same_club,107,exact_nonfirst_ascii | exact_nonfirst_slugstyle | last_token_exact | last_token_slugstyle | token_overlap_ascii:nascimento | token_overlap_slug:nascimento | sim>=0.92:1.000 | initial_match | same_club_bonus,Filipe NascimentoGórnik Zabrze
Górnik Zabrze,gornik-zabrze,Olkowski P.,pawe-mirosaw-olkowski,gornik-zabrze,2025/26,future_season_same_club,101,last_token_exact | last_token_slugstyle | token_overlap_ascii:olkowski | token_overlap_slug:olkowski | initial_match | same_club_bonus,Paweł Mirosław OlkowskiGórnik Zabrze
Górnik Zabrze,gornik-zabrze,Olkowski P.,pawe-mirosaw-olkowski,gornik-zabrze,2024/25,future_season_same_club,99,last_token_exact | last_token_slugstyle | token_overlap_ascii:olkowski | token_overlap_slug:olkowski | initial_match | same_club_bonus,Paweł Mirosław OlkowskiGórnik Zabrze
Górnik Zabrze,gornik-zabrze,Olkowski P.,pawe-mirosaw-olkowski,gornik-zabrze,2023/24,same_season_same_club,99,last_token_exact | last_token_slugstyle | token_overlap_ascii:olkowski | token_overlap_slug:olkowski | initial_match | same_club_bonus,Paweł Mirosław OlkowskiGórnik Zabrze
Górnik Zabrze,gornik-zabrze,Pacheco D.,daniel-pacheco-lobato,gornik-zabrze,2023/24,same_season_same_club,93,token_overlap_ascii:pacheco | token_overlap_slug:pacheco | initial_match | same_club_bonus,Dani PachecoGórnik Zabrze
Górnik Zabrze,gornik-zabrze,Podolski L.,ukasz-jozef-podolski,gornik-zabrze,2025/26,future_season_same_club,97,last_token_exact | last_token_slugstyle | token_overlap_ascii:podolski | token_overlap_slug:podolski | same_club_bonus,Łukasz Józef PodolskiGórnik Zabrze
Górnik Zabrze,gornik-zabrze,Podolski L.,ukasz-jozef-podolski,gornik-zabrze,2024/25,future_season_same_club,95,last_token_exact | last_token_slugstyle | token_overlap_ascii:podolski | token_overlap_slug:podolski | same_club_bonus,Łukasz Józef PodolskiGórnik Zabrze
Górnik Zabrze,gornik-zabrze,Podolski L.,ukasz-jozef-podolski,gornik-zabrze,2023/24,same_season_same_club,95,last_token_exact | last_token_slugstyle | token_overlap_ascii:podolski | token_overlap_slug:podolski | same_club_bonus,Łukasz Józef PodolskiGórnik Zabrze
Górnik Zabrze,gornik-zabrze,Rasak D.,damian-rasak,gornik-zabrze,2024/25,future_season_same_club,107,exact_nonfirst_ascii | exact_nonfirst_slugstyle | last_token_exact | last_token_slugstyle | token_overlap_ascii:rasak | token_overlap_slug:rasak | sim>=0.92:1.000 | initial_match | same_club_bonus,Damian RasakGórnik Zabrze
Górnik Zabrze,gornik-zabrze,Rasak D.,damian-rasak,gornik-zabrze,2023/24,same_season_same_club,107,exact_nonfirst_ascii | exact_nonfirst_slugstyle | last_token_exact | last_token_slugstyle | token_overlap_ascii:rasak | token_overlap_slug:rasak | sim>=0.92:1.000 | initial_match | same_club_bonus,Damian RasakGórnik Zabrze
Górnik Zabrze,gornik-zabrze,Sekulic B.,boris-sekulic,gornik-zabrze,2023/24,same_season_same_club,107,exact_nonfirst_ascii | exact_nonfirst_slugstyle | last_token_exact | last_token_slugstyle | token_overlap_ascii:sekulic | token_overlap_slug:sekulic | sim>=0.92:1.000 | initial_match | same_club_bonus,Boris SekulićGórnik Zabrze
Górnik Zabrze,gornik-zabrze,Siplak M.,michal-siplak,gornik-zabrze,2023/24,same_season_same_club,107,exact_nonfirst_ascii | exact_nonfirst_slugstyle | last_token_exact | last_token_slugstyle | token_overlap_ascii:siplak | token_overlap_slug:siplak | sim>=0.92:1.000 | initial_match | same_club_bonus,Michal SipľakGórnik Zabrze
Górnik Zabrze,gornik-zabrze,Szala D.,dominik-jerzy-szala,gornik-zabrze,2025/26,future_season_same_club,101,last_token_exact | last_token_slugstyle | token_overlap_ascii:szala | token_overlap_slug:szala | initial_match | same_club_bonus,Dominik Jerzy SzalaGórnik Zabrze
Górnik Zabrze,gornik-zabrze,Szala D.,dominik-jerzy-szala,gornik-zabrze,2024/25,future_season_same_club,99,last_token_exact | last_token_slugstyle | token_overlap_ascii:szala | token_overlap_slug:szala | initial_match | same_club_bonus,Dominik Jerzy SzalaGórnik Zabrze
Górnik Zabrze,gornik-zabrze,Szala D.,dominik-jerzy-szala,gornik-zabrze,2023/24,same_season_same_club,99,last_token_exact | last_token_slugstyle | token_overlap_ascii:szala | token_overlap_slug:szala | initial_match | same_club_bonus,Dominik Jerzy SzalaGórnik Zabrze
Górnik Zabrze,gornik-zabrze,Szcześniak K.,kryspin-szczesniak,gornik-zabrze,2025/26,future_season_same_club,109,exact_nonfirst_ascii | exact_nonfirst_slugstyle | last_token_exact | last_token_slugstyle | token_overlap_ascii:szczesniak | token_overlap_slug:szczesniak | sim>=0.92:1.000 | initial_match | same_club_bonus,Kryspin SzcześniakGórnik Zabrze
Górnik Zabrze,gornik-zabrze,Szcześniak K.,kryspin-szczesniak,gornik-zabrze,2024/25,future_season_same_club,107,exact_nonfirst_ascii | exact_nonfirst_slugstyle | last_token_exact | last_token_slugstyle | token_overlap_ascii:szczesniak | token_overlap_slug:szczesniak | sim>=0.92:1.000 | initial_match | same_club_bonus,Kryspin SzcześniakGórnik Zabrze
Górnik Zabrze,gornik-zabrze,Szcześniak K.,kryspin-szczesniak,gornik-zabrze,2023/24,same_season_same_club,107,exact_nonfirst_ascii | exact_nonfirst_slugstyle | last_token_exact | last_token_slugstyle | token_overlap_ascii:szczesniak | token_overlap_slug:szczesniak | sim>=0.92:1.000 | initial_match | same_club_bonus,Kryspin SzcześniakGórnik Zabrze
Górnik Zabrze,gornik-zabrze,Szromnik M.,micha-szromnik,gornik-zabrze,2024/25,future_season_same_club,107,exact_nonfirst_ascii | exact_nonfirst_slugstyle | last_token_exact | last_token_slugstyle | token_overlap_ascii:szromnik | token_overlap_slug:szromnik | sim>=0.92:1.000 | initial_match | same_club_bonus,Michał SzromnikGórnik Zabrze
Górnik Zabrze,gornik-zabrze,Tobolik A.,aleksander-tobolik,gornik-zabrze,2024/25,future_season_same_club,107,exact_nonfirst_ascii | exact_nonfirst_slugstyle | last_token_exact | last_token_slugstyle | token_overlap_ascii:tobolik | token_overlap_slug:tobolik | sim>=0.92:1.000 | initial_match | same_club_bonus,Aleksander TobolikGórnik Zabrze
Górnik Zabrze,gornik-zabrze,Triantafyllopoulos K.,konstantinos-triantafyllopoulos,gornik-zabrze,2023/24,same_season_same_club,107,exact_nonfirst_ascii | exact_nonfirst_slugstyle | last_token_exact | last_token_slugstyle | token_overlap_ascii:triantafyllopoulos | token_overlap_slug:triantafyllopoulos | sim>=0.92:1.000 | initial_match | same_club_bonus,Konstantinos TriantafyllopoulosGórnik Zabrze
Górnik Zabrze,gornik-zabrze,Wojtuszek N.,norbert-wojtuszek,gornik-zabrze,2023/24,same_season_same_club,107,exact_nonfirst_ascii | exact_nonfirst_slugstyle | last_token_exact | last_token_slugstyle | token_overlap_ascii:wojtuszek | token_overlap_slug:wojtuszek | sim>=0.92:1.000 | initial_match | same_club_bonus,Norbert WojtuszekGórnik Zabrze
Górnik Zabrze,gornik-zabrze,Yokota D.,daisuke-yokota,gornik-zabrze,2023/24,same_season_same_club,107,exact_nonfirst_ascii | exact_nonfirst_slugstyle | last_token_exact | last_token_slugstyle | token_overlap_ascii:yokota | token_overlap_slug:yokota | sim>=0.92:1.000 | initial_match | same_club_bonus,Daisuke YokotaGórnik Zabrze
Górnik Zabrze,gornik-zabrze,Zielonka N.,nikodem-zielonka,gornik-zabrze,2024/25,future_season_same_club,107,exact_nonfirst_ascii | exact_nonfirst_slugstyle | last_token_exact | last_token_slugstyle | token_overlap_ascii:zielonka | token_overlap_slug:zielonka | sim>=0.92:1.000 | initial_match | same_club_bonus,Nikodem ZielonkaGórnik Zabrze
Jagiellonia Białystok,jagiellonia-bialystok,Abramowicz S.,sawomir-abramowicz,jagiellonia-bialystok,2025/26,future_season_same_club,109,exact_nonfirst_ascii | exact_nonfirst_slugstyle | last_token_exact | last_token_slugstyle | token_overlap_ascii:abramowicz | token_overlap_slug:abramowicz | sim>=0.92:1.000 | initial_match | same_club_bonus,Sławomir AbramowiczJagiellonia Białystok
Jagiellonia Białystok,jagiellonia-bialystok,Abramowicz S.,sawomir-abramowicz,jagiellonia-bialystok,2024/25,future_season_same_club,107,exact_nonfirst_ascii | exact_nonfirst_slugstyle | last_token_exact | last_token_slugstyle | token_overlap_ascii:abramowicz | token_overlap_slug:abramowicz | sim>=0.92:1.000 | initial_match | same_club_bonus,Sławomir AbramowiczJagiellonia Białystok
Jagiellonia Białystok,jagiellonia-bialystok,Alomerovic Z.,zlatan-alomerovic,jagiellonia-bialystok,2023/24,same_season_same_club,107,exact_nonfirst_ascii | exact_nonfirst_slugstyle | last_token_exact | last_token_slugstyle | token_overlap_ascii:alomerovic | token_overlap_slug:alomerovic | sim>=0.92:1.000 | initial_match | same_club_bonus,Zlatan AlomerovićJagiellonia Białystok
Jagiellonia Białystok,jagiellonia-bialystok,Caliskaner K.,kaan-caliskaner,jagiellonia-bialystok,2023/24,same_season_same_club,107,exact_nonfirst_ascii | exact_nonfirst_slugstyle | last_token_exact | last_token_slugstyle | token_overlap_ascii:caliskaner | token_overlap_slug:caliskaner | sim>=0.92:1.000 | initial_match | same_club_bonus,Kaan ÇalışkanerJagiellonia Białystok
Jagiellonia Białystok,jagiellonia-bialystok,Dieguez A.,adrian-dieguez-grande,jagiellonia-bialystok,2024/25,future_season_same_club,93,token_overlap_ascii:dieguez | token_overlap_slug:dieguez | initial_match | same_club_bonus,Adrián Diéguez GrandeJagiellonia Białystok
Jagiellonia Białystok,jagiellonia-bialystok,Dieguez A.,adrian-dieguez-grande,jagiellonia-bialystok,2023/24,same_season_same_club,93,token_overlap_ascii:dieguez | token_overlap_slug:dieguez | initial_match | same_club_bonus,Adrián Diéguez GrandeJagiellonia Białystok
Jagiellonia Białystok,jagiellonia-bialystok,Hansen K.,kristoffer-hansen,jagiellonia-bialystok,2024/25,future_season_same_club,107,exact_nonfirst_ascii | exact_nonfirst_slugstyle | last_token_exact | last_token_slugstyle | token_overlap_ascii:hansen | token_overlap_slug:hansen | sim>=0.92:1.000 | initial_match | same_club_bonus,Kristoffer Normann HansenJagiellonia Białystok
Jagiellonia Białystok,jagiellonia-bialystok,Kubicki J.,jarosaw-kubicki,jagiellonia-bialystok,2024/25,future_season_same_club,107,exact_nonfirst_ascii | exact_nonfirst_slugstyle | last_token_exact | last_token_slugstyle | token_overlap_ascii:kubicki | token_overlap_slug:kubicki | sim>=0.92:1.000 | initial_match | same_club_bonus,Jarosław KubickiJagiellonia Białystok
Jagiellonia Białystok,jagiellonia-bialystok,Kubicki J.,jarosaw-kubicki,jagiellonia-bialystok,2023/24,same_season_same_club,107,exact_nonfirst_ascii | exact_nonfirst_slugstyle | last_token_exact | last_token_slugstyle | token_overlap_ascii:kubicki | token_overlap_slug:kubicki | sim>=0.92:1.000 | initial_match | same_club_bonus,Jarosław KubickiJagiellonia Białystok
Jagiellonia Białystok,jagiellonia-bialystok,Kupisz T.,tomasz-kupisz,jagiellonia-bialystok,2023/24,same_season_same_club,107,exact_nonfirst_ascii | exact_nonfirst_slugstyle | last_token_exact | last_token_slugstyle | token_overlap_ascii:kupisz | token_overlap_slug:kupisz | sim>=0.92:1.000 | initial_match | same_club_bonus,Tomasz Mateusz KupiszJagiellonia Białystok
Jagiellonia Białystok,jagiellonia-bialystok,Laski W.,wojciech-aski,jagiellonia-bialystok,2023/24,same_season_same_club,91,sim>=0.85:0.889 | initial_match | same_club_bonus,Wojciech ŁaskiJagiellonia Białystok
Jagiellonia Białystok,jagiellonia-bialystok,Lewicki J.,jakub-lewicki,jagiellonia-bialystok,2023/24,same_season_same_club,107,exact_nonfirst_ascii | exact_nonfirst_slugstyle | last_token_exact | last_token_slugstyle | token_overlap_ascii:lewicki | token_overlap_slug:lewicki | sim>=0.92:1.000 | initial_match | same_club_bonus,Jakub LewickiJagiellonia Białystok
Jagiellonia Białystok,jagiellonia-bialystok,Marczuk D.,dominik-marczuk,jagiellonia-bialystok,2024/25,future_season_same_club,107,exact_nonfirst_ascii | exact_nonfirst_slugstyle | last_token_exact | last_token_slugstyle | token_overlap_ascii:marczuk | token_overlap_slug:marczuk | sim>=0.92:1.000 | initial_match | same_club_bonus,Dominik MarczukJagiellonia Białystok
Jagiellonia Białystok,jagiellonia-bialystok,Marczuk D.,dominik-marczuk,jagiellonia-bialystok,2023/24,same_season_same_club,107,exact_nonfirst_ascii | exact_nonfirst_slugstyle | last_token_exact | last_token_slugstyle | token_overlap_ascii:marczuk | token_overlap_slug:marczuk | sim>=0.92:1.000 | initial_match | same_club_bonus,Dominik MarczukJagiellonia Białystok
Jagiellonia Białystok,jagiellonia-bialystok,Matysik M.,miosz-matysik,jagiellonia-bialystok,2023/24,same_season_same_club,107,exact_nonfirst_ascii | exact_nonfirst_slugstyle | last_token_exact | last_token_slugstyle | token_overlap_ascii:matysik | token_overlap_slug:matysik | sim>=0.92:1.000 | initial_match | same_club_bonus,Miłosz MatysikJagiellonia Białystok
Jagiellonia Białystok,jagiellonia-bialystok,Naranjo J.,jose-naranjo,jagiellonia-bialystok,2023/24,same_season_same_club,107,exact_nonfirst_ascii | exact_nonfirst_slugstyle | last_token_exact | last_token_slugstyle | token_overlap_ascii:naranjo | token_overlap_slug:naranjo | sim>=0.92:1.000 | initial_match | same_club_bonus,José Manuel García NaranjoJagiellonia Białystok
Jagiellonia Białystok,jagiellonia-bialystok,Nastic B.,bojan-nastic,jagiellonia-bialystok,2023/24,same_season_same_club,107,exact_nonfirst_ascii | exact_nonfirst_slugstyle | last_token_exact | last_token_slugstyle | token_overlap_ascii:nastic | token_overlap_slug:nastic | sim>=0.92:1.000 | initial_match | same_club_bonus,Bojan NastićJagiellonia Białystok
Jagiellonia Białystok,jagiellonia-bialystok,Nguiamba A.,aurelien-thomas-nguiamba,jagiellonia-bialystok,2024/25,future_season_same_club,99,last_token_exact | last_token_slugstyle | token_overlap_ascii:nguiamba | token_overlap_slug:nguiamba | initial_match | same_club_bonus,Aurélien Thomas NguiambaJagiellonia Białystok
Jagiellonia Białystok,jagiellonia-bialystok,Nguiamba A.,aurelien-thomas-nguiamba,jagiellonia-bialystok,2023/24,same_season_same_club,99,last_token_exact | last_token_slugstyle | token_overlap_ascii:nguiamba | token_overlap_slug:nguiamba | initial_match | same_club_bonus,Aurélien Thomas NguiambaJagiellonia Białystok
Jagiellonia Białystok,jagiellonia-bialystok,Olszewski P.,pawe-olszewski,jagiellonia-bialystok,2023/24,same_season_same_club,107,exact_nonfirst_ascii | exact_nonfirst_slugstyle | last_token_exact | last_token_slugstyle | token_overlap_ascii:olszewski | token_overlap_slug:olszewski | sim>=0.92:1.000 | initial_match | same_club_bonus,Paweł OlszewskiJagiellonia Białystok
Jagiellonia Białystok,jagiellonia-bialystok,Pululu A.,afimico-pululu,jagiellonia-bialystok,2025/26,future_season_same_club,109,exact_nonfirst_ascii | exact_nonfirst_slugstyle | last_token_exact | last_token_slugstyle | token_overlap_ascii:pululu | token_overlap_slug:pululu | sim>=0.92:1.000 | initial_match | same_club_bonus,Afimico PululuJagiellonia Białystok
Jagiellonia Białystok,jagiellonia-bialystok,Pululu A.,afimico-pululu,jagiellonia-bialystok,2024/25,future_season_same_club,107,exact_nonfirst_ascii | exact_nonfirst_slugstyle | last_token_exact | last_token_slugstyle | token_overlap_ascii:pululu | token_overlap_slug:pululu | sim>=0.92:1.000 | initial_match | same_club_bonus,Afimico PululuJagiellonia Białystok
Jagiellonia Białystok,jagiellonia-bialystok,Pululu A.,afimico-pululu,jagiellonia-bialystok,2023/24,same_season_same_club,107,exact_nonfirst_ascii | exact_nonfirst_slugstyle | last_token_exact | last_token_slugstyle | token_overlap_ascii:pululu | token_overlap_slug:pululu | sim>=0.92:1.000 | initial_match | same_club_bonus,Afimico PululuJagiellonia Białystok
Jagiellonia Białystok,jagiellonia-bialystok,Romanczuk T.,taras-romanczuk,jagiellonia-bialystok,2025/26,future_season_same_club,109,exact_nonfirst_ascii | exact_nonfirst_slugstyle | last_token_exact | last_token_slugstyle | token_overlap_ascii:romanczuk | token_overlap_slug:romanczuk | sim>=0.92:1.000 | initial_match | same_club_bonus,Taras RomanczukJagiellonia Białystok
Jagiellonia Białystok,jagiellonia-bialystok,Romanczuk T.,taras-romanczuk,jagiellonia-bialystok,2024/25,future_season_same_club,107,exact_nonfirst_ascii | exact_nonfirst_slugstyle | last_token_exact | last_token_slugstyle | token_overlap_ascii:romanczuk | token_overlap_slug:romanczuk | sim>=0.92:1.000 | initial_match | same_club_bonus,Taras RomanczukJagiellonia Białystok
Jagiellonia Białystok,jagiellonia-bialystok,Romanczuk T.,taras-romanczuk,jagiellonia-bialystok,2023/24,same_season_same_club,107,exact_nonfirst_ascii | exact_nonfirst_slugstyle | last_token_exact | last_token_slugstyle | token_overlap_ascii:romanczuk | token_overlap_slug:romanczuk | sim>=0.92:1.000 | initial_match | same_club_bonus,Taras RomanczukJagiellonia Białystok
Jagiellonia Białystok,jagiellonia-bialystok,Rybak A.,alan-rybak,jagiellonia-bialystok,2024/25,future_season_same_club,107,exact_nonfirst_ascii | exact_nonfirst_slugstyle | last_token_exact | last_token_slugstyle | token_overlap_ascii:rybak | token_overlap_slug:rybak | sim>=0.92:1.000 | initial_match | same_club_bonus,Alan RybakJagiellonia Białystok
Jagiellonia Białystok,jagiellonia-bialystok,Rybak A.,alan-rybak,jagiellonia-bialystok,2023/24,same_season_same_club,107,exact_nonfirst_ascii | exact_nonfirst_slugstyle | last_token_exact | last_token_slugstyle | token_overlap_ascii:rybak | token_overlap_slug:rybak | sim>=0.92:1.000 | initial_match | same_club_bonus,Alan RybakJagiellonia Białystok
Jagiellonia Białystok,jagiellonia-bialystok,Skrzypczak M.,mateusz-skrzypczak,jagiellonia-bialystok,2024/25,future_season_same_club,107,exact_nonfirst_ascii | exact_nonfirst_slugstyle | last_token_exact | last_token_slugstyle | token_overlap_ascii:skrzypczak | token_overlap_slug:skrzypczak | sim>=0.92:1.000 | initial_match | same_club_bonus,Mateusz SkrzypczakJagiellonia Białystok
Jagiellonia Białystok,jagiellonia-bialystok,Skrzypczak M.,mateusz-skrzypczak,jagiellonia-bialystok,2023/24,same_season_same_club,107,exact_nonfirst_ascii | exact_nonfirst_slugstyle | last_token_exact | last_token_slugstyle | token_overlap_ascii:skrzypczak | token_overlap_slug:skrzypczak | sim>=0.92:1.000 | initial_match | same_club_bonus,Mateusz SkrzypczakJagiellonia Białystok
Jagiellonia Białystok,jagiellonia-bialystok,Stojinović D.,dusan-stojinovic,jagiellonia-bialystok,2025/26,future_season_same_club,109,exact_nonfirst_ascii | exact_nonfirst_slugstyle | last_token_exact | last_token_slugstyle | token_overlap_ascii:stojinovic | token_overlap_slug:stojinovic | sim>=0.92:1.000 | initial_match | same_club_bonus,Dušan StojinovićJagiellonia Białystok
Jagiellonia Białystok,jagiellonia-bialystok,Stojinović D.,dusan-stojinovic,jagiellonia-bialystok,2024/25,future_season_same_club,107,exact_nonfirst_ascii | exact_nonfirst_slugstyle | last_token_exact | last_token_slugstyle | token_overlap_ascii:stojinovic | token_overlap_slug:stojinovic | sim>=0.92:1.000 | initial_match | same_club_bonus,Dušan StojinovićJagiellonia Białystok
Jagiellonia Białystok,jagiellonia-bialystok,Stojinović D.,dusan-stojinovic,jagiellonia-bialystok,2023/24,same_season_same_club,107,exact_nonfirst_ascii | exact_nonfirst_slugstyle | last_token_exact | last_token_slugstyle | token_overlap_ascii:stojinovic | token_overlap_slug:stojinovic | sim>=0.92:1.000 | initial_match | same_club_bonus,Dušan StojinovićJagiellonia Białystok
Jagiellonia Białystok,jagiellonia-bialystok,Toporkiewicz K.,krzysztof-toporkiewicz,jagiellonia-bialystok,2023/24,same_season_same_club,107,exact_nonfirst_ascii | exact_nonfirst_slugstyle | last_token_exact | last_token_slugstyle | token_overlap_ascii:toporkiewicz | token_overlap_slug:toporkiewicz | sim>=0.92:1.000 | initial_match | same_club_bonus,Krzysztof ToporkiewiczJagiellonia Białystok
Jagiellonia Białystok,jagiellonia-bialystok,Wdowik B.,bartomiej-wdowik,jagiellonia-bialystok,2025/26,future_season_same_club,109,exact_nonfirst_ascii | exact_nonfirst_slugstyle | last_token_exact | last_token_slugstyle | token_overlap_ascii:wdowik | token_overlap_slug:wdowik | sim>=0.92:1.000 | initial_match | same_club_bonus,Bartłomiej WdowikJagiellonia Białystok
Jagiellonia Białystok,jagiellonia-bialystok,Wdowik B.,bartomiej-wdowik,jagiellonia-bialystok,2023/24,same_season_same_club,107,exact_nonfirst_ascii | exact_nonfirst_slugstyle | last_token_exact | last_token_slugstyle | token_overlap_ascii:wdowik | token_overlap_slug:wdowik | sim>=0.92:1.000 | initial_match | same_club_bonus,Bartłomiej WdowikJagiellonia Białystok
Jagiellonia Białystok,jagiellonia-bialystok,Wojdakowski D.,damian-wojdakowski,jagiellonia-bialystok,2023/24,same_season_same_club,107,exact_nonfirst_ascii | exact_nonfirst_slugstyle | last_token_exact | last_token_slugstyle | token_overlap_ascii:wojdakowski | token_overlap_slug:wojdakowski | sim>=0.92:1.000 | initial_match | same_club_bonus,Damian WojdakowskiJagiellonia Białystok
Korona Kielce,korona-kielce,Briceag M.,marius-briceag,korona-kielce,2023/24,same_season_same_club,107,exact_nonfirst_ascii | exact_nonfirst_slugstyle | last_token_exact | last_token_slugstyle | token_overlap_ascii:briceag | token_overlap_slug:briceag | sim>=0.92:1.000 | initial_match | same_club_bonus,Marius Ionuț BriceagKorona Kielce
Korona Kielce,korona-kielce,Bąk D.,daniel-bak,korona-kielce,2024/25,future_season_same_club,107,exact_nonfirst_ascii | exact_nonfirst_slugstyle | last_token_exact | last_token_slugstyle | sim>=0.92:1.000 | initial_match | same_club_bonus,Daniel BąkKorona Kielce
Korona Kielce,korona-kielce,Bąk D.,daniel-bak,korona-kielce,2023/24,same_season_same_club,107,exact_nonfirst_ascii | exact_nonfirst_slugstyle | last_token_exact | last_token_slugstyle | sim>=0.92:1.000 | initial_match | same_club_bonus,Daniel BąkKorona Kielce
Korona Kielce,korona-kielce,Błanik D.,dawid-banik,korona-kielce,2025/26,future_season_same_club,109,exact_nonfirst_slugstyle | last_token_slugstyle | token_overlap_slug:banik | sim>=0.85:0.909 | initial_match | same_club_bonus,Dawid BłanikKorona Kielce
Korona Kielce,korona-kielce,Błanik D.,dawid-banik,korona-kielce,2024/25,future_season_same_club,107,exact_nonfirst_slugstyle | last_token_slugstyle | token_overlap_slug:banik | sim>=0.85:0.909 | initial_match | same_club_bonus,Dawid BłanikKorona Kielce
Korona Kielce,korona-kielce,Błanik D.,dawid-banik,korona-kielce,2023/24,same_season_same_club,107,exact_nonfirst_slugstyle | last_token_slugstyle | token_overlap_slug:banik | sim>=0.85:0.909 | initial_match | same_club_bonus,Dawid BłanikKorona Kielce
Korona Kielce,korona-kielce,Chojecki A.,adam-chojecki,korona-kielce,2024/25,future_season_same_club,107,exact_nonfirst_ascii | exact_nonfirst_slugstyle | last_token_exact | last_token_slugstyle | token_overlap_ascii:chojecki | token_overlap_slug:chojecki | sim>=0.92:1.000 | initial_match | same_club_bonus,Adam ChojeckiKorona Kielce
Korona Kielce,korona-kielce,Czyżycki M.,mateusz-czyzycki,korona-kielce,2023/24,same_season_same_club,107,exact_nonfirst_ascii | exact_nonfirst_slugstyle | last_token_exact | last_token_slugstyle | token_overlap_ascii:czyzycki | token_overlap_slug:czyzycki | sim>=0.92:1.000 | initial_match | same_club_bonus,Mateusz CzyżyckiKorona Kielce
Korona Kielce,korona-kielce,Dalmau A.,adrian-dalmau-vaquer,korona-kielce,2024/25,future_season_same_club,93,token_overlap_ascii:dalmau | token_overlap_slug:dalmau | initial_match | same_club_bonus,Adrián Dalmau VaquerKorona Kielce
Korona Kielce,korona-kielce,Dalmau A.,adrian-dalmau-vaquer,korona-kielce,2023/24,same_season_same_club,93,token_overlap_ascii:dalmau | token_overlap_slug:dalmau | initial_match | same_club_bonus,Adrián Dalmau VaquerKorona Kielce
Korona Kielce,korona-kielce,Deaconu R.,ronaldo-deaconu,korona-kielce,2023/24,same_season_same_club,107,exact_nonfirst_ascii | exact_nonfirst_slugstyle | last_token_exact | last_token_slugstyle | token_overlap_ascii:deaconu | token_overlap_slug:deaconu | sim>=0.92:1.000 | initial_match | same_club_bonus,Ronaldo Octavian Andrei DeaconuKorona Kielce
Korona Kielce,korona-kielce,Dziekoński X.,xavier-dziekonski,korona-kielce,2025/26,future_season_same_club,109,exact_nonfirst_ascii | exact_nonfirst_slugstyle | last_token_exact | last_token_slugstyle | token_overlap_ascii:dziekonski | token_overlap_slug:dziekonski | sim>=0.92:1.000 | initial_match | same_club_bonus,Xavier DziekońskiKorona Kielce
Korona Kielce,korona-kielce,Dziekoński X.,xavier-dziekonski,korona-kielce,2024/25,future_season_same_club,107,exact_nonfirst_ascii | exact_nonfirst_slugstyle | last_token_exact | last_token_slugstyle | token_overlap_ascii:dziekonski | token_overlap_slug:dziekonski | sim>=0.92:1.000 | initial_match | same_club_bonus,Xavier DziekońskiKorona Kielce
Korona Kielce,korona-kielce,Dziekoński X.,xavier-dziekonski,korona-kielce,2023/24,same_season_same_club,107,exact_nonfirst_ascii | exact_nonfirst_slugstyle | last_token_exact | last_token_slugstyle | token_overlap_ascii:dziekonski | token_overlap_slug:dziekonski | sim>=0.92:1.000 | initial_match | same_club_bonus,Xavier DziekońskiKorona Kielce
Korona Kielce,korona-kielce,Forenc K.,konrad-forenc,korona-kielce,2023/24,same_season_same_club,107,exact_nonfirst_ascii | exact_nonfirst_slugstyle | last_token_exact | last_token_slugstyle | token_overlap_ascii:forenc | token_overlap_slug:forenc | sim>=0.92:1.000 | initial_match | same_club_bonus,Konrad ForencKorona Kielce
Korona Kielce,korona-kielce,Fornalczyk M.,mariusz-fornalczyk,korona-kielce,2024/25,future_season_same_club,107,exact_nonfirst_ascii | exact_nonfirst_slugstyle | last_token_exact | last_token_slugstyle | token_overlap_ascii:fornalczyk | token_overlap_slug:fornalczyk | sim>=0.92:1.000 | initial_match | same_club_bonus,Mariusz FornalczykKorona Kielce
Korona Kielce,korona-kielce,Forsell P.,petteri-forsell,korona-kielce,2023/24,same_season_same_club,107,exact_nonfirst_ascii | exact_nonfirst_slugstyle | last_token_exact | last_token_slugstyle | token_overlap_ascii:forsell | token_overlap_slug:forsell | sim>=0.92:1.000 | initial_match | same_club_bonus,Jani Petteri ForsellKorona Kielce
Korona Kielce,korona-kielce,Godinho M.,marcus-godinho,korona-kielce,2024/25,future_season_same_club,107,exact_nonfirst_ascii | exact_nonfirst_slugstyle | last_token_exact | last_token_slugstyle | token_overlap_ascii:godinho | token_overlap_slug:godinho | sim>=0.92:1.000 | initial_match | same_club_bonus,Marcus Valdez Pereira GodinhoKorona Kielce
Korona Kielce,korona-kielce,Godinho M.,marcus-godinho,korona-kielce,2023/24,same_season_same_club,107,exact_nonfirst_ascii | exact_nonfirst_slugstyle | last_token_exact | last_token_slugstyle | token_overlap_ascii:godinho | token_overlap_slug:godinho | sim>=0.92:1.000 | initial_match | same_club_bonus,Marcus Valdez Pereira GodinhoKorona Kielce
Korona Kielce,korona-kielce,Hofmayster Y.,yoav-hofmeister,korona-kielce,2024/25,future_season_same_club,85,sim>=0.78:0.800 | initial_match | same_club_bonus,Yoav HofmeisterKorona Kielce
Korona Kielce,korona-kielce,Hofmayster Y.,yoav-hofmeister,korona-kielce,2023/24,same_season_same_club,85,sim>=0.78:0.800 | initial_match | same_club_bonus,Yoav HofmeisterKorona Kielce
Korona Kielce,korona-kielce,Konstantyn J.,jakub-konstantyn,korona-kielce,2024/25,future_season_same_club,107,exact_nonfirst_ascii | exact_nonfirst_slugstyle | last_token_exact | last_token_slugstyle | token_overlap_ascii:konstantyn | token_overlap_slug:konstantyn | sim>=0.92:1.000 | initial_match | same_club_bonus,Jakub KonstantynKorona Kielce
Korona Kielce,korona-kielce,Konstantyn J.,jakub-konstantyn,korona-kielce,2023/24,same_season_same_club,107,exact_nonfirst_ascii | exact_nonfirst_slugstyle | last_token_exact | last_token_slugstyle | token_overlap_ascii:konstantyn | token_overlap_slug:konstantyn | sim>=0.92:1.000 | initial_match | same_club_bonus,Jakub KonstantynKorona Kielce
Korona Kielce,korona-kielce,Krogstad F.,fredrik-krogstad,korona-kielce,2023/24,same_season_same_club,107,exact_nonfirst_ascii | exact_nonfirst_slugstyle | last_token_exact | last_token_slugstyle | token_overlap_ascii:krogstad | token_overlap_slug:krogstad | sim>=0.92:1.000 | initial_match | same_club_bonus,Fredrik KrogstadKorona Kielce
Korona Kielce,korona-kielce,Kwiecień B.,bartosz-kwiecien,korona-kielce,2023/24,same_season_same_club,107,exact_nonfirst_ascii | exact_nonfirst_slugstyle | last_token_exact | last_token_slugstyle | token_overlap_ascii:kwiecien | token_overlap_slug:kwiecien | sim>=0.92:1.000 | initial_match | same_club_bonus,Bartosz KwiecieńKorona Kielce
Korona Kielce,korona-kielce,Malarczyk P.,piotr-malarczyk,korona-kielce,2024/25,future_season_same_club,107,exact_nonfirst_ascii | exact_nonfirst_slugstyle | last_token_exact | last_token_slugstyle | token_overlap_ascii:malarczyk | token_overlap_slug:malarczyk | sim>=0.92:1.000 | initial_match | same_club_bonus,Piotr Kamil MalarczykKorona Kielce
Korona Kielce,korona-kielce,Malarczyk P.,piotr-malarczyk,korona-kielce,2023/24,same_season_same_club,107,exact_nonfirst_ascii | exact_nonfirst_slugstyle | last_token_exact | last_token_slugstyle | token_overlap_ascii:malarczyk | token_overlap_slug:malarczyk | sim>=0.92:1.000 | initial_match | same_club_bonus,Piotr Kamil MalarczykKorona Kielce
Korona Kielce,korona-kielce,Malarczyk P.,bartomiej-smolarczyk,korona-kielce,2025/26,future_season_same_club,83,sim>=0.78:0.842 | same_club_bonus,Bartłomiej SmolarczykKorona Kielce
Korona Kielce,korona-kielce,Malarczyk P.,bartomiej-smolarczyk,korona-kielce,2024/25,future_season_same_club,81,sim>=0.78:0.842 | same_club_bonus,Bartłomiej SmolarczykKorona Kielce
Korona Kielce,korona-kielce,Mamla R.,rafa-mamla,korona-kielce,2024/25,future_season_same_club,107,exact_nonfirst_ascii | exact_nonfirst_slugstyle | last_token_exact | last_token_slugstyle | token_overlap_ascii:mamla | token_overlap_slug:mamla | sim>=0.92:1.000 | initial_match | same_club_bonus,Rafał MamlaKorona Kielce
Korona Kielce,korona-kielce,Pięczek M.,marcel-pieczek,korona-kielce,2025/26,future_season_same_club,109,exact_nonfirst_ascii | exact_nonfirst_slugstyle | last_token_exact | last_token_slugstyle | token_overlap_ascii:pieczek | token_overlap_slug:pieczek | sim>=0.92:1.000 | initial_match | same_club_bonus,Marcel PięczekKorona Kielce
Korona Kielce,korona-kielce,Pięczek M.,marcel-pieczek,korona-kielce,2024/25,future_season_same_club,107,exact_nonfirst_ascii | exact_nonfirst_slugstyle | last_token_exact | last_token_slugstyle | token_overlap_ascii:pieczek | token_overlap_slug:pieczek | sim>=0.92:1.000 | initial_match | same_club_bonus,Marcel PięczekKorona Kielce
Korona Kielce,korona-kielce,Podgórski J.,jacek-podgorski,korona-kielce,2023/24,same_season_same_club,107,exact_nonfirst_ascii | exact_nonfirst_slugstyle | last_token_exact | last_token_slugstyle | token_overlap_ascii:podgorski | token_overlap_slug:podgorski | sim>=0.92:1.000 | initial_match | same_club_bonus,Jacek PodgórskiKorona Kielce
Korona Kielce,korona-kielce,Remacle M.,martin-christophe-jannick-remacle,korona-kielce,2025/26,future_season_same_club,101,last_token_exact | last_token_slugstyle | token_overlap_ascii:remacle | token_overlap_slug:remacle | initial_match | same_club_bonus,Martin Christophe Jannick RemacleKorona Kielce
Korona Kielce,korona-kielce,Remacle M.,martin-christophe-jannick-remacle,korona-kielce,2024/25,future_season_same_club,99,last_token_exact | last_token_slugstyle | token_overlap_ascii:remacle | token_overlap_slug:remacle | initial_match | same_club_bonus,Martin Christophe Jannick RemacleKorona Kielce
Korona Kielce,korona-kielce,Remacle M.,martin-christophe-jannick-remacle,korona-kielce,2023/24,same_season_same_club,99,last_token_exact | last_token_slugstyle | token_overlap_ascii:remacle | token_overlap_slug:remacle | initial_match | same_club_bonus,Martin Christophe Jannick RemacleKorona Kielce
Korona Kielce,korona-kielce,Shikavka Y.,evgeni-shikavka,korona-kielce,2024/25,future_season_same_club,103,exact_nonfirst_ascii | exact_nonfirst_slugstyle | last_token_exact | last_token_slugstyle | token_overlap_ascii:shikavka | token_overlap_slug:shikavka | sim>=0.92:1.000 | same_club_bonus,Evgeni ShikavkaKorona Kielce
Korona Kielce,korona-kielce,Shikavka Y.,evgeni-shikavka,korona-kielce,2023/24,same_season_same_club,103,exact_nonfirst_ascii | exact_nonfirst_slugstyle | last_token_exact | last_token_slugstyle | token_overlap_ascii:shikavka | token_overlap_slug:shikavka | sim>=0.92:1.000 | same_club_bonus,Evgeni ShikavkaKorona Kielce
Korona Kielce,korona-kielce,Strzebonski M.,miosz-strzebonski,korona-kielce,2025/26,future_season_same_club,109,exact_nonfirst_ascii | exact_nonfirst_slugstyle | last_token_exact | last_token_slugstyle | token_overlap_ascii:strzebonski | token_overlap_slug:strzebonski | sim>=0.92:1.000 | initial_match | same_club_bonus,Miłosz StrzebońskiKorona Kielce
Korona Kielce,korona-kielce,Strzebonski M.,miosz-strzebonski,korona-kielce,2024/25,future_season_same_club,107,exact_nonfirst_ascii | exact_nonfirst_slugstyle | last_token_exact | last_token_slugstyle | token_overlap_ascii:strzebonski | token_overlap_slug:strzebonski | sim>=0.92:1.000 | initial_match | same_club_bonus,Miłosz StrzebońskiKorona Kielce
Korona Kielce,korona-kielce,Strzebonski M.,miosz-strzebonski,korona-kielce,2023/24,same_season_same_club,107,exact_nonfirst_ascii | exact_nonfirst_slugstyle | last_token_exact | last_token_slugstyle | token_overlap_ascii:strzebonski | token_overlap_slug:strzebonski | sim>=0.92:1.000 | initial_match | same_club_bonus,Miłosz StrzebońskiKorona Kielce
Korona Kielce,korona-kielce,Takac D.,dalibor-takac,korona-kielce,2023/24,same_season_same_club,107,exact_nonfirst_ascii | exact_nonfirst_slugstyle | last_token_exact | last_token_slugstyle | token_overlap_ascii:takac | token_overlap_slug:takac | sim>=0.92:1.000 | initial_match | same_club_bonus,Dalibor TakáčKorona Kielce
Korona Kielce,korona-kielce,Trojak M.,miosz-trojak,korona-kielce,2024/25,future_season_same_club,107,exact_nonfirst_ascii | exact_nonfirst_slugstyle | last_token_exact | last_token_slugstyle | token_overlap_ascii:trojak | token_overlap_slug:trojak | sim>=0.92:1.000 | initial_match | same_club_bonus,Miłosz TrojakKorona Kielce
Korona Kielce,korona-kielce,Trojak M.,miosz-trojak,korona-kielce,2023/24,same_season_same_club,107,exact_nonfirst_ascii | exact_nonfirst_slugstyle | last_token_exact | last_token_slugstyle | token_overlap_ascii:trojak | token_overlap_slug:trojak | sim>=0.92:1.000 | initial_match | same_club_bonus,Miłosz TrojakKorona Kielce
Korona Kielce,korona-kielce,Zator D.,dominick-lukasz-zator,korona-kielce,2024/25,future_season_same_club,99,last_token_exact | last_token_slugstyle | token_overlap_ascii:zator | token_overlap_slug:zator | initial_match | same_club_bonus,Dominick Lukasz ZatorKorona Kielce
Korona Kielce,korona-kielce,Zator D.,dominick-lukasz-zator,korona-kielce,2023/24,same_season_same_club,99,last_token_exact | last_token_slugstyle | token_overlap_ascii:zator | token_overlap_slug:zator | initial_match | same_club_bonus,Dominick Lukasz ZatorKorona Kielce
Korona Kielce,korona-kielce,Łukowski J.,jakub-ukowski,korona-kielce,2023/24,same_season_same_club,107,exact_nonfirst_slugstyle | last_token_slugstyle | token_overlap_slug:ukowski | sim>=0.92:0.933 | initial_match | same_club_bonus,Jakub ŁukowskiKorona Kielce
Lech Poznań,lech-poznan,Andersson E.,nils-erik-elias-andersson,lech-poznan,2024/25,future_season_same_club,95,last_token_exact | last_token_slugstyle | token_overlap_ascii:andersson | token_overlap_slug:andersson | same_club_bonus,Nils Erik Elias AnderssonLech Poznań
Lech Poznań,lech-poznan,Andersson E.,nils-erik-elias-andersson,lech-poznan,2023/24,same_season_same_club,95,last_token_exact | last_token_slugstyle | token_overlap_ascii:andersson | token_overlap_slug:andersson | same_club_bonus,Nils Erik Elias AnderssonLech Poznań
Lech Poznań,lech-poznan,Ba Loua A.,adriel-ba-loua,lech-poznan,2024/25,future_season_same_club,107,exact_nonfirst_ascii | exact_nonfirst_slugstyle | last_token_exact | last_token_slugstyle | token_overlap_ascii:loua | token_overlap_slug:loua | sim>=0.92:1.000 | initial_match | same_club_bonus,Adriel D'Avila Ba LouaLech Poznań
Lech Poznań,lech-poznan,Ba Loua A.,adriel-ba-loua,lech-poznan,2023/24,same_season_same_club,107,exact_nonfirst_ascii | exact_nonfirst_slugstyle | last_token_exact | last_token_slugstyle | token_overlap_ascii:loua | token_overlap_slug:loua | sim>=0.92:1.000 | initial_match | same_club_bonus,Adriel D'Avila Ba LouaLech Poznań
Lech Poznań,lech-poznan,Bednarek F.,filip-bednarek,lech-poznan,2023/24,same_season_same_club,107,exact_nonfirst_ascii | exact_nonfirst_slugstyle | last_token_exact | last_token_slugstyle | token_overlap_ascii:bednarek | token_overlap_slug:bednarek | sim>=0.92:1.000 | initial_match | same_club_bonus,Filip BednarekLech Poznań
Lech Poznań,lech-poznan,Blazic M.,miha-blazic,lech-poznan,2023/24,same_season_same_club,107,exact_nonfirst_ascii | exact_nonfirst_slugstyle | last_token_exact | last_token_slugstyle | token_overlap_ascii:blazic | token_overlap_slug:blazic | sim>=0.92:1.000 | initial_match | same_club_bonus,Miha BlažičLech Poznań
Lech Poznań,lech-poznan,Czerwiński A.,alan-czerwinski,lech-poznan,2023/24,same_season_same_club,107,exact_nonfirst_ascii | exact_nonfirst_slugstyle | last_token_exact | last_token_slugstyle | token_overlap_ascii:czerwinski | token_overlap_slug:czerwinski | sim>=0.92:1.000 | initial_match | same_club_bonus,Alan CzerwińskiLech Poznań
Lech Poznań,lech-poznan,Dagerstal F.,filip-dagerstal,lech-poznan,2023/24,same_season_same_club,107,exact_nonfirst_ascii | exact_nonfirst_slugstyle | last_token_exact | last_token_slugstyle | token_overlap_ascii:dagerstal | token_overlap_slug:dagerstal | sim>=0.92:1.000 | initial_match | same_club_bonus,Per Filip DagerstålLech Poznań
Lech Poznań,lech-poznan,Douglas B.,alex-raymond-douglas,lech-poznan,2025/26,future_season_same_club,97,last_token_exact | last_token_slugstyle | token_overlap_ascii:douglas | token_overlap_slug:douglas | same_club_bonus,Alex Raymond DouglasLech Poznań
Lech Poznań,lech-poznan,Douglas B.,alex-raymond-douglas,lech-poznan,2024/25,future_season_same_club,95,last_token_exact | last_token_slugstyle | token_overlap_ascii:douglas | token_overlap_slug:douglas | same_club_bonus,Alex Raymond DouglasLech Poznań
Lech Poznań,lech-poznan,Dziuba M.,maksymilian-dziuba,lech-poznan,2023/24,same_season_same_club,107,exact_nonfirst_ascii | exact_nonfirst_slugstyle | last_token_exact | last_token_slugstyle | token_overlap_ascii:dziuba | token_overlap_slug:dziuba | sim>=0.92:1.000 | initial_match | same_club_bonus,Maksymilian DziubaLech Poznań
Lech Poznań,lech-poznan,Gholizadeh A.,ali-gholizadeh-nojedeh,lech-poznan,2025/26,future_season_same_club,95,token_overlap_ascii:gholizadeh | token_overlap_slug:gholizadeh | initial_match | same_club_bonus,Ali Gholizadeh NojedehLech Poznań
Lech Poznań,lech-poznan,Gholizadeh A.,ali-gholizadeh-nojedeh,lech-poznan,2024/25,future_season_same_club,93,token_overlap_ascii:gholizadeh | token_overlap_slug:gholizadeh | initial_match | same_club_bonus,Ali Gholizadeh NojedehLech Poznań
Lech Poznań,lech-poznan,Gholizadeh A.,ali-gholizadeh-nojedeh,lech-poznan,2023/24,same_season_same_club,93,token_overlap_ascii:gholizadeh | token_overlap_slug:gholizadeh | initial_match | same_club_bonus,Ali Gholizadeh NojedehLech Poznań
Lech Poznań,lech-poznan,Gurgul M.,micha-gurgul,lech-poznan,2025/26,future_season_same_club,109,exact_nonfirst_ascii | exact_nonfirst_slugstyle | last_token_exact | last_token_slugstyle | token_overlap_ascii:gurgul | token_overlap_slug:gurgul | sim>=0.92:1.000 | initial_match | same_club_bonus,Michał GurgulLech Poznań
Lech Poznań,lech-poznan,Gurgul M.,micha-gurgul,lech-poznan,2024/25,future_season_same_club,107,exact_nonfirst_ascii | exact_nonfirst_slugstyle | last_token_exact | last_token_slugstyle | token_overlap_ascii:gurgul | token_overlap_slug:gurgul | sim>=0.92:1.000 | initial_match | same_club_bonus,Michał GurgulLech Poznań
Lech Poznań,lech-poznan,Gurgul M.,micha-gurgul,lech-poznan,2023/24,same_season_same_club,107,exact_nonfirst_ascii | exact_nonfirst_slugstyle | last_token_exact | last_token_slugstyle | token_overlap_ascii:gurgul | token_overlap_slug:gurgul | sim>=0.92:1.000 | initial_match | same_club_bonus,Michał GurgulLech Poznań
Lech Poznań,lech-poznan,Ishak M.,mikael-ishak,lech-poznan,2025/26,future_season_same_club,109,exact_nonfirst_ascii | exact_nonfirst_slugstyle | last_token_exact | last_token_slugstyle | token_overlap_ascii:ishak | token_overlap_slug:ishak | sim>=0.92:1.000 | initial_match | same_club_bonus,Mikael IshakLech Poznań
Lech Poznań,lech-poznan,Ishak M.,mikael-ishak,lech-poznan,2024/25,future_season_same_club,107,exact_nonfirst_ascii | exact_nonfirst_slugstyle | last_token_exact | last_token_slugstyle | token_overlap_ascii:ishak | token_overlap_slug:ishak | sim>=0.92:1.000 | initial_match | same_club_bonus,Mikael IshakLech Poznań
Lech Poznań,lech-poznan,Ishak M.,mikael-ishak,lech-poznan,2023/24,same_season_same_club,107,exact_nonfirst_ascii | exact_nonfirst_slugstyle | last_token_exact | last_token_slugstyle | token_overlap_ascii:ishak | token_overlap_slug:ishak | sim>=0.92:1.000 | initial_match | same_club_bonus,Mikael IshakLech Poznań
Lech Poznań,lech-poznan,Karlstrom J.,jesper-karlstrom,lech-poznan,2024/25,future_season_same_club,107,exact_nonfirst_ascii | exact_nonfirst_slugstyle | last_token_exact | last_token_slugstyle | token_overlap_ascii:karlstrom | token_overlap_slug:karlstrom | sim>=0.92:1.000 | initial_match | same_club_bonus,Jesper Kewe KarlströmLech Poznań
Lech Poznań,lech-poznan,Karlstrom J.,jesper-karlstrom,lech-poznan,2023/24,same_season_same_club,107,exact_nonfirst_ascii | exact_nonfirst_slugstyle | last_token_exact | last_token_slugstyle | token_overlap_ascii:karlstrom | token_overlap_slug:karlstrom | sim>=0.92:1.000 | initial_match | same_club_bonus,Jesper Kewe KarlströmLech Poznań
Lech Poznań,lech-poznan,Lisman K.,kornel-lisman,lech-poznan,2025/26,future_season_same_club,109,exact_nonfirst_ascii | exact_nonfirst_slugstyle | last_token_exact | last_token_slugstyle | token_overlap_ascii:lisman | token_overlap_slug:lisman | sim>=0.92:1.000 | initial_match | same_club_bonus,Kornel LismanLech Poznań
Lech Poznań,lech-poznan,Lisman K.,kornel-lisman,lech-poznan,2024/25,future_season_same_club,107,exact_nonfirst_ascii | exact_nonfirst_slugstyle | last_token_exact | last_token_slugstyle | token_overlap_ascii:lisman | token_overlap_slug:lisman | sim>=0.92:1.000 | initial_match | same_club_bonus,Kornel LismanLech Poznań
Lech Poznań,lech-poznan,Marchwiński F.,filip-marchwinski,lech-poznan,2023/24,same_season_same_club,107,exact_nonfirst_ascii | exact_nonfirst_slugstyle | last_token_exact | last_token_slugstyle | token_overlap_ascii:marchwinski | token_overlap_slug:marchwinski | sim>=0.92:1.000 | initial_match | same_club_bonus,Filip MarchwińskiLech Poznań
Lech Poznań,lech-poznan,Milic A.,antonio-milic,lech-poznan,2025/26,future_season_same_club,109,exact_nonfirst_ascii | exact_nonfirst_slugstyle | last_token_exact | last_token_slugstyle | token_overlap_ascii:milic | token_overlap_slug:milic | sim>=0.92:1.000 | initial_match | same_club_bonus,Antonio MilićLech Poznań
Lech Poznań,lech-poznan,Milic A.,antonio-milic,lech-poznan,2024/25,future_season_same_club,107,exact_nonfirst_ascii | exact_nonfirst_slugstyle | last_token_exact | last_token_slugstyle | token_overlap_ascii:milic | token_overlap_slug:milic | sim>=0.92:1.000 | initial_match | same_club_bonus,Antonio MilićLech Poznań
Lech Poznań,lech-poznan,Milic A.,antonio-milic,lech-poznan,2023/24,same_season_same_club,107,exact_nonfirst_ascii | exact_nonfirst_slugstyle | last_token_exact | last_token_slugstyle | token_overlap_ascii:milic | token_overlap_slug:milic | sim>=0.92:1.000 | initial_match | same_club_bonus,Antonio MilićLech Poznań
Lech Poznań,lech-poznan,Monka W.,wojciech-monka,lech-poznan,2025/26,future_season_same_club,109,exact_nonfirst_ascii | exact_nonfirst_slugstyle | last_token_exact | last_token_slugstyle | token_overlap_ascii:monka | token_overlap_slug:monka | sim>=0.92:1.000 | initial_match | same_club_bonus,Wojciech MońkaLech Poznań
Lech Poznań,lech-poznan,Monka W.,wojciech-monka,lech-poznan,2024/25,future_season_same_club,107,exact_nonfirst_ascii | exact_nonfirst_slugstyle | last_token_exact | last_token_slugstyle | token_overlap_ascii:monka | token_overlap_slug:monka | sim>=0.92:1.000 | initial_match | same_club_bonus,Wojciech MońkaLech Poznań
Lech Poznań,lech-poznan,Mrozek B.,bartosz-mrozek,lech-poznan,2025/26,future_season_same_club,109,exact_nonfirst_ascii | exact_nonfirst_slugstyle | last_token_exact | last_token_slugstyle | token_overlap_ascii:mrozek | token_overlap_slug:mrozek | sim>=0.92:1.000 | initial_match | same_club_bonus,Bartosz MrozekLech Poznań
Lech Poznań,lech-poznan,Mrozek B.,bartosz-mrozek,lech-poznan,2024/25,future_season_same_club,107,exact_nonfirst_ascii | exact_nonfirst_slugstyle | last_token_exact | last_token_slugstyle | token_overlap_ascii:mrozek | token_overlap_slug:mrozek | sim>=0.92:1.000 | initial_match | same_club_bonus,Bartosz MrozekLech Poznań
Lech Poznań,lech-poznan,Mrozek B.,bartosz-mrozek,lech-poznan,2023/24,same_season_same_club,107,exact_nonfirst_ascii | exact_nonfirst_slugstyle | last_token_exact | last_token_slugstyle | token_overlap_ascii:mrozek | token_overlap_slug:mrozek | sim>=0.92:1.000 | initial_match | same_club_bonus,Bartosz MrozekLech Poznań
Lech Poznań,lech-poznan,Murawski R.,radosaw-pawe-murawski,lech-poznan,2025/26,future_season_same_club,101,last_token_exact | last_token_slugstyle | token_overlap_ascii:murawski | token_overlap_slug:murawski | sim>=0.78:0.800 | initial_match | same_club_bonus,Radosław Paweł MurawskiLech Poznań
Lech Poznań,lech-poznan,Murawski R.,radosaw-pawe-murawski,lech-poznan,2024/25,future_season_same_club,99,last_token_exact | last_token_slugstyle | token_overlap_ascii:murawski | token_overlap_slug:murawski | sim>=0.78:0.800 | initial_match | same_club_bonus,Radosław Paweł MurawskiLech Poznań
Lech Poznań,lech-poznan,Murawski R.,radosaw-pawe-murawski,lech-poznan,2023/24,same_season_same_club,99,last_token_exact | last_token_slugstyle | token_overlap_ascii:murawski | token_overlap_slug:murawski | sim>=0.78:0.800 | initial_match | same_club_bonus,Radosław Paweł MurawskiLech Poznań
Lech Poznań,lech-poznan,Pereira J.,joel-vieira-pereira,lech-poznan,2025/26,future_season_same_club,101,last_token_exact | last_token_slugstyle | token_overlap_ascii:pereira | token_overlap_slug:pereira | initial_match | same_club_bonus,Joel PereiraLech Poznań
Lech Poznań,lech-poznan,Pereira J.,joel-vieira-pereira,lech-poznan,2024/25,future_season_same_club,99,last_token_exact | last_token_slugstyle | token_overlap_ascii:pereira | token_overlap_slug:pereira | initial_match | same_club_bonus,Joel PereiraLech Poznań
Lech Poznań,lech-poznan,Pereira J.,joel-vieira-pereira,lech-poznan,2023/24,same_season_same_club,99,last_token_exact | last_token_slugstyle | token_overlap_ascii:pereira | token_overlap_slug:pereira | initial_match | same_club_bonus,Joel PereiraLech Poznań
Lech Poznań,lech-poznan,Pingot M.,maksymilian-pingot,lech-poznan,2024/25,future_season_same_club,107,exact_nonfirst_ascii | exact_nonfirst_slugstyle | last_token_exact | last_token_slugstyle | token_overlap_ascii:pingot | token_overlap_slug:pingot | sim>=0.92:1.000 | initial_match | same_club_bonus,Maksymilian PingotLech Poznań
Lech Poznań,lech-poznan,Salamon B.,bartosz-salamon,lech-poznan,2024/25,future_season_same_club,107,exact_nonfirst_ascii | exact_nonfirst_slugstyle | last_token_exact | last_token_slugstyle | token_overlap_ascii:salamon | token_overlap_slug:salamon | sim>=0.92:1.000 | initial_match | same_club_bonus,Bartosz SalamonLech Poznań
Lech Poznań,lech-poznan,Salamon B.,bartosz-salamon,lech-poznan,2023/24,same_season_same_club,107,exact_nonfirst_ascii | exact_nonfirst_slugstyle | last_token_exact | last_token_slugstyle | token_overlap_ascii:salamon | token_overlap_slug:salamon | sim>=0.92:1.000 | initial_match | same_club_bonus,Bartosz SalamonLech Poznań
Lech Poznań,lech-poznan,Sobiech A.,artur-sobiech,lech-poznan,2023/24,same_season_same_club,107,exact_nonfirst_ascii | exact_nonfirst_slugstyle | last_token_exact | last_token_slugstyle | token_overlap_ascii:sobiech | token_overlap_slug:sobiech | sim>=0.92:1.000 | initial_match | same_club_bonus,Artur Adam SobiechLech Poznań
Lech Poznań,lech-poznan,Sousa A.,afonso-gamelas-de-pinho-sousa,lech-poznan,2024/25,future_season_same_club,99,last_token_exact | last_token_slugstyle | token_overlap_ascii:sousa | token_overlap_slug:sousa | initial_match | same_club_bonus,Afonso SousaLech Poznań
Lech Poznań,lech-poznan,Sousa A.,afonso-gamelas-de-pinho-sousa,lech-poznan,2023/24,same_season_same_club,99,last_token_exact | last_token_slugstyle | token_overlap_ascii:sousa | token_overlap_slug:sousa | initial_match | same_club_bonus,Afonso SousaLech Poznań
Lech Poznań,lech-poznan,Szymczak F.,filip-szymczak,lech-poznan,2025/26,future_season_same_club,109,exact_nonfirst_ascii | exact_nonfirst_slugstyle | last_token_exact | last_token_slugstyle | token_overlap_ascii:szymczak | token_overlap_slug:szymczak | sim>=0.92:1.000 | initial_match | same_club_bonus,Filip SzymczakLech Poznań
Lech Poznań,lech-poznan,Szymczak F.,filip-szymczak,lech-poznan,2023/24,same_season_same_club,107,exact_nonfirst_ascii | exact_nonfirst_slugstyle | last_token_exact | last_token_slugstyle | token_overlap_ascii:szymczak | token_overlap_slug:szymczak | sim>=0.92:1.000 | initial_match | same_club_bonus,Filip SzymczakLech Poznań
Lech Poznań,lech-poznan,Velde K.,kristoffer-velde,lech-poznan,2024/25,future_season_same_club,107,exact_nonfirst_ascii | exact_nonfirst_slugstyle | last_token_exact | last_token_slugstyle | token_overlap_ascii:velde | token_overlap_slug:velde | sim>=0.92:1.000 | initial_match | same_club_bonus,Kristoffer VeldeLech Poznań
Lech Poznań,lech-poznan,Velde K.,kristoffer-velde,lech-poznan,2023/24,same_season_same_club,107,exact_nonfirst_ascii | exact_nonfirst_slugstyle | last_token_exact | last_token_slugstyle | token_overlap_ascii:velde | token_overlap_slug:velde | sim>=0.92:1.000 | initial_match | same_club_bonus,Kristoffer VeldeLech Poznań
Legia Warszawa,legia-warszawa,Augustyniak R.,rafa-sylwester-augustyniak,legia-warszawa,2025/26,future_season_same_club,101,last_token_exact | last_token_slugstyle | token_overlap_ascii:augustyniak | token_overlap_slug:augustyniak | initial_match | same_club_bonus,Rafał Sylwester AugustyniakLegia Warszawa
Legia Warszawa,legia-warszawa,Augustyniak R.,rafa-sylwester-augustyniak,legia-warszawa,2024/25,future_season_same_club,99,last_token_exact | last_token_slugstyle | token_overlap_ascii:augustyniak | token_overlap_slug:augustyniak | initial_match | same_club_bonus,Rafał Sylwester AugustyniakLegia Warszawa
Legia Warszawa,legia-warszawa,Augustyniak R.,rafa-sylwester-augustyniak,legia-warszawa,2023/24,same_season_same_club,99,last_token_exact | last_token_slugstyle | token_overlap_ascii:augustyniak | token_overlap_slug:augustyniak | initial_match | same_club_bonus,Rafał Sylwester AugustyniakLegia Warszawa
Legia Warszawa,legia-warszawa,Baku M.,makana-baku,legia-warszawa,2023/24,same_season_same_club,107,exact_nonfirst_ascii | exact_nonfirst_slugstyle | last_token_exact | last_token_slugstyle | token_overlap_ascii:baku | token_overlap_slug:baku | sim>=0.92:1.000 | initial_match | same_club_bonus,Makana Nsimba BakuLegia Warszawa
Legia Warszawa,legia-warszawa,Burch M.,marco-burch,legia-warszawa,2025/26,future_season_same_club,109,exact_nonfirst_ascii | exact_nonfirst_slugstyle | last_token_exact | last_token_slugstyle | token_overlap_ascii:burch | token_overlap_slug:burch | sim>=0.92:1.000 | initial_match | same_club_bonus,Marco BurchLegia Warszawa
Legia Warszawa,legia-warszawa,Burch M.,marco-burch,legia-warszawa,2024/25,future_season_same_club,107,exact_nonfirst_ascii | exact_nonfirst_slugstyle | last_token_exact | last_token_slugstyle | token_overlap_ascii:burch | token_overlap_slug:burch | sim>=0.92:1.000 | initial_match | same_club_bonus,Marco BurchLegia Warszawa
Legia Warszawa,legia-warszawa,Burch M.,marco-burch,legia-warszawa,2023/24,same_season_same_club,107,exact_nonfirst_ascii | exact_nonfirst_slugstyle | last_token_exact | last_token_slugstyle | token_overlap_ascii:burch | token_overlap_slug:burch | sim>=0.92:1.000 | initial_match | same_club_bonus,Marco BurchLegia Warszawa
Legia Warszawa,legia-warszawa,Celhaka J.,jurgen-celhaka,legia-warszawa,2024/25,future_season_same_club,107,exact_nonfirst_ascii | exact_nonfirst_slugstyle | last_token_exact | last_token_slugstyle | token_overlap_ascii:celhaka | token_overlap_slug:celhaka | sim>=0.92:1.000 | initial_match | same_club_bonus,Jurgen ÇelhakaLegia Warszawa
Legia Warszawa,legia-warszawa,Celhaka J.,jurgen-celhaka,legia-warszawa,2023/24,same_season_same_club,107,exact_nonfirst_ascii | exact_nonfirst_slugstyle | last_token_exact | last_token_slugstyle | token_overlap_ascii:celhaka | token_overlap_slug:celhaka | sim>=0.92:1.000 | initial_match | same_club_bonus,Jurgen ÇelhakaLegia Warszawa
Legia Warszawa,legia-warszawa,Elitim J.,juergen-farid-elitim-sepulveda,legia-warszawa,2025/26,future_season_same_club,95,token_overlap_ascii:elitim | token_overlap_slug:elitim | initial_match | same_club_bonus,Juergen Farid Elitim SepúlvedaLegia Warszawa
Legia Warszawa,legia-warszawa,Elitim J.,juergen-farid-elitim-sepulveda,legia-warszawa,2024/25,future_season_same_club,93,token_overlap_ascii:elitim | token_overlap_slug:elitim | initial_match | same_club_bonus,Juergen Farid Elitim SepúlvedaLegia Warszawa
Legia Warszawa,legia-warszawa,Elitim J.,juergen-farid-elitim-sepulveda,legia-warszawa,2023/24,same_season_same_club,93,token_overlap_ascii:elitim | token_overlap_slug:elitim | initial_match | same_club_bonus,Juergen Farid Elitim SepúlvedaLegia Warszawa
Legia Warszawa,legia-warszawa,Gil Dias,gil-dias,legia-warszawa,2023/24,same_season_same_club,95,last_token_exact | last_token_slugstyle | token_overlap_ascii:dias | token_overlap_slug:dias | sim>=0.92:1.000 | same_club_bonus,Gil DiasLegia Warszawa
Legia Warszawa,legia-warszawa,Gual M.,marc-gual-huguet,legia-warszawa,2024/25,future_season_same_club,93,token_overlap_ascii:gual | token_overlap_slug:gual | initial_match | same_club_bonus,Marc Gual HuguetLegia Warszawa
Legia Warszawa,legia-warszawa,Gual M.,marc-gual-huguet,legia-warszawa,2023/24,same_season_same_club,93,token_overlap_ascii:gual | token_overlap_slug:gual | initial_match | same_club_bonus,Marc Gual HuguetLegia Warszawa
Legia Warszawa,legia-warszawa,Hładun D.,dominik-hadun,legia-warszawa,2023/24,same_season_same_club,107,exact_nonfirst_slugstyle | last_token_slugstyle | token_overlap_slug:hadun | sim>=0.85:0.909 | initial_match | same_club_bonus,Dominik HładunLegia Warszawa
Legia Warszawa,legia-warszawa,Josue,josue-pesqueira,legia-warszawa,2023/24,same_season_same_club,89,token_overlap_ascii:josue | token_overlap_slug:josue | same_club_bonus,JosuéLegia Warszawa
Legia Warszawa,legia-warszawa,Jędrzejczyk A.,artur-marcin-jedrzejczyk,legia-warszawa,2025/26,future_season_same_club,101,last_token_exact | last_token_slugstyle | token_overlap_ascii:jedrzejczyk | token_overlap_slug:jedrzejczyk | sim>=0.78:0.786 | initial_match | same_club_bonus,Artur Marcin JędrzejczykLegia Warszawa
Legia Warszawa,legia-warszawa,Jędrzejczyk A.,artur-marcin-jedrzejczyk,legia-warszawa,2024/25,future_season_same_club,99,last_token_exact | last_token_slugstyle | token_overlap_ascii:jedrzejczyk | token_overlap_slug:jedrzejczyk | sim>=0.78:0.786 | initial_match | same_club_bonus,Artur Marcin JędrzejczykLegia Warszawa
Legia Warszawa,legia-warszawa,Jędrzejczyk A.,artur-marcin-jedrzejczyk,legia-warszawa,2023/24,same_season_same_club,99,last_token_exact | last_token_slugstyle | token_overlap_ascii:jedrzejczyk | token_overlap_slug:jedrzejczyk | sim>=0.78:0.786 | initial_match | same_club_bonus,Artur Marcin JędrzejczykLegia Warszawa
Legia Warszawa,legia-warszawa,Kapuadi S.,steve-nkanu-kapuadi,legia-warszawa,2025/26,future_season_same_club,101,last_token_exact | last_token_slugstyle | token_overlap_ascii:kapuadi | token_overlap_slug:kapuadi | initial_match | same_club_bonus,Steve Nkanu KapuadiLegia Warszawa
Legia Warszawa,legia-warszawa,Kapuadi S.,steve-nkanu-kapuadi,legia-warszawa,2024/25,future_season_same_club,99,last_token_exact | last_token_slugstyle | token_overlap_ascii:kapuadi | token_overlap_slug:kapuadi | initial_match | same_club_bonus,Steve Nkanu KapuadiLegia Warszawa
Legia Warszawa,legia-warszawa,Kapuadi S.,steve-nkanu-kapuadi,legia-warszawa,2023/24,same_season_same_club,99,last_token_exact | last_token_slugstyle | token_overlap_ascii:kapuadi | token_overlap_slug:kapuadi | initial_match | same_club_bonus,Steve Nkanu KapuadiLegia Warszawa
Legia Warszawa,legia-warszawa,Kapustka B.,bartosz-kapustka,legia-warszawa,2025/26,future_season_same_club,109,exact_nonfirst_ascii | exact_nonfirst_slugstyle | last_token_exact | last_token_slugstyle | token_overlap_ascii:kapustka | token_overlap_slug:kapustka | sim>=0.92:1.000 | initial_match | same_club_bonus,Bartosz KapustkaLegia Warszawa
Legia Warszawa,legia-warszawa,Kapustka B.,bartosz-kapustka,legia-warszawa,2024/25,future_season_same_club,107,exact_nonfirst_ascii | exact_nonfirst_slugstyle | last_token_exact | last_token_slugstyle | token_overlap_ascii:kapustka | token_overlap_slug:kapustka | sim>=0.92:1.000 | initial_match | same_club_bonus,Bartosz KapustkaLegia Warszawa
Legia Warszawa,legia-warszawa,Kapustka B.,bartosz-kapustka,legia-warszawa,2023/24,same_season_same_club,107,exact_nonfirst_ascii | exact_nonfirst_slugstyle | last_token_exact | last_token_slugstyle | token_overlap_ascii:kapustka | token_overlap_slug:kapustka | sim>=0.92:1.000 | initial_match | same_club_bonus,Bartosz KapustkaLegia Warszawa
Legia Warszawa,legia-warszawa,Kobylak G.,gabriel-kobylak,legia-warszawa,2024/25,future_season_same_club,107,exact_nonfirst_ascii | exact_nonfirst_slugstyle | last_token_exact | last_token_slugstyle | token_overlap_ascii:kobylak | token_overlap_slug:kobylak | sim>=0.92:1.000 | initial_match | same_club_bonus,Gabriel KobylakLegia Warszawa
Legia Warszawa,legia-warszawa,Kobylak G.,gabriel-kobylak,legia-warszawa,2023/24,same_season_same_club,107,exact_nonfirst_ascii | exact_nonfirst_slugstyle | last_token_exact | last_token_slugstyle | token_overlap_ascii:kobylak | token_overlap_slug:kobylak | sim>=0.92:1.000 | initial_match | same_club_bonus,Gabriel KobylakLegia Warszawa
Legia Warszawa,legia-warszawa,Kramer B.,blaz-kramer,legia-warszawa,2024/25,future_season_same_club,107,exact_nonfirst_ascii | exact_nonfirst_slugstyle | last_token_exact | last_token_slugstyle | token_overlap_ascii:kramer | token_overlap_slug:kramer | sim>=0.92:1.000 | initial_match | same_club_bonus,Blaž KramerLegia Warszawa
Legia Warszawa,legia-warszawa,Kramer B.,blaz-kramer,legia-warszawa,2023/24,same_season_same_club,107,exact_nonfirst_ascii | exact_nonfirst_slugstyle | last_token_exact | last_token_slugstyle | token_overlap_ascii:kramer | token_overlap_slug:kramer | sim>=0.92:1.000 | initial_match | same_club_bonus,Blaž KramerLegia Warszawa
Legia Warszawa,legia-warszawa,Kun P.,patryk-kun,legia-warszawa,2025/26,future_season_same_club,109,exact_nonfirst_ascii | exact_nonfirst_slugstyle | last_token_exact | last_token_slugstyle | sim>=0.92:1.000 | initial_match | same_club_bonus,Patryk KunLegia Warszawa
Legia Warszawa,legia-warszawa,Kun P.,patryk-kun,legia-warszawa,2024/25,future_season_same_club,107,exact_nonfirst_ascii | exact_nonfirst_slugstyle | last_token_exact | last_token_slugstyle | sim>=0.92:1.000 | initial_match | same_club_bonus,Patryk KunLegia Warszawa
Legia Warszawa,legia-warszawa,Kun P.,patryk-kun,legia-warszawa,2023/24,same_season_same_club,107,exact_nonfirst_ascii | exact_nonfirst_slugstyle | last_token_exact | last_token_slugstyle | sim>=0.92:1.000 | initial_match | same_club_bonus,Patryk KunLegia Warszawa
Legia Warszawa,legia-warszawa,Morishita R.,ryoya-morishita,legia-warszawa,2025/26,future_season_same_club,109,exact_nonfirst_ascii | exact_nonfirst_slugstyle | last_token_exact | last_token_slugstyle | token_overlap_ascii:morishita | token_overlap_slug:morishita | sim>=0.92:1.000 | initial_match | same_club_bonus,Ryoya MorishitaLegia Warszawa
Legia Warszawa,legia-warszawa,Morishita R.,ryoya-morishita,legia-warszawa,2024/25,future_season_same_club,107,exact_nonfirst_ascii | exact_nonfirst_slugstyle | last_token_exact | last_token_slugstyle | token_overlap_ascii:morishita | token_overlap_slug:morishita | sim>=0.92:1.000 | initial_match | same_club_bonus,Ryoya MorishitaLegia Warszawa
Legia Warszawa,legia-warszawa,Morishita R.,ryoya-morishita,legia-warszawa,2023/24,same_season_same_club,107,exact_nonfirst_ascii | exact_nonfirst_slugstyle | last_token_exact | last_token_slugstyle | token_overlap_ascii:morishita | token_overlap_slug:morishita | sim>=0.92:1.000 | initial_match | same_club_bonus,Ryoya MorishitaLegia Warszawa
Legia Warszawa,legia-warszawa,Muci E.,ernest-muci,legia-warszawa,2023/24,same_season_same_club,107,exact_nonfirst_ascii | exact_nonfirst_slugstyle | last_token_exact | last_token_slugstyle | token_overlap_ascii:muci | token_overlap_slug:muci | sim>=0.92:1.000 | initial_match | same_club_bonus,Ernest MuçiLegia Warszawa
Legia Warszawa,legia-warszawa,Pankov R.,radovan-pankov,legia-warszawa,2025/26,future_season_same_club,109,exact_nonfirst_ascii | exact_nonfirst_slugstyle | last_token_exact | last_token_slugstyle | token_overlap_ascii:pankov | token_overlap_slug:pankov | sim>=0.92:1.000 | initial_match | same_club_bonus,Radovan PankovLegia Warszawa
Legia Warszawa,legia-warszawa,Pankov R.,radovan-pankov,legia-warszawa,2024/25,future_season_same_club,107,exact_nonfirst_ascii | exact_nonfirst_slugstyle | last_token_exact | last_token_slugstyle | token_overlap_ascii:pankov | token_overlap_slug:pankov | sim>=0.92:1.000 | initial_match | same_club_bonus,Radovan PankovLegia Warszawa
Legia Warszawa,legia-warszawa,Pankov R.,radovan-pankov,legia-warszawa,2023/24,same_season_same_club,107,exact_nonfirst_ascii | exact_nonfirst_slugstyle | last_token_exact | last_token_slugstyle | token_overlap_ascii:pankov | token_overlap_slug:pankov | sim>=0.92:1.000 | initial_match | same_club_bonus,Radovan PankovLegia Warszawa
Legia Warszawa,legia-warszawa,Pekhart T.,tomas-pekhart,legia-warszawa,2024/25,future_season_same_club,107,exact_nonfirst_ascii | exact_nonfirst_slugstyle | last_token_exact | last_token_slugstyle | token_overlap_ascii:pekhart | token_overlap_slug:pekhart | sim>=0.92:1.000 | initial_match | same_club_bonus,Tomáš PekhartLegia Warszawa
Legia Warszawa,legia-warszawa,Pekhart T.,tomas-pekhart,legia-warszawa,2023/24,same_season_same_club,107,exact_nonfirst_ascii | exact_nonfirst_slugstyle | last_token_exact | last_token_slugstyle | token_overlap_ascii:pekhart | token_overlap_slug:pekhart | sim>=0.92:1.000 | initial_match | same_club_bonus,Tomáš PekhartLegia Warszawa
Legia Warszawa,legia-warszawa,Rejczyk F.,filip-rejczyk,legia-warszawa,2023/24,same_season_same_club,107,exact_nonfirst_ascii | exact_nonfirst_slugstyle | last_token_exact | last_token_slugstyle | token_overlap_ascii:rejczyk | token_overlap_slug:rejczyk | sim>=0.92:1.000 | initial_match | same_club_bonus,Filip RejczykLegia Warszawa
Legia Warszawa,legia-warszawa,Ribeiro Y.,yuri-ribeiro,legia-warszawa,2023/24,same_season_same_club,107,exact_nonfirst_ascii | exact_nonfirst_slugstyle | last_token_exact | last_token_slugstyle | token_overlap_ascii:ribeiro | token_overlap_slug:ribeiro | sim>=0.92:1.000 | initial_match | same_club_bonus,Yuri RibeiroLegia Warszawa
Legia Warszawa,legia-warszawa,Rose L.,lindsay-rose,legia-warszawa,2023/24,same_season_same_club,107,exact_nonfirst_ascii | exact_nonfirst_slugstyle | last_token_exact | last_token_slugstyle | token_overlap_ascii:rose | token_overlap_slug:rose | sim>=0.92:1.000 | initial_match | same_club_bonus,Lindsay Marc RoseLegia Warszawa
Legia Warszawa,legia-warszawa,Rose L.,maciej-rosoek,legia-warszawa,2024/25,future_season_same_club,81,sim>=0.78:0.800 | same_club_bonus,Maciej RosołekLegia Warszawa
Legia Warszawa,legia-warszawa,Rose L.,maciej-rosoek,legia-warszawa,2023/24,same_season_same_club,81,sim>=0.78:0.800 | same_club_bonus,Maciej RosołekLegia Warszawa
Legia Warszawa,legia-warszawa,Rosołek M.,maciej-rosoek,legia-warszawa,2024/25,future_season_same_club,107,exact_nonfirst_slugstyle | last_token_slugstyle | token_overlap_slug:rosoek | sim>=0.92:0.923 | initial_match | same_club_bonus,Maciej RosołekLegia Warszawa
Legia Warszawa,legia-warszawa,Rosołek M.,maciej-rosoek,legia-warszawa,2023/24,same_season_same_club,107,exact_nonfirst_slugstyle | last_token_slugstyle | token_overlap_slug:rosoek | sim>=0.92:0.923 | initial_match | same_club_bonus,Maciej RosołekLegia Warszawa
Legia Warszawa,legia-warszawa,Slisz B.,bartosz-slisz,legia-warszawa,2023/24,same_season_same_club,107,exact_nonfirst_ascii | exact_nonfirst_slugstyle | last_token_exact | last_token_slugstyle | token_overlap_ascii:slisz | token_overlap_slug:slisz | sim>=0.92:1.000 | initial_match | same_club_bonus,Bartosz Piotr SliszLegia Warszawa
Legia Warszawa,legia-warszawa,Sokołowski P.,patryk-sokoowski,legia-warszawa,2023/24,same_season_same_club,107,exact_nonfirst_slugstyle | last_token_slugstyle | token_overlap_slug:sokoowski | sim>=0.92:0.947 | initial_match | same_club_bonus,Patryk SokołowskiLegia Warszawa
Legia Warszawa,legia-warszawa,Strzałek I.,igor-strzaek,legia-warszawa,2024/25,future_season_same_club,107,exact_nonfirst_slugstyle | last_token_slugstyle | token_overlap_slug:strzaek | sim>=0.92:0.933 | initial_match | same_club_bonus,Igor StrzałekLegia Warszawa
Legia Warszawa,legia-warszawa,Strzałek I.,igor-strzaek,legia-warszawa,2023/24,same_season_same_club,107,exact_nonfirst_slugstyle | last_token_slugstyle | token_overlap_slug:strzaek | sim>=0.92:0.933 | initial_match | same_club_bonus,Igor StrzałekLegia Warszawa
Legia Warszawa,legia-warszawa,Szczepaniak M.,mateusz-szczepaniak,legia-warszawa,2024/25,future_season_same_club,107,exact_nonfirst_ascii | exact_nonfirst_slugstyle | last_token_exact | last_token_slugstyle | token_overlap_ascii:szczepaniak | token_overlap_slug:szczepaniak | sim>=0.92:1.000 | initial_match | same_club_bonus,Mateusz SzczepaniakLegia Warszawa
Legia Warszawa,legia-warszawa,Tobiasz K.,kacper-tobiasz,legia-warszawa,2025/26,future_season_same_club,109,exact_nonfirst_ascii | exact_nonfirst_slugstyle | last_token_exact | last_token_slugstyle | token_overlap_ascii:tobiasz | token_overlap_slug:tobiasz | sim>=0.92:1.000 | initial_match | same_club_bonus,Kacper TobiaszLegia Warszawa
Legia Warszawa,legia-warszawa,Tobiasz K.,kacper-tobiasz,legia-warszawa,2024/25,future_season_same_club,107,exact_nonfirst_ascii | exact_nonfirst_slugstyle | last_token_exact | last_token_slugstyle | token_overlap_ascii:tobiasz | token_overlap_slug:tobiasz | sim>=0.92:1.000 | initial_match | same_club_bonus,Kacper TobiaszLegia Warszawa
Legia Warszawa,legia-warszawa,Tobiasz K.,kacper-tobiasz,legia-warszawa,2023/24,same_season_same_club,107,exact_nonfirst_ascii | exact_nonfirst_slugstyle | last_token_exact | last_token_slugstyle | token_overlap_ascii:tobiasz | token_overlap_slug:tobiasz | sim>=0.92:1.000 | initial_match | same_club_bonus,Kacper TobiaszLegia Warszawa
Legia Warszawa,legia-warszawa,Urbański W.,wojciech-urbanski,legia-warszawa,2025/26,future_season_same_club,109,exact_nonfirst_ascii | exact_nonfirst_slugstyle | last_token_exact | last_token_slugstyle | token_overlap_ascii:urbanski | token_overlap_slug:urbanski | sim>=0.92:1.000 | initial_match | same_club_bonus,Wojciech UrbanskiLegia Warszawa
Legia Warszawa,legia-warszawa,Urbański W.,wojciech-urbanski,legia-warszawa,2024/25,future_season_same_club,107,exact_nonfirst_ascii | exact_nonfirst_slugstyle | last_token_exact | last_token_slugstyle | token_overlap_ascii:urbanski | token_overlap_slug:urbanski | sim>=0.92:1.000 | initial_match | same_club_bonus,Wojciech UrbanskiLegia Warszawa
Legia Warszawa,legia-warszawa,Urbański W.,wojciech-urbanski,legia-warszawa,2023/24,same_season_same_club,107,exact_nonfirst_ascii | exact_nonfirst_slugstyle | last_token_exact | last_token_slugstyle | token_overlap_ascii:urbanski | token_overlap_slug:urbanski | sim>=0.92:1.000 | initial_match | same_club_bonus,Wojciech UrbanskiLegia Warszawa
Legia Warszawa,legia-warszawa,Urbański W.,kacper-urbanski,legia-warszawa,2025/26,future_season_same_club,105,exact_nonfirst_ascii | exact_nonfirst_slugstyle | last_token_exact | last_token_slugstyle | token_overlap_ascii:urbanski | token_overlap_slug:urbanski | sim>=0.92:1.000 | same_club_bonus,Kacper UrbanskiLegia Warszawa
Legia Warszawa,legia-warszawa,Wszołek P.,pawe-marek-wszoek,legia-warszawa,2025/26,future_season_same_club,101,last_token_slugstyle | token_overlap_slug:wszoek | initial_match | same_club_bonus,Paweł Marek WszołekLegia Warszawa
Legia Warszawa,legia-warszawa,Wszołek P.,pawe-marek-wszoek,legia-warszawa,2024/25,future_season_same_club,99,last_token_slugstyle | token_overlap_slug:wszoek | initial_match | same_club_bonus,Paweł Marek WszołekLegia Warszawa
Legia Warszawa,legia-warszawa,Wszołek P.,pawe-marek-wszoek,legia-warszawa,2023/24,same_season_same_club,99,last_token_slugstyle | token_overlap_slug:wszoek | initial_match | same_club_bonus,Paweł Marek WszołekLegia Warszawa
Legia Warszawa,legia-warszawa,Ziółkowski J.,jan-ziokowski,legia-warszawa,2025/26,future_season_same_club,109,exact_nonfirst_slugstyle | last_token_slugstyle | token_overlap_slug:ziokowski | sim>=0.92:0.947 | initial_match | same_club_bonus,Jan ZiółkowskiLegia Warszawa
Legia Warszawa,legia-warszawa,Ziółkowski J.,jan-ziokowski,legia-warszawa,2024/25,future_season_same_club,107,exact_nonfirst_slugstyle | last_token_slugstyle | token_overlap_slug:ziokowski | sim>=0.92:0.947 | initial_match | same_club_bonus,Jan ZiółkowskiLegia Warszawa
Legia Warszawa,legia-warszawa,Ziółkowski J.,jan-ziokowski,legia-warszawa,2023/24,same_season_same_club,107,exact_nonfirst_slugstyle | last_token_slugstyle | token_overlap_slug:ziokowski | sim>=0.92:0.947 | initial_match | same_club_bonus,Jan ZiółkowskiLegia Warszawa
Piast Gliwice,piast-gliwice,Ameyaw M.,michael-ameyaw,piast-gliwice,2024/25,future_season_same_club,107,exact_nonfirst_ascii | exact_nonfirst_slugstyle | last_token_exact | last_token_slugstyle | token_overlap_ascii:ameyaw | token_overlap_slug:ameyaw | sim>=0.92:1.000 | initial_match | same_club_bonus,Michael AmeyawPiast Gliwice
Piast Gliwice,piast-gliwice,Ameyaw M.,michael-ameyaw,piast-gliwice,2023/24,same_season_same_club,107,exact_nonfirst_ascii | exact_nonfirst_slugstyle | last_token_exact | last_token_slugstyle | token_overlap_ascii:ameyaw | token_overlap_slug:ameyaw | sim>=0.92:1.000 | initial_match | same_club_bonus,Michael AmeyawPiast Gliwice
Piast Gliwice,piast-gliwice,Bykowski M.,marcel-bykowski,piast-gliwice,2023/24,same_season_same_club,107,exact_nonfirst_ascii | exact_nonfirst_slugstyle | last_token_exact | last_token_slugstyle | token_overlap_ascii:bykowski | token_overlap_slug:bykowski | sim>=0.92:1.000 | initial_match | same_club_bonus,Marcel BykowskiPiast Gliwice
Piast Gliwice,piast-gliwice,Chrapek M.,micha-ukasz-chrapek,piast-gliwice,2025/26,future_season_same_club,101,last_token_exact | last_token_slugstyle | token_overlap_ascii:chrapek | token_overlap_slug:chrapek | initial_match | same_club_bonus,Michał Łukasz ChrapekPiast Gliwice
Piast Gliwice,piast-gliwice,Chrapek M.,micha-ukasz-chrapek,piast-gliwice,2024/25,future_season_same_club,99,last_token_exact | last_token_slugstyle | token_overlap_ascii:chrapek | token_overlap_slug:chrapek | initial_match | same_club_bonus,Michał Łukasz ChrapekPiast Gliwice
Piast Gliwice,piast-gliwice,Chrapek M.,micha-ukasz-chrapek,piast-gliwice,2023/24,same_season_same_club,99,last_token_exact | last_token_slugstyle | token_overlap_ascii:chrapek | token_overlap_slug:chrapek | initial_match | same_club_bonus,Michał Łukasz ChrapekPiast Gliwice
Piast Gliwice,piast-gliwice,Czerwiński J.,jakub-czerwinski,piast-gliwice,2025/26,future_season_same_club,109,exact_nonfirst_ascii | exact_nonfirst_slugstyle | last_token_exact | last_token_slugstyle | token_overlap_ascii:czerwinski | token_overlap_slug:czerwinski | sim>=0.92:1.000 | initial_match | same_club_bonus,Jakub CzerwińskiPiast Gliwice
Piast Gliwice,piast-gliwice,Czerwiński J.,jakub-czerwinski,piast-gliwice,2024/25,future_season_same_club,107,exact_nonfirst_ascii | exact_nonfirst_slugstyle | last_token_exact | last_token_slugstyle | token_overlap_ascii:czerwinski | token_overlap_slug:czerwinski | sim>=0.92:1.000 | initial_match | same_club_bonus,Jakub CzerwińskiPiast Gliwice
Piast Gliwice,piast-gliwice,Czerwiński J.,jakub-czerwinski,piast-gliwice,2023/24,same_season_same_club,107,exact_nonfirst_ascii | exact_nonfirst_slugstyle | last_token_exact | last_token_slugstyle | token_overlap_ascii:czerwinski | token_overlap_slug:czerwinski | sim>=0.92:1.000 | initial_match | same_club_bonus,Jakub CzerwińskiPiast Gliwice
Piast Gliwice,piast-gliwice,Dziczek P.,patryk-dziczek,piast-gliwice,2025/26,future_season_same_club,109,exact_nonfirst_ascii | exact_nonfirst_slugstyle | last_token_exact | last_token_slugstyle | token_overlap_ascii:dziczek | token_overlap_slug:dziczek | sim>=0.92:1.000 | initial_match | same_club_bonus,Patryk DziczekPiast Gliwice
Piast Gliwice,piast-gliwice,Dziczek P.,patryk-dziczek,piast-gliwice,2024/25,future_season_same_club,107,exact_nonfirst_ascii | exact_nonfirst_slugstyle | last_token_exact | last_token_slugstyle | token_overlap_ascii:dziczek | token_overlap_slug:dziczek | sim>=0.92:1.000 | initial_match | same_club_bonus,Patryk DziczekPiast Gliwice
Piast Gliwice,piast-gliwice,Dziczek P.,patryk-dziczek,piast-gliwice,2023/24,same_season_same_club,107,exact_nonfirst_ascii | exact_nonfirst_slugstyle | last_token_exact | last_token_slugstyle | token_overlap_ascii:dziczek | token_overlap_slug:dziczek | sim>=0.92:1.000 | initial_match | same_club_bonus,Patryk DziczekPiast Gliwice
Piast Gliwice,piast-gliwice,Felix J.,jorge-felix-munoz-garcia,piast-gliwice,2025/26,future_season_same_club,95,token_overlap_ascii:felix | token_overlap_slug:felix | initial_match | same_club_bonus,Jorge Félix Muñoz GarcíaPiast Gliwice
Piast Gliwice,piast-gliwice,Felix J.,jorge-felix-munoz-garcia,piast-gliwice,2024/25,future_season_same_club,93,token_overlap_ascii:felix | token_overlap_slug:felix | initial_match | same_club_bonus,Jorge Félix Muñoz GarcíaPiast Gliwice
Piast Gliwice,piast-gliwice,Felix J.,jorge-felix-munoz-garcia,piast-gliwice,2023/24,same_season_same_club,93,token_overlap_ascii:felix | token_overlap_slug:felix | initial_match | same_club_bonus,Jorge Félix Muñoz GarcíaPiast Gliwice
Piast Gliwice,piast-gliwice,Hateley T.,thomas-nathan-hateley,piast-gliwice,2023/24,same_season_same_club,99,last_token_exact | last_token_slugstyle | token_overlap_ascii:hateley | token_overlap_slug:hateley | initial_match | same_club_bonus,Thomas Nathan HateleyPiast Gliwice
Piast Gliwice,piast-gliwice,Holubek J.,jakub-holubek,piast-gliwice,2023/24,same_season_same_club,107,exact_nonfirst_ascii | exact_nonfirst_slugstyle | last_token_exact | last_token_slugstyle | token_overlap_ascii:holubek | token_overlap_slug:holubek | sim>=0.92:1.000 | initial_match | same_club_bonus,Jakub HolúbekPiast Gliwice
Piast Gliwice,piast-gliwice,Huk T.,tomas-huk,piast-gliwice,2024/25,future_season_same_club,107,exact_nonfirst_ascii | exact_nonfirst_slugstyle | last_token_exact | last_token_slugstyle | sim>=0.92:1.000 | initial_match | same_club_bonus,Tomáš HukPiast Gliwice
Piast Gliwice,piast-gliwice,Huk T.,tomas-huk,piast-gliwice,2023/24,same_season_same_club,107,exact_nonfirst_ascii | exact_nonfirst_slugstyle | last_token_exact | last_token_slugstyle | sim>=0.92:1.000 | initial_match | same_club_bonus,Tomáš HukPiast Gliwice
Piast Gliwice,piast-gliwice,Karbowy F.,filip-karbowy,piast-gliwice,2024/25,future_season_same_club,107,exact_nonfirst_ascii | exact_nonfirst_slugstyle | last_token_exact | last_token_slugstyle | token_overlap_ascii:karbowy | token_overlap_slug:karbowy | sim>=0.92:1.000 | initial_match | same_club_bonus,Filip KarbowyPiast Gliwice
Piast Gliwice,piast-gliwice,Karbowy F.,filip-karbowy,piast-gliwice,2023/24,same_season_same_club,107,exact_nonfirst_ascii | exact_nonfirst_slugstyle | last_token_exact | last_token_slugstyle | token_overlap_ascii:karbowy | token_overlap_slug:karbowy | sim>=0.92:1.000 | initial_match | same_club_bonus,Filip KarbowyPiast Gliwice
Piast Gliwice,piast-gliwice,Katranis A.,alexandros-katranis,piast-gliwice,2023/24,same_season_same_club,107,exact_nonfirst_ascii | exact_nonfirst_slugstyle | last_token_exact | last_token_slugstyle | token_overlap_ascii:katranis | token_overlap_slug:katranis | sim>=0.92:1.000 | initial_match | same_club_bonus,Alexandros KatranisPiast Gliwice
Piast Gliwice,piast-gliwice,Kirejczyk G.,gabriel-kirejczyk,piast-gliwice,2024/25,future_season_same_club,107,exact_nonfirst_ascii | exact_nonfirst_slugstyle | last_token_exact | last_token_slugstyle | token_overlap_ascii:kirejczyk | token_overlap_slug:kirejczyk | sim>=0.92:1.000 | initial_match | same_club_bonus,Gabriel KirejczykPiast Gliwice
Piast Gliwice,piast-gliwice,Kirejczyk G.,gabriel-kirejczyk,piast-gliwice,2023/24,same_season_same_club,107,exact_nonfirst_ascii | exact_nonfirst_slugstyle | last_token_exact | last_token_slugstyle | token_overlap_ascii:kirejczyk | token_overlap_slug:kirejczyk | sim>=0.92:1.000 | initial_match | same_club_bonus,Gabriel KirejczykPiast Gliwice
Piast Gliwice,piast-gliwice,Kostadinov T.,tihomir-kostadinov,piast-gliwice,2024/25,future_season_same_club,107,exact_nonfirst_ascii | exact_nonfirst_slugstyle | last_token_exact | last_token_slugstyle | token_overlap_ascii:kostadinov | token_overlap_slug:kostadinov | sim>=0.92:1.000 | initial_match | same_club_bonus,Tihomir KostadinovPiast Gliwice
Piast Gliwice,piast-gliwice,Kostadinov T.,tihomir-kostadinov,piast-gliwice,2023/24,same_season_same_club,107,exact_nonfirst_ascii | exact_nonfirst_slugstyle | last_token_exact | last_token_slugstyle | token_overlap_ascii:kostadinov | token_overlap_slug:kostadinov | sim>=0.92:1.000 | initial_match | same_club_bonus,Tihomir KostadinovPiast Gliwice
Piast Gliwice,piast-gliwice,Krykun S.,serhij-krykun,piast-gliwice,2024/25,future_season_same_club,107,exact_nonfirst_ascii | exact_nonfirst_slugstyle | last_token_exact | last_token_slugstyle | token_overlap_ascii:krykun | token_overlap_slug:krykun | sim>=0.92:1.000 | initial_match | same_club_bonus,Serhii Krykun WiktorowyczPiast Gliwice
Piast Gliwice,piast-gliwice,Krykun S.,serhij-krykun,piast-gliwice,2023/24,same_season_same_club,107,exact_nonfirst_ascii | exact_nonfirst_slugstyle | last_token_exact | last_token_slugstyle | token_overlap_ascii:krykun | token_overlap_slug:krykun | sim>=0.92:1.000 | initial_match | same_club_bonus,Serhii Krykun WiktorowyczPiast Gliwice
Piast Gliwice,piast-gliwice,Kądzior D.,damian-kadzior,piast-gliwice,2024/25,future_season_same_club,107,exact_nonfirst_ascii | exact_nonfirst_slugstyle | last_token_exact | last_token_slugstyle | token_overlap_ascii:kadzior | token_overlap_slug:kadzior | sim>=0.92:1.000 | initial_match | same_club_bonus,Damian KądziorPiast Gliwice
Piast Gliwice,piast-gliwice,Kądzior D.,damian-kadzior,piast-gliwice,2023/24,same_season_same_club,107,exact_nonfirst_ascii | exact_nonfirst_slugstyle | last_token_exact | last_token_slugstyle | token_overlap_ascii:kadzior | token_overlap_slug:kadzior | sim>=0.92:1.000 | initial_match | same_club_bonus,Damian KądziorPiast Gliwice
Piast Gliwice,piast-gliwice,Leśniak O.,oskar-lesniak,piast-gliwice,2025/26,future_season_same_club,109,exact_nonfirst_ascii | exact_nonfirst_slugstyle | last_token_exact | last_token_slugstyle | token_overlap_ascii:lesniak | token_overlap_slug:lesniak | sim>=0.92:1.000 | initial_match | same_club_bonus,Oskar LeśniakPiast Gliwice
Piast Gliwice,piast-gliwice,Leśniak O.,oskar-lesniak,piast-gliwice,2024/25,future_season_same_club,107,exact_nonfirst_ascii | exact_nonfirst_slugstyle | last_token_exact | last_token_slugstyle | token_overlap_ascii:lesniak | token_overlap_slug:lesniak | sim>=0.92:1.000 | initial_match | same_club_bonus,Oskar LeśniakPiast Gliwice
Piast Gliwice,piast-gliwice,Leśniak O.,oskar-lesniak,piast-gliwice,2023/24,same_season_same_club,107,exact_nonfirst_ascii | exact_nonfirst_slugstyle | last_token_exact | last_token_slugstyle | token_overlap_ascii:lesniak | token_overlap_slug:lesniak | sim>=0.92:1.000 | initial_match | same_club_bonus,Oskar LeśniakPiast Gliwice
Piast Gliwice,piast-gliwice,Liszewski P.,piotr-liszewski,piast-gliwice,2023/24,same_season_same_club,107,exact_nonfirst_ascii | exact_nonfirst_slugstyle | last_token_exact | last_token_slugstyle | token_overlap_ascii:liszewski | token_overlap_slug:liszewski | sim>=0.92:1.000 | initial_match | same_club_bonus,Piotr LiszewskiPiast Gliwice
Piast Gliwice,piast-gliwice,Mokwa T.,tomasz-mokwa,piast-gliwice,2025/26,future_season_same_club,109,exact_nonfirst_ascii | exact_nonfirst_slugstyle | last_token_exact | last_token_slugstyle | token_overlap_ascii:mokwa | token_overlap_slug:mokwa | sim>=0.92:1.000 | initial_match | same_club_bonus,Tomasz MokwaPiast Gliwice
Piast Gliwice,piast-gliwice,Mokwa T.,tomasz-mokwa,piast-gliwice,2024/25,future_season_same_club,107,exact_nonfirst_ascii | exact_nonfirst_slugstyle | last_token_exact | last_token_slugstyle | token_overlap_ascii:mokwa | token_overlap_slug:mokwa | sim>=0.92:1.000 | initial_match | same_club_bonus,Tomasz MokwaPiast Gliwice
Piast Gliwice,piast-gliwice,Mokwa T.,tomasz-mokwa,piast-gliwice,2023/24,same_season_same_club,107,exact_nonfirst_ascii | exact_nonfirst_slugstyle | last_token_exact | last_token_slugstyle | token_overlap_ascii:mokwa | token_overlap_slug:mokwa | sim>=0.92:1.000 | initial_match | same_club_bonus,Tomasz MokwaPiast Gliwice
Piast Gliwice,piast-gliwice,Mosór A.,ariel-pawe-mosor,piast-gliwice,2024/25,future_season_same_club,99,last_token_exact | last_token_slugstyle | token_overlap_ascii:mosor | token_overlap_slug:mosor | initial_match | same_club_bonus,Ariel Paweł MosórPiast Gliwice
Piast Gliwice,piast-gliwice,Mosór A.,ariel-pawe-mosor,piast-gliwice,2023/24,same_season_same_club,99,last_token_exact | last_token_slugstyle | token_overlap_ascii:mosor | token_overlap_slug:mosor | initial_match | same_club_bonus,Ariel Paweł MosórPiast Gliwice
Piast Gliwice,piast-gliwice,Piasecki F.,fabian-piasecki,piast-gliwice,2024/25,future_season_same_club,107,exact_nonfirst_ascii | exact_nonfirst_slugstyle | last_token_exact | last_token_slugstyle | token_overlap_ascii:piasecki | token_overlap_slug:piasecki | sim>=0.92:1.000 | initial_match | same_club_bonus,Fabian PiaseckiPiast Gliwice
Piast Gliwice,piast-gliwice,Piasecki F.,fabian-piasecki,piast-gliwice,2023/24,same_season_same_club,107,exact_nonfirst_ascii | exact_nonfirst_slugstyle | last_token_exact | last_token_slugstyle | token_overlap_ascii:piasecki | token_overlap_slug:piasecki | sim>=0.92:1.000 | initial_match | same_club_bonus,Fabian PiaseckiPiast Gliwice
Piast Gliwice,piast-gliwice,Plach F.,frantisek-plach,piast-gliwice,2025/26,future_season_same_club,109,exact_nonfirst_ascii | exact_nonfirst_slugstyle | last_token_exact | last_token_slugstyle | token_overlap_ascii:plach | token_overlap_slug:plach | sim>=0.92:1.000 | initial_match | same_club_bonus,František PlachPiast Gliwice
Piast Gliwice,piast-gliwice,Plach F.,frantisek-plach,piast-gliwice,2024/25,future_season_same_club,107,exact_nonfirst_ascii | exact_nonfirst_slugstyle | last_token_exact | last_token_slugstyle | token_overlap_ascii:plach | token_overlap_slug:plach | sim>=0.92:1.000 | initial_match | same_club_bonus,František PlachPiast Gliwice
Piast Gliwice,piast-gliwice,Plach F.,frantisek-plach,piast-gliwice,2023/24,same_season_same_club,107,exact_nonfirst_ascii | exact_nonfirst_slugstyle | last_token_exact | last_token_slugstyle | token_overlap_ascii:plach | token_overlap_slug:plach | sim>=0.92:1.000 | initial_match | same_club_bonus,František PlachPiast Gliwice
Piast Gliwice,piast-gliwice,Pyrka A.,arkadiusz-pyrka,piast-gliwice,2024/25,future_season_same_club,107,exact_nonfirst_ascii | exact_nonfirst_slugstyle | last_token_exact | last_token_slugstyle | token_overlap_ascii:pyrka | token_overlap_slug:pyrka | sim>=0.92:1.000 | initial_match | same_club_bonus,Arkadiusz PyrkaPiast Gliwice
Piast Gliwice,piast-gliwice,Pyrka A.,arkadiusz-pyrka,piast-gliwice,2023/24,same_season_same_club,107,exact_nonfirst_ascii | exact_nonfirst_slugstyle | last_token_exact | last_token_slugstyle | token_overlap_ascii:pyrka | token_overlap_slug:pyrka | sim>=0.92:1.000 | initial_match | same_club_bonus,Arkadiusz PyrkaPiast Gliwice
Piast Gliwice,piast-gliwice,Szczepański M.,miosz-szczepanski,piast-gliwice,2024/25,future_season_same_club,107,exact_nonfirst_ascii | exact_nonfirst_slugstyle | last_token_exact | last_token_slugstyle | token_overlap_ascii:szczepanski | token_overlap_slug:szczepanski | sim>=0.92:1.000 | initial_match | same_club_bonus,Miłosz SzczepańskiPiast Gliwice
Piast Gliwice,piast-gliwice,Szczepański M.,miosz-szczepanski,piast-gliwice,2023/24,same_season_same_club,107,exact_nonfirst_ascii | exact_nonfirst_slugstyle | last_token_exact | last_token_slugstyle | token_overlap_ascii:szczepanski | token_overlap_slug:szczepanski | sim>=0.92:1.000 | initial_match | same_club_bonus,Miłosz SzczepańskiPiast Gliwice
Piast Gliwice,piast-gliwice,Szymański K.,karol-szymanski,piast-gliwice,2025/26,future_season_same_club,109,exact_nonfirst_ascii | exact_nonfirst_slugstyle | last_token_exact | last_token_slugstyle | token_overlap_ascii:szymanski | token_overlap_slug:szymanski | sim>=0.92:1.000 | initial_match | same_club_bonus,Karol SzymańskiPiast Gliwice
Piast Gliwice,piast-gliwice,Szymański K.,karol-szymanski,piast-gliwice,2023/24,same_season_same_club,107,exact_nonfirst_ascii | exact_nonfirst_slugstyle | last_token_exact | last_token_slugstyle | token_overlap_ascii:szymanski | token_overlap_slug:szymanski | sim>=0.92:1.000 | initial_match | same_club_bonus,Karol SzymańskiPiast Gliwice
Piast Gliwice,piast-gliwice,Tomasiewicz G.,grzegorz-tomasiewicz,piast-gliwice,2025/26,future_season_same_club,109,exact_nonfirst_ascii | exact_nonfirst_slugstyle | last_token_exact | last_token_slugstyle | token_overlap_ascii:tomasiewicz | token_overlap_slug:tomasiewicz | sim>=0.92:1.000 | initial_match | same_club_bonus,Grzegorz TomasiewiczPiast Gliwice
Piast Gliwice,piast-gliwice,Tomasiewicz G.,grzegorz-tomasiewicz,piast-gliwice,2024/25,future_season_same_club,107,exact_nonfirst_ascii | exact_nonfirst_slugstyle | last_token_exact | last_token_slugstyle | token_overlap_ascii:tomasiewicz | token_overlap_slug:tomasiewicz | sim>=0.92:1.000 | initial_match | same_club_bonus,Grzegorz TomasiewiczPiast Gliwice
Piast Gliwice,piast-gliwice,Tomasiewicz G.,grzegorz-tomasiewicz,piast-gliwice,2023/24,same_season_same_club,107,exact_nonfirst_ascii | exact_nonfirst_slugstyle | last_token_exact | last_token_slugstyle | token_overlap_ascii:tomasiewicz | token_overlap_slug:tomasiewicz | sim>=0.92:1.000 | initial_match | same_club_bonus,Grzegorz TomasiewiczPiast Gliwice
Piast Gliwice,piast-gliwice,Urbański P.,piotr-urbanski,piast-gliwice,2023/24,same_season_same_club,107,exact_nonfirst_ascii | exact_nonfirst_slugstyle | last_token_exact | last_token_slugstyle | token_overlap_ascii:urbanski | token_overlap_slug:urbanski | sim>=0.92:1.000 | initial_match | same_club_bonus,Piotr UrbańskiPiast Gliwice
Piast Gliwice,piast-gliwice,Wilczek K.,kamil-wilczek,piast-gliwice,2023/24,same_season_same_club,107,exact_nonfirst_ascii | exact_nonfirst_slugstyle | last_token_exact | last_token_slugstyle | token_overlap_ascii:wilczek | token_overlap_slug:wilczek | sim>=0.92:1.000 | initial_match | same_club_bonus,Kamil Antoni WilczekPiast Gliwice
Pogoń Szczecin,pogon-szczecin,Bichakhchyan V.,vahan-bichakhchyan,pogon-szczecin,2023/24,same_season_same_club,107,exact_nonfirst_ascii | exact_nonfirst_slugstyle | last_token_exact | last_token_slugstyle | token_overlap_ascii:bichakhchyan | token_overlap_slug:bichakhchyan | sim>=0.92:1.000 | initial_match | same_club_bonus,Vahan BichakhchyanPogoń Szczecin
Pogoń Szczecin,pogon-szczecin,Cojocaru V.,valentin-alexandru-cojocaru,pogon-szczecin,2025/26,future_season_same_club,101,last_token_exact | last_token_slugstyle | token_overlap_ascii:cojocaru | token_overlap_slug:cojocaru | initial_match | same_club_bonus,Valentin Alexandru CojocaruPogoń Szczecin
Pogoń Szczecin,pogon-szczecin,Cojocaru V.,valentin-alexandru-cojocaru,pogon-szczecin,2024/25,future_season_same_club,99,last_token_exact | last_token_slugstyle | token_overlap_ascii:cojocaru | token_overlap_slug:cojocaru | initial_match | same_club_bonus,Valentin Alexandru CojocaruPogoń Szczecin
Pogoń Szczecin,pogon-szczecin,Cojocaru V.,valentin-alexandru-cojocaru,pogon-szczecin,2023/24,same_season_same_club,99,last_token_exact | last_token_slugstyle | token_overlap_ascii:cojocaru | token_overlap_slug:cojocaru | initial_match | same_club_bonus,Valentin Alexandru CojocaruPogoń Szczecin
Pogoń Szczecin,pogon-szczecin,Fornalczyk M.,mariusz-fornalczyk,pogon-szczecin,2023/24,same_season_same_club,107,exact_nonfirst_ascii | exact_nonfirst_slugstyle | last_token_exact | last_token_slugstyle | token_overlap_ascii:fornalczyk | token_overlap_slug:fornalczyk | sim>=0.92:1.000 | initial_match | same_club_bonus,Mariusz FornalczykPogoń Szczecin
Pogoń Szczecin,pogon-szczecin,Gamboa J.,joao-pedro-da-costa-gamboa,pogon-szczecin,2024/25,future_season_same_club,99,last_token_exact | last_token_slugstyle | token_overlap_ascii:gamboa | token_overlap_slug:gamboa | initial_match | same_club_bonus,João GamboaPogoń Szczecin
Pogoń Szczecin,pogon-szczecin,Gamboa J.,joao-pedro-da-costa-gamboa,pogon-szczecin,2023/24,same_season_same_club,99,last_token_exact | last_token_slugstyle | token_overlap_ascii:gamboa | token_overlap_slug:gamboa | initial_match | same_club_bonus,João GamboaPogoń Szczecin
Pogoń Szczecin,pogon-szczecin,Gorgon A.,alexander-gorgon,pogon-szczecin,2024/25,future_season_same_club,107,exact_nonfirst_ascii | exact_nonfirst_slugstyle | last_token_exact | last_token_slugstyle | token_overlap_ascii:gorgon | token_overlap_slug:gorgon | sim>=0.92:1.000 | initial_match | same_club_bonus,Alexander GorgonPogoń Szczecin
Pogoń Szczecin,pogon-szczecin,Gorgon A.,alexander-gorgon,pogon-szczecin,2023/24,same_season_same_club,107,exact_nonfirst_ascii | exact_nonfirst_slugstyle | last_token_exact | last_token_slugstyle | token_overlap_ascii:gorgon | token_overlap_slug:gorgon | sim>=0.92:1.000 | initial_match | same_club_bonus,Alexander GorgonPogoń Szczecin
Pogoń Szczecin,pogon-szczecin,Grosicki K.,kamil-pawe-grosicki,pogon-szczecin,2025/26,future_season_same_club,101,last_token_exact | last_token_slugstyle | token_overlap_ascii:grosicki | token_overlap_slug:grosicki | sim>=0.78:0.800 | initial_match | same_club_bonus,Kamil Paweł GrosickiPogoń Szczecin
Pogoń Szczecin,pogon-szczecin,Grosicki K.,kamil-pawe-grosicki,pogon-szczecin,2024/25,future_season_same_club,99,last_token_exact | last_token_slugstyle | token_overlap_ascii:grosicki | token_overlap_slug:grosicki | sim>=0.78:0.800 | initial_match | same_club_bonus,Kamil Paweł GrosickiPogoń Szczecin
Pogoń Szczecin,pogon-szczecin,Grosicki K.,kamil-pawe-grosicki,pogon-szczecin,2023/24,same_season_same_club,99,last_token_exact | last_token_slugstyle | token_overlap_ascii:grosicki | token_overlap_slug:grosicki | sim>=0.78:0.800 | initial_match | same_club_bonus,Kamil Paweł GrosickiPogoń Szczecin
Pogoń Szczecin,pogon-szczecin,Klebaniuk B.,bartosz-klebaniuk,pogon-szczecin,2023/24,same_season_same_club,107,exact_nonfirst_ascii | exact_nonfirst_slugstyle | last_token_exact | last_token_slugstyle | token_overlap_ascii:klebaniuk | token_overlap_slug:klebaniuk | sim>=0.92:1.000 | initial_match | same_club_bonus,Bartosz KlebaniukPogoń Szczecin
Pogoń Szczecin,pogon-szczecin,Korczakowski O.,olaf-korczakowski,pogon-szczecin,2024/25,future_season_same_club,107,exact_nonfirst_ascii | exact_nonfirst_slugstyle | last_token_exact | last_token_slugstyle | token_overlap_ascii:korczakowski | token_overlap_slug:korczakowski | sim>=0.92:1.000 | initial_match | same_club_bonus,Olaf Igor KorczakowskiPogoń Szczecin
Pogoń Szczecin,pogon-szczecin,Korczakowski O.,olaf-korczakowski,pogon-szczecin,2023/24,same_season_same_club,107,exact_nonfirst_ascii | exact_nonfirst_slugstyle | last_token_exact | last_token_slugstyle | token_overlap_ascii:korczakowski | token_overlap_slug:korczakowski | sim>=0.92:1.000 | initial_match | same_club_bonus,Olaf Igor KorczakowskiPogoń Szczecin
Pogoń Szczecin,pogon-szczecin,Koulouris E.,efthymios-koulouris,pogon-szczecin,2025/26,future_season_same_club,109,exact_nonfirst_ascii | exact_nonfirst_slugstyle | last_token_exact | last_token_slugstyle | token_overlap_ascii:koulouris | token_overlap_slug:koulouris | sim>=0.92:1.000 | initial_match | same_club_bonus,Efthymios KoulourisPogoń Szczecin
Pogoń Szczecin,pogon-szczecin,Koulouris E.,efthymios-koulouris,pogon-szczecin,2024/25,future_season_same_club,107,exact_nonfirst_ascii | exact_nonfirst_slugstyle | last_token_exact | last_token_slugstyle | token_overlap_ascii:koulouris | token_overlap_slug:koulouris | sim>=0.92:1.000 | initial_match | same_club_bonus,Efthymios KoulourisPogoń Szczecin
Pogoń Szczecin,pogon-szczecin,Koulouris E.,efthymios-koulouris,pogon-szczecin,2023/24,same_season_same_club,107,exact_nonfirst_ascii | exact_nonfirst_slugstyle | last_token_exact | last_token_slugstyle | token_overlap_ascii:koulouris | token_overlap_slug:koulouris | sim>=0.92:1.000 | initial_match | same_club_bonus,Efthymios KoulourisPogoń Szczecin
Pogoń Szczecin,pogon-szczecin,Koutris L.,leonardo-pablo-koutris,pogon-szczecin,2025/26,future_season_same_club,101,last_token_exact | last_token_slugstyle | token_overlap_ascii:koutris | token_overlap_slug:koutris | initial_match | same_club_bonus,Leonárdo Páblo KoútrisPogoń Szczecin
Pogoń Szczecin,pogon-szczecin,Koutris L.,leonardo-pablo-koutris,pogon-szczecin,2024/25,future_season_same_club,99,last_token_exact | last_token_slugstyle | token_overlap_ascii:koutris | token_overlap_slug:koutris | initial_match | same_club_bonus,Leonárdo Páblo KoútrisPogoń Szczecin
Pogoń Szczecin,pogon-szczecin,Koutris L.,leonardo-pablo-koutris,pogon-szczecin,2023/24,same_season_same_club,99,last_token_exact | last_token_slugstyle | token_overlap_ascii:koutris | token_overlap_slug:koutris | initial_match | same_club_bonus,Leonárdo Páblo KoútrisPogoń Szczecin
Pogoń Szczecin,pogon-szczecin,Kowalczyk S.,sebastian-oskar-kowalczyk,pogon-szczecin,2023/24,same_season_same_club,99,last_token_exact | last_token_slugstyle | token_overlap_ascii:kowalczyk | token_overlap_slug:kowalczyk | sim>=0.78:0.783 | initial_match | same_club_bonus,Sebastian Oskar KowalczykPogoń Szczecin
Pogoń Szczecin,pogon-szczecin,Kurzawa R.,rafa-maciej-kurzawa,pogon-szczecin,2024/25,future_season_same_club,99,last_token_exact | last_token_slugstyle | token_overlap_ascii:kurzawa | token_overlap_slug:kurzawa | initial_match | same_club_bonus,Rafał Maciej KurzawaPogoń Szczecin
Pogoń Szczecin,pogon-szczecin,Kurzawa R.,rafa-maciej-kurzawa,pogon-szczecin,2023/24,same_season_same_club,99,last_token_exact | last_token_slugstyle | token_overlap_ascii:kurzawa | token_overlap_slug:kurzawa | initial_match | same_club_bonus,Rafał Maciej KurzawaPogoń Szczecin
Pogoń Szczecin,pogon-szczecin,Leo Borges,leonardo-borges-da-silva,pogon-szczecin,2025/26,future_season_same_club,91,token_overlap_ascii:borges | token_overlap_slug:borges | same_club_bonus,Léo BorgesPogoń Szczecin
Pogoń Szczecin,pogon-szczecin,Leo Borges,leonardo-borges-da-silva,pogon-szczecin,2024/25,future_season_same_club,89,token_overlap_ascii:borges | token_overlap_slug:borges | same_club_bonus,Léo BorgesPogoń Szczecin
Pogoń Szczecin,pogon-szczecin,Leo Borges,leonardo-borges-da-silva,pogon-szczecin,2023/24,same_season_same_club,89,token_overlap_ascii:borges | token_overlap_slug:borges | same_club_bonus,Léo BorgesPogoń Szczecin
Pogoń Szczecin,pogon-szczecin,Lisowski W.,wojciech-lisowski,pogon-szczecin,2024/25,future_season_same_club,107,exact_nonfirst_ascii | exact_nonfirst_slugstyle | last_token_exact | last_token_slugstyle | token_overlap_ascii:lisowski | token_overlap_slug:lisowski | sim>=0.92:1.000 | initial_match | same_club_bonus,Wojciech LisowskiPogoń Szczecin
Pogoń Szczecin,pogon-szczecin,Lisowski W.,wojciech-lisowski,pogon-szczecin,2023/24,same_season_same_club,107,exact_nonfirst_ascii | exact_nonfirst_slugstyle | last_token_exact | last_token_slugstyle | token_overlap_ascii:lisowski | token_overlap_slug:lisowski | sim>=0.92:1.000 | initial_match | same_club_bonus,Wojciech LisowskiPogoń Szczecin
Pogoń Szczecin,pogon-szczecin,Loncar D.,danijel-loncar,pogon-szczecin,2025/26,future_season_same_club,109,exact_nonfirst_ascii | exact_nonfirst_slugstyle | last_token_exact | last_token_slugstyle | token_overlap_ascii:loncar | token_overlap_slug:loncar | sim>=0.92:1.000 | initial_match | same_club_bonus,Danijel LončarPogoń Szczecin
Pogoń Szczecin,pogon-szczecin,Loncar D.,danijel-loncar,pogon-szczecin,2024/25,future_season_same_club,107,exact_nonfirst_ascii | exact_nonfirst_slugstyle | last_token_exact | last_token_slugstyle | token_overlap_ascii:loncar | token_overlap_slug:loncar | sim>=0.92:1.000 | initial_match | same_club_bonus,Danijel LončarPogoń Szczecin
Pogoń Szczecin,pogon-szczecin,Loncar D.,danijel-loncar,pogon-szczecin,2023/24,same_season_same_club,107,exact_nonfirst_ascii | exact_nonfirst_slugstyle | last_token_exact | last_token_slugstyle | token_overlap_ascii:loncar | token_overlap_slug:loncar | sim>=0.92:1.000 | initial_match | same_club_bonus,Danijel LončarPogoń Szczecin
Pogoń Szczecin,pogon-szczecin,Malec M.,mariusz-malec,pogon-szczecin,2024/25,future_season_same_club,107,exact_nonfirst_ascii | exact_nonfirst_slugstyle | last_token_exact | last_token_slugstyle | token_overlap_ascii:malec | token_overlap_slug:malec | sim>=0.92:1.000 | initial_match | same_club_bonus,Mariusz MalecPogoń Szczecin
Pogoń Szczecin,pogon-szczecin,Malec M.,mariusz-malec,pogon-szczecin,2023/24,same_season_same_club,107,exact_nonfirst_ascii | exact_nonfirst_slugstyle | last_token_exact | last_token_slugstyle | token_overlap_ascii:malec | token_overlap_slug:malec | sim>=0.92:1.000 | initial_match | same_club_bonus,Mariusz MalecPogoń Szczecin
Pogoń Szczecin,pogon-szczecin,Paryzek P.,patryk-paryzek,pogon-szczecin,2025/26,future_season_same_club,109,exact_nonfirst_ascii | exact_nonfirst_slugstyle | last_token_exact | last_token_slugstyle | token_overlap_ascii:paryzek | token_overlap_slug:paryzek | sim>=0.92:1.000 | initial_match | same_club_bonus,Patryk ParyzekPogoń Szczecin
Pogoń Szczecin,pogon-szczecin,Paryzek P.,patryk-paryzek,pogon-szczecin,2024/25,future_season_same_club,107,exact_nonfirst_ascii | exact_nonfirst_slugstyle | last_token_exact | last_token_slugstyle | token_overlap_ascii:paryzek | token_overlap_slug:paryzek | sim>=0.92:1.000 | initial_match | same_club_bonus,Patryk ParyzekPogoń Szczecin
Pogoń Szczecin,pogon-szczecin,Paryzek P.,patryk-paryzek,pogon-szczecin,2023/24,same_season_same_club,107,exact_nonfirst_ascii | exact_nonfirst_slugstyle | last_token_exact | last_token_slugstyle | token_overlap_ascii:paryzek | token_overlap_slug:paryzek | sim>=0.92:1.000 | initial_match | same_club_bonus,Patryk ParyzekPogoń Szczecin
Pogoń Szczecin,pogon-szczecin,Przyborek A.,adrian-przyborek,pogon-szczecin,2025/26,future_season_same_club,109,exact_nonfirst_ascii | exact_nonfirst_slugstyle | last_token_exact | last_token_slugstyle | token_overlap_ascii:przyborek | token_overlap_slug:przyborek | sim>=0.92:1.000 | initial_match | same_club_bonus,Adrian PrzyborekPogoń Szczecin
Pogoń Szczecin,pogon-szczecin,Przyborek A.,adrian-przyborek,pogon-szczecin,2024/25,future_season_same_club,107,exact_nonfirst_ascii | exact_nonfirst_slugstyle | last_token_exact | last_token_slugstyle | token_overlap_ascii:przyborek | token_overlap_slug:przyborek | sim>=0.92:1.000 | initial_match | same_club_bonus,Adrian PrzyborekPogoń Szczecin
Pogoń Szczecin,pogon-szczecin,Przyborek A.,adrian-przyborek,pogon-szczecin,2023/24,same_season_same_club,107,exact_nonfirst_ascii | exact_nonfirst_slugstyle | last_token_exact | last_token_slugstyle | token_overlap_ascii:przyborek | token_overlap_slug:przyborek | sim>=0.92:1.000 | initial_match | same_club_bonus,Adrian PrzyborekPogoń Szczecin
Pogoń Szczecin,pogon-szczecin,Smoliński K.,kacper-smolinski,pogon-szczecin,2025/26,future_season_same_club,109,exact_nonfirst_ascii | exact_nonfirst_slugstyle | last_token_exact | last_token_slugstyle | token_overlap_ascii:smolinski | token_overlap_slug:smolinski | sim>=0.92:1.000 | initial_match | same_club_bonus,Kacper SmolińskiPogoń Szczecin
Pogoń Szczecin,pogon-szczecin,Smoliński K.,kacper-smolinski,pogon-szczecin,2024/25,future_season_same_club,107,exact_nonfirst_ascii | exact_nonfirst_slugstyle | last_token_exact | last_token_slugstyle | token_overlap_ascii:smolinski | token_overlap_slug:smolinski | sim>=0.92:1.000 | initial_match | same_club_bonus,Kacper SmolińskiPogoń Szczecin
Pogoń Szczecin,pogon-szczecin,Smoliński K.,kacper-smolinski,pogon-szczecin,2023/24,same_season_same_club,107,exact_nonfirst_ascii | exact_nonfirst_slugstyle | last_token_exact | last_token_slugstyle | token_overlap_ascii:smolinski | token_overlap_slug:smolinski | sim>=0.92:1.000 | initial_match | same_club_bonus,Kacper SmolińskiPogoń Szczecin
Pogoń Szczecin,pogon-szczecin,Stolarski P.,pawe-stolarski,pogon-szczecin,2023/24,same_season_same_club,107,exact_nonfirst_ascii | exact_nonfirst_slugstyle | last_token_exact | last_token_slugstyle | token_overlap_ascii:stolarski | token_overlap_slug:stolarski | sim>=0.92:1.000 | initial_match | same_club_bonus,Paweł StolarskiPogoń Szczecin
Pogoń Szczecin,pogon-szczecin,Ulvestad F.,fredrik-stense-ulvestad,pogon-szczecin,2025/26,future_season_same_club,101,last_token_exact | last_token_slugstyle | token_overlap_ascii:ulvestad | token_overlap_slug:ulvestad | initial_match | same_club_bonus,Fredrik Stensøe UlvestadPogoń Szczecin
Pogoń Szczecin,pogon-szczecin,Ulvestad F.,fredrik-stense-ulvestad,pogon-szczecin,2024/25,future_season_same_club,99,last_token_exact | last_token_slugstyle | token_overlap_ascii:ulvestad | token_overlap_slug:ulvestad | initial_match | same_club_bonus,Fredrik Stensøe UlvestadPogoń Szczecin
Pogoń Szczecin,pogon-szczecin,Ulvestad F.,fredrik-stense-ulvestad,pogon-szczecin,2023/24,same_season_same_club,99,last_token_exact | last_token_slugstyle | token_overlap_ascii:ulvestad | token_overlap_slug:ulvestad | initial_match | same_club_bonus,Fredrik Stensøe UlvestadPogoń Szczecin
Pogoń Szczecin,pogon-szczecin,Wahlqvist L.,rolf-linus-wahlqvist-egnell,pogon-szczecin,2025/26,future_season_same_club,91,token_overlap_ascii:wahlqvist | token_overlap_slug:wahlqvist | same_club_bonus,Rolf Linus Wahlqvist EgnellPogoń Szczecin
Pogoń Szczecin,pogon-szczecin,Wahlqvist L.,rolf-linus-wahlqvist-egnell,pogon-szczecin,2024/25,future_season_same_club,89,token_overlap_ascii:wahlqvist | token_overlap_slug:wahlqvist | same_club_bonus,Rolf Linus Wahlqvist EgnellPogoń Szczecin
Pogoń Szczecin,pogon-szczecin,Wahlqvist L.,rolf-linus-wahlqvist-egnell,pogon-szczecin,2023/24,same_season_same_club,89,token_overlap_ascii:wahlqvist | token_overlap_slug:wahlqvist | same_club_bonus,Rolf Linus Wahlqvist EgnellPogoń Szczecin
Pogoń Szczecin,pogon-szczecin,Wawrzynowicz S.,stanisaw-wawrzynowicz,pogon-szczecin,2023/24,same_season_same_club,107,exact_nonfirst_ascii | exact_nonfirst_slugstyle | last_token_exact | last_token_slugstyle | token_overlap_ascii:wawrzynowicz | token_overlap_slug:wawrzynowicz | sim>=0.92:1.000 | initial_match | same_club_bonus,Stanisław WawrzynowiczPogoń Szczecin
Pogoń Szczecin,pogon-szczecin,Wędrychowski M.,marcel-wedrychowski,pogon-szczecin,2024/25,future_season_same_club,107,exact_nonfirst_ascii | exact_nonfirst_slugstyle | last_token_exact | last_token_slugstyle | token_overlap_ascii:wedrychowski | token_overlap_slug:wedrychowski | sim>=0.92:1.000 | initial_match | same_club_bonus,Marcel WędrychowskiPogoń Szczecin
Pogoń Szczecin,pogon-szczecin,Wędrychowski M.,marcel-wedrychowski,pogon-szczecin,2023/24,same_season_same_club,107,exact_nonfirst_ascii | exact_nonfirst_slugstyle | last_token_exact | last_token_slugstyle | token_overlap_ascii:wedrychowski | token_overlap_slug:wedrychowski | sim>=0.92:1.000 | initial_match | same_club_bonus,Marcel WędrychowskiPogoń Szczecin
Pogoń Szczecin,pogon-szczecin,Zahovic L.,luka-zahovic,pogon-szczecin,2023/24,same_season_same_club,107,exact_nonfirst_ascii | exact_nonfirst_slugstyle | last_token_exact | last_token_slugstyle | token_overlap_ascii:zahovic | token_overlap_slug:zahovic | sim>=0.92:1.000 | initial_match | same_club_bonus,Luka ZahovićPogoń Szczecin
Pogoń Szczecin,pogon-szczecin,Zech B.,benedikt-zech,pogon-szczecin,2024/25,future_season_same_club,107,exact_nonfirst_ascii | exact_nonfirst_slugstyle | last_token_exact | last_token_slugstyle | token_overlap_ascii:zech | token_overlap_slug:zech | sim>=0.92:1.000 | initial_match | same_club_bonus,Benedikt ZechPogoń Szczecin
Pogoń Szczecin,pogon-szczecin,Zech B.,benedikt-zech,pogon-szczecin,2023/24,same_season_same_club,107,exact_nonfirst_ascii | exact_nonfirst_slugstyle | last_token_exact | last_token_slugstyle | token_overlap_ascii:zech | token_overlap_slug:zech | sim>=0.92:1.000 | initial_match | same_club_bonus,Benedikt ZechPogoń Szczecin
Pogoń Szczecin,pogon-szczecin,Łęgowski M.,mateusz-egowski,pogon-szczecin,2023/24,same_season_same_club,107,exact_nonfirst_slugstyle | last_token_slugstyle | token_overlap_slug:egowski | sim>=0.92:0.933 | initial_match | same_club_bonus,Mateusz Jacek ŁęgowskiPogoń Szczecin
Puszcza Niepołomice,puszcza-niepolomice,Bartosz J.,jakub-bartosz,puszcza-niepolomice,2023/24,same_season_same_club,107,exact_nonfirst_ascii | exact_nonfirst_slugstyle | last_token_exact | last_token_slugstyle | token_overlap_ascii:bartosz | token_overlap_slug:bartosz | sim>=0.92:1.000 | initial_match | same_club_bonus,Jakub BartoszPuszcza Niepołomice
Puszcza Niepołomice,puszcza-niepolomice,Cholewiak M.,mateusz-cholewiak,puszcza-niepolomice,2024/25,future_season_same_club,107,exact_nonfirst_ascii | exact_nonfirst_slugstyle | last_token_exact | last_token_slugstyle | token_overlap_ascii:cholewiak | token_overlap_slug:cholewiak | sim>=0.92:1.000 | initial_match | same_club_bonus,Mateusz CholewiakPuszcza Niepołomice
Puszcza Niepołomice,puszcza-niepolomice,Cholewiak M.,mateusz-cholewiak,puszcza-niepolomice,2023/24,same_season_same_club,107,exact_nonfirst_ascii | exact_nonfirst_slugstyle | last_token_exact | last_token_slugstyle | token_overlap_ascii:cholewiak | token_overlap_slug:cholewiak | sim>=0.92:1.000 | initial_match | same_club_bonus,Mateusz CholewiakPuszcza Niepołomice
Puszcza Niepołomice,puszcza-niepolomice,Cichon K.,kacper-cichon,puszcza-niepolomice,2023/24,same_season_same_club,107,exact_nonfirst_ascii | exact_nonfirst_slugstyle | last_token_exact | last_token_slugstyle | token_overlap_ascii:cichon | token_overlap_slug:cichon | sim>=0.92:1.000 | initial_match | same_club_bonus,Kacper CichońPuszcza Niepołomice
Puszcza Niepołomice,puszcza-niepolomice,Craciun A.,artur-craciun,puszcza-niepolomice,2024/25,future_season_same_club,107,exact_nonfirst_ascii | exact_nonfirst_slugstyle | last_token_exact | last_token_slugstyle | token_overlap_ascii:craciun | token_overlap_slug:craciun | sim>=0.92:1.000 | initial_match | same_club_bonus,Artur CrăciunPuszcza Niepołomice
Puszcza Niepołomice,puszcza-niepolomice,Craciun A.,artur-craciun,puszcza-niepolomice,2023/24,same_season_same_club,107,exact_nonfirst_ascii | exact_nonfirst_slugstyle | last_token_exact | last_token_slugstyle | token_overlap_ascii:craciun | token_overlap_slug:craciun | sim>=0.92:1.000 | initial_match | same_club_bonus,Artur CrăciunPuszcza Niepołomice
Puszcza Niepołomice,puszcza-niepolomice,Gil F.,filip-gil,puszcza-niepolomice,2023/24,same_season_same_club,107,exact_nonfirst_ascii | exact_nonfirst_slugstyle | last_token_exact | last_token_slugstyle | sim>=0.92:1.000 | initial_match | same_club_bonus,Filip GilPuszcza Niepołomice
Puszcza Niepołomice,puszcza-niepolomice,Hajda W.,wojciech-hajda,puszcza-niepolomice,2024/25,future_season_same_club,107,exact_nonfirst_ascii | exact_nonfirst_slugstyle | last_token_exact | last_token_slugstyle | token_overlap_ascii:hajda | token_overlap_slug:hajda | sim>=0.92:1.000 | initial_match | same_club_bonus,Wojciech HajdaPuszcza Niepołomice
Puszcza Niepołomice,puszcza-niepolomice,Hajda W.,wojciech-hajda,puszcza-niepolomice,2023/24,same_season_same_club,107,exact_nonfirst_ascii | exact_nonfirst_slugstyle | last_token_exact | last_token_slugstyle | token_overlap_ascii:hajda | token_overlap_slug:hajda | sim>=0.92:1.000 | initial_match | same_club_bonus,Wojciech HajdaPuszcza Niepołomice
Puszcza Niepołomice,puszcza-niepolomice,Kidric R.,rok-kidric-1,puszcza-niepolomice,2024/25,future_season_same_club,97,token_overlap_ascii:kidric | token_overlap_slug:kidric | sim>=0.92:0.923 | initial_match | same_club_bonus,Rok KidričPuszcza Niepołomice
Puszcza Niepołomice,puszcza-niepolomice,Kidric R.,rok-kidric-1,puszcza-niepolomice,2023/24,same_season_same_club,97,token_overlap_ascii:kidric | token_overlap_slug:kidric | sim>=0.92:0.923 | initial_match | same_club_bonus,Rok KidričPuszcza Niepołomice
Puszcza Niepołomice,puszcza-niepolomice,Klisiewicz L.,lucjan-klisiewicz,puszcza-niepolomice,2024/25,future_season_same_club,107,exact_nonfirst_ascii | exact_nonfirst_slugstyle | last_token_exact | last_token_slugstyle | token_overlap_ascii:klisiewicz | token_overlap_slug:klisiewicz | sim>=0.92:1.000 | initial_match | same_club_bonus,Lucjan KlisiewiczPuszcza Niepołomice
Puszcza Niepołomice,puszcza-niepolomice,Koj M.,micha-koj,puszcza-niepolomice,2023/24,same_season_same_club,107,exact_nonfirst_ascii | exact_nonfirst_slugstyle | last_token_exact | last_token_slugstyle | sim>=0.92:1.000 | initial_match | same_club_bonus,Michał KojPuszcza Niepołomice
Puszcza Niepołomice,puszcza-niepolomice,Komar K.,kewin-komar,puszcza-niepolomice,2024/25,future_season_same_club,107,exact_nonfirst_ascii | exact_nonfirst_slugstyle | last_token_exact | last_token_slugstyle | token_overlap_ascii:komar | token_overlap_slug:komar | sim>=0.92:1.000 | initial_match | same_club_bonus,Kewin KomarPuszcza Niepołomice
Puszcza Niepołomice,puszcza-niepolomice,Komar K.,kewin-komar,puszcza-niepolomice,2023/24,same_season_same_club,107,exact_nonfirst_ascii | exact_nonfirst_slugstyle | last_token_exact | last_token_slugstyle | token_overlap_ascii:komar | token_overlap_slug:komar | sim>=0.92:1.000 | initial_match | same_club_bonus,Kewin KomarPuszcza Niepołomice
Puszcza Niepołomice,puszcza-niepolomice,Kramarz A.,adam-kramarz,puszcza-niepolomice,2023/24,same_season_same_club,107,exact_nonfirst_ascii | exact_nonfirst_slugstyle | last_token_exact | last_token_slugstyle | token_overlap_ascii:kramarz | token_overlap_slug:kramarz | sim>=0.92:1.000 | initial_match | same_club_bonus,Adam KramarzPuszcza Niepołomice
Puszcza Niepołomice,puszcza-niepolomice,Lee Jin-Hyun,jin-hyun-lee,puszcza-niepolomice,2024/25,future_season_same_club,89,token_overlap_ascii:hyun | token_overlap_slug:hyun | same_club_bonus,Lee Jin-HyunPuszcza Niepołomice
Puszcza Niepołomice,puszcza-niepolomice,Lee Jin-Hyun,jin-hyun-lee,puszcza-niepolomice,2023/24,same_season_same_club,89,token_overlap_ascii:hyun | token_overlap_slug:hyun | same_club_bonus,Lee Jin-HyunPuszcza Niepołomice
Puszcza Niepołomice,puszcza-niepolomice,Majchrzak J.,jordan-aleksander-majchrzak,puszcza-niepolomice,2023/24,same_season_same_club,99,last_token_exact | last_token_slugstyle | token_overlap_ascii:majchrzak | token_overlap_slug:majchrzak | initial_match | same_club_bonus,Jordan Aleksander MajchrzakPuszcza Niepołomice
Puszcza Niepołomice,puszcza-niepolomice,Mesanovic M.,muris-mesanovic,puszcza-niepolomice,2023/24,same_season_same_club,107,exact_nonfirst_ascii | exact_nonfirst_slugstyle | last_token_exact | last_token_slugstyle | token_overlap_ascii:mesanovic | token_overlap_slug:mesanovic | sim>=0.92:1.000 | initial_match | same_club_bonus,Muris MešanovićPuszcza Niepołomice
Puszcza Niepołomice,puszcza-niepolomice,Mroziński P.,piotr-mrozinski,puszcza-niepolomice,2024/25,future_season_same_club,107,exact_nonfirst_ascii | exact_nonfirst_slugstyle | last_token_exact | last_token_slugstyle | token_overlap_ascii:mrozinski | token_overlap_slug:mrozinski | sim>=0.92:1.000 | initial_match | same_club_bonus,Piotr MrozińskiPuszcza Niepołomice
Puszcza Niepołomice,puszcza-niepolomice,Mroziński P.,piotr-mrozinski,puszcza-niepolomice,2023/24,same_season_same_club,107,exact_nonfirst_ascii | exact_nonfirst_slugstyle | last_token_exact | last_token_slugstyle | token_overlap_ascii:mrozinski | token_overlap_slug:mrozinski | sim>=0.92:1.000 | initial_match | same_club_bonus,Piotr MrozińskiPuszcza Niepołomice
Puszcza Niepołomice,puszcza-niepolomice,Pieprzyca I.,igor-pieprzyca,puszcza-niepolomice,2024/25,future_season_same_club,107,exact_nonfirst_ascii | exact_nonfirst_slugstyle | last_token_exact | last_token_slugstyle | token_overlap_ascii:pieprzyca | token_overlap_slug:pieprzyca | sim>=0.92:1.000 | initial_match | same_club_bonus,Igor Franciszek PieprzycaPuszcza Niepołomice
Puszcza Niepołomice,puszcza-niepolomice,Pieprzyca I.,igor-pieprzyca,puszcza-niepolomice,2023/24,same_season_same_club,107,exact_nonfirst_ascii | exact_nonfirst_slugstyle | last_token_exact | last_token_slugstyle | token_overlap_ascii:pieprzyca | token_overlap_slug:pieprzyca | sim>=0.92:1.000 | initial_match | same_club_bonus,Igor Franciszek PieprzycaPuszcza Niepołomice
Puszcza Niepołomice,puszcza-niepolomice,Pięczek M.,marcel-pieczek,puszcza-niepolomice,2023/24,same_season_same_club,107,exact_nonfirst_ascii | exact_nonfirst_slugstyle | last_token_exact | last_token_slugstyle | token_overlap_ascii:pieczek | token_overlap_slug:pieczek | sim>=0.92:1.000 | initial_match | same_club_bonus,Marcel PięczekPuszcza Niepołomice
Puszcza Niepołomice,puszcza-niepolomice,Poczobut B.,bartomiej-poczobut,puszcza-niepolomice,2023/24,same_season_same_club,107,exact_nonfirst_ascii | exact_nonfirst_slugstyle | last_token_exact | last_token_slugstyle | token_overlap_ascii:poczobut | token_overlap_slug:poczobut | sim>=0.92:1.000 | initial_match | same_club_bonus,Bartłomiej PoczobutPuszcza Niepołomice
Puszcza Niepołomice,puszcza-niepolomice,Revenco I.,ioan-calin-revenco-1,puszcza-niepolomice,2024/25,future_season_same_club,93,token_overlap_ascii:revenco | token_overlap_slug:revenco | initial_match | same_club_bonus,Ioan-Călin RevencoPuszcza Niepołomice
Puszcza Niepołomice,puszcza-niepolomice,Revenco I.,ioan-calin-revenco-1,puszcza-niepolomice,2023/24,same_season_same_club,93,token_overlap_ascii:revenco | token_overlap_slug:revenco | initial_match | same_club_bonus,Ioan-Călin RevencoPuszcza Niepołomice
Puszcza Niepołomice,puszcza-niepolomice,Serafin J.,jakub-serafin,puszcza-niepolomice,2024/25,future_season_same_club,107,exact_nonfirst_ascii | exact_nonfirst_slugstyle | last_token_exact | last_token_slugstyle | token_overlap_ascii:serafin | token_overlap_slug:serafin | sim>=0.92:1.000 | initial_match | same_club_bonus,Jakub SerafinPuszcza Niepołomice
Puszcza Niepołomice,puszcza-niepolomice,Serafin J.,jakub-serafin,puszcza-niepolomice,2023/24,same_season_same_club,107,exact_nonfirst_ascii | exact_nonfirst_slugstyle | last_token_exact | last_token_slugstyle | token_overlap_ascii:serafin | token_overlap_slug:serafin | sim>=0.92:1.000 | initial_match | same_club_bonus,Jakub SerafinPuszcza Niepołomice
Puszcza Niepołomice,puszcza-niepolomice,Siemaszko A.,artur-siemaszko,puszcza-niepolomice,2024/25,future_season_same_club,107,exact_nonfirst_ascii | exact_nonfirst_slugstyle | last_token_exact | last_token_slugstyle | token_overlap_ascii:siemaszko | token_overlap_slug:siemaszko | sim>=0.92:1.000 | initial_match | same_club_bonus,Artur SiemaszkoPuszcza Niepołomice
Puszcza Niepołomice,puszcza-niepolomice,Siemaszko A.,artur-siemaszko,puszcza-niepolomice,2023/24,same_season_same_club,107,exact_nonfirst_ascii | exact_nonfirst_slugstyle | last_token_exact | last_token_slugstyle | token_overlap_ascii:siemaszko | token_overlap_slug:siemaszko | sim>=0.92:1.000 | initial_match | same_club_bonus,Artur SiemaszkoPuszcza Niepołomice
Puszcza Niepołomice,puszcza-niepolomice,Sołowiej L.,ukasz-soowiej,puszcza-niepolomice,2024/25,future_season_same_club,103,exact_nonfirst_slugstyle | last_token_slugstyle | token_overlap_slug:soowiej | sim>=0.92:0.933 | same_club_bonus,Łukasz SołowiejPuszcza Niepołomice
Puszcza Niepołomice,puszcza-niepolomice,Sołowiej L.,ukasz-soowiej,puszcza-niepolomice,2023/24,same_season_same_club,103,exact_nonfirst_slugstyle | last_token_slugstyle | token_overlap_slug:soowiej | sim>=0.92:0.933 | same_club_bonus,Łukasz SołowiejPuszcza Niepołomice
Puszcza Niepołomice,puszcza-niepolomice,Stec J.,jakub-stec,puszcza-niepolomice,2024/25,future_season_same_club,107,exact_nonfirst_ascii | exact_nonfirst_slugstyle | last_token_exact | last_token_slugstyle | token_overlap_ascii:stec | token_overlap_slug:stec | sim>=0.92:1.000 | initial_match | same_club_bonus,Jakub StecPuszcza Niepołomice
Puszcza Niepołomice,puszcza-niepolomice,Stec J.,jakub-stec,puszcza-niepolomice,2023/24,same_season_same_club,107,exact_nonfirst_ascii | exact_nonfirst_slugstyle | last_token_exact | last_token_slugstyle | token_overlap_ascii:stec | token_overlap_slug:stec | sim>=0.92:1.000 | initial_match | same_club_bonus,Jakub StecPuszcza Niepołomice
Puszcza Niepołomice,puszcza-niepolomice,Stępień K.,konrad-stepien,puszcza-niepolomice,2024/25,future_season_same_club,107,exact_nonfirst_ascii | exact_nonfirst_slugstyle | last_token_exact | last_token_slugstyle | token_overlap_ascii:stepien | token_overlap_slug:stepien | sim>=0.92:1.000 | initial_match | same_club_bonus,Konrad StępieńPuszcza Niepołomice
Puszcza Niepołomice,puszcza-niepolomice,Stępień K.,konrad-stepien,puszcza-niepolomice,2023/24,same_season_same_club,107,exact_nonfirst_ascii | exact_nonfirst_slugstyle | last_token_exact | last_token_slugstyle | token_overlap_ascii:stepien | token_overlap_slug:stepien | sim>=0.92:1.000 | initial_match | same_club_bonus,Konrad StępieńPuszcza Niepołomice
Puszcza Niepołomice,puszcza-niepolomice,Thiago,thiago-rodrigues-de-souza,puszcza-niepolomice,2023/24,same_season_same_club,89,token_overlap_ascii:thiago | token_overlap_slug:thiago | same_club_bonus,ThiagoPuszcza Niepołomice
Puszcza Niepołomice,puszcza-niepolomice,Tomalski H.,hubert-tomalski,puszcza-niepolomice,2024/25,future_season_same_club,107,exact_nonfirst_ascii | exact_nonfirst_slugstyle | last_token_exact | last_token_slugstyle | token_overlap_ascii:tomalski | token_overlap_slug:tomalski | sim>=0.92:1.000 | initial_match | same_club_bonus,Hubert TomalskiPuszcza Niepołomice
Puszcza Niepołomice,puszcza-niepolomice,Tomalski H.,hubert-tomalski,puszcza-niepolomice,2023/24,same_season_same_club,107,exact_nonfirst_ascii | exact_nonfirst_slugstyle | last_token_exact | last_token_slugstyle | token_overlap_ascii:tomalski | token_overlap_slug:tomalski | sim>=0.92:1.000 | initial_match | same_club_bonus,Hubert TomalskiPuszcza Niepołomice
Puszcza Niepołomice,puszcza-niepolomice,Walski M.,micha-walski,puszcza-niepolomice,2024/25,future_season_same_club,107,exact_nonfirst_ascii | exact_nonfirst_slugstyle | last_token_exact | last_token_slugstyle | token_overlap_ascii:walski | token_overlap_slug:walski | sim>=0.92:1.000 | initial_match | same_club_bonus,Michał WalskiPuszcza Niepołomice
Puszcza Niepołomice,puszcza-niepolomice,Walski M.,micha-walski,puszcza-niepolomice,2023/24,same_season_same_club,107,exact_nonfirst_ascii | exact_nonfirst_slugstyle | last_token_exact | last_token_slugstyle | token_overlap_ascii:walski | token_overlap_slug:walski | sim>=0.92:1.000 | initial_match | same_club_bonus,Michał WalskiPuszcza Niepołomice
Puszcza Niepołomice,puszcza-niepolomice,Wojcinowicz T.,tomasz-wojcinowicz,puszcza-niepolomice,2023/24,same_season_same_club,107,exact_nonfirst_ascii | exact_nonfirst_slugstyle | last_token_exact | last_token_slugstyle | token_overlap_ascii:wojcinowicz | token_overlap_slug:wojcinowicz | sim>=0.92:1.000 | initial_match | same_club_bonus,Tomasz WojcinowiczPuszcza Niepołomice
Puszcza Niepołomice,puszcza-niepolomice,Wroblewski K.,krzysztof-wroblewski,puszcza-niepolomice,2023/24,same_season_same_club,107,exact_nonfirst_ascii | exact_nonfirst_slugstyle | last_token_exact | last_token_slugstyle | token_overlap_ascii:wroblewski | token_overlap_slug:wroblewski | sim>=0.92:1.000 | initial_match | same_club_bonus,Krzysztof WróblewskiPuszcza Niepołomice
Puszcza Niepołomice,puszcza-niepolomice,Yakuba R.,roman-yakuba,puszcza-niepolomice,2024/25,future_season_same_club,107,exact_nonfirst_ascii | exact_nonfirst_slugstyle | last_token_exact | last_token_slugstyle | token_overlap_ascii:yakuba | token_overlap_slug:yakuba | sim>=0.92:1.000 | initial_match | same_club_bonus,Roman YakubaPuszcza Niepołomice
Puszcza Niepołomice,puszcza-niepolomice,Yakuba R.,roman-yakuba,puszcza-niepolomice,2023/24,same_season_same_club,107,exact_nonfirst_ascii | exact_nonfirst_slugstyle | last_token_exact | last_token_slugstyle | token_overlap_ascii:yakuba | token_overlap_slug:yakuba | sim>=0.92:1.000 | initial_match | same_club_bonus,Roman YakubaPuszcza Niepołomice
Puszcza Niepołomice,puszcza-niepolomice,Zapolnik K.,kamil-zapolnik,puszcza-niepolomice,2023/24,same_season_same_club,107,exact_nonfirst_ascii | exact_nonfirst_slugstyle | last_token_exact | last_token_slugstyle | token_overlap_ascii:zapolnik | token_overlap_slug:zapolnik | sim>=0.92:1.000 | initial_match | same_club_bonus,Kamil ZapolnikPuszcza Niepołomice
Puszcza Niepołomice,puszcza-niepolomice,Zych O.,oliwier-zych,puszcza-niepolomice,2023/24,same_season_same_club,107,exact_nonfirst_ascii | exact_nonfirst_slugstyle | last_token_exact | last_token_slugstyle | token_overlap_ascii:zych | token_overlap_slug:zych | sim>=0.92:1.000 | initial_match | same_club_bonus,Oliwier ZychPuszcza Niepołomice
Radomiak Radom,radomiak-radom,Abramowicz D.,dawid-abramowicz,radomiak-radom,2023/24,same_season_same_club,107,exact_nonfirst_ascii | exact_nonfirst_slugstyle | last_token_exact | last_token_slugstyle | token_overlap_ascii:abramowicz | token_overlap_slug:abramowicz | sim>=0.92:1.000 | initial_match | same_club_bonus,Dawid AbramowiczRadomiak Radom
Radomiak Radom,radomiak-radom,Alves R.,roberto-emanuel-oliveira-alves,radomiak-radom,2025/26,future_season_same_club,101,last_token_exact | last_token_slugstyle | token_overlap_ascii:alves | token_overlap_slug:alves | initial_match | same_club_bonus,Roberto Emanuel Oliveira AlvesRadomiak Radom
Radomiak Radom,radomiak-radom,Alves R.,roberto-emanuel-oliveira-alves,radomiak-radom,2024/25,future_season_same_club,99,last_token_exact | last_token_slugstyle | token_overlap_ascii:alves | token_overlap_slug:alves | initial_match | same_club_bonus,Roberto Emanuel Oliveira AlvesRadomiak Radom
Radomiak Radom,radomiak-radom,Alves R.,roberto-emanuel-oliveira-alves,radomiak-radom,2023/24,same_season_same_club,99,last_token_exact | last_token_slugstyle | token_overlap_ascii:alves | token_overlap_slug:alves | initial_match | same_club_bonus,Roberto Emanuel Oliveira AlvesRadomiak Radom
Radomiak Radom,radomiak-radom,Alves R.,pedro-henrique-alves-de-almeida,radomiak-radom,2023/24,same_season_same_club,89,token_overlap_ascii:alves | token_overlap_slug:alves | same_club_bonus,Pedro HenriqueRadomiak Radom
Radomiak Radom,radomiak-radom,Bąkowski K.,krzysztof-maciej-bakowski,radomiak-radom,2023/24,same_season_same_club,99,last_token_exact | last_token_slugstyle | token_overlap_ascii:bakowski | token_overlap_slug:bakowski | initial_match | same_club_bonus,Krzysztof Maciej BąkowskiRadomiak Radom
Radomiak Radom,radomiak-radom,Castaneda F.,frank-castaneda,radomiak-radom,2023/24,same_season_same_club,107,exact_nonfirst_ascii | exact_nonfirst_slugstyle | last_token_exact | last_token_slugstyle | token_overlap_ascii:castaneda | token_overlap_slug:castaneda | sim>=0.92:1.000 | initial_match | same_club_bonus,Frank Andersson Castañeda VélezRadomiak Radom
Radomiak Radom,radomiak-radom,Cayarga B.,alberto-cayarga,radomiak-radom,2023/24,same_season_same_club,103,exact_nonfirst_ascii | exact_nonfirst_slugstyle | last_token_exact | last_token_slugstyle | token_overlap_ascii:cayarga | token_overlap_slug:cayarga | sim>=0.92:1.000 | same_club_bonus,Alberto Cayarga FernándezRadomiak Radom
Radomiak Radom,radomiak-radom,Cichocki M.,mateusz-cichocki,radomiak-radom,2025/26,future_season_same_club,109,exact_nonfirst_ascii | exact_nonfirst_slugstyle | last_token_exact | last_token_slugstyle | token_overlap_ascii:cichocki | token_overlap_slug:cichocki | sim>=0.92:1.000 | initial_match | same_club_bonus,Mateusz CichockiRadomiak Radom
Radomiak Radom,radomiak-radom,Cichocki M.,mateusz-cichocki,radomiak-radom,2024/25,future_season_same_club,107,exact_nonfirst_ascii | exact_nonfirst_slugstyle | last_token_exact | last_token_slugstyle | token_overlap_ascii:cichocki | token_overlap_slug:cichocki | sim>=0.92:1.000 | initial_match | same_club_bonus,Mateusz CichockiRadomiak Radom
Radomiak Radom,radomiak-radom,Cichocki M.,mateusz-cichocki,radomiak-radom,2023/24,same_season_same_club,107,exact_nonfirst_ascii | exact_nonfirst_slugstyle | last_token_exact | last_token_slugstyle | token_overlap_ascii:cichocki | token_overlap_slug:cichocki | sim>=0.92:1.000 | initial_match | same_club_bonus,Mateusz CichockiRadomiak Radom
Radomiak Radom,radomiak-radom,Donis C.,christos-donis,radomiak-radom,2025/26,future_season_same_club,109,exact_nonfirst_ascii | exact_nonfirst_slugstyle | last_token_exact | last_token_slugstyle | token_overlap_ascii:donis | token_overlap_slug:donis | sim>=0.92:1.000 | initial_match | same_club_bonus,Christos DonisRadomiak Radom
Radomiak Radom,radomiak-radom,Donis C.,christos-donis,radomiak-radom,2024/25,future_season_same_club,107,exact_nonfirst_ascii | exact_nonfirst_slugstyle | last_token_exact | last_token_slugstyle | token_overlap_ascii:donis | token_overlap_slug:donis | sim>=0.92:1.000 | initial_match | same_club_bonus,Christos DonisRadomiak Radom
Radomiak Radom,radomiak-radom,Donis C.,christos-donis,radomiak-radom,2023/24,same_season_same_club,107,exact_nonfirst_ascii | exact_nonfirst_slugstyle | last_token_exact | last_token_slugstyle | token_overlap_ascii:donis | token_overlap_slug:donis | sim>=0.92:1.000 | initial_match | same_club_bonus,Christos DonisRadomiak Radom
Radomiak Radom,radomiak-radom,Grzesik J.,jan-grzesik,radomiak-radom,2025/26,future_season_same_club,109,exact_nonfirst_ascii | exact_nonfirst_slugstyle | last_token_exact | last_token_slugstyle | token_overlap_ascii:grzesik | token_overlap_slug:grzesik | sim>=0.92:1.000 | initial_match | same_club_bonus,Jan GrzesikRadomiak Radom
Radomiak Radom,radomiak-radom,Grzesik J.,jan-grzesik,radomiak-radom,2024/25,future_season_same_club,107,exact_nonfirst_ascii | exact_nonfirst_slugstyle | last_token_exact | last_token_slugstyle | token_overlap_ascii:grzesik | token_overlap_slug:grzesik | sim>=0.92:1.000 | initial_match | same_club_bonus,Jan GrzesikRadomiak Radom
Radomiak Radom,radomiak-radom,Grzesik J.,jan-grzesik,radomiak-radom,2023/24,same_season_same_club,107,exact_nonfirst_ascii | exact_nonfirst_slugstyle | last_token_exact | last_token_slugstyle | token_overlap_ascii:grzesik | token_overlap_slug:grzesik | sim>=0.92:1.000 | initial_match | same_club_bonus,Jan GrzesikRadomiak Radom
Radomiak Radom,radomiak-radom,Guilherme,guilherme-da-gama-zimovski,radomiak-radom,2024/25,future_season_same_club,89,token_overlap_ascii:guilherme | token_overlap_slug:guilherme | same_club_bonus,GuilhermeRadomiak Radom
Radomiak Radom,radomiak-radom,Guilherme,guilherme-da-gama-zimovski,radomiak-radom,2023/24,same_season_same_club,89,token_overlap_ascii:guilherme | token_overlap_slug:guilherme | same_club_bonus,GuilhermeRadomiak Radom
Radomiak Radom,radomiak-radom,Jakubik D.,damian-jakubik,radomiak-radom,2024/25,future_season_same_club,107,exact_nonfirst_ascii | exact_nonfirst_slugstyle | last_token_exact | last_token_slugstyle | token_overlap_ascii:jakubik | token_overlap_slug:jakubik | sim>=0.92:1.000 | initial_match | same_club_bonus,Damian JakubikRadomiak Radom
Radomiak Radom,radomiak-radom,Jakubik D.,damian-jakubik,radomiak-radom,2023/24,same_season_same_club,107,exact_nonfirst_ascii | exact_nonfirst_slugstyle | last_token_exact | last_token_slugstyle | token_overlap_ascii:jakubik | token_overlap_slug:jakubik | sim>=0.92:1.000 | initial_match | same_club_bonus,Damian JakubikRadomiak Radom
Radomiak Radom,radomiak-radom,Jordao B.,bruno-andre-cavaco-jordao,radomiak-radom,2025/26,future_season_same_club,101,last_token_exact | last_token_slugstyle | token_overlap_ascii:jordao | token_overlap_slug:jordao | initial_match | same_club_bonus,Bruno JordãoRadomiak Radom
Radomiak Radom,radomiak-radom,Jordao B.,bruno-andre-cavaco-jordao,radomiak-radom,2024/25,future_season_same_club,99,last_token_exact | last_token_slugstyle | token_overlap_ascii:jordao | token_overlap_slug:jordao | initial_match | same_club_bonus,Bruno JordãoRadomiak Radom
Radomiak Radom,radomiak-radom,Jordao B.,bruno-andre-cavaco-jordao,radomiak-radom,2023/24,same_season_same_club,99,last_token_exact | last_token_slugstyle | token_overlap_ascii:jordao | token_overlap_slug:jordao | initial_match | same_club_bonus,Bruno JordãoRadomiak Radom
Radomiak Radom,radomiak-radom,Kaput M.,micha-kaput,radomiak-radom,2025/26,future_season_same_club,109,exact_nonfirst_ascii | exact_nonfirst_slugstyle | last_token_exact | last_token_slugstyle | token_overlap_ascii:kaput | token_overlap_slug:kaput | sim>=0.92:1.000 | initial_match | same_club_bonus,Michał KaputRadomiak Radom
Radomiak Radom,radomiak-radom,Kaput M.,micha-kaput,radomiak-radom,2023/24,same_season_same_club,107,exact_nonfirst_ascii | exact_nonfirst_slugstyle | last_token_exact | last_token_slugstyle | token_overlap_ascii:kaput | token_overlap_slug:kaput | sim>=0.92:1.000 | initial_match | same_club_bonus,Michał KaputRadomiak Radom
Radomiak Radom,radomiak-radom,Koptas W.,wiktor-koptas,radomiak-radom,2024/25,future_season_same_club,107,exact_nonfirst_ascii | exact_nonfirst_slugstyle | last_token_exact | last_token_slugstyle | token_overlap_ascii:koptas | token_overlap_slug:koptas | sim>=0.92:1.000 | initial_match | same_club_bonus,Wiktor KoptasRadomiak Radom
Radomiak Radom,radomiak-radom,Leandro,leandro-rossi-pereira,radomiak-radom,2025/26,future_season_same_club,91,token_overlap_ascii:leandro | token_overlap_slug:leandro | same_club_bonus,LeândroRadomiak Radom
Radomiak Radom,radomiak-radom,Leandro,leandro-rossi-pereira,radomiak-radom,2024/25,future_season_same_club,89,token_overlap_ascii:leandro | token_overlap_slug:leandro | same_club_bonus,LeândroRadomiak Radom
Radomiak Radom,radomiak-radom,Leandro,leandro-rossi-pereira,radomiak-radom,2023/24,same_season_same_club,89,token_overlap_ascii:leandro | token_overlap_slug:leandro | same_club_bonus,LeândroRadomiak Radom
Radomiak Radom,radomiak-radom,Machado L.,luis-machado,radomiak-radom,2023/24,same_season_same_club,107,exact_nonfirst_ascii | exact_nonfirst_slugstyle | last_token_exact | last_token_slugstyle | token_overlap_ascii:machado | token_overlap_slug:machado | sim>=0.92:1.000 | initial_match | same_club_bonus,Luís MachadoRadomiak Radom
Radomiak Radom,radomiak-radom,Majchrowicz F.,filip-majchrowicz,radomiak-radom,2025/26,future_season_same_club,109,exact_nonfirst_ascii | exact_nonfirst_slugstyle | last_token_exact | last_token_slugstyle | token_overlap_ascii:majchrowicz | token_overlap_slug:majchrowicz | sim>=0.92:1.000 | initial_match | same_club_bonus,Filip MajchrowiczRadomiak Radom
Radomiak Radom,radomiak-radom,Majchrowicz F.,filip-majchrowicz,radomiak-radom,2023/24,same_season_same_club,107,exact_nonfirst_ascii | exact_nonfirst_slugstyle | last_token_exact | last_token_slugstyle | token_overlap_ascii:majchrowicz | token_overlap_slug:majchrowicz | sim>=0.92:1.000 | initial_match | same_club_bonus,Filip MajchrowiczRadomiak Radom
Radomiak Radom,radomiak-radom,Matos T.,tiago-matos,radomiak-radom,2023/24,same_season_same_club,107,exact_nonfirst_ascii | exact_nonfirst_slugstyle | last_token_exact | last_token_slugstyle | token_overlap_ascii:matos | token_overlap_slug:matos | sim>=0.92:1.000 | initial_match | same_club_bonus,Tiago MatosRadomiak Radom
Radomiak Radom,radomiak-radom,Okoniewski K.,krystian-okoniewski,radomiak-radom,2023/24,same_season_same_club,107,exact_nonfirst_ascii | exact_nonfirst_slugstyle | last_token_exact | last_token_slugstyle | token_overlap_ascii:okoniewski | token_overlap_slug:okoniewski | sim>=0.92:1.000 | initial_match | same_club_bonus,Krystian OkoniewskiRadomiak Radom
Radomiak Radom,radomiak-radom,Pedro H.,joao-pedro-reginaldo,radomiak-radom,2025/26,future_season_same_club,91,token_overlap_ascii:pedro | token_overlap_slug:pedro | same_club_bonus,João PedroRadomiak Radom
Radomiak Radom,radomiak-radom,Pedro H.,osvaldo-pedro-capemba,radomiak-radom,2025/26,future_season_same_club,91,token_overlap_ascii:pedro | token_overlap_slug:pedro | same_club_bonus,CapitaRadomiak Radom
Radomiak Radom,radomiak-radom,Pedro H.,osvaldo-pedro-capemba,radomiak-radom,2024/25,future_season_same_club,89,token_overlap_ascii:pedro | token_overlap_slug:pedro | same_club_bonus,CapitaRadomiak Radom
Radomiak Radom,radomiak-radom,Pedro H.,lisandro-pedro-varela-semedo,radomiak-radom,2023/24,same_season_same_club,89,token_overlap_ascii:pedro | token_overlap_slug:pedro | same_club_bonus,Lisandro SemedoRadomiak Radom
Radomiak Radom,radomiak-radom,Pedro H.,pedro-henrique-alves-de-almeida,radomiak-radom,2023/24,same_season_same_club,89,token_overlap_ascii:pedro | token_overlap_slug:pedro | same_club_bonus,Pedro HenriqueRadomiak Radom
Radomiak Radom,radomiak-radom,Peglow,joao-peglow,radomiak-radom,2024/25,future_season_same_club,103,exact_nonfirst_ascii | exact_nonfirst_slugstyle | last_token_exact | last_token_slugstyle | token_overlap_ascii:peglow | token_overlap_slug:peglow | sim>=0.92:1.000 | same_club_bonus,PeglowRadomiak Radom
Radomiak Radom,radomiak-radom,Peglow,joao-peglow,radomiak-radom,2023/24,same_season_same_club,103,exact_nonfirst_ascii | exact_nonfirst_slugstyle | last_token_exact | last_token_slugstyle | token_overlap_ascii:peglow | token_overlap_slug:peglow | sim>=0.92:1.000 | same_club_bonus,PeglowRadomiak Radom
Radomiak Radom,radomiak-radom,Pik D.,daniel-pik,radomiak-radom,2023/24,same_season_same_club,107,exact_nonfirst_ascii | exact_nonfirst_slugstyle | last_token_exact | last_token_slugstyle | sim>=0.92:1.000 | initial_match | same_club_bonus,Daniel PikRadomiak Radom
Radomiak Radom,radomiak-radom,Posiadala A.,albert-posiadaa,radomiak-radom,2023/24,same_season_same_club,97,sim>=0.92:0.941 | initial_match | same_club_bonus,Albert PosiadałaRadomiak Radom
Radomiak Radom,radomiak-radom,Rocha L.,leonardo-miramar-rocha,radomiak-radom,2024/25,future_season_same_club,99,last_token_exact | last_token_slugstyle | token_overlap_ascii:rocha | token_overlap_slug:rocha | initial_match | same_club_bonus,Leonardo RochaRadomiak Radom
Radomiak Radom,radomiak-radom,Rocha L.,leonardo-miramar-rocha,radomiak-radom,2023/24,same_season_same_club,99,last_token_exact | last_token_slugstyle | token_overlap_ascii:rocha | token_overlap_slug:rocha | initial_match | same_club_bonus,Leonardo RochaRadomiak Radom
Radomiak Radom,radomiak-radom,Rossi R.,leandro-rossi-pereira,radomiak-radom,2025/26,future_season_same_club,91,token_overlap_ascii:rossi | token_overlap_slug:rossi | same_club_bonus,LeândroRadomiak Radom
Radomiak Radom,radomiak-radom,Rossi R.,leandro-rossi-pereira,radomiak-radom,2024/25,future_season_same_club,89,token_overlap_ascii:rossi | token_overlap_slug:rossi | same_club_bonus,LeândroRadomiak Radom
Radomiak Radom,radomiak-radom,Rossi R.,leandro-rossi-pereira,radomiak-radom,2023/24,same_season_same_club,89,token_overlap_ascii:rossi | token_overlap_slug:rossi | same_club_bonus,LeândroRadomiak Radom
Radomiak Radom,radomiak-radom,Semedo E.,lisandro-pedro-varela-semedo,radomiak-radom,2023/24,same_season_same_club,95,last_token_exact | last_token_slugstyle | token_overlap_ascii:semedo | token_overlap_slug:semedo | same_club_bonus,Lisandro SemedoRadomiak Radom
Radomiak Radom,radomiak-radom,Semedo L.,lisandro-pedro-varela-semedo,radomiak-radom,2023/24,same_season_same_club,99,last_token_exact | last_token_slugstyle | token_overlap_ascii:semedo | token_overlap_slug:semedo | initial_match | same_club_bonus,Lisandro SemedoRadomiak Radom
Radomiak Radom,radomiak-radom,Snopczynski J.,jakub-snopczynski,radomiak-radom,2023/24,same_season_same_club,107,exact_nonfirst_ascii | exact_nonfirst_slugstyle | last_token_exact | last_token_slugstyle | token_overlap_ascii:snopczynski | token_overlap_slug:snopczynski | sim>=0.92:1.000 | initial_match | same_club_bonus,Jakub SnopczyńskiRadomiak Radom
Radomiak Radom,radomiak-radom,Vagner,vagner-dias,radomiak-radom,2024/25,future_season_same_club,89,token_overlap_ascii:vagner | token_overlap_slug:vagner | same_club_bonus,VagnerRadomiak Radom
Radomiak Radom,radomiak-radom,Vagner,vagner-dias,radomiak-radom,2023/24,same_season_same_club,89,token_overlap_ascii:vagner | token_overlap_slug:vagner | same_club_bonus,VagnerRadomiak Radom
Radomiak Radom,radomiak-radom,Vuskovic L.,luka-vuskovic,radomiak-radom,2023/24,same_season_same_club,107,exact_nonfirst_ascii | exact_nonfirst_slugstyle | last_token_exact | last_token_slugstyle | token_overlap_ascii:vuskovic | token_overlap_slug:vuskovic | sim>=0.92:1.000 | initial_match | same_club_bonus,Luka VuškovićRadomiak Radom
Radomiak Radom,radomiak-radom,Wolski R.,rafa-wolski,radomiak-radom,2025/26,future_season_same_club,109,exact_nonfirst_ascii | exact_nonfirst_slugstyle | last_token_exact | last_token_slugstyle | token_overlap_ascii:wolski | token_overlap_slug:wolski | sim>=0.92:1.000 | initial_match | same_club_bonus,Rafał WolskiRadomiak Radom
Radomiak Radom,radomiak-radom,Wolski R.,rafa-wolski,radomiak-radom,2024/25,future_season_same_club,107,exact_nonfirst_ascii | exact_nonfirst_slugstyle | last_token_exact | last_token_slugstyle | token_overlap_ascii:wolski | token_overlap_slug:wolski | sim>=0.92:1.000 | initial_match | same_club_bonus,Rafał WolskiRadomiak Radom
Radomiak Radom,radomiak-radom,Wolski R.,rafa-wolski,radomiak-radom,2023/24,same_season_same_club,107,exact_nonfirst_ascii | exact_nonfirst_slugstyle | last_token_exact | last_token_slugstyle | token_overlap_ascii:wolski | token_overlap_slug:wolski | sim>=0.92:1.000 | initial_match | same_club_bonus,Rafał WolskiRadomiak Radom
Raków Częstochowa,rakow-czestochowa,Arsenić Z.,zoran-arsenic,rakow-czestochowa,2025/26,future_season_same_club,109,exact_nonfirst_ascii | exact_nonfirst_slugstyle | last_token_exact | last_token_slugstyle | token_overlap_ascii:arsenic | token_overlap_slug:arsenic | sim>=0.92:1.000 | initial_match | same_club_bonus,Zoran ArsenićRaków Częstochowa
Raków Częstochowa,rakow-czestochowa,Arsenić Z.,zoran-arsenic,rakow-czestochowa,2024/25,future_season_same_club,107,exact_nonfirst_ascii | exact_nonfirst_slugstyle | last_token_exact | last_token_slugstyle | token_overlap_ascii:arsenic | token_overlap_slug:arsenic | sim>=0.92:1.000 | initial_match | same_club_bonus,Zoran ArsenićRaków Częstochowa
Raków Częstochowa,rakow-czestochowa,Arsenić Z.,zoran-arsenic,rakow-czestochowa,2023/24,same_season_same_club,107,exact_nonfirst_ascii | exact_nonfirst_slugstyle | last_token_exact | last_token_slugstyle | token_overlap_ascii:arsenic | token_overlap_slug:arsenic | sim>=0.92:1.000 | initial_match | same_club_bonus,Zoran ArsenićRaków Częstochowa
Raków Częstochowa,rakow-czestochowa,Barath P.,peter-barath,rakow-czestochowa,2025/26,future_season_same_club,109,exact_nonfirst_ascii | exact_nonfirst_slugstyle | last_token_exact | last_token_slugstyle | token_overlap_ascii:barath | token_overlap_slug:barath | sim>=0.92:1.000 | initial_match | same_club_bonus,Péter BaráthRaków Częstochowa
Raków Częstochowa,rakow-czestochowa,Barath P.,peter-barath,rakow-czestochowa,2024/25,future_season_same_club,107,exact_nonfirst_ascii | exact_nonfirst_slugstyle | last_token_exact | last_token_slugstyle | token_overlap_ascii:barath | token_overlap_slug:barath | sim>=0.92:1.000 | initial_match | same_club_bonus,Péter BaráthRaków Częstochowa
Raków Częstochowa,rakow-czestochowa,Barath P.,peter-barath,rakow-czestochowa,2023/24,same_season_same_club,107,exact_nonfirst_ascii | exact_nonfirst_slugstyle | last_token_exact | last_token_slugstyle | token_overlap_ascii:barath | token_overlap_slug:barath | sim>=0.92:1.000 | initial_match | same_club_bonus,Péter BaráthRaków Częstochowa
Raków Częstochowa,rakow-czestochowa,Berggren G.,karl-gustav-vilhelm-berggren,rakow-czestochowa,2024/25,future_season_same_club,95,last_token_exact | last_token_slugstyle | token_overlap_ascii:berggren | token_overlap_slug:berggren | same_club_bonus,Karl Gustav Vilhelm BerggrenRaków Częstochowa
Raków Częstochowa,rakow-czestochowa,Berggren G.,karl-gustav-vilhelm-berggren,rakow-czestochowa,2023/24,same_season_same_club,95,last_token_exact | last_token_slugstyle | token_overlap_ascii:berggren | token_overlap_slug:berggren | same_club_bonus,Karl Gustav Vilhelm BerggrenRaków Częstochowa
Raków Częstochowa,rakow-czestochowa,Bieszczad K.,kacper-bieszczad,rakow-czestochowa,2023/24,same_season_same_club,107,exact_nonfirst_ascii | exact_nonfirst_slugstyle | last_token_exact | last_token_slugstyle | token_overlap_ascii:bieszczad | token_overlap_slug:bieszczad | sim>=0.92:1.000 | initial_match | same_club_bonus,Kacper BieszczadRaków Częstochowa
Raków Częstochowa,rakow-czestochowa,Cebula M.,marcin-cebula,rakow-czestochowa,2023/24,same_season_same_club,107,exact_nonfirst_ascii | exact_nonfirst_slugstyle | last_token_exact | last_token_slugstyle | token_overlap_ascii:cebula | token_overlap_slug:cebula | sim>=0.92:1.000 | initial_match | same_club_bonus,Marcin CebulaRaków Częstochowa
Raków Częstochowa,rakow-czestochowa,Crnac A.,ante-crnac,rakow-czestochowa,2024/25,future_season_same_club,107,exact_nonfirst_ascii | exact_nonfirst_slugstyle | last_token_exact | last_token_slugstyle | token_overlap_ascii:crnac | token_overlap_slug:crnac | sim>=0.92:1.000 | initial_match | same_club_bonus,Ante CrnacRaków Częstochowa
Raków Częstochowa,rakow-czestochowa,Crnac A.,ante-crnac,rakow-czestochowa,2023/24,same_season_same_club,107,exact_nonfirst_ascii | exact_nonfirst_slugstyle | last_token_exact | last_token_slugstyle | token_overlap_ascii:crnac | token_overlap_slug:crnac | sim>=0.92:1.000 | initial_match | same_club_bonus,Ante CrnacRaków Częstochowa
Raków Częstochowa,rakow-czestochowa,Drachal D.,dawid-drachal,rakow-czestochowa,2024/25,future_season_same_club,107,exact_nonfirst_ascii | exact_nonfirst_slugstyle | last_token_exact | last_token_slugstyle | token_overlap_ascii:drachal | token_overlap_slug:drachal | sim>=0.92:1.000 | initial_match | same_club_bonus,Dawid DrachalRaków Częstochowa
Raków Częstochowa,rakow-czestochowa,Drachal D.,dawid-drachal,rakow-czestochowa,2023/24,same_season_same_club,107,exact_nonfirst_ascii | exact_nonfirst_slugstyle | last_token_exact | last_token_slugstyle | token_overlap_ascii:drachal | token_overlap_slug:drachal | sim>=0.92:1.000 | initial_match | same_club_bonus,Dawid DrachalRaków Częstochowa
Raków Częstochowa,rakow-czestochowa,Kittel S.,sonny-kittel,rakow-czestochowa,2023/24,same_season_same_club,107,exact_nonfirst_ascii | exact_nonfirst_slugstyle | last_token_exact | last_token_slugstyle | token_overlap_ascii:kittel | token_overlap_slug:kittel | sim>=0.92:1.000 | initial_match | same_club_bonus,Sonny Andreas KittelRaków Częstochowa
Raków Częstochowa,rakow-czestochowa,Kochergin V.,vladyslav-kochergin,rakow-czestochowa,2025/26,future_season_same_club,109,exact_nonfirst_ascii | exact_nonfirst_slugstyle | last_token_exact | last_token_slugstyle | token_overlap_ascii:kochergin | token_overlap_slug:kochergin | sim>=0.92:1.000 | initial_match | same_club_bonus,Vladyslav KocherginRaków Częstochowa
Raków Częstochowa,rakow-czestochowa,Kochergin V.,vladyslav-kochergin,rakow-czestochowa,2024/25,future_season_same_club,107,exact_nonfirst_ascii | exact_nonfirst_slugstyle | last_token_exact | last_token_slugstyle | token_overlap_ascii:kochergin | token_overlap_slug:kochergin | sim>=0.92:1.000 | initial_match | same_club_bonus,Vladyslav KocherginRaków Częstochowa
Raków Częstochowa,rakow-czestochowa,Kochergin V.,vladyslav-kochergin,rakow-czestochowa,2023/24,same_season_same_club,107,exact_nonfirst_ascii | exact_nonfirst_slugstyle | last_token_exact | last_token_slugstyle | token_overlap_ascii:kochergin | token_overlap_slug:kochergin | sim>=0.92:1.000 | initial_match | same_club_bonus,Vladyslav KocherginRaków Częstochowa
Raków Częstochowa,rakow-czestochowa,Kovacevic A.,adnan-kovacevic,rakow-czestochowa,2023/24,same_season_same_club,107,exact_nonfirst_ascii | exact_nonfirst_slugstyle | last_token_exact | last_token_slugstyle | token_overlap_ascii:kovacevic | token_overlap_slug:kovacevic | sim>=0.92:1.000 | initial_match | same_club_bonus,Adnan KovačevićRaków Częstochowa
Raków Częstochowa,rakow-czestochowa,Kovacevic A.,vladan-kovacevic,rakow-czestochowa,2023/24,same_season_same_club,103,exact_nonfirst_ascii | exact_nonfirst_slugstyle | last_token_exact | last_token_slugstyle | token_overlap_ascii:kovacevic | token_overlap_slug:kovacevic | sim>=0.92:1.000 | same_club_bonus,Vladan KovačevićRaków Częstochowa
Raków Częstochowa,rakow-czestochowa,Kovačević V.,vladan-kovacevic,rakow-czestochowa,2023/24,same_season_same_club,97,sim>=0.92:0.941 | initial_match | same_club_bonus,Vladan KovačevićRaków Częstochowa
Raków Częstochowa,rakow-czestochowa,Kovačević V.,adnan-kovacevic,rakow-czestochowa,2023/24,same_season_same_club,93,sim>=0.92:0.941 | same_club_bonus,Adnan KovačevićRaków Częstochowa
Raków Częstochowa,rakow-czestochowa,Kuciak D.,dusan-kuciak,rakow-czestochowa,2023/24,same_season_same_club,107,exact_nonfirst_ascii | exact_nonfirst_slugstyle | last_token_exact | last_token_slugstyle | token_overlap_ascii:kuciak | token_overlap_slug:kuciak | sim>=0.92:1.000 | initial_match | same_club_bonus,Dušan KuciakRaków Częstochowa
Raków Częstochowa,rakow-czestochowa,López I.,ivan-lopez-alvarez,rakow-czestochowa,2025/26,future_season_same_club,95,token_overlap_ascii:lopez | token_overlap_slug:lopez | initial_match | same_club_bonus,Ivi LópezRaków Częstochowa
Raków Częstochowa,rakow-czestochowa,López I.,ivan-lopez-alvarez,rakow-czestochowa,2024/25,future_season_same_club,93,token_overlap_ascii:lopez | token_overlap_slug:lopez | initial_match | same_club_bonus,Ivi LópezRaków Częstochowa
Raków Częstochowa,rakow-czestochowa,López I.,ivan-lopez-alvarez,rakow-czestochowa,2023/24,same_season_same_club,93,token_overlap_ascii:lopez | token_overlap_slug:lopez | initial_match | same_club_bonus,Ivi LópezRaków Częstochowa
Raków Częstochowa,rakow-czestochowa,Malamis P.,patryk-malamis,rakow-czestochowa,2023/24,same_season_same_club,107,exact_nonfirst_ascii | exact_nonfirst_slugstyle | last_token_exact | last_token_slugstyle | token_overlap_ascii:malamis | token_overlap_slug:malamis | sim>=0.92:1.000 | initial_match | same_club_bonus,Patryk MalamisRaków Częstochowa
Raków Częstochowa,rakow-czestochowa,Myszor J.,jakub-myszor,rakow-czestochowa,2024/25,future_season_same_club,107,exact_nonfirst_ascii | exact_nonfirst_slugstyle | last_token_exact | last_token_slugstyle | token_overlap_ascii:myszor | token_overlap_slug:myszor | sim>=0.92:1.000 | initial_match | same_club_bonus,Jakub MyszorRaków Częstochowa
Raków Częstochowa,rakow-czestochowa,Nowak B.,bartosz-nowak,rakow-czestochowa,2024/25,future_season_same_club,107,exact_nonfirst_ascii | exact_nonfirst_slugstyle | last_token_exact | last_token_slugstyle | token_overlap_ascii:nowak | token_overlap_slug:nowak | sim>=0.92:1.000 | initial_match | same_club_bonus,Bartosz NowakRaków Częstochowa
Raków Częstochowa,rakow-czestochowa,Nowak B.,bartosz-nowak,rakow-czestochowa,2023/24,same_season_same_club,107,exact_nonfirst_ascii | exact_nonfirst_slugstyle | last_token_exact | last_token_slugstyle | token_overlap_ascii:nowak | token_overlap_slug:nowak | sim>=0.92:1.000 | initial_match | same_club_bonus,Bartosz NowakRaków Częstochowa
Raków Częstochowa,rakow-czestochowa,Otieno E.,erick-ouma-otieno,rakow-czestochowa,2025/26,future_season_same_club,101,last_token_exact | last_token_slugstyle | token_overlap_ascii:otieno | token_overlap_slug:otieno | initial_match | same_club_bonus,Erick Ouma OtienoRaków Częstochowa
Raków Częstochowa,rakow-czestochowa,Otieno E.,erick-ouma-otieno,rakow-czestochowa,2024/25,future_season_same_club,99,last_token_exact | last_token_slugstyle | token_overlap_ascii:otieno | token_overlap_slug:otieno | initial_match | same_club_bonus,Erick Ouma OtienoRaków Częstochowa
Raków Częstochowa,rakow-czestochowa,Otieno E.,erick-ouma-otieno,rakow-czestochowa,2023/24,same_season_same_club,99,last_token_exact | last_token_slugstyle | token_overlap_ascii:otieno | token_overlap_slug:otieno | initial_match | same_club_bonus,Erick Ouma OtienoRaków Częstochowa
Raków Częstochowa,rakow-czestochowa,Papanikolaou G.,giannis-papanikolaou,rakow-czestochowa,2023/24,same_season_same_club,107,exact_nonfirst_ascii | exact_nonfirst_slugstyle | last_token_exact | last_token_slugstyle | token_overlap_ascii:papanikolaou | token_overlap_slug:papanikolaou | sim>=0.92:1.000 | initial_match | same_club_bonus,Giannis PapanikolaouRaków Częstochowa
Raków Częstochowa,rakow-czestochowa,Pestka K.,kamil-pestka,rakow-czestochowa,2023/24,same_season_same_club,107,exact_nonfirst_ascii | exact_nonfirst_slugstyle | last_token_exact | last_token_slugstyle | token_overlap_ascii:pestka | token_overlap_slug:pestka | sim>=0.92:1.000 | initial_match | same_club_bonus,Kamil PestkaRaków Częstochowa
Raków Częstochowa,rakow-czestochowa,Plavsic S.,sran-plavsic,rakow-czestochowa,2025/26,future_season_same_club,109,exact_nonfirst_ascii | exact_nonfirst_slugstyle | last_token_exact | last_token_slugstyle | token_overlap_ascii:plavsic | token_overlap_slug:plavsic | sim>=0.92:1.000 | initial_match | same_club_bonus,Srđan PlavšićRaków Częstochowa
Raków Częstochowa,rakow-czestochowa,Plavsic S.,sran-plavsic,rakow-czestochowa,2024/25,future_season_same_club,107,exact_nonfirst_ascii | exact_nonfirst_slugstyle | last_token_exact | last_token_slugstyle | token_overlap_ascii:plavsic | token_overlap_slug:plavsic | sim>=0.92:1.000 | initial_match | same_club_bonus,Srđan PlavšićRaków Częstochowa
Raków Częstochowa,rakow-czestochowa,Plavsic S.,sran-plavsic,rakow-czestochowa,2023/24,same_season_same_club,107,exact_nonfirst_ascii | exact_nonfirst_slugstyle | last_token_exact | last_token_slugstyle | token_overlap_ascii:plavsic | token_overlap_slug:plavsic | sim>=0.92:1.000 | initial_match | same_club_bonus,Srđan PlavšićRaków Częstochowa
Raków Częstochowa,rakow-czestochowa,Racovitan B.,bogdan-racovitan,rakow-czestochowa,2025/26,future_season_same_club,109,exact_nonfirst_ascii | exact_nonfirst_slugstyle | last_token_exact | last_token_slugstyle | token_overlap_ascii:racovitan | token_overlap_slug:racovitan | sim>=0.92:1.000 | initial_match | same_club_bonus,Bogdan RacovițanRaków Częstochowa
Raków Częstochowa,rakow-czestochowa,Racovitan B.,bogdan-racovitan,rakow-czestochowa,2024/25,future_season_same_club,107,exact_nonfirst_ascii | exact_nonfirst_slugstyle | last_token_exact | last_token_slugstyle | token_overlap_ascii:racovitan | token_overlap_slug:racovitan | sim>=0.92:1.000 | initial_match | same_club_bonus,Bogdan RacovițanRaków Częstochowa
Raków Częstochowa,rakow-czestochowa,Racovitan B.,bogdan-racovitan,rakow-czestochowa,2023/24,same_season_same_club,107,exact_nonfirst_ascii | exact_nonfirst_slugstyle | last_token_exact | last_token_slugstyle | token_overlap_ascii:racovitan | token_overlap_slug:racovitan | sim>=0.92:1.000 | initial_match | same_club_bonus,Bogdan RacovițanRaków Częstochowa
Raków Częstochowa,rakow-czestochowa,Rodin M.,matej-rodin,rakow-czestochowa,2024/25,future_season_same_club,107,exact_nonfirst_ascii | exact_nonfirst_slugstyle | last_token_exact | last_token_slugstyle | token_overlap_ascii:rodin | token_overlap_slug:rodin | sim>=0.92:1.000 | initial_match | same_club_bonus,Matej RodinRaków Częstochowa
Raków Częstochowa,rakow-czestochowa,Rodin M.,matej-rodin,rakow-czestochowa,2023/24,same_season_same_club,107,exact_nonfirst_ascii | exact_nonfirst_slugstyle | last_token_exact | last_token_slugstyle | token_overlap_ascii:rodin | token_overlap_slug:rodin | sim>=0.92:1.000 | initial_match | same_club_bonus,Matej RodinRaków Częstochowa
Raków Częstochowa,rakow-czestochowa,Rundić M.,milan-rundic-1,rakow-czestochowa,2024/25,future_season_same_club,97,token_overlap_ascii:rundic | token_overlap_slug:rundic | sim>=0.92:0.923 | initial_match | same_club_bonus,Milan RundićRaków Częstochowa
Raków Częstochowa,rakow-czestochowa,Rundić M.,milan-rundic-1,rakow-czestochowa,2023/24,same_season_same_club,97,token_overlap_ascii:rundic | token_overlap_slug:rundic | sim>=0.92:0.923 | initial_match | same_club_bonus,Milan RundićRaków Częstochowa
Raków Częstochowa,rakow-czestochowa,Rundić M.,imad-rondic,rakow-czestochowa,2025/26,future_season_same_club,83,sim>=0.78:0.833 | same_club_bonus,Imad RondićRaków Częstochowa
Raków Częstochowa,rakow-czestochowa,Sahinovic M.,muhamed-sahinovic,rakow-czestochowa,2023/24,same_season_same_club,107,exact_nonfirst_ascii | exact_nonfirst_slugstyle | last_token_exact | last_token_slugstyle | token_overlap_ascii:sahinovic | token_overlap_slug:sahinovic | sim>=0.92:1.000 | initial_match | same_club_bonus,Muhamed ŠahinovićRaków Częstochowa
Raków Częstochowa,rakow-czestochowa,Silva J. C.,jean-carlos-silva-rocha,rakow-czestochowa,2025/26,future_season_same_club,95,token_overlap_ascii:silva | token_overlap_slug:silva | initial_match | same_club_bonus,Jean Carlos Silva RochaRaków Częstochowa
Raków Częstochowa,rakow-czestochowa,Silva J. C.,jean-carlos-silva-rocha,rakow-czestochowa,2024/25,future_season_same_club,93,token_overlap_ascii:silva | token_overlap_slug:silva | initial_match | same_club_bonus,Jean Carlos Silva RochaRaków Częstochowa
Raków Częstochowa,rakow-czestochowa,Silva J. C.,jean-carlos-silva-rocha,rakow-czestochowa,2023/24,same_season_same_club,93,token_overlap_ascii:silva | token_overlap_slug:silva | initial_match | same_club_bonus,Jean Carlos Silva RochaRaków Częstochowa
Raków Częstochowa,rakow-czestochowa,Sorescu D.,deian-sorescu,rakow-czestochowa,2023/24,same_season_same_club,107,exact_nonfirst_ascii | exact_nonfirst_slugstyle | last_token_exact | last_token_slugstyle | token_overlap_ascii:sorescu | token_overlap_slug:sorescu | sim>=0.92:1.000 | initial_match | same_club_bonus,Deian Cristian SorescuRaków Częstochowa
Raków Częstochowa,rakow-czestochowa,Svarnas S.,efstratios-svarnas,rakow-czestochowa,2025/26,future_season_same_club,105,exact_nonfirst_ascii | exact_nonfirst_slugstyle | last_token_exact | last_token_slugstyle | token_overlap_ascii:svarnas | token_overlap_slug:svarnas | sim>=0.92:1.000 | same_club_bonus,Efstratios SvarnasRaków Częstochowa
Raków Częstochowa,rakow-czestochowa,Svarnas S.,efstratios-svarnas,rakow-czestochowa,2024/25,future_season_same_club,103,exact_nonfirst_ascii | exact_nonfirst_slugstyle | last_token_exact | last_token_slugstyle | token_overlap_ascii:svarnas | token_overlap_slug:svarnas | sim>=0.92:1.000 | same_club_bonus,Efstratios SvarnasRaków Częstochowa
Raków Częstochowa,rakow-czestochowa,Svarnas S.,efstratios-svarnas,rakow-czestochowa,2023/24,same_season_same_club,103,exact_nonfirst_ascii | exact_nonfirst_slugstyle | last_token_exact | last_token_slugstyle | token_overlap_ascii:svarnas | token_overlap_slug:svarnas | sim>=0.92:1.000 | same_club_bonus,Efstratios SvarnasRaków Częstochowa
Raków Częstochowa,rakow-czestochowa,Tsiftsis A.,antonios-tsiftsis,rakow-czestochowa,2023/24,same_season_same_club,107,exact_nonfirst_ascii | exact_nonfirst_slugstyle | last_token_exact | last_token_slugstyle | token_overlap_ascii:tsiftsis | token_overlap_slug:tsiftsis | sim>=0.92:1.000 | initial_match | same_club_bonus,Antonis TsiftsisRaków Częstochowa
Raków Częstochowa,rakow-czestochowa,Tudor F.,fran-tudor,rakow-czestochowa,2025/26,future_season_same_club,109,exact_nonfirst_ascii | exact_nonfirst_slugstyle | last_token_exact | last_token_slugstyle | token_overlap_ascii:tudor | token_overlap_slug:tudor | sim>=0.92:1.000 | initial_match | same_club_bonus,Fran TudorRaków Częstochowa
Raków Częstochowa,rakow-czestochowa,Tudor F.,fran-tudor,rakow-czestochowa,2024/25,future_season_same_club,107,exact_nonfirst_ascii | exact_nonfirst_slugstyle | last_token_exact | last_token_slugstyle | token_overlap_ascii:tudor | token_overlap_slug:tudor | sim>=0.92:1.000 | initial_match | same_club_bonus,Fran TudorRaków Częstochowa
Raków Częstochowa,rakow-czestochowa,Tudor F.,fran-tudor,rakow-czestochowa,2023/24,same_season_same_club,107,exact_nonfirst_ascii | exact_nonfirst_slugstyle | last_token_exact | last_token_slugstyle | token_overlap_ascii:tudor | token_overlap_slug:tudor | sim>=0.92:1.000 | initial_match | same_club_bonus,Fran TudorRaków Częstochowa
Raków Częstochowa,rakow-czestochowa,Walczak T.,tomasz-walczak,rakow-czestochowa,2024/25,future_season_same_club,107,exact_nonfirst_ascii | exact_nonfirst_slugstyle | last_token_exact | last_token_slugstyle | token_overlap_ascii:walczak | token_overlap_slug:walczak | sim>=0.92:1.000 | initial_match | same_club_bonus,Tomasz WalczakRaków Częstochowa
Raków Częstochowa,rakow-czestochowa,Zwoliński Ł.,ukasz-zwolinski,rakow-czestochowa,2023/24,same_season_same_club,103,exact_nonfirst_ascii | exact_nonfirst_slugstyle | last_token_exact | last_token_slugstyle | token_overlap_ascii:zwolinski | token_overlap_slug:zwolinski | sim>=0.92:1.000 | same_club_bonus,Łukasz Piotr ZwolińskiRaków Częstochowa
Ruch Chorzów,ruch-chorzow,Baranowski P.,pawe-baranowski,ruch-chorzow,2023/24,same_season_same_club,107,exact_nonfirst_ascii | exact_nonfirst_slugstyle | last_token_exact | last_token_slugstyle | token_overlap_ascii:baranowski | token_overlap_slug:baranowski | sim>=0.92:1.000 | initial_match | same_club_bonus,Paweł BaranowskiRuch Chorzów
Ruch Chorzów,ruch-chorzow,Baranski B.,bartomiej-pawe-baranski,ruch-chorzow,2023/24,same_season_same_club,99,last_token_exact | last_token_slugstyle | token_overlap_ascii:baranski | token_overlap_slug:baranski | sim>=0.78:0.800 | initial_match | same_club_bonus,Bartłomiej Paweł BarańskiRuch Chorzów
Ruch Chorzów,ruch-chorzow,Baranski B.,pawe-baranowski,ruch-chorzow,2023/24,same_season_same_club,87,sim>=0.85:0.889 | same_club_bonus,Paweł BaranowskiRuch Chorzów
Ruch Chorzów,ruch-chorzow,Barnowski D.,pawe-baranowski,ruch-chorzow,2023/24,same_season_same_club,93,sim>=0.92:0.947 | same_club_bonus,Paweł BaranowskiRuch Chorzów
Ruch Chorzów,ruch-chorzow,Barnowski D.,mateusz-bartolewski,ruch-chorzow,2023/24,same_season_same_club,81,sim>=0.78:0.800 | same_club_bonus,Mateusz BartolewskiRuch Chorzów
Ruch Chorzów,ruch-chorzow,Bartolewski M.,mateusz-bartolewski,ruch-chorzow,2023/24,same_season_same_club,107,exact_nonfirst_ascii | exact_nonfirst_slugstyle | last_token_exact | last_token_slugstyle | token_overlap_ascii:bartolewski | token_overlap_slug:bartolewski | sim>=0.92:1.000 | initial_match | same_club_bonus,Mateusz BartolewskiRuch Chorzów
Ruch Chorzów,ruch-chorzow,Bielecki J.,jakub-bielecki,ruch-chorzow,2023/24,same_season_same_club,107,exact_nonfirst_ascii | exact_nonfirst_slugstyle | last_token_exact | last_token_slugstyle | token_overlap_ascii:bielecki | token_overlap_slug:bielecki | sim>=0.92:1.000 | initial_match | same_club_bonus,Jakub BieleckiRuch Chorzów
Ruch Chorzów,ruch-chorzow,Buchalik M.,micha-buchalik,ruch-chorzow,2023/24,same_season_same_club,107,exact_nonfirst_ascii | exact_nonfirst_slugstyle | last_token_exact | last_token_slugstyle | token_overlap_ascii:buchalik | token_overlap_slug:buchalik | sim>=0.92:1.000 | initial_match | same_club_bonus,Michał BuchalikRuch Chorzów
Ruch Chorzów,ruch-chorzow,Dadok R.,robert-dadok,ruch-chorzow,2023/24,same_season_same_club,107,exact_nonfirst_ascii | exact_nonfirst_slugstyle | last_token_exact | last_token_slugstyle | token_overlap_ascii:dadok | token_overlap_slug:dadok | sim>=0.92:1.000 | initial_match | same_club_bonus,Robert DadokRuch Chorzów
Ruch Chorzów,ruch-chorzow,Długosz W.,wiktor-dugosz,ruch-chorzow,2023/24,same_season_same_club,107,exact_nonfirst_slugstyle | last_token_slugstyle | token_overlap_slug:dugosz | sim>=0.92:0.923 | initial_match | same_club_bonus,Wiktor DługoszRuch Chorzów
Ruch Chorzów,ruch-chorzow,Feliks M.,micha-feliks,ruch-chorzow,2023/24,same_season_same_club,107,exact_nonfirst_ascii | exact_nonfirst_slugstyle | last_token_exact | last_token_slugstyle | token_overlap_ascii:feliks | token_overlap_slug:feliks | sim>=0.92:1.000 | initial_match | same_club_bonus,Michał FeliksRuch Chorzów
Ruch Chorzów,ruch-chorzow,Foszmanczyk T.,tomasz-foszmanczyk,ruch-chorzow,2023/24,same_season_same_club,107,exact_nonfirst_ascii | exact_nonfirst_slugstyle | last_token_exact | last_token_slugstyle | token_overlap_ascii:foszmanczyk | token_overlap_slug:foszmanczyk | sim>=0.92:1.000 | initial_match | same_club_bonus,Tomasz FoszmańczykRuch Chorzów
Ruch Chorzów,ruch-chorzow,Huras M.,mike-huras,ruch-chorzow,2023/24,same_season_same_club,107,exact_nonfirst_ascii | exact_nonfirst_slugstyle | last_token_exact | last_token_slugstyle | token_overlap_ascii:huras | token_overlap_slug:huras | sim>=0.92:1.000 | initial_match | same_club_bonus,Mike HurasRuch Chorzów
Ruch Chorzów,ruch-chorzow,Kamiński K.,krzysztof-kaminski,ruch-chorzow,2023/24,same_season_same_club,107,exact_nonfirst_ascii | exact_nonfirst_slugstyle | last_token_exact | last_token_slugstyle | token_overlap_ascii:kaminski | token_overlap_slug:kaminski | sim>=0.92:1.000 | initial_match | same_club_bonus,Krzysztof KamińskiRuch Chorzów
Ruch Chorzów,ruch-chorzow,Kasolik K.,konrad-kasolik,ruch-chorzow,2023/24,same_season_same_club,107,exact_nonfirst_ascii | exact_nonfirst_slugstyle | last_token_exact | last_token_slugstyle | token_overlap_ascii:kasolik | token_overlap_slug:kasolik | sim>=0.92:1.000 | initial_match | same_club_bonus,Konrad KasolikRuch Chorzów
Ruch Chorzów,ruch-chorzow,Kozak M.,miosz-kozak,ruch-chorzow,2023/24,same_season_same_club,107,exact_nonfirst_ascii | exact_nonfirst_slugstyle | last_token_exact | last_token_slugstyle | token_overlap_ascii:kozak | token_overlap_slug:kozak | sim>=0.92:1.000 | initial_match | same_club_bonus,Miłosz KozakRuch Chorzów
Ruch Chorzów,ruch-chorzow,Letniowski J.,juliusz-letniowski,ruch-chorzow,2023/24,same_season_same_club,107,exact_nonfirst_ascii | exact_nonfirst_slugstyle | last_token_exact | last_token_slugstyle | token_overlap_ascii:letniowski | token_overlap_slug:letniowski | sim>=0.92:1.000 | initial_match | same_club_bonus,Juliusz LetniowskiRuch Chorzów
Ruch Chorzów,ruch-chorzow,Michalski K.,kacper-michalski,ruch-chorzow,2023/24,same_season_same_club,107,exact_nonfirst_ascii | exact_nonfirst_slugstyle | last_token_exact | last_token_slugstyle | token_overlap_ascii:michalski | token_overlap_slug:michalski | sim>=0.92:1.000 | initial_match | same_club_bonus,Kacper MichalskiRuch Chorzów
Ruch Chorzów,ruch-chorzow,Moneta L.,ukasz-moneta,ruch-chorzow,2023/24,same_season_same_club,103,exact_nonfirst_ascii | exact_nonfirst_slugstyle | last_token_exact | last_token_slugstyle | token_overlap_ascii:moneta | token_overlap_slug:moneta | sim>=0.92:1.000 | same_club_bonus,Łukasz MonetaRuch Chorzów
Ruch Chorzów,ruch-chorzow,Novothny S.,soma-novothny,ruch-chorzow,2023/24,same_season_same_club,107,exact_nonfirst_ascii | exact_nonfirst_slugstyle | last_token_exact | last_token_slugstyle | token_overlap_ascii:novothny | token_overlap_slug:novothny | sim>=0.92:1.000 | initial_match | same_club_bonus,Soma Zsombor NovothnyRuch Chorzów
Ruch Chorzów,ruch-chorzow,Plaskowski A.,artur-plaskowski,ruch-chorzow,2023/24,same_season_same_club,107,exact_nonfirst_ascii | exact_nonfirst_slugstyle | last_token_exact | last_token_slugstyle | token_overlap_ascii:plaskowski | token_overlap_slug:plaskowski | sim>=0.92:1.000 | initial_match | same_club_bonus,Artur PląskowskiRuch Chorzów
Ruch Chorzów,ruch-chorzow,Sadlok M.,maciej-sadlok,ruch-chorzow,2023/24,same_season_same_club,107,exact_nonfirst_ascii | exact_nonfirst_slugstyle | last_token_exact | last_token_slugstyle | token_overlap_ascii:sadlok | token_overlap_slug:sadlok | sim>=0.92:1.000 | initial_match | same_club_bonus,Maciej SadlokRuch Chorzów
Ruch Chorzów,ruch-chorzow,Sedlak J.,jan-sedlak,ruch-chorzow,2023/24,same_season_same_club,107,exact_nonfirst_ascii | exact_nonfirst_slugstyle | last_token_exact | last_token_slugstyle | token_overlap_ascii:sedlak | token_overlap_slug:sedlak | sim>=0.92:1.000 | initial_match | same_club_bonus,Jan SedlákRuch Chorzów
Ruch Chorzów,ruch-chorzow,Sikora P.,patryk-sikora,ruch-chorzow,2023/24,same_season_same_club,107,exact_nonfirst_ascii | exact_nonfirst_slugstyle | last_token_exact | last_token_slugstyle | token_overlap_ascii:sikora | token_overlap_slug:sikora | sim>=0.92:1.000 | initial_match | same_club_bonus,Patryk SikoraRuch Chorzów
Ruch Chorzów,ruch-chorzow,Skwierczyński K.,kacper-skwierczynski,ruch-chorzow,2023/24,same_season_same_club,107,exact_nonfirst_ascii | exact_nonfirst_slugstyle | last_token_exact | last_token_slugstyle | token_overlap_ascii:skwierczynski | token_overlap_slug:skwierczynski | sim>=0.92:1.000 | initial_match | same_club_bonus,Kacper SkwierczyńskiRuch Chorzów
Ruch Chorzów,ruch-chorzow,Starzyński F.,filip-starzynski,ruch-chorzow,2023/24,same_season_same_club,107,exact_nonfirst_ascii | exact_nonfirst_slugstyle | last_token_exact | last_token_slugstyle | token_overlap_ascii:starzynski | token_overlap_slug:starzynski | sim>=0.92:1.000 | initial_match | same_club_bonus,Filip StarzyńskiRuch Chorzów
Ruch Chorzów,ruch-chorzow,Steczyk D.,dominik-steczyk,ruch-chorzow,2023/24,same_season_same_club,107,exact_nonfirst_ascii | exact_nonfirst_slugstyle | last_token_exact | last_token_slugstyle | token_overlap_ascii:steczyk | token_overlap_slug:steczyk | sim>=0.92:1.000 | initial_match | same_club_bonus,Dominik Patryk SteczykRuch Chorzów
Ruch Chorzów,ruch-chorzow,Stipica D.,dante-stipica,ruch-chorzow,2023/24,same_season_same_club,107,exact_nonfirst_ascii | exact_nonfirst_slugstyle | last_token_exact | last_token_slugstyle | token_overlap_ascii:stipica | token_overlap_slug:stipica | sim>=0.92:1.000 | initial_match | same_club_bonus,Dante StipicaRuch Chorzów
Ruch Chorzów,ruch-chorzow,Swędrowski T.,tomasz-swedrowski,ruch-chorzow,2023/24,same_season_same_club,107,exact_nonfirst_ascii | exact_nonfirst_slugstyle | last_token_exact | last_token_slugstyle | token_overlap_ascii:swedrowski | token_overlap_slug:swedrowski | sim>=0.92:1.000 | initial_match | same_club_bonus,Tomasz SwędrowskiRuch Chorzów
Ruch Chorzów,ruch-chorzow,Szczepan D.,daniel-szczepan,ruch-chorzow,2023/24,same_season_same_club,107,exact_nonfirst_ascii | exact_nonfirst_slugstyle | last_token_exact | last_token_slugstyle | token_overlap_ascii:szczepan | token_overlap_slug:szczepan | sim>=0.92:1.000 | initial_match | same_club_bonus,Daniel SzczepanRuch Chorzów
Ruch Chorzów,ruch-chorzow,Szur P.,przemysaw-szur,ruch-chorzow,2023/24,same_season_same_club,107,exact_nonfirst_ascii | exact_nonfirst_slugstyle | last_token_exact | last_token_slugstyle | token_overlap_ascii:szur | token_overlap_slug:szur | sim>=0.92:1.000 | initial_match | same_club_bonus,Przemysław SzurRuch Chorzów
Ruch Chorzów,ruch-chorzow,Szymański S.,szymon-szymanski,ruch-chorzow,2023/24,same_season_same_club,107,exact_nonfirst_ascii | exact_nonfirst_slugstyle | last_token_exact | last_token_slugstyle | token_overlap_ascii:szymanski | token_overlap_slug:szymanski | sim>=0.92:1.000 | initial_match | same_club_bonus,Szymon SzymańskiRuch Chorzów
Ruch Chorzów,ruch-chorzow,Szywacz R.,remigiusz-szywacz,ruch-chorzow,2023/24,same_season_same_club,107,exact_nonfirst_ascii | exact_nonfirst_slugstyle | last_token_exact | last_token_slugstyle | token_overlap_ascii:szywacz | token_overlap_slug:szywacz | sim>=0.92:1.000 | initial_match | same_club_bonus,Remigiusz SzywaczRuch Chorzów
Ruch Chorzów,ruch-chorzow,Vlkanova A.,adam-vlkanova,ruch-chorzow,2023/24,same_season_same_club,107,exact_nonfirst_ascii | exact_nonfirst_slugstyle | last_token_exact | last_token_slugstyle | token_overlap_ascii:vlkanova | token_overlap_slug:vlkanova | sim>=0.92:1.000 | initial_match | same_club_bonus,Adam VlkanovaRuch Chorzów
Ruch Chorzów,ruch-chorzow,Wilak F.,filip-wilak,ruch-chorzow,2023/24,same_season_same_club,107,exact_nonfirst_ascii | exact_nonfirst_slugstyle | last_token_exact | last_token_slugstyle | token_overlap_ascii:wilak | token_overlap_slug:wilak | sim>=0.92:1.000 | initial_match | same_club_bonus,Filip WilakRuch Chorzów
Ruch Chorzów,ruch-chorzow,Wójtowicz T.,tomasz-wojtowicz,ruch-chorzow,2023/24,same_season_same_club,107,exact_nonfirst_ascii | exact_nonfirst_slugstyle | last_token_exact | last_token_slugstyle | token_overlap_ascii:wojtowicz | token_overlap_slug:wojtowicz | sim>=0.92:1.000 | initial_match | same_club_bonus,Tomasz WójtowiczRuch Chorzów
Stal Mielec,stal-mielec,Cetnar A.,alex-cetnar,stal-mielec,2023/24,same_season_same_club,107,exact_nonfirst_ascii | exact_nonfirst_slugstyle | last_token_exact | last_token_slugstyle | token_overlap_ascii:cetnar | token_overlap_slug:cetnar | sim>=0.92:1.000 | initial_match | same_club_bonus,Alex CetnarStal Mielec
Stal Mielec,stal-mielec,Domański M.,maciej-domanski,stal-mielec,2024/25,future_season_same_club,107,exact_nonfirst_ascii | exact_nonfirst_slugstyle | last_token_exact | last_token_slugstyle | token_overlap_ascii:domanski | token_overlap_slug:domanski | sim>=0.92:1.000 | initial_match | same_club_bonus,Maciej DomańskiStal Mielec
Stal Mielec,stal-mielec,Domański M.,maciej-domanski,stal-mielec,2023/24,same_season_same_club,107,exact_nonfirst_ascii | exact_nonfirst_slugstyle | last_token_exact | last_token_slugstyle | token_overlap_ascii:domanski | token_overlap_slug:domanski | sim>=0.92:1.000 | initial_match | same_club_bonus,Maciej DomańskiStal Mielec
Stal Mielec,stal-mielec,Esselink B.,bert-esselink,stal-mielec,2024/25,future_season_same_club,107,exact_nonfirst_ascii | exact_nonfirst_slugstyle | last_token_exact | last_token_slugstyle | token_overlap_ascii:esselink | token_overlap_slug:esselink | sim>=0.92:1.000 | initial_match | same_club_bonus,Bert Johan EsselinkStal Mielec
Stal Mielec,stal-mielec,Esselink B.,bert-esselink,stal-mielec,2023/24,same_season_same_club,107,exact_nonfirst_ascii | exact_nonfirst_slugstyle | last_token_exact | last_token_slugstyle | token_overlap_ascii:esselink | token_overlap_slug:esselink | sim>=0.92:1.000 | initial_match | same_club_bonus,Bert Johan EsselinkStal Mielec
Stal Mielec,stal-mielec,Gerstenstein L.,ukasz-gerstenstein,stal-mielec,2023/24,same_season_same_club,103,exact_nonfirst_ascii | exact_nonfirst_slugstyle | last_token_exact | last_token_slugstyle | token_overlap_ascii:gerstenstein | token_overlap_slug:gerstenstein | sim>=0.92:1.000 | same_club_bonus,Łukasz GerstensteinStal Mielec
Stal Mielec,stal-mielec,Getinger K.,krystian-getinger,stal-mielec,2024/25,future_season_same_club,107,exact_nonfirst_ascii | exact_nonfirst_slugstyle | last_token_exact | last_token_slugstyle | token_overlap_ascii:getinger | token_overlap_slug:getinger | sim>=0.92:1.000 | initial_match | same_club_bonus,Krystian GetingerStal Mielec
Stal Mielec,stal-mielec,Getinger K.,krystian-getinger,stal-mielec,2023/24,same_season_same_club,107,exact_nonfirst_ascii | exact_nonfirst_slugstyle | last_token_exact | last_token_slugstyle | token_overlap_ascii:getinger | token_overlap_slug:getinger | sim>=0.92:1.000 | initial_match | same_club_bonus,Krystian GetingerStal Mielec
Stal Mielec,stal-mielec,Gheorghe I.,ion-gheorghe,stal-mielec,2023/24,same_season_same_club,107,exact_nonfirst_ascii | exact_nonfirst_slugstyle | last_token_exact | last_token_slugstyle | token_overlap_ascii:gheorghe | token_overlap_slug:gheorghe | sim>=0.92:1.000 | initial_match | same_club_bonus,Ion GheorgheStal Mielec
Stal Mielec,stal-mielec,Guillaumier M.,matthew-guillaumier,stal-mielec,2024/25,future_season_same_club,107,exact_nonfirst_ascii | exact_nonfirst_slugstyle | last_token_exact | last_token_slugstyle | token_overlap_ascii:guillaumier | token_overlap_slug:guillaumier | sim>=0.92:1.000 | initial_match | same_club_bonus,Matthew GuillaumierStal Mielec
Stal Mielec,stal-mielec,Guillaumier M.,matthew-guillaumier,stal-mielec,2023/24,same_season_same_club,107,exact_nonfirst_ascii | exact_nonfirst_slugstyle | last_token_exact | last_token_slugstyle | token_overlap_ascii:guillaumier | token_overlap_slug:guillaumier | sim>=0.92:1.000 | initial_match | same_club_bonus,Matthew GuillaumierStal Mielec
Stal Mielec,stal-mielec,Hinokio K.,koki-hinokio,stal-mielec,2024/25,future_season_same_club,107,exact_nonfirst_ascii | exact_nonfirst_slugstyle | last_token_exact | last_token_slugstyle | token_overlap_ascii:hinokio | token_overlap_slug:hinokio | sim>=0.92:1.000 | initial_match | same_club_bonus,Koki HinokioStal Mielec
Stal Mielec,stal-mielec,Hinokio K.,koki-hinokio,stal-mielec,2023/24,same_season_same_club,107,exact_nonfirst_ascii | exact_nonfirst_slugstyle | last_token_exact | last_token_slugstyle | token_overlap_ascii:hinokio | token_overlap_slug:hinokio | sim>=0.92:1.000 | initial_match | same_club_bonus,Koki HinokioStal Mielec
Stal Mielec,stal-mielec,Jaunzems A.,alvis-jaunzems,stal-mielec,2024/25,future_season_same_club,107,exact_nonfirst_ascii | exact_nonfirst_slugstyle | last_token_exact | last_token_slugstyle | token_overlap_ascii:jaunzems | token_overlap_slug:jaunzems | sim>=0.92:1.000 | initial_match | same_club_bonus,Alvis JaunzemsStal Mielec
Stal Mielec,stal-mielec,Jaunzems A.,alvis-jaunzems,stal-mielec,2023/24,same_season_same_club,107,exact_nonfirst_ascii | exact_nonfirst_slugstyle | last_token_exact | last_token_slugstyle | token_overlap_ascii:jaunzems | token_overlap_slug:jaunzems | sim>=0.92:1.000 | initial_match | same_club_bonus,Alvis JaunzemsStal Mielec
Stal Mielec,stal-mielec,Jałocha K.,konrad-jaocha,stal-mielec,2024/25,future_season_same_club,107,exact_nonfirst_slugstyle | last_token_slugstyle | token_overlap_slug:jaocha | sim>=0.92:0.923 | initial_match | same_club_bonus,Konrad JałochaStal Mielec
Stal Mielec,stal-mielec,Jałocha K.,konrad-jaocha,stal-mielec,2023/24,same_season_same_club,107,exact_nonfirst_slugstyle | last_token_slugstyle | token_overlap_slug:jaocha | sim>=0.92:0.923 | initial_match | same_club_bonus,Konrad JałochaStal Mielec
Stal Mielec,stal-mielec,Kochalski M.,mateusz-kochalski,stal-mielec,2024/25,future_season_same_club,107,exact_nonfirst_ascii | exact_nonfirst_slugstyle | last_token_exact | last_token_slugstyle | token_overlap_ascii:kochalski | token_overlap_slug:kochalski | sim>=0.92:1.000 | initial_match | same_club_bonus,Mateusz KochalskiStal Mielec
Stal Mielec,stal-mielec,Kochalski M.,mateusz-kochalski,stal-mielec,2023/24,same_season_same_club,107,exact_nonfirst_ascii | exact_nonfirst_slugstyle | last_token_exact | last_token_slugstyle | token_overlap_ascii:kochalski | token_overlap_slug:kochalski | sim>=0.92:1.000 | initial_match | same_club_bonus,Mateusz KochalskiStal Mielec
Stal Mielec,stal-mielec,Maj P.,przemysaw-maj,stal-mielec,2023/24,same_season_same_club,107,exact_nonfirst_ascii | exact_nonfirst_slugstyle | last_token_exact | last_token_slugstyle | sim>=0.92:1.000 | initial_match | same_club_bonus,Przemysław MajStal Mielec
Stal Mielec,stal-mielec,Matras M.,mateusz-matras,stal-mielec,2024/25,future_season_same_club,107,exact_nonfirst_ascii | exact_nonfirst_slugstyle | last_token_exact | last_token_slugstyle | token_overlap_ascii:matras | token_overlap_slug:matras | sim>=0.92:1.000 | initial_match | same_club_bonus,Mateusz MatrasStal Mielec
Stal Mielec,stal-mielec,Matras M.,mateusz-matras,stal-mielec,2023/24,same_season_same_club,107,exact_nonfirst_ascii | exact_nonfirst_slugstyle | last_token_exact | last_token_slugstyle | token_overlap_ascii:matras | token_overlap_slug:matras | sim>=0.92:1.000 | initial_match | same_club_bonus,Mateusz MatrasStal Mielec
Stal Mielec,stal-mielec,Meriluoto K.,kai-meriluoto,stal-mielec,2023/24,same_season_same_club,107,exact_nonfirst_ascii | exact_nonfirst_slugstyle | last_token_exact | last_token_slugstyle | token_overlap_ascii:meriluoto | token_overlap_slug:meriluoto | sim>=0.92:1.000 | initial_match | same_club_bonus,Kai MeriluotoStal Mielec
Stal Mielec,stal-mielec,Pajnowski K.,kamil-pajnowski,stal-mielec,2023/24,same_season_same_club,107,exact_nonfirst_ascii | exact_nonfirst_slugstyle | last_token_exact | last_token_slugstyle | token_overlap_ascii:pajnowski | token_overlap_slug:pajnowski | sim>=0.92:1.000 | initial_match | same_club_bonus,Kamil PajnowskiStal Mielec
Stal Mielec,stal-mielec,Pingot M.,maksymilian-pingot,stal-mielec,2023/24,same_season_same_club,107,exact_nonfirst_ascii | exact_nonfirst_slugstyle | last_token_exact | last_token_slugstyle | token_overlap_ascii:pingot | token_overlap_slug:pingot | sim>=0.92:1.000 | initial_match | same_club_bonus,Maksymilian PingotStal Mielec
Stal Mielec,stal-mielec,Rafa Santos,rafael-santos,stal-mielec,2023/24,same_season_same_club,95,last_token_exact | last_token_slugstyle | token_overlap_ascii:santos | token_overlap_slug:santos | sim>=0.85:0.909 | same_club_bonus,Rafa SantosStal Mielec
Stal Mielec,stal-mielec,Shkurin I.,ilya-shkurin,stal-mielec,2023/24,same_season_same_club,107,exact_nonfirst_ascii | exact_nonfirst_slugstyle | last_token_exact | last_token_slugstyle | token_overlap_ascii:shkurin | token_overlap_slug:shkurin | sim>=0.92:1.000 | initial_match | same_club_bonus,Ilya ShkurinStal Mielec
Stal Mielec,stal-mielec,Stępień M.,mateusz-stepien,stal-mielec,2024/25,future_season_same_club,107,exact_nonfirst_ascii | exact_nonfirst_slugstyle | last_token_exact | last_token_slugstyle | token_overlap_ascii:stepien | token_overlap_slug:stepien | sim>=0.92:1.000 | initial_match | same_club_bonus,Mateusz StępieńStal Mielec
Stal Mielec,stal-mielec,Stępień M.,mateusz-stepien,stal-mielec,2023/24,same_season_same_club,107,exact_nonfirst_ascii | exact_nonfirst_slugstyle | last_token_exact | last_token_slugstyle | token_overlap_ascii:stepien | token_overlap_slug:stepien | sim>=0.92:1.000 | initial_match | same_club_bonus,Mateusz StępieńStal Mielec
Stal Mielec,stal-mielec,Trabka M.,micha-trabka,stal-mielec,2023/24,same_season_same_club,107,exact_nonfirst_ascii | exact_nonfirst_slugstyle | last_token_exact | last_token_slugstyle | token_overlap_ascii:trabka | token_overlap_slug:trabka | sim>=0.92:1.000 | initial_match | same_club_bonus,Michał TrąbkaStal Mielec
Stal Mielec,stal-mielec,Wlazło P.,piotr-wlazo,stal-mielec,2024/25,future_season_same_club,107,exact_nonfirst_slugstyle | last_token_slugstyle | token_overlap_slug:wlazo | sim>=0.85:0.909 | initial_match | same_club_bonus,Piotr WlazłoStal Mielec
Stal Mielec,stal-mielec,Wlazło P.,piotr-wlazo,stal-mielec,2023/24,same_season_same_club,107,exact_nonfirst_slugstyle | last_token_slugstyle | token_overlap_slug:wlazo | sim>=0.85:0.909 | initial_match | same_club_bonus,Piotr WlazłoStal Mielec
Stal Mielec,stal-mielec,Wolsztyński Ł.,ukasz-wolsztynski,stal-mielec,2024/25,future_season_same_club,103,exact_nonfirst_ascii | exact_nonfirst_slugstyle | last_token_exact | last_token_slugstyle | token_overlap_ascii:wolsztynski | token_overlap_slug:wolsztynski | sim>=0.92:1.000 | same_club_bonus,Łukasz WolsztyńskiStal Mielec
Stal Mielec,stal-mielec,Wolsztyński Ł.,ukasz-wolsztynski,stal-mielec,2023/24,same_season_same_club,103,exact_nonfirst_ascii | exact_nonfirst_slugstyle | last_token_exact | last_token_slugstyle | token_overlap_ascii:wolsztynski | token_overlap_slug:wolsztynski | sim>=0.92:1.000 | same_club_bonus,Łukasz WolsztyńskiStal Mielec
Stal Mielec,stal-mielec,Wołkowicz K.,krzysztof-wokowicz,stal-mielec,2024/25,future_season_same_club,107,exact_nonfirst_slugstyle | last_token_slugstyle | token_overlap_slug:wokowicz | sim>=0.92:0.941 | initial_match | same_club_bonus,Krzysztof WołkowiczStal Mielec
Stal Mielec,stal-mielec,Wołkowicz K.,krzysztof-wokowicz,stal-mielec,2023/24,same_season_same_club,107,exact_nonfirst_slugstyle | last_token_slugstyle | token_overlap_slug:wokowicz | sim>=0.92:0.941 | initial_match | same_club_bonus,Krzysztof WołkowiczStal Mielec
Warta Poznań,warta-poznan,Bartkowski J.,jakub-bartkowski,warta-poznan,2023/24,same_season_same_club,107,exact_nonfirst_ascii | exact_nonfirst_slugstyle | last_token_exact | last_token_slugstyle | token_overlap_ascii:bartkowski | token_overlap_slug:bartkowski | sim>=0.92:1.000 | initial_match | same_club_bonus,Jakub BartkowskiWarta Poznań
Warta Poznań,warta-poznan,Borowski F.,filip-borowski,warta-poznan,2023/24,same_season_same_club,107,exact_nonfirst_ascii | exact_nonfirst_slugstyle | last_token_exact | last_token_slugstyle | token_overlap_ascii:borowski | token_overlap_slug:borowski | sim>=0.92:1.000 | initial_match | same_club_bonus,Filip BorowskiWarta Poznań
Warta Poznań,warta-poznan,Eppel M.,marton-eppel-1,warta-poznan,2023/24,same_season_same_club,93,token_overlap_ascii:eppel | token_overlap_slug:eppel | sim>=0.85:0.909 | initial_match | same_club_bonus,Márton EppelWarta Poznań
Warta Poznań,warta-poznan,Grobelny J.,jedrzej-grobelny,warta-poznan,2023/24,same_season_same_club,107,exact_nonfirst_ascii | exact_nonfirst_slugstyle | last_token_exact | last_token_slugstyle | token_overlap_ascii:grobelny | token_overlap_slug:grobelny | sim>=0.92:1.000 | initial_match | same_club_bonus,Jędrzej GrobelnyWarta Poznań
Warta Poznań,warta-poznan,Jakubowski F.,jakub-bartkowski,warta-poznan,2023/24,same_season_same_club,81,sim>=0.78:0.800 | same_club_bonus,Jakub BartkowskiWarta Poznań
Warta Poznań,warta-poznan,Jakubowski F.,jakub-paszkowski,warta-poznan,2023/24,same_season_same_club,81,sim>=0.78:0.800 | same_club_bonus,Jakub PaszkowskiWarta Poznań
Warta Poznań,warta-poznan,Jakubowski F.,jakub-sangowski,warta-poznan,2023/24,same_season_same_club,81,sim>=0.78:0.833 | same_club_bonus,Jakub Mateusz SangowskiWarta Poznań
Warta Poznań,warta-poznan,Kamiński W.,wiktor-kaminski,warta-poznan,2023/24,same_season_same_club,107,exact_nonfirst_ascii | exact_nonfirst_slugstyle | last_token_exact | last_token_slugstyle | token_overlap_ascii:kaminski | token_overlap_slug:kaminski | sim>=0.92:1.000 | initial_match | same_club_bonus,Wiktor KamińskiWarta Poznań
Warta Poznań,warta-poznan,Kiełb J.,jakub-kieb,warta-poznan,2023/24,same_season_same_club,107,exact_nonfirst_slugstyle | last_token_slugstyle | token_overlap_slug:kieb | sim>=0.85:0.889 | initial_match | same_club_bonus,Jakub KiełbWarta Poznań
Warta Poznań,warta-poznan,Kopczyński M.,micha-kopczynski,warta-poznan,2023/24,same_season_same_club,107,exact_nonfirst_ascii | exact_nonfirst_slugstyle | last_token_exact | last_token_slugstyle | token_overlap_ascii:kopczynski | token_overlap_slug:kopczynski | sim>=0.92:1.000 | initial_match | same_club_bonus,Michał KopczyńskiWarta Poznań
Warta Poznań,warta-poznan,Krzyżak O.,oskar-krzyzak,warta-poznan,2023/24,same_season_same_club,107,exact_nonfirst_ascii | exact_nonfirst_slugstyle | last_token_exact | last_token_slugstyle | token_overlap_ascii:krzyzak | token_overlap_slug:krzyzak | sim>=0.92:1.000 | initial_match | same_club_bonus,Oskar KrzyżakWarta Poznań
Warta Poznań,warta-poznan,Kupczak M.,mateusz-kupczak,warta-poznan,2023/24,same_season_same_club,107,exact_nonfirst_ascii | exact_nonfirst_slugstyle | last_token_exact | last_token_slugstyle | token_overlap_ascii:kupczak | token_overlap_slug:kupczak | sim>=0.92:1.000 | initial_match | same_club_bonus,Mateusz KupczakWarta Poznań
Warta Poznań,warta-poznan,Lis A.,adrian-lis,warta-poznan,2023/24,same_season_same_club,107,exact_nonfirst_ascii | exact_nonfirst_slugstyle | last_token_exact | last_token_slugstyle | sim>=0.92:1.000 | initial_match | same_club_bonus,Adrian LisWarta Poznań
Warta Poznań,warta-poznan,Lis A.,miguel-luis,warta-poznan,2023/24,same_season_same_club,87,sim>=0.85:0.857 | same_club_bonus,Miguel LuísWarta Poznań
Warta Poznań,warta-poznan,Luis M.,miguel-luis,warta-poznan,2023/24,same_season_same_club,107,exact_nonfirst_ascii | exact_nonfirst_slugstyle | last_token_exact | last_token_slugstyle | token_overlap_ascii:luis | token_overlap_slug:luis | sim>=0.92:1.000 | initial_match | same_club_bonus,Miguel LuísWarta Poznań
Warta Poznań,warta-poznan,Luis M.,adrian-lis,warta-poznan,2023/24,same_season_same_club,87,sim>=0.85:0.857 | same_club_bonus,Adrian LisWarta Poznań
Warta Poznań,warta-poznan,Maenpaa N.,niilo-maenpaa,warta-poznan,2023/24,same_season_same_club,107,exact_nonfirst_ascii | exact_nonfirst_slugstyle | last_token_exact | last_token_slugstyle | token_overlap_ascii:maenpaa | token_overlap_slug:maenpaa | sim>=0.92:1.000 | initial_match | same_club_bonus,Niilo Juhani MäenpääWarta Poznań
Warta Poznań,warta-poznan,Matuszewski K.,konrad-matuszewski,warta-poznan,2023/24,same_season_same_club,107,exact_nonfirst_ascii | exact_nonfirst_slugstyle | last_token_exact | last_token_slugstyle | token_overlap_ascii:matuszewski | token_overlap_slug:matuszewski | sim>=0.92:1.000 | initial_match | same_club_bonus,Konrad MatuszewskiWarta Poznań
Warta Poznań,warta-poznan,Mezghrani M.,mohamed-mezghrani,warta-poznan,2023/24,same_season_same_club,107,exact_nonfirst_ascii | exact_nonfirst_slugstyle | last_token_exact | last_token_slugstyle | token_overlap_ascii:mezghrani | token_overlap_slug:mezghrani | sim>=0.92:1.000 | initial_match | same_club_bonus,Mohamed Amin MezghraniWarta Poznań
Warta Poznań,warta-poznan,Paszkowski J.,jakub-paszkowski,warta-poznan,2023/24,same_season_same_club,107,exact_nonfirst_ascii | exact_nonfirst_slugstyle | last_token_exact | last_token_slugstyle | token_overlap_ascii:paszkowski | token_overlap_slug:paszkowski | sim>=0.92:1.000 | initial_match | same_club_bonus,Jakub PaszkowskiWarta Poznań
Warta Poznań,warta-poznan,Pleśnierowicz W.,wiktor-plesnierowicz,warta-poznan,2023/24,same_season_same_club,107,exact_nonfirst_ascii | exact_nonfirst_slugstyle | last_token_exact | last_token_slugstyle | token_overlap_ascii:plesnierowicz | token_overlap_slug:plesnierowicz | sim>=0.92:1.000 | initial_match | same_club_bonus,Wiktor Marek PleśnierowiczWarta Poznań
Warta Poznań,warta-poznan,Prikryl T.,tomas-prikryl,warta-poznan,2023/24,same_season_same_club,107,exact_nonfirst_ascii | exact_nonfirst_slugstyle | last_token_exact | last_token_slugstyle | token_overlap_ascii:prikryl | token_overlap_slug:prikryl | sim>=0.92:1.000 | initial_match | same_club_bonus,Tomáš PřikrylWarta Poznań
Warta Poznań,warta-poznan,Przybylko K.,kacper-przybyko,warta-poznan,2023/24,same_season_same_club,97,sim>=0.92:0.941 | initial_match | same_club_bonus,Kacper PrzybyłkoWarta Poznań
Warta Poznań,warta-poznan,Rychlik P.,patryk-rychlik,warta-poznan,2023/24,same_season_same_club,107,exact_nonfirst_ascii | exact_nonfirst_slugstyle | last_token_exact | last_token_slugstyle | token_overlap_ascii:rychlik | token_overlap_slug:rychlik | sim>=0.92:1.000 | initial_match | same_club_bonus,Patryk RychlikWarta Poznań
Warta Poznań,warta-poznan,Sangowski J.,jakub-sangowski,warta-poznan,2023/24,same_season_same_club,107,exact_nonfirst_ascii | exact_nonfirst_slugstyle | last_token_exact | last_token_slugstyle | token_overlap_ascii:sangowski | token_overlap_slug:sangowski | sim>=0.92:1.000 | initial_match | same_club_bonus,Jakub Mateusz SangowskiWarta Poznań
Warta Poznań,warta-poznan,Sarbinowski S.,jakub-sangowski,warta-poznan,2023/24,same_season_same_club,81,sim>=0.78:0.800 | same_club_bonus,Jakub Mateusz SangowskiWarta Poznań
Warta Poznań,warta-poznan,Savic S.,stefan-savic,warta-poznan,2023/24,same_season_same_club,107,exact_nonfirst_ascii | exact_nonfirst_slugstyle | last_token_exact | last_token_slugstyle | token_overlap_ascii:savic | token_overlap_slug:savic | sim>=0.92:1.000 | initial_match | same_club_bonus,Stefan SavićWarta Poznań
Warta Poznań,warta-poznan,Stavropoulos D.,dimitrios-stavropoulos,warta-poznan,2023/24,same_season_same_club,107,exact_nonfirst_ascii | exact_nonfirst_slugstyle | last_token_exact | last_token_slugstyle | token_overlap_ascii:stavropoulos | token_overlap_slug:stavropoulos | sim>=0.92:1.000 | initial_match | same_club_bonus,Dimitris StavropoulosWarta Poznań
Warta Poznań,warta-poznan,Szmyt K.,kajetan-szmyt,warta-poznan,2023/24,same_season_same_club,107,exact_nonfirst_ascii | exact_nonfirst_slugstyle | last_token_exact | last_token_slugstyle | token_overlap_ascii:szmyt | token_overlap_slug:szmyt | sim>=0.92:1.000 | initial_match | same_club_bonus,Kajetan SzmytWarta Poznań
Warta Poznań,warta-poznan,Szymonowicz D.,dawid-szymonowicz,warta-poznan,2023/24,same_season_same_club,107,exact_nonfirst_ascii | exact_nonfirst_slugstyle | last_token_exact | last_token_slugstyle | token_overlap_ascii:szymonowicz | token_overlap_slug:szymonowicz | sim>=0.92:1.000 | initial_match | same_club_bonus,Dawid SzymonowiczWarta Poznań
Warta Poznań,warta-poznan,Tiru B.,bogdan-tiru,warta-poznan,2023/24,same_season_same_club,107,exact_nonfirst_ascii | exact_nonfirst_slugstyle | last_token_exact | last_token_slugstyle | token_overlap_ascii:tiru | token_overlap_slug:tiru | sim>=0.92:1.000 | initial_match | same_club_bonus,Bogdan Ionuț ȚîruWarta Poznań
Warta Poznań,warta-poznan,Tonder F.,filip-tonder,warta-poznan,2023/24,same_season_same_club,107,exact_nonfirst_ascii | exact_nonfirst_slugstyle | last_token_exact | last_token_slugstyle | token_overlap_ascii:tonder | token_overlap_slug:tonder | sim>=0.92:1.000 | initial_match | same_club_bonus,Filip TonderWarta Poznań
Warta Poznań,warta-poznan,Vizinger D.,dario-vizinger,warta-poznan,2023/24,same_season_same_club,107,exact_nonfirst_ascii | exact_nonfirst_slugstyle | last_token_exact | last_token_slugstyle | token_overlap_ascii:vizinger | token_overlap_slug:vizinger | sim>=0.92:1.000 | initial_match | same_club_bonus,Dario VizingerWarta Poznań
Warta Poznań,warta-poznan,Wajman J.,jakub-wajman,warta-poznan,2023/24,same_season_same_club,107,exact_nonfirst_ascii | exact_nonfirst_slugstyle | last_token_exact | last_token_slugstyle | token_overlap_ascii:wajman | token_overlap_slug:wajman | sim>=0.92:1.000 | initial_match | same_club_bonus,Jakub WajmanWarta Poznań
Warta Poznań,warta-poznan,Zrelak A.,adam-zrelak,warta-poznan,2023/24,same_season_same_club,107,exact_nonfirst_ascii | exact_nonfirst_slugstyle | last_token_exact | last_token_slugstyle | token_overlap_ascii:zrelak | token_overlap_slug:zrelak | sim>=0.92:1.000 | initial_match | same_club_bonus,Adam ZreľákWarta Poznań
Warta Poznań,warta-poznan,Żurawski M.,maciej-zurawski,warta-poznan,2023/24,same_season_same_club,107,exact_nonfirst_ascii | exact_nonfirst_slugstyle | last_token_exact | last_token_slugstyle | token_overlap_ascii:zurawski | token_overlap_slug:zurawski | sim>=0.92:1.000 | initial_match | same_club_bonus,Maciej Stanisław ŻurawskiWarta Poznań
Widzew Łódź,widzew-lodz,Alvarez F.,francisco-javier-alvarez-rodriguez,widzew-lodz,2025/26,future_season_same_club,95,token_overlap_ascii:alvarez | token_overlap_slug:alvarez | initial_match | same_club_bonus,Francisco Javier Álvarez RodríguezWidzew Łódź
Widzew Łódź,widzew-lodz,Alvarez F.,francisco-javier-alvarez-rodriguez,widzew-lodz,2024/25,future_season_same_club,93,token_overlap_ascii:alvarez | token_overlap_slug:alvarez | initial_match | same_club_bonus,Francisco Javier Álvarez RodríguezWidzew Łódź
Widzew Łódź,widzew-lodz,Alvarez F.,francisco-javier-alvarez-rodriguez,widzew-lodz,2023/24,same_season_same_club,93,token_overlap_ascii:alvarez | token_overlap_slug:alvarez | initial_match | same_club_bonus,Francisco Javier Álvarez RodríguezWidzew Łódź
Widzew Łódź,widzew-lodz,Ciganiks A.,andrejs-ciganiks,widzew-lodz,2023/24,same_season_same_club,107,exact_nonfirst_ascii | exact_nonfirst_slugstyle | last_token_exact | last_token_slugstyle | token_overlap_ascii:ciganiks | token_overlap_slug:ciganiks | sim>=0.92:1.000 | initial_match | same_club_bonus,Andrejs CigaņiksWidzew Łódź
Widzew Łódź,widzew-lodz,Cybulski K.,kamil-cybulski,widzew-lodz,2025/26,future_season_same_club,109,exact_nonfirst_ascii | exact_nonfirst_slugstyle | last_token_exact | last_token_slugstyle | token_overlap_ascii:cybulski | token_overlap_slug:cybulski | sim>=0.92:1.000 | initial_match | same_club_bonus,Kamil CybulskiWidzew Łódź
Widzew Łódź,widzew-lodz,Cybulski K.,kamil-cybulski,widzew-lodz,2024/25,future_season_same_club,107,exact_nonfirst_ascii | exact_nonfirst_slugstyle | last_token_exact | last_token_slugstyle | token_overlap_ascii:cybulski | token_overlap_slug:cybulski | sim>=0.92:1.000 | initial_match | same_club_bonus,Kamil CybulskiWidzew Łódź
Widzew Łódź,widzew-lodz,Cybulski K.,kamil-cybulski,widzew-lodz,2023/24,same_season_same_club,107,exact_nonfirst_ascii | exact_nonfirst_slugstyle | last_token_exact | last_token_slugstyle | token_overlap_ascii:cybulski | token_overlap_slug:cybulski | sim>=0.92:1.000 | initial_match | same_club_bonus,Kamil CybulskiWidzew Łódź
Widzew Łódź,widzew-lodz,Dawid I.,ignacy-dawid,widzew-lodz,2023/24,same_season_same_club,107,exact_nonfirst_ascii | exact_nonfirst_slugstyle | last_token_exact | last_token_slugstyle | token_overlap_ascii:dawid | token_overlap_slug:dawid | sim>=0.92:1.000 | initial_match | same_club_bonus,Ignacy DawidWidzew Łódź
Widzew Łódź,widzew-lodz,Dawid I.,dawid-tkacz,widzew-lodz,2023/24,same_season_same_club,89,token_overlap_ascii:dawid | token_overlap_slug:dawid | same_club_bonus,Dawid TkaczWidzew Łódź
Widzew Łódź,widzew-lodz,Diliberto N.,noah-diliberto-1,widzew-lodz,2024/25,future_season_same_club,97,token_overlap_ascii:diliberto | token_overlap_slug:diliberto | sim>=0.92:0.947 | initial_match | same_club_bonus,Noah DilibertoWidzew Łódź
Widzew Łódź,widzew-lodz,Diliberto N.,noah-diliberto-1,widzew-lodz,2023/24,same_season_same_club,97,token_overlap_ascii:diliberto | token_overlap_slug:diliberto | sim>=0.92:0.947 | initial_match | same_club_bonus,Noah DilibertoWidzew Łódź
Widzew Łódź,widzew-lodz,Gikiewicz R.,rafa-tadeusz-gikiewicz,widzew-lodz,2024/25,future_season_same_club,99,last_token_exact | last_token_slugstyle | token_overlap_ascii:gikiewicz | token_overlap_slug:gikiewicz | initial_match | same_club_bonus,Rafał Tadeusz GikiewiczWidzew Łódź
Widzew Łódź,widzew-lodz,Gikiewicz R.,rafa-tadeusz-gikiewicz,widzew-lodz,2023/24,same_season_same_club,99,last_token_exact | last_token_slugstyle | token_overlap_ascii:gikiewicz | token_overlap_slug:gikiewicz | initial_match | same_club_bonus,Rafał Tadeusz GikiewiczWidzew Łódź
Widzew Łódź,widzew-lodz,Hanousek Mar.,marek-hanousek,widzew-lodz,2025/26,future_season_same_club,91,token_overlap_ascii:hanousek | token_overlap_slug:hanousek | sim>=0.78:0.842 | same_club_bonus,Marek HanousekWidzew Łódź
Widzew Łódź,widzew-lodz,Hanousek Mar.,marek-hanousek,widzew-lodz,2024/25,future_season_same_club,89,token_overlap_ascii:hanousek | token_overlap_slug:hanousek | sim>=0.78:0.842 | same_club_bonus,Marek HanousekWidzew Łódź
Widzew Łódź,widzew-lodz,Hanousek Mar.,marek-hanousek,widzew-lodz,2023/24,same_season_same_club,89,token_overlap_ascii:hanousek | token_overlap_slug:hanousek | sim>=0.78:0.842 | same_club_bonus,Marek HanousekWidzew Łódź
Widzew Łódź,widzew-lodz,Kerk S.,sebastian-kerk,widzew-lodz,2024/25,future_season_same_club,107,exact_nonfirst_ascii | exact_nonfirst_slugstyle | last_token_exact | last_token_slugstyle | token_overlap_ascii:kerk | token_overlap_slug:kerk | sim>=0.92:1.000 | initial_match | same_club_bonus,Sebastian KerkWidzew Łódź
Widzew Łódź,widzew-lodz,Kerk S.,sebastian-kerk,widzew-lodz,2023/24,same_season_same_club,107,exact_nonfirst_ascii | exact_nonfirst_slugstyle | last_token_exact | last_token_slugstyle | token_overlap_ascii:kerk | token_overlap_slug:kerk | sim>=0.92:1.000 | initial_match | same_club_bonus,Sebastian KerkWidzew Łódź
Widzew Łódź,widzew-lodz,Klimek A.,antoni-klimek,widzew-lodz,2023/24,same_season_same_club,107,exact_nonfirst_ascii | exact_nonfirst_slugstyle | last_token_exact | last_token_slugstyle | token_overlap_ascii:klimek | token_overlap_slug:klimek | sim>=0.92:1.000 | initial_match | same_club_bonus,Antoni KlimekWidzew Łódź
Widzew Łódź,widzew-lodz,Krzywanski J.,jan-krzywanski,widzew-lodz,2023/24,same_season_same_club,107,exact_nonfirst_ascii | exact_nonfirst_slugstyle | last_token_exact | last_token_slugstyle | token_overlap_ascii:krzywanski | token_overlap_slug:krzywanski | sim>=0.92:1.000 | initial_match | same_club_bonus,Jan KrzywańskiWidzew Łódź
Widzew Łódź,widzew-lodz,Kun D.,dominik-kun,widzew-lodz,2023/24,same_season_same_club,107,exact_nonfirst_ascii | exact_nonfirst_slugstyle | last_token_exact | last_token_slugstyle | sim>=0.92:1.000 | initial_match | same_club_bonus,Dominik KunWidzew Łódź
Widzew Łódź,widzew-lodz,Kwiatkowski P.,pawe-kwiatkowski,widzew-lodz,2024/25,future_season_same_club,107,exact_nonfirst_ascii | exact_nonfirst_slugstyle | last_token_exact | last_token_slugstyle | token_overlap_ascii:kwiatkowski | token_overlap_slug:kwiatkowski | sim>=0.92:1.000 | initial_match | same_club_bonus,Paweł KwiatkowskiWidzew Łódź
Widzew Łódź,widzew-lodz,Kwiatkowski P.,pawe-kwiatkowski,widzew-lodz,2023/24,same_season_same_club,107,exact_nonfirst_ascii | exact_nonfirst_slugstyle | last_token_exact | last_token_slugstyle | token_overlap_ascii:kwiatkowski | token_overlap_slug:kwiatkowski | sim>=0.92:1.000 | initial_match | same_club_bonus,Paweł KwiatkowskiWidzew Łódź
Widzew Łódź,widzew-lodz,Milos M.,mato-milos,widzew-lodz,2023/24,same_season_same_club,107,exact_nonfirst_ascii | exact_nonfirst_slugstyle | last_token_exact | last_token_slugstyle | token_overlap_ascii:milos | token_overlap_slug:milos | sim>=0.92:1.000 | initial_match | same_club_bonus,Mato MilošWidzew Łódź
Widzew Łódź,widzew-lodz,Nunes F.,fabio-nunes,widzew-lodz,2024/25,future_season_same_club,107,exact_nonfirst_ascii | exact_nonfirst_slugstyle | last_token_exact | last_token_slugstyle | token_overlap_ascii:nunes | token_overlap_slug:nunes | sim>=0.92:1.000 | initial_match | same_club_bonus,Fábio NunesWidzew Łódź
Widzew Łódź,widzew-lodz,Nunes F.,fabio-nunes,widzew-lodz,2023/24,same_season_same_club,107,exact_nonfirst_ascii | exact_nonfirst_slugstyle | last_token_exact | last_token_slugstyle | token_overlap_ascii:nunes | token_overlap_slug:nunes | sim>=0.92:1.000 | initial_match | same_club_bonus,Fábio NunesWidzew Łódź
Widzew Łódź,widzew-lodz,Pawłowski B.,bartomiej-radosaw-pawowski,widzew-lodz,2025/26,future_season_same_club,101,last_token_slugstyle | token_overlap_slug:pawowski | initial_match | same_club_bonus,Bartłomiej Radosław PawłowskiWidzew Łódź
Widzew Łódź,widzew-lodz,Pawłowski B.,bartomiej-radosaw-pawowski,widzew-lodz,2024/25,future_season_same_club,99,last_token_slugstyle | token_overlap_slug:pawowski | initial_match | same_club_bonus,Bartłomiej Radosław PawłowskiWidzew Łódź
Widzew Łódź,widzew-lodz,Pawłowski B.,bartomiej-radosaw-pawowski,widzew-lodz,2023/24,same_season_same_club,99,last_token_slugstyle | token_overlap_slug:pawowski | initial_match | same_club_bonus,Bartłomiej Radosław PawłowskiWidzew Łódź
Widzew Łódź,widzew-lodz,Przybulek F.,filip-przybuek,widzew-lodz,2023/24,same_season_same_club,97,sim>=0.92:0.941 | initial_match | same_club_bonus,Filip PrzybułekWidzew Łódź
Widzew Łódź,widzew-lodz,Ravas H.,henrich-ravas,widzew-lodz,2023/24,same_season_same_club,107,exact_nonfirst_ascii | exact_nonfirst_slugstyle | last_token_exact | last_token_slugstyle | token_overlap_ascii:ravas | token_overlap_slug:ravas | sim>=0.92:1.000 | initial_match | same_club_bonus,Henrich RavasWidzew Łódź
Widzew Łódź,widzew-lodz,Rondic I.,imad-rondic,widzew-lodz,2024/25,future_season_same_club,107,exact_nonfirst_ascii | exact_nonfirst_slugstyle | last_token_exact | last_token_slugstyle | token_overlap_ascii:rondic | token_overlap_slug:rondic | sim>=0.92:1.000 | initial_match | same_club_bonus,Imad RondićWidzew Łódź
Widzew Łódź,widzew-lodz,Rondic I.,imad-rondic,widzew-lodz,2023/24,same_season_same_club,107,exact_nonfirst_ascii | exact_nonfirst_slugstyle | last_token_exact | last_token_slugstyle | token_overlap_ascii:rondic | token_overlap_slug:rondic | sim>=0.92:1.000 | initial_match | same_club_bonus,Imad RondićWidzew Łódź
Widzew Łódź,widzew-lodz,Sanchez J.,jordi-sanchez-ribas,widzew-lodz,2023/24,same_season_same_club,93,token_overlap_ascii:sanchez | token_overlap_slug:sanchez | initial_match | same_club_bonus,Jordi Sánchez RibasWidzew Łódź
Widzew Łódź,widzew-lodz,Shehu J.,juljan-shehu,widzew-lodz,2025/26,future_season_same_club,109,exact_nonfirst_ascii | exact_nonfirst_slugstyle | last_token_exact | last_token_slugstyle | token_overlap_ascii:shehu | token_overlap_slug:shehu | sim>=0.92:1.000 | initial_match | same_club_bonus,Juljan ShehuWidzew Łódź
Widzew Łódź,widzew-lodz,Shehu J.,juljan-shehu,widzew-lodz,2024/25,future_season_same_club,107,exact_nonfirst_ascii | exact_nonfirst_slugstyle | last_token_exact | last_token_slugstyle | token_overlap_ascii:shehu | token_overlap_slug:shehu | sim>=0.92:1.000 | initial_match | same_club_bonus,Juljan ShehuWidzew Łódź
Widzew Łódź,widzew-lodz,Shehu J.,juljan-shehu,widzew-lodz,2023/24,same_season_same_club,107,exact_nonfirst_ascii | exact_nonfirst_slugstyle | last_token_exact | last_token_slugstyle | token_overlap_ascii:shehu | token_overlap_slug:shehu | sim>=0.92:1.000 | initial_match | same_club_bonus,Juljan ShehuWidzew Łódź
Widzew Łódź,widzew-lodz,Silva L.,luis-silva,widzew-lodz,2024/25,future_season_same_club,107,exact_nonfirst_ascii | exact_nonfirst_slugstyle | last_token_exact | last_token_slugstyle | token_overlap_ascii:silva | token_overlap_slug:silva | sim>=0.92:1.000 | initial_match | same_club_bonus,Luís SilvaWidzew Łódź
Widzew Łódź,widzew-lodz,Silva L.,luis-silva,widzew-lodz,2023/24,same_season_same_club,107,exact_nonfirst_ascii | exact_nonfirst_slugstyle | last_token_exact | last_token_slugstyle | token_overlap_ascii:silva | token_overlap_slug:silva | sim>=0.92:1.000 | initial_match | same_club_bonus,Luís SilvaWidzew Łódź
Widzew Łódź,widzew-lodz,Stepinski P.,patryk-stepinski,widzew-lodz,2023/24,same_season_same_club,107,exact_nonfirst_ascii | exact_nonfirst_slugstyle | last_token_exact | last_token_slugstyle | token_overlap_ascii:stepinski | token_overlap_slug:stepinski | sim>=0.92:1.000 | initial_match | same_club_bonus,Patryk StępińskiWidzew Łódź
Widzew Łódź,widzew-lodz,Szota S.,serafin-jan-szota,widzew-lodz,2023/24,same_season_same_club,99,last_token_exact | last_token_slugstyle | token_overlap_ascii:szota | token_overlap_slug:szota | initial_match | same_club_bonus,Serafin Jan SzotaWidzew Łódź
Widzew Łódź,widzew-lodz,Terpiłowski E.,ernest-terpiowski,widzew-lodz,2023/24,same_season_same_club,107,exact_nonfirst_slugstyle | last_token_slugstyle | token_overlap_slug:terpiowski | sim>=0.92:0.952 | initial_match | same_club_bonus,Ernest TerpiłowskiWidzew Łódź
Widzew Łódź,widzew-lodz,Tkacz D.,dawid-tkacz,widzew-lodz,2023/24,same_season_same_club,107,exact_nonfirst_ascii | exact_nonfirst_slugstyle | last_token_exact | last_token_slugstyle | token_overlap_ascii:tkacz | token_overlap_slug:tkacz | sim>=0.92:1.000 | initial_match | same_club_bonus,Dawid TkaczWidzew Łódź
Widzew Łódź,widzew-lodz,Zieliński P.,pawe-zielinski,widzew-lodz,2023/24,same_season_same_club,107,exact_nonfirst_ascii | exact_nonfirst_slugstyle | last_token_exact | last_token_slugstyle | token_overlap_ascii:zielinski | token_overlap_slug:zielinski | sim>=0.92:1.000 | initial_match | same_club_bonus,Paweł ZielińskiWidzew Łódź
Widzew Łódź,widzew-lodz,Żyro M.,mateusz-zyro,widzew-lodz,2025/26,future_season_same_club,109,exact_nonfirst_ascii | exact_nonfirst_slugstyle | last_token_exact | last_token_slugstyle | token_overlap_ascii:zyro | token_overlap_slug:zyro | sim>=0.92:1.000 | initial_match | same_club_bonus,Mateusz ŻyroWidzew Łódź
Widzew Łódź,widzew-lodz,Żyro M.,mateusz-zyro,widzew-lodz,2024/25,future_season_same_club,107,exact_nonfirst_ascii | exact_nonfirst_slugstyle | last_token_exact | last_token_slugstyle | token_overlap_ascii:zyro | token_overlap_slug:zyro | sim>=0.92:1.000 | initial_match | same_club_bonus,Mateusz ŻyroWidzew Łódź
Widzew Łódź,widzew-lodz,Żyro M.,mateusz-zyro,widzew-lodz,2023/24,same_season_same_club,107,exact_nonfirst_ascii | exact_nonfirst_slugstyle | last_token_exact | last_token_slugstyle | token_overlap_ascii:zyro | token_overlap_slug:zyro | sim>=0.92:1.000 | initial_match | same_club_bonus,Mateusz ŻyroWidzew Łódź
Zagłębie Lubin,zagebie-lubin,Bohar D.,damjan-bohar,zagebie-lubin,2023/24,same_season_same_club,107,exact_nonfirst_ascii | exact_nonfirst_slugstyle | last_token_exact | last_token_slugstyle | token_overlap_ascii:bohar | token_overlap_slug:bohar | sim>=0.92:1.000 | initial_match | same_club_bonus,Damjan BoharKGHM Zagłębie Lubin
Zagłębie Lubin,zagebie-lubin,Buletsa S.,serhii-buletsa,zagebie-lubin,2023/24,same_season_same_club,107,exact_nonfirst_ascii | exact_nonfirst_slugstyle | last_token_exact | last_token_slugstyle | token_overlap_ascii:buletsa | token_overlap_slug:buletsa | sim>=0.92:1.000 | initial_match | same_club_bonus,Serhii BuletsaKGHM Zagłębie Lubin
Zagłębie Lubin,zagebie-lubin,Buric J.,jasmin-buric,zagebie-lubin,2025/26,future_season_same_club,109,exact_nonfirst_ascii | exact_nonfirst_slugstyle | last_token_exact | last_token_slugstyle | token_overlap_ascii:buric | token_overlap_slug:buric | sim>=0.92:1.000 | initial_match | same_club_bonus,Jasmin BurićKGHM Zagłębie Lubin
Zagłębie Lubin,zagebie-lubin,Buric J.,jasmin-buric,zagebie-lubin,2024/25,future_season_same_club,107,exact_nonfirst_ascii | exact_nonfirst_slugstyle | last_token_exact | last_token_slugstyle | token_overlap_ascii:buric | token_overlap_slug:buric | sim>=0.92:1.000 | initial_match | same_club_bonus,Jasmin BurićKGHM Zagłębie Lubin
Zagłębie Lubin,zagebie-lubin,Buric J.,jasmin-buric,zagebie-lubin,2023/24,same_season_same_club,107,exact_nonfirst_ascii | exact_nonfirst_slugstyle | last_token_exact | last_token_slugstyle | token_overlap_ascii:buric | token_overlap_slug:buric | sim>=0.92:1.000 | initial_match | same_club_bonus,Jasmin BurićKGHM Zagłębie Lubin
Zagłębie Lubin,zagebie-lubin,Chodyna K.,kacper-chodyna,zagebie-lubin,2023/24,same_season_same_club,107,exact_nonfirst_ascii | exact_nonfirst_slugstyle | last_token_exact | last_token_slugstyle | token_overlap_ascii:chodyna | token_overlap_slug:chodyna | sim>=0.92:1.000 | initial_match | same_club_bonus,Kacper ChodynaKGHM Zagłębie Lubin
Zagłębie Lubin,zagebie-lubin,Dioudis S.,sokratis-dioudis,zagebie-lubin,2023/24,same_season_same_club,107,exact_nonfirst_ascii | exact_nonfirst_slugstyle | last_token_exact | last_token_slugstyle | token_overlap_ascii:dioudis | token_overlap_slug:dioudis | sim>=0.92:1.000 | initial_match | same_club_bonus,Sokratis DioudisKGHM Zagłębie Lubin
Zagłębie Lubin,zagebie-lubin,Dąbrowski D.,damian-dabrowski,zagebie-lubin,2025/26,future_season_same_club,109,exact_nonfirst_ascii | exact_nonfirst_slugstyle | last_token_exact | last_token_slugstyle | token_overlap_ascii:dabrowski | token_overlap_slug:dabrowski | sim>=0.92:1.000 | initial_match | same_club_bonus,Damian DąbrowskiKGHM Zagłębie Lubin
Zagłębie Lubin,zagebie-lubin,Dąbrowski D.,damian-dabrowski,zagebie-lubin,2024/25,future_season_same_club,107,exact_nonfirst_ascii | exact_nonfirst_slugstyle | last_token_exact | last_token_slugstyle | token_overlap_ascii:dabrowski | token_overlap_slug:dabrowski | sim>=0.92:1.000 | initial_match | same_club_bonus,Damian DąbrowskiKGHM Zagłębie Lubin
Zagłębie Lubin,zagebie-lubin,Dąbrowski D.,damian-dabrowski,zagebie-lubin,2023/24,same_season_same_club,107,exact_nonfirst_ascii | exact_nonfirst_slugstyle | last_token_exact | last_token_slugstyle | token_overlap_ascii:dabrowski | token_overlap_slug:dabrowski | sim>=0.92:1.000 | initial_match | same_club_bonus,Damian DąbrowskiKGHM Zagłębie Lubin
Zagłębie Lubin,zagebie-lubin,Gaprindashvili T.,tornike-gaprindashvili,zagebie-lubin,2023/24,same_season_same_club,107,exact_nonfirst_ascii | exact_nonfirst_slugstyle | last_token_exact | last_token_slugstyle | token_overlap_ascii:gaprindashvili | token_overlap_slug:gaprindashvili | sim>=0.92:1.000 | initial_match | same_club_bonus,Tornike GaprindashviliKGHM Zagłębie Lubin
Zagłębie Lubin,zagebie-lubin,Grzybek M.,mateusz-grzybek,zagebie-lubin,2025/26,future_season_same_club,109,exact_nonfirst_ascii | exact_nonfirst_slugstyle | last_token_exact | last_token_slugstyle | token_overlap_ascii:grzybek | token_overlap_slug:grzybek | sim>=0.92:1.000 | initial_match | same_club_bonus,Mateusz GrzybekKGHM Zagłębie Lubin
Zagłębie Lubin,zagebie-lubin,Grzybek M.,mateusz-grzybek,zagebie-lubin,2024/25,future_season_same_club,107,exact_nonfirst_ascii | exact_nonfirst_slugstyle | last_token_exact | last_token_slugstyle | token_overlap_ascii:grzybek | token_overlap_slug:grzybek | sim>=0.92:1.000 | initial_match | same_club_bonus,Mateusz GrzybekKGHM Zagłębie Lubin
Zagłębie Lubin,zagebie-lubin,Grzybek M.,mateusz-grzybek,zagebie-lubin,2023/24,same_season_same_club,107,exact_nonfirst_ascii | exact_nonfirst_slugstyle | last_token_exact | last_token_slugstyle | token_overlap_ascii:grzybek | token_overlap_slug:grzybek | sim>=0.92:1.000 | initial_match | same_club_bonus,Mateusz GrzybekKGHM Zagłębie Lubin
Zagłębie Lubin,zagebie-lubin,Kirkeskov M.,mikkel-kirkeskov,zagebie-lubin,2023/24,same_season_same_club,107,exact_nonfirst_ascii | exact_nonfirst_slugstyle | last_token_exact | last_token_slugstyle | token_overlap_ascii:kirkeskov | token_overlap_slug:kirkeskov | sim>=0.92:1.000 | initial_match | same_club_bonus,Mikkel Kirkeskov AndersenKGHM Zagłębie Lubin
Zagłębie Lubin,zagebie-lubin,Kocaba F.,filip-kocaba,zagebie-lubin,2025/26,future_season_same_club,109,exact_nonfirst_ascii | exact_nonfirst_slugstyle | last_token_exact | last_token_slugstyle | token_overlap_ascii:kocaba | token_overlap_slug:kocaba | sim>=0.92:1.000 | initial_match | same_club_bonus,Filip KocabaKGHM Zagłębie Lubin
Zagłębie Lubin,zagebie-lubin,Kocaba F.,filip-kocaba,zagebie-lubin,2023/24,same_season_same_club,107,exact_nonfirst_ascii | exact_nonfirst_slugstyle | last_token_exact | last_token_slugstyle | token_overlap_ascii:kocaba | token_overlap_slug:kocaba | sim>=0.92:1.000 | initial_match | same_club_bonus,Filip KocabaKGHM Zagłębie Lubin
Zagłębie Lubin,zagebie-lubin,Kopacz B.,bartosz-kopacz,zagebie-lubin,2024/25,future_season_same_club,107,exact_nonfirst_ascii | exact_nonfirst_slugstyle | last_token_exact | last_token_slugstyle | token_overlap_ascii:kopacz | token_overlap_slug:kopacz | sim>=0.92:1.000 | initial_match | same_club_bonus,Bartosz KopaczKGHM Zagłębie Lubin
Zagłębie Lubin,zagebie-lubin,Kopacz B.,bartosz-kopacz,zagebie-lubin,2023/24,same_season_same_club,107,exact_nonfirst_ascii | exact_nonfirst_slugstyle | last_token_exact | last_token_slugstyle | token_overlap_ascii:kopacz | token_overlap_slug:kopacz | sim>=0.92:1.000 | initial_match | same_club_bonus,Bartosz KopaczKGHM Zagłębie Lubin
Zagłębie Lubin,zagebie-lubin,Kruk K.,kamil-kruk,zagebie-lubin,2023/24,same_season_same_club,107,exact_nonfirst_ascii | exact_nonfirst_slugstyle | last_token_exact | last_token_slugstyle | token_overlap_ascii:kruk | token_overlap_slug:kruk | sim>=0.92:1.000 | initial_match | same_club_bonus,Kamil KrukKGHM Zagłębie Lubin
Zagłębie Lubin,zagebie-lubin,Kurminowski D.,dawid-kurminowski,zagebie-lubin,2024/25,future_season_same_club,107,exact_nonfirst_ascii | exact_nonfirst_slugstyle | last_token_exact | last_token_slugstyle | token_overlap_ascii:kurminowski | token_overlap_slug:kurminowski | sim>=0.92:1.000 | initial_match | same_club_bonus,Dawid KurminowskiKGHM Zagłębie Lubin
Zagłębie Lubin,zagebie-lubin,Kurminowski D.,dawid-kurminowski,zagebie-lubin,2023/24,same_season_same_club,107,exact_nonfirst_ascii | exact_nonfirst_slugstyle | last_token_exact | last_token_slugstyle | token_overlap_ascii:kurminowski | token_overlap_slug:kurminowski | sim>=0.92:1.000 | initial_match | same_club_bonus,Dawid KurminowskiKGHM Zagłębie Lubin
Zagłębie Lubin,zagebie-lubin,Kusztal P.,patryk-kusztal,zagebie-lubin,2024/25,future_season_same_club,107,exact_nonfirst_ascii | exact_nonfirst_slugstyle | last_token_exact | last_token_slugstyle | token_overlap_ascii:kusztal | token_overlap_slug:kusztal | sim>=0.92:1.000 | initial_match | same_club_bonus,Patryk KusztalKGHM Zagłębie Lubin
Zagłębie Lubin,zagebie-lubin,Kusztal P.,patryk-kusztal,zagebie-lubin,2023/24,same_season_same_club,107,exact_nonfirst_ascii | exact_nonfirst_slugstyle | last_token_exact | last_token_slugstyle | token_overlap_ascii:kusztal | token_overlap_slug:kusztal | sim>=0.92:1.000 | initial_match | same_club_bonus,Patryk KusztalKGHM Zagłębie Lubin
Zagłębie Lubin,zagebie-lubin,Kłudka B.,bartomiej-kudka,zagebie-lubin,2024/25,future_season_same_club,107,exact_nonfirst_slugstyle | last_token_slugstyle | token_overlap_slug:kudka | sim>=0.85:0.909 | initial_match | same_club_bonus,Bartłomiej KłudkaKGHM Zagłębie Lubin
Zagłębie Lubin,zagebie-lubin,Kłudka B.,bartomiej-kudka,zagebie-lubin,2023/24,same_season_same_club,107,exact_nonfirst_slugstyle | last_token_slugstyle | token_overlap_slug:kudka | sim>=0.85:0.909 | initial_match | same_club_bonus,Bartłomiej KłudkaKGHM Zagłębie Lubin
Zagłębie Lubin,zagebie-lubin,Makowski T.,tomasz-makowski,zagebie-lubin,2025/26,future_season_same_club,109,exact_nonfirst_ascii | exact_nonfirst_slugstyle | last_token_exact | last_token_slugstyle | token_overlap_ascii:makowski | token_overlap_slug:makowski | sim>=0.92:1.000 | initial_match | same_club_bonus,Tomasz MakowskiKGHM Zagłębie Lubin
Zagłębie Lubin,zagebie-lubin,Makowski T.,tomasz-makowski,zagebie-lubin,2024/25,future_season_same_club,107,exact_nonfirst_ascii | exact_nonfirst_slugstyle | last_token_exact | last_token_slugstyle | token_overlap_ascii:makowski | token_overlap_slug:makowski | sim>=0.92:1.000 | initial_match | same_club_bonus,Tomasz MakowskiKGHM Zagłębie Lubin
Zagłębie Lubin,zagebie-lubin,Makowski T.,tomasz-makowski,zagebie-lubin,2023/24,same_season_same_club,107,exact_nonfirst_ascii | exact_nonfirst_slugstyle | last_token_exact | last_token_slugstyle | token_overlap_ascii:makowski | token_overlap_slug:makowski | sim>=0.92:1.000 | initial_match | same_club_bonus,Tomasz MakowskiKGHM Zagłębie Lubin
Zagłębie Lubin,zagebie-lubin,Mata L.,luis-mata,zagebie-lubin,2024/25,future_season_same_club,107,exact_nonfirst_ascii | exact_nonfirst_slugstyle | last_token_exact | last_token_slugstyle | token_overlap_ascii:mata | token_overlap_slug:mata | sim>=0.92:1.000 | initial_match | same_club_bonus,Luís MataKGHM Zagłębie Lubin
Zagłębie Lubin,zagebie-lubin,Mata L.,luis-mata,zagebie-lubin,2023/24,same_season_same_club,107,exact_nonfirst_ascii | exact_nonfirst_slugstyle | last_token_exact | last_token_slugstyle | token_overlap_ascii:mata | token_overlap_slug:mata | sim>=0.92:1.000 | initial_match | same_club_bonus,Luís MataKGHM Zagłębie Lubin
Zagłębie Lubin,zagebie-lubin,Mróz M.,marek-mroz,zagebie-lubin,2025/26,future_season_same_club,109,exact_nonfirst_ascii | exact_nonfirst_slugstyle | last_token_exact | last_token_slugstyle | token_overlap_ascii:mroz | token_overlap_slug:mroz | sim>=0.92:1.000 | initial_match | same_club_bonus,Marek MrózKGHM Zagłębie Lubin
Zagłębie Lubin,zagebie-lubin,Mróz M.,marek-mroz,zagebie-lubin,2024/25,future_season_same_club,107,exact_nonfirst_ascii | exact_nonfirst_slugstyle | last_token_exact | last_token_slugstyle | token_overlap_ascii:mroz | token_overlap_slug:mroz | sim>=0.92:1.000 | initial_match | same_club_bonus,Marek MrózKGHM Zagłębie Lubin
Zagłębie Lubin,zagebie-lubin,Mróz M.,marek-mroz,zagebie-lubin,2023/24,same_season_same_club,107,exact_nonfirst_ascii | exact_nonfirst_slugstyle | last_token_exact | last_token_slugstyle | token_overlap_ascii:mroz | token_overlap_slug:mroz | sim>=0.92:1.000 | initial_match | same_club_bonus,Marek MrózKGHM Zagłębie Lubin
Zagłębie Lubin,zagebie-lubin,Munoz J.,juan-munoz,zagebie-lubin,2023/24,same_season_same_club,107,exact_nonfirst_ascii | exact_nonfirst_slugstyle | last_token_exact | last_token_slugstyle | token_overlap_ascii:munoz | token_overlap_slug:munoz | sim>=0.92:1.000 | initial_match | same_club_bonus,Juan Muñoz MuñozKGHM Zagłębie Lubin
Zagłębie Lubin,zagebie-lubin,Nalepa M.,micha-jan-nalepa,zagebie-lubin,2025/26,future_season_same_club,101,last_token_exact | last_token_slugstyle | token_overlap_ascii:nalepa | token_overlap_slug:nalepa | sim>=0.78:0.800 | initial_match | same_club_bonus,Michał Jan NalepaKGHM Zagłębie Lubin
Zagłębie Lubin,zagebie-lubin,Nalepa M.,micha-jan-nalepa,zagebie-lubin,2024/25,future_season_same_club,99,last_token_exact | last_token_slugstyle | token_overlap_ascii:nalepa | token_overlap_slug:nalepa | sim>=0.78:0.800 | initial_match | same_club_bonus,Michał Jan NalepaKGHM Zagłębie Lubin
Zagłębie Lubin,zagebie-lubin,Nalepa M.,micha-jan-nalepa,zagebie-lubin,2023/24,same_season_same_club,99,last_token_exact | last_token_slugstyle | token_overlap_ascii:nalepa | token_overlap_slug:nalepa | sim>=0.78:0.800 | initial_match | same_club_bonus,Michał Jan NalepaKGHM Zagłębie Lubin
Zagłębie Lubin,zagebie-lubin,Orlikowski I.,igor-orlikowski,zagebie-lubin,2025/26,future_season_same_club,109,exact_nonfirst_ascii | exact_nonfirst_slugstyle | last_token_exact | last_token_slugstyle | token_overlap_ascii:orlikowski | token_overlap_slug:orlikowski | sim>=0.92:1.000 | initial_match | same_club_bonus,Igor OrlikowskiKGHM Zagłębie Lubin
Zagłębie Lubin,zagebie-lubin,Orlikowski I.,igor-orlikowski,zagebie-lubin,2024/25,future_season_same_club,107,exact_nonfirst_ascii | exact_nonfirst_slugstyle | last_token_exact | last_token_slugstyle | token_overlap_ascii:orlikowski | token_overlap_slug:orlikowski | sim>=0.92:1.000 | initial_match | same_club_bonus,Igor OrlikowskiKGHM Zagłębie Lubin
Zagłębie Lubin,zagebie-lubin,Orlikowski I.,marcin-listkowski,zagebie-lubin,2024/25,future_season_same_club,81,sim>=0.78:0.800 | same_club_bonus,Marcin ListkowskiKGHM Zagłębie Lubin
Zagłębie Lubin,zagebie-lubin,Pieńko T.,tomasz-pienko,zagebie-lubin,2025/26,future_season_same_club,109,exact_nonfirst_ascii | exact_nonfirst_slugstyle | last_token_exact | last_token_slugstyle | token_overlap_ascii:pienko | token_overlap_slug:pienko | sim>=0.92:1.000 | initial_match | same_club_bonus,Tomasz PieńkoKGHM Zagłębie Lubin
Zagłębie Lubin,zagebie-lubin,Pieńko T.,tomasz-pienko,zagebie-lubin,2024/25,future_season_same_club,107,exact_nonfirst_ascii | exact_nonfirst_slugstyle | last_token_exact | last_token_slugstyle | token_overlap_ascii:pienko | token_overlap_slug:pienko | sim>=0.92:1.000 | initial_match | same_club_bonus,Tomasz PieńkoKGHM Zagłębie Lubin
Zagłębie Lubin,zagebie-lubin,Pieńko T.,tomasz-pienko,zagebie-lubin,2023/24,same_season_same_club,107,exact_nonfirst_ascii | exact_nonfirst_slugstyle | last_token_exact | last_token_slugstyle | token_overlap_ascii:pienko | token_overlap_slug:pienko | sim>=0.92:1.000 | initial_match | same_club_bonus,Tomasz PieńkoKGHM Zagłębie Lubin
Zagłębie Lubin,zagebie-lubin,Poletanovic M.,marko-poletanovic,zagebie-lubin,2023/24,same_season_same_club,107,exact_nonfirst_ascii | exact_nonfirst_slugstyle | last_token_exact | last_token_slugstyle | token_overlap_ascii:poletanovic | token_overlap_slug:poletanovic | sim>=0.92:1.000 | initial_match | same_club_bonus,Marko PoletanovićKGHM Zagłębie Lubin
Zagłębie Lubin,zagebie-lubin,Wdowiak M.,mateusz-wdowiak,zagebie-lubin,2025/26,future_season_same_club,109,exact_nonfirst_ascii | exact_nonfirst_slugstyle | last_token_exact | last_token_slugstyle | token_overlap_ascii:wdowiak | token_overlap_slug:wdowiak | sim>=0.92:1.000 | initial_match | same_club_bonus,Mateusz WdowiakKGHM Zagłębie Lubin
Zagłębie Lubin,zagebie-lubin,Wdowiak M.,mateusz-wdowiak,zagebie-lubin,2024/25,future_season_same_club,107,exact_nonfirst_ascii | exact_nonfirst_slugstyle | last_token_exact | last_token_slugstyle | token_overlap_ascii:wdowiak | token_overlap_slug:wdowiak | sim>=0.92:1.000 | initial_match | same_club_bonus,Mateusz WdowiakKGHM Zagłębie Lubin
Zagłębie Lubin,zagebie-lubin,Wdowiak M.,mateusz-wdowiak,zagebie-lubin,2023/24,same_season_same_club,107,exact_nonfirst_ascii | exact_nonfirst_slugstyle | last_token_exact | last_token_slugstyle | token_overlap_ascii:wdowiak | token_overlap_slug:wdowiak | sim>=0.92:1.000 | initial_match | same_club_bonus,Mateusz WdowiakKGHM Zagłębie Lubin
Zagłębie Lubin,zagebie-lubin,Weirauch S.,szymon-weirauch,zagebie-lubin,2023/24,same_season_same_club,107,exact_nonfirst_ascii | exact_nonfirst_slugstyle | last_token_exact | last_token_slugstyle | token_overlap_ascii:weirauch | token_overlap_slug:weirauch | sim>=0.92:1.000 | initial_match | same_club_bonus,Szymon WeirauchKGHM Zagłębie Lubin
Zagłębie Lubin,zagebie-lubin,Woźniak A.,arkadiusz-wozniak,zagebie-lubin,2025/26,future_season_same_club,109,exact_nonfirst_ascii | exact_nonfirst_slugstyle | last_token_exact | last_token_slugstyle | token_overlap_ascii:wozniak | token_overlap_slug:wozniak | sim>=0.92:1.000 | initial_match | same_club_bonus,Arkadiusz WoźniakKGHM Zagłębie Lubin
Zagłębie Lubin,zagebie-lubin,Woźniak A.,arkadiusz-wozniak,zagebie-lubin,2024/25,future_season_same_club,107,exact_nonfirst_ascii | exact_nonfirst_slugstyle | last_token_exact | last_token_slugstyle | token_overlap_ascii:wozniak | token_overlap_slug:wozniak | sim>=0.92:1.000 | initial_match | same_club_bonus,Arkadiusz WoźniakKGHM Zagłębie Lubin
Zagłębie Lubin,zagebie-lubin,Woźniak A.,arkadiusz-wozniak,zagebie-lubin,2023/24,same_season_same_club,107,exact_nonfirst_ascii | exact_nonfirst_slugstyle | last_token_exact | last_token_slugstyle | token_overlap_ascii:wozniak | token_overlap_slug:wozniak | sim>=0.92:1.000 | initial_match | same_club_bonus,Arkadiusz WoźniakKGHM Zagłębie Lubin
Zagłębie Lubin,zagebie-lubin,Ławniczak A.,aleks-awniczak,zagebie-lubin,2025/26,future_season_same_club,109,exact_nonfirst_slugstyle | last_token_slugstyle | token_overlap_slug:awniczak | sim>=0.92:0.941 | initial_match | same_club_bonus,Aleks ŁawniczakKGHM Zagłębie Lubin
Zagłębie Lubin,zagebie-lubin,Ławniczak A.,aleks-awniczak,zagebie-lubin,2024/25,future_season_same_club,107,exact_nonfirst_slugstyle | last_token_slugstyle | token_overlap_slug:awniczak | sim>=0.92:0.941 | initial_match | same_club_bonus,Aleks ŁawniczakKGHM Zagłębie Lubin
Zagłębie Lubin,zagebie-lubin,Ławniczak A.,aleks-awniczak,zagebie-lubin,2023/24,same_season_same_club,107,exact_nonfirst_slugstyle | last_token_slugstyle | token_overlap_slug:awniczak | sim>=0.92:0.941 | initial_match | same_club_bonus,Aleks ŁawniczakKGHM Zagłębie Lubin
ŁKS Łódź,lks-lodz,Arndt D.,dawid-arndt,lks-lodz,2023/24,same_season_same_club,107,exact_nonfirst_ascii | exact_nonfirst_slugstyle | last_token_exact | last_token_slugstyle | token_overlap_ascii:arndt | token_overlap_slug:arndt | sim>=0.92:1.000 | initial_match | same_club_bonus,Dawid ArndtŁKS Łódź
ŁKS Łódź,lks-lodz,Bakowicz M.,mateusz-bakowicz,lks-lodz,2023/24,same_season_same_club,107,exact_nonfirst_ascii | exact_nonfirst_slugstyle | last_token_exact | last_token_slugstyle | token_overlap_ascii:bakowicz | token_overlap_slug:bakowicz | sim>=0.92:1.000 | initial_match | same_club_bonus,Mateusz BąkowiczŁKS Łódź
ŁKS Łódź,lks-lodz,Balic H.,husein-balic,lks-lodz,2023/24,same_season_same_club,107,exact_nonfirst_ascii | exact_nonfirst_slugstyle | last_token_exact | last_token_slugstyle | token_overlap_ascii:balic | token_overlap_slug:balic | sim>=0.92:1.000 | initial_match | same_club_bonus,Husein BalićŁKS Łódź
ŁKS Łódź,lks-lodz,Bobek A.,aleksander-bobek,lks-lodz,2023/24,same_season_same_club,107,exact_nonfirst_ascii | exact_nonfirst_slugstyle | last_token_exact | last_token_slugstyle | token_overlap_ascii:bobek | token_overlap_slug:bobek | sim>=0.92:1.000 | initial_match | same_club_bonus,Aleksander BobekŁKS Łódź
ŁKS Łódź,lks-lodz,Ceijas T.,thiago-ceijas,lks-lodz,2023/24,same_season_same_club,107,exact_nonfirst_ascii | exact_nonfirst_slugstyle | last_token_exact | last_token_slugstyle | token_overlap_ascii:ceijas | token_overlap_slug:ceijas | sim>=0.92:1.000 | initial_match | same_club_bonus,Thiago Dylan CeijasŁKS Łódź
ŁKS Łódź,lks-lodz,Dani Ramirez,dani-ramirez,lks-lodz,2023/24,same_season_same_club,95,"last_token_exact | last_token_slugstyle | token_overlap_ascii:dani,ramirez | token_overlap_slug:dani,ramirez | sim>=0.92:1.000 | same_club_bonus",Dani RamírezŁKS Łódź
ŁKS Łódź,lks-lodz,Dankowski K.,kamil-dankowski,lks-lodz,2023/24,same_season_same_club,107,exact_nonfirst_ascii | exact_nonfirst_slugstyle | last_token_exact | last_token_slugstyle | token_overlap_ascii:dankowski | token_overlap_slug:dankowski | sim>=0.92:1.000 | initial_match | same_club_bonus,Kamil DankowskiŁKS Łódź
ŁKS Łódź,lks-lodz,Durmisi R.,riza-durmisi,lks-lodz,2023/24,same_season_same_club,107,exact_nonfirst_ascii | exact_nonfirst_slugstyle | last_token_exact | last_token_slugstyle | token_overlap_ascii:durmisi | token_overlap_slug:durmisi | sim>=0.92:1.000 | initial_match | same_club_bonus,Riza DurmisiŁKS Łódź
ŁKS Łódź,lks-lodz,Fase A.,anton-fase,lks-lodz,2023/24,same_season_same_club,107,exact_nonfirst_ascii | exact_nonfirst_slugstyle | last_token_exact | last_token_slugstyle | token_overlap_ascii:fase | token_overlap_slug:fase | sim>=0.92:1.000 | initial_match | same_club_bonus,Anton FaseŁKS Łódź
ŁKS Łódź,lks-lodz,Flis M.,marcin-flis,lks-lodz,2023/24,same_season_same_club,107,exact_nonfirst_ascii | exact_nonfirst_slugstyle | last_token_exact | last_token_slugstyle | token_overlap_ascii:flis | token_overlap_slug:flis | sim>=0.92:1.000 | initial_match | same_club_bonus,Marcin FlisŁKS Łódź
ŁKS Łódź,lks-lodz,Glapka G.,grzegorz-glapka,lks-lodz,2023/24,same_season_same_club,107,exact_nonfirst_ascii | exact_nonfirst_slugstyle | last_token_exact | last_token_slugstyle | token_overlap_ascii:glapka | token_overlap_slug:glapka | sim>=0.92:1.000 | initial_match | same_club_bonus,Grzegorz GlapkaŁKS Łódź
ŁKS Łódź,lks-lodz,Gulen L.,levent-gulen,lks-lodz,2023/24,same_season_same_club,107,exact_nonfirst_ascii | exact_nonfirst_slugstyle | last_token_exact | last_token_slugstyle | token_overlap_ascii:gulen | token_overlap_slug:gulen | sim>=0.92:1.000 | initial_match | same_club_bonus,Levent GülenŁKS Łódź
ŁKS Łódź,lks-lodz,Głowacki P.,piotr-gowacki,lks-lodz,2023/24,same_season_same_club,107,exact_nonfirst_slugstyle | last_token_slugstyle | token_overlap_slug:gowacki | sim>=0.92:0.933 | initial_match | same_club_bonus,Piotr GłowackiŁKS Łódź
ŁKS Łódź,lks-lodz,Ibe-Torti K.,kelechukwu-ebenezer-ibe-torti,lks-lodz,2023/24,same_season_same_club,99,last_token_exact | last_token_slugstyle | token_overlap_ascii:torti | token_overlap_slug:torti | initial_match | same_club_bonus,Kelechukwu Ebenezer Ibe-TortiŁKS Łódź
ŁKS Łódź,lks-lodz,Iwanczyk A.,aleksander-iwanczyk-1,lks-lodz,2023/24,same_season_same_club,97,token_overlap_ascii:iwanczyk | token_overlap_slug:iwanczyk | sim>=0.92:0.941 | initial_match | same_club_bonus,Aleksander IwańczykŁKS Łódź
ŁKS Łódź,lks-lodz,Janczukowicz P.,piotr-janczukowicz,lks-lodz,2023/24,same_season_same_club,107,exact_nonfirst_ascii | exact_nonfirst_slugstyle | last_token_exact | last_token_slugstyle | token_overlap_ascii:janczukowicz | token_overlap_slug:janczukowicz | sim>=0.92:1.000 | initial_match | same_club_bonus,Piotr Marek JanczukowiczŁKS Łódź
ŁKS Łódź,lks-lodz,Koprowski O.,oskar-koprowski,lks-lodz,2023/24,same_season_same_club,107,exact_nonfirst_ascii | exact_nonfirst_slugstyle | last_token_exact | last_token_slugstyle | token_overlap_ascii:koprowski | token_overlap_slug:koprowski | sim>=0.92:1.000 | initial_match | same_club_bonus,Oskar KoprowskiŁKS Łódź
ŁKS Łódź,lks-lodz,Labedzki J.,jan-abedzki,lks-lodz,2023/24,same_season_same_club,97,sim>=0.92:0.933 | initial_match | same_club_bonus,Jan Michał ŁabędzkiŁKS Łódź
ŁKS Łódź,lks-lodz,Letniowski J.,jakub-letniowski,lks-lodz,2023/24,same_season_same_club,107,exact_nonfirst_ascii | exact_nonfirst_slugstyle | last_token_exact | last_token_slugstyle | token_overlap_ascii:letniowski | token_overlap_slug:letniowski | sim>=0.92:1.000 | initial_match | same_club_bonus,Jakub LetniowskiŁKS Łódź
ŁKS Łódź,lks-lodz,Lorenc M.,mieszko-lorenc,lks-lodz,2023/24,same_season_same_club,107,exact_nonfirst_ascii | exact_nonfirst_slugstyle | last_token_exact | last_token_slugstyle | token_overlap_ascii:lorenc | token_overlap_slug:lorenc | sim>=0.92:1.000 | initial_match | same_club_bonus,Mieszko LorencŁKS Łódź
ŁKS Łódź,lks-lodz,Louveau A.,adrien-louveau,lks-lodz,2023/24,same_season_same_club,107,exact_nonfirst_ascii | exact_nonfirst_slugstyle | last_token_exact | last_token_slugstyle | token_overlap_ascii:louveau | token_overlap_slug:louveau | sim>=0.92:1.000 | initial_match | same_club_bonus,Adrien LouveauŁKS Łódź
ŁKS Łódź,lks-lodz,Malachowski A.,adrian-maachowski,lks-lodz,2023/24,same_season_same_club,97,sim>=0.92:0.952 | initial_match | same_club_bonus,Adrian MałachowskiŁKS Łódź
ŁKS Łódź,lks-lodz,Marciniak A.,adam-marciniak,lks-lodz,2023/24,same_season_same_club,107,exact_nonfirst_ascii | exact_nonfirst_slugstyle | last_token_exact | last_token_slugstyle | token_overlap_ascii:marciniak | token_overlap_slug:marciniak | sim>=0.92:1.000 | initial_match | same_club_bonus,Adam MarciniakŁKS Łódź
ŁKS Łódź,lks-lodz,Mokrzycki M.,micha-mokrzycki,lks-lodz,2023/24,same_season_same_club,107,exact_nonfirst_ascii | exact_nonfirst_slugstyle | last_token_exact | last_token_slugstyle | token_overlap_ascii:mokrzycki | token_overlap_slug:mokrzycki | sim>=0.92:1.000 | initial_match | same_club_bonus,Michał MokrzyckiŁKS Łódź
ŁKS Łódź,lks-lodz,Monsalve N.,ignacio-monsalve-vicente,lks-lodz,2023/24,same_season_same_club,89,token_overlap_ascii:monsalve | token_overlap_slug:monsalve | same_club_bonus,Ignacio Monsalve VicenteŁKS Łódź
ŁKS Łódź,lks-lodz,Młynarczyk A.,antoni-mynarczyk,lks-lodz,2023/24,same_season_same_club,107,exact_nonfirst_slugstyle | last_token_slugstyle | token_overlap_slug:mynarczyk | sim>=0.92:0.947 | initial_match | same_club_bonus,Antoni MłynarczykŁKS Łódź
ŁKS Łódź,lks-lodz,Rostami Y.,yadegar-rostami,lks-lodz,2023/24,same_season_same_club,107,exact_nonfirst_ascii | exact_nonfirst_slugstyle | last_token_exact | last_token_slugstyle | token_overlap_ascii:rostami | token_overlap_slug:rostami | sim>=0.92:1.000 | initial_match | same_club_bonus,Yadegar RostamiŁKS Łódź
ŁKS Łódź,lks-lodz,Sliwa M.,maciej-sliwa,lks-lodz,2023/24,same_season_same_club,107,exact_nonfirst_ascii | exact_nonfirst_slugstyle | last_token_exact | last_token_slugstyle | token_overlap_ascii:sliwa | token_overlap_slug:sliwa | sim>=0.92:1.000 | initial_match | same_club_bonus,Maciej ŚliwaŁKS Łódź
ŁKS Łódź,lks-lodz,Szeliga B.,bartosz-szeliga,lks-lodz,2023/24,same_season_same_club,107,exact_nonfirst_ascii | exact_nonfirst_slugstyle | last_token_exact | last_token_slugstyle | token_overlap_ascii:szeliga | token_overlap_slug:szeliga | sim>=0.92:1.000 | initial_match | same_club_bonus,Bartosz SzeligaŁKS Łódź
ŁKS Łódź,lks-lodz,Sławiński O.,oliwier-sawinski,lks-lodz,2023/24,same_season_same_club,107,exact_nonfirst_slugstyle | last_token_slugstyle | token_overlap_slug:sawinski | sim>=0.92:0.941 | initial_match | same_club_bonus,Oliwier SławińskiŁKS Łódź
ŁKS Łódź,lks-lodz,Tejan K.,kay-tejan,lks-lodz,2023/24,same_season_same_club,107,exact_nonfirst_ascii | exact_nonfirst_slugstyle | last_token_exact | last_token_slugstyle | token_overlap_ascii:tejan | token_overlap_slug:tejan | sim>=0.92:1.000 | initial_match | same_club_bonus,Kay Sheku TejanŁKS Łódź
ŁKS Łódź,lks-lodz,Tutyskinas A.,artemijus-tutyskinas,lks-lodz,2023/24,same_season_same_club,107,exact_nonfirst_ascii | exact_nonfirst_slugstyle | last_token_exact | last_token_slugstyle | token_overlap_ascii:tutyskinas | token_overlap_slug:tutyskinas | sim>=0.92:1.000 | initial_match | same_club_bonus,Artemijus TutyškinasŁKS Łódź
ŁKS Łódź,lks-lodz,Zając J.,jedrzej-zajac,lks-lodz,2023/24,same_season_same_club,107,exact_nonfirst_ascii | exact_nonfirst_slugstyle | last_token_exact | last_token_slugstyle | token_overlap_ascii:zajac | token_overlap_slug:zajac | sim>=0.92:1.000 | initial_match | same_club_bonus,Jędrzej Stanisław ZającŁKS Łódź
Śląsk Wrocław,slask-wroclaw,Bejger Ł.,ukasz-bejger,slask-wroclaw,2024/25,future_season_same_club,103,exact_nonfirst_ascii | exact_nonfirst_slugstyle | last_token_exact | last_token_slugstyle | token_overlap_ascii:bejger | token_overlap_slug:bejger | sim>=0.92:1.000 | same_club_bonus,Łukasz BejgerŚląsk Wrocław
Śląsk Wrocław,slask-wroclaw,Bejger Ł.,ukasz-bejger,slask-wroclaw,2023/24,same_season_same_club,103,exact_nonfirst_ascii | exact_nonfirst_slugstyle | last_token_exact | last_token_slugstyle | token_overlap_ascii:bejger | token_overlap_slug:bejger | sim>=0.92:1.000 | same_club_bonus,Łukasz BejgerŚląsk Wrocław
Śląsk Wrocław,slask-wroclaw,Borys K.,karol-borys,slask-wroclaw,2023/24,same_season_same_club,107,exact_nonfirst_ascii | exact_nonfirst_slugstyle | last_token_exact | last_token_slugstyle | token_overlap_ascii:borys | token_overlap_slug:borys | sim>=0.92:1.000 | initial_match | same_club_bonus,Karol Krzysztof BorysŚląsk Wrocław
Śląsk Wrocław,slask-wroclaw,Exposito E.,erik-exposito,slask-wroclaw,2023/24,same_season_same_club,107,exact_nonfirst_ascii | exact_nonfirst_slugstyle | last_token_exact | last_token_slugstyle | token_overlap_ascii:exposito | token_overlap_slug:exposito | sim>=0.92:1.000 | initial_match | same_club_bonus,Erik Alexander Expósito HernándezŚląsk Wrocław
Śląsk Wrocław,slask-wroclaw,Guercio T.,tommaso-guercio,slask-wroclaw,2024/25,future_season_same_club,107,exact_nonfirst_ascii | exact_nonfirst_slugstyle | last_token_exact | last_token_slugstyle | token_overlap_ascii:guercio | token_overlap_slug:guercio | sim>=0.92:1.000 | initial_match | same_club_bonus,Tommaso GuercioŚląsk Wrocław
Śląsk Wrocław,slask-wroclaw,Guercio T.,tommaso-guercio,slask-wroclaw,2023/24,same_season_same_club,107,exact_nonfirst_ascii | exact_nonfirst_slugstyle | last_token_exact | last_token_slugstyle | token_overlap_ascii:guercio | token_overlap_slug:guercio | sim>=0.92:1.000 | initial_match | same_club_bonus,Tommaso GuercioŚląsk Wrocław
Śląsk Wrocław,slask-wroclaw,Ince B.,burak-ince,slask-wroclaw,2024/25,future_season_same_club,107,exact_nonfirst_ascii | exact_nonfirst_slugstyle | last_token_exact | last_token_slugstyle | token_overlap_ascii:ince | token_overlap_slug:ince | sim>=0.92:1.000 | initial_match | same_club_bonus,Burak InceŚląsk Wrocław
Śląsk Wrocław,slask-wroclaw,Ince B.,burak-ince,slask-wroclaw,2023/24,same_season_same_club,107,exact_nonfirst_ascii | exact_nonfirst_slugstyle | last_token_exact | last_token_slugstyle | token_overlap_ascii:ince | token_overlap_slug:ince | sim>=0.92:1.000 | initial_match | same_club_bonus,Burak InceŚląsk Wrocław
Śląsk Wrocław,slask-wroclaw,Janasik P.,patryk-janasik,slask-wroclaw,2023/24,same_season_same_club,107,exact_nonfirst_ascii | exact_nonfirst_slugstyle | last_token_exact | last_token_slugstyle | token_overlap_ascii:janasik | token_overlap_slug:janasik | sim>=0.92:1.000 | initial_match | same_club_bonus,Patryk JanasikŚląsk Wrocław
Śląsk Wrocław,slask-wroclaw,Jastrzembski D.,dennis-jastrzembski,slask-wroclaw,2023/24,same_season_same_club,107,exact_nonfirst_ascii | exact_nonfirst_slugstyle | last_token_exact | last_token_slugstyle | token_overlap_ascii:jastrzembski | token_overlap_slug:jastrzembski | sim>=0.92:1.000 | initial_match | same_club_bonus,Dennis JastrzembskiŚląsk Wrocław
Śląsk Wrocław,slask-wroclaw,Jezierski J.,jakub-jezierski-1,slask-wroclaw,2024/25,future_season_same_club,97,token_overlap_ascii:jezierski | token_overlap_slug:jezierski | sim>=0.92:0.947 | initial_match | same_club_bonus,Jakub JezierskiŚląsk Wrocław
Śląsk Wrocław,slask-wroclaw,Jezierski J.,jakub-jezierski-1,slask-wroclaw,2023/24,same_season_same_club,97,token_overlap_ascii:jezierski | token_overlap_slug:jezierski | sim>=0.92:0.947 | initial_match | same_club_bonus,Jakub JezierskiŚląsk Wrocław
Śląsk Wrocław,slask-wroclaw,Klimala P.,patryk-klimala,slask-wroclaw,2023/24,same_season_same_club,107,exact_nonfirst_ascii | exact_nonfirst_slugstyle | last_token_exact | last_token_slugstyle | token_overlap_ascii:klimala | token_overlap_slug:klimala | sim>=0.92:1.000 | initial_match | same_club_bonus,Patryk KlimalaŚląsk Wrocław
Śląsk Wrocław,slask-wroclaw,Konczkowski M.,martin-konczkowski,slask-wroclaw,2023/24,same_season_same_club,107,exact_nonfirst_ascii | exact_nonfirst_slugstyle | last_token_exact | last_token_slugstyle | token_overlap_ascii:konczkowski | token_overlap_slug:konczkowski | sim>=0.92:1.000 | initial_match | same_club_bonus,Martin KonczkowskiŚląsk Wrocław
Śląsk Wrocław,slask-wroclaw,Kurowski K.,krzysztof-kurowski,slask-wroclaw,2024/25,future_season_same_club,107,exact_nonfirst_ascii | exact_nonfirst_slugstyle | last_token_exact | last_token_slugstyle | token_overlap_ascii:kurowski | token_overlap_slug:kurowski | sim>=0.92:1.000 | initial_match | same_club_bonus,Krzysztof KurowskiŚląsk Wrocław
Śląsk Wrocław,slask-wroclaw,Kurowski K.,krzysztof-kurowski,slask-wroclaw,2023/24,same_season_same_club,107,exact_nonfirst_ascii | exact_nonfirst_slugstyle | last_token_exact | last_token_slugstyle | token_overlap_ascii:kurowski | token_overlap_slug:kurowski | sim>=0.92:1.000 | initial_match | same_club_bonus,Krzysztof KurowskiŚląsk Wrocław
Śląsk Wrocław,slask-wroclaw,Kurowski M.,krzysztof-kurowski,slask-wroclaw,2024/25,future_season_same_club,103,exact_nonfirst_ascii | exact_nonfirst_slugstyle | last_token_exact | last_token_slugstyle | token_overlap_ascii:kurowski | token_overlap_slug:kurowski | sim>=0.92:1.000 | same_club_bonus,Krzysztof KurowskiŚląsk Wrocław
Śląsk Wrocław,slask-wroclaw,Kurowski M.,krzysztof-kurowski,slask-wroclaw,2023/24,same_season_same_club,103,exact_nonfirst_ascii | exact_nonfirst_slugstyle | last_token_exact | last_token_slugstyle | token_overlap_ascii:kurowski | token_overlap_slug:kurowski | sim>=0.92:1.000 | same_club_bonus,Krzysztof KurowskiŚląsk Wrocław
Śląsk Wrocław,slask-wroclaw,Leszczyński R.,rafa-leszczynski,slask-wroclaw,2024/25,future_season_same_club,107,exact_nonfirst_ascii | exact_nonfirst_slugstyle | last_token_exact | last_token_slugstyle | token_overlap_ascii:leszczynski | token_overlap_slug:leszczynski | sim>=0.92:1.000 | initial_match | same_club_bonus,Rafał LeszczyńskiŚląsk Wrocław
Śląsk Wrocław,slask-wroclaw,Leszczyński R.,rafa-leszczynski,slask-wroclaw,2023/24,same_season_same_club,107,exact_nonfirst_ascii | exact_nonfirst_slugstyle | last_token_exact | last_token_slugstyle | token_overlap_ascii:leszczynski | token_overlap_slug:leszczynski | sim>=0.92:1.000 | initial_match | same_club_bonus,Rafał LeszczyńskiŚląsk Wrocław
Śląsk Wrocław,slask-wroclaw,Lewkot Sz.,szymon-lewkot,slask-wroclaw,2023/24,same_season_same_club,89,token_overlap_ascii:lewkot | token_overlap_slug:lewkot | sim>=0.85:0.857 | same_club_bonus,Szymon LewkotŚląsk Wrocław
Śląsk Wrocław,slask-wroclaw,Matsenko Y.,yehor-matsenko,slask-wroclaw,2024/25,future_season_same_club,107,exact_nonfirst_ascii | exact_nonfirst_slugstyle | last_token_exact | last_token_slugstyle | token_overlap_ascii:matsenko | token_overlap_slug:matsenko | sim>=0.92:1.000 | initial_match | same_club_bonus,Yehor MatsenkoŚląsk Wrocław
Śląsk Wrocław,slask-wroclaw,Matsenko Y.,yehor-matsenko,slask-wroclaw,2023/24,same_season_same_club,107,exact_nonfirst_ascii | exact_nonfirst_slugstyle | last_token_exact | last_token_slugstyle | token_overlap_ascii:matsenko | token_overlap_slug:matsenko | sim>=0.92:1.000 | initial_match | same_club_bonus,Yehor MatsenkoŚląsk Wrocław
Śląsk Wrocław,slask-wroclaw,Mustafic A.,alen-mustafic,slask-wroclaw,2023/24,same_season_same_club,107,exact_nonfirst_ascii | exact_nonfirst_slugstyle | last_token_exact | last_token_slugstyle | token_overlap_ascii:mustafic | token_overlap_slug:mustafic | sim>=0.92:1.000 | initial_match | same_club_bonus,Alen MustafićŚląsk Wrocław
Śląsk Wrocław,slask-wroclaw,Nahuel M.,matias-nahuel-leiva-esquivel,slask-wroclaw,2024/25,future_season_same_club,93,token_overlap_ascii:nahuel | token_overlap_slug:nahuel | initial_match | same_club_bonus,Matías Nahuel Leiva EsquivelŚląsk Wrocław
Śląsk Wrocław,slask-wroclaw,Nahuel M.,matias-nahuel-leiva-esquivel,slask-wroclaw,2023/24,same_season_same_club,93,token_overlap_ascii:nahuel | token_overlap_slug:nahuel | initial_match | same_club_bonus,Matías Nahuel Leiva EsquivelŚląsk Wrocław
Śląsk Wrocław,slask-wroclaw,Olsen P.,patrick-olsen,slask-wroclaw,2023/24,same_season_same_club,107,exact_nonfirst_ascii | exact_nonfirst_slugstyle | last_token_exact | last_token_slugstyle | token_overlap_ascii:olsen | token_overlap_slug:olsen | sim>=0.92:1.000 | initial_match | same_club_bonus,Patrick Haakon OlsenŚląsk Wrocław
Śląsk Wrocław,slask-wroclaw,Paluszek A.,aleksander-paluszek,slask-wroclaw,2024/25,future_season_same_club,107,exact_nonfirst_ascii | exact_nonfirst_slugstyle | last_token_exact | last_token_slugstyle | token_overlap_ascii:paluszek | token_overlap_slug:paluszek | sim>=0.92:1.000 | initial_match | same_club_bonus,Aleksander PaluszekŚląsk Wrocław
Śląsk Wrocław,slask-wroclaw,Paluszek A.,aleksander-paluszek,slask-wroclaw,2023/24,same_season_same_club,107,exact_nonfirst_ascii | exact_nonfirst_slugstyle | last_token_exact | last_token_slugstyle | token_overlap_ascii:paluszek | token_overlap_slug:paluszek | sim>=0.92:1.000 | initial_match | same_club_bonus,Aleksander PaluszekŚląsk Wrocław
Śląsk Wrocław,slask-wroclaw,Petkov A.,aleks-milenov-petkov,slask-wroclaw,2024/25,future_season_same_club,99,last_token_exact | last_token_slugstyle | token_overlap_ascii:petkov | token_overlap_slug:petkov | initial_match | same_club_bonus,Aleks Milenov PetkovŚląsk Wrocław
Śląsk Wrocław,slask-wroclaw,Petkov A.,aleks-milenov-petkov,slask-wroclaw,2023/24,same_season_same_club,99,last_token_exact | last_token_slugstyle | token_overlap_ascii:petkov | token_overlap_slug:petkov | initial_match | same_club_bonus,Aleks Milenov PetkovŚląsk Wrocław
Śląsk Wrocław,slask-wroclaw,Pokorny P.,peter-pokorny,slask-wroclaw,2024/25,future_season_same_club,107,exact_nonfirst_ascii | exact_nonfirst_slugstyle | last_token_exact | last_token_slugstyle | token_overlap_ascii:pokorny | token_overlap_slug:pokorny | sim>=0.92:1.000 | initial_match | same_club_bonus,Peter PokornýŚląsk Wrocław
Śląsk Wrocław,slask-wroclaw,Pokorny P.,peter-pokorny,slask-wroclaw,2023/24,same_season_same_club,107,exact_nonfirst_ascii | exact_nonfirst_slugstyle | last_token_exact | last_token_slugstyle | token_overlap_ascii:pokorny | token_overlap_slug:pokorny | sim>=0.92:1.000 | initial_match | same_club_bonus,Peter PokornýŚląsk Wrocław
Śląsk Wrocław,slask-wroclaw,Rzuchowski M.,micha-rzuchowski,slask-wroclaw,2023/24,same_season_same_club,107,exact_nonfirst_ascii | exact_nonfirst_slugstyle | last_token_exact | last_token_slugstyle | token_overlap_ascii:rzuchowski | token_overlap_slug:rzuchowski | sim>=0.92:1.000 | initial_match | same_club_bonus,Michał RzuchowskiŚląsk Wrocław
Śląsk Wrocław,slask-wroclaw,Samiec-Talar P.,piotr-samiec-talar,slask-wroclaw,2024/25,future_season_same_club,107,"exact_nonfirst_ascii | exact_nonfirst_slugstyle | last_token_exact | last_token_slugstyle | token_overlap_ascii:samiec,talar | token_overlap_slug:samiec,talar | sim>=0.92:1.000 | initial_match | same_club_bonus",Piotr Samiec-TalarŚląsk Wrocław
Śląsk Wrocław,slask-wroclaw,Samiec-Talar P.,piotr-samiec-talar,slask-wroclaw,2023/24,same_season_same_club,107,"exact_nonfirst_ascii | exact_nonfirst_slugstyle | last_token_exact | last_token_slugstyle | token_overlap_ascii:samiec,talar | token_overlap_slug:samiec,talar | sim>=0.92:1.000 | initial_match | same_club_bonus",Piotr Samiec-TalarŚląsk Wrocław
Śląsk Wrocław,slask-wroclaw,Schwarz P.,petr-schwarz,slask-wroclaw,2024/25,future_season_same_club,107,exact_nonfirst_ascii | exact_nonfirst_slugstyle | last_token_exact | last_token_slugstyle | token_overlap_ascii:schwarz | token_overlap_slug:schwarz | sim>=0.92:1.000 | initial_match | same_club_bonus,Petr SchwarzŚląsk Wrocław
Śląsk Wrocław,slask-wroclaw,Schwarz P.,petr-schwarz,slask-wroclaw,2023/24,same_season_same_club,107,exact_nonfirst_ascii | exact_nonfirst_slugstyle | last_token_exact | last_token_slugstyle | token_overlap_ascii:schwarz | token_overlap_slug:schwarz | sim>=0.92:1.000 | initial_match | same_club_bonus,Petr SchwarzŚląsk Wrocław
Śląsk Wrocław,slask-wroclaw,Szwedzik P.,patryk-szwedzik,slask-wroclaw,2023/24,same_season_same_club,107,exact_nonfirst_ascii | exact_nonfirst_slugstyle | last_token_exact | last_token_slugstyle | token_overlap_ascii:szwedzik | token_overlap_slug:szwedzik | sim>=0.92:1.000 | initial_match | same_club_bonus,Patryk SzwedzikŚląsk Wrocław
Śląsk Wrocław,slask-wroclaw,Trelowski K.,kacper-trelowski,slask-wroclaw,2023/24,same_season_same_club,107,exact_nonfirst_ascii | exact_nonfirst_slugstyle | last_token_exact | last_token_slugstyle | token_overlap_ascii:trelowski | token_overlap_slug:trelowski | sim>=0.92:1.000 | initial_match | same_club_bonus,Kacper TrelowskiŚląsk Wrocław
Śląsk Wrocław,slask-wroclaw,Zohore K.,kenneth-zohore,slask-wroclaw,2023/24,same_season_same_club,107,exact_nonfirst_ascii | exact_nonfirst_slugstyle | last_token_exact | last_token_slugstyle | token_overlap_ascii:zohore | token_overlap_slug:zohore | sim>=0.92:1.000 | initial_match | same_club_bonus,Albin Kenneth Dahrup ZohorèŚląsk Wrocław
Śląsk Wrocław,slask-wroclaw,Zylla M.,marcel-zylla,slask-wroclaw,2023/24,same_season_same_club,107,exact_nonfirst_ascii | exact_nonfirst_slugstyle | last_token_exact | last_token_slugstyle | token_overlap_ascii:zylla | token_overlap_slug:zylla | sim>=0.92:1.000 | initial_match | same_club_bonus,Marcel Noah ŻyłłaŚląsk Wrocław
Śląsk Wrocław,slask-wroclaw,Łukasik D.,daniel-ukasik,slask-wroclaw,2023/24,same_season_same_club,107,exact_nonfirst_slugstyle | last_token_slugstyle | token_overlap_slug:ukasik | sim>=0.92:0.923 | initial_match | same_club_bonus,Daniel ŁukasikŚląsk Wrocław
Śląsk Wrocław,slask-wroclaw,Żukowski M.,mateusz-zukowski,slask-wroclaw,2024/25,future_season_same_club,107,exact_nonfirst_ascii | exact_nonfirst_slugstyle | last_token_exact | last_token_slugstyle | token_overlap_ascii:zukowski | token_overlap_slug:zukowski | sim>=0.92:1.000 | initial_match | same_club_bonus,Mateusz ŻukowskiŚląsk Wrocław
Śląsk Wrocław,slask-wroclaw,Żukowski M.,mateusz-zukowski,slask-wroclaw,2023/24,same_season_same_club,107,exact_nonfirst_ascii | exact_nonfirst_slugstyle | last_token_exact | last_token_slugstyle | token_overlap_ascii:zukowski | token_overlap_slug:zukowski | sim>=0.92:1.000 | initial_match | same_club_bonus,Mateusz ŻukowskiŚląsk Wrocław
