flash_team,expected_klub_slug,flash_name,candidate_player_slug,candidate_klub_slug,candidate_season,relation,score,reasons,candidate_nazwa
Cracovia,cracovia,Al Ammari A.,amir-fouad-aboud-al-ammari,cracovia,2025/26,future_season_same_club,101,last_token_exact | last_token_slugstyle | token_overlap_ascii:ammari | token_overlap_slug:ammari | initial_match | same_club_bonus,Amir Al AmmariCracovia
Cracovia,cracovia,Al Ammari A.,amir-fouad-aboud-al-ammari,cracovia,2024/25,same_season_same_club,99,last_token_exact | last_token_slugstyle | token_overlap_ascii:ammari | token_overlap_slug:ammari | initial_match | same_club_bonus,Amir Al AmmariCracovia
Cracovia,cracovia,Atanasov J.,jani-atanasov,cracovia,2025/26,future_season_same_club,109,exact_nonfirst_ascii | exact_nonfirst_slugstyle | last_token_exact | last_token_slugstyle | token_overlap_ascii:atanasov | token_overlap_slug:atanasov | sim>=0.92:1.000 | initial_match | same_club_bonus,Jani AtanasovCracovia
Cracovia,cracovia,Atanasov J.,jani-atanasov,cracovia,2023/24,past_season_same_club,107,exact_nonfirst_ascii | exact_nonfirst_slugstyle | last_token_exact | last_token_slugstyle | token_overlap_ascii:atanasov | token_overlap_slug:atanasov | sim>=0.92:1.000 | initial_match | same_club_bonus,Jani AtanasovCracovia
Cracovia,cracovia,Biedrzycki B.,bartosz-biedrzycki,cracovia,2025/26,future_season_same_club,109,exact_nonfirst_ascii | exact_nonfirst_slugstyle | last_token_exact | last_token_slugstyle | token_overlap_ascii:biedrzycki | token_overlap_slug:biedrzycki | sim>=0.92:1.000 | initial_match | same_club_bonus,Bartosz BiedrzyckiCracovia
Cracovia,cracovia,Biedrzycki B.,bartosz-biedrzycki,cracovia,2024/25,same_season_same_club,107,exact_nonfirst_ascii | exact_nonfirst_slugstyle | last_token_exact | last_token_slugstyle | token_overlap_ascii:biedrzycki | token_overlap_slug:biedrzycki | sim>=0.92:1.000 | initial_match | same_club_bonus,Bartosz BiedrzyckiCracovia
Cracovia,cracovia,Bochnak M.,mateusz-bochnak,cracovia,2023/24,past_season_same_club,107,exact_nonfirst_ascii | exact_nonfirst_slugstyle | last_token_exact | last_token_slugstyle | token_overlap_ascii:bochnak | token_overlap_slug:bochnak | sim>=0.92:1.000 | initial_match | same_club_bonus,Mateusz BochnakCracovia
Cracovia,cracovia,Bochnak M.,mateusz-bochnak,cracovia,2024/25,same_season_same_club,107,exact_nonfirst_ascii | exact_nonfirst_slugstyle | last_token_exact | last_token_slugstyle | token_overlap_ascii:bochnak | token_overlap_slug:bochnak | sim>=0.92:1.000 | initial_match | same_club_bonus,Mateusz BochnakCracovia
Cracovia,cracovia,Bzdyl F.,fabian-bzdyl,cracovia,2025/26,future_season_same_club,109,exact_nonfirst_ascii | exact_nonfirst_slugstyle | last_token_exact | last_token_slugstyle | token_overlap_ascii:bzdyl | token_overlap_slug:bzdyl | sim>=0.92:1.000 | initial_match | same_club_bonus,Fabian BzdylCracovia
Cracovia,cracovia,Bzdyl F.,fabian-bzdyl,cracovia,2023/24,past_season_same_club,107,exact_nonfirst_ascii | exact_nonfirst_slugstyle | last_token_exact | last_token_slugstyle | token_overlap_ascii:bzdyl | token_overlap_slug:bzdyl | sim>=0.92:1.000 | initial_match | same_club_bonus,Fabian BzdylCracovia
Cracovia,cracovia,Bzdyl F.,fabian-bzdyl,cracovia,2024/25,same_season_same_club,107,exact_nonfirst_ascii | exact_nonfirst_slugstyle | last_token_exact | last_token_slugstyle | token_overlap_ascii:bzdyl | token_overlap_slug:bzdyl | sim>=0.92:1.000 | initial_match | same_club_bonus,Fabian BzdylCracovia
Cracovia,cracovia,Ghita V.,virgil-ghita,cracovia,2023/24,past_season_same_club,107,exact_nonfirst_ascii | exact_nonfirst_slugstyle | last_token_exact | last_token_slugstyle | token_overlap_ascii:ghita | token_overlap_slug:ghita | sim>=0.92:1.000 | initial_match | same_club_bonus,Virgil Eugen GhițăCracovia
Cracovia,cracovia,Ghita V.,virgil-ghita,cracovia,2024/25,same_season_same_club,107,exact_nonfirst_ascii | exact_nonfirst_slugstyle | last_token_exact | last_token_slugstyle | token_overlap_ascii:ghita | token_overlap_slug:ghita | sim>=0.92:1.000 | initial_match | same_club_bonus,Virgil Eugen GhițăCracovia
Cracovia,cracovia,Glik K.,kamil-jacek-glik,cracovia,2025/26,future_season_same_club,101,last_token_exact | last_token_slugstyle | token_overlap_ascii:glik | token_overlap_slug:glik | initial_match | same_club_bonus,Kamil Jacek GlikCracovia
Cracovia,cracovia,Glik K.,kamil-jacek-glik,cracovia,2023/24,past_season_same_club,99,last_token_exact | last_token_slugstyle | token_overlap_ascii:glik | token_overlap_slug:glik | initial_match | same_club_bonus,Kamil Jacek GlikCracovia
Cracovia,cracovia,Glik K.,kamil-jacek-glik,cracovia,2024/25,same_season_same_club,99,last_token_exact | last_token_slugstyle | token_overlap_ascii:glik | token_overlap_slug:glik | initial_match | same_club_bonus,Kamil Jacek GlikCracovia
Cracovia,cracovia,Hasic A.,ajdin-hasic,cracovia,2025/26,future_season_same_club,109,exact_nonfirst_ascii | exact_nonfirst_slugstyle | last_token_exact | last_token_slugstyle | token_overlap_ascii:hasic | token_overlap_slug:hasic | sim>=0.92:1.000 | initial_match | same_club_bonus,Ajdin HasićCracovia
Cracovia,cracovia,Hasic A.,ajdin-hasic,cracovia,2024/25,same_season_same_club,107,exact_nonfirst_ascii | exact_nonfirst_slugstyle | last_token_exact | last_token_slugstyle | token_overlap_ascii:hasic | token_overlap_slug:hasic | sim>=0.92:1.000 | initial_match | same_club_bonus,Ajdin HasićCracovia
Cracovia,cracovia,Henriksson G.,gustav-niklas-henriksson,cracovia,2025/26,future_season_same_club,101,last_token_exact | last_token_slugstyle | token_overlap_ascii:henriksson | token_overlap_slug:henriksson | initial_match | same_club_bonus,Gustav Niklas HenrikssonCracovia
Cracovia,cracovia,Henriksson G.,gustav-niklas-henriksson,cracovia,2024/25,same_season_same_club,99,last_token_exact | last_token_slugstyle | token_overlap_ascii:henriksson | token_overlap_slug:henriksson | initial_match | same_club_bonus,Gustav Niklas HenrikssonCracovia
Cracovia,cracovia,Hoskonen A.,arttu-hoskonen,cracovia,2023/24,past_season_same_club,107,exact_nonfirst_ascii | exact_nonfirst_slugstyle | last_token_exact | last_token_slugstyle | token_overlap_ascii:hoskonen | token_overlap_slug:hoskonen | sim>=0.92:1.000 | initial_match | same_club_bonus,Arttu HoskonenCracovia
Cracovia,cracovia,Hoskonen A.,arttu-hoskonen,cracovia,2024/25,same_season_same_club,107,exact_nonfirst_ascii | exact_nonfirst_slugstyle | last_token_exact | last_token_slugstyle | token_overlap_ascii:hoskonen | token_overlap_slug:hoskonen | sim>=0.92:1.000 | initial_match | same_club_bonus,Arttu HoskonenCracovia
Cracovia,cracovia,Janasik P.,patryk-janasik,cracovia,2024/25,same_season_same_club,107,exact_nonfirst_ascii | exact_nonfirst_slugstyle | last_token_exact | last_token_slugstyle | token_overlap_ascii:janasik | token_overlap_slug:janasik | sim>=0.92:1.000 | initial_match | same_club_bonus,Patryk JanasikCracovia
Cracovia,cracovia,Janasik P.,patryk-janasik,slask-wroclaw,2023/24,past_season_other_club,104,exact_nonfirst_ascii | exact_nonfirst_slugstyle | last_token_exact | last_token_slugstyle | token_overlap_ascii:janasik | token_overlap_slug:janasik | sim>=0.92:1.000 | initial_match,Patryk JanasikŚląsk Wrocław
Cracovia,cracovia,Jaroszynski P.,pawe-jaroszynski,cracovia,2023/24,past_season_same_club,107,exact_nonfirst_ascii | exact_nonfirst_slugstyle | last_token_exact | last_token_slugstyle | token_overlap_ascii:jaroszynski | token_overlap_slug:jaroszynski | sim>=0.92:1.000 | initial_match | same_club_bonus,Paweł Kamil JaroszyńskiCracovia
Cracovia,cracovia,Jaroszynski P.,pawe-jaroszynski,cracovia,2024/25,same_season_same_club,107,exact_nonfirst_ascii | exact_nonfirst_slugstyle | last_token_exact | last_token_slugstyle | token_overlap_ascii:jaroszynski | token_overlap_slug:jaroszynski | sim>=0.92:1.000 | initial_match | same_club_bonus,Paweł Kamil JaroszyńskiCracovia
Cracovia,cracovia,Jaroszynski P.,karol-szymanski,piast-gliwice,2023/24,past_season_other_club,78,sim>=0.78:0.800,Karol SzymańskiPiast Gliwice
Cracovia,cracovia,Jugas J.,jakub-jugas,cracovia,2023/24,past_season_same_club,107,exact_nonfirst_ascii | exact_nonfirst_slugstyle | last_token_exact | last_token_slugstyle | token_overlap_ascii:jugas | token_overlap_slug:jugas | sim>=0.92:1.000 | initial_match | same_club_bonus,Jakub JugasCracovia
Cracovia,cracovia,Jugas J.,jakub-jugas,cracovia,2024/25,same_season_same_club,107,exact_nonfirst_ascii | exact_nonfirst_slugstyle | last_token_exact | last_token_slugstyle | token_overlap_ascii:jugas | token_overlap_slug:jugas | sim>=0.92:1.000 | initial_match | same_club_bonus,Jakub JugasCracovia
Cracovia,cracovia,Kakabadze O.,otar-kakabadze,cracovia,2025/26,future_season_same_club,109,exact_nonfirst_ascii | exact_nonfirst_slugstyle | last_token_exact | last_token_slugstyle | token_overlap_ascii:kakabadze | token_overlap_slug:kakabadze | sim>=0.92:1.000 | initial_match | same_club_bonus,Otar KakabadzeCracovia
Cracovia,cracovia,Kakabadze O.,otar-kakabadze,cracovia,2023/24,past_season_same_club,107,exact_nonfirst_ascii | exact_nonfirst_slugstyle | last_token_exact | last_token_slugstyle | token_overlap_ascii:kakabadze | token_overlap_slug:kakabadze | sim>=0.92:1.000 | initial_match | same_club_bonus,Otar KakabadzeCracovia
Cracovia,cracovia,Kakabadze O.,otar-kakabadze,cracovia,2024/25,same_season_same_club,107,exact_nonfirst_ascii | exact_nonfirst_slugstyle | last_token_exact | last_token_slugstyle | token_overlap_ascii:kakabadze | token_overlap_slug:kakabadze | sim>=0.92:1.000 | initial_match | same_club_bonus,Otar KakabadzeCracovia
Cracovia,cracovia,Kallman B.,benjamin-kallman,cracovia,2023/24,past_season_same_club,107,exact_nonfirst_ascii | exact_nonfirst_slugstyle | last_token_exact | last_token_slugstyle | token_overlap_ascii:kallman | token_overlap_slug:kallman | sim>=0.92:1.000 | initial_match | same_club_bonus,Paul Benjamin Sven-Eber KällmanCracovia
Cracovia,cracovia,Kallman B.,benjamin-kallman,cracovia,2024/25,same_season_same_club,107,exact_nonfirst_ascii | exact_nonfirst_slugstyle | last_token_exact | last_token_slugstyle | token_overlap_ascii:kallman | token_overlap_slug:kallman | sim>=0.92:1.000 | initial_match | same_club_bonus,Paul Benjamin Sven-Eber KällmanCracovia
Cracovia,cracovia,Knap K.,karol-knap,cracovia,2025/26,future_season_same_club,109,exact_nonfirst_ascii | exact_nonfirst_slugstyle | last_token_exact | last_token_slugstyle | token_overlap_ascii:knap | token_overlap_slug:knap | sim>=0.92:1.000 | initial_match | same_club_bonus,Karol KnapCracovia
Cracovia,cracovia,Knap K.,karol-knap,cracovia,2023/24,past_season_same_club,107,exact_nonfirst_ascii | exact_nonfirst_slugstyle | last_token_exact | last_token_slugstyle | token_overlap_ascii:knap | token_overlap_slug:knap | sim>=0.92:1.000 | initial_match | same_club_bonus,Karol KnapCracovia
Cracovia,cracovia,Lachowicz O.,oskar-lachowicz,cracovia,2024/25,same_season_same_club,107,exact_nonfirst_ascii | exact_nonfirst_slugstyle | last_token_exact | last_token_slugstyle | token_overlap_ascii:lachowicz | token_overlap_slug:lachowicz | sim>=0.92:1.000 | initial_match | same_club_bonus,Oskar LachowiczCracovia
Cracovia,cracovia,Lachowicz O.,filip-majchrowicz,radomiak-radom,2023/24,past_season_other_club,78,sim>=0.78:0.800,Filip MajchrowiczRadomiak Radom
Cracovia,cracovia,Madejski S.,sebastian-madejski,cracovia,2025/26,future_season_same_club,109,exact_nonfirst_ascii | exact_nonfirst_slugstyle | last_token_exact | last_token_slugstyle | token_overlap_ascii:madejski | token_overlap_slug:madejski | sim>=0.92:1.000 | initial_match | same_club_bonus,Sebastian MadejskiCracovia
Cracovia,cracovia,Madejski S.,sebastian-madejski,cracovia,2023/24,past_season_same_club,107,exact_nonfirst_ascii | exact_nonfirst_slugstyle | last_token_exact | last_token_slugstyle | token_overlap_ascii:madejski | token_overlap_slug:madejski | sim>=0.92:1.000 | initial_match | same_club_bonus,Sebastian MadejskiCracovia
Cracovia,cracovia,Madejski S.,sebastian-madejski,cracovia,2024/25,same_season_same_club,107,exact_nonfirst_ascii | exact_nonfirst_slugstyle | last_token_exact | last_token_slugstyle | token_overlap_ascii:madejski | token_overlap_slug:madejski | sim>=0.92:1.000 | initial_match | same_club_bonus,Sebastian MadejskiCracovia
Cracovia,cracovia,Maigaard M.,mikkel-maigaard-jakobsen,cracovia,2025/26,future_season_same_club,95,token_overlap_ascii:maigaard | token_overlap_slug:maigaard | initial_match | same_club_bonus,Mikkel Maigaard JakobsenCracovia
Cracovia,cracovia,Maigaard M.,mikkel-maigaard-jakobsen,cracovia,2023/24,past_season_same_club,93,token_overlap_ascii:maigaard | token_overlap_slug:maigaard | initial_match | same_club_bonus,Mikkel Maigaard JakobsenCracovia
Cracovia,cracovia,Maigaard M.,mikkel-maigaard-jakobsen,cracovia,2024/25,same_season_same_club,93,token_overlap_ascii:maigaard | token_overlap_slug:maigaard | initial_match | same_club_bonus,Mikkel Maigaard JakobsenCracovia
Cracovia,cracovia,Minchev M.,martin-yankov-minchev,cracovia,2025/26,future_season_same_club,101,last_token_exact | last_token_slugstyle | token_overlap_ascii:minchev | token_overlap_slug:minchev | initial_match | same_club_bonus,Martin Yankov MinchevCracovia
Cracovia,cracovia,Minchev M.,martin-yankov-minchev,cracovia,2024/25,same_season_same_club,99,last_token_exact | last_token_slugstyle | token_overlap_ascii:minchev | token_overlap_slug:minchev | initial_match | same_club_bonus,Martin Yankov MinchevCracovia
Cracovia,cracovia,Olafsson D.,davi-kristjan-olafsson,cracovia,2025/26,future_season_same_club,101,last_token_exact | last_token_slugstyle | token_overlap_ascii:olafsson | token_overlap_slug:olafsson | initial_match | same_club_bonus,Davíð Kristján ÓlafssonCracovia
Cracovia,cracovia,Olafsson D.,davi-kristjan-olafsson,cracovia,2023/24,past_season_same_club,99,last_token_exact | last_token_slugstyle | token_overlap_ascii:olafsson | token_overlap_slug:olafsson | initial_match | same_club_bonus,Davíð Kristján ÓlafssonCracovia
Cracovia,cracovia,Olafsson D.,davi-kristjan-olafsson,cracovia,2024/25,same_season_same_club,99,last_token_exact | last_token_slugstyle | token_overlap_ascii:olafsson | token_overlap_slug:olafsson | initial_match | same_club_bonus,Davíð Kristján ÓlafssonCracovia
Cracovia,cracovia,Perkovic M.,mauro-perkovic,cracovia,2025/26,future_season_same_club,109,exact_nonfirst_ascii | exact_nonfirst_slugstyle | last_token_exact | last_token_slugstyle | token_overlap_ascii:perkovic | token_overlap_slug:perkovic | sim>=0.92:1.000 | initial_match | same_club_bonus,Mauro PerkovićCracovia
Cracovia,cracovia,Perkovic M.,mauro-perkovic,cracovia,2024/25,same_season_same_club,107,exact_nonfirst_ascii | exact_nonfirst_slugstyle | last_token_exact | last_token_slugstyle | token_overlap_ascii:perkovic | token_overlap_slug:perkovic | sim>=0.92:1.000 | initial_match | same_club_bonus,Mauro PerkovićCracovia
Cracovia,cracovia,Polak D.,dawid-polak,cracovia,2024/25,same_season_same_club,107,exact_nonfirst_ascii | exact_nonfirst_slugstyle | last_token_exact | last_token_slugstyle | token_overlap_ascii:polak | token_overlap_slug:polak | sim>=0.92:1.000 | initial_match | same_club_bonus,Dawid PolakCracovia
Cracovia,cracovia,Rakoczy M.,micha-miosz-rakoczy,cracovia,2025/26,future_season_same_club,101,last_token_exact | last_token_slugstyle | token_overlap_ascii:rakoczy | token_overlap_slug:rakoczy | initial_match | same_club_bonus,Michał Miłosz RakoczyCracovia
Cracovia,cracovia,Rakoczy M.,micha-miosz-rakoczy,cracovia,2023/24,past_season_same_club,99,last_token_exact | last_token_slugstyle | token_overlap_ascii:rakoczy | token_overlap_slug:rakoczy | initial_match | same_club_bonus,Michał Miłosz RakoczyCracovia
Cracovia,cracovia,Rakoczy M.,micha-miosz-rakoczy,cracovia,2024/25,same_season_same_club,99,last_token_exact | last_token_slugstyle | token_overlap_ascii:rakoczy | token_overlap_slug:rakoczy | initial_match | same_club_bonus,Michał Miłosz RakoczyCracovia
Cracovia,cracovia,Ravas H.,henrich-ravas,cracovia,2025/26,future_season_same_club,109,exact_nonfirst_ascii | exact_nonfirst_slugstyle | last_token_exact | last_token_slugstyle | token_overlap_ascii:ravas | token_overlap_slug:ravas | sim>=0.92:1.000 | initial_match | same_club_bonus,Henrich RavasCracovia
Cracovia,cracovia,Ravas H.,henrich-ravas,cracovia,2024/25,same_season_same_club,107,exact_nonfirst_ascii | exact_nonfirst_slugstyle | last_token_exact | last_token_slugstyle | token_overlap_ascii:ravas | token_overlap_slug:ravas | sim>=0.92:1.000 | initial_match | same_club_bonus,Henrich RavasCracovia
Cracovia,cracovia,Ravas H.,henrich-ravas,widzew-lodz,2023/24,past_season_other_club,104,exact_nonfirst_ascii | exact_nonfirst_slugstyle | last_token_exact | last_token_slugstyle | token_overlap_ascii:ravas | token_overlap_slug:ravas | sim>=0.92:1.000 | initial_match,Henrich RavasWidzew Łódź
Cracovia,cracovia,Rózga F.,filip-rozga,cracovia,2023/24,past_season_same_club,107,exact_nonfirst_ascii | exact_nonfirst_slugstyle | last_token_exact | last_token_slugstyle | token_overlap_ascii:rozga | token_overlap_slug:rozga | sim>=0.92:1.000 | initial_match | same_club_bonus,Filip Jan RózgaCracovia
Cracovia,cracovia,Rózga F.,filip-rozga,cracovia,2024/25,same_season_same_club,107,exact_nonfirst_ascii | exact_nonfirst_slugstyle | last_token_exact | last_token_slugstyle | token_overlap_ascii:rozga | token_overlap_slug:rozga | sim>=0.92:1.000 | initial_match | same_club_bonus,Filip Jan RózgaCracovia
Cracovia,cracovia,Skovgaard A.,andreas-skovgaard-larsen,cracovia,2023/24,past_season_same_club,93,token_overlap_ascii:skovgaard | token_overlap_slug:skovgaard | initial_match | same_club_bonus,Andreas Skovgaard LarsenCracovia
Cracovia,cracovia,Skovgaard A.,andreas-skovgaard-larsen,cracovia,2024/25,same_season_same_club,93,token_overlap_ascii:skovgaard | token_overlap_slug:skovgaard | initial_match | same_club_bonus,Andreas Skovgaard LarsenCracovia
Cracovia,cracovia,Smiglewski K.,kacper-smiglewski,cracovia,2023/24,past_season_same_club,107,exact_nonfirst_ascii | exact_nonfirst_slugstyle | last_token_exact | last_token_slugstyle | token_overlap_ascii:smiglewski | token_overlap_slug:smiglewski | sim>=0.92:1.000 | initial_match | same_club_bonus,Kacper ŚmiglewskiCracovia
Cracovia,cracovia,Smiglewski K.,kacper-smiglewski,cracovia,2024/25,same_season_same_club,107,exact_nonfirst_ascii | exact_nonfirst_slugstyle | last_token_exact | last_token_slugstyle | token_overlap_ascii:smiglewski | token_overlap_slug:smiglewski | sim>=0.92:1.000 | initial_match | same_club_bonus,Kacper ŚmiglewskiCracovia
Cracovia,cracovia,Sokołowski P.,patryk-sokoowski,cracovia,2024/25,same_season_same_club,107,exact_nonfirst_slugstyle | last_token_slugstyle | token_overlap_slug:sokoowski | sim>=0.92:0.947 | initial_match | same_club_bonus,Patryk SokołowskiCracovia
Cracovia,cracovia,Sokołowski P.,patryk-sokoowski,legia-warszawa,2023/24,past_season_other_club,104,exact_nonfirst_slugstyle | last_token_slugstyle | token_overlap_slug:sokoowski | sim>=0.92:0.947 | initial_match,Patryk SokołowskiLegia Warszawa
Cracovia,cracovia,Wójcik O.,oskar-wojcik,cracovia,2025/26,future_season_same_club,109,exact_nonfirst_ascii | exact_nonfirst_slugstyle | last_token_exact | last_token_slugstyle | token_overlap_ascii:wojcik | token_overlap_slug:wojcik | sim>=0.92:1.000 | initial_match | same_club_bonus,Oskar WójcikCracovia
Cracovia,cracovia,Wójcik O.,oskar-wojcik,cracovia,2024/25,same_season_same_club,107,exact_nonfirst_ascii | exact_nonfirst_slugstyle | last_token_exact | last_token_slugstyle | token_overlap_ascii:wojcik | token_overlap_slug:wojcik | sim>=0.92:1.000 | initial_match | same_club_bonus,Oskar WójcikCracovia
Cracovia,cracovia,van Buren M.,mick-van-buren,cracovia,2024/25,same_season_same_club,107,exact_nonfirst_ascii | exact_nonfirst_slugstyle | last_token_exact | last_token_slugstyle | token_overlap_ascii:buren | token_overlap_slug:buren | sim>=0.92:1.000 | initial_match | same_club_bonus,Mick van BurenCracovia
GKS Katowice,gks-katowice,Antczak J.,aleks-awniczak,zagebie-lubin,2023/24,past_season_other_club,78,sim>=0.78:0.800,Aleks ŁawniczakKGHM Zagłębie Lubin
GKS Katowice,gks-katowice,Arak J.,jakub-arak,gks-katowice,2024/25,same_season_same_club,107,exact_nonfirst_ascii | exact_nonfirst_slugstyle | last_token_exact | last_token_slugstyle | token_overlap_ascii:arak | token_overlap_slug:arak | sim>=0.92:1.000 | initial_match | same_club_bonus,Jakub ArakGKS Katowice
GKS Katowice,gks-katowice,Baranowicz B.,bartosz-baranowicz,gks-katowice,2024/25,same_season_same_club,107,exact_nonfirst_ascii | exact_nonfirst_slugstyle | last_token_exact | last_token_slugstyle | token_overlap_ascii:baranowicz | token_overlap_slug:baranowicz | sim>=0.92:1.000 | initial_match | same_club_bonus,Bartosz BaranowiczGKS Katowice
GKS Katowice,gks-katowice,Baranowicz B.,dawid-abramowicz,radomiak-radom,2023/24,past_season_other_club,78,sim>=0.78:0.800,Dawid AbramowiczRadomiak Radom
GKS Katowice,gks-katowice,Baranowicz B.,pawe-baranowski,ruch-chorzow,2023/24,past_season_other_club,78,sim>=0.78:0.800,Paweł BaranowskiRuch Chorzów
GKS Katowice,gks-katowice,Bergier S.,sebastian-bergier,gks-katowice,2024/25,same_season_same_club,107,exact_nonfirst_ascii | exact_nonfirst_slugstyle | last_token_exact | last_token_slugstyle | token_overlap_ascii:bergier | token_overlap_slug:bergier | sim>=0.92:1.000 | initial_match | same_club_bonus,Sebastian BergierGKS Katowice
GKS Katowice,gks-katowice,Bród A.,alan-brod,gks-katowice,2025/26,future_season_same_club,109,exact_nonfirst_ascii | exact_nonfirst_slugstyle | last_token_exact | last_token_slugstyle | token_overlap_ascii:brod | token_overlap_slug:brod | sim>=0.92:1.000 | initial_match | same_club_bonus,Alan BródGKS Katowice
GKS Katowice,gks-katowice,Bród A.,alan-brod,gks-katowice,2024/25,same_season_same_club,107,exact_nonfirst_ascii | exact_nonfirst_slugstyle | last_token_exact | last_token_slugstyle | token_overlap_ascii:brod | token_overlap_slug:brod | sim>=0.92:1.000 | initial_match | same_club_bonus,Alan BródGKS Katowice
GKS Katowice,gks-katowice,Błąd A.,adrian-bad,gks-katowice,2025/26,future_season_same_club,109,exact_nonfirst_slugstyle | last_token_slugstyle | sim>=0.85:0.857 | initial_match | same_club_bonus,Adrian BłądGKS Katowice
GKS Katowice,gks-katowice,Błąd A.,adrian-bad,gks-katowice,2024/25,same_season_same_club,107,exact_nonfirst_slugstyle | last_token_slugstyle | sim>=0.85:0.857 | initial_match | same_club_bonus,Adrian BłądGKS Katowice
GKS Katowice,gks-katowice,Czerwiński A.,alan-czerwinski,gks-katowice,2025/26,future_season_same_club,109,exact_nonfirst_ascii | exact_nonfirst_slugstyle | last_token_exact | last_token_slugstyle | token_overlap_ascii:czerwinski | token_overlap_slug:czerwinski | sim>=0.92:1.000 | initial_match | same_club_bonus,Alan CzerwińskiGKS Katowice
GKS Katowice,gks-katowice,Czerwiński A.,alan-czerwinski,gks-katowice,2024/25,same_season_same_club,107,exact_nonfirst_ascii | exact_nonfirst_slugstyle | last_token_exact | last_token_slugstyle | token_overlap_ascii:czerwinski | token_overlap_slug:czerwinski | sim>=0.92:1.000 | initial_match | same_club_bonus,Alan CzerwińskiGKS Katowice
GKS Katowice,gks-katowice,Czerwiński A.,alan-czerwinski,lech-poznan,2023/24,past_season_other_club,104,exact_nonfirst_ascii | exact_nonfirst_slugstyle | last_token_exact | last_token_slugstyle | token_overlap_ascii:czerwinski | token_overlap_slug:czerwinski | sim>=0.92:1.000 | initial_match,Alan CzerwińskiLech Poznań
GKS Katowice,gks-katowice,Czerwiński A.,jakub-czerwinski,piast-gliwice,2023/24,past_season_other_club,100,exact_nonfirst_ascii | exact_nonfirst_slugstyle | last_token_exact | last_token_slugstyle | token_overlap_ascii:czerwinski | token_overlap_slug:czerwinski | sim>=0.92:1.000,Jakub CzerwińskiPiast Gliwice
GKS Katowice,gks-katowice,Drachal D.,dawid-drachal,rakow-czestochowa,2023/24,past_season_other_club,104,exact_nonfirst_ascii | exact_nonfirst_slugstyle | last_token_exact | last_token_slugstyle | token_overlap_ascii:drachal | token_overlap_slug:drachal | sim>=0.92:1.000 | initial_match,Dawid DrachalRaków Częstochowa
GKS Katowice,gks-katowice,Galan B.,borja-galan-gonzalez,gks-katowice,2025/26,future_season_same_club,95,token_overlap_ascii:galan | token_overlap_slug:galan | initial_match | same_club_bonus,Borja Galán GonzálezGKS Katowice
GKS Katowice,gks-katowice,Galan B.,borja-galan-gonzalez,gks-katowice,2024/25,same_season_same_club,93,token_overlap_ascii:galan | token_overlap_slug:galan | initial_match | same_club_bonus,Borja Galán GonzálezGKS Katowice
GKS Katowice,gks-katowice,Gruszkowski K.,konrad-jan-gruszkowski,gks-katowice,2025/26,future_season_same_club,101,last_token_exact | last_token_slugstyle | token_overlap_ascii:gruszkowski | token_overlap_slug:gruszkowski | sim>=0.85:0.880 | initial_match | same_club_bonus,Konrad Jan GruszkowskiGKS Katowice
GKS Katowice,gks-katowice,Gruszkowski K.,konrad-jan-gruszkowski,gks-katowice,2024/25,same_season_same_club,99,last_token_exact | last_token_slugstyle | token_overlap_ascii:gruszkowski | token_overlap_slug:gruszkowski | sim>=0.85:0.880 | initial_match | same_club_bonus,Konrad Jan GruszkowskiGKS Katowice
GKS Katowice,gks-katowice,Jaroszek B.,bartosz-jaroszek,gks-katowice,2024/25,same_season_same_club,107,exact_nonfirst_ascii | exact_nonfirst_slugstyle | last_token_exact | last_token_slugstyle | token_overlap_ascii:jaroszek | token_overlap_slug:jaroszek | sim>=0.92:1.000 | initial_match | same_club_bonus,Bartosz JaroszekGKS Katowice
GKS Katowice,gks-katowice,Jędrych A.,arkadiusz-jedrych,gks-katowice,2025/26,future_season_same_club,109,exact_nonfirst_ascii | exact_nonfirst_slugstyle | last_token_exact | last_token_slugstyle | token_overlap_ascii:jedrych | token_overlap_slug:jedrych | sim>=0.92:1.000 | initial_match | same_club_bonus,Arkadiusz JędrychGKS Katowice
GKS Katowice,gks-katowice,Jędrych A.,arkadiusz-jedrych,gks-katowice,2024/25,same_season_same_club,107,exact_nonfirst_ascii | exact_nonfirst_slugstyle | last_token_exact | last_token_slugstyle | token_overlap_ascii:jedrych | token_overlap_slug:jedrych | sim>=0.92:1.000 | initial_match | same_club_bonus,Arkadiusz JędrychGKS Katowice
GKS Katowice,gks-katowice,Klemenz L.,lukas-rafael-klemenz,gks-katowice,2025/26,future_season_same_club,101,last_token_exact | last_token_slugstyle | token_overlap_ascii:klemenz | token_overlap_slug:klemenz | initial_match | same_club_bonus,Lukas Rafael KlemenzGKS Katowice
GKS Katowice,gks-katowice,Klemenz L.,lukas-rafael-klemenz,gks-katowice,2024/25,same_season_same_club,99,last_token_exact | last_token_slugstyle | token_overlap_ascii:klemenz | token_overlap_slug:klemenz | initial_match | same_club_bonus,Lukas Rafael KlemenzGKS Katowice
GKS Katowice,gks-katowice,Komor A.,aleksander-komor,gks-katowice,2024/25,same_season_same_club,107,exact_nonfirst_ascii | exact_nonfirst_slugstyle | last_token_exact | last_token_slugstyle | token_overlap_ascii:komor | token_overlap_slug:komor | sim>=0.92:1.000 | initial_match | same_club_bonus,Aleksander KomorGKS Katowice
GKS Katowice,gks-katowice,Komor A.,kewin-komar,puszcza-niepolomice,2023/24,past_season_other_club,78,sim>=0.78:0.800,Kewin KomarPuszcza Niepołomice
GKS Katowice,gks-katowice,Kowalczyk M.,mateusz-kowalczyk,gks-katowice,2025/26,future_season_same_club,109,exact_nonfirst_ascii | exact_nonfirst_slugstyle | last_token_exact | last_token_slugstyle | token_overlap_ascii:kowalczyk | token_overlap_slug:kowalczyk | sim>=0.92:1.000 | initial_match | same_club_bonus,Mateusz KowalczykGKS Katowice
GKS Katowice,gks-katowice,Kowalczyk M.,mateusz-kowalczyk,gks-katowice,2024/25,same_season_same_club,107,exact_nonfirst_ascii | exact_nonfirst_slugstyle | last_token_exact | last_token_slugstyle | token_overlap_ascii:kowalczyk | token_overlap_slug:kowalczyk | sim>=0.92:1.000 | initial_match | same_club_bonus,Mateusz KowalczykGKS Katowice
GKS Katowice,gks-katowice,Kowalczyk M.,sebastian-oskar-kowalczyk,pogon-szczecin,2023/24,past_season_other_club,92,last_token_exact | last_token_slugstyle | token_overlap_ascii:kowalczyk | token_overlap_slug:kowalczyk | sim>=0.78:0.783,Sebastian Oskar KowalczykPogoń Szczecin
GKS Katowice,gks-katowice,Kudła D.,dawid-kuda,gks-katowice,2025/26,future_season_same_club,109,exact_nonfirst_slugstyle | last_token_slugstyle | token_overlap_slug:kuda | sim>=0.85:0.889 | initial_match | same_club_bonus,Dawid KudłaGKS Katowice
GKS Katowice,gks-katowice,Kudła D.,dawid-kuda,gks-katowice,2024/25,same_season_same_club,107,exact_nonfirst_slugstyle | last_token_slugstyle | token_overlap_slug:kuda | sim>=0.85:0.889 | initial_match | same_club_bonus,Dawid KudłaGKS Katowice
GKS Katowice,gks-katowice,Kudła D.,bartomiej-kudka,zagebie-lubin,2023/24,past_season_other_club,78,sim>=0.78:0.800,Bartłomiej KłudkaKGHM Zagłębie Lubin
GKS Katowice,gks-katowice,Kuusk M.,marten-kuusk,gks-katowice,2025/26,future_season_same_club,109,exact_nonfirst_ascii | exact_nonfirst_slugstyle | last_token_exact | last_token_slugstyle | token_overlap_ascii:kuusk | token_overlap_slug:kuusk | sim>=0.92:1.000 | initial_match | same_club_bonus,Märten KuuskGKS Katowice
GKS Katowice,gks-katowice,Kuusk M.,marten-kuusk,gks-katowice,2024/25,same_season_same_club,107,exact_nonfirst_ascii | exact_nonfirst_slugstyle | last_token_exact | last_token_slugstyle | token_overlap_ascii:kuusk | token_overlap_slug:kuusk | sim>=0.92:1.000 | initial_match | same_club_bonus,Märten KuuskGKS Katowice
GKS Katowice,gks-katowice,Mak M.,mateusz-mak,gks-katowice,2024/25,same_season_same_club,107,exact_nonfirst_ascii | exact_nonfirst_slugstyle | last_token_exact | last_token_slugstyle | sim>=0.92:1.000 | initial_match | same_club_bonus,Mateusz MakGKS Katowice
GKS Katowice,gks-katowice,Marzec M.,mateusz-marzec,gks-katowice,2024/25,same_season_same_club,107,exact_nonfirst_ascii | exact_nonfirst_slugstyle | last_token_exact | last_token_slugstyle | token_overlap_ascii:marzec | token_overlap_slug:marzec | sim>=0.92:1.000 | initial_match | same_club_bonus,Mateusz MarzecGKS Katowice
GKS Katowice,gks-katowice,Milewski S.,sebastian-milewski,gks-katowice,2025/26,future_season_same_club,109,exact_nonfirst_ascii | exact_nonfirst_slugstyle | last_token_exact | last_token_slugstyle | token_overlap_ascii:milewski | token_overlap_slug:milewski | sim>=0.92:1.000 | initial_match | same_club_bonus,Sebastian MilewskiGKS Katowice
GKS Katowice,gks-katowice,Milewski S.,sebastian-milewski,gks-katowice,2024/25,same_season_same_club,107,exact_nonfirst_ascii | exact_nonfirst_slugstyle | last_token_exact | last_token_slugstyle | token_overlap_ascii:milewski | token_overlap_slug:milewski | sim>=0.92:1.000 | initial_match | same_club_bonus,Sebastian MilewskiGKS Katowice
GKS Katowice,gks-katowice,Milewski S.,kacper-smiglewski,cracovia,2023/24,past_season_other_club,84,sim>=0.85:0.889,Kacper ŚmiglewskiCracovia
GKS Katowice,gks-katowice,Nowak B.,bartosz-nowak,gks-katowice,2025/26,future_season_same_club,109,exact_nonfirst_ascii | exact_nonfirst_slugstyle | last_token_exact | last_token_slugstyle | token_overlap_ascii:nowak | token_overlap_slug:nowak | sim>=0.92:1.000 | initial_match | same_club_bonus,Bartosz NowakGKS Katowice
GKS Katowice,gks-katowice,Nowak B.,bartosz-nowak,rakow-czestochowa,2023/24,past_season_other_club,104,exact_nonfirst_ascii | exact_nonfirst_slugstyle | last_token_exact | last_token_slugstyle | token_overlap_ascii:nowak | token_overlap_slug:nowak | sim>=0.92:1.000 | initial_match,Bartosz NowakRaków Częstochowa
GKS Katowice,gks-katowice,Repka O.,oskar-repka,gks-katowice,2024/25,same_season_same_club,107,exact_nonfirst_ascii | exact_nonfirst_slugstyle | last_token_exact | last_token_slugstyle | token_overlap_ascii:repka | token_overlap_slug:repka | sim>=0.92:1.000 | initial_match | same_club_bonus,Oskar RepkaGKS Katowice
GKS Katowice,gks-katowice,Rogala G.,grzegorz-rogala,gks-katowice,2025/26,future_season_same_club,109,exact_nonfirst_ascii | exact_nonfirst_slugstyle | last_token_exact | last_token_slugstyle | token_overlap_ascii:rogala | token_overlap_slug:rogala | sim>=0.92:1.000 | initial_match | same_club_bonus,Grzegorz RogalaGKS Katowice
GKS Katowice,gks-katowice,Rogala G.,grzegorz-rogala,gks-katowice,2024/25,same_season_same_club,107,exact_nonfirst_ascii | exact_nonfirst_slugstyle | last_token_exact | last_token_slugstyle | token_overlap_ascii:rogala | token_overlap_slug:rogala | sim>=0.92:1.000 | initial_match | same_club_bonus,Grzegorz RogalaGKS Katowice
GKS Katowice,gks-katowice,Strączek R.,rafa-straczek,gks-katowice,2025/26,future_season_same_club,109,exact_nonfirst_ascii | exact_nonfirst_slugstyle | last_token_exact | last_token_slugstyle | token_overlap_ascii:straczek | token_overlap_slug:straczek | sim>=0.92:1.000 | initial_match | same_club_bonus,Rafał StrączekGKS Katowice
GKS Katowice,gks-katowice,Strączek R.,igor-strzaek,legia-warszawa,2023/24,past_season_other_club,78,sim>=0.78:0.800,Igor StrzałekLegia Warszawa
GKS Katowice,gks-katowice,Szymczak F.,filip-szymczak,lech-poznan,2023/24,past_season_other_club,104,exact_nonfirst_ascii | exact_nonfirst_slugstyle | last_token_exact | last_token_slugstyle | token_overlap_ascii:szymczak | token_overlap_slug:szymczak | sim>=0.92:1.000 | initial_match,Filip SzymczakLech Poznań
GKS Katowice,gks-katowice,Trepka L.,oskar-repka,gks-katowice,2024/25,same_season_same_club,87,sim>=0.85:0.909 | same_club_bonus,Oskar RepkaGKS Katowice
GKS Katowice,gks-katowice,Wasielewski M.,marcin-wasielewski,gks-katowice,2025/26,future_season_same_club,109,exact_nonfirst_ascii | exact_nonfirst_slugstyle | last_token_exact | last_token_slugstyle | token_overlap_ascii:wasielewski | token_overlap_slug:wasielewski | sim>=0.92:1.000 | initial_match | same_club_bonus,Marcin WasielewskiGKS Katowice
GKS Katowice,gks-katowice,Wasielewski M.,marcin-wasielewski,gks-katowice,2024/25,same_season_same_club,107,exact_nonfirst_ascii | exact_nonfirst_slugstyle | last_token_exact | last_token_slugstyle | token_overlap_ascii:wasielewski | token_overlap_slug:wasielewski | sim>=0.92:1.000 | initial_match | same_club_bonus,Marcin WasielewskiGKS Katowice
GKS Katowice,gks-katowice,Zrelak A.,adam-zrelak,gks-katowice,2025/26,future_season_same_club,109,exact_nonfirst_ascii | exact_nonfirst_slugstyle | last_token_exact | last_token_slugstyle | token_overlap_ascii:zrelak | token_overlap_slug:zrelak | sim>=0.92:1.000 | initial_match | same_club_bonus,Adam ZreľákGKS Katowice
GKS Katowice,gks-katowice,Zrelak A.,adam-zrelak,gks-katowice,2024/25,same_season_same_club,107,exact_nonfirst_ascii | exact_nonfirst_slugstyle | last_token_exact | last_token_slugstyle | token_overlap_ascii:zrelak | token_overlap_slug:zrelak | sim>=0.92:1.000 | initial_match | same_club_bonus,Adam ZreľákGKS Katowice
GKS Katowice,gks-katowice,Zrelak A.,adam-zrelak,warta-poznan,2023/24,past_season_other_club,104,exact_nonfirst_ascii | exact_nonfirst_slugstyle | last_token_exact | last_token_slugstyle | token_overlap_ascii:zrelak | token_overlap_slug:zrelak | sim>=0.92:1.000 | initial_match,Adam ZreľákWarta Poznań
Górnik Zabrze,gornik-zabrze,Abdullahi A.,abbati-abdullahi,gornik-zabrze,2025/26,future_season_same_club,109,exact_nonfirst_ascii | exact_nonfirst_slugstyle | last_token_exact | last_token_slugstyle | token_overlap_ascii:abdullahi | token_overlap_slug:abdullahi | sim>=0.92:1.000 | initial_match | same_club_bonus,Abbati AbdullahiGórnik Zabrze
Górnik Zabrze,gornik-zabrze,Abdullahi A.,abbati-abdullahi,gornik-zabrze,2024/25,same_season_same_club,107,exact_nonfirst_ascii | exact_nonfirst_slugstyle | last_token_exact | last_token_slugstyle | token_overlap_ascii:abdullahi | token_overlap_slug:abdullahi | sim>=0.92:1.000 | initial_match | same_club_bonus,Abbati AbdullahiGórnik Zabrze
Górnik Zabrze,gornik-zabrze,Ambros L.,lukas-ambros,gornik-zabrze,2025/26,future_season_same_club,109,exact_nonfirst_ascii | exact_nonfirst_slugstyle | last_token_exact | last_token_slugstyle | token_overlap_ascii:ambros | token_overlap_slug:ambros | sim>=0.92:1.000 | initial_match | same_club_bonus,Lukáš AmbrosGórnik Zabrze
Górnik Zabrze,gornik-zabrze,Ambros L.,lukas-ambros,gornik-zabrze,2024/25,same_season_same_club,107,exact_nonfirst_ascii | exact_nonfirst_slugstyle | last_token_exact | last_token_slugstyle | token_overlap_ascii:ambros | token_overlap_slug:ambros | sim>=0.92:1.000 | initial_match | same_club_bonus,Lukáš AmbrosGórnik Zabrze
Górnik Zabrze,gornik-zabrze,Bakis S.,sinan-baks,gornik-zabrze,2024/25,same_season_same_club,91,sim>=0.85:0.889 | initial_match | same_club_bonus,Sinan BakışGórnik Zabrze
Górnik Zabrze,gornik-zabrze,Barczak N.,norbert-barczak,gornik-zabrze,2023/24,past_season_same_club,107,exact_nonfirst_ascii | exact_nonfirst_slugstyle | last_token_exact | last_token_slugstyle | token_overlap_ascii:barczak | token_overlap_slug:barczak | sim>=0.92:1.000 | initial_match | same_club_bonus,Norbert BarczakGórnik Zabrze
Górnik Zabrze,gornik-zabrze,Buksa A.,aleksander-buksa,gornik-zabrze,2024/25,same_season_same_club,107,exact_nonfirst_ascii | exact_nonfirst_slugstyle | last_token_exact | last_token_slugstyle | token_overlap_ascii:buksa | token_overlap_slug:buksa | sim>=0.92:1.000 | initial_match | same_club_bonus,Aleksander BuksaGórnik Zabrze
Górnik Zabrze,gornik-zabrze,Furukawa Y.,yosuke-furukawa,gornik-zabrze,2024/25,same_season_same_club,107,exact_nonfirst_ascii | exact_nonfirst_slugstyle | last_token_exact | last_token_slugstyle | token_overlap_ascii:furukawa | token_overlap_slug:furukawa | sim>=0.92:1.000 | initial_match | same_club_bonus,Yosuke FurukawaGórnik Zabrze
Górnik Zabrze,gornik-zabrze,Hellebrand P.,patrik-hellebrand,gornik-zabrze,2025/26,future_season_same_club,109,exact_nonfirst_ascii | exact_nonfirst_slugstyle | last_token_exact | last_token_slugstyle | token_overlap_ascii:hellebrand | token_overlap_slug:hellebrand | sim>=0.92:1.000 | initial_match | same_club_bonus,Patrik HellebrandGórnik Zabrze
Górnik Zabrze,gornik-zabrze,Hellebrand P.,patrik-hellebrand,gornik-zabrze,2024/25,same_season_same_club,107,exact_nonfirst_ascii | exact_nonfirst_slugstyle | last_token_exact | last_token_slugstyle | token_overlap_ascii:hellebrand | token_overlap_slug:hellebrand | sim>=0.92:1.000 | initial_match | same_club_bonus,Patrik HellebrandGórnik Zabrze
Górnik Zabrze,gornik-zabrze,Ismaheel T.,taofeek-ajibade-ismaheel,gornik-zabrze,2025/26,future_season_same_club,101,last_token_exact | last_token_slugstyle | token_overlap_ascii:ismaheel | token_overlap_slug:ismaheel | initial_match | same_club_bonus,Taofeek Ajibade IsmaheelGórnik Zabrze
Górnik Zabrze,gornik-zabrze,Ismaheel T.,taofeek-ajibade-ismaheel,gornik-zabrze,2024/25,same_season_same_club,99,last_token_exact | last_token_slugstyle | token_overlap_ascii:ismaheel | token_overlap_slug:ismaheel | initial_match | same_club_bonus,Taofeek Ajibade IsmaheelGórnik Zabrze
Górnik Zabrze,gornik-zabrze,Janicki R.,rafa-janicki,gornik-zabrze,2025/26,future_season_same_club,109,exact_nonfirst_ascii | exact_nonfirst_slugstyle | last_token_exact | last_token_slugstyle | token_overlap_ascii:janicki | token_overlap_slug:janicki | sim>=0.92:1.000 | initial_match | same_club_bonus,Rafał JanickiGórnik Zabrze
Górnik Zabrze,gornik-zabrze,Janicki R.,rafa-janicki,gornik-zabrze,2023/24,past_season_same_club,107,exact_nonfirst_ascii | exact_nonfirst_slugstyle | last_token_exact | last_token_slugstyle | token_overlap_ascii:janicki | token_overlap_slug:janicki | sim>=0.92:1.000 | initial_match | same_club_bonus,Rafał JanickiGórnik Zabrze
Górnik Zabrze,gornik-zabrze,Janicki R.,rafa-janicki,gornik-zabrze,2024/25,same_season_same_club,107,exact_nonfirst_ascii | exact_nonfirst_slugstyle | last_token_exact | last_token_slugstyle | token_overlap_ascii:janicki | token_overlap_slug:janicki | sim>=0.92:1.000 | initial_match | same_club_bonus,Rafał JanickiGórnik Zabrze
Górnik Zabrze,gornik-zabrze,Janza E.,erik-janza,gornik-zabrze,2025/26,future_season_same_club,109,exact_nonfirst_ascii | exact_nonfirst_slugstyle | last_token_exact | last_token_slugstyle | token_overlap_ascii:janza | token_overlap_slug:janza | sim>=0.92:1.000 | initial_match | same_club_bonus,Erik JanžaGórnik Zabrze
Górnik Zabrze,gornik-zabrze,Janza E.,erik-janza,gornik-zabrze,2023/24,past_season_same_club,107,exact_nonfirst_ascii | exact_nonfirst_slugstyle | last_token_exact | last_token_slugstyle | token_overlap_ascii:janza | token_overlap_slug:janza | sim>=0.92:1.000 | initial_match | same_club_bonus,Erik JanžaGórnik Zabrze
Górnik Zabrze,gornik-zabrze,Janza E.,erik-janza,gornik-zabrze,2024/25,same_season_same_club,107,exact_nonfirst_ascii | exact_nonfirst_slugstyle | last_token_exact | last_token_slugstyle | token_overlap_ascii:janza | token_overlap_slug:janza | sim>=0.92:1.000 | initial_match | same_club_bonus,Erik JanžaGórnik Zabrze
Górnik Zabrze,gornik-zabrze,Kmet M.,matus-kmet,gornik-zabrze,2025/26,future_season_same_club,109,exact_nonfirst_ascii | exact_nonfirst_slugstyle | last_token_exact | last_token_slugstyle | token_overlap_ascii:kmet | token_overlap_slug:kmet | sim>=0.92:1.000 | initial_match | same_club_bonus,Matúš KmeťGórnik Zabrze
Górnik Zabrze,gornik-zabrze,Kmet M.,matus-kmet,gornik-zabrze,2024/25,same_season_same_club,107,exact_nonfirst_ascii | exact_nonfirst_slugstyle | last_token_exact | last_token_slugstyle | token_overlap_ascii:kmet | token_overlap_slug:kmet | sim>=0.92:1.000 | initial_match | same_club_bonus,Matúš KmeťGórnik Zabrze
Górnik Zabrze,gornik-zabrze,Kozuki S.,soichiro-kozuki,gornik-zabrze,2023/24,past_season_same_club,107,exact_nonfirst_ascii | exact_nonfirst_slugstyle | last_token_exact | last_token_slugstyle | token_overlap_ascii:kozuki | token_overlap_slug:kozuki | sim>=0.92:1.000 | initial_match | same_club_bonus,Soichiro KozukiGórnik Zabrze
Górnik Zabrze,gornik-zabrze,Kozuki S.,soichiro-kozuki,gornik-zabrze,2024/25,same_season_same_club,107,exact_nonfirst_ascii | exact_nonfirst_slugstyle | last_token_exact | last_token_slugstyle | token_overlap_ascii:kozuki | token_overlap_slug:kozuki | sim>=0.92:1.000 | initial_match | same_club_bonus,Soichiro KozukiGórnik Zabrze
Górnik Zabrze,gornik-zabrze,Krawczyk P.,piotr-krawczyk,gornik-zabrze,2023/24,past_season_same_club,107,exact_nonfirst_ascii | exact_nonfirst_slugstyle | last_token_exact | last_token_slugstyle | token_overlap_ascii:krawczyk | token_overlap_slug:krawczyk | sim>=0.92:1.000 | initial_match | same_club_bonus,Piotr KrawczykGórnik Zabrze
Górnik Zabrze,gornik-zabrze,Liseth S.,sondre-liseth,gornik-zabrze,2025/26,future_season_same_club,109,exact_nonfirst_ascii | exact_nonfirst_slugstyle | last_token_exact | last_token_slugstyle | token_overlap_ascii:liseth | token_overlap_slug:liseth | sim>=0.92:1.000 | initial_match | same_club_bonus,Sondre LisethGórnik Zabrze
Górnik Zabrze,gornik-zabrze,Liseth S.,sondre-liseth,gornik-zabrze,2024/25,same_season_same_club,107,exact_nonfirst_ascii | exact_nonfirst_slugstyle | last_token_exact | last_token_slugstyle | token_overlap_ascii:liseth | token_overlap_slug:liseth | sim>=0.92:1.000 | initial_match | same_club_bonus,Sondre LisethGórnik Zabrze
Górnik Zabrze,gornik-zabrze,Lukoszek K.,kamil-lukoszek,gornik-zabrze,2025/26,future_season_same_club,109,exact_nonfirst_ascii | exact_nonfirst_slugstyle | last_token_exact | last_token_slugstyle | token_overlap_ascii:lukoszek | token_overlap_slug:lukoszek | sim>=0.92:1.000 | initial_match | same_club_bonus,Kamil LukoszekGórnik Zabrze
Górnik Zabrze,gornik-zabrze,Lukoszek K.,kamil-lukoszek,gornik-zabrze,2023/24,past_season_same_club,107,exact_nonfirst_ascii | exact_nonfirst_slugstyle | last_token_exact | last_token_slugstyle | token_overlap_ascii:lukoszek | token_overlap_slug:lukoszek | sim>=0.92:1.000 | initial_match | same_club_bonus,Kamil LukoszekGórnik Zabrze
Górnik Zabrze,gornik-zabrze,Lukoszek K.,kamil-lukoszek,gornik-zabrze,2024/25,same_season_same_club,107,exact_nonfirst_ascii | exact_nonfirst_slugstyle | last_token_exact | last_token_slugstyle | token_overlap_ascii:lukoszek | token_overlap_slug:lukoszek | sim>=0.92:1.000 | initial_match | same_club_bonus,Kamil LukoszekGórnik Zabrze
Górnik Zabrze,gornik-zabrze,Majchrowicz F.,filip-majchrowicz,gornik-zabrze,2024/25,same_season_same_club,107,exact_nonfirst_ascii | exact_nonfirst_slugstyle | last_token_exact | last_token_slugstyle | token_overlap_ascii:majchrowicz | token_overlap_slug:majchrowicz | sim>=0.92:1.000 | initial_match | same_club_bonus,Filip MajchrowiczGórnik Zabrze
Górnik Zabrze,gornik-zabrze,Majchrowicz F.,filip-majchrowicz,radomiak-radom,2023/24,past_season_other_club,104,exact_nonfirst_ascii | exact_nonfirst_slugstyle | last_token_exact | last_token_slugstyle | token_overlap_ascii:majchrowicz | token_overlap_slug:majchrowicz | sim>=0.92:1.000 | initial_match,Filip MajchrowiczRadomiak Radom
Górnik Zabrze,gornik-zabrze,Marsenic M.,zoran-arsenic,rakow-czestochowa,2023/24,past_season_other_club,90,sim>=0.92:0.933,Zoran ArsenićRaków Częstochowa
Górnik Zabrze,gornik-zabrze,Mazurek D.,dawid-mazurek,gornik-zabrze,2024/25,same_season_same_club,107,exact_nonfirst_ascii | exact_nonfirst_slugstyle | last_token_exact | last_token_slugstyle | token_overlap_ascii:mazurek | token_overlap_slug:mazurek | sim>=0.92:1.000 | initial_match | same_club_bonus,Dawid MazurekGórnik Zabrze
Górnik Zabrze,gornik-zabrze,Nascimento F.,filipe-nascimento,gornik-zabrze,2023/24,past_season_same_club,107,exact_nonfirst_ascii | exact_nonfirst_slugstyle | last_token_exact | last_token_slugstyle | token_overlap_ascii:nascimento | token_overlap_slug:nascimento | sim>=0.92:1.000 | initial_match | same_club_bonus,Filipe NascimentoGórnik Zabrze
Górnik Zabrze,gornik-zabrze,Nascimento F.,filipe-nascimento,gornik-zabrze,2024/25,same_season_same_club,107,exact_nonfirst_ascii | exact_nonfirst_slugstyle | last_token_exact | last_token_slugstyle | token_overlap_ascii:nascimento | token_overlap_slug:nascimento | sim>=0.92:1.000 | initial_match | same_club_bonus,Filipe NascimentoGórnik Zabrze
Górnik Zabrze,gornik-zabrze,Olkowski P.,pawe-mirosaw-olkowski,gornik-zabrze,2025/26,future_season_same_club,101,last_token_exact | last_token_slugstyle | token_overlap_ascii:olkowski | token_overlap_slug:olkowski | initial_match | same_club_bonus,Paweł Mirosław OlkowskiGórnik Zabrze
Górnik Zabrze,gornik-zabrze,Olkowski P.,pawe-mirosaw-olkowski,gornik-zabrze,2023/24,past_season_same_club,99,last_token_exact | last_token_slugstyle | token_overlap_ascii:olkowski | token_overlap_slug:olkowski | initial_match | same_club_bonus,Paweł Mirosław OlkowskiGórnik Zabrze
Górnik Zabrze,gornik-zabrze,Olkowski P.,pawe-mirosaw-olkowski,gornik-zabrze,2024/25,same_season_same_club,99,last_token_exact | last_token_slugstyle | token_overlap_ascii:olkowski | token_overlap_slug:olkowski | initial_match | same_club_bonus,Paweł Mirosław OlkowskiGórnik Zabrze
Górnik Zabrze,gornik-zabrze,Olkowski P.,patryk-sokoowski,legia-warszawa,2023/24,past_season_other_club,82,sim>=0.78:0.824 | initial_match,Patryk SokołowskiLegia Warszawa
Górnik Zabrze,gornik-zabrze,Olkowski P.,jakub-ukowski,korona-kielce,2023/24,past_season_other_club,78,sim>=0.78:0.800,Jakub ŁukowskiKorona Kielce
Górnik Zabrze,gornik-zabrze,Olkowski P.,jan-ziokowski,legia-warszawa,2023/24,past_season_other_club,78,sim>=0.78:0.824,Jan ZiółkowskiLegia Warszawa
Górnik Zabrze,gornik-zabrze,Podolski L.,ukasz-jozef-podolski,gornik-zabrze,2025/26,future_season_same_club,97,last_token_exact | last_token_slugstyle | token_overlap_ascii:podolski | token_overlap_slug:podolski | same_club_bonus,Łukasz Józef PodolskiGórnik Zabrze
Górnik Zabrze,gornik-zabrze,Podolski L.,ukasz-jozef-podolski,gornik-zabrze,2023/24,past_season_same_club,95,last_token_exact | last_token_slugstyle | token_overlap_ascii:podolski | token_overlap_slug:podolski | same_club_bonus,Łukasz Józef PodolskiGórnik Zabrze
Górnik Zabrze,gornik-zabrze,Podolski L.,ukasz-jozef-podolski,gornik-zabrze,2024/25,same_season_same_club,95,last_token_exact | last_token_slugstyle | token_overlap_ascii:podolski | token_overlap_slug:podolski | same_club_bonus,Łukasz Józef PodolskiGórnik Zabrze
Górnik Zabrze,gornik-zabrze,Podolski L.,jacek-podgorski,korona-kielce,2023/24,past_season_other_club,78,sim>=0.78:0.824,Jacek PodgórskiKorona Kielce
Górnik Zabrze,gornik-zabrze,Prebsl F.,filip-prebsl,gornik-zabrze,2024/25,same_season_same_club,107,exact_nonfirst_ascii | exact_nonfirst_slugstyle | last_token_exact | last_token_slugstyle | token_overlap_ascii:prebsl | token_overlap_slug:prebsl | sim>=0.92:1.000 | initial_match | same_club_bonus,Filip PrebslGórnik Zabrze
Górnik Zabrze,gornik-zabrze,Rasak D.,damian-rasak,gornik-zabrze,2023/24,past_season_same_club,107,exact_nonfirst_ascii | exact_nonfirst_slugstyle | last_token_exact | last_token_slugstyle | token_overlap_ascii:rasak | token_overlap_slug:rasak | sim>=0.92:1.000 | initial_match | same_club_bonus,Damian RasakGórnik Zabrze
Górnik Zabrze,gornik-zabrze,Rasak D.,damian-rasak,gornik-zabrze,2024/25,same_season_same_club,107,exact_nonfirst_ascii | exact_nonfirst_slugstyle | last_token_exact | last_token_slugstyle | token_overlap_ascii:rasak | token_overlap_slug:rasak | sim>=0.92:1.000 | initial_match | same_club_bonus,Damian RasakGórnik Zabrze
Górnik Zabrze,gornik-zabrze,Sanchez M.,manuel-sanchez,gornik-zabrze,2024/25,same_season_same_club,107,exact_nonfirst_ascii | exact_nonfirst_slugstyle | last_token_exact | last_token_slugstyle | token_overlap_ascii:sanchez | token_overlap_slug:sanchez | sim>=0.92:1.000 | initial_match | same_club_bonus,Manuel Sánchez GarcíaGórnik Zabrze
Górnik Zabrze,gornik-zabrze,Sanchez M.,jose-manuel-sanchez-guillen,gornik-zabrze,2025/26,future_season_same_club,91,token_overlap_ascii:sanchez | token_overlap_slug:sanchez | same_club_bonus,JosemaGórnik Zabrze
Górnik Zabrze,gornik-zabrze,Sanchez M.,jose-manuel-sanchez-guillen,gornik-zabrze,2024/25,same_season_same_club,89,token_overlap_ascii:sanchez | token_overlap_slug:sanchez | same_club_bonus,JosemaGórnik Zabrze
Górnik Zabrze,gornik-zabrze,Sanchez M.,jordi-sanchez-ribas,widzew-lodz,2023/24,past_season_other_club,86,token_overlap_ascii:sanchez | token_overlap_slug:sanchez,Jordi Sánchez RibasWidzew Łódź
Górnik Zabrze,gornik-zabrze,Sanchez M.,jose-manuel-sanchez-guillen,ruch-chorzow,2023/24,past_season_other_club,86,token_overlap_ascii:sanchez | token_overlap_slug:sanchez,JosemaRuch Chorzów
Górnik Zabrze,gornik-zabrze,Sarapata D.,dominik-sarapata,gornik-zabrze,2024/25,same_season_same_club,107,exact_nonfirst_ascii | exact_nonfirst_slugstyle | last_token_exact | last_token_slugstyle | token_overlap_ascii:sarapata | token_overlap_slug:sarapata | sim>=0.92:1.000 | initial_match | same_club_bonus,Dominik SarapataGórnik Zabrze
Górnik Zabrze,gornik-zabrze,Sow O.,ousmane-sow,gornik-zabrze,2025/26,future_season_same_club,109,exact_nonfirst_ascii | exact_nonfirst_slugstyle | last_token_exact | last_token_slugstyle | sim>=0.92:1.000 | initial_match | same_club_bonus,Ousmane SowGórnik Zabrze
Górnik Zabrze,gornik-zabrze,Sow O.,ousmane-sow,gornik-zabrze,2024/25,same_season_same_club,107,exact_nonfirst_ascii | exact_nonfirst_slugstyle | last_token_exact | last_token_slugstyle | sim>=0.92:1.000 | initial_match | same_club_bonus,Ousmane SowGórnik Zabrze
Górnik Zabrze,gornik-zabrze,Szala D.,dominik-jerzy-szala,gornik-zabrze,2025/26,future_season_same_club,101,last_token_exact | last_token_slugstyle | token_overlap_ascii:szala | token_overlap_slug:szala | initial_match | same_club_bonus,Dominik Jerzy SzalaGórnik Zabrze
Górnik Zabrze,gornik-zabrze,Szala D.,dominik-jerzy-szala,gornik-zabrze,2023/24,past_season_same_club,99,last_token_exact | last_token_slugstyle | token_overlap_ascii:szala | token_overlap_slug:szala | initial_match | same_club_bonus,Dominik Jerzy SzalaGórnik Zabrze
Górnik Zabrze,gornik-zabrze,Szala D.,dominik-jerzy-szala,gornik-zabrze,2024/25,same_season_same_club,99,last_token_exact | last_token_slugstyle | token_overlap_ascii:szala | token_overlap_slug:szala | initial_match | same_club_bonus,Dominik Jerzy SzalaGórnik Zabrze
Górnik Zabrze,gornik-zabrze,Szcześniak K.,kryspin-szczesniak,gornik-zabrze,2025/26,future_season_same_club,109,exact_nonfirst_ascii | exact_nonfirst_slugstyle | last_token_exact | last_token_slugstyle | token_overlap_ascii:szczesniak | token_overlap_slug:szczesniak | sim>=0.92:1.000 | initial_match | same_club_bonus,Kryspin SzcześniakGórnik Zabrze
Górnik Zabrze,gornik-zabrze,Szcześniak K.,kryspin-szczesniak,gornik-zabrze,2023/24,past_season_same_club,107,exact_nonfirst_ascii | exact_nonfirst_slugstyle | last_token_exact | last_token_slugstyle | token_overlap_ascii:szczesniak | token_overlap_slug:szczesniak | sim>=0.92:1.000 | initial_match | same_club_bonus,Kryspin SzcześniakGórnik Zabrze
Górnik Zabrze,gornik-zabrze,Szcześniak K.,kryspin-szczesniak,gornik-zabrze,2024/25,same_season_same_club,107,exact_nonfirst_ascii | exact_nonfirst_slugstyle | last_token_exact | last_token_slugstyle | token_overlap_ascii:szczesniak | token_overlap_slug:szczesniak | sim>=0.92:1.000 | initial_match | same_club_bonus,Kryspin SzcześniakGórnik Zabrze
Górnik Zabrze,gornik-zabrze,Szromnik M.,micha-szromnik,gornik-zabrze,2024/25,same_season_same_club,107,exact_nonfirst_ascii | exact_nonfirst_slugstyle | last_token_exact | last_token_slugstyle | token_overlap_ascii:szromnik | token_overlap_slug:szromnik | sim>=0.92:1.000 | initial_match | same_club_bonus,Michał SzromnikGórnik Zabrze
Górnik Zabrze,gornik-zabrze,Tobolik A.,aleksander-tobolik,gornik-zabrze,2024/25,same_season_same_club,107,exact_nonfirst_ascii | exact_nonfirst_slugstyle | last_token_exact | last_token_slugstyle | token_overlap_ascii:tobolik | token_overlap_slug:tobolik | sim>=0.92:1.000 | initial_match | same_club_bonus,Aleksander TobolikGórnik Zabrze
Górnik Zabrze,gornik-zabrze,Wojtuszek N.,norbert-wojtuszek,gornik-zabrze,2023/24,past_season_same_club,107,exact_nonfirst_ascii | exact_nonfirst_slugstyle | last_token_exact | last_token_slugstyle | token_overlap_ascii:wojtuszek | token_overlap_slug:wojtuszek | sim>=0.92:1.000 | initial_match | same_club_bonus,Norbert WojtuszekGórnik Zabrze
Górnik Zabrze,gornik-zabrze,Zahovic L.,luka-zahovic,gornik-zabrze,2025/26,future_season_same_club,109,exact_nonfirst_ascii | exact_nonfirst_slugstyle | last_token_exact | last_token_slugstyle | token_overlap_ascii:zahovic | token_overlap_slug:zahovic | sim>=0.92:1.000 | initial_match | same_club_bonus,Luka ZahovićGórnik Zabrze
Górnik Zabrze,gornik-zabrze,Zahovic L.,luka-zahovic,gornik-zabrze,2024/25,same_season_same_club,107,exact_nonfirst_ascii | exact_nonfirst_slugstyle | last_token_exact | last_token_slugstyle | token_overlap_ascii:zahovic | token_overlap_slug:zahovic | sim>=0.92:1.000 | initial_match | same_club_bonus,Luka ZahovićGórnik Zabrze
Górnik Zabrze,gornik-zabrze,Zahovic L.,luka-zahovic,pogon-szczecin,2023/24,past_season_other_club,104,exact_nonfirst_ascii | exact_nonfirst_slugstyle | last_token_exact | last_token_slugstyle | token_overlap_ascii:zahovic | token_overlap_slug:zahovic | sim>=0.92:1.000 | initial_match,Luka ZahovićPogoń Szczecin
Górnik Zabrze,gornik-zabrze,Zielonka N.,nikodem-zielonka,gornik-zabrze,2024/25,same_season_same_club,107,exact_nonfirst_ascii | exact_nonfirst_slugstyle | last_token_exact | last_token_slugstyle | token_overlap_ascii:zielonka | token_overlap_slug:zielonka | sim>=0.92:1.000 | initial_match | same_club_bonus,Nikodem ZielonkaGórnik Zabrze
Jagiellonia Białystok,jagiellonia-bialystok,Abramowicz S.,sawomir-abramowicz,jagiellonia-bialystok,2025/26,future_season_same_club,109,exact_nonfirst_ascii | exact_nonfirst_slugstyle | last_token_exact | last_token_slugstyle | token_overlap_ascii:abramowicz | token_overlap_slug:abramowicz | sim>=0.92:1.000 | initial_match | same_club_bonus,Sławomir AbramowiczJagiellonia Białystok
Jagiellonia Białystok,jagiellonia-bialystok,Abramowicz S.,sawomir-abramowicz,jagiellonia-bialystok,2024/25,same_season_same_club,107,exact_nonfirst_ascii | exact_nonfirst_slugstyle | last_token_exact | last_token_slugstyle | token_overlap_ascii:abramowicz | token_overlap_slug:abramowicz | sim>=0.92:1.000 | initial_match | same_club_bonus,Sławomir AbramowiczJagiellonia Białystok
Jagiellonia Białystok,jagiellonia-bialystok,Abramowicz S.,dawid-abramowicz,radomiak-radom,2023/24,past_season_other_club,100,exact_nonfirst_ascii | exact_nonfirst_slugstyle | last_token_exact | last_token_slugstyle | token_overlap_ascii:abramowicz | token_overlap_slug:abramowicz | sim>=0.92:1.000,Dawid AbramowiczRadomiak Radom
Jagiellonia Białystok,jagiellonia-bialystok,Churlinov D.,darko-churlinov,jagiellonia-bialystok,2024/25,same_season_same_club,107,exact_nonfirst_ascii | exact_nonfirst_slugstyle | last_token_exact | last_token_slugstyle | token_overlap_ascii:churlinov | token_overlap_slug:churlinov | sim>=0.92:1.000 | initial_match | same_club_bonus,Darko ChurlinovJagiellonia Białystok
Jagiellonia Białystok,jagiellonia-bialystok,Costa S. T.,tomas-costa-silva,jagiellonia-bialystok,2024/25,same_season_same_club,93,token_overlap_ascii:costa | token_overlap_slug:costa | initial_match | same_club_bonus,Tomás SilvaJagiellonia Białystok
Jagiellonia Białystok,jagiellonia-bialystok,Costa S. T.,joao-pedro-da-costa-gamboa,pogon-szczecin,2023/24,past_season_other_club,86,token_overlap_ascii:costa | token_overlap_slug:costa,João GamboaPogoń Szczecin
Jagiellonia Białystok,jagiellonia-bialystok,Diaby-Fadiga L.,mohamed-lamine-diaby-fadiga,jagiellonia-bialystok,2024/25,same_season_same_club,95,"last_token_exact | last_token_slugstyle | token_overlap_ascii:diaby,fadiga | token_overlap_slug:diaby,fadiga | sim>=0.78:0.786 | same_club_bonus",Mohamed Lamine Diaby-FadigaJagiellonia Białystok
Jagiellonia Białystok,jagiellonia-bialystok,Dieguez A.,adrian-dieguez-grande,jagiellonia-bialystok,2023/24,past_season_same_club,93,token_overlap_ascii:dieguez | token_overlap_slug:dieguez | initial_match | same_club_bonus,Adrián Diéguez GrandeJagiellonia Białystok
Jagiellonia Białystok,jagiellonia-bialystok,Dieguez A.,adrian-dieguez-grande,jagiellonia-bialystok,2024/25,same_season_same_club,93,token_overlap_ascii:dieguez | token_overlap_slug:dieguez | initial_match | same_club_bonus,Adrián Diéguez GrandeJagiellonia Białystok
Jagiellonia Białystok,jagiellonia-bialystok,Ebosse E.,enzo-ebosse,jagiellonia-bialystok,2024/25,same_season_same_club,107,exact_nonfirst_ascii | exact_nonfirst_slugstyle | last_token_exact | last_token_slugstyle | token_overlap_ascii:ebosse | token_overlap_slug:ebosse | sim>=0.92:1.000 | initial_match | same_club_bonus,Enzo Jacques Rodolphe EbosseJagiellonia Białystok
Jagiellonia Białystok,jagiellonia-bialystok,Flach L.,leon-maximilian-flach,jagiellonia-bialystok,2025/26,future_season_same_club,101,last_token_exact | last_token_slugstyle | token_overlap_ascii:flach | token_overlap_slug:flach | initial_match | same_club_bonus,Leon Maximilian FlachJagiellonia Białystok
Jagiellonia Białystok,jagiellonia-bialystok,Flach L.,leon-maximilian-flach,jagiellonia-bialystok,2024/25,same_season_same_club,99,last_token_exact | last_token_slugstyle | token_overlap_ascii:flach | token_overlap_slug:flach | initial_match | same_club_bonus,Leon Maximilian FlachJagiellonia Białystok
Jagiellonia Białystok,jagiellonia-bialystok,Flach L.,frantisek-plach,piast-gliwice,2023/24,past_season_other_club,78,sim>=0.78:0.800,František PlachPiast Gliwice
Jagiellonia Białystok,jagiellonia-bialystok,Hansen K.,kristoffer-hansen,jagiellonia-bialystok,2024/25,same_season_same_club,107,exact_nonfirst_ascii | exact_nonfirst_slugstyle | last_token_exact | last_token_slugstyle | token_overlap_ascii:hansen | token_overlap_slug:hansen | sim>=0.92:1.000 | initial_match | same_club_bonus,Kristoffer Normann HansenJagiellonia Białystok
Jagiellonia Białystok,jagiellonia-bialystok,Kovacik P.,peter-kovacik,jagiellonia-bialystok,2024/25,same_season_same_club,107,exact_nonfirst_ascii | exact_nonfirst_slugstyle | last_token_exact | last_token_slugstyle | token_overlap_ascii:kovacik | token_overlap_slug:kovacik | sim>=0.92:1.000 | initial_match | same_club_bonus,Peter KováčikJagiellonia Białystok
Jagiellonia Białystok,jagiellonia-bialystok,Kozlowski E.,eryk-kozowski,jagiellonia-bialystok,2025/26,future_season_same_club,99,sim>=0.92:0.941 | initial_match | same_club_bonus,Eryk KozłowskiJagiellonia Białystok
Jagiellonia Białystok,jagiellonia-bialystok,Kozlowski E.,martin-konczkowski,slask-wroclaw,2023/24,past_season_other_club,78,sim>=0.78:0.800,Martin KonczkowskiŚląsk Wrocław
Jagiellonia Białystok,jagiellonia-bialystok,Kubicki J.,jarosaw-kubicki,jagiellonia-bialystok,2023/24,past_season_same_club,107,exact_nonfirst_ascii | exact_nonfirst_slugstyle | last_token_exact | last_token_slugstyle | token_overlap_ascii:kubicki | token_overlap_slug:kubicki | sim>=0.92:1.000 | initial_match | same_club_bonus,Jarosław KubickiJagiellonia Białystok
Jagiellonia Białystok,jagiellonia-bialystok,Kubicki J.,jarosaw-kubicki,jagiellonia-bialystok,2024/25,same_season_same_club,107,exact_nonfirst_ascii | exact_nonfirst_slugstyle | last_token_exact | last_token_slugstyle | token_overlap_ascii:kubicki | token_overlap_slug:kubicki | sim>=0.92:1.000 | initial_match | same_club_bonus,Jarosław KubickiJagiellonia Białystok
Jagiellonia Białystok,jagiellonia-bialystok,Laski W.,wojciech-aski,jagiellonia-bialystok,2023/24,past_season_same_club,91,sim>=0.85:0.889 | initial_match | same_club_bonus,Wojciech ŁaskiJagiellonia Białystok
Jagiellonia Białystok,jagiellonia-bialystok,Lewicki J.,jakub-lewicki,jagiellonia-bialystok,2023/24,past_season_same_club,107,exact_nonfirst_ascii | exact_nonfirst_slugstyle | last_token_exact | last_token_slugstyle | token_overlap_ascii:lewicki | token_overlap_slug:lewicki | sim>=0.92:1.000 | initial_match | same_club_bonus,Jakub LewickiJagiellonia Białystok
Jagiellonia Białystok,jagiellonia-bialystok,Listkowski M.,wojciech-lisowski,pogon-szczecin,2023/24,past_season_other_club,84,sim>=0.85:0.889,Wojciech LisowskiPogoń Szczecin
Jagiellonia Białystok,jagiellonia-bialystok,Listkowski M.,artur-plaskowski,ruch-chorzow,2023/24,past_season_other_club,78,sim>=0.78:0.800,Artur PląskowskiRuch Chorzów
Jagiellonia Białystok,jagiellonia-bialystok,Marczuk D.,dominik-marczuk,jagiellonia-bialystok,2023/24,past_season_same_club,107,exact_nonfirst_ascii | exact_nonfirst_slugstyle | last_token_exact | last_token_slugstyle | token_overlap_ascii:marczuk | token_overlap_slug:marczuk | sim>=0.92:1.000 | initial_match | same_club_bonus,Dominik MarczukJagiellonia Białystok
Jagiellonia Białystok,jagiellonia-bialystok,Marczuk D.,dominik-marczuk,jagiellonia-bialystok,2024/25,same_season_same_club,107,exact_nonfirst_ascii | exact_nonfirst_slugstyle | last_token_exact | last_token_slugstyle | token_overlap_ascii:marczuk | token_overlap_slug:marczuk | sim>=0.92:1.000 | initial_match | same_club_bonus,Dominik MarczukJagiellonia Białystok
Jagiellonia Białystok,jagiellonia-bialystok,Mazurek B.,bartosz-mazurek,jagiellonia-bialystok,2025/26,future_season_same_club,109,exact_nonfirst_ascii | exact_nonfirst_slugstyle | last_token_exact | last_token_slugstyle | token_overlap_ascii:mazurek | token_overlap_slug:mazurek | sim>=0.92:1.000 | initial_match | same_club_bonus,Bartosz MazurekJagiellonia Białystok
Jagiellonia Białystok,jagiellonia-bialystok,Mazurek B.,bartosz-mazurek,jagiellonia-bialystok,2024/25,same_season_same_club,107,exact_nonfirst_ascii | exact_nonfirst_slugstyle | last_token_exact | last_token_slugstyle | token_overlap_ascii:mazurek | token_overlap_slug:mazurek | sim>=0.92:1.000 | initial_match | same_club_bonus,Bartosz MazurekJagiellonia Białystok
Jagiellonia Białystok,jagiellonia-bialystok,Miki Villar,miguel-villar-alonso,jagiellonia-bialystok,2025/26,future_season_same_club,91,token_overlap_ascii:villar | token_overlap_slug:villar | same_club_bonus,Miguel Villar AlonsoJagiellonia Białystok
Jagiellonia Białystok,jagiellonia-bialystok,Miki Villar,miguel-villar-alonso,jagiellonia-bialystok,2024/25,same_season_same_club,89,token_overlap_ascii:villar | token_overlap_slug:villar | same_club_bonus,Miguel Villar AlonsoJagiellonia Białystok
Jagiellonia Białystok,jagiellonia-bialystok,Moutinho J.,joao-gervasio-braganca-moutinho,jagiellonia-bialystok,2024/25,same_season_same_club,99,last_token_exact | last_token_slugstyle | token_overlap_ascii:moutinho | token_overlap_slug:moutinho | initial_match | same_club_bonus,João MoutinhoJagiellonia Białystok
Jagiellonia Białystok,jagiellonia-bialystok,Nguiamba A.,aurelien-thomas-nguiamba,jagiellonia-bialystok,2023/24,past_season_same_club,99,last_token_exact | last_token_slugstyle | token_overlap_ascii:nguiamba | token_overlap_slug:nguiamba | initial_match | same_club_bonus,Aurélien Thomas NguiambaJagiellonia Białystok
Jagiellonia Białystok,jagiellonia-bialystok,Nguiamba A.,aurelien-thomas-nguiamba,jagiellonia-bialystok,2024/25,same_season_same_club,99,last_token_exact | last_token_slugstyle | token_overlap_ascii:nguiamba | token_overlap_slug:nguiamba | initial_match | same_club_bonus,Aurélien Thomas NguiambaJagiellonia Białystok
Jagiellonia Białystok,jagiellonia-bialystok,Olszewski P.,pawe-olszewski,jagiellonia-bialystok,2023/24,past_season_same_club,107,exact_nonfirst_ascii | exact_nonfirst_slugstyle | last_token_exact | last_token_slugstyle | token_overlap_ascii:olszewski | token_overlap_slug:olszewski | sim>=0.92:1.000 | initial_match | same_club_bonus,Paweł OlszewskiJagiellonia Białystok
Jagiellonia Białystok,jagiellonia-bialystok,Olszewski P.,piotr-liszewski,piast-gliwice,2023/24,past_season_other_club,88,sim>=0.85:0.889 | initial_match,Piotr LiszewskiPiast Gliwice
Jagiellonia Białystok,jagiellonia-bialystok,Piekutowski M.,miosz-piekutowski,jagiellonia-bialystok,2025/26,future_season_same_club,109,exact_nonfirst_ascii | exact_nonfirst_slugstyle | last_token_exact | last_token_slugstyle | token_overlap_ascii:piekutowski | token_overlap_slug:piekutowski | sim>=0.92:1.000 | initial_match | same_club_bonus,Miłosz PiekutowskiJagiellonia Białystok
Jagiellonia Białystok,jagiellonia-bialystok,Pietuszewski O.,oskar-pietuszewski,jagiellonia-bialystok,2025/26,future_season_same_club,109,exact_nonfirst_ascii | exact_nonfirst_slugstyle | last_token_exact | last_token_slugstyle | token_overlap_ascii:pietuszewski | token_overlap_slug:pietuszewski | sim>=0.92:1.000 | initial_match | same_club_bonus,Oskar PietuszewskiJagiellonia Białystok
Jagiellonia Białystok,jagiellonia-bialystok,Pietuszewski O.,oskar-pietuszewski,jagiellonia-bialystok,2024/25,same_season_same_club,107,exact_nonfirst_ascii | exact_nonfirst_slugstyle | last_token_exact | last_token_slugstyle | token_overlap_ascii:pietuszewski | token_overlap_slug:pietuszewski | sim>=0.92:1.000 | initial_match | same_club_bonus,Oskar PietuszewskiJagiellonia Białystok
Jagiellonia Białystok,jagiellonia-bialystok,Pietuszewski O.,konrad-matuszewski,warta-poznan,2023/24,past_season_other_club,78,sim>=0.78:0.783,Konrad MatuszewskiWarta Poznań
Jagiellonia Białystok,jagiellonia-bialystok,Polak C.,cezary-polak,jagiellonia-bialystok,2025/26,future_season_same_club,109,exact_nonfirst_ascii | exact_nonfirst_slugstyle | last_token_exact | last_token_slugstyle | token_overlap_ascii:polak | token_overlap_slug:polak | sim>=0.92:1.000 | initial_match | same_club_bonus,Cezary PolakJagiellonia Białystok
Jagiellonia Białystok,jagiellonia-bialystok,Polak C.,cezary-polak,jagiellonia-bialystok,2024/25,same_season_same_club,107,exact_nonfirst_ascii | exact_nonfirst_slugstyle | last_token_exact | last_token_slugstyle | token_overlap_ascii:polak | token_overlap_slug:polak | sim>=0.92:1.000 | initial_match | same_club_bonus,Cezary PolakJagiellonia Białystok
Jagiellonia Białystok,jagiellonia-bialystok,Pululu A.,afimico-pululu,jagiellonia-bialystok,2025/26,future_season_same_club,109,exact_nonfirst_ascii | exact_nonfirst_slugstyle | last_token_exact | last_token_slugstyle | token_overlap_ascii:pululu | token_overlap_slug:pululu | sim>=0.92:1.000 | initial_match | same_club_bonus,Afimico PululuJagiellonia Białystok
Jagiellonia Białystok,jagiellonia-bialystok,Pululu A.,afimico-pululu,jagiellonia-bialystok,2023/24,past_season_same_club,107,exact_nonfirst_ascii | exact_nonfirst_slugstyle | last_token_exact | last_token_slugstyle | token_overlap_ascii:pululu | token_overlap_slug:pululu | sim>=0.92:1.000 | initial_match | same_club_bonus,Afimico PululuJagiellonia Białystok
Jagiellonia Białystok,jagiellonia-bialystok,Pululu A.,afimico-pululu,jagiellonia-bialystok,2024/25,same_season_same_club,107,exact_nonfirst_ascii | exact_nonfirst_slugstyle | last_token_exact | last_token_slugstyle | token_overlap_ascii:pululu | token_overlap_slug:pululu | sim>=0.92:1.000 | initial_match | same_club_bonus,Afimico PululuJagiellonia Białystok
Jagiellonia Białystok,jagiellonia-bialystok,Romanczuk T.,taras-romanczuk,jagiellonia-bialystok,2025/26,future_season_same_club,109,exact_nonfirst_ascii | exact_nonfirst_slugstyle | last_token_exact | last_token_slugstyle | token_overlap_ascii:romanczuk | token_overlap_slug:romanczuk | sim>=0.92:1.000 | initial_match | same_club_bonus,Taras RomanczukJagiellonia Białystok
Jagiellonia Białystok,jagiellonia-bialystok,Romanczuk T.,taras-romanczuk,jagiellonia-bialystok,2023/24,past_season_same_club,107,exact_nonfirst_ascii | exact_nonfirst_slugstyle | last_token_exact | last_token_slugstyle | token_overlap_ascii:romanczuk | token_overlap_slug:romanczuk | sim>=0.92:1.000 | initial_match | same_club_bonus,Taras RomanczukJagiellonia Białystok
Jagiellonia Białystok,jagiellonia-bialystok,Romanczuk T.,taras-romanczuk,jagiellonia-bialystok,2024/25,same_season_same_club,107,exact_nonfirst_ascii | exact_nonfirst_slugstyle | last_token_exact | last_token_slugstyle | token_overlap_ascii:romanczuk | token_overlap_slug:romanczuk | sim>=0.92:1.000 | initial_match | same_club_bonus,Taras RomanczukJagiellonia Białystok
Jagiellonia Białystok,jagiellonia-bialystok,Rybak A.,alan-rybak,jagiellonia-bialystok,2023/24,past_season_same_club,107,exact_nonfirst_ascii | exact_nonfirst_slugstyle | last_token_exact | last_token_slugstyle | token_overlap_ascii:rybak | token_overlap_slug:rybak | sim>=0.92:1.000 | initial_match | same_club_bonus,Alan RybakJagiellonia Białystok
Jagiellonia Białystok,jagiellonia-bialystok,Rybak A.,alan-rybak,jagiellonia-bialystok,2024/25,same_season_same_club,107,exact_nonfirst_ascii | exact_nonfirst_slugstyle | last_token_exact | last_token_slugstyle | token_overlap_ascii:rybak | token_overlap_slug:rybak | sim>=0.92:1.000 | initial_match | same_club_bonus,Alan RybakJagiellonia Białystok
Jagiellonia Białystok,jagiellonia-bialystok,Semedo E.,lisandro-pedro-varela-semedo,radomiak-radom,2023/24,past_season_other_club,92,last_token_exact | last_token_slugstyle | token_overlap_ascii:semedo | token_overlap_slug:semedo,Lisandro SemedoRadomiak Radom
Jagiellonia Białystok,jagiellonia-bialystok,Skrzypczak M.,mateusz-skrzypczak,jagiellonia-bialystok,2023/24,past_season_same_club,107,exact_nonfirst_ascii | exact_nonfirst_slugstyle | last_token_exact | last_token_slugstyle | token_overlap_ascii:skrzypczak | token_overlap_slug:skrzypczak | sim>=0.92:1.000 | initial_match | same_club_bonus,Mateusz SkrzypczakJagiellonia Białystok
Jagiellonia Białystok,jagiellonia-bialystok,Skrzypczak M.,mateusz-skrzypczak,jagiellonia-bialystok,2024/25,same_season_same_club,107,exact_nonfirst_ascii | exact_nonfirst_slugstyle | last_token_exact | last_token_slugstyle | token_overlap_ascii:skrzypczak | token_overlap_slug:skrzypczak | sim>=0.92:1.000 | initial_match | same_club_bonus,Mateusz SkrzypczakJagiellonia Białystok
Jagiellonia Białystok,jagiellonia-bialystok,Skrzypczak M.,oskar-krzyzak,warta-poznan,2023/24,past_season_other_club,78,sim>=0.78:0.824,Oskar KrzyżakWarta Poznań
Jagiellonia Białystok,jagiellonia-bialystok,Stojinović D.,dusan-stojinovic,jagiellonia-bialystok,2025/26,future_season_same_club,109,exact_nonfirst_ascii | exact_nonfirst_slugstyle | last_token_exact | last_token_slugstyle | token_overlap_ascii:stojinovic | token_overlap_slug:stojinovic | sim>=0.92:1.000 | initial_match | same_club_bonus,Dušan StojinovićJagiellonia Białystok
Jagiellonia Białystok,jagiellonia-bialystok,Stojinović D.,dusan-stojinovic,jagiellonia-bialystok,2023/24,past_season_same_club,107,exact_nonfirst_ascii | exact_nonfirst_slugstyle | last_token_exact | last_token_slugstyle | token_overlap_ascii:stojinovic | token_overlap_slug:stojinovic | sim>=0.92:1.000 | initial_match | same_club_bonus,Dušan StojinovićJagiellonia Białystok
Jagiellonia Białystok,jagiellonia-bialystok,Stojinović D.,dusan-stojinovic,jagiellonia-bialystok,2024/25,same_season_same_club,107,exact_nonfirst_ascii | exact_nonfirst_slugstyle | last_token_exact | last_token_slugstyle | token_overlap_ascii:stojinovic | token_overlap_slug:stojinovic | sim>=0.92:1.000 | initial_match | same_club_bonus,Dušan StojinovićJagiellonia Białystok
Jagiellonia Białystok,jagiellonia-bialystok,Stryjek M.,maksymilian-stryjek,jagiellonia-bialystok,2024/25,same_season_same_club,107,exact_nonfirst_ascii | exact_nonfirst_slugstyle | last_token_exact | last_token_slugstyle | token_overlap_ascii:stryjek | token_overlap_slug:stryjek | sim>=0.92:1.000 | initial_match | same_club_bonus,Maksymilian StryjekJagiellonia Białystok
Jagiellonia Białystok,jagiellonia-bialystok,Wojtuszek N.,norbert-wojtuszek,jagiellonia-bialystok,2025/26,future_season_same_club,109,exact_nonfirst_ascii | exact_nonfirst_slugstyle | last_token_exact | last_token_slugstyle | token_overlap_ascii:wojtuszek | token_overlap_slug:wojtuszek | sim>=0.92:1.000 | initial_match | same_club_bonus,Norbert WojtuszekJagiellonia Białystok
Jagiellonia Białystok,jagiellonia-bialystok,Wojtuszek N.,norbert-wojtuszek,jagiellonia-bialystok,2024/25,same_season_same_club,107,exact_nonfirst_ascii | exact_nonfirst_slugstyle | last_token_exact | last_token_slugstyle | token_overlap_ascii:wojtuszek | token_overlap_slug:wojtuszek | sim>=0.92:1.000 | initial_match | same_club_bonus,Norbert WojtuszekJagiellonia Białystok
Jagiellonia Białystok,jagiellonia-bialystok,Wojtuszek N.,norbert-wojtuszek,gornik-zabrze,2023/24,past_season_other_club,104,exact_nonfirst_ascii | exact_nonfirst_slugstyle | last_token_exact | last_token_slugstyle | token_overlap_ascii:wojtuszek | token_overlap_slug:wojtuszek | sim>=0.92:1.000 | initial_match,Norbert WojtuszekGórnik Zabrze
Korona Kielce,korona-kielce,Bąk D.,daniel-bak,korona-kielce,2023/24,past_season_same_club,107,exact_nonfirst_ascii | exact_nonfirst_slugstyle | last_token_exact | last_token_slugstyle | sim>=0.92:1.000 | initial_match | same_club_bonus,Daniel BąkKorona Kielce
Korona Kielce,korona-kielce,Bąk D.,daniel-bak,korona-kielce,2024/25,same_season_same_club,107,exact_nonfirst_ascii | exact_nonfirst_slugstyle | last_token_exact | last_token_slugstyle | sim>=0.92:1.000 | initial_match | same_club_bonus,Daniel BąkKorona Kielce
Korona Kielce,korona-kielce,Bąk D.,makana-baku,legia-warszawa,2023/24,past_season_other_club,84,sim>=0.85:0.857,Makana Nsimba BakuLegia Warszawa
Korona Kielce,korona-kielce,Błanik D.,dawid-banik,korona-kielce,2025/26,future_season_same_club,109,exact_nonfirst_slugstyle | last_token_slugstyle | token_overlap_slug:banik | sim>=0.85:0.909 | initial_match | same_club_bonus,Dawid BłanikKorona Kielce
Korona Kielce,korona-kielce,Błanik D.,dawid-banik,korona-kielce,2023/24,past_season_same_club,107,exact_nonfirst_slugstyle | last_token_slugstyle | token_overlap_slug:banik | sim>=0.85:0.909 | initial_match | same_club_bonus,Dawid BłanikKorona Kielce
Korona Kielce,korona-kielce,Błanik D.,dawid-banik,korona-kielce,2024/25,same_season_same_club,107,exact_nonfirst_slugstyle | last_token_slugstyle | token_overlap_slug:banik | sim>=0.85:0.909 | initial_match | same_club_bonus,Dawid BłanikKorona Kielce
Korona Kielce,korona-kielce,Chojecki A.,adam-chojecki,korona-kielce,2024/25,same_season_same_club,107,exact_nonfirst_ascii | exact_nonfirst_slugstyle | last_token_exact | last_token_slugstyle | token_overlap_ascii:chojecki | token_overlap_slug:chojecki | sim>=0.92:1.000 | initial_match | same_club_bonus,Adam ChojeckiKorona Kielce
Korona Kielce,korona-kielce,Ciszek K.,konrad-ciszek,korona-kielce,2025/26,future_season_same_club,109,exact_nonfirst_ascii | exact_nonfirst_slugstyle | last_token_exact | last_token_slugstyle | token_overlap_ascii:ciszek | token_overlap_slug:ciszek | sim>=0.92:1.000 | initial_match | same_club_bonus,Konrad CiszekKorona Kielce
Korona Kielce,korona-kielce,Ciszek K.,konrad-ciszek,korona-kielce,2024/25,same_season_same_club,107,exact_nonfirst_ascii | exact_nonfirst_slugstyle | last_token_exact | last_token_slugstyle | token_overlap_ascii:ciszek | token_overlap_slug:ciszek | sim>=0.92:1.000 | initial_match | same_club_bonus,Konrad CiszekKorona Kielce
Korona Kielce,korona-kielce,Dalmau A.,adrian-dalmau-vaquer,korona-kielce,2023/24,past_season_same_club,93,token_overlap_ascii:dalmau | token_overlap_slug:dalmau | initial_match | same_club_bonus,Adrián Dalmau VaquerKorona Kielce
Korona Kielce,korona-kielce,Dalmau A.,adrian-dalmau-vaquer,korona-kielce,2024/25,same_season_same_club,93,token_overlap_ascii:dalmau | token_overlap_slug:dalmau | initial_match | same_club_bonus,Adrián Dalmau VaquerKorona Kielce
Korona Kielce,korona-kielce,Dziekoński X.,xavier-dziekonski,korona-kielce,2025/26,future_season_same_club,109,exact_nonfirst_ascii | exact_nonfirst_slugstyle | last_token_exact | last_token_slugstyle | token_overlap_ascii:dziekonski | token_overlap_slug:dziekonski | sim>=0.92:1.000 | initial_match | same_club_bonus,Xavier DziekońskiKorona Kielce
Korona Kielce,korona-kielce,Dziekoński X.,xavier-dziekonski,korona-kielce,2023/24,past_season_same_club,107,exact_nonfirst_ascii | exact_nonfirst_slugstyle | last_token_exact | last_token_slugstyle | token_overlap_ascii:dziekonski | token_overlap_slug:dziekonski | sim>=0.92:1.000 | initial_match | same_club_bonus,Xavier DziekońskiKorona Kielce
Korona Kielce,korona-kielce,Dziekoński X.,xavier-dziekonski,korona-kielce,2024/25,same_season_same_club,107,exact_nonfirst_ascii | exact_nonfirst_slugstyle | last_token_exact | last_token_slugstyle | token_overlap_ascii:dziekonski | token_overlap_slug:dziekonski | sim>=0.92:1.000 | initial_match | same_club_bonus,Xavier DziekońskiKorona Kielce
Korona Kielce,korona-kielce,Długosz W.,wiktor-dugosz,korona-kielce,2025/26,future_season_same_club,109,exact_nonfirst_slugstyle | last_token_slugstyle | token_overlap_slug:dugosz | sim>=0.92:0.923 | initial_match | same_club_bonus,Wiktor DługoszKorona Kielce
Korona Kielce,korona-kielce,Długosz W.,wiktor-dugosz,korona-kielce,2024/25,same_season_same_club,107,exact_nonfirst_slugstyle | last_token_slugstyle | token_overlap_slug:dugosz | sim>=0.92:0.923 | initial_match | same_club_bonus,Wiktor DługoszKorona Kielce
Korona Kielce,korona-kielce,Długosz W.,wiktor-dugosz,ruch-chorzow,2023/24,past_season_other_club,104,exact_nonfirst_slugstyle | last_token_slugstyle | token_overlap_slug:dugosz | sim>=0.92:0.923 | initial_match,Wiktor DługoszRuch Chorzów
Korona Kielce,korona-kielce,Fornalczyk M.,mariusz-fornalczyk,korona-kielce,2024/25,same_season_same_club,107,exact_nonfirst_ascii | exact_nonfirst_slugstyle | last_token_exact | last_token_slugstyle | token_overlap_ascii:fornalczyk | token_overlap_slug:fornalczyk | sim>=0.92:1.000 | initial_match | same_club_bonus,Mariusz FornalczykKorona Kielce
Korona Kielce,korona-kielce,Fornalczyk M.,mariusz-fornalczyk,pogon-szczecin,2023/24,past_season_other_club,104,exact_nonfirst_ascii | exact_nonfirst_slugstyle | last_token_exact | last_token_slugstyle | token_overlap_ascii:fornalczyk | token_overlap_slug:fornalczyk | sim>=0.92:1.000 | initial_match,Mariusz FornalczykPogoń Szczecin
Korona Kielce,korona-kielce,Godinho M.,marcus-godinho,korona-kielce,2023/24,past_season_same_club,107,exact_nonfirst_ascii | exact_nonfirst_slugstyle | last_token_exact | last_token_slugstyle | token_overlap_ascii:godinho | token_overlap_slug:godinho | sim>=0.92:1.000 | initial_match | same_club_bonus,Marcus Valdez Pereira GodinhoKorona Kielce
Korona Kielce,korona-kielce,Godinho M.,marcus-godinho,korona-kielce,2024/25,same_season_same_club,107,exact_nonfirst_ascii | exact_nonfirst_slugstyle | last_token_exact | last_token_slugstyle | token_overlap_ascii:godinho | token_overlap_slug:godinho | sim>=0.92:1.000 | initial_match | same_club_bonus,Marcus Valdez Pereira GodinhoKorona Kielce
Korona Kielce,korona-kielce,Hofmayster Y.,yoav-hofmeister,korona-kielce,2023/24,past_season_same_club,85,sim>=0.78:0.800 | initial_match | same_club_bonus,Yoav HofmeisterKorona Kielce
Korona Kielce,korona-kielce,Hofmayster Y.,yoav-hofmeister,korona-kielce,2024/25,same_season_same_club,85,sim>=0.78:0.800 | initial_match | same_club_bonus,Yoav HofmeisterKorona Kielce
Korona Kielce,korona-kielce,Kamiński W.,wojciech-kaminski,korona-kielce,2025/26,future_season_same_club,109,exact_nonfirst_ascii | exact_nonfirst_slugstyle | last_token_exact | last_token_slugstyle | token_overlap_ascii:kaminski | token_overlap_slug:kaminski | sim>=0.92:1.000 | initial_match | same_club_bonus,Wojciech KamińskiKorona Kielce
Korona Kielce,korona-kielce,Kamiński W.,wojciech-kaminski,korona-kielce,2024/25,same_season_same_club,107,exact_nonfirst_ascii | exact_nonfirst_slugstyle | last_token_exact | last_token_slugstyle | token_overlap_ascii:kaminski | token_overlap_slug:kaminski | sim>=0.92:1.000 | initial_match | same_club_bonus,Wojciech KamińskiKorona Kielce
Korona Kielce,korona-kielce,Kamiński W.,wiktor-kaminski,warta-poznan,2023/24,past_season_other_club,104,exact_nonfirst_ascii | exact_nonfirst_slugstyle | last_token_exact | last_token_slugstyle | token_overlap_ascii:kaminski | token_overlap_slug:kaminski | sim>=0.92:1.000 | initial_match,Wiktor KamińskiWarta Poznań
Korona Kielce,korona-kielce,Kamiński W.,krzysztof-kaminski,ruch-chorzow,2023/24,past_season_other_club,100,exact_nonfirst_ascii | exact_nonfirst_slugstyle | last_token_exact | last_token_slugstyle | token_overlap_ascii:kaminski | token_overlap_slug:kaminski | sim>=0.92:1.000,Krzysztof KamińskiRuch Chorzów
Korona Kielce,korona-kielce,Konstantyn J.,jakub-konstantyn,korona-kielce,2023/24,past_season_same_club,107,exact_nonfirst_ascii | exact_nonfirst_slugstyle | last_token_exact | last_token_slugstyle | token_overlap_ascii:konstantyn | token_overlap_slug:konstantyn | sim>=0.92:1.000 | initial_match | same_club_bonus,Jakub KonstantynKorona Kielce
Korona Kielce,korona-kielce,Konstantyn J.,jakub-konstantyn,korona-kielce,2024/25,same_season_same_club,107,exact_nonfirst_ascii | exact_nonfirst_slugstyle | last_token_exact | last_token_slugstyle | token_overlap_ascii:konstantyn | token_overlap_slug:konstantyn | sim>=0.92:1.000 | initial_match | same_club_bonus,Jakub KonstantynKorona Kielce
Korona Kielce,korona-kielce,Kosmicki I.,igor-kosmicki,korona-kielce,2024/25,same_season_same_club,107,exact_nonfirst_ascii | exact_nonfirst_slugstyle | last_token_exact | last_token_slugstyle | token_overlap_ascii:kosmicki | token_overlap_slug:kosmicki | sim>=0.92:1.000 | initial_match | same_club_bonus,Igor KośmickiKorona Kielce
Korona Kielce,korona-kielce,Kowalski J.,jakub-ukowski,korona-kielce,2023/24,past_season_same_club,85,sim>=0.78:0.800 | initial_match | same_club_bonus,Jakub ŁukowskiKorona Kielce
Korona Kielce,korona-kielce,Kowalski J.,micha-walski,puszcza-niepolomice,2023/24,past_season_other_club,84,sim>=0.85:0.857,Michał WalskiPuszcza Niepołomice
Korona Kielce,korona-kielce,Kowalski J.,mateusz-kochalski,stal-mielec,2023/24,past_season_other_club,78,sim>=0.78:0.824,Mateusz KochalskiStal Mielec
Korona Kielce,korona-kielce,Malarczyk P.,piotr-malarczyk,korona-kielce,2023/24,past_season_same_club,107,exact_nonfirst_ascii | exact_nonfirst_slugstyle | last_token_exact | last_token_slugstyle | token_overlap_ascii:malarczyk | token_overlap_slug:malarczyk | sim>=0.92:1.000 | initial_match | same_club_bonus,Piotr Kamil MalarczykKorona Kielce
Korona Kielce,korona-kielce,Malarczyk P.,piotr-malarczyk,korona-kielce,2024/25,same_season_same_club,107,exact_nonfirst_ascii | exact_nonfirst_slugstyle | last_token_exact | last_token_slugstyle | token_overlap_ascii:malarczyk | token_overlap_slug:malarczyk | sim>=0.92:1.000 | initial_match | same_club_bonus,Piotr Kamil MalarczykKorona Kielce
Korona Kielce,korona-kielce,Malarczyk P.,bartomiej-smolarczyk,korona-kielce,2025/26,future_season_same_club,83,sim>=0.78:0.842 | same_club_bonus,Bartłomiej SmolarczykKorona Kielce
Korona Kielce,korona-kielce,Malarczyk P.,bartomiej-smolarczyk,korona-kielce,2024/25,same_season_same_club,81,sim>=0.78:0.842 | same_club_bonus,Bartłomiej SmolarczykKorona Kielce
Korona Kielce,korona-kielce,Mamla R.,rafa-mamla,korona-kielce,2024/25,same_season_same_club,107,exact_nonfirst_ascii | exact_nonfirst_slugstyle | last_token_exact | last_token_slugstyle | token_overlap_ascii:mamla | token_overlap_slug:mamla | sim>=0.92:1.000 | initial_match | same_club_bonus,Rafał MamlaKorona Kielce
Korona Kielce,korona-kielce,Matuszewski K.,konrad-matuszewski,korona-kielce,2025/26,future_season_same_club,109,exact_nonfirst_ascii | exact_nonfirst_slugstyle | last_token_exact | last_token_slugstyle | token_overlap_ascii:matuszewski | token_overlap_slug:matuszewski | sim>=0.92:1.000 | initial_match | same_club_bonus,Konrad MatuszewskiKorona Kielce
Korona Kielce,korona-kielce,Matuszewski K.,konrad-matuszewski,korona-kielce,2024/25,same_season_same_club,107,exact_nonfirst_ascii | exact_nonfirst_slugstyle | last_token_exact | last_token_slugstyle | token_overlap_ascii:matuszewski | token_overlap_slug:matuszewski | sim>=0.92:1.000 | initial_match | same_club_bonus,Konrad MatuszewskiKorona Kielce
Korona Kielce,korona-kielce,Matuszewski K.,konrad-matuszewski,warta-poznan,2023/24,past_season_other_club,104,exact_nonfirst_ascii | exact_nonfirst_slugstyle | last_token_exact | last_token_slugstyle | token_overlap_ascii:matuszewski | token_overlap_slug:matuszewski | sim>=0.92:1.000 | initial_match,Konrad MatuszewskiWarta Poznań
Korona Kielce,korona-kielce,Matuszewski K.,mateusz-egowski,pogon-szczecin,2023/24,past_season_other_club,84,sim>=0.85:0.880,Mateusz Jacek ŁęgowskiPogoń Szczecin
Korona Kielce,korona-kielce,Nagamatsu S.,shuma-nagamatsu,korona-kielce,2024/25,same_season_same_club,107,exact_nonfirst_ascii | exact_nonfirst_slugstyle | last_token_exact | last_token_slugstyle | token_overlap_ascii:nagamatsu | token_overlap_slug:nagamatsu | sim>=0.92:1.000 | initial_match | same_club_bonus,Shuma NagamatsuKorona Kielce
Korona Kielce,korona-kielce,Pedro N.,pedro-nuno-fernandes-ferreira,korona-kielce,2024/25,same_season_same_club,89,token_overlap_ascii:pedro | token_overlap_slug:pedro | same_club_bonus,Pedro NunoKorona Kielce
Korona Kielce,korona-kielce,Pedro N.,joao-pedro-da-costa-gamboa,pogon-szczecin,2023/24,past_season_other_club,86,token_overlap_ascii:pedro | token_overlap_slug:pedro,João GamboaPogoń Szczecin
Korona Kielce,korona-kielce,Pedro N.,lisandro-pedro-varela-semedo,radomiak-radom,2023/24,past_season_other_club,86,token_overlap_ascii:pedro | token_overlap_slug:pedro,Lisandro SemedoRadomiak Radom
Korona Kielce,korona-kielce,Pedro N.,pedro-henrique-alves-de-almeida,radomiak-radom,2023/24,past_season_other_club,86,token_overlap_ascii:pedro | token_overlap_slug:pedro,Pedro HenriqueRadomiak Radom
Korona Kielce,korona-kielce,Pięczek M.,marcel-pieczek,korona-kielce,2025/26,future_season_same_club,109,exact_nonfirst_ascii | exact_nonfirst_slugstyle | last_token_exact | last_token_slugstyle | token_overlap_ascii:pieczek | token_overlap_slug:pieczek | sim>=0.92:1.000 | initial_match | same_club_bonus,Marcel PięczekKorona Kielce
Korona Kielce,korona-kielce,Pięczek M.,marcel-pieczek,korona-kielce,2024/25,same_season_same_club,107,exact_nonfirst_ascii | exact_nonfirst_slugstyle | last_token_exact | last_token_slugstyle | token_overlap_ascii:pieczek | token_overlap_slug:pieczek | sim>=0.92:1.000 | initial_match | same_club_bonus,Marcel PięczekKorona Kielce
Korona Kielce,korona-kielce,Pięczek M.,marcel-pieczek,puszcza-niepolomice,2023/24,past_season_other_club,104,exact_nonfirst_ascii | exact_nonfirst_slugstyle | last_token_exact | last_token_slugstyle | token_overlap_ascii:pieczek | token_overlap_slug:pieczek | sim>=0.92:1.000 | initial_match,Marcel PięczekPuszcza Niepołomice
Korona Kielce,korona-kielce,Remacle M.,martin-christophe-jannick-remacle,korona-kielce,2025/26,future_season_same_club,101,last_token_exact | last_token_slugstyle | token_overlap_ascii:remacle | token_overlap_slug:remacle | initial_match | same_club_bonus,Martin Christophe Jannick RemacleKorona Kielce
Korona Kielce,korona-kielce,Remacle M.,martin-christophe-jannick-remacle,korona-kielce,2023/24,past_season_same_club,99,last_token_exact | last_token_slugstyle | token_overlap_ascii:remacle | token_overlap_slug:remacle | initial_match | same_club_bonus,Martin Christophe Jannick RemacleKorona Kielce
Korona Kielce,korona-kielce,Remacle M.,martin-christophe-jannick-remacle,korona-kielce,2024/25,same_season_same_club,99,last_token_exact | last_token_slugstyle | token_overlap_ascii:remacle | token_overlap_slug:remacle | initial_match | same_club_bonus,Martin Christophe Jannick RemacleKorona Kielce
Korona Kielce,korona-kielce,Resta P.,pau-resta-tell,korona-kielce,2025/26,future_season_same_club,95,token_overlap_ascii:resta | token_overlap_slug:resta | initial_match | same_club_bonus,Pau Resta TellKorona Kielce
Korona Kielce,korona-kielce,Resta P.,pau-resta-tell,korona-kielce,2024/25,same_season_same_club,93,token_overlap_ascii:resta | token_overlap_slug:resta | initial_match | same_club_bonus,Pau Resta TellKorona Kielce
Korona Kielce,korona-kielce,Shikavka Y.,evgeni-shikavka,korona-kielce,2023/24,past_season_same_club,103,exact_nonfirst_ascii | exact_nonfirst_slugstyle | last_token_exact | last_token_slugstyle | token_overlap_ascii:shikavka | token_overlap_slug:shikavka | sim>=0.92:1.000 | same_club_bonus,Evgeni ShikavkaKorona Kielce
Korona Kielce,korona-kielce,Shikavka Y.,evgeni-shikavka,korona-kielce,2024/25,same_season_same_club,103,exact_nonfirst_ascii | exact_nonfirst_slugstyle | last_token_exact | last_token_slugstyle | token_overlap_ascii:shikavka | token_overlap_slug:shikavka | sim>=0.92:1.000 | same_club_bonus,Evgeni ShikavkaKorona Kielce
Korona Kielce,korona-kielce,Smolarczyk B.,bartomiej-smolarczyk,korona-kielce,2025/26,future_season_same_club,109,exact_nonfirst_ascii | exact_nonfirst_slugstyle | last_token_exact | last_token_slugstyle | token_overlap_ascii:smolarczyk | token_overlap_slug:smolarczyk | sim>=0.92:1.000 | initial_match | same_club_bonus,Bartłomiej SmolarczykKorona Kielce
Korona Kielce,korona-kielce,Smolarczyk B.,bartomiej-smolarczyk,korona-kielce,2024/25,same_season_same_club,107,exact_nonfirst_ascii | exact_nonfirst_slugstyle | last_token_exact | last_token_slugstyle | token_overlap_ascii:smolarczyk | token_overlap_slug:smolarczyk | sim>=0.92:1.000 | initial_match | same_club_bonus,Bartłomiej SmolarczykKorona Kielce
Korona Kielce,korona-kielce,Smolarczyk B.,piotr-malarczyk,korona-kielce,2023/24,past_season_same_club,81,sim>=0.78:0.842 | same_club_bonus,Piotr Kamil MalarczykKorona Kielce
Korona Kielce,korona-kielce,Smolarczyk B.,piotr-malarczyk,korona-kielce,2024/25,same_season_same_club,81,sim>=0.78:0.842 | same_club_bonus,Piotr Kamil MalarczykKorona Kielce
Korona Kielce,korona-kielce,Sotiriou K.,konstantinos-sotiriou,korona-kielce,2025/26,future_season_same_club,109,exact_nonfirst_ascii | exact_nonfirst_slugstyle | last_token_exact | last_token_slugstyle | token_overlap_ascii:sotiriou | token_overlap_slug:sotiriou | sim>=0.92:1.000 | initial_match | same_club_bonus,Konstantinos SotiriouKorona Kielce
Korona Kielce,korona-kielce,Sotiriou K.,konstantinos-sotiriou,korona-kielce,2024/25,same_season_same_club,107,exact_nonfirst_ascii | exact_nonfirst_slugstyle | last_token_exact | last_token_slugstyle | token_overlap_ascii:sotiriou | token_overlap_slug:sotiriou | sim>=0.92:1.000 | initial_match | same_club_bonus,Konstantinos SotiriouKorona Kielce
Korona Kielce,korona-kielce,Strzebonski M.,miosz-strzebonski,korona-kielce,2025/26,future_season_same_club,109,exact_nonfirst_ascii | exact_nonfirst_slugstyle | last_token_exact | last_token_slugstyle | token_overlap_ascii:strzebonski | token_overlap_slug:strzebonski | sim>=0.92:1.000 | initial_match | same_club_bonus,Miłosz StrzebońskiKorona Kielce
Korona Kielce,korona-kielce,Strzebonski M.,miosz-strzebonski,korona-kielce,2023/24,past_season_same_club,107,exact_nonfirst_ascii | exact_nonfirst_slugstyle | last_token_exact | last_token_slugstyle | token_overlap_ascii:strzebonski | token_overlap_slug:strzebonski | sim>=0.92:1.000 | initial_match | same_club_bonus,Miłosz StrzebońskiKorona Kielce
Korona Kielce,korona-kielce,Strzebonski M.,miosz-strzebonski,korona-kielce,2024/25,same_season_same_club,107,exact_nonfirst_ascii | exact_nonfirst_slugstyle | last_token_exact | last_token_slugstyle | token_overlap_ascii:strzebonski | token_overlap_slug:strzebonski | sim>=0.92:1.000 | initial_match | same_club_bonus,Miłosz StrzebońskiKorona Kielce
Korona Kielce,korona-kielce,Strzebonski M.,dennis-jastrzembski,slask-wroclaw,2023/24,past_season_other_club,78,sim>=0.78:0.783,Dennis JastrzembskiŚląsk Wrocław
Korona Kielce,korona-kielce,Trojak M.,miosz-trojak,korona-kielce,2023/24,past_season_same_club,107,exact_nonfirst_ascii | exact_nonfirst_slugstyle | last_token_exact | last_token_slugstyle | token_overlap_ascii:trojak | token_overlap_slug:trojak | sim>=0.92:1.000 | initial_match | same_club_bonus,Miłosz TrojakKorona Kielce
Korona Kielce,korona-kielce,Trojak M.,miosz-trojak,korona-kielce,2024/25,same_season_same_club,107,exact_nonfirst_ascii | exact_nonfirst_slugstyle | last_token_exact | last_token_slugstyle | token_overlap_ascii:trojak | token_overlap_slug:trojak | sim>=0.92:1.000 | initial_match | same_club_bonus,Miłosz TrojakKorona Kielce
Korona Kielce,korona-kielce,Zator D.,dominick-lukasz-zator,korona-kielce,2023/24,past_season_same_club,99,last_token_exact | last_token_slugstyle | token_overlap_ascii:zator | token_overlap_slug:zator | initial_match | same_club_bonus,Dominick Lukasz ZatorKorona Kielce
Korona Kielce,korona-kielce,Zator D.,dominick-lukasz-zator,korona-kielce,2024/25,same_season_same_club,99,last_token_exact | last_token_slugstyle | token_overlap_ascii:zator | token_overlap_slug:zator | initial_match | same_club_bonus,Dominick Lukasz ZatorKorona Kielce
Korona Kielce,korona-kielce,Zwoźny H.,hubert-zwozny,korona-kielce,2025/26,future_season_same_club,109,exact_nonfirst_ascii | exact_nonfirst_slugstyle | last_token_exact | last_token_slugstyle | token_overlap_ascii:zwozny | token_overlap_slug:zwozny | sim>=0.92:1.000 | initial_match | same_club_bonus,Hubert ZwoźnyKorona Kielce
Korona Kielce,korona-kielce,Zwoźny H.,hubert-zwozny,korona-kielce,2024/25,same_season_same_club,107,exact_nonfirst_ascii | exact_nonfirst_slugstyle | last_token_exact | last_token_slugstyle | token_overlap_ascii:zwozny | token_overlap_slug:zwozny | sim>=0.92:1.000 | initial_match | same_club_bonus,Hubert ZwoźnyKorona Kielce
Lech Poznań,lech-poznan,Andersson E.,nils-erik-elias-andersson,lech-poznan,2023/24,past_season_same_club,95,last_token_exact | last_token_slugstyle | token_overlap_ascii:andersson | token_overlap_slug:andersson | same_club_bonus,Nils Erik Elias AnderssonLech Poznań
Lech Poznań,lech-poznan,Andersson E.,nils-erik-elias-andersson,lech-poznan,2024/25,same_season_same_club,95,last_token_exact | last_token_slugstyle | token_overlap_ascii:andersson | token_overlap_slug:andersson | same_club_bonus,Nils Erik Elias AnderssonLech Poznań
Lech Poznań,lech-poznan,Ba Loua A.,adriel-ba-loua,lech-poznan,2023/24,past_season_same_club,107,exact_nonfirst_ascii | exact_nonfirst_slugstyle | last_token_exact | last_token_slugstyle | token_overlap_ascii:loua | token_overlap_slug:loua | sim>=0.92:1.000 | initial_match | same_club_bonus,Adriel D'Avila Ba LouaLech Poznań
Lech Poznań,lech-poznan,Ba Loua A.,adriel-ba-loua,lech-poznan,2024/25,same_season_same_club,107,exact_nonfirst_ascii | exact_nonfirst_slugstyle | last_token_exact | last_token_slugstyle | token_overlap_ascii:loua | token_overlap_slug:loua | sim>=0.92:1.000 | initial_match | same_club_bonus,Adriel D'Avila Ba LouaLech Poznań
Lech Poznań,lech-poznan,Bednarek F.,filip-bednarek,lech-poznan,2023/24,past_season_same_club,107,exact_nonfirst_ascii | exact_nonfirst_slugstyle | last_token_exact | last_token_slugstyle | token_overlap_ascii:bednarek | token_overlap_slug:bednarek | sim>=0.92:1.000 | initial_match | same_club_bonus,Filip BednarekLech Poznań
Lech Poznań,lech-poznan,Carstensen R.,rasmus-carstensen,lech-poznan,2024/25,same_season_same_club,107,exact_nonfirst_ascii | exact_nonfirst_slugstyle | last_token_exact | last_token_slugstyle | token_overlap_ascii:carstensen | token_overlap_slug:carstensen | sim>=0.92:1.000 | initial_match | same_club_bonus,Rasmus Bjerregaard CarstensenLech Poznań
Lech Poznań,lech-poznan,Douglas A.,alex-raymond-douglas,lech-poznan,2025/26,future_season_same_club,101,last_token_exact | last_token_slugstyle | token_overlap_ascii:douglas | token_overlap_slug:douglas | initial_match | same_club_bonus,Alex Raymond DouglasLech Poznań
Lech Poznań,lech-poznan,Douglas A.,alex-raymond-douglas,lech-poznan,2024/25,same_season_same_club,99,last_token_exact | last_token_slugstyle | token_overlap_ascii:douglas | token_overlap_slug:douglas | initial_match | same_club_bonus,Alex Raymond DouglasLech Poznań
Lech Poznań,lech-poznan,Dudek S.,sammy-dudek,lech-poznan,2025/26,future_season_same_club,109,exact_nonfirst_ascii | exact_nonfirst_slugstyle | last_token_exact | last_token_slugstyle | token_overlap_ascii:dudek | token_overlap_slug:dudek | sim>=0.92:1.000 | initial_match | same_club_bonus,Sammy DudekLech Poznań
Lech Poznań,lech-poznan,Dudek S.,sammy-dudek,lech-poznan,2024/25,same_season_same_club,107,exact_nonfirst_ascii | exact_nonfirst_slugstyle | last_token_exact | last_token_slugstyle | token_overlap_ascii:dudek | token_overlap_slug:dudek | sim>=0.92:1.000 | initial_match | same_club_bonus,Sammy DudekLech Poznań
Lech Poznań,lech-poznan,Fiabema B.,bryan-benjamin-solhaug-fiabema,lech-poznan,2025/26,future_season_same_club,101,last_token_exact | last_token_slugstyle | token_overlap_ascii:fiabema | token_overlap_slug:fiabema | initial_match | same_club_bonus,Bryan Benjamin Solhaug FiabemaLech Poznań
Lech Poznań,lech-poznan,Fiabema B.,bryan-benjamin-solhaug-fiabema,lech-poznan,2024/25,same_season_same_club,99,last_token_exact | last_token_slugstyle | token_overlap_ascii:fiabema | token_overlap_slug:fiabema | initial_match | same_club_bonus,Bryan Benjamin Solhaug FiabemaLech Poznań
Lech Poznań,lech-poznan,Gholizadeh A.,ali-gholizadeh-nojedeh,lech-poznan,2025/26,future_season_same_club,95,token_overlap_ascii:gholizadeh | token_overlap_slug:gholizadeh | initial_match | same_club_bonus,Ali Gholizadeh NojedehLech Poznań
Lech Poznań,lech-poznan,Gholizadeh A.,ali-gholizadeh-nojedeh,lech-poznan,2023/24,past_season_same_club,93,token_overlap_ascii:gholizadeh | token_overlap_slug:gholizadeh | initial_match | same_club_bonus,Ali Gholizadeh NojedehLech Poznań
Lech Poznań,lech-poznan,Gholizadeh A.,ali-gholizadeh-nojedeh,lech-poznan,2024/25,same_season_same_club,93,token_overlap_ascii:gholizadeh | token_overlap_slug:gholizadeh | initial_match | same_club_bonus,Ali Gholizadeh NojedehLech Poznań
Lech Poznań,lech-poznan,Gonzalez M.,mario-gonzalez,lech-poznan,2024/25,same_season_same_club,107,exact_nonfirst_ascii | exact_nonfirst_slugstyle | last_token_exact | last_token_slugstyle | token_overlap_ascii:gonzalez | token_overlap_slug:gonzalez | sim>=0.92:1.000 | initial_match | same_club_bonus,Mario GonzálezLech Poznań
Lech Poznań,lech-poznan,Gonzalez M.,david-gonzalez-plata,korona-kielce,2023/24,past_season_other_club,86,token_overlap_ascii:gonzalez | token_overlap_slug:gonzalez,NonoKorona Kielce
Lech Poznań,lech-poznan,Gurgul M.,micha-gurgul,lech-poznan,2025/26,future_season_same_club,109,exact_nonfirst_ascii | exact_nonfirst_slugstyle | last_token_exact | last_token_slugstyle | token_overlap_ascii:gurgul | token_overlap_slug:gurgul | sim>=0.92:1.000 | initial_match | same_club_bonus,Michał GurgulLech Poznań
Lech Poznań,lech-poznan,Gurgul M.,micha-gurgul,lech-poznan,2023/24,past_season_same_club,107,exact_nonfirst_ascii | exact_nonfirst_slugstyle | last_token_exact | last_token_slugstyle | token_overlap_ascii:gurgul | token_overlap_slug:gurgul | sim>=0.92:1.000 | initial_match | same_club_bonus,Michał GurgulLech Poznań
Lech Poznań,lech-poznan,Gurgul M.,micha-gurgul,lech-poznan,2024/25,same_season_same_club,107,exact_nonfirst_ascii | exact_nonfirst_slugstyle | last_token_exact | last_token_slugstyle | token_overlap_ascii:gurgul | token_overlap_slug:gurgul | sim>=0.92:1.000 | initial_match | same_club_bonus,Michał GurgulLech Poznań
Lech Poznań,lech-poznan,Hakans D.,daniel-noel-mikael-hakans,lech-poznan,2025/26,future_season_same_club,101,last_token_exact | last_token_slugstyle | token_overlap_ascii:hakans | token_overlap_slug:hakans | initial_match | same_club_bonus,Daniel Noel Mikael HåkansLech Poznań
Lech Poznań,lech-poznan,Hakans D.,daniel-noel-mikael-hakans,lech-poznan,2024/25,same_season_same_club,99,last_token_exact | last_token_slugstyle | token_overlap_ascii:hakans | token_overlap_slug:hakans | initial_match | same_club_bonus,Daniel Noel Mikael HåkansLech Poznań
Lech Poznań,lech-poznan,Hoffmann I.,ian-jakob-hoffmann,lech-poznan,2024/25,same_season_same_club,99,last_token_exact | last_token_slugstyle | token_overlap_ascii:hoffmann | token_overlap_slug:hoffmann | initial_match | same_club_bonus,Ian Jakob HoffmannLech Poznań
Lech Poznań,lech-poznan,Ishak M.,mikael-ishak,lech-poznan,2025/26,future_season_same_club,109,exact_nonfirst_ascii | exact_nonfirst_slugstyle | last_token_exact | last_token_slugstyle | token_overlap_ascii:ishak | token_overlap_slug:ishak | sim>=0.92:1.000 | initial_match | same_club_bonus,Mikael IshakLech Poznań
Lech Poznań,lech-poznan,Ishak M.,mikael-ishak,lech-poznan,2023/24,past_season_same_club,107,exact_nonfirst_ascii | exact_nonfirst_slugstyle | last_token_exact | last_token_slugstyle | token_overlap_ascii:ishak | token_overlap_slug:ishak | sim>=0.92:1.000 | initial_match | same_club_bonus,Mikael IshakLech Poznań
Lech Poznań,lech-poznan,Ishak M.,mikael-ishak,lech-poznan,2024/25,same_season_same_club,107,exact_nonfirst_ascii | exact_nonfirst_slugstyle | last_token_exact | last_token_slugstyle | token_overlap_ascii:ishak | token_overlap_slug:ishak | sim>=0.92:1.000 | initial_match | same_club_bonus,Mikael IshakLech Poznań
Lech Poznań,lech-poznan,Jagiełło F.,filip-wojciech-jagieo,lech-poznan,2025/26,future_season_same_club,101,last_token_slugstyle | token_overlap_slug:jagieo | initial_match | same_club_bonus,Filip Wojciech JagiełłoLech Poznań
Lech Poznań,lech-poznan,Jagiełło F.,filip-wojciech-jagieo,lech-poznan,2024/25,same_season_same_club,99,last_token_slugstyle | token_overlap_slug:jagieo | initial_match | same_club_bonus,Filip Wojciech JagiełłoLech Poznań
Lech Poznań,lech-poznan,Karlstrom J.,jesper-karlstrom,lech-poznan,2023/24,past_season_same_club,107,exact_nonfirst_ascii | exact_nonfirst_slugstyle | last_token_exact | last_token_slugstyle | token_overlap_ascii:karlstrom | token_overlap_slug:karlstrom | sim>=0.92:1.000 | initial_match | same_club_bonus,Jesper Kewe KarlströmLech Poznań
Lech Poznań,lech-poznan,Karlstrom J.,jesper-karlstrom,lech-poznan,2024/25,same_season_same_club,107,exact_nonfirst_ascii | exact_nonfirst_slugstyle | last_token_exact | last_token_slugstyle | token_overlap_ascii:karlstrom | token_overlap_slug:karlstrom | sim>=0.92:1.000 | initial_match | same_club_bonus,Jesper Kewe KarlströmLech Poznań
Lech Poznań,lech-poznan,Kozubal A.,antoni-kozubal,lech-poznan,2025/26,future_season_same_club,109,exact_nonfirst_ascii | exact_nonfirst_slugstyle | last_token_exact | last_token_slugstyle | token_overlap_ascii:kozubal | token_overlap_slug:kozubal | sim>=0.92:1.000 | initial_match | same_club_bonus,Antoni KozubalLech Poznań
Lech Poznań,lech-poznan,Kozubal A.,antoni-kozubal,lech-poznan,2024/25,same_season_same_club,107,exact_nonfirst_ascii | exact_nonfirst_slugstyle | last_token_exact | last_token_slugstyle | token_overlap_ascii:kozubal | token_overlap_slug:kozubal | sim>=0.92:1.000 | initial_match | same_club_bonus,Antoni KozubalLech Poznań
Lech Poznań,lech-poznan,Lisman K.,kornel-lisman,lech-poznan,2025/26,future_season_same_club,109,exact_nonfirst_ascii | exact_nonfirst_slugstyle | last_token_exact | last_token_slugstyle | token_overlap_ascii:lisman | token_overlap_slug:lisman | sim>=0.92:1.000 | initial_match | same_club_bonus,Kornel LismanLech Poznań
Lech Poznań,lech-poznan,Lisman K.,kornel-lisman,lech-poznan,2024/25,same_season_same_club,107,exact_nonfirst_ascii | exact_nonfirst_slugstyle | last_token_exact | last_token_slugstyle | token_overlap_ascii:lisman | token_overlap_slug:lisman | sim>=0.92:1.000 | initial_match | same_club_bonus,Kornel LismanLech Poznań
Lech Poznań,lech-poznan,Loncar S.,stjepan-loncar,lech-poznan,2024/25,same_season_same_club,107,exact_nonfirst_ascii | exact_nonfirst_slugstyle | last_token_exact | last_token_slugstyle | token_overlap_ascii:loncar | token_overlap_slug:loncar | sim>=0.92:1.000 | initial_match | same_club_bonus,Stjepan LončarLech Poznań
Lech Poznań,lech-poznan,Loncar S.,danijel-loncar,pogon-szczecin,2023/24,past_season_other_club,100,exact_nonfirst_ascii | exact_nonfirst_slugstyle | last_token_exact | last_token_slugstyle | token_overlap_ascii:loncar | token_overlap_slug:loncar | sim>=0.92:1.000,Danijel LončarPogoń Szczecin
Lech Poznań,lech-poznan,Milic A.,antonio-milic,lech-poznan,2025/26,future_season_same_club,109,exact_nonfirst_ascii | exact_nonfirst_slugstyle | last_token_exact | last_token_slugstyle | token_overlap_ascii:milic | token_overlap_slug:milic | sim>=0.92:1.000 | initial_match | same_club_bonus,Antonio MilićLech Poznań
Lech Poznań,lech-poznan,Milic A.,antonio-milic,lech-poznan,2023/24,past_season_same_club,107,exact_nonfirst_ascii | exact_nonfirst_slugstyle | last_token_exact | last_token_slugstyle | token_overlap_ascii:milic | token_overlap_slug:milic | sim>=0.92:1.000 | initial_match | same_club_bonus,Antonio MilićLech Poznań
Lech Poznań,lech-poznan,Milic A.,antonio-milic,lech-poznan,2024/25,same_season_same_club,107,exact_nonfirst_ascii | exact_nonfirst_slugstyle | last_token_exact | last_token_slugstyle | token_overlap_ascii:milic | token_overlap_slug:milic | sim>=0.92:1.000 | initial_match | same_club_bonus,Antonio MilićLech Poznań
Lech Poznań,lech-poznan,Monka W.,wojciech-monka,lech-poznan,2025/26,future_season_same_club,109,exact_nonfirst_ascii | exact_nonfirst_slugstyle | last_token_exact | last_token_slugstyle | token_overlap_ascii:monka | token_overlap_slug:monka | sim>=0.92:1.000 | initial_match | same_club_bonus,Wojciech MońkaLech Poznań
Lech Poznań,lech-poznan,Monka W.,wojciech-monka,lech-poznan,2024/25,same_season_same_club,107,exact_nonfirst_ascii | exact_nonfirst_slugstyle | last_token_exact | last_token_slugstyle | token_overlap_ascii:monka | token_overlap_slug:monka | sim>=0.92:1.000 | initial_match | same_club_bonus,Wojciech MońkaLech Poznań
Lech Poznań,lech-poznan,Monka W.,tomasz-mokwa,piast-gliwice,2023/24,past_season_other_club,78,sim>=0.78:0.800,Tomasz MokwaPiast Gliwice
Lech Poznań,lech-poznan,Mrozek B.,bartosz-mrozek,lech-poznan,2025/26,future_season_same_club,109,exact_nonfirst_ascii | exact_nonfirst_slugstyle | last_token_exact | last_token_slugstyle | token_overlap_ascii:mrozek | token_overlap_slug:mrozek | sim>=0.92:1.000 | initial_match | same_club_bonus,Bartosz MrozekLech Poznań
Lech Poznań,lech-poznan,Mrozek B.,bartosz-mrozek,lech-poznan,2023/24,past_season_same_club,107,exact_nonfirst_ascii | exact_nonfirst_slugstyle | last_token_exact | last_token_slugstyle | token_overlap_ascii:mrozek | token_overlap_slug:mrozek | sim>=0.92:1.000 | initial_match | same_club_bonus,Bartosz MrozekLech Poznań
Lech Poznań,lech-poznan,Mrozek B.,bartosz-mrozek,lech-poznan,2024/25,same_season_same_club,107,exact_nonfirst_ascii | exact_nonfirst_slugstyle | last_token_exact | last_token_slugstyle | token_overlap_ascii:mrozek | token_overlap_slug:mrozek | sim>=0.92:1.000 | initial_match | same_club_bonus,Bartosz MrozekLech Poznań
Lech Poznań,lech-poznan,Mrozek B.,marek-mroz,zagebie-lubin,2023/24,past_season_other_club,78,sim>=0.78:0.800,Marek MrózKGHM Zagłębie Lubin
Lech Poznań,lech-poznan,Murawski R.,radosaw-pawe-murawski,lech-poznan,2025/26,future_season_same_club,101,last_token_exact | last_token_slugstyle | token_overlap_ascii:murawski | token_overlap_slug:murawski | sim>=0.78:0.800 | initial_match | same_club_bonus,Radosław Paweł MurawskiLech Poznań
Lech Poznań,lech-poznan,Murawski R.,radosaw-pawe-murawski,lech-poznan,2023/24,past_season_same_club,99,last_token_exact | last_token_slugstyle | token_overlap_ascii:murawski | token_overlap_slug:murawski | sim>=0.78:0.800 | initial_match | same_club_bonus,Radosław Paweł MurawskiLech Poznań
Lech Poznań,lech-poznan,Murawski R.,radosaw-pawe-murawski,lech-poznan,2024/25,same_season_same_club,99,last_token_exact | last_token_slugstyle | token_overlap_ascii:murawski | token_overlap_slug:murawski | sim>=0.78:0.800 | initial_match | same_club_bonus,Radosław Paweł MurawskiLech Poznań
Lech Poznań,lech-poznan,Murawski R.,maciej-zurawski,warta-poznan,2023/24,past_season_other_club,84,sim>=0.85:0.875,Maciej Stanisław ŻurawskiWarta Poznań
Lech Poznań,lech-poznan,Pereira J.,joel-vieira-pereira,lech-poznan,2025/26,future_season_same_club,101,last_token_exact | last_token_slugstyle | token_overlap_ascii:pereira | token_overlap_slug:pereira | initial_match | same_club_bonus,Joel PereiraLech Poznań
Lech Poznań,lech-poznan,Pereira J.,joel-vieira-pereira,lech-poznan,2023/24,past_season_same_club,99,last_token_exact | last_token_slugstyle | token_overlap_ascii:pereira | token_overlap_slug:pereira | initial_match | same_club_bonus,Joel PereiraLech Poznań
Lech Poznań,lech-poznan,Pereira J.,joel-vieira-pereira,lech-poznan,2024/25,same_season_same_club,99,last_token_exact | last_token_slugstyle | token_overlap_ascii:pereira | token_overlap_slug:pereira | initial_match | same_club_bonus,Joel PereiraLech Poznań
Lech Poznań,lech-poznan,Pereira J.,leandro-rossi-pereira,radomiak-radom,2023/24,past_season_other_club,92,last_token_exact | last_token_slugstyle | token_overlap_ascii:pereira | token_overlap_slug:pereira,LeândroRadomiak Radom
Lech Poznań,lech-poznan,Pingot M.,maksymilian-pingot,lech-poznan,2024/25,same_season_same_club,107,exact_nonfirst_ascii | exact_nonfirst_slugstyle | last_token_exact | last_token_slugstyle | token_overlap_ascii:pingot | token_overlap_slug:pingot | sim>=0.92:1.000 | initial_match | same_club_bonus,Maksymilian PingotLech Poznań
Lech Poznań,lech-poznan,Pingot M.,maksymilian-pingot,stal-mielec,2023/24,past_season_other_club,104,exact_nonfirst_ascii | exact_nonfirst_slugstyle | last_token_exact | last_token_slugstyle | token_overlap_ascii:pingot | token_overlap_slug:pingot | sim>=0.92:1.000 | initial_match,Maksymilian PingotStal Mielec
Lech Poznań,lech-poznan,Salamon B.,bartosz-salamon,lech-poznan,2023/24,past_season_same_club,107,exact_nonfirst_ascii | exact_nonfirst_slugstyle | last_token_exact | last_token_slugstyle | token_overlap_ascii:salamon | token_overlap_slug:salamon | sim>=0.92:1.000 | initial_match | same_club_bonus,Bartosz SalamonLech Poznań
Lech Poznań,lech-poznan,Salamon B.,bartosz-salamon,lech-poznan,2024/25,same_season_same_club,107,exact_nonfirst_ascii | exact_nonfirst_slugstyle | last_token_exact | last_token_slugstyle | token_overlap_ascii:salamon | token_overlap_slug:salamon | sim>=0.92:1.000 | initial_match | same_club_bonus,Bartosz SalamonLech Poznań
Lech Poznań,lech-poznan,Sousa A.,afonso-gamelas-de-pinho-sousa,lech-poznan,2023/24,past_season_same_club,99,last_token_exact | last_token_slugstyle | token_overlap_ascii:sousa | token_overlap_slug:sousa | initial_match | same_club_bonus,Afonso SousaLech Poznań
Lech Poznań,lech-poznan,Sousa A.,afonso-gamelas-de-pinho-sousa,lech-poznan,2024/25,same_season_same_club,99,last_token_exact | last_token_slugstyle | token_overlap_ascii:sousa | token_overlap_slug:sousa | initial_match | same_club_bonus,Afonso SousaLech Poznań
Lech Poznań,lech-poznan,Szymczak F.,filip-szymczak,lech-poznan,2025/26,future_season_same_club,109,exact_nonfirst_ascii | exact_nonfirst_slugstyle | last_token_exact | last_token_slugstyle | token_overlap_ascii:szymczak | token_overlap_slug:szymczak | sim>=0.92:1.000 | initial_match | same_club_bonus,Filip SzymczakLech Poznań
Lech Poznań,lech-poznan,Szymczak F.,filip-szymczak,lech-poznan,2023/24,past_season_same_club,107,exact_nonfirst_ascii | exact_nonfirst_slugstyle | last_token_exact | last_token_slugstyle | token_overlap_ascii:szymczak | token_overlap_slug:szymczak | sim>=0.92:1.000 | initial_match | same_club_bonus,Filip SzymczakLech Poznań
Lech Poznań,lech-poznan,Velde K.,kristoffer-velde,lech-poznan,2023/24,past_season_same_club,107,exact_nonfirst_ascii | exact_nonfirst_slugstyle | last_token_exact | last_token_slugstyle | token_overlap_ascii:velde | token_overlap_slug:velde | sim>=0.92:1.000 | initial_match | same_club_bonus,Kristoffer VeldeLech Poznań
Lech Poznań,lech-poznan,Velde K.,kristoffer-velde,lech-poznan,2024/25,same_season_same_club,107,exact_nonfirst_ascii | exact_nonfirst_slugstyle | last_token_exact | last_token_slugstyle | token_overlap_ascii:velde | token_overlap_slug:velde | sim>=0.92:1.000 | initial_match | same_club_bonus,Kristoffer VeldeLech Poznań
Lech Poznań,lech-poznan,Walemark P.,jens-patrik-walemark,lech-poznan,2025/26,future_season_same_club,97,last_token_exact | last_token_slugstyle | token_overlap_ascii:walemark | token_overlap_slug:walemark | same_club_bonus,Jens Patrik WålemarkLech Poznań
Lech Poznań,lech-poznan,Walemark P.,jens-patrik-walemark,lech-poznan,2024/25,same_season_same_club,95,last_token_exact | last_token_slugstyle | token_overlap_ascii:walemark | token_overlap_slug:walemark | same_club_bonus,Jens Patrik WålemarkLech Poznań
Lechia Gdańsk,lechia-gdansk,Bobcek T.,tomas-bobcek,lechia-gdansk,2025/26,future_season_same_club,109,exact_nonfirst_ascii | exact_nonfirst_slugstyle | last_token_exact | last_token_slugstyle | token_overlap_ascii:bobcek | token_overlap_slug:bobcek | sim>=0.92:1.000 | initial_match | same_club_bonus,Tomáš BobčekLechia Gdańsk
Lechia Gdańsk,lechia-gdansk,Bobcek T.,tomas-bobcek,lechia-gdansk,2024/25,same_season_same_club,107,exact_nonfirst_ascii | exact_nonfirst_slugstyle | last_token_exact | last_token_slugstyle | token_overlap_ascii:bobcek | token_overlap_slug:bobcek | sim>=0.92:1.000 | initial_match | same_club_bonus,Tomáš BobčekLechia Gdańsk
Lechia Gdańsk,lechia-gdansk,Bobcek T.,aleksander-bobek,lks-lodz,2023/24,past_season_other_club,84,sim>=0.85:0.909,Aleksander BobekŁKS Łódź
Lechia Gdańsk,lechia-gdansk,Buletsa S.,serhii-buletsa,lechia-gdansk,2024/25,same_season_same_club,107,exact_nonfirst_ascii | exact_nonfirst_slugstyle | last_token_exact | last_token_slugstyle | token_overlap_ascii:buletsa | token_overlap_slug:buletsa | sim>=0.92:1.000 | initial_match | same_club_bonus,Serhii BuletsaLechia Gdańsk
Lechia Gdańsk,lechia-gdansk,Buletsa S.,serhii-buletsa,zagebie-lubin,2023/24,past_season_other_club,104,exact_nonfirst_ascii | exact_nonfirst_slugstyle | last_token_exact | last_token_slugstyle | token_overlap_ascii:buletsa | token_overlap_slug:buletsa | sim>=0.92:1.000 | initial_match,Serhii BuletsaKGHM Zagłębie Lubin
Lechia Gdańsk,lechia-gdansk,Chindris A.,andrei-chindris,lechia-gdansk,2024/25,same_season_same_club,107,exact_nonfirst_ascii | exact_nonfirst_slugstyle | last_token_exact | last_token_slugstyle | token_overlap_ascii:chindris | token_overlap_slug:chindris | sim>=0.92:1.000 | initial_match | same_club_bonus,Andrei ChindrişLechia Gdańsk
Lechia Gdańsk,lechia-gdansk,Gueho L.,loup-diwan-gueho,lechia-gdansk,2024/25,same_season_same_club,99,last_token_exact | last_token_slugstyle | token_overlap_ascii:gueho | token_overlap_slug:gueho | initial_match | same_club_bonus,Loup-Diwan GuéhoLechia Gdańsk
Lechia Gdańsk,lechia-gdansk,Gutowski K.,jakub-ukowski,korona-kielce,2023/24,past_season_other_club,78,sim>=0.78:0.800,Jakub ŁukowskiKorona Kielce
Lechia Gdańsk,lechia-gdansk,Gutowski K.,mateusz-egowski,pogon-szczecin,2023/24,past_season_other_club,78,sim>=0.78:0.800,Mateusz Jacek ŁęgowskiPogoń Szczecin
Lechia Gdańsk,lechia-gdansk,Głogowski M.,micha-gogowski,lechia-gdansk,2025/26,future_season_same_club,109,exact_nonfirst_slugstyle | last_token_slugstyle | token_overlap_slug:gogowski | sim>=0.92:0.941 | initial_match | same_club_bonus,Michał GłogowskiLechia Gdańsk
Lechia Gdańsk,lechia-gdansk,Głogowski M.,micha-gogowski,lechia-gdansk,2024/25,same_season_same_club,107,exact_nonfirst_slugstyle | last_token_slugstyle | token_overlap_slug:gogowski | sim>=0.92:0.941 | initial_match | same_club_bonus,Michał GłogowskiLechia Gdańsk
Lechia Gdańsk,lechia-gdansk,Kapić R.,rifet-kapic,lechia-gdansk,2025/26,future_season_same_club,109,exact_nonfirst_ascii | exact_nonfirst_slugstyle | last_token_exact | last_token_slugstyle | token_overlap_ascii:kapic | token_overlap_slug:kapic | sim>=0.92:1.000 | initial_match | same_club_bonus,Rifet KapičLechia Gdańsk
Lechia Gdańsk,lechia-gdansk,Kapić R.,rifet-kapic,lechia-gdansk,2024/25,same_season_same_club,107,exact_nonfirst_ascii | exact_nonfirst_slugstyle | last_token_exact | last_token_slugstyle | token_overlap_ascii:kapic | token_overlap_slug:kapic | sim>=0.92:1.000 | initial_match | same_club_bonus,Rifet KapičLechia Gdańsk
Lechia Gdańsk,lechia-gdansk,Kardas A.,adam-kardas,lechia-gdansk,2024/25,same_season_same_club,107,exact_nonfirst_ascii | exact_nonfirst_slugstyle | last_token_exact | last_token_slugstyle | token_overlap_ascii:kardas | token_overlap_slug:kardas | sim>=0.92:1.000 | initial_match | same_club_bonus,Adam KardaśLechia Gdańsk
Lechia Gdańsk,lechia-gdansk,Kałahur M.,miosz-kaahur,lechia-gdansk,2025/26,future_season_same_club,109,exact_nonfirst_slugstyle | last_token_slugstyle | token_overlap_slug:kaahur | sim>=0.92:0.923 | initial_match | same_club_bonus,Miłosz KałahurLechia Gdańsk
Lechia Gdańsk,lechia-gdansk,Kałahur M.,miosz-kaahur,lechia-gdansk,2024/25,same_season_same_club,107,exact_nonfirst_slugstyle | last_token_slugstyle | token_overlap_slug:kaahur | sim>=0.92:0.923 | initial_match | same_club_bonus,Miłosz KałahurLechia Gdańsk
Lechia Gdańsk,lechia-gdansk,Khlan M.,maksym-khlan,lechia-gdansk,2024/25,same_season_same_club,107,exact_nonfirst_ascii | exact_nonfirst_slugstyle | last_token_exact | last_token_slugstyle | token_overlap_ascii:khlan | token_overlap_slug:khlan | sim>=0.92:1.000 | initial_match | same_club_bonus,Maksym KhlanLechia Gdańsk
Lechia Gdańsk,lechia-gdansk,Mena C.,camilo-andres-mena-marquez,lechia-gdansk,2025/26,future_season_same_club,95,token_overlap_ascii:mena | token_overlap_slug:mena | initial_match | same_club_bonus,Camilo Andrés Mena MárquezLechia Gdańsk
Lechia Gdańsk,lechia-gdansk,Mena C.,camilo-andres-mena-marquez,lechia-gdansk,2024/25,same_season_same_club,93,token_overlap_ascii:mena | token_overlap_slug:mena | initial_match | same_club_bonus,Camilo Andrés Mena MárquezLechia Gdańsk
Lechia Gdańsk,lechia-gdansk,Neugebauer T.,tomasz-neugebauer,lechia-gdansk,2025/26,future_season_same_club,109,exact_nonfirst_ascii | exact_nonfirst_slugstyle | last_token_exact | last_token_slugstyle | token_overlap_ascii:neugebauer | token_overlap_slug:neugebauer | sim>=0.92:1.000 | initial_match | same_club_bonus,Tomasz NeugebauerLechia Gdańsk
Lechia Gdańsk,lechia-gdansk,Neugebauer T.,tomasz-neugebauer,lechia-gdansk,2024/25,same_season_same_club,107,exact_nonfirst_ascii | exact_nonfirst_slugstyle | last_token_exact | last_token_slugstyle | token_overlap_ascii:neugebauer | token_overlap_slug:neugebauer | sim>=0.92:1.000 | initial_match | same_club_bonus,Tomasz NeugebauerLechia Gdańsk
Lechia Gdańsk,lechia-gdansk,Olsson E.,elias-oskar-olsson,lechia-gdansk,2025/26,future_season_same_club,101,last_token_exact | last_token_slugstyle | token_overlap_ascii:olsson | token_overlap_slug:olsson | initial_match | same_club_bonus,Elias Oskar OlssonLechia Gdańsk
Lechia Gdańsk,lechia-gdansk,Olsson E.,elias-oskar-olsson,lechia-gdansk,2024/25,same_season_same_club,99,last_token_exact | last_token_slugstyle | token_overlap_ascii:olsson | token_overlap_slug:olsson | initial_match | same_club_bonus,Elias Oskar OlssonLechia Gdańsk
Lechia Gdańsk,lechia-gdansk,Piła D.,dominik-pia,lechia-gdansk,2024/25,same_season_same_club,107,exact_nonfirst_slugstyle | last_token_slugstyle | sim>=0.85:0.857 | initial_match | same_club_bonus,Dominik PiłaLechia Gdańsk
Lechia Gdańsk,lechia-gdansk,Pllana B.,bujar-pllana,lechia-gdansk,2025/26,future_season_same_club,109,exact_nonfirst_ascii | exact_nonfirst_slugstyle | last_token_exact | last_token_slugstyle | token_overlap_ascii:pllana | token_overlap_slug:pllana | sim>=0.92:1.000 | initial_match | same_club_bonus,Bujar PllanaLechia Gdańsk
Lechia Gdańsk,lechia-gdansk,Pllana B.,bujar-pllana,lechia-gdansk,2024/25,same_season_same_club,107,exact_nonfirst_ascii | exact_nonfirst_slugstyle | last_token_exact | last_token_slugstyle | token_overlap_ascii:pllana | token_overlap_slug:pllana | sim>=0.92:1.000 | initial_match | same_club_bonus,Bujar PllanaLechia Gdańsk
Lechia Gdańsk,lechia-gdansk,Sarnavskyi B.,bohdan-sarnavskyi,lechia-gdansk,2025/26,future_season_same_club,109,exact_nonfirst_ascii | exact_nonfirst_slugstyle | last_token_exact | last_token_slugstyle | token_overlap_ascii:sarnavskyi | token_overlap_slug:sarnavskyi | sim>=0.92:1.000 | initial_match | same_club_bonus,Bohdan SarnavskyiLechia Gdańsk
Lechia Gdańsk,lechia-gdansk,Sarnavskyi B.,bohdan-sarnavskyi,lechia-gdansk,2024/25,same_season_same_club,107,exact_nonfirst_ascii | exact_nonfirst_slugstyle | last_token_exact | last_token_slugstyle | token_overlap_ascii:sarnavskyi | token_overlap_slug:sarnavskyi | sim>=0.92:1.000 | initial_match | same_club_bonus,Bohdan SarnavskyiLechia Gdańsk
Lechia Gdańsk,lechia-gdansk,Sezonienko K.,kacper-sezonienko,lechia-gdansk,2025/26,future_season_same_club,109,exact_nonfirst_ascii | exact_nonfirst_slugstyle | last_token_exact | last_token_slugstyle | token_overlap_ascii:sezonienko | token_overlap_slug:sezonienko | sim>=0.92:1.000 | initial_match | same_club_bonus,Kacper SezonienkoLechia Gdańsk
Lechia Gdańsk,lechia-gdansk,Sezonienko K.,kacper-sezonienko,lechia-gdansk,2024/25,same_season_same_club,107,exact_nonfirst_ascii | exact_nonfirst_slugstyle | last_token_exact | last_token_slugstyle | token_overlap_ascii:sezonienko | token_overlap_slug:sezonienko | sim>=0.92:1.000 | initial_match | same_club_bonus,Kacper SezonienkoLechia Gdańsk
Lechia Gdańsk,lechia-gdansk,Tsarenko A.,anton-tsarenko,lechia-gdansk,2025/26,future_season_same_club,109,exact_nonfirst_ascii | exact_nonfirst_slugstyle | last_token_exact | last_token_slugstyle | token_overlap_ascii:tsarenko | token_overlap_slug:tsarenko | sim>=0.92:1.000 | initial_match | same_club_bonus,Anton TsarenkoLechia Gdańsk
Lechia Gdańsk,lechia-gdansk,Tsarenko A.,anton-tsarenko,lechia-gdansk,2024/25,same_season_same_club,107,exact_nonfirst_ascii | exact_nonfirst_slugstyle | last_token_exact | last_token_slugstyle | token_overlap_ascii:tsarenko | token_overlap_slug:tsarenko | sim>=0.92:1.000 | initial_match | same_club_bonus,Anton TsarenkoLechia Gdańsk
Lechia Gdańsk,lechia-gdansk,Viunnyk B.,bohdan-viunnyk,lechia-gdansk,2025/26,future_season_same_club,109,exact_nonfirst_ascii | exact_nonfirst_slugstyle | last_token_exact | last_token_slugstyle | token_overlap_ascii:viunnyk | token_overlap_slug:viunnyk | sim>=0.92:1.000 | initial_match | same_club_bonus,Bohdan ViunnykLechia Gdańsk
Lechia Gdańsk,lechia-gdansk,Viunnyk B.,bohdan-viunnyk,lechia-gdansk,2024/25,same_season_same_club,107,exact_nonfirst_ascii | exact_nonfirst_slugstyle | last_token_exact | last_token_slugstyle | token_overlap_ascii:viunnyk | token_overlap_slug:viunnyk | sim>=0.92:1.000 | initial_match | same_club_bonus,Bohdan ViunnykLechia Gdańsk
Lechia Gdańsk,lechia-gdansk,Weirauch S.,szymon-weirauch,lechia-gdansk,2025/26,future_season_same_club,109,exact_nonfirst_ascii | exact_nonfirst_slugstyle | last_token_exact | last_token_slugstyle | token_overlap_ascii:weirauch | token_overlap_slug:weirauch | sim>=0.92:1.000 | initial_match | same_club_bonus,Szymon WeirauchLechia Gdańsk
Lechia Gdańsk,lechia-gdansk,Weirauch S.,szymon-weirauch,lechia-gdansk,2024/25,same_season_same_club,107,exact_nonfirst_ascii | exact_nonfirst_slugstyle | last_token_exact | last_token_slugstyle | token_overlap_ascii:weirauch | token_overlap_slug:weirauch | sim>=0.92:1.000 | initial_match | same_club_bonus,Szymon WeirauchLechia Gdańsk
Lechia Gdańsk,lechia-gdansk,Weirauch S.,szymon-weirauch,zagebie-lubin,2023/24,past_season_other_club,104,exact_nonfirst_ascii | exact_nonfirst_slugstyle | last_token_exact | last_token_slugstyle | token_overlap_ascii:weirauch | token_overlap_slug:weirauch | sim>=0.92:1.000 | initial_match,Szymon WeirauchKGHM Zagłębie Lubin
Lechia Gdańsk,lechia-gdansk,Wendt K.,karl-sydney-wendt,lechia-gdansk,2024/25,same_season_same_club,99,last_token_exact | last_token_slugstyle | token_overlap_ascii:wendt | token_overlap_slug:wendt | initial_match | same_club_bonus,Karl Sydney WendtLechia Gdańsk
Lechia Gdańsk,lechia-gdansk,Wójtowicz T.,tomasz-wojtowicz,lechia-gdansk,2025/26,future_season_same_club,109,exact_nonfirst_ascii | exact_nonfirst_slugstyle | last_token_exact | last_token_slugstyle | token_overlap_ascii:wojtowicz | token_overlap_slug:wojtowicz | sim>=0.92:1.000 | initial_match | same_club_bonus,Tomasz WójtowiczLechia Gdańsk
Lechia Gdańsk,lechia-gdansk,Wójtowicz T.,tomasz-wojtowicz,lechia-gdansk,2024/25,same_season_same_club,107,exact_nonfirst_ascii | exact_nonfirst_slugstyle | last_token_exact | last_token_slugstyle | token_overlap_ascii:wojtowicz | token_overlap_slug:wojtowicz | sim>=0.92:1.000 | initial_match | same_club_bonus,Tomasz WójtowiczLechia Gdańsk
Lechia Gdańsk,lechia-gdansk,Wójtowicz T.,tomasz-wojtowicz,ruch-chorzow,2023/24,past_season_other_club,104,exact_nonfirst_ascii | exact_nonfirst_slugstyle | last_token_exact | last_token_slugstyle | token_overlap_ascii:wojtowicz | token_overlap_slug:wojtowicz | sim>=0.92:1.000 | initial_match,Tomasz WójtowiczRuch Chorzów
Lechia Gdańsk,lechia-gdansk,Wójtowicz T.,tomasz-wojcinowicz,puszcza-niepolomice,2023/24,past_season_other_club,82,sim>=0.78:0.800 | initial_match,Tomasz WojcinowiczPuszcza Niepołomice
Lechia Gdańsk,lechia-gdansk,Wójtowicz T.,krzysztof-wokowicz,stal-mielec,2023/24,past_season_other_club,78,sim>=0.78:0.824,Krzysztof WołkowiczStal Mielec
Lechia Gdańsk,lechia-gdansk,Zhelizko I.,ivan-zhelizko,lechia-gdansk,2025/26,future_season_same_club,109,exact_nonfirst_ascii | exact_nonfirst_slugstyle | last_token_exact | last_token_slugstyle | token_overlap_ascii:zhelizko | token_overlap_slug:zhelizko | sim>=0.92:1.000 | initial_match | same_club_bonus,Ivan ZhelizkoLechia Gdańsk
Lechia Gdańsk,lechia-gdansk,Zhelizko I.,ivan-zhelizko,lechia-gdansk,2024/25,same_season_same_club,107,exact_nonfirst_ascii | exact_nonfirst_slugstyle | last_token_exact | last_token_slugstyle | token_overlap_ascii:zhelizko | token_overlap_slug:zhelizko | sim>=0.92:1.000 | initial_match | same_club_bonus,Ivan ZhelizkoLechia Gdańsk
Legia Warszawa,legia-warszawa,Alfarela M.,allan-migouel-alfarela,legia-warszawa,2025/26,future_season_same_club,97,last_token_exact | last_token_slugstyle | token_overlap_ascii:alfarela | token_overlap_slug:alfarela | same_club_bonus,Allan Migouel AlfarelaLegia Warszawa
Legia Warszawa,legia-warszawa,Alfarela M.,allan-migouel-alfarela,legia-warszawa,2024/25,same_season_same_club,95,last_token_exact | last_token_slugstyle | token_overlap_ascii:alfarela | token_overlap_slug:alfarela | same_club_bonus,Allan Migouel AlfarelaLegia Warszawa
Legia Warszawa,legia-warszawa,Augustyniak R.,rafa-sylwester-augustyniak,legia-warszawa,2025/26,future_season_same_club,101,last_token_exact | last_token_slugstyle | token_overlap_ascii:augustyniak | token_overlap_slug:augustyniak | initial_match | same_club_bonus,Rafał Sylwester AugustyniakLegia Warszawa
Legia Warszawa,legia-warszawa,Augustyniak R.,rafa-sylwester-augustyniak,legia-warszawa,2023/24,past_season_same_club,99,last_token_exact | last_token_slugstyle | token_overlap_ascii:augustyniak | token_overlap_slug:augustyniak | initial_match | same_club_bonus,Rafał Sylwester AugustyniakLegia Warszawa
Legia Warszawa,legia-warszawa,Augustyniak R.,rafa-sylwester-augustyniak,legia-warszawa,2024/25,same_season_same_club,99,last_token_exact | last_token_slugstyle | token_overlap_ascii:augustyniak | token_overlap_slug:augustyniak | initial_match | same_club_bonus,Rafał Sylwester AugustyniakLegia Warszawa
Legia Warszawa,legia-warszawa,Bichakhchyan V.,vahan-bichakhchyan,legia-warszawa,2025/26,future_season_same_club,109,exact_nonfirst_ascii | exact_nonfirst_slugstyle | last_token_exact | last_token_slugstyle | token_overlap_ascii:bichakhchyan | token_overlap_slug:bichakhchyan | sim>=0.92:1.000 | initial_match | same_club_bonus,Vahan BichakhchyanLegia Warszawa
Legia Warszawa,legia-warszawa,Bichakhchyan V.,vahan-bichakhchyan,legia-warszawa,2024/25,same_season_same_club,107,exact_nonfirst_ascii | exact_nonfirst_slugstyle | last_token_exact | last_token_slugstyle | token_overlap_ascii:bichakhchyan | token_overlap_slug:bichakhchyan | sim>=0.92:1.000 | initial_match | same_club_bonus,Vahan BichakhchyanLegia Warszawa
Legia Warszawa,legia-warszawa,Bichakhchyan V.,vahan-bichakhchyan,pogon-szczecin,2023/24,past_season_other_club,104,exact_nonfirst_ascii | exact_nonfirst_slugstyle | last_token_exact | last_token_slugstyle | token_overlap_ascii:bichakhchyan | token_overlap_slug:bichakhchyan | sim>=0.92:1.000 | initial_match,Vahan BichakhchyanPogoń Szczecin
Legia Warszawa,legia-warszawa,Burch M.,marco-burch,legia-warszawa,2025/26,future_season_same_club,109,exact_nonfirst_ascii | exact_nonfirst_slugstyle | last_token_exact | last_token_slugstyle | token_overlap_ascii:burch | token_overlap_slug:burch | sim>=0.92:1.000 | initial_match | same_club_bonus,Marco BurchLegia Warszawa
Legia Warszawa,legia-warszawa,Burch M.,marco-burch,legia-warszawa,2023/24,past_season_same_club,107,exact_nonfirst_ascii | exact_nonfirst_slugstyle | last_token_exact | last_token_slugstyle | token_overlap_ascii:burch | token_overlap_slug:burch | sim>=0.92:1.000 | initial_match | same_club_bonus,Marco BurchLegia Warszawa
Legia Warszawa,legia-warszawa,Burch M.,marco-burch,legia-warszawa,2024/25,same_season_same_club,107,exact_nonfirst_ascii | exact_nonfirst_slugstyle | last_token_exact | last_token_slugstyle | token_overlap_ascii:burch | token_overlap_slug:burch | sim>=0.92:1.000 | initial_match | same_club_bonus,Marco BurchLegia Warszawa
Legia Warszawa,legia-warszawa,Burch M.,jasmin-buric,zagebie-lubin,2023/24,past_season_other_club,78,sim>=0.78:0.800,Jasmin BurićKGHM Zagłębie Lubin
Legia Warszawa,legia-warszawa,Celhaka J.,jurgen-celhaka,legia-warszawa,2023/24,past_season_same_club,107,exact_nonfirst_ascii | exact_nonfirst_slugstyle | last_token_exact | last_token_slugstyle | token_overlap_ascii:celhaka | token_overlap_slug:celhaka | sim>=0.92:1.000 | initial_match | same_club_bonus,Jurgen ÇelhakaLegia Warszawa
Legia Warszawa,legia-warszawa,Celhaka J.,jurgen-celhaka,legia-warszawa,2024/25,same_season_same_club,107,exact_nonfirst_ascii | exact_nonfirst_slugstyle | last_token_exact | last_token_slugstyle | token_overlap_ascii:celhaka | token_overlap_slug:celhaka | sim>=0.92:1.000 | initial_match | same_club_bonus,Jurgen ÇelhakaLegia Warszawa
Legia Warszawa,legia-warszawa,Chodyna K.,kacper-chodyna,legia-warszawa,2025/26,future_season_same_club,109,exact_nonfirst_ascii | exact_nonfirst_slugstyle | last_token_exact | last_token_slugstyle | token_overlap_ascii:chodyna | token_overlap_slug:chodyna | sim>=0.92:1.000 | initial_match | same_club_bonus,Kacper ChodynaLegia Warszawa
Legia Warszawa,legia-warszawa,Chodyna K.,kacper-chodyna,legia-warszawa,2024/25,same_season_same_club,107,exact_nonfirst_ascii | exact_nonfirst_slugstyle | last_token_exact | last_token_slugstyle | token_overlap_ascii:chodyna | token_overlap_slug:chodyna | sim>=0.92:1.000 | initial_match | same_club_bonus,Kacper ChodynaLegia Warszawa
Legia Warszawa,legia-warszawa,Chodyna K.,kacper-chodyna,zagebie-lubin,2023/24,past_season_other_club,104,exact_nonfirst_ascii | exact_nonfirst_slugstyle | last_token_exact | last_token_slugstyle | token_overlap_ascii:chodyna | token_overlap_slug:chodyna | sim>=0.92:1.000 | initial_match,Kacper ChodynaKGHM Zagłębie Lubin
Legia Warszawa,legia-warszawa,Elitim J.,juergen-farid-elitim-sepulveda,legia-warszawa,2025/26,future_season_same_club,95,token_overlap_ascii:elitim | token_overlap_slug:elitim | initial_match | same_club_bonus,Juergen Farid Elitim SepúlvedaLegia Warszawa
Legia Warszawa,legia-warszawa,Elitim J.,juergen-farid-elitim-sepulveda,legia-warszawa,2023/24,past_season_same_club,93,token_overlap_ascii:elitim | token_overlap_slug:elitim | initial_match | same_club_bonus,Juergen Farid Elitim SepúlvedaLegia Warszawa
Legia Warszawa,legia-warszawa,Elitim J.,juergen-farid-elitim-sepulveda,legia-warszawa,2024/25,same_season_same_club,93,token_overlap_ascii:elitim | token_overlap_slug:elitim | initial_match | same_club_bonus,Juergen Farid Elitim SepúlvedaLegia Warszawa
Legia Warszawa,legia-warszawa,Goncalves C.,joaquim-claude-goncalves-araujo,legia-warszawa,2025/26,future_season_same_club,91,token_overlap_ascii:goncalves | token_overlap_slug:goncalves | same_club_bonus,Claude GonçalvesLegia Warszawa
Legia Warszawa,legia-warszawa,Goncalves C.,joaquim-claude-goncalves-araujo,legia-warszawa,2024/25,same_season_same_club,89,token_overlap_ascii:goncalves | token_overlap_slug:goncalves | same_club_bonus,Claude GonçalvesLegia Warszawa
Legia Warszawa,legia-warszawa,Gual M.,marc-gual-huguet,legia-warszawa,2023/24,past_season_same_club,93,token_overlap_ascii:gual | token_overlap_slug:gual | initial_match | same_club_bonus,Marc Gual HuguetLegia Warszawa
Legia Warszawa,legia-warszawa,Gual M.,marc-gual-huguet,legia-warszawa,2024/25,same_season_same_club,93,token_overlap_ascii:gual | token_overlap_slug:gual | initial_match | same_club_bonus,Marc Gual HuguetLegia Warszawa
Legia Warszawa,legia-warszawa,Jędrzejczyk A.,artur-marcin-jedrzejczyk,legia-warszawa,2025/26,future_season_same_club,101,last_token_exact | last_token_slugstyle | token_overlap_ascii:jedrzejczyk | token_overlap_slug:jedrzejczyk | sim>=0.78:0.786 | initial_match | same_club_bonus,Artur Marcin JędrzejczykLegia Warszawa
Legia Warszawa,legia-warszawa,Jędrzejczyk A.,artur-marcin-jedrzejczyk,legia-warszawa,2023/24,past_season_same_club,99,last_token_exact | last_token_slugstyle | token_overlap_ascii:jedrzejczyk | token_overlap_slug:jedrzejczyk | sim>=0.78:0.786 | initial_match | same_club_bonus,Artur Marcin JędrzejczykLegia Warszawa
Legia Warszawa,legia-warszawa,Jędrzejczyk A.,artur-marcin-jedrzejczyk,legia-warszawa,2024/25,same_season_same_club,99,last_token_exact | last_token_slugstyle | token_overlap_ascii:jedrzejczyk | token_overlap_slug:jedrzejczyk | sim>=0.78:0.786 | initial_match | same_club_bonus,Artur Marcin JędrzejczykLegia Warszawa
Legia Warszawa,legia-warszawa,Kapuadi S.,steve-nkanu-kapuadi,legia-warszawa,2025/26,future_season_same_club,101,last_token_exact | last_token_slugstyle | token_overlap_ascii:kapuadi | token_overlap_slug:kapuadi | initial_match | same_club_bonus,Steve Nkanu KapuadiLegia Warszawa
Legia Warszawa,legia-warszawa,Kapuadi S.,steve-nkanu-kapuadi,legia-warszawa,2023/24,past_season_same_club,99,last_token_exact | last_token_slugstyle | token_overlap_ascii:kapuadi | token_overlap_slug:kapuadi | initial_match | same_club_bonus,Steve Nkanu KapuadiLegia Warszawa
Legia Warszawa,legia-warszawa,Kapuadi S.,steve-nkanu-kapuadi,legia-warszawa,2024/25,same_season_same_club,99,last_token_exact | last_token_slugstyle | token_overlap_ascii:kapuadi | token_overlap_slug:kapuadi | initial_match | same_club_bonus,Steve Nkanu KapuadiLegia Warszawa
Legia Warszawa,legia-warszawa,Kapustka B.,bartosz-kapustka,legia-warszawa,2025/26,future_season_same_club,109,exact_nonfirst_ascii | exact_nonfirst_slugstyle | last_token_exact | last_token_slugstyle | token_overlap_ascii:kapustka | token_overlap_slug:kapustka | sim>=0.92:1.000 | initial_match | same_club_bonus,Bartosz KapustkaLegia Warszawa
Legia Warszawa,legia-warszawa,Kapustka B.,bartosz-kapustka,legia-warszawa,2023/24,past_season_same_club,107,exact_nonfirst_ascii | exact_nonfirst_slugstyle | last_token_exact | last_token_slugstyle | token_overlap_ascii:kapustka | token_overlap_slug:kapustka | sim>=0.92:1.000 | initial_match | same_club_bonus,Bartosz KapustkaLegia Warszawa
Legia Warszawa,legia-warszawa,Kapustka B.,bartosz-kapustka,legia-warszawa,2024/25,same_season_same_club,107,exact_nonfirst_ascii | exact_nonfirst_slugstyle | last_token_exact | last_token_slugstyle | token_overlap_ascii:kapustka | token_overlap_slug:kapustka | sim>=0.92:1.000 | initial_match | same_club_bonus,Bartosz KapustkaLegia Warszawa
Legia Warszawa,legia-warszawa,Kobylak G.,gabriel-kobylak,legia-warszawa,2023/24,past_season_same_club,107,exact_nonfirst_ascii | exact_nonfirst_slugstyle | last_token_exact | last_token_slugstyle | token_overlap_ascii:kobylak | token_overlap_slug:kobylak | sim>=0.92:1.000 | initial_match | same_club_bonus,Gabriel KobylakLegia Warszawa
Legia Warszawa,legia-warszawa,Kobylak G.,gabriel-kobylak,legia-warszawa,2024/25,same_season_same_club,107,exact_nonfirst_ascii | exact_nonfirst_slugstyle | last_token_exact | last_token_slugstyle | token_overlap_ascii:kobylak | token_overlap_slug:kobylak | sim>=0.92:1.000 | initial_match | same_club_bonus,Gabriel KobylakLegia Warszawa
Legia Warszawa,legia-warszawa,Kovačević V.,vladan-kovacevic,legia-warszawa,2024/25,same_season_same_club,97,sim>=0.92:0.941 | initial_match | same_club_bonus,Vladan KovačevićLegia Warszawa
Legia Warszawa,legia-warszawa,Kovačević V.,vladan-kovacevic,rakow-czestochowa,2023/24,past_season_other_club,94,sim>=0.92:0.941 | initial_match,Vladan KovačevićRaków Częstochowa
Legia Warszawa,legia-warszawa,Kovačević V.,adnan-kovacevic,rakow-czestochowa,2023/24,past_season_other_club,90,sim>=0.92:0.941,Adnan KovačevićRaków Częstochowa
Legia Warszawa,legia-warszawa,Kramer B.,blaz-kramer,legia-warszawa,2023/24,past_season_same_club,107,exact_nonfirst_ascii | exact_nonfirst_slugstyle | last_token_exact | last_token_slugstyle | token_overlap_ascii:kramer | token_overlap_slug:kramer | sim>=0.92:1.000 | initial_match | same_club_bonus,Blaž KramerLegia Warszawa
Legia Warszawa,legia-warszawa,Kramer B.,blaz-kramer,legia-warszawa,2024/25,same_season_same_club,107,exact_nonfirst_ascii | exact_nonfirst_slugstyle | last_token_exact | last_token_slugstyle | token_overlap_ascii:kramer | token_overlap_slug:kramer | sim>=0.92:1.000 | initial_match | same_club_bonus,Blaž KramerLegia Warszawa
Legia Warszawa,legia-warszawa,Kucharczyk M.,micha-kucharczyk,legia-warszawa,2024/25,same_season_same_club,107,exact_nonfirst_ascii | exact_nonfirst_slugstyle | last_token_exact | last_token_slugstyle | token_overlap_ascii:kucharczyk | token_overlap_slug:kucharczyk | sim>=0.92:1.000 | initial_match | same_club_bonus,Michał KucharczykLegia Warszawa
Legia Warszawa,legia-warszawa,Kun P.,patryk-kun,legia-warszawa,2025/26,future_season_same_club,109,exact_nonfirst_ascii | exact_nonfirst_slugstyle | last_token_exact | last_token_slugstyle | sim>=0.92:1.000 | initial_match | same_club_bonus,Patryk KunLegia Warszawa
Legia Warszawa,legia-warszawa,Kun P.,patryk-kun,legia-warszawa,2023/24,past_season_same_club,107,exact_nonfirst_ascii | exact_nonfirst_slugstyle | last_token_exact | last_token_slugstyle | sim>=0.92:1.000 | initial_match | same_club_bonus,Patryk KunLegia Warszawa
Legia Warszawa,legia-warszawa,Kun P.,patryk-kun,legia-warszawa,2024/25,same_season_same_club,107,exact_nonfirst_ascii | exact_nonfirst_slugstyle | last_token_exact | last_token_slugstyle | sim>=0.92:1.000 | initial_match | same_club_bonus,Patryk KunLegia Warszawa
Legia Warszawa,legia-warszawa,Kun P.,dominik-kun,widzew-lodz,2023/24,past_season_other_club,100,exact_nonfirst_ascii | exact_nonfirst_slugstyle | last_token_exact | last_token_slugstyle | sim>=0.92:1.000,Dominik KunWidzew Łódź
Legia Warszawa,legia-warszawa,Majchrzak J.,jordan-aleksander-majchrzak,legia-warszawa,2024/25,same_season_same_club,99,last_token_exact | last_token_slugstyle | token_overlap_ascii:majchrzak | token_overlap_slug:majchrzak | initial_match | same_club_bonus,Jordan Aleksander MajchrzakLegia Warszawa
Legia Warszawa,legia-warszawa,Majchrzak J.,jordan-aleksander-majchrzak,puszcza-niepolomice,2023/24,past_season_other_club,96,last_token_exact | last_token_slugstyle | token_overlap_ascii:majchrzak | token_overlap_slug:majchrzak | initial_match,Jordan Aleksander MajchrzakPuszcza Niepołomice
Legia Warszawa,legia-warszawa,Morishita R.,ryoya-morishita,legia-warszawa,2025/26,future_season_same_club,109,exact_nonfirst_ascii | exact_nonfirst_slugstyle | last_token_exact | last_token_slugstyle | token_overlap_ascii:morishita | token_overlap_slug:morishita | sim>=0.92:1.000 | initial_match | same_club_bonus,Ryoya MorishitaLegia Warszawa
Legia Warszawa,legia-warszawa,Morishita R.,ryoya-morishita,legia-warszawa,2023/24,past_season_same_club,107,exact_nonfirst_ascii | exact_nonfirst_slugstyle | last_token_exact | last_token_slugstyle | token_overlap_ascii:morishita | token_overlap_slug:morishita | sim>=0.92:1.000 | initial_match | same_club_bonus,Ryoya MorishitaLegia Warszawa
Legia Warszawa,legia-warszawa,Morishita R.,ryoya-morishita,legia-warszawa,2024/25,same_season_same_club,107,exact_nonfirst_ascii | exact_nonfirst_slugstyle | last_token_exact | last_token_slugstyle | token_overlap_ascii:morishita | token_overlap_slug:morishita | sim>=0.92:1.000 | initial_match | same_club_bonus,Ryoya MorishitaLegia Warszawa
Legia Warszawa,legia-warszawa,Mozie P.,pascal-mozie,legia-warszawa,2024/25,same_season_same_club,107,exact_nonfirst_ascii | exact_nonfirst_slugstyle | last_token_exact | last_token_slugstyle | token_overlap_ascii:mozie | token_overlap_slug:mozie | sim>=0.92:1.000 | initial_match | same_club_bonus,Pascal MozieLegia Warszawa
Legia Warszawa,legia-warszawa,Nsame J.,jean-pierre-junior-nsame,legia-warszawa,2025/26,future_season_same_club,101,last_token_exact | last_token_slugstyle | token_overlap_ascii:nsame | token_overlap_slug:nsame | initial_match | same_club_bonus,Jean-Pierre Junior NsameLegia Warszawa
Legia Warszawa,legia-warszawa,Nsame J.,jean-pierre-junior-nsame,legia-warszawa,2024/25,same_season_same_club,99,last_token_exact | last_token_slugstyle | token_overlap_ascii:nsame | token_overlap_slug:nsame | initial_match | same_club_bonus,Jean-Pierre Junior NsameLegia Warszawa
Legia Warszawa,legia-warszawa,Olewinski O.,oliwier-olewinski,legia-warszawa,2024/25,same_season_same_club,107,exact_nonfirst_ascii | exact_nonfirst_slugstyle | last_token_exact | last_token_slugstyle | token_overlap_ascii:olewinski | token_overlap_slug:olewinski | sim>=0.92:1.000 | initial_match | same_club_bonus,Oliwier OlewińskiLegia Warszawa
Legia Warszawa,legia-warszawa,Pankov R.,radovan-pankov,legia-warszawa,2025/26,future_season_same_club,109,exact_nonfirst_ascii | exact_nonfirst_slugstyle | last_token_exact | last_token_slugstyle | token_overlap_ascii:pankov | token_overlap_slug:pankov | sim>=0.92:1.000 | initial_match | same_club_bonus,Radovan PankovLegia Warszawa
Legia Warszawa,legia-warszawa,Pankov R.,radovan-pankov,legia-warszawa,2023/24,past_season_same_club,107,exact_nonfirst_ascii | exact_nonfirst_slugstyle | last_token_exact | last_token_slugstyle | token_overlap_ascii:pankov | token_overlap_slug:pankov | sim>=0.92:1.000 | initial_match | same_club_bonus,Radovan PankovLegia Warszawa
Legia Warszawa,legia-warszawa,Pankov R.,radovan-pankov,legia-warszawa,2024/25,same_season_same_club,107,exact_nonfirst_ascii | exact_nonfirst_slugstyle | last_token_exact | last_token_slugstyle | token_overlap_ascii:pankov | token_overlap_slug:pankov | sim>=0.92:1.000 | initial_match | same_club_bonus,Radovan PankovLegia Warszawa
Legia Warszawa,legia-warszawa,Pekhart T.,tomas-pekhart,legia-warszawa,2023/24,past_season_same_club,107,exact_nonfirst_ascii | exact_nonfirst_slugstyle | last_token_exact | last_token_slugstyle | token_overlap_ascii:pekhart | token_overlap_slug:pekhart | sim>=0.92:1.000 | initial_match | same_club_bonus,Tomáš PekhartLegia Warszawa
Legia Warszawa,legia-warszawa,Pekhart T.,tomas-pekhart,legia-warszawa,2024/25,same_season_same_club,107,exact_nonfirst_ascii | exact_nonfirst_slugstyle | last_token_exact | last_token_slugstyle | token_overlap_ascii:pekhart | token_overlap_slug:pekhart | sim>=0.92:1.000 | initial_match | same_club_bonus,Tomáš PekhartLegia Warszawa
Legia Warszawa,legia-warszawa,Sergio Barcia,sergio-barcia-laranxeira,legia-warszawa,2024/25,same_season_same_club,89,"token_overlap_ascii:sergio,barcia | token_overlap_slug:sergio,barcia | same_club_bonus",Sergio Barcia LaranxeiraLegia Warszawa
Legia Warszawa,legia-warszawa,Shkurin I.,ilya-shkurin,legia-warszawa,2025/26,future_season_same_club,109,exact_nonfirst_ascii | exact_nonfirst_slugstyle | last_token_exact | last_token_slugstyle | token_overlap_ascii:shkurin | token_overlap_slug:shkurin | sim>=0.92:1.000 | initial_match | same_club_bonus,Ilya ShkurinLegia Warszawa
Legia Warszawa,legia-warszawa,Shkurin I.,ilya-shkurin,legia-warszawa,2024/25,same_season_same_club,107,exact_nonfirst_ascii | exact_nonfirst_slugstyle | last_token_exact | last_token_slugstyle | token_overlap_ascii:shkurin | token_overlap_slug:shkurin | sim>=0.92:1.000 | initial_match | same_club_bonus,Ilya ShkurinLegia Warszawa
Legia Warszawa,legia-warszawa,Shkurin I.,ilya-shkurin,stal-mielec,2023/24,past_season_other_club,104,exact_nonfirst_ascii | exact_nonfirst_slugstyle | last_token_exact | last_token_slugstyle | token_overlap_ascii:shkurin | token_overlap_slug:shkurin | sim>=0.92:1.000 | initial_match,Ilya ShkurinStal Mielec
Legia Warszawa,legia-warszawa,Strzałek I.,igor-strzaek,legia-warszawa,2023/24,past_season_same_club,107,exact_nonfirst_slugstyle | last_token_slugstyle | token_overlap_slug:strzaek | sim>=0.92:0.933 | initial_match | same_club_bonus,Igor StrzałekLegia Warszawa
Legia Warszawa,legia-warszawa,Strzałek I.,igor-strzaek,legia-warszawa,2024/25,same_season_same_club,107,exact_nonfirst_slugstyle | last_token_slugstyle | token_overlap_slug:strzaek | sim>=0.92:0.933 | initial_match | same_club_bonus,Igor StrzałekLegia Warszawa
Legia Warszawa,legia-warszawa,Szczepaniak M.,mateusz-szczepaniak,legia-warszawa,2024/25,same_season_same_club,107,exact_nonfirst_ascii | exact_nonfirst_slugstyle | last_token_exact | last_token_slugstyle | token_overlap_ascii:szczepaniak | token_overlap_slug:szczepaniak | sim>=0.92:1.000 | initial_match | same_club_bonus,Mateusz SzczepaniakLegia Warszawa
Legia Warszawa,legia-warszawa,Szczepaniak M.,kryspin-szczesniak,gornik-zabrze,2023/24,past_season_other_club,84,sim>=0.85:0.857,Kryspin SzcześniakGórnik Zabrze
Legia Warszawa,legia-warszawa,Szczepaniak M.,miosz-szczepanski,piast-gliwice,2023/24,past_season_other_club,82,sim>=0.78:0.818 | initial_match,Miłosz SzczepańskiPiast Gliwice
Legia Warszawa,legia-warszawa,Szczepaniak M.,daniel-szczepan,ruch-chorzow,2023/24,past_season_other_club,78,sim>=0.78:0.842,Daniel SzczepanRuch Chorzów
Legia Warszawa,legia-warszawa,Tobiasz K.,kacper-tobiasz,legia-warszawa,2025/26,future_season_same_club,109,exact_nonfirst_ascii | exact_nonfirst_slugstyle | last_token_exact | last_token_slugstyle | token_overlap_ascii:tobiasz | token_overlap_slug:tobiasz | sim>=0.92:1.000 | initial_match | same_club_bonus,Kacper TobiaszLegia Warszawa
Legia Warszawa,legia-warszawa,Tobiasz K.,kacper-tobiasz,legia-warszawa,2023/24,past_season_same_club,107,exact_nonfirst_ascii | exact_nonfirst_slugstyle | last_token_exact | last_token_slugstyle | token_overlap_ascii:tobiasz | token_overlap_slug:tobiasz | sim>=0.92:1.000 | initial_match | same_club_bonus,Kacper TobiaszLegia Warszawa
Legia Warszawa,legia-warszawa,Tobiasz K.,kacper-tobiasz,legia-warszawa,2024/25,same_season_same_club,107,exact_nonfirst_ascii | exact_nonfirst_slugstyle | last_token_exact | last_token_slugstyle | token_overlap_ascii:tobiasz | token_overlap_slug:tobiasz | sim>=0.92:1.000 | initial_match | same_club_bonus,Kacper TobiaszLegia Warszawa
Legia Warszawa,legia-warszawa,Urbański W.,wojciech-urbanski,legia-warszawa,2025/26,future_season_same_club,109,exact_nonfirst_ascii | exact_nonfirst_slugstyle | last_token_exact | last_token_slugstyle | token_overlap_ascii:urbanski | token_overlap_slug:urbanski | sim>=0.92:1.000 | initial_match | same_club_bonus,Wojciech UrbanskiLegia Warszawa
Legia Warszawa,legia-warszawa,Urbański W.,wojciech-urbanski,legia-warszawa,2023/24,past_season_same_club,107,exact_nonfirst_ascii | exact_nonfirst_slugstyle | last_token_exact | last_token_slugstyle | token_overlap_ascii:urbanski | token_overlap_slug:urbanski | sim>=0.92:1.000 | initial_match | same_club_bonus,Wojciech UrbanskiLegia Warszawa
Legia Warszawa,legia-warszawa,Urbański W.,wojciech-urbanski,legia-warszawa,2024/25,same_season_same_club,107,exact_nonfirst_ascii | exact_nonfirst_slugstyle | last_token_exact | last_token_slugstyle | token_overlap_ascii:urbanski | token_overlap_slug:urbanski | sim>=0.92:1.000 | initial_match | same_club_bonus,Wojciech UrbanskiLegia Warszawa
Legia Warszawa,legia-warszawa,Urbański W.,kacper-urbanski,legia-warszawa,2025/26,future_season_same_club,105,exact_nonfirst_ascii | exact_nonfirst_slugstyle | last_token_exact | last_token_slugstyle | token_overlap_ascii:urbanski | token_overlap_slug:urbanski | sim>=0.92:1.000 | same_club_bonus,Kacper UrbanskiLegia Warszawa
Legia Warszawa,legia-warszawa,Urbański W.,piotr-urbanski,piast-gliwice,2023/24,past_season_other_club,100,exact_nonfirst_ascii | exact_nonfirst_slugstyle | last_token_exact | last_token_slugstyle | token_overlap_ascii:urbanski | token_overlap_slug:urbanski | sim>=0.92:1.000,Piotr UrbańskiPiast Gliwice
Legia Warszawa,legia-warszawa,Vinagre R.,ruben-goncalo-da-silva-nascimento-vinagre,legia-warszawa,2025/26,future_season_same_club,101,last_token_exact | last_token_slugstyle | token_overlap_ascii:vinagre | token_overlap_slug:vinagre | initial_match | same_club_bonus,Rúben VinagreLegia Warszawa
Legia Warszawa,legia-warszawa,Vinagre R.,ruben-goncalo-da-silva-nascimento-vinagre,legia-warszawa,2024/25,same_season_same_club,99,last_token_exact | last_token_slugstyle | token_overlap_ascii:vinagre | token_overlap_slug:vinagre | initial_match | same_club_bonus,Rúben VinagreLegia Warszawa
Legia Warszawa,legia-warszawa,Wszołek P.,pawe-marek-wszoek,legia-warszawa,2025/26,future_season_same_club,101,last_token_slugstyle | token_overlap_slug:wszoek | initial_match | same_club_bonus,Paweł Marek WszołekLegia Warszawa
Legia Warszawa,legia-warszawa,Wszołek P.,pawe-marek-wszoek,legia-warszawa,2023/24,past_season_same_club,99,last_token_slugstyle | token_overlap_slug:wszoek | initial_match | same_club_bonus,Paweł Marek WszołekLegia Warszawa
Legia Warszawa,legia-warszawa,Wszołek P.,pawe-marek-wszoek,legia-warszawa,2024/25,same_season_same_club,99,last_token_slugstyle | token_overlap_slug:wszoek | initial_match | same_club_bonus,Paweł Marek WszołekLegia Warszawa
Legia Warszawa,legia-warszawa,Wyganowski A.,aleksander-wyganowski,legia-warszawa,2024/25,same_season_same_club,107,exact_nonfirst_ascii | exact_nonfirst_slugstyle | last_token_exact | last_token_slugstyle | token_overlap_ascii:wyganowski | token_overlap_slug:wyganowski | sim>=0.92:1.000 | initial_match | same_club_bonus,Aleksander WyganowskiLegia Warszawa
Legia Warszawa,legia-warszawa,Zielinski J. I.,pawe-zielinski,widzew-lodz,2023/24,past_season_other_club,100,exact_nonfirst_ascii | exact_nonfirst_slugstyle | last_token_exact | last_token_slugstyle | token_overlap_ascii:zielinski | token_overlap_slug:zielinski | sim>=0.92:1.000,Paweł ZielińskiWidzew Łódź
Legia Warszawa,legia-warszawa,Ziółkowski J.,jan-ziokowski,legia-warszawa,2025/26,future_season_same_club,109,exact_nonfirst_slugstyle | last_token_slugstyle | token_overlap_slug:ziokowski | sim>=0.92:0.947 | initial_match | same_club_bonus,Jan ZiółkowskiLegia Warszawa
Legia Warszawa,legia-warszawa,Ziółkowski J.,jan-ziokowski,legia-warszawa,2023/24,past_season_same_club,107,exact_nonfirst_slugstyle | last_token_slugstyle | token_overlap_slug:ziokowski | sim>=0.92:0.947 | initial_match | same_club_bonus,Jan ZiółkowskiLegia Warszawa
Legia Warszawa,legia-warszawa,Ziółkowski J.,jan-ziokowski,legia-warszawa,2024/25,same_season_same_club,107,exact_nonfirst_slugstyle | last_token_slugstyle | token_overlap_slug:ziokowski | sim>=0.92:0.947 | initial_match | same_club_bonus,Jan ZiółkowskiLegia Warszawa
Motor Lublin,motor-lublin,Augustin J.,jean-kevin-augustin,motor-lublin,2024/25,same_season_same_club,99,last_token_exact | last_token_slugstyle | token_overlap_ascii:augustin | token_overlap_slug:augustin | initial_match | same_club_bonus,Jean-Kévin AugustinMotor Lublin
Motor Lublin,motor-lublin,Bartnik I.,dawid-banik,korona-kielce,2023/24,past_season_other_club,78,sim>=0.78:0.833,Dawid BłanikKorona Kielce
Motor Lublin,motor-lublin,Bartoš M.,jakub-bartosz,puszcza-niepolomice,2023/24,past_season_other_club,78,sim>=0.78:0.833,Jakub BartoszPuszcza Niepołomice
Motor Lublin,motor-lublin,Brkic I.,ivan-brkic,motor-lublin,2025/26,future_season_same_club,109,exact_nonfirst_ascii | exact_nonfirst_slugstyle | last_token_exact | last_token_slugstyle | token_overlap_ascii:brkic | token_overlap_slug:brkic | sim>=0.92:1.000 | initial_match | same_club_bonus,Ivan BrkićMotor Lublin
Motor Lublin,motor-lublin,Brkic I.,ivan-brkic,motor-lublin,2024/25,same_season_same_club,107,exact_nonfirst_ascii | exact_nonfirst_slugstyle | last_token_exact | last_token_slugstyle | token_overlap_ascii:brkic | token_overlap_slug:brkic | sim>=0.92:1.000 | initial_match | same_club_bonus,Ivan BrkićMotor Lublin
Motor Lublin,motor-lublin,Brkic I.,jasmin-buric,zagebie-lubin,2023/24,past_season_other_club,78,sim>=0.78:0.800,Jasmin BurićKGHM Zagłębie Lubin
Motor Lublin,motor-lublin,Caliskaner K.,kaan-caliskaner,motor-lublin,2024/25,same_season_same_club,107,exact_nonfirst_ascii | exact_nonfirst_slugstyle | last_token_exact | last_token_slugstyle | token_overlap_ascii:caliskaner | token_overlap_slug:caliskaner | sim>=0.92:1.000 | initial_match | same_club_bonus,Kaan ÇalışkanerMotor Lublin
Motor Lublin,motor-lublin,Caliskaner K.,kaan-caliskaner,jagiellonia-bialystok,2023/24,past_season_other_club,104,exact_nonfirst_ascii | exact_nonfirst_slugstyle | last_token_exact | last_token_slugstyle | token_overlap_ascii:caliskaner | token_overlap_slug:caliskaner | sim>=0.92:1.000 | initial_match,Kaan ÇalışkanerJagiellonia Białystok
Motor Lublin,motor-lublin,Ceglarz P.,piotr-ceglarz,motor-lublin,2024/25,same_season_same_club,107,exact_nonfirst_ascii | exact_nonfirst_slugstyle | last_token_exact | last_token_slugstyle | token_overlap_ascii:ceglarz | token_overlap_slug:ceglarz | sim>=0.92:1.000 | initial_match | same_club_bonus,Piotr CeglarzMotor Lublin
Motor Lublin,motor-lublin,Ede B.,bright-ede,motor-lublin,2025/26,future_season_same_club,109,exact_nonfirst_ascii | exact_nonfirst_slugstyle | last_token_exact | last_token_slugstyle | sim>=0.92:1.000 | initial_match | same_club_bonus,Bright EdeMotor Lublin
Motor Lublin,motor-lublin,Ede B.,bright-ede,motor-lublin,2024/25,same_season_same_club,107,exact_nonfirst_ascii | exact_nonfirst_slugstyle | last_token_exact | last_token_slugstyle | sim>=0.92:1.000 | initial_match | same_club_bonus,Bright EdeMotor Lublin
Motor Lublin,motor-lublin,Gąsior M.,marcel-gasior,motor-lublin,2024/25,same_season_same_club,107,exact_nonfirst_ascii | exact_nonfirst_slugstyle | last_token_exact | last_token_slugstyle | token_overlap_ascii:gasior | token_overlap_slug:gasior | sim>=0.92:1.000 | initial_match | same_club_bonus,Marcel GąsiorMotor Lublin
Motor Lublin,motor-lublin,Kruk K.,kamil-kruk,motor-lublin,2024/25,same_season_same_club,107,exact_nonfirst_ascii | exact_nonfirst_slugstyle | last_token_exact | last_token_slugstyle | token_overlap_ascii:kruk | token_overlap_slug:kruk | sim>=0.92:1.000 | initial_match | same_club_bonus,Kamil KrukMotor Lublin
Motor Lublin,motor-lublin,Kruk K.,kamil-kruk,zagebie-lubin,2023/24,past_season_other_club,104,exact_nonfirst_ascii | exact_nonfirst_slugstyle | last_token_exact | last_token_slugstyle | token_overlap_ascii:kruk | token_overlap_slug:kruk | sim>=0.92:1.000 | initial_match,Kamil KrukKGHM Zagłębie Lubin
Motor Lublin,motor-lublin,Król M.,micha-krol,motor-lublin,2025/26,future_season_same_club,109,exact_nonfirst_ascii | exact_nonfirst_slugstyle | last_token_exact | last_token_slugstyle | token_overlap_ascii:krol | token_overlap_slug:krol | sim>=0.92:1.000 | initial_match | same_club_bonus,Michał KrólMotor Lublin
Motor Lublin,motor-lublin,Król M.,micha-krol,motor-lublin,2024/25,same_season_same_club,107,exact_nonfirst_ascii | exact_nonfirst_slugstyle | last_token_exact | last_token_slugstyle | token_overlap_ascii:krol | token_overlap_slug:krol | sim>=0.92:1.000 | initial_match | same_club_bonus,Michał KrólMotor Lublin
Motor Lublin,motor-lublin,Król M.,rafa-krol,motor-lublin,2024/25,same_season_same_club,103,exact_nonfirst_ascii | exact_nonfirst_slugstyle | last_token_exact | last_token_slugstyle | token_overlap_ascii:krol | token_overlap_slug:krol | sim>=0.92:1.000 | same_club_bonus,Rafal KrólMotor Lublin
Motor Lublin,motor-lublin,Król R.,rafa-krol,motor-lublin,2024/25,same_season_same_club,107,exact_nonfirst_ascii | exact_nonfirst_slugstyle | last_token_exact | last_token_slugstyle | token_overlap_ascii:krol | token_overlap_slug:krol | sim>=0.92:1.000 | initial_match | same_club_bonus,Rafal KrólMotor Lublin
Motor Lublin,motor-lublin,Król R.,micha-krol,motor-lublin,2025/26,future_season_same_club,105,exact_nonfirst_ascii | exact_nonfirst_slugstyle | last_token_exact | last_token_slugstyle | token_overlap_ascii:krol | token_overlap_slug:krol | sim>=0.92:1.000 | same_club_bonus,Michał KrólMotor Lublin
Motor Lublin,motor-lublin,Król R.,micha-krol,motor-lublin,2024/25,same_season_same_club,103,exact_nonfirst_ascii | exact_nonfirst_slugstyle | last_token_exact | last_token_slugstyle | token_overlap_ascii:krol | token_overlap_slug:krol | sim>=0.92:1.000 | same_club_bonus,Michał KrólMotor Lublin
Motor Lublin,motor-lublin,Kubica K.,krzysztof-kubica,motor-lublin,2024/25,same_season_same_club,107,exact_nonfirst_ascii | exact_nonfirst_slugstyle | last_token_exact | last_token_slugstyle | token_overlap_ascii:kubica | token_overlap_slug:kubica | sim>=0.92:1.000 | initial_match | same_club_bonus,Krzysztof KubicaMotor Lublin
Motor Lublin,motor-lublin,Luberecki F.,filip-luberecki,motor-lublin,2025/26,future_season_same_club,109,exact_nonfirst_ascii | exact_nonfirst_slugstyle | last_token_exact | last_token_slugstyle | token_overlap_ascii:luberecki | token_overlap_slug:luberecki | sim>=0.92:1.000 | initial_match | same_club_bonus,Filip LubereckiMotor Lublin
Motor Lublin,motor-lublin,Luberecki F.,filip-luberecki,motor-lublin,2024/25,same_season_same_club,107,exact_nonfirst_ascii | exact_nonfirst_slugstyle | last_token_exact | last_token_slugstyle | token_overlap_ascii:luberecki | token_overlap_slug:luberecki | sim>=0.92:1.000 | initial_match | same_club_bonus,Filip LubereckiMotor Lublin
Motor Lublin,motor-lublin,Matthys H.,herve-jean-matthys,motor-lublin,2025/26,future_season_same_club,101,last_token_exact | last_token_slugstyle | token_overlap_ascii:matthys | token_overlap_slug:matthys | initial_match | same_club_bonus,Hervé Jean MatthysMotor Lublin
Motor Lublin,motor-lublin,Matthys H.,herve-jean-matthys,motor-lublin,2024/25,same_season_same_club,99,last_token_exact | last_token_slugstyle | token_overlap_ascii:matthys | token_overlap_slug:matthys | initial_match | same_club_bonus,Hervé Jean MatthysMotor Lublin
Motor Lublin,motor-lublin,Mráz S.,samuel-mraz,motor-lublin,2024/25,same_season_same_club,91,sim>=0.85:0.857 | initial_match | same_club_bonus,Samuel MrázMotor Lublin
Motor Lublin,motor-lublin,Mráz S.,marek-mroz,zagebie-lubin,2023/24,past_season_other_club,84,sim>=0.85:0.857,Marek MrózKGHM Zagłębie Lubin
Motor Lublin,motor-lublin,Najemski A.,arkadiusz-najemski,motor-lublin,2025/26,future_season_same_club,109,exact_nonfirst_ascii | exact_nonfirst_slugstyle | last_token_exact | last_token_slugstyle | token_overlap_ascii:najemski | token_overlap_slug:najemski | sim>=0.92:1.000 | initial_match | same_club_bonus,Arkadiusz NajemskiMotor Lublin
Motor Lublin,motor-lublin,Najemski A.,arkadiusz-najemski,motor-lublin,2024/25,same_season_same_club,107,exact_nonfirst_ascii | exact_nonfirst_slugstyle | last_token_exact | last_token_slugstyle | token_overlap_ascii:najemski | token_overlap_slug:najemski | sim>=0.92:1.000 | initial_match | same_club_bonus,Arkadiusz NajemskiMotor Lublin
Motor Lublin,motor-lublin,Ndiaye M.,mbaye-jacques-ndiaye,motor-lublin,2025/26,future_season_same_club,101,last_token_exact | last_token_slugstyle | token_overlap_ascii:ndiaye | token_overlap_slug:ndiaye | initial_match | same_club_bonus,Mbaye Jacques N'DiayeMotor Lublin
Motor Lublin,motor-lublin,Ndiaye M.,mbaye-jacques-ndiaye,motor-lublin,2024/25,same_season_same_club,99,last_token_exact | last_token_slugstyle | token_overlap_ascii:ndiaye | token_overlap_slug:ndiaye | initial_match | same_club_bonus,Mbaye Jacques N'DiayeMotor Lublin
Motor Lublin,motor-lublin,Palacz K.,krystian-palacz,motor-lublin,2025/26,future_season_same_club,109,exact_nonfirst_ascii | exact_nonfirst_slugstyle | last_token_exact | last_token_slugstyle | token_overlap_ascii:palacz | token_overlap_slug:palacz | sim>=0.92:1.000 | initial_match | same_club_bonus,Krystian PalaczMotor Lublin
Motor Lublin,motor-lublin,Palacz K.,krystian-palacz,motor-lublin,2024/25,same_season_same_club,107,exact_nonfirst_ascii | exact_nonfirst_slugstyle | last_token_exact | last_token_slugstyle | token_overlap_ascii:palacz | token_overlap_slug:palacz | sim>=0.92:1.000 | initial_match | same_club_bonus,Krystian PalaczMotor Lublin
Motor Lublin,motor-lublin,Romanowski P.,patryk-romanowski,motor-lublin,2024/25,same_season_same_club,107,exact_nonfirst_ascii | exact_nonfirst_slugstyle | last_token_exact | last_token_slugstyle | token_overlap_ascii:romanowski | token_overlap_slug:romanowski | sim>=0.92:1.000 | initial_match | same_club_bonus,Patryk RomanowskiMotor Lublin
Motor Lublin,motor-lublin,Romanowski P.,pawe-baranowski,ruch-chorzow,2023/24,past_season_other_club,82,sim>=0.78:0.800 | initial_match,Paweł BaranowskiRuch Chorzów
Motor Lublin,motor-lublin,Rosa K.,kacper-rosa,motor-lublin,2024/25,same_season_same_club,107,exact_nonfirst_ascii | exact_nonfirst_slugstyle | last_token_exact | last_token_slugstyle | token_overlap_ascii:rosa | token_overlap_slug:rosa | sim>=0.92:1.000 | initial_match | same_club_bonus,Kacper RosaMotor Lublin
Motor Lublin,motor-lublin,Rudol S.,sebastian-rudol,motor-lublin,2024/25,same_season_same_club,107,exact_nonfirst_ascii | exact_nonfirst_slugstyle | last_token_exact | last_token_slugstyle | token_overlap_ascii:rudol | token_overlap_slug:rudol | sim>=0.92:1.000 | initial_match | same_club_bonus,Sebastian RudolMotor Lublin
Motor Lublin,motor-lublin,Samper S.,sergi-samper-montana,motor-lublin,2025/26,future_season_same_club,95,token_overlap_ascii:samper | token_overlap_slug:samper | initial_match | same_club_bonus,Sergi Samper MontañaMotor Lublin
Motor Lublin,motor-lublin,Samper S.,sergi-samper-montana,motor-lublin,2024/25,same_season_same_club,93,token_overlap_ascii:samper | token_overlap_slug:samper | initial_match | same_club_bonus,Sergi Samper MontañaMotor Lublin
Motor Lublin,motor-lublin,Scalet M.,mathieu-scalet,motor-lublin,2025/26,future_season_same_club,109,exact_nonfirst_ascii | exact_nonfirst_slugstyle | last_token_exact | last_token_slugstyle | token_overlap_ascii:scalet | token_overlap_slug:scalet | sim>=0.92:1.000 | initial_match | same_club_bonus,Mathieu ScaletMotor Lublin
Motor Lublin,motor-lublin,Scalet M.,mathieu-scalet,motor-lublin,2024/25,same_season_same_club,107,exact_nonfirst_ascii | exact_nonfirst_slugstyle | last_token_exact | last_token_slugstyle | token_overlap_ascii:scalet | token_overlap_slug:scalet | sim>=0.92:1.000 | initial_match | same_club_bonus,Mathieu ScaletMotor Lublin
Motor Lublin,motor-lublin,Sefer A.,antonio-sefer,motor-lublin,2024/25,same_season_same_club,107,exact_nonfirst_ascii | exact_nonfirst_slugstyle | last_token_exact | last_token_slugstyle | token_overlap_ascii:sefer | token_overlap_slug:sefer | sim>=0.92:1.000 | initial_match | same_club_bonus,Antonio Valentin SeferMotor Lublin
Motor Lublin,motor-lublin,Stolarski P.,pawe-stolarski,motor-lublin,2025/26,future_season_same_club,109,exact_nonfirst_ascii | exact_nonfirst_slugstyle | last_token_exact | last_token_slugstyle | token_overlap_ascii:stolarski | token_overlap_slug:stolarski | sim>=0.92:1.000 | initial_match | same_club_bonus,Paweł StolarskiMotor Lublin
Motor Lublin,motor-lublin,Stolarski P.,pawe-stolarski,motor-lublin,2024/25,same_season_same_club,107,exact_nonfirst_ascii | exact_nonfirst_slugstyle | last_token_exact | last_token_slugstyle | token_overlap_ascii:stolarski | token_overlap_slug:stolarski | sim>=0.92:1.000 | initial_match | same_club_bonus,Paweł StolarskiMotor Lublin
Motor Lublin,motor-lublin,Stolarski P.,pawe-stolarski,pogon-szczecin,2023/24,past_season_other_club,104,exact_nonfirst_ascii | exact_nonfirst_slugstyle | last_token_exact | last_token_slugstyle | token_overlap_ascii:stolarski | token_overlap_slug:stolarski | sim>=0.92:1.000 | initial_match,Paweł StolarskiPogoń Szczecin
Motor Lublin,motor-lublin,Tratnik G.,gasper-tratnik,motor-lublin,2025/26,future_season_same_club,109,exact_nonfirst_ascii | exact_nonfirst_slugstyle | last_token_exact | last_token_slugstyle | token_overlap_ascii:tratnik | token_overlap_slug:tratnik | sim>=0.92:1.000 | initial_match | same_club_bonus,Gašper TratnikMotor Lublin
Motor Lublin,motor-lublin,Tratnik G.,gasper-tratnik,motor-lublin,2024/25,same_season_same_club,107,exact_nonfirst_ascii | exact_nonfirst_slugstyle | last_token_exact | last_token_slugstyle | token_overlap_ascii:tratnik | token_overlap_slug:tratnik | sim>=0.92:1.000 | initial_match | same_club_bonus,Gašper TratnikMotor Lublin
Motor Lublin,motor-lublin,Wełniak K.,kacper-weniak,motor-lublin,2024/25,same_season_same_club,107,exact_nonfirst_slugstyle | last_token_slugstyle | token_overlap_slug:weniak | sim>=0.92:0.923 | initial_match | same_club_bonus,Kacper WełniakMotor Lublin
Motor Lublin,motor-lublin,Wolski B.,bartosz-wolski,motor-lublin,2025/26,future_season_same_club,109,exact_nonfirst_ascii | exact_nonfirst_slugstyle | last_token_exact | last_token_slugstyle | token_overlap_ascii:wolski | token_overlap_slug:wolski | sim>=0.92:1.000 | initial_match | same_club_bonus,Bartosz WolskiMotor Lublin
Motor Lublin,motor-lublin,Wolski B.,bartosz-wolski,motor-lublin,2024/25,same_season_same_club,107,exact_nonfirst_ascii | exact_nonfirst_slugstyle | last_token_exact | last_token_slugstyle | token_overlap_ascii:wolski | token_overlap_slug:wolski | sim>=0.92:1.000 | initial_match | same_club_bonus,Bartosz WolskiMotor Lublin
Motor Lublin,motor-lublin,Wolski B.,rafa-wolski,radomiak-radom,2023/24,past_season_other_club,100,exact_nonfirst_ascii | exact_nonfirst_slugstyle | last_token_exact | last_token_slugstyle | token_overlap_ascii:wolski | token_overlap_slug:wolski | sim>=0.92:1.000,Rafał WolskiRadomiak Radom
Motor Lublin,motor-lublin,Wolski B.,micha-walski,puszcza-niepolomice,2023/24,past_season_other_club,78,sim>=0.78:0.833,Michał WalskiPuszcza Niepołomice
Motor Lublin,motor-lublin,Wolski B.,ukasz-zwolinski,rakow-czestochowa,2023/24,past_season_other_club,78,sim>=0.78:0.800,Łukasz Piotr ZwolińskiRaków Częstochowa
Motor Lublin,motor-lublin,Wójcik F.,filip-wojcik,motor-lublin,2025/26,future_season_same_club,109,exact_nonfirst_ascii | exact_nonfirst_slugstyle | last_token_exact | last_token_slugstyle | token_overlap_ascii:wojcik | token_overlap_slug:wojcik | sim>=0.92:1.000 | initial_match | same_club_bonus,Filip WójcikMotor Lublin
Motor Lublin,motor-lublin,Wójcik F.,filip-wojcik,motor-lublin,2024/25,same_season_same_club,107,exact_nonfirst_ascii | exact_nonfirst_slugstyle | last_token_exact | last_token_slugstyle | token_overlap_ascii:wojcik | token_overlap_slug:wojcik | sim>=0.92:1.000 | initial_match | same_club_bonus,Filip WójcikMotor Lublin
Motor Lublin,motor-lublin,van Hoeven B.,bradly-van-hoeven,motor-lublin,2025/26,future_season_same_club,109,exact_nonfirst_ascii | exact_nonfirst_slugstyle | last_token_exact | last_token_slugstyle | token_overlap_ascii:hoeven | token_overlap_slug:hoeven | sim>=0.92:1.000 | initial_match | same_club_bonus,Bradly van HoevenMotor Lublin
Motor Lublin,motor-lublin,van Hoeven B.,bradly-van-hoeven,motor-lublin,2024/25,same_season_same_club,107,exact_nonfirst_ascii | exact_nonfirst_slugstyle | last_token_exact | last_token_slugstyle | token_overlap_ascii:hoeven | token_overlap_slug:hoeven | sim>=0.92:1.000 | initial_match | same_club_bonus,Bradly van HoevenMotor Lublin
Motor Lublin,motor-lublin,Łabojko J.,jakub-jan-abojko,motor-lublin,2025/26,future_season_same_club,101,last_token_slugstyle | token_overlap_slug:abojko | initial_match | same_club_bonus,Jakub Jan ŁabojkoMotor Lublin
Motor Lublin,motor-lublin,Łabojko J.,jakub-jan-abojko,motor-lublin,2024/25,same_season_same_club,99,last_token_slugstyle | token_overlap_slug:abojko | initial_match | same_club_bonus,Jakub Jan ŁabojkoMotor Lublin
Piast Gliwice,piast-gliwice,Ameyaw M.,michael-ameyaw,piast-gliwice,2023/24,past_season_same_club,107,exact_nonfirst_ascii | exact_nonfirst_slugstyle | last_token_exact | last_token_slugstyle | token_overlap_ascii:ameyaw | token_overlap_slug:ameyaw | sim>=0.92:1.000 | initial_match | same_club_bonus,Michael AmeyawPiast Gliwice
Piast Gliwice,piast-gliwice,Ameyaw M.,michael-ameyaw,piast-gliwice,2024/25,same_season_same_club,107,exact_nonfirst_ascii | exact_nonfirst_slugstyle | last_token_exact | last_token_slugstyle | token_overlap_ascii:ameyaw | token_overlap_slug:ameyaw | sim>=0.92:1.000 | initial_match | same_club_bonus,Michael AmeyawPiast Gliwice
Piast Gliwice,piast-gliwice,Chrapek M.,micha-ukasz-chrapek,piast-gliwice,2025/26,future_season_same_club,101,last_token_exact | last_token_slugstyle | token_overlap_ascii:chrapek | token_overlap_slug:chrapek | initial_match | same_club_bonus,Michał Łukasz ChrapekPiast Gliwice
Piast Gliwice,piast-gliwice,Chrapek M.,micha-ukasz-chrapek,piast-gliwice,2023/24,past_season_same_club,99,last_token_exact | last_token_slugstyle | token_overlap_ascii:chrapek | token_overlap_slug:chrapek | initial_match | same_club_bonus,Michał Łukasz ChrapekPiast Gliwice
Piast Gliwice,piast-gliwice,Chrapek M.,micha-ukasz-chrapek,piast-gliwice,2024/25,same_season_same_club,99,last_token_exact | last_token_slugstyle | token_overlap_ascii:chrapek | token_overlap_slug:chrapek | initial_match | same_club_bonus,Michał Łukasz ChrapekPiast Gliwice
Piast Gliwice,piast-gliwice,Czerwiński J.,jakub-czerwinski,piast-gliwice,2025/26,future_season_same_club,109,exact_nonfirst_ascii | exact_nonfirst_slugstyle | last_token_exact | last_token_slugstyle | token_overlap_ascii:czerwinski | token_overlap_slug:czerwinski | sim>=0.92:1.000 | initial_match | same_club_bonus,Jakub CzerwińskiPiast Gliwice
Piast Gliwice,piast-gliwice,Czerwiński J.,jakub-czerwinski,piast-gliwice,2023/24,past_season_same_club,107,exact_nonfirst_ascii | exact_nonfirst_slugstyle | last_token_exact | last_token_slugstyle | token_overlap_ascii:czerwinski | token_overlap_slug:czerwinski | sim>=0.92:1.000 | initial_match | same_club_bonus,Jakub CzerwińskiPiast Gliwice
Piast Gliwice,piast-gliwice,Czerwiński J.,jakub-czerwinski,piast-gliwice,2024/25,same_season_same_club,107,exact_nonfirst_ascii | exact_nonfirst_slugstyle | last_token_exact | last_token_slugstyle | token_overlap_ascii:czerwinski | token_overlap_slug:czerwinski | sim>=0.92:1.000 | initial_match | same_club_bonus,Jakub CzerwińskiPiast Gliwice
Piast Gliwice,piast-gliwice,Czerwiński J.,alan-czerwinski,lech-poznan,2023/24,past_season_other_club,100,exact_nonfirst_ascii | exact_nonfirst_slugstyle | last_token_exact | last_token_slugstyle | token_overlap_ascii:czerwinski | token_overlap_slug:czerwinski | sim>=0.92:1.000,Alan CzerwińskiLech Poznań
Piast Gliwice,piast-gliwice,Daniel J.,daniel-bak,korona-kielce,2023/24,past_season_other_club,86,token_overlap_ascii:daniel | token_overlap_slug:daniel | sim>=0.78:0.800,Daniel BąkKorona Kielce
Piast Gliwice,piast-gliwice,Daniel J.,daniel-bielica,gornik-zabrze,2023/24,past_season_other_club,86,token_overlap_ascii:daniel | token_overlap_slug:daniel,Daniel BielicaGórnik Zabrze
Piast Gliwice,piast-gliwice,Daniel J.,daniel-pacheco-lobato,gornik-zabrze,2023/24,past_season_other_club,86,token_overlap_ascii:daniel | token_overlap_slug:daniel,Dani PachecoGórnik Zabrze
Piast Gliwice,piast-gliwice,Daniel J.,daniel-pik,radomiak-radom,2023/24,past_season_other_club,86,token_overlap_ascii:daniel | token_overlap_slug:daniel | sim>=0.78:0.800,Daniel PikRadomiak Radom
Piast Gliwice,piast-gliwice,Daniel J.,daniel-szczepan,ruch-chorzow,2023/24,past_season_other_club,86,token_overlap_ascii:daniel | token_overlap_slug:daniel,Daniel SzczepanRuch Chorzów
Piast Gliwice,piast-gliwice,Daniel J.,daniel-ukasik,slask-wroclaw,2023/24,past_season_other_club,86,token_overlap_ascii:daniel | token_overlap_slug:daniel,Daniel ŁukasikŚląsk Wrocław
Piast Gliwice,piast-gliwice,Drapiński I.,igor-drapinski,piast-gliwice,2025/26,future_season_same_club,109,exact_nonfirst_ascii | exact_nonfirst_slugstyle | last_token_exact | last_token_slugstyle | token_overlap_ascii:drapinski | token_overlap_slug:drapinski | sim>=0.92:1.000 | initial_match | same_club_bonus,Igor DrapińskiPiast Gliwice
Piast Gliwice,piast-gliwice,Drapiński I.,igor-drapinski,piast-gliwice,2024/25,same_season_same_club,107,exact_nonfirst_ascii | exact_nonfirst_slugstyle | last_token_exact | last_token_slugstyle | token_overlap_ascii:drapinski | token_overlap_slug:drapinski | sim>=0.92:1.000 | initial_match | same_club_bonus,Igor DrapińskiPiast Gliwice
Piast Gliwice,piast-gliwice,Dziczek P.,patryk-dziczek,piast-gliwice,2025/26,future_season_same_club,109,exact_nonfirst_ascii | exact_nonfirst_slugstyle | last_token_exact | last_token_slugstyle | token_overlap_ascii:dziczek | token_overlap_slug:dziczek | sim>=0.92:1.000 | initial_match | same_club_bonus,Patryk DziczekPiast Gliwice
Piast Gliwice,piast-gliwice,Dziczek P.,patryk-dziczek,piast-gliwice,2023/24,past_season_same_club,107,exact_nonfirst_ascii | exact_nonfirst_slugstyle | last_token_exact | last_token_slugstyle | token_overlap_ascii:dziczek | token_overlap_slug:dziczek | sim>=0.92:1.000 | initial_match | same_club_bonus,Patryk DziczekPiast Gliwice
Piast Gliwice,piast-gliwice,Dziczek P.,patryk-dziczek,piast-gliwice,2024/25,same_season_same_club,107,exact_nonfirst_ascii | exact_nonfirst_slugstyle | last_token_exact | last_token_slugstyle | token_overlap_ascii:dziczek | token_overlap_slug:dziczek | sim>=0.92:1.000 | initial_match | same_club_bonus,Patryk DziczekPiast Gliwice
Piast Gliwice,piast-gliwice,Felix J.,jorge-felix-munoz-garcia,piast-gliwice,2025/26,future_season_same_club,95,token_overlap_ascii:felix | token_overlap_slug:felix | initial_match | same_club_bonus,Jorge Félix Muñoz GarcíaPiast Gliwice
Piast Gliwice,piast-gliwice,Felix J.,jorge-felix-munoz-garcia,piast-gliwice,2023/24,past_season_same_club,93,token_overlap_ascii:felix | token_overlap_slug:felix | initial_match | same_club_bonus,Jorge Félix Muñoz GarcíaPiast Gliwice
Piast Gliwice,piast-gliwice,Felix J.,jorge-felix-munoz-garcia,piast-gliwice,2024/25,same_season_same_club,93,token_overlap_ascii:felix | token_overlap_slug:felix | initial_match | same_club_bonus,Jorge Félix Muñoz GarcíaPiast Gliwice
Piast Gliwice,piast-gliwice,Gale T.,thierry-gale,piast-gliwice,2024/25,same_season_same_club,107,exact_nonfirst_ascii | exact_nonfirst_slugstyle | last_token_exact | last_token_slugstyle | token_overlap_ascii:gale | token_overlap_slug:gale | sim>=0.92:1.000 | initial_match | same_club_bonus,Thierry Mikael GalePiast Gliwice
Piast Gliwice,piast-gliwice,Huk T.,tomas-huk,piast-gliwice,2023/24,past_season_same_club,107,exact_nonfirst_ascii | exact_nonfirst_slugstyle | last_token_exact | last_token_slugstyle | sim>=0.92:1.000 | initial_match | same_club_bonus,Tomáš HukPiast Gliwice
Piast Gliwice,piast-gliwice,Huk T.,tomas-huk,piast-gliwice,2024/25,same_season_same_club,107,exact_nonfirst_ascii | exact_nonfirst_slugstyle | last_token_exact | last_token_slugstyle | sim>=0.92:1.000 | initial_match | same_club_bonus,Tomáš HukPiast Gliwice
Piast Gliwice,piast-gliwice,Jirka E.,erik-jirka,piast-gliwice,2025/26,future_season_same_club,109,exact_nonfirst_ascii | exact_nonfirst_slugstyle | last_token_exact | last_token_slugstyle | token_overlap_ascii:jirka | token_overlap_slug:jirka | sim>=0.92:1.000 | initial_match | same_club_bonus,Erik JirkaPiast Gliwice
Piast Gliwice,piast-gliwice,Jirka E.,erik-jirka,piast-gliwice,2024/25,same_season_same_club,107,exact_nonfirst_ascii | exact_nonfirst_slugstyle | last_token_exact | last_token_slugstyle | token_overlap_ascii:jirka | token_overlap_slug:jirka | sim>=0.92:1.000 | initial_match | same_club_bonus,Erik JirkaPiast Gliwice
Piast Gliwice,piast-gliwice,Karbowy F.,filip-karbowy,piast-gliwice,2023/24,past_season_same_club,107,exact_nonfirst_ascii | exact_nonfirst_slugstyle | last_token_exact | last_token_slugstyle | token_overlap_ascii:karbowy | token_overlap_slug:karbowy | sim>=0.92:1.000 | initial_match | same_club_bonus,Filip KarbowyPiast Gliwice
Piast Gliwice,piast-gliwice,Karbowy F.,filip-karbowy,piast-gliwice,2024/25,same_season_same_club,107,exact_nonfirst_ascii | exact_nonfirst_slugstyle | last_token_exact | last_token_slugstyle | token_overlap_ascii:karbowy | token_overlap_slug:karbowy | sim>=0.92:1.000 | initial_match | same_club_bonus,Filip KarbowyPiast Gliwice
Piast Gliwice,piast-gliwice,Katsantonis A.,andreas-katsantonis,piast-gliwice,2025/26,future_season_same_club,109,exact_nonfirst_ascii | exact_nonfirst_slugstyle | last_token_exact | last_token_slugstyle | token_overlap_ascii:katsantonis | token_overlap_slug:katsantonis | sim>=0.92:1.000 | initial_match | same_club_bonus,Andreas KatsantonisPiast Gliwice
Piast Gliwice,piast-gliwice,Katsantonis A.,andreas-katsantonis,piast-gliwice,2024/25,same_season_same_club,107,exact_nonfirst_ascii | exact_nonfirst_slugstyle | last_token_exact | last_token_slugstyle | token_overlap_ascii:katsantonis | token_overlap_slug:katsantonis | sim>=0.92:1.000 | initial_match | same_club_bonus,Andreas KatsantonisPiast Gliwice
Piast Gliwice,piast-gliwice,Kirejczyk G.,gabriel-kirejczyk,piast-gliwice,2023/24,past_season_same_club,107,exact_nonfirst_ascii | exact_nonfirst_slugstyle | last_token_exact | last_token_slugstyle | token_overlap_ascii:kirejczyk | token_overlap_slug:kirejczyk | sim>=0.92:1.000 | initial_match | same_club_bonus,Gabriel KirejczykPiast Gliwice
Piast Gliwice,piast-gliwice,Kirejczyk G.,gabriel-kirejczyk,piast-gliwice,2024/25,same_season_same_club,107,exact_nonfirst_ascii | exact_nonfirst_slugstyle | last_token_exact | last_token_slugstyle | token_overlap_ascii:kirejczyk | token_overlap_slug:kirejczyk | sim>=0.92:1.000 | initial_match | same_club_bonus,Gabriel KirejczykPiast Gliwice
Piast Gliwice,piast-gliwice,Kirejczyk G.,filip-rejczyk,legia-warszawa,2023/24,past_season_other_club,84,sim>=0.85:0.875,Filip RejczykLegia Warszawa
Piast Gliwice,piast-gliwice,Kopczyński M.,mateusz-kopczynski,piast-gliwice,2024/25,same_season_same_club,107,exact_nonfirst_ascii | exact_nonfirst_slugstyle | last_token_exact | last_token_slugstyle | token_overlap_ascii:kopczynski | token_overlap_slug:kopczynski | sim>=0.92:1.000 | initial_match | same_club_bonus,Mateusz KopczyńskiPiast Gliwice
Piast Gliwice,piast-gliwice,Kopczyński M.,micha-kopczynski,warta-poznan,2023/24,past_season_other_club,104,exact_nonfirst_ascii | exact_nonfirst_slugstyle | last_token_exact | last_token_slugstyle | token_overlap_ascii:kopczynski | token_overlap_slug:kopczynski | sim>=0.92:1.000 | initial_match,Michał KopczyńskiWarta Poznań
Piast Gliwice,piast-gliwice,Kopczyński M.,jakub-snopczynski,radomiak-radom,2023/24,past_season_other_club,84,sim>=0.85:0.857,Jakub SnopczyńskiRadomiak Radom
Piast Gliwice,piast-gliwice,Kostadinov T.,tihomir-kostadinov,piast-gliwice,2023/24,past_season_same_club,107,exact_nonfirst_ascii | exact_nonfirst_slugstyle | last_token_exact | last_token_slugstyle | token_overlap_ascii:kostadinov | token_overlap_slug:kostadinov | sim>=0.92:1.000 | initial_match | same_club_bonus,Tihomir KostadinovPiast Gliwice
Piast Gliwice,piast-gliwice,Kostadinov T.,tihomir-kostadinov,piast-gliwice,2024/25,same_season_same_club,107,exact_nonfirst_ascii | exact_nonfirst_slugstyle | last_token_exact | last_token_slugstyle | token_overlap_ascii:kostadinov | token_overlap_slug:kostadinov | sim>=0.92:1.000 | initial_match | same_club_bonus,Tihomir KostadinovPiast Gliwice
Piast Gliwice,piast-gliwice,Krykun S.,serhij-krykun,piast-gliwice,2023/24,past_season_same_club,107,exact_nonfirst_ascii | exact_nonfirst_slugstyle | last_token_exact | last_token_slugstyle | token_overlap_ascii:krykun | token_overlap_slug:krykun | sim>=0.92:1.000 | initial_match | same_club_bonus,Serhii Krykun WiktorowyczPiast Gliwice
Piast Gliwice,piast-gliwice,Krykun S.,serhij-krykun,piast-gliwice,2024/25,same_season_same_club,107,exact_nonfirst_ascii | exact_nonfirst_slugstyle | last_token_exact | last_token_slugstyle | token_overlap_ascii:krykun | token_overlap_slug:krykun | sim>=0.92:1.000 | initial_match | same_club_bonus,Serhii Krykun WiktorowyczPiast Gliwice
Piast Gliwice,piast-gliwice,Kądzior D.,damian-kadzior,piast-gliwice,2023/24,past_season_same_club,107,exact_nonfirst_ascii | exact_nonfirst_slugstyle | last_token_exact | last_token_slugstyle | token_overlap_ascii:kadzior | token_overlap_slug:kadzior | sim>=0.92:1.000 | initial_match | same_club_bonus,Damian KądziorPiast Gliwice
Piast Gliwice,piast-gliwice,Kądzior D.,damian-kadzior,piast-gliwice,2024/25,same_season_same_club,107,exact_nonfirst_ascii | exact_nonfirst_slugstyle | last_token_exact | last_token_slugstyle | token_overlap_ascii:kadzior | token_overlap_slug:kadzior | sim>=0.92:1.000 | initial_match | same_club_bonus,Damian KądziorPiast Gliwice
Piast Gliwice,piast-gliwice,Lewicki J.,jakub-lewicki,piast-gliwice,2025/26,future_season_same_club,109,exact_nonfirst_ascii | exact_nonfirst_slugstyle | last_token_exact | last_token_slugstyle | token_overlap_ascii:lewicki | token_overlap_slug:lewicki | sim>=0.92:1.000 | initial_match | same_club_bonus,Jakub LewickiPiast Gliwice
Piast Gliwice,piast-gliwice,Lewicki J.,jakub-lewicki,piast-gliwice,2024/25,same_season_same_club,107,exact_nonfirst_ascii | exact_nonfirst_slugstyle | last_token_exact | last_token_slugstyle | token_overlap_ascii:lewicki | token_overlap_slug:lewicki | sim>=0.92:1.000 | initial_match | same_club_bonus,Jakub LewickiPiast Gliwice
Piast Gliwice,piast-gliwice,Lewicki J.,jakub-lewicki,jagiellonia-bialystok,2023/24,past_season_other_club,104,exact_nonfirst_ascii | exact_nonfirst_slugstyle | last_token_exact | last_token_slugstyle | token_overlap_ascii:lewicki | token_overlap_slug:lewicki | sim>=0.92:1.000 | initial_match,Jakub LewickiJagiellonia Białystok
Piast Gliwice,piast-gliwice,Leśniak O.,oskar-lesniak,piast-gliwice,2025/26,future_season_same_club,109,exact_nonfirst_ascii | exact_nonfirst_slugstyle | last_token_exact | last_token_slugstyle | token_overlap_ascii:lesniak | token_overlap_slug:lesniak | sim>=0.92:1.000 | initial_match | same_club_bonus,Oskar LeśniakPiast Gliwice
Piast Gliwice,piast-gliwice,Leśniak O.,oskar-lesniak,piast-gliwice,2023/24,past_season_same_club,107,exact_nonfirst_ascii | exact_nonfirst_slugstyle | last_token_exact | last_token_slugstyle | token_overlap_ascii:lesniak | token_overlap_slug:lesniak | sim>=0.92:1.000 | initial_match | same_club_bonus,Oskar LeśniakPiast Gliwice
Piast Gliwice,piast-gliwice,Leśniak O.,oskar-lesniak,piast-gliwice,2024/25,same_season_same_club,107,exact_nonfirst_ascii | exact_nonfirst_slugstyle | last_token_exact | last_token_slugstyle | token_overlap_ascii:lesniak | token_overlap_slug:lesniak | sim>=0.92:1.000 | initial_match | same_club_bonus,Oskar LeśniakPiast Gliwice
Piast Gliwice,piast-gliwice,Mokwa T.,tomasz-mokwa,piast-gliwice,2025/26,future_season_same_club,109,exact_nonfirst_ascii | exact_nonfirst_slugstyle | last_token_exact | last_token_slugstyle | token_overlap_ascii:mokwa | token_overlap_slug:mokwa | sim>=0.92:1.000 | initial_match | same_club_bonus,Tomasz MokwaPiast Gliwice
Piast Gliwice,piast-gliwice,Mokwa T.,tomasz-mokwa,piast-gliwice,2023/24,past_season_same_club,107,exact_nonfirst_ascii | exact_nonfirst_slugstyle | last_token_exact | last_token_slugstyle | token_overlap_ascii:mokwa | token_overlap_slug:mokwa | sim>=0.92:1.000 | initial_match | same_club_bonus,Tomasz MokwaPiast Gliwice
Piast Gliwice,piast-gliwice,Mokwa T.,tomasz-mokwa,piast-gliwice,2024/25,same_season_same_club,107,exact_nonfirst_ascii | exact_nonfirst_slugstyle | last_token_exact | last_token_slugstyle | token_overlap_ascii:mokwa | token_overlap_slug:mokwa | sim>=0.92:1.000 | initial_match | same_club_bonus,Tomasz MokwaPiast Gliwice
Piast Gliwice,piast-gliwice,Mosór A.,ariel-pawe-mosor,piast-gliwice,2023/24,past_season_same_club,99,last_token_exact | last_token_slugstyle | token_overlap_ascii:mosor | token_overlap_slug:mosor | initial_match | same_club_bonus,Ariel Paweł MosórPiast Gliwice
Piast Gliwice,piast-gliwice,Mosór A.,ariel-pawe-mosor,piast-gliwice,2024/25,same_season_same_club,99,last_token_exact | last_token_slugstyle | token_overlap_ascii:mosor | token_overlap_slug:mosor | initial_match | same_club_bonus,Ariel Paweł MosórPiast Gliwice
Piast Gliwice,piast-gliwice,Mucha S.,szczepan-mucha,piast-gliwice,2025/26,future_season_same_club,109,exact_nonfirst_ascii | exact_nonfirst_slugstyle | last_token_exact | last_token_slugstyle | token_overlap_ascii:mucha | token_overlap_slug:mucha | sim>=0.92:1.000 | initial_match | same_club_bonus,Szczepan MuchaPiast Gliwice
Piast Gliwice,piast-gliwice,Mucha S.,szczepan-mucha,piast-gliwice,2024/25,same_season_same_club,107,exact_nonfirst_ascii | exact_nonfirst_slugstyle | last_token_exact | last_token_slugstyle | token_overlap_ascii:mucha | token_overlap_slug:mucha | sim>=0.92:1.000 | initial_match | same_club_bonus,Szczepan MuchaPiast Gliwice
Piast Gliwice,piast-gliwice,Nobrega M.,miguel-nobrega,piast-gliwice,2024/25,same_season_same_club,107,exact_nonfirst_ascii | exact_nonfirst_slugstyle | last_token_exact | last_token_slugstyle | token_overlap_ascii:nobrega | token_overlap_slug:nobrega | sim>=0.92:1.000 | initial_match | same_club_bonus,Miguel NóbregaPiast Gliwice
Piast Gliwice,piast-gliwice,Piasecki F.,fabian-piasecki,piast-gliwice,2023/24,past_season_same_club,107,exact_nonfirst_ascii | exact_nonfirst_slugstyle | last_token_exact | last_token_slugstyle | token_overlap_ascii:piasecki | token_overlap_slug:piasecki | sim>=0.92:1.000 | initial_match | same_club_bonus,Fabian PiaseckiPiast Gliwice
Piast Gliwice,piast-gliwice,Piasecki F.,fabian-piasecki,piast-gliwice,2024/25,same_season_same_club,107,exact_nonfirst_ascii | exact_nonfirst_slugstyle | last_token_exact | last_token_slugstyle | token_overlap_ascii:piasecki | token_overlap_slug:piasecki | sim>=0.92:1.000 | initial_match | same_club_bonus,Fabian PiaseckiPiast Gliwice
Piast Gliwice,piast-gliwice,Pitan L.,levis-pitan,piast-gliwice,2025/26,future_season_same_club,109,exact_nonfirst_ascii | exact_nonfirst_slugstyle | last_token_exact | last_token_slugstyle | token_overlap_ascii:pitan | token_overlap_slug:pitan | sim>=0.92:1.000 | initial_match | same_club_bonus,Levis PitanPiast Gliwice
Piast Gliwice,piast-gliwice,Pitan L.,levis-pitan,piast-gliwice,2024/25,same_season_same_club,107,exact_nonfirst_ascii | exact_nonfirst_slugstyle | last_token_exact | last_token_slugstyle | token_overlap_ascii:pitan | token_overlap_slug:pitan | sim>=0.92:1.000 | initial_match | same_club_bonus,Levis PitanPiast Gliwice
Piast Gliwice,piast-gliwice,Plach F.,frantisek-plach,piast-gliwice,2025/26,future_season_same_club,109,exact_nonfirst_ascii | exact_nonfirst_slugstyle | last_token_exact | last_token_slugstyle | token_overlap_ascii:plach | token_overlap_slug:plach | sim>=0.92:1.000 | initial_match | same_club_bonus,František PlachPiast Gliwice
Piast Gliwice,piast-gliwice,Plach F.,frantisek-plach,piast-gliwice,2023/24,past_season_same_club,107,exact_nonfirst_ascii | exact_nonfirst_slugstyle | last_token_exact | last_token_slugstyle | token_overlap_ascii:plach | token_overlap_slug:plach | sim>=0.92:1.000 | initial_match | same_club_bonus,František PlachPiast Gliwice
Piast Gliwice,piast-gliwice,Plach F.,frantisek-plach,piast-gliwice,2024/25,same_season_same_club,107,exact_nonfirst_ascii | exact_nonfirst_slugstyle | last_token_exact | last_token_slugstyle | token_overlap_ascii:plach | token_overlap_slug:plach | sim>=0.92:1.000 | initial_match | same_club_bonus,František PlachPiast Gliwice
Piast Gliwice,piast-gliwice,Pyrka A.,arkadiusz-pyrka,piast-gliwice,2023/24,past_season_same_club,107,exact_nonfirst_ascii | exact_nonfirst_slugstyle | last_token_exact | last_token_slugstyle | token_overlap_ascii:pyrka | token_overlap_slug:pyrka | sim>=0.92:1.000 | initial_match | same_club_bonus,Arkadiusz PyrkaPiast Gliwice
Piast Gliwice,piast-gliwice,Pyrka A.,arkadiusz-pyrka,piast-gliwice,2024/25,same_season_same_club,107,exact_nonfirst_ascii | exact_nonfirst_slugstyle | last_token_exact | last_token_slugstyle | token_overlap_ascii:pyrka | token_overlap_slug:pyrka | sim>=0.92:1.000 | initial_match | same_club_bonus,Arkadiusz PyrkaPiast Gliwice
Piast Gliwice,piast-gliwice,Rosołek M.,maciej-rosoek,legia-warszawa,2023/24,past_season_other_club,104,exact_nonfirst_slugstyle | last_token_slugstyle | token_overlap_slug:rosoek | sim>=0.92:0.923 | initial_match,Maciej RosołekLegia Warszawa
Piast Gliwice,piast-gliwice,Szczepański M.,miosz-szczepanski,piast-gliwice,2023/24,past_season_same_club,107,exact_nonfirst_ascii | exact_nonfirst_slugstyle | last_token_exact | last_token_slugstyle | token_overlap_ascii:szczepanski | token_overlap_slug:szczepanski | sim>=0.92:1.000 | initial_match | same_club_bonus,Miłosz SzczepańskiPiast Gliwice
Piast Gliwice,piast-gliwice,Szczepański M.,miosz-szczepanski,piast-gliwice,2024/25,same_season_same_club,107,exact_nonfirst_ascii | exact_nonfirst_slugstyle | last_token_exact | last_token_slugstyle | token_overlap_ascii:szczepanski | token_overlap_slug:szczepanski | sim>=0.92:1.000 | initial_match | same_club_bonus,Miłosz SzczepańskiPiast Gliwice
Piast Gliwice,piast-gliwice,Szczepański M.,daniel-szczepan,ruch-chorzow,2023/24,past_season_other_club,78,sim>=0.78:0.842,Daniel SzczepanRuch Chorzów
Piast Gliwice,piast-gliwice,Szymański K.,karol-szymanski,piast-gliwice,2025/26,future_season_same_club,109,exact_nonfirst_ascii | exact_nonfirst_slugstyle | last_token_exact | last_token_slugstyle | token_overlap_ascii:szymanski | token_overlap_slug:szymanski | sim>=0.92:1.000 | initial_match | same_club_bonus,Karol SzymańskiPiast Gliwice
Piast Gliwice,piast-gliwice,Szymański K.,karol-szymanski,piast-gliwice,2023/24,past_season_same_club,107,exact_nonfirst_ascii | exact_nonfirst_slugstyle | last_token_exact | last_token_slugstyle | token_overlap_ascii:szymanski | token_overlap_slug:szymanski | sim>=0.92:1.000 | initial_match | same_club_bonus,Karol SzymańskiPiast Gliwice
Piast Gliwice,piast-gliwice,Szymański K.,szymon-szymanski,ruch-chorzow,2023/24,past_season_other_club,100,exact_nonfirst_ascii | exact_nonfirst_slugstyle | last_token_exact | last_token_slugstyle | token_overlap_ascii:szymanski | token_overlap_slug:szymanski | sim>=0.92:1.000,Szymon SzymańskiRuch Chorzów
Piast Gliwice,piast-gliwice,Tomasiewicz G.,grzegorz-tomasiewicz,piast-gliwice,2025/26,future_season_same_club,109,exact_nonfirst_ascii | exact_nonfirst_slugstyle | last_token_exact | last_token_slugstyle | token_overlap_ascii:tomasiewicz | token_overlap_slug:tomasiewicz | sim>=0.92:1.000 | initial_match | same_club_bonus,Grzegorz TomasiewiczPiast Gliwice
Piast Gliwice,piast-gliwice,Tomasiewicz G.,grzegorz-tomasiewicz,piast-gliwice,2023/24,past_season_same_club,107,exact_nonfirst_ascii | exact_nonfirst_slugstyle | last_token_exact | last_token_slugstyle | token_overlap_ascii:tomasiewicz | token_overlap_slug:tomasiewicz | sim>=0.92:1.000 | initial_match | same_club_bonus,Grzegorz TomasiewiczPiast Gliwice
Piast Gliwice,piast-gliwice,Tomasiewicz G.,grzegorz-tomasiewicz,piast-gliwice,2024/25,same_season_same_club,107,exact_nonfirst_ascii | exact_nonfirst_slugstyle | last_token_exact | last_token_slugstyle | token_overlap_ascii:tomasiewicz | token_overlap_slug:tomasiewicz | sim>=0.92:1.000 | initial_match | same_club_bonus,Grzegorz TomasiewiczPiast Gliwice
Piast Gliwice,piast-gliwice,Zedadka A.,akim-zedadka,piast-gliwice,2024/25,same_season_same_club,107,exact_nonfirst_ascii | exact_nonfirst_slugstyle | last_token_exact | last_token_slugstyle | token_overlap_ascii:zedadka | token_overlap_slug:zedadka | sim>=0.92:1.000 | initial_match | same_club_bonus,Akim ZedadkaPiast Gliwice
Pogoń Szczecin,pogon-szczecin,Bak M.,mateusz-bak,pogon-szczecin,2024/25,same_season_same_club,107,exact_nonfirst_ascii | exact_nonfirst_slugstyle | last_token_exact | last_token_slugstyle | sim>=0.92:1.000 | initial_match | same_club_bonus,Mateusz BąkPogoń Szczecin
Pogoń Szczecin,pogon-szczecin,Bak M.,daniel-bak,korona-kielce,2023/24,past_season_other_club,100,exact_nonfirst_ascii | exact_nonfirst_slugstyle | last_token_exact | last_token_slugstyle | sim>=0.92:1.000,Daniel BąkKorona Kielce
Pogoń Szczecin,pogon-szczecin,Bak M.,makana-baku,legia-warszawa,2023/24,past_season_other_club,88,sim>=0.85:0.857 | initial_match,Makana Nsimba BakuLegia Warszawa
Pogoń Szczecin,pogon-szczecin,Bichakhchyan V.,vahan-bichakhchyan,pogon-szczecin,2023/24,past_season_same_club,107,exact_nonfirst_ascii | exact_nonfirst_slugstyle | last_token_exact | last_token_slugstyle | token_overlap_ascii:bichakhchyan | token_overlap_slug:bichakhchyan | sim>=0.92:1.000 | initial_match | same_club_bonus,Vahan BichakhchyanPogoń Szczecin
Pogoń Szczecin,pogon-szczecin,Cojocaru V.,valentin-alexandru-cojocaru,pogon-szczecin,2025/26,future_season_same_club,101,last_token_exact | last_token_slugstyle | token_overlap_ascii:cojocaru | token_overlap_slug:cojocaru | initial_match | same_club_bonus,Valentin Alexandru CojocaruPogoń Szczecin
Pogoń Szczecin,pogon-szczecin,Cojocaru V.,valentin-alexandru-cojocaru,pogon-szczecin,2023/24,past_season_same_club,99,last_token_exact | last_token_slugstyle | token_overlap_ascii:cojocaru | token_overlap_slug:cojocaru | initial_match | same_club_bonus,Valentin Alexandru CojocaruPogoń Szczecin
Pogoń Szczecin,pogon-szczecin,Cojocaru V.,valentin-alexandru-cojocaru,pogon-szczecin,2024/25,same_season_same_club,99,last_token_exact | last_token_slugstyle | token_overlap_ascii:cojocaru | token_overlap_slug:cojocaru | initial_match | same_club_bonus,Valentin Alexandru CojocaruPogoń Szczecin
Pogoń Szczecin,pogon-szczecin,Gamboa J.,joao-pedro-da-costa-gamboa,pogon-szczecin,2023/24,past_season_same_club,99,last_token_exact | last_token_slugstyle | token_overlap_ascii:gamboa | token_overlap_slug:gamboa | initial_match | same_club_bonus,João GamboaPogoń Szczecin
Pogoń Szczecin,pogon-szczecin,Gamboa J.,joao-pedro-da-costa-gamboa,pogon-szczecin,2024/25,same_season_same_club,99,last_token_exact | last_token_slugstyle | token_overlap_ascii:gamboa | token_overlap_slug:gamboa | initial_match | same_club_bonus,João GamboaPogoń Szczecin
Pogoń Szczecin,pogon-szczecin,Gorgon A.,alexander-gorgon,pogon-szczecin,2023/24,past_season_same_club,107,exact_nonfirst_ascii | exact_nonfirst_slugstyle | last_token_exact | last_token_slugstyle | token_overlap_ascii:gorgon | token_overlap_slug:gorgon | sim>=0.92:1.000 | initial_match | same_club_bonus,Alexander GorgonPogoń Szczecin
Pogoń Szczecin,pogon-szczecin,Gorgon A.,alexander-gorgon,pogon-szczecin,2024/25,same_season_same_club,107,exact_nonfirst_ascii | exact_nonfirst_slugstyle | last_token_exact | last_token_slugstyle | token_overlap_ascii:gorgon | token_overlap_slug:gorgon | sim>=0.92:1.000 | initial_match | same_club_bonus,Alexander GorgonPogoń Szczecin
Pogoń Szczecin,pogon-szczecin,Grosicki K.,kamil-pawe-grosicki,pogon-szczecin,2025/26,future_season_same_club,101,last_token_exact | last_token_slugstyle | token_overlap_ascii:grosicki | token_overlap_slug:grosicki | sim>=0.78:0.800 | initial_match | same_club_bonus,Kamil Paweł GrosickiPogoń Szczecin
Pogoń Szczecin,pogon-szczecin,Grosicki K.,kamil-pawe-grosicki,pogon-szczecin,2023/24,past_season_same_club,99,last_token_exact | last_token_slugstyle | token_overlap_ascii:grosicki | token_overlap_slug:grosicki | sim>=0.78:0.800 | initial_match | same_club_bonus,Kamil Paweł GrosickiPogoń Szczecin
Pogoń Szczecin,pogon-szczecin,Grosicki K.,kamil-pawe-grosicki,pogon-szczecin,2024/25,same_season_same_club,99,last_token_exact | last_token_slugstyle | token_overlap_ascii:grosicki | token_overlap_slug:grosicki | sim>=0.78:0.800 | initial_match | same_club_bonus,Kamil Paweł GrosickiPogoń Szczecin
Pogoń Szczecin,pogon-szczecin,Kamiński K.,krzysztof-kaminski,pogon-szczecin,2025/26,future_season_same_club,109,exact_nonfirst_ascii | exact_nonfirst_slugstyle | last_token_exact | last_token_slugstyle | token_overlap_ascii:kaminski | token_overlap_slug:kaminski | sim>=0.92:1.000 | initial_match | same_club_bonus,Krzysztof KamińskiPogoń Szczecin
Pogoń Szczecin,pogon-szczecin,Kamiński K.,krzysztof-kaminski,ruch-chorzow,2023/24,past_season_other_club,104,exact_nonfirst_ascii | exact_nonfirst_slugstyle | last_token_exact | last_token_slugstyle | token_overlap_ascii:kaminski | token_overlap_slug:kaminski | sim>=0.92:1.000 | initial_match,Krzysztof KamińskiRuch Chorzów
Pogoń Szczecin,pogon-szczecin,Kamiński K.,wiktor-kaminski,warta-poznan,2023/24,past_season_other_club,100,exact_nonfirst_ascii | exact_nonfirst_slugstyle | last_token_exact | last_token_slugstyle | token_overlap_ascii:kaminski | token_overlap_slug:kaminski | sim>=0.92:1.000,Wiktor KamińskiWarta Poznań
Pogoń Szczecin,pogon-szczecin,Keramitsis D.,dimitris-keramitsis,pogon-szczecin,2025/26,future_season_same_club,109,exact_nonfirst_ascii | exact_nonfirst_slugstyle | last_token_exact | last_token_slugstyle | token_overlap_ascii:keramitsis | token_overlap_slug:keramitsis | sim>=0.92:1.000 | initial_match | same_club_bonus,Dimitris KeramitsisPogoń Szczecin
Pogoń Szczecin,pogon-szczecin,Keramitsis D.,dimitris-keramitsis,pogon-szczecin,2024/25,same_season_same_club,107,exact_nonfirst_ascii | exact_nonfirst_slugstyle | last_token_exact | last_token_slugstyle | token_overlap_ascii:keramitsis | token_overlap_slug:keramitsis | sim>=0.92:1.000 | initial_match | same_club_bonus,Dimitris KeramitsisPogoń Szczecin
Pogoń Szczecin,pogon-szczecin,Klukowski A.,antoni-klukowski,pogon-szczecin,2024/25,same_season_same_club,107,exact_nonfirst_ascii | exact_nonfirst_slugstyle | last_token_exact | last_token_slugstyle | token_overlap_ascii:klukowski | token_overlap_slug:klukowski | sim>=0.92:1.000 | initial_match | same_club_bonus,Antoni KlukowskiPogoń Szczecin
Pogoń Szczecin,pogon-szczecin,Klukowski A.,jakub-ukowski,korona-kielce,2023/24,past_season_other_club,84,sim>=0.85:0.875,Jakub ŁukowskiKorona Kielce
Pogoń Szczecin,pogon-szczecin,Klukowski A.,krzysztof-kurowski,slask-wroclaw,2023/24,past_season_other_club,78,sim>=0.78:0.824,Krzysztof KurowskiŚląsk Wrocław
Pogoń Szczecin,pogon-szczecin,Klukowski A.,mateusz-zukowski,slask-wroclaw,2023/24,past_season_other_club,78,sim>=0.78:0.824,Mateusz ŻukowskiŚląsk Wrocław
Pogoń Szczecin,pogon-szczecin,Korczakowski O.,olaf-korczakowski,pogon-szczecin,2023/24,past_season_same_club,107,exact_nonfirst_ascii | exact_nonfirst_slugstyle | last_token_exact | last_token_slugstyle | token_overlap_ascii:korczakowski | token_overlap_slug:korczakowski | sim>=0.92:1.000 | initial_match | same_club_bonus,Olaf Igor KorczakowskiPogoń Szczecin
Pogoń Szczecin,pogon-szczecin,Korczakowski O.,olaf-korczakowski,pogon-szczecin,2024/25,same_season_same_club,107,exact_nonfirst_ascii | exact_nonfirst_slugstyle | last_token_exact | last_token_slugstyle | token_overlap_ascii:korczakowski | token_overlap_slug:korczakowski | sim>=0.92:1.000 | initial_match | same_club_bonus,Olaf Igor KorczakowskiPogoń Szczecin
Pogoń Szczecin,pogon-szczecin,Korczakowski O.,martin-konczkowski,slask-wroclaw,2023/24,past_season_other_club,84,sim>=0.85:0.870,Martin KonczkowskiŚląsk Wrocław
Pogoń Szczecin,pogon-szczecin,Koulouris E.,efthymios-koulouris,pogon-szczecin,2025/26,future_season_same_club,109,exact_nonfirst_ascii | exact_nonfirst_slugstyle | last_token_exact | last_token_slugstyle | token_overlap_ascii:koulouris | token_overlap_slug:koulouris | sim>=0.92:1.000 | initial_match | same_club_bonus,Efthymios KoulourisPogoń Szczecin
Pogoń Szczecin,pogon-szczecin,Koulouris E.,efthymios-koulouris,pogon-szczecin,2023/24,past_season_same_club,107,exact_nonfirst_ascii | exact_nonfirst_slugstyle | last_token_exact | last_token_slugstyle | token_overlap_ascii:koulouris | token_overlap_slug:koulouris | sim>=0.92:1.000 | initial_match | same_club_bonus,Efthymios KoulourisPogoń Szczecin
Pogoń Szczecin,pogon-szczecin,Koulouris E.,efthymios-koulouris,pogon-szczecin,2024/25,same_season_same_club,107,exact_nonfirst_ascii | exact_nonfirst_slugstyle | last_token_exact | last_token_slugstyle | token_overlap_ascii:koulouris | token_overlap_slug:koulouris | sim>=0.92:1.000 | initial_match | same_club_bonus,Efthymios KoulourisPogoń Szczecin
Pogoń Szczecin,pogon-szczecin,Koutris L.,leonardo-pablo-koutris,pogon-szczecin,2025/26,future_season_same_club,101,last_token_exact | last_token_slugstyle | token_overlap_ascii:koutris | token_overlap_slug:koutris | initial_match | same_club_bonus,Leonárdo Páblo KoútrisPogoń Szczecin
Pogoń Szczecin,pogon-szczecin,Koutris L.,leonardo-pablo-koutris,pogon-szczecin,2023/24,past_season_same_club,99,last_token_exact | last_token_slugstyle | token_overlap_ascii:koutris | token_overlap_slug:koutris | initial_match | same_club_bonus,Leonárdo Páblo KoútrisPogoń Szczecin
Pogoń Szczecin,pogon-szczecin,Koutris L.,leonardo-pablo-koutris,pogon-szczecin,2024/25,same_season_same_club,99,last_token_exact | last_token_slugstyle | token_overlap_ascii:koutris | token_overlap_slug:koutris | initial_match | same_club_bonus,Leonárdo Páblo KoútrisPogoń Szczecin
Pogoń Szczecin,pogon-szczecin,Kurzawa R.,rafa-maciej-kurzawa,pogon-szczecin,2023/24,past_season_same_club,99,last_token_exact | last_token_slugstyle | token_overlap_ascii:kurzawa | token_overlap_slug:kurzawa | initial_match | same_club_bonus,Rafał Maciej KurzawaPogoń Szczecin
Pogoń Szczecin,pogon-szczecin,Kurzawa R.,rafa-maciej-kurzawa,pogon-szczecin,2024/25,same_season_same_club,99,last_token_exact | last_token_slugstyle | token_overlap_ascii:kurzawa | token_overlap_slug:kurzawa | initial_match | same_club_bonus,Rafał Maciej KurzawaPogoń Szczecin
Pogoń Szczecin,pogon-szczecin,Leo Borges,leonardo-borges-da-silva,pogon-szczecin,2025/26,future_season_same_club,91,token_overlap_ascii:borges | token_overlap_slug:borges | same_club_bonus,Léo BorgesPogoń Szczecin
Pogoń Szczecin,pogon-szczecin,Leo Borges,leonardo-borges-da-silva,pogon-szczecin,2023/24,past_season_same_club,89,token_overlap_ascii:borges | token_overlap_slug:borges | same_club_bonus,Léo BorgesPogoń Szczecin
Pogoń Szczecin,pogon-szczecin,Leo Borges,leonardo-borges-da-silva,pogon-szczecin,2024/25,same_season_same_club,89,token_overlap_ascii:borges | token_overlap_slug:borges | same_club_bonus,Léo BorgesPogoń Szczecin
Pogoń Szczecin,pogon-szczecin,Lis J.,jakub-lis,pogon-szczecin,2025/26,future_season_same_club,109,exact_nonfirst_ascii | exact_nonfirst_slugstyle | last_token_exact | last_token_slugstyle | sim>=0.92:1.000 | initial_match | same_club_bonus,Jakub LisPogoń Szczecin
Pogoń Szczecin,pogon-szczecin,Lis J.,jakub-lis,pogon-szczecin,2024/25,same_season_same_club,107,exact_nonfirst_ascii | exact_nonfirst_slugstyle | last_token_exact | last_token_slugstyle | sim>=0.92:1.000 | initial_match | same_club_bonus,Jakub LisPogoń Szczecin
Pogoń Szczecin,pogon-szczecin,Lis J.,adrian-lis,warta-poznan,2023/24,past_season_other_club,100,exact_nonfirst_ascii | exact_nonfirst_slugstyle | last_token_exact | last_token_slugstyle | sim>=0.92:1.000,Adrian LisWarta Poznań
Pogoń Szczecin,pogon-szczecin,Lis J.,marcin-flis,lks-lodz,2023/24,past_season_other_club,84,sim>=0.85:0.857,Marcin FlisŁKS Łódź
Pogoń Szczecin,pogon-szczecin,Lis J.,miguel-luis,warta-poznan,2023/24,past_season_other_club,84,sim>=0.85:0.857,Miguel LuísWarta Poznań
Pogoń Szczecin,pogon-szczecin,Lisowski W.,wojciech-lisowski,pogon-szczecin,2023/24,past_season_same_club,107,exact_nonfirst_ascii | exact_nonfirst_slugstyle | last_token_exact | last_token_slugstyle | token_overlap_ascii:lisowski | token_overlap_slug:lisowski | sim>=0.92:1.000 | initial_match | same_club_bonus,Wojciech LisowskiPogoń Szczecin
Pogoń Szczecin,pogon-szczecin,Lisowski W.,wojciech-lisowski,pogon-szczecin,2024/25,same_season_same_club,107,exact_nonfirst_ascii | exact_nonfirst_slugstyle | last_token_exact | last_token_slugstyle | token_overlap_ascii:lisowski | token_overlap_slug:lisowski | sim>=0.92:1.000 | initial_match | same_club_bonus,Wojciech LisowskiPogoń Szczecin
Pogoń Szczecin,pogon-szczecin,Lisowski W.,piotr-liszewski,piast-gliwice,2023/24,past_season_other_club,78,sim>=0.78:0.824,Piotr LiszewskiPiast Gliwice
Pogoń Szczecin,pogon-szczecin,Loncar D.,danijel-loncar,pogon-szczecin,2025/26,future_season_same_club,109,exact_nonfirst_ascii | exact_nonfirst_slugstyle | last_token_exact | last_token_slugstyle | token_overlap_ascii:loncar | token_overlap_slug:loncar | sim>=0.92:1.000 | initial_match | same_club_bonus,Danijel LončarPogoń Szczecin
Pogoń Szczecin,pogon-szczecin,Loncar D.,danijel-loncar,pogon-szczecin,2023/24,past_season_same_club,107,exact_nonfirst_ascii | exact_nonfirst_slugstyle | last_token_exact | last_token_slugstyle | token_overlap_ascii:loncar | token_overlap_slug:loncar | sim>=0.92:1.000 | initial_match | same_club_bonus,Danijel LončarPogoń Szczecin
Pogoń Szczecin,pogon-szczecin,Loncar D.,danijel-loncar,pogon-szczecin,2024/25,same_season_same_club,107,exact_nonfirst_ascii | exact_nonfirst_slugstyle | last_token_exact | last_token_slugstyle | token_overlap_ascii:loncar | token_overlap_slug:loncar | sim>=0.92:1.000 | initial_match | same_club_bonus,Danijel LončarPogoń Szczecin
Pogoń Szczecin,pogon-szczecin,Malec M.,mariusz-malec,pogon-szczecin,2023/24,past_season_same_club,107,exact_nonfirst_ascii | exact_nonfirst_slugstyle | last_token_exact | last_token_slugstyle | token_overlap_ascii:malec | token_overlap_slug:malec | sim>=0.92:1.000 | initial_match | same_club_bonus,Mariusz MalecPogoń Szczecin
Pogoń Szczecin,pogon-szczecin,Malec M.,mariusz-malec,pogon-szczecin,2024/25,same_season_same_club,107,exact_nonfirst_ascii | exact_nonfirst_slugstyle | last_token_exact | last_token_slugstyle | token_overlap_ascii:malec | token_overlap_slug:malec | sim>=0.92:1.000 | initial_match | same_club_bonus,Mariusz MalecPogoń Szczecin
Pogoń Szczecin,pogon-szczecin,Paryzek P.,patryk-paryzek,pogon-szczecin,2025/26,future_season_same_club,109,exact_nonfirst_ascii | exact_nonfirst_slugstyle | last_token_exact | last_token_slugstyle | token_overlap_ascii:paryzek | token_overlap_slug:paryzek | sim>=0.92:1.000 | initial_match | same_club_bonus,Patryk ParyzekPogoń Szczecin
Pogoń Szczecin,pogon-szczecin,Paryzek P.,patryk-paryzek,pogon-szczecin,2023/24,past_season_same_club,107,exact_nonfirst_ascii | exact_nonfirst_slugstyle | last_token_exact | last_token_slugstyle | token_overlap_ascii:paryzek | token_overlap_slug:paryzek | sim>=0.92:1.000 | initial_match | same_club_bonus,Patryk ParyzekPogoń Szczecin
Pogoń Szczecin,pogon-szczecin,Paryzek P.,patryk-paryzek,pogon-szczecin,2024/25,same_season_same_club,107,exact_nonfirst_ascii | exact_nonfirst_slugstyle | last_token_exact | last_token_slugstyle | token_overlap_ascii:paryzek | token_overlap_slug:paryzek | sim>=0.92:1.000 | initial_match | same_club_bonus,Patryk ParyzekPogoń Szczecin
Pogoń Szczecin,pogon-szczecin,Przyborek A.,adrian-przyborek,pogon-szczecin,2025/26,future_season_same_club,109,exact_nonfirst_ascii | exact_nonfirst_slugstyle | last_token_exact | last_token_slugstyle | token_overlap_ascii:przyborek | token_overlap_slug:przyborek | sim>=0.92:1.000 | initial_match | same_club_bonus,Adrian PrzyborekPogoń Szczecin
Pogoń Szczecin,pogon-szczecin,Przyborek A.,adrian-przyborek,pogon-szczecin,2023/24,past_season_same_club,107,exact_nonfirst_ascii | exact_nonfirst_slugstyle | last_token_exact | last_token_slugstyle | token_overlap_ascii:przyborek | token_overlap_slug:przyborek | sim>=0.92:1.000 | initial_match | same_club_bonus,Adrian PrzyborekPogoń Szczecin
Pogoń Szczecin,pogon-szczecin,Przyborek A.,adrian-przyborek,pogon-szczecin,2024/25,same_season_same_club,107,exact_nonfirst_ascii | exact_nonfirst_slugstyle | last_token_exact | last_token_slugstyle | token_overlap_ascii:przyborek | token_overlap_slug:przyborek | sim>=0.92:1.000 | initial_match | same_club_bonus,Adrian PrzyborekPogoń Szczecin
Pogoń Szczecin,pogon-szczecin,Przyborek A.,filip-przybuek,widzew-lodz,2023/24,past_season_other_club,78,sim>=0.78:0.824,Filip PrzybułekWidzew Łódź
Pogoń Szczecin,pogon-szczecin,Smoliński K.,kacper-smolinski,pogon-szczecin,2025/26,future_season_same_club,109,exact_nonfirst_ascii | exact_nonfirst_slugstyle | last_token_exact | last_token_slugstyle | token_overlap_ascii:smolinski | token_overlap_slug:smolinski | sim>=0.92:1.000 | initial_match | same_club_bonus,Kacper SmolińskiPogoń Szczecin
Pogoń Szczecin,pogon-szczecin,Smoliński K.,kacper-smolinski,pogon-szczecin,2023/24,past_season_same_club,107,exact_nonfirst_ascii | exact_nonfirst_slugstyle | last_token_exact | last_token_slugstyle | token_overlap_ascii:smolinski | token_overlap_slug:smolinski | sim>=0.92:1.000 | initial_match | same_club_bonus,Kacper SmolińskiPogoń Szczecin
Pogoń Szczecin,pogon-szczecin,Smoliński K.,kacper-smolinski,pogon-szczecin,2024/25,same_season_same_club,107,exact_nonfirst_ascii | exact_nonfirst_slugstyle | last_token_exact | last_token_slugstyle | token_overlap_ascii:smolinski | token_overlap_slug:smolinski | sim>=0.92:1.000 | initial_match | same_club_bonus,Kacper SmolińskiPogoń Szczecin
Pogoń Szczecin,pogon-szczecin,Ulvestad F.,fredrik-stense-ulvestad,pogon-szczecin,2025/26,future_season_same_club,101,last_token_exact | last_token_slugstyle | token_overlap_ascii:ulvestad | token_overlap_slug:ulvestad | initial_match | same_club_bonus,Fredrik Stensøe UlvestadPogoń Szczecin
Pogoń Szczecin,pogon-szczecin,Ulvestad F.,fredrik-stense-ulvestad,pogon-szczecin,2023/24,past_season_same_club,99,last_token_exact | last_token_slugstyle | token_overlap_ascii:ulvestad | token_overlap_slug:ulvestad | initial_match | same_club_bonus,Fredrik Stensøe UlvestadPogoń Szczecin
Pogoń Szczecin,pogon-szczecin,Ulvestad F.,fredrik-stense-ulvestad,pogon-szczecin,2024/25,same_season_same_club,99,last_token_exact | last_token_slugstyle | token_overlap_ascii:ulvestad | token_overlap_slug:ulvestad | initial_match | same_club_bonus,Fredrik Stensøe UlvestadPogoń Szczecin
Pogoń Szczecin,pogon-szczecin,Wahlqvist L.,rolf-linus-wahlqvist-egnell,pogon-szczecin,2025/26,future_season_same_club,91,token_overlap_ascii:wahlqvist | token_overlap_slug:wahlqvist | same_club_bonus,Rolf Linus Wahlqvist EgnellPogoń Szczecin
Pogoń Szczecin,pogon-szczecin,Wahlqvist L.,rolf-linus-wahlqvist-egnell,pogon-szczecin,2023/24,past_season_same_club,89,token_overlap_ascii:wahlqvist | token_overlap_slug:wahlqvist | same_club_bonus,Rolf Linus Wahlqvist EgnellPogoń Szczecin
Pogoń Szczecin,pogon-szczecin,Wahlqvist L.,rolf-linus-wahlqvist-egnell,pogon-szczecin,2024/25,same_season_same_club,89,token_overlap_ascii:wahlqvist | token_overlap_slug:wahlqvist | same_club_bonus,Rolf Linus Wahlqvist EgnellPogoń Szczecin
Pogoń Szczecin,pogon-szczecin,Wawrzynowicz S.,stanisaw-wawrzynowicz,pogon-szczecin,2023/24,past_season_same_club,107,exact_nonfirst_ascii | exact_nonfirst_slugstyle | last_token_exact | last_token_slugstyle | token_overlap_ascii:wawrzynowicz | token_overlap_slug:wawrzynowicz | sim>=0.92:1.000 | initial_match | same_club_bonus,Stanisław WawrzynowiczPogoń Szczecin
Pogoń Szczecin,pogon-szczecin,Wojciechowski M.,maciej-wojciechowski,pogon-szczecin,2025/26,future_season_same_club,109,exact_nonfirst_ascii | exact_nonfirst_slugstyle | last_token_exact | last_token_slugstyle | token_overlap_ascii:wojciechowski | token_overlap_slug:wojciechowski | sim>=0.92:1.000 | initial_match | same_club_bonus,Maciej WojciechowskiPogoń Szczecin
Pogoń Szczecin,pogon-szczecin,Wojciechowski M.,wojciech-lisowski,pogon-szczecin,2023/24,past_season_same_club,87,sim>=0.85:0.897 | same_club_bonus,Wojciech LisowskiPogoń Szczecin
Pogoń Szczecin,pogon-szczecin,Wojciechowski M.,wojciech-lisowski,pogon-szczecin,2024/25,same_season_same_club,87,sim>=0.85:0.897 | same_club_bonus,Wojciech LisowskiPogoń Szczecin
Pogoń Szczecin,pogon-szczecin,Wojciechowski M.,wojciech-aski,jagiellonia-bialystok,2023/24,past_season_other_club,84,sim>=0.85:0.880,Wojciech ŁaskiJagiellonia Białystok
Pogoń Szczecin,pogon-szczecin,Wędrychowski M.,marcel-wedrychowski,pogon-szczecin,2023/24,past_season_same_club,107,exact_nonfirst_ascii | exact_nonfirst_slugstyle | last_token_exact | last_token_slugstyle | token_overlap_ascii:wedrychowski | token_overlap_slug:wedrychowski | sim>=0.92:1.000 | initial_match | same_club_bonus,Marcel WędrychowskiPogoń Szczecin
Pogoń Szczecin,pogon-szczecin,Wędrychowski M.,marcel-wedrychowski,pogon-szczecin,2024/25,same_season_same_club,107,exact_nonfirst_ascii | exact_nonfirst_slugstyle | last_token_exact | last_token_slugstyle | token_overlap_ascii:wedrychowski | token_overlap_slug:wedrychowski | sim>=0.92:1.000 | initial_match | same_club_bonus,Marcel WędrychowskiPogoń Szczecin
Pogoń Szczecin,pogon-szczecin,Wędrychowski M.,tomasz-swedrowski,ruch-chorzow,2023/24,past_season_other_club,78,sim>=0.78:0.818,Tomasz SwędrowskiRuch Chorzów
Pogoń Szczecin,pogon-szczecin,Zech B.,benedikt-zech,pogon-szczecin,2023/24,past_season_same_club,107,exact_nonfirst_ascii | exact_nonfirst_slugstyle | last_token_exact | last_token_slugstyle | token_overlap_ascii:zech | token_overlap_slug:zech | sim>=0.92:1.000 | initial_match | same_club_bonus,Benedikt ZechPogoń Szczecin
Pogoń Szczecin,pogon-szczecin,Zech B.,benedikt-zech,pogon-szczecin,2024/25,same_season_same_club,107,exact_nonfirst_ascii | exact_nonfirst_slugstyle | last_token_exact | last_token_slugstyle | token_overlap_ascii:zech | token_overlap_slug:zech | sim>=0.92:1.000 | initial_match | same_club_bonus,Benedikt ZechPogoń Szczecin
Pogoń Szczecin,pogon-szczecin,Łukasiak K.,kacper-ukasiak,pogon-szczecin,2024/25,same_season_same_club,107,exact_nonfirst_slugstyle | last_token_slugstyle | token_overlap_slug:ukasiak | sim>=0.92:0.933 | initial_match | same_club_bonus,Kacper ŁukasiakPogoń Szczecin
Pogoń Szczecin,pogon-szczecin,Łukasiak K.,daniel-ukasik,slask-wroclaw,2023/24,past_season_other_club,84,sim>=0.85:0.857,Daniel ŁukasikŚląsk Wrocław
Puszcza Niepołomice,puszcza-niepolomice,Abramowicz D.,dawid-abramowicz,puszcza-niepolomice,2024/25,same_season_same_club,107,exact_nonfirst_ascii | exact_nonfirst_slugstyle | last_token_exact | last_token_slugstyle | token_overlap_ascii:abramowicz | token_overlap_slug:abramowicz | sim>=0.92:1.000 | initial_match | same_club_bonus,Dawid AbramowiczPuszcza Niepołomice
Puszcza Niepołomice,puszcza-niepolomice,Abramowicz D.,dawid-abramowicz,radomiak-radom,2023/24,past_season_other_club,104,exact_nonfirst_ascii | exact_nonfirst_slugstyle | last_token_exact | last_token_slugstyle | token_overlap_ascii:abramowicz | token_overlap_slug:abramowicz | sim>=0.92:1.000 | initial_match,Dawid AbramowiczRadomiak Radom
Puszcza Niepołomice,puszcza-niepolomice,Atanasov J.,jani-atanasov,puszcza-niepolomice,2024/25,same_season_same_club,107,exact_nonfirst_ascii | exact_nonfirst_slugstyle | last_token_exact | last_token_slugstyle | token_overlap_ascii:atanasov | token_overlap_slug:atanasov | sim>=0.92:1.000 | initial_match | same_club_bonus,Jani AtanasovPuszcza Niepołomice
Puszcza Niepołomice,puszcza-niepolomice,Atanasov J.,jani-atanasov,cracovia,2023/24,past_season_other_club,104,exact_nonfirst_ascii | exact_nonfirst_slugstyle | last_token_exact | last_token_slugstyle | token_overlap_ascii:atanasov | token_overlap_slug:atanasov | sim>=0.92:1.000 | initial_match,Jani AtanasovCracovia
Puszcza Niepołomice,puszcza-niepolomice,Barkovskiy G.,german-barkovskiy,puszcza-niepolomice,2024/25,same_season_same_club,107,exact_nonfirst_ascii | exact_nonfirst_slugstyle | last_token_exact | last_token_slugstyle | token_overlap_ascii:barkovskiy | token_overlap_slug:barkovskiy | sim>=0.92:1.000 | initial_match | same_club_bonus,German BarkovskiyPuszcza Niepołomice
Puszcza Niepołomice,puszcza-niepolomice,Barkovskiy G.,jakub-bartkowski,warta-poznan,2023/24,past_season_other_club,78,sim>=0.78:0.800,Jakub BartkowskiWarta Poznań
Puszcza Niepołomice,puszcza-niepolomice,Blagaic J.,jakov-blagaic,puszcza-niepolomice,2024/25,same_season_same_club,107,exact_nonfirst_ascii | exact_nonfirst_slugstyle | last_token_exact | last_token_slugstyle | token_overlap_ascii:blagaic | token_overlap_slug:blagaic | sim>=0.92:1.000 | initial_match | same_club_bonus,Jakov BlagaićPuszcza Niepołomice
Puszcza Niepołomice,puszcza-niepolomice,Cholewiak M.,mateusz-cholewiak,puszcza-niepolomice,2023/24,past_season_same_club,107,exact_nonfirst_ascii | exact_nonfirst_slugstyle | last_token_exact | last_token_slugstyle | token_overlap_ascii:cholewiak | token_overlap_slug:cholewiak | sim>=0.92:1.000 | initial_match | same_club_bonus,Mateusz CholewiakPuszcza Niepołomice
Puszcza Niepołomice,puszcza-niepolomice,Cholewiak M.,mateusz-cholewiak,puszcza-niepolomice,2024/25,same_season_same_club,107,exact_nonfirst_ascii | exact_nonfirst_slugstyle | last_token_exact | last_token_slugstyle | token_overlap_ascii:cholewiak | token_overlap_slug:cholewiak | sim>=0.92:1.000 | initial_match | same_club_bonus,Mateusz CholewiakPuszcza Niepołomice
Puszcza Niepołomice,puszcza-niepolomice,Craciun A.,artur-craciun,puszcza-niepolomice,2023/24,past_season_same_club,107,exact_nonfirst_ascii | exact_nonfirst_slugstyle | last_token_exact | last_token_slugstyle | token_overlap_ascii:craciun | token_overlap_slug:craciun | sim>=0.92:1.000 | initial_match | same_club_bonus,Artur CrăciunPuszcza Niepołomice
Puszcza Niepołomice,puszcza-niepolomice,Craciun A.,artur-craciun,puszcza-niepolomice,2024/25,same_season_same_club,107,exact_nonfirst_ascii | exact_nonfirst_slugstyle | last_token_exact | last_token_slugstyle | token_overlap_ascii:craciun | token_overlap_slug:craciun | sim>=0.92:1.000 | initial_match | same_club_bonus,Artur CrăciunPuszcza Niepołomice
Puszcza Niepołomice,puszcza-niepolomice,Gil F.,filip-gil,puszcza-niepolomice,2023/24,past_season_same_club,107,exact_nonfirst_ascii | exact_nonfirst_slugstyle | last_token_exact | last_token_slugstyle | sim>=0.92:1.000 | initial_match | same_club_bonus,Filip GilPuszcza Niepołomice
Puszcza Niepołomice,puszcza-niepolomice,Hajda W.,wojciech-hajda,puszcza-niepolomice,2023/24,past_season_same_club,107,exact_nonfirst_ascii | exact_nonfirst_slugstyle | last_token_exact | last_token_slugstyle | token_overlap_ascii:hajda | token_overlap_slug:hajda | sim>=0.92:1.000 | initial_match | same_club_bonus,Wojciech HajdaPuszcza Niepołomice
Puszcza Niepołomice,puszcza-niepolomice,Hajda W.,wojciech-hajda,puszcza-niepolomice,2024/25,same_season_same_club,107,exact_nonfirst_ascii | exact_nonfirst_slugstyle | last_token_exact | last_token_slugstyle | token_overlap_ascii:hajda | token_overlap_slug:hajda | sim>=0.92:1.000 | initial_match | same_club_bonus,Wojciech HajdaPuszcza Niepołomice
Puszcza Niepołomice,puszcza-niepolomice,Kidric R.,rok-kidric-1,puszcza-niepolomice,2023/24,past_season_same_club,97,token_overlap_ascii:kidric | token_overlap_slug:kidric | sim>=0.92:0.923 | initial_match | same_club_bonus,Rok KidričPuszcza Niepołomice
Puszcza Niepołomice,puszcza-niepolomice,Kidric R.,rok-kidric-1,puszcza-niepolomice,2024/25,same_season_same_club,97,token_overlap_ascii:kidric | token_overlap_slug:kidric | sim>=0.92:0.923 | initial_match | same_club_bonus,Rok KidričPuszcza Niepołomice
Puszcza Niepołomice,puszcza-niepolomice,Kieliś P.,patryk-kielis-1,puszcza-niepolomice,2024/25,same_season_same_club,97,token_overlap_ascii:kielis | token_overlap_slug:kielis | sim>=0.92:0.923 | initial_match | same_club_bonus,Patryk KieliśPuszcza Niepołomice
Puszcza Niepołomice,puszcza-niepolomice,Klimek A.,antoni-klimek,puszcza-niepolomice,2024/25,same_season_same_club,107,exact_nonfirst_ascii | exact_nonfirst_slugstyle | last_token_exact | last_token_slugstyle | token_overlap_ascii:klimek | token_overlap_slug:klimek | sim>=0.92:1.000 | initial_match | same_club_bonus,Antoni KlimekPuszcza Niepołomice
Puszcza Niepołomice,puszcza-niepolomice,Klimek A.,antoni-klimek,widzew-lodz,2023/24,past_season_other_club,104,exact_nonfirst_ascii | exact_nonfirst_slugstyle | last_token_exact | last_token_slugstyle | token_overlap_ascii:klimek | token_overlap_slug:klimek | sim>=0.92:1.000 | initial_match,Antoni KlimekWidzew Łódź
Puszcza Niepołomice,puszcza-niepolomice,Klisiewicz L.,lucjan-klisiewicz,puszcza-niepolomice,2024/25,same_season_same_club,107,exact_nonfirst_ascii | exact_nonfirst_slugstyle | last_token_exact | last_token_slugstyle | token_overlap_ascii:klisiewicz | token_overlap_slug:klisiewicz | sim>=0.92:1.000 | initial_match | same_club_bonus,Lucjan KlisiewiczPuszcza Niepołomice
Puszcza Niepołomice,puszcza-niepolomice,Kogut D.,dawid-kogut,puszcza-niepolomice,2024/25,same_season_same_club,107,exact_nonfirst_ascii | exact_nonfirst_slugstyle | last_token_exact | last_token_slugstyle | token_overlap_ascii:kogut | token_overlap_slug:kogut | sim>=0.92:1.000 | initial_match | same_club_bonus,Dawid KogutPuszcza Niepołomice
Puszcza Niepołomice,puszcza-niepolomice,Kogut M.,dawid-kogut,puszcza-niepolomice,2024/25,same_season_same_club,103,exact_nonfirst_ascii | exact_nonfirst_slugstyle | last_token_exact | last_token_slugstyle | token_overlap_ascii:kogut | token_overlap_slug:kogut | sim>=0.92:1.000 | same_club_bonus,Dawid KogutPuszcza Niepołomice
Puszcza Niepołomice,puszcza-niepolomice,Komar K.,kewin-komar,puszcza-niepolomice,2023/24,past_season_same_club,107,exact_nonfirst_ascii | exact_nonfirst_slugstyle | last_token_exact | last_token_slugstyle | token_overlap_ascii:komar | token_overlap_slug:komar | sim>=0.92:1.000 | initial_match | same_club_bonus,Kewin KomarPuszcza Niepołomice
Puszcza Niepołomice,puszcza-niepolomice,Komar K.,kewin-komar,puszcza-niepolomice,2024/25,same_season_same_club,107,exact_nonfirst_ascii | exact_nonfirst_slugstyle | last_token_exact | last_token_slugstyle | token_overlap_ascii:komar | token_overlap_slug:komar | sim>=0.92:1.000 | initial_match | same_club_bonus,Kewin KomarPuszcza Niepołomice
Puszcza Niepołomice,puszcza-niepolomice,Kosidis M.,michalis-kosidis,puszcza-niepolomice,2024/25,same_season_same_club,107,exact_nonfirst_ascii | exact_nonfirst_slugstyle | last_token_exact | last_token_slugstyle | token_overlap_ascii:kosidis | token_overlap_slug:kosidis | sim>=0.92:1.000 | initial_match | same_club_bonus,Michalis KosidisPuszcza Niepołomice
Puszcza Niepołomice,puszcza-niepolomice,Lee Jin-Hyun,jin-hyun-lee,puszcza-niepolomice,2023/24,past_season_same_club,89,token_overlap_ascii:hyun | token_overlap_slug:hyun | same_club_bonus,Lee Jin-HyunPuszcza Niepołomice
Puszcza Niepołomice,puszcza-niepolomice,Lee Jin-Hyun,jin-hyun-lee,puszcza-niepolomice,2024/25,same_season_same_club,89,token_overlap_ascii:hyun | token_overlap_slug:hyun | same_club_bonus,Lee Jin-HyunPuszcza Niepołomice
Puszcza Niepołomice,puszcza-niepolomice,Mroziński P.,piotr-mrozinski,puszcza-niepolomice,2023/24,past_season_same_club,107,exact_nonfirst_ascii | exact_nonfirst_slugstyle | last_token_exact | last_token_slugstyle | token_overlap_ascii:mrozinski | token_overlap_slug:mrozinski | sim>=0.92:1.000 | initial_match | same_club_bonus,Piotr MrozińskiPuszcza Niepołomice
Puszcza Niepołomice,puszcza-niepolomice,Mroziński P.,piotr-mrozinski,puszcza-niepolomice,2024/25,same_season_same_club,107,exact_nonfirst_ascii | exact_nonfirst_slugstyle | last_token_exact | last_token_slugstyle | token_overlap_ascii:mrozinski | token_overlap_slug:mrozinski | sim>=0.92:1.000 | initial_match | same_club_bonus,Piotr MrozińskiPuszcza Niepołomice
Puszcza Niepołomice,puszcza-niepolomice,Okoniewski K.,krystian-okoniewski,puszcza-niepolomice,2024/25,same_season_same_club,107,exact_nonfirst_ascii | exact_nonfirst_slugstyle | last_token_exact | last_token_slugstyle | token_overlap_ascii:okoniewski | token_overlap_slug:okoniewski | sim>=0.92:1.000 | initial_match | same_club_bonus,Krystian OkoniewskiPuszcza Niepołomice
Puszcza Niepołomice,puszcza-niepolomice,Okoniewski K.,krystian-okoniewski,radomiak-radom,2023/24,past_season_other_club,104,exact_nonfirst_ascii | exact_nonfirst_slugstyle | last_token_exact | last_token_slugstyle | token_overlap_ascii:okoniewski | token_overlap_slug:okoniewski | sim>=0.92:1.000 | initial_match,Krystian OkoniewskiRadomiak Radom
Puszcza Niepołomice,puszcza-niepolomice,Perchel M.,micha-perchel,puszcza-niepolomice,2024/25,same_season_same_club,107,exact_nonfirst_ascii | exact_nonfirst_slugstyle | last_token_exact | last_token_slugstyle | token_overlap_ascii:perchel | token_overlap_slug:perchel | sim>=0.92:1.000 | initial_match | same_club_bonus,Michał PerchelPuszcza Niepołomice
Puszcza Niepołomice,puszcza-niepolomice,Pieprzyca I.,igor-pieprzyca,puszcza-niepolomice,2023/24,past_season_same_club,107,exact_nonfirst_ascii | exact_nonfirst_slugstyle | last_token_exact | last_token_slugstyle | token_overlap_ascii:pieprzyca | token_overlap_slug:pieprzyca | sim>=0.92:1.000 | initial_match | same_club_bonus,Igor Franciszek PieprzycaPuszcza Niepołomice
Puszcza Niepołomice,puszcza-niepolomice,Pieprzyca I.,igor-pieprzyca,puszcza-niepolomice,2024/25,same_season_same_club,107,exact_nonfirst_ascii | exact_nonfirst_slugstyle | last_token_exact | last_token_slugstyle | token_overlap_ascii:pieprzyca | token_overlap_slug:pieprzyca | sim>=0.92:1.000 | initial_match | same_club_bonus,Igor Franciszek PieprzycaPuszcza Niepołomice
Puszcza Niepołomice,puszcza-niepolomice,Radecki M.,mateusz-radecki,puszcza-niepolomice,2024/25,same_season_same_club,107,exact_nonfirst_ascii | exact_nonfirst_slugstyle | last_token_exact | last_token_slugstyle | token_overlap_ascii:radecki | token_overlap_slug:radecki | sim>=0.92:1.000 | initial_match | same_club_bonus,Mateusz RadeckiPuszcza Niepołomice
Puszcza Niepołomice,puszcza-niepolomice,Revenco I.,ioan-calin-revenco-1,puszcza-niepolomice,2023/24,past_season_same_club,93,token_overlap_ascii:revenco | token_overlap_slug:revenco | initial_match | same_club_bonus,Ioan-Călin RevencoPuszcza Niepołomice
Puszcza Niepołomice,puszcza-niepolomice,Revenco I.,ioan-calin-revenco-1,puszcza-niepolomice,2024/25,same_season_same_club,93,token_overlap_ascii:revenco | token_overlap_slug:revenco | initial_match | same_club_bonus,Ioan-Călin RevencoPuszcza Niepołomice
Puszcza Niepołomice,puszcza-niepolomice,Serafin J.,jakub-serafin,puszcza-niepolomice,2023/24,past_season_same_club,107,exact_nonfirst_ascii | exact_nonfirst_slugstyle | last_token_exact | last_token_slugstyle | token_overlap_ascii:serafin | token_overlap_slug:serafin | sim>=0.92:1.000 | initial_match | same_club_bonus,Jakub SerafinPuszcza Niepołomice
Puszcza Niepołomice,puszcza-niepolomice,Serafin J.,jakub-serafin,puszcza-niepolomice,2024/25,same_season_same_club,107,exact_nonfirst_ascii | exact_nonfirst_slugstyle | last_token_exact | last_token_slugstyle | token_overlap_ascii:serafin | token_overlap_slug:serafin | sim>=0.92:1.000 | initial_match | same_club_bonus,Jakub SerafinPuszcza Niepołomice
Puszcza Niepołomice,puszcza-niepolomice,Serafin J.,serafin-jan-szota,widzew-lodz,2023/24,past_season_other_club,86,token_overlap_ascii:serafin | token_overlap_slug:serafin,Serafin Jan SzotaWidzew Łódź
Puszcza Niepołomice,puszcza-niepolomice,Siemaszko A.,artur-siemaszko,puszcza-niepolomice,2023/24,past_season_same_club,107,exact_nonfirst_ascii | exact_nonfirst_slugstyle | last_token_exact | last_token_slugstyle | token_overlap_ascii:siemaszko | token_overlap_slug:siemaszko | sim>=0.92:1.000 | initial_match | same_club_bonus,Artur SiemaszkoPuszcza Niepołomice
Puszcza Niepołomice,puszcza-niepolomice,Siemaszko A.,artur-siemaszko,puszcza-niepolomice,2024/25,same_season_same_club,107,exact_nonfirst_ascii | exact_nonfirst_slugstyle | last_token_exact | last_token_slugstyle | token_overlap_ascii:siemaszko | token_overlap_slug:siemaszko | sim>=0.92:1.000 | initial_match | same_club_bonus,Artur SiemaszkoPuszcza Niepołomice
Puszcza Niepołomice,puszcza-niepolomice,Siplak M.,michal-siplak,puszcza-niepolomice,2024/25,same_season_same_club,107,exact_nonfirst_ascii | exact_nonfirst_slugstyle | last_token_exact | last_token_slugstyle | token_overlap_ascii:siplak | token_overlap_slug:siplak | sim>=0.92:1.000 | initial_match | same_club_bonus,Michal SipľakPuszcza Niepołomice
Puszcza Niepołomice,puszcza-niepolomice,Siplak M.,michal-siplak,gornik-zabrze,2023/24,past_season_other_club,104,exact_nonfirst_ascii | exact_nonfirst_slugstyle | last_token_exact | last_token_slugstyle | token_overlap_ascii:siplak | token_overlap_slug:siplak | sim>=0.92:1.000 | initial_match,Michal SipľakGórnik Zabrze
Puszcza Niepołomice,puszcza-niepolomice,Sołowiej L.,ukasz-soowiej,puszcza-niepolomice,2023/24,past_season_same_club,103,exact_nonfirst_slugstyle | last_token_slugstyle | token_overlap_slug:soowiej | sim>=0.92:0.933 | same_club_bonus,Łukasz SołowiejPuszcza Niepołomice
Puszcza Niepołomice,puszcza-niepolomice,Sołowiej L.,ukasz-soowiej,puszcza-niepolomice,2024/25,same_season_same_club,103,exact_nonfirst_slugstyle | last_token_slugstyle | token_overlap_slug:soowiej | sim>=0.92:0.933 | same_club_bonus,Łukasz SołowiejPuszcza Niepołomice
Puszcza Niepołomice,puszcza-niepolomice,Stec J.,jakub-stec,puszcza-niepolomice,2023/24,past_season_same_club,107,exact_nonfirst_ascii | exact_nonfirst_slugstyle | last_token_exact | last_token_slugstyle | token_overlap_ascii:stec | token_overlap_slug:stec | sim>=0.92:1.000 | initial_match | same_club_bonus,Jakub StecPuszcza Niepołomice
Puszcza Niepołomice,puszcza-niepolomice,Stec J.,jakub-stec,puszcza-niepolomice,2024/25,same_season_same_club,107,exact_nonfirst_ascii | exact_nonfirst_slugstyle | last_token_exact | last_token_slugstyle | token_overlap_ascii:stec | token_overlap_slug:stec | sim>=0.92:1.000 | initial_match | same_club_bonus,Jakub StecPuszcza Niepołomice
Puszcza Niepołomice,puszcza-niepolomice,Stępień K.,konrad-stepien,puszcza-niepolomice,2023/24,past_season_same_club,107,exact_nonfirst_ascii | exact_nonfirst_slugstyle | last_token_exact | last_token_slugstyle | token_overlap_ascii:stepien | token_overlap_slug:stepien | sim>=0.92:1.000 | initial_match | same_club_bonus,Konrad StępieńPuszcza Niepołomice
Puszcza Niepołomice,puszcza-niepolomice,Stępień K.,konrad-stepien,puszcza-niepolomice,2024/25,same_season_same_club,107,exact_nonfirst_ascii | exact_nonfirst_slugstyle | last_token_exact | last_token_slugstyle | token_overlap_ascii:stepien | token_overlap_slug:stepien | sim>=0.92:1.000 | initial_match | same_club_bonus,Konrad StępieńPuszcza Niepołomice
Puszcza Niepołomice,puszcza-niepolomice,Stępień K.,mateusz-stepien,stal-mielec,2023/24,past_season_other_club,100,exact_nonfirst_ascii | exact_nonfirst_slugstyle | last_token_exact | last_token_slugstyle | token_overlap_ascii:stepien | token_overlap_slug:stepien | sim>=0.92:1.000,Mateusz StępieńStal Mielec
Puszcza Niepołomice,puszcza-niepolomice,Stępień M.,mateusz-stepien,stal-mielec,2023/24,past_season_other_club,104,exact_nonfirst_ascii | exact_nonfirst_slugstyle | last_token_exact | last_token_slugstyle | token_overlap_ascii:stepien | token_overlap_slug:stepien | sim>=0.92:1.000 | initial_match,Mateusz StępieńStal Mielec
Puszcza Niepołomice,puszcza-niepolomice,Stępień M.,konrad-stepien,puszcza-niepolomice,2023/24,past_season_same_club,103,exact_nonfirst_ascii | exact_nonfirst_slugstyle | last_token_exact | last_token_slugstyle | token_overlap_ascii:stepien | token_overlap_slug:stepien | sim>=0.92:1.000 | same_club_bonus,Konrad StępieńPuszcza Niepołomice
Puszcza Niepołomice,puszcza-niepolomice,Stępień M.,konrad-stepien,puszcza-niepolomice,2024/25,same_season_same_club,103,exact_nonfirst_ascii | exact_nonfirst_slugstyle | last_token_exact | last_token_slugstyle | token_overlap_ascii:stepien | token_overlap_slug:stepien | sim>=0.92:1.000 | same_club_bonus,Konrad StępieńPuszcza Niepołomice
Puszcza Niepołomice,puszcza-niepolomice,Szymonowicz D.,dawid-szymonowicz,puszcza-niepolomice,2024/25,same_season_same_club,107,exact_nonfirst_ascii | exact_nonfirst_slugstyle | last_token_exact | last_token_slugstyle | token_overlap_ascii:szymonowicz | token_overlap_slug:szymonowicz | sim>=0.92:1.000 | initial_match | same_club_bonus,Dawid SzymonowiczPuszcza Niepołomice
Puszcza Niepołomice,puszcza-niepolomice,Szymonowicz D.,dawid-szymonowicz,warta-poznan,2023/24,past_season_other_club,104,exact_nonfirst_ascii | exact_nonfirst_slugstyle | last_token_exact | last_token_slugstyle | token_overlap_ascii:szymonowicz | token_overlap_slug:szymonowicz | sim>=0.92:1.000 | initial_match,Dawid SzymonowiczWarta Poznań
Puszcza Niepołomice,puszcza-niepolomice,Tomalski H.,hubert-tomalski,puszcza-niepolomice,2023/24,past_season_same_club,107,exact_nonfirst_ascii | exact_nonfirst_slugstyle | last_token_exact | last_token_slugstyle | token_overlap_ascii:tomalski | token_overlap_slug:tomalski | sim>=0.92:1.000 | initial_match | same_club_bonus,Hubert TomalskiPuszcza Niepołomice
Puszcza Niepołomice,puszcza-niepolomice,Tomalski H.,hubert-tomalski,puszcza-niepolomice,2024/25,same_season_same_club,107,exact_nonfirst_ascii | exact_nonfirst_slugstyle | last_token_exact | last_token_slugstyle | token_overlap_ascii:tomalski | token_overlap_slug:tomalski | sim>=0.92:1.000 | initial_match | same_club_bonus,Hubert TomalskiPuszcza Niepołomice
Puszcza Niepołomice,puszcza-niepolomice,Walski M.,micha-walski,puszcza-niepolomice,2023/24,past_season_same_club,107,exact_nonfirst_ascii | exact_nonfirst_slugstyle | last_token_exact | last_token_slugstyle | token_overlap_ascii:walski | token_overlap_slug:walski | sim>=0.92:1.000 | initial_match | same_club_bonus,Michał WalskiPuszcza Niepołomice
Puszcza Niepołomice,puszcza-niepolomice,Walski M.,micha-walski,puszcza-niepolomice,2024/25,same_season_same_club,107,exact_nonfirst_ascii | exact_nonfirst_slugstyle | last_token_exact | last_token_slugstyle | token_overlap_ascii:walski | token_overlap_slug:walski | sim>=0.92:1.000 | initial_match | same_club_bonus,Michał WalskiPuszcza Niepołomice
Puszcza Niepołomice,puszcza-niepolomice,Walski M.,rafa-wolski,radomiak-radom,2023/24,past_season_other_club,78,sim>=0.78:0.833,Rafał WolskiRadomiak Radom
Puszcza Niepołomice,puszcza-niepolomice,Walski M.,wojciech-aski,jagiellonia-bialystok,2023/24,past_season_other_club,78,sim>=0.78:0.800,Wojciech ŁaskiJagiellonia Białystok
Puszcza Niepołomice,puszcza-niepolomice,Yakuba R.,roman-yakuba,puszcza-niepolomice,2023/24,past_season_same_club,107,exact_nonfirst_ascii | exact_nonfirst_slugstyle | last_token_exact | last_token_slugstyle | token_overlap_ascii:yakuba | token_overlap_slug:yakuba | sim>=0.92:1.000 | initial_match | same_club_bonus,Roman YakubaPuszcza Niepołomice
Puszcza Niepołomice,puszcza-niepolomice,Yakuba R.,roman-yakuba,puszcza-niepolomice,2024/25,same_season_same_club,107,exact_nonfirst_ascii | exact_nonfirst_slugstyle | last_token_exact | last_token_slugstyle | token_overlap_ascii:yakuba | token_overlap_slug:yakuba | sim>=0.92:1.000 | initial_match | same_club_bonus,Roman YakubaPuszcza Niepołomice
Puszcza Niepołomice,puszcza-niepolomice,Zhukov G.,georgy-zhukov,puszcza-niepolomice,2024/25,same_season_same_club,107,exact_nonfirst_ascii | exact_nonfirst_slugstyle | last_token_exact | last_token_slugstyle | token_overlap_ascii:zhukov | token_overlap_slug:zhukov | sim>=0.92:1.000 | initial_match | same_club_bonus,Georgy ZhukovPuszcza Niepołomice
Radomiak Radom,radomiak-radom,Agouzoul S.,saad-agouzoul,radomiak-radom,2024/25,same_season_same_club,107,exact_nonfirst_ascii | exact_nonfirst_slugstyle | last_token_exact | last_token_slugstyle | token_overlap_ascii:agouzoul | token_overlap_slug:agouzoul | sim>=0.92:1.000 | initial_match | same_club_bonus,Saad AgouzoulRadomiak Radom
Radomiak Radom,radomiak-radom,Alves R.,roberto-emanuel-oliveira-alves,radomiak-radom,2025/26,future_season_same_club,101,last_token_exact | last_token_slugstyle | token_overlap_ascii:alves | token_overlap_slug:alves | initial_match | same_club_bonus,Roberto Emanuel Oliveira AlvesRadomiak Radom
Radomiak Radom,radomiak-radom,Alves R.,roberto-emanuel-oliveira-alves,radomiak-radom,2023/24,past_season_same_club,99,last_token_exact | last_token_slugstyle | token_overlap_ascii:alves | token_overlap_slug:alves | initial_match | same_club_bonus,Roberto Emanuel Oliveira AlvesRadomiak Radom
Radomiak Radom,radomiak-radom,Alves R.,roberto-emanuel-oliveira-alves,radomiak-radom,2024/25,same_season_same_club,99,last_token_exact | last_token_slugstyle | token_overlap_ascii:alves | token_overlap_slug:alves | initial_match | same_club_bonus,Roberto Emanuel Oliveira AlvesRadomiak Radom
Radomiak Radom,radomiak-radom,Alves R.,pedro-henrique-alves-de-almeida,radomiak-radom,2023/24,past_season_same_club,89,token_overlap_ascii:alves | token_overlap_slug:alves | same_club_bonus,Pedro HenriqueRadomiak Radom
Radomiak Radom,radomiak-radom,Banach D.,dominik-banach,radomiak-radom,2024/25,same_season_same_club,107,exact_nonfirst_ascii | exact_nonfirst_slugstyle | last_token_exact | last_token_slugstyle | token_overlap_ascii:banach | token_overlap_slug:banach | sim>=0.92:1.000 | initial_match | same_club_bonus,Dominik BanachRadomiak Radom
Radomiak Radom,radomiak-radom,Barbosa R.,rafael-avelino-pereira-pinto-barbosa,radomiak-radom,2024/25,same_season_same_club,99,last_token_exact | last_token_slugstyle | token_overlap_ascii:barbosa | token_overlap_slug:barbosa | initial_match | same_club_bonus,Rafael BarbosaRadomiak Radom
Radomiak Radom,radomiak-radom,Burch M.,marco-burch,legia-warszawa,2023/24,past_season_other_club,104,exact_nonfirst_ascii | exact_nonfirst_slugstyle | last_token_exact | last_token_slugstyle | token_overlap_ascii:burch | token_overlap_slug:burch | sim>=0.92:1.000 | initial_match,Marco BurchLegia Warszawa
Radomiak Radom,radomiak-radom,Burch M.,jasmin-buric,zagebie-lubin,2023/24,past_season_other_club,78,sim>=0.78:0.800,Jasmin BurićKGHM Zagłębie Lubin
Radomiak Radom,radomiak-radom,Cichocki M.,mateusz-cichocki,radomiak-radom,2025/26,future_season_same_club,109,exact_nonfirst_ascii | exact_nonfirst_slugstyle | last_token_exact | last_token_slugstyle | token_overlap_ascii:cichocki | token_overlap_slug:cichocki | sim>=0.92:1.000 | initial_match | same_club_bonus,Mateusz CichockiRadomiak Radom
Radomiak Radom,radomiak-radom,Cichocki M.,mateusz-cichocki,radomiak-radom,2023/24,past_season_same_club,107,exact_nonfirst_ascii | exact_nonfirst_slugstyle | last_token_exact | last_token_slugstyle | token_overlap_ascii:cichocki | token_overlap_slug:cichocki | sim>=0.92:1.000 | initial_match | same_club_bonus,Mateusz CichockiRadomiak Radom
Radomiak Radom,radomiak-radom,Cichocki M.,mateusz-cichocki,radomiak-radom,2024/25,same_season_same_club,107,exact_nonfirst_ascii | exact_nonfirst_slugstyle | last_token_exact | last_token_slugstyle | token_overlap_ascii:cichocki | token_overlap_slug:cichocki | sim>=0.92:1.000 | initial_match | same_club_bonus,Mateusz CichockiRadomiak Radom
Radomiak Radom,radomiak-radom,Cielemęcki R.,radosaw-cielemecki,radomiak-radom,2024/25,same_season_same_club,107,exact_nonfirst_ascii | exact_nonfirst_slugstyle | last_token_exact | last_token_slugstyle | token_overlap_ascii:cielemecki | token_overlap_slug:cielemecki | sim>=0.92:1.000 | initial_match | same_club_bonus,Radosław CielemęckiRadomiak Radom
Radomiak Radom,radomiak-radom,Dadashov R.,renat-dadasov,radomiak-radom,2024/25,same_season_same_club,97,sim>=0.92:0.933 | initial_match | same_club_bonus,Renat DadaşovRadomiak Radom
Radomiak Radom,radomiak-radom,Donis C.,christos-donis,radomiak-radom,2025/26,future_season_same_club,109,exact_nonfirst_ascii | exact_nonfirst_slugstyle | last_token_exact | last_token_slugstyle | token_overlap_ascii:donis | token_overlap_slug:donis | sim>=0.92:1.000 | initial_match | same_club_bonus,Christos DonisRadomiak Radom
Radomiak Radom,radomiak-radom,Donis C.,christos-donis,radomiak-radom,2023/24,past_season_same_club,107,exact_nonfirst_ascii | exact_nonfirst_slugstyle | last_token_exact | last_token_slugstyle | token_overlap_ascii:donis | token_overlap_slug:donis | sim>=0.92:1.000 | initial_match | same_club_bonus,Christos DonisRadomiak Radom
Radomiak Radom,radomiak-radom,Donis C.,christos-donis,radomiak-radom,2024/25,same_season_same_club,107,exact_nonfirst_ascii | exact_nonfirst_slugstyle | last_token_exact | last_token_slugstyle | token_overlap_ascii:donis | token_overlap_slug:donis | sim>=0.92:1.000 | initial_match | same_club_bonus,Christos DonisRadomiak Radom
Radomiak Radom,radomiak-radom,Francisco Ramos,francisco-ramos,radomiak-radom,2024/25,same_season_same_club,95,"last_token_exact | last_token_slugstyle | token_overlap_ascii:francisco,ramos | token_overlap_slug:francisco,ramos | sim>=0.92:1.000 | same_club_bonus",Francisco RamosRadomiak Radom
Radomiak Radom,radomiak-radom,Francisco Ramos,francisco-javier-alvarez-rodriguez,widzew-lodz,2023/24,past_season_other_club,86,token_overlap_ascii:francisco | token_overlap_slug:francisco,Francisco Javier Álvarez RodríguezWidzew Łódź
Radomiak Radom,radomiak-radom,Golubickas P.,paulius-golubickas,radomiak-radom,2025/26,future_season_same_club,109,exact_nonfirst_ascii | exact_nonfirst_slugstyle | last_token_exact | last_token_slugstyle | token_overlap_ascii:golubickas | token_overlap_slug:golubickas | sim>=0.92:1.000 | initial_match | same_club_bonus,Paulius GolubickasRadomiak Radom
Radomiak Radom,radomiak-radom,Golubickas P.,paulius-golubickas,radomiak-radom,2024/25,same_season_same_club,107,exact_nonfirst_ascii | exact_nonfirst_slugstyle | last_token_exact | last_token_slugstyle | token_overlap_ascii:golubickas | token_overlap_slug:golubickas | sim>=0.92:1.000 | initial_match | same_club_bonus,Paulius GolubickasRadomiak Radom
Radomiak Radom,radomiak-radom,Grzesik J.,jan-grzesik,radomiak-radom,2025/26,future_season_same_club,109,exact_nonfirst_ascii | exact_nonfirst_slugstyle | last_token_exact | last_token_slugstyle | token_overlap_ascii:grzesik | token_overlap_slug:grzesik | sim>=0.92:1.000 | initial_match | same_club_bonus,Jan GrzesikRadomiak Radom
Radomiak Radom,radomiak-radom,Grzesik J.,jan-grzesik,radomiak-radom,2023/24,past_season_same_club,107,exact_nonfirst_ascii | exact_nonfirst_slugstyle | last_token_exact | last_token_slugstyle | token_overlap_ascii:grzesik | token_overlap_slug:grzesik | sim>=0.92:1.000 | initial_match | same_club_bonus,Jan GrzesikRadomiak Radom
Radomiak Radom,radomiak-radom,Grzesik J.,jan-grzesik,radomiak-radom,2024/25,same_season_same_club,107,exact_nonfirst_ascii | exact_nonfirst_slugstyle | last_token_exact | last_token_slugstyle | token_overlap_ascii:grzesik | token_overlap_slug:grzesik | sim>=0.92:1.000 | initial_match | same_club_bonus,Jan GrzesikRadomiak Radom
Radomiak Radom,radomiak-radom,Guilherme,guilherme-da-gama-zimovski,radomiak-radom,2023/24,past_season_same_club,89,token_overlap_ascii:guilherme | token_overlap_slug:guilherme | same_club_bonus,GuilhermeRadomiak Radom
Radomiak Radom,radomiak-radom,Guilherme,guilherme-da-gama-zimovski,radomiak-radom,2024/25,same_season_same_club,89,token_overlap_ascii:guilherme | token_overlap_slug:guilherme | same_club_bonus,GuilhermeRadomiak Radom
Radomiak Radom,radomiak-radom,Harcinski K.,filip-marchwinski,lech-poznan,2023/24,past_season_other_club,78,sim>=0.78:0.800,Filip MarchwińskiLech Poznań
Radomiak Radom,radomiak-radom,Henrique P.,pedro-henrique-alves-de-almeida,radomiak-radom,2023/24,past_season_same_club,93,token_overlap_ascii:henrique | token_overlap_slug:henrique | initial_match | same_club_bonus,Pedro HenriqueRadomiak Radom
Radomiak Radom,radomiak-radom,Henrique P.,paulo-henrique-rodrigues-cabral,radomiak-radom,2024/25,same_season_same_club,93,token_overlap_ascii:henrique | token_overlap_slug:henrique | initial_match | same_club_bonus,Paulo HenriqueRadomiak Radom
Radomiak Radom,radomiak-radom,Jakubik D.,damian-jakubik,radomiak-radom,2023/24,past_season_same_club,107,exact_nonfirst_ascii | exact_nonfirst_slugstyle | last_token_exact | last_token_slugstyle | token_overlap_ascii:jakubik | token_overlap_slug:jakubik | sim>=0.92:1.000 | initial_match | same_club_bonus,Damian JakubikRadomiak Radom
Radomiak Radom,radomiak-radom,Jakubik D.,damian-jakubik,radomiak-radom,2024/25,same_season_same_club,107,exact_nonfirst_ascii | exact_nonfirst_slugstyle | last_token_exact | last_token_slugstyle | token_overlap_ascii:jakubik | token_overlap_slug:jakubik | sim>=0.92:1.000 | initial_match | same_club_bonus,Damian JakubikRadomiak Radom
Radomiak Radom,radomiak-radom,Jordao B.,bruno-andre-cavaco-jordao,radomiak-radom,2025/26,future_season_same_club,101,last_token_exact | last_token_slugstyle | token_overlap_ascii:jordao | token_overlap_slug:jordao | initial_match | same_club_bonus,Bruno JordãoRadomiak Radom
Radomiak Radom,radomiak-radom,Jordao B.,bruno-andre-cavaco-jordao,radomiak-radom,2023/24,past_season_same_club,99,last_token_exact | last_token_slugstyle | token_overlap_ascii:jordao | token_overlap_slug:jordao | initial_match | same_club_bonus,Bruno JordãoRadomiak Radom
Radomiak Radom,radomiak-radom,Jordao B.,bruno-andre-cavaco-jordao,radomiak-radom,2024/25,same_season_same_club,99,last_token_exact | last_token_slugstyle | token_overlap_ascii:jordao | token_overlap_slug:jordao | initial_match | same_club_bonus,Bruno JordãoRadomiak Radom
Radomiak Radom,radomiak-radom,Kaput M.,micha-kaput,radomiak-radom,2025/26,future_season_same_club,109,exact_nonfirst_ascii | exact_nonfirst_slugstyle | last_token_exact | last_token_slugstyle | token_overlap_ascii:kaput | token_overlap_slug:kaput | sim>=0.92:1.000 | initial_match | same_club_bonus,Michał KaputRadomiak Radom
Radomiak Radom,radomiak-radom,Kaput M.,micha-kaput,radomiak-radom,2023/24,past_season_same_club,107,exact_nonfirst_ascii | exact_nonfirst_slugstyle | last_token_exact | last_token_slugstyle | token_overlap_ascii:kaput | token_overlap_slug:kaput | sim>=0.92:1.000 | initial_match | same_club_bonus,Michał KaputRadomiak Radom
Radomiak Radom,radomiak-radom,Kikolski M.,maciej-kikolski,radomiak-radom,2024/25,same_season_same_club,107,exact_nonfirst_ascii | exact_nonfirst_slugstyle | last_token_exact | last_token_slugstyle | token_overlap_ascii:kikolski | token_overlap_slug:kikolski | sim>=0.92:1.000 | initial_match | same_club_bonus,Maciej KikolskiRadomiak Radom
Radomiak Radom,radomiak-radom,Kingue S.,steve-kingue,radomiak-radom,2025/26,future_season_same_club,109,exact_nonfirst_ascii | exact_nonfirst_slugstyle | last_token_exact | last_token_slugstyle | token_overlap_ascii:kingue | token_overlap_slug:kingue | sim>=0.92:1.000 | initial_match | same_club_bonus,Steve KingueRadomiak Radom
Radomiak Radom,radomiak-radom,Kingue S.,steve-kingue,radomiak-radom,2024/25,same_season_same_club,107,exact_nonfirst_ascii | exact_nonfirst_slugstyle | last_token_exact | last_token_slugstyle | token_overlap_ascii:kingue | token_overlap_slug:kingue | sim>=0.92:1.000 | initial_match | same_club_bonus,Steve KingueRadomiak Radom
Radomiak Radom,radomiak-radom,Koptas W.,wiktor-koptas,radomiak-radom,2024/25,same_season_same_club,107,exact_nonfirst_ascii | exact_nonfirst_slugstyle | last_token_exact | last_token_slugstyle | token_overlap_ascii:koptas | token_overlap_slug:koptas | sim>=0.92:1.000 | initial_match | same_club_bonus,Wiktor KoptasRadomiak Radom
Radomiak Radom,radomiak-radom,Leandro,leandro-rossi-pereira,radomiak-radom,2025/26,future_season_same_club,91,token_overlap_ascii:leandro | token_overlap_slug:leandro | same_club_bonus,LeândroRadomiak Radom
Radomiak Radom,radomiak-radom,Leandro,leandro-rossi-pereira,radomiak-radom,2023/24,past_season_same_club,89,token_overlap_ascii:leandro | token_overlap_slug:leandro | same_club_bonus,LeândroRadomiak Radom
Radomiak Radom,radomiak-radom,Leandro,leandro-rossi-pereira,radomiak-radom,2024/25,same_season_same_club,89,token_overlap_ascii:leandro | token_overlap_slug:leandro | same_club_bonus,LeândroRadomiak Radom
Radomiak Radom,radomiak-radom,Okoniewski K.,krystian-okoniewski,radomiak-radom,2023/24,past_season_same_club,107,exact_nonfirst_ascii | exact_nonfirst_slugstyle | last_token_exact | last_token_slugstyle | token_overlap_ascii:okoniewski | token_overlap_slug:okoniewski | sim>=0.92:1.000 | initial_match | same_club_bonus,Krystian OkoniewskiRadomiak Radom
Radomiak Radom,radomiak-radom,Pawłowski D.,bartomiej-radosaw-pawowski,widzew-lodz,2023/24,past_season_other_club,92,last_token_slugstyle | token_overlap_slug:pawowski,Bartłomiej Radosław PawłowskiWidzew Łódź
Radomiak Radom,radomiak-radom,Pedro Perotti,joao-pedro-reginaldo,radomiak-radom,2025/26,future_season_same_club,91,token_overlap_ascii:pedro | token_overlap_slug:pedro | same_club_bonus,João PedroRadomiak Radom
Radomiak Radom,radomiak-radom,Pedro Perotti,osvaldo-pedro-capemba,radomiak-radom,2025/26,future_season_same_club,91,token_overlap_ascii:pedro | token_overlap_slug:pedro | same_club_bonus,CapitaRadomiak Radom
Radomiak Radom,radomiak-radom,Pedro Perotti,lisandro-pedro-varela-semedo,radomiak-radom,2023/24,past_season_same_club,89,token_overlap_ascii:pedro | token_overlap_slug:pedro | same_club_bonus,Lisandro SemedoRadomiak Radom
Radomiak Radom,radomiak-radom,Pedro Perotti,pedro-henrique-alves-de-almeida,radomiak-radom,2023/24,past_season_same_club,89,token_overlap_ascii:pedro | token_overlap_slug:pedro | same_club_bonus,Pedro HenriqueRadomiak Radom
Radomiak Radom,radomiak-radom,Pedro Perotti,osvaldo-pedro-capemba,radomiak-radom,2024/25,same_season_same_club,89,token_overlap_ascii:pedro | token_overlap_slug:pedro | same_club_bonus,CapitaRadomiak Radom
Radomiak Radom,radomiak-radom,Pedro Perotti,joao-pedro-da-costa-gamboa,pogon-szczecin,2023/24,past_season_other_club,86,token_overlap_ascii:pedro | token_overlap_slug:pedro,João GamboaPogoń Szczecin
Radomiak Radom,radomiak-radom,Peglow,joao-peglow,radomiak-radom,2023/24,past_season_same_club,103,exact_nonfirst_ascii | exact_nonfirst_slugstyle | last_token_exact | last_token_slugstyle | token_overlap_ascii:peglow | token_overlap_slug:peglow | sim>=0.92:1.000 | same_club_bonus,PeglowRadomiak Radom
Radomiak Radom,radomiak-radom,Peglow,joao-peglow,radomiak-radom,2024/25,same_season_same_club,103,exact_nonfirst_ascii | exact_nonfirst_slugstyle | last_token_exact | last_token_slugstyle | token_overlap_ascii:peglow | token_overlap_slug:peglow | sim>=0.92:1.000 | same_club_bonus,PeglowRadomiak Radom
Radomiak Radom,radomiak-radom,Pestka K.,kamil-pestka,radomiak-radom,2024/25,same_season_same_club,107,exact_nonfirst_ascii | exact_nonfirst_slugstyle | last_token_exact | last_token_slugstyle | token_overlap_ascii:pestka | token_overlap_slug:pestka | sim>=0.92:1.000 | initial_match | same_club_bonus,Kamil PestkaRadomiak Radom
Radomiak Radom,radomiak-radom,Pestka K.,kamil-pestka,rakow-czestochowa,2023/24,past_season_other_club,104,exact_nonfirst_ascii | exact_nonfirst_slugstyle | last_token_exact | last_token_slugstyle | token_overlap_ascii:pestka | token_overlap_slug:pestka | sim>=0.92:1.000 | initial_match,Kamil PestkaRaków Częstochowa
Radomiak Radom,radomiak-radom,Rocha L.,leonardo-miramar-rocha,radomiak-radom,2023/24,past_season_same_club,99,last_token_exact | last_token_slugstyle | token_overlap_ascii:rocha | token_overlap_slug:rocha | initial_match | same_club_bonus,Leonardo RochaRadomiak Radom
Radomiak Radom,radomiak-radom,Rocha L.,leonardo-miramar-rocha,radomiak-radom,2024/25,same_season_same_club,99,last_token_exact | last_token_slugstyle | token_overlap_ascii:rocha | token_overlap_slug:rocha | initial_match | same_club_bonus,Leonardo RochaRadomiak Radom
Radomiak Radom,radomiak-radom,Rocha L.,jean-carlos-silva-rocha,rakow-czestochowa,2023/24,past_season_other_club,92,last_token_exact | last_token_slugstyle | token_overlap_ascii:rocha | token_overlap_slug:rocha,Jean Carlos Silva RochaRaków Częstochowa
Radomiak Radom,radomiak-radom,Rossi R.,leandro-rossi-pereira,radomiak-radom,2025/26,future_season_same_club,91,token_overlap_ascii:rossi | token_overlap_slug:rossi | same_club_bonus,LeândroRadomiak Radom
Radomiak Radom,radomiak-radom,Rossi R.,leandro-rossi-pereira,radomiak-radom,2023/24,past_season_same_club,89,token_overlap_ascii:rossi | token_overlap_slug:rossi | same_club_bonus,LeândroRadomiak Radom
Radomiak Radom,radomiak-radom,Rossi R.,leandro-rossi-pereira,radomiak-radom,2024/25,same_season_same_club,89,token_overlap_ascii:rossi | token_overlap_slug:rossi | same_club_bonus,LeândroRadomiak Radom
Radomiak Radom,radomiak-radom,Sarmiento J.,jean-franco-sarmiento,radomiak-radom,2024/25,same_season_same_club,99,last_token_exact | last_token_slugstyle | token_overlap_ascii:sarmiento | token_overlap_slug:sarmiento | initial_match | same_club_bonus,Jean Franco Sarmiento CampoRadomiak Radom
Radomiak Radom,radomiak-radom,Snopczynski J.,jakub-snopczynski,radomiak-radom,2023/24,past_season_same_club,107,exact_nonfirst_ascii | exact_nonfirst_slugstyle | last_token_exact | last_token_slugstyle | token_overlap_ascii:snopczynski | token_overlap_slug:snopczynski | sim>=0.92:1.000 | initial_match | same_club_bonus,Jakub SnopczyńskiRadomiak Radom
Radomiak Radom,radomiak-radom,Snopczynski J.,micha-kopczynski,warta-poznan,2023/24,past_season_other_club,84,sim>=0.85:0.857,Michał KopczyńskiWarta Poznań
Radomiak Radom,radomiak-radom,Tapsoba A.,abdoul-fessal-tapsoba,radomiak-radom,2025/26,future_season_same_club,101,last_token_exact | last_token_slugstyle | token_overlap_ascii:tapsoba | token_overlap_slug:tapsoba | initial_match | same_club_bonus,Abdoul Fessal TapsobaRadomiak Radom
Radomiak Radom,radomiak-radom,Tapsoba A.,abdoul-fessal-tapsoba,radomiak-radom,2024/25,same_season_same_club,99,last_token_exact | last_token_slugstyle | token_overlap_ascii:tapsoba | token_overlap_slug:tapsoba | initial_match | same_club_bonus,Abdoul Fessal TapsobaRadomiak Radom
Radomiak Radom,radomiak-radom,Vagner,vagner-dias,radomiak-radom,2023/24,past_season_same_club,89,token_overlap_ascii:vagner | token_overlap_slug:vagner | same_club_bonus,VagnerRadomiak Radom
Radomiak Radom,radomiak-radom,Vagner,vagner-dias,radomiak-radom,2024/25,same_season_same_club,89,token_overlap_ascii:vagner | token_overlap_slug:vagner | same_club_bonus,VagnerRadomiak Radom
Radomiak Radom,radomiak-radom,Wolski R.,rafa-wolski,radomiak-radom,2025/26,future_season_same_club,109,exact_nonfirst_ascii | exact_nonfirst_slugstyle | last_token_exact | last_token_slugstyle | token_overlap_ascii:wolski | token_overlap_slug:wolski | sim>=0.92:1.000 | initial_match | same_club_bonus,Rafał WolskiRadomiak Radom
Radomiak Radom,radomiak-radom,Wolski R.,rafa-wolski,radomiak-radom,2023/24,past_season_same_club,107,exact_nonfirst_ascii | exact_nonfirst_slugstyle | last_token_exact | last_token_slugstyle | token_overlap_ascii:wolski | token_overlap_slug:wolski | sim>=0.92:1.000 | initial_match | same_club_bonus,Rafał WolskiRadomiak Radom
Radomiak Radom,radomiak-radom,Wolski R.,rafa-wolski,radomiak-radom,2024/25,same_season_same_club,107,exact_nonfirst_ascii | exact_nonfirst_slugstyle | last_token_exact | last_token_slugstyle | token_overlap_ascii:wolski | token_overlap_slug:wolski | sim>=0.92:1.000 | initial_match | same_club_bonus,Rafał WolskiRadomiak Radom
Radomiak Radom,radomiak-radom,Wolski R.,micha-walski,puszcza-niepolomice,2023/24,past_season_other_club,78,sim>=0.78:0.833,Michał WalskiPuszcza Niepołomice
Radomiak Radom,radomiak-radom,Wolski R.,ukasz-zwolinski,rakow-czestochowa,2023/24,past_season_other_club,78,sim>=0.78:0.800,Łukasz Piotr ZwolińskiRaków Częstochowa
Radomiak Radom,radomiak-radom,Zie Ouattara,zie-mohamed-ouattara,radomiak-radom,2025/26,future_season_same_club,97,last_token_exact | last_token_slugstyle | token_overlap_ascii:ouattara | token_overlap_slug:ouattara | same_club_bonus,Zié Mohamed OuattaraRadomiak Radom
Radomiak Radom,radomiak-radom,Zie Ouattara,zie-mohamed-ouattara,radomiak-radom,2024/25,same_season_same_club,95,last_token_exact | last_token_slugstyle | token_overlap_ascii:ouattara | token_overlap_slug:ouattara | same_club_bonus,Zié Mohamed OuattaraRadomiak Radom
Raków Częstochowa,rakow-czestochowa,Adriano,adriano-luis-amorim-santos,rakow-czestochowa,2025/26,future_season_same_club,91,token_overlap_ascii:adriano | token_overlap_slug:adriano | same_club_bonus,AdrianoRaków Częstochowa
Raków Częstochowa,rakow-czestochowa,Adriano,adriano-luis-amorim-santos,rakow-czestochowa,2024/25,same_season_same_club,89,token_overlap_ascii:adriano | token_overlap_slug:adriano | same_club_bonus,AdrianoRaków Częstochowa
Raków Częstochowa,rakow-czestochowa,Ameyaw M.,michael-ameyaw,rakow-czestochowa,2025/26,future_season_same_club,109,exact_nonfirst_ascii | exact_nonfirst_slugstyle | last_token_exact | last_token_slugstyle | token_overlap_ascii:ameyaw | token_overlap_slug:ameyaw | sim>=0.92:1.000 | initial_match | same_club_bonus,Michael AmeyawRaków Częstochowa
Raków Częstochowa,rakow-czestochowa,Ameyaw M.,michael-ameyaw,piast-gliwice,2023/24,past_season_other_club,104,exact_nonfirst_ascii | exact_nonfirst_slugstyle | last_token_exact | last_token_slugstyle | token_overlap_ascii:ameyaw | token_overlap_slug:ameyaw | sim>=0.92:1.000 | initial_match,Michael AmeyawPiast Gliwice
Raków Częstochowa,rakow-czestochowa,Arsenić Z.,zoran-arsenic,rakow-czestochowa,2025/26,future_season_same_club,109,exact_nonfirst_ascii | exact_nonfirst_slugstyle | last_token_exact | last_token_slugstyle | token_overlap_ascii:arsenic | token_overlap_slug:arsenic | sim>=0.92:1.000 | initial_match | same_club_bonus,Zoran ArsenićRaków Częstochowa
Raków Częstochowa,rakow-czestochowa,Arsenić Z.,zoran-arsenic,rakow-czestochowa,2023/24,past_season_same_club,107,exact_nonfirst_ascii | exact_nonfirst_slugstyle | last_token_exact | last_token_slugstyle | token_overlap_ascii:arsenic | token_overlap_slug:arsenic | sim>=0.92:1.000 | initial_match | same_club_bonus,Zoran ArsenićRaków Częstochowa
Raków Częstochowa,rakow-czestochowa,Arsenić Z.,zoran-arsenic,rakow-czestochowa,2024/25,same_season_same_club,107,exact_nonfirst_ascii | exact_nonfirst_slugstyle | last_token_exact | last_token_slugstyle | token_overlap_ascii:arsenic | token_overlap_slug:arsenic | sim>=0.92:1.000 | initial_match | same_club_bonus,Zoran ArsenićRaków Częstochowa
Raków Częstochowa,rakow-czestochowa,Barath P.,peter-barath,rakow-czestochowa,2025/26,future_season_same_club,109,exact_nonfirst_ascii | exact_nonfirst_slugstyle | last_token_exact | last_token_slugstyle | token_overlap_ascii:barath | token_overlap_slug:barath | sim>=0.92:1.000 | initial_match | same_club_bonus,Péter BaráthRaków Częstochowa
Raków Częstochowa,rakow-czestochowa,Barath P.,peter-barath,rakow-czestochowa,2023/24,past_season_same_club,107,exact_nonfirst_ascii | exact_nonfirst_slugstyle | last_token_exact | last_token_slugstyle | token_overlap_ascii:barath | token_overlap_slug:barath | sim>=0.92:1.000 | initial_match | same_club_bonus,Péter BaráthRaków Częstochowa
Raków Częstochowa,rakow-czestochowa,Barath P.,peter-barath,rakow-czestochowa,2024/25,same_season_same_club,107,exact_nonfirst_ascii | exact_nonfirst_slugstyle | last_token_exact | last_token_slugstyle | token_overlap_ascii:barath | token_overlap_slug:barath | sim>=0.92:1.000 | initial_match | same_club_bonus,Péter BaráthRaków Częstochowa
Raków Częstochowa,rakow-czestochowa,Berggren G.,karl-gustav-vilhelm-berggren,rakow-czestochowa,2023/24,past_season_same_club,95,last_token_exact | last_token_slugstyle | token_overlap_ascii:berggren | token_overlap_slug:berggren | same_club_bonus,Karl Gustav Vilhelm BerggrenRaków Częstochowa
Raków Częstochowa,rakow-czestochowa,Berggren G.,karl-gustav-vilhelm-berggren,rakow-czestochowa,2024/25,same_season_same_club,95,last_token_exact | last_token_slugstyle | token_overlap_ascii:berggren | token_overlap_slug:berggren | same_club_bonus,Karl Gustav Vilhelm BerggrenRaków Częstochowa
Raków Częstochowa,rakow-czestochowa,Brunes J.,jonatan-braut-brunes,rakow-czestochowa,2025/26,future_season_same_club,101,last_token_exact | last_token_slugstyle | token_overlap_ascii:brunes | token_overlap_slug:brunes | initial_match | same_club_bonus,Jonatan Braut BrunesRaków Częstochowa
Raków Częstochowa,rakow-czestochowa,Brunes J.,jonatan-braut-brunes,rakow-czestochowa,2024/25,same_season_same_club,99,last_token_exact | last_token_slugstyle | token_overlap_ascii:brunes | token_overlap_slug:brunes | initial_match | same_club_bonus,Jonatan Braut BrunesRaków Częstochowa
Raków Częstochowa,rakow-czestochowa,Crnac A.,ante-crnac,rakow-czestochowa,2023/24,past_season_same_club,107,exact_nonfirst_ascii | exact_nonfirst_slugstyle | last_token_exact | last_token_slugstyle | token_overlap_ascii:crnac | token_overlap_slug:crnac | sim>=0.92:1.000 | initial_match | same_club_bonus,Ante CrnacRaków Częstochowa
Raków Częstochowa,rakow-czestochowa,Crnac A.,ante-crnac,rakow-czestochowa,2024/25,same_season_same_club,107,exact_nonfirst_ascii | exact_nonfirst_slugstyle | last_token_exact | last_token_slugstyle | token_overlap_ascii:crnac | token_overlap_slug:crnac | sim>=0.92:1.000 | initial_match | same_club_bonus,Ante CrnacRaków Częstochowa
Raków Częstochowa,rakow-czestochowa,Diaz J.,jesus-antonio-diaz-gomez,rakow-czestochowa,2024/25,same_season_same_club,93,token_overlap_ascii:diaz | token_overlap_slug:diaz | initial_match | same_club_bonus,Jesús Antonio Díaz GómezRaków Częstochowa
Raków Częstochowa,rakow-czestochowa,Drachal D.,dawid-drachal,rakow-czestochowa,2023/24,past_season_same_club,107,exact_nonfirst_ascii | exact_nonfirst_slugstyle | last_token_exact | last_token_slugstyle | token_overlap_ascii:drachal | token_overlap_slug:drachal | sim>=0.92:1.000 | initial_match | same_club_bonus,Dawid DrachalRaków Częstochowa
Raków Częstochowa,rakow-czestochowa,Drachal D.,dawid-drachal,rakow-czestochowa,2024/25,same_season_same_club,107,exact_nonfirst_ascii | exact_nonfirst_slugstyle | last_token_exact | last_token_slugstyle | token_overlap_ascii:drachal | token_overlap_slug:drachal | sim>=0.92:1.000 | initial_match | same_club_bonus,Dawid DrachalRaków Częstochowa
Raków Częstochowa,rakow-czestochowa,Kochergin V.,vladyslav-kochergin,rakow-czestochowa,2025/26,future_season_same_club,109,exact_nonfirst_ascii | exact_nonfirst_slugstyle | last_token_exact | last_token_slugstyle | token_overlap_ascii:kochergin | token_overlap_slug:kochergin | sim>=0.92:1.000 | initial_match | same_club_bonus,Vladyslav KocherginRaków Częstochowa
Raków Częstochowa,rakow-czestochowa,Kochergin V.,vladyslav-kochergin,rakow-czestochowa,2023/24,past_season_same_club,107,exact_nonfirst_ascii | exact_nonfirst_slugstyle | last_token_exact | last_token_slugstyle | token_overlap_ascii:kochergin | token_overlap_slug:kochergin | sim>=0.92:1.000 | initial_match | same_club_bonus,Vladyslav KocherginRaków Częstochowa
Raków Częstochowa,rakow-czestochowa,Kochergin V.,vladyslav-kochergin,rakow-czestochowa,2024/25,same_season_same_club,107,exact_nonfirst_ascii | exact_nonfirst_slugstyle | last_token_exact | last_token_slugstyle | token_overlap_ascii:kochergin | token_overlap_slug:kochergin | sim>=0.92:1.000 | initial_match | same_club_bonus,Vladyslav KocherginRaków Częstochowa
Raków Częstochowa,rakow-czestochowa,Kuciak D.,dusan-kuciak,rakow-czestochowa,2023/24,past_season_same_club,107,exact_nonfirst_ascii | exact_nonfirst_slugstyle | last_token_exact | last_token_slugstyle | token_overlap_ascii:kuciak | token_overlap_slug:kuciak | sim>=0.92:1.000 | initial_match | same_club_bonus,Dušan KuciakRaków Częstochowa
Raków Częstochowa,rakow-czestochowa,Lamprou L.,lazaros-lamprou,rakow-czestochowa,2024/25,same_season_same_club,107,exact_nonfirst_ascii | exact_nonfirst_slugstyle | last_token_exact | last_token_slugstyle | token_overlap_ascii:lamprou | token_overlap_slug:lamprou | sim>=0.92:1.000 | initial_match | same_club_bonus,Lazaros LamprouRaków Częstochowa
Raków Częstochowa,rakow-czestochowa,López I.,ivan-lopez-alvarez,rakow-czestochowa,2025/26,future_season_same_club,95,token_overlap_ascii:lopez | token_overlap_slug:lopez | initial_match | same_club_bonus,Ivi LópezRaków Częstochowa
Raków Częstochowa,rakow-czestochowa,López I.,ivan-lopez-alvarez,rakow-czestochowa,2023/24,past_season_same_club,93,token_overlap_ascii:lopez | token_overlap_slug:lopez | initial_match | same_club_bonus,Ivi LópezRaków Częstochowa
Raków Częstochowa,rakow-czestochowa,López I.,ivan-lopez-alvarez,rakow-czestochowa,2024/25,same_season_same_club,93,token_overlap_ascii:lopez | token_overlap_slug:lopez | initial_match | same_club_bonus,Ivi LópezRaków Częstochowa
Raków Częstochowa,rakow-czestochowa,López I.,jose-antonio-ruiz-lopez-1,lks-lodz,2023/24,past_season_other_club,86,token_overlap_ascii:lopez | token_overlap_slug:lopez,PiruloŁKS Łódź
Raków Częstochowa,rakow-czestochowa,Makuch P.,patryk-makuch,rakow-czestochowa,2025/26,future_season_same_club,109,exact_nonfirst_ascii | exact_nonfirst_slugstyle | last_token_exact | last_token_slugstyle | token_overlap_ascii:makuch | token_overlap_slug:makuch | sim>=0.92:1.000 | initial_match | same_club_bonus,Patryk MakuchRaków Częstochowa
Raków Częstochowa,rakow-czestochowa,Makuch P.,patryk-makuch,rakow-czestochowa,2024/25,same_season_same_club,107,exact_nonfirst_ascii | exact_nonfirst_slugstyle | last_token_exact | last_token_slugstyle | token_overlap_ascii:makuch | token_overlap_slug:makuch | sim>=0.92:1.000 | initial_match | same_club_bonus,Patryk MakuchRaków Częstochowa
Raków Częstochowa,rakow-czestochowa,Makuch P.,patryk-makuch,cracovia,2023/24,past_season_other_club,104,exact_nonfirst_ascii | exact_nonfirst_slugstyle | last_token_exact | last_token_slugstyle | token_overlap_ascii:makuch | token_overlap_slug:makuch | sim>=0.92:1.000 | initial_match,Patryk MakuchCracovia
Raków Częstochowa,rakow-czestochowa,Mosór A.,ariel-pawe-mosor,rakow-czestochowa,2025/26,future_season_same_club,101,last_token_exact | last_token_slugstyle | token_overlap_ascii:mosor | token_overlap_slug:mosor | initial_match | same_club_bonus,Ariel Paweł MosórRaków Częstochowa
Raków Częstochowa,rakow-czestochowa,Mosór A.,ariel-pawe-mosor,piast-gliwice,2023/24,past_season_other_club,96,last_token_exact | last_token_slugstyle | token_overlap_ascii:mosor | token_overlap_slug:mosor | initial_match,Ariel Paweł MosórPiast Gliwice
Raków Częstochowa,rakow-czestochowa,Myszor J.,jakub-myszor,rakow-czestochowa,2024/25,same_season_same_club,107,exact_nonfirst_ascii | exact_nonfirst_slugstyle | last_token_exact | last_token_slugstyle | token_overlap_ascii:myszor | token_overlap_slug:myszor | sim>=0.92:1.000 | initial_match | same_club_bonus,Jakub MyszorRaków Częstochowa
Raków Częstochowa,rakow-czestochowa,Myszor J.,jakub-myszor,cracovia,2023/24,past_season_other_club,104,exact_nonfirst_ascii | exact_nonfirst_slugstyle | last_token_exact | last_token_slugstyle | token_overlap_ascii:myszor | token_overlap_slug:myszor | sim>=0.92:1.000 | initial_match,Jakub MyszorCracovia
Raków Częstochowa,rakow-czestochowa,Nowak B.,bartosz-nowak,rakow-czestochowa,2023/24,past_season_same_club,107,exact_nonfirst_ascii | exact_nonfirst_slugstyle | last_token_exact | last_token_slugstyle | token_overlap_ascii:nowak | token_overlap_slug:nowak | sim>=0.92:1.000 | initial_match | same_club_bonus,Bartosz NowakRaków Częstochowa
Raków Częstochowa,rakow-czestochowa,Nowak B.,bartosz-nowak,rakow-czestochowa,2024/25,same_season_same_club,107,exact_nonfirst_ascii | exact_nonfirst_slugstyle | last_token_exact | last_token_slugstyle | token_overlap_ascii:nowak | token_overlap_slug:nowak | sim>=0.92:1.000 | initial_match | same_club_bonus,Bartosz NowakRaków Częstochowa
Raków Częstochowa,rakow-czestochowa,Otieno E.,erick-ouma-otieno,rakow-czestochowa,2025/26,future_season_same_club,101,last_token_exact | last_token_slugstyle | token_overlap_ascii:otieno | token_overlap_slug:otieno | initial_match | same_club_bonus,Erick Ouma OtienoRaków Częstochowa
Raków Częstochowa,rakow-czestochowa,Otieno E.,erick-ouma-otieno,rakow-czestochowa,2023/24,past_season_same_club,99,last_token_exact | last_token_slugstyle | token_overlap_ascii:otieno | token_overlap_slug:otieno | initial_match | same_club_bonus,Erick Ouma OtienoRaków Częstochowa
Raków Częstochowa,rakow-czestochowa,Otieno E.,erick-ouma-otieno,rakow-czestochowa,2024/25,same_season_same_club,99,last_token_exact | last_token_slugstyle | token_overlap_ascii:otieno | token_overlap_slug:otieno | initial_match | same_club_bonus,Erick Ouma OtienoRaków Częstochowa
Raków Częstochowa,rakow-czestochowa,Pestka K.,kamil-pestka,rakow-czestochowa,2023/24,past_season_same_club,107,exact_nonfirst_ascii | exact_nonfirst_slugstyle | last_token_exact | last_token_slugstyle | token_overlap_ascii:pestka | token_overlap_slug:pestka | sim>=0.92:1.000 | initial_match | same_club_bonus,Kamil PestkaRaków Częstochowa
Raków Częstochowa,rakow-czestochowa,Plavsic S.,sran-plavsic,rakow-czestochowa,2025/26,future_season_same_club,109,exact_nonfirst_ascii | exact_nonfirst_slugstyle | last_token_exact | last_token_slugstyle | token_overlap_ascii:plavsic | token_overlap_slug:plavsic | sim>=0.92:1.000 | initial_match | same_club_bonus,Srđan PlavšićRaków Częstochowa
Raków Częstochowa,rakow-czestochowa,Plavsic S.,sran-plavsic,rakow-czestochowa,2023/24,past_season_same_club,107,exact_nonfirst_ascii | exact_nonfirst_slugstyle | last_token_exact | last_token_slugstyle | token_overlap_ascii:plavsic | token_overlap_slug:plavsic | sim>=0.92:1.000 | initial_match | same_club_bonus,Srđan PlavšićRaków Częstochowa
Raków Częstochowa,rakow-czestochowa,Plavsic S.,sran-plavsic,rakow-czestochowa,2024/25,same_season_same_club,107,exact_nonfirst_ascii | exact_nonfirst_slugstyle | last_token_exact | last_token_slugstyle | token_overlap_ascii:plavsic | token_overlap_slug:plavsic | sim>=0.92:1.000 | initial_match | same_club_bonus,Srđan PlavšićRaków Częstochowa
Raków Częstochowa,rakow-czestochowa,Racovitan B.,bogdan-racovitan,rakow-czestochowa,2025/26,future_season_same_club,109,exact_nonfirst_ascii | exact_nonfirst_slugstyle | last_token_exact | last_token_slugstyle | token_overlap_ascii:racovitan | token_overlap_slug:racovitan | sim>=0.92:1.000 | initial_match | same_club_bonus,Bogdan RacovițanRaków Częstochowa
Raków Częstochowa,rakow-czestochowa,Racovitan B.,bogdan-racovitan,rakow-czestochowa,2023/24,past_season_same_club,107,exact_nonfirst_ascii | exact_nonfirst_slugstyle | last_token_exact | last_token_slugstyle | token_overlap_ascii:racovitan | token_overlap_slug:racovitan | sim>=0.92:1.000 | initial_match | same_club_bonus,Bogdan RacovițanRaków Częstochowa
Raków Częstochowa,rakow-czestochowa,Racovitan B.,bogdan-racovitan,rakow-czestochowa,2024/25,same_season_same_club,107,exact_nonfirst_ascii | exact_nonfirst_slugstyle | last_token_exact | last_token_slugstyle | token_overlap_ascii:racovitan | token_overlap_slug:racovitan | sim>=0.92:1.000 | initial_match | same_club_bonus,Bogdan RacovițanRaków Częstochowa
Raków Częstochowa,rakow-czestochowa,Rocha L.,jean-carlos-silva-rocha,rakow-czestochowa,2025/26,future_season_same_club,97,last_token_exact | last_token_slugstyle | token_overlap_ascii:rocha | token_overlap_slug:rocha | same_club_bonus,Jean Carlos Silva RochaRaków Częstochowa
Raków Częstochowa,rakow-czestochowa,Rocha L.,leonardo-miramar-rocha,radomiak-radom,2023/24,past_season_other_club,96,last_token_exact | last_token_slugstyle | token_overlap_ascii:rocha | token_overlap_slug:rocha | initial_match,Leonardo RochaRadomiak Radom
Raków Częstochowa,rakow-czestochowa,Rocha L.,jean-carlos-silva-rocha,rakow-czestochowa,2023/24,past_season_same_club,95,last_token_exact | last_token_slugstyle | token_overlap_ascii:rocha | token_overlap_slug:rocha | same_club_bonus,Jean Carlos Silva RochaRaków Częstochowa
Raków Częstochowa,rakow-czestochowa,Rocha L.,jean-carlos-silva-rocha,rakow-czestochowa,2024/25,same_season_same_club,95,last_token_exact | last_token_slugstyle | token_overlap_ascii:rocha | token_overlap_slug:rocha | same_club_bonus,Jean Carlos Silva RochaRaków Częstochowa
Raków Częstochowa,rakow-czestochowa,Rodin M.,matej-rodin,rakow-czestochowa,2023/24,past_season_same_club,107,exact_nonfirst_ascii | exact_nonfirst_slugstyle | last_token_exact | last_token_slugstyle | token_overlap_ascii:rodin | token_overlap_slug:rodin | sim>=0.92:1.000 | initial_match | same_club_bonus,Matej RodinRaków Częstochowa
Raków Częstochowa,rakow-czestochowa,Rodin M.,matej-rodin,rakow-czestochowa,2024/25,same_season_same_club,107,exact_nonfirst_ascii | exact_nonfirst_slugstyle | last_token_exact | last_token_slugstyle | token_overlap_ascii:rodin | token_overlap_slug:rodin | sim>=0.92:1.000 | initial_match | same_club_bonus,Matej RodinRaków Częstochowa
Raków Częstochowa,rakow-czestochowa,Rundić M.,milan-rundic-1,rakow-czestochowa,2023/24,past_season_same_club,97,token_overlap_ascii:rundic | token_overlap_slug:rundic | sim>=0.92:0.923 | initial_match | same_club_bonus,Milan RundićRaków Częstochowa
Raków Częstochowa,rakow-czestochowa,Rundić M.,milan-rundic-1,rakow-czestochowa,2024/25,same_season_same_club,97,token_overlap_ascii:rundic | token_overlap_slug:rundic | sim>=0.92:0.923 | initial_match | same_club_bonus,Milan RundićRaków Częstochowa
Raków Częstochowa,rakow-czestochowa,Rundić M.,imad-rondic,rakow-czestochowa,2025/26,future_season_same_club,83,sim>=0.78:0.833 | same_club_bonus,Imad RondićRaków Częstochowa
Raków Częstochowa,rakow-czestochowa,Rundić M.,imad-rondic,widzew-lodz,2023/24,past_season_other_club,78,sim>=0.78:0.833,Imad RondićWidzew Łódź
Raków Częstochowa,rakow-czestochowa,Seck I.,ibrahima-seck,rakow-czestochowa,2025/26,future_season_same_club,109,exact_nonfirst_ascii | exact_nonfirst_slugstyle | last_token_exact | last_token_slugstyle | token_overlap_ascii:seck | token_overlap_slug:seck | sim>=0.92:1.000 | initial_match | same_club_bonus,Ibrahima SeckRaków Częstochowa
Raków Częstochowa,rakow-czestochowa,Seck I.,ibrahima-seck,rakow-czestochowa,2024/25,same_season_same_club,107,exact_nonfirst_ascii | exact_nonfirst_slugstyle | last_token_exact | last_token_slugstyle | token_overlap_ascii:seck | token_overlap_slug:seck | sim>=0.92:1.000 | initial_match | same_club_bonus,Ibrahima SeckRaków Częstochowa
Raków Częstochowa,rakow-czestochowa,Silva J. C.,luis-silva,widzew-lodz,2023/24,past_season_other_club,100,exact_nonfirst_ascii | exact_nonfirst_slugstyle | last_token_exact | last_token_slugstyle | token_overlap_ascii:silva | token_overlap_slug:silva | sim>=0.92:1.000,Luís SilvaWidzew Łódź
Raków Częstochowa,rakow-czestochowa,Silva J. C.,jean-carlos-silva-rocha,rakow-czestochowa,2025/26,future_season_same_club,95,token_overlap_ascii:silva | token_overlap_slug:silva | initial_match | same_club_bonus,Jean Carlos Silva RochaRaków Częstochowa
Raków Częstochowa,rakow-czestochowa,Silva J. C.,jean-carlos-silva-rocha,rakow-czestochowa,2023/24,past_season_same_club,93,token_overlap_ascii:silva | token_overlap_slug:silva | initial_match | same_club_bonus,Jean Carlos Silva RochaRaków Częstochowa
Raków Częstochowa,rakow-czestochowa,Silva J. C.,jean-carlos-silva-rocha,rakow-czestochowa,2024/25,same_season_same_club,93,token_overlap_ascii:silva | token_overlap_slug:silva | initial_match | same_club_bonus,Jean Carlos Silva RochaRaków Częstochowa
Raków Częstochowa,rakow-czestochowa,Silva J. C.,leonardo-borges-da-silva,pogon-szczecin,2023/24,past_season_other_club,92,last_token_exact | last_token_slugstyle | token_overlap_ascii:silva | token_overlap_slug:silva,Léo BorgesPogoń Szczecin
Raków Częstochowa,rakow-czestochowa,Svarnas S.,efstratios-svarnas,rakow-czestochowa,2025/26,future_season_same_club,105,exact_nonfirst_ascii | exact_nonfirst_slugstyle | last_token_exact | last_token_slugstyle | token_overlap_ascii:svarnas | token_overlap_slug:svarnas | sim>=0.92:1.000 | same_club_bonus,Efstratios SvarnasRaków Częstochowa
Raków Częstochowa,rakow-czestochowa,Svarnas S.,efstratios-svarnas,rakow-czestochowa,2023/24,past_season_same_club,103,exact_nonfirst_ascii | exact_nonfirst_slugstyle | last_token_exact | last_token_slugstyle | token_overlap_ascii:svarnas | token_overlap_slug:svarnas | sim>=0.92:1.000 | same_club_bonus,Efstratios SvarnasRaków Częstochowa
Raków Częstochowa,rakow-czestochowa,Svarnas S.,efstratios-svarnas,rakow-czestochowa,2024/25,same_season_same_club,103,exact_nonfirst_ascii | exact_nonfirst_slugstyle | last_token_exact | last_token_slugstyle | token_overlap_ascii:svarnas | token_overlap_slug:svarnas | sim>=0.92:1.000 | same_club_bonus,Efstratios SvarnasRaków Częstochowa
Raków Częstochowa,rakow-czestochowa,Trelowski K.,kacper-trelowski,rakow-czestochowa,2025/26,future_season_same_club,109,exact_nonfirst_ascii | exact_nonfirst_slugstyle | last_token_exact | last_token_slugstyle | token_overlap_ascii:trelowski | token_overlap_slug:trelowski | sim>=0.92:1.000 | initial_match | same_club_bonus,Kacper TrelowskiRaków Częstochowa
Raków Częstochowa,rakow-czestochowa,Trelowski K.,kacper-trelowski,rakow-czestochowa,2024/25,same_season_same_club,107,exact_nonfirst_ascii | exact_nonfirst_slugstyle | last_token_exact | last_token_slugstyle | token_overlap_ascii:trelowski | token_overlap_slug:trelowski | sim>=0.92:1.000 | initial_match | same_club_bonus,Kacper TrelowskiRaków Częstochowa
Raków Częstochowa,rakow-czestochowa,Trelowski K.,kacper-trelowski,slask-wroclaw,2023/24,past_season_other_club,104,exact_nonfirst_ascii | exact_nonfirst_slugstyle | last_token_exact | last_token_slugstyle | token_overlap_ascii:trelowski | token_overlap_slug:trelowski | sim>=0.92:1.000 | initial_match,Kacper TrelowskiŚląsk Wrocław
Raków Częstochowa,rakow-czestochowa,Tudor F.,fran-tudor,rakow-czestochowa,2025/26,future_season_same_club,109,exact_nonfirst_ascii | exact_nonfirst_slugstyle | last_token_exact | last_token_slugstyle | token_overlap_ascii:tudor | token_overlap_slug:tudor | sim>=0.92:1.000 | initial_match | same_club_bonus,Fran TudorRaków Częstochowa
Raków Częstochowa,rakow-czestochowa,Tudor F.,fran-tudor,rakow-czestochowa,2023/24,past_season_same_club,107,exact_nonfirst_ascii | exact_nonfirst_slugstyle | last_token_exact | last_token_slugstyle | token_overlap_ascii:tudor | token_overlap_slug:tudor | sim>=0.92:1.000 | initial_match | same_club_bonus,Fran TudorRaków Częstochowa
Raków Częstochowa,rakow-czestochowa,Tudor F.,fran-tudor,rakow-czestochowa,2024/25,same_season_same_club,107,exact_nonfirst_ascii | exact_nonfirst_slugstyle | last_token_exact | last_token_slugstyle | token_overlap_ascii:tudor | token_overlap_slug:tudor | sim>=0.92:1.000 | initial_match | same_club_bonus,Fran TudorRaków Częstochowa
Raków Częstochowa,rakow-czestochowa,Walczak T.,tomasz-walczak,rakow-czestochowa,2024/25,same_season_same_club,107,exact_nonfirst_ascii | exact_nonfirst_slugstyle | last_token_exact | last_token_slugstyle | token_overlap_ascii:walczak | token_overlap_slug:walczak | sim>=0.92:1.000 | initial_match | same_club_bonus,Tomasz WalczakRaków Częstochowa
Stal Mielec,stal-mielec,Bagalianis P.,petros-bangalianis,stal-mielec,2024/25,same_season_same_club,97,sim>=0.92:0.952 | initial_match | same_club_bonus,Petros BagalianisStal Mielec
Stal Mielec,stal-mielec,Beauguel J.,jean-david-beauguel,stal-mielec,2024/25,same_season_same_club,99,last_token_exact | last_token_slugstyle | token_overlap_ascii:beauguel | token_overlap_slug:beauguel | initial_match | same_club_bonus,Jean-David BeauguelStal Mielec
Stal Mielec,stal-mielec,Bukowski A.,jakub-ukowski,korona-kielce,2023/24,past_season_other_club,90,sim>=0.92:0.933,Jakub ŁukowskiKorona Kielce
Stal Mielec,stal-mielec,Bukowski A.,marcel-bykowski,piast-gliwice,2023/24,past_season_other_club,84,sim>=0.85:0.875,Marcel BykowskiPiast Gliwice
Stal Mielec,stal-mielec,Bukowski A.,mateusz-zukowski,slask-wroclaw,2023/24,past_season_other_club,84,sim>=0.85:0.875,Mateusz ŻukowskiŚląsk Wrocław
Stal Mielec,stal-mielec,Cavaleiro I.,ivan-ricardo-neves-abreu-cavaleiro,stal-mielec,2024/25,same_season_same_club,99,last_token_exact | last_token_slugstyle | token_overlap_ascii:cavaleiro | token_overlap_slug:cavaleiro | initial_match | same_club_bonus,Ivan CavaleiroStal Mielec
Stal Mielec,stal-mielec,Cetnar A.,alex-cetnar,stal-mielec,2023/24,past_season_same_club,107,exact_nonfirst_ascii | exact_nonfirst_slugstyle | last_token_exact | last_token_slugstyle | token_overlap_ascii:cetnar | token_overlap_slug:cetnar | sim>=0.92:1.000 | initial_match | same_club_bonus,Alex CetnarStal Mielec
Stal Mielec,stal-mielec,Dadok R.,robert-dadok,stal-mielec,2024/25,same_season_same_club,107,exact_nonfirst_ascii | exact_nonfirst_slugstyle | last_token_exact | last_token_slugstyle | token_overlap_ascii:dadok | token_overlap_slug:dadok | sim>=0.92:1.000 | initial_match | same_club_bonus,Robert DadokStal Mielec
Stal Mielec,stal-mielec,Dadok R.,robert-dadok,ruch-chorzow,2023/24,past_season_other_club,104,exact_nonfirst_ascii | exact_nonfirst_slugstyle | last_token_exact | last_token_slugstyle | token_overlap_ascii:dadok | token_overlap_slug:dadok | sim>=0.92:1.000 | initial_match,Robert DadokRuch Chorzów
Stal Mielec,stal-mielec,Domański M.,maciej-domanski,stal-mielec,2023/24,past_season_same_club,107,exact_nonfirst_ascii | exact_nonfirst_slugstyle | last_token_exact | last_token_slugstyle | token_overlap_ascii:domanski | token_overlap_slug:domanski | sim>=0.92:1.000 | initial_match | same_club_bonus,Maciej DomańskiStal Mielec
Stal Mielec,stal-mielec,Domański M.,maciej-domanski,stal-mielec,2024/25,same_season_same_club,107,exact_nonfirst_ascii | exact_nonfirst_slugstyle | last_token_exact | last_token_slugstyle | token_overlap_ascii:domanski | token_overlap_slug:domanski | sim>=0.92:1.000 | initial_match | same_club_bonus,Maciej DomańskiStal Mielec
Stal Mielec,stal-mielec,Dybowski K.,damian-dabrowski,zagebie-lubin,2023/24,past_season_other_club,78,sim>=0.78:0.824,Damian DąbrowskiKGHM Zagłębie Lubin
Stal Mielec,stal-mielec,Esselink B.,bert-esselink,stal-mielec,2023/24,past_season_same_club,107,exact_nonfirst_ascii | exact_nonfirst_slugstyle | last_token_exact | last_token_slugstyle | token_overlap_ascii:esselink | token_overlap_slug:esselink | sim>=0.92:1.000 | initial_match | same_club_bonus,Bert Johan EsselinkStal Mielec
Stal Mielec,stal-mielec,Esselink B.,bert-esselink,stal-mielec,2024/25,same_season_same_club,107,exact_nonfirst_ascii | exact_nonfirst_slugstyle | last_token_exact | last_token_slugstyle | token_overlap_ascii:esselink | token_overlap_slug:esselink | sim>=0.92:1.000 | initial_match | same_club_bonus,Bert Johan EsselinkStal Mielec
Stal Mielec,stal-mielec,Gerbowski F.,fryderyk-gerbowski,stal-mielec,2024/25,same_season_same_club,107,exact_nonfirst_ascii | exact_nonfirst_slugstyle | last_token_exact | last_token_slugstyle | token_overlap_ascii:gerbowski | token_overlap_slug:gerbowski | sim>=0.92:1.000 | initial_match | same_club_bonus,Fryderyk GerbowskiStal Mielec
Stal Mielec,stal-mielec,Getinger K.,krystian-getinger,stal-mielec,2023/24,past_season_same_club,107,exact_nonfirst_ascii | exact_nonfirst_slugstyle | last_token_exact | last_token_slugstyle | token_overlap_ascii:getinger | token_overlap_slug:getinger | sim>=0.92:1.000 | initial_match | same_club_bonus,Krystian GetingerStal Mielec
Stal Mielec,stal-mielec,Getinger K.,krystian-getinger,stal-mielec,2024/25,same_season_same_club,107,exact_nonfirst_ascii | exact_nonfirst_slugstyle | last_token_exact | last_token_slugstyle | token_overlap_ascii:getinger | token_overlap_slug:getinger | sim>=0.92:1.000 | initial_match | same_club_bonus,Krystian GetingerStal Mielec
Stal Mielec,stal-mielec,Guillaumier M.,matthew-guillaumier,stal-mielec,2023/24,past_season_same_club,107,exact_nonfirst_ascii | exact_nonfirst_slugstyle | last_token_exact | last_token_slugstyle | token_overlap_ascii:guillaumier | token_overlap_slug:guillaumier | sim>=0.92:1.000 | initial_match | same_club_bonus,Matthew GuillaumierStal Mielec
Stal Mielec,stal-mielec,Guillaumier M.,matthew-guillaumier,stal-mielec,2024/25,same_season_same_club,107,exact_nonfirst_ascii | exact_nonfirst_slugstyle | last_token_exact | last_token_slugstyle | token_overlap_ascii:guillaumier | token_overlap_slug:guillaumier | sim>=0.92:1.000 | initial_match | same_club_bonus,Matthew GuillaumierStal Mielec
Stal Mielec,stal-mielec,Hannola P.,pyry-hannola,stal-mielec,2024/25,same_season_same_club,107,exact_nonfirst_ascii | exact_nonfirst_slugstyle | last_token_exact | last_token_slugstyle | token_overlap_ascii:hannola | token_overlap_slug:hannola | sim>=0.92:1.000 | initial_match | same_club_bonus,Pyry Petteri HannolaStal Mielec
Stal Mielec,stal-mielec,Hinokio K.,koki-hinokio,stal-mielec,2023/24,past_season_same_club,107,exact_nonfirst_ascii | exact_nonfirst_slugstyle | last_token_exact | last_token_slugstyle | token_overlap_ascii:hinokio | token_overlap_slug:hinokio | sim>=0.92:1.000 | initial_match | same_club_bonus,Koki HinokioStal Mielec
Stal Mielec,stal-mielec,Hinokio K.,koki-hinokio,stal-mielec,2024/25,same_season_same_club,107,exact_nonfirst_ascii | exact_nonfirst_slugstyle | last_token_exact | last_token_slugstyle | token_overlap_ascii:hinokio | token_overlap_slug:hinokio | sim>=0.92:1.000 | initial_match | same_club_bonus,Koki HinokioStal Mielec
Stal Mielec,stal-mielec,Jaunzems A.,alvis-jaunzems,stal-mielec,2023/24,past_season_same_club,107,exact_nonfirst_ascii | exact_nonfirst_slugstyle | last_token_exact | last_token_slugstyle | token_overlap_ascii:jaunzems | token_overlap_slug:jaunzems | sim>=0.92:1.000 | initial_match | same_club_bonus,Alvis JaunzemsStal Mielec
Stal Mielec,stal-mielec,Jaunzems A.,alvis-jaunzems,stal-mielec,2024/25,same_season_same_club,107,exact_nonfirst_ascii | exact_nonfirst_slugstyle | last_token_exact | last_token_slugstyle | token_overlap_ascii:jaunzems | token_overlap_slug:jaunzems | sim>=0.92:1.000 | initial_match | same_club_bonus,Alvis JaunzemsStal Mielec
Stal Mielec,stal-mielec,Jałocha K.,konrad-jaocha,stal-mielec,2023/24,past_season_same_club,107,exact_nonfirst_slugstyle | last_token_slugstyle | token_overlap_slug:jaocha | sim>=0.92:0.923 | initial_match | same_club_bonus,Konrad JałochaStal Mielec
Stal Mielec,stal-mielec,Jałocha K.,konrad-jaocha,stal-mielec,2024/25,same_season_same_club,107,exact_nonfirst_slugstyle | last_token_slugstyle | token_overlap_slug:jaocha | sim>=0.92:0.923 | initial_match | same_club_bonus,Konrad JałochaStal Mielec
Stal Mielec,stal-mielec,Knap K.,karol-knap,stal-mielec,2024/25,same_season_same_club,107,exact_nonfirst_ascii | exact_nonfirst_slugstyle | last_token_exact | last_token_slugstyle | token_overlap_ascii:knap | token_overlap_slug:knap | sim>=0.92:1.000 | initial_match | same_club_bonus,Karol KnapStal Mielec
Stal Mielec,stal-mielec,Knap K.,karol-knap,cracovia,2023/24,past_season_other_club,104,exact_nonfirst_ascii | exact_nonfirst_slugstyle | last_token_exact | last_token_slugstyle | token_overlap_ascii:knap | token_overlap_slug:knap | sim>=0.92:1.000 | initial_match,Karol KnapCracovia
Stal Mielec,stal-mielec,Kochalski M.,mateusz-kochalski,stal-mielec,2023/24,past_season_same_club,107,exact_nonfirst_ascii | exact_nonfirst_slugstyle | last_token_exact | last_token_slugstyle | token_overlap_ascii:kochalski | token_overlap_slug:kochalski | sim>=0.92:1.000 | initial_match | same_club_bonus,Mateusz KochalskiStal Mielec
Stal Mielec,stal-mielec,Kochalski M.,mateusz-kochalski,stal-mielec,2024/25,same_season_same_club,107,exact_nonfirst_ascii | exact_nonfirst_slugstyle | last_token_exact | last_token_slugstyle | token_overlap_ascii:kochalski | token_overlap_slug:kochalski | sim>=0.92:1.000 | initial_match | same_club_bonus,Mateusz KochalskiStal Mielec
Stal Mielec,stal-mielec,Krykun S.,serhij-krykun,piast-gliwice,2023/24,past_season_other_club,104,exact_nonfirst_ascii | exact_nonfirst_slugstyle | last_token_exact | last_token_slugstyle | token_overlap_ascii:krykun | token_overlap_slug:krykun | sim>=0.92:1.000 | initial_match,Serhii Krykun WiktorowyczPiast Gliwice
Stal Mielec,stal-mielec,Kądzior D.,damian-kadzior,piast-gliwice,2023/24,past_season_other_club,104,exact_nonfirst_ascii | exact_nonfirst_slugstyle | last_token_exact | last_token_slugstyle | token_overlap_ascii:kadzior | token_overlap_slug:kadzior | sim>=0.92:1.000 | initial_match,Damian KądziorPiast Gliwice
Stal Mielec,stal-mielec,Matras M.,mateusz-matras,stal-mielec,2023/24,past_season_same_club,107,exact_nonfirst_ascii | exact_nonfirst_slugstyle | last_token_exact | last_token_slugstyle | token_overlap_ascii:matras | token_overlap_slug:matras | sim>=0.92:1.000 | initial_match | same_club_bonus,Mateusz MatrasStal Mielec
Stal Mielec,stal-mielec,Matras M.,mateusz-matras,stal-mielec,2024/25,same_season_same_club,107,exact_nonfirst_ascii | exact_nonfirst_slugstyle | last_token_exact | last_token_slugstyle | token_overlap_ascii:matras | token_overlap_slug:matras | sim>=0.92:1.000 | initial_match | same_club_bonus,Mateusz MatrasStal Mielec
Stal Mielec,stal-mielec,Matras M.,luis-mata,zagebie-lubin,2023/24,past_season_other_club,78,sim>=0.78:0.800,Luís MataKGHM Zagłębie Lubin
Stal Mielec,stal-mielec,Mądrzyk J.,jakub-madrzyk,stal-mielec,2024/25,same_season_same_club,107,exact_nonfirst_ascii | exact_nonfirst_slugstyle | last_token_exact | last_token_slugstyle | token_overlap_ascii:madrzyk | token_overlap_slug:madrzyk | sim>=0.92:1.000 | initial_match | same_club_bonus,Jakub MądrzykStal Mielec
Stal Mielec,stal-mielec,Niedzwiedz N.,natan-niedzwiedz,stal-mielec,2024/25,same_season_same_club,107,exact_nonfirst_ascii | exact_nonfirst_slugstyle | last_token_exact | last_token_slugstyle | token_overlap_ascii:niedzwiedz | token_overlap_slug:niedzwiedz | sim>=0.92:1.000 | initial_match | same_club_bonus,Natan NiedźwiedźStal Mielec
Stal Mielec,stal-mielec,Pajnowski K.,kamil-pajnowski,stal-mielec,2023/24,past_season_same_club,107,exact_nonfirst_ascii | exact_nonfirst_slugstyle | last_token_exact | last_token_slugstyle | token_overlap_ascii:pajnowski | token_overlap_slug:pajnowski | sim>=0.92:1.000 | initial_match | same_club_bonus,Kamil PajnowskiStal Mielec
Stal Mielec,stal-mielec,Rafa Santos,rafael-santos,stal-mielec,2023/24,past_season_same_club,95,last_token_exact | last_token_slugstyle | token_overlap_ascii:santos | token_overlap_slug:santos | sim>=0.85:0.909 | same_club_bonus,Rafa SantosStal Mielec
Stal Mielec,stal-mielec,Rafa Santos,rafa-janicki,gornik-zabrze,2023/24,past_season_other_club,86,token_overlap_ascii:rafa | token_overlap_slug:rafa,Rafał JanickiGórnik Zabrze
Stal Mielec,stal-mielec,Rafa Santos,rafa-leszczynski,slask-wroclaw,2023/24,past_season_other_club,86,token_overlap_ascii:rafa | token_overlap_slug:rafa,Rafał LeszczyńskiŚląsk Wrocław
Stal Mielec,stal-mielec,Rafa Santos,rafa-maciej-kurzawa,pogon-szczecin,2023/24,past_season_other_club,86,token_overlap_ascii:rafa | token_overlap_slug:rafa,Rafał Maciej KurzawaPogoń Szczecin
Stal Mielec,stal-mielec,Rafa Santos,rafa-sylwester-augustyniak,legia-warszawa,2023/24,past_season_other_club,86,token_overlap_ascii:rafa | token_overlap_slug:rafa,Rafał Sylwester AugustyniakLegia Warszawa
Stal Mielec,stal-mielec,Rafa Santos,rafa-tadeusz-gikiewicz,widzew-lodz,2023/24,past_season_other_club,86,token_overlap_ascii:rafa | token_overlap_slug:rafa,Rafał Tadeusz GikiewiczWidzew Łódź
Stal Mielec,stal-mielec,Rafa Santos,rafa-wolski,radomiak-radom,2023/24,past_season_other_club,86,token_overlap_ascii:rafa | token_overlap_slug:rafa,Rafał WolskiRadomiak Radom
Stal Mielec,stal-mielec,Senger M.,marvin-senger-1,stal-mielec,2024/25,same_season_same_club,97,token_overlap_ascii:senger | token_overlap_slug:senger | sim>=0.92:0.923 | initial_match | same_club_bonus,Marvin SengerStal Mielec
Stal Mielec,stal-mielec,Shkurin I.,ilya-shkurin,stal-mielec,2023/24,past_season_same_club,107,exact_nonfirst_ascii | exact_nonfirst_slugstyle | last_token_exact | last_token_slugstyle | token_overlap_ascii:shkurin | token_overlap_slug:shkurin | sim>=0.92:1.000 | initial_match | same_club_bonus,Ilya ShkurinStal Mielec
Stal Mielec,stal-mielec,Stępień M.,mateusz-stepien,stal-mielec,2023/24,past_season_same_club,107,exact_nonfirst_ascii | exact_nonfirst_slugstyle | last_token_exact | last_token_slugstyle | token_overlap_ascii:stepien | token_overlap_slug:stepien | sim>=0.92:1.000 | initial_match | same_club_bonus,Mateusz StępieńStal Mielec
Stal Mielec,stal-mielec,Stępień M.,mateusz-stepien,stal-mielec,2024/25,same_season_same_club,107,exact_nonfirst_ascii | exact_nonfirst_slugstyle | last_token_exact | last_token_slugstyle | token_overlap_ascii:stepien | token_overlap_slug:stepien | sim>=0.92:1.000 | initial_match | same_club_bonus,Mateusz StępieńStal Mielec
Stal Mielec,stal-mielec,Stępień M.,konrad-stepien,puszcza-niepolomice,2023/24,past_season_other_club,100,exact_nonfirst_ascii | exact_nonfirst_slugstyle | last_token_exact | last_token_slugstyle | token_overlap_ascii:stepien | token_overlap_slug:stepien | sim>=0.92:1.000,Konrad StępieńPuszcza Niepołomice
Stal Mielec,stal-mielec,Tkacz D.,dawid-tkacz,stal-mielec,2024/25,same_season_same_club,107,exact_nonfirst_ascii | exact_nonfirst_slugstyle | last_token_exact | last_token_slugstyle | token_overlap_ascii:tkacz | token_overlap_slug:tkacz | sim>=0.92:1.000 | initial_match | same_club_bonus,Dawid TkaczStal Mielec
Stal Mielec,stal-mielec,Tkacz D.,dawid-tkacz,widzew-lodz,2023/24,past_season_other_club,104,exact_nonfirst_ascii | exact_nonfirst_slugstyle | last_token_exact | last_token_slugstyle | token_overlap_ascii:tkacz | token_overlap_slug:tkacz | sim>=0.92:1.000 | initial_match,Dawid TkaczWidzew Łódź
Stal Mielec,stal-mielec,Tkacz D.,dalibor-takac,korona-kielce,2023/24,past_season_other_club,82,sim>=0.78:0.800 | initial_match,Dalibor TakáčKorona Kielce
Stal Mielec,stal-mielec,Wlazło P.,piotr-wlazo,stal-mielec,2023/24,past_season_same_club,107,exact_nonfirst_slugstyle | last_token_slugstyle | token_overlap_slug:wlazo | sim>=0.85:0.909 | initial_match | same_club_bonus,Piotr WlazłoStal Mielec
Stal Mielec,stal-mielec,Wlazło P.,piotr-wlazo,stal-mielec,2024/25,same_season_same_club,107,exact_nonfirst_slugstyle | last_token_slugstyle | token_overlap_slug:wlazo | sim>=0.85:0.909 | initial_match | same_club_bonus,Piotr WlazłoStal Mielec
Stal Mielec,stal-mielec,Wolsztyński Ł.,ukasz-wolsztynski,stal-mielec,2023/24,past_season_same_club,103,exact_nonfirst_ascii | exact_nonfirst_slugstyle | last_token_exact | last_token_slugstyle | token_overlap_ascii:wolsztynski | token_overlap_slug:wolsztynski | sim>=0.92:1.000 | same_club_bonus,Łukasz WolsztyńskiStal Mielec
Stal Mielec,stal-mielec,Wolsztyński Ł.,ukasz-wolsztynski,stal-mielec,2024/25,same_season_same_club,103,exact_nonfirst_ascii | exact_nonfirst_slugstyle | last_token_exact | last_token_slugstyle | token_overlap_ascii:wolsztynski | token_overlap_slug:wolsztynski | sim>=0.92:1.000 | same_club_bonus,Łukasz WolsztyńskiStal Mielec
Stal Mielec,stal-mielec,Wołkowicz K.,krzysztof-wokowicz,stal-mielec,2023/24,past_season_same_club,107,exact_nonfirst_slugstyle | last_token_slugstyle | token_overlap_slug:wokowicz | sim>=0.92:0.941 | initial_match | same_club_bonus,Krzysztof WołkowiczStal Mielec
Stal Mielec,stal-mielec,Wołkowicz K.,krzysztof-wokowicz,stal-mielec,2024/25,same_season_same_club,107,exact_nonfirst_slugstyle | last_token_slugstyle | token_overlap_slug:wokowicz | sim>=0.92:0.941 | initial_match | same_club_bonus,Krzysztof WołkowiczStal Mielec
Stal Mielec,stal-mielec,Zięba D.,dawid-zieba,stal-mielec,2024/25,same_season_same_club,107,exact_nonfirst_ascii | exact_nonfirst_slugstyle | last_token_exact | last_token_slugstyle | token_overlap_ascii:zieba | token_overlap_slug:zieba | sim>=0.92:1.000 | initial_match | same_club_bonus,Dawid ZiębaStal Mielec
Widzew Łódź,widzew-lodz,Alvarez F.,francisco-javier-alvarez-rodriguez,widzew-lodz,2025/26,future_season_same_club,95,token_overlap_ascii:alvarez | token_overlap_slug:alvarez | initial_match | same_club_bonus,Francisco Javier Álvarez RodríguezWidzew Łódź
Widzew Łódź,widzew-lodz,Alvarez F.,francisco-javier-alvarez-rodriguez,widzew-lodz,2023/24,past_season_same_club,93,token_overlap_ascii:alvarez | token_overlap_slug:alvarez | initial_match | same_club_bonus,Francisco Javier Álvarez RodríguezWidzew Łódź
Widzew Łódź,widzew-lodz,Alvarez F.,francisco-javier-alvarez-rodriguez,widzew-lodz,2024/25,same_season_same_club,93,token_overlap_ascii:alvarez | token_overlap_slug:alvarez | initial_match | same_club_bonus,Francisco Javier Álvarez RodríguezWidzew Łódź
Widzew Łódź,widzew-lodz,Alvarez F.,ivan-lopez-alvarez,rakow-czestochowa,2023/24,past_season_other_club,92,last_token_exact | last_token_slugstyle | token_overlap_ascii:alvarez | token_overlap_slug:alvarez,Ivi LópezRaków Częstochowa
Widzew Łódź,widzew-lodz,Cybulski K.,kamil-cybulski,widzew-lodz,2025/26,future_season_same_club,109,exact_nonfirst_ascii | exact_nonfirst_slugstyle | last_token_exact | last_token_slugstyle | token_overlap_ascii:cybulski | token_overlap_slug:cybulski | sim>=0.92:1.000 | initial_match | same_club_bonus,Kamil CybulskiWidzew Łódź
Widzew Łódź,widzew-lodz,Cybulski K.,kamil-cybulski,widzew-lodz,2023/24,past_season_same_club,107,exact_nonfirst_ascii | exact_nonfirst_slugstyle | last_token_exact | last_token_slugstyle | token_overlap_ascii:cybulski | token_overlap_slug:cybulski | sim>=0.92:1.000 | initial_match | same_club_bonus,Kamil CybulskiWidzew Łódź
Widzew Łódź,widzew-lodz,Cybulski K.,kamil-cybulski,widzew-lodz,2024/25,same_season_same_club,107,exact_nonfirst_ascii | exact_nonfirst_slugstyle | last_token_exact | last_token_slugstyle | token_overlap_ascii:cybulski | token_overlap_slug:cybulski | sim>=0.92:1.000 | initial_match | same_club_bonus,Kamil CybulskiWidzew Łódź
Widzew Łódź,widzew-lodz,Czyż S.,szymon-czyz,widzew-lodz,2025/26,future_season_same_club,109,exact_nonfirst_ascii | exact_nonfirst_slugstyle | last_token_exact | last_token_slugstyle | token_overlap_ascii:czyz | token_overlap_slug:czyz | sim>=0.92:1.000 | initial_match | same_club_bonus,Szymon CzyżWidzew Łódź
Widzew Łódź,widzew-lodz,Czyż S.,szymon-czyz,widzew-lodz,2024/25,same_season_same_club,107,exact_nonfirst_ascii | exact_nonfirst_slugstyle | last_token_exact | last_token_slugstyle | token_overlap_ascii:czyz | token_overlap_slug:czyz | sim>=0.92:1.000 | initial_match | same_club_bonus,Szymon CzyżWidzew Łódź
Widzew Łódź,widzew-lodz,Diliberto N.,noah-diliberto-1,widzew-lodz,2023/24,past_season_same_club,97,token_overlap_ascii:diliberto | token_overlap_slug:diliberto | sim>=0.92:0.947 | initial_match | same_club_bonus,Noah DilibertoWidzew Łódź
Widzew Łódź,widzew-lodz,Diliberto N.,noah-diliberto-1,widzew-lodz,2024/25,same_season_same_club,97,token_overlap_ascii:diliberto | token_overlap_slug:diliberto | sim>=0.92:0.947 | initial_match | same_club_bonus,Noah DilibertoWidzew Łódź
Widzew Łódź,widzew-lodz,Gikiewicz R.,rafa-tadeusz-gikiewicz,widzew-lodz,2023/24,past_season_same_club,99,last_token_exact | last_token_slugstyle | token_overlap_ascii:gikiewicz | token_overlap_slug:gikiewicz | initial_match | same_club_bonus,Rafał Tadeusz GikiewiczWidzew Łódź
Widzew Łódź,widzew-lodz,Gikiewicz R.,rafa-tadeusz-gikiewicz,widzew-lodz,2024/25,same_season_same_club,99,last_token_exact | last_token_slugstyle | token_overlap_ascii:gikiewicz | token_overlap_slug:gikiewicz | initial_match | same_club_bonus,Rafał Tadeusz GikiewiczWidzew Łódź
Widzew Łódź,widzew-lodz,Gong H.,hilary-gong,widzew-lodz,2024/25,same_season_same_club,107,exact_nonfirst_ascii | exact_nonfirst_slugstyle | last_token_exact | last_token_slugstyle | token_overlap_ascii:gong | token_overlap_slug:gong | sim>=0.92:1.000 | initial_match | same_club_bonus,Hilary Chukwah GongWidzew Łódź
Widzew Łódź,widzew-lodz,Gryzio D.,daniel-gryzio,widzew-lodz,2024/25,same_season_same_club,107,exact_nonfirst_ascii | exact_nonfirst_slugstyle | last_token_exact | last_token_slugstyle | token_overlap_ascii:gryzio | token_overlap_slug:gryzio | sim>=0.92:1.000 | initial_match | same_club_bonus,Daniel GryzioWidzew Łódź
Widzew Łódź,widzew-lodz,Hamulic S.,said-hamulic,widzew-lodz,2024/25,same_season_same_club,107,exact_nonfirst_ascii | exact_nonfirst_slugstyle | last_token_exact | last_token_slugstyle | token_overlap_ascii:hamulic | token_overlap_slug:hamulic | sim>=0.92:1.000 | initial_match | same_club_bonus,Saïd HamulićWidzew Łódź
Widzew Łódź,widzew-lodz,Hanousek Mar.,marek-hanousek,widzew-lodz,2025/26,future_season_same_club,91,token_overlap_ascii:hanousek | token_overlap_slug:hanousek | sim>=0.78:0.842 | same_club_bonus,Marek HanousekWidzew Łódź
Widzew Łódź,widzew-lodz,Hanousek Mar.,marek-hanousek,widzew-lodz,2023/24,past_season_same_club,89,token_overlap_ascii:hanousek | token_overlap_slug:hanousek | sim>=0.78:0.842 | same_club_bonus,Marek HanousekWidzew Łódź
Widzew Łódź,widzew-lodz,Hanousek Mar.,marek-hanousek,widzew-lodz,2024/25,same_season_same_club,89,token_overlap_ascii:hanousek | token_overlap_slug:hanousek | sim>=0.78:0.842 | same_club_bonus,Marek HanousekWidzew Łódź
Widzew Łódź,widzew-lodz,Kerk S.,sebastian-kerk,widzew-lodz,2023/24,past_season_same_club,107,exact_nonfirst_ascii | exact_nonfirst_slugstyle | last_token_exact | last_token_slugstyle | token_overlap_ascii:kerk | token_overlap_slug:kerk | sim>=0.92:1.000 | initial_match | same_club_bonus,Sebastian KerkWidzew Łódź
Widzew Łódź,widzew-lodz,Kerk S.,sebastian-kerk,widzew-lodz,2024/25,same_season_same_club,107,exact_nonfirst_ascii | exact_nonfirst_slugstyle | last_token_exact | last_token_slugstyle | token_overlap_ascii:kerk | token_overlap_slug:kerk | sim>=0.92:1.000 | initial_match | same_club_bonus,Sebastian KerkWidzew Łódź
Widzew Łódź,widzew-lodz,Klimek A.,antoni-klimek,widzew-lodz,2023/24,past_season_same_club,107,exact_nonfirst_ascii | exact_nonfirst_slugstyle | last_token_exact | last_token_slugstyle | token_overlap_ascii:klimek | token_overlap_slug:klimek | sim>=0.92:1.000 | initial_match | same_club_bonus,Antoni KlimekWidzew Łódź
Widzew Łódź,widzew-lodz,Kozlovsky S.,samuel-kozlovsky,widzew-lodz,2025/26,future_season_same_club,109,exact_nonfirst_ascii | exact_nonfirst_slugstyle | last_token_exact | last_token_slugstyle | token_overlap_ascii:kozlovsky | token_overlap_slug:kozlovsky | sim>=0.92:1.000 | initial_match | same_club_bonus,Samuel KozlovskýWidzew Łódź
Widzew Łódź,widzew-lodz,Kozlovsky S.,samuel-kozlovsky,widzew-lodz,2024/25,same_season_same_club,107,exact_nonfirst_ascii | exact_nonfirst_slugstyle | last_token_exact | last_token_slugstyle | token_overlap_ascii:kozlovsky | token_overlap_slug:kozlovsky | sim>=0.92:1.000 | initial_match | same_club_bonus,Samuel KozlovskýWidzew Łódź
Widzew Łódź,widzew-lodz,Krajewski M.,marcel-krajewski,widzew-lodz,2025/26,future_season_same_club,109,exact_nonfirst_ascii | exact_nonfirst_slugstyle | last_token_exact | last_token_slugstyle | token_overlap_ascii:krajewski | token_overlap_slug:krajewski | sim>=0.92:1.000 | initial_match | same_club_bonus,Marcel KrajewskiWidzew Łódź
Widzew Łódź,widzew-lodz,Krajewski M.,marcel-krajewski,widzew-lodz,2024/25,same_season_same_club,107,exact_nonfirst_ascii | exact_nonfirst_slugstyle | last_token_exact | last_token_slugstyle | token_overlap_ascii:krajewski | token_overlap_slug:krajewski | sim>=0.92:1.000 | initial_match | same_club_bonus,Marcel KrajewskiWidzew Łódź
Widzew Łódź,widzew-lodz,Krzywanski J.,jan-krzywanski,widzew-lodz,2023/24,past_season_same_club,107,exact_nonfirst_ascii | exact_nonfirst_slugstyle | last_token_exact | last_token_slugstyle | token_overlap_ascii:krzywanski | token_overlap_slug:krzywanski | sim>=0.92:1.000 | initial_match | same_club_bonus,Jan KrzywańskiWidzew Łódź
Widzew Łódź,widzew-lodz,Kwiatkowski P.,pawe-kwiatkowski,widzew-lodz,2023/24,past_season_same_club,107,exact_nonfirst_ascii | exact_nonfirst_slugstyle | last_token_exact | last_token_slugstyle | token_overlap_ascii:kwiatkowski | token_overlap_slug:kwiatkowski | sim>=0.92:1.000 | initial_match | same_club_bonus,Paweł KwiatkowskiWidzew Łódź
Widzew Łódź,widzew-lodz,Kwiatkowski P.,pawe-kwiatkowski,widzew-lodz,2024/25,same_season_same_club,107,exact_nonfirst_ascii | exact_nonfirst_slugstyle | last_token_exact | last_token_slugstyle | token_overlap_ascii:kwiatkowski | token_overlap_slug:kwiatkowski | sim>=0.92:1.000 | initial_match | same_club_bonus,Paweł KwiatkowskiWidzew Łódź
Widzew Łódź,widzew-lodz,Madej L.,leon-madej,widzew-lodz,2024/25,same_season_same_club,107,exact_nonfirst_ascii | exact_nonfirst_slugstyle | last_token_exact | last_token_slugstyle | token_overlap_ascii:madej | token_overlap_slug:madej | sim>=0.92:1.000 | initial_match | same_club_bonus,Leon MadejWidzew Łódź
Widzew Łódź,widzew-lodz,Nunes F.,fabio-nunes,widzew-lodz,2023/24,past_season_same_club,107,exact_nonfirst_ascii | exact_nonfirst_slugstyle | last_token_exact | last_token_slugstyle | token_overlap_ascii:nunes | token_overlap_slug:nunes | sim>=0.92:1.000 | initial_match | same_club_bonus,Fábio NunesWidzew Łódź
Widzew Łódź,widzew-lodz,Nunes F.,fabio-nunes,widzew-lodz,2024/25,same_season_same_club,107,exact_nonfirst_ascii | exact_nonfirst_slugstyle | last_token_exact | last_token_slugstyle | token_overlap_ascii:nunes | token_overlap_slug:nunes | sim>=0.92:1.000 | initial_match | same_club_bonus,Fábio NunesWidzew Łódź
Widzew Łódź,widzew-lodz,Pawłowski B.,bartomiej-radosaw-pawowski,widzew-lodz,2025/26,future_season_same_club,101,last_token_slugstyle | token_overlap_slug:pawowski | initial_match | same_club_bonus,Bartłomiej Radosław PawłowskiWidzew Łódź
Widzew Łódź,widzew-lodz,Pawłowski B.,bartomiej-radosaw-pawowski,widzew-lodz,2023/24,past_season_same_club,99,last_token_slugstyle | token_overlap_slug:pawowski | initial_match | same_club_bonus,Bartłomiej Radosław PawłowskiWidzew Łódź
Widzew Łódź,widzew-lodz,Pawłowski B.,bartomiej-radosaw-pawowski,widzew-lodz,2024/25,same_season_same_club,99,last_token_slugstyle | token_overlap_slug:pawowski | initial_match | same_club_bonus,Bartłomiej Radosław PawłowskiWidzew Łódź
Widzew Łódź,widzew-lodz,Rondic I.,imad-rondic,widzew-lodz,2023/24,past_season_same_club,107,exact_nonfirst_ascii | exact_nonfirst_slugstyle | last_token_exact | last_token_slugstyle | token_overlap_ascii:rondic | token_overlap_slug:rondic | sim>=0.92:1.000 | initial_match | same_club_bonus,Imad RondićWidzew Łódź
Widzew Łódź,widzew-lodz,Rondic I.,imad-rondic,widzew-lodz,2024/25,same_season_same_club,107,exact_nonfirst_ascii | exact_nonfirst_slugstyle | last_token_exact | last_token_slugstyle | token_overlap_ascii:rondic | token_overlap_slug:rondic | sim>=0.92:1.000 | initial_match | same_club_bonus,Imad RondićWidzew Łódź
Widzew Łódź,widzew-lodz,Shehu J.,juljan-shehu,widzew-lodz,2025/26,future_season_same_club,109,exact_nonfirst_ascii | exact_nonfirst_slugstyle | last_token_exact | last_token_slugstyle | token_overlap_ascii:shehu | token_overlap_slug:shehu | sim>=0.92:1.000 | initial_match | same_club_bonus,Juljan ShehuWidzew Łódź
Widzew Łódź,widzew-lodz,Shehu J.,juljan-shehu,widzew-lodz,2023/24,past_season_same_club,107,exact_nonfirst_ascii | exact_nonfirst_slugstyle | last_token_exact | last_token_slugstyle | token_overlap_ascii:shehu | token_overlap_slug:shehu | sim>=0.92:1.000 | initial_match | same_club_bonus,Juljan ShehuWidzew Łódź
Widzew Łódź,widzew-lodz,Shehu J.,juljan-shehu,widzew-lodz,2024/25,same_season_same_club,107,exact_nonfirst_ascii | exact_nonfirst_slugstyle | last_token_exact | last_token_slugstyle | token_overlap_ascii:shehu | token_overlap_slug:shehu | sim>=0.92:1.000 | initial_match | same_club_bonus,Juljan ShehuWidzew Łódź
Widzew Łódź,widzew-lodz,Silva L.,luis-silva,widzew-lodz,2023/24,past_season_same_club,107,exact_nonfirst_ascii | exact_nonfirst_slugstyle | last_token_exact | last_token_slugstyle | token_overlap_ascii:silva | token_overlap_slug:silva | sim>=0.92:1.000 | initial_match | same_club_bonus,Luís SilvaWidzew Łódź
Widzew Łódź,widzew-lodz,Silva L.,luis-silva,widzew-lodz,2024/25,same_season_same_club,107,exact_nonfirst_ascii | exact_nonfirst_slugstyle | last_token_exact | last_token_slugstyle | token_overlap_ascii:silva | token_overlap_slug:silva | sim>=0.92:1.000 | initial_match | same_club_bonus,Luís SilvaWidzew Łódź
Widzew Łódź,widzew-lodz,Silva L.,leonardo-borges-da-silva,pogon-szczecin,2023/24,past_season_other_club,96,last_token_exact | last_token_slugstyle | token_overlap_ascii:silva | token_overlap_slug:silva | initial_match,Léo BorgesPogoń Szczecin
Widzew Łódź,widzew-lodz,Silva L.,jean-carlos-silva-rocha,rakow-czestochowa,2023/24,past_season_other_club,86,token_overlap_ascii:silva | token_overlap_slug:silva,Jean Carlos Silva RochaRaków Częstochowa
Widzew Łódź,widzew-lodz,Sobol H.,hubert-sobol,widzew-lodz,2024/25,same_season_same_club,107,exact_nonfirst_ascii | exact_nonfirst_slugstyle | last_token_exact | last_token_slugstyle | token_overlap_ascii:sobol | token_overlap_slug:sobol | sim>=0.92:1.000 | initial_match | same_club_bonus,Hubert SobolWidzew Łódź
Widzew Łódź,widzew-lodz,Stachowicz N.,nikodem-stachowicz,widzew-lodz,2024/25,same_season_same_club,107,exact_nonfirst_ascii | exact_nonfirst_slugstyle | last_token_exact | last_token_slugstyle | token_overlap_ascii:stachowicz | token_overlap_slug:stachowicz | sim>=0.92:1.000 | initial_match | same_club_bonus,Nikodem StachowiczWidzew Łódź
Widzew Łódź,widzew-lodz,Sypek J.,jakub-sypek,widzew-lodz,2024/25,same_season_same_club,107,exact_nonfirst_ascii | exact_nonfirst_slugstyle | last_token_exact | last_token_slugstyle | token_overlap_ascii:sypek | token_overlap_slug:sypek | sim>=0.92:1.000 | initial_match | same_club_bonus,Jakub SypekWidzew Łódź
Widzew Łódź,widzew-lodz,Therkildsen P.,peter-nysted-therkildsen,widzew-lodz,2025/26,future_season_same_club,101,last_token_exact | last_token_slugstyle | token_overlap_ascii:therkildsen | token_overlap_slug:therkildsen | sim>=0.78:0.786 | initial_match | same_club_bonus,Peter Nysted TherkildsenWidzew Łódź
Widzew Łódź,widzew-lodz,Therkildsen P.,peter-nysted-therkildsen,widzew-lodz,2024/25,same_season_same_club,99,last_token_exact | last_token_slugstyle | token_overlap_ascii:therkildsen | token_overlap_slug:therkildsen | sim>=0.78:0.786 | initial_match | same_club_bonus,Peter Nysted TherkildsenWidzew Łódź
Widzew Łódź,widzew-lodz,Tupta L.,lubomir-tupta,widzew-lodz,2024/25,same_season_same_club,107,exact_nonfirst_ascii | exact_nonfirst_slugstyle | last_token_exact | last_token_slugstyle | token_overlap_ascii:tupta | token_overlap_slug:tupta | sim>=0.92:1.000 | initial_match | same_club_bonus,Ľubomír TuptaWidzew Łódź
Widzew Łódź,widzew-lodz,Volanakis P.,polydefkis-volanakis,widzew-lodz,2024/25,same_season_same_club,107,exact_nonfirst_ascii | exact_nonfirst_slugstyle | last_token_exact | last_token_slugstyle | token_overlap_ascii:volanakis | token_overlap_slug:volanakis | sim>=0.92:1.000 | initial_match | same_club_bonus,Polydefkis VolanakisWidzew Łódź
Widzew Łódź,widzew-lodz,Łukowski J.,jakub-ukowski,widzew-lodz,2024/25,same_season_same_club,107,exact_nonfirst_slugstyle | last_token_slugstyle | token_overlap_slug:ukowski | sim>=0.92:0.933 | initial_match | same_club_bonus,Jakub ŁukowskiWidzew Łódź
Widzew Łódź,widzew-lodz,Łukowski J.,jakub-ukowski,korona-kielce,2023/24,past_season_other_club,104,exact_nonfirst_slugstyle | last_token_slugstyle | token_overlap_slug:ukowski | sim>=0.92:0.933 | initial_match,Jakub ŁukowskiKorona Kielce
Widzew Łódź,widzew-lodz,Łukowski J.,antoni-klukowski,widzew-lodz,2025/26,future_season_same_club,95,sim>=0.92:0.941 | same_club_bonus,Antoni KlukowskiWidzew Łódź
Widzew Łódź,widzew-lodz,Łukowski J.,mateusz-zukowski,slask-wroclaw,2023/24,past_season_other_club,84,sim>=0.85:0.875,Mateusz ŻukowskiŚląsk Wrocław
Widzew Łódź,widzew-lodz,Żyro M.,mateusz-zyro,widzew-lodz,2025/26,future_season_same_club,109,exact_nonfirst_ascii | exact_nonfirst_slugstyle | last_token_exact | last_token_slugstyle | token_overlap_ascii:zyro | token_overlap_slug:zyro | sim>=0.92:1.000 | initial_match | same_club_bonus,Mateusz ŻyroWidzew Łódź
Widzew Łódź,widzew-lodz,Żyro M.,mateusz-zyro,widzew-lodz,2023/24,past_season_same_club,107,exact_nonfirst_ascii | exact_nonfirst_slugstyle | last_token_exact | last_token_slugstyle | token_overlap_ascii:zyro | token_overlap_slug:zyro | sim>=0.92:1.000 | initial_match | same_club_bonus,Mateusz ŻyroWidzew Łódź
Widzew Łódź,widzew-lodz,Żyro M.,mateusz-zyro,widzew-lodz,2024/25,same_season_same_club,107,exact_nonfirst_ascii | exact_nonfirst_slugstyle | last_token_exact | last_token_slugstyle | token_overlap_ascii:zyro | token_overlap_slug:zyro | sim>=0.92:1.000 | initial_match | same_club_bonus,Mateusz ŻyroWidzew Łódź
Zagłębie Lubin,zagebie-lubin,Abrahamsson A.,alexander-abrahamsson,zagebie-lubin,2024/25,same_season_same_club,107,exact_nonfirst_ascii | exact_nonfirst_slugstyle | last_token_exact | last_token_slugstyle | token_overlap_ascii:abrahamsson | token_overlap_slug:abrahamsson | sim>=0.92:1.000 | initial_match | same_club_bonus,Nils Oscar Alexander AbrahamssonKGHM Zagłębie Lubin
Zagłębie Lubin,zagebie-lubin,Adamczyk H.,hubert-adamczyk,zagebie-lubin,2024/25,same_season_same_club,107,exact_nonfirst_ascii | exact_nonfirst_slugstyle | last_token_exact | last_token_slugstyle | token_overlap_ascii:adamczyk | token_overlap_slug:adamczyk | sim>=0.92:1.000 | initial_match | same_club_bonus,Hubert AdamczykKGHM Zagłębie Lubin
Zagłębie Lubin,zagebie-lubin,Adamski R.,rafa-adamski,zagebie-lubin,2024/25,same_season_same_club,107,exact_nonfirst_ascii | exact_nonfirst_slugstyle | last_token_exact | last_token_slugstyle | token_overlap_ascii:adamski | token_overlap_slug:adamski | sim>=0.92:1.000 | initial_match | same_club_bonus,Rafał AdamskiKGHM Zagłębie Lubin
Zagłębie Lubin,zagebie-lubin,Buric J.,jasmin-buric,zagebie-lubin,2025/26,future_season_same_club,109,exact_nonfirst_ascii | exact_nonfirst_slugstyle | last_token_exact | last_token_slugstyle | token_overlap_ascii:buric | token_overlap_slug:buric | sim>=0.92:1.000 | initial_match | same_club_bonus,Jasmin BurićKGHM Zagłębie Lubin
Zagłębie Lubin,zagebie-lubin,Buric J.,jasmin-buric,zagebie-lubin,2023/24,past_season_same_club,107,exact_nonfirst_ascii | exact_nonfirst_slugstyle | last_token_exact | last_token_slugstyle | token_overlap_ascii:buric | token_overlap_slug:buric | sim>=0.92:1.000 | initial_match | same_club_bonus,Jasmin BurićKGHM Zagłębie Lubin
Zagłębie Lubin,zagebie-lubin,Buric J.,jasmin-buric,zagebie-lubin,2024/25,same_season_same_club,107,exact_nonfirst_ascii | exact_nonfirst_slugstyle | last_token_exact | last_token_slugstyle | token_overlap_ascii:buric | token_overlap_slug:buric | sim>=0.92:1.000 | initial_match | same_club_bonus,Jasmin BurićKGHM Zagłębie Lubin
Zagłębie Lubin,zagebie-lubin,Buric J.,marco-burch,legia-warszawa,2023/24,past_season_other_club,78,sim>=0.78:0.800,Marco BurchLegia Warszawa
Zagłębie Lubin,zagebie-lubin,Corluka J.,josip-corluka,zagebie-lubin,2025/26,future_season_same_club,109,exact_nonfirst_ascii | exact_nonfirst_slugstyle | last_token_exact | last_token_slugstyle | token_overlap_ascii:corluka | token_overlap_slug:corluka | sim>=0.92:1.000 | initial_match | same_club_bonus,Josip ĆorlukaKGHM Zagłębie Lubin
Zagłębie Lubin,zagebie-lubin,Corluka J.,josip-corluka,zagebie-lubin,2024/25,same_season_same_club,107,exact_nonfirst_ascii | exact_nonfirst_slugstyle | last_token_exact | last_token_slugstyle | token_overlap_ascii:corluka | token_overlap_slug:corluka | sim>=0.92:1.000 | initial_match | same_club_bonus,Josip ĆorlukaKGHM Zagłębie Lubin
Zagłębie Lubin,zagebie-lubin,Dziewiatowski M.,mateusz-dziewiatowski,zagebie-lubin,2025/26,future_season_same_club,109,exact_nonfirst_ascii | exact_nonfirst_slugstyle | last_token_exact | last_token_slugstyle | token_overlap_ascii:dziewiatowski | token_overlap_slug:dziewiatowski | sim>=0.92:1.000 | initial_match | same_club_bonus,Mateusz DziewiatowskiKGHM Zagłębie Lubin
Zagłębie Lubin,zagebie-lubin,Dziewiatowski M.,mateusz-dziewiatowski,zagebie-lubin,2024/25,same_season_same_club,107,exact_nonfirst_ascii | exact_nonfirst_slugstyle | last_token_exact | last_token_slugstyle | token_overlap_ascii:dziewiatowski | token_overlap_slug:dziewiatowski | sim>=0.92:1.000 | initial_match | same_club_bonus,Mateusz DziewiatowskiKGHM Zagłębie Lubin
Zagłębie Lubin,zagebie-lubin,Dąbrowski D.,damian-dabrowski,zagebie-lubin,2025/26,future_season_same_club,109,exact_nonfirst_ascii | exact_nonfirst_slugstyle | last_token_exact | last_token_slugstyle | token_overlap_ascii:dabrowski | token_overlap_slug:dabrowski | sim>=0.92:1.000 | initial_match | same_club_bonus,Damian DąbrowskiKGHM Zagłębie Lubin
Zagłębie Lubin,zagebie-lubin,Dąbrowski D.,damian-dabrowski,zagebie-lubin,2023/24,past_season_same_club,107,exact_nonfirst_ascii | exact_nonfirst_slugstyle | last_token_exact | last_token_slugstyle | token_overlap_ascii:dabrowski | token_overlap_slug:dabrowski | sim>=0.92:1.000 | initial_match | same_club_bonus,Damian DąbrowskiKGHM Zagłębie Lubin
Zagłębie Lubin,zagebie-lubin,Dąbrowski D.,damian-dabrowski,zagebie-lubin,2024/25,same_season_same_club,107,exact_nonfirst_ascii | exact_nonfirst_slugstyle | last_token_exact | last_token_slugstyle | token_overlap_ascii:dabrowski | token_overlap_slug:dabrowski | sim>=0.92:1.000 | initial_match | same_club_bonus,Damian DąbrowskiKGHM Zagłębie Lubin
Zagłębie Lubin,zagebie-lubin,Dąbrowski D.,filip-borowski,warta-poznan,2023/24,past_season_other_club,78,sim>=0.78:0.824,Filip BorowskiWarta Poznań
Zagłębie Lubin,zagebie-lubin,Fritzson L.,nils-ludvig-fritzson,zagebie-lubin,2024/25,same_season_same_club,95,last_token_exact | last_token_slugstyle | token_overlap_ascii:fritzson | token_overlap_slug:fritzson | same_club_bonus,Nils Ludvig FritzsonKGHM Zagłębie Lubin
Zagłębie Lubin,zagebie-lubin,Grzybek M.,mateusz-grzybek,zagebie-lubin,2025/26,future_season_same_club,109,exact_nonfirst_ascii | exact_nonfirst_slugstyle | last_token_exact | last_token_slugstyle | token_overlap_ascii:grzybek | token_overlap_slug:grzybek | sim>=0.92:1.000 | initial_match | same_club_bonus,Mateusz GrzybekKGHM Zagłębie Lubin
Zagłębie Lubin,zagebie-lubin,Grzybek M.,mateusz-grzybek,zagebie-lubin,2023/24,past_season_same_club,107,exact_nonfirst_ascii | exact_nonfirst_slugstyle | last_token_exact | last_token_slugstyle | token_overlap_ascii:grzybek | token_overlap_slug:grzybek | sim>=0.92:1.000 | initial_match | same_club_bonus,Mateusz GrzybekKGHM Zagłębie Lubin
Zagłębie Lubin,zagebie-lubin,Grzybek M.,mateusz-grzybek,zagebie-lubin,2024/25,same_season_same_club,107,exact_nonfirst_ascii | exact_nonfirst_slugstyle | last_token_exact | last_token_slugstyle | token_overlap_ascii:grzybek | token_overlap_slug:grzybek | sim>=0.92:1.000 | initial_match | same_club_bonus,Mateusz GrzybekKGHM Zagłębie Lubin
Zagłębie Lubin,zagebie-lubin,Grzybek M.,filip-przybuek,widzew-lodz,2023/24,past_season_other_club,78,sim>=0.78:0.800,Filip PrzybułekWidzew Łódź
Zagłębie Lubin,zagebie-lubin,Hładun D.,dominik-hadun,zagebie-lubin,2025/26,future_season_same_club,109,exact_nonfirst_slugstyle | last_token_slugstyle | token_overlap_slug:hadun | sim>=0.85:0.909 | initial_match | same_club_bonus,Dominik HładunKGHM Zagłębie Lubin
Zagłębie Lubin,zagebie-lubin,Hładun D.,dominik-hadun,zagebie-lubin,2024/25,same_season_same_club,107,exact_nonfirst_slugstyle | last_token_slugstyle | token_overlap_slug:hadun | sim>=0.85:0.909 | initial_match | same_club_bonus,Dominik HładunKGHM Zagłębie Lubin
Zagłębie Lubin,zagebie-lubin,Hładun D.,dominik-hadun,legia-warszawa,2023/24,past_season_other_club,104,exact_nonfirst_slugstyle | last_token_slugstyle | token_overlap_slug:hadun | sim>=0.85:0.909 | initial_match,Dominik HładunLegia Warszawa
Zagłębie Lubin,zagebie-lubin,Jach J.,jarosaw-jach,zagebie-lubin,2024/25,same_season_same_club,107,exact_nonfirst_ascii | exact_nonfirst_slugstyle | last_token_exact | last_token_slugstyle | token_overlap_ascii:jach | token_overlap_slug:jach | sim>=0.92:1.000 | initial_match | same_club_bonus,Jarosław Przemysław JachKGHM Zagłębie Lubin
Zagłębie Lubin,zagebie-lubin,Jach J.,konrad-jaocha,stal-mielec,2023/24,past_season_other_club,78,sim>=0.78:0.800,Konrad JałochaStal Mielec
Zagłębie Lubin,zagebie-lubin,Kocaba F.,filip-kocaba,zagebie-lubin,2025/26,future_season_same_club,109,exact_nonfirst_ascii | exact_nonfirst_slugstyle | last_token_exact | last_token_slugstyle | token_overlap_ascii:kocaba | token_overlap_slug:kocaba | sim>=0.92:1.000 | initial_match | same_club_bonus,Filip KocabaKGHM Zagłębie Lubin
Zagłębie Lubin,zagebie-lubin,Kocaba F.,filip-kocaba,zagebie-lubin,2023/24,past_season_same_club,107,exact_nonfirst_ascii | exact_nonfirst_slugstyle | last_token_exact | last_token_slugstyle | token_overlap_ascii:kocaba | token_overlap_slug:kocaba | sim>=0.92:1.000 | initial_match | same_club_bonus,Filip KocabaKGHM Zagłębie Lubin
Zagłębie Lubin,zagebie-lubin,Kolan J.,jakub-kolan,zagebie-lubin,2025/26,future_season_same_club,109,exact_nonfirst_ascii | exact_nonfirst_slugstyle | last_token_exact | last_token_slugstyle | token_overlap_ascii:kolan | token_overlap_slug:kolan | sim>=0.92:1.000 | initial_match | same_club_bonus,Jakub KolanKGHM Zagłębie Lubin
Zagłębie Lubin,zagebie-lubin,Kolan J.,jakub-kolan,zagebie-lubin,2024/25,same_season_same_club,107,exact_nonfirst_ascii | exact_nonfirst_slugstyle | last_token_exact | last_token_slugstyle | token_overlap_ascii:kolan | token_overlap_slug:kolan | sim>=0.92:1.000 | initial_match | same_club_bonus,Jakub KolanKGHM Zagłębie Lubin
Zagłębie Lubin,zagebie-lubin,Kolanko K.,jakub-kolan,zagebie-lubin,2025/26,future_season_same_club,83,sim>=0.78:0.833 | same_club_bonus,Jakub KolanKGHM Zagłębie Lubin
Zagłębie Lubin,zagebie-lubin,Kolanko K.,jakub-kolan,zagebie-lubin,2024/25,same_season_same_club,81,sim>=0.78:0.833 | same_club_bonus,Jakub KolanKGHM Zagłębie Lubin
Zagłębie Lubin,zagebie-lubin,Kopacz B.,bartosz-kopacz,zagebie-lubin,2023/24,past_season_same_club,107,exact_nonfirst_ascii | exact_nonfirst_slugstyle | last_token_exact | last_token_slugstyle | token_overlap_ascii:kopacz | token_overlap_slug:kopacz | sim>=0.92:1.000 | initial_match | same_club_bonus,Bartosz KopaczKGHM Zagłębie Lubin
Zagłębie Lubin,zagebie-lubin,Kopacz B.,bartosz-kopacz,zagebie-lubin,2024/25,same_season_same_club,107,exact_nonfirst_ascii | exact_nonfirst_slugstyle | last_token_exact | last_token_slugstyle | token_overlap_ascii:kopacz | token_overlap_slug:kopacz | sim>=0.92:1.000 | initial_match | same_club_bonus,Bartosz KopaczKGHM Zagłębie Lubin
Zagłębie Lubin,zagebie-lubin,Kurminowski D.,dawid-kurminowski,zagebie-lubin,2023/24,past_season_same_club,107,exact_nonfirst_ascii | exact_nonfirst_slugstyle | last_token_exact | last_token_slugstyle | token_overlap_ascii:kurminowski | token_overlap_slug:kurminowski | sim>=0.92:1.000 | initial_match | same_club_bonus,Dawid KurminowskiKGHM Zagłębie Lubin
Zagłębie Lubin,zagebie-lubin,Kurminowski D.,dawid-kurminowski,zagebie-lubin,2024/25,same_season_same_club,107,exact_nonfirst_ascii | exact_nonfirst_slugstyle | last_token_exact | last_token_slugstyle | token_overlap_ascii:kurminowski | token_overlap_slug:kurminowski | sim>=0.92:1.000 | initial_match | same_club_bonus,Dawid KurminowskiKGHM Zagłębie Lubin
Zagłębie Lubin,zagebie-lubin,Kurminowski D.,krzysztof-kurowski,slask-wroclaw,2023/24,past_season_other_club,78,sim>=0.78:0.842,Krzysztof KurowskiŚląsk Wrocław
Zagłębie Lubin,zagebie-lubin,Kusztal P.,patryk-kusztal,zagebie-lubin,2023/24,past_season_same_club,107,exact_nonfirst_ascii | exact_nonfirst_slugstyle | last_token_exact | last_token_slugstyle | token_overlap_ascii:kusztal | token_overlap_slug:kusztal | sim>=0.92:1.000 | initial_match | same_club_bonus,Patryk KusztalKGHM Zagłębie Lubin
Zagłębie Lubin,zagebie-lubin,Kusztal P.,patryk-kusztal,zagebie-lubin,2024/25,same_season_same_club,107,exact_nonfirst_ascii | exact_nonfirst_slugstyle | last_token_exact | last_token_slugstyle | token_overlap_ascii:kusztal | token_overlap_slug:kusztal | sim>=0.92:1.000 | initial_match | same_club_bonus,Patryk KusztalKGHM Zagłębie Lubin
Zagłębie Lubin,zagebie-lubin,Kłudka B.,bartomiej-kudka,zagebie-lubin,2023/24,past_season_same_club,107,exact_nonfirst_slugstyle | last_token_slugstyle | token_overlap_slug:kudka | sim>=0.85:0.909 | initial_match | same_club_bonus,Bartłomiej KłudkaKGHM Zagłębie Lubin
Zagłębie Lubin,zagebie-lubin,Kłudka B.,bartomiej-kudka,zagebie-lubin,2024/25,same_season_same_club,107,exact_nonfirst_slugstyle | last_token_slugstyle | token_overlap_slug:kudka | sim>=0.85:0.909 | initial_match | same_club_bonus,Bartłomiej KłudkaKGHM Zagłębie Lubin
Zagłębie Lubin,zagebie-lubin,Lepczynski K.,rafa-leszczynski,slask-wroclaw,2023/24,past_season_other_club,84,sim>=0.85:0.857,Rafał LeszczyńskiŚląsk Wrocław
Zagłębie Lubin,zagebie-lubin,Lepczynski K.,micha-kopczynski,warta-poznan,2023/24,past_season_other_club,78,sim>=0.78:0.800,Michał KopczyńskiWarta Poznań
Zagłębie Lubin,zagebie-lubin,Listkowski M.,marcin-listkowski,zagebie-lubin,2024/25,same_season_same_club,107,exact_nonfirst_ascii | exact_nonfirst_slugstyle | last_token_exact | last_token_slugstyle | token_overlap_ascii:listkowski | token_overlap_slug:listkowski | sim>=0.92:1.000 | initial_match | same_club_bonus,Marcin ListkowskiKGHM Zagłębie Lubin
Zagłębie Lubin,zagebie-lubin,Listkowski M.,wojciech-lisowski,pogon-szczecin,2023/24,past_season_other_club,84,sim>=0.85:0.889,Wojciech LisowskiPogoń Szczecin
Zagłębie Lubin,zagebie-lubin,Listkowski M.,igor-orlikowski,zagebie-lubin,2025/26,future_season_same_club,83,sim>=0.78:0.800 | same_club_bonus,Igor OrlikowskiKGHM Zagłębie Lubin
Zagłębie Lubin,zagebie-lubin,Listkowski M.,igor-orlikowski,zagebie-lubin,2024/25,same_season_same_club,81,sim>=0.78:0.800 | same_club_bonus,Igor OrlikowskiKGHM Zagłębie Lubin
Zagłębie Lubin,zagebie-lubin,Listkowski M.,artur-plaskowski,ruch-chorzow,2023/24,past_season_other_club,78,sim>=0.78:0.800,Artur PląskowskiRuch Chorzów
Zagłębie Lubin,zagebie-lubin,Makowski T.,tomasz-makowski,zagebie-lubin,2025/26,future_season_same_club,109,exact_nonfirst_ascii | exact_nonfirst_slugstyle | last_token_exact | last_token_slugstyle | token_overlap_ascii:makowski | token_overlap_slug:makowski | sim>=0.92:1.000 | initial_match | same_club_bonus,Tomasz MakowskiKGHM Zagłębie Lubin
Zagłębie Lubin,zagebie-lubin,Makowski T.,tomasz-makowski,zagebie-lubin,2023/24,past_season_same_club,107,exact_nonfirst_ascii | exact_nonfirst_slugstyle | last_token_exact | last_token_slugstyle | token_overlap_ascii:makowski | token_overlap_slug:makowski | sim>=0.92:1.000 | initial_match | same_club_bonus,Tomasz MakowskiKGHM Zagłębie Lubin
Zagłębie Lubin,zagebie-lubin,Makowski T.,tomasz-makowski,zagebie-lubin,2024/25,same_season_same_club,107,exact_nonfirst_ascii | exact_nonfirst_slugstyle | last_token_exact | last_token_slugstyle | token_overlap_ascii:makowski | token_overlap_slug:makowski | sim>=0.92:1.000 | initial_match | same_club_bonus,Tomasz MakowskiKGHM Zagłębie Lubin
Zagłębie Lubin,zagebie-lubin,Makowski T.,jakub-ukowski,korona-kielce,2023/24,past_season_other_club,78,sim>=0.78:0.800,Jakub ŁukowskiKorona Kielce
Zagłębie Lubin,zagebie-lubin,Makowski T.,kamil-dankowski,lks-lodz,2023/24,past_season_other_club,78,sim>=0.78:0.824,Kamil DankowskiŁKS Łódź
Zagłębie Lubin,zagebie-lubin,Mata L.,luis-mata,zagebie-lubin,2023/24,past_season_same_club,107,exact_nonfirst_ascii | exact_nonfirst_slugstyle | last_token_exact | last_token_slugstyle | token_overlap_ascii:mata | token_overlap_slug:mata | sim>=0.92:1.000 | initial_match | same_club_bonus,Luís MataKGHM Zagłębie Lubin
Zagłębie Lubin,zagebie-lubin,Mata L.,luis-mata,zagebie-lubin,2024/25,same_season_same_club,107,exact_nonfirst_ascii | exact_nonfirst_slugstyle | last_token_exact | last_token_slugstyle | token_overlap_ascii:mata | token_overlap_slug:mata | sim>=0.92:1.000 | initial_match | same_club_bonus,Luís MataKGHM Zagłębie Lubin
Zagłębie Lubin,zagebie-lubin,Mata L.,mateusz-matras,stal-mielec,2023/24,past_season_other_club,78,sim>=0.78:0.800,Mateusz MatrasStal Mielec
Zagłębie Lubin,zagebie-lubin,Matys M.,miosz-matysik,jagiellonia-bialystok,2023/24,past_season_other_club,82,sim>=0.78:0.833 | initial_match,Miłosz MatysikJagiellonia Białystok
Zagłębie Lubin,zagebie-lubin,Matys M.,tiago-matos,radomiak-radom,2023/24,past_season_other_club,78,sim>=0.78:0.800,Tiago MatosRadomiak Radom
Zagłębie Lubin,zagebie-lubin,Matysek A.,miosz-matysik,jagiellonia-bialystok,2023/24,past_season_other_club,84,sim>=0.85:0.857,Miłosz MatysikJagiellonia Białystok
Zagłębie Lubin,zagebie-lubin,Matysek A.,yehor-matsenko,slask-wroclaw,2023/24,past_season_other_club,78,sim>=0.78:0.800,Yehor MatsenkoŚląsk Wrocław
Zagłębie Lubin,zagebie-lubin,Michalski D.,damian-michalski,zagebie-lubin,2025/26,future_season_same_club,109,exact_nonfirst_ascii | exact_nonfirst_slugstyle | last_token_exact | last_token_slugstyle | token_overlap_ascii:michalski | token_overlap_slug:michalski | sim>=0.92:1.000 | initial_match | same_club_bonus,Damian MichalskiKGHM Zagłębie Lubin
Zagłębie Lubin,zagebie-lubin,Michalski D.,damian-michalski,zagebie-lubin,2024/25,same_season_same_club,107,exact_nonfirst_ascii | exact_nonfirst_slugstyle | last_token_exact | last_token_slugstyle | token_overlap_ascii:michalski | token_overlap_slug:michalski | sim>=0.92:1.000 | initial_match | same_club_bonus,Damian MichalskiKGHM Zagłębie Lubin
Zagłębie Lubin,zagebie-lubin,Michalski D.,kacper-michalski,ruch-chorzow,2023/24,past_season_other_club,100,exact_nonfirst_ascii | exact_nonfirst_slugstyle | last_token_exact | last_token_slugstyle | token_overlap_ascii:michalski | token_overlap_slug:michalski | sim>=0.92:1.000,Kacper MichalskiRuch Chorzów
Zagłębie Lubin,zagebie-lubin,Michalski D.,micha-walski,puszcza-niepolomice,2023/24,past_season_other_club,84,sim>=0.85:0.900,Michał WalskiPuszcza Niepołomice
Zagłębie Lubin,zagebie-lubin,Michalski D.,michal-sacek,jagiellonia-bialystok,2023/24,past_season_other_club,78,sim>=0.78:0.800,Michal SáčekJagiellonia Białystok
Zagłębie Lubin,zagebie-lubin,Mikołajewski D.,daniel-mikoajewski-1,zagebie-lubin,2024/25,same_season_same_club,93,token_overlap_slug:mikoajewski | sim>=0.85:0.917 | initial_match | same_club_bonus,Daniel MikołajewskiKGHM Zagłębie Lubin
Zagłębie Lubin,zagebie-lubin,Mróz M.,marek-mroz,zagebie-lubin,2025/26,future_season_same_club,109,exact_nonfirst_ascii | exact_nonfirst_slugstyle | last_token_exact | last_token_slugstyle | token_overlap_ascii:mroz | token_overlap_slug:mroz | sim>=0.92:1.000 | initial_match | same_club_bonus,Marek MrózKGHM Zagłębie Lubin
Zagłębie Lubin,zagebie-lubin,Mróz M.,marek-mroz,zagebie-lubin,2023/24,past_season_same_club,107,exact_nonfirst_ascii | exact_nonfirst_slugstyle | last_token_exact | last_token_slugstyle | token_overlap_ascii:mroz | token_overlap_slug:mroz | sim>=0.92:1.000 | initial_match | same_club_bonus,Marek MrózKGHM Zagłębie Lubin
Zagłębie Lubin,zagebie-lubin,Mróz M.,marek-mroz,zagebie-lubin,2024/25,same_season_same_club,107,exact_nonfirst_ascii | exact_nonfirst_slugstyle | last_token_exact | last_token_slugstyle | token_overlap_ascii:mroz | token_overlap_slug:mroz | sim>=0.92:1.000 | initial_match | same_club_bonus,Marek MrózKGHM Zagłębie Lubin
Zagłębie Lubin,zagebie-lubin,Mróz M.,bartosz-mrozek,lech-poznan,2023/24,past_season_other_club,78,sim>=0.78:0.800,Bartosz MrozekLech Poznań
Zagłębie Lubin,zagebie-lubin,Nalepa M.,micha-jan-nalepa,zagebie-lubin,2025/26,future_season_same_club,101,last_token_exact | last_token_slugstyle | token_overlap_ascii:nalepa | token_overlap_slug:nalepa | sim>=0.78:0.800 | initial_match | same_club_bonus,Michał Jan NalepaKGHM Zagłębie Lubin
Zagłębie Lubin,zagebie-lubin,Nalepa M.,micha-jan-nalepa,zagebie-lubin,2023/24,past_season_same_club,99,last_token_exact | last_token_slugstyle | token_overlap_ascii:nalepa | token_overlap_slug:nalepa | sim>=0.78:0.800 | initial_match | same_club_bonus,Michał Jan NalepaKGHM Zagłębie Lubin
Zagłębie Lubin,zagebie-lubin,Nalepa M.,micha-jan-nalepa,zagebie-lubin,2024/25,same_season_same_club,99,last_token_exact | last_token_slugstyle | token_overlap_ascii:nalepa | token_overlap_slug:nalepa | sim>=0.78:0.800 | initial_match | same_club_bonus,Michał Jan NalepaKGHM Zagłębie Lubin
Zagłębie Lubin,zagebie-lubin,Nowogonski K.,kamil-nowogonski,zagebie-lubin,2025/26,future_season_same_club,109,exact_nonfirst_ascii | exact_nonfirst_slugstyle | last_token_exact | last_token_slugstyle | token_overlap_ascii:nowogonski | token_overlap_slug:nowogonski | sim>=0.92:1.000 | initial_match | same_club_bonus,Kamil NowogońskiKGHM Zagłębie Lubin
Zagłębie Lubin,zagebie-lubin,Nowogonski K.,kamil-nowogonski,zagebie-lubin,2024/25,same_season_same_club,107,exact_nonfirst_ascii | exact_nonfirst_slugstyle | last_token_exact | last_token_slugstyle | token_overlap_ascii:nowogonski | token_overlap_slug:nowogonski | sim>=0.92:1.000 | initial_match | same_club_bonus,Kamil NowogońskiKGHM Zagłębie Lubin
Zagłębie Lubin,zagebie-lubin,Orlikowski I.,igor-orlikowski,zagebie-lubin,2025/26,future_season_same_club,109,exact_nonfirst_ascii | exact_nonfirst_slugstyle | last_token_exact | last_token_slugstyle | token_overlap_ascii:orlikowski | token_overlap_slug:orlikowski | sim>=0.92:1.000 | initial_match | same_club_bonus,Igor OrlikowskiKGHM Zagłębie Lubin
Zagłębie Lubin,zagebie-lubin,Orlikowski I.,igor-orlikowski,zagebie-lubin,2024/25,same_season_same_club,107,exact_nonfirst_ascii | exact_nonfirst_slugstyle | last_token_exact | last_token_slugstyle | token_overlap_ascii:orlikowski | token_overlap_slug:orlikowski | sim>=0.92:1.000 | initial_match | same_club_bonus,Igor OrlikowskiKGHM Zagłębie Lubin
Zagłębie Lubin,zagebie-lubin,Orlikowski I.,marcin-listkowski,zagebie-lubin,2024/25,same_season_same_club,81,sim>=0.78:0.800 | same_club_bonus,Marcin ListkowskiKGHM Zagłębie Lubin
Zagłębie Lubin,zagebie-lubin,Pieńko T.,tomasz-pienko,zagebie-lubin,2025/26,future_season_same_club,109,exact_nonfirst_ascii | exact_nonfirst_slugstyle | last_token_exact | last_token_slugstyle | token_overlap_ascii:pienko | token_overlap_slug:pienko | sim>=0.92:1.000 | initial_match | same_club_bonus,Tomasz PieńkoKGHM Zagłębie Lubin
Zagłębie Lubin,zagebie-lubin,Pieńko T.,tomasz-pienko,zagebie-lubin,2023/24,past_season_same_club,107,exact_nonfirst_ascii | exact_nonfirst_slugstyle | last_token_exact | last_token_slugstyle | token_overlap_ascii:pienko | token_overlap_slug:pienko | sim>=0.92:1.000 | initial_match | same_club_bonus,Tomasz PieńkoKGHM Zagłębie Lubin
Zagłębie Lubin,zagebie-lubin,Pieńko T.,tomasz-pienko,zagebie-lubin,2024/25,same_season_same_club,107,exact_nonfirst_ascii | exact_nonfirst_slugstyle | last_token_exact | last_token_slugstyle | token_overlap_ascii:pienko | token_overlap_slug:pienko | sim>=0.92:1.000 | initial_match | same_club_bonus,Tomasz PieńkoKGHM Zagłębie Lubin
Zagłębie Lubin,zagebie-lubin,Radwański A.,adam-radwanski,zagebie-lubin,2025/26,future_season_same_club,109,exact_nonfirst_ascii | exact_nonfirst_slugstyle | last_token_exact | last_token_slugstyle | token_overlap_ascii:radwanski | token_overlap_slug:radwanski | sim>=0.92:1.000 | initial_match | same_club_bonus,Adam RadwańskiKGHM Zagłębie Lubin
Zagłębie Lubin,zagebie-lubin,Radwański A.,adam-radwanski,zagebie-lubin,2024/25,same_season_same_club,107,exact_nonfirst_ascii | exact_nonfirst_slugstyle | last_token_exact | last_token_slugstyle | token_overlap_ascii:radwanski | token_overlap_slug:radwanski | sim>=0.92:1.000 | initial_match | same_club_bonus,Adam RadwańskiKGHM Zagłębie Lubin
Zagłębie Lubin,zagebie-lubin,Reguła M.,marcel-wojciech-regua,zagebie-lubin,2025/26,future_season_same_club,101,last_token_slugstyle | token_overlap_slug:regua | initial_match | same_club_bonus,Marcel Wojciech RegułaKGHM Zagłębie Lubin
Zagłębie Lubin,zagebie-lubin,Reguła M.,marcel-wojciech-regua,zagebie-lubin,2024/25,same_season_same_club,99,last_token_slugstyle | token_overlap_slug:regua | initial_match | same_club_bonus,Marcel Wojciech RegułaKGHM Zagłębie Lubin
Zagłębie Lubin,zagebie-lubin,Sejk V.,vaclav-sejk,zagebie-lubin,2024/25,same_season_same_club,107,exact_nonfirst_ascii | exact_nonfirst_slugstyle | last_token_exact | last_token_slugstyle | token_overlap_ascii:sejk | token_overlap_slug:sejk | sim>=0.92:1.000 | initial_match | same_club_bonus,Václav SejkKGHM Zagłębie Lubin
Zagłębie Lubin,zagebie-lubin,Szmyt K.,kajetan-szmyt,zagebie-lubin,2025/26,future_season_same_club,109,exact_nonfirst_ascii | exact_nonfirst_slugstyle | last_token_exact | last_token_slugstyle | token_overlap_ascii:szmyt | token_overlap_slug:szmyt | sim>=0.92:1.000 | initial_match | same_club_bonus,Kajetan SzmytKGHM Zagłębie Lubin
Zagłębie Lubin,zagebie-lubin,Szmyt K.,kajetan-szmyt,zagebie-lubin,2024/25,same_season_same_club,107,exact_nonfirst_ascii | exact_nonfirst_slugstyle | last_token_exact | last_token_slugstyle | token_overlap_ascii:szmyt | token_overlap_slug:szmyt | sim>=0.92:1.000 | initial_match | same_club_bonus,Kajetan SzmytKGHM Zagłębie Lubin
Zagłębie Lubin,zagebie-lubin,Szmyt K.,kajetan-szmyt,warta-poznan,2023/24,past_season_other_club,104,exact_nonfirst_ascii | exact_nonfirst_slugstyle | last_token_exact | last_token_slugstyle | token_overlap_ascii:szmyt | token_overlap_slug:szmyt | sim>=0.92:1.000 | initial_match,Kajetan SzmytWarta Poznań
Zagłębie Lubin,zagebie-lubin,Wdowiak M.,mateusz-wdowiak,zagebie-lubin,2025/26,future_season_same_club,109,exact_nonfirst_ascii | exact_nonfirst_slugstyle | last_token_exact | last_token_slugstyle | token_overlap_ascii:wdowiak | token_overlap_slug:wdowiak | sim>=0.92:1.000 | initial_match | same_club_bonus,Mateusz WdowiakKGHM Zagłębie Lubin
Zagłębie Lubin,zagebie-lubin,Wdowiak M.,mateusz-wdowiak,zagebie-lubin,2023/24,past_season_same_club,107,exact_nonfirst_ascii | exact_nonfirst_slugstyle | last_token_exact | last_token_slugstyle | token_overlap_ascii:wdowiak | token_overlap_slug:wdowiak | sim>=0.92:1.000 | initial_match | same_club_bonus,Mateusz WdowiakKGHM Zagłębie Lubin
Zagłębie Lubin,zagebie-lubin,Wdowiak M.,mateusz-wdowiak,zagebie-lubin,2024/25,same_season_same_club,107,exact_nonfirst_ascii | exact_nonfirst_slugstyle | last_token_exact | last_token_slugstyle | token_overlap_ascii:wdowiak | token_overlap_slug:wdowiak | sim>=0.92:1.000 | initial_match | same_club_bonus,Mateusz WdowiakKGHM Zagłębie Lubin
Zagłębie Lubin,zagebie-lubin,Wdowiak M.,bartomiej-wdowik,jagiellonia-bialystok,2023/24,past_season_other_club,90,sim>=0.92:0.923,Bartłomiej WdowikJagiellonia Białystok
Zagłębie Lubin,zagebie-lubin,Woźniak A.,arkadiusz-wozniak,zagebie-lubin,2025/26,future_season_same_club,109,exact_nonfirst_ascii | exact_nonfirst_slugstyle | last_token_exact | last_token_slugstyle | token_overlap_ascii:wozniak | token_overlap_slug:wozniak | sim>=0.92:1.000 | initial_match | same_club_bonus,Arkadiusz WoźniakKGHM Zagłębie Lubin
Zagłębie Lubin,zagebie-lubin,Woźniak A.,arkadiusz-wozniak,zagebie-lubin,2023/24,past_season_same_club,107,exact_nonfirst_ascii | exact_nonfirst_slugstyle | last_token_exact | last_token_slugstyle | token_overlap_ascii:wozniak | token_overlap_slug:wozniak | sim>=0.92:1.000 | initial_match | same_club_bonus,Arkadiusz WoźniakKGHM Zagłębie Lubin
Zagłębie Lubin,zagebie-lubin,Woźniak A.,arkadiusz-wozniak,zagebie-lubin,2024/25,same_season_same_club,107,exact_nonfirst_ascii | exact_nonfirst_slugstyle | last_token_exact | last_token_slugstyle | token_overlap_ascii:wozniak | token_overlap_slug:wozniak | sim>=0.92:1.000 | initial_match | same_club_bonus,Arkadiusz WoźniakKGHM Zagłębie Lubin
Zagłębie Lubin,zagebie-lubin,Ławniczak A.,aleks-awniczak,zagebie-lubin,2025/26,future_season_same_club,109,exact_nonfirst_slugstyle | last_token_slugstyle | token_overlap_slug:awniczak | sim>=0.92:0.941 | initial_match | same_club_bonus,Aleks ŁawniczakKGHM Zagłębie Lubin
Zagłębie Lubin,zagebie-lubin,Ławniczak A.,aleks-awniczak,zagebie-lubin,2023/24,past_season_same_club,107,exact_nonfirst_slugstyle | last_token_slugstyle | token_overlap_slug:awniczak | sim>=0.92:0.941 | initial_match | same_club_bonus,Aleks ŁawniczakKGHM Zagłębie Lubin
Zagłębie Lubin,zagebie-lubin,Ławniczak A.,aleks-awniczak,zagebie-lubin,2024/25,same_season_same_club,107,exact_nonfirst_slugstyle | last_token_slugstyle | token_overlap_slug:awniczak | sim>=0.92:0.941 | initial_match | same_club_bonus,Aleks ŁawniczakKGHM Zagłębie Lubin
Śląsk Wrocław,slask-wroclaw,Baluta T.,tudor-baluta,slask-wroclaw,2024/25,same_season_same_club,107,exact_nonfirst_ascii | exact_nonfirst_slugstyle | last_token_exact | last_token_slugstyle | token_overlap_ascii:baluta | token_overlap_slug:baluta | sim>=0.92:1.000 | initial_match | same_club_bonus,Tudor Cristian BăluțăŚląsk Wrocław
Śląsk Wrocław,slask-wroclaw,Baluta T.,adriel-ba-loua,lech-poznan,2023/24,past_season_other_club,78,sim>=0.78:0.833,Adriel D'Avila Ba LouaLech Poznań
Śląsk Wrocław,slask-wroclaw,Bartolewski M.,mateusz-bartolewski,slask-wroclaw,2024/25,same_season_same_club,107,exact_nonfirst_ascii | exact_nonfirst_slugstyle | last_token_exact | last_token_slugstyle | token_overlap_ascii:bartolewski | token_overlap_slug:bartolewski | sim>=0.92:1.000 | initial_match | same_club_bonus,Mateusz BartolewskiŚląsk Wrocław
Śląsk Wrocław,slask-wroclaw,Bartolewski M.,mateusz-bartolewski,ruch-chorzow,2023/24,past_season_other_club,104,exact_nonfirst_ascii | exact_nonfirst_slugstyle | last_token_exact | last_token_slugstyle | token_overlap_ascii:bartolewski | token_overlap_slug:bartolewski | sim>=0.92:1.000 | initial_match,Mateusz BartolewskiRuch Chorzów
Śląsk Wrocław,slask-wroclaw,Bartolewski M.,jakub-bartkowski,warta-poznan,2023/24,past_season_other_club,84,sim>=0.85:0.857,Jakub BartkowskiWarta Poznań
Śląsk Wrocław,slask-wroclaw,Basse A.,adam-basse,slask-wroclaw,2024/25,same_season_same_club,107,exact_nonfirst_ascii | exact_nonfirst_slugstyle | last_token_exact | last_token_slugstyle | token_overlap_ascii:basse | token_overlap_slug:basse | sim>=0.92:1.000 | initial_match | same_club_bonus,Adam BasseŚląsk Wrocław
Śląsk Wrocław,slask-wroclaw,Bejger Ł.,ukasz-bejger,slask-wroclaw,2023/24,past_season_same_club,103,exact_nonfirst_ascii | exact_nonfirst_slugstyle | last_token_exact | last_token_slugstyle | token_overlap_ascii:bejger | token_overlap_slug:bejger | sim>=0.92:1.000 | same_club_bonus,Łukasz BejgerŚląsk Wrocław
Śląsk Wrocław,slask-wroclaw,Bejger Ł.,ukasz-bejger,slask-wroclaw,2024/25,same_season_same_club,103,exact_nonfirst_ascii | exact_nonfirst_slugstyle | last_token_exact | last_token_slugstyle | token_overlap_ascii:bejger | token_overlap_slug:bejger | sim>=0.92:1.000 | same_club_bonus,Łukasz BejgerŚląsk Wrocław
Śląsk Wrocław,slask-wroclaw,Cebula M.,marcin-cebula,slask-wroclaw,2024/25,same_season_same_club,107,exact_nonfirst_ascii | exact_nonfirst_slugstyle | last_token_exact | last_token_slugstyle | token_overlap_ascii:cebula | token_overlap_slug:cebula | sim>=0.92:1.000 | initial_match | same_club_bonus,Marcin CebulaŚląsk Wrocław
Śląsk Wrocław,slask-wroclaw,Cebula M.,marcin-cebula,rakow-czestochowa,2023/24,past_season_other_club,104,exact_nonfirst_ascii | exact_nonfirst_slugstyle | last_token_exact | last_token_slugstyle | token_overlap_ascii:cebula | token_overlap_slug:cebula | sim>=0.92:1.000 | initial_match,Marcin CebulaRaków Częstochowa
Śląsk Wrocław,slask-wroclaw,Eyamba J.,junior-eyamba,slask-wroclaw,2024/25,same_season_same_club,107,exact_nonfirst_ascii | exact_nonfirst_slugstyle | last_token_exact | last_token_slugstyle | token_overlap_ascii:eyamba | token_overlap_slug:eyamba | sim>=0.92:1.000 | initial_match | same_club_bonus,Junior Flor EyambaŚląsk Wrocław
Śląsk Wrocław,slask-wroclaw,Gerstenstein L.,ukasz-gerstenstein,slask-wroclaw,2024/25,same_season_same_club,103,exact_nonfirst_ascii | exact_nonfirst_slugstyle | last_token_exact | last_token_slugstyle | token_overlap_ascii:gerstenstein | token_overlap_slug:gerstenstein | sim>=0.92:1.000 | same_club_bonus,Łukasz GerstensteinŚląsk Wrocław
Śląsk Wrocław,slask-wroclaw,Gerstenstein L.,ukasz-gerstenstein,stal-mielec,2023/24,past_season_other_club,100,exact_nonfirst_ascii | exact_nonfirst_slugstyle | last_token_exact | last_token_slugstyle | token_overlap_ascii:gerstenstein | token_overlap_slug:gerstenstein | sim>=0.92:1.000,Łukasz GerstensteinStal Mielec
Śląsk Wrocław,slask-wroclaw,Guercio T.,tommaso-guercio,slask-wroclaw,2023/24,past_season_same_club,107,exact_nonfirst_ascii | exact_nonfirst_slugstyle | last_token_exact | last_token_slugstyle | token_overlap_ascii:guercio | token_overlap_slug:guercio | sim>=0.92:1.000 | initial_match | same_club_bonus,Tommaso GuercioŚląsk Wrocław
Śląsk Wrocław,slask-wroclaw,Guercio T.,tommaso-guercio,slask-wroclaw,2024/25,same_season_same_club,107,exact_nonfirst_ascii | exact_nonfirst_slugstyle | last_token_exact | last_token_slugstyle | token_overlap_ascii:guercio | token_overlap_slug:guercio | sim>=0.92:1.000 | initial_match | same_club_bonus,Tommaso GuercioŚląsk Wrocław
Śląsk Wrocław,slask-wroclaw,Ince B.,burak-ince,slask-wroclaw,2023/24,past_season_same_club,107,exact_nonfirst_ascii | exact_nonfirst_slugstyle | last_token_exact | last_token_slugstyle | token_overlap_ascii:ince | token_overlap_slug:ince | sim>=0.92:1.000 | initial_match | same_club_bonus,Burak InceŚląsk Wrocław
Śląsk Wrocław,slask-wroclaw,Ince B.,burak-ince,slask-wroclaw,2024/25,same_season_same_club,107,exact_nonfirst_ascii | exact_nonfirst_slugstyle | last_token_exact | last_token_slugstyle | token_overlap_ascii:ince | token_overlap_slug:ince | sim>=0.92:1.000 | initial_match | same_club_bonus,Burak InceŚląsk Wrocław
Śląsk Wrocław,slask-wroclaw,Jasper S.,sylvester-jasper,slask-wroclaw,2024/25,same_season_same_club,107,exact_nonfirst_ascii | exact_nonfirst_slugstyle | last_token_exact | last_token_slugstyle | token_overlap_ascii:jasper | token_overlap_slug:jasper | sim>=0.92:1.000 | initial_match | same_club_bonus,Sylvester Alexander Enitombra JasperŚląsk Wrocław
Śląsk Wrocław,slask-wroclaw,Jezierski J.,jakub-jezierski-1,slask-wroclaw,2023/24,past_season_same_club,97,token_overlap_ascii:jezierski | token_overlap_slug:jezierski | sim>=0.92:0.947 | initial_match | same_club_bonus,Jakub JezierskiŚląsk Wrocław
Śląsk Wrocław,slask-wroclaw,Jezierski J.,jakub-jezierski-1,slask-wroclaw,2024/25,same_season_same_club,97,token_overlap_ascii:jezierski | token_overlap_slug:jezierski | sim>=0.92:0.947 | initial_match | same_club_bonus,Jakub JezierskiŚląsk Wrocław
Śląsk Wrocław,slask-wroclaw,Kurowski K.,krzysztof-kurowski,slask-wroclaw,2023/24,past_season_same_club,107,exact_nonfirst_ascii | exact_nonfirst_slugstyle | last_token_exact | last_token_slugstyle | token_overlap_ascii:kurowski | token_overlap_slug:kurowski | sim>=0.92:1.000 | initial_match | same_club_bonus,Krzysztof KurowskiŚląsk Wrocław
Śląsk Wrocław,slask-wroclaw,Kurowski K.,krzysztof-kurowski,slask-wroclaw,2024/25,same_season_same_club,107,exact_nonfirst_ascii | exact_nonfirst_slugstyle | last_token_exact | last_token_slugstyle | token_overlap_ascii:kurowski | token_overlap_slug:kurowski | sim>=0.92:1.000 | initial_match | same_club_bonus,Krzysztof KurowskiŚląsk Wrocław
Śląsk Wrocław,slask-wroclaw,Kurowski K.,dawid-kurminowski,zagebie-lubin,2023/24,past_season_other_club,78,sim>=0.78:0.842,Dawid KurminowskiKGHM Zagłębie Lubin
Śląsk Wrocław,slask-wroclaw,Kurowski K.,jakub-ukowski,korona-kielce,2023/24,past_season_other_club,78,sim>=0.78:0.800,Jakub ŁukowskiKorona Kielce
Śląsk Wrocław,slask-wroclaw,Kurowski K.,oskar-koprowski,lks-lodz,2023/24,past_season_other_club,78,sim>=0.78:0.824,Oskar KoprowskiŁKS Łódź
Śląsk Wrocław,slask-wroclaw,Leszczyński R.,rafa-leszczynski,slask-wroclaw,2023/24,past_season_same_club,107,exact_nonfirst_ascii | exact_nonfirst_slugstyle | last_token_exact | last_token_slugstyle | token_overlap_ascii:leszczynski | token_overlap_slug:leszczynski | sim>=0.92:1.000 | initial_match | same_club_bonus,Rafał LeszczyńskiŚląsk Wrocław
Śląsk Wrocław,slask-wroclaw,Leszczyński R.,rafa-leszczynski,slask-wroclaw,2024/25,same_season_same_club,107,exact_nonfirst_ascii | exact_nonfirst_slugstyle | last_token_exact | last_token_slugstyle | token_overlap_ascii:leszczynski | token_overlap_slug:leszczynski | sim>=0.92:1.000 | initial_match | same_club_bonus,Rafał LeszczyńskiŚląsk Wrocław
Śląsk Wrocław,slask-wroclaw,Llinares M.,marc-llinares-barragan,slask-wroclaw,2024/25,same_season_same_club,93,token_overlap_ascii:llinares | token_overlap_slug:llinares | initial_match | same_club_bonus,Marc Llinares BarragánŚląsk Wrocław
Śląsk Wrocław,slask-wroclaw,Loska T.,tomasz-loska,slask-wroclaw,2024/25,same_season_same_club,107,exact_nonfirst_ascii | exact_nonfirst_slugstyle | last_token_exact | last_token_slugstyle | token_overlap_ascii:loska | token_overlap_slug:loska | sim>=0.92:1.000 | initial_match | same_club_bonus,Tomasz LoskaŚląsk Wrocław
Śląsk Wrocław,slask-wroclaw,Matsenko Y.,yehor-matsenko,slask-wroclaw,2023/24,past_season_same_club,107,exact_nonfirst_ascii | exact_nonfirst_slugstyle | last_token_exact | last_token_slugstyle | token_overlap_ascii:matsenko | token_overlap_slug:matsenko | sim>=0.92:1.000 | initial_match | same_club_bonus,Yehor MatsenkoŚląsk Wrocław
Śląsk Wrocław,slask-wroclaw,Matsenko Y.,yehor-matsenko,slask-wroclaw,2024/25,same_season_same_club,107,exact_nonfirst_ascii | exact_nonfirst_slugstyle | last_token_exact | last_token_slugstyle | token_overlap_ascii:matsenko | token_overlap_slug:matsenko | sim>=0.92:1.000 | initial_match | same_club_bonus,Yehor MatsenkoŚląsk Wrocław
Śląsk Wrocław,slask-wroclaw,Musiolik S.,sebastian-musiolik,slask-wroclaw,2024/25,same_season_same_club,107,exact_nonfirst_ascii | exact_nonfirst_slugstyle | last_token_exact | last_token_slugstyle | token_overlap_ascii:musiolik | token_overlap_slug:musiolik | sim>=0.92:1.000 | initial_match | same_club_bonus,Sebastian Karol MusiolikŚląsk Wrocław
Śląsk Wrocław,slask-wroclaw,Musiolik S.,sebastian-musiolik,gornik-zabrze,2023/24,past_season_other_club,104,exact_nonfirst_ascii | exact_nonfirst_slugstyle | last_token_exact | last_token_slugstyle | token_overlap_ascii:musiolik | token_overlap_slug:musiolik | sim>=0.92:1.000 | initial_match,Sebastian Karol MusiolikGórnik Zabrze
Śląsk Wrocław,slask-wroclaw,Nahuel M.,matias-nahuel-leiva-esquivel,slask-wroclaw,2023/24,past_season_same_club,93,token_overlap_ascii:nahuel | token_overlap_slug:nahuel | initial_match | same_club_bonus,Matías Nahuel Leiva EsquivelŚląsk Wrocław
Śląsk Wrocław,slask-wroclaw,Nahuel M.,matias-nahuel-leiva-esquivel,slask-wroclaw,2024/25,same_season_same_club,93,token_overlap_ascii:nahuel | token_overlap_slug:nahuel | initial_match | same_club_bonus,Matías Nahuel Leiva EsquivelŚląsk Wrocław
Śląsk Wrocław,slask-wroclaw,Ortiz A.,arnau-ortiz,slask-wroclaw,2024/25,same_season_same_club,107,exact_nonfirst_ascii | exact_nonfirst_slugstyle | last_token_exact | last_token_slugstyle | token_overlap_ascii:ortiz | token_overlap_slug:ortiz | sim>=0.92:1.000 | initial_match | same_club_bonus,Arnau Ortiz SánchezŚląsk Wrocław
Śląsk Wrocław,slask-wroclaw,Paluszek A.,aleksander-paluszek,slask-wroclaw,2023/24,past_season_same_club,107,exact_nonfirst_ascii | exact_nonfirst_slugstyle | last_token_exact | last_token_slugstyle | token_overlap_ascii:paluszek | token_overlap_slug:paluszek | sim>=0.92:1.000 | initial_match | same_club_bonus,Aleksander PaluszekŚląsk Wrocław
Śląsk Wrocław,slask-wroclaw,Paluszek A.,aleksander-paluszek,slask-wroclaw,2024/25,same_season_same_club,107,exact_nonfirst_ascii | exact_nonfirst_slugstyle | last_token_exact | last_token_slugstyle | token_overlap_ascii:paluszek | token_overlap_slug:paluszek | sim>=0.92:1.000 | initial_match | same_club_bonus,Aleksander PaluszekŚląsk Wrocław
Śląsk Wrocław,slask-wroclaw,Petkov A.,aleks-milenov-petkov,slask-wroclaw,2023/24,past_season_same_club,99,last_token_exact | last_token_slugstyle | token_overlap_ascii:petkov | token_overlap_slug:petkov | initial_match | same_club_bonus,Aleks Milenov PetkovŚląsk Wrocław
Śląsk Wrocław,slask-wroclaw,Petkov A.,aleks-milenov-petkov,slask-wroclaw,2024/25,same_season_same_club,99,last_token_exact | last_token_slugstyle | token_overlap_ascii:petkov | token_overlap_slug:petkov | initial_match | same_club_bonus,Aleks Milenov PetkovŚląsk Wrocław
Śląsk Wrocław,slask-wroclaw,Pokorny P.,peter-pokorny,slask-wroclaw,2023/24,past_season_same_club,107,exact_nonfirst_ascii | exact_nonfirst_slugstyle | last_token_exact | last_token_slugstyle | token_overlap_ascii:pokorny | token_overlap_slug:pokorny | sim>=0.92:1.000 | initial_match | same_club_bonus,Peter PokornýŚląsk Wrocław
Śląsk Wrocław,slask-wroclaw,Pokorny P.,peter-pokorny,slask-wroclaw,2024/25,same_season_same_club,107,exact_nonfirst_ascii | exact_nonfirst_slugstyle | last_token_exact | last_token_slugstyle | token_overlap_ascii:pokorny | token_overlap_slug:pokorny | sim>=0.92:1.000 | initial_match | same_club_bonus,Peter PokornýŚląsk Wrocław
Śląsk Wrocław,slask-wroclaw,Pozo J.,jose-angel-pozo-la-rosa,slask-wroclaw,2024/25,same_season_same_club,93,token_overlap_ascii:pozo | token_overlap_slug:pozo | initial_match | same_club_bonus,José Ángel Pozo la RosaŚląsk Wrocław
Śląsk Wrocław,slask-wroclaw,Rejczyk F.,filip-rejczyk,slask-wroclaw,2024/25,same_season_same_club,107,exact_nonfirst_ascii | exact_nonfirst_slugstyle | last_token_exact | last_token_slugstyle | token_overlap_ascii:rejczyk | token_overlap_slug:rejczyk | sim>=0.92:1.000 | initial_match | same_club_bonus,Filip RejczykŚląsk Wrocław
Śląsk Wrocław,slask-wroclaw,Rejczyk F.,filip-rejczyk,legia-warszawa,2023/24,past_season_other_club,104,exact_nonfirst_ascii | exact_nonfirst_slugstyle | last_token_exact | last_token_slugstyle | token_overlap_ascii:rejczyk | token_overlap_slug:rejczyk | sim>=0.92:1.000 | initial_match,Filip RejczykLegia Warszawa
Śląsk Wrocław,slask-wroclaw,Rejczyk F.,gabriel-kirejczyk,piast-gliwice,2023/24,past_season_other_club,84,sim>=0.85:0.875,Gabriel KirejczykPiast Gliwice
Śląsk Wrocław,slask-wroclaw,Rygiel S.,szymon-rygiel,slask-wroclaw,2024/25,same_season_same_club,107,exact_nonfirst_ascii | exact_nonfirst_slugstyle | last_token_exact | last_token_slugstyle | token_overlap_ascii:rygiel | token_overlap_slug:rygiel | sim>=0.92:1.000 | initial_match | same_club_bonus,Szymon RygielŚląsk Wrocław
Śląsk Wrocław,slask-wroclaw,Samiec-Talar P.,piotr-samiec-talar,slask-wroclaw,2023/24,past_season_same_club,107,"exact_nonfirst_ascii | exact_nonfirst_slugstyle | last_token_exact | last_token_slugstyle | token_overlap_ascii:samiec,talar | token_overlap_slug:samiec,talar | sim>=0.92:1.000 | initial_match | same_club_bonus",Piotr Samiec-TalarŚląsk Wrocław
Śląsk Wrocław,slask-wroclaw,Samiec-Talar P.,piotr-samiec-talar,slask-wroclaw,2024/25,same_season_same_club,107,"exact_nonfirst_ascii | exact_nonfirst_slugstyle | last_token_exact | last_token_slugstyle | token_overlap_ascii:samiec,talar | token_overlap_slug:samiec,talar | sim>=0.92:1.000 | initial_match | same_club_bonus",Piotr Samiec-TalarŚląsk Wrocław
Śląsk Wrocław,slask-wroclaw,Schierack S.,simon-schierack,slask-wroclaw,2024/25,same_season_same_club,107,exact_nonfirst_ascii | exact_nonfirst_slugstyle | last_token_exact | last_token_slugstyle | token_overlap_ascii:schierack | token_overlap_slug:schierack | sim>=0.92:1.000 | initial_match | same_club_bonus,Simon SchierackŚląsk Wrocław
Śląsk Wrocław,slask-wroclaw,Schwarz P.,petr-schwarz,slask-wroclaw,2023/24,past_season_same_club,107,exact_nonfirst_ascii | exact_nonfirst_slugstyle | last_token_exact | last_token_slugstyle | token_overlap_ascii:schwarz | token_overlap_slug:schwarz | sim>=0.92:1.000 | initial_match | same_club_bonus,Petr SchwarzŚląsk Wrocław
Śląsk Wrocław,slask-wroclaw,Schwarz P.,petr-schwarz,slask-wroclaw,2024/25,same_season_same_club,107,exact_nonfirst_ascii | exact_nonfirst_slugstyle | last_token_exact | last_token_slugstyle | token_overlap_ascii:schwarz | token_overlap_slug:schwarz | sim>=0.92:1.000 | initial_match | same_club_bonus,Petr SchwarzŚląsk Wrocław
Śląsk Wrocław,slask-wroclaw,Sharabura Y.,yehor-sharabura,slask-wroclaw,2024/25,same_season_same_club,107,exact_nonfirst_ascii | exact_nonfirst_slugstyle | last_token_exact | last_token_slugstyle | token_overlap_ascii:sharabura | token_overlap_slug:sharabura | sim>=0.92:1.000 | initial_match | same_club_bonus,Yehor SharaburaŚląsk Wrocław
Śląsk Wrocław,slask-wroclaw,Szota S.,serafin-jan-szota,slask-wroclaw,2024/25,same_season_same_club,99,last_token_exact | last_token_slugstyle | token_overlap_ascii:szota | token_overlap_slug:szota | initial_match | same_club_bonus,Serafin Jan SzotaŚląsk Wrocław
Śląsk Wrocław,slask-wroclaw,Szota S.,serafin-jan-szota,widzew-lodz,2023/24,past_season_other_club,96,last_token_exact | last_token_slugstyle | token_overlap_ascii:szota | token_overlap_slug:szota | initial_match,Serafin Jan SzotaWidzew Łódź
Śląsk Wrocław,slask-wroclaw,Udahl H.,henrik-udahl-1,slask-wroclaw,2024/25,same_season_same_club,93,token_overlap_ascii:udahl | token_overlap_slug:udahl | sim>=0.85:0.909 | initial_match | same_club_bonus,Henrik UdahlŚląsk Wrocław
Śląsk Wrocław,slask-wroclaw,Wolczek A.,aleksander-woczek,slask-wroclaw,2024/25,same_season_same_club,97,sim>=0.92:0.923 | initial_match | same_club_bonus,Aleksander WołczekŚląsk Wrocław
Śląsk Wrocław,slask-wroclaw,Wolczek A.,kamil-wilczek,piast-gliwice,2023/24,past_season_other_club,84,sim>=0.85:0.857,Kamil Antoni WilczekPiast Gliwice
Śląsk Wrocław,slask-wroclaw,Świerczok J.,jakub-swierczok,slask-wroclaw,2024/25,same_season_same_club,107,exact_nonfirst_ascii | exact_nonfirst_slugstyle | last_token_exact | last_token_slugstyle | token_overlap_ascii:swierczok | token_overlap_slug:swierczok | sim>=0.92:1.000 | initial_match | same_club_bonus,Jakub ŚwierczokŚląsk Wrocław
Śląsk Wrocław,slask-wroclaw,Żukowski M.,mateusz-zukowski,slask-wroclaw,2023/24,past_season_same_club,107,exact_nonfirst_ascii | exact_nonfirst_slugstyle | last_token_exact | last_token_slugstyle | token_overlap_ascii:zukowski | token_overlap_slug:zukowski | sim>=0.92:1.000 | initial_match | same_club_bonus,Mateusz ŻukowskiŚląsk Wrocław
Śląsk Wrocław,slask-wroclaw,Żukowski M.,mateusz-zukowski,slask-wroclaw,2024/25,same_season_same_club,107,exact_nonfirst_ascii | exact_nonfirst_slugstyle | last_token_exact | last_token_slugstyle | token_overlap_ascii:zukowski | token_overlap_slug:zukowski | sim>=0.92:1.000 | initial_match | same_club_bonus,Mateusz ŻukowskiŚląsk Wrocław
Śląsk Wrocław,slask-wroclaw,Żukowski M.,jakub-ukowski,korona-kielce,2023/24,past_season_other_club,90,sim>=0.92:0.933,Jakub ŁukowskiKorona Kielce
Śląsk Wrocław,slask-wroclaw,Żukowski M.,jan-ziokowski,legia-warszawa,2023/24,past_season_other_club,78,sim>=0.78:0.824,Jan ZiółkowskiLegia Warszawa
