match_id,gospodarz,gosc,gole_gosp,gole_gosc,data_meczu,posiadanie_gosp,posiadanie_gosc,strzaly_gosp,strzaly_gosc,celne_gosp,celne_gosc,strzaly_zablokowane_gosp,strzaly_zablokowane_gosc,strzaly_niecelne_gosp,strzaly_niecelne_gosc,rozne_gosp,rozne_gosc,faule_gosp,faule_gosc,spalone_gosp,spalone_gosc,zk_gosp,zk_gosc,czk_gosp,czk_gosc,druga_zk_gosp,druga_zk_gosc,dosrodkowania_gosp,dosrodkowania_gosc,dosrodkowania_celne_gosp,dosrodkowania_celne_gosc,odbiory_gosp,odbiory_gosc,podania_gosp,podania_gosc,podania_celne_gosp,podania_celne_gosc,kolejka,xg_gosp,xg_gosc,posiadanie_gosp_flash,posiadanie_gosc_flash,strzaly_gosp_flash,strzaly_gosc_flash,celne_gosp_flash,celne_gosc_flash,wielkie_szanse_gosp,wielkie_szanse_gosc,rozne_gosp_flash,rozne_gosc_flash,zk_gosp_flash,zk_gosc_flash,xgot_gosp,xgot_gosc,strzaly_niecelne_gosp_flash,strzaly_niecelne_gosc_flash,strzaly_zablokowane_gosp_flash,strzaly_zablokowane_gosc_flash,strzaly_pk_gosp,strzaly_pk_gosc,strzaly_spoza_pk_gosp,strzaly_spoza_pk_gosc,kontakty_pk_gosp,kontakty_pk_gosc,spalone_gosp_flash,spalone_gosc_flash,rzuty_wolne_gosp,rzuty_wolne_gosc,xa_gosp,xa_gosc,faule_gosp_flash,faule_gosc_flash,pojedynki_gosp,pojedynki_gosc,wybicia_gosp,wybicia_gosc,przechwyty_gosp,przechwyty_gosc,bledy_strzal_gosp,bledy_strzal_gosc,bledy_gol_gosp,bledy_gol_gosc,obrony_bramkarza_gosp,obrony_bramkarza_gosc,xgot_przeciw_gosp,xgot_przeciw_gosc,zapobiegniecia_gosp,zapobiegniecia_gosc,czk_gosc_flash,czk_gosp_flash,data_meczu_flash,kolejka_flash,url,flash_id,podania_sk_gosp,podania_wszy_gosp,podania_sk_gosc,podania_wszy_gosc,dl_pod_sk_gosp,dl_pod_wszy_gosp,dl_pod_sk_gosc,dl_pod_wszy_gosc,pod_strefa_sk_gosp,pod_strefa_wszy_gosp,pod_strefa_sk_gosc,pod_strefa_wszy_gosc,dosrod_sk_gosp,dosrod_wszy_gosp,dosrod_sk_gosc,dosrod_wszy_gosc,odbiory_sk_gosp,odbiory_wszy_gosp,odbiory_sk_gosc,odbiory_wszy_gosc,gosp_nazwa,gosc_nazwa,gosp_kod,gosc_kod
2344,JAG,BBT,0,4,2025-07-18,64.2,35.8,13.0,18.0,4.0,6.0,4.0,8.0,5.0,4.0,3.0,8.0,7.0,10.0,4.0,1.0,1.0,0.0,0.0,0.0,0.0,0.0,34.0,12.0,8.0,4.0,16.0,14.0,543.0,311.0,469.0,226.0,1,0.89,2.47,64.0,36.0,13.0,18.0,4.0,6.0,0.0,3.0,3.0,8.0,1.0,0.0,0.25,3.19,5.0,4.0,4.0,8.0,10.0,11.0,3.0,7.0,35.0,23.0,4.0,1.0,10.0,7.0,2.02,0.92,7.0,10.0,59.0,60.0,24.0,40.0,4.0,8.0,2.0,0.0,0.0,0.0,3.0,4.0,3.19,0.25,-0.81,0.25,0.0,0.0,2025-07-18,1.0,https://www.flashscore.pl/mecz/pilka-nozna/jagiellonia-bialystok-lIDaZJTc/nieciecza-YNkK4khO/szczegoly/statystyki/?mid=fkfo7grg,fkfo7grg,469.0,543.0,226.0,311.0,18.0,40.0,26.0,66.0,122.0,164.0,61.0,95.0,8.0,34.0,4.0,12.0,16.0,20.0,14.0,25.0,JAG 0-4 BBT | Jagiellonia Białystok,Bruk-Bet T.,JAG,BBT
2345,LPO,CRA,1,4,2025-07-18,74.6,25.4,10.0,7.0,2.0,5.0,2.0,0.0,6.0,2.0,5.0,0.0,10.0,12.0,3.0,1.0,1.0,2.0,0.0,0.0,0.0,0.0,30.0,1.0,4.0,0.0,6.0,8.0,638.0,222.0,572.0,153.0,1,,,,,,,,,,,,,,,,,,,,,,,,,,,,,,,,,,,,,,,,,,,,,,,,,,,,,,,,,,,,,,,,,,,,,,,,,,,,,,,,
2346,WID,ZAG,1,0,2025-07-19,52.8,47.2,15.0,11.0,4.0,2.0,8.0,3.0,3.0,6.0,8.0,6.0,8.0,20.0,1.0,3.0,3.0,4.0,0.0,0.0,0.0,0.0,17.0,14.0,4.0,3.0,11.0,8.0,349.0,311.0,283.0,244.0,1,1.06,0.66,53.0,47.0,15.0,11.0,4.0,2.0,0.0,0.0,8.0,6.0,3.0,4.0,0.77,0.12,3.0,6.0,8.0,3.0,10.0,6.0,5.0,5.0,34.0,21.0,1.0,3.0,20.0,8.0,1.19,0.85,8.0,20.0,59.0,41.0,27.0,22.0,2.0,11.0,0.0,1.0,0.0,0.0,2.0,3.0,0.12,0.77,0.12,-0.23,0.0,0.0,2025-07-19,1.0,https://www.flashscore.pl/mecz/pilka-nozna/widzew-lodz-rNOIW3uC/zaglebie-lubin-tlYOere0/szczegoly/statystyki/?mid=OYPnB2qR,OYPnB2qR,283.0,349.0,244.0,311.0,24.0,51.0,16.0,34.0,80.0,119.0,64.0,94.0,4.0,17.0,3.0,14.0,11.0,16.0,8.0,15.0,WID 1-0 ZAG | Widzew Łódź,Zagłębie Lubin,WID,ZAG
2347,WPŁ,KOR,2,0,2025-07-19,64.3,35.7,22.0,5.0,8.0,1.0,3.0,1.0,11.0,3.0,7.0,1.0,12.0,13.0,1.0,4.0,1.0,3.0,0.0,2.0,0.0,1.0,25.0,6.0,6.0,1.0,7.0,5.0,499.0,282.0,436.0,212.0,1,,,,,,,,,,,,,,,,,,,,,,,,,,,,,,,,,,,,,,,,,,,,,,,,,,,,,,,,,,,,,,,,,,,,,,,,,,,,,,,,
2348,GKS,RCZ,0,1,2025-07-19,49.2,50.8,3.0,18.0,0.0,4.0,1.0,7.0,2.0,7.0,3.0,6.0,7.0,14.0,2.0,0.0,1.0,1.0,0.0,0.0,0.0,0.0,16.0,21.0,2.0,5.0,10.0,9.0,424.0,439.0,345.0,364.0,1,0.17,1.81,49.0,51.0,3.0,18.0,0.0,4.0,0.0,4.0,3.0,6.0,1.0,1.0,0.0,1.0,2.0,7.0,1.0,7.0,2.0,15.0,1.0,3.0,10.0,34.0,2.0,0.0,14.0,7.0,0.12,1.85,7.0,14.0,59.0,51.0,30.0,27.0,4.0,9.0,1.0,0.0,0.0,0.0,4.0,0.0,1.0,0.0,0.0,0.0,0.0,0.0,2025-07-19,1.0,https://www.flashscore.pl/mecz/pilka-nozna/gks-katowice-K4AgRmS1/rakow-czestochowa-SQOrbYim/szczegoly/statystyki/?mid=Od8Z1b6D,Od8Z1b6D,345.0,424.0,364.0,439.0,32.0,66.0,19.0,46.0,39.0,65.0,108.0,152.0,2.0,16.0,5.0,21.0,10.0,16.0,9.0,16.0,KAT 0-1 RAK | GKS Katowice,Raków Częstochowa,GKS,RCZ
2349,GÓR,LGD,2,1,2025-07-20,52.5,47.5,21.0,15.0,6.0,6.0,5.0,2.0,10.0,7.0,6.0,3.0,8.0,10.0,1.0,1.0,1.0,1.0,0.0,0.0,0.0,0.0,22.0,8.0,5.0,5.0,7.0,10.0,430.0,398.0,371.0,329.0,1,,,,,,,,,,,,,,,,,,,,,,,,,,,,,,,,,,,,,,,,,,,,,,,,,,,,,,,,,,,,,,,,,,,,,,,,,,,,,,,,
2350,MOT,ARK,1,0,2025-07-20,60.1,39.9,17.0,9.0,5.0,1.0,4.0,3.0,8.0,5.0,8.0,8.0,14.0,11.0,3.0,3.0,2.0,4.0,0.0,0.0,0.0,0.0,28.0,21.0,4.0,3.0,4.0,5.0,457.0,301.0,375.0,235.0,1,1.92,0.49,60.0,40.0,17.0,9.0,5.0,1.0,4.0,0.0,8.0,8.0,2.0,4.0,0.98,0.08,8.0,5.0,4.0,3.0,12.0,4.0,5.0,5.0,39.0,15.0,3.0,3.0,11.0,14.0,1.58,0.42,14.0,11.0,37.0,46.0,27.0,41.0,2.0,5.0,0.0,1.0,0.0,0.0,1.0,3.0,0.08,0.98,0.08,-0.02,0.0,0.0,2025-07-20,1.0,https://www.flashscore.pl/mecz/pilka-nozna/arka-gdynia-feEez0Ei/motor-lublin-IoLk2VlL/szczegoly/statystyki/?mid=2JyvDOEE,2JyvDOEE,375.0,457.0,235.0,301.0,20.0,43.0,18.0,51.0,82.0,119.0,60.0,97.0,4.0,28.0,3.0,21.0,4.0,6.0,5.0,12.0,MOT 1-0 ARK | Motor Lublin,Arka Gdynia,MOT,ARK
2351,LEG,PIA,0,1,2025-07-20,52.7,47.3,9.0,10.0,2.0,3.0,3.0,2.0,4.0,5.0,5.0,3.0,14.0,14.0,2.0,2.0,3.0,1.0,0.0,0.0,0.0,0.0,18.0,12.0,6.0,3.0,16.0,8.0,416.0,380.0,319.0,295.0,1,0.65,0.56,52.0,48.0,10.0,10.0,2.0,3.0,0.0,0.0,5.0,3.0,3.0,1.0,0.18,0.6,4.0,5.0,4.0,2.0,6.0,3.0,4.0,7.0,18.0,12.0,2.0,2.0,14.0,14.0,1.19,0.4,14.0,14.0,54.0,49.0,27.0,30.0,12.0,14.0,1.0,1.0,0.0,0.0,2.0,2.0,0.6,0.18,-0.4,0.18,0.0,0.0,2025-12-14,1.0,https://www.flashscore.pl/mecz/pilka-nozna/legia-warszawa-K6kUepBs/piast-gliwice-ve2oT9ck/szczegoly/statystyki/?mid=xtphkLM7,xtphkLM7,321.0,416.0,302.0,388.0,20.0,54.0,21.0,60.0,59.0,101.0,61.0,105.0,6.0,18.0,2.0,11.0,14.0,19.0,9.0,16.0,LEG 0-1 PIA | Legia Warszawa,Piast Gliwice,LEG,PIA
2352,RAD,POG,5,1,2025-07-20,42.8,57.2,15.0,6.0,8.0,1.0,4.0,0.0,3.0,5.0,4.0,4.0,8.0,9.0,2.0,5.0,1.0,1.0,0.0,0.0,0.0,0.0,15.0,18.0,7.0,6.0,5.0,4.0,300.0,403.0,240.0,333.0,1,1.66,1.47,43.0,57.0,15.0,6.0,8.0,1.0,4.0,4.0,4.0,4.0,1.0,1.0,2.79,0.37,3.0,5.0,4.0,0.0,11.0,6.0,4.0,0.0,25.0,16.0,2.0,5.0,9.0,8.0,1.27,1.29,8.0,9.0,38.0,32.0,26.0,21.0,7.0,7.0,0.0,0.0,0.0,0.0,0.0,3.0,0.37,2.79,-0.63,-2.21,0.0,0.0,2025-07-20,1.0,https://www.flashscore.pl/mecz/pilka-nozna/pogon-szczecin-Um9YwPQ0/radomiak-radom-zD5nYhAT/szczegoly/statystyki/?mid=jqAR3Ky1,jqAR3Ky1,240.0,300.0,333.0,403.0,15.0,42.0,22.0,47.0,67.0,101.0,46.0,87.0,7.0,15.0,6.0,18.0,5.0,7.0,4.0,7.0,RAD 5-1 POG | Radomiak Radom,Pogoń Szczecin,RAD,POG
2353,ARK,RAD,1,1,2025-07-25,48.9,51.1,10.0,15.0,4.0,3.0,1.0,2.0,5.0,10.0,5.0,4.0,16.0,12.0,3.0,2.0,1.0,3.0,0.0,0.0,0.0,0.0,16.0,14.0,4.0,1.0,9.0,13.0,319.0,334.0,251.0,266.0,2,0.76,0.84,49.0,51.0,10.0,15.0,4.0,3.0,2.0,1.0,5.0,4.0,1.0,3.0,0.9,1.15,5.0,10.0,1.0,2.0,7.0,9.0,3.0,6.0,17.0,20.0,3.0,2.0,12.0,16.0,0.47,0.55,16.0,12.0,44.0,63.0,34.0,35.0,6.0,7.0,0.0,1.0,0.0,0.0,2.0,3.0,1.15,0.9,0.15,-0.1,0.0,0.0,2025-07-25,2.0,https://www.flashscore.pl/mecz/pilka-nozna/arka-gdynia-feEez0Ei/radomiak-radom-zD5nYhAT/szczegoly/statystyki/?mid=G4rf5XC5,G4rf5XC5,251.0,319.0,266.0,334.0,18.0,54.0,28.0,47.0,49.0,90.0,78.0,112.0,4.0,16.0,1.0,14.0,9.0,16.0,13.0,21.0,ARK 1-1 RAD | Arka Gdynia,Radomiak Radom,ARK,RAD
2354,LGD,LPO,3,4,2025-07-26,39.9,60.1,16.0,21.0,7.0,11.0,6.0,5.0,3.0,5.0,9.0,10.0,13.0,11.0,0.0,0.0,3.0,3.0,0.0,0.0,0.0,0.0,21.0,20.0,6.0,7.0,14.0,8.0,278.0,433.0,211.0,363.0,2,1.39,2.59,40.0,60.0,16.0,21.0,7.0,11.0,3.0,4.0,9.0,10.0,3.0,3.0,2.24,2.35,3.0,5.0,6.0,5.0,12.0,16.0,4.0,5.0,22.0,32.0,0.0,0.0,11.0,13.0,1.43,1.38,13.0,11.0,46.0,46.0,28.0,31.0,7.0,2.0,0.0,1.0,0.0,0.0,7.0,4.0,2.35,2.24,-1.65,-0.76,0.0,0.0,2025-07-26,2.0,https://www.flashscore.pl/mecz/pilka-nozna/lech-poznan-OpNH7Ouf/lechia-gdansk-GGLmkiK8/szczegoly/statystyki/?mid=OUo23BsI,OUo23BsI,211.0,278.0,363.0,433.0,22.0,48.0,36.0,59.0,65.0,96.0,92.0,120.0,6.0,21.0,7.0,20.0,14.0,18.0,8.0,14.0,GDA 3-4 LEC | Lechia Gdańsk,Lech Poznań,LGD,LPO
2355,POG,MOT,4,1,2025-07-26,42.0,58.0,19.0,20.0,5.0,8.0,5.0,4.0,9.0,8.0,6.0,8.0,11.0,8.0,0.0,1.0,2.0,1.0,0.0,0.0,0.0,0.0,15.0,31.0,5.0,6.0,5.0,9.0,298.0,409.0,231.0,348.0,2,2.65,1.76,42.0,58.0,19.0,20.0,5.0,8.0,3.0,2.0,6.0,8.0,2.0,1.0,3.24,1.81,9.0,8.0,5.0,4.0,11.0,17.0,8.0,3.0,30.0,34.0,0.0,1.0,8.0,11.0,1.72,0.87,11.0,8.0,35.0,50.0,31.0,21.0,7.0,8.0,0.0,0.0,1.0,0.0,7.0,1.0,1.81,3.24,0.81,-0.76,0.0,0.0,2025-07-26,2.0,https://www.flashscore.pl/mecz/pilka-nozna/motor-lublin-IoLk2VlL/pogon-szczecin-Um9YwPQ0/szczegoly/statystyki/?mid=ITvB1kCU,ITvB1kCU,231.0,298.0,348.0,409.0,23.0,48.0,19.0,32.0,77.0,116.0,75.0,110.0,5.0,15.0,6.0,31.0,5.0,8.0,9.0,20.0,POG 4-1 MOT | Pogoń Szczecin,Motor Lublin,POG,MOT
2356,KOR,LEG,0,2,2025-07-27,52.0,48.0,18.0,17.0,2.0,5.0,9.0,3.0,7.0,9.0,13.0,7.0,8.0,15.0,0.0,2.0,0.0,1.0,0.0,0.0,0.0,0.0,36.0,18.0,8.0,4.0,11.0,14.0,388.0,374.0,312.0,300.0,2,1.19,1.46,52.0,48.0,18.0,17.0,2.0,5.0,1.0,2.0,13.0,7.0,0.0,1.0,0.49,1.44,7.0,9.0,9.0,3.0,10.0,11.0,8.0,6.0,25.0,23.0,0.0,2.0,15.0,8.0,1.09,0.95,8.0,15.0,56.0,48.0,25.0,46.0,12.0,8.0,2.0,0.0,0.0,0.0,3.0,2.0,1.44,0.49,-0.56,0.49,0.0,0.0,2025-07-27,2.0,https://www.flashscore.pl/mecz/pilka-nozna/korona-kielce-pp78XcbA/legia-warszawa-K6kUepBs/szczegoly/statystyki/?mid=YuFKLhcn,YuFKLhcn,311.0,388.0,300.0,374.0,18.0,41.0,22.0,55.0,71.0,114.0,71.0,99.0,8.0,36.0,4.0,18.0,10.0,13.0,14.0,17.0,KOR 0-2 LEG | Korona Kielce,Legia Warszawa,KOR,LEG
2357,CRA,BBT,2,0,2025-07-25,46.3,53.7,14.0,7.0,3.0,4.0,3.0,1.0,8.0,2.0,5.0,6.0,16.0,16.0,1.0,0.0,3.0,5.0,0.0,0.0,0.0,0.0,13.0,19.0,5.0,3.0,14.0,11.0,314.0,363.0,234.0,272.0,2,1.74,0.59,46.0,54.0,14.0,7.0,3.0,4.0,2.0,1.0,5.0,6.0,3.0,5.0,1.72,1.34,8.0,2.0,3.0,1.0,8.0,5.0,6.0,2.0,20.0,18.0,1.0,0.0,16.0,16.0,0.92,0.76,16.0,16.0,59.0,67.0,37.0,16.0,11.0,2.0,1.0,1.0,0.0,0.0,5.0,1.0,1.34,1.72,1.34,-0.28,0.0,0.0,2025-07-25,2.0,https://www.flashscore.pl/mecz/pilka-nozna/cracovia-KvXSf2A6/nieciecza-YNkK4khO/szczegoly/statystyki/?mid=U78TJWRb,U78TJWRb,234.0,314.0,272.0,363.0,24.0,53.0,21.0,51.0,51.0,79.0,74.0,124.0,5.0,13.0,3.0,19.0,14.0,20.0,11.0,23.0,CRA 2-0 BBT | Cracovia,Bruk-Bet T.,CRA,BBT
2358,GKS,ZAG,2,2,2025-07-28,55.8,44.2,18.0,20.0,8.0,3.0,6.0,11.0,4.0,6.0,14.0,8.0,9.0,16.0,1.0,2.0,1.0,1.0,0.0,0.0,0.0,0.0,34.0,22.0,7.0,4.0,6.0,4.0,311.0,248.0,229.0,177.0,2,1.24,2.29,56.0,44.0,18.0,20.0,8.0,3.0,1.0,3.0,14.0,8.0,1.0,1.0,1.32,1.75,4.0,6.0,6.0,11.0,13.0,15.0,5.0,5.0,38.0,33.0,1.0,2.0,16.0,9.0,1.02,1.06,9.0,16.0,55.0,38.0,43.0,46.0,6.0,8.0,0.0,1.0,0.0,0.0,0.0,6.0,1.75,1.32,-0.25,-0.68,0.0,0.0,2025-07-28,2.0,https://www.flashscore.pl/mecz/pilka-nozna/gks-katowice-K4AgRmS1/zaglebie-lubin-tlYOere0/szczegoly/statystyki/?mid=xYByIAdB,xYByIAdB,229.0,311.0,177.0,248.0,20.0,53.0,18.0,41.0,62.0,96.0,76.0,115.0,7.0,34.0,4.0,22.0,6.0,13.0,4.0,7.0,KAT 2-2 ZAG | GKS Katowice,Zagłębie Lubin,GKS,ZAG
2359,RCZ,WPŁ,1,2,2025-07-27,60.7,39.3,11.0,11.0,3.0,5.0,4.0,1.0,4.0,5.0,6.0,3.0,17.0,21.0,0.0,1.0,4.0,4.0,0.0,0.0,0.0,0.0,30.0,11.0,9.0,2.0,8.0,11.0,480.0,320.0,410.0,239.0,2,,,,,,,,,,,,,,,,,,,,,,,,,,,,,,,,,,,,,,,,,,,,,,,,,,,,,,,,,,,,,,,,,,,,,,,,,,,,,,,,
2360,JAG,WID,3,2,2025-07-27,58.7,41.3,12.0,18.0,5.0,7.0,5.0,3.0,2.0,8.0,4.0,2.0,12.0,18.0,4.0,1.0,2.0,3.0,0.0,0.0,0.0,0.0,18.0,8.0,2.0,3.0,8.0,8.0,442.0,314.0,364.0,244.0,2,1.63,1.18,59.0,41.0,12.0,18.0,5.0,7.0,3.0,2.0,4.0,2.0,2.0,3.0,1.89,1.16,2.0,8.0,5.0,3.0,8.0,11.0,4.0,7.0,25.0,22.0,4.0,1.0,18.0,12.0,2.2,0.89,12.0,18.0,56.0,48.0,16.0,30.0,5.0,14.0,1.0,0.0,1.0,1.0,5.0,2.0,1.16,1.89,-0.84,-1.11,0.0,0.0,2025-07-27,2.0,https://www.flashscore.pl/mecz/pilka-nozna/jagiellonia-bialystok-lIDaZJTc/widzew-lodz-rNOIW3uC/szczegoly/statystyki/?mid=8MoGASlo,8MoGASlo,364.0,442.0,244.0,314.0,16.0,47.0,23.0,47.0,78.0,110.0,49.0,81.0,2.0,18.0,3.0,8.0,8.0,17.0,8.0,11.0,JAG 3-2 WID | Jagiellonia Białystok,Widzew Łódź,JAG,WID
2361,PIA,GÓR,0,1,2025-07-26,61.8,38.2,10.0,8.0,0.0,4.0,3.0,2.0,7.0,2.0,6.0,2.0,13.0,8.0,2.0,0.0,2.0,1.0,0.0,0.0,0.0,0.0,17.0,14.0,1.0,1.0,7.0,6.0,514.0,315.0,452.0,255.0,2,,,,,,,,,,,,,,,,,,,,,,,,,,,,,,,,,,,,,,,,,,,,,,,,,,,,,,,,,,,,,,,,,,,,,,,,,,,,,,,,
2362,WPŁ,PIA,2,0,2025-08-01,30.2,69.8,9.0,6.0,3.0,1.0,5.0,2.0,1.0,3.0,8.0,6.0,10.0,11.0,4.0,0.0,3.0,5.0,0.0,0.0,0.0,0.0,17.0,23.0,4.0,4.0,7.0,3.0,250.0,600.0,193.0,542.0,3,,,,,,,,,,,,,,,,,,,,,,,,,,,,,,,,,,,,,,,,,,,,,,,,,,,,,,,,,,,,,,,,,,,,,,,,,,,,,,,,
2363,BBT,POG,1,1,2025-08-02,42.0,58.0,16.0,12.0,7.0,2.0,5.0,5.0,4.0,5.0,6.0,9.0,8.0,14.0,2.0,0.0,0.0,2.0,0.0,0.0,0.0,0.0,14.0,27.0,3.0,2.0,4.0,8.0,339.0,453.0,254.0,383.0,3,1.95,1.05,42.0,58.0,16.0,12.0,7.0,2.0,4.0,3.0,6.0,9.0,0.0,2.0,1.52,0.91,4.0,5.0,5.0,5.0,9.0,8.0,7.0,4.0,23.0,20.0,2.0,0.0,14.0,8.0,1.31,0.96,8.0,14.0,53.0,33.0,34.0,19.0,5.0,9.0,0.0,3.0,0.0,0.0,1.0,6.0,0.91,1.52,-0.09,0.52,0.0,0.0,2025-08-02,3.0,https://www.flashscore.pl/mecz/pilka-nozna/nieciecza-YNkK4khO/pogon-szczecin-Um9YwPQ0/szczegoly/statystyki/?mid=hALJUmtH,hALJUmtH,254.0,339.0,383.0,453.0,25.0,56.0,15.0,40.0,50.0,94.0,65.0,88.0,3.0,14.0,2.0,27.0,4.0,9.0,8.0,10.0,BBT 1-1 POG | Bruk-Bet T.,Pogoń Szczecin,BBT,POG
2364,LEG,ARK,0,0,2025-08-03,62.9,37.1,20.0,6.0,3.0,0.0,10.0,3.0,7.0,3.0,13.0,4.0,19.0,13.0,1.0,1.0,3.0,3.0,0.0,0.0,0.0,0.0,37.0,19.0,11.0,6.0,7.0,8.0,473.0,284.0,388.0,213.0,3,1.85,0.66,63.0,37.0,20.0,6.0,3.0,0.0,4.0,2.0,13.0,4.0,3.0,3.0,0.92,0.0,7.0,3.0,10.0,3.0,15.0,5.0,5.0,1.0,44.0,10.0,1.0,1.0,13.0,19.0,1.9,0.73,19.0,13.0,51.0,48.0,24.0,49.0,7.0,10.0,0.0,0.0,0.0,0.0,0.0,3.0,0.0,0.92,0.0,0.92,0.0,0.0,2025-08-03,3.0,https://www.flashscore.pl/mecz/pilka-nozna/arka-gdynia-feEez0Ei/legia-warszawa-K6kUepBs/szczegoly/statystyki/?mid=pIwRSRAT,pIwRSRAT,388.0,473.0,213.0,284.0,34.0,48.0,22.0,54.0,138.0,182.0,40.0,66.0,11.0,37.0,6.0,19.0,7.0,9.0,8.0,15.0,LEG 0-0 ARK | Legia Warszawa,Arka Gdynia,LEG,ARK
2365,MOT,JAG,1,1,2025-08-03,49.8,50.2,15.0,21.0,1.0,7.0,5.0,5.0,9.0,9.0,5.0,7.0,14.0,8.0,0.0,3.0,2.0,1.0,0.0,0.0,0.0,0.0,24.0,19.0,9.0,8.0,15.0,7.0,372.0,386.0,290.0,315.0,3,2.0,1.7,49.0,51.0,16.0,21.0,1.0,7.0,4.0,3.0,5.0,7.0,2.0,1.0,0.72,2.89,9.0,9.0,6.0,5.0,15.0,12.0,1.0,9.0,32.0,36.0,0.0,3.0,8.0,14.0,1.19,1.64,14.0,8.0,55.0,50.0,25.0,17.0,8.0,8.0,0.0,1.0,1.0,0.0,6.0,0.0,2.89,0.72,1.89,-0.28,0.0,0.0,2025-12-14,3.0,https://www.flashscore.pl/mecz/pilka-nozna/jagiellonia-bialystok-lIDaZJTc/motor-lublin-IoLk2VlL/szczegoly/statystyki/?mid=UkFcN5Yj,UkFcN5Yj,283.0,366.0,316.0,386.0,17.0,42.0,17.0,41.0,75.0,105.0,133.0,173.0,10.0,24.0,8.0,19.0,18.0,29.0,8.0,18.0,MOT 1-1 JAG | Motor Lublin,Jagiellonia Białystok,MOT,JAG
2366,ZAG,KOR,1,1,2025-08-01,45.6,54.4,8.0,17.0,2.0,5.0,0.0,8.0,6.0,4.0,7.0,8.0,15.0,19.0,1.0,2.0,2.0,2.0,0.0,0.0,0.0,0.0,22.0,27.0,7.0,7.0,11.0,10.0,309.0,372.0,222.0,285.0,3,0.49,1.58,46.0,54.0,8.0,17.0,2.0,5.0,0.0,1.0,7.0,8.0,2.0,2.0,0.99,1.24,6.0,4.0,0.0,8.0,7.0,15.0,1.0,2.0,22.0,40.0,1.0,2.0,19.0,15.0,0.85,1.55,15.0,19.0,68.0,56.0,43.0,30.0,6.0,13.0,0.0,0.0,1.0,0.0,4.0,2.0,1.24,0.99,0.24,-0.01,0.0,0.0,2025-08-01,3.0,https://www.flashscore.pl/mecz/pilka-nozna/korona-kielce-pp78XcbA/zaglebie-lubin-tlYOere0/szczegoly/statystyki/?mid=dd7qo9Qc,dd7qo9Qc,222.0,309.0,285.0,372.0,15.0,47.0,32.0,73.0,44.0,83.0,85.0,134.0,7.0,22.0,7.0,27.0,11.0,22.0,10.0,13.0,ZAG 1-1 KOR | Zagłębie Lubin,Korona Kielce,ZAG,KOR
2367,RAD,RCZ,3,1,2025-08-03,35.6,64.4,12.0,11.0,6.0,5.0,2.0,4.0,4.0,2.0,1.0,7.0,20.0,14.0,0.0,3.0,3.0,3.0,0.0,0.0,0.0,0.0,7.0,37.0,3.0,8.0,6.0,11.0,243.0,414.0,178.0,338.0,3,2.39,0.84,36.0,64.0,12.0,11.0,6.0,5.0,4.0,3.0,1.0,7.0,3.0,3.0,3.78,0.64,4.0,2.0,2.0,4.0,11.0,7.0,1.0,4.0,25.0,40.0,0.0,3.0,14.0,20.0,1.01,0.89,20.0,14.0,62.0,57.0,53.0,17.0,5.0,6.0,0.0,0.0,0.0,0.0,4.0,3.0,0.64,3.78,-0.36,0.78,0.0,0.0,2025-08-03,3.0,https://www.flashscore.pl/mecz/pilka-nozna/radomiak-radom-zD5nYhAT/rakow-czestochowa-SQOrbYim/szczegoly/statystyki/?mid=hO0hqmeA,hO0hqmeA,178.0,243.0,338.0,414.0,15.0,44.0,22.0,45.0,50.0,74.0,109.0,158.0,3.0,7.0,8.0,37.0,6.0,15.0,11.0,15.0,RAD 3-1 RAK | Radomiak Radom,Raków Częstochowa,RAD,RCZ
2368,CRA,LGD,2,2,2025-08-03,56.1,43.9,20.0,12.0,6.0,2.0,7.0,4.0,7.0,6.0,5.0,4.0,13.0,13.0,0.0,0.0,3.0,2.0,0.0,0.0,0.0,0.0,30.0,18.0,9.0,6.0,15.0,6.0,424.0,335.0,336.0,249.0,3,2.99,0.58,56.0,44.0,20.0,12.0,6.0,2.0,6.0,1.0,5.0,4.0,3.0,2.0,3.36,0.8,7.0,6.0,7.0,4.0,16.0,8.0,4.0,4.0,32.0,26.0,0.0,0.0,13.0,13.0,1.59,0.62,13.0,13.0,63.0,41.0,29.0,30.0,9.0,9.0,1.0,0.0,0.0,1.0,0.0,4.0,0.8,3.36,-1.2,1.36,0.0,0.0,2025-08-03,3.0,https://www.flashscore.pl/mecz/pilka-nozna/cracovia-KvXSf2A6/lechia-gdansk-GGLmkiK8/szczegoly/statystyki/?mid=Qya0sRPM,Qya0sRPM,336.0,424.0,249.0,335.0,29.0,61.0,20.0,58.0,91.0,130.0,60.0,104.0,9.0,30.0,6.0,18.0,15.0,19.0,6.0,12.0,CRA 2-2 GDA | Cracovia,Lechia Gdańsk,CRA,LGD
2369,LPO,GÓR,2,1,2025-08-02,55.5,44.5,12.0,12.0,5.0,1.0,2.0,6.0,5.0,5.0,6.0,8.0,9.0,5.0,0.0,1.0,2.0,1.0,0.0,0.0,0.0,0.0,14.0,21.0,2.0,2.0,7.0,8.0,525.0,414.0,446.0,341.0,3,,,,,,,,,,,,,,,,,,,,,,,,,,,,,,,,,,,,,,,,,,,,,,,,,,,,,,,,,,,,,,,,,,,,,,,,,,,,,,,,
2370,WID,GKS,3,0,2025-08-02,43.1,56.9,21.0,8.0,4.0,3.0,8.0,3.0,9.0,2.0,8.0,6.0,6.0,7.0,0.0,2.0,4.0,2.0,0.0,0.0,0.0,0.0,17.0,24.0,5.0,2.0,12.0,7.0,274.0,364.0,206.0,297.0,3,1.72,1.09,43.0,57.0,21.0,8.0,4.0,3.0,3.0,1.0,8.0,6.0,4.0,2.0,1.38,0.65,9.0,2.0,8.0,3.0,11.0,4.0,10.0,4.0,33.0,13.0,0.0,2.0,7.0,6.0,0.86,0.35,6.0,7.0,48.0,35.0,37.0,24.0,4.0,5.0,1.0,0.0,0.0,0.0,3.0,2.0,0.65,1.38,0.65,-0.62,0.0,0.0,2025-08-02,3.0,https://www.flashscore.pl/mecz/pilka-nozna/gks-katowice-K4AgRmS1/widzew-lodz-rNOIW3uC/szczegoly/statystyki/?mid=GM5XZrId,GM5XZrId,206.0,274.0,297.0,364.0,20.0,53.0,26.0,53.0,43.0,71.0,66.0,100.0,5.0,17.0,2.0,24.0,12.0,21.0,7.0,13.0,WID 3-0 KAT | Widzew Łódź,GKS Katowice,WID,GKS
2371,ARK,POG,2,1,2025-08-09,43.9,56.1,11.0,13.0,5.0,3.0,3.0,6.0,3.0,4.0,6.0,5.0,13.0,14.0,1.0,0.0,3.0,3.0,0.0,0.0,0.0,0.0,23.0,23.0,3.0,7.0,8.0,10.0,315.0,398.0,254.0,324.0,4,0.48,2.01,44.0,56.0,11.0,13.0,5.0,3.0,0.0,3.0,6.0,5.0,3.0,3.0,1.87,1.23,3.0,4.0,3.0,6.0,5.0,12.0,6.0,1.0,11.0,24.0,1.0,0.0,14.0,13.0,0.35,1.58,13.0,14.0,38.0,47.0,18.0,32.0,9.0,2.0,0.0,0.0,0.0,0.0,2.0,3.0,1.23,1.87,0.23,-0.13,0.0,0.0,2025-08-09,4.0,https://www.flashscore.pl/mecz/pilka-nozna/arka-gdynia-feEez0Ei/pogon-szczecin-Um9YwPQ0/szczegoly/statystyki/?mid=hltUZQX2,hltUZQX2,254.0,314.0,324.0,399.0,13.0,43.0,27.0,49.0,49.0,82.0,60.0,82.0,3.0,24.0,7.0,23.0,8.0,15.0,10.0,13.0,ARK 2-1 POG | Arka Gdynia,Pogoń Szczecin,ARK,POG
2372,LEG,GKS,3,1,2025-08-10,58.3,41.7,20.0,7.0,7.0,6.0,5.0,0.0,8.0,1.0,5.0,7.0,11.0,13.0,1.0,1.0,3.0,1.0,0.0,0.0,0.0,0.0,25.0,18.0,7.0,4.0,5.0,9.0,473.0,336.0,371.0,237.0,4,1.57,0.52,58.0,42.0,20.0,7.0,7.0,6.0,3.0,2.0,5.0,7.0,3.0,1.0,1.89,0.79,8.0,1.0,5.0,0.0,14.0,5.0,6.0,2.0,40.0,19.0,1.0,1.0,13.0,11.0,1.46,0.48,11.0,13.0,51.0,56.0,37.0,41.0,12.0,16.0,1.0,0.0,0.0,0.0,5.0,4.0,0.79,1.89,-0.21,-1.11,0.0,0.0,2025-08-10,4.0,https://www.flashscore.pl/mecz/pilka-nozna/gks-katowice-K4AgRmS1/legia-warszawa-K6kUepBs/szczegoly/statystyki/?mid=0EqxY42F,0EqxY42F,374.0,472.0,238.0,341.0,22.0,60.0,24.0,66.0,128.0,181.0,44.0,89.0,7.0,26.0,4.0,18.0,6.0,8.0,10.0,21.0,LEG 3-1 KAT | Legia Warszawa,GKS Katowice,LEG,GKS
2373,LGD,MOT,3,3,2025-08-11,52.5,47.5,18.0,14.0,9.0,4.0,3.0,3.0,6.0,7.0,3.0,8.0,11.0,12.0,0.0,2.0,2.0,2.0,0.0,0.0,0.0,0.0,16.0,21.0,8.0,7.0,12.0,7.0,339.0,299.0,247.0,230.0,4,2.66,0.64,53.0,47.0,18.0,14.0,9.0,4.0,6.0,1.0,3.0,8.0,2.0,2.0,3.04,2.06,6.0,7.0,3.0,3.0,15.0,8.0,3.0,6.0,36.0,24.0,0.0,2.0,12.0,11.0,1.01,0.5,11.0,12.0,62.0,52.0,38.0,37.0,8.0,7.0,0.0,4.0,1.0,1.0,1.0,5.0,2.06,3.04,-0.94,0.04,0.0,0.0,2025-08-11,4.0,https://www.flashscore.pl/mecz/pilka-nozna/lechia-gdansk-GGLmkiK8/motor-lublin-IoLk2VlL/szczegoly/statystyki/?mid=hn1AFdnl,hn1AFdnl,250.0,341.0,230.0,300.0,20.0,45.0,16.0,43.0,115.0,165.0,69.0,106.0,8.0,16.0,7.0,21.0,11.0,21.0,6.0,11.0,GDA 3-3 MOT | Lechia Gdańsk,Motor Lublin,LGD,MOT
2374,GÓR,BBT,0,1,2025-08-08,61.9,38.1,25.0,7.0,5.0,2.0,8.0,2.0,12.0,3.0,7.0,2.0,12.0,15.0,1.0,0.0,3.0,3.0,0.0,0.0,0.0,0.0,29.0,2.0,10.0,0.0,11.0,13.0,569.0,364.0,487.0,269.0,4,,,,,,,,,,,,,,,,,,,,,,,,,,,,,,,,,,,,,,,,,,,,,,,,,,,,,,,,,,,,,,,,,,,,,,,,,,,,,,,,
2375,KOR,RAD,3,0,2025-08-08,42.8,57.2,13.0,7.0,3.0,3.0,3.0,0.0,7.0,4.0,2.0,5.0,15.0,16.0,3.0,2.0,5.0,3.0,0.0,0.0,0.0,0.0,17.0,15.0,4.0,4.0,10.0,9.0,315.0,428.0,248.0,355.0,4,2.21,0.63,43.0,57.0,13.0,7.0,3.0,3.0,3.0,0.0,2.0,5.0,5.0,3.0,2.08,0.76,7.0,4.0,3.0,0.0,11.0,3.0,2.0,4.0,27.0,20.0,3.0,2.0,16.0,15.0,1.0,1.31,15.0,16.0,61.0,59.0,31.0,29.0,9.0,8.0,0.0,1.0,0.0,0.0,3.0,0.0,0.76,2.08,0.76,-0.92,0.0,0.0,2025-08-08,4.0,https://www.flashscore.pl/mecz/pilka-nozna/korona-kielce-pp78XcbA/radomiak-radom-zD5nYhAT/szczegoly/statystyki/?mid=MRhRBEoD,MRhRBEoD,248.0,315.0,355.0,428.0,18.0,58.0,27.0,53.0,55.0,88.0,60.0,105.0,4.0,17.0,4.0,15.0,10.0,15.0,9.0,19.0,KOR 3-0 RAD | Korona Kielce,Radomiak Radom,KOR,RAD
2376,RCZ,ZAG,0,1,2025-08-10,56.1,43.9,13.0,15.0,3.0,5.0,5.0,3.0,5.0,7.0,1.0,1.0,11.0,21.0,1.0,0.0,2.0,4.0,1.0,0.0,0.0,0.0,22.0,10.0,7.0,6.0,2.0,7.0,401.0,321.0,298.0,219.0,4,0.89,1.71,56.0,44.0,13.0,15.0,3.0,5.0,0.0,5.0,1.0,1.0,2.0,4.0,0.21,1.39,5.0,7.0,5.0,3.0,7.0,11.0,6.0,4.0,26.0,17.0,1.0,0.0,21.0,11.0,1.32,1.13,11.0,21.0,60.0,45.0,10.0,44.0,8.0,5.0,0.0,0.0,0.0,0.0,3.0,3.0,1.39,0.21,0.39,0.21,0.0,1.0,2025-12-14,4.0,https://www.flashscore.pl/mecz/pilka-nozna/rakow-czestochowa-SQOrbYim/zaglebie-lubin-tlYOere0/szczegoly/statystyki/?mid=lYpDZHwK,lYpDZHwK,299.0,400.0,217.0,321.0,35.0,79.0,22.0,68.0,96.0,160.0,32.0,64.0,7.0,22.0,6.0,10.0,3.0,7.0,8.0,15.0,RAK 0-1 ZAG | Raków Częstochowa,Zagłębie Lubin,RCZ,ZAG
2377,JAG,CRA,5,2,2025-08-10,63.5,36.5,15.0,12.0,8.0,4.0,5.0,3.0,2.0,5.0,10.0,5.0,14.0,17.0,1.0,1.0,2.0,3.0,0.0,1.0,0.0,0.0,29.0,14.0,9.0,4.0,5.0,10.0,492.0,280.0,410.0,201.0,4,3.01,2.6,64.0,36.0,15.0,12.0,8.0,4.0,3.0,4.0,10.0,5.0,2.0,3.0,3.44,2.0,2.0,5.0,5.0,3.0,11.0,9.0,4.0,3.0,32.0,15.0,1.0,1.0,17.0,14.0,2.06,0.77,14.0,17.0,47.0,60.0,26.0,32.0,9.0,9.0,0.0,0.0,0.0,0.0,2.0,3.0,2.0,3.44,0.0,-1.56,1.0,0.0,2025-08-10,4.0,https://www.flashscore.pl/mecz/pilka-nozna/cracovia-KvXSf2A6/jagiellonia-bialystok-lIDaZJTc/szczegoly/statystyki/?mid=Y5MqUe1s,Y5MqUe1s,413.0,492.0,202.0,280.0,16.0,41.0,17.0,52.0,123.0,157.0,51.0,85.0,9.0,29.0,4.0,14.0,7.0,8.0,11.0,19.0,JAG 5-2 CRA | Jagiellonia Białystok,Cracovia,JAG,CRA
2378,PIA,LPO,1,0,2025-08-09,47.5,52.5,14.0,23.0,3.0,6.0,4.0,5.0,7.0,12.0,3.0,9.0,10.0,9.0,3.0,3.0,1.0,2.0,0.0,0.0,0.0,0.0,21.0,28.0,8.0,9.0,4.0,9.0,356.0,391.0,276.0,300.0,4,1.87,2.79,48.0,52.0,14.0,23.0,3.0,6.0,3.0,5.0,3.0,9.0,1.0,2.0,1.06,1.33,7.0,12.0,4.0,5.0,10.0,18.0,4.0,5.0,38.0,44.0,3.0,3.0,9.0,10.0,1.39,2.1,10.0,9.0,44.0,43.0,37.0,40.0,8.0,7.0,4.0,0.0,0.0,0.0,6.0,2.0,1.33,1.06,1.33,0.06,0.0,0.0,2026-02-03,4.0,https://www.flashscore.pl/mecz/pilka-nozna/lech-poznan-OpNH7Ouf/piast-gliwice-ve2oT9ck/szczegoly/statystyki/?mid=6XZjSZVg,6XZjSZVg,285.0,363.0,306.0,397.0,30.0,58.0,26.0,61.0,78.0,117.0,84.0,119.0,8.0,21.0,9.0,27.0,5.0,9.0,9.0,13.0,PIA 1-0 LEC | Piast Gliwice,Lech Poznań,PIA,LPO
2379,WID,WPŁ,1,1,2025-08-09,60.6,39.4,15.0,5.0,6.0,1.0,5.0,1.0,4.0,3.0,5.0,0.0,7.0,12.0,1.0,1.0,2.0,3.0,0.0,0.0,0.0,0.0,20.0,7.0,3.0,2.0,11.0,12.0,498.0,322.0,424.0,237.0,4,,,,,,,,,,,,,,,,,,,,,,,,,,,,,,,,,,,,,,,,,,,,,,,,,,,,,,,,,,,,,,,,,,,,,,,,,,,,,,,,
2380,WPŁ,LEG,1,0,2025-08-17,33.8,66.2,10.0,23.0,4.0,3.0,2.0,10.0,4.0,10.0,3.0,9.0,5.0,9.0,1.0,1.0,0.0,2.0,0.0,0.0,0.0,0.0,10.0,54.0,4.0,11.0,10.0,10.0,330.0,607.0,248.0,538.0,5,,,,,,,,,,,,,,,,,,,,,,,,,,,,,,,,,,,,,,,,,,,,,,,,,,,,,,,,,,,,,,,,,,,,,,,,,,,,,,,,
2381,BBT,RCZ,2,3,2025-08-17,46.8,53.2,10.0,17.0,3.0,10.0,6.0,1.0,1.0,6.0,6.0,2.0,17.0,14.0,1.0,0.0,2.0,4.0,0.0,0.0,0.0,0.0,20.0,17.0,6.0,9.0,14.0,9.0,352.0,415.0,273.0,357.0,5,1.05,2.33,47.0,53.0,10.0,17.0,3.0,10.0,2.0,5.0,6.0,2.0,2.0,4.0,1.43,3.78,1.0,6.0,6.0,1.0,6.0,12.0,4.0,5.0,22.0,25.0,1.0,0.0,14.0,17.0,1.17,1.79,17.0,14.0,44.0,61.0,17.0,43.0,10.0,7.0,0.0,0.0,2.0,0.0,7.0,1.0,3.78,1.43,0.78,-0.57,0.0,0.0,2025-08-17,5.0,https://www.flashscore.pl/mecz/pilka-nozna/nieciecza-YNkK4khO/rakow-czestochowa-SQOrbYim/szczegoly/statystyki/?mid=jL9fneNP,jL9fneNP,274.0,354.0,356.0,413.0,19.0,52.0,22.0,39.0,64.0,104.0,102.0,140.0,6.0,20.0,9.0,18.0,14.0,18.0,9.0,15.0,BBT 2-3 RAK | Bruk-Bet T.,Raków Częstochowa,BBT,RCZ
2382,MOT,PIA,0,0,2025-08-16,41.0,59.0,8.0,17.0,1.0,4.0,2.0,3.0,5.0,10.0,7.0,6.0,17.0,16.0,4.0,5.0,4.0,2.0,1.0,0.0,0.0,0.0,20.0,27.0,5.0,9.0,7.0,7.0,313.0,460.0,257.0,409.0,5,0.89,0.96,41.0,59.0,8.0,17.0,1.0,4.0,0.0,0.0,7.0,6.0,4.0,2.0,0.09,1.23,5.0,10.0,2.0,3.0,6.0,10.0,2.0,7.0,19.0,26.0,4.0,5.0,16.0,17.0,1.84,1.39,17.0,16.0,52.0,39.0,26.0,25.0,5.0,4.0,0.0,0.0,0.0,0.0,4.0,1.0,1.23,0.09,1.23,0.09,0.0,1.0,2025-08-16,5.0,https://www.flashscore.pl/mecz/pilka-nozna/motor-lublin-IoLk2VlL/piast-gliwice-ve2oT9ck/szczegoly/statystyki/?mid=Kz0QtZpm,Kz0QtZpm,257.0,314.0,412.0,463.0,29.0,49.0,27.0,43.0,68.0,100.0,152.0,180.0,5.0,20.0,10.0,28.0,8.0,15.0,6.0,10.0,MOT 0-0 PIA | Motor Lublin,Piast Gliwice,MOT,PIA
2383,ZAG,LGD,6,2,2025-08-15,41.2,58.8,22.0,7.0,9.0,2.0,3.0,4.0,10.0,1.0,5.0,4.0,6.0,9.0,1.0,0.0,0.0,0.0,0.0,0.0,0.0,0.0,16.0,16.0,3.0,1.0,13.0,13.0,270.0,391.0,198.0,307.0,5,2.53,1.06,41.0,59.0,22.0,7.0,9.0,2.0,7.0,1.0,5.0,4.0,0.0,0.0,3.83,0.76,10.0,1.0,3.0,4.0,15.0,5.0,7.0,2.0,35.0,13.0,1.0,0.0,9.0,6.0,1.08,0.77,6.0,9.0,58.0,42.0,43.0,43.0,9.0,5.0,1.0,1.0,0.0,0.0,0.0,3.0,0.76,3.83,-1.24,-2.17,0.0,0.0,2025-08-15,5.0,https://www.flashscore.pl/mecz/pilka-nozna/lechia-gdansk-GGLmkiK8/zaglebie-lubin-tlYOere0/szczegoly/statystyki/?mid=tjlZvDFa,tjlZvDFa,198.0,270.0,307.0,391.0,24.0,56.0,13.0,35.0,64.0,99.0,63.0,100.0,3.0,16.0,1.0,16.0,13.0,19.0,13.0,16.0,ZAG 6-2 GDA | Zagłębie Lubin,Lechia Gdańsk,ZAG,LGD
2384,RAD,JAG,1,2,2025-08-17,39.9,60.1,11.0,15.0,5.0,5.0,2.0,3.0,4.0,7.0,6.0,7.0,20.0,12.0,3.0,3.0,6.0,1.0,0.0,0.0,0.0,0.0,18.0,16.0,7.0,4.0,4.0,3.0,279.0,433.0,207.0,363.0,5,1.47,1.47,40.0,60.0,11.0,15.0,5.0,5.0,4.0,1.0,6.0,7.0,6.0,1.0,0.82,2.12,4.0,7.0,2.0,3.0,8.0,10.0,3.0,5.0,18.0,24.0,3.0,3.0,12.0,20.0,2.04,0.62,20.0,12.0,41.0,41.0,22.0,24.0,6.0,1.0,0.0,0.0,0.0,0.0,3.0,4.0,2.12,0.82,0.12,-0.18,0.0,0.0,2025-08-17,5.0,https://www.flashscore.pl/mecz/pilka-nozna/jagiellonia-bialystok-lIDaZJTc/radomiak-radom-zD5nYhAT/szczegoly/statystyki/?mid=lGiswipC,lGiswipC,207.0,276.0,362.0,430.0,16.0,56.0,20.0,39.0,40.0,75.0,62.0,98.0,7.0,18.0,5.0,17.0,4.0,11.0,4.0,4.0,RAD 1-2 JAG | Radomiak Radom,Jagiellonia Białystok,RAD,JAG
2385,POG,GÓR,0,3,2025-08-17,53.0,47.0,14.0,20.0,3.0,6.0,6.0,9.0,5.0,5.0,6.0,9.0,11.0,16.0,1.0,1.0,2.0,0.0,0.0,0.0,0.0,0.0,15.0,10.0,9.0,2.0,11.0,7.0,380.0,345.0,319.0,286.0,5,,,,,,,,,,,,,,,,,,,,,,,,,,,,,,,,,,,,,,,,,,,,,,,,,,,,,,,,,,,,,,,,,,,,,,,,,,,,,,,,
2386,CRA,WID,1,0,2025-08-15,43.6,56.4,8.0,14.0,2.0,4.0,2.0,5.0,4.0,5.0,7.0,8.0,16.0,11.0,1.0,0.0,2.0,1.0,0.0,0.0,0.0,0.0,20.0,29.0,4.0,4.0,9.0,11.0,262.0,335.0,190.0,252.0,5,0.52,0.87,44.0,56.0,8.0,14.0,2.0,4.0,2.0,0.0,7.0,8.0,2.0,1.0,0.65,0.37,4.0,5.0,2.0,5.0,5.0,9.0,3.0,5.0,19.0,28.0,1.0,0.0,11.0,16.0,1.04,0.51,16.0,11.0,44.0,50.0,48.0,31.0,13.0,5.0,0.0,0.0,0.0,0.0,3.0,1.0,0.37,0.65,0.37,-0.35,0.0,0.0,2025-08-15,5.0,https://www.flashscore.pl/mecz/pilka-nozna/cracovia-KvXSf2A6/widzew-lodz-rNOIW3uC/szczegoly/statystyki/?mid=0fLaeYat,0fLaeYat,189.0,264.0,249.0,332.0,15.0,44.0,27.0,68.0,52.0,89.0,59.0,101.0,4.0,20.0,4.0,29.0,9.0,15.0,12.0,15.0,CRA 1-0 WID | Cracovia,Widzew Łódź,CRA,WID
2387,GKS,ARK,4,1,2025-08-16,42.0,58.0,24.0,12.0,10.0,3.0,7.0,4.0,7.0,5.0,8.0,5.0,19.0,12.0,1.0,0.0,1.0,4.0,0.0,0.0,0.0,0.0,26.0,18.0,8.0,6.0,11.0,5.0,263.0,381.0,200.0,311.0,5,,,,,,,,,,,,,,,,,,,,,,,,,,,,,,,,,,,,,,,,,,,,,,,,,,,,,,,,,,,,,,,,,,,,,,,,,,,,,,,,
2388,LPO,KOR,1,1,2025-08-16,65.4,34.6,18.0,16.0,8.0,2.0,5.0,2.0,5.0,12.0,6.0,0.0,12.0,10.0,2.0,2.0,1.0,1.0,0.0,0.0,0.0,0.0,26.0,19.0,5.0,5.0,7.0,11.0,502.0,258.0,420.0,194.0,5,,,,,,,,,,,,,,,,,,,,,,,,,,,,,,,,,,,,,,,,,,,,,,,,,,,,,,,,,,,,,,,,,,,,,,,,,,,,,,,,
2389,WPŁ,ZAG,2,1,2025-08-25,58.1,41.9,15.0,7.0,4.0,3.0,3.0,3.0,8.0,1.0,4.0,3.0,15.0,9.0,2.0,1.0,1.0,0.0,0.0,0.0,0.0,0.0,29.0,10.0,6.0,5.0,10.0,1.0,544.0,402.0,474.0,334.0,6,,,,,,,,,,,,,,,,,,,,,,,,,,,,,,,,,,,,,,,,,,,,,,,,,,,,,,,,,,,,,,,,,,,,,,,,,,,,,,,,
2390,LEG,JAG,0,0,2025-08-24,51.2,48.8,20.0,3.0,8.0,1.0,6.0,0.0,6.0,2.0,2.0,2.0,20.0,15.0,0.0,7.0,1.0,3.0,0.0,0.0,0.0,0.0,23.0,9.0,7.0,2.0,12.0,12.0,432.0,413.0,339.0,326.0,6,1.93,0.14,51.0,49.0,20.0,3.0,8.0,1.0,5.0,0.0,2.0,2.0,1.0,3.0,1.28,0.01,6.0,2.0,6.0,0.0,12.0,2.0,8.0,1.0,24.0,7.0,0.0,7.0,15.0,20.0,1.44,0.17,20.0,15.0,59.0,55.0,17.0,24.0,11.0,9.0,0.0,1.0,0.0,0.0,1.0,8.0,0.01,1.28,0.01,1.28,0.0,0.0,2025-09-24,6.0,https://www.flashscore.pl/mecz/pilka-nozna/jagiellonia-bialystok-lIDaZJTc/legia-warszawa-K6kUepBs/szczegoly/statystyki/?mid=d2WPm8bU,d2WPm8bU,339.0,432.0,326.0,413.0,30.0,64.0,17.0,55.0,102.0,152.0,42.0,68.0,7.0,23.0,2.0,9.0,12.0,19.0,12.0,19.0,LEG 0-0 JAG | Legia Warszawa,Jagiellonia Białystok,LEG,JAG
2391,LGD,ARK,1,0,2025-08-24,52.8,47.2,12.0,7.0,3.0,1.0,6.0,2.0,3.0,4.0,4.0,4.0,10.0,12.0,2.0,0.0,3.0,3.0,0.0,0.0,0.0,0.0,23.0,11.0,6.0,1.0,12.0,5.0,367.0,337.0,283.0,249.0,6,0.99,0.46,53.0,47.0,12.0,7.0,3.0,1.0,1.0,0.0,4.0,4.0,3.0,3.0,0.41,0.16,3.0,4.0,6.0,2.0,8.0,5.0,4.0,2.0,20.0,19.0,2.0,0.0,12.0,10.0,0.66,1.06,10.0,12.0,60.0,51.0,25.0,49.0,5.0,2.0,0.0,0.0,0.0,0.0,1.0,2.0,0.16,0.41,0.16,-0.59,0.0,0.0,2025-08-24,6.0,https://www.flashscore.pl/mecz/pilka-nozna/arka-gdynia-feEez0Ei/lechia-gdansk-GGLmkiK8/szczegoly/statystyki/?mid=KAGZ7Bqn,KAGZ7Bqn,283.0,367.0,249.0,337.0,15.0,52.0,18.0,61.0,72.0,123.0,36.0,69.0,6.0,23.0,1.0,11.0,12.0,18.0,5.0,9.0,GDA 1-0 ARK | Lechia Gdańsk,Arka Gdynia,LGD,ARK
2392,GÓR,GKS,3,0,2025-08-23,51.4,48.6,18.0,10.0,6.0,1.0,4.0,3.0,8.0,6.0,2.0,4.0,9.0,11.0,0.0,0.0,0.0,1.0,0.0,0.0,0.0,0.0,18.0,12.0,6.0,2.0,10.0,6.0,450.0,430.0,392.0,358.0,6,,,,,,,,,,,,,,,,,,,,,,,,,,,,,,,,,,,,,,,,,,,,,,,,,,,,,,,,,,,,,,,,,,,,,,,,,,,,,,,,
2393,RAD,BBT,1,1,2025-08-22,62.5,37.5,17.0,13.0,4.0,2.0,7.0,1.0,6.0,10.0,2.0,5.0,12.0,11.0,3.0,3.0,1.0,2.0,0.0,0.0,0.0,0.0,23.0,16.0,2.0,2.0,16.0,7.0,471.0,281.0,401.0,208.0,6,1.7,1.21,63.0,37.0,17.0,13.0,4.0,2.0,2.0,3.0,2.0,5.0,1.0,2.0,0.89,1.12,6.0,10.0,7.0,1.0,9.0,7.0,8.0,6.0,20.0,19.0,3.0,3.0,11.0,12.0,0.93,0.9,12.0,11.0,57.0,50.0,31.0,37.0,3.0,3.0,1.0,0.0,1.0,0.0,1.0,3.0,1.12,0.89,0.12,-0.11,0.0,0.0,2025-08-22,6.0,https://www.flashscore.pl/mecz/pilka-nozna/nieciecza-YNkK4khO/radomiak-radom-zD5nYhAT/szczegoly/statystyki/?mid=lj8j4TrB,lj8j4TrB,401.0,471.0,208.0,281.0,23.0,46.0,28.0,64.0,73.0,106.0,40.0,80.0,2.0,23.0,2.0,16.0,16.0,22.0,7.0,11.0,RAD 1-1 BBT | Radomiak Radom,Bruk-Bet T.,RAD,BBT
2394,KOR,MOT,2,0,2025-08-23,32.2,67.8,17.0,13.0,8.0,2.0,4.0,5.0,5.0,6.0,5.0,6.0,15.0,14.0,1.0,1.0,4.0,5.0,0.0,0.0,0.0,0.0,6.0,34.0,4.0,9.0,4.0,14.0,255.0,520.0,195.0,458.0,6,1.37,1.39,32.0,68.0,17.0,13.0,8.0,2.0,4.0,1.0,5.0,6.0,4.0,5.0,1.84,0.38,5.0,6.0,4.0,5.0,10.0,10.0,7.0,3.0,22.0,36.0,1.0,1.0,14.0,15.0,0.58,1.51,15.0,14.0,47.0,53.0,36.0,15.0,12.0,6.0,0.0,0.0,0.0,1.0,2.0,5.0,0.38,1.84,0.38,-0.16,0.0,0.0,2025-08-23,6.0,https://www.flashscore.pl/mecz/pilka-nozna/korona-kielce-pp78XcbA/motor-lublin-IoLk2VlL/szczegoly/statystyki/?mid=fkzOoLSq,fkzOoLSq,195.0,255.0,458.0,520.0,17.0,44.0,23.0,32.0,60.0,88.0,108.0,140.0,4.0,6.0,9.0,34.0,4.0,14.0,14.0,18.0,KOR 2-0 MOT | Korona Kielce,Motor Lublin,KOR,MOT
2395,RCZ,LPO,2,2,2025-09-24,63.9,36.1,18.0,10.0,7.0,3.0,7.0,5.0,4.0,2.0,6.0,2.0,10.0,15.0,4.0,1.0,3.0,1.0,0.0,1.0,0.0,0.0,35.0,11.0,9.0,2.0,9.0,16.0,545.0,315.0,488.0,235.0,6,,,,,,,,,,,,,,,,,,,,,,,,,,,,,,,,,,,,,,,,,,,,,,,,,,,,,,,,,,,,,,,,,,,,,,,,,,,,,,,,
2396,PIA,CRA,0,0,2025-08-24,59.8,40.2,14.0,8.0,1.0,2.0,9.0,2.0,4.0,4.0,4.0,2.0,20.0,17.0,1.0,0.0,1.0,0.0,0.0,0.0,0.0,0.0,21.0,18.0,4.0,4.0,3.0,7.0,547.0,360.0,477.0,293.0,6,0.55,0.81,60.0,40.0,14.0,8.0,1.0,2.0,0.0,2.0,4.0,2.0,1.0,0.0,0.05,0.18,4.0,4.0,9.0,2.0,6.0,4.0,9.0,4.0,21.0,9.0,1.0,0.0,17.0,20.0,0.66,1.02,20.0,17.0,43.0,46.0,23.0,34.0,5.0,14.0,1.0,0.0,0.0,0.0,1.0,1.0,0.18,0.05,0.18,0.05,0.0,0.0,2025-08-24,6.0,https://www.flashscore.pl/mecz/pilka-nozna/cracovia-KvXSf2A6/piast-gliwice-ve2oT9ck/szczegoly/statystyki/?mid=M1BI72k3,M1BI72k3,477.0,547.0,293.0,360.0,25.0,50.0,23.0,56.0,111.0,148.0,64.0,97.0,5.0,21.0,4.0,18.0,3.0,6.0,7.0,14.0,PIA 0-0 CRA | Piast Gliwice,Cracovia,PIA,CRA
2397,WID,POG,1,2,2025-08-22,54.4,45.6,13.0,8.0,4.0,4.0,4.0,0.0,5.0,4.0,2.0,0.0,5.0,16.0,2.0,2.0,1.0,4.0,1.0,0.0,0.0,0.0,11.0,8.0,1.0,1.0,10.0,13.0,433.0,364.0,341.0,277.0,6,1.08,0.32,54.0,46.0,13.0,8.0,4.0,4.0,2.0,2.0,2.0,0.0,1.0,4.0,1.55,0.51,5.0,4.0,4.0,0.0,7.0,6.0,6.0,2.0,19.0,12.0,2.0,2.0,16.0,5.0,0.69,0.47,5.0,16.0,51.0,43.0,10.0,22.0,12.0,12.0,2.0,0.0,0.0,0.0,2.0,3.0,0.51,1.55,-1.49,0.55,0.0,1.0,2025-08-22,6.0,https://www.flashscore.pl/mecz/pilka-nozna/pogon-szczecin-Um9YwPQ0/widzew-lodz-rNOIW3uC/szczegoly/statystyki/?mid=IT4R5tKF,IT4R5tKF,341.0,433.0,277.0,364.0,22.0,53.0,22.0,48.0,41.0,89.0,65.0,101.0,1.0,11.0,1.0,8.0,10.0,13.0,13.0,21.0,WID 1-2 POG | Widzew Łódź,Pogoń Szczecin,WID,POG
2398,ARK,WPŁ,1,0,2025-08-29,50.7,49.3,8.0,18.0,2.0,4.0,1.0,4.0,5.0,10.0,0.0,5.0,12.0,10.0,1.0,1.0,1.0,2.0,0.0,0.0,0.0,0.0,10.0,23.0,1.0,6.0,8.0,8.0,433.0,403.0,350.0,321.0,7,,,,,,,,,,,,,,,,,,,,,,,,,,,,,,,,,,,,,,,,,,,,,,,,,,,,,,,,,,,,,,,,,,,,,,,,,,,,,,,,
2399,BBT,KOR,1,3,2025-08-30,45.9,54.1,8.0,24.0,5.0,9.0,1.0,6.0,2.0,9.0,3.0,1.0,13.0,12.0,2.0,1.0,0.0,2.0,0.0,0.0,0.0,0.0,17.0,14.0,8.0,6.0,11.0,10.0,361.0,432.0,277.0,358.0,7,0.66,2.7,46.0,54.0,9.0,24.0,6.0,9.0,1.0,4.0,3.0,1.0,0.0,2.0,1.54,2.89,3.0,9.0,0.0,6.0,9.0,19.0,0.0,5.0,16.0,42.0,2.0,1.0,12.0,13.0,0.38,1.39,13.0,12.0,46.0,46.0,21.0,22.0,5.0,2.0,0.0,0.0,1.0,0.0,6.0,4.0,2.89,1.54,-0.11,0.54,0.0,0.0,2025-08-30,7.0,https://www.flashscore.pl/mecz/pilka-nozna/korona-kielce-pp78XcbA/nieciecza-YNkK4khO/szczegoly/statystyki/?mid=ARq6bbCk,ARq6bbCk,286.0,368.0,359.0,433.0,12.0,52.0,19.0,51.0,77.0,126.0,89.0,128.0,8.0,17.0,6.0,14.0,10.0,16.0,9.0,14.0,BBT 1-3 KOR | Bruk-Bet T.,Korona Kielce,BBT,KOR
2400,ZAG,PIA,2,2,2025-08-30,30.2,69.8,11.0,15.0,2.0,5.0,3.0,8.0,6.0,2.0,3.0,5.0,15.0,9.0,2.0,3.0,3.0,3.0,0.0,0.0,0.0,0.0,13.0,20.0,5.0,2.0,11.0,9.0,253.0,592.0,189.0,507.0,7,2.99,0.81,30.0,70.0,11.0,16.0,2.0,5.0,5.0,1.0,3.0,5.0,3.0,3.0,1.78,0.68,6.0,3.0,3.0,8.0,9.0,8.0,2.0,8.0,18.0,22.0,2.0,3.0,9.0,15.0,1.17,0.48,15.0,9.0,45.0,48.0,31.0,16.0,11.0,7.0,0.0,1.0,0.0,0.0,3.0,0.0,0.68,1.78,-1.32,-0.22,0.0,0.0,2025-08-30,7.0,https://www.flashscore.pl/mecz/pilka-nozna/piast-gliwice-ve2oT9ck/zaglebie-lubin-tlYOere0/szczegoly/statystyki/?mid=GOnEdxs2,GOnEdxs2,188.0,255.0,509.0,594.0,16.0,40.0,23.0,60.0,38.0,71.0,118.0,154.0,4.0,10.0,2.0,21.0,11.0,15.0,10.0,17.0,ZAG 2-2 PIA | Zagłębie Lubin,Piast Gliwice,ZAG,PIA
2401,GÓR,MOT,0,1,2025-08-30,58.4,41.6,18.0,10.0,3.0,3.0,4.0,2.0,11.0,5.0,10.0,5.0,9.0,14.0,2.0,1.0,5.0,4.0,0.0,0.0,0.0,0.0,33.0,12.0,10.0,4.0,13.0,14.0,487.0,357.0,435.0,293.0,7,,,,,,,,,,,,,,,,,,,,,,,,,,,,,,,,,,,,,,,,,,,,,,,,,,,,,,,,,,,,,,,,,,,,,,,,,,,,,,,,
2402,POG,RCZ,2,0,2025-08-31,45.0,55.0,8.0,18.0,3.0,3.0,2.0,7.0,3.0,8.0,1.0,14.0,16.0,10.0,3.0,2.0,4.0,3.0,0.0,0.0,0.0,0.0,12.0,37.0,4.0,6.0,11.0,3.0,338.0,398.0,256.0,327.0,7,0.83,0.87,45.0,55.0,6.0,17.0,3.0,3.0,3.0,1.0,1.0,14.0,4.0,3.0,1.24,0.23,2.0,7.0,1.0,7.0,5.0,10.0,1.0,7.0,14.0,30.0,3.0,2.0,10.0,16.0,0.2,0.85,16.0,10.0,37.0,55.0,40.0,10.0,10.0,5.0,0.0,2.0,0.0,0.0,3.0,1.0,0.23,1.24,0.23,-0.76,0.0,0.0,2025-08-31,7.0,https://www.flashscore.pl/mecz/pilka-nozna/pogon-szczecin-Um9YwPQ0/rakow-czestochowa-SQOrbYim/szczegoly/statystyki/?mid=4pT8IJ3L,4pT8IJ3L,256.0,338.0,329.0,402.0,12.0,57.0,19.0,41.0,44.0,78.0,77.0,112.0,4.0,12.0,6.0,38.0,11.0,14.0,4.0,10.0,POG 2-0 RAK | Pogoń Szczecin,Raków Częstochowa,POG,RCZ
2403,CRA,LEG,2,1,2025-08-31,56.0,44.0,2.0,13.0,2.0,5.0,0.0,4.0,0.0,4.0,2.0,5.0,13.0,17.0,1.0,1.0,4.0,2.0,0.0,0.0,0.0,0.0,8.0,18.0,2.0,6.0,10.0,10.0,473.0,360.0,387.0,274.0,7,0.19,1.48,56.0,44.0,2.0,13.0,2.0,5.0,1.0,2.0,2.0,5.0,4.0,2.0,0.47,1.33,0.0,4.0,0.0,4.0,2.0,9.0,0.0,4.0,7.0,24.0,1.0,1.0,18.0,13.0,0.45,0.42,13.0,18.0,49.0,54.0,25.0,19.0,8.0,4.0,0.0,0.0,0.0,0.0,4.0,1.0,1.33,0.47,0.33,-1.53,0.0,0.0,2025-08-31,7.0,https://www.flashscore.pl/mecz/pilka-nozna/cracovia-KvXSf2A6/legia-warszawa-K6kUepBs/szczegoly/statystyki/?mid=OU9uDcRr,OU9uDcRr,388.0,472.0,275.0,359.0,13.0,42.0,24.0,58.0,46.0,80.0,58.0,98.0,2.0,8.0,5.0,18.0,8.0,11.0,11.0,15.0,CRA 2-1 LEG | Cracovia,Legia Warszawa,CRA,LEG
2404,GKS,RAD,3,2,2025-08-29,47.4,52.6,18.0,9.0,8.0,4.0,3.0,4.0,7.0,1.0,8.0,4.0,16.0,21.0,3.0,1.0,3.0,6.0,0.0,0.0,0.0,0.0,29.0,19.0,8.0,5.0,8.0,5.0,257.0,299.0,196.0,225.0,7,2.32,0.43,47.0,53.0,18.0,9.0,8.0,4.0,4.0,0.0,8.0,4.0,3.0,6.0,3.01,1.23,7.0,1.0,3.0,4.0,12.0,5.0,6.0,4.0,27.0,22.0,3.0,1.0,21.0,16.0,0.93,0.67,16.0,21.0,63.0,49.0,28.0,43.0,2.0,3.0,0.0,0.0,0.0,0.0,2.0,4.0,1.23,3.01,-0.77,0.01,0.0,0.0,2025-08-29,7.0,https://www.flashscore.pl/mecz/pilka-nozna/gks-katowice-K4AgRmS1/radomiak-radom-zD5nYhAT/szczegoly/statystyki/?mid=dr8mByde,dr8mByde,196.0,257.0,225.0,299.0,26.0,53.0,16.0,45.0,58.0,98.0,40.0,76.0,8.0,29.0,5.0,19.0,8.0,14.0,5.0,7.0,KAT 3-2 RAD | GKS Katowice,Radomiak Radom,GKS,RAD
2405,LPO,WID,2,1,2025-08-31,51.3,48.7,13.0,15.0,5.0,3.0,3.0,3.0,5.0,9.0,5.0,7.0,11.0,8.0,1.0,6.0,3.0,0.0,0.0,0.0,0.0,0.0,13.0,18.0,1.0,3.0,6.0,8.0,418.0,389.0,344.0,318.0,7,1.6,1.36,51.0,49.0,13.0,15.0,5.0,3.0,3.0,3.0,5.0,7.0,4.0,0.0,1.87,0.91,5.0,9.0,3.0,3.0,6.0,9.0,7.0,6.0,14.0,25.0,1.0,6.0,8.0,11.0,0.72,0.57,11.0,8.0,38.0,42.0,16.0,18.0,12.0,7.0,0.0,0.0,0.0,1.0,2.0,3.0,0.91,1.87,-0.09,-0.13,0.0,0.0,2025-08-31,7.0,https://www.flashscore.pl/mecz/pilka-nozna/lech-poznan-OpNH7Ouf/widzew-lodz-rNOIW3uC/szczegoly/statystyki/?mid=2ewl9FQ7,2ewl9FQ7,344.0,418.0,318.0,389.0,31.0,56.0,29.0,61.0,62.0,98.0,67.0,106.0,1.0,13.0,3.0,18.0,6.0,12.0,8.0,11.0,LEC 2-1 WID | Lech Poznań,Widzew Łódź,LPO,WID
2406,JAG,LGD,2,0,2025-08-31,51.7,48.3,12.0,15.0,4.0,4.0,2.0,4.0,6.0,7.0,1.0,5.0,13.0,20.0,2.0,0.0,4.0,4.0,0.0,0.0,0.0,0.0,13.0,19.0,7.0,5.0,5.0,8.0,394.0,362.0,320.0,278.0,7,0.85,1.2,52.0,48.0,12.0,15.0,4.0,4.0,1.0,1.0,1.0,5.0,4.0,4.0,1.66,1.5,6.0,7.0,2.0,4.0,11.0,9.0,1.0,6.0,20.0,21.0,2.0,0.0,20.0,13.0,1.27,0.59,13.0,20.0,47.0,47.0,36.0,22.0,7.0,14.0,1.0,0.0,0.0,0.0,4.0,2.0,1.5,1.66,1.5,-0.34,0.0,0.0,2025-08-31,7.0,https://www.flashscore.pl/mecz/pilka-nozna/jagiellonia-bialystok-lIDaZJTc/lechia-gdansk-GGLmkiK8/szczegoly/statystyki/?mid=U1VZWIIE,U1VZWIIE,320.0,394.0,278.0,362.0,18.0,40.0,22.0,49.0,72.0,97.0,64.0,98.0,7.0,13.0,5.0,19.0,5.0,8.0,8.0,15.0,JAG 2-0 GDA | Jagiellonia Białystok,Lechia Gdańsk,JAG,LGD
2407,WPŁ,CRA,0,0,2025-09-13,43.6,56.4,8.0,7.0,4.0,1.0,2.0,0.0,2.0,6.0,3.0,2.0,8.0,16.0,0.0,2.0,2.0,2.0,0.0,0.0,0.0,0.0,20.0,22.0,7.0,6.0,11.0,8.0,371.0,482.0,300.0,408.0,8,,,,,,,,,,,,,,,,,,,,,,,,,,,,,,,,,,,,,,,,,,,,,,,,,,,,,,,,,,,,,,,,,,,,,,,,,,,,,,,,
2408,LEG,RAD,4,1,2025-09-14,55.4,44.6,13.0,13.0,6.0,5.0,4.0,7.0,3.0,1.0,5.0,5.0,17.0,15.0,0.0,0.0,1.0,2.0,0.0,0.0,0.0,0.0,16.0,13.0,1.0,2.0,12.0,7.0,441.0,354.0,372.0,287.0,8,2.55,1.06,55.0,45.0,13.0,13.0,6.0,5.0,2.0,2.0,5.0,5.0,1.0,2.0,2.36,0.73,3.0,1.0,4.0,7.0,9.0,8.0,4.0,5.0,26.0,15.0,0.0,0.0,15.0,17.0,0.84,0.56,17.0,15.0,48.0,46.0,21.0,25.0,13.0,8.0,0.0,0.0,0.0,1.0,4.0,2.0,0.73,2.36,-0.27,-1.64,0.0,0.0,2025-09-14,8.0,https://www.flashscore.pl/mecz/pilka-nozna/legia-warszawa-K6kUepBs/radomiak-radom-zD5nYhAT/szczegoly/statystyki/?mid=MaAEPzBl,MaAEPzBl,375.0,443.0,291.0,356.0,24.0,51.0,23.0,45.0,122.0,164.0,42.0,64.0,1.0,16.0,2.0,13.0,8.0,12.0,7.0,13.0,LEG 4-1 RAD | Legia Warszawa,Radomiak Radom,LEG,RAD
2409,LGD,GKS,2,0,2025-09-12,41.8,58.2,13.0,11.0,3.0,3.0,4.0,3.0,6.0,5.0,2.0,5.0,8.0,10.0,0.0,0.0,3.0,1.0,0.0,0.0,0.0,0.0,12.0,40.0,6.0,11.0,10.0,5.0,345.0,461.0,263.0,382.0,8,2.09,0.54,42.0,58.0,13.0,11.0,3.0,3.0,5.0,0.0,2.0,5.0,3.0,1.0,1.9,0.47,6.0,5.0,4.0,3.0,8.0,5.0,5.0,6.0,14.0,29.0,0.0,0.0,10.0,8.0,0.63,0.94,8.0,10.0,42.0,46.0,43.0,22.0,10.0,6.0,0.0,0.0,0.0,1.0,3.0,1.0,0.47,1.9,0.47,-0.1,0.0,0.0,2025-09-12,8.0,https://www.flashscore.pl/mecz/pilka-nozna/gks-katowice-K4AgRmS1/lechia-gdansk-GGLmkiK8/szczegoly/statystyki/?mid=Gb3NNEu1,Gb3NNEu1,263.0,346.0,387.0,468.0,6.0,38.0,36.0,58.0,44.0,88.0,95.0,139.0,6.0,12.0,10.0,36.0,9.0,18.0,5.0,6.0,GDA 2-0 KAT | Lechia Gdańsk,GKS Katowice,LGD,GKS
2410,MOT,BBT,1,1,2025-09-14,50.9,49.1,14.0,10.0,2.0,6.0,6.0,1.0,6.0,3.0,5.0,4.0,16.0,13.0,4.0,1.0,2.0,4.0,0.0,0.0,0.0,0.0,16.0,17.0,3.0,8.0,7.0,9.0,403.0,391.0,330.0,327.0,8,1.24,2.01,51.0,49.0,14.0,10.0,2.0,6.0,1.0,5.0,5.0,4.0,2.0,4.0,0.79,2.31,6.0,3.0,6.0,1.0,11.0,8.0,3.0,2.0,31.0,22.0,4.0,1.0,13.0,16.0,2.24,1.11,16.0,13.0,45.0,48.0,15.0,35.0,7.0,11.0,0.0,1.0,0.0,0.0,5.0,1.0,2.31,0.79,1.31,-0.21,0.0,0.0,2025-09-14,8.0,https://www.flashscore.pl/mecz/pilka-nozna/motor-lublin-IoLk2VlL/nieciecza-YNkK4khO/szczegoly/statystyki/?mid=lC1VLhAD,lC1VLhAD,330.0,402.0,327.0,388.0,12.0,28.0,26.0,50.0,72.0,109.0,85.0,116.0,3.0,16.0,9.0,19.0,7.0,13.0,10.0,14.0,MOT 1-1 BBT | Motor Lublin,Bruk-Bet T.,MOT,BBT
2411,KOR,POG,1,0,2025-09-13,44.5,55.5,18.0,21.0,6.0,10.0,5.0,5.0,7.0,6.0,12.0,7.0,9.0,11.0,5.0,2.0,1.0,1.0,0.0,0.0,0.0,0.0,36.0,23.0,6.0,6.0,5.0,9.0,285.0,376.0,220.0,295.0,8,3.15,1.88,45.0,55.0,18.0,21.0,6.0,10.0,5.0,4.0,12.0,7.0,1.0,1.0,2.43,1.37,7.0,6.0,5.0,5.0,13.0,12.0,5.0,9.0,33.0,29.0,5.0,2.0,11.0,9.0,1.66,1.23,9.0,11.0,41.0,41.0,35.0,41.0,4.0,6.0,0.0,0.0,0.0,0.0,9.0,5.0,1.37,2.43,1.37,1.43,0.0,0.0,2025-09-13,8.0,https://www.flashscore.pl/mecz/pilka-nozna/korona-kielce-pp78XcbA/pogon-szczecin-Um9YwPQ0/szczegoly/statystyki/?mid=4KqIqd2K,4KqIqd2K,220.0,285.0,295.0,376.0,27.0,52.0,12.0,41.0,79.0,115.0,72.0,120.0,6.0,36.0,6.0,23.0,5.0,8.0,9.0,13.0,KOR 1-0 POG | Korona Kielce,Pogoń Szczecin,KOR,POG
2412,LPO,ZAG,1,2,2025-09-12,64.4,35.6,25.0,9.0,6.0,4.0,11.0,2.0,8.0,3.0,7.0,6.0,11.0,8.0,0.0,4.0,3.0,3.0,0.0,0.0,0.0,0.0,20.0,13.0,7.0,2.0,3.0,9.0,508.0,275.0,412.0,203.0,8,1.79,0.64,64.0,36.0,26.0,10.0,6.0,4.0,3.0,0.0,7.0,6.0,3.0,3.0,1.55,1.88,9.0,3.0,11.0,3.0,16.0,6.0,10.0,4.0,37.0,17.0,0.0,4.0,9.0,11.0,2.11,0.28,11.0,9.0,40.0,41.0,19.0,56.0,6.0,13.0,0.0,0.0,0.0,0.0,2.0,5.0,1.88,1.55,-0.12,0.55,0.0,0.0,2025-09-12,8.0,https://www.flashscore.pl/mecz/pilka-nozna/lech-poznan-OpNH7Ouf/zaglebie-lubin-tlYOere0/szczegoly/statystyki/?mid=z3zlvzQs,z3zlvzQs,411.0,503.0,204.0,275.0,22.0,47.0,27.0,59.0,120.0,176.0,31.0,62.0,6.0,22.0,2.0,13.0,3.0,3.0,10.0,12.0,LEC 1-2 ZAG | Lech Poznań,Zagłębie Lubin,LPO,ZAG
2413,RCZ,GÓR,0,1,2025-09-15,67.4,32.6,9.0,16.0,1.0,7.0,4.0,7.0,4.0,2.0,3.0,6.0,7.0,16.0,2.0,0.0,1.0,6.0,0.0,0.0,0.0,0.0,24.0,16.0,8.0,4.0,17.0,17.0,614.0,295.0,530.0,213.0,8,,,,,,,,,,,,,,,,,,,,,,,,,,,,,,,,,,,,,,,,,,,,,,,,,,,,,,,,,,,,,,,,,,,,,,,,,,,,,,,,
2414,PIA,JAG,1,1,2025-09-13,53.4,46.6,15.0,11.0,4.0,6.0,4.0,1.0,7.0,4.0,4.0,1.0,11.0,13.0,2.0,1.0,6.0,3.0,1.0,0.0,1.0,0.0,22.0,5.0,5.0,3.0,9.0,7.0,510.0,461.0,445.0,380.0,8,0.84,1.04,53.0,47.0,14.0,11.0,4.0,6.0,1.0,1.0,4.0,1.0,7.0,4.0,1.17,0.53,7.0,4.0,3.0,1.0,11.0,8.0,3.0,3.0,24.0,27.0,2.0,1.0,13.0,11.0,1.17,1.11,11.0,13.0,41.0,37.0,22.0,23.0,6.0,8.0,1.0,2.0,0.0,0.0,5.0,3.0,0.53,1.17,-0.47,0.17,0.0,1.0,2025-09-13,8.0,https://www.flashscore.pl/mecz/pilka-nozna/jagiellonia-bialystok-lIDaZJTc/piast-gliwice-ve2oT9ck/szczegoly/statystyki/?mid=rZM4zhP6,rZM4zhP6,446.0,511.0,384.0,462.0,21.0,40.0,24.0,42.0,89.0,113.0,98.0,135.0,5.0,21.0,3.0,5.0,7.0,11.0,6.0,11.0,PIA 1-1 JAG | Piast Gliwice,Jagiellonia Białystok,PIA,JAG
2415,WID,ARK,2,0,2025-09-14,49.3,50.7,14.0,13.0,8.0,5.0,1.0,0.0,5.0,8.0,1.0,2.0,4.0,16.0,1.0,3.0,0.0,1.0,0.0,0.0,0.0,0.0,12.0,14.0,3.0,5.0,12.0,14.0,379.0,389.0,314.0,322.0,8,2.4,0.97,49.0,51.0,14.0,13.0,8.0,5.0,5.0,1.0,1.0,2.0,0.0,1.0,1.8,0.31,5.0,8.0,1.0,0.0,9.0,7.0,5.0,6.0,21.0,25.0,1.0,3.0,16.0,4.0,0.82,1.02,4.0,16.0,49.0,52.0,25.0,20.0,4.0,5.0,0.0,0.0,0.0,0.0,5.0,4.0,0.31,1.8,0.31,-0.2,0.0,0.0,2025-09-14,8.0,https://www.flashscore.pl/mecz/pilka-nozna/arka-gdynia-feEez0Ei/widzew-lodz-rNOIW3uC/szczegoly/statystyki/?mid=v1GDYVgJ,v1GDYVgJ,316.0,377.0,324.0,392.0,29.0,59.0,30.0,56.0,62.0,88.0,58.0,91.0,3.0,12.0,5.0,13.0,13.0,15.0,12.0,21.0,WID 2-0 ARK | Widzew Łódź,Arka Gdynia,WID,ARK
2416,ARK,KOR,0,0,2025-09-20,48.8,51.2,11.0,9.0,3.0,0.0,3.0,5.0,5.0,4.0,4.0,6.0,12.0,15.0,1.0,0.0,3.0,2.0,0.0,0.0,0.0,0.0,12.0,17.0,4.0,2.0,6.0,8.0,335.0,345.0,268.0,277.0,9,0.44,0.45,49.0,51.0,11.0,9.0,3.0,1.0,0.0,0.0,4.0,6.0,3.0,2.0,0.41,0.07,5.0,2.0,3.0,6.0,3.0,5.0,8.0,4.0,9.0,20.0,1.0,0.0,15.0,12.0,0.45,0.22,12.0,15.0,51.0,44.0,32.0,20.0,14.0,7.0,0.0,0.0,0.0,0.0,1.0,3.0,0.07,0.41,0.07,0.41,0.0,0.0,2025-09-20,9.0,https://www.flashscore.pl/mecz/pilka-nozna/arka-gdynia-feEez0Ei/korona-kielce-pp78XcbA/szczegoly/statystyki/?mid=UTROum1n,UTROum1n,271.0,336.0,276.0,345.0,11.0,38.0,19.0,47.0,40.0,70.0,54.0,87.0,4.0,12.0,2.0,17.0,6.0,13.0,8.0,12.0,ARK 0-0 KOR | Arka Gdynia,Korona Kielce,ARK,KOR
2417,BBT,LPO,0,2,2025-09-20,54.1,45.9,13.0,18.0,2.0,9.0,2.0,5.0,9.0,4.0,3.0,10.0,7.0,7.0,0.0,2.0,1.0,1.0,0.0,0.0,0.0,0.0,12.0,19.0,1.0,3.0,13.0,10.0,491.0,410.0,415.0,344.0,9,0.83,1.74,54.0,46.0,13.0,18.0,2.0,9.0,0.0,2.0,3.0,10.0,1.0,1.0,0.12,2.28,9.0,5.0,2.0,4.0,6.0,12.0,7.0,6.0,19.0,26.0,0.0,2.0,7.0,7.0,1.21,0.8,7.0,7.0,49.0,38.0,26.0,24.0,9.0,5.0,0.0,1.0,1.0,0.0,7.0,2.0,2.28,0.12,0.28,0.12,0.0,0.0,2025-09-20,9.0,https://www.flashscore.pl/mecz/pilka-nozna/lech-poznan-OpNH7Ouf/nieciecza-YNkK4khO/szczegoly/statystyki/?mid=QeLXwRVb,QeLXwRVb,415.0,490.0,347.0,412.0,22.0,50.0,24.0,46.0,85.0,129.0,110.0,136.0,1.0,13.0,3.0,19.0,12.0,19.0,7.0,10.0,BBT 0-2 LEC | Bruk-Bet T.,Lech Poznań,BBT,LPO
2418,ZAG,MOT,2,2,2025-09-21,43.9,56.1,11.0,15.0,4.0,6.0,5.0,6.0,2.0,3.0,6.0,5.0,14.0,15.0,2.0,3.0,3.0,4.0,0.0,0.0,0.0,0.0,24.0,13.0,5.0,1.0,14.0,6.0,278.0,371.0,214.0,323.0,9,1.95,1.05,45.0,55.0,12.0,16.0,5.0,6.0,3.0,2.0,6.0,5.0,3.0,4.0,2.33,1.92,2.0,4.0,5.0,6.0,8.0,6.0,4.0,10.0,23.0,19.0,2.0,3.0,15.0,14.0,1.15,0.94,14.0,15.0,63.0,49.0,24.0,37.0,7.0,5.0,0.0,0.0,0.0,0.0,4.0,3.0,1.92,2.33,-0.08,0.33,0.0,0.0,2025-09-21,9.0,https://www.flashscore.pl/mecz/pilka-nozna/motor-lublin-IoLk2VlL/zaglebie-lubin-tlYOere0/szczegoly/statystyki/?mid=I3wux50B,I3wux50B,218.0,283.0,321.0,369.0,20.0,47.0,13.0,29.0,62.0,97.0,95.0,122.0,7.0,26.0,1.0,12.0,15.0,26.0,6.0,10.0,ZAG 2-2 MOT | Zagłębie Lubin,Motor Lublin,ZAG,MOT
2419,GÓR,WID,3,2,2025-09-21,49.8,50.2,17.0,11.0,7.0,5.0,4.0,4.0,6.0,2.0,6.0,4.0,16.0,11.0,2.0,0.0,4.0,1.0,0.0,0.0,0.0,0.0,25.0,16.0,3.0,4.0,7.0,13.0,382.0,388.0,315.0,312.0,9,,,,,,,,,,,,,,,,,,,,,,,,,,,,,,,,,,,,,,,,,,,,,,,,,,,,,,,,,,,,,,,,,,,,,,,,,,,,,,,,
2420,RAD,PIA,1,0,2025-09-20,40.5,59.5,16.0,11.0,4.0,2.0,6.0,3.0,6.0,6.0,3.0,2.0,21.0,13.0,1.0,1.0,0.0,1.0,0.0,0.0,0.0,0.0,14.0,24.0,1.0,6.0,5.0,8.0,321.0,474.0,264.0,413.0,9,1.49,0.61,40.0,60.0,17.0,11.0,5.0,2.0,2.0,1.0,3.0,2.0,0.0,1.0,0.7,0.28,6.0,6.0,6.0,3.0,9.0,7.0,8.0,4.0,21.0,23.0,1.0,1.0,13.0,21.0,1.38,0.83,21.0,13.0,40.0,48.0,33.0,20.0,6.0,6.0,0.0,0.0,0.0,0.0,3.0,4.0,0.28,0.7,0.28,-0.3,0.0,0.0,2025-09-20,9.0,https://www.flashscore.pl/mecz/pilka-nozna/piast-gliwice-ve2oT9ck/radomiak-radom-zD5nYhAT/szczegoly/statystyki/?mid=A1IJUMho,A1IJUMho,263.0,321.0,417.0,477.0,26.0,48.0,28.0,47.0,83.0,113.0,100.0,132.0,1.0,10.0,6.0,23.0,6.0,12.0,8.0,11.0,RAD 1-0 PIA | Radomiak Radom,Piast Gliwice,RAD,PIA
2421,POG,LGD,3,4,2025-09-21,59.2,40.8,22.0,12.0,10.0,9.0,5.0,0.0,7.0,3.0,4.0,4.0,9.0,11.0,1.0,0.0,3.0,3.0,0.0,0.0,0.0,0.0,22.0,10.0,7.0,1.0,6.0,3.0,408.0,288.0,353.0,223.0,9,2.45,3.32,59.0,41.0,22.0,12.0,10.0,9.0,2.0,6.0,4.0,4.0,3.0,3.0,2.95,3.66,7.0,3.0,5.0,0.0,15.0,8.0,7.0,4.0,44.0,19.0,1.0,0.0,11.0,10.0,1.31,1.13,10.0,11.0,33.0,35.0,18.0,32.0,7.0,9.0,2.0,0.0,1.0,0.0,6.0,6.0,3.66,2.95,0.66,-0.05,0.0,0.0,2025-09-21,9.0,https://www.flashscore.pl/mecz/pilka-nozna/lechia-gdansk-GGLmkiK8/pogon-szczecin-Um9YwPQ0/szczegoly/statystyki/?mid=Sxm4xZBi,Sxm4xZBi,353.0,405.0,221.0,289.0,27.0,47.0,19.0,45.0,101.0,135.0,38.0,73.0,7.0,22.0,1.0,10.0,1.0,7.0,4.0,10.0,POG 3-4 GDA | Pogoń Szczecin,Lechia Gdańsk,POG,LGD
2422,GKS,CRA,0,3,2025-09-19,57.1,42.9,16.0,13.0,5.0,6.0,7.0,4.0,4.0,3.0,11.0,3.0,6.0,13.0,0.0,0.0,2.0,1.0,0.0,0.0,0.0,0.0,34.0,7.0,4.0,2.0,7.0,7.0,470.0,368.0,379.0,268.0,9,,,,,,,,,,,,,,,,,,,,,,,,,,,,,,,,,,,,,,,,,,,,,,,,,,,,,,,,,,,,,,,,,,,,,,,,,,,,,,,,
2423,RCZ,LEG,1,1,2025-09-20,39.5,60.5,7.0,16.0,3.0,2.0,2.0,5.0,2.0,9.0,1.0,2.0,15.0,18.0,2.0,0.0,1.0,3.0,0.0,0.0,0.0,0.0,8.0,15.0,3.0,7.0,6.0,8.0,315.0,476.0,223.0,379.0,9,,,,,,,,,,,,,,,,,,,,,,,,,,,,,,,,,,,,,,,,,,,,,,,,,,,,,,,,,,,,,,,,,,,,,,,,,,,,,,,,
2424,WPŁ,JAG,0,1,2025-09-19,41.0,59.0,17.0,13.0,4.0,9.0,7.0,0.0,6.0,4.0,5.0,5.0,13.0,8.0,3.0,3.0,0.0,2.0,0.0,0.0,0.0,0.0,20.0,17.0,7.0,7.0,6.0,6.0,292.0,443.0,228.0,384.0,9,,,,,,,,,,,,,,,,,,,,,,,,,,,,,,,,,,,,,,,,,,,,,,,,,,,,,,,,,,,,,,,,,,,,,,,,,,,,,,,,
2425,WPŁ,GKS,1,1,2025-09-26,45.7,54.3,10.0,10.0,4.0,5.0,3.0,3.0,3.0,2.0,4.0,2.0,14.0,11.0,1.0,2.0,1.0,1.0,0.0,0.0,0.0,0.0,26.0,16.0,6.0,0.0,6.0,9.0,388.0,475.0,309.0,427.0,10,,,,,,,,,,,,,,,,,,,,,,,,,,,,,,,,,,,,,,,,,,,,,,,,,,,,,,,,,,,,,,,,,,,,,,,,,,,,,,,,
2426,LEG,POG,1,0,2025-09-28,55.2,44.8,14.0,6.0,6.0,1.0,2.0,0.0,6.0,5.0,6.0,1.0,17.0,15.0,3.0,2.0,2.0,3.0,0.0,0.0,0.0,0.0,23.0,8.0,7.0,1.0,3.0,6.0,433.0,362.0,330.0,263.0,10,1.87,0.46,55.0,45.0,14.0,6.0,6.0,1.0,4.0,2.0,6.0,1.0,2.0,3.0,1.52,0.03,6.0,5.0,2.0,0.0,11.0,3.0,3.0,3.0,29.0,9.0,3.0,2.0,15.0,18.0,0.89,0.25,18.0,15.0,54.0,53.0,25.0,31.0,5.0,10.0,1.0,1.0,0.0,0.0,1.0,6.0,0.03,1.52,0.03,0.52,0.0,0.0,2025-09-28,10.0,https://www.flashscore.pl/mecz/pilka-nozna/legia-warszawa-K6kUepBs/pogon-szczecin-Um9YwPQ0/szczegoly/statystyki/?mid=vcYwkCec,vcYwkCec,334.0,434.0,261.0,359.0,30.0,69.0,27.0,67.0,110.0,165.0,29.0,61.0,6.0,20.0,1.0,7.0,3.0,5.0,4.0,11.0,LEG 1-0 POG | Legia Warszawa,Pogoń Szczecin,LEG,POG
2427,MOT,RAD,2,2,2025-09-29,54.6,45.4,11.0,20.0,4.0,5.0,4.0,3.0,3.0,12.0,5.0,3.0,10.0,14.0,2.0,0.0,1.0,3.0,0.0,0.0,0.0,0.0,25.0,16.0,4.0,6.0,13.0,9.0,394.0,336.0,322.0,274.0,10,0.85,1.86,54.0,46.0,12.0,20.0,4.0,5.0,0.0,3.0,5.0,3.0,1.0,3.0,2.15,1.75,4.0,11.0,4.0,4.0,8.0,14.0,4.0,6.0,26.0,25.0,2.0,0.0,14.0,10.0,0.57,1.55,10.0,14.0,50.0,45.0,26.0,28.0,5.0,3.0,2.0,0.0,0.0,0.0,4.0,2.0,1.75,2.15,-0.25,0.15,0.0,0.0,2025-09-29,10.0,https://www.flashscore.pl/mecz/pilka-nozna/motor-lublin-IoLk2VlL/radomiak-radom-zD5nYhAT/szczegoly/statystyki/?mid=YeRnmjQ9,YeRnmjQ9,325.0,397.0,275.0,340.0,7.0,19.0,23.0,44.0,107.0,145.0,91.0,119.0,4.0,25.0,6.0,16.0,13.0,18.0,9.0,14.0,MOT 2-2 RAD | Motor Lublin,Radomiak Radom,MOT,RAD
2428,ZAG,ARK,4,0,2025-09-29,39.7,60.3,10.0,11.0,7.0,3.0,1.0,6.0,2.0,2.0,2.0,2.0,15.0,16.0,0.0,2.0,0.0,3.0,0.0,0.0,0.0,0.0,10.0,13.0,5.0,1.0,7.0,9.0,314.0,490.0,238.0,411.0,10,1.22,0.62,40.0,60.0,10.0,11.0,7.0,3.0,1.0,1.0,2.0,2.0,0.0,3.0,2.63,0.03,2.0,2.0,1.0,6.0,8.0,7.0,2.0,4.0,14.0,20.0,0.0,2.0,16.0,15.0,0.49,0.95,15.0,16.0,55.0,48.0,33.0,15.0,6.0,12.0,0.0,1.0,0.0,0.0,2.0,3.0,0.03,2.63,0.03,-1.37,0.0,0.0,2025-09-29,10.0,https://www.flashscore.pl/mecz/pilka-nozna/arka-gdynia-feEez0Ei/zaglebie-lubin-tlYOere0/szczegoly/statystyki/?mid=69PfoUfM,69PfoUfM,238.0,313.0,410.0,489.0,28.0,56.0,15.0,39.0,31.0,60.0,101.0,147.0,6.0,11.0,1.0,13.0,6.0,14.0,10.0,14.0,ZAG 4-0 ARK | Zagłębie Lubin,Arka Gdynia,ZAG,ARK
2429,KOR,LGD,3,0,2025-09-27,43.9,56.1,17.0,10.0,7.0,3.0,7.0,0.0,3.0,7.0,6.0,5.0,12.0,13.0,1.0,0.0,2.0,1.0,0.0,1.0,0.0,0.0,15.0,19.0,5.0,4.0,7.0,12.0,308.0,393.0,228.0,310.0,10,1.49,1.22,44.0,56.0,17.0,10.0,7.0,3.0,3.0,2.0,6.0,5.0,2.0,1.0,2.06,0.55,3.0,7.0,7.0,0.0,14.0,6.0,3.0,4.0,26.0,16.0,1.0,0.0,13.0,12.0,1.16,1.51,12.0,13.0,44.0,43.0,32.0,29.0,10.0,9.0,0.0,0.0,0.0,0.0,3.0,4.0,0.55,2.06,0.55,-0.94,1.0,0.0,2025-09-27,10.0,https://www.flashscore.pl/mecz/pilka-nozna/korona-kielce-pp78XcbA/lechia-gdansk-GGLmkiK8/szczegoly/statystyki/?mid=Qg6Ru8Iq,Qg6Ru8Iq,227.0,307.0,314.0,398.0,13.0,47.0,19.0,42.0,52.0,81.0,79.0,123.0,6.0,15.0,4.0,20.0,7.0,14.0,13.0,20.0,KOR 3-0 GDA | Korona Kielce,Lechia Gdańsk,KOR,LGD
2430,CRA,GÓR,1,1,2025-09-27,63.6,36.4,13.0,11.0,3.0,2.0,6.0,4.0,4.0,5.0,6.0,7.0,4.0,10.0,1.0,0.0,1.0,3.0,0.0,0.0,0.0,0.0,21.0,18.0,5.0,5.0,5.0,9.0,597.0,331.0,529.0,279.0,10,,,,,,,,,,,,,,,,,,,,,,,,,,,,,,,,,,,,,,,,,,,,,,,,,,,,,,,,,,,,,,,,,,,,,,,,,,,,,,,,
2431,LPO,JAG,2,2,2025-09-28,52.5,47.5,13.0,15.0,6.0,3.0,5.0,7.0,2.0,5.0,5.0,10.0,10.0,13.0,0.0,1.0,1.0,4.0,0.0,0.0,0.0,0.0,22.0,19.0,6.0,5.0,11.0,11.0,403.0,366.0,330.0,291.0,10,,,,,,,,,,,,,,,,,,,,,,,,,,,,,,,,,,,,,,,,,,,,,,,,,,,,,,,,,,,,,,,,,,,,,,,,,,,,,,,,
2432,PIA,BBT,4,2,2025-09-27,48.0,52.0,20.0,22.0,7.0,7.0,7.0,7.0,6.0,8.0,2.0,7.0,7.0,15.0,1.0,2.0,1.0,3.0,1.0,0.0,0.0,0.0,17.0,28.0,0.0,9.0,2.0,7.0,368.0,385.0,306.0,311.0,10,2.03,2.82,48.0,52.0,19.0,22.0,6.0,7.0,3.0,4.0,2.0,7.0,1.0,3.0,1.79,2.87,6.0,9.0,7.0,6.0,12.0,16.0,7.0,6.0,29.0,42.0,1.0,2.0,15.0,7.0,1.4,4.54,7.0,15.0,42.0,51.0,45.0,23.0,7.0,6.0,1.0,0.0,1.0,1.0,5.0,2.0,2.87,1.79,0.87,-1.21,0.0,1.0,2025-09-27,10.0,https://www.flashscore.pl/mecz/pilka-nozna/nieciecza-YNkK4khO/piast-gliwice-ve2oT9ck/szczegoly/statystyki/?mid=ns0TaT9F,ns0TaT9F,307.0,368.0,310.0,387.0,18.0,46.0,25.0,51.0,103.0,133.0,124.0,169.0,0.0,17.0,9.0,28.0,3.0,8.0,7.0,13.0,PIA 4-2 BBT | Piast Gliwice,Bruk-Bet T.,PIA,BBT
2433,WID,RCZ,0,1,2025-09-28,38.1,61.9,6.0,20.0,1.0,6.0,3.0,5.0,2.0,9.0,3.0,3.0,11.0,17.0,3.0,0.0,3.0,4.0,0.0,0.0,0.0,0.0,6.0,24.0,0.0,9.0,9.0,6.0,347.0,551.0,278.0,490.0,10,0.57,1.23,38.0,62.0,6.0,20.0,1.0,6.0,1.0,1.0,3.0,3.0,3.0,4.0,0.02,1.04,2.0,9.0,3.0,5.0,3.0,12.0,3.0,8.0,11.0,32.0,3.0,0.0,17.0,11.0,0.21,1.26,11.0,17.0,52.0,45.0,28.0,15.0,4.0,10.0,2.0,0.0,0.0,0.0,3.0,1.0,1.04,0.02,0.04,0.02,0.0,0.0,2025-09-28,10.0,https://www.flashscore.pl/mecz/pilka-nozna/rakow-czestochowa-SQOrbYim/widzew-lodz-rNOIW3uC/szczegoly/statystyki/?mid=vuu8ho2k,vuu8ho2k,281.0,353.0,493.0,553.0,16.0,48.0,25.0,47.0,43.0,72.0,143.0,177.0,0.0,5.0,8.0,23.0,9.0,17.0,4.0,11.0,WID 0-1 RAK | Widzew Łódź,Raków Częstochowa,WID,RCZ
2434,ARK,CRA,2,1,2025-10-04,37.3,62.7,8.0,13.0,3.0,1.0,2.0,5.0,3.0,7.0,4.0,6.0,20.0,17.0,2.0,2.0,0.0,2.0,0.0,0.0,0.0,0.0,13.0,26.0,4.0,3.0,8.0,6.0,305.0,509.0,221.0,422.0,11,1.11,0.88,37.0,63.0,8.0,13.0,3.0,1.0,2.0,1.0,4.0,6.0,0.0,2.0,0.67,0.29,3.0,7.0,2.0,5.0,4.0,12.0,4.0,1.0,7.0,22.0,2.0,2.0,17.0,20.0,0.68,0.61,20.0,17.0,49.0,46.0,35.0,20.0,6.0,5.0,1.0,0.0,0.0,0.0,0.0,1.0,0.29,0.67,-0.71,-1.33,0.0,0.0,2025-10-04,11.0,https://www.flashscore.pl/mecz/pilka-nozna/arka-gdynia-feEez0Ei/cracovia-KvXSf2A6/szczegoly/statystyki/?mid=z7YGjPW1,z7YGjPW1,216.0,298.0,418.0,503.0,18.0,60.0,18.0,51.0,42.0,75.0,84.0,122.0,4.0,13.0,3.0,26.0,9.0,13.0,5.0,9.0,ARK 2-1 CRA | Arka Gdynia,Cracovia,ARK,CRA
2435,BBT,WID,2,4,2025-10-04,52.6,47.4,9.0,14.0,4.0,10.0,3.0,2.0,2.0,2.0,3.0,4.0,15.0,16.0,0.0,1.0,1.0,2.0,0.0,0.0,0.0,0.0,11.0,17.0,5.0,1.0,8.0,9.0,377.0,333.0,289.0,260.0,11,0.87,1.47,53.0,47.0,9.0,14.0,4.0,10.0,2.0,4.0,3.0,4.0,1.0,2.0,1.02,3.06,2.0,2.0,3.0,2.0,6.0,9.0,3.0,5.0,15.0,19.0,0.0,1.0,16.0,15.0,0.67,1.04,15.0,16.0,46.0,46.0,24.0,38.0,5.0,9.0,2.0,0.0,0.0,1.0,6.0,2.0,3.06,1.02,-0.94,-0.98,0.0,0.0,2025-10-04,11.0,https://www.flashscore.pl/mecz/pilka-nozna/nieciecza-YNkK4khO/widzew-lodz-rNOIW3uC/szczegoly/statystyki/?mid=0pQ2ESO8,0pQ2ESO8,291.0,378.0,262.0,334.0,36.0,72.0,29.0,62.0,75.0,126.0,65.0,98.0,5.0,11.0,1.0,17.0,7.0,13.0,6.0,10.0,BBT 2-4 WID | Bruk-Bet T.,Widzew Łódź,BBT,WID
2436,LGD,WPŁ,1,1,2025-10-03,55.9,44.1,12.0,9.0,5.0,1.0,3.0,3.0,4.0,5.0,3.0,4.0,7.0,11.0,2.0,0.0,1.0,3.0,0.0,0.0,0.0,0.0,17.0,23.0,4.0,1.0,3.0,11.0,451.0,344.0,384.0,271.0,11,,,,,,,,,,,,,,,,,,,,,,,,,,,,,,,,,,,,,,,,,,,,,,,,,,,,,,,,,,,,,,,,,,,,,,,,,,,,,,,,
2437,GÓR,LEG,3,1,2025-10-05,39.2,60.8,9.0,15.0,6.0,3.0,0.0,7.0,3.0,5.0,0.0,6.0,10.0,10.0,2.0,0.0,1.0,1.0,0.0,0.0,0.0,0.0,6.0,31.0,2.0,7.0,10.0,10.0,329.0,491.0,265.0,416.0,11,,,,,,,,,,,,,,,,,,,,,,,,,,,,,,,,,,,,,,,,,,,,,,,,,,,,,,,,,,,,,,,,,,,,,,,,,,,,,,,,
2438,RAD,ZAG,3,1,2025-10-04,50.1,49.9,17.0,18.0,5.0,7.0,3.0,3.0,9.0,8.0,5.0,6.0,11.0,13.0,1.0,4.0,0.0,3.0,0.0,0.0,0.0,0.0,22.0,18.0,7.0,3.0,11.0,8.0,328.0,331.0,243.0,249.0,11,1.84,1.28,50.0,50.0,17.0,18.0,5.0,7.0,3.0,2.0,5.0,6.0,1.0,3.0,1.56,0.77,9.0,8.0,3.0,3.0,13.0,9.0,4.0,9.0,30.0,20.0,1.0,4.0,13.0,11.0,1.6,1.57,11.0,13.0,53.0,66.0,50.0,31.0,3.0,8.0,0.0,0.0,1.0,0.0,6.0,3.0,0.77,1.56,-0.23,-0.44,0.0,0.0,2025-10-04,11.0,https://www.flashscore.pl/mecz/pilka-nozna/radomiak-radom-zD5nYhAT/zaglebie-lubin-tlYOere0/szczegoly/statystyki/?mid=OQZihx86,OQZihx86,244.0,324.0,251.0,335.0,15.0,44.0,28.0,53.0,89.0,121.0,58.0,99.0,8.0,22.0,3.0,18.0,11.0,16.0,8.0,14.0,RAD 3-1 ZAG | Radomiak Radom,Zagłębie Lubin,RAD,ZAG
2439,POG,PIA,2,1,2025-10-03,47.3,52.7,27.0,8.0,10.0,2.0,9.0,3.0,8.0,3.0,6.0,1.0,11.0,16.0,2.0,1.0,2.0,1.0,0.0,0.0,0.0,0.0,22.0,14.0,7.0,3.0,4.0,4.0,392.0,455.0,328.0,396.0,11,3.92,1.3,47.0,53.0,28.0,8.0,10.0,2.0,8.0,1.0,6.0,1.0,2.0,1.0,2.76,0.92,9.0,3.0,9.0,3.0,19.0,4.0,9.0,4.0,44.0,12.0,2.0,1.0,16.0,11.0,1.31,1.37,11.0,16.0,35.0,33.0,17.0,30.0,3.0,9.0,0.0,4.0,0.0,0.0,1.0,7.0,0.92,2.76,-0.08,0.76,0.0,0.0,2025-10-03,11.0,https://www.flashscore.pl/mecz/pilka-nozna/piast-gliwice-ve2oT9ck/pogon-szczecin-Um9YwPQ0/szczegoly/statystyki/?mid=dvYajGxJ,dvYajGxJ,331.0,396.0,398.0,455.0,23.0,41.0,21.0,38.0,73.0,105.0,64.0,91.0,6.0,22.0,3.0,14.0,5.0,8.0,4.0,8.0,POG 2-1 PIA | Pogoń Szczecin,Piast Gliwice,POG,PIA
2440,GKS,LPO,0,1,2025-10-05,42.9,57.1,14.0,11.0,5.0,3.0,3.0,4.0,6.0,4.0,6.0,2.0,15.0,17.0,4.0,0.0,1.0,3.0,0.0,0.0,0.0,0.0,23.0,10.0,8.0,2.0,11.0,11.0,380.0,519.0,308.0,433.0,11,1.11,1.13,43.0,57.0,14.0,11.0,5.0,3.0,1.0,2.0,6.0,2.0,1.0,3.0,1.09,0.97,6.0,4.0,3.0,4.0,8.0,7.0,6.0,4.0,21.0,17.0,4.0,0.0,17.0,15.0,0.6,0.59,15.0,17.0,48.0,50.0,20.0,30.0,12.0,5.0,0.0,0.0,0.0,0.0,1.0,4.0,0.97,1.09,-0.03,1.09,0.0,0.0,2025-10-05,11.0,https://www.flashscore.pl/mecz/pilka-nozna/gks-katowice-K4AgRmS1/lech-poznan-OpNH7Ouf/szczegoly/statystyki/?mid=zNxuEJUP,zNxuEJUP,309.0,379.0,434.0,521.0,22.0,47.0,27.0,52.0,62.0,108.0,88.0,116.0,8.0,23.0,2.0,11.0,9.0,16.0,11.0,15.0,KAT 0-1 LEC | GKS Katowice,Lech Poznań,GKS,LPO
2441,RCZ,MOT,2,0,2025-10-05,53.6,46.4,22.0,5.0,8.0,2.0,4.0,0.0,10.0,3.0,4.0,5.0,12.0,15.0,2.0,2.0,1.0,3.0,1.0,0.0,0.0,0.0,16.0,19.0,5.0,2.0,6.0,11.0,503.0,421.0,431.0,347.0,11,,,,,,,,,,,,,,,,,,,,,,,,,,,,,,,,,,,,,,,,,,,,,,,,,,,,,,,,,,,,,,,,,,,,,,,,,,,,,,,,
2442,JAG,KOR,3,1,2025-10-05,69.1,30.9,18.0,14.0,6.0,3.0,4.0,5.0,8.0,6.0,7.0,7.0,9.0,10.0,1.0,3.0,1.0,1.0,0.0,0.0,0.0,0.0,22.0,15.0,5.0,6.0,9.0,4.0,626.0,273.0,548.0,206.0,11,1.91,0.92,69.0,31.0,18.0,14.0,7.0,3.0,3.0,2.0,7.0,7.0,1.0,1.0,2.32,0.56,7.0,6.0,4.0,5.0,11.0,11.0,7.0,3.0,26.0,21.0,1.0,4.0,10.0,9.0,1.29,0.72,9.0,10.0,47.0,39.0,17.0,29.0,11.0,14.0,1.0,0.0,0.0,0.0,2.0,4.0,0.56,2.32,-0.44,-0.68,0.0,0.0,2025-10-05,11.0,https://www.flashscore.pl/mecz/pilka-nozna/jagiellonia-bialystok-lIDaZJTc/korona-kielce-pp78XcbA/szczegoly/statystyki/?mid=SKHJ6yNa,SKHJ6yNa,547.0,627.0,206.0,273.0,10.0,24.0,16.0,37.0,137.0,177.0,36.0,64.0,5.0,20.0,7.0,15.0,10.0,16.0,4.0,15.0,JAG 3-1 KOR | Jagiellonia Białystok,Korona Kielce,JAG,KOR
2443,WPŁ,BBT,3,1,2025-10-20,55.3,44.7,20.0,14.0,7.0,2.0,5.0,6.0,8.0,6.0,6.0,5.0,6.0,9.0,1.0,2.0,0.0,1.0,0.0,0.0,0.0,0.0,32.0,30.0,8.0,8.0,8.0,5.0,492.0,392.0,434.0,327.0,12,,,,,,,,,,,,,,,,,,,,,,,,,,,,,,,,,,,,,,,,,,,,,,,,,,,,,,,,,,,,,,,,,,,,,,,,,,,,,,,,
2444,MOT,GKS,2,5,2025-10-17,51.2,48.8,21.0,15.0,9.0,4.0,10.0,7.0,2.0,4.0,10.0,2.0,10.0,14.0,0.0,2.0,2.0,3.0,1.0,0.0,1.0,0.0,38.0,9.0,7.0,2.0,10.0,8.0,384.0,395.0,312.0,322.0,12,1.6,2.41,51.0,49.0,18.0,15.0,6.0,4.0,2.0,5.0,10.0,2.0,2.0,3.0,1.5,3.08,1.0,4.0,11.0,7.0,12.0,9.0,6.0,6.0,29.0,32.0,0.0,2.0,14.0,10.0,1.22,1.71,10.0,14.0,41.0,62.0,23.0,47.0,9.0,12.0,0.0,0.0,0.0,0.0,0.0,2.0,3.08,1.5,-0.92,-0.5,0.0,1.0,2025-10-17,12.0,https://www.flashscore.pl/mecz/pilka-nozna/gks-katowice-K4AgRmS1/motor-lublin-IoLk2VlL/szczegoly/statystyki/?mid=GfTZ2gMO,GfTZ2gMO,314.0,387.0,326.0,400.0,14.0,40.0,22.0,51.0,78.0,110.0,99.0,135.0,7.0,38.0,2.0,9.0,9.0,13.0,9.0,21.0,MOT 2-5 KAT | Motor Lublin,GKS Katowice,MOT,GKS
2445,ZAG,LEG,3,1,2025-10-19,34.5,65.5,16.0,12.0,5.0,2.0,5.0,6.0,6.0,4.0,3.0,4.0,17.0,13.0,3.0,1.0,2.0,1.0,0.0,1.0,0.0,0.0,17.0,25.0,6.0,7.0,7.0,4.0,304.0,582.0,229.0,503.0,12,2.54,0.97,35.0,65.0,16.0,12.0,5.0,2.0,5.0,2.0,3.0,4.0,2.0,1.0,1.96,0.51,6.0,4.0,5.0,6.0,12.0,6.0,4.0,6.0,21.0,28.0,3.0,1.0,13.0,17.0,0.82,0.88,17.0,13.0,54.0,38.0,36.0,24.0,14.0,3.0,0.0,0.0,0.0,0.0,2.0,1.0,0.51,1.96,0.51,-0.04,1.0,0.0,2025-10-19,12.0,https://www.flashscore.pl/mecz/pilka-nozna/legia-warszawa-K6kUepBs/zaglebie-lubin-tlYOere0/szczegoly/statystyki/?mid=W63qNd7t,W63qNd7t,231.0,306.0,504.0,582.0,27.0,51.0,26.0,54.0,53.0,92.0,138.0,179.0,6.0,17.0,7.0,25.0,7.0,14.0,6.0,8.0,ZAG 3-1 LEG | Zagłębie Lubin,Legia Warszawa,ZAG,LEG
2446,KOR,GÓR,1,1,2025-10-18,43.4,56.6,13.0,16.0,4.0,3.0,3.0,7.0,6.0,6.0,9.0,7.0,7.0,12.0,3.0,1.0,2.0,0.0,0.0,0.0,0.0,0.0,31.0,25.0,7.0,7.0,18.0,7.0,351.0,474.0,275.0,399.0,12,,,,,,,,,,,,,,,,,,,,,,,,,,,,,,,,,,,,,,,,,,,,,,,,,,,,,,,,,,,,,,,,,,,,,,,,,,,,,,,,
2447,CRA,RCZ,2,0,2025-10-18,41.5,58.5,17.0,3.0,4.0,1.0,7.0,0.0,6.0,2.0,5.0,2.0,16.0,13.0,2.0,2.0,3.0,4.0,0.0,0.0,0.0,0.0,18.0,14.0,4.0,3.0,18.0,5.0,352.0,507.0,255.0,404.0,12,1.77,0.08,42.0,58.0,17.0,3.0,4.0,1.0,1.0,0.0,5.0,2.0,3.0,4.0,1.78,0.03,6.0,2.0,7.0,0.0,9.0,2.0,8.0,1.0,23.0,14.0,2.0,2.0,13.0,16.0,1.46,0.28,16.0,13.0,66.0,51.0,26.0,31.0,9.0,6.0,0.0,2.0,0.0,0.0,1.0,2.0,0.03,1.78,0.03,-0.22,0.0,0.0,2025-10-18,12.0,https://www.flashscore.pl/mecz/pilka-nozna/cracovia-KvXSf2A6/rakow-czestochowa-SQOrbYim/szczegoly/statystyki/?mid=za00JE65,za00JE65,252.0,355.0,404.0,507.0,17.0,63.0,30.0,77.0,71.0,129.0,56.0,92.0,4.0,18.0,3.0,13.0,19.0,30.0,4.0,11.0,CRA 2-0 RAK | Cracovia,Raków Częstochowa,CRA,RCZ
2448,LPO,POG,2,2,2025-10-19,66.0,34.0,26.0,16.0,12.0,6.0,6.0,2.0,8.0,8.0,9.0,4.0,6.0,12.0,6.0,5.0,1.0,0.0,0.0,0.0,0.0,0.0,35.0,13.0,3.0,6.0,4.0,6.0,500.0,259.0,423.0,197.0,12,2.62,1.74,66.0,34.0,26.0,16.0,12.0,6.0,3.0,3.0,9.0,4.0,1.0,0.0,3.75,1.41,8.0,8.0,6.0,2.0,17.0,11.0,9.0,5.0,37.0,25.0,6.0,5.0,12.0,6.0,1.84,0.68,6.0,12.0,38.0,32.0,15.0,48.0,5.0,11.0,2.0,0.0,0.0,0.0,4.0,10.0,1.41,3.75,-0.59,1.75,0.0,0.0,2025-10-19,12.0,https://www.flashscore.pl/mecz/pilka-nozna/lech-poznan-OpNH7Ouf/pogon-szczecin-Um9YwPQ0/szczegoly/statystyki/?mid=dEl9HhyI,dEl9HhyI,425.0,503.0,198.0,261.0,32.0,47.0,28.0,60.0,139.0,179.0,68.0,104.0,4.0,35.0,6.0,13.0,6.0,10.0,5.0,11.0,LEC 2-2 POG | Lech Poznań,Pogoń Szczecin,LPO,POG
2449,JAG,ARK,4,0,2025-10-18,54.9,45.1,18.0,8.0,7.0,1.0,1.0,3.0,10.0,4.0,3.0,5.0,8.0,10.0,2.0,1.0,1.0,1.0,0.0,0.0,0.0,0.0,13.0,30.0,5.0,9.0,9.0,7.0,468.0,364.0,396.0,301.0,12,2.8,0.7,55.0,45.0,19.0,8.0,8.0,1.0,6.0,2.0,3.0,5.0,1.0,1.0,3.74,0.29,10.0,4.0,1.0,3.0,13.0,5.0,6.0,3.0,26.0,24.0,2.0,1.0,10.0,8.0,1.05,0.6,8.0,10.0,43.0,37.0,29.0,17.0,8.0,13.0,1.0,1.0,0.0,2.0,1.0,4.0,0.29,3.74,0.29,-0.26,0.0,0.0,2025-10-18,12.0,https://www.flashscore.pl/mecz/pilka-nozna/arka-gdynia-feEez0Ei/jagiellonia-bialystok-lIDaZJTc/szczegoly/statystyki/?mid=rVnHFW5U,rVnHFW5U,394.0,469.0,302.0,366.0,16.0,33.0,23.0,47.0,93.0,117.0,57.0,84.0,4.0,13.0,8.0,30.0,8.0,14.0,6.0,15.0,JAG 4-0 ARK | Jagiellonia Białystok,Arka Gdynia,JAG,ARK
2450,PIA,LGD,1,2,2025-10-19,62.1,37.9,15.0,9.0,3.0,3.0,5.0,3.0,7.0,3.0,9.0,6.0,9.0,4.0,2.0,0.0,2.0,3.0,0.0,0.0,0.0,0.0,27.0,18.0,4.0,4.0,8.0,10.0,529.0,317.0,446.0,235.0,12,1.31,1.06,62.0,38.0,16.0,9.0,3.0,3.0,0.0,2.0,9.0,6.0,2.0,3.0,1.07,0.84,8.0,3.0,5.0,3.0,11.0,6.0,5.0,3.0,22.0,19.0,2.0,0.0,4.0,9.0,1.03,1.94,9.0,4.0,40.0,39.0,39.0,33.0,11.0,11.0,0.0,1.0,0.0,0.0,1.0,2.0,0.84,1.07,-1.16,0.07,0.0,0.0,2025-10-19,12.0,https://www.flashscore.pl/mecz/pilka-nozna/lechia-gdansk-GGLmkiK8/piast-gliwice-ve2oT9ck/szczegoly/statystyki/?mid=MeIRZZjn,MeIRZZjn,448.0,529.0,237.0,317.0,19.0,41.0,14.0,43.0,123.0,159.0,54.0,97.0,5.0,28.0,5.0,19.0,13.0,18.0,9.0,17.0,PIA 1-2 GDA | Piast Gliwice,Lechia Gdańsk,PIA,LGD
2451,WID,RAD,3,2,2025-10-17,48.0,52.0,18.0,18.0,6.0,6.0,6.0,6.0,6.0,6.0,2.0,4.0,13.0,15.0,1.0,4.0,2.0,2.0,0.0,0.0,0.0,0.0,10.0,22.0,4.0,5.0,6.0,7.0,325.0,344.0,253.0,282.0,12,2.55,2.06,48.0,52.0,18.0,19.0,6.0,6.0,6.0,2.0,2.0,4.0,2.0,2.0,3.14,2.2,6.0,6.0,6.0,7.0,14.0,12.0,4.0,7.0,29.0,26.0,1.0,4.0,15.0,13.0,1.17,1.51,13.0,15.0,51.0,57.0,28.0,20.0,9.0,5.0,1.0,0.0,0.0,1.0,4.0,3.0,2.2,3.14,0.2,0.14,0.0,0.0,2025-10-17,12.0,https://www.flashscore.pl/mecz/pilka-nozna/radomiak-radom-zD5nYhAT/widzew-lodz-rNOIW3uC/szczegoly/statystyki/?mid=f9GZXDLb,f9GZXDLb,254.0,326.0,281.0,347.0,22.0,53.0,23.0,42.0,39.0,68.0,68.0,110.0,4.0,10.0,5.0,22.0,6.0,13.0,7.0,13.0,WID 3-2 RAD | Widzew Łódź,Radomiak Radom,WID,RAD
2452,ARK,PIA,2,1,2025-10-25,36.9,63.1,6.0,23.0,3.0,4.0,2.0,7.0,1.0,12.0,4.0,10.0,17.0,13.0,1.0,0.0,2.0,4.0,0.0,0.0,0.0,0.0,8.0,36.0,3.0,11.0,7.0,4.0,275.0,448.0,182.0,358.0,13,0.77,2.25,37.0,63.0,7.0,25.0,3.0,4.0,1.0,1.0,4.0,10.0,2.0,4.0,0.99,1.06,2.0,13.0,2.0,8.0,4.0,16.0,3.0,9.0,14.0,44.0,1.0,0.0,13.0,17.0,0.4,1.08,17.0,13.0,51.0,57.0,41.0,20.0,7.0,5.0,0.0,1.0,0.0,0.0,2.0,1.0,1.06,0.99,0.06,-1.01,0.0,0.0,2025-10-25,13.0,https://www.flashscore.pl/mecz/pilka-nozna/arka-gdynia-feEez0Ei/piast-gliwice-ve2oT9ck/szczegoly/statystyki/?mid=jyArWijB,jyArWijB,182.0,277.0,358.0,446.0,16.0,59.0,24.0,58.0,34.0,70.0,134.0,179.0,3.0,8.0,12.0,36.0,8.0,13.0,4.0,13.0,ARK 2-1 PIA | Arka Gdynia,Piast Gliwice,ARK,PIA
2453,BBT,ZAG,1,1,2025-10-24,54.3,45.7,14.0,13.0,3.0,6.0,8.0,4.0,3.0,3.0,7.0,5.0,9.0,12.0,1.0,0.0,3.0,2.0,0.0,1.0,0.0,1.0,25.0,17.0,6.0,9.0,3.0,7.0,405.0,339.0,329.0,268.0,13,1.5,1.0,54.0,46.0,14.0,13.0,3.0,6.0,1.0,3.0,7.0,5.0,3.0,2.0,1.38,2.63,3.0,3.0,8.0,4.0,11.0,10.0,3.0,3.0,25.0,21.0,1.0,0.0,12.0,9.0,0.84,1.1,9.0,12.0,39.0,49.0,23.0,45.0,6.0,10.0,0.0,0.0,0.0,0.0,5.0,2.0,2.63,1.38,1.63,0.38,1.0,0.0,2025-10-24,13.0,https://www.flashscore.pl/mecz/pilka-nozna/nieciecza-YNkK4khO/zaglebie-lubin-tlYOere0/szczegoly/statystyki/?mid=dYCjUVKN,dYCjUVKN,332.0,406.0,270.0,340.0,32.0,65.0,25.0,57.0,83.0,122.0,36.0,69.0,7.0,26.0,9.0,17.0,4.0,12.0,7.0,13.0,BBT 1-1 ZAG | Bruk-Bet T.,Zagłębie Lubin,BBT,ZAG
2454,LEG,LPO,0,0,2025-10-26,48.1,51.9,13.0,12.0,4.0,2.0,2.0,6.0,7.0,4.0,8.0,5.0,16.0,13.0,1.0,4.0,1.0,2.0,0.0,0.0,0.0,0.0,29.0,19.0,7.0,7.0,5.0,4.0,409.0,450.0,343.0,381.0,13,0.6,0.58,48.0,52.0,14.0,12.0,4.0,2.0,0.0,0.0,8.0,5.0,1.0,2.0,0.45,0.21,7.0,5.0,3.0,5.0,7.0,9.0,7.0,3.0,19.0,22.0,1.0,5.0,13.0,16.0,0.73,0.74,16.0,13.0,46.0,47.0,23.0,31.0,9.0,6.0,1.0,0.0,0.0,0.0,3.0,4.0,0.21,0.45,0.21,0.45,0.0,0.0,2025-10-26,13.0,https://www.flashscore.pl/mecz/pilka-nozna/lech-poznan-OpNH7Ouf/legia-warszawa-K6kUepBs/szczegoly/statystyki/?mid=t6lNO9ro,t6lNO9ro,343.0,409.0,382.0,452.0,23.0,53.0,25.0,45.0,80.0,108.0,102.0,143.0,7.0,29.0,6.0,16.0,5.0,19.0,6.0,9.0,LEG 0-0 LEC | Legia Warszawa,Lech Poznań,LEG,LPO
2455,MOT,WID,3,0,2025-10-24,45.5,54.5,16.0,13.0,5.0,4.0,7.0,3.0,4.0,6.0,5.0,4.0,8.0,12.0,6.0,1.0,1.0,2.0,0.0,0.0,0.0,0.0,15.0,25.0,5.0,4.0,18.0,11.0,345.0,406.0,287.0,362.0,13,2.4,0.59,46.0,54.0,16.0,13.0,5.0,4.0,5.0,1.0,5.0,4.0,1.0,3.0,1.78,0.3,5.0,6.0,6.0,3.0,13.0,6.0,3.0,7.0,26.0,16.0,6.0,1.0,12.0,8.0,1.48,0.64,8.0,12.0,53.0,38.0,23.0,11.0,11.0,9.0,1.0,1.0,0.0,0.0,4.0,2.0,0.3,1.78,0.3,-1.22,0.0,0.0,2025-10-24,13.0,https://www.flashscore.pl/mecz/pilka-nozna/motor-lublin-IoLk2VlL/widzew-lodz-rNOIW3uC/szczegoly/statystyki/?mid=8Ct9nDzh,8Ct9nDzh,288.0,347.0,363.0,407.0,12.0,31.0,16.0,27.0,62.0,88.0,91.0,113.0,5.0,15.0,4.0,25.0,19.0,29.0,9.0,18.0,MOT 3-0 WID | Motor Lublin,Widzew Łódź,MOT,WID
2456,GÓR,JAG,2,1,2025-10-26,41.4,58.6,22.0,15.0,6.0,3.0,7.0,7.0,9.0,5.0,5.0,4.0,8.0,6.0,1.0,1.0,0.0,1.0,0.0,0.0,0.0,0.0,16.0,12.0,4.0,3.0,7.0,12.0,412.0,595.0,361.0,527.0,13,,,,,,,,,,,,,,,,,,,,,,,,,,,,,,,,,,,,,,,,,,,,,,,,,,,,,,,,,,,,,,,,,,,,,,,,,,,,,,,,
2457,RAD,WPŁ,1,1,2025-10-27,54.8,45.2,19.0,8.0,2.0,3.0,6.0,3.0,11.0,2.0,4.0,5.0,16.0,13.0,2.0,1.0,1.0,1.0,0.0,0.0,0.0,0.0,25.0,29.0,6.0,3.0,4.0,2.0,427.0,344.0,363.0,278.0,13,,,,,,,,,,,,,,,,,,,,,,,,,,,,,,,,,,,,,,,,,,,,,,,,,,,,,,,,,,,,,,,,,,,,,,,,,,,,,,,,
2458,POG,CRA,2,1,2025-10-25,56.2,43.8,11.0,17.0,3.0,7.0,3.0,5.0,5.0,5.0,8.0,3.0,10.0,13.0,2.0,0.0,2.0,4.0,0.0,0.0,0.0,0.0,23.0,23.0,4.0,6.0,10.0,6.0,450.0,349.0,345.0,253.0,13,1.14,2.27,56.0,44.0,11.0,17.0,3.0,7.0,3.0,3.0,8.0,3.0,2.0,4.0,0.82,1.49,5.0,5.0,3.0,5.0,9.0,12.0,2.0,5.0,20.0,33.0,2.0,0.0,13.0,10.0,0.74,1.21,10.0,13.0,51.0,60.0,38.0,41.0,5.0,8.0,1.0,0.0,0.0,0.0,6.0,1.0,1.49,0.82,0.49,-1.18,0.0,0.0,2025-10-25,13.0,https://www.flashscore.pl/mecz/pilka-nozna/cracovia-KvXSf2A6/pogon-szczecin-Um9YwPQ0/szczegoly/statystyki/?mid=tvSkQMJk,tvSkQMJk,347.0,449.0,254.0,354.0,29.0,75.0,19.0,53.0,49.0,100.0,86.0,140.0,5.0,24.0,5.0,22.0,10.0,15.0,5.0,13.0,POG 2-1 CRA | Pogoń Szczecin,Cracovia,POG,CRA
2459,GKS,KOR,1,0,2025-10-25,40.3,59.7,14.0,14.0,4.0,3.0,5.0,6.0,5.0,5.0,3.0,3.0,16.0,8.0,2.0,1.0,4.0,3.0,0.0,0.0,0.0,0.0,12.0,18.0,5.0,2.0,11.0,3.0,276.0,407.0,189.0,314.0,13,1.11,1.73,40.0,60.0,14.0,14.0,4.0,3.0,2.0,2.0,3.0,3.0,4.0,3.0,1.19,0.04,5.0,4.0,5.0,7.0,9.0,10.0,5.0,4.0,17.0,33.0,2.0,1.0,8.0,16.0,0.81,1.54,16.0,8.0,54.0,51.0,55.0,20.0,7.0,4.0,1.0,0.0,0.0,0.0,1.0,3.0,0.04,1.19,0.04,0.19,0.0,0.0,2025-10-25,13.0,https://www.flashscore.pl/mecz/pilka-nozna/gks-katowice-K4AgRmS1/korona-kielce-pp78XcbA/szczegoly/statystyki/?mid=l4VcO0l2,l4VcO0l2,189.0,276.0,318.0,407.0,19.0,53.0,30.0,65.0,48.0,79.0,77.0,123.0,4.0,12.0,3.0,18.0,11.0,19.0,5.0,12.0,KAT 1-0 KOR | GKS Katowice,Korona Kielce,GKS,KOR
2460,RCZ,LGD,2,1,2025-10-26,42.5,57.5,10.0,10.0,4.0,5.0,2.0,1.0,4.0,4.0,4.0,4.0,3.0,17.0,4.0,0.0,1.0,3.0,0.0,0.0,0.0,0.0,18.0,22.0,4.0,2.0,11.0,12.0,312.0,428.0,246.0,347.0,13,,,,,,,,,,,,,,,,,,,,,,,,,,,,,,,,,,,,,,,,,,,,,,,,,,,,,,,,,,,,,,,,,,,,,,,,,,,,,,,,
2461,WPŁ,POG,2,0,2025-11-03,31.7,68.3,15.0,22.0,5.0,9.0,4.0,5.0,6.0,8.0,6.0,8.0,5.0,7.0,0.0,1.0,1.0,1.0,0.0,0.0,0.0,0.0,22.0,38.0,6.0,7.0,5.0,7.0,280.0,628.0,197.0,554.0,14,,,,,,,,,,,,,,,,,,,,,,,,,,,,,,,,,,,,,,,,,,,,,,,,,,,,,,,,,,,,,,,,,,,,,,,,,,,,,,,,
2462,BBT,GKS,0,3,2025-10-31,65.6,34.4,18.0,11.0,7.0,7.0,5.0,1.0,6.0,3.0,7.0,2.0,13.0,18.0,1.0,4.0,1.0,2.0,0.0,0.0,0.0,0.0,37.0,5.0,7.0,0.0,5.0,10.0,507.0,277.0,425.0,201.0,14,1.64,2.48,66.0,34.0,18.0,11.0,7.0,7.0,5.0,3.0,7.0,2.0,1.0,2.0,1.11,2.76,6.0,3.0,5.0,1.0,12.0,6.0,6.0,5.0,27.0,18.0,1.0,4.0,18.0,13.0,2.02,0.65,13.0,18.0,59.0,52.0,13.0,35.0,13.0,6.0,0.0,1.0,0.0,0.0,4.0,6.0,2.76,1.11,-0.24,1.11,0.0,0.0,2025-10-31,14.0,https://www.flashscore.pl/mecz/pilka-nozna/gks-katowice-K4AgRmS1/nieciecza-YNkK4khO/szczegoly/statystyki/?mid=fshPvMYr,fshPvMYr,425.0,507.0,201.0,277.0,30.0,57.0,18.0,55.0,123.0,160.0,36.0,66.0,7.0,37.0,0.0,5.0,5.0,8.0,10.0,17.0,BBT 0-3 KAT | Bruk-Bet T.,GKS Katowice,BBT,GKS
2463,LGD,RAD,1,2,2025-11-03,47.0,53.0,14.0,11.0,4.0,5.0,5.0,4.0,5.0,2.0,8.0,4.0,11.0,12.0,2.0,1.0,2.0,4.0,0.0,0.0,0.0,0.0,30.0,12.0,7.0,3.0,7.0,10.0,338.0,404.0,257.0,321.0,14,1.4,1.37,47.0,53.0,14.0,11.0,4.0,5.0,3.0,2.0,8.0,4.0,2.0,4.0,0.87,1.61,5.0,2.0,5.0,4.0,10.0,7.0,4.0,4.0,30.0,19.0,2.0,1.0,12.0,11.0,1.52,0.46,11.0,12.0,57.0,72.0,23.0,50.0,13.0,9.0,0.0,0.0,0.0,0.0,3.0,3.0,1.61,0.87,-0.39,-0.13,0.0,0.0,2025-11-03,14.0,https://www.flashscore.pl/mecz/pilka-nozna/lechia-gdansk-GGLmkiK8/radomiak-radom-zD5nYhAT/szczegoly/statystyki/?mid=SfjXx03e,SfjXx03e,257.0,338.0,321.0,404.0,16.0,43.0,23.0,50.0,65.0,100.0,56.0,91.0,7.0,30.0,3.0,12.0,7.0,18.0,10.0,17.0,GDA 1-2 RAD | Lechia Gdańsk,Radomiak Radom,LGD,RAD
2464,GÓR,ARK,5,1,2025-11-02,52.8,47.2,29.0,8.0,11.0,2.0,8.0,1.0,10.0,5.0,10.0,2.0,9.0,10.0,0.0,1.0,1.0,3.0,0.0,0.0,0.0,0.0,13.0,10.0,3.0,2.0,4.0,4.0,400.0,359.0,349.0,302.0,14,,,,,,,,,,,,,,,,,,,,,,,,,,,,,,,,,,,,,,,,,,,,,,,,,,,,,,,,,,,,,,,,,,,,,,,,,,,,,,,,
2465,CRA,ZAG,0,0,2025-11-03,68.2,31.8,14.0,8.0,3.0,3.0,3.0,0.0,8.0,5.0,2.0,0.0,11.0,11.0,3.0,0.0,0.0,0.0,0.0,0.0,0.0,0.0,30.0,7.0,7.0,2.0,8.0,17.0,638.0,300.0,540.0,202.0,14,1.3,0.22,68.0,32.0,14.0,8.0,3.0,3.0,2.0,0.0,2.0,0.0,0.0,0.0,1.68,0.23,8.0,5.0,3.0,0.0,8.0,5.0,6.0,3.0,24.0,14.0,3.0,0.0,11.0,11.0,1.48,0.24,11.0,11.0,65.0,57.0,28.0,40.0,10.0,14.0,0.0,0.0,0.0,0.0,3.0,3.0,0.23,1.68,0.23,1.68,0.0,0.0,2025-11-03,14.0,https://www.flashscore.pl/mecz/pilka-nozna/cracovia-KvXSf2A6/zaglebie-lubin-tlYOere0/szczegoly/statystyki/?mid=jTySbsQE,jTySbsQE,544.0,644.0,201.0,299.0,21.0,49.0,29.0,74.0,129.0,181.0,34.0,82.0,7.0,30.0,2.0,7.0,10.0,16.0,18.0,22.0,CRA 0-0 ZAG | Cracovia,Zagłębie Lubin,CRA,ZAG
2466,LPO,MOT,2,2,2025-11-02,59.6,40.4,18.0,8.0,3.0,2.0,7.0,1.0,8.0,5.0,6.0,2.0,10.0,15.0,1.0,2.0,2.0,1.0,0.0,0.0,0.0,0.0,30.0,12.0,5.0,2.0,10.0,13.0,562.0,380.0,474.0,311.0,14,1.17,0.89,59.0,41.0,19.0,8.0,4.0,2.0,0.0,1.0,6.0,2.0,2.0,1.0,1.38,0.65,8.0,5.0,7.0,1.0,9.0,7.0,10.0,1.0,45.0,16.0,1.0,2.0,15.0,10.0,1.55,1.12,10.0,15.0,49.0,43.0,12.0,51.0,11.0,12.0,1.0,0.0,0.0,0.0,1.0,1.0,0.65,1.38,-0.35,-0.62,0.0,0.0,2025-11-02,14.0,https://www.flashscore.pl/mecz/pilka-nozna/lech-poznan-OpNH7Ouf/motor-lublin-IoLk2VlL/szczegoly/statystyki/?mid=CrQzcLfR,CrQzcLfR,475.0,563.0,314.0,383.0,29.0,47.0,13.0,41.0,181.0,240.0,40.0,60.0,4.0,29.0,2.0,12.0,10.0,13.0,13.0,21.0,LEC 2-2 MOT | Lech Poznań,Motor Lublin,LPO,MOT
2467,JAG,RCZ,1,2,2025-11-02,67.0,33.0,26.0,10.0,6.0,5.0,11.0,2.0,9.0,3.0,5.0,4.0,19.0,17.0,0.0,1.0,5.0,2.0,0.0,0.0,0.0,0.0,23.0,11.0,11.0,6.0,6.0,7.0,500.0,249.0,418.0,179.0,14,2.04,1.21,67.0,33.0,26.0,11.0,6.0,5.0,3.0,1.0,5.0,4.0,5.0,2.0,1.68,1.89,10.0,3.0,10.0,3.0,17.0,7.0,9.0,4.0,38.0,30.0,0.0,1.0,17.0,19.0,1.79,1.03,19.0,17.0,55.0,56.0,17.0,28.0,2.0,14.0,1.0,0.0,0.0,0.0,3.0,5.0,1.89,1.68,-0.11,0.68,0.0,0.0,2025-11-02,14.0,https://www.flashscore.pl/mecz/pilka-nozna/jagiellonia-bialystok-lIDaZJTc/rakow-czestochowa-SQOrbYim/szczegoly/statystyki/?mid=MHB6iaIl,MHB6iaIl,420.0,502.0,178.0,248.0,23.0,39.0,27.0,60.0,127.0,167.0,58.0,100.0,10.0,22.0,5.0,10.0,6.0,15.0,8.0,12.0,JAG 1-2 RAK | Jagiellonia Białystok,Raków Częstochowa,JAG,RCZ
2468,PIA,KOR,0,0,2025-10-31,49.2,50.8,10.0,20.0,2.0,4.0,2.0,5.0,6.0,11.0,7.0,9.0,13.0,8.0,0.0,1.0,2.0,1.0,1.0,0.0,0.0,0.0,26.0,21.0,5.0,5.0,11.0,7.0,387.0,406.0,290.0,317.0,14,0.59,1.24,49.0,51.0,10.0,20.0,2.0,4.0,0.0,0.0,7.0,9.0,2.0,1.0,0.12,0.78,6.0,10.0,2.0,6.0,7.0,12.0,3.0,8.0,26.0,26.0,0.0,1.0,8.0,13.0,0.6,0.86,13.0,8.0,50.0,51.0,29.0,52.0,13.0,8.0,1.0,0.0,0.0,0.0,4.0,2.0,0.78,0.12,0.78,0.12,0.0,1.0,2025-10-31,14.0,https://www.flashscore.pl/mecz/pilka-nozna/korona-kielce-pp78XcbA/piast-gliwice-ve2oT9ck/szczegoly/statystyki/?mid=Iq5Fkwm1,Iq5Fkwm1,289.0,385.0,320.0,410.0,23.0,59.0,27.0,54.0,63.0,102.0,83.0,122.0,5.0,26.0,5.0,21.0,11.0,17.0,7.0,14.0,PIA 0-0 KOR | Piast Gliwice,Korona Kielce,PIA,KOR
2469,WID,LEG,1,1,2025-11-02,41.6,58.4,10.0,20.0,3.0,3.0,5.0,11.0,2.0,6.0,3.0,8.0,10.0,13.0,3.0,0.0,3.0,3.0,0.0,0.0,0.0,0.0,9.0,33.0,0.0,4.0,10.0,13.0,329.0,442.0,274.0,391.0,14,1.4,1.74,42.0,58.0,10.0,20.0,3.0,3.0,2.0,3.0,3.0,8.0,3.0,3.0,1.05,1.01,2.0,6.0,5.0,11.0,8.0,11.0,2.0,9.0,21.0,42.0,3.0,0.0,13.0,10.0,0.83,1.32,10.0,13.0,48.0,48.0,40.0,25.0,7.0,7.0,1.0,1.0,0.0,0.0,3.0,2.0,1.01,1.05,0.01,0.05,0.0,0.0,2025-11-02,14.0,https://www.flashscore.pl/mecz/pilka-nozna/legia-warszawa-K6kUepBs/widzew-lodz-rNOIW3uC/szczegoly/statystyki/?mid=8YX7eTzK,8YX7eTzK,274.0,329.0,391.0,442.0,15.0,45.0,16.0,31.0,47.0,78.0,148.0,183.0,0.0,9.0,4.0,33.0,10.0,18.0,13.0,18.0,WID 1-1 LEG | Widzew Łódź,Legia Warszawa,WID,LEG
2470,ARK,LPO,3,1,2025-11-09,44.3,55.7,19.0,13.0,7.0,6.0,5.0,4.0,7.0,3.0,3.0,3.0,19.0,16.0,2.0,1.0,3.0,3.0,0.0,1.0,0.0,1.0,20.0,12.0,10.0,2.0,12.0,8.0,353.0,454.0,303.0,384.0,15,2.08,2.05,44.0,56.0,19.0,13.0,7.0,6.0,3.0,3.0,3.0,3.0,3.0,3.0,2.51,2.39,7.0,3.0,5.0,4.0,14.0,9.0,5.0,4.0,33.0,30.0,2.0,1.0,16.0,19.0,0.97,2.18,19.0,16.0,46.0,50.0,25.0,26.0,9.0,4.0,2.0,0.0,0.0,0.0,5.0,4.0,2.39,2.51,1.39,-0.49,1.0,0.0,2025-11-09,15.0,https://www.flashscore.pl/mecz/pilka-nozna/arka-gdynia-feEez0Ei/lech-poznan-OpNH7Ouf/szczegoly/statystyki/?mid=Obwwj7bs,Obwwj7bs,305.0,354.0,385.0,457.0,25.0,46.0,24.0,47.0,87.0,116.0,79.0,107.0,10.0,21.0,3.0,12.0,11.0,16.0,8.0,16.0,ARK 3-1 LEC | Arka Gdynia,Lech Poznań,ARK,LPO
2471,LEG,BBT,1,2,2025-11-09,70.3,29.7,23.0,13.0,6.0,7.0,6.0,3.0,11.0,3.0,11.0,2.0,13.0,17.0,2.0,3.0,1.0,4.0,0.0,0.0,0.0,0.0,42.0,11.0,12.0,1.0,11.0,12.0,614.0,264.0,529.0,191.0,15,0.95,1.29,70.0,30.0,23.0,13.0,7.0,7.0,2.0,4.0,11.0,2.0,1.0,4.0,1.18,1.88,10.0,3.0,6.0,3.0,13.0,5.0,10.0,8.0,37.0,9.0,2.0,3.0,17.0,13.0,1.39,0.54,13.0,17.0,66.0,53.0,16.0,57.0,7.0,8.0,0.0,0.0,0.0,0.0,4.0,6.0,1.88,1.18,-0.12,0.18,0.0,0.0,2025-11-09,15.0,https://www.flashscore.pl/mecz/pilka-nozna/legia-warszawa-K6kUepBs/nieciecza-YNkK4khO/szczegoly/statystyki/?mid=pERoloTg,pERoloTg,530.0,618.0,190.0,267.0,22.0,44.0,20.0,53.0,168.0,223.0,35.0,62.0,11.0,40.0,1.0,11.0,10.0,19.0,12.0,20.0,LEG 1-2 BBT | Legia Warszawa,Bruk-Bet T.,LEG,BBT
2472,LGD,WID,2,1,2025-11-08,51.6,48.4,14.0,9.0,3.0,3.0,7.0,1.0,4.0,5.0,5.0,3.0,14.0,11.0,2.0,1.0,2.0,4.0,0.0,0.0,0.0,0.0,20.0,5.0,8.0,1.0,14.0,9.0,396.0,383.0,329.0,301.0,15,1.16,1.45,52.0,48.0,14.0,9.0,3.0,3.0,4.0,2.0,5.0,3.0,2.0,4.0,0.76,0.66,4.0,5.0,7.0,1.0,10.0,6.0,4.0,3.0,42.0,18.0,2.0,1.0,11.0,14.0,1.35,0.34,14.0,11.0,58.0,49.0,22.0,34.0,5.0,4.0,0.0,1.0,0.0,1.0,1.0,1.0,0.66,0.76,-0.34,-1.24,0.0,0.0,2025-11-08,15.0,https://www.flashscore.pl/mecz/pilka-nozna/lechia-gdansk-GGLmkiK8/widzew-lodz-rNOIW3uC/szczegoly/statystyki/?mid=hvVgnPc6,hvVgnPc6,331.0,396.0,302.0,382.0,17.0,36.0,27.0,57.0,104.0,135.0,48.0,90.0,9.0,21.0,1.0,5.0,13.0,25.0,10.0,16.0,GDA 2-1 WID | Lechia Gdańsk,Widzew Łódź,LGD,WID
2473,MOT,WPŁ,1,1,2025-11-08,63.8,36.2,14.0,10.0,4.0,2.0,3.0,2.0,7.0,6.0,5.0,1.0,18.0,14.0,2.0,0.0,3.0,6.0,0.0,0.0,0.0,0.0,24.0,19.0,6.0,4.0,10.0,7.0,540.0,300.0,472.0,230.0,15,,,,,,,,,,,,,,,,,,,,,,,,,,,,,,,,,,,,,,,,,,,,,,,,,,,,,,,,,,,,,,,,,,,,,,,,,,,,,,,,
2474,ZAG,GÓR,2,0,2025-11-07,30.3,69.7,6.0,15.0,3.0,2.0,0.0,7.0,3.0,6.0,1.0,12.0,12.0,12.0,1.0,1.0,5.0,1.0,0.0,0.0,0.0,0.0,10.0,37.0,1.0,7.0,17.0,7.0,221.0,505.0,142.0,420.0,15,,,,,,,,,,,,,,,,,,,,,,,,,,,,,,,,,,,,,,,,,,,,,,,,,,,,,,,,,,,,,,,,,,,,,,,,,,,,,,,,
2475,RAD,CRA,3,0,2025-11-07,50.9,49.1,12.0,4.0,8.0,2.0,1.0,1.0,3.0,1.0,5.0,3.0,12.0,17.0,1.0,2.0,2.0,3.0,0.0,0.0,0.0,0.0,17.0,16.0,7.0,3.0,11.0,12.0,453.0,439.0,384.0,360.0,15,1.89,0.52,51.0,49.0,12.0,5.0,8.0,2.0,4.0,1.0,5.0,3.0,2.0,3.0,2.49,0.54,3.0,2.0,1.0,1.0,7.0,3.0,5.0,2.0,17.0,12.0,1.0,2.0,17.0,12.0,0.98,0.53,12.0,17.0,59.0,51.0,25.0,23.0,9.0,7.0,0.0,0.0,0.0,0.0,1.0,5.0,0.54,2.49,0.54,-0.51,0.0,0.0,2025-11-07,15.0,https://www.flashscore.pl/mecz/pilka-nozna/cracovia-KvXSf2A6/radomiak-radom-zD5nYhAT/szczegoly/statystyki/?mid=OKED2prm,OKED2prm,388.0,459.0,357.0,437.0,30.0,57.0,20.0,44.0,69.0,101.0,78.0,118.0,7.0,17.0,3.0,16.0,11.0,13.0,11.0,21.0,RAD 3-0 CRA | Radomiak Radom,Cracovia,RAD,CRA
2476,POG,JAG,1,2,2025-11-09,39.4,60.6,35.0,11.0,10.0,5.0,13.0,3.0,12.0,3.0,10.0,1.0,8.0,9.0,0.0,1.0,2.0,1.0,0.0,0.0,0.0,0.0,27.0,10.0,11.0,1.0,9.0,11.0,308.0,505.0,220.0,424.0,15,3.69,1.45,39.0,61.0,33.0,11.0,9.0,5.0,5.0,2.0,10.0,1.0,2.0,1.0,3.79,1.67,11.0,3.0,13.0,3.0,25.0,7.0,8.0,4.0,69.0,14.0,0.0,1.0,9.0,9.0,2.12,0.37,9.0,9.0,41.0,43.0,23.0,45.0,13.0,11.0,0.0,0.0,0.0,0.0,3.0,8.0,1.67,3.79,-0.33,2.79,0.0,0.0,2025-11-09,15.0,https://www.flashscore.pl/mecz/pilka-nozna/jagiellonia-bialystok-lIDaZJTc/pogon-szczecin-Um9YwPQ0/szczegoly/statystyki/?mid=WpIL0OCa,WpIL0OCa,220.0,312.0,435.0,513.0,19.0,43.0,16.0,37.0,75.0,126.0,76.0,105.0,10.0,26.0,1.0,10.0,9.0,12.0,9.0,11.0,POG 1-2 JAG | Pogoń Szczecin,Jagiellonia Białystok,POG,JAG
2477,KOR,RCZ,1,4,2025-11-09,48.6,51.4,12.0,7.0,2.0,5.0,4.0,0.0,6.0,2.0,5.0,0.0,15.0,9.0,2.0,0.0,3.0,2.0,0.0,0.0,0.0,0.0,22.0,5.0,4.0,1.0,15.0,15.0,416.0,455.0,320.0,364.0,15,1.23,3.08,49.0,51.0,12.0,7.0,2.0,5.0,2.0,6.0,5.0,0.0,4.0,2.0,0.61,2.83,7.0,2.0,3.0,0.0,10.0,7.0,2.0,0.0,23.0,13.0,2.0,0.0,9.0,15.0,1.04,0.98,15.0,9.0,55.0,57.0,11.0,39.0,12.0,5.0,1.0,0.0,0.0,0.0,1.0,1.0,2.83,0.61,-1.17,-0.39,0.0,0.0,2025-11-09,15.0,https://www.flashscore.pl/mecz/pilka-nozna/korona-kielce-pp78XcbA/rakow-czestochowa-SQOrbYim/szczegoly/statystyki/?mid=h06Ub2sC,h06Ub2sC,321.0,421.0,361.0,451.0,25.0,54.0,14.0,53.0,87.0,144.0,40.0,69.0,4.0,21.0,1.0,5.0,11.0,14.0,13.0,21.0,KOR 1-4 RAK | Korona Kielce,Raków Częstochowa,KOR,RCZ
2478,GKS,PIA,1,3,2025-11-08,54.4,45.6,9.0,17.0,3.0,6.0,1.0,7.0,5.0,4.0,3.0,3.0,10.0,16.0,2.0,0.0,2.0,2.0,0.0,0.0,0.0,0.0,16.0,15.0,4.0,8.0,8.0,5.0,474.0,400.0,376.0,302.0,15,0.87,1.57,54.0,46.0,9.0,17.0,3.0,6.0,2.0,1.0,3.0,3.0,2.0,2.0,0.98,1.68,5.0,4.0,1.0,7.0,6.0,11.0,3.0,6.0,16.0,29.0,2.0,0.0,16.0,10.0,1.55,0.87,10.0,16.0,46.0,36.0,20.0,41.0,5.0,9.0,1.0,0.0,0.0,0.0,5.0,2.0,1.68,0.98,-0.32,-0.02,0.0,0.0,2025-11-08,15.0,https://www.flashscore.pl/mecz/pilka-nozna/gks-katowice-K4AgRmS1/piast-gliwice-ve2oT9ck/szczegoly/statystyki/?mid=baY1tfRp,baY1tfRp,375.0,465.0,308.0,400.0,16.0,53.0,30.0,68.0,59.0,108.0,68.0,104.0,3.0,16.0,8.0,15.0,8.0,13.0,7.0,8.0,KAT 1-3 PIA | GKS Katowice,Piast Gliwice,GKS,PIA
2479,BBT,ARK,2,0,2025-11-21,50.9,49.1,7.0,11.0,4.0,2.0,2.0,4.0,1.0,5.0,1.0,2.0,12.0,20.0,0.0,4.0,3.0,4.0,0.0,1.0,0.0,0.0,10.0,15.0,5.0,6.0,9.0,9.0,421.0,397.0,320.0,317.0,16,0.76,0.83,51.0,49.0,7.0,11.0,4.0,2.0,2.0,0.0,1.0,2.0,3.0,4.0,1.63,0.39,1.0,5.0,2.0,4.0,2.0,9.0,5.0,2.0,16.0,25.0,0.0,4.0,20.0,12.0,0.91,0.9,12.0,20.0,55.0,53.0,27.0,20.0,7.0,6.0,0.0,0.0,0.0,0.0,1.0,2.0,0.39,1.63,0.39,-0.37,1.0,0.0,2025-11-21,16.0,https://www.flashscore.pl/mecz/pilka-nozna/arka-gdynia-feEez0Ei/nieciecza-YNkK4khO/szczegoly/statystyki/?mid=CvGl4cJi,CvGl4cJi,320.0,415.0,316.0,397.0,16.0,52.0,16.0,54.0,57.0,98.0,59.0,90.0,5.0,11.0,6.0,16.0,8.0,16.0,8.0,14.0,BBT 2-0 ARK | Bruk-Bet T.,Arka Gdynia,BBT,ARK
2480,LEG,LGD,2,2,2025-11-22,53.5,46.5,13.0,16.0,3.0,5.0,6.0,6.0,4.0,5.0,6.0,2.0,12.0,2.0,0.0,1.0,4.0,0.0,0.0,0.0,0.0,0.0,23.0,17.0,6.0,3.0,12.0,15.0,462.0,408.0,363.0,309.0,16,0.83,1.89,53.0,47.0,13.0,17.0,3.0,5.0,1.0,3.0,6.0,2.0,4.0,0.0,0.79,2.06,4.0,5.0,6.0,7.0,5.0,13.0,8.0,4.0,21.0,26.0,0.0,1.0,2.0,12.0,1.53,1.39,12.0,2.0,43.0,61.0,23.0,30.0,10.0,12.0,0.0,0.0,0.0,1.0,3.0,1.0,2.06,0.79,0.06,-1.21,0.0,0.0,2025-11-22,16.0,https://www.flashscore.pl/mecz/pilka-nozna/lechia-gdansk-GGLmkiK8/legia-warszawa-K6kUepBs/szczegoly/statystyki/?mid=phEd2yl4,phEd2yl4,362.0,464.0,313.0,413.0,22.0,50.0,24.0,55.0,108.0,157.0,74.0,106.0,6.0,22.0,4.0,16.0,13.0,19.0,10.0,24.0,LEG 2-2 GDA | Legia Warszawa,Lechia Gdańsk,LEG,LGD
2481,GÓR,WPŁ,1,1,2025-11-21,58.5,41.5,17.0,7.0,3.0,1.0,5.0,4.0,9.0,2.0,4.0,1.0,12.0,10.0,2.0,0.0,1.0,3.0,0.0,0.0,0.0,0.0,33.0,11.0,7.0,2.0,10.0,10.0,491.0,356.0,426.0,282.0,16,,,,,,,,,,,,,,,,,,,,,,,,,,,,,,,,,,,,,,,,,,,,,,,,,,,,,,,,,,,,,,,,,,,,,,,,,,,,,,,,
2482,POG,ZAG,5,1,2025-11-24,51.3,48.7,14.0,15.0,6.0,5.0,4.0,4.0,4.0,6.0,4.0,2.0,13.0,9.0,0.0,2.0,2.0,1.0,0.0,0.0,0.0,0.0,10.0,20.0,4.0,3.0,5.0,4.0,360.0,333.0,270.0,231.0,16,2.41,1.19,51.0,49.0,14.0,14.0,6.0,5.0,5.0,3.0,4.0,2.0,2.0,1.0,2.51,1.49,4.0,5.0,4.0,4.0,10.0,6.0,4.0,8.0,21.0,19.0,0.0,2.0,9.0,13.0,0.73,1.23,13.0,9.0,50.0,45.0,43.0,16.0,4.0,7.0,1.0,0.0,0.0,1.0,4.0,0.0,1.49,2.51,0.49,-2.49,0.0,0.0,2025-11-24,16.0,https://www.flashscore.pl/mecz/pilka-nozna/pogon-szczecin-Um9YwPQ0/zaglebie-lubin-tlYOere0/szczegoly/statystyki/?mid=lpBDbgmT,lpBDbgmT,271.0,361.0,235.0,335.0,22.0,54.0,22.0,55.0,59.0,93.0,50.0,98.0,4.0,10.0,3.0,20.0,5.0,11.0,4.0,10.0,POG 5-1 ZAG | Pogoń Szczecin,Zagłębie Lubin,POG,ZAG
2483,CRA,MOT,1,2,2025-11-22,57.2,42.8,8.0,6.0,2.0,5.0,2.0,1.0,4.0,0.0,4.0,7.0,16.0,15.0,2.0,1.0,3.0,1.0,0.0,0.0,0.0,0.0,19.0,18.0,2.0,3.0,11.0,7.0,537.0,396.0,456.0,311.0,16,0.43,0.32,57.0,43.0,8.0,6.0,2.0,5.0,0.0,1.0,4.0,7.0,3.0,1.0,0.27,1.43,4.0,0.0,2.0,1.0,3.0,4.0,5.0,2.0,13.0,17.0,2.0,1.0,15.0,16.0,0.84,0.54,16.0,15.0,50.0,45.0,31.0,30.0,12.0,8.0,0.0,0.0,0.0,0.0,3.0,1.0,1.43,0.27,-0.57,-0.73,0.0,0.0,2025-11-22,16.0,https://www.flashscore.pl/mecz/pilka-nozna/cracovia-KvXSf2A6/motor-lublin-IoLk2VlL/szczegoly/statystyki/?mid=YHnpgXAj,YHnpgXAj,454.0,538.0,311.0,396.0,28.0,47.0,24.0,50.0,129.0,170.0,58.0,91.0,2.0,19.0,3.0,18.0,9.0,14.0,6.0,14.0,CRA 1-2 MOT | Cracovia,Motor Lublin,CRA,MOT
2484,LPO,RAD,4,1,2025-11-23,53.3,46.7,13.0,23.0,5.0,5.0,3.0,11.0,5.0,7.0,5.0,5.0,8.0,14.0,2.0,0.0,0.0,2.0,0.0,0.0,0.0,0.0,16.0,15.0,5.0,4.0,5.0,7.0,501.0,442.0,425.0,385.0,16,3.1,1.86,53.0,47.0,14.0,23.0,5.0,5.0,6.0,3.0,5.0,5.0,0.0,2.0,2.8,1.66,6.0,7.0,3.0,11.0,10.0,12.0,4.0,11.0,24.0,31.0,2.0,0.0,14.0,8.0,1.55,1.93,8.0,14.0,35.0,41.0,16.0,22.0,5.0,10.0,0.0,0.0,0.0,0.0,4.0,1.0,1.66,2.8,0.66,-1.2,0.0,0.0,2025-11-23,16.0,https://www.flashscore.pl/mecz/pilka-nozna/lech-poznan-OpNH7Ouf/radomiak-radom-zD5nYhAT/szczegoly/statystyki/?mid=QPlVGz3c,QPlVGz3c,422.0,497.0,384.0,440.0,27.0,50.0,23.0,47.0,73.0,101.0,91.0,113.0,4.0,16.0,5.0,15.0,5.0,12.0,11.0,16.0,LEC 4-1 RAD | Lech Poznań,Radomiak Radom,LPO,RAD
2485,RCZ,PIA,1,3,2025-11-22,57.9,42.1,12.0,13.0,3.0,5.0,4.0,3.0,5.0,5.0,3.0,2.0,5.0,11.0,1.0,1.0,0.0,2.0,0.0,0.0,0.0,0.0,15.0,13.0,3.0,2.0,5.0,12.0,515.0,368.0,412.0,276.0,16,,,,,,,,,,,,,,,,,,,,,,,,,,,,,,,,,,,,,,,,,,,,,,,,,,,,,,,,,,,,,,,,,,,,,,,,,,,,,,,,
2486,JAG,GKS,2,1,2026-02-04,51.4,48.6,18.0,13.0,5.0,4.0,5.0,6.0,8.0,3.0,5.0,1.0,15.0,16.0,3.0,1.0,5.0,2.0,0.0,0.0,0.0,0.0,19.0,19.0,8.0,6.0,14.0,4.0,452.0,424.0,368.0,352.0,16,1.51,0.81,51.0,49.0,18.0,13.0,5.0,4.0,2.0,0.0,5.0,1.0,5.0,2.0,1.73,0.3,8.0,3.0,5.0,6.0,11.0,10.0,7.0,3.0,34.0,21.0,3.0,1.0,16.0,15.0,1.14,0.64,15.0,16.0,51.0,41.0,30.0,22.0,11.0,9.0,2.0,0.0,0.0,0.0,3.0,2.0,0.3,1.73,-0.7,-0.27,0.0,0.0,2026-03-17,16.0,https://www.flashscore.pl/mecz/pilka-nozna/gks-katowice-K4AgRmS1/jagiellonia-bialystok-lIDaZJTc/szczegoly/statystyki/?mid=f5tnDh2M,f5tnDh2M,368.0,452.0,352.0,424.0,13.0,44.0,30.0,57.0,100.0,135.0,76.0,112.0,8.0,19.0,6.0,19.0,14.0,19.0,4.0,8.0,JAG 2-1 KAT | Jagiellonia Białystok,GKS Katowice,JAG,GKS
2487,WID,KOR,1,3,2025-11-23,56.6,43.4,22.0,13.0,5.0,5.0,9.0,3.0,8.0,5.0,5.0,4.0,9.0,9.0,1.0,2.0,6.0,4.0,1.0,0.0,1.0,0.0,15.0,17.0,3.0,4.0,6.0,2.0,395.0,294.0,314.0,225.0,16,1.45,2.2,56.0,44.0,23.0,13.0,5.0,5.0,2.0,3.0,5.0,4.0,6.0,4.0,1.51,1.8,9.0,5.0,9.0,3.0,12.0,10.0,11.0,3.0,23.0,21.0,1.0,2.0,9.0,9.0,0.64,1.02,9.0,9.0,39.0,37.0,23.0,25.0,10.0,7.0,1.0,2.0,0.0,0.0,1.0,4.0,1.8,1.51,-1.2,0.51,0.0,1.0,2025-11-23,16.0,https://www.flashscore.pl/mecz/pilka-nozna/korona-kielce-pp78XcbA/widzew-lodz-rNOIW3uC/szczegoly/statystyki/?mid=EkNI7WPq,EkNI7WPq,314.0,390.0,227.0,297.0,13.0,43.0,34.0,60.0,74.0,103.0,54.0,83.0,4.0,18.0,4.0,17.0,5.0,8.0,3.0,12.0,WID 1-3 KOR | Widzew Łódź,Korona Kielce,WID,KOR
2488,ARK,RCZ,1,4,2025-11-30,37.4,62.6,6.0,17.0,2.0,6.0,4.0,5.0,0.0,6.0,3.0,4.0,12.0,14.0,1.0,1.0,1.0,3.0,1.0,0.0,0.0,0.0,14.0,11.0,0.0,3.0,6.0,7.0,298.0,506.0,224.0,445.0,17,0.68,1.7,37.0,63.0,6.0,17.0,2.0,6.0,1.0,2.0,3.0,4.0,1.0,3.0,0.53,2.14,0.0,5.0,4.0,6.0,1.0,9.0,5.0,8.0,8.0,19.0,1.0,1.0,15.0,12.0,0.68,0.6,12.0,15.0,50.0,43.0,11.0,25.0,5.0,8.0,0.0,1.0,2.0,0.0,2.0,1.0,2.14,0.53,-1.86,-0.47,0.0,1.0,2025-11-30,17.0,https://www.flashscore.pl/mecz/pilka-nozna/arka-gdynia-feEez0Ei/rakow-czestochowa-SQOrbYim/szczegoly/statystyki/?mid=KnQQ5Afd,KnQQ5Afd,222.0,297.0,445.0,504.0,13.0,46.0,19.0,44.0,54.0,92.0,75.0,89.0,0.0,14.0,3.0,11.0,7.0,13.0,7.0,12.0,ARK 1-4 RAK | Arka Gdynia,Raków Częstochowa,ARK,RCZ
2489,WPŁ,LPO,0,0,2025-11-30,31.5,68.5,7.0,25.0,2.0,2.0,2.0,13.0,3.0,10.0,2.0,15.0,8.0,13.0,2.0,1.0,0.0,2.0,0.0,0.0,0.0,0.0,11.0,46.0,3.0,11.0,7.0,6.0,303.0,650.0,234.0,578.0,17,,,,,,,,,,,,,,,,,,,,,,,,,,,,,,,,,,,,,,,,,,,,,,,,,,,,,,,,,,,,,,,,,,,,,,,,,,,,,,,,
2490,LGD,BBT,5,1,2025-11-29,55.0,45.0,16.0,4.0,10.0,3.0,4.0,0.0,2.0,1.0,4.0,2.0,14.0,9.0,2.0,0.0,1.0,2.0,0.0,0.0,0.0,0.0,21.0,11.0,9.0,2.0,17.0,10.0,512.0,421.0,442.0,341.0,17,3.15,0.99,55.0,45.0,16.0,4.0,10.0,3.0,5.0,2.0,4.0,2.0,1.0,2.0,4.81,1.47,2.0,1.0,4.0,0.0,9.0,4.0,7.0,0.0,37.0,18.0,2.0,0.0,9.0,14.0,2.28,0.26,14.0,9.0,54.0,37.0,21.0,22.0,6.0,13.0,0.0,0.0,0.0,0.0,2.0,4.0,1.47,4.81,0.47,-0.19,0.0,0.0,2025-11-29,17.0,https://www.flashscore.pl/mecz/pilka-nozna/lechia-gdansk-GGLmkiK8/nieciecza-YNkK4khO/szczegoly/statystyki/?mid=886LRiHF,886LRiHF,443.0,513.0,338.0,421.0,19.0,31.0,20.0,50.0,115.0,157.0,67.0,104.0,8.0,21.0,2.0,10.0,19.0,22.0,8.0,15.0,GDA 5-1 BBT | Lechia Gdańsk,Bruk-Bet T.,LGD,BBT
2491,MOT,LEG,1,1,2025-12-01,48.9,51.1,4.0,14.0,1.0,4.0,3.0,4.0,0.0,6.0,5.0,1.0,9.0,22.0,2.0,0.0,0.0,3.0,0.0,0.0,0.0,0.0,16.0,18.0,1.0,4.0,16.0,12.0,419.0,438.0,342.0,371.0,17,0.85,2.41,49.0,51.0,4.0,14.0,1.0,4.0,1.0,3.0,5.0,1.0,0.0,3.0,0.93,1.21,0.0,6.0,3.0,4.0,3.0,6.0,1.0,8.0,12.0,20.0,2.0,0.0,22.0,9.0,0.38,1.42,9.0,22.0,62.0,52.0,21.0,27.0,13.0,7.0,0.0,1.0,0.0,0.0,2.0,1.0,1.21,0.93,0.21,-0.07,0.0,0.0,2025-12-01,17.0,https://www.flashscore.pl/mecz/pilka-nozna/legia-warszawa-K6kUepBs/motor-lublin-IoLk2VlL/szczegoly/statystyki/?mid=4z0UPVoS,4z0UPVoS,342.0,418.0,376.0,443.0,17.0,40.0,23.0,43.0,47.0,84.0,126.0,158.0,1.0,16.0,4.0,18.0,17.0,26.0,12.0,19.0,MOT 1-1 LEG | Motor Lublin,Legia Warszawa,MOT,LEG
2492,ZAG,JAG,0,0,2025-11-30,27.3,72.7,9.0,19.0,4.0,4.0,1.0,8.0,4.0,7.0,2.0,6.0,17.0,18.0,3.0,4.0,2.0,3.0,0.0,0.0,0.0,0.0,15.0,22.0,3.0,3.0,5.0,12.0,223.0,629.0,135.0,541.0,17,1.16,0.84,27.0,73.0,9.0,19.0,4.0,4.0,1.0,1.0,2.0,6.0,2.0,3.0,1.11,0.48,4.0,7.0,1.0,8.0,5.0,8.0,4.0,11.0,16.0,27.0,3.0,4.0,18.0,17.0,0.64,0.98,17.0,18.0,48.0,56.0,39.0,21.0,14.0,6.0,0.0,0.0,0.0,0.0,4.0,4.0,0.48,1.11,0.48,1.11,0.0,0.0,2025-11-30,17.0,https://www.flashscore.pl/mecz/pilka-nozna/jagiellonia-bialystok-lIDaZJTc/zaglebie-lubin-tlYOere0/szczegoly/statystyki/?mid=06o0K99k,06o0K99k,135.0,224.0,537.0,632.0,17.0,56.0,15.0,40.0,22.0,47.0,163.0,213.0,2.0,15.0,3.0,21.0,6.0,11.0,12.0,22.0,ZAG 0-0 JAG | Zagłębie Lubin,Jagiellonia Białystok,ZAG,JAG
2493,RAD,GÓR,4,0,2025-11-28,48.2,51.8,19.0,9.0,8.0,2.0,5.0,3.0,6.0,4.0,4.0,0.0,19.0,11.0,1.0,2.0,3.0,2.0,0.0,0.0,0.0,0.0,17.0,11.0,5.0,2.0,11.0,7.0,429.0,469.0,371.0,408.0,17,,,,,,,,,,,,,,,,,,,,,,,,,,,,,,,,,,,,,,,,,,,,,,,,,,,,,,,,,,,,,,,,,,,,,,,,,,,,,,,,
2494,KOR,CRA,0,1,2025-11-29,52.6,47.4,16.0,10.0,4.0,3.0,5.0,2.0,7.0,5.0,5.0,4.0,16.0,15.0,2.0,3.0,0.0,3.0,0.0,0.0,0.0,0.0,21.0,12.0,8.0,4.0,8.0,9.0,405.0,371.0,310.0,277.0,17,1.77,1.07,53.0,47.0,16.0,11.0,4.0,3.0,1.0,1.0,5.0,4.0,0.0,3.0,1.24,1.3,7.0,5.0,5.0,3.0,11.0,7.0,5.0,4.0,36.0,17.0,2.0,3.0,15.0,16.0,1.47,1.09,16.0,15.0,62.0,65.0,28.0,32.0,7.0,13.0,0.0,0.0,1.0,0.0,2.0,4.0,1.3,1.24,0.3,1.24,0.0,0.0,2025-11-29,17.0,https://www.flashscore.pl/mecz/pilka-nozna/cracovia-KvXSf2A6/korona-kielce-pp78XcbA/szczegoly/statystyki/?mid=nFgmtiW8,nFgmtiW8,312.0,407.0,277.0,373.0,24.0,68.0,21.0,62.0,83.0,124.0,54.0,93.0,8.0,21.0,4.0,11.0,9.0,14.0,10.0,14.0,KOR 0-1 CRA | Korona Kielce,Cracovia,KOR,CRA
2495,GKS,POG,2,0,2025-11-29,23.2,76.8,9.0,27.0,5.0,3.0,0.0,14.0,4.0,10.0,3.0,7.0,17.0,10.0,1.0,0.0,0.0,0.0,0.0,0.0,0.0,0.0,8.0,30.0,3.0,5.0,8.0,7.0,204.0,678.0,129.0,573.0,17,1.41,1.46,23.0,77.0,9.0,27.0,5.0,3.0,2.0,2.0,3.0,7.0,0.0,0.0,2.37,0.53,4.0,10.0,0.0,14.0,6.0,12.0,3.0,15.0,13.0,50.0,1.0,0.0,10.0,17.0,0.76,1.65,17.0,10.0,49.0,41.0,54.0,7.0,10.0,4.0,0.0,0.0,0.0,0.0,3.0,3.0,0.53,2.37,0.53,0.37,0.0,0.0,2025-11-29,17.0,https://www.flashscore.pl/mecz/pilka-nozna/gks-katowice-K4AgRmS1/pogon-szczecin-Um9YwPQ0/szczegoly/statystyki/?mid=8UsdvV0L,8UsdvV0L,129.0,204.0,573.0,678.0,8.0,41.0,24.0,58.0,20.0,45.0,182.0,235.0,3.0,8.0,5.0,30.0,8.0,18.0,7.0,10.0,KAT 2-0 POG | GKS Katowice,Pogoń Szczecin,GKS,POG
2496,PIA,WID,0,2,2025-11-28,68.4,31.6,24.0,10.0,3.0,4.0,10.0,2.0,11.0,4.0,10.0,4.0,8.0,12.0,3.0,1.0,1.0,3.0,0.0,0.0,0.0,0.0,36.0,10.0,6.0,5.0,6.0,5.0,576.0,269.0,475.0,182.0,17,1.18,2.61,68.0,32.0,25.0,10.0,3.0,4.0,1.0,4.0,10.0,4.0,1.0,3.0,0.56,2.5,12.0,4.0,10.0,2.0,13.0,7.0,12.0,3.0,45.0,14.0,3.0,1.0,11.0,8.0,1.05,1.04,8.0,11.0,55.0,45.0,15.0,60.0,7.0,8.0,0.0,0.0,0.0,0.0,2.0,3.0,2.5,0.56,0.5,0.56,0.0,0.0,2025-11-28,17.0,https://www.flashscore.pl/mecz/pilka-nozna/piast-gliwice-ve2oT9ck/widzew-lodz-rNOIW3uC/szczegoly/statystyki/?mid=vDYRY8Or,vDYRY8Or,479.0,581.0,188.0,273.0,24.0,48.0,27.0,76.0,148.0,210.0,37.0,66.0,6.0,36.0,5.0,10.0,8.0,13.0,8.0,13.0,PIA 0-2 WID | Piast Gliwice,Widzew Łódź,PIA,WID
2497,ARK,MOT,1,0,2025-12-06,40.1,59.9,16.0,13.0,6.0,2.0,4.0,5.0,6.0,6.0,6.0,5.0,12.0,18.0,2.0,1.0,2.0,3.0,0.0,0.0,0.0,0.0,37.0,23.0,6.0,7.0,8.0,9.0,276.0,443.0,215.0,369.0,18,2.27,0.89,40.0,60.0,17.0,13.0,7.0,2.0,5.0,1.0,6.0,5.0,2.0,3.0,2.18,0.78,6.0,6.0,4.0,5.0,15.0,10.0,2.0,3.0,31.0,23.0,2.0,1.0,18.0,13.0,1.35,1.18,13.0,18.0,47.0,45.0,28.0,26.0,8.0,12.0,1.0,1.0,0.0,0.0,2.0,6.0,0.78,2.18,0.78,1.18,0.0,0.0,2025-12-06,18.0,https://www.flashscore.pl/mecz/pilka-nozna/arka-gdynia-feEez0Ei/motor-lublin-IoLk2VlL/szczegoly/statystyki/?mid=KMtzXnge,KMtzXnge,217.0,278.0,371.0,443.0,16.0,46.0,17.0,40.0,74.0,92.0,81.0,109.0,6.0,35.0,7.0,24.0,8.0,11.0,8.0,13.0,ARK 1-0 MOT | Arka Gdynia,Motor Lublin,ARK,MOT
2498,BBT,JAG,2,1,2025-12-07,26.9,73.1,6.0,17.0,1.0,7.0,2.0,5.0,3.0,5.0,2.0,10.0,18.0,10.0,0.0,0.0,1.0,2.0,0.0,0.0,0.0,0.0,14.0,32.0,5.0,5.0,13.0,5.0,239.0,668.0,168.0,591.0,18,0.77,0.68,27.0,73.0,6.0,17.0,1.0,7.0,2.0,1.0,2.0,10.0,1.0,2.0,0.57,1.52,3.0,5.0,2.0,5.0,5.0,6.0,1.0,11.0,11.0,28.0,0.0,0.0,10.0,18.0,0.71,1.2,18.0,10.0,50.0,45.0,43.0,12.0,7.0,6.0,0.0,0.0,0.0,0.0,6.0,0.0,1.52,0.57,0.52,-0.43,0.0,0.0,2025-12-07,18.0,https://www.flashscore.pl/mecz/pilka-nozna/jagiellonia-bialystok-lIDaZJTc/nieciecza-YNkK4khO/szczegoly/statystyki/?mid=hzurVQN7,hzurVQN7,168.0,239.0,591.0,668.0,17.0,46.0,29.0,46.0,38.0,69.0,195.0,241.0,5.0,14.0,5.0,32.0,13.0,18.0,5.0,13.0,BBT 2-1 JAG | Bruk-Bet T.,Jagiellonia Białystok,BBT,JAG
2499,LGD,GÓR,5,2,2025-12-05,39.8,60.2,10.0,15.0,5.0,4.0,2.0,6.0,3.0,5.0,3.0,6.0,14.0,4.0,2.0,1.0,5.0,1.0,0.0,0.0,0.0,0.0,7.0,13.0,0.0,4.0,9.0,8.0,248.0,369.0,176.0,297.0,18,,,,,,,,,,,,,,,,,,,,,,,,,,,,,,,,,,,,,,,,,,,,,,,,,,,,,,,,,,,,,,,,,,,,,,,,,,,,,,,,
2500,POG,RAD,2,2,2025-12-06,43.7,56.3,15.0,10.0,4.0,5.0,3.0,1.0,8.0,4.0,9.0,7.0,17.0,15.0,7.0,2.0,5.0,2.0,0.0,0.0,0.0,0.0,25.0,18.0,4.0,2.0,11.0,8.0,300.0,402.0,227.0,323.0,18,2.23,0.77,44.0,56.0,15.0,10.0,4.0,5.0,7.0,2.0,9.0,7.0,5.0,2.0,2.02,1.65,8.0,4.0,3.0,1.0,9.0,3.0,6.0,7.0,35.0,11.0,7.0,2.0,15.0,17.0,1.22,0.8,17.0,15.0,51.0,56.0,27.0,30.0,9.0,7.0,0.0,0.0,0.0,0.0,3.0,2.0,1.65,2.02,-0.35,0.02,0.0,0.0,2025-12-06,18.0,https://www.flashscore.pl/mecz/pilka-nozna/pogon-szczecin-Um9YwPQ0/radomiak-radom-zD5nYhAT/szczegoly/statystyki/?mid=Esk2zMam,Esk2zMam,226.0,299.0,328.0,403.0,19.0,47.0,13.0,41.0,97.0,143.0,61.0,89.0,4.0,25.0,2.0,18.0,10.0,13.0,9.0,14.0,POG 2-2 RAD | Pogoń Szczecin,Radomiak Radom,POG,RAD
2501,KOR,WPŁ,1,1,2025-12-08,55.6,44.4,17.0,9.0,3.0,4.0,5.0,2.0,9.0,3.0,4.0,4.0,13.0,9.0,0.0,2.0,1.0,1.0,0.0,0.0,0.0,0.0,31.0,12.0,4.0,5.0,6.0,10.0,440.0,359.0,364.0,278.0,18,,,,,,,,,,,,,,,,,,,,,,,,,,,,,,,,,,,,,,,,,,,,,,,,,,,,,,,,,,,,,,,,,,,,,,,,,,,,,,,,
2502,CRA,LPO,2,2,2025-12-07,62.2,37.8,16.0,9.0,7.0,6.0,5.0,2.0,4.0,1.0,7.0,5.0,20.0,9.0,0.0,0.0,3.0,4.0,0.0,1.0,0.0,1.0,42.0,10.0,8.0,3.0,7.0,6.0,520.0,329.0,454.0,256.0,18,2.06,1.33,62.0,38.0,16.0,9.0,7.0,6.0,5.0,2.0,7.0,5.0,3.0,4.0,1.53,1.77,4.0,1.0,5.0,2.0,11.0,5.0,5.0,4.0,38.0,13.0,0.0,0.0,9.0,20.0,1.5,0.25,20.0,9.0,35.0,42.0,16.0,43.0,5.0,1.0,0.0,1.0,0.0,0.0,4.0,4.0,1.77,1.53,-0.23,-0.47,1.0,0.0,2025-12-07,18.0,https://www.flashscore.pl/mecz/pilka-nozna/cracovia-KvXSf2A6/lech-poznan-OpNH7Ouf/szczegoly/statystyki/?mid=IuVRUHTO,IuVRUHTO,454.0,520.0,256.0,329.0,28.0,44.0,18.0,46.0,172.0,213.0,47.0,72.0,8.0,42.0,3.0,10.0,7.0,8.0,6.0,7.0,CRA 2-2 LEC | Cracovia,Lech Poznań,CRA,LPO
2503,RCZ,GKS,1,0,2025-12-07,47.8,52.2,19.0,10.0,3.0,0.0,7.0,3.0,9.0,7.0,5.0,0.0,9.0,12.0,0.0,2.0,2.0,0.0,0.0,0.0,0.0,0.0,18.0,7.0,8.0,1.0,7.0,9.0,354.0,399.0,262.0,304.0,18,,,,,,,,,,,,,,,,,,,,,,,,,,,,,,,,,,,,,,,,,,,,,,,,,,,,,,,,,,,,,,,,,,,,,,,,,,,,,,,,
2504,PIA,LEG,2,0,2025-12-06,49.2,50.8,13.0,14.0,6.0,7.0,4.0,3.0,3.0,4.0,5.0,2.0,13.0,19.0,3.0,1.0,3.0,4.0,0.0,0.0,0.0,0.0,16.0,9.0,4.0,0.0,10.0,20.0,293.0,313.0,188.0,193.0,18,1.51,1.6,49.0,51.0,13.0,14.0,6.0,7.0,2.0,2.0,5.0,2.0,3.0,4.0,2.33,1.69,3.0,4.0,4.0,3.0,11.0,7.0,2.0,7.0,25.0,18.0,3.0,1.0,19.0,13.0,0.76,1.13,13.0,19.0,75.0,73.0,39.0,31.0,7.0,6.0,1.0,0.0,0.0,0.0,7.0,3.0,1.69,2.33,1.69,0.33,0.0,0.0,2025-12-06,18.0,https://www.flashscore.pl/mecz/pilka-nozna/legia-warszawa-K6kUepBs/piast-gliwice-ve2oT9ck/szczegoly/statystyki/?mid=UJbpmaqg,UJbpmaqg,188.0,297.0,192.0,314.0,26.0,65.0,17.0,73.0,68.0,113.0,50.0,105.0,3.0,16.0,0.0,9.0,11.0,19.0,17.0,26.0,PIA 2-0 LEG | Piast Gliwice,Legia Warszawa,PIA,LEG
2505,ZAG,WID,2,1,2025-12-06,49.4,50.6,14.0,14.0,6.0,6.0,3.0,1.0,5.0,7.0,4.0,3.0,6.0,17.0,1.0,4.0,2.0,6.0,0.0,0.0,0.0,0.0,24.0,11.0,9.0,1.0,8.0,7.0,378.0,396.0,280.0,318.0,18,0.88,0.98,50.0,50.0,15.0,14.0,6.0,6.0,0.0,2.0,4.0,3.0,2.0,6.0,1.38,1.52,6.0,7.0,3.0,1.0,11.0,5.0,4.0,9.0,30.0,17.0,1.0,4.0,17.0,6.0,0.75,0.94,6.0,17.0,70.0,48.0,20.0,43.0,16.0,7.0,1.0,1.0,0.0,0.0,5.0,4.0,1.52,1.38,0.52,-0.62,0.0,0.0,2025-12-06,18.0,https://www.flashscore.pl/mecz/pilka-nozna/widzew-lodz-rNOIW3uC/zaglebie-lubin-tlYOere0/szczegoly/statystyki/?mid=zH1howE5,zH1howE5,282.0,381.0,316.0,392.0,31.0,65.0,15.0,49.0,56.0,113.0,72.0,97.0,11.0,26.0,2.0,12.0,7.0,18.0,8.0,15.0,ZAG 2-1 WID | Zagłębie Lubin,Widzew Łódź,ZAG,WID
2506,WPŁ,RCZ,2,1,2026-02-01,33.2,66.8,13.0,22.0,5.0,11.0,4.0,7.0,4.0,4.0,3.0,8.0,10.0,9.0,2.0,3.0,3.0,1.0,0.0,0.0,0.0,0.0,12.0,34.0,2.0,10.0,9.0,9.0,278.0,553.0,197.0,489.0,19,,,,,,,,,,,,,,,,,,,,,,,,,,,,,,,,,,,,,,,,,,,,,,,,,,,,,,,,,,,,,,,,,,,,,,,,,,,,,,,,
2507,BBT,CRA,0,1,2026-02-02,39.2,60.8,11.0,15.0,1.0,4.0,3.0,9.0,7.0,2.0,4.0,7.0,17.0,12.0,0.0,4.0,0.0,0.0,0.0,0.0,0.0,0.0,14.0,22.0,5.0,6.0,13.0,9.0,339.0,535.0,240.0,445.0,19,0.81,1.79,39.0,61.0,11.0,15.0,1.0,4.0,0.0,3.0,4.0,7.0,0.0,0.0,0.1,1.37,7.0,2.0,3.0,9.0,8.0,7.0,3.0,8.0,18.0,19.0,0.0,4.0,12.0,17.0,0.56,1.92,17.0,12.0,53.0,55.0,36.0,31.0,10.0,12.0,1.0,0.0,0.0,0.0,3.0,1.0,1.37,0.1,0.37,0.1,0.0,0.0,2026-02-02,19.0,https://www.flashscore.pl/mecz/pilka-nozna/cracovia-KvXSf2A6/nieciecza-YNkK4khO/szczegoly/statystyki/?mid=4dg9seDU,4dg9seDU,238.0,336.0,445.0,534.0,17.0,46.0,27.0,67.0,46.0,89.0,87.0,130.0,5.0,15.0,7.0,23.0,13.0,18.0,10.0,17.0,BBT 0-1 CRA | Bruk-Bet T.,Cracovia,BBT,CRA
2508,LEG,KOR,1,2,2026-02-01,63.7,36.3,17.0,15.0,8.0,3.0,5.0,5.0,4.0,7.0,5.0,3.0,12.0,9.0,2.0,4.0,0.0,0.0,0.0,0.0,0.0,0.0,27.0,11.0,9.0,3.0,13.0,19.0,517.0,296.0,418.0,202.0,19,2.29,1.75,64.0,36.0,17.0,15.0,8.0,3.0,3.0,5.0,5.0,3.0,0.0,0.0,3.27,1.44,4.0,7.0,5.0,5.0,14.0,12.0,3.0,3.0,52.0,30.0,2.0,4.0,9.0,12.0,2.0,0.84,12.0,9.0,67.0,53.0,17.0,35.0,10.0,12.0,2.0,0.0,0.0,0.0,1.0,7.0,1.44,3.27,-0.56,2.27,0.0,0.0,2026-02-01,19.0,https://www.flashscore.pl/mecz/pilka-nozna/korona-kielce-pp78XcbA/legia-warszawa-K6kUepBs/szczegoly/statystyki/?mid=rNOJ1bbn,rNOJ1bbn,417.0,516.0,202.0,296.0,30.0,63.0,20.0,62.0,156.0,205.0,54.0,96.0,9.0,27.0,3.0,11.0,13.0,19.0,19.0,26.0,LEG 1-2 KOR | Legia Warszawa,Korona Kielce,LEG,KOR
2509,MOT,POG,2,1,2026-02-01,40.4,59.6,12.0,17.0,7.0,4.0,0.0,5.0,5.0,8.0,3.0,6.0,16.0,8.0,4.0,3.0,2.0,3.0,0.0,0.0,0.0,0.0,12.0,25.0,6.0,5.0,12.0,4.0,347.0,508.0,270.0,427.0,19,2.15,1.8,40.0,60.0,12.0,17.0,7.0,4.0,5.0,2.0,3.0,6.0,2.0,3.0,3.33,2.0,5.0,8.0,0.0,5.0,9.0,12.0,3.0,5.0,24.0,36.0,4.0,3.0,8.0,16.0,1.82,1.43,16.0,8.0,54.0,47.0,45.0,21.0,4.0,7.0,1.0,0.0,0.0,0.0,3.0,5.0,2.0,3.33,1.0,1.33,0.0,0.0,2026-02-01,19.0,https://www.flashscore.pl/mecz/pilka-nozna/motor-lublin-IoLk2VlL/pogon-szczecin-Um9YwPQ0/szczegoly/statystyki/?mid=GzNRaxTb,GzNRaxTb,270.0,346.0,427.0,507.0,11.0,37.0,37.0,67.0,45.0,74.0,142.0,191.0,6.0,14.0,5.0,26.0,12.0,23.0,4.0,9.0,MOT 2-1 POG | Motor Lublin,Pogoń Szczecin,MOT,POG
2510,ZAG,GKS,0,2,2026-01-30,48.7,51.3,11.0,16.0,1.0,7.0,1.0,5.0,9.0,4.0,1.0,4.0,12.0,15.0,0.0,3.0,0.0,4.0,0.0,0.0,0.0,0.0,18.0,15.0,5.0,2.0,9.0,10.0,351.0,378.0,242.0,286.0,19,0.78,0.72,49.0,51.0,11.0,16.0,1.0,7.0,2.0,0.0,1.0,4.0,0.0,4.0,0.02,0.95,9.0,4.0,1.0,5.0,6.0,9.0,5.0,7.0,23.0,27.0,0.0,3.0,15.0,12.0,0.82,0.64,12.0,15.0,55.0,50.0,22.0,32.0,12.0,6.0,2.0,0.0,0.0,0.0,5.0,1.0,0.95,0.02,-1.05,0.02,0.0,0.0,2026-01-30,19.0,https://www.flashscore.pl/mecz/pilka-nozna/gks-katowice-K4AgRmS1/zaglebie-lubin-tlYOere0/szczegoly/statystyki/?mid=MmhScGcB,MmhScGcB,242.0,351.0,286.0,378.0,24.0,63.0,26.0,66.0,59.0,97.0,73.0,110.0,5.0,18.0,2.0,15.0,9.0,16.0,10.0,11.0,ZAG 0-2 KAT | Zagłębie Lubin,GKS Katowice,ZAG,GKS
2511,GÓR,PIA,2,1,2026-01-31,47.9,52.1,18.0,9.0,8.0,1.0,5.0,3.0,5.0,5.0,3.0,2.0,9.0,20.0,2.0,2.0,1.0,0.0,0.0,0.0,0.0,0.0,20.0,21.0,5.0,3.0,4.0,4.0,376.0,406.0,298.0,338.0,19,,,,,,,,,,,,,,,,,,,,,,,,,,,,,,,,,,,,,,,,,,,,,,,,,,,,,,,,,,,,,,,,,,,,,,,,,,,,,,,,
2512,RAD,ARK,3,1,2026-01-30,48.1,51.9,12.0,14.0,5.0,8.0,0.0,3.0,7.0,3.0,3.0,7.0,23.0,18.0,1.0,3.0,3.0,3.0,0.0,0.0,0.0,0.0,12.0,18.0,4.0,5.0,7.0,5.0,342.0,365.0,263.0,276.0,19,1.22,1.27,48.0,52.0,12.0,14.0,5.0,8.0,2.0,3.0,3.0,7.0,3.0,3.0,1.11,2.64,7.0,3.0,0.0,3.0,6.0,12.0,6.0,2.0,22.0,28.0,1.0,3.0,18.0,23.0,1.23,0.6,23.0,18.0,52.0,66.0,29.0,17.0,6.0,9.0,0.0,0.0,0.0,0.0,7.0,2.0,2.64,1.11,1.64,-1.89,0.0,0.0,2026-03-05,19.0,https://www.flashscore.pl/mecz/pilka-nozna/arka-gdynia-feEez0Ei/radomiak-radom-zD5nYhAT/szczegoly/statystyki/?mid=EoX6jYko,EoX6jYko,263.0,342.0,276.0,365.0,19.0,46.0,18.0,50.0,74.0,118.0,67.0,109.0,4.0,12.0,5.0,18.0,7.0,12.0,5.0,8.0,RAD 3-1 ARK | Radomiak Radom,Arka Gdynia,RAD,ARK
2513,LPO,LGD,1,3,2026-01-31,72.2,27.8,28.0,12.0,5.0,8.0,19.0,1.0,4.0,3.0,7.0,3.0,14.0,14.0,0.0,2.0,1.0,2.0,0.0,0.0,0.0,0.0,36.0,11.0,12.0,1.0,7.0,7.0,679.0,262.0,587.0,186.0,19,2.65,1.06,72.0,28.0,28.0,12.0,5.0,8.0,4.0,2.0,7.0,3.0,1.0,2.0,2.08,1.7,4.0,3.0,19.0,1.0,21.0,6.0,7.0,6.0,68.0,16.0,0.0,2.0,14.0,14.0,2.82,0.55,14.0,14.0,42.0,51.0,12.0,38.0,2.0,13.0,2.0,0.0,0.0,0.0,6.0,4.0,1.7,2.08,-0.3,1.08,0.0,0.0,2026-01-31,19.0,https://www.flashscore.pl/mecz/pilka-nozna/lech-poznan-OpNH7Ouf/lechia-gdansk-GGLmkiK8/szczegoly/statystyki/?mid=thPhEyrh,thPhEyrh,587.0,679.0,186.0,262.0,24.0,44.0,21.0,48.0,172.0,211.0,51.0,84.0,12.0,36.0,1.0,11.0,7.0,11.0,7.0,16.0,LEC 1-3 GDA | Lech Poznań,Lechia Gdańsk,LPO,LGD
2514,WID,JAG,1,3,2026-01-31,54.1,45.9,17.0,5.0,3.0,3.0,7.0,0.0,7.0,2.0,5.0,2.0,16.0,16.0,0.0,2.0,4.0,3.0,0.0,0.0,0.0,0.0,20.0,12.0,1.0,2.0,8.0,15.0,411.0,354.0,305.0,244.0,19,1.69,1.23,54.0,46.0,17.0,5.0,3.0,3.0,2.0,2.0,5.0,2.0,4.0,3.0,1.12,1.68,7.0,2.0,7.0,0.0,9.0,4.0,8.0,1.0,27.0,13.0,0.0,2.0,16.0,16.0,0.59,0.43,16.0,16.0,59.0,58.0,19.0,35.0,10.0,11.0,0.0,3.0,1.0,0.0,0.0,2.0,1.68,1.12,-1.32,0.12,0.0,0.0,2026-01-31,19.0,https://www.flashscore.pl/mecz/pilka-nozna/jagiellonia-bialystok-lIDaZJTc/widzew-lodz-rNOIW3uC/szczegoly/statystyki/?mid=ziI1CFC4,ziI1CFC4,305.0,411.0,244.0,354.0,25.0,53.0,11.0,54.0,85.0,134.0,35.0,71.0,1.0,20.0,2.0,12.0,8.0,16.0,15.0,23.0,WID 1-3 JAG | Widzew Łódź,Jagiellonia Białystok,WID,JAG
2515,ARK,LEG,2,2,2026-02-07,43.7,56.3,3.0,14.0,2.0,7.0,0.0,4.0,1.0,3.0,3.0,7.0,11.0,15.0,2.0,0.0,1.0,5.0,0.0,0.0,0.0,0.0,12.0,18.0,2.0,7.0,12.0,5.0,350.0,445.0,255.0,356.0,20,0.93,1.6,44.0,56.0,3.0,14.0,2.0,7.0,1.0,3.0,3.0,7.0,1.0,5.0,1.51,2.45,1.0,3.0,0.0,4.0,3.0,9.0,0.0,5.0,10.0,23.0,2.0,0.0,15.0,11.0,0.45,1.32,11.0,15.0,60.0,45.0,29.0,16.0,6.0,9.0,1.0,0.0,0.0,1.0,5.0,0.0,2.45,1.51,0.45,-0.49,0.0,0.0,2026-02-07,20.0,https://www.flashscore.pl/mecz/pilka-nozna/arka-gdynia-feEez0Ei/legia-warszawa-K6kUepBs/szczegoly/statystyki/?mid=84G9AgsH,84G9AgsH,255.0,350.0,359.0,448.0,21.0,58.0,13.0,46.0,32.0,66.0,90.0,131.0,2.0,12.0,7.0,18.0,12.0,16.0,8.0,10.0,ARK 2-2 LEG | Arka Gdynia,Legia Warszawa,ARK,LEG
2516,LGD,CRA,1,1,2026-02-06,61.3,38.7,19.0,9.0,7.0,5.0,7.0,2.0,5.0,2.0,10.0,5.0,18.0,13.0,1.0,1.0,1.0,4.0,0.0,1.0,0.0,1.0,29.0,12.0,7.0,3.0,9.0,10.0,412.0,263.0,335.0,188.0,20,1.17,1.69,61.0,39.0,19.0,9.0,6.0,5.0,1.0,3.0,10.0,5.0,1.0,4.0,0.63,1.5,5.0,2.0,8.0,2.0,10.0,7.0,9.0,2.0,41.0,17.0,1.0,1.0,13.0,18.0,1.4,0.68,18.0,13.0,52.0,44.0,17.0,41.0,7.0,7.0,1.0,0.0,0.0,0.0,4.0,5.0,1.5,0.63,0.5,-0.37,1.0,0.0,2026-02-06,20.0,https://www.flashscore.pl/mecz/pilka-nozna/cracovia-KvXSf2A6/lechia-gdansk-GGLmkiK8/szczegoly/statystyki/?mid=4W9I8XBT,4W9I8XBT,337.0,413.0,190.0,264.0,19.0,35.0,10.0,45.0,103.0,150.0,46.0,83.0,7.0,30.0,3.0,11.0,8.0,12.0,9.0,12.0,GDA 1-1 CRA | Lechia Gdańsk,Cracovia,LGD,CRA
2517,GÓR,LPO,0,1,2026-02-07,52.1,47.9,17.0,13.0,4.0,4.0,7.0,5.0,6.0,4.0,7.0,3.0,12.0,21.0,1.0,0.0,1.0,3.0,0.0,0.0,0.0,0.0,36.0,7.0,10.0,4.0,11.0,4.0,427.0,416.0,365.0,338.0,20,,,,,,,,,,,,,,,,,,,,,,,,,,,,,,,,,,,,,,,,,,,,,,,,,,,,,,,,,,,,,,,,,,,,,,,,,,,,,,,,
2518,POG,BBT,1,1,2026-02-08,56.6,43.4,17.0,21.0,6.0,8.0,5.0,3.0,6.0,10.0,7.0,5.0,11.0,13.0,2.0,3.0,3.0,2.0,0.0,0.0,0.0,0.0,26.0,21.0,6.0,3.0,9.0,10.0,437.0,335.0,334.0,233.0,20,1.28,1.38,57.0,43.0,17.0,20.0,6.0,8.0,2.0,2.0,7.0,5.0,3.0,2.0,1.09,1.69,6.0,9.0,5.0,3.0,9.0,13.0,8.0,7.0,24.0,30.0,2.0,3.0,13.0,11.0,1.29,0.85,11.0,13.0,54.0,46.0,31.0,33.0,15.0,18.0,2.0,0.0,0.0,0.0,7.0,5.0,1.69,1.09,0.69,0.09,0.0,0.0,2026-02-08,20.0,https://www.flashscore.pl/mecz/pilka-nozna/nieciecza-YNkK4khO/pogon-szczecin-Um9YwPQ0/szczegoly/statystyki/?mid=IwQYANhc,IwQYANhc,330.0,434.0,234.0,335.0,16.0,53.0,21.0,58.0,90.0,140.0,80.0,129.0,6.0,27.0,3.0,21.0,10.0,15.0,12.0,15.0,POG 1-1 BBT | Pogoń Szczecin,Bruk-Bet T.,POG,BBT
2519,KOR,ZAG,1,2,2026-02-06,61.2,38.8,20.0,10.0,5.0,3.0,10.0,4.0,5.0,3.0,4.0,4.0,12.0,16.0,1.0,1.0,1.0,0.0,0.0,0.0,0.0,0.0,25.0,12.0,10.0,5.0,7.0,7.0,424.0,270.0,345.0,190.0,20,2.26,1.42,61.0,39.0,20.0,10.0,5.0,3.0,2.0,1.0,4.0,4.0,1.0,0.0,2.0,1.28,5.0,3.0,10.0,4.0,15.0,7.0,5.0,3.0,42.0,27.0,1.0,1.0,16.0,12.0,2.4,0.51,12.0,16.0,56.0,56.0,23.0,32.0,3.0,7.0,0.0,1.0,0.0,1.0,2.0,4.0,1.28,2.0,0.28,1.0,0.0,0.0,2026-02-06,20.0,https://www.flashscore.pl/mecz/pilka-nozna/korona-kielce-pp78XcbA/zaglebie-lubin-tlYOere0/szczegoly/statystyki/?mid=4fOt91N9,4fOt91N9,350.0,428.0,192.0,272.0,27.0,62.0,22.0,53.0,100.0,138.0,44.0,79.0,8.0,23.0,5.0,13.0,5.0,10.0,8.0,15.0,KOR 1-2 ZAG | Korona Kielce,Zagłębie Lubin,KOR,ZAG
2520,GKS,WID,1,0,2026-02-08,28.2,71.8,8.0,9.0,4.0,1.0,0.0,2.0,4.0,6.0,3.0,7.0,17.0,11.0,3.0,0.0,4.0,1.0,0.0,0.0,0.0,0.0,9.0,28.0,1.0,4.0,17.0,13.0,217.0,541.0,129.0,428.0,20,0.57,0.37,29.0,71.0,8.0,9.0,4.0,1.0,1.0,1.0,3.0,7.0,4.0,1.0,1.05,0.25,4.0,6.0,0.0,2.0,5.0,5.0,3.0,4.0,16.0,15.0,3.0,0.0,11.0,17.0,0.34,0.59,17.0,11.0,54.0,65.0,44.0,11.0,10.0,10.0,1.0,1.0,0.0,0.0,1.0,3.0,0.25,1.05,0.25,0.05,0.0,0.0,2026-02-08,20.0,https://www.flashscore.pl/mecz/pilka-nozna/gks-katowice-K4AgRmS1/widzew-lodz-rNOIW3uC/szczegoly/statystyki/?mid=betFjg7r,betFjg7r,130.0,223.0,429.0,544.0,18.0,57.0,32.0,75.0,31.0,67.0,92.0,142.0,1.0,9.0,4.0,28.0,16.0,26.0,14.0,23.0,KAT 1-0 WID | GKS Katowice,Widzew Łódź,GKS,WID
2521,RCZ,RAD,0,0,2026-02-08,49.9,50.1,16.0,11.0,5.0,1.0,5.0,3.0,6.0,7.0,3.0,2.0,12.0,13.0,1.0,1.0,1.0,1.0,0.0,0.0,0.0,0.0,18.0,12.0,3.0,5.0,15.0,10.0,413.0,419.0,334.0,327.0,20,,,,,,,,,,,,,,,,,,,,,,,,,,,,,,,,,,,,,,,,,,,,,,,,,,,,,,,,,,,,,,,,,,,,,,,,,,,,,,,,
2522,JAG,MOT,4,1,2026-02-07,54.3,45.7,22.0,13.0,11.0,5.0,4.0,6.0,7.0,2.0,7.0,7.0,11.0,16.0,0.0,2.0,2.0,1.0,0.0,0.0,0.0,0.0,24.0,14.0,11.0,2.0,18.0,9.0,419.0,356.0,348.0,274.0,20,3.0,1.8,54.0,46.0,23.0,13.0,12.0,5.0,9.0,3.0,7.0,7.0,2.0,1.0,3.13,1.79,7.0,2.0,4.0,6.0,17.0,11.0,6.0,2.0,43.0,22.0,0.0,2.0,16.0,11.0,2.37,1.03,11.0,16.0,71.0,40.0,27.0,23.0,7.0,12.0,2.0,1.0,0.0,0.0,4.0,7.0,1.79,3.13,0.79,-0.87,0.0,0.0,2026-02-07,20.0,https://www.flashscore.pl/mecz/pilka-nozna/jagiellonia-bialystok-lIDaZJTc/motor-lublin-IoLk2VlL/szczegoly/statystyki/?mid=SzYVnB67,SzYVnB67,345.0,417.0,274.0,354.0,30.0,53.0,25.0,53.0,119.0,157.0,60.0,95.0,12.0,23.0,2.0,15.0,18.0,25.0,9.0,19.0,JAG 4-1 MOT | Jagiellonia Białystok,Motor Lublin,JAG,MOT
2523,PIA,WPŁ,1,0,2026-02-09,58.7,41.3,16.0,9.0,3.0,4.0,5.0,2.0,8.0,3.0,7.0,2.0,7.0,8.0,0.0,2.0,2.0,1.0,0.0,0.0,0.0,0.0,29.0,23.0,6.0,7.0,7.0,5.0,547.0,381.0,467.0,292.0,20,,,,,,,,,,,,,,,,,,,,,,,,,,,,,,,,,,,,,,,,,,,,,,,,,,,,,,,,,,,,,,,,,,,,,,,,,,,,,,,,
2524,WPŁ,WID,0,2,2026-02-14,49.4,50.6,10.0,15.0,1.0,4.0,4.0,2.0,5.0,9.0,5.0,2.0,16.0,12.0,3.0,2.0,3.0,4.0,0.0,0.0,0.0,0.0,18.0,17.0,4.0,4.0,10.0,9.0,372.0,381.0,293.0,315.0,21,,,,,,,,,,,,,,,,,,,,,,,,,,,,,,,,,,,,,,,,,,,,,,,,,,,,,,,,,,,,,,,,,,,,,,,,,,,,,,,,
2525,BBT,GÓR,1,1,2026-02-16,30.1,69.9,12.0,22.0,3.0,3.0,5.0,7.0,4.0,12.0,2.0,10.0,12.0,9.0,1.0,0.0,1.0,0.0,0.0,0.0,0.0,0.0,17.0,24.0,5.0,3.0,6.0,5.0,246.0,593.0,164.0,508.0,21,,,,,,,,,,,,,,,,,,,,,,,,,,,,,,,,,,,,,,,,,,,,,,,,,,,,,,,,,,,,,,,,,,,,,,,,,,,,,,,,
2526,MOT,LGD,2,3,2026-02-15,58.6,41.4,7.0,15.0,3.0,9.0,3.0,3.0,1.0,3.0,2.0,2.0,9.0,11.0,3.0,1.0,3.0,7.0,0.0,0.0,0.0,0.0,24.0,13.0,2.0,4.0,6.0,14.0,412.0,296.0,309.0,195.0,21,0.43,3.13,59.0,41.0,7.0,15.0,3.0,9.0,0.0,5.0,2.0,2.0,3.0,7.0,0.34,3.2,1.0,3.0,3.0,3.0,6.0,13.0,1.0,2.0,27.0,35.0,3.0,1.0,11.0,9.0,0.57,1.43,9.0,11.0,49.0,56.0,38.0,45.0,7.0,13.0,1.0,1.0,0.0,0.0,5.0,2.0,3.2,0.34,0.2,-0.66,0.0,0.0,2026-02-15,21.0,https://www.flashscore.pl/mecz/pilka-nozna/lechia-gdansk-GGLmkiK8/motor-lublin-IoLk2VlL/szczegoly/statystyki/?mid=SlD41AL0,SlD41AL0,313.0,414.0,195.0,298.0,22.0,53.0,18.0,60.0,57.0,107.0,60.0,108.0,2.0,24.0,4.0,12.0,5.0,10.0,13.0,19.0,MOT 2-3 GDA | Motor Lublin,Lechia Gdańsk,MOT,LGD
2527,ZAG,RCZ,0,0,2026-02-14,35.1,64.9,8.0,19.0,2.0,9.0,1.0,4.0,5.0,6.0,2.0,8.0,17.0,16.0,0.0,1.0,3.0,3.0,0.0,0.0,0.0,0.0,8.0,27.0,1.0,4.0,4.0,4.0,263.0,479.0,168.0,380.0,21,0.21,1.51,35.0,65.0,8.0,19.0,2.0,9.0,0.0,3.0,2.0,8.0,3.0,3.0,0.25,1.43,5.0,6.0,1.0,4.0,4.0,10.0,4.0,9.0,10.0,33.0,0.0,1.0,16.0,17.0,0.14,1.12,17.0,16.0,48.0,73.0,52.0,23.0,12.0,4.0,0.0,1.0,0.0,0.0,8.0,2.0,1.43,0.25,1.43,0.25,0.0,0.0,2026-02-14,21.0,https://www.flashscore.pl/mecz/pilka-nozna/rakow-czestochowa-SQOrbYim/zaglebie-lubin-tlYOere0/szczegoly/statystyki/?mid=02BCaljD,02BCaljD,167.0,258.0,379.0,477.0,22.0,71.0,9.0,41.0,29.0,71.0,103.0,144.0,1.0,9.0,4.0,27.0,5.0,13.0,5.0,13.0,ZAG 0-0 RAK | Zagłębie Lubin,Raków Częstochowa,ZAG,RCZ
2528,RAD,KOR,0,2,2026-02-13,73.2,26.8,24.0,4.0,6.0,2.0,10.0,1.0,8.0,1.0,12.0,1.0,10.0,19.0,0.0,0.0,2.0,4.0,0.0,0.0,0.0,0.0,31.0,9.0,7.0,0.0,13.0,12.0,532.0,199.0,438.0,110.0,21,1.73,0.35,73.0,27.0,24.0,4.0,6.0,2.0,2.0,2.0,12.0,1.0,2.0,4.0,1.53,1.35,8.0,1.0,10.0,1.0,17.0,2.0,7.0,2.0,57.0,9.0,0.0,0.0,19.0,10.0,1.43,0.24,10.0,19.0,77.0,57.0,26.0,64.0,10.0,10.0,0.0,0.0,2.0,0.0,0.0,6.0,1.35,1.53,-0.65,1.53,1.0,1.0,2026-02-13,21.0,https://www.flashscore.pl/mecz/pilka-nozna/korona-kielce-pp78XcbA/radomiak-radom-zD5nYhAT/szczegoly/statystyki/?mid=voGiNirK,voGiNirK,438.0,532.0,110.0,199.0,16.0,41.0,24.0,67.0,168.0,232.0,33.0,79.0,7.0,31.0,0.0,9.0,13.0,19.0,12.0,21.0,RAD 0-2 KOR | Radomiak Radom,Korona Kielce,RAD,KOR
2529,POG,ARK,1,0,2026-02-15,55.5,44.5,20.0,11.0,4.0,1.0,10.0,4.0,6.0,6.0,8.0,7.0,15.0,15.0,0.0,3.0,3.0,4.0,0.0,0.0,0.0,0.0,24.0,21.0,7.0,4.0,7.0,5.0,421.0,335.0,344.0,259.0,21,1.77,0.74,56.0,44.0,20.0,11.0,4.0,1.0,2.0,1.0,8.0,7.0,3.0,4.0,1.48,0.05,6.0,6.0,10.0,4.0,11.0,7.0,9.0,4.0,36.0,16.0,0.0,3.0,15.0,15.0,1.24,0.4,15.0,15.0,43.0,56.0,34.0,40.0,6.0,7.0,0.0,0.0,0.0,0.0,1.0,3.0,0.01,1.76,0.01,0.76,0.0,0.0,2026-02-15,21.0,https://www.flashscore.pl/mecz/pilka-nozna/arka-gdynia-feEez0Ei/pogon-szczecin-Um9YwPQ0/szczegoly/statystyki/?mid=AT6NHV5s,AT6NHV5s,345.0,420.0,260.0,333.0,20.0,49.0,18.0,48.0,108.0,153.0,35.0,73.0,7.0,26.0,4.0,21.0,7.0,12.0,5.0,11.0,POG 1-0 ARK | Pogoń Szczecin,Arka Gdynia,POG,ARK
2530,CRA,JAG,0,0,2026-02-14,42.8,57.2,12.0,17.0,3.0,4.0,4.0,3.0,5.0,10.0,4.0,6.0,11.0,19.0,1.0,1.0,3.0,4.0,0.0,0.0,0.0,0.0,13.0,20.0,5.0,2.0,10.0,12.0,321.0,429.0,251.0,355.0,21,1.4,0.86,43.0,57.0,12.0,17.0,3.0,4.0,2.0,1.0,4.0,6.0,3.0,4.0,0.65,0.7,5.0,10.0,4.0,3.0,6.0,9.0,6.0,8.0,12.0,24.0,1.0,1.0,19.0,11.0,0.94,0.67,11.0,19.0,56.0,43.0,30.0,15.0,6.0,4.0,0.0,1.0,0.0,0.0,4.0,3.0,0.7,0.65,0.7,0.65,0.0,0.0,2026-02-14,21.0,https://www.flashscore.pl/mecz/pilka-nozna/cracovia-KvXSf2A6/jagiellonia-bialystok-lIDaZJTc/szczegoly/statystyki/?mid=WreWF9zf,WreWF9zf,252.0,321.0,353.0,428.0,17.0,50.0,14.0,37.0,48.0,66.0,107.0,153.0,5.0,13.0,2.0,19.0,12.0,18.0,11.0,18.0,CRA 0-0 JAG | Cracovia,Jagiellonia Białystok,CRA,JAG
2531,GKS,LEG,1,1,2026-02-13,45.2,54.8,13.0,11.0,2.0,4.0,6.0,2.0,5.0,5.0,6.0,7.0,15.0,11.0,1.0,2.0,2.0,3.0,0.0,0.0,0.0,0.0,22.0,23.0,6.0,5.0,10.0,5.0,335.0,409.0,257.0,314.0,21,1.87,0.69,45.0,55.0,13.0,11.0,2.0,4.0,4.0,3.0,6.0,7.0,2.0,3.0,1.42,0.66,5.0,5.0,6.0,2.0,9.0,7.0,4.0,4.0,31.0,19.0,1.0,2.0,11.0,15.0,1.69,0.74,15.0,11.0,46.0,49.0,34.0,30.0,10.0,11.0,0.0,0.0,0.0,0.0,3.0,1.0,0.66,1.42,-0.34,0.42,0.0,0.0,2026-02-13,21.0,https://www.flashscore.pl/mecz/pilka-nozna/gks-katowice-K4AgRmS1/legia-warszawa-K6kUepBs/szczegoly/statystyki/?mid=v9bvEm56,v9bvEm56,257.0,335.0,314.0,409.0,21.0,46.0,15.0,54.0,59.0,87.0,76.0,120.0,6.0,22.0,5.0,23.0,10.0,11.0,5.0,12.0,KAT 1-1 LEG | GKS Katowice,Legia Warszawa,GKS,LEG
2532,LPO,PIA,3,0,2026-02-15,48.5,51.5,19.0,15.0,10.0,7.0,2.0,6.0,7.0,2.0,7.0,6.0,16.0,6.0,1.0,2.0,0.0,2.0,0.0,0.0,0.0,0.0,16.0,17.0,6.0,8.0,12.0,11.0,433.0,464.0,354.0,383.0,21,2.8,0.94,48.0,52.0,19.0,15.0,10.0,7.0,7.0,2.0,7.0,6.0,0.0,2.0,3.83,0.71,7.0,2.0,2.0,6.0,13.0,10.0,6.0,5.0,36.0,33.0,1.0,2.0,7.0,15.0,1.1,1.04,15.0,7.0,48.0,51.0,26.0,20.0,9.0,5.0,1.0,0.0,0.0,1.0,6.0,6.0,0.71,3.83,0.71,0.83,0.0,0.0,2026-02-15,21.0,https://www.flashscore.pl/mecz/pilka-nozna/lech-poznan-OpNH7Ouf/piast-gliwice-ve2oT9ck/szczegoly/statystyki/?mid=Y7imCRZI,Y7imCRZI,358.0,435.0,387.0,467.0,21.0,45.0,19.0,47.0,88.0,116.0,88.0,123.0,6.0,14.0,7.0,17.0,14.0,19.0,9.0,16.0,LEC 3-0 PIA | Lech Poznań,Piast Gliwice,LPO,PIA
2533,ARK,GKS,2,1,2026-02-22,43.4,56.6,12.0,11.0,6.0,5.0,3.0,5.0,3.0,1.0,5.0,4.0,10.0,15.0,2.0,2.0,4.0,2.0,0.0,0.0,0.0,0.0,14.0,19.0,1.0,8.0,7.0,6.0,292.0,383.0,204.0,270.0,22,1.48,1.03,44.0,56.0,12.0,11.0,6.0,5.0,4.0,1.0,5.0,4.0,4.0,2.0,2.28,1.4,3.0,1.0,3.0,5.0,7.0,7.0,5.0,4.0,19.0,23.0,2.0,2.0,15.0,10.0,0.15,0.97,10.0,15.0,55.0,38.0,33.0,28.0,12.0,5.0,1.0,0.0,1.0,1.0,4.0,4.0,1.4,2.28,0.4,0.28,0.0,0.0,2026-02-22,22.0,https://www.flashscore.pl/mecz/pilka-nozna/arka-gdynia-feEez0Ei/gks-katowice-K4AgRmS1/szczegoly/statystyki/?mid=Q1vZZURP,Q1vZZURP,206.0,295.0,271.0,382.0,21.0,64.0,19.0,64.0,58.0,104.0,82.0,139.0,1.0,15.0,8.0,20.0,6.0,10.0,6.0,9.0,ARK 2-1 KAT | Arka Gdynia,GKS Katowice,ARK,GKS
2534,LEG,WPŁ,2,1,2026-02-21,43.1,56.9,6.0,14.0,4.0,4.0,1.0,7.0,1.0,3.0,1.0,4.0,11.0,8.0,0.0,3.0,1.0,1.0,0.0,0.0,0.0,0.0,16.0,22.0,5.0,9.0,7.0,12.0,399.0,525.0,334.0,453.0,22,,,,,,,,,,,,,,,,,,,,,,,,,,,,,,,,,,,,,,,,,,,,,,,,,,,,,,,,,,,,,,,,,,,,,,,,,,,,,,,,
2535,LGD,ZAG,0,2,2026-02-23,69.8,30.2,19.0,11.0,7.0,5.0,8.0,3.0,4.0,3.0,11.0,2.0,11.0,15.0,1.0,0.0,2.0,4.0,0.0,0.0,0.0,0.0,41.0,9.0,6.0,5.0,6.0,6.0,496.0,220.0,396.0,131.0,22,1.17,1.18,70.0,30.0,18.0,11.0,7.0,5.0,1.0,2.0,11.0,2.0,2.0,4.0,0.59,1.3,4.0,4.0,7.0,2.0,15.0,8.0,3.0,3.0,47.0,16.0,1.0,0.0,15.0,11.0,1.48,0.89,11.0,15.0,57.0,46.0,18.0,79.0,4.0,9.0,0.0,3.0,0.0,0.0,3.0,6.0,1.3,0.59,-0.7,0.59,0.0,0.0,2026-02-23,22.0,https://www.flashscore.pl/mecz/pilka-nozna/lechia-gdansk-GGLmkiK8/zaglebie-lubin-tlYOere0/szczegoly/statystyki/?mid=hCODSnKa,hCODSnKa,396.0,493.0,131.0,224.0,19.0,53.0,18.0,68.0,110.0,167.0,28.0,63.0,4.0,41.0,4.0,7.0,8.0,12.0,5.0,9.0,GDA 0-2 ZAG | Lechia Gdańsk,Zagłębie Lubin,LGD,ZAG
2536,GÓR,POG,0,1,2026-02-21,47.1,52.9,11.0,7.0,2.0,2.0,2.0,2.0,7.0,3.0,4.0,5.0,12.0,18.0,3.0,1.0,3.0,5.0,0.0,0.0,0.0,0.0,22.0,14.0,2.0,1.0,9.0,6.0,408.0,467.0,342.0,398.0,22,,,,,,,,,,,,,,,,,,,,,,,,,,,,,,,,,,,,,,,,,,,,,,,,,,,,,,,,,,,,,,,,,,,,,,,,,,,,,,,,
2537,KOR,LPO,1,2,2026-02-22,41.9,58.1,7.0,11.0,1.0,4.0,2.0,2.0,4.0,5.0,1.0,5.0,12.0,16.0,1.0,1.0,1.0,1.0,0.0,0.0,0.0,0.0,13.0,14.0,3.0,0.0,7.0,14.0,372.0,519.0,305.0,435.0,22,0.3,1.6,42.0,58.0,7.0,11.0,1.0,4.0,0.0,3.0,1.0,5.0,1.0,1.0,0.13,1.87,3.0,5.0,3.0,2.0,3.0,7.0,4.0,4.0,8.0,24.0,1.0,1.0,16.0,12.0,0.38,1.96,12.0,16.0,44.0,46.0,23.0,25.0,8.0,2.0,0.0,0.0,0.0,0.0,2.0,0.0,1.87,0.13,-0.13,-0.87,0.0,0.0,2026-02-22,22.0,https://www.flashscore.pl/mecz/pilka-nozna/korona-kielce-pp78XcbA/lech-poznan-OpNH7Ouf/szczegoly/statystyki/?mid=ngQTO4JO,ngQTO4JO,307.0,374.0,433.0,519.0,20.0,55.0,19.0,49.0,47.0,72.0,126.0,177.0,3.0,13.0,0.0,13.0,7.0,11.0,14.0,17.0,KOR 1-2 LEC | Korona Kielce,Lech Poznań,KOR,LPO
2538,RCZ,BBT,1,0,2026-02-21,54.6,45.4,9.0,20.0,4.0,5.0,2.0,7.0,3.0,8.0,4.0,6.0,10.0,15.0,0.0,1.0,0.0,3.0,0.0,0.0,0.0,0.0,20.0,22.0,6.0,6.0,13.0,12.0,410.0,338.0,318.0,237.0,22,,,,,,,,,,,,,,,,,,,,,,,,,,,,,,,,,,,,,,,,,,,,,,,,,,,,,,,,,,,,,,,,,,,,,,,,,,,,,,,,
2539,JAG,RAD,1,1,2026-02-22,63.4,36.6,21.0,9.0,3.0,2.0,7.0,3.0,11.0,4.0,9.0,3.0,18.0,16.0,7.0,0.0,3.0,5.0,0.0,1.0,0.0,1.0,30.0,10.0,9.0,1.0,10.0,9.0,502.0,297.0,415.0,226.0,22,2.35,0.91,63.0,37.0,21.0,9.0,3.0,2.0,3.0,1.0,9.0,3.0,3.0,5.0,0.87,0.66,11.0,4.0,7.0,3.0,15.0,5.0,6.0,4.0,50.0,19.0,7.0,0.0,16.0,18.0,2.59,0.44,18.0,16.0,57.0,54.0,19.0,38.0,6.0,9.0,0.0,2.0,0.0,0.0,1.0,2.0,0.66,0.87,-0.34,-0.13,1.0,0.0,2026-02-22,22.0,https://www.flashscore.pl/mecz/pilka-nozna/jagiellonia-bialystok-lIDaZJTc/radomiak-radom-zD5nYhAT/szczegoly/statystyki/?mid=bXgnsnZh,bXgnsnZh,421.0,507.0,226.0,299.0,24.0,45.0,17.0,45.0,159.0,203.0,53.0,89.0,8.0,27.0,1.0,10.0,12.0,20.0,9.0,18.0,JAG 1-1 RAD | Jagiellonia Białystok,Radomiak Radom,JAG,RAD
2540,PIA,MOT,1,2,2026-02-20,59.6,40.4,18.0,9.0,4.0,6.0,7.0,0.0,7.0,3.0,6.0,3.0,11.0,16.0,4.0,3.0,3.0,1.0,0.0,0.0,0.0,0.0,26.0,10.0,11.0,1.0,3.0,13.0,542.0,371.0,468.0,292.0,22,1.9,1.07,60.0,40.0,18.0,9.0,4.0,6.0,2.0,1.0,6.0,3.0,3.0,1.0,0.91,2.38,7.0,3.0,7.0,0.0,14.0,6.0,4.0,3.0,43.0,16.0,4.0,3.0,16.0,11.0,2.04,0.96,11.0,16.0,60.0,42.0,18.0,23.0,2.0,9.0,2.0,0.0,0.0,0.0,4.0,3.0,2.38,0.91,0.38,-0.09,0.0,0.0,2026-02-20,22.0,https://www.flashscore.pl/mecz/pilka-nozna/motor-lublin-IoLk2VlL/piast-gliwice-ve2oT9ck/szczegoly/statystyki/?mid=fameuQ35,fameuQ35,472.0,547.0,290.0,372.0,26.0,47.0,26.0,65.0,163.0,210.0,51.0,76.0,11.0,26.0,1.0,10.0,3.0,8.0,11.0,15.0,PIA 1-2 MOT | Piast Gliwice,Motor Lublin,PIA,MOT
2541,WID,CRA,0,0,2026-02-20,41.1,58.9,13.0,11.0,4.0,1.0,7.0,4.0,2.0,6.0,9.0,3.0,21.0,13.0,1.0,2.0,5.0,4.0,0.0,0.0,0.0,0.0,21.0,7.0,1.0,0.0,15.0,10.0,304.0,460.0,216.0,352.0,22,0.97,0.81,41.0,59.0,14.0,12.0,4.0,1.0,1.0,1.0,9.0,3.0,5.0,4.0,0.88,0.01,3.0,7.0,7.0,4.0,7.0,7.0,7.0,5.0,23.0,16.0,1.0,2.0,13.0,21.0,1.01,0.2,21.0,13.0,61.0,60.0,33.0,39.0,10.0,11.0,2.0,1.0,0.0,0.0,1.0,4.0,0.01,0.88,0.01,0.88,0.0,0.0,2026-02-20,22.0,https://www.flashscore.pl/mecz/pilka-nozna/cracovia-KvXSf2A6/widzew-lodz-rNOIW3uC/szczegoly/statystyki/?mid=0dj3w4YH,0dj3w4YH,217.0,304.0,351.0,457.0,25.0,62.0,17.0,45.0,60.0,103.0,48.0,92.0,1.0,21.0,0.0,6.0,15.0,22.0,10.0,15.0,WID 0-0 CRA | Widzew Łódź,Cracovia,WID,CRA
2542,ARK,LGD,2,2,2026-02-27,51.0,49.0,11.0,13.0,3.0,7.0,4.0,1.0,4.0,5.0,4.0,1.0,9.0,13.0,2.0,5.0,0.0,1.0,0.0,0.0,0.0,0.0,16.0,11.0,4.0,5.0,3.0,7.0,309.0,302.0,191.0,181.0,23,1.2,2.41,51.0,49.0,11.0,14.0,3.0,7.0,1.0,8.0,4.0,1.0,0.0,1.0,1.05,2.39,4.0,6.0,4.0,1.0,8.0,11.0,3.0,3.0,21.0,30.0,2.0,5.0,13.0,9.0,0.53,2.14,9.0,13.0,66.0,55.0,52.0,43.0,6.0,2.0,0.0,0.0,0.0,0.0,4.0,2.0,2.39,1.05,0.39,-0.95,0.0,0.0,2026-02-27,23.0,https://www.flashscore.pl/mecz/pilka-nozna/arka-gdynia-feEez0Ei/lechia-gdansk-GGLmkiK8/szczegoly/statystyki/?mid=Kp3yLeIj,Kp3yLeIj,191.0,305.0,174.0,295.0,19.0,74.0,18.0,73.0,46.0,99.0,56.0,125.0,4.0,16.0,6.0,12.0,3.0,10.0,6.0,14.0,ARK 2-2 GDA | Arka Gdynia,Lechia Gdańsk,ARK,LGD
2543,BBT,RAD,1,1,2026-03-01,37.1,62.9,20.0,16.0,3.0,4.0,10.0,5.0,7.0,7.0,8.0,9.0,18.0,8.0,4.0,2.0,2.0,1.0,0.0,0.0,0.0,0.0,21.0,25.0,4.0,7.0,15.0,11.0,261.0,454.0,194.0,370.0,23,1.25,1.51,37.0,63.0,20.0,16.0,3.0,4.0,1.0,5.0,8.0,9.0,2.0,1.0,0.69,1.63,8.0,7.0,9.0,5.0,10.0,10.0,10.0,6.0,28.0,30.0,4.0,2.0,8.0,18.0,1.14,1.76,18.0,8.0,45.0,49.0,35.0,27.0,9.0,5.0,0.0,0.0,0.0,1.0,3.0,2.0,1.63,0.69,0.63,-0.31,0.0,0.0,2026-03-01,23.0,https://www.flashscore.pl/mecz/pilka-nozna/nieciecza-YNkK4khO/radomiak-radom-zD5nYhAT/szczegoly/statystyki/?mid=nieNraAc,nieNraAc,193.0,260.0,374.0,460.0,19.0,41.0,17.0,36.0,66.0,92.0,103.0,146.0,3.0,20.0,7.0,25.0,15.0,20.0,10.0,14.0,BBT 1-1 RAD | Bruk-Bet T.,Radomiak Radom,BBT,RAD
2544,MOT,KOR,2,0,2026-02-28,49.3,50.7,13.0,22.0,4.0,5.0,4.0,11.0,5.0,6.0,2.0,10.0,14.0,15.0,1.0,1.0,4.0,1.0,0.0,0.0,0.0,0.0,15.0,41.0,4.0,12.0,10.0,11.0,350.0,341.0,274.0,258.0,23,1.51,1.68,49.0,51.0,12.0,22.0,4.0,4.0,4.0,3.0,2.0,10.0,4.0,1.0,1.28,1.6,6.0,7.0,2.0,11.0,10.0,15.0,2.0,7.0,22.0,39.0,1.0,2.0,15.0,14.0,1.62,0.97,14.0,15.0,68.0,50.0,54.0,24.0,5.0,7.0,1.0,1.0,0.0,0.0,4.0,2.0,1.6,1.28,1.6,-0.72,0.0,0.0,2026-02-28,23.0,https://www.flashscore.pl/mecz/pilka-nozna/korona-kielce-pp78XcbA/motor-lublin-IoLk2VlL/szczegoly/statystyki/?mid=rJlWtwuA,rJlWtwuA,274.0,349.0,257.0,341.0,20.0,42.0,17.0,59.0,62.0,90.0,73.0,116.0,4.0,15.0,12.0,39.0,11.0,20.0,13.0,16.0,MOT 2-0 KOR | Motor Lublin,Korona Kielce,MOT,KOR
2545,ZAG,WPŁ,2,0,2026-03-02,34.3,65.7,11.0,20.0,4.0,4.0,2.0,7.0,5.0,9.0,1.0,5.0,10.0,5.0,1.0,1.0,1.0,1.0,0.0,0.0,0.0,0.0,7.0,27.0,2.0,8.0,6.0,12.0,266.0,500.0,184.0,417.0,23,,,,,,,,,,,,,,,,,,,,,,,,,,,,,,,,,,,,,,,,,,,,,,,,,,,,,,,,,,,,,,,,,,,,,,,,,,,,,,,,
2546,POG,WID,1,0,2026-02-28,40.1,59.9,9.0,8.0,3.0,1.0,2.0,2.0,4.0,5.0,2.0,2.0,9.0,13.0,1.0,3.0,3.0,2.0,1.0,0.0,0.0,0.0,12.0,25.0,4.0,5.0,10.0,7.0,310.0,462.0,229.0,383.0,23,0.7,0.84,40.0,60.0,9.0,8.0,3.0,2.0,2.0,3.0,2.0,2.0,3.0,2.0,0.86,0.49,4.0,5.0,2.0,1.0,4.0,7.0,5.0,1.0,15.0,21.0,1.0,3.0,13.0,9.0,0.56,0.93,9.0,13.0,41.0,44.0,34.0,16.0,7.0,4.0,0.0,0.0,0.0,0.0,2.0,2.0,0.49,0.86,0.49,-0.14,0.0,1.0,2026-02-28,23.0,https://www.flashscore.pl/mecz/pilka-nozna/pogon-szczecin-Um9YwPQ0/widzew-lodz-rNOIW3uC/szczegoly/statystyki/?mid=bij3ZfXq,bij3ZfXq,230.0,310.0,381.0,461.0,25.0,55.0,14.0,47.0,52.0,91.0,79.0,124.0,4.0,12.0,6.0,26.0,9.0,11.0,7.0,12.0,POG 1-0 WID | Pogoń Szczecin,Widzew Łódź,POG,WID
2547,CRA,PIA,2,3,2026-02-27,48.2,51.8,11.0,9.0,4.0,5.0,1.0,2.0,6.0,2.0,2.0,1.0,15.0,11.0,2.0,1.0,3.0,1.0,0.0,0.0,0.0,0.0,11.0,19.0,2.0,6.0,8.0,5.0,382.0,402.0,294.0,307.0,23,1.19,1.81,48.0,52.0,11.0,9.0,4.0,5.0,3.0,3.0,2.0,1.0,3.0,1.0,1.56,2.38,6.0,2.0,1.0,2.0,5.0,7.0,5.0,2.0,13.0,27.0,2.0,1.0,11.0,15.0,0.84,0.74,15.0,11.0,43.0,46.0,35.0,27.0,12.0,4.0,0.0,0.0,0.0,0.0,2.0,2.0,2.38,1.56,-0.62,-0.44,0.0,0.0,2026-02-27,23.0,https://www.flashscore.pl/mecz/pilka-nozna/cracovia-KvXSf2A6/piast-gliwice-ve2oT9ck/szczegoly/statystyki/?mid=6HgBXY1d,6HgBXY1d,295.0,385.0,312.0,405.0,15.0,58.0,23.0,62.0,68.0,104.0,72.0,114.0,2.0,11.0,6.0,19.0,8.0,12.0,5.0,7.0,CRA 2-3 PIA | Cracovia,Piast Gliwice,CRA,PIA
2548,GKS,GÓR,3,1,2026-02-28,41.8,58.2,16.0,15.0,6.0,5.0,7.0,5.0,3.0,5.0,3.0,3.0,11.0,11.0,0.0,0.0,3.0,1.0,0.0,0.0,0.0,0.0,11.0,18.0,3.0,4.0,10.0,9.0,324.0,447.0,244.0,358.0,23,,,,,,,,,,,,,,,,,,,,,,,,,,,,,,,,,,,,,,,,,,,,,,,,,,,,,,,,,,,,,,,,,,,,,,,,,,,,,,,,
2549,LPO,RCZ,4,3,2026-03-01,53.6,46.4,24.0,14.0,11.0,7.0,7.0,3.0,6.0,4.0,6.0,2.0,18.0,12.0,0.0,2.0,4.0,1.0,0.0,0.0,0.0,0.0,19.0,14.0,8.0,6.0,5.0,8.0,371.0,327.0,292.0,251.0,23,2.66,2.61,54.0,46.0,24.0,15.0,11.0,7.0,4.0,3.0,6.0,2.0,4.0,1.0,4.94,3.27,6.0,5.0,7.0,3.0,13.0,11.0,11.0,4.0,29.0,23.0,0.0,2.0,12.0,18.0,1.07,0.61,18.0,12.0,35.0,50.0,18.0,41.0,7.0,7.0,0.0,1.0,0.0,0.0,4.0,8.0,3.27,4.94,0.27,0.94,0.0,0.0,2026-03-01,23.0,https://www.flashscore.pl/mecz/pilka-nozna/lech-poznan-OpNH7Ouf/rakow-czestochowa-SQOrbYim/szczegoly/statystyki/?mid=fwz6gGOF,fwz6gGOF,292.0,371.0,249.0,323.0,21.0,52.0,16.0,47.0,88.0,131.0,42.0,70.0,7.0,18.0,6.0,14.0,5.0,14.0,6.0,10.0,LEC 4-3 RAK | Lech Poznań,Raków Częstochowa,LPO,RCZ
2550,JAG,LEG,2,2,2026-03-01,57.2,42.8,10.0,17.0,5.0,1.0,2.0,9.0,3.0,7.0,4.0,7.0,14.0,14.0,1.0,0.0,1.0,0.0,0.0,0.0,0.0,0.0,15.0,23.0,5.0,10.0,9.0,9.0,463.0,334.0,375.0,251.0,23,1.75,1.03,58.0,42.0,10.0,17.0,5.0,1.0,2.0,1.0,4.0,7.0,1.0,0.0,2.29,0.02,3.0,7.0,2.0,9.0,8.0,9.0,2.0,8.0,28.0,33.0,1.0,0.0,14.0,14.0,1.18,1.9,14.0,14.0,50.0,52.0,33.0,27.0,4.0,9.0,0.0,0.0,0.0,1.0,1.0,3.0,0.02,2.29,0.02,0.29,0.0,0.0,2026-03-01,23.0,https://www.flashscore.pl/mecz/pilka-nozna/jagiellonia-bialystok-lIDaZJTc/legia-warszawa-K6kUepBs/szczegoly/statystyki/?mid=zmrEifgS,zmrEifgS,373.0,462.0,250.0,328.0,16.0,54.0,26.0,54.0,116.0,147.0,89.0,137.0,5.0,16.0,9.0,23.0,10.0,15.0,6.0,15.0,JAG 2-2 LEG | Jagiellonia Białystok,Legia Warszawa,JAG,LEG
2551,WPŁ,ARK,0,3,2026-03-09,50.3,49.7,14.0,15.0,1.0,5.0,6.0,4.0,7.0,6.0,6.0,2.0,9.0,11.0,2.0,1.0,2.0,1.0,0.0,0.0,0.0,0.0,23.0,15.0,6.0,6.0,7.0,7.0,411.0,415.0,322.0,332.0,24,,,,,,,,,,,,,,,,,,,,,,,,,,,,,,,,,,,,,,,,,,,,,,,,,,,,,,,,,,,,,,,,,,,,,,,,,,,,,,,,
2552,LEG,CRA,1,0,2026-03-08,40.6,59.4,14.0,10.0,4.0,3.0,5.0,2.0,5.0,5.0,4.0,3.0,19.0,15.0,1.0,0.0,1.0,3.0,0.0,0.0,0.0,0.0,15.0,19.0,3.0,7.0,16.0,10.0,360.0,526.0,265.0,424.0,24,0.77,0.55,41.0,59.0,14.0,11.0,4.0,3.0,1.0,1.0,4.0,3.0,1.0,3.0,1.52,0.5,5.0,6.0,5.0,2.0,7.0,6.0,7.0,5.0,21.0,14.0,1.0,0.0,15.0,19.0,0.86,0.71,19.0,15.0,58.0,66.0,28.0,27.0,11.0,5.0,0.0,1.0,0.0,1.0,3.0,3.0,0.5,1.52,0.5,0.52,0.0,0.0,2026-03-08,24.0,https://www.flashscore.pl/mecz/pilka-nozna/cracovia-KvXSf2A6/legia-warszawa-K6kUepBs/szczegoly/statystyki/?mid=SpNhpCo2,SpNhpCo2,267.0,364.0,422.0,524.0,18.0,58.0,18.0,55.0,59.0,101.0,103.0,147.0,3.0,14.0,6.0,19.0,17.0,25.0,10.0,16.0,LEG 1-0 CRA | Legia Warszawa,Cracovia,LEG,CRA
2553,LGD,JAG,3,0,2026-03-06,36.3,63.7,10.0,12.0,7.0,2.0,1.0,4.0,2.0,6.0,2.0,9.0,10.0,8.0,4.0,2.0,1.0,2.0,0.0,0.0,0.0,0.0,7.0,26.0,0.0,10.0,11.0,5.0,300.0,516.0,217.0,417.0,24,2.01,0.93,36.0,64.0,10.0,13.0,7.0,2.0,4.0,0.0,2.0,9.0,1.0,2.0,2.09,0.18,2.0,7.0,1.0,4.0,7.0,8.0,3.0,5.0,14.0,23.0,4.0,2.0,8.0,10.0,1.05,1.07,10.0,8.0,51.0,44.0,34.0,22.0,10.0,8.0,0.0,2.0,0.0,0.0,1.0,4.0,0.18,2.09,0.18,-0.91,0.0,0.0,2026-03-06,24.0,https://www.flashscore.pl/mecz/pilka-nozna/jagiellonia-bialystok-lIDaZJTc/lechia-gdansk-GGLmkiK8/szczegoly/statystyki/?mid=fiFv8Fw9,fiFv8Fw9,220.0,303.0,417.0,518.0,17.0,56.0,26.0,58.0,58.0,90.0,79.0,136.0,0.0,7.0,9.0,25.0,11.0,21.0,4.0,7.0,GDA 3-0 JAG | Lechia Gdańsk,Jagiellonia Białystok,LGD,JAG
2554,MOT,GÓR,0,0,2026-03-08,59.9,40.1,6.0,11.0,0.0,2.0,1.0,1.0,5.0,8.0,4.0,6.0,12.0,10.0,0.0,4.0,0.0,0.0,0.0,0.0,0.0,0.0,24.0,24.0,7.0,6.0,13.0,20.0,472.0,308.0,385.0,227.0,24,,,,,,,,,,,,,,,,,,,,,,,,,,,,,,,,,,,,,,,,,,,,,,,,,,,,,,,,,,,,,,,,,,,,,,,,,,,,,,,,
2555,RAD,GKS,0,1,2026-03-08,66.8,33.2,15.0,9.0,2.0,2.0,4.0,3.0,9.0,4.0,8.0,3.0,11.0,25.0,1.0,3.0,2.0,4.0,0.0,0.0,0.0,0.0,39.0,13.0,14.0,3.0,8.0,8.0,472.0,239.0,363.0,148.0,24,1.26,0.93,66.0,34.0,15.0,9.0,2.0,2.0,1.0,2.0,8.0,3.0,2.0,4.0,0.19,1.38,9.0,4.0,4.0,3.0,9.0,5.0,6.0,4.0,28.0,17.0,1.0,3.0,25.0,11.0,1.25,0.61,11.0,25.0,58.0,41.0,25.0,42.0,4.0,11.0,1.0,0.0,1.0,0.0,1.0,2.0,1.38,0.19,0.38,0.19,0.0,0.0,2026-03-08,24.0,https://www.flashscore.pl/mecz/pilka-nozna/gks-katowice-K4AgRmS1/radomiak-radom-zD5nYhAT/szczegoly/statystyki/?mid=QukJ0XVr,QukJ0XVr,366.0,474.0,149.0,244.0,33.0,66.0,24.0,72.0,120.0,177.0,51.0,93.0,13.0,37.0,2.0,12.0,8.0,11.0,8.0,13.0,RAD 0-1 KAT | Radomiak Radom,GKS Katowice,RAD,GKS
2556,KOR,BBT,2,1,2026-03-07,51.0,49.0,10.0,17.0,4.0,2.0,2.0,7.0,4.0,8.0,5.0,6.0,19.0,12.0,3.0,1.0,1.0,0.0,0.0,0.0,0.0,0.0,23.0,27.0,12.0,5.0,7.0,8.0,373.0,355.0,293.0,267.0,24,2.0,1.66,51.0,49.0,10.0,17.0,4.0,2.0,4.0,2.0,5.0,6.0,1.0,0.0,2.55,0.64,5.0,8.0,1.0,7.0,9.0,14.0,1.0,3.0,25.0,38.0,3.0,1.0,12.0,19.0,1.18,2.16,19.0,12.0,59.0,56.0,45.0,24.0,10.0,8.0,0.0,0.0,0.0,0.0,1.0,2.0,0.64,2.55,-0.36,0.55,0.0,0.0,2026-03-07,24.0,https://www.flashscore.pl/mecz/pilka-nozna/korona-kielce-pp78XcbA/nieciecza-YNkK4khO/szczegoly/statystyki/?mid=M7rSbB0e,M7rSbB0e,294.0,373.0,265.0,349.0,26.0,62.0,22.0,47.0,61.0,90.0,69.0,113.0,11.0,23.0,6.0,30.0,9.0,17.0,8.0,10.0,KOR 2-1 BBT | Korona Kielce,Bruk-Bet T.,KOR,BBT
2557,RCZ,POG,2,0,2026-03-08,63.8,36.2,23.0,5.0,6.0,1.0,5.0,2.0,12.0,2.0,6.0,0.0,10.0,13.0,3.0,2.0,0.0,3.0,0.0,1.0,0.0,1.0,24.0,4.0,9.0,0.0,10.0,11.0,554.0,321.0,479.0,241.0,24,,,,,,,,,,,,,,,,,,,,,,,,,,,,,,,,,,,,,,,,,,,,,,,,,,,,,,,,,,,,,,,,,,,,,,,,,,,,,,,,
2558,PIA,ZAG,1,3,2026-03-07,67.4,32.6,16.0,8.0,3.0,5.0,4.0,1.0,9.0,2.0,10.0,7.0,7.0,15.0,1.0,1.0,1.0,3.0,0.0,0.0,0.0,0.0,30.0,16.0,8.0,5.0,7.0,6.0,439.0,212.0,355.0,128.0,24,1.39,0.63,67.0,33.0,17.0,8.0,3.0,5.0,2.0,1.0,10.0,7.0,1.0,3.0,0.74,2.1,9.0,2.0,5.0,1.0,13.0,7.0,4.0,1.0,36.0,12.0,1.0,1.0,15.0,8.0,1.92,1.09,8.0,15.0,57.0,50.0,23.0,42.0,2.0,4.0,0.0,0.0,1.0,0.0,2.0,2.0,2.1,0.74,-0.9,-0.26,0.0,0.0,2026-03-07,24.0,https://www.flashscore.pl/mecz/pilka-nozna/piast-gliwice-ve2oT9ck/zaglebie-lubin-tlYOere0/szczegoly/statystyki/?mid=ATOMKhNE,ATOMKhNE,357.0,439.0,127.0,215.0,16.0,37.0,15.0,63.0,113.0,155.0,36.0,69.0,8.0,30.0,5.0,16.0,8.0,11.0,6.0,11.0,PIA 1-3 ZAG | Piast Gliwice,Zagłębie Lubin,PIA,ZAG
2559,WID,LPO,2,1,2026-03-07,28.5,71.5,11.0,12.0,4.0,6.0,1.0,2.0,6.0,4.0,3.0,5.0,21.0,11.0,3.0,1.0,3.0,2.0,0.0,0.0,0.0,0.0,20.0,20.0,4.0,5.0,12.0,5.0,214.0,561.0,146.0,489.0,24,0.68,0.85,29.0,71.0,11.0,12.0,4.0,6.0,1.0,3.0,3.0,5.0,3.0,1.0,1.04,0.92,6.0,4.0,1.0,2.0,6.0,7.0,5.0,5.0,17.0,26.0,3.0,1.0,11.0,21.0,0.61,0.97,21.0,11.0,52.0,49.0,37.0,18.0,7.0,3.0,0.0,2.0,0.0,0.0,5.0,2.0,0.92,1.04,-0.08,-0.96,0.0,0.0,2026-03-07,24.0,https://www.flashscore.pl/mecz/pilka-nozna/lech-poznan-OpNH7Ouf/widzew-lodz-rNOIW3uC/szczegoly/statystyki/?mid=0b31DAFl,0b31DAFl,148.0,219.0,492.0,565.0,27.0,64.0,19.0,41.0,56.0,82.0,124.0,162.0,4.0,18.0,5.0,18.0,14.0,23.0,4.0,10.0,WID 2-1 LEC | Widzew Łódź,Lech Poznań,WID,LPO
2560,ARK,WID,0,0,2026-03-15,49.6,50.4,10.0,10.0,1.0,1.0,5.0,7.0,4.0,2.0,8.0,3.0,20.0,21.0,3.0,1.0,2.0,1.0,0.0,0.0,0.0,0.0,22.0,11.0,3.0,4.0,5.0,11.0,314.0,331.0,238.0,233.0,25,0.6,0.66,49.0,51.0,10.0,10.0,1.0,1.0,1.0,0.0,8.0,3.0,2.0,1.0,0.22,0.41,4.0,2.0,5.0,7.0,4.0,6.0,6.0,4.0,16.0,17.0,3.0,1.0,21.0,20.0,0.33,0.8,20.0,21.0,64.0,51.0,21.0,33.0,8.0,5.0,1.0,0.0,0.0,0.0,1.0,1.0,0.41,0.22,0.41,0.22,0.0,0.0,2026-03-15,25.0,https://www.flashscore.pl/mecz/pilka-nozna/arka-gdynia-feEez0Ei/widzew-lodz-rNOIW3uC/szczegoly/statystyki/?mid=8O69Blp1,8O69Blp1,238.0,313.0,234.0,331.0,23.0,57.0,24.0,66.0,47.0,80.0,59.0,101.0,3.0,22.0,4.0,11.0,5.0,10.0,10.0,16.0,ARK 0-0 WID | Arka Gdynia,Widzew Łódź,ARK,WID
2561,BBT,MOT,1,2,2026-03-13,44.3,55.7,20.0,11.0,7.0,5.0,7.0,2.0,6.0,4.0,4.0,4.0,19.0,13.0,0.0,1.0,3.0,6.0,1.0,0.0,1.0,0.0,22.0,14.0,7.0,2.0,7.0,4.0,365.0,473.0,276.0,385.0,25,1.51,1.54,45.0,55.0,20.0,11.0,7.0,4.0,4.0,2.0,4.0,4.0,3.0,6.0,1.78,1.13,6.0,4.0,7.0,3.0,14.0,8.0,6.0,3.0,55.0,30.0,0.0,1.0,13.0,19.0,1.35,1.4,19.0,13.0,60.0,54.0,30.0,35.0,5.0,10.0,0.0,0.0,0.0,1.0,2.0,6.0,1.13,1.78,-0.87,0.78,0.0,1.0,2026-03-13,25.0,https://www.flashscore.pl/mecz/pilka-nozna/motor-lublin-IoLk2VlL/nieciecza-YNkK4khO/szczegoly/statystyki/?mid=4j0I9SED,4j0I9SED,278.0,367.0,388.0,471.0,28.0,50.0,20.0,47.0,90.0,142.0,100.0,141.0,6.0,22.0,2.0,14.0,8.0,18.0,5.0,11.0,BBT 1-2 MOT | Bruk-Bet T.,Motor Lublin,BBT,MOT
2562,ZAG,LPO,0,1,2026-03-15,37.0,63.0,14.0,15.0,1.0,4.0,5.0,6.0,8.0,5.0,2.0,3.0,12.0,14.0,1.0,3.0,1.0,3.0,0.0,0.0,0.0,0.0,19.0,11.0,4.0,0.0,14.0,11.0,290.0,515.0,195.0,425.0,25,0.55,2.14,37.0,63.0,14.0,15.0,1.0,4.0,0.0,2.0,2.0,3.0,1.0,3.0,0.48,1.3,8.0,5.0,5.0,6.0,6.0,8.0,8.0,7.0,33.0,19.0,1.0,3.0,14.0,12.0,0.55,0.63,12.0,14.0,58.0,50.0,23.0,33.0,13.0,5.0,0.0,0.0,0.0,0.0,3.0,1.0,1.3,0.48,0.3,0.48,0.0,0.0,2026-03-15,25.0,https://www.flashscore.pl/mecz/pilka-nozna/lech-poznan-OpNH7Ouf/zaglebie-lubin-tlYOere0/szczegoly/statystyki/?mid=fJBTGqMt,fJBTGqMt,192.0,287.0,425.0,516.0,28.0,58.0,19.0,51.0,44.0,94.0,72.0,111.0,4.0,19.0,0.0,11.0,12.0,16.0,11.0,15.0,ZAG 0-1 LEC | Zagłębie Lubin,Lech Poznań,ZAG,LPO
2563,GÓR,RCZ,3,1,2026-03-15,43.5,56.5,13.0,15.0,6.0,3.0,3.0,6.0,4.0,6.0,4.0,7.0,12.0,10.0,0.0,0.0,0.0,0.0,1.0,0.0,0.0,0.0,14.0,23.0,1.0,6.0,8.0,9.0,341.0,436.0,257.0,377.0,25,,,,,,,,,,,,,,,,,,,,,,,,,,,,,,,,,,,,,,,,,,,,,,,,,,,,,,,,,,,,,,,,,,,,,,,,,,,,,,,,
2564,RAD,LEG,1,1,2026-03-13,57.8,42.2,7.0,12.0,1.0,6.0,2.0,1.0,4.0,5.0,3.0,7.0,14.0,19.0,3.0,1.0,2.0,1.0,0.0,0.0,0.0,0.0,12.0,20.0,1.0,6.0,7.0,7.0,405.0,284.0,310.0,199.0,25,0.6,0.78,57.0,43.0,7.0,11.0,1.0,6.0,1.0,3.0,3.0,7.0,2.0,1.0,0.49,0.92,4.0,4.0,2.0,1.0,2.0,7.0,5.0,4.0,3.0,23.0,3.0,1.0,19.0,14.0,0.42,1.19,14.0,19.0,56.0,54.0,24.0,23.0,9.0,7.0,1.0,0.0,0.0,0.0,5.0,0.0,0.92,0.49,-0.08,-0.51,0.0,0.0,2026-03-13,25.0,https://www.flashscore.pl/mecz/pilka-nozna/legia-warszawa-K6kUepBs/radomiak-radom-zD5nYhAT/szczegoly/statystyki/?mid=8dpxD1L5,8dpxD1L5,311.0,404.0,201.0,287.0,20.0,51.0,24.0,55.0,70.0,112.0,54.0,94.0,1.0,11.0,5.0,19.0,6.0,12.0,7.0,13.0,RAD 1-1 LEG | Radomiak Radom,Legia Warszawa,RAD,LEG
2565,POG,KOR,2,1,2026-03-16,63.6,36.4,23.0,5.0,7.0,4.0,6.0,0.0,10.0,1.0,10.0,3.0,12.0,7.0,0.0,3.0,0.0,1.0,0.0,0.0,0.0,0.0,39.0,18.0,8.0,3.0,9.0,10.0,508.0,295.0,431.0,224.0,25,2.15,0.73,64.0,36.0,23.0,5.0,7.0,4.0,1.0,2.0,10.0,3.0,0.0,1.0,0.59,1.14,10.0,1.0,6.0,0.0,21.0,5.0,2.0,0.0,51.0,14.0,0.0,3.0,7.0,12.0,1.97,0.79,12.0,7.0,46.0,58.0,31.0,59.0,7.0,10.0,0.0,0.0,1.0,0.0,4.0,5.0,1.14,0.59,1.14,-1.41,0.0,0.0,2026-03-16,25.0,https://www.flashscore.pl/mecz/pilka-nozna/korona-kielce-pp78XcbA/pogon-szczecin-Um9YwPQ0/szczegoly/statystyki/?mid=UBYpBujI,UBYpBujI,430.0,506.0,224.0,294.0,21.0,40.0,16.0,46.0,138.0,194.0,51.0,80.0,8.0,38.0,3.0,18.0,11.0,17.0,12.0,18.0,POG 2-1 KOR | Pogoń Szczecin,Korona Kielce,POG,KOR
2566,CRA,WPŁ,1,2,2026-03-14,74.1,25.9,28.0,4.0,7.0,2.0,12.0,0.0,9.0,2.0,11.0,4.0,6.0,8.0,2.0,0.0,0.0,3.0,0.0,0.0,0.0,0.0,56.0,6.0,10.0,1.0,9.0,14.0,511.0,188.0,450.0,102.0,25,,,,,,,,,,,,,,,,,,,,,,,,,,,,,,,,,,,,,,,,,,,,,,,,,,,,,,,,,,,,,,,,,,,,,,,,,,,,,,,,
2567,GKS,LGD,2,0,2026-03-14,37.5,62.5,13.0,14.0,7.0,1.0,2.0,5.0,4.0,8.0,5.0,5.0,9.0,8.0,2.0,2.0,1.0,2.0,0.0,0.0,0.0,0.0,14.0,19.0,3.0,3.0,9.0,13.0,294.0,489.0,223.0,406.0,25,1.39,1.02,38.0,62.0,13.0,14.0,7.0,1.0,2.0,1.0,5.0,5.0,1.0,2.0,1.16,0.01,4.0,8.0,2.0,5.0,7.0,6.0,6.0,8.0,14.0,22.0,2.0,2.0,8.0,9.0,0.64,0.93,9.0,8.0,56.0,41.0,36.0,16.0,6.0,7.0,0.0,1.0,0.0,0.0,1.0,5.0,0.01,1.16,0.01,-0.84,0.0,0.0,2026-03-14,25.0,https://www.flashscore.pl/mecz/pilka-nozna/gks-katowice-K4AgRmS1/lechia-gdansk-GGLmkiK8/szczegoly/statystyki/?mid=G2g1DVWo,G2g1DVWo,222.0,299.0,409.0,495.0,23.0,53.0,24.0,47.0,59.0,84.0,106.0,145.0,3.0,14.0,3.0,19.0,10.0,13.0,13.0,16.0,KAT 2-0 GDA | GKS Katowice,Lechia Gdańsk,GKS,LGD
2568,JAG,PIA,1,2,2026-03-14,64.1,35.9,15.0,17.0,5.0,7.0,5.0,4.0,5.0,6.0,7.0,7.0,6.0,15.0,5.0,0.0,0.0,3.0,0.0,0.0,0.0,0.0,31.0,17.0,6.0,10.0,7.0,9.0,556.0,312.0,442.0,219.0,25,0.48,1.01,64.0,36.0,15.0,17.0,5.0,7.0,0.0,2.0,7.0,7.0,0.0,3.0,0.71,1.23,5.0,6.0,5.0,4.0,6.0,11.0,9.0,6.0,23.0,29.0,5.0,0.0,15.0,6.0,0.68,1.18,6.0,15.0,51.0,41.0,25.0,49.0,10.0,14.0,1.0,0.0,0.0,0.0,4.0,4.0,1.23,0.71,-0.77,-0.29,0.0,0.0,2026-03-14,25.0,https://www.flashscore.pl/mecz/pilka-nozna/jagiellonia-bialystok-lIDaZJTc/piast-gliwice-ve2oT9ck/szczegoly/statystyki/?mid=lGi9B91b,lGi9B91b,448.0,563.0,219.0,312.0,18.0,44.0,17.0,62.0,142.0,198.0,92.0,140.0,5.0,31.0,10.0,17.0,7.0,14.0,9.0,15.0,JAG 1-2 PIA | Jagiellonia Białystok,Piast Gliwice,JAG,PIA
2569,JAG,WPŁ,1,2,2026-03-21,74.1,25.9,25.0,6.0,8.0,3.0,7.0,0.0,10.0,3.0,8.0,1.0,6.0,10.0,0.0,0.0,0.0,2.0,0.0,0.0,0.0,0.0,53.0,9.0,6.0,1.0,7.0,10.0,656.0,239.0,582.0,158.0,26,,,,,,,,,,,,,,,,,,,,,,,,,,,,,,,,,,,,,,,,,,,,,,,,,,,,,,,,,,,,,,,,,,,,,,,,,,,,,,,,
2570,LEG,RCZ,1,1,2026-03-22,53.5,46.5,17.0,11.0,2.0,4.0,8.0,3.0,7.0,4.0,7.0,3.0,18.0,11.0,2.0,0.0,1.0,3.0,0.0,0.0,0.0,0.0,30.0,7.0,9.0,2.0,8.0,13.0,411.0,380.0,339.0,298.0,26,1.71,1.53,54.0,46.0,17.0,11.0,2.0,4.0,1.0,2.0,7.0,3.0,1.0,3.0,0.98,1.21,7.0,4.0,8.0,3.0,9.0,6.0,8.0,5.0,31.0,17.0,2.0,0.0,11.0,18.0,1.3,0.23,18.0,11.0,55.0,63.0,21.0,34.0,11.0,9.0,1.0,1.0,1.0,0.0,3.0,1.0,1.21,0.98,0.21,-0.02,0.0,0.0,2026-03-22,26.0,https://www.flashscore.pl/mecz/pilka-nozna/legia-warszawa-K6kUepBs/rakow-czestochowa-SQOrbYim/szczegoly/statystyki/?mid=h8lQ7R0N,h8lQ7R0N,341.0,413.0,295.0,379.0,14.0,36.0,20.0,59.0,104.0,139.0,47.0,79.0,8.0,29.0,2.0,7.0,7.0,15.0,14.0,21.0,LEG 1-1 RAK | Legia Warszawa,Raków Częstochowa,LEG,RCZ
2571,LGD,POG,2,1,2026-03-21,40.6,59.4,15.0,18.0,7.0,7.0,3.0,10.0,5.0,1.0,7.0,9.0,10.0,6.0,0.0,4.0,1.0,0.0,0.0,0.0,0.0,0.0,21.0,23.0,5.0,8.0,10.0,3.0,309.0,460.0,213.0,356.0,26,2.68,1.53,41.0,59.0,15.0,18.0,7.0,7.0,4.0,1.0,7.0,9.0,1.0,0.0,1.68,1.52,5.0,1.0,3.0,10.0,9.0,11.0,6.0,7.0,19.0,40.0,0.0,4.0,6.0,10.0,2.33,0.99,10.0,6.0,54.0,48.0,42.0,34.0,11.0,15.0,0.0,0.0,0.0,0.0,6.0,4.0,1.52,1.68,0.52,-0.32,0.0,0.0,2026-03-21,26.0,https://www.flashscore.pl/mecz/pilka-nozna/lechia-gdansk-GGLmkiK8/pogon-szczecin-Um9YwPQ0/szczegoly/statystyki/?mid=xtQd25Op,xtQd25Op,213.0,309.0,356.0,460.0,25.0,67.0,25.0,49.0,65.0,110.0,95.0,146.0,5.0,21.0,8.0,23.0,10.0,18.0,3.0,5.0,GDA 2-1 POG | Lechia Gdańsk,Pogoń Szczecin,LGD,POG
2572,MOT,ZAG,1,0,2026-03-20,46.6,53.4,9.0,9.0,1.0,1.0,4.0,4.0,4.0,4.0,4.0,5.0,13.0,14.0,3.0,2.0,0.0,0.0,0.0,0.0,0.0,0.0,12.0,22.0,2.0,8.0,12.0,14.0,285.0,328.0,187.0,234.0,26,1.5,0.37,46.0,54.0,9.0,9.0,1.0,1.0,2.0,0.0,4.0,5.0,0.0,0.0,0.86,0.03,4.0,4.0,4.0,4.0,9.0,7.0,0.0,2.0,26.0,32.0,3.0,2.0,14.0,13.0,0.69,1.12,13.0,14.0,65.0,62.0,37.0,33.0,2.0,8.0,2.0,0.0,0.0,1.0,1.0,0.0,0.03,0.86,0.03,-0.14,0.0,0.0,2026-03-20,26.0,https://www.flashscore.pl/mecz/pilka-nozna/motor-lublin-IoLk2VlL/zaglebie-lubin-tlYOere0/szczegoly/statystyki/?mid=rwDrQ8Gi,rwDrQ8Gi,188.0,285.0,234.0,330.0,13.0,48.0,19.0,55.0,34.0,73.0,91.0,145.0,2.0,12.0,7.0,22.0,13.0,22.0,14.0,24.0,MOT 1-0 ZAG | Motor Lublin,Zagłębie Lubin,MOT,ZAG
2573,KOR,ARK,3,0,2026-03-22,54.0,46.0,25.0,10.0,4.0,5.0,12.0,1.0,9.0,4.0,7.0,3.0,14.0,16.0,2.0,1.0,1.0,1.0,0.0,0.0,0.0,0.0,20.0,13.0,9.0,4.0,9.0,6.0,412.0,354.0,318.0,274.0,26,3.0,0.81,54.0,46.0,25.0,10.0,4.0,5.0,4.0,2.0,7.0,3.0,1.0,1.0,2.17,1.3,9.0,4.0,12.0,1.0,19.0,7.0,6.0,3.0,39.0,22.0,2.0,1.0,16.0,14.0,1.26,0.91,14.0,16.0,63.0,55.0,16.0,24.0,7.0,7.0,0.0,0.0,0.0,0.0,5.0,1.0,1.3,2.17,1.3,-0.83,0.0,0.0,2026-03-22,26.0,https://www.flashscore.pl/mecz/pilka-nozna/arka-gdynia-feEez0Ei/korona-kielce-pp78XcbA/szczegoly/statystyki/?mid=v56iOno4,v56iOno4,317.0,410.0,276.0,355.0,19.0,54.0,13.0,46.0,67.0,100.0,50.0,78.0,9.0,20.0,4.0,13.0,7.0,16.0,6.0,15.0,KOR 3-0 ARK | Korona Kielce,Arka Gdynia,KOR,ARK
2574,CRA,GKS,1,0,2026-03-21,40.5,59.5,9.0,17.0,2.0,4.0,4.0,6.0,3.0,7.0,6.0,3.0,11.0,14.0,1.0,0.0,2.0,1.0,0.0,0.0,0.0,0.0,13.0,21.0,2.0,6.0,7.0,8.0,283.0,416.0,202.0,334.0,26,1.2,1.67,40.0,60.0,9.0,17.0,2.0,4.0,1.0,2.0,6.0,3.0,2.0,1.0,0.96,0.23,3.0,7.0,4.0,6.0,7.0,11.0,2.0,6.0,21.0,28.0,1.0,0.0,14.0,11.0,0.69,0.84,11.0,14.0,50.0,41.0,35.0,27.0,12.0,4.0,1.0,1.0,0.0,0.0,3.0,1.0,0.23,0.96,0.23,-0.04,0.0,0.0,2026-03-21,26.0,https://www.flashscore.pl/mecz/pilka-nozna/cracovia-KvXSf2A6/gks-katowice-K4AgRmS1/szczegoly/statystyki/?mid=CI4aMQFG,CI4aMQFG,200.0,280.0,335.0,416.0,14.0,59.0,18.0,41.0,47.0,79.0,81.0,111.0,3.0,14.0,6.0,22.0,7.0,13.0,8.0,13.0,CRA 1-0 KAT | Cracovia,GKS Katowice,CRA,GKS
2575,LPO,BBT,4,1,2026-03-22,67.7,32.3,26.0,10.0,9.0,5.0,7.0,2.0,10.0,3.0,6.0,5.0,7.0,17.0,1.0,1.0,0.0,5.0,0.0,1.0,0.0,1.0,25.0,10.0,9.0,4.0,3.0,7.0,564.0,270.0,500.0,203.0,26,3.58,1.23,67.0,33.0,26.0,9.0,9.0,4.0,6.0,1.0,6.0,5.0,0.0,5.0,2.72,0.7,10.0,3.0,7.0,2.0,15.0,5.0,11.0,4.0,37.0,13.0,1.0,1.0,17.0,7.0,2.32,0.71,7.0,17.0,45.0,38.0,11.0,27.0,5.0,4.0,0.0,1.0,1.0,0.0,3.0,5.0,0.7,2.72,-0.3,-1.28,1.0,0.0,2026-03-22,26.0,https://www.flashscore.pl/mecz/pilka-nozna/lech-poznan-OpNH7Ouf/nieciecza-YNkK4khO/szczegoly/statystyki/?mid=8pb8K4pT,8pb8K4pT,499.0,560.0,203.0,271.0,26.0,38.0,24.0,42.0,113.0,150.0,41.0,69.0,9.0,24.0,4.0,10.0,5.0,12.0,8.0,13.0,LEC 4-1 BBT | Lech Poznań,Bruk-Bet T.,LPO,BBT
2576,PIA,RAD,3,1,2026-03-20,45.0,55.0,19.0,6.0,9.0,2.0,3.0,1.0,7.0,3.0,5.0,3.0,7.0,8.0,1.0,3.0,3.0,3.0,0.0,0.0,0.0,0.0,16.0,16.0,2.0,3.0,9.0,10.0,370.0,457.0,284.0,366.0,26,2.85,0.58,45.0,55.0,20.0,6.0,9.0,2.0,4.0,1.0,5.0,3.0,3.0,3.0,3.25,0.87,7.0,3.0,4.0,1.0,13.0,5.0,7.0,1.0,35.0,22.0,1.0,3.0,8.0,7.0,1.86,0.57,7.0,8.0,38.0,46.0,28.0,38.0,10.0,12.0,0.0,0.0,0.0,1.0,1.0,6.0,0.87,3.25,-0.13,0.25,0.0,0.0,2026-03-20,26.0,https://www.flashscore.pl/mecz/pilka-nozna/piast-gliwice-ve2oT9ck/radomiak-radom-zD5nYhAT/szczegoly/statystyki/?mid=OA3wFr8j,OA3wFr8j,279.0,367.0,365.0,455.0,25.0,66.0,25.0,57.0,103.0,151.0,87.0,124.0,5.0,17.0,3.0,15.0,6.0,12.0,10.0,16.0,PIA 3-1 RAD | Piast Gliwice,Radomiak Radom,PIA,RAD
2577,WID,GÓR,0,0,2026-03-22,46.0,54.0,5.0,8.0,0.0,2.0,2.0,3.0,3.0,3.0,1.0,2.0,17.0,9.0,0.0,3.0,0.0,1.0,0.0,0.0,0.0,0.0,15.0,10.0,1.0,1.0,16.0,19.0,373.0,446.0,259.0,340.0,26,,,,,,,,,,,,,,,,,,,,,,,,,,,,,,,,,,,,,,,,,,,,,,,,,,,,,,,,,,,,,,,,,,,,,,,,,,,,,,,,
2578,ARK,ZAG,3,1,2026-04-07,50.2,49.8,14.0,11.0,5.0,2.0,4.0,4.0,5.0,5.0,5.0,5.0,13.0,15.0,4.0,0.0,3.0,3.0,0.0,1.0,0.0,1.0,13.0,32.0,5.0,7.0,3.0,13.0,314.0,293.0,222.0,211.0,27,1.86,0.87,50.0,50.0,14.0,11.0,5.0,2.0,2.0,1.0,5.0,5.0,3.0,4.0,2.49,1.06,5.0,5.0,4.0,4.0,9.0,7.0,5.0,4.0,24.0,21.0,4.0,0.0,15.0,13.0,1.13,0.91,13.0,15.0,64.0,59.0,39.0,30.0,5.0,8.0,0.0,1.0,0.0,0.0,1.0,2.0,1.06,2.49,0.06,-0.51,1.0,0.0,2026-04-07,27.0,https://www.flashscore.pl/mecz/pilka-nozna/arka-gdynia-feEez0Ei/zaglebie-lubin-tlYOere0/szczegoly/statystyki/?mid=CWqYzQU9,CWqYzQU9,226.0,315.0,210.0,297.0,22.0,52.0,29.0,59.0,56.0,96.0,67.0,119.0,5.0,13.0,7.0,30.0,3.0,9.0,14.0,17.0,ARK 3-1 ZAG | Arka Gdynia,Zagłębie Lubin,ARK,ZAG
2579,BBT,PIA,3,2,2026-04-06,37.3,62.7,6.0,21.0,5.0,7.0,0.0,5.0,1.0,9.0,3.0,9.0,10.0,9.0,1.0,4.0,3.0,3.0,0.0,1.0,0.0,1.0,8.0,27.0,1.0,9.0,4.0,7.0,291.0,473.0,186.0,363.0,27,1.4,2.01,37.0,63.0,6.0,21.0,5.0,7.0,2.0,2.0,3.0,9.0,3.0,3.0,2.22,1.46,1.0,9.0,0.0,5.0,4.0,14.0,2.0,7.0,8.0,37.0,1.0,4.0,9.0,10.0,0.31,1.49,10.0,9.0,44.0,50.0,59.0,28.0,9.0,3.0,0.0,1.0,1.0,1.0,5.0,2.0,1.46,2.22,-0.54,-0.78,1.0,0.0,2026-04-06,27.0,https://www.flashscore.pl/mecz/pilka-nozna/nieciecza-YNkK4khO/piast-gliwice-ve2oT9ck/szczegoly/statystyki/?mid=8bwsZ3aM,8bwsZ3aM,185.0,289.0,362.0,465.0,21.0,64.0,31.0,61.0,28.0,78.0,107.0,159.0,1.0,8.0,10.0,28.0,5.0,11.0,5.0,11.0,BBT 3-2 PIA | Bruk-Bet T.,Piast Gliwice,BBT,PIA
2580,LGD,KOR,4,2,2026-04-06,51.7,48.3,17.0,18.0,9.0,4.0,5.0,9.0,3.0,5.0,6.0,5.0,14.0,6.0,3.0,0.0,4.0,0.0,0.0,1.0,0.0,0.0,21.0,16.0,5.0,2.0,11.0,4.0,368.0,343.0,294.0,266.0,27,3.57,1.88,52.0,48.0,17.0,18.0,9.0,4.0,7.0,3.0,6.0,5.0,4.0,0.0,3.51,2.7,3.0,5.0,5.0,9.0,10.0,14.0,7.0,4.0,36.0,40.0,3.0,0.0,6.0,14.0,2.41,1.26,14.0,6.0,42.0,45.0,40.0,41.0,4.0,5.0,1.0,1.0,0.0,2.0,2.0,4.0,2.7,3.51,0.7,-0.49,1.0,0.0,2026-04-06,27.0,https://www.flashscore.pl/mecz/pilka-nozna/korona-kielce-pp78XcbA/lechia-gdansk-GGLmkiK8/szczegoly/statystyki/?mid=4UOCTsNq,4UOCTsNq,296.0,367.0,265.0,342.0,19.0,37.0,14.0,40.0,96.0,134.0,54.0,94.0,5.0,21.0,4.0,19.0,11.0,21.0,4.0,9.0,GDA 4-2 KOR | Lechia Gdańsk,Korona Kielce,LGD,KOR
2581,GÓR,CRA,3,0,2026-04-04,53.2,46.8,15.0,16.0,4.0,3.0,7.0,4.0,4.0,9.0,4.0,6.0,10.0,11.0,2.0,0.0,0.0,2.0,0.0,0.0,0.0,0.0,13.0,16.0,6.0,4.0,7.0,7.0,475.0,412.0,398.0,337.0,27,,,,,,,,,,,,,,,,,,,,,,,,,,,,,,,,,,,,,,,,,,,,,,,,,,,,,,,,,,,,,,,,,,,,,,,,,,,,,,,,
2582,RAD,MOT,1,1,2026-04-06,45.9,54.1,17.0,14.0,2.0,3.0,3.0,4.0,12.0,7.0,6.0,10.0,15.0,14.0,1.0,1.0,0.0,3.0,0.0,0.0,0.0,0.0,25.0,39.0,9.0,9.0,9.0,12.0,361.0,423.0,311.0,361.0,27,1.85,1.01,46.0,54.0,17.0,15.0,2.0,3.0,4.0,2.0,6.0,10.0,0.0,3.0,1.13,0.75,12.0,8.0,3.0,4.0,11.0,9.0,6.0,6.0,30.0,29.0,1.0,1.0,14.0,15.0,1.67,1.54,15.0,14.0,48.0,51.0,37.0,24.0,11.0,4.0,0.0,1.0,0.0,1.0,3.0,1.0,0.75,1.13,-0.25,0.13,0.0,0.0,2026-04-06,27.0,https://www.flashscore.pl/mecz/pilka-nozna/motor-lublin-IoLk2VlL/radomiak-radom-zD5nYhAT/szczegoly/statystyki/?mid=jwXakPq3,jwXakPq3,310.0,359.0,359.0,420.0,26.0,45.0,10.0,30.0,86.0,104.0,92.0,121.0,9.0,26.0,9.0,40.0,9.0,11.0,13.0,18.0,RAD 1-1 MOT | Radomiak Radom,Motor Lublin,RAD,MOT
2583,POG,LEG,0,2,2026-04-06,58.1,41.9,14.0,10.0,1.0,6.0,8.0,0.0,5.0,4.0,4.0,3.0,9.0,11.0,6.0,2.0,2.0,1.0,0.0,0.0,0.0,0.0,14.0,20.0,3.0,4.0,11.0,8.0,452.0,316.0,362.0,234.0,27,0.8,2.22,58.0,42.0,14.0,10.0,1.0,6.0,1.0,6.0,4.0,3.0,2.0,1.0,0.05,2.21,5.0,4.0,8.0,0.0,5.0,10.0,9.0,0.0,19.0,27.0,6.0,2.0,11.0,9.0,0.81,0.95,9.0,11.0,56.0,53.0,36.0,30.0,5.0,14.0,0.0,0.0,2.0,0.0,4.0,1.0,2.21,0.04,0.21,0.04,0.0,0.0,2026-04-06,27.0,https://www.flashscore.pl/mecz/pilka-nozna/legia-warszawa-K6kUepBs/pogon-szczecin-Um9YwPQ0/szczegoly/statystyki/?mid=ChL8m3EF,ChL8m3EF,362.0,452.0,234.0,316.0,18.0,51.0,16.0,48.0,101.0,142.0,106.0,148.0,3.0,14.0,4.0,20.0,11.0,15.0,8.0,16.0,POG 0-2 LEG | Pogoń Szczecin,Legia Warszawa,POG,LEG
2584,GKS,WPŁ,1,0,2026-04-04,63.7,36.3,15.0,15.0,5.0,4.0,4.0,4.0,6.0,7.0,10.0,2.0,9.0,9.0,2.0,1.0,3.0,1.0,0.0,0.0,0.0,0.0,41.0,17.0,11.0,5.0,6.0,7.0,540.0,313.0,476.0,241.0,27,,,,,,,,,,,,,,,,,,,,,,,,,,,,,,,,,,,,,,,,,,,,,,,,,,,,,,,,,,,,,,,,,,,,,,,,,,,,,,,,
2585,RCZ,WID,1,1,2026-04-04,38.6,61.4,6.0,16.0,2.0,2.0,1.0,5.0,3.0,9.0,4.0,5.0,10.0,20.0,3.0,2.0,2.0,3.0,1.0,0.0,1.0,0.0,9.0,31.0,5.0,7.0,4.0,5.0,307.0,472.0,205.0,389.0,27,1.22,1.07,39.0,61.0,7.0,16.0,2.0,2.0,3.0,1.0,4.0,5.0,2.0,4.0,1.02,0.09,4.0,9.0,1.0,5.0,7.0,10.0,0.0,6.0,22.0,24.0,3.0,2.0,19.0,10.0,1.12,1.26,10.0,19.0,57.0,41.0,36.0,31.0,6.0,7.0,1.0,0.0,0.0,0.0,1.0,2.0,0.09,1.02,-0.91,0.02,0.0,1.0,2026-04-04,27.0,https://www.flashscore.pl/mecz/pilka-nozna/rakow-czestochowa-SQOrbYim/widzew-lodz-rNOIW3uC/szczegoly/statystyki/?mid=CjtkTYS0,CjtkTYS0,203.0,305.0,386.0,468.0,18.0,65.0,10.0,42.0,31.0,90.0,145.0,185.0,4.0,8.0,6.0,29.0,4.0,7.0,6.0,6.0,RAK 1-1 WID | Raków Częstochowa,Widzew Łódź,RCZ,WID
2586,JAG,LPO,0,0,2026-04-04,49.0,51.0,10.0,17.0,3.0,3.0,2.0,7.0,5.0,7.0,3.0,3.0,15.0,12.0,1.0,0.0,3.0,1.0,0.0,0.0,0.0,0.0,15.0,17.0,1.0,9.0,12.0,8.0,468.0,486.0,402.0,427.0,27,1.04,1.26,49.0,51.0,10.0,17.0,3.0,3.0,2.0,1.0,3.0,3.0,3.0,1.0,0.94,0.98,5.0,7.0,2.0,7.0,6.0,10.0,4.0,7.0,18.0,30.0,1.0,0.0,12.0,15.0,0.88,1.7,15.0,12.0,48.0,30.0,18.0,19.0,8.0,11.0,0.0,1.0,0.0,0.0,3.0,3.0,0.98,0.94,0.98,0.94,0.0,0.0,2026-04-04,27.0,https://www.flashscore.pl/mecz/pilka-nozna/jagiellonia-bialystok-lIDaZJTc/lech-poznan-OpNH7Ouf/szczegoly/statystyki/?mid=p4vcRCcD,p4vcRCcD,406.0,472.0,430.0,486.0,25.0,45.0,24.0,44.0,85.0,123.0,101.0,124.0,2.0,15.0,9.0,17.0,13.0,20.0,7.0,12.0,JAG 0-0 LEC | Jagiellonia Białystok,Lech Poznań,JAG,LPO
2587,WPŁ,LGD,1,0,2026-04-10,32.0,68.0,9.0,17.0,4.0,2.0,2.0,9.0,3.0,6.0,4.0,13.0,10.0,9.0,1.0,3.0,2.0,2.0,0.0,0.0,0.0,0.0,16.0,52.0,3.0,7.0,7.0,5.0,231.0,476.0,171.0,409.0,28,,,,,,,,,,,,,,,,,,,,,,,,,,,,,,,,,,,,,,,,,,,,,,,,,,,,,,,,,,,,,,,,,,,,,,,,,,,,,,,,
2588,LEG,GÓR,1,1,2026-04-11,42.7,57.3,14.0,7.0,1.0,2.0,5.0,2.0,8.0,3.0,6.0,3.0,14.0,10.0,0.0,1.0,4.0,3.0,0.0,0.0,0.0,0.0,24.0,13.0,7.0,3.0,12.0,14.0,362.0,505.0,294.0,422.0,28,,,,,,,,,,,,,,,,,,,,,,,,,,,,,,,,,,,,,,,,,,,,,,,,,,,,,,,,,,,,,,,,,,,,,,,,,,,,,,,,
2589,MOT,RCZ,1,1,2026-04-12,51.1,48.9,7.0,12.0,4.0,5.0,1.0,2.0,2.0,5.0,7.0,4.0,13.0,7.0,2.0,1.0,3.0,0.0,0.0,0.0,0.0,0.0,19.0,16.0,5.0,8.0,7.0,10.0,371.0,355.0,281.0,271.0,28,1.13,2.22,51.0,49.0,7.0,12.0,3.0,5.0,2.0,2.0,7.0,4.0,3.0,0.0,1.07,1.94,2.0,5.0,2.0,2.0,4.0,10.0,3.0,2.0,20.0,29.0,2.0,1.0,7.0,13.0,1.18,1.02,13.0,7.0,35.0,74.0,29.0,33.0,5.0,4.0,1.0,0.0,0.0,0.0,4.0,2.0,1.94,1.07,0.94,0.07,0.0,0.0,2026-04-12,28.0,https://www.flashscore.pl/mecz/pilka-nozna/motor-lublin-IoLk2VlL/rakow-czestochowa-SQOrbYim/szczegoly/statystyki/?mid=hA1OsYsf,hA1OsYsf,284.0,370.0,273.0,357.0,14.0,50.0,35.0,65.0,67.0,108.0,91.0,141.0,5.0,19.0,8.0,16.0,7.0,10.0,10.0,18.0,MOT 1-1 RAK | Motor Lublin,Raków Częstochowa,MOT,RCZ
2590,ZAG,RAD,1,0,2026-04-11,36.4,63.6,17.0,10.0,3.0,0.0,6.0,3.0,8.0,7.0,1.0,3.0,24.0,14.0,2.0,0.0,2.0,4.0,0.0,0.0,0.0,0.0,13.0,24.0,5.0,8.0,7.0,4.0,245.0,421.0,149.0,324.0,28,1.02,1.26,37.0,63.0,17.0,11.0,3.0,0.0,2.0,4.0,1.0,3.0,1.0,4.0,0.53,0.0,8.0,8.0,6.0,3.0,10.0,7.0,7.0,4.0,22.0,23.0,2.0,0.0,14.0,24.0,1.04,1.25,24.0,14.0,64.0,67.0,32.0,28.0,12.0,2.0,0.0,1.0,0.0,1.0,0.0,2.0,0.0,0.53,0.0,-0.47,0.0,0.0,2026-04-11,28.0,https://www.flashscore.pl/mecz/pilka-nozna/radomiak-radom-zD5nYhAT/zaglebie-lubin-tlYOere0/szczegoly/statystyki/?mid=QyFVuCC6,QyFVuCC6,155.0,247.0,325.0,413.0,25.0,64.0,28.0,61.0,58.0,104.0,73.0,108.0,5.0,13.0,8.0,26.0,7.0,17.0,4.0,9.0,ZAG 1-0 RAD | Zagłębie Lubin,Radomiak Radom,ZAG,RAD
2591,KOR,JAG,1,1,2026-04-10,35.7,64.3,21.0,10.0,5.0,4.0,10.0,3.0,6.0,3.0,5.0,3.0,9.0,11.0,4.0,1.0,0.0,1.0,0.0,0.0,0.0,0.0,22.0,7.0,6.0,0.0,5.0,9.0,263.0,508.0,191.0,411.0,28,2.42,1.09,36.0,64.0,21.0,10.0,5.0,4.0,4.0,1.0,5.0,3.0,0.0,1.0,1.97,1.09,6.0,3.0,10.0,3.0,15.0,5.0,6.0,5.0,43.0,19.0,4.0,1.0,11.0,9.0,1.69,0.6,9.0,11.0,47.0,36.0,30.0,26.0,10.0,5.0,0.0,2.0,0.0,0.0,3.0,4.0,1.09,1.97,0.09,0.97,0.0,0.0,2026-04-10,28.0,https://www.flashscore.pl/mecz/pilka-nozna/jagiellonia-bialystok-lIDaZJTc/korona-kielce-pp78XcbA/szczegoly/statystyki/?mid=M38vvjsJ,M38vvjsJ,188.0,262.0,413.0,512.0,18.0,46.0,24.0,65.0,72.0,110.0,84.0,114.0,8.0,24.0,0.0,5.0,5.0,12.0,8.0,13.0,KOR 1-1 JAG | Korona Kielce,Jagiellonia Białystok,KOR,JAG
2592,CRA,ARK,2,2,2026-04-12,50.9,49.1,12.0,10.0,7.0,4.0,2.0,3.0,3.0,3.0,5.0,3.0,20.0,10.0,1.0,1.0,1.0,0.0,0.0,0.0,0.0,0.0,13.0,19.0,3.0,6.0,5.0,11.0,372.0,351.0,284.0,267.0,28,1.37,0.57,51.0,49.0,14.0,10.0,7.0,4.0,4.0,2.0,5.0,3.0,1.0,0.0,2.56,1.18,4.0,3.0,3.0,3.0,9.0,7.0,5.0,3.0,21.0,17.0,1.0,1.0,10.0,20.0,1.15,0.63,20.0,10.0,58.0,66.0,27.0,26.0,12.0,13.0,0.0,1.0,0.0,0.0,1.0,5.0,1.18,2.56,-0.82,0.56,0.0,0.0,2026-04-12,28.0,https://www.flashscore.pl/mecz/pilka-nozna/arka-gdynia-feEez0Ei/cracovia-KvXSf2A6/szczegoly/statystyki/?mid=EceQ1gZP,EceQ1gZP,282.0,372.0,269.0,355.0,14.0,49.0,27.0,61.0,80.0,138.0,48.0,84.0,5.0,13.0,6.0,19.0,6.0,16.0,10.0,17.0,CRA 2-2 ARK | Cracovia,Arka Gdynia,CRA,ARK
2593,LPO,GKS,3,3,2026-04-12,62.2,37.8,18.0,18.0,6.0,9.0,9.0,3.0,3.0,6.0,6.0,9.0,10.0,8.0,1.0,3.0,1.0,0.0,0.0,0.0,0.0,0.0,26.0,25.0,5.0,7.0,12.0,8.0,540.0,322.0,474.0,263.0,28,,,,,,,,,,,,,,,,,,,,,,,,,,,,,,,,,,,,,,,,,,,,,,,,,,,,,,,,,,,,,,,,,,,,,,,,,,,,,,,,
2594,PIA,POG,0,2,2026-04-13,58.2,41.8,15.0,4.0,2.0,3.0,3.0,0.0,10.0,1.0,11.0,1.0,13.0,14.0,0.0,2.0,1.0,1.0,0.0,0.0,0.0,0.0,34.0,8.0,8.0,1.0,9.0,10.0,435.0,323.0,347.0,224.0,28,1.81,1.7,58.0,42.0,16.0,4.0,2.0,3.0,5.0,2.0,11.0,1.0,1.0,1.0,0.46,1.95,11.0,1.0,3.0,0.0,12.0,4.0,4.0,0.0,31.0,14.0,0.0,2.0,14.0,13.0,1.58,0.35,13.0,14.0,54.0,40.0,22.0,40.0,13.0,9.0,0.0,0.0,0.0,0.0,1.0,2.0,1.95,0.46,-0.05,0.46,0.0,0.0,2026-04-13,28.0,https://www.flashscore.pl/mecz/pilka-nozna/piast-gliwice-ve2oT9ck/pogon-szczecin-Um9YwPQ0/szczegoly/statystyki/?mid=vuu5fBRa,vuu5fBRa,351.0,434.0,222.0,320.0,16.0,49.0,18.0,71.0,95.0,139.0,50.0,98.0,9.0,34.0,1.0,7.0,8.0,15.0,9.0,14.0,PIA 0-2 POG | Piast Gliwice,Pogoń Szczecin,PIA,POG
2595,WID,BBT,1,0,2026-04-11,56.3,43.7,20.0,9.0,8.0,2.0,7.0,3.0,5.0,4.0,10.0,1.0,14.0,19.0,2.0,2.0,3.0,3.0,0.0,1.0,0.0,1.0,35.0,16.0,10.0,3.0,6.0,8.0,398.0,321.0,314.0,224.0,28,2.07,0.8,56.0,44.0,20.0,9.0,8.0,2.0,6.0,1.0,10.0,1.0,3.0,3.0,2.57,0.48,5.0,4.0,7.0,3.0,14.0,7.0,6.0,2.0,26.0,25.0,2.0,2.0,19.0,14.0,1.78,1.28,14.0,19.0,67.0,62.0,33.0,44.0,14.0,7.0,1.0,0.0,0.0,0.0,2.0,7.0,0.48,2.57,0.48,1.57,1.0,0.0,2026-04-11,28.0,https://www.flashscore.pl/mecz/pilka-nozna/nieciecza-YNkK4khO/widzew-lodz-rNOIW3uC/szczegoly/statystyki/?mid=0fTDhkdC,0fTDhkdC,309.0,394.0,225.0,322.0,23.0,55.0,27.0,65.0,83.0,130.0,72.0,125.0,10.0,36.0,3.0,16.0,5.0,15.0,8.0,16.0,WID 1-0 BBT | Widzew Łódź,Bruk-Bet T.,WID,BBT
2596,ARK,JAG,0,3,2026-04-19,48.7,51.3,17.0,9.0,7.0,5.0,4.0,1.0,6.0,3.0,7.0,3.0,12.0,16.0,1.0,4.0,2.0,4.0,0.0,0.0,0.0,0.0,33.0,12.0,9.0,4.0,5.0,9.0,347.0,387.0,284.0,317.0,29,2.6,1.47,49.0,51.0,18.0,10.0,7.0,5.0,4.0,4.0,7.0,3.0,2.0,4.0,1.59,3.07,7.0,4.0,4.0,1.0,15.0,9.0,3.0,1.0,31.0,20.0,1.0,4.0,16.0,12.0,1.63,1.48,12.0,16.0,51.0,45.0,14.0,30.0,12.0,4.0,0.0,1.0,1.0,0.0,2.0,6.0,3.07,1.59,0.07,1.59,0.0,0.0,2026-04-19,29.0,https://www.flashscore.pl/mecz/pilka-nozna/arka-gdynia-feEez0Ei/jagiellonia-bialystok-lIDaZJTc/szczegoly/statystyki/?mid=8KWLjTQO,8KWLjTQO,285.0,347.0,320.0,387.0,23.0,44.0,12.0,35.0,85.0,123.0,58.0,77.0,9.0,34.0,3.0,11.0,7.0,10.0,10.0,15.0,ARK 0-3 JAG | Arka Gdynia,Jagiellonia Białystok,ARK,JAG
2597,BBT,WPŁ,1,3,2026-04-19,56.7,43.3,14.0,16.0,7.0,7.0,1.0,2.0,6.0,7.0,2.0,5.0,9.0,13.0,0.0,4.0,2.0,0.0,0.0,0.0,0.0,0.0,29.0,15.0,14.0,6.0,8.0,3.0,479.0,370.0,404.0,309.0,29,,,,,,,,,,,,,,,,,,,,,,,,,,,,,,,,,,,,,,,,,,,,,,,,,,,,,,,,,,,,,,,,,,,,,,,,,,,,,,,,
2598,LEG,ZAG,1,0,2026-04-17,62.4,37.6,13.0,8.0,3.0,1.0,4.0,3.0,6.0,4.0,10.0,4.0,13.0,17.0,1.0,3.0,1.0,3.0,0.0,0.0,0.0,0.0,25.0,15.0,6.0,3.0,8.0,9.0,383.0,233.0,295.0,149.0,29,1.81,0.41,62.0,38.0,14.0,8.0,4.0,1.0,2.0,1.0,10.0,4.0,1.0,4.0,1.3,0.72,7.0,4.0,3.0,3.0,8.0,7.0,6.0,1.0,32.0,19.0,1.0,3.0,17.0,12.0,2.16,0.58,12.0,17.0,53.0,63.0,23.0,39.0,5.0,8.0,1.0,0.0,0.0,0.0,1.0,1.0,0.72,1.3,0.72,0.3,0.0,0.0,2026-04-17,29.0,https://www.flashscore.pl/mecz/pilka-nozna/legia-warszawa-K6kUepBs/zaglebie-lubin-tlYOere0/szczegoly/statystyki/?mid=v1Gu7lB5,v1Gu7lB5,296.0,385.0,151.0,235.0,30.0,72.0,24.0,65.0,99.0,142.0,28.0,64.0,6.0,25.0,3.0,16.0,10.0,12.0,10.0,14.0,LEG 1-0 ZAG | Legia Warszawa,Zagłębie Lubin,LEG,ZAG
2599,LGD,PIA,1,1,2026-04-20,55.2,44.8,19.0,8.0,6.0,2.0,8.0,2.0,5.0,4.0,11.0,0.0,13.0,9.0,1.0,0.0,1.0,3.0,0.0,1.0,0.0,0.0,31.0,9.0,9.0,2.0,14.0,11.0,409.0,348.0,324.0,277.0,29,1.53,1.6,55.0,45.0,20.0,8.0,7.0,2.0,3.0,2.0,11.0,0.0,1.0,3.0,1.09,0.91,6.0,4.0,7.0,2.0,14.0,5.0,6.0,3.0,46.0,14.0,1.0,0.0,9.0,13.0,1.82,0.89,13.0,9.0,53.0,53.0,7.0,48.0,4.0,11.0,0.0,0.0,0.0,0.0,1.0,5.0,0.91,1.09,-0.09,0.09,1.0,0.0,2026-04-20,29.0,https://www.flashscore.pl/mecz/pilka-nozna/lechia-gdansk-GGLmkiK8/piast-gliwice-ve2oT9ck/szczegoly/statystyki/?mid=nRJm5SuI,nRJm5SuI,326.0,412.0,278.0,347.0,26.0,60.0,23.0,49.0,117.0,169.0,73.0,97.0,9.0,30.0,2.0,9.0,13.0,19.0,10.0,16.0,GDA 1-1 PIA | Lechia Gdańsk,Piast Gliwice,LGD,PIA
2600,GÓR,KOR,1,0,2026-04-18,57.3,42.7,20.0,17.0,6.0,3.0,6.0,7.0,8.0,7.0,6.0,6.0,5.0,15.0,1.0,0.0,0.0,3.0,0.0,0.0,0.0,0.0,21.0,24.0,3.0,7.0,7.0,8.0,436.0,313.0,367.0,237.0,29,,,,,,,,,,,,,,,,,,,,,,,,,,,,,,,,,,,,,,,,,,,,,,,,,,,,,,,,,,,,,,,,,,,,,,,,,,,,,,,,
2601,RAD,WID,2,1,2026-04-18,50.6,49.4,20.0,7.0,5.0,2.0,7.0,1.0,8.0,4.0,6.0,2.0,12.0,15.0,2.0,0.0,4.0,2.0,0.0,0.0,0.0,0.0,29.0,15.0,6.0,3.0,8.0,9.0,336.0,337.0,262.0,236.0,29,2.33,0.24,51.0,49.0,20.0,7.0,5.0,2.0,2.0,0.0,6.0,2.0,5.0,1.0,1.3,0.06,8.0,4.0,7.0,1.0,14.0,3.0,6.0,4.0,26.0,23.0,2.0,0.0,15.0,12.0,0.95,0.72,12.0,15.0,45.0,50.0,27.0,39.0,13.0,10.0,0.0,0.0,0.0,0.0,2.0,3.0,0.06,1.3,0.06,-0.7,0.0,0.0,2026-04-18,29.0,https://www.flashscore.pl/mecz/pilka-nozna/radomiak-radom-zD5nYhAT/widzew-lodz-rNOIW3uC/szczegoly/statystyki/?mid=b5m6N9en,b5m6N9en,262.0,341.0,240.0,341.0,15.0,47.0,26.0,59.0,80.0,128.0,59.0,105.0,7.0,29.0,3.0,15.0,7.0,10.0,8.0,13.0,RAD 2-1 WID | Radomiak Radom,Widzew Łódź,RAD,WID
2602,POG,LPO,1,2,2026-04-18,55.4,44.6,6.0,22.0,3.0,11.0,1.0,3.0,2.0,8.0,5.0,6.0,13.0,12.0,1.0,5.0,3.0,3.0,0.0,0.0,0.0,0.0,22.0,15.0,5.0,4.0,6.0,12.0,425.0,345.0,345.0,266.0,29,0.62,3.75,55.0,45.0,6.0,22.0,3.0,11.0,1.0,5.0,5.0,6.0,3.0,3.0,0.78,3.13,2.0,8.0,1.0,3.0,5.0,14.0,1.0,8.0,14.0,33.0,1.0,5.0,12.0,13.0,0.44,2.38,13.0,12.0,48.0,45.0,29.0,35.0,13.0,11.0,1.0,0.0,0.0,0.0,9.0,1.0,3.13,0.78,1.13,-0.22,0.0,0.0,2026-04-18,29.0,https://www.flashscore.pl/mecz/pilka-nozna/lech-poznan-OpNH7Ouf/pogon-szczecin-Um9YwPQ0/szczegoly/statystyki/?mid=vFeELmQb,vFeELmQb,345.0,425.0,266.0,345.0,28.0,63.0,15.0,42.0,87.0,131.0,67.0,100.0,5.0,22.0,4.0,15.0,6.0,11.0,12.0,15.0,POG 1-2 LEC | Pogoń Szczecin,Lech Poznań,POG,LPO
2603,GKS,MOT,3,2,2026-04-17,44.8,55.2,23.0,16.0,8.0,8.0,4.0,5.0,11.0,3.0,4.0,7.0,12.0,14.0,1.0,2.0,2.0,5.0,0.0,1.0,0.0,1.0,26.0,21.0,13.0,3.0,13.0,7.0,328.0,413.0,243.0,325.0,29,2.89,1.67,45.0,55.0,22.0,16.0,8.0,8.0,3.0,2.0,4.0,7.0,2.0,5.0,2.32,1.94,10.0,4.0,4.0,4.0,19.0,10.0,3.0,6.0,53.0,29.0,2.0,2.0,14.0,12.0,2.57,1.16,12.0,14.0,62.0,47.0,36.0,28.0,11.0,9.0,0.0,1.0,0.0,0.0,6.0,4.0,1.94,2.32,-0.06,-0.68,1.0,0.0,2026-04-17,29.0,https://www.flashscore.pl/mecz/pilka-nozna/gks-katowice-K4AgRmS1/motor-lublin-IoLk2VlL/szczegoly/statystyki/?mid=CSgMJRfB,CSgMJRfB,241.0,327.0,324.0,412.0,14.0,52.0,14.0,47.0,98.0,141.0,64.0,102.0,12.0,24.0,4.0,22.0,14.0,18.0,7.0,11.0,KAT 3-2 MOT | GKS Katowice,Motor Lublin,GKS,MOT
2604,RCZ,CRA,4,1,2026-04-19,60.9,39.1,9.0,19.0,7.0,6.0,1.0,9.0,1.0,4.0,2.0,7.0,10.0,17.0,1.0,1.0,1.0,2.0,0.0,1.0,0.0,0.0,10.0,23.0,4.0,4.0,3.0,6.0,558.0,345.0,491.0,265.0,29,,,,,,,,,,,,,,,,,,,,,,,,,,,,,,,,,,,,,,,,,,,,,,,,,,,,,,,,,,,,,,,,,,,,,,,,,,,,,,,,
2605,WPŁ,RAD,0,1,2026-04-26,43.7,56.3,10.0,17.0,2.0,6.0,2.0,6.0,6.0,5.0,7.0,7.0,14.0,11.0,0.0,1.0,3.0,2.0,0.0,0.0,0.0,0.0,29.0,21.0,5.0,4.0,11.0,5.0,343.0,459.0,267.0,399.0,30,,,,,,,,,,,,,,,,,,,,,,,,,,,,,,,,,,,,,,,,,,,,,,,,,,,,,,,,,,,,,,,,,,,,,,,,,,,,,,,,
2606,LGD,RCZ,1,2,2026-04-25,48.7,51.3,11.0,16.0,6.0,4.0,0.0,8.0,5.0,4.0,3.0,3.0,13.0,13.0,3.0,0.0,2.0,2.0,0.0,0.0,0.0,0.0,27.0,15.0,7.0,3.0,9.0,4.0,360.0,393.0,276.0,317.0,30,1.77,1.7,49.0,51.0,11.0,16.0,6.0,4.0,2.0,1.0,3.0,3.0,2.0,2.0,1.67,1.35,5.0,4.0,0.0,8.0,8.0,11.0,3.0,5.0,30.0,22.0,3.0,0.0,13.0,13.0,1.39,0.51,13.0,13.0,40.0,40.0,22.0,32.0,6.0,4.0,0.0,0.0,0.0,0.0,2.0,5.0,1.35,1.67,-0.65,0.67,0.0,0.0,2026-04-25,30.0,https://www.flashscore.pl/mecz/pilka-nozna/lechia-gdansk-GGLmkiK8/rakow-czestochowa-SQOrbYim/szczegoly/statystyki/?mid=fkhkN013,fkhkN013,276.0,360.0,317.0,393.0,16.0,51.0,24.0,57.0,67.0,100.0,52.0,86.0,7.0,27.0,3.0,15.0,9.0,14.0,4.0,9.0,GDA 1-2 RAK | Lechia Gdańsk,Raków Częstochowa,LGD,RCZ
2607,ZAG,BBT,1,2,2026-04-24,41.7,58.3,10.0,15.0,2.0,8.0,3.0,4.0,5.0,3.0,6.0,4.0,11.0,16.0,0.0,1.0,6.0,2.0,1.0,0.0,1.0,0.0,19.0,29.0,5.0,4.0,6.0,4.0,275.0,389.0,185.0,314.0,30,0.6,1.65,42.0,58.0,10.0,15.0,2.0,8.0,1.0,2.0,6.0,4.0,6.0,2.0,0.76,1.99,5.0,3.0,3.0,4.0,9.0,7.0,1.0,8.0,31.0,31.0,0.0,1.0,16.0,11.0,0.75,1.02,11.0,16.0,74.0,41.0,38.0,33.0,4.0,3.0,0.0,0.0,0.0,0.0,6.0,1.0,1.99,0.76,-0.01,-0.24,0.0,1.0,2026-04-24,30.0,https://www.flashscore.pl/mecz/pilka-nozna/nieciecza-YNkK4khO/zaglebie-lubin-tlYOere0/szczegoly/statystyki/?mid=t6jcLvWF,t6jcLvWF,185.0,275.0,314.0,389.0,25.0,62.0,21.0,43.0,42.0,85.0,96.0,127.0,5.0,19.0,4.0,29.0,6.0,16.0,4.0,8.0,ZAG 1-2 BBT | Zagłębie Lubin,Bruk-Bet T.,ZAG,BBT
2608,KOR,GKS,1,1,2026-04-25,55.8,44.2,17.0,16.0,4.0,5.0,3.0,5.0,10.0,6.0,5.0,3.0,9.0,8.0,3.0,1.0,2.0,0.0,0.0,0.0,0.0,0.0,25.0,15.0,12.0,5.0,5.0,8.0,437.0,354.0,333.0,253.0,30,1.52,1.57,56.0,44.0,17.0,16.0,4.0,5.0,2.0,2.0,5.0,3.0,2.0,0.0,1.66,2.09,10.0,6.0,3.0,5.0,12.0,12.0,5.0,4.0,26.0,27.0,3.0,1.0,8.0,9.0,1.32,0.69,9.0,8.0,61.0,47.0,22.0,37.0,8.0,7.0,0.0,0.0,0.0,0.0,4.0,3.0,2.09,1.66,1.09,0.66,0.0,0.0,2026-04-25,30.0,https://www.flashscore.pl/mecz/pilka-nozna/gks-katowice-K4AgRmS1/korona-kielce-pp78XcbA/szczegoly/statystyki/?mid=xYq6JI0S,xYq6JI0S,333.0,437.0,253.0,354.0,22.0,67.0,20.0,66.0,72.0,110.0,48.0,82.0,12.0,25.0,5.0,15.0,5.0,15.0,8.0,10.0,KOR 1-1 KAT | Korona Kielce,GKS Katowice,KOR,GKS
2609,CRA,POG,1,1,2026-04-25,55.1,44.9,14.0,9.0,4.0,2.0,2.0,1.0,8.0,6.0,7.0,0.0,14.0,20.0,3.0,0.0,3.0,4.0,1.0,0.0,1.0,0.0,24.0,8.0,8.0,3.0,6.0,3.0,415.0,349.0,324.0,264.0,30,1.09,0.91,55.0,45.0,14.0,9.0,4.0,2.0,4.0,0.0,7.0,0.0,3.0,4.0,1.13,0.18,8.0,6.0,2.0,1.0,11.0,4.0,3.0,5.0,20.0,17.0,3.0,0.0,20.0,14.0,1.31,0.95,14.0,20.0,55.0,48.0,24.0,34.0,6.0,8.0,0.0,0.0,0.0,0.0,1.0,3.0,0.18,1.13,-0.82,0.13,0.0,1.0,2026-04-25,30.0,https://www.flashscore.pl/mecz/pilka-nozna/cracovia-KvXSf2A6/pogon-szczecin-Um9YwPQ0/szczegoly/statystyki/?mid=Y3VyEdOk,Y3VyEdOk,324.0,415.0,264.0,349.0,18.0,50.0,30.0,73.0,79.0,117.0,67.0,112.0,8.0,24.0,3.0,8.0,6.0,13.0,3.0,9.0,CRA 1-1 POG | Cracovia,Pogoń Szczecin,CRA,POG
2610,LPO,LEG,4,0,2026-04-26,67.4,32.6,24.0,5.0,7.0,0.0,8.0,2.0,9.0,3.0,5.0,2.0,11.0,14.0,1.0,1.0,0.0,1.0,0.0,1.0,0.0,0.0,12.0,11.0,3.0,6.0,9.0,9.0,602.0,285.0,538.0,229.0,30,2.61,0.36,67.0,33.0,23.0,5.0,7.0,0.0,5.0,0.0,5.0,2.0,0.0,1.0,3.47,0.0,7.0,3.0,9.0,2.0,13.0,5.0,10.0,0.0,41.0,11.0,1.0,1.0,14.0,11.0,2.53,0.47,11.0,14.0,36.0,48.0,12.0,16.0,7.0,11.0,0.0,0.0,0.0,0.0,0.0,3.0,0.0,3.47,0.0,-0.53,1.0,0.0,2026-04-26,30.0,https://www.flashscore.pl/mecz/pilka-nozna/lech-poznan-OpNH7Ouf/legia-warszawa-K6kUepBs/szczegoly/statystyki/?mid=UVOpCzg2,UVOpCzg2,541.0,604.0,232.0,289.0,15.0,31.0,18.0,45.0,224.0,267.0,30.0,53.0,2.0,12.0,6.0,11.0,8.0,11.0,7.0,17.0,LEC 4-0 LEG | Lech Poznań,Legia Warszawa,LPO,LEG
2611,JAG,GÓR,1,2,2026-04-24,61.3,38.7,18.0,10.0,7.0,4.0,7.0,4.0,4.0,2.0,7.0,2.0,13.0,14.0,1.0,1.0,4.0,3.0,0.0,0.0,0.0,0.0,23.0,7.0,6.0,2.0,14.0,13.0,512.0,325.0,433.0,254.0,30,,,,,,,,,,,,,,,,,,,,,,,,,,,,,,,,,,,,,,,,,,,,,,,,,,,,,,,,,,,,,,,,,,,,,,,,,,,,,,,,
2612,PIA,ARK,4,1,2026-04-27,64.1,35.9,24.0,7.0,12.0,3.0,6.0,1.0,6.0,3.0,6.0,5.0,11.0,7.0,1.0,3.0,2.0,2.0,0.0,0.0,0.0,0.0,17.0,13.0,9.0,4.0,7.0,10.0,512.0,284.0,423.0,191.0,30,2.3,0.95,64.0,36.0,24.0,7.0,12.0,3.0,4.0,2.0,6.0,5.0,3.0,2.0,3.25,1.26,6.0,3.0,6.0,1.0,17.0,5.0,7.0,2.0,51.0,12.0,1.0,3.0,7.0,11.0,1.7,0.81,11.0,7.0,45.0,57.0,30.0,20.0,5.0,11.0,0.0,0.0,0.0,0.0,2.0,8.0,1.26,3.25,0.26,-0.75,0.0,0.0,2026-04-27,30.0,https://www.flashscore.pl/mecz/pilka-nozna/arka-gdynia-feEez0Ei/piast-gliwice-ve2oT9ck/szczegoly/statystyki/?mid=GO4uYHFL,GO4uYHFL,421.0,512.0,189.0,282.0,18.0,50.0,19.0,64.0,121.0,156.0,40.0,85.0,9.0,17.0,4.0,13.0,8.0,15.0,10.0,19.0,PIA 4-1 ARK | Piast Gliwice,Arka Gdynia,PIA,ARK
2613,WID,MOT,2,0,2026-04-26,36.6,63.4,14.0,9.0,5.0,1.0,3.0,5.0,6.0,3.0,4.0,6.0,17.0,18.0,1.0,2.0,2.0,1.0,0.0,0.0,0.0,0.0,18.0,20.0,8.0,3.0,15.0,14.0,247.0,436.0,172.0,357.0,30,1.18,0.67,37.0,63.0,14.0,9.0,5.0,1.0,2.0,1.0,4.0,6.0,2.0,1.0,1.64,0.03,6.0,3.0,3.0,5.0,8.0,8.0,6.0,1.0,20.0,24.0,1.0,2.0,18.0,17.0,1.62,0.61,17.0,18.0,60.0,56.0,28.0,22.0,11.0,10.0,0.0,0.0,0.0,0.0,1.0,3.0,0.03,1.64,0.03,-0.36,0.0,0.0,2026-04-26,30.0,https://www.flashscore.pl/mecz/pilka-nozna/motor-lublin-IoLk2VlL/widzew-lodz-rNOIW3uC/szczegoly/statystyki/?mid=n7eBSewq,n7eBSewq,172.0,247.0,357.0,436.0,20.0,56.0,11.0,33.0,50.0,90.0,61.0,100.0,8.0,18.0,3.0,20.0,15.0,22.0,14.0,20.0,WID 2-0 MOT | Widzew Łódź,Motor Lublin,WID,MOT
2614,ARK,GÓR,0,0,2026-05-13,36.2,63.8,11.0,15.0,2.0,2.0,2.0,5.0,7.0,8.0,1.0,9.0,14.0,12.0,0.0,3.0,0.0,2.0,0.0,0.0,0.0,0.0,10.0,22.0,2.0,0.0,7.0,10.0,278.0,486.0,193.0,399.0,31,,,,,,,,,,,,,,,,,,,,,,,,,,,,,,,,,,,,,,,,,,,,,,,,,,,,,,,,,,,,,,,,,,,,,,,,,,,,,,,,
2615,LEG,WID,1,0,2026-05-01,61.8,38.2,15.0,6.0,4.0,1.0,6.0,2.0,5.0,3.0,6.0,1.0,15.0,15.0,0.0,0.0,4.0,2.0,0.0,0.0,0.0,0.0,26.0,10.0,10.0,3.0,11.0,7.0,489.0,305.0,408.0,229.0,31,1.66,0.3,62.0,38.0,15.0,6.0,4.0,1.0,3.0,0.0,6.0,1.0,4.0,2.0,1.49,0.01,5.0,3.0,6.0,2.0,12.0,3.0,3.0,3.0,33.0,13.0,0.0,0.0,15.0,15.0,1.62,0.42,15.0,15.0,54.0,53.0,9.0,36.0,11.0,9.0,0.0,0.0,0.0,0.0,1.0,2.0,0.01,1.49,0.01,0.49,0.0,0.0,2026-05-01,31.0,https://www.flashscore.pl/mecz/pilka-nozna/legia-warszawa-K6kUepBs/widzew-lodz-rNOIW3uC/szczegoly/statystyki/?mid=GnmSODx8,GnmSODx8,408.0,489.0,229.0,305.0,16.0,42.0,28.0,56.0,118.0,164.0,53.0,78.0,10.0,26.0,3.0,10.0,11.0,15.0,7.0,13.0,LEG 1-0 WID | Legia Warszawa,Widzew Łódź,LEG,WID
2616,MOT,LPO,0,1,2026-05-02,52.3,47.7,11.0,24.0,1.0,6.0,2.0,5.0,8.0,13.0,3.0,7.0,10.0,8.0,2.0,1.0,0.0,0.0,0.0,0.0,0.0,0.0,13.0,14.0,6.0,6.0,9.0,11.0,422.0,384.0,348.0,316.0,31,0.71,1.72,52.0,48.0,11.0,24.0,1.0,6.0,2.0,0.0,3.0,7.0,0.0,0.0,0.23,1.14,8.0,13.0,2.0,5.0,9.0,17.0,2.0,7.0,20.0,36.0,2.0,1.0,8.0,10.0,0.65,1.14,10.0,8.0,41.0,47.0,17.0,16.0,7.0,7.0,1.0,0.0,0.0,0.0,5.0,1.0,1.14,0.23,0.14,0.23,0.0,0.0,2026-05-02,31.0,https://www.flashscore.pl/mecz/pilka-nozna/lech-poznan-OpNH7Ouf/motor-lublin-IoLk2VlL/szczegoly/statystyki/?mid=r9g4WPeE,r9g4WPeE,348.0,422.0,316.0,384.0,19.0,52.0,24.0,58.0,68.0,103.0,96.0,137.0,6.0,13.0,6.0,14.0,9.0,16.0,11.0,14.0,MOT 0-1 LEC | Motor Lublin,Lech Poznań,MOT,LPO
2617,ZAG,CRA,0,0,2026-05-03,32.6,67.4,18.0,15.0,3.0,3.0,8.0,8.0,7.0,4.0,5.0,11.0,6.0,14.0,0.0,2.0,2.0,2.0,1.0,0.0,0.0,0.0,13.0,43.0,6.0,12.0,5.0,6.0,223.0,443.0,143.0,379.0,31,1.29,0.9,33.0,67.0,18.0,15.0,3.0,3.0,0.0,1.0,5.0,11.0,2.0,2.0,0.55,0.25,7.0,4.0,8.0,8.0,12.0,5.0,6.0,10.0,27.0,34.0,0.0,2.0,14.0,6.0,0.82,1.47,6.0,14.0,51.0,39.0,50.0,31.0,7.0,2.0,0.0,0.0,0.0,0.0,2.0,3.0,0.25,0.55,0.25,0.55,0.0,1.0,2026-05-03,31.0,https://www.flashscore.pl/mecz/pilka-nozna/cracovia-KvXSf2A6/zaglebie-lubin-tlYOere0/szczegoly/statystyki/?mid=jZdCU3QQ,jZdCU3QQ,143.0,223.0,379.0,443.0,26.0,62.0,17.0,34.0,36.0,77.0,169.0,205.0,6.0,13.0,12.0,43.0,5.0,8.0,6.0,8.0,ZAG 0-0 CRA | Zagłębie Lubin,Cracovia,ZAG,CRA
2618,RAD,LGD,3,1,2026-05-04,33.3,66.7,13.0,27.0,5.0,7.0,4.0,7.0,4.0,13.0,4.0,7.0,10.0,9.0,0.0,3.0,1.0,2.0,1.0,0.0,0.0,0.0,9.0,46.0,3.0,12.0,7.0,7.0,250.0,475.0,172.0,403.0,31,1.06,2.45,34.0,66.0,13.0,27.0,5.0,7.0,1.0,6.0,4.0,7.0,1.0,2.0,1.29,2.22,4.0,13.0,4.0,7.0,8.0,17.0,5.0,10.0,12.0,39.0,0.0,3.0,9.0,10.0,0.23,1.62,10.0,9.0,49.0,48.0,41.0,13.0,9.0,5.0,0.0,0.0,0.0,1.0,6.0,2.0,2.22,1.29,1.22,-1.71,0.0,1.0,2026-05-04,31.0,https://www.flashscore.pl/mecz/pilka-nozna/lechia-gdansk-GGLmkiK8/radomiak-radom-zD5nYhAT/szczegoly/statystyki/?mid=z7YrPsll,z7YrPsll,171.0,252.0,403.0,469.0,18.0,57.0,15.0,30.0,29.0,71.0,181.0,217.0,3.0,9.0,12.0,46.0,8.0,13.0,7.0,11.0,RAD 3-1 GDA | Radomiak Radom,Lechia Gdańsk,RAD,LGD
2619,POG,WPŁ,3,0,2026-05-03,50.8,49.2,11.0,10.0,7.0,3.0,0.0,2.0,4.0,5.0,5.0,9.0,10.0,8.0,1.0,3.0,1.0,2.0,0.0,0.0,0.0,0.0,17.0,24.0,4.0,6.0,14.0,7.0,339.0,319.0,271.0,245.0,31,,,,,,,,,,,,,,,,,,,,,,,,,,,,,,,,,,,,,,,,,,,,,,,,,,,,,,,,,,,,,,,,,,,,,,,,,,,,,,,,
2620,KOR,PIA,1,1,2026-05-01,51.0,49.0,12.0,15.0,7.0,4.0,3.0,4.0,2.0,7.0,5.0,6.0,15.0,12.0,2.0,0.0,2.0,0.0,0.0,0.0,0.0,0.0,16.0,16.0,5.0,5.0,10.0,9.0,408.0,385.0,324.0,293.0,31,1.88,2.28,51.0,49.0,12.0,15.0,7.0,4.0,4.0,3.0,5.0,6.0,1.0,0.0,3.84,1.33,2.0,7.0,3.0,4.0,11.0,10.0,1.0,5.0,20.0,39.0,2.0,0.0,12.0,15.0,0.97,2.1,15.0,12.0,57.0,56.0,33.0,23.0,6.0,3.0,0.0,2.0,0.0,0.0,2.0,6.0,1.33,3.84,0.33,2.84,0.0,0.0,2026-05-01,31.0,https://www.flashscore.pl/mecz/pilka-nozna/korona-kielce-pp78XcbA/piast-gliwice-ve2oT9ck/szczegoly/statystyki/?mid=xWUaLamD,xWUaLamD,324.0,408.0,293.0,385.0,17.0,56.0,34.0,74.0,63.0,95.0,68.0,115.0,5.0,16.0,5.0,16.0,10.0,14.0,9.0,14.0,KOR 1-1 PIA | Korona Kielce,Piast Gliwice,KOR,PIA
2621,GKS,BBT,5,1,2026-05-03,42.5,57.5,12.0,17.0,7.0,1.0,1.0,9.0,4.0,7.0,3.0,9.0,10.0,9.0,1.0,1.0,0.0,1.0,0.0,0.0,0.0,0.0,9.0,29.0,4.0,6.0,5.0,5.0,298.0,389.0,225.0,304.0,31,1.74,1.36,43.0,57.0,12.0,17.0,7.0,1.0,5.0,2.0,3.0,9.0,0.0,1.0,2.92,0.65,4.0,7.0,1.0,9.0,9.0,12.0,3.0,5.0,18.0,34.0,1.0,1.0,9.0,10.0,0.91,1.33,10.0,9.0,35.0,40.0,41.0,19.0,10.0,8.0,0.0,0.0,0.0,0.0,0.0,3.0,0.65,2.92,-0.35,-1.08,0.0,0.0,2026-05-03,31.0,https://www.flashscore.pl/mecz/pilka-nozna/gks-katowice-K4AgRmS1/nieciecza-YNkK4khO/szczegoly/statystyki/?mid=UPHoq3uK,UPHoq3uK,225.0,298.0,304.0,389.0,20.0,50.0,24.0,51.0,42.0,70.0,75.0,121.0,4.0,9.0,6.0,29.0,5.0,9.0,5.0,10.0,KAT 5-1 BBT | GKS Katowice,Bruk-Bet T.,GKS,BBT
2622,RCZ,JAG,0,2,2026-05-13,60.4,39.6,25.0,13.0,3.0,7.0,9.0,3.0,13.0,3.0,6.0,4.0,8.0,9.0,0.0,1.0,1.0,4.0,0.0,0.0,0.0,0.0,40.0,8.0,17.0,2.0,11.0,10.0,496.0,347.0,433.0,266.0,31,,,,,,,,,,,,,,,,,,,,,,,,,,,,,,,,,,,,,,,,,,,,,,,,,,,,,,,,,,,,,,,,,,,,,,,,,,,,,,,,
2623,WPŁ,MOT,0,4,2026-05-10,56.5,43.5,22.0,17.0,4.0,6.0,11.0,4.0,7.0,7.0,7.0,6.0,12.0,12.0,0.0,1.0,2.0,2.0,0.0,0.0,0.0,0.0,29.0,19.0,12.0,7.0,10.0,9.0,356.0,276.0,287.0,220.0,32,,,,,,,,,,,,,,,,,,,,,,,,,,,,,,,,,,,,,,,,,,,,,,,,,,,,,,,,,,,,,,,,,,,,,,,,,,,,,,,,
2624,BBT,LEG,0,1,2026-05-10,59.2,40.8,10.0,6.0,4.0,1.0,1.0,1.0,5.0,4.0,6.0,1.0,14.0,17.0,3.0,3.0,2.0,1.0,0.0,0.0,0.0,0.0,29.0,11.0,11.0,4.0,12.0,4.0,514.0,361.0,406.0,290.0,32,0.81,0.51,59.0,41.0,10.0,6.0,4.0,1.0,2.0,1.0,6.0,1.0,2.0,1.0,0.47,0.73,5.0,4.0,1.0,1.0,7.0,5.0,3.0,1.0,38.0,12.0,3.0,3.0,17.0,14.0,1.21,0.76,14.0,17.0,58.0,54.0,13.0,37.0,5.0,10.0,0.0,1.0,0.0,0.0,0.0,4.0,0.73,0.47,-0.27,0.47,0.0,0.0,2026-05-10,32.0,https://www.flashscore.pl/mecz/pilka-nozna/legia-warszawa-K6kUepBs/nieciecza-YNkK4khO/szczegoly/statystyki/?mid=IkjZZb26,IkjZZb26,406.0,514.0,290.0,361.0,26.0,65.0,25.0,58.0,107.0,164.0,67.0,98.0,11.0,29.0,4.0,11.0,12.0,15.0,4.0,13.0,BBT 0-1 LEG | Bruk-Bet T.,Legia Warszawa,BBT,LEG
2625,GÓR,ZAG,0,2,2026-05-09,64.4,35.6,25.0,13.0,5.0,6.0,9.0,1.0,11.0,6.0,15.0,4.0,10.0,7.0,0.0,2.0,0.0,1.0,0.0,0.0,0.0,0.0,42.0,15.0,10.0,5.0,8.0,6.0,492.0,280.0,429.0,211.0,32,,,,,,,,,,,,,,,,,,,,,,,,,,,,,,,,,,,,,,,,,,,,,,,,,,,,,,,,,,,,,,,,,,,,,,,,,,,,,,,,
2626,CRA,RAD,0,0,2026-05-11,59.8,40.2,17.0,6.0,4.0,1.0,6.0,1.0,7.0,4.0,5.0,4.0,12.0,7.0,0.0,2.0,5.0,4.0,0.0,1.0,0.0,0.0,30.0,12.0,6.0,3.0,8.0,9.0,428.0,296.0,346.0,207.0,32,1.35,0.3,60.0,40.0,17.0,6.0,4.0,1.0,2.0,0.0,5.0,4.0,5.0,4.0,0.32,0.09,7.0,4.0,6.0,1.0,10.0,3.0,7.0,3.0,25.0,19.0,0.0,2.0,7.0,12.0,1.19,0.44,12.0,7.0,56.0,57.0,23.0,44.0,5.0,8.0,0.0,0.0,0.0,0.0,1.0,4.0,0.09,0.32,0.09,0.32,1.0,0.0,2026-05-11,32.0,https://www.flashscore.pl/mecz/pilka-nozna/cracovia-KvXSf2A6/radomiak-radom-zD5nYhAT/szczegoly/statystyki/?mid=Imegufvn,Imegufvn,346.0,427.0,207.0,296.0,23.0,50.0,7.0,57.0,122.0,164.0,53.0,93.0,6.0,29.0,3.0,12.0,8.0,12.0,9.0,14.0,CRA 0-0 RAD | Cracovia,Radomiak Radom,CRA,RAD
2627,LPO,ARK,1,1,2026-05-08,80.6,19.4,26.0,7.0,7.0,2.0,7.0,1.0,12.0,4.0,15.0,5.0,7.0,13.0,0.0,0.0,1.0,4.0,0.0,0.0,0.0,0.0,45.0,11.0,10.0,4.0,2.0,12.0,661.0,159.0,574.0,91.0,32,,,,,,,,,,,,,,,,,,,,,,,,,,,,,,,,,,,,,,,,,,,,,,,,,,,,,,,,,,,,,,,,,,,,,,,,,,,,,,,,
2628,RCZ,KOR,2,0,2026-05-08,49.5,50.5,14.0,11.0,5.0,3.0,5.0,2.0,4.0,6.0,6.0,2.0,9.0,16.0,2.0,0.0,1.0,2.0,0.0,0.0,0.0,0.0,22.0,15.0,5.0,2.0,10.0,13.0,431.0,445.0,348.0,359.0,32,,,,,,,,,,,,,,,,,,,,,,,,,,,,,,,,,,,,,,,,,,,,,,,,,,,,,,,,,,,,,,,,,,,,,,,,,,,,,,,,
2629,JAG,POG,3,2,2026-05-09,56.6,43.4,20.0,10.0,14.0,3.0,3.0,4.0,3.0,3.0,7.0,0.0,17.0,19.0,3.0,0.0,1.0,0.0,0.0,0.0,0.0,0.0,22.0,14.0,5.0,4.0,8.0,6.0,472.0,360.0,399.0,293.0,32,2.09,0.96,57.0,43.0,20.0,10.0,14.0,3.0,3.0,1.0,7.0,0.0,1.0,0.0,3.36,1.47,3.0,3.0,3.0,4.0,11.0,7.0,9.0,3.0,43.0,15.0,3.0,0.0,19.0,17.0,1.21,0.46,17.0,19.0,52.0,52.0,12.0,26.0,17.0,10.0,0.0,2.0,1.0,0.0,1.0,11.0,1.47,3.36,-0.53,0.4,0.0,0.0,2026-05-09,32.0,https://www.flashscore.pl/mecz/pilka-nozna/jagiellonia-bialystok-lIDaZJTc/pogon-szczecin-Um9YwPQ0/szczegoly/statystyki/?mid=vy5HZk8N,vy5HZk8N,399.0,472.0,293.0,360.0,18.0,50.0,22.0,51.0,96.0,129.0,56.0,87.0,5.0,22.0,4.0,14.0,8.0,13.0,6.0,13.0,JAG 3-2 POG | Jagiellonia Białystok,Pogoń Szczecin,JAG,POG
2630,PIA,GKS,0,0,2026-05-10,61.3,38.7,18.0,8.0,3.0,4.0,9.0,2.0,6.0,2.0,4.0,3.0,14.0,13.0,3.0,0.0,2.0,1.0,0.0,0.0,0.0,0.0,19.0,12.0,4.0,3.0,5.0,10.0,470.0,301.0,371.0,214.0,32,1.03,0.96,61.0,39.0,18.0,8.0,3.0,4.0,1.0,2.0,4.0,3.0,2.0,1.0,0.33,1.68,6.0,2.0,9.0,2.0,9.0,4.0,9.0,4.0,35.0,12.0,3.0,0.0,13.0,14.0,0.99,0.64,14.0,13.0,38.0,51.0,12.0,31.0,8.0,7.0,0.0,0.0,0.0,0.0,4.0,3.0,1.68,0.33,1.68,0.33,0.0,0.0,2026-05-10,32.0,https://www.flashscore.pl/mecz/pilka-nozna/gks-katowice-K4AgRmS1/piast-gliwice-ve2oT9ck/szczegoly/statystyki/?mid=O8tlUTVp,O8tlUTVp,371.0,470.0,214.0,301.0,27.0,65.0,23.0,70.0,92.0,139.0,34.0,67.0,4.0,19.0,3.0,12.0,5.0,8.0,10.0,16.0,PIA 0-0 KAT | Piast Gliwice,GKS Katowice,PIA,GKS
2631,WID,LGD,3,1,2026-05-09,51.7,48.3,18.0,11.0,4.0,2.0,4.0,2.0,10.0,7.0,2.0,2.0,11.0,15.0,0.0,0.0,4.0,2.0,1.0,0.0,1.0,0.0,19.0,20.0,7.0,5.0,9.0,12.0,429.0,391.0,343.0,297.0,32,1.85,0.99,52.0,48.0,18.0,11.0,4.0,2.0,3.0,0.0,2.0,2.0,4.0,2.0,1.87,0.37,10.0,7.0,4.0,2.0,13.0,7.0,5.0,4.0,31.0,23.0,0.0,0.0,15.0,11.0,1.44,0.96,11.0,15.0,58.0,54.0,32.0,24.0,9.0,4.0,0.0,0.0,0.0,0.0,1.0,1.0,0.37,1.87,-0.63,-1.13,0.0,1.0,2026-05-09,32.0,https://www.flashscore.pl/mecz/pilka-nozna/lechia-gdansk-GGLmkiK8/widzew-lodz-rNOIW3uC/szczegoly/statystyki/?mid=jFYZiXNi,jFYZiXNi,343.0,429.0,297.0,391.0,22.0,54.0,16.0,53.0,85.0,123.0,95.0,142.0,7.0,19.0,5.0,20.0,9.0,14.0,12.0,23.0,WID 3-1 GDA | Widzew Łódź,Lechia Gdańsk,WID,LGD
2632,ARK,BBT,2,3,2026-05-18,43.5,56.5,16.0,12.0,4.0,4.0,5.0,3.0,7.0,5.0,2.0,4.0,19.0,11.0,4.0,2.0,1.0,4.0,0.0,0.0,0.0,0.0,18.0,16.0,5.0,5.0,9.0,12.0,324.0,427.0,238.0,333.0,33,2.12,1.1,44.0,56.0,16.0,12.0,4.0,4.0,4.0,2.0,2.0,4.0,1.0,4.0,1.45,1.13,7.0,5.0,5.0,3.0,8.0,8.0,8.0,4.0,26.0,15.0,4.0,2.0,11.0,19.0,1.46,0.69,19.0,11.0,39.0,64.0,34.0,38.0,12.0,6.0,0.0,1.0,0.0,1.0,1.0,1.0,1.13,1.45,-1.87,-0.55,0.0,0.0,2026-05-18,33.0,https://www.flashscore.pl/mecz/pilka-nozna/arka-gdynia-feEez0Ei/nieciecza-YNkK4khO/szczegoly/statystyki/?mid=nsSrjBh4,nsSrjBh4,239.0,325.0,330.0,424.0,28.0,69.0,36.0,72.0,64.0,109.0,58.0,109.0,5.0,18.0,5.0,16.0,9.0,11.0,13.0,17.0,ARK 2-3 BBT | Arka Gdynia,Bruk-Bet T.,ARK,BBT
2633,WPŁ,GÓR,0,1,2026-05-16,45.1,54.9,8.0,14.0,1.0,5.0,4.0,2.0,3.0,7.0,7.0,4.0,12.0,11.0,1.0,0.0,3.0,1.0,0.0,0.0,0.0,0.0,13.0,31.0,3.0,6.0,6.0,7.0,349.0,407.0,281.0,344.0,33,,,,,,,,,,,,,,,,,,,,,,,,,,,,,,,,,,,,,,,,,,,,,,,,,,,,,,,,,,,,,,,,,,,,,,,,,,,,,,,,
2634,LGD,LEG,1,2,2026-05-17,62.4,37.6,16.0,9.0,6.0,4.0,3.0,3.0,7.0,2.0,4.0,5.0,17.0,12.0,1.0,1.0,4.0,3.0,1.0,0.0,1.0,0.0,18.0,19.0,6.0,6.0,13.0,10.0,470.0,275.0,373.0,186.0,33,1.03,1.54,62.0,38.0,16.0,9.0,6.0,4.0,0.0,1.0,4.0,5.0,4.0,3.0,1.26,1.04,7.0,2.0,3.0,3.0,12.0,8.0,4.0,1.0,30.0,21.0,1.0,1.0,12.0,17.0,1.07,0.49,17.0,12.0,66.0,62.0,26.0,34.0,8.0,15.0,0.0,0.0,0.0,0.0,2.0,5.0,1.04,1.26,-0.96,0.26,0.0,1.0,2026-05-17,33.0,https://www.flashscore.pl/mecz/pilka-nozna/lechia-gdansk-GGLmkiK8/legia-warszawa-K6kUepBs/szczegoly/statystyki/?mid=vcthnTiT,vcthnTiT,373.0,470.0,186.0,275.0,24.0,59.0,13.0,50.0,92.0,132.0,47.0,80.0,6.0,18.0,6.0,19.0,13.0,22.0,10.0,15.0,GDA 1-2 LEG | Lechia Gdańsk,Legia Warszawa,LGD,LEG
2635,MOT,CRA,3,3,2026-05-16,63.4,36.6,12.0,17.0,7.0,7.0,2.0,4.0,3.0,6.0,2.0,7.0,14.0,12.0,1.0,1.0,2.0,5.0,0.0,0.0,0.0,0.0,18.0,23.0,7.0,8.0,12.0,13.0,486.0,267.0,406.0,192.0,33,1.7,1.56,63.0,37.0,12.0,17.0,7.0,7.0,4.0,3.0,2.0,7.0,2.0,5.0,2.92,2.27,3.0,6.0,2.0,4.0,9.0,7.0,3.0,10.0,28.0,21.0,1.0,1.0,12.0,14.0,1.56,1.13,14.0,12.0,50.0,51.0,33.0,22.0,3.0,14.0,2.0,0.0,1.0,0.0,4.0,3.0,2.27,2.92,-0.73,-0.08,0.0,0.0,2026-05-16,33.0,https://www.flashscore.pl/mecz/pilka-nozna/cracovia-KvXSf2A6/motor-lublin-IoLk2VlL/szczegoly/statystyki/?mid=AuXNt7Fj,AuXNt7Fj,406.0,486.0,192.0,267.0,22.0,46.0,24.0,53.0,80.0,126.0,63.0,100.0,8.0,19.0,8.0,23.0,12.0,20.0,13.0,22.0,MOT 3-3 CRA | Motor Lublin,Cracovia,MOT,CRA
2636,ZAG,POG,0,1,2026-05-15,30.2,69.8,10.0,17.0,3.0,5.0,1.0,6.0,6.0,6.0,3.0,6.0,8.0,12.0,6.0,4.0,1.0,3.0,0.0,0.0,0.0,0.0,17.0,27.0,6.0,4.0,6.0,4.0,237.0,563.0,159.0,496.0,33,0.56,1.97,30.0,70.0,10.0,17.0,3.0,5.0,1.0,2.0,3.0,6.0,1.0,3.0,0.59,2.2,6.0,6.0,1.0,6.0,6.0,8.0,4.0,9.0,15.0,30.0,6.0,4.0,12.0,8.0,0.54,1.11,8.0,12.0,50.0,45.0,43.0,22.0,3.0,5.0,0.0,1.0,0.0,0.0,4.0,3.0,2.2,0.59,1.2,0.59,0.0,0.0,2026-05-15,33.0,https://www.flashscore.pl/mecz/pilka-nozna/pogon-szczecin-Um9YwPQ0/zaglebie-lubin-tlYOere0/szczegoly/statystyki/?mid=jyAA4A7c,jyAA4A7c,159.0,237.0,496.0,563.0,19.0,60.0,32.0,57.0,31.0,65.0,166.0,205.0,6.0,17.0,4.0,27.0,6.0,10.0,4.0,6.0,ZAG 0-1 POG | Zagłębie Lubin,Pogoń Szczecin,ZAG,POG
2637,RAD,LPO,1,3,2026-05-16,54.1,45.9,7.0,11.0,2.0,5.0,3.0,2.0,2.0,4.0,4.0,4.0,17.0,15.0,2.0,1.0,2.0,3.0,0.0,0.0,0.0,0.0,18.0,7.0,4.0,5.0,6.0,5.0,397.0,343.0,338.0,273.0,33,0.62,1.74,54.0,46.0,7.0,11.0,2.0,5.0,0.0,3.0,4.0,4.0,2.0,3.0,0.14,2.83,2.0,4.0,3.0,2.0,6.0,8.0,1.0,3.0,22.0,34.0,2.0,1.0,15.0,17.0,0.69,2.54,17.0,15.0,47.0,51.0,20.0,28.0,1.0,4.0,0.0,0.0,1.0,0.0,2.0,2.0,2.83,0.14,-0.17,-0.86,0.0,0.0,2026-05-16,33.0,https://www.flashscore.pl/mecz/pilka-nozna/lech-poznan-OpNH7Ouf/radomiak-radom-zD5nYhAT/szczegoly/statystyki/?mid=b1DI2lxA,b1DI2lxA,338.0,397.0,273.0,343.0,18.0,38.0,22.0,47.0,87.0,121.0,88.0,129.0,4.0,18.0,5.0,7.0,6.0,13.0,5.0,12.0,RAD 1-3 LEC | Radomiak Radom,Lech Poznań,RAD,LPO
2638,KOR,WID,1,0,2026-05-15,43.1,56.9,11.0,7.0,2.0,3.0,6.0,2.0,3.0,2.0,3.0,2.0,23.0,16.0,4.0,0.0,3.0,3.0,0.0,0.0,0.0,0.0,20.0,23.0,4.0,4.0,13.0,11.0,295.0,389.0,224.0,310.0,33,0.8,0.53,43.0,57.0,11.0,7.0,2.0,3.0,1.0,1.0,3.0,2.0,3.0,3.0,0.87,0.9,2.0,2.0,7.0,2.0,4.0,5.0,7.0,2.0,18.0,11.0,4.0,0.0,16.0,23.0,0.94,1.03,23.0,16.0,60.0,68.0,28.0,33.0,8.0,6.0,0.0,0.0,0.0,0.0,3.0,1.0,0.9,0.87,0.9,-0.13,0.0,0.0,2026-05-15,33.0,https://www.flashscore.pl/mecz/pilka-nozna/korona-kielce-pp78XcbA/widzew-lodz-rNOIW3uC/szczegoly/statystyki/?mid=h06R0S6M,h06R0S6M,224.0,295.0,310.0,389.0,26.0,61.0,19.0,56.0,46.0,77.0,74.0,112.0,4.0,20.0,4.0,23.0,13.0,17.0,11.0,16.0,KOR 1-0 WID | Korona Kielce,Widzew Łódź,KOR,WID
2639,GKS,JAG,2,2,2026-05-17,40.6,59.4,11.0,22.0,5.0,8.0,2.0,8.0,4.0,6.0,4.0,9.0,15.0,10.0,0.0,0.0,3.0,1.0,0.0,0.0,0.0,0.0,13.0,18.0,2.0,8.0,11.0,6.0,304.0,449.0,235.0,370.0,33,1.1,2.07,41.0,59.0,11.0,22.0,5.0,8.0,1.0,2.0,4.0,9.0,4.0,1.0,1.54,1.68,4.0,6.0,2.0,8.0,7.0,14.0,4.0,8.0,18.0,49.0,0.0,0.0,10.0,15.0,0.75,1.66,15.0,10.0,40.0,38.0,27.0,25.0,7.0,8.0,0.0,1.0,0.0,0.0,6.0,3.0,1.68,1.54,-0.32,-0.46,0.0,0.0,2026-05-17,33.0,https://www.flashscore.pl/mecz/pilka-nozna/gks-katowice-K4AgRmS1/jagiellonia-bialystok-lIDaZJTc/szczegoly/statystyki/?mid=lWice6Uq,lWice6Uq,235.0,304.0,370.0,449.0,19.0,48.0,21.0,56.0,53.0,79.0,86.0,124.0,2.0,13.0,8.0,18.0,11.0,13.0,6.0,9.0,KAT 2-2 JAG | GKS Katowice,Jagiellonia Białystok,GKS,JAG
2640,PIA,RCZ,1,3,2026-05-17,67.2,32.8,31.0,6.0,9.0,5.0,12.0,0.0,10.0,1.0,9.0,0.0,16.0,7.0,1.0,1.0,6.0,1.0,0.0,0.0,0.0,0.0,47.0,0.0,11.0,0.0,6.0,3.0,512.0,267.0,427.0,184.0,33,3.28,0.83,67.0,33.0,31.0,6.0,9.0,5.0,5.0,1.0,9.0,0.0,6.0,1.0,2.55,1.75,11.0,1.0,11.0,0.0,25.0,3.0,6.0,3.0,80.0,9.0,1.0,1.0,7.0,16.0,4.57,0.14,16.0,7.0,46.0,53.0,6.0,59.0,9.0,7.0,0.0,1.0,1.0,0.0,2.0,7.0,1.75,2.55,-1.25,1.55,0.0,0.0,2026-05-17,33.0,https://www.flashscore.pl/mecz/pilka-nozna/piast-gliwice-ve2oT9ck/rakow-czestochowa-SQOrbYim/szczegoly/statystyki/?mid=pbo6gpad,pbo6gpad,427.0,512.0,184.0,267.0,21.0,48.0,25.0,65.0,202.0,252.0,28.0,61.0,,,,,6.0,9.0,3.0,7.0,PIA 1-3 RAK | Piast Gliwice,Raków Częstochowa,PIA,RCZ
2641,BBT,LGD,3,2,2026-05-23,41.1,58.9,7.0,22.0,5.0,4.0,0.0,9.0,2.0,9.0,2.0,10.0,14.0,16.0,0.0,2.0,3.0,4.0,0.0,0.0,0.0,0.0,8.0,41.0,2.0,12.0,6.0,6.0,304.0,407.0,209.0,334.0,34,2.14,3.19,41.0,59.0,7.0,22.0,5.0,4.0,4.0,6.0,2.0,10.0,3.0,3.0,3.14,1.65,2.0,9.0,0.0,9.0,6.0,14.0,1.0,8.0,14.0,44.0,0.0,2.0,16.0,14.0,0.69,2.62,14.0,16.0,53.0,50.0,42.0,9.0,15.0,13.0,0.0,0.0,0.0,0.0,2.0,2.0,1.65,3.14,-0.35,0.14,0.0,0.0,2026-05-23,34.0,https://www.flashscore.pl/mecz/pilka-nozna/lechia-gdansk-GGLmkiK8/nieciecza-YNkK4khO/szczegoly/statystyki/?mid=C4whHmi3,C4whHmi3,209.0,304.0,334.0,407.0,38.0,75.0,24.0,52.0,44.0,75.0,128.0,180.0,2.0,8.0,12.0,41.0,6.0,11.0,6.0,10.0,BBT 3-2 GDA | Bruk-Bet T.,Lechia Gdańsk,BBT,LGD
2642,LEG,MOT,4,0,2026-05-23,57.2,42.8,18.0,10.0,11.0,5.0,1.0,2.0,6.0,3.0,5.0,3.0,11.0,14.0,1.0,1.0,1.0,2.0,0.0,0.0,0.0,0.0,19.0,13.0,4.0,1.0,3.0,10.0,452.0,334.0,394.0,258.0,34,2.33,0.53,57.0,43.0,18.0,10.0,11.0,5.0,5.0,1.0,5.0,3.0,1.0,2.0,3.0,0.61,5.0,3.0,2.0,2.0,10.0,4.0,8.0,6.0,32.0,12.0,1.0,1.0,14.0,11.0,1.17,0.7,11.0,14.0,44.0,46.0,10.0,25.0,13.0,9.0,0.0,0.0,0.0,0.0,5.0,6.0,0.61,3.0,0.61,-1.0,0.0,0.0,2026-05-23,34.0,https://www.flashscore.pl/mecz/pilka-nozna/legia-warszawa-K6kUepBs/motor-lublin-IoLk2VlL/szczegoly/statystyki/?mid=YJR0FRLF,YJR0FRLF,394.0,451.0,257.0,332.0,28.0,49.0,10.0,32.0,119.0,150.0,41.0,72.0,4.0,19.0,1.0,13.0,3.0,9.0,10.0,17.0,LEG 4-0 MOT | Legia Warszawa,Motor Lublin,LEG,MOT
2643,GÓR,RAD,6,2,2026-05-23,47.6,52.4,25.0,10.0,11.0,3.0,9.0,5.0,5.0,2.0,6.0,4.0,9.0,9.0,3.0,1.0,0.0,5.0,0.0,0.0,0.0,0.0,7.0,12.0,3.0,2.0,13.0,11.0,444.0,481.0,381.0,412.0,34,,,,,,,,,,,,,,,,,,,,,,,,,,,,,,,,,,,,,,,,,,,,,,,,,,,,,,,,,,,,,,,,,,,,,,,,,,,,,,,,
2644,POG,GKS,1,1,2026-05-23,47.3,52.7,14.0,9.0,2.0,3.0,2.0,3.0,10.0,3.0,4.0,3.0,12.0,6.0,1.0,2.0,2.0,2.0,1.0,0.0,0.0,0.0,11.0,16.0,3.0,3.0,7.0,11.0,358.0,405.0,288.0,331.0,34,1.09,0.93,47.0,53.0,13.0,8.0,2.0,3.0,2.0,3.0,4.0,3.0,2.0,2.0,0.53,1.08,9.0,3.0,2.0,2.0,8.0,6.0,5.0,2.0,32.0,21.0,1.0,2.0,6.0,13.0,0.72,0.77,13.0,6.0,32.0,44.0,25.0,20.0,8.0,7.0,1.0,1.0,1.0,0.0,2.0,1.0,1.08,0.53,0.08,-0.47,0.0,1.0,2026-05-23,34.0,https://www.flashscore.pl/mecz/pilka-nozna/gks-katowice-K4AgRmS1/pogon-szczecin-Um9YwPQ0/szczegoly/statystyki/?mid=QVLv8qEk,QVLv8qEk,289.0,359.0,331.0,406.0,17.0,44.0,17.0,43.0,57.0,83.0,40.0,83.0,3.0,12.0,3.0,17.0,7.0,12.0,12.0,15.0,POG 1-1 KAT | Pogoń Szczecin,GKS Katowice,POG,GKS
2645,CRA,KOR,1,1,2026-05-23,39.3,60.7,9.0,6.0,1.0,2.0,3.0,0.0,5.0,4.0,3.0,1.0,15.0,11.0,1.0,1.0,0.0,0.0,0.0,0.0,0.0,0.0,10.0,24.0,2.0,7.0,9.0,6.0,337.0,517.0,233.0,424.0,34,1.43,0.31,39.0,61.0,9.0,8.0,1.0,2.0,1.0,0.0,3.0,1.0,0.0,0.0,1.0,0.2,5.0,6.0,3.0,0.0,3.0,5.0,6.0,3.0,18.0,17.0,1.0,1.0,10.0,16.0,0.56,0.49,16.0,10.0,58.0,53.0,20.0,17.0,9.0,6.0,0.0,1.0,0.0,0.0,1.0,0.0,0.2,1.0,-0.8,0.0,0.0,0.0,2026-05-23,34.0,https://www.flashscore.pl/mecz/pilka-nozna/cracovia-KvXSf2A6/korona-kielce-pp78XcbA/szczegoly/statystyki/?mid=bqKn6Nr2,bqKn6Nr2,235.0,338.0,431.0,525.0,19.0,56.0,17.0,56.0,37.0,83.0,88.0,132.0,2.0,10.0,8.0,22.0,9.0,13.0,4.0,10.0,CRA 1-1 KOR | Cracovia,Korona Kielce,CRA,KOR
2646,LPO,WPŁ,2,2,2026-05-23,67.6,32.4,12.0,14.0,3.0,5.0,2.0,3.0,7.0,6.0,5.0,6.0,7.0,11.0,2.0,1.0,1.0,2.0,0.0,0.0,0.0,0.0,21.0,13.0,4.0,7.0,7.0,14.0,545.0,256.0,489.0,209.0,34,,,,,,,,,,,,,,,,,,,,,,,,,,,,,,,,,,,,,,,,,,,,,,,,,,,,,,,,,,,,,,,,,,,,,,,,,,,,,,,,
2647,RCZ,ARK,3,0,2026-05-23,60.0,40.0,12.0,8.0,5.0,2.0,1.0,1.0,6.0,5.0,1.0,4.0,14.0,10.0,3.0,1.0,1.0,2.0,0.0,0.0,0.0,0.0,7.0,19.0,4.0,3.0,8.0,5.0,476.0,301.0,397.0,236.0,34,,,,,,,,,,,,,,,,,,,,,,,,,,,,,,,,,,,,,,,,,,,,,,,,,,,,,,,,,,,,,,,,,,,,,,,,,,,,,,,,
2648,JAG,ZAG,1,0,2026-05-23,55.1,44.9,14.0,16.0,4.0,5.0,5.0,5.0,5.0,6.0,6.0,1.0,15.0,16.0,0.0,0.0,1.0,3.0,0.0,0.0,0.0,0.0,19.0,23.0,2.0,9.0,6.0,6.0,394.0,307.0,320.0,236.0,34,1.89,2.6,55.0,45.0,14.0,16.0,4.0,5.0,2.0,3.0,6.0,1.0,1.0,3.0,1.08,1.95,5.0,6.0,5.0,5.0,11.0,11.0,3.0,5.0,27.0,32.0,0.0,0.0,16.0,15.0,0.94,1.77,15.0,16.0,51.0,47.0,30.0,28.0,5.0,3.0,0.0,0.0,0.0,0.0,5.0,3.0,1.95,1.08,1.95,0.08,0.0,0.0,2026-05-23,34.0,https://www.flashscore.pl/mecz/pilka-nozna/jagiellonia-bialystok-lIDaZJTc/zaglebie-lubin-tlYOere0/szczegoly/statystyki/?mid=vwIF9dkf,vwIF9dkf,322.0,394.0,239.0,309.0,20.0,54.0,22.0,53.0,74.0,105.0,67.0,101.0,2.0,20.0,9.0,24.0,7.0,11.0,6.0,14.0,JAG 1-0 ZAG | Jagiellonia Białystok,Zagłębie Lubin,JAG,ZAG
2649,WID,PIA,2,1,2026-05-23,38.0,62.0,10.0,8.0,2.0,3.0,2.0,1.0,6.0,4.0,6.0,6.0,14.0,16.0,2.0,1.0,1.0,1.0,0.0,0.0,0.0,0.0,19.0,19.0,4.0,3.0,14.0,9.0,258.0,433.0,169.0,338.0,34,0.67,0.46,38.0,62.0,10.0,9.0,2.0,3.0,3.0,1.0,6.0,6.0,1.0,1.0,1.32,0.59,6.0,4.0,2.0,2.0,7.0,5.0,3.0,4.0,17.0,20.0,2.0,1.0,16.0,14.0,0.76,0.56,14.0,16.0,55.0,63.0,24.0,26.0,8.0,6.0,0.0,0.0,0.0,0.0,2.0,0.0,0.59,1.32,-0.41,-0.68,0.0,0.0,2026-05-23,34.0,https://www.flashscore.pl/mecz/pilka-nozna/piast-gliwice-ve2oT9ck/widzew-lodz-rNOIW3uC/szczegoly/statystyki/?mid=n3LN7zK6,n3LN7zK6,170.0,260.0,336.0,428.0,17.0,67.0,26.0,56.0,40.0,78.0,81.0,119.0,4.0,19.0,3.0,20.0,13.0,20.0,8.0,18.0,WID 2-1 PIA | Widzew Łódź,Piast Gliwice,WID,PIA
